el_res_id,ca_full_name,party_abb,party_id,el_vote_count,el_vote_perc,el_rank,el_id,ac_no,state_abb,original_ca_full_name,original_party_abb,caste,caste_category,gender,age,incumbency,el_id,el_year,el_type
1730910,Dinesh Singh,BJP,22300,50408,45.4216150948836,1,13,1,PB,Dinesh Singh,BJP,,,,,False,13,2012,AE
1730911,Naresh Puri,IND,22306,27312,24.6102831191767,2,13,1,PB,Naresh Puri,IND,,,,,False,13,2012,AE
1730912,Vinay Mahajan,INC,22301,22994,20.7194218673971,3,13,1,PB,Vinay Mahajan,INC,,,,,False,13,2012,AE
1730913,Karnail Chand,BSP,22303,4287,3.86292778748941,4,13,1,PB,Karnail Chand,BSP,,,,,False,13,2012,AE
1730914,Loveleen Chahal,CPI,22304,2272,2.04725260862513,5,13,1,PB,Loveleen Chahal,CPI,,,,,False,13,2012,AE
1730915,Nirmal Singh,IND,22306,1837,1.65528302906882,6,13,1,PB,Nirmal Singh,IND,,,,,False,13,2012,AE
1730916,Kiran Sharma,IND,22306,751,0.676710699417902,7,13,1,PB,Kiran Sharma,IND,,,,,False,13,2012,AE
1730917,Narain Singh,IND,22306,665,0.599217862999873,8,13,1,PB,Narain Singh,IND,,,,,False,13,2012,AE
1730918,Subhash Chander,IND,22306,452,0.407287930941267,9,13,1,PB,Subhash Chander,IND,,,,,False,13,2012,AE
1731009,Seema Kumari,BJP,22300,50503,46.5413963432615,1,13,2,PB,Seema Kumari,BJP,,,,,False,13,2012,AE
1731010,Balbir Ram,INC,22301,38355,35.3463211442052,2,13,2,PB,Balbir Ram,INC,,,,,False,13,2012,AE
1731011,Ram Lal,IND,22306,7508,6.91905042760247,3,13,2,PB,Ram Lal,IND,,,,,False,13,2012,AE
1731012,Lal Chand,IND,22306,5624,5.18283692126216,4,13,2,PB,Lal Chand,IND,,,,,False,13,2012,AE
1731013,Amarjit Singh,BSP,22303,2841,2.61814361545266,5,13,2,PB,Amarjit Singh,BSP,,,,,False,13,2012,AE
1731014,Gurdev Singh,CPM,22328,2779,2.56100707755824,6,13,2,PB,Gurdev Singh,CPM,,,,,False,13,2012,AE
1731015,Des Raj,IND,22306,902,0.831244470657623,7,13,2,PB,Des Raj,IND,,,,,False,13,2012,AE
1731113,Ashwani Kumar Sharma,BJP,22300,42218,44.5610183445567,1,13,3,PB,Ashwani Kumar Sharma,BJP,,,,,False,13,2012,AE
1731114,Raman Bhalla,INC,22301,24362,25.7140444575795,2,13,3,PB,Raman Bhalla,INC,,,,,False,13,2012,AE
1731115,Ashok Sharma,IND,22306,23713,25.0290261974625,3,13,3,PB,Ashok Sharma,IND,,,,,False,13,2012,AE
1731116,Dr. Jaspal Singh Bhinder,PPOP,22331,1294,1.3658145278757,4,13,3,PB,Dr. Jaspal Singh Bhinder,PPOP,,,,,False,13,2012,AE
1731117,Sansar Chand,BSP,22303,1129,1.1916573431002,5,13,3,PB,Sansar Chand,BSP,,,,,False,13,2012,AE
1731118,Munisha,IND,22306,712,0.751514639758502,6,13,3,PB,Munisha,IND,,,,,False,13,2012,AE
1731119,Amit Aggarwal,SHS,22312,635,0.67024128686327,7,13,3,PB,Amit Aggarwal,SHS,,,,,False,13,2012,AE
1731120,Shashi Bala,IND,22306,292,0.308205442148149,8,13,3,PB,Shashi Bala,IND,,,,,False,13,2012,AE
1731121,Kartar Singh Khalsa,IND,22306,208,0.219543602626079,9,13,3,PB,Kartar Singh Khalsa,IND,,,,,False,13,2012,AE
1731122,Sudesh,NCP,22332,179,0.188934158029173,10,13,3,PB,Sudesh,NCP,,,,,False,13,2012,AE
1731211,Gurbachan Singh Babbehali,SAD,22320,59905,57.2546808246279,1,13,4,PB,Gurbachan Singh Babbehali,SAD,,,,,False,13,2012,AE
1731212,Raman Bahl,INC,22301,38335,36.6389815443137,2,13,4,PB,Raman Bahl,INC,,,,,False,13,2012,AE
1731213,Hardyal Singh,PPOP,22331,2709,2.58914832407841,3,13,4,PB,Hardyal Singh,PPOP,,,,,False,13,2012,AE
1731214,Mulakh Raj,SSPD,22309,966,0.923262193082223,4,13,4,PB,Mulakh Raj,SSPD,,,,,False,13,2012,AE
1731215,Deepak Sharma,IND,22306,866,0.8276863966969,5,13,4,PB,Deepak Sharma,IND,,,,,False,13,2012,AE
1731216,Dr.Parveen Kumar Janjua,BSP,22303,851,0.813350027239101,6,13,4,PB,Dr.Parveen Kumar Janjua,BSP,,,,,False,13,2012,AE
1731217,Harminder Singh,SHS,22312,403,0.385170459432853,7,13,4,PB,Harminder Singh,SHS,,,,,False,13,2012,AE
1731218,Satnam Singh,SAD(A),22321,394,0.376568637758174,8,13,4,PB,Satnam Singh,SAD(A),,,,,False,13,2012,AE
1731219,Jagdish Masih,IND,22306,200,0.191151592770646,9,13,4,PB,Jagdish Masih,IND,,,,,False,13,2012,AE
1731313,Aruna Chaudhary,INC,22301,65993,52.9141977436917,1,13,5,PB,Aruna Chaudhary,INC,,,,,False,13,2012,AE
1731314,Bishan Dass,BJP,22300,53066,42.5491312331117,2,13,5,PB,Bishan Dass,BJP,,,,,False,13,2012,AE
1731315,Subash Chander,CPI,22304,3142,2.51930370358491,3,13,5,PB,Subash Chander,CPI,,,,,False,13,2012,AE
1731316,Raj Kumar,IND,22306,1638,1.31337347755318,4,13,5,PB,Raj Kumar,IND,,,,,False,13,2012,AE
1731317,Raman Kumar,BSP,22303,878,0.70399384205842,5,13,5,PB,Raman Kumar,BSP,,,,,False,13,2012,AE
1731404,Charanjit Kaur Bajwa,INC,22301,59843,48.9409205404167,1,13,6,PB,Charanjit Kaur Bajwa,INC,,,,,False,13,2012,AE
1731405,Sewa Singh Sekhwan,SAD,22320,43687,35.7281886878864,2,13,6,PB,Sewa Singh Sekhwan,SAD,,,,,False,13,2012,AE
1731406,Sucha Singh Chhotepur,IND,22306,15428,12.6173574536294,3,13,6,PB,Sucha Singh Chhotepur,IND,,,,,False,13,2012,AE
1731407,Col.Surjit Singh Pherochechi,PPOP,22331,1808,1.47862213353397,4,13,6,PB,Col.Surjit Singh Pherochechi,PPOP,,,,,False,13,2012,AE
1731408,Kulwant Singh,BSP,22303,1510,1.23491118453335,5,13,6,PB,Kulwant Singh,BSP,,,,,False,13,2012,AE
1731505,Ashwani Sekhri,INC,22301,66806,55.6879089734505,1,13,7,PB,Ashwani Sekhri,INC,,,,,False,13,2012,AE
1731506,Lakhbir Singh Lodhi Nangal,SAD,22320,47921,39.9458175301129,2,13,7,PB,Lakhbir Singh Lodhi Nangal,SAD,,,,,False,13,2012,AE
1731507,Yadwinder Singh Buttar,PPOP,22331,2066,1.7221689659484,3,13,7,PB,Yadwinder Singh Buttar,PPOP,,,,,False,13,2012,AE
1731508,Palwinder Singh,BSP,22303,1216,1.01362897511774,4,13,7,PB,Palwinder Singh,BSP,,,,,False,13,2012,AE
1731509,Naresh Kumar,IND,22306,1033,0.8610844829742,5,13,7,PB,Naresh Kumar,IND,,,,,False,13,2012,AE
1731510,Surinder Singh Kalsi,IND,22306,413,0.34426707789772,6,13,7,PB,Surinder Singh Kalsi,IND,,,,,False,13,2012,AE
1731511,Harbhajan Kaur,BSA,22338,273,0.227566373525611,7,13,7,PB,Harbhajan Kaur,BSA,,,,,False,13,2012,AE
1731512,Satbir Singh,IND,22306,237,0.197557620972783,8,13,7,PB,Satbir Singh,IND,,,,,False,13,2012,AE
1731607,Des Raj Dhugga,SAD,22320,58079,50.9616903286945,1,13,8,PB,Des Raj Dhugga,SAD,,,,,False,13,2012,AE
1731608,Balwinder Singh Laddi,INC,22301,50642,44.4360598775073,2,13,8,PB,Balwinder Singh Laddi,INC,,,,,False,13,2012,AE
1731609,Kashmir Singh,PPOP,22331,1686,1.47938858957934,3,13,8,PB,Kashmir Singh,PPOP,,,,,False,13,2012,AE
1731610,Sukhwinder Singh,BSP,22303,1339,1.17491181580471,4,13,8,PB,Sukhwinder Singh,BSP,,,,,False,13,2012,AE
1731611,Lakhwinder Kaur,IND,22306,803,0.704596107611041,5,13,8,PB,Lakhwinder Kaur,IND,,,,,False,13,2012,AE
1731612,Gurnam Singh Shergill,IND,22306,623,0.546654265307196,6,13,8,PB,Gurnam Singh Shergill,IND,,,,,False,13,2012,AE
1731613,Gurnam Singh,IND,22306,516,0.452766614604355,7,13,8,PB,Gurnam Singh,IND,,,,,False,13,2012,AE
1731614,Mukhtar Singh,BSA,22338,278,0.243932400891493,8,13,8,PB,Mukhtar Singh,BSA,,,,,False,13,2012,AE
1731693,Tripat Rajinder Singh Bajwa,INC,22301,56176,48.8355312915648,1,13,9,PB,Tripat Rajinder Singh Bajwa,INC,,,,,False,13,2012,AE
1731694,Nirmal Singh Kahlon,SAD,22320,55537,48.280028861785,2,13,9,PB,Nirmal Singh Kahlon,SAD,,,,,False,13,2012,AE
1731695,Phuna Masih Alias Phula Masih,IND,22306,1134,0.985821213412036,3,13,9,PB,Phuna Masih Alias Phula Masih,IND,,,,,False,13,2012,AE
1731696,Sukhpreet Singh,PPOP,22331,831,0.722413957976545,4,13,9,PB,Sukhpreet Singh,PPOP,,,,,False,13,2012,AE
1731697,Banwari Lal,BSP,22303,818,0.711112656588224,5,13,9,PB,Banwari Lal,BSP,,,,,False,13,2012,AE
1731698,Kulwant Singh,SAD(A),22321,535,0.465092018673227,6,13,9,PB,Kulwant Singh,SAD(A),,,,,False,13,2012,AE
1731786,Sukhjinder Singh,INC,22301,66294,50.2185423941944,1,13,10,PB,Sukhjinder Singh,INC,,,,,False,13,2012,AE
1731787,Sucha Singh,SAD,22320,63354,47.9914552575164,2,13,10,PB,Sucha Singh,SAD,,,,,False,13,2012,AE
1731788,Prem Masih,BSP,22303,980,0.742362378892668,3,13,10,PB,Prem Masih,BSP,,,,,False,13,2012,AE
1731789,Dominic Mattu,IND,22306,933,0.70675928521108,4,13,10,PB,Dominic Mattu,IND,,,,,False,13,2012,AE
1731790,Surjit Singh,SHS,22312,450,0.340880684185408,5,13,10,PB,Surjit Singh,SHS,,,,,False,13,2012,AE
1731909,Bonny Amarpal Singh Ajnala,SAD,22320,55864,48.3223334227166,1,13,11,PB,Bonny Amarpal Singh Ajnala,SAD,,,,,False,13,2012,AE
1731910,Harpartap Singh Ajnala,INC,22301,54629,47.2540590102675,2,13,11,PB,Harpartap Singh Ajnala,INC,,,,,False,13,2012,AE
1731911,Navtej Singh,IND,22306,1394,1.20580933680486,3,13,11,PB,Navtej Singh,IND,,,,,False,13,2012,AE
1731912,Dhanwant Singh,IND,22306,1206,1.04318942624581,4,13,11,PB,Dhanwant Singh,IND,,,,,False,13,2012,AE
1731913,Jagdish Singh,BSP,22303,769,0.665184634148451,5,13,11,PB,Jagdish Singh,BSP,,,,,False,13,2012,AE
1731914,Dr. Gurmej Singh Matharu,PPOP,22331,695,0.601174669353931,6,13,11,PB,Dr. Gurmej Singh Matharu,PPOP,,,,,False,13,2012,AE
1731915,Jaraj Masih,SSPD,22309,412,0.356379803991107,7,13,11,PB,Jaraj Masih,SSPD,,,,,False,13,2012,AE
1731916,Amrik Singh,SAD(A),22321,237,0.205004887247312,8,13,11,PB,Amrik Singh,SAD(A),,,,,False,13,2012,AE
1731917,Jagdish Kaur,BSP(A),22315,231,0.19981489010181,9,13,11,PB,Jagdish Kaur,BSP(A),,,,,False,13,2012,AE
1731918,Amarjit Singh,IND,22306,170,0.147049919122544,10,13,11,PB,Amarjit Singh,IND,,,,,False,13,2012,AE
1732046,Sukhbinder Singh Sarkaria,INC,22301,62085,48.6288977136546,1,13,12,PB,Sukhbinder Singh Sarkaria,INC,,,,,False,13,2012,AE
1732047,Vir Singh Lopoke,SAD,22320,61001,47.7798403709534,2,13,12,PB,Vir Singh Lopoke,SAD,,,,,False,13,2012,AE
1732048,Amanpreet Singh Chhina,PPOP,22331,1557,1.21954085109382,3,13,12,PB,Amanpreet Singh Chhina,PPOP,,,,,False,13,2012,AE
1732049,Sukhdev Kumar,BSP,22303,1123,0.879604608720852,4,13,12,PB,Sukhdev Kumar,BSP,,,,,False,13,2012,AE
1732050,Nishan Singh,IND,22306,651,0.509904363559461,5,13,12,PB,Nishan Singh,IND,,,,,False,13,2012,AE
1732051,Balbir Kaur,RBCP,22359,641,0.50207173124672,6,13,12,PB,Balbir Kaur,RBCP,,,,,False,13,2012,AE
1732052,Harminder Singh,IND,22306,613,0.480140360771044,7,13,12,PB,Harminder Singh,IND,,,,,False,13,2012,AE
1732175,Bikram Singh Majithia (E),SAD,22320,73944,64.1507469678829,1,13,13,PB,Bikram Singh Majithia (E),SAD,,,,,False,13,2012,AE
1732176,Sukhjinder Raj Singh (Lali),IND,22306,26363,22.8714451789773,2,13,13,PB,Sukhjinder Raj Singh (Lali),IND,,,,,False,13,2012,AE
1732177,Shalinder Jit Singh Shelly,INC,22301,7629,6.61860392483473,3,13,13,PB,Shalinder Jit Singh Shelly,INC,,,,,False,13,2012,AE
1732178,Balwinder Singh,CPI,22304,2270,1.96935783318584,4,13,13,PB,Balwinder Singh,CPI,,,,,False,13,2012,AE
1732179,Satinder Singh,IND,22306,1566,1.35859663734318,5,13,13,PB,Satinder Singh,IND,,,,,False,13,2012,AE
1732180,Sital Singh,BSP,22303,1116,0.968195304773306,6,13,13,PB,Sital Singh,BSP,,,,,False,13,2012,AE
1732181,Waryam Singh,IND,22306,699,0.606423403258549,7,13,13,PB,Waryam Singh,IND,,,,,False,13,2012,AE
1732182,Sukhwinder Singh,IND,22306,623,0.54048895598008,8,13,13,PB,Sukhwinder Singh,IND,,,,,False,13,2012,AE
1732183,Shalinder Singh Yadav,IND,22306,424,0.36784481113251,9,13,13,PB,Shalinder Singh Yadav,IND,,,,,False,13,2012,AE
1732184,Sukhjinder Singh,IND,22306,337,0.292367220169,10,13,13,PB,Sukhjinder Singh,IND,,,,,False,13,2012,AE
1732185,Bikram Singh,IND,22306,295,0.255929762462478,11,13,13,PB,Bikram Singh,IND,,,,,False,13,2012,AE
1732291,Baljit Singh Jalal Usma,SAD,22320,57611,50.632789017595,1,13,14,PB,Baljit Singh Jalal Usma,SAD,,,,,False,13,2012,AE
1732292,Sardul Singh Bandala,INC,22301,50321,44.2258002144451,2,13,14,PB,Sardul Singh Bandala,INC,,,,,False,13,2012,AE
1732293,Bharpur Singh Mehnia,IND,22306,1924,1.69095287479566,3,13,14,PB,Bharpur Singh Mehnia,IND,,,,,False,13,2012,AE
1732294,Virsa Singh,PPOP,22331,1735,1.52484575767696,4,13,14,PB,Virsa Singh,PPOP,,,,,False,13,2012,AE
1732295,Desraj Singh,BSP,22303,1114,0.97906523000123,5,13,14,PB,Desraj Singh,BSP,,,,,False,13,2012,AE
1732296,Sarabjit Singh Takhtu Chak,BSP(A),22315,604,0.530839675871403,6,13,14,PB,Sarabjit Singh Takhtu Chak,BSP(A),,,,,False,13,2012,AE
1732297,Sham Singh,IND,22306,473,0.415707229614526,7,13,14,PB,Sham Singh,IND,,,,,False,13,2012,AE
1732416,Anil Joshi,BJP,22300,62374,55.8891786063098,1,13,15,PB,Anil Joshi,BJP,,,,,False,13,2012,AE
1732417,Karamjit Singh Rintu,INC,22301,45394,40.674533838696,2,13,15,PB,Karamjit Singh Rintu,INC,,,,,False,13,2012,AE
1732418,Ram Sharn Pal,PPOP,22331,1106,0.99101278639463,3,13,15,PB,Ram Sharn Pal,PPOP,,,,,False,13,2012,AE
1732419,Manjit Singh,BSP,22303,728,0.652312213829377,4,13,15,PB,Manjit Singh,BSP,,,,,False,13,2012,AE
1732420,Vipan Kumar,IND,22306,719,0.644247914482585,5,13,15,PB,Vipan Kumar,IND,,,,,False,13,2012,AE
1732421,Monika Mahajan,IND,22306,371,0.332428339739971,6,13,15,PB,Monika Mahajan,IND,,,,,False,13,2012,AE
1732422,Ashok Kumar Bhatia,IND,22306,296,0.265225845183373,7,13,15,PB,Ashok Kumar Bhatia,IND,,,,,False,13,2012,AE
1732423,Bal Krishan,BCP,22364,174,0.155909787371307,8,13,15,PB,Bal Krishan,BCP,,,,,False,13,2012,AE
1732424,Nirmal Singh,IND,22306,105,0.0940834923792371,9,13,15,PB,Nirmal Singh,IND,,,,,False,13,2012,AE
1732425,Samsan Masih,SSPD,22309,96,0.0860191930324453,10,13,15,PB,Samsan Masih,SSPD,,,,,False,13,2012,AE
1732426,Davinder Singh,SAD(A),22321,84,0.0752667939033896,11,13,15,PB,Davinder Singh,SAD(A),,,,,False,13,2012,AE
1732427,Sukhdev Singh,IND,22306,78,0.0698905943388618,12,13,15,PB,Sukhdev Singh,IND,,,,,False,13,2012,AE
1732428,Surjan Singh,BGTD,22310,78,0.0698905943388618,12,13,15,PB,Surjan Singh,BGTD,,,,,False,13,2012,AE
1732557,Raj Kumar (E),INC,22301,45762,47.9514638388834,1,13,16,PB,Raj Kumar (E),INC,,,,,False,13,2012,AE
1732558,Rakesh Gill,BJP,22300,34171,35.805897269317,2,13,16,PB,Rakesh Gill,BJP,,,,,False,13,2012,AE
1732559,Amarjit Singh Asal,CPI,22304,11682,12.2409204266823,3,13,16,PB,Amarjit Singh Asal,CPI,,,,,False,13,2012,AE
1732560,Rohit Khokhar,BSP,22303,1298,1.36010226963136,4,13,16,PB,Rohit Khokhar,BSP,,,,,False,13,2012,AE
1732561,Surinder Kumar Khosla,NCP,22332,877,0.918959699897311,5,13,16,PB,Surinder Kumar Khosla,NCP,,,,,False,13,2012,AE
1732562,Manjit Singh,IND,22306,741,0.776452836515288,6,13,16,PB,Manjit Singh,IND,,,,,False,13,2012,AE
1732563,Sham Lal (Gandhiwadi),BCP,22364,551,0.577362365613932,7,13,16,PB,Sham Lal (Gandhiwadi),BCP,,,,,False,13,2012,AE
1732564,Jaspal Singh,IND,22306,352,0.368841293459354,8,13,16,PB,Jaspal Singh,IND,,,,,False,13,2012,AE
1732688,Om Parkash Soni (E),INC,22301,47357,55.3223055536085,1,13,17,PB,Om Parkash Soni (E),INC,,,,,False,13,2012,AE
1732689,Tarun Chugh,BJP,22300,34560,40.3728884839139,2,13,17,PB,Tarun Chugh,BJP,,,,,False,13,2012,AE
1732690,Vijay Kumar Misra,CPM,22328,1212,1.41585476974837,3,13,17,PB,Vijay Kumar Misra,CPM,,,,,False,13,2012,AE
1732691,Jagdish Raj,BSP,22303,808,0.943903179832246,4,13,17,PB,Jagdish Raj,BSP,,,,,False,13,2012,AE
1732692,Rakesh Kumar,IND,22306,737,0.860961192495502,5,13,17,PB,Rakesh Kumar,IND,,,,,False,13,2012,AE
1732693,Baldev Bhardwaj,IND,22306,304,0.355131889441835,6,13,17,PB,Baldev Bhardwaj,IND,,,,,False,13,2012,AE
1732694,Vijay Thakur,BCP,22364,278,0.32475876731852,7,13,17,PB,Vijay Thakur,BCP,,,,,False,13,2012,AE
1732695,Narinder Shekhar Luthra,IND,22306,180,0.210275460853718,8,13,17,PB,Narinder Shekhar Luthra,IND,,,,,False,13,2012,AE
1732696,Om Parkash,IND,22306,166,0.193920702787318,9,13,17,PB,Om Parkash,IND,,,,,False,13,2012,AE
1732814,Navjot Sidhu (E/W),BJP,22300,33406,36.3013996348778,1,13,18,PB,Navjot Sidhu (E/W),BJP,,,,,False,13,2012,AE
1732815,Simarpreet Kaur,IND,22306,26307,28.5871077110319,2,13,18,PB,Simarpreet Kaur,IND,,,,,False,13,2012,AE
1732816,Sunil Dutta,INC,22301,25964,28.2143788576892,3,13,18,PB,Sunil Dutta,INC,,,,,False,13,2012,AE
1732817,Baldev Singh,CPI,22304,3416,3.71207511084065,4,13,18,PB,Baldev Singh,CPI,,,,,False,13,2012,AE
1732818,Tarsem Singh,BSP,22303,1667,1.8114839607059,5,13,18,PB,Tarsem Singh,BSP,,,,,False,13,2012,AE
1732819,Mohinder Singh,IND,22306,667,0.724810918890724,6,13,18,PB,Mohinder Singh,IND,,,,,False,13,2012,AE
1732820,Diyal Chand,IND,22306,397,0.431409197600625,7,13,18,PB,Diyal Chand,IND,,,,,False,13,2012,AE
1732821,Harish Kumar,NCP,22332,200,0.217334608363035,8,13,18,PB,Harish Kumar,NCP,,,,,False,13,2012,AE
1732949,Inderbir Singh Bolaria (E),SAD,22320,48310,52.9088360275112,1,13,19,PB,Inderbir Singh Bolaria (E),SAD,,,,,False,13,2012,AE
1732950,Jasbir Singh Gill (Dimpa),INC,22301,33254,36.4195908354142,2,13,19,PB,Jasbir Singh Gill (Dimpa),INC,,,,,False,13,2012,AE
1732951,Gurpartap Singh Tikka,IND,22306,7550,8.2687168703728,3,13,19,PB,Gurpartap Singh Tikka,IND,,,,,False,13,2012,AE
1732952,Ramanbir Kaur,IND,22306,531,0.581548166644762,4,13,19,PB,Ramanbir Kaur,IND,,,,,False,13,2012,AE
1732953,Jugal Kishore,BSP,22303,529,0.579357778069829,5,13,19,PB,Jugal Kishore,BSP,,,,,False,13,2012,AE
1732954,Yadwinder Singh,IND,22306,337,0.369080474876243,6,13,19,PB,Yadwinder Singh,IND,,,,,False,13,2012,AE
1732955,Jasbir Singh (Sham),PPOP,22331,277,0.303368817628247,7,13,19,PB,Jasbir Singh (Sham),PPOP,,,,,False,13,2012,AE
1732956,Surinder Singh,DCP,22348,216,0.236561966092784,8,13,19,PB,Surinder Singh,DCP,,,,,False,13,2012,AE
1732957,Sukhwant Singh,SAD(A),22321,170,0.186183028869321,9,13,19,PB,Sukhwant Singh,SAD(A),,,,,False,13,2012,AE
1732958,Jasvir Singh,IND,22306,134,0.146756034520523,10,13,19,PB,Jasvir Singh,IND,,,,,False,13,2012,AE
1733088,Gulzar Singh Ranike (E),SAD,22320,56112,49.9483710165568,1,13,20,PB,Gulzar Singh Ranike (E),SAD,,,,,False,13,2012,AE
1733089,Tarsem Singh D.C,INC,22301,51129,45.5127292148833,2,13,20,PB,Tarsem Singh D.C,INC,,,,,False,13,2012,AE
1733090,Gulzar Singh,PPOP,22331,3295,2.93306035250133,3,13,20,PB,Gulzar Singh,PPOP,,,,,False,13,2012,AE
1733091,Bhajan Singh,BSP,22303,1804,1.60583941605839,4,13,20,PB,Bhajan Singh,BSP,,,,,False,13,2012,AE
1733202,Harmeet Singh Sandhu,SAD,22320,50009,41.6235247116008,1,13,21,PB,Harmeet Singh Sandhu,SAD,,,,,False,13,2012,AE
1733203,Dr.Dharambir Agnihotri,INC,22301,45388,37.777370865447,2,13,21,PB,Dr.Dharambir Agnihotri,INC,,,,,False,13,2012,AE
1733204,Davinder Singh Sandhu Lalli Dhalla,IND,22306,18014,14.9934246666555,3,13,21,PB,Davinder Singh Sandhu Lalli Dhalla,IND,,,,,False,13,2012,AE
1733205,Vijay Pal Chaudhary,PPOP,22331,4157,3.45995705225309,4,13,21,PB,Vijay Pal Chaudhary,PPOP,,,,,False,13,2012,AE
1733206,Swaran Kaur,BSP,22303,1021,0.849799410716961,5,13,21,PB,Swaran Kaur,BSP,,,,,False,13,2012,AE
1733207,Balbir Singh,BSP(A),22315,806,0.670850465267258,6,13,21,PB,Balbir Singh,BSP(A),,,,,False,13,2012,AE
1733208,Sukhdev Singh,BSA,22338,751,0.625072828059194,7,13,21,PB,Sukhdev Singh,BSA,,,,,False,13,2012,AE
1733312,Virsa Singh,SAD,22320,73328,49.5459459459459,1,13,22,PB,Virsa Singh,SAD,,,,,False,13,2012,AE
1733313,Gurchet Singh,INC,22301,60226,40.6932432432432,2,13,22,PB,Gurchet Singh,INC,,,,,False,13,2012,AE
1733314,Sarwan Singh Dhun,PnPP,22369,8398,5.67432432432432,3,13,22,PB,Sarwan Singh Dhun,PnPP,,,,,False,13,2012,AE
1733315,Balwinder Singh,IND,22306,1431,0.966891891891891,4,13,22,PB,Balwinder Singh,IND,,,,,False,13,2012,AE
1733316,Chaman Lal,IND,22306,1321,0.892567567567567,5,13,22,PB,Chaman Lal,IND,,,,,False,13,2012,AE
1733317,Gurmukh Singh,BSP,22303,1293,0.873648648648648,6,13,22,PB,Gurmukh Singh,BSP,,,,,False,13,2012,AE
1733318,Jatinderpal Singh,IND,22306,642,0.433783783783783,7,13,22,PB,Jatinderpal Singh,IND,,,,,False,13,2012,AE
1733319,Ajay Kumar,IND,22306,488,0.329729729729729,8,13,22,PB,Ajay Kumar,IND,,,,,False,13,2012,AE
1733320,Dalbir Singh Bohar,BSP(A),22315,381,0.257432432432432,9,13,22,PB,Dalbir Singh Bohar,BSP(A),,,,,False,13,2012,AE
1733321,Shinder Singh,LJP,22313,262,0.177027027027027,10,13,22,PB,Shinder Singh,LJP,,,,,False,13,2012,AE
1733322,Kulwant Singh,SAD(A),22321,230,0.155405405405405,11,13,22,PB,Kulwant Singh,SAD(A),,,,,False,13,2012,AE
1733425,Adeshpartap Singh Kairon,SAD,22320,64414,47.7905389363722,1,13,23,PB,Adeshpartap Singh Kairon,SAD,,,,,False,13,2012,AE
1733426,Harminder Singh Gill,INC,22301,64355,47.7467651946818,2,13,23,PB,Harminder Singh Gill,INC,,,,,False,13,2012,AE
1733427,Advocate Davinderjit Singh Dhillon,CPM,22328,2208,1.63817663817663,3,13,23,PB,Advocate Davinderjit Singh Dhillon,CPM,,,,,False,13,2012,AE
1733428,Manjit Kaur,IND,22306,1278,0.94818376068376,4,13,23,PB,Manjit Kaur,IND,,,,,False,13,2012,AE
1733429,Kashmir Singh Nawada,BSP,22303,1261,0.93557098765432,5,13,23,PB,Kashmir Singh Nawada,BSP,,,,,False,13,2012,AE
1733430,Sukhwant Singh,IND,22306,712,0.528252611585944,6,13,23,PB,Sukhwant Singh,IND,,,,,False,13,2012,AE
1733431,Sukhchain Singh Nandpur,BSP(A),22315,556,0.412511870845204,7,13,23,PB,Sukhchain Singh Nandpur,BSP(A),,,,,False,13,2012,AE
1733536,Ramanjit Singh Sikki,INC,22301,66902,48.8168292629535,1,13,24,PB,Ramanjit Singh Sikki,INC,,,,,False,13,2012,AE
1733537,Ranjit Singh Brahampura,SAD,22320,63848,46.5883966814304,2,13,24,PB,Ranjit Singh Brahampura,SAD,,,,,False,13,2012,AE
1733538,Balwinder Singh,PPOP,22331,1741,1.27036710033784,3,13,24,PB,Balwinder Singh,PPOP,,,,,False,13,2012,AE
1733539,Dr.Ajaib Singh Jahangir,IND,22306,1355,0.988711901756331,4,13,24,PB,Dr.Ajaib Singh Jahangir,IND,,,,,False,13,2012,AE
1733540,Sukhwant Kaur,LJP,22313,1137,0.829642385459003,5,13,24,PB,Sukhwant Kaur,LJP,,,,,False,13,2012,AE
1733541,Jagtar Singh,BSP,22303,1037,0.756674717432705,6,13,24,PB,Jagtar Singh,BSP,,,,,False,13,2012,AE
1733542,Puran Singh Sheikh,BSP(A),22315,1027,0.749377950630075,7,13,24,PB,Puran Singh Sheikh,BSP(A),,,,,False,13,2012,AE
1733642,Manjit Singh Manna Mianwind (E),SAD,22320,60244,50.4522310062977,1,13,25,PB,Manjit Singh Manna Mianwind (E),SAD,,,,,False,13,2012,AE
1733643,Ranjit Singh (Chhajjalwadi),INC,22301,31019,25.9773214524989,2,13,25,PB,Ranjit Singh (Chhajjalwadi),INC,,,,,False,13,2012,AE
1733644,Baljit Singh Bhatti,IND,22306,17090,14.3122738844968,3,13,25,PB,Baljit Singh Bhatti,IND,,,,,False,13,2012,AE
1733645,Gurnam Singh Daud,IND,22306,4707,3.94194693822859,4,13,25,PB,Gurnam Singh Daud,IND,,,,,False,13,2012,AE
1733646,Salwinder Singh Sarli,PnPP,22369,2108,1.76537585421412,5,13,25,PB,Salwinder Singh Sarli,PnPP,,,,,False,13,2012,AE
1733647,Pirthipal Kataria,IND,22306,1689,1.41447809192013,6,13,25,PB,Pirthipal Kataria,IND,,,,,False,13,2012,AE
1733648,Jarnail Singh Kot Mehtab,IND,22306,891,0.746181160391263,7,13,25,PB,Jarnail Singh Kot Mehtab,IND,,,,,False,13,2012,AE
1733649,Raj Kumar Babbi,BSP,22303,615,0.515040868283532,8,13,25,PB,Raj Kumar Babbi,BSP,,,,,False,13,2012,AE
1733650,Kawaljit Singh Gill,BSP(A),22315,548,0.458930724909553,9,13,25,PB,Kawaljit Singh Gill,BSP(A),,,,,False,13,2012,AE
1733651,Jasbir Singh,SSPD,22309,350,0.29311268926705,10,13,25,PB,Jasbir Singh,SSPD,,,,,False,13,2012,AE
1733652,Kulwant Singh,IND,22306,147,0.123107329492161,11,13,25,PB,Kulwant Singh,IND,,,,,False,13,2012,AE
1733739,Bibi Jagir Kaur,SAD,22320,49392,51.3547796793445,1,13,26,PB,Bibi Jagir Kaur,SAD,,,,,False,13,2012,AE
1733740,Sukhpal Singh,INC,22301,42387,44.0714092619933,2,13,26,PB,Sukhpal Singh,INC,,,,,False,13,2012,AE
1733741,Gurmeet Singh Nadala,PPOP,22331,1843,1.91623864085341,3,13,26,PB,Gurmeet Singh Nadala,PPOP,,,,,False,13,2012,AE
1733742,Jagpreet Singh,BSP,22303,894,0.92952650294246,4,13,26,PB,Jagpreet Singh,BSP,,,,,False,13,2012,AE
1733743,Jagir Kaur,IND,22306,672,0.698704485433259,5,13,26,PB,Jagir Kaur,IND,,,,,False,13,2012,AE
1733744,Harjinder Singh,DBSP,22342,459,0.477240117282538,6,13,26,PB,Harjinder Singh,DBSP,,,,,False,13,2012,AE
1733745,Baba Balkar Singh,BGTD,22310,339,0.352471459169456,7,13,26,PB,Baba Balkar Singh,BGTD,,,,,False,13,2012,AE
1733746,Naib Subedar Sulakhan Singh,IND,22306,192,0.199629852980931,8,13,26,PB,Naib Subedar Sulakhan Singh,IND,,,,,False,13,2012,AE
1733838,Rana Gurjit Singh,INC,22301,54221,55.3241638267044,1,13,27,PB,Rana Gurjit Singh,INC,,,,,False,13,2012,AE
1733839,Sarabjeet Singh Makkar,SAD,22320,39739,40.5475174989286,2,13,27,PB,Sarabjeet Singh Makkar,SAD,,,,,False,13,2012,AE
1733840,Charanjit,BSP,22303,1421,1.44991122992469,3,13,27,PB,Charanjit,BSP,,,,,False,13,2012,AE
1733841,Raghbir Singh,PPOP,22331,948,0.967287717078546,4,13,27,PB,Raghbir Singh,PPOP,,,,,False,13,2012,AE
1733842,Gurmit Lal,BSP(A),22315,912,0.930555272126196,5,13,27,PB,Gurmit Lal,BSP(A),,,,,False,13,2012,AE
1733843,Sarabjit Singh,IND,22306,481,0.490786278391118,6,13,27,PB,Sarabjit Singh,IND,,,,,False,13,2012,AE
1733844,Jaswinder Singh,BGTD,22310,284,0.289778176846315,7,13,27,PB,Jaswinder Singh,BGTD,,,,,False,13,2012,AE
1733944,Navtej Singh,INC,22301,47933,48.3336862590878,1,13,28,PB,Navtej Singh,INC,,,,,False,13,2012,AE
1733945,Upinderjit Kaur,SAD,22320,43635,43.9997579937683,2,13,28,PB,Upinderjit Kaur,SAD,,,,,False,13,2012,AE
1733946,Jaimal Singh,PPOP,22331,2274,2.2930090449829,3,13,28,PB,Jaimal Singh,PPOP,,,,,False,13,2012,AE
1733948,Tarsem Singh Daula,BSP,22303,1525,1.53774793034253,4,13,28,PB,Tarsem Singh Daula,BSP,,,,,False,13,2012,AE
1733947,Balwant Singh Sultanpuri,BSP(A),22315,1525,1.53774793034253,4,13,28,PB,Balwant Singh Sultanpuri,BSP(A),,,,,False,13,2012,AE
1733949,Tarsem Singh,IND,22306,661,0.666525496364864,6,13,28,PB,Tarsem Singh,IND,,,,,False,13,2012,AE
1733950,Sarban Chand,IND,22306,481,0.485020822619515,7,13,28,PB,Sarban Chand,IND,,,,,False,13,2012,AE
1733952,Ajit Singh,SAD(A),22321,363,0.366034425386453,8,13,28,PB,Ajit Singh,SAD(A),,,,,False,13,2012,AE
1733951,Gurmeet Singh,IND,22306,363,0.366034425386453,8,13,28,PB,Gurmeet Singh,IND,,,,,False,13,2012,AE
1733953,Jeet,IND,22306,217,0.218813967793004,10,13,28,PB,Jeet,IND,,,,,False,13,2012,AE
1733954,Harwinder Singh,RVLP,22371,194,0.195621703925542,11,13,28,PB,Harwinder Singh,RVLP,,,,,False,13,2012,AE
1734045,Som Parkash,BJP,22300,46223,40.9560517455254,1,13,29,PB,Som Parkash,BJP,,,,,False,13,2012,AE
1734046,Balbir Kumar Sodhi,INC,22301,31644,28.0382775119617,2,13,29,PB,Balbir Kumar Sodhi,INC,,,,,False,13,2012,AE
1734047,Jarnail Singh,BSP,22303,26165,23.1835902888534,3,13,29,PB,Jarnail Singh,BSP,,,,,False,13,2012,AE
1734048,Mulakh Raj,PPOP,22331,5781,5.12227538543328,4,13,29,PB,Mulakh Raj,PPOP,,,,,False,13,2012,AE
1734049,Rulda Singh,IND,22306,821,0.727449937976253,5,13,29,PB,Rulda Singh,IND,,,,,False,13,2012,AE
1734050,Parveen Kumar,SHS,22312,768,0.680489101541733,6,13,29,PB,Parveen Kumar,SHS,,,,,False,13,2012,AE
1734051,Nand Lal,BSP(A),22315,385,0.341130604288499,7,13,29,PB,Nand Lal,BSP(A),,,,,False,13,2012,AE
1734052,Yashpal Atwal,IND,22306,334,0.295941874889243,8,13,29,PB,Yashpal Atwal,IND,,,,,False,13,2012,AE
1734053,Ram Pal,IND,22306,312,0.276448697501329,9,13,29,PB,Ram Pal,IND,,,,,False,13,2012,AE
1734054,Ashok Kumar,IND,22306,232,0.205564416090731,10,13,29,PB,Ashok Kumar,IND,,,,,False,13,2012,AE
1734055,Sarwan Singh,IND,22306,195,0.17278043593833,11,13,29,PB,Sarwan Singh,IND,,,,,False,13,2012,AE
1734149,Avinash Chander,SAD,22320,46115,32.576062616116,1,13,30,PB,Avinash Chander,SAD,,,,,False,13,2012,AE
1734150,Santokh Singh Chaudhary,INC,22301,46084,32.5541639293308,2,13,30,PB,Santokh Singh Chaudhary,INC,,,,,False,13,2012,AE
1734151,Baldev Singh,BSP,22303,42328,29.9008907820656,3,13,30,PB,Baldev Singh,BSP,,,,,False,13,2012,AE
1734152,Mela Singh,IND,22306,3090,2.18280458600885,4,13,30,PB,Mela Singh,IND,,,,,False,13,2012,AE
1734153,Parshotam Lal,CPM,22328,2608,1.84231532696152,5,13,30,PB,Parshotam Lal,CPM,,,,,False,13,2012,AE
1734154,Saleem Mohamed,IND,22306,557,0.393469952882502,6,13,30,PB,Saleem Mohamed,IND,,,,,False,13,2012,AE
1734155,Balkar Ram,IND,22306,313,0.221106095605428,7,13,30,PB,Balkar Ram,IND,,,,,False,13,2012,AE
1734156,Gajjan,IND,22306,311,0.219693277103156,8,13,30,PB,Gajjan,IND,,,,,False,13,2012,AE
1734157,Des Raj,IND,22306,155,0.10949343392601,9,13,30,PB,Des Raj,IND,,,,,False,13,2012,AE
1734263,Gurpartap Singh Wadala,SAD,22320,61441,44.4413100714637,1,13,31,PB,Gurpartap Singh Wadala,SAD,,,,,False,13,2012,AE
1734264,Amarjit Singh Samra,INC,22301,52849,38.226571767497,2,13,31,PB,Amarjit Singh Samra,INC,,,,,False,13,2012,AE
1734265,Gurmail Ram Chumber,BSP,22303,18139,13.1202441917657,3,13,31,PB,Gurmail Ram Chumber,BSP,,,,,False,13,2012,AE
1734266,Gurnam Singh Sanghera,IND,22306,2412,1.74464022220293,4,13,31,PB,Gurnam Singh Sanghera,IND,,,,,False,13,2012,AE
1734267,Kanwaljit Singh Kakra,PPOP,22331,1767,1.2781008593004,5,13,31,PB,Kanwaljit Singh Kakra,PPOP,,,,,False,13,2012,AE
1734268,Amrik Singh,IND,22306,730,0.528021294447819,6,13,31,PB,Amrik Singh,IND,,,,,False,13,2012,AE
1734269,Bhajan Chand Sabharwal,BSP(A),22315,666,0.481729016578422,7,13,31,PB,Bhajan Chand Sabharwal,BSP(A),,,,,False,13,2012,AE
1734270,Suman,DBSP,22342,248,0.179382576743916,8,13,31,PB,Suman,DBSP,,,,,False,13,2012,AE
1734374,Ajit Singh Kohar,SAD,22320,55875,45.170861055644,1,13,32,PB,Ajit Singh Kohar,SAD,,,,,False,13,2012,AE
1734375,Col. C D Singh Kamboj,INC,22301,50440,40.7770600742136,2,13,32,PB,Col. C D Singh Kamboj,INC,,,,,False,13,2012,AE
1734376,Navjot Singh,PPOP,22331,9845,7.95896424327186,3,13,32,PB,Navjot Singh,PPOP,,,,,False,13,2012,AE
1734377,Sukhram Chauhan,BSP,22303,2949,2.3840513512858,4,13,32,PB,Sukhram Chauhan,BSP,,,,,False,13,2012,AE
1734378,Kashmir Singh,IND,22306,2684,2.16981818475791,5,13,32,PB,Kashmir Singh,IND,,,,,False,13,2012,AE
1734379,Tara Singh,BSP(A),22315,1319,1.06631527037842,6,13,32,PB,Tara Singh,BSP(A),,,,,False,13,2012,AE
1734380,Ajaib Singh,IND,22306,301,0.243336540093939,7,13,32,PB,Ajaib Singh,IND,,,,,False,13,2012,AE
1734381,Harbinder Ram,RVLP,22371,284,0.229593280354414,8,13,32,PB,Harbinder Ram,RVLP,,,,,False,13,2012,AE
1734487,Sarwan Singh,SAD,22320,48484,41.9248562410826,1,13,33,PB,Sarwan Singh,SAD,,,,,False,13,2012,AE
1734488,Chauhdary Jagjit Singh,INC,22301,47661,41.2131955553633,2,13,33,PB,Chauhdary Jagjit Singh,INC,,,,,False,13,2012,AE
1734489,Kamal Dev,BSP,22303,13886,12.0074365515154,3,13,33,PB,Kamal Dev,BSP,,,,,False,13,2012,AE
1734490,Sat Paul,PnPP,22369,3331,2.88036663928401,4,13,33,PB,Sat Paul,PnPP,,,,,False,13,2012,AE
1734491,Lubhaya Ram,IND,22306,706,0.610488996497903,5,13,33,PB,Lubhaya Ram,IND,,,,,False,13,2012,AE
1734492,Nishuka,IND,22306,377,0.32599766526871,6,13,33,PB,Nishuka,IND,,,,,False,13,2012,AE
1734493,Kewal Krishan Sabharwal,IND,22306,341,0.294867914739072,7,13,33,PB,Kewal Krishan Sabharwal,IND,,,,,False,13,2012,AE
1734494,Gurmukh Singh Khosla,DBSP,22342,280,0.242120281897185,8,13,33,PB,Gurmukh Singh Khosla,DBSP,,,,,False,13,2012,AE
1734495,Yusaf Chand,IND,22306,253,0.218772968999956,9,13,33,PB,Yusaf Chand,IND,,,,,False,13,2012,AE
1734496,Hari Mitter,IND,22306,220,0.190237364347788,10,13,33,PB,Hari Mitter,IND,,,,,False,13,2012,AE
1734497,Satish Nahar,IND,22306,106,0.0916598210039344,11,13,33,PB,Satish Nahar,IND,,,,,False,13,2012,AE
1734600,Chuni Lal Bhagat,BJP,22300,48207,51.3435792567977,1,13,34,PB,Chuni Lal Bhagat,BJP,,,,,False,13,2012,AE
1734601,Suman Kaypee.,INC,22301,36864,39.2625491261143,2,13,34,PB,Suman Kaypee.,INC,,,,,False,13,2012,AE
1734602,Bachan Lal,BSP,22303,4692,4.99728408473655,3,13,34,PB,Bachan Lal,BSP,,,,,False,13,2012,AE
1734603,Raj Kumar,PPOP,22331,2433,2.59130268076812,4,13,34,PB,Raj Kumar,PPOP,,,,,False,13,2012,AE
1734604,Sandeep,IND,22306,1072,1.14174947545558,5,13,34,PB,Sandeep,IND,,,,,False,13,2012,AE
1734605,Love Kishor,BSA,22338,354,0.377032942454548,6,13,34,PB,Love Kishor,BSA,,,,,False,13,2012,AE
1734606,Balwinder Kumar,LJP,22313,269,0.286502433673089,7,13,34,PB,Balwinder Kumar,LJP,,,,,False,13,2012,AE
1734709,Manoranjan Kalia,BJP,22300,44963,46.136244702792,1,13,35,PB,Manoranjan Kalia,BJP,,,,,False,13,2012,AE
1734710,Rajinder Beri,INC,22301,43898,45.0434550622325,2,13,35,PB,Rajinder Beri,INC,,,,,False,13,2012,AE
1734711,Rajinder Singh,BSP,22303,4678,4.80006566998778,3,13,35,PB,Rajinder Singh,BSP,,,,,False,13,2012,AE
1734712,Kuldeep Singh Cheema,PPOP,22331,2253,2.31178878890177,4,13,35,PB,Kuldeep Singh Cheema,PPOP,,,,,False,13,2012,AE
1734713,Ashish Kumar,SHS,22312,354,0.363237119960598,5,13,35,PB,Ashish Kumar,SHS,,,,,False,13,2012,AE
1734714,Kuldeep Kumar,IND,22306,322,0.330402126065854,6,13,35,PB,Kuldeep Kumar,IND,,,,,False,13,2012,AE
1734715,Surinder Singh Arora,NCP,22332,287,0.294488851493479,7,13,35,PB,Surinder Singh Arora,NCP,,,,,False,13,2012,AE
1734716,Raj Pal Singh,DBSP,22342,205,0.210349179638199,8,13,35,PB,Raj Pal Singh,DBSP,,,,,False,13,2012,AE
1734717,Surjit Kaur,IND,22306,204,0.209323086078988,9,13,35,PB,Surjit Kaur,IND,,,,,False,13,2012,AE
1734718,Kamaldeep Singh,IND,22306,172,0.176488092184245,10,13,35,PB,Kamaldeep Singh,IND,,,,,False,13,2012,AE
1734719,Gurmeet Singh Aulakh,SAD(A),22321,121,0.124157320664498,11,13,35,PB,Gurmeet Singh Aulakh,SAD(A),,,,,False,13,2012,AE
1734821,K.D.Bhandari,BJP,22300,52198,44.8968708606423,1,13,36,PB,K.D.Bhandari,BJP,,,,,False,13,2012,AE
1734822,Avtar Henry,INC,22301,50495,43.4320758287316,2,13,36,PB,Avtar Henry,INC,,,,,False,13,2012,AE
1734823,Hans Raj Rana,BSP,22303,7656,6.58512669659906,3,13,36,PB,Hans Raj Rana,BSP,,,,,False,13,2012,AE
1734824,Dinesh Dhall,IND,22306,4371,3.75961191102853,4,13,36,PB,Dinesh Dhall,IND,,,,,False,13,2012,AE
1734825,Narinder Pal Singh Shergill,PnPP,22369,1057,0.909153463728475,5,13,36,PB,Narinder Pal Singh Shergill,PnPP,,,,,False,13,2012,AE
1734826,Satish Kumar,IND,22306,267,0.229653713165092,6,13,36,PB,Satish Kumar,IND,,,,,False,13,2012,AE
1734827,Tilak Raj,IND,22306,218,0.187507526104832,7,13,36,PB,Tilak Raj,IND,,,,,False,13,2012,AE
1734932,Pargat Singh,SAD,22320,48290,42.0783883166901,1,13,37,PB,Pargat Singh,SAD,,,,,False,13,2012,AE
1734933,Jagbir Singh Brar,INC,22301,41492,36.1548247677802,2,13,37,PB,Jagbir Singh Brar,INC,,,,,False,13,2012,AE
1734934,Hardev Kaur Shant,BSP,22303,14278,12.441400463568,3,13,37,PB,Hardev Kaur Shant,BSP,,,,,False,13,2012,AE
1734935,Rajinder Singh Johal,PPOP,22331,7792,6.78970390895941,4,13,37,PB,Rajinder Singh Johal,PPOP,,,,,False,13,2012,AE
1734936,Dharam Pal Bambiawal,BSP(A),22315,1420,1.23734337149927,5,13,37,PB,Dharam Pal Bambiawal,BSP(A),,,,,False,13,2012,AE
1734937,Roshan Lal,IND,22306,811,0.706679911468953,6,13,37,PB,Roshan Lal,IND,,,,,False,13,2012,AE
1734938,Samarth Oberoi,IND,22306,679,0.591659260033809,7,13,37,PB,Samarth Oberoi,IND,,,,,False,13,2012,AE
1735041,Sh. Pawan Kumar Tinu,SAD,22320,48171,43.8663910465973,1,13,38,PB,Sh. Pawan Kumar Tinu,SAD,,,,,False,13,2012,AE
1735042,Sh. Satnam Singh Kainth,INC,22301,28865,26.285594601732,2,13,38,PB,Sh. Satnam Singh Kainth,INC,,,,,False,13,2012,AE
1735043,Sh. Sukhwinder Singh,BSP,22303,25373,23.1056432298543,3,13,38,PB,Sh. Sukhwinder Singh,BSP,,,,,False,13,2012,AE
1735044,Sh. Surjit Singh Duhre,IND,22306,2741,2.49606148634496,4,13,38,PB,Sh. Surjit Singh Duhre,IND,,,,,False,13,2012,AE
1735045,Sh. Jagdish Kumar,PnPP,22369,2645,2.40864014278819,5,13,38,PB,Sh. Jagdish Kumar,PnPP,,,,,False,13,2012,AE
1735046,Sh. Vinod Kumar,IND,22306,630,0.573702567091327,6,13,38,PB,Sh. Vinod Kumar,IND,,,,,False,13,2012,AE
1735047,Smt. Lalita Grewal Kittu,IND,22306,429,0.390664129019332,7,13,38,PB,Smt. Lalita Grewal Kittu,IND,,,,,False,13,2012,AE
1735048,Smt. Manjit Kaur,IND,22306,325,0.295957673499494,8,13,38,PB,Smt. Manjit Kaur,IND,,,,,False,13,2012,AE
1735049,Sh. Rajinder Kumar,DBSP,22342,301,0.274102337610301,9,13,38,PB,Sh. Rajinder Kumar,DBSP,,,,,False,13,2012,AE
1735050,Sh. Rajvir Singh,BSP(A),22315,227,0.206715051951954,10,13,38,PB,Sh. Rajvir Singh,BSP(A),,,,,False,13,2012,AE
1735051,Sh. Santokh Singh,IND,22306,106,0.0965277335106043,11,13,38,PB,Sh. Santokh Singh,IND,,,,,False,13,2012,AE
1735132,Rajnish Kumar,IND,22306,53951,43.4888801115616,1,13,39,PB,Rajnish Kumar,IND,,,,,False,13,2012,AE
1735133,Arunesh Kumar,BJP,22300,41832,33.719983555946,2,13,39,PB,Arunesh Kumar,BJP,,,,,False,13,2012,AE
1735134,Ajit Kumar Narang,INC,22301,13524,10.9014404668821,3,13,39,PB,Ajit Kumar Narang,INC,,,,,False,13,2012,AE
1735135,Amarjit Singh Dhadekatwal,PPOP,22331,6336,5.10732969522074,4,13,39,PB,Amarjit Singh Dhadekatwal,PPOP,,,,,False,13,2012,AE
1735136,Gulsher Singh,BSP,22303,6325,5.09846280338876,5,13,39,PB,Gulsher Singh,BSP,,,,,False,13,2012,AE
1735137,Amarjit Singh,IND,22306,1049,0.845579048340682,6,13,39,PB,Amarjit Singh,IND,,,,,False,13,2012,AE
1735138,Gurvatan Singh,SAD(A),22321,668,0.538462158523904,7,13,39,PB,Gurvatan Singh,SAD(A),,,,,False,13,2012,AE
1735139,Munish Khosla,DBSP,22342,372,0.299862160136066,8,13,39,PB,Munish Khosla,DBSP,,,,,False,13,2012,AE
1735217,Amarjit Singh,BJP,22300,57969,47.5245333136574,1,13,40,PB,Amarjit Singh,BJP,,,,,False,13,2012,AE
1735218,Ramesh Chander Dogra,INC,22301,51746,42.422751830263,2,13,40,PB,Ramesh Chander Dogra,INC,,,,,False,13,2012,AE
1735219,Bhupinder Singh,PPOP,22331,5447,4.4655959730113,3,13,40,PB,Bhupinder Singh,PPOP,,,,,False,13,2012,AE
1735220,Piara Lal,BSP,22303,4055,3.32439722242717,4,13,40,PB,Piara Lal,BSP,,,,,False,13,2012,AE
1735221,Har Gobind Singh,IND,22306,1691,1.38632693048689,5,13,40,PB,Har Gobind Singh,IND,,,,,False,13,2012,AE
1735222,Amarjit Singh,SAD(A),22321,697,0.571419201980701,6,13,40,PB,Amarjit Singh,SAD(A),,,,,False,13,2012,AE
1735223,Vijay Kumar,DBSP,22342,372,0.304975528173344,7,13,40,PB,Vijay Kumar,DBSP,,,,,False,13,2012,AE
1735304,Sangat Singh,INC,22301,51915,44.7581688076558,1,13,41,PB,Sangat Singh,INC,,,,,False,13,2012,AE
1735305,Arbinder Singh,SAD,22320,46386,39.9913785671178,2,13,41,PB,Arbinder Singh,SAD,,,,,False,13,2012,AE
1735306,Jaswinder Singh,IND,22306,7098,6.11949305974652,3,13,41,PB,Jaswinder Singh,IND,,,,,False,13,2012,AE
1735307,Surjit Lal Paul,BSP,22303,6594,5.68497284248642,4,13,41,PB,Surjit Lal Paul,BSP,,,,,False,13,2012,AE
1735308,Pooran Singh,PPOP,22331,2696,2.32433830502629,5,13,41,PB,Pooran Singh,PPOP,,,,,False,13,2012,AE
1735309,Jaspal Joshi,SHS,22312,687,0.592292439003362,6,13,41,PB,Jaspal Joshi,SHS,,,,,False,13,2012,AE
1735310,Avtar Singh,SAD(A),22321,614,0.529355978963703,7,13,41,PB,Avtar Singh,SAD(A),,,,,False,13,2012,AE
1735387,Mohinder Kaur Josh,SAD,22320,43360,38.644587440509,1,13,42,PB,Mohinder Kaur Josh,SAD,,,,,False,13,2012,AE
1735388,Chaudhary Ram Lubhaya,INC,22301,38054,33.9156164774246,2,13,42,PB,Chaudhary Ram Lubhaya,INC,,,,,False,13,2012,AE
1735389,Samittar Singh Sikri,BSP,22303,22429,19.989839753302,3,13,42,PB,Samittar Singh Sikri,BSP,,,,,False,13,2012,AE
1735390,Anmol Singh,PPOP,22331,6088,5.42592823657332,4,13,42,PB,Anmol Singh,PPOP,,,,,False,13,2012,AE
1735391,Gurdip Singh,SAD(A),22321,818,0.729042263061264,5,13,42,PB,Gurdip Singh,SAD(A),,,,,False,13,2012,AE
1735392,Neena Rani,IND,22306,810,0.721912265378513,6,13,42,PB,Neena Rani,IND,,,,,False,13,2012,AE
1735393,Ram Nath Balm,BhJaSP,22341,643,0.573073563751091,7,13,42,PB,Ram Nath Balm,BhJaSP,,,,,False,13,2012,AE
1735465,Sunder Sham Arora,INC,22301,52104,47.9531733176262,1,13,43,PB,Sunder Sham Arora,INC,,,,,False,13,2012,AE
1735466,Tikshan Sud,BJP,22300,45896,42.2397290531585,2,13,43,PB,Tikshan Sud,BJP,,,,,False,13,2012,AE
1735467,Onkar Singh Jhamat,BSP,22303,5714,5.25879840965984,3,13,43,PB,Onkar Singh Jhamat,BSP,,,,,False,13,2012,AE
1735468,Sandeep Singh Saini,PPOP,22331,2556,2.35237814754822,4,13,43,PB,Sandeep Singh Saini,PPOP,,,,,False,13,2012,AE
1735469,Shashi Dogra,SHS,22312,660,0.607421587395081,5,13,43,PB,Shashi Dogra,SHS,,,,,False,13,2012,AE
1735470,Harvinder Singh,IND,22306,547,0.503423648947135,6,13,43,PB,Harvinder Singh,IND,,,,,False,13,2012,AE
1735471,Sadhu Singh Saini,IND,22306,427,0.392983360329848,7,13,43,PB,Sadhu Singh Saini,IND,,,,,False,13,2012,AE
1735472,Gurnam Singh Singriwala,SAD(A),22321,393,0.361691945221616,8,13,43,PB,Gurnam Singh Singriwala,SAD(A),,,,,False,13,2012,AE
1735473,Rawel Singh,BGTD,22310,233,0.214438227065233,9,13,43,PB,Rawel Singh,BGTD,,,,,False,13,2012,AE
1735474,Pawan Kumar,DBSP,22342,126,0.115962303048151,10,13,43,PB,Pawan Kumar,DBSP,,,,,False,13,2012,AE
1735552,Sohan Singh Thandal,SAD,22320,45100,42.7431430900164,1,13,44,PB,Sohan Singh Thandal,SAD,,,,,False,13,2012,AE
1735553,Dr. Raj Kumar,INC,22301,38854,36.8235494815853,2,13,44,PB,Dr. Raj Kumar,INC,,,,,False,13,2012,AE
1735554,Gurnam Singh,BSP,22303,12637,11.9766097389919,3,13,44,PB,Gurnam Singh,BSP,,,,,False,13,2012,AE
1735555,Dr. Dilbag Rai,IND,22306,4569,4.33023105938548,4,13,44,PB,Dr. Dilbag Rai,IND,,,,,False,13,2012,AE
1735556,Ajaib Singh,PPOP,22331,1672,1.58462384138597,5,13,44,PB,Ajaib Singh,PPOP,,,,,False,13,2012,AE
1735557,Balwinder Singh,IND,22306,864,0.818848683587012,6,13,44,PB,Balwinder Singh,IND,,,,,False,13,2012,AE
1735558,Nirmal Kaur,IND,22306,467,0.442595295411035,7,13,44,PB,Nirmal Kaur,IND,,,,,False,13,2012,AE
1735559,Balbir Ram,IND,22306,434,0.411319824857364,8,13,44,PB,Balbir Ram,IND,,,,,False,13,2012,AE
1735560,Nirmal Singh Hakumatpuri,IND,22306,341,0.323179862387929,9,13,44,PB,Nirmal Singh Hakumatpuri,IND,,,,,False,13,2012,AE
1735561,Om Parkash Jakhu,LJP,22313,324,0.307068256345129,10,13,44,PB,Om Parkash Jakhu,LJP,,,,,False,13,2012,AE
1735562,Jagdish Singh Khalsa,SAD(A),22321,252,0.238830866046211,11,13,44,PB,Jagdish Singh Khalsa,SAD(A),,,,,False,13,2012,AE
1735662,Surinder Singh Bhulewal Rathan,SAD,22320,47728,41.9645840294019,1,13,45,PB,Surinder Singh Bhulewal Rathan,SAD,,,,,False,13,2012,AE
1735663,Lov Kumar Goldy,INC,22301,41435,36.4314980568695,2,13,45,PB,Lov Kumar Goldy,INC,,,,,False,13,2012,AE
1735664,Gurlal Saila,BSP,22303,18358,16.1411715054425,3,13,45,PB,Gurlal Saila,BSP,,,,,False,13,2012,AE
1735665,Raghunath Singh,CPM,22328,4933,4.3373133803436,4,13,45,PB,Raghunath Singh,CPM,,,,,False,13,2012,AE
1735666,Gulwinder Singh,SAD(A),22321,1280,1.12543302794239,5,13,45,PB,Gulwinder Singh,SAD(A),,,,,False,13,2012,AE
1735782,Tarlochan Singh,INC,22301,42023,36.9598677209122,1,13,46,PB,Tarlochan Singh,INC,,,,,False,13,2012,AE
1735783,Mohan Singh,SAD,22320,38808,34.1322263168541,2,13,46,PB,Mohan Singh,SAD,,,,,False,13,2012,AE
1735784,Rajinder Singh,BSP,22303,21492,18.9025409194452,3,13,46,PB,Rajinder Singh,BSP,,,,,False,13,2012,AE
1735785,Kamaljit Nahar,PPOP,22331,8727,7.67552924827834,4,13,46,PB,Kamaljit Nahar,PPOP,,,,,False,13,2012,AE
1735786,Pakhar Singh,IND,22306,1196,1.05190019261383,5,13,46,PB,Pakhar Singh,IND,,,,,False,13,2012,AE
1735787,Satnam,IND,22306,354,0.311348384770314,6,13,46,PB,Satnam,IND,,,,,False,13,2012,AE
1735788,Amrik Kataria,IND,22306,313,0.275288261110475,7,13,46,PB,Amrik Kataria,IND,,,,,False,13,2012,AE
1735789,Jog Raj,IND,22306,283,0.248902804774008,8,13,46,PB,Jog Raj,IND,,,,,False,13,2012,AE
1735790,Jagtar Singh,BSA,22338,254,0.223396863648756,9,13,46,PB,Jagtar Singh,BSA,,,,,False,13,2012,AE
1735791,Resham Lal,LJP,22313,249,0.218999287592678,10,13,46,PB,Resham Lal,LJP,,,,,False,13,2012,AE
1735899,Guriqbal Kaur,INC,22301,35910,30.6420233463035,1,13,47,PB,Guriqbal Kaur,INC,,,,,False,13,2012,AE
1735900,Satinder Kaur Kariha,SAD,22320,34151,29.1410676496689,2,13,47,PB,Satinder Kaur Kariha,SAD,,,,,False,13,2012,AE
1735901,Vinod Kumar Gangar,BSP,22303,29638,25.2901221926411,3,13,47,PB,Vinod Kumar Gangar,BSP,,,,,False,13,2012,AE
1735902,Abhey Singh Sandhu,PPOP,22331,8947,7.63448016929483,4,13,47,PB,Abhey Singh Sandhu,PPOP,,,,,False,13,2012,AE
1735903,Mohinder Singh,IND,22306,5651,4.82200150180899,5,13,47,PB,Mohinder Singh,IND,,,,,False,13,2012,AE
1735904,Kulwinder Singh,IND,22306,1453,1.23984572325756,6,13,47,PB,Kulwinder Singh,IND,,,,,False,13,2012,AE
1735905,Surjit Ram,IND,22306,466,0.397638064031674,7,13,47,PB,Surjit Ram,IND,,,,,False,13,2012,AE
1735906,Suresh Chauhan,NCP,22332,431,0.367772544200969,8,13,47,PB,Suresh Chauhan,NCP,,,,,False,13,2012,AE
1735908,Davinder Singh,SAD(A),22321,187,0.159567205952624,9,13,47,PB,Davinder Singh,SAD(A),,,,,False,13,2012,AE
1735907,Pala Singh,IND,22306,187,0.159567205952624,9,13,47,PB,Pala Singh,IND,,,,,False,13,2012,AE
1735909,Tarsem Lal,BSA,22338,171,0.145914396887159,11,13,47,PB,Tarsem Lal,BSA,,,,,False,13,2012,AE
1736020,Nand Lal,SAD,22320,36800,35.8793362322797,1,13,48,PB,Nand Lal,SAD,,,,,False,13,2012,AE
1736021,Shiv Ram Singh,BSP,22303,21943,21.3940292104596,2,13,48,PB,Shiv Ram Singh,BSP,,,,,False,13,2012,AE
1736022,Rajwinder Singh,INC,22301,20904,20.3810229510754,3,13,48,PB,Rajwinder Singh,INC,,,,,False,13,2012,AE
1736023,Darshan Lal,PPOP,22331,18988,18.512957510286,4,13,48,PB,Darshan Lal,PPOP,,,,,False,13,2012,AE
1736024,Ram Krishan Kataria,IND,22306,3107,3.02926895852426,5,13,48,PB,Ram Krishan Kataria,IND,,,,,False,13,2012,AE
1736025,Bhupinder Mann,IND,22306,824,0.803385137374958,6,13,48,PB,Bhupinder Mann,IND,,,,,False,13,2012,AE
1736134,Madan Mohan Mittal,BJP,22300,62600,49.1489228063563,1,13,49,PB,Madan Mohan Mittal,BJP,,,,,False,13,2012,AE
1736135,Kanwar Pal Singh,INC,22301,54714,42.9574147352553,2,13,49,PB,Kanwar Pal Singh,INC,,,,,False,13,2012,AE
1736136,Rashpal Singh Raju,BSP,22303,3986,3.12951447773381,3,13,49,PB,Rashpal Singh Raju,BSP,,,,,False,13,2012,AE
1736137,Gurdial Singh,CPM,22328,3184,2.49984297468751,4,13,49,PB,Gurdial Singh,CPM,,,,,False,13,2012,AE
1736138,Davinder Kaur,IND,22306,1354,1.06306136549211,5,13,49,PB,Davinder Kaur,IND,,,,,False,13,2012,AE
1736139,Ranjit Singh,SAD(A),22321,724,0.568431631178946,6,13,49,PB,Ranjit Singh,SAD(A),,,,,False,13,2012,AE
1736140,Jagtar Singh,IND,22306,519,0.407480685886564,7,13,49,PB,Jagtar Singh,IND,,,,,False,13,2012,AE
1736141,Ajaib Singh,BGTD,22310,287,0.225331323409333,8,13,49,PB,Ajaib Singh,BGTD,,,,,False,13,2012,AE
1736253,Dr Daljeet Singh Cheema,SAD,22320,41595,36.2471024975164,1,13,50,PB,Dr Daljeet Singh Cheema,SAD,,,,,False,13,2012,AE
1736254,Romesh Dutt Sharma,INC,22301,32713,28.5070672917719,2,13,50,PB,Romesh Dutt Sharma,INC,,,,,False,13,2012,AE
1736255,Amardeep Singh Brar,PPOP,22331,25024,21.8066472628405,3,13,50,PB,Amardeep Singh Brar,PPOP,,,,,False,13,2012,AE
1736256,Ajit Singh Bhaini,BSP,22303,5420,4.72314690555449,4,13,50,PB,Ajit Singh Bhaini,BSP,,,,,False,13,2012,AE
1736257,Jarnail Singh,IND,22306,4743,4.13318925701936,5,13,50,PB,Jarnail Singh,IND,,,,,False,13,2012,AE
1736258,Tilak Raj,IND,22306,2708,2.3598305941405,6,13,50,PB,Tilak Raj,IND,,,,,False,13,2012,AE
1736259,Sawtanterpal,IND,22306,965,0.840929292225107,7,13,50,PB,Sawtanterpal,IND,,,,,False,13,2012,AE
1736260,Bikramjeet Singh,IND,22306,841,0.732872056747477,8,13,50,PB,Bikramjeet Singh,IND,,,,,False,13,2012,AE
1736261,Kulwant Kaur,SAD(A),22321,378,0.329400282343099,9,13,50,PB,Kulwant Kaur,SAD(A),,,,,False,13,2012,AE
1736262,Hazura Singh Gill,BRSP,22405,367,0.319814559841051,10,13,50,PB,Hazura Singh Gill,BRSP,,,,,False,13,2012,AE
1736369,Charanjit Singh Channi,INC,22301,54640,41.2607796052134,1,13,51,PB,Charanjit Singh Channi,INC,,,,,False,13,2012,AE
1736370,Jagmeet Kaur,SAD,22320,50981,38.4977270324558,2,13,51,PB,Jagmeet Kaur,SAD,,,,,False,13,2012,AE
1736371,Gurpreet Singh,PPOP,22331,13408,10.1248999441197,3,13,51,PB,Gurpreet Singh,PPOP,,,,,False,13,2012,AE
1736372,Rajinder Singh,BSP,22303,9164,6.92009122075725,4,13,51,PB,Rajinder Singh,BSP,,,,,False,13,2012,AE
1736373,Haripal,IND,22306,2877,2.17253409451316,5,13,51,PB,Haripal,IND,,,,,False,13,2012,AE
1736374,Gurpreet Singh,LJP,22313,477,0.360201168954736,6,13,51,PB,Gurpreet Singh,LJP,,,,,False,13,2012,AE
1736375,Sucha Singh,SAD(A),22321,471,0.35567033664084,7,13,51,PB,Sucha Singh,SAD(A),,,,,False,13,2012,AE
1736376,Sukhjit Kaur Khalsa,IND,22306,408,0.308096597344932,8,13,51,PB,Sukhjit Kaur Khalsa,IND,,,,,False,13,2012,AE
1736485,Jagmohan Singh,INC,22301,49451,37.0172693859524,1,13,52,PB,Jagmohan Singh,INC,,,,,False,13,2012,AE
1736486,Ujjagar Singh,SAD,22320,42672,31.942749777302,2,13,52,PB,Ujjagar Singh,SAD,,,,,False,13,2012,AE
1736487,Arjan Singh,BSP,22303,22884,17.1301529317533,3,13,52,PB,Arjan Singh,BSP,,,,,False,13,2012,AE
1736488,Kamal Kishore,IND,22306,6846,5.12467343868132,4,13,52,PB,Kamal Kishore,IND,,,,,False,13,2012,AE
1736489,Harnek Singh,PPOP,22331,6607,4.94576649275015,5,13,52,PB,Harnek Singh,PPOP,,,,,False,13,2012,AE
1736490,Karnail Singh,IND,22306,2902,2.17233454850324,6,13,52,PB,Karnail Singh,IND,,,,,False,13,2012,AE
1736491,Tavinder Singh,IND,22306,769,0.57564619841454,7,13,52,PB,Tavinder Singh,IND,,,,,False,13,2012,AE
1736492,Gurmeet Singh,NCP,22332,423,0.316642837359363,8,13,52,PB,Gurmeet Singh,NCP,,,,,False,13,2012,AE
1736493,Hari Singh Sodhi,IND,22306,387,0.289694510775587,9,13,52,PB,Hari Singh Sodhi,IND,,,,,False,13,2012,AE
1736494,Harmesh Singh,SAD(A),22321,365,0.273226088974391,10,13,52,PB,Harmesh Singh,SAD(A),,,,,False,13,2012,AE
1736495,Mohan Singh,ARWP,22392,283,0.211843789533569,11,13,52,PB,Mohan Singh,ARWP,,,,,False,13,2012,AE
1736614,Balbir Singh Sidhu,INC,22301,64005,51.3362421598036,1,13,53,PB,Balbir Singh Sidhu,INC,,,,,False,13,2012,AE
1736615,Balwant Singh Ramoowalia,SAD,22320,47249,37.8968222140233,2,13,53,PB,Balwant Singh Ramoowalia,SAD,,,,,False,13,2012,AE
1736616,Bir Devinder Singh Sarao,PPOP,22331,9069,7.27393766342097,3,13,53,PB,Bir Devinder Singh Sarao,PPOP,,,,,False,13,2012,AE
1736617,Manav Mehra,BSP,22303,2614,2.09660084377356,4,13,53,PB,Manav Mehra,BSP,,,,,False,13,2012,AE
1736618,Joginder Singh Jogi,IND,22306,702,0.563050417876449,5,13,53,PB,Joginder Singh Jogi,IND,,,,,False,13,2012,AE
1736619,Gurprakash Singh Virk Lt.Col.(Retd),IND,22306,334,0.267890084858595,6,13,53,PB,Gurprakash Singh Virk Lt.Col.(Retd),IND,,,,,False,13,2012,AE
1736620,Jasmer Singh,SAD(A),22321,220,0.176454546912847,7,13,53,PB,Jasmer Singh,SAD(A),,,,,False,13,2012,AE
1736621,Achal Singla,IND,22306,183,0.146778100386595,8,13,53,PB,Achal Singla,IND,,,,,False,13,2012,AE
1736622,Karamjit Singh,IND,22306,162,0.129934711817642,9,13,53,PB,Karamjit Singh,IND,,,,,False,13,2012,AE
1736623,Paramjit Kaur,ARWP,22392,140,0.112289257126357,10,13,53,PB,Paramjit Kaur,ARWP,,,,,False,13,2012,AE
1736727,Justice Nirmal Singh,SAD,22320,45692,45.1056268509378,1,13,54,PB,Justice Nirmal Singh,SAD,,,,,False,13,2012,AE
1736728,Harbans Kaur Dullo,INC,22301,34183,33.7443237907206,2,13,54,PB,Harbans Kaur Dullo,INC,,,,,False,13,2012,AE
1736729,Mohinder Pal,PPOP,22331,11344,11.19842053307,3,13,54,PB,Mohinder Pal,PPOP,,,,,False,13,2012,AE
1736730,Amarnath Singh,BSP,22303,5941,5.86475814412635,4,13,54,PB,Amarnath Singh,BSP,,,,,False,13,2012,AE
1736731,Kuldeep Singh,IND,22306,2090,2.06317867719644,5,13,54,PB,Kuldeep Singh,IND,,,,,False,13,2012,AE
1736732,Dharam Singh,SAD(A),22321,2050,2.02369200394866,6,13,54,PB,Dharam Singh,SAD(A),,,,,False,13,2012,AE
1736818,Kuljit Singh Nagra,INC,22301,36573,32.7923679043118,1,13,55,PB,Kuljit Singh Nagra,INC,,,,,False,13,2012,AE
1736819,Prem Singh Chandumajra,SAD,22320,33035,29.6200988083816,2,13,55,PB,Prem Singh Chandumajra,SAD,,,,,False,13,2012,AE
1736820,Didar Singh Bhatti,PPOP,22331,32065,28.7503698589604,3,13,55,PB,Didar Singh Bhatti,PPOP,,,,,False,13,2012,AE
1736821,Simranjit Singh Mann,SAD(A),22321,3234,2.89969424992602,4,13,55,PB,Simranjit Singh Mann,SAD(A),,,,,False,13,2012,AE
1736822,Harbans Lal,IND,22306,2163,1.93940589443104,5,13,55,PB,Harbans Lal,IND,,,,,False,13,2012,AE
1736823,Tarlochan Singh,BSP,22303,1748,1.56730536452402,6,13,55,PB,Tarlochan Singh,BSP,,,,,False,13,2012,AE
1736824,Manish Kumar,IND,22306,743,0.666194442701001,7,13,55,PB,Manish Kumar,IND,,,,,False,13,2012,AE
1736825,Prem Singh,IND,22306,524,0.469832958244044,8,13,55,PB,Prem Singh,IND,,,,,False,13,2012,AE
1736826,Ajit Kumar,IND,22306,442,0.396309480045548,9,13,55,PB,Ajit Kumar,IND,,,,,False,13,2012,AE
1736827,Ram Sharan,NCP,22332,318,0.285127634964897,10,13,55,PB,Ram Sharan,NCP,,,,,False,13,2012,AE
1736828,Sucha Singh,IND,22306,291,0.260918684826368,11,13,55,PB,Sucha Singh,IND,,,,,False,13,2012,AE
1736829,Harjinder Singh,IND,22306,257,0.230433340207479,12,13,55,PB,Harjinder Singh,IND,,,,,False,13,2012,AE
1736830,Surinder Prashar,IND,22306,136,0.121941378475553,13,13,55,PB,Surinder Prashar,IND,,,,,False,13,2012,AE
1736913,Randeep Singh,INC,22301,32503,34.8497844873801,1,13,56,PB,Randeep Singh,INC,,,,,False,13,2012,AE
1736914,Jagdeep Singh Cheema,SAD,22320,29975,32.1392576072738,2,13,56,PB,Jagdeep Singh Cheema,SAD,,,,,False,13,2012,AE
1736915,Jagmeet Singh Sahota,PPOP,22331,20538,22.0208864966868,3,13,56,PB,Jagmeet Singh Sahota,PPOP,,,,,False,13,2012,AE
1736916,Kuldeep Singh,BSP,22303,4867,5.21840756545793,4,13,56,PB,Kuldeep Singh,BSP,,,,,False,13,2012,AE
1736917,Labh Singh Ahluwalia,IND,22306,2472,2.65048356314198,5,13,56,PB,Labh Singh Ahluwalia,IND,,,,,False,13,2012,AE
1736918,Gurdev Singh Khanian,IND,22306,1532,1.64261359981129,6,13,56,PB,Gurdev Singh Khanian,IND,,,,,False,13,2012,AE
1736919,Gurdial Singh,SAD(A),22321,567,0.607938584264362,7,13,56,PB,Gurdial Singh,SAD(A),,,,,False,13,2012,AE
1736920,Baljit Singh,IND,22306,445,0.477129929449102,8,13,56,PB,Baljit Singh,IND,,,,,False,13,2012,AE
1736921,Karamjit Kaur Dharamsot,IND,22306,367,0.393498166534428,9,13,56,PB,Karamjit Kaur Dharamsot,IND,,,,,False,13,2012,AE
1737010,Gurkirat Singh,INC,22301,45045,38.3596757161835,1,13,57,PB,Gurkirat Singh,INC,,,,,False,13,2012,AE
1737011,Ranjit Singh Talwandi,SAD,22320,37767,32.1618353373982,2,13,57,PB,Ranjit Singh Talwandi,SAD,,,,,False,13,2012,AE
1737012,Gurpreet Singh,PPOP,22331,23370,19.9015566985727,3,13,57,PB,Gurpreet Singh,PPOP,,,,,False,13,2012,AE
1737013,Navjot Singh Mandair,BSP,22303,6194,5.27472153149163,4,13,57,PB,Navjot Singh Mandair,BSP,,,,,False,13,2012,AE
1737014,Bhalinder Singh,IND,22306,2964,2.52409987396532,5,13,57,PB,Bhalinder Singh,IND,,,,,False,13,2012,AE
1737015,Lalit Sharma,IND,22306,846,0.720441462002248,6,13,57,PB,Lalit Sharma,IND,,,,,False,13,2012,AE
1737016,Mahan Singh,SAD(A),22321,476,0.405354770582825,7,13,57,PB,Mahan Singh,SAD(A),,,,,False,13,2012,AE
1737017,Karnail Singh,IND,22306,343,0.292093878802329,8,13,57,PB,Karnail Singh,IND,,,,,False,13,2012,AE
1737018,Dalbara Singh,IND,22306,269,0.229076540518445,9,13,57,PB,Dalbara Singh,IND,,,,,False,13,2012,AE
1737019,Gurdeep Singh,IND,22306,154,0.131144190482678,10,13,57,PB,Gurdeep Singh,IND,,,,,False,13,2012,AE
1737105,Amrik Singh,INC,22301,54810,44.7103736876881,1,13,58,PB,Amrik Singh,INC,,,,,False,13,2012,AE
1737106,Kirpal Singh,SAD,22320,45860,37.4095555066115,2,13,58,PB,Kirpal Singh,SAD,,,,,False,13,2012,AE
1737107,Ranjit Singh,IND,22306,11274,9.19658370653158,3,13,58,PB,Ranjit Singh,IND,,,,,False,13,2012,AE
1737108,Jasmel Singh,PPOP,22331,6627,5.40586838949661,4,13,58,PB,Jasmel Singh,PPOP,,,,,False,13,2012,AE
1737109,Baldev Singh,BSP,22303,2538,2.07033257470082,5,13,58,PB,Baldev Singh,BSP,,,,,False,13,2012,AE
1737110,Mohan Singh,IND,22306,587,0.478835784613627,6,13,58,PB,Mohan Singh,IND,,,,,False,13,2012,AE
1737111,Didar Singh,SAD(A),22321,331,0.270007912618587,7,13,58,PB,Didar Singh,SAD(A),,,,,False,13,2012,AE
1737112,Navjeet Singh,IND,22306,318,0.259403372243839,8,13,58,PB,Navjeet Singh,IND,,,,,False,13,2012,AE
1737113,Gurnam Singh,IND,22306,244,0.199039065495272,9,13,58,PB,Gurnam Singh,IND,,,,,False,13,2012,AE
1737202,Sharanjit Singh Dhillon,SAD,22320,71583,53.4424834259093,1,13,59,PB,Sharanjit Singh Dhillon,SAD,,,,,False,13,2012,AE
1737203,Vikram Singh Bajwa,INC,22301,50367,37.6030281311592,2,13,59,PB,Vikram Singh Bajwa,INC,,,,,False,13,2012,AE
1737204,Labh Singh,BSP,22303,4852,3.6224093651078,3,13,59,PB,Labh Singh,BSP,,,,,False,13,2012,AE
1737205,Inderjit Singh Kasabad,IND,22306,2016,1.50510661171833,4,13,59,PB,Inderjit Singh Kasabad,IND,,,,,False,13,2012,AE
1737206,Jagdev Singh Garcha,CPM,22328,1522,1.13629576539449,5,13,59,PB,Jagdev Singh Garcha,CPM,,,,,False,13,2012,AE
1737207,Gurdeep Singh Kahlon,IND,22306,1309,0.97727408469211,6,13,59,PB,Gurdeep Singh Kahlon,IND,,,,,False,13,2012,AE
1737208,Parminder Singh,RJD,22420,624,0.46586633219853,7,13,59,PB,Parminder Singh,RJD,,,,,False,13,2012,AE
1737209,Krishan Kumar Sharma,IND,22306,382,0.285193812339485,8,13,59,PB,Krishan Kumar Sharma,IND,,,,,False,13,2012,AE
1737210,Nazar Singh Rayian,SAD(A),22321,368,0.274741683091441,9,13,59,PB,Nazar Singh Rayian,SAD(A),,,,,False,13,2012,AE
1737211,Ran Vijay Yadav,ADJSP,22421,263,0.196350713731111,10,13,59,PB,Ran Vijay Yadav,ADJSP,,,,,False,13,2012,AE
1737212,Muhammad Maksood Ansari,BHSVP,22422,245,0.182912261840769,11,13,59,PB,Muhammad Maksood Ansari,BHSVP,,,,,False,13,2012,AE
1737213,Barjinder Singh,NCP,22332,225,0.167980648629277,12,13,59,PB,Barjinder Singh,NCP,,,,,False,13,2012,AE
1737214,Maninder Singh,LJP,22313,188,0.140357164188018,13,13,59,PB,Maninder Singh,LJP,,,,,False,13,2012,AE
1737339,Ranjit Singh Dhillon,SAD,22320,38157,35.4991766446174,1,13,60,PB,Ranjit Singh Dhillon,SAD,,,,,False,13,2012,AE
1737340,Gurmail Singh Pehalwan,INC,22301,33586,31.2465693525728,2,13,60,PB,Gurmail Singh Pehalwan,INC,,,,,False,13,2012,AE
1737341,Daljit Singh Grewal Bholla,IND,22306,22412,20.8508935964349,3,13,60,PB,Daljit Singh Grewal Bholla,IND,,,,,False,13,2012,AE
1737342,Ramanjit Lalli,BSP,22303,9124,8.48846837291951,4,13,60,PB,Ramanjit Lalli,BSP,,,,,False,13,2012,AE
1737343,Daljit Singh,PPOP,22331,912,0.848474699265957,5,13,60,PB,Daljit Singh,PPOP,,,,,False,13,2012,AE
1737344,Prabhu Dayal,IND,22306,728,0.67729120730879,6,13,60,PB,Prabhu Dayal,IND,,,,,False,13,2012,AE
1737345,Harvinder Singh,SAD(A),22321,478,0.44470494106264,7,13,60,PB,Harvinder Singh,SAD(A),,,,,False,13,2012,AE
1737346,Daljit Singh,IND,22306,389,0.36190423027901,8,13,60,PB,Daljit Singh,IND,,,,,False,13,2012,AE
1737347,Jagatjeet Singh,IND,22306,328,0.305153181314949,9,13,60,PB,Jagatjeet Singh,IND,,,,,False,13,2012,AE
1737348,Narsingh Yadav,BSP(K),22431,319,0.296780075730088,10,13,60,PB,Narsingh Yadav,BSP(K),,,,,False,13,2012,AE
1737349,Harvinder Happy,IND,22306,278,0.258635928065719,11,13,60,PB,Harvinder Happy,IND,,,,,False,13,2012,AE
1737350,Dalbir Singh,SHS,22312,261,0.242820061960981,12,13,60,PB,Dalbir Singh,SHS,,,,,False,13,2012,AE
1737351,Jagmohan Sharma,IND,22306,159,0.147924865332551,13,13,60,PB,Jagmohan Sharma,IND,,,,,False,13,2012,AE
1737352,Gurmail Singh,IND,22306,138,0.128387618967875,14,13,60,PB,Gurmail Singh,IND,,,,,False,13,2012,AE
1737353,Baljit Singh,ABSR,22432,121,0.112571752863136,15,13,60,PB,Baljit Singh,ABSR,,,,,False,13,2012,AE
1737354,Manjit Singh,BGTD,22310,97,0.0902434713035064,16,13,60,PB,Manjit Singh,BGTD,,,,,False,13,2012,AE
1737498,Balwinder Singh Bains,IND,22306,49594,55.8390380111691,1,13,61,PB,Balwinder Singh Bains,IND,,,,,False,13,2012,AE
1737499,Hakam Singh Giaspura,SAD,22320,17361,19.5471536660061,2,13,61,PB,Hakam Singh Giaspura,SAD,,,,,False,13,2012,AE
1737500,Ashok Prashar,INC,22301,16737,18.8445775535939,3,13,61,PB,Ashok Prashar,INC,,,,,False,13,2012,AE
1737501,Girij Dev Yadav,BSP,22303,2045,2.30251306070978,4,13,61,PB,Girij Dev Yadav,BSP,,,,,False,13,2012,AE
1737502,Amit Kumar,IND,22306,867,0.976175463880381,5,13,61,PB,Amit Kumar,IND,,,,,False,13,2012,AE
1737503,Lal Chand Rao,IND,22306,599,0.674428030985408,6,13,61,PB,Lal Chand Rao,IND,,,,,False,13,2012,AE
1737504,Vibhor Garg,PPOP,22331,496,0.558457935507115,7,13,61,PB,Vibhor Garg,PPOP,,,,,False,13,2012,AE
1737505,Balwinder Singh,IND,22306,355,0.399702756260133,8,13,61,PB,Balwinder Singh,IND,,,,,False,13,2012,AE
1737506,Sunder Lal,IND,22306,239,0.26909565843992,9,13,61,PB,Sunder Lal,IND,,,,,False,13,2012,AE
1737507,Seeta Devi,IND,22306,147,0.165510718789407,10,13,61,PB,Seeta Devi,IND,,,,,False,13,2012,AE
1737508,Amrik Singh,IND,22306,133,0.149747793190416,11,13,61,PB,Amrik Singh,IND,,,,,False,13,2012,AE
1737509,Pardeep Kumar,NCP,22332,100,0.112592325707079,12,13,61,PB,Pardeep Kumar,NCP,,,,,False,13,2012,AE
1737510,Saroop Singh,RASAP,22428,81,0.0911997838227346,13,13,61,PB,Saroop Singh,RASAP,,,,,False,13,2012,AE
1737511,Arjan Singh Cheema,IND,22306,62,0.0698072419383894,14,13,61,PB,Arjan Singh Cheema,IND,,,,,False,13,2012,AE
1737660,Simarjit Singh Bains,IND,22306,51063,52.3658626630568,1,13,62,PB,Simarjit Singh Bains,IND,,,,,False,13,2012,AE
1737661,Hira Singh Gabria,SAD,22320,22560,23.1356140782672,2,13,62,PB,Hira Singh Gabria,SAD,,,,,False,13,2012,AE
1737662,Malkit Singh Birmi,INC,22301,18863,19.3442858314874,3,13,62,PB,Malkit Singh Birmi,INC,,,,,False,13,2012,AE
1737663,Ajit Singh Khurana,PPOP,22331,1441,1.47776683895315,4,13,62,PB,Ajit Singh Khurana,PPOP,,,,,False,13,2012,AE
1737664,Baldev Singh Deebu,BSP,22303,942,0.966034949544671,5,13,62,PB,Baldev Singh Deebu,BSP,,,,,False,13,2012,AE
1737665,Harpreet Singh Bansal,IND,22306,593,0.608130281401263,6,13,62,PB,Harpreet Singh Bansal,IND,,,,,False,13,2012,AE
1737666,Sukhwinder Singh Gill,NCP,22332,391,0.400976290097629,7,13,62,PB,Sukhwinder Singh Gill,NCP,,,,,False,13,2012,AE
1737667,Sonu Sivia,IND,22306,376,0.385593567971121,8,13,62,PB,Sonu Sivia,IND,,,,,False,13,2012,AE
1737668,Amrik Singh,IND,22306,260,0.266633850192796,9,13,62,PB,Amrik Singh,IND,,,,,False,13,2012,AE
1737669,Arvinder Singh Dhanjal,IND,22306,221,0.226638772663877,10,13,62,PB,Arvinder Singh Dhanjal,IND,,,,,False,13,2012,AE
1737670,Sarabjit Singh Kochhar,IND,22306,216,0.221511198621708,11,13,62,PB,Sarabjit Singh Kochhar,IND,,,,,False,13,2012,AE
1737671,Sohan Singh Goga,IND,22306,210,0.215358109771105,12,13,62,PB,Sohan Singh Goga,IND,,,,,False,13,2012,AE
1737672,Satveer Singh Kala,IND,22306,162,0.166133398966281,13,13,62,PB,Satveer Singh Kala,IND,,,,,False,13,2012,AE
1737673,Arun Kumar,IND,22306,130,0.133316925096398,14,13,62,PB,Arun Kumar,IND,,,,,False,13,2012,AE
1737674,Satwinder Singh,BGTD,22310,84,0.086143243908442,15,13,62,PB,Satwinder Singh,BGTD,,,,,False,13,2012,AE
1737822,Surinder Kumar Dawar,INC,22301,47737,49.0788147965373,1,13,63,PB,Surinder Kumar Dawar,INC,,,,,False,13,2012,AE
1737823,Satpal Gosain,BJP,22300,40541,41.6805461312277,2,13,63,PB,Satpal Gosain,BJP,,,,,False,13,2012,AE
1737824,Ajay Nayyar,IND,22306,5732,5.89311784179466,3,13,63,PB,Ajay Nayyar,IND,,,,,False,13,2012,AE
1737825,Rajan Masih,BSP,22303,954,0.980815495651101,4,13,63,PB,Rajan Masih,BSP,,,,,False,13,2012,AE
1737826,Amarjeet Singh Madaan,PPOP,22331,863,0.887257623424423,5,13,63,PB,Amarjeet Singh Madaan,PPOP,,,,,False,13,2012,AE
1737827,Bobby,IND,22306,482,0.495548290255587,6,13,63,PB,Bobby,IND,,,,,False,13,2012,AE
1737828,Narinder Lekhi,IND,22306,339,0.348528776756523,7,13,63,PB,Narinder Lekhi,IND,,,,,False,13,2012,AE
1737829,Vikas,SSPD,22309,323,0.332079040980404,8,13,63,PB,Vikas,SSPD,,,,,False,13,2012,AE
1737830,Jaspal Singh,BGTD,22310,101,0.103838957086751,9,13,63,PB,Jaspal Singh,BGTD,,,,,False,13,2012,AE
1737831,Sanjeev Nayyar,IND,22306,98,0.100754631628729,10,13,63,PB,Sanjeev Nayyar,IND,,,,,False,13,2012,AE
1737832,Satnam Singh,IND,22306,96,0.0986984146567145,11,13,63,PB,Satnam Singh,IND,,,,,False,13,2012,AE
1737970,Bharat Bhushan Ashu,INC,22301,69125,62.8060802645805,1,13,64,PB,Bharat Bhushan Ashu,INC,,,,,False,13,2012,AE
1737971,Prof. Rajinder Bhandari,BJP,22300,33203,30.1678160292928,2,13,64,PB,Prof. Rajinder Bhandari,BJP,,,,,False,13,2012,AE
1737972,Dharampaul Maur,CPI,22304,5264,4.78280226419894,3,13,64,PB,Dharampaul Maur,CPI,,,,,False,13,2012,AE
1737973,Kunal,BSP,22303,1549,1.40740135016036,4,13,64,PB,Kunal,BSP,,,,,False,13,2012,AE
1737974,Navpreet Singh Bedi,IND,22306,655,0.595124521856061,5,13,64,PB,Navpreet Singh Bedi,IND,,,,,False,13,2012,AE
1737975,Abdul Rahiman,IND,22306,265,0.240775569911231,6,13,64,PB,Abdul Rahiman,IND,,,,,False,13,2012,AE
1738120,Rakesh Panday,INC,22301,48216,43.3620519092756,1,13,65,PB,Rakesh Panday,INC,,,,,False,13,2012,AE
1738121,Parveen Bansal,BJP,22300,46048,41.4123064194111,2,13,65,PB,Parveen Bansal,BJP,,,,,False,13,2012,AE
1738122,Hansraj,BSP,22303,10280,9.24510315304782,3,13,65,PB,Hansraj,BSP,,,,,False,13,2012,AE
1738123,Pankaj Sharda,IND,22306,2794,2.51272550677194,4,13,65,PB,Pankaj Sharda,IND,,,,,False,13,2012,AE
1738124,Anand Sharma,PPOP,22331,1544,1.38856413115815,5,13,65,PB,Anand Sharma,PPOP,,,,,False,13,2012,AE
1738125,Rakesh Garg,IND,22306,524,0.471248448657301,6,13,65,PB,Rakesh Garg,IND,,,,,False,13,2012,AE
1738126,Ramdeep Puri,SHS,22312,481,0.432577297336187,7,13,65,PB,Ramdeep Puri,SHS,,,,,False,13,2012,AE
1738127,Sandhya James,IND,22306,413,0.371422918502796,8,13,65,PB,Sandhya James,IND,,,,,False,13,2012,AE
1738128,Dharam Paul Mehmi,NCP,22332,276,0.248214831735525,9,13,65,PB,Dharam Paul Mehmi,NCP,,,,,False,13,2012,AE
1738129,Sharanjit Singh,IND,22306,248,0.223033616921776,10,13,65,PB,Sharanjit Singh,IND,,,,,False,13,2012,AE
1738130,Sukhdev Singh,BHSVP,22422,206,0.185261794701152,11,13,65,PB,Sukhdev Singh,BHSVP,,,,,False,13,2012,AE
1738131,Daljit Singh,BGTD,22310,164,0.147489972480529,12,13,65,PB,Daljit Singh,BGTD,,,,,False,13,2012,AE
1738275,Darshan Singh Shivalik,SAD,22320,69131,46.4774339287755,1,13,66,PB,Darshan Singh Shivalik,SAD,,,,,False,13,2012,AE
1738276,Malkiat Singh Dakha,INC,22301,63814,42.9027638647044,2,13,66,PB,Malkiat Singh Dakha,INC,,,,,False,13,2012,AE
1738277,Manjit Singh,PPOP,22331,7729,5.19628078337512,3,13,66,PB,Manjit Singh,PPOP,,,,,False,13,2012,AE
1738278,Balvir Singh,BSP,22303,5839,3.92561566750257,4,13,66,PB,Balvir Singh,BSP,,,,,False,13,2012,AE
1738279,Charan Dass,IND,22306,1264,0.849799315588842,5,13,66,PB,Charan Dass,IND,,,,,False,13,2012,AE
1738280,Amarjit Singh Sandhu,IND,22306,483,0.324725529611875,6,13,66,PB,Amarjit Singh Sandhu,IND,,,,,False,13,2012,AE
1738281,Inderjit Singh,IND,22306,481,0.32338091044164,7,13,66,PB,Inderjit Singh,IND,,,,,False,13,2012,AE
1738397,Charanjit Singh Atwal,SAD,22320,55240,45.9728024767389,1,13,67,PB,Charanjit Singh Atwal,SAD,,,,,False,13,2012,AE
1738398,Lakhvir Singh,INC,22301,54610,45.4484928177899,2,13,67,PB,Lakhvir Singh,INC,,,,,False,13,2012,AE
1738399,Malkit Singh,PPOP,22331,4484,3.73175319163101,3,13,67,PB,Malkit Singh,PPOP,,,,,False,13,2012,AE
1738400,Sukhdev Singh,BSP,22303,4062,3.38054894389054,4,13,67,PB,Sukhdev Singh,BSP,,,,,False,13,2012,AE
1738401,Hardeep Singh,SAD(A),22321,527,0.43858919089865,5,13,67,PB,Hardeep Singh,SAD(A),,,,,False,13,2012,AE
1738402,Prem Singh,IND,22306,496,0.412789826728141,6,13,67,PB,Prem Singh,IND,,,,,False,13,2012,AE
1738403,Jagdeep Singh,BSP(K),22431,393,0.32706935867774,7,13,67,PB,Jagdeep Singh,BSP(K),,,,,False,13,2012,AE
1738404,Kiran Bala,IND,22306,346,0.287954193645034,8,13,67,PB,Kiran Bala,IND,,,,,False,13,2012,AE
1738529,Manpreet Singh Ayali,SAD,22320,72208,52.1900026019832,1,13,68,PB,Manpreet Singh Ayali,SAD,,,,,False,13,2012,AE
1738530,Jasbir Singh Khangura(Jassikhangura),INC,22301,55820,40.3451964497383,2,13,68,PB,Jasbir Singh Khangura(Jassikhangura),INC,,,,,False,13,2012,AE
1738531,Daljit Singh,PPOP,22331,8374,6.05250224059672,3,13,68,PB,Daljit Singh,PPOP,,,,,False,13,2012,AE
1738532,Surinder Singh,BSP,22303,1258,0.909248605047847,4,13,68,PB,Surinder Singh,BSP,,,,,False,13,2012,AE
1738533,Kewal Singh,IND,22306,696,0.503050102633785,5,13,68,PB,Kewal Singh,IND,,,,,False,13,2012,AE
1738647,Gurcharan Singh,INC,22301,49553,45.892180742195,1,13,69,PB,Gurcharan Singh,INC,,,,,False,13,2012,AE
1738648,Bikramjit Singh,SAD,22320,45660,42.2867832964427,2,13,69,PB,Bikramjit Singh,SAD,,,,,False,13,2012,AE
1738649,Hakam Singh,PPOP,22331,9746,9.02599627698491,3,13,69,PB,Hakam Singh,PPOP,,,,,False,13,2012,AE
1738650,Baldev Singh,BSP,22303,2167,2.00690887874269,4,13,69,PB,Baldev Singh,BSP,,,,,False,13,2012,AE
1738651,Baldev Singh,IND,22306,851,0.788130805634533,5,13,69,PB,Baldev Singh,IND,,,,,False,13,2012,AE
1738762,S R Kaler,SAD,22320,53031,43.4858548585485,1,13,70,PB,S R Kaler,SAD,,,,,False,13,2012,AE
1738763,Ishar Singh,INC,22301,52825,43.3169331693316,2,13,70,PB,Ishar Singh,INC,,,,,False,13,2012,AE
1738764,Major Singh,PPOP,22331,9546,7.82779827798277,3,13,70,PB,Major Singh,PPOP,,,,,False,13,2012,AE
1738765,Rajesh Inder Singh Sidhu,IND,22306,3158,2.58958589585895,4,13,70,PB,Rajesh Inder Singh Sidhu,IND,,,,,False,13,2012,AE
1738766,Avtar Singh,IND,22306,1192,0.977449774497744,5,13,70,PB,Avtar Singh,IND,,,,,False,13,2012,AE
1738767,Rishi Dev,BSP,22303,1085,0.88970889708897,6,13,70,PB,Rishi Dev,BSP,,,,,False,13,2012,AE
1738768,Parminder Singh,IND,22306,636,0.521525215252152,7,13,70,PB,Parminder Singh,IND,,,,,False,13,2012,AE
1738769,Kewal Singh,SAD(A),22321,477,0.391143911439114,8,13,70,PB,Kewal Singh,SAD(A),,,,,False,13,2012,AE
1738891,Rajwinder Kaur,SAD,22320,57652,41.5734631332251,1,13,71,PB,Rajwinder Kaur,SAD,,,,,False,13,2012,AE
1738892,Ajit Singh Shant,INC,22301,57061,41.1472868217054,2,13,71,PB,Ajit Singh Shant,INC,,,,,False,13,2012,AE
1738893,Mohinder Singh,CPI,22304,17513,12.6288083648819,3,13,71,PB,Mohinder Singh,CPI,,,,,False,13,2012,AE
1738894,Amarjit Kaur,IND,22306,1901,1.37083107986298,4,13,71,PB,Amarjit Kaur,IND,,,,,False,13,2012,AE
1738895,Kewal Singh,BSP,22303,1633,1.17757346313322,5,13,71,PB,Kewal Singh,BSP,,,,,False,13,2012,AE
1738896,Darshan Singh,SAD(A),22321,1555,1.12132684333874,6,13,71,PB,Darshan Singh,SAD(A),,,,,False,13,2012,AE
1738897,Babu Singh,IND,22306,1360,0.980710293852532,7,13,71,PB,Babu Singh,IND,,,,,False,13,2012,AE
1739007,Maheshinder Singh,SAD,22320,63703,49.4477175170186,1,13,72,PB,Maheshinder Singh,SAD,,,,,False,13,2012,AE
1739008,Darshan Singh Brar Khote,INC,22301,53129,41.2399382126695,2,13,72,PB,Darshan Singh Brar Khote,INC,,,,,False,13,2012,AE
1739009,Gurpreet Singh,PPOP,22331,3617,2.80759766822687,3,13,72,PB,Gurpreet Singh,PPOP,,,,,False,13,2012,AE
1739010,Amarjit Singh,IND,22306,3346,2.5972413043647,4,13,72,PB,Amarjit Singh,IND,,,,,False,13,2012,AE
1739011,Sukhdev Singh Khalsa,BSP,22303,2955,2.29373821111706,5,13,72,PB,Sukhdev Singh Khalsa,BSP,,,,,False,13,2012,AE
1739012,Darshan Singh Brar,IND,22306,800,0.620978195903096,6,13,72,PB,Darshan Singh Brar,IND,,,,,False,13,2012,AE
1739013,Balwant Singh Brar Sheran Wale Sardar,IND,22306,799,0.620201973158217,7,13,72,PB,Balwant Singh Brar Sheran Wale Sardar,IND,,,,,False,13,2012,AE
1739014,Kuldeep Singh,IND,22306,480,0.372586917541857,8,13,72,PB,Kuldeep Singh,IND,,,,,False,13,2012,AE
1739119,Joginder Pal Jain,INC,22301,62200,46.3954052138887,1,13,73,PB,Joginder Pal Jain,INC,,,,,False,13,2012,AE
1739120,Paramdeep Singh Gill,SAD,22320,57575,42.9455860962965,2,13,73,PB,Paramdeep Singh Gill,SAD,,,,,False,13,2012,AE
1739121,Ravinder Singh,PPOP,22331,9910,7.39193674710028,3,13,73,PB,Ravinder Singh,PPOP,,,,,False,13,2012,AE
1739122,Pritpal Singh,BSP,22303,1791,1.33591914369895,4,13,73,PB,Pritpal Singh,BSP,,,,,False,13,2012,AE
1739123,Navneet,IND,22306,1001,0.74665274307239,5,13,73,PB,Navneet,IND,,,,,False,13,2012,AE
1739124,Ashwani Kumar,SHS,22312,907,0.676537500466191,6,13,73,PB,Ashwani Kumar,SHS,,,,,False,13,2012,AE
1739125,Sathi Vijay Kumar,IND,22306,369,0.27523962257114,7,13,73,PB,Sathi Vijay Kumar,IND,,,,,False,13,2012,AE
1739126,Shri Ram Daynwal,IND,22306,312,0.23272293290568,8,13,73,PB,Shri Ram Daynwal,IND,,,,,False,13,2012,AE
1739237,Tota Singh,SAD,22320,62887,47.2934151550702,1,13,74,PB,Tota Singh,SAD,,,,,False,13,2012,AE
1739238,Sukhjit Singh,INC,22301,58632,44.0934933670246,2,13,74,PB,Sukhjit Singh,INC,,,,,False,13,2012,AE
1739239,Kuldeep Singh,PPOP,22331,6792,5.10784225250428,3,13,74,PB,Kuldeep Singh,PPOP,,,,,False,13,2012,AE
1739240,Gurnam Singh,BSP,22303,1424,1.07090214481244,4,13,74,PB,Gurnam Singh,BSP,,,,,False,13,2012,AE
1739241,Hardeep Singh,IND,22306,918,0.690370905152964,5,13,74,PB,Hardeep Singh,IND,,,,,False,13,2012,AE
1739242,Arjan Singh,MB(S)P,22441,745,0.560268327166621,6,13,74,PB,Arjan Singh,MB(S)P,,,,,False,13,2012,AE
1739243,Nishan Singh,SAD(A),22321,586,0.440694281502872,7,13,74,PB,Nishan Singh,SAD(A),,,,,False,13,2012,AE
1739244,Sukhjeet Singh,IND,22306,506,0.380531239659477,8,13,74,PB,Sukhjeet Singh,IND,,,,,False,13,2012,AE
1739245,Surjit Singh,IND,22306,482,0.362482327106458,9,13,74,PB,Surjit Singh,IND,,,,,False,13,2012,AE
1739351,Hari Singh,SAD,22320,71389,52.2720616231731,1,13,75,PB,Hari Singh,SAD,,,,,False,13,2012,AE
1739352,Naresh Kumar,INC,22301,59422,43.509650587236,2,13,75,PB,Naresh Kumar,INC,,,,,False,13,2012,AE
1739353,Harinder Singh,PPOP,22331,2812,2.05898720089037,3,13,75,PB,Harinder Singh,PPOP,,,,,False,13,2012,AE
1739354,Sukhdev Singh,BSP,22303,1802,1.31945054623202,4,13,75,PB,Sukhdev Singh,BSP,,,,,False,13,2012,AE
1739355,Jaswinder Kaur,IND,22306,1147,0.839850042468441,5,13,75,PB,Jaswinder Kaur,IND,,,,,False,13,2012,AE
1739475,Parminder Singh Pinki,INC,22301,56173,48.8873223501562,1,13,76,PB,Parminder Singh Pinki,INC,,,,,False,13,2012,AE
1739476,Sukhpal Singh,BJP,22300,34820,30.3038214842084,2,13,76,PB,Sukhpal Singh,BJP,,,,,False,13,2012,AE
1739477,Ravinder Singh Sandhu,IND,22306,18631,16.2145461824321,3,13,76,PB,Ravinder Singh Sandhu,IND,,,,,False,13,2012,AE
1739478,Parminder Singh,PPOP,22331,1536,1.3367797185452,4,13,76,PB,Parminder Singh,PPOP,,,,,False,13,2012,AE
1739479,Didar Singh,BSP,22303,1181,1.02782346849081,5,13,76,PB,Didar Singh,BSP,,,,,False,13,2012,AE
1739480,Kuldeep Kaur Sandhu,IND,22306,660,0.574397535312393,6,13,76,PB,Kuldeep Kaur Sandhu,IND,,,,,False,13,2012,AE
1739481,Mohinder Pal,IND,22306,626,0.544807359250846,7,13,76,PB,Mohinder Pal,IND,,,,,False,13,2012,AE
1739482,Rajinder Singh,IND,22306,411,0.357693010626354,8,13,76,PB,Rajinder Singh,IND,,,,,False,13,2012,AE
1739483,Bohar Singh,SAD(A),22321,302,0.262830387370216,9,13,76,PB,Bohar Singh,SAD(A),,,,,False,13,2012,AE
1739484,Arozepal Singh Sandhu,IND,22306,214,0.186244049328564,10,13,76,PB,Arozepal Singh Sandhu,IND,,,,,False,13,2012,AE
1739485,Mohinder Singh,LJP,22313,205,0.178411355665213,11,13,76,PB,Mohinder Singh,LJP,,,,,False,13,2012,AE
1739486,Sukhdev Singh,IND,22306,144,0.125323098613613,12,13,76,PB,Sukhdev Singh,IND,,,,,False,13,2012,AE
1739611,Joginder Singh Alias Jindu,SAD,22320,61830,45.397809039913,1,13,77,PB,Joginder Singh Alias Jindu,SAD,,,,,False,13,2012,AE
1739612,Satkar Kaur,INC,22301,61668,45.2788628153543,2,13,77,PB,Satkar Kaur,INC,,,,,False,13,2012,AE
1739613,Hansa Singh,PPOP,22331,7621,5.5956122059385,3,13,77,PB,Hansa Singh,PPOP,,,,,False,13,2012,AE
1739614,Harbans Singh,BSP,22303,1922,1.41120150371523,4,13,77,PB,Harbans Singh,BSP,,,,,False,13,2012,AE
1739615,Swaran Singh,IND,22306,1181,0.86713266175218,5,13,77,PB,Swaran Singh,IND,,,,,False,13,2012,AE
1739616,Sukhdev Singh,SAD(A),22321,784,0.575640987987899,6,13,77,PB,Sukhdev Singh,SAD(A),,,,,False,13,2012,AE
1739617,Avtar Singh,LJP,22313,641,0.470645246556433,7,13,77,PB,Avtar Singh,LJP,,,,,False,13,2012,AE
1739618,Bhajan Singh Harbajan Singh,AIKMM,22454,549,0.403095538782343,8,13,77,PB,Bhajan Singh Harbajan Singh,AIKMM,,,,,False,13,2012,AE
1739741,Gurmeet Singh Sodhi,INC,22301,62054,48.9338548402359,1,13,78,PB,Gurmeet Singh Sodhi,INC,,,,,False,13,2012,AE
1739742,Vardev Singh,SAD,22320,58805,46.3717944674005,2,13,78,PB,Vardev Singh,SAD,,,,,False,13,2012,AE
1739743,Charanjit Singh,CPI,22304,2846,2.24426710405955,3,13,78,PB,Charanjit Singh,CPI,,,,,False,13,2012,AE
1739744,Raj Kumar,BSP,22303,851,0.671072138283443,4,13,78,PB,Raj Kumar,BSP,,,,,False,13,2012,AE
1739745,Manoj Kumar,IND,22306,710,0.559883922657161,5,13,78,PB,Manoj Kumar,IND,,,,,False,13,2012,AE
1739746,Joginder Singh,SAD(A),22321,419,0.33041037125824,6,13,78,PB,Joginder Singh,SAD(A),,,,,False,13,2012,AE
1739747,Sikandar Singh,IND,22306,383,0.302021890672806,7,13,78,PB,Sikandar Singh,IND,,,,,False,13,2012,AE
1739748,Gurmeet Singh,IND,22306,216,0.170330883512601,8,13,78,PB,Gurmeet Singh,IND,,,,,False,13,2012,AE
1739749,Balraj Singh,IND,22306,207,0.163233763366242,9,13,78,PB,Balraj Singh,IND,,,,,False,13,2012,AE
1739750,Ganda Singh,IND,22306,157,0.123805318108696,10,13,78,PB,Ganda Singh,IND,,,,,False,13,2012,AE
1739751,Satnam Paul,IND,22306,88,0.069394063653282,11,13,78,PB,Satnam Paul,IND,,,,,False,13,2012,AE
1739752,Udik Chand,IND,22306,76,0.0599312367914708,12,13,78,PB,Udik Chand,IND,,,,,False,13,2012,AE
1739879,Sukhbir Singh Badal,SAD,22320,80647,53.9823956625054,1,13,79,PB,Sukhbir Singh Badal,SAD,,,,,False,13,2012,AE
1739880,Hans Raj Josan,IND,22306,30401,20.3494092841125,2,13,79,PB,Hans Raj Josan,IND,,,,,False,13,2012,AE
1739881,Malkit Singh,INC,22301,17970,12.0285150105425,3,13,79,PB,Malkit Singh,INC,,,,,False,13,2012,AE
1739882,Dr. Raj Singh,PPOP,22331,6735,4.50818300478597,4,13,79,PB,Dr. Raj Singh,PPOP,,,,,False,13,2012,AE
1739883,Gurbir Singh,IND,22306,5566,3.72569363097827,5,13,79,PB,Gurbir Singh,IND,,,,,False,13,2012,AE
1739884,Jagtar Singh,BSP,22303,2323,1.55493825094548,6,13,79,PB,Jagtar Singh,BSP,,,,,False,13,2012,AE
1739885,Amarjeet Kaur,IND,22306,1558,1.04287292078048,7,13,79,PB,Amarjeet Kaur,IND,,,,,False,13,2012,AE
1739886,Wazir Singh,IND,22306,1142,0.764416479801867,8,13,79,PB,Wazir Singh,IND,,,,,False,13,2012,AE
1739887,Amrinder Singh,IND,22306,694,0.464540312594129,9,13,79,PB,Amrinder Singh,IND,,,,,False,13,2012,AE
1739888,Subage Singh,IND,22306,583,0.390240637236855,10,13,79,PB,Subage Singh,IND,,,,,False,13,2012,AE
1739889,Savinder Singh,IND,22306,499,0.334013855885404,11,13,79,PB,Savinder Singh,IND,,,,,False,13,2012,AE
1739890,Sukhdev Singh,IND,22306,360,0.240971920077646,12,13,79,PB,Sukhdev Singh,IND,,,,,False,13,2012,AE
1739891,Bakhshish Singh,IND,22306,284,0.190100070283476,13,13,79,PB,Bakhshish Singh,IND,,,,,False,13,2012,AE
1739892,Makhan Singh,IND,22306,255,0.170688443388332,14,13,79,PB,Makhan Singh,IND,,,,,False,13,2012,AE
1739893,Balbir Singh,IND,22306,240,0.160647946718431,15,13,79,PB,Balbir Singh,IND,,,,,False,13,2012,AE
1739894,Agya Rani,IND,22306,138,0.0923725693630978,16,13,79,PB,Agya Rani,IND,,,,,False,13,2012,AE
1740019,Surjit Kumar Jyani,BJP,22300,40901,32.384006334125,1,13,80,PB,Surjit Kumar Jyani,BJP,,,,,False,13,2012,AE
1740020,Jaswinder Singh,IND,22306,39209,31.0443388756927,2,13,80,PB,Jaswinder Singh,IND,,,,,False,13,2012,AE
1740021,Dr. Mohinder Kumar Rinwa,INC,22301,32205,25.4988123515439,3,13,80,PB,Dr. Mohinder Kumar Rinwa,INC,,,,,False,13,2012,AE
1740022,Mohan Singh Falian Wala,BSP,22303,8364,6.62232779097387,4,13,80,PB,Mohan Singh Falian Wala,BSP,,,,,False,13,2012,AE
1740023,Jaspal Singh,IND,22306,1962,1.55344418052256,5,13,80,PB,Jaspal Singh,IND,,,,,False,13,2012,AE
1740024,Surinder Singh,CPI,22304,1450,1.14806017418844,6,13,80,PB,Surinder Singh,CPI,,,,,False,13,2012,AE
1740025,Rajdeep Kaur,IND,22306,1136,0.89944576405384,7,13,80,PB,Rajdeep Kaur,IND,,,,,False,13,2012,AE
1740026,Bharat Bhushan,IND,22306,440,0.348376880443388,8,13,80,PB,Bharat Bhushan,IND,,,,,False,13,2012,AE
1740027,Arun,IND,22306,341,0.269992082343626,9,13,80,PB,Arun,IND,,,,,False,13,2012,AE
1740028,Gurvinder Singh,IND,22306,292,0.23119556611243,10,13,80,PB,Gurvinder Singh,IND,,,,,False,13,2012,AE
1740156,Sunil Kumar Jakhar,INC,22301,55613,48.4142806153096,1,13,81,PB,Sunil Kumar Jakhar,INC,,,,,False,13,2012,AE
1740157,Shiv Lal Doda,IND,22306,45825,39.8932697246428,2,13,81,PB,Shiv Lal Doda,IND,,,,,False,13,2012,AE
1740158,Vijay Lakshami Bhadoo,BJP,22300,9251,8.05352183791971,3,13,81,PB,Vijay Lakshami Bhadoo,BJP,,,,,False,13,2012,AE
1740159,Rajinder Kumar,IND,22306,1316,1.14565287414358,4,13,81,PB,Rajinder Kumar,IND,,,,,False,13,2012,AE
1740160,Kuldeep Singh,BSP,22303,842,0.733008905797038,5,13,81,PB,Kuldeep Singh,BSP,,,,,False,13,2012,AE
1740161,Sunita Doda,IND,22306,434,0.377821692536715,6,13,81,PB,Sunita Doda,IND,,,,,False,13,2012,AE
1740162,Mahavir Kumar,IND,22306,419,0.364763339108027,7,13,81,PB,Mahavir Kumar,IND,,,,,False,13,2012,AE
1740163,Shiv Charan Doda,IND,22306,390,0.339517189145896,8,13,81,PB,Shiv Charan Doda,IND,,,,,False,13,2012,AE
1740164,Dalip Kumar,IND,22306,247,0.215027553125734,9,13,81,PB,Dalip Kumar,IND,,,,,False,13,2012,AE
1740165,Amarjit Singh,IND,22306,194,0.168888037677702,10,13,81,PB,Amarjit Singh,IND,,,,,False,13,2012,AE
1740166,Gurjant Singh,IND,22306,188,0.163664696306227,11,13,81,PB,Gurjant Singh,IND,,,,,False,13,2012,AE
1740167,Suresh Kumar Satija,IND,22306,150,0.130583534286883,12,13,81,PB,Suresh Kumar Satija,IND,,,,,False,13,2012,AE
1740286,Gurtej Singh,SAD,22320,49418,38.3046669715455,1,13,82,PB,Gurtej Singh,SAD,,,,,False,13,2012,AE
1740287,Giriraj Rajora,INC,22301,41191,31.9277902226907,2,13,82,PB,Giriraj Rajora,INC,,,,,False,13,2012,AE
1740288,Parkash Singh Bhatti,IND,22306,25556,19.8088564718284,3,13,82,PB,Parkash Singh Bhatti,IND,,,,,False,13,2012,AE
1740289,Ramesh Kumar,PPOP,22331,10124,7.84727120522738,4,13,82,PB,Ramesh Kumar,PPOP,,,,,False,13,2012,AE
1740290,Kashmir Singh,BSP,22303,2724,2.11141512870795,5,13,82,PB,Kashmir Singh,BSP,,,,,False,13,2012,AE
1740419,Parkash Singh Badal,SAD,22320,67999,55.7076615545943,1,13,83,PB,Parkash Singh Badal,SAD,,,,,False,13,2012,AE
1740420,Maheshinder Singh,INC,22301,43260,35.4404246952418,2,13,83,PB,Maheshinder Singh,INC,,,,,False,13,2012,AE
1740421,Gurdas Singh Badal,PPOP,22331,5352,4.38458513566653,3,13,83,PB,Gurdas Singh Badal,PPOP,,,,,False,13,2012,AE
1740422,Parveen Kumari,BSP,22303,1773,1.45251671254423,4,13,83,PB,Parveen Kumari,BSP,,,,,False,13,2012,AE
1740423,Puran Singh,IND,22306,1239,1.01504128981517,5,13,83,PB,Puran Singh,IND,,,,,False,13,2012,AE
1740424,Jaswinder Singh,IND,22306,496,0.406344212871936,6,13,83,PB,Jaswinder Singh,IND,,,,,False,13,2012,AE
1740425,Iqbal Singh,SAD(A),22321,462,0.378489972473456,7,13,83,PB,Iqbal Singh,SAD(A),,,,,False,13,2012,AE
1740426,Nachattar Singh,IND,22306,409,0.335070127146414,8,13,83,PB,Nachattar Singh,IND,,,,,False,13,2012,AE
1740427,Swami Ishavardas Singh,IND,22306,387,0.317046795123869,9,13,83,PB,Swami Ishavardas Singh,IND,,,,,False,13,2012,AE
1740428,Gurmeet Singh Ranghreta,PLP,22440,356,0.291650281819373,10,13,83,PB,Gurmeet Singh Ranghreta,PLP,,,,,False,13,2012,AE
1740429,Kiranjit Singh Gehri,LJP,22313,331,0.271169222702844,11,13,83,PB,Kiranjit Singh Gehri,LJP,,,,,False,13,2012,AE
1740520,Amrinder Singh Raja Warring,INC,22301,50305,40.3981593761795,1,13,84,PB,Amrinder Singh Raja Warring,INC,,,,,False,13,2012,AE
1740521,Sant Singh Brar,SAD,22320,36653,29.4347229025963,2,13,84,PB,Sant Singh Brar,SAD,,,,,False,13,2012,AE
1740522,Manpreet Singh Badal,PPOP,22331,31906,25.6225757490584,3,13,84,PB,Manpreet Singh Badal,PPOP,,,,,False,13,2012,AE
1740523,Sheela Rani,BSP,22303,1994,1.60131060125438,4,13,84,PB,Sheela Rani,BSP,,,,,False,13,2012,AE
1740524,Rajesh Kumar,IND,22306,1158,0.929948684178826,5,13,84,PB,Rajesh Kumar,IND,,,,,False,13,2012,AE
1740525,Manpreet Singh,IND,22306,598,0.480232567477494,6,13,84,PB,Manpreet Singh,IND,,,,,False,13,2012,AE
1740527,Baldev Singh,SAD(A),22321,507,0.407153698513527,7,13,84,PB,Baldev Singh,SAD(A),,,,,False,13,2012,AE
1740526,Om Parkash,IND,22306,507,0.407153698513527,7,13,84,PB,Om Parkash,IND,,,,,False,13,2012,AE
1740528,Balkar Singh,IND,22306,442,0.354954506396408,9,13,84,PB,Balkar Singh,IND,,,,,False,13,2012,AE
1740529,Amit Kumar Vanaik,IND,22306,270,0.21682741340957,10,13,84,PB,Amit Kumar Vanaik,IND,,,,,False,13,2012,AE
1740530,Surjeet Singh,BGTD,22310,183,0.146960802422042,11,13,84,PB,Surjeet Singh,BGTD,,,,,False,13,2012,AE
1740647,Harpreet Singh,SAD,22320,54170,43.4019709959137,1,13,85,PB,Harpreet Singh,SAD,,,,,False,13,2012,AE
1740648,Nathu Ram,INC,22301,51616,41.3556606041182,2,13,85,PB,Nathu Ram,INC,,,,,False,13,2012,AE
1740649,Davinder Kumar,PPOP,22331,8850,7.09077798253345,3,13,85,PB,Davinder Kumar,PPOP,,,,,False,13,2012,AE
1740650,Baldev Singh,IND,22306,3949,3.16400929412707,4,13,85,PB,Baldev Singh,IND,,,,,False,13,2012,AE
1740651,Gurcharan Singh,BSP,22303,3273,2.62238602676067,5,13,85,PB,Gurcharan Singh,BSP,,,,,False,13,2012,AE
1740652,Harbans Singh,IND,22306,1059,0.848489704350612,6,13,85,PB,Harbans Singh,IND,,,,,False,13,2012,AE
1740653,Gurtej Singh,IND,22306,663,0.531207435301658,7,13,85,PB,Gurtej Singh,IND,,,,,False,13,2012,AE
1740654,Parminder Singh,IND,22306,400,0.320487140453489,8,13,85,PB,Parminder Singh,IND,,,,,False,13,2012,AE
1740655,Veerpal Kaur,LJP,22313,331,0.265203108725262,9,13,85,PB,Veerpal Kaur,LJP,,,,,False,13,2012,AE
1740656,Gagga Singh,IND,22306,306,0.245172662446919,10,13,85,PB,Gagga Singh,IND,,,,,False,13,2012,AE
1740657,Subhash Singh,IND,22306,193,0.154635045268808,11,13,85,PB,Subhash Singh,IND,,,,,False,13,2012,AE
1740778,Karan Kaur,INC,22301,55108,43.2684531614362,1,13,86,PB,Karan Kaur,INC,,,,,False,13,2012,AE
1740779,Kanwarjit Singh Rozy Barkandi,SAD,22320,45853,36.0018215651327,2,13,86,PB,Kanwarjit Singh Rozy Barkandi,SAD,,,,,False,13,2012,AE
1740780,Jagjit Singh Honey Fattanwala,PPOP,22331,17001,13.3484606989471,3,13,86,PB,Jagjit Singh Honey Fattanwala,PPOP,,,,,False,13,2012,AE
1740781,Jai Dev Singh,BSP,22303,5849,4.59238554368223,4,13,86,PB,Jai Dev Singh,BSP,,,,,False,13,2012,AE
1740782,Balwinder Singh,IND,22306,1391,1.09215392225371,5,13,86,PB,Balwinder Singh,IND,,,,,False,13,2012,AE
1740783,Alwinder Singh,IND,22306,930,0.730196367861937,6,13,86,PB,Alwinder Singh,IND,,,,,False,13,2012,AE
1740784,Ashok Kumar Jindal,IND,22306,454,0.356461452698193,7,13,86,PB,Ashok Kumar Jindal,IND,,,,,False,13,2012,AE
1740785,Jaswinder Kaur,LJP,22313,436,0.342328619771833,8,13,86,PB,Jaswinder Kaur,LJP,,,,,False,13,2012,AE
1740786,Harinderpal Singh,SAD(A),22321,341,0.267738668216043,9,13,86,PB,Harinderpal Singh,SAD(A),,,,,False,13,2012,AE
1740898,Deep Malhotra,SAD,22320,52062,46.4163761668286,1,13,87,PB,Deep Malhotra,SAD,,,,,False,13,2012,AE
1740899,Avtar Singh Brar,INC,22301,49335,43.9850931234007,2,13,87,PB,Avtar Singh Brar,INC,,,,,False,13,2012,AE
1740900,Bhupinder Singh,PPOP,22331,4557,4.06283712097572,3,13,87,PB,Bhupinder Singh,PPOP,,,,,False,13,2012,AE
1740901,Kikar Singh,BSP,22303,2575,2.29576598343482,4,13,87,PB,Kikar Singh,BSP,,,,,False,13,2012,AE
1740902,Harcharan Singh,IND,22306,767,0.683826217201751,5,13,87,PB,Harcharan Singh,IND,,,,,False,13,2012,AE
1740903,Rajinder Singh,IND,22306,750,0.668669703913055,6,13,87,PB,Rajinder Singh,IND,,,,,False,13,2012,AE
1740904,Jagdish Rai Sharma,IND,22306,666,0.593778697074792,7,13,87,PB,Jagdish Rai Sharma,IND,,,,,False,13,2012,AE
1740905,Surinder Singh Sandhu,SAD(A),22321,657,0.585754660627836,8,13,87,PB,Surinder Singh Sandhu,SAD(A),,,,,False,13,2012,AE
1740906,Bohar Singh,IND,22306,230,0.205058709200003,9,13,87,PB,Bohar Singh,IND,,,,,False,13,2012,AE
1740907,Gursewak Singh,IND,22306,181,0.16137228854435,10,13,87,PB,Gursewak Singh,IND,,,,,False,13,2012,AE
1740908,Khushpreet Kaur Khushpal Kaur,IND,22306,158,0.14086641762435,11,13,87,PB,Khushpreet Kaur Khushpal Kaur,IND,,,,,False,13,2012,AE
1740909,Avtar Singh S/O Harjinder Singh,IND,22306,115,0.102529354600001,12,13,87,PB,Avtar Singh S/O Harjinder Singh,IND,,,,,False,13,2012,AE
1740910,Avtar Singh S/O Bachitar Singh,IND,22306,110,0.0980715565739147,13,13,87,PB,Avtar Singh S/O Bachitar Singh,IND,,,,,False,13,2012,AE
1741019,Mantar Singh Brar,SAD,22320,49361,44.2703522004681,1,13,88,PB,Mantar Singh Brar,SAD,,,,,False,13,2012,AE
1741020,Ripjeet Singh Brar,INC,22301,31175,27.9598920169687,2,13,88,PB,Ripjeet Singh Brar,INC,,,,,False,13,2012,AE
1741021,Upender Sharma,IND,22306,15202,13.6342029973362,3,13,88,PB,Upender Sharma,IND,,,,,False,13,2012,AE
1741022,Pardeep Singh,PPOP,22331,6927,6.21261177230289,4,13,88,PB,Pardeep Singh,PPOP,,,,,False,13,2012,AE
1741023,Pawanpreet Singh,CPI,22304,3184,2.8556309922062,5,13,88,PB,Pawanpreet Singh,CPI,,,,,False,13,2012,AE
1741024,Narinder Kumar,BSP,22303,2412,2.16324810087982,6,13,88,PB,Narinder Kumar,BSP,,,,,False,13,2012,AE
1741025,Manjit Kaur,IND,22306,943,0.845747495493233,7,13,88,PB,Manjit Kaur,IND,,,,,False,13,2012,AE
1741026,Kaur Singh,IND,22306,669,0.600005381214181,8,13,88,PB,Kaur Singh,IND,,,,,False,13,2012,AE
1741027,Bohar Singh,LJP,22313,603,0.540812025219957,9,13,88,PB,Bohar Singh,LJP,,,,,False,13,2012,AE
1741028,Karamjit Singh,SAD(A),22321,561,0.503143525950905,10,13,88,PB,Karamjit Singh,SAD(A),,,,,False,13,2012,AE
1741029,Swaran Singh,IND,22306,462,0.414353491959569,11,13,88,PB,Swaran Singh,IND,,,,,False,13,2012,AE
1741137,Joginder Singh,INC,22301,49435,44.5930830431723,1,13,89,PB,Joginder Singh,INC,,,,,False,13,2012,AE
1741138,Gurdev Singh,SAD,22320,43093,38.87225098775,2,13,89,PB,Gurdev Singh,SAD,,,,,False,13,2012,AE
1741139,Amarjeet Kaur,PPOP,22331,12326,11.1187284634397,3,13,89,PB,Amarjeet Kaur,PPOP,,,,,False,13,2012,AE
1741140,Balbir Singh,BSP,22303,2633,2.37511050172292,4,13,89,PB,Balbir Singh,BSP,,,,,False,13,2012,AE
1741141,Sher Singh,IND,22306,1162,1.04818777174403,5,13,89,PB,Sher Singh,IND,,,,,False,13,2012,AE
1741142,Raj Rani,IND,22306,898,0.810045283155027,6,13,89,PB,Raj Rani,IND,,,,,False,13,2012,AE
1741143,Prabhjot Kaur,IND,22306,576,0.519583611466921,7,13,89,PB,Prabhjot Kaur,IND,,,,,False,13,2012,AE
1741144,Gurdeep Singh,LJP,22313,464,0.418553464792797,8,13,89,PB,Gurdeep Singh,LJP,,,,,False,13,2012,AE
1741145,Gurdev Kaur,IND,22306,271,0.244456872756138,9,13,89,PB,Gurdev Kaur,IND,,,,,False,13,2012,AE
1741254,Sikander Singh Maluka,SAD,22320,58141,45.8044795285701,1,13,90,PB,Sikander Singh Maluka,SAD,,,,,False,13,2012,AE
1741255,Gurpreet Singh Kangar,INC,22301,53005,41.7582504155735,2,13,90,PB,Gurpreet Singh Kangar,INC,,,,,False,13,2012,AE
1741256,Lakhvir Singh,PPOP,22331,10065,7.92938006664933,3,13,90,PB,Lakhvir Singh,PPOP,,,,,False,13,2012,AE
1741257,Randhir Singh,BSP,22303,1454,1.14548620138183,4,13,90,PB,Randhir Singh,BSP,,,,,False,13,2012,AE
1741258,Dr. Amarjit Singh Sharma,IND,22306,1304,1.02731362214711,5,13,90,PB,Dr. Amarjit Singh Sharma,IND,,,,,False,13,2012,AE
1741259,Lakhvir Singh,IND,22306,974,0.767333947830745,6,13,90,PB,Lakhvir Singh,IND,,,,,False,13,2012,AE
1741260,Manjit Kaur,IND,22306,758,0.597165433732756,7,13,90,PB,Manjit Kaur,IND,,,,,False,13,2012,AE
1741261,Paramjit Singh,IND,22306,297,0.233981706884734,8,13,90,PB,Paramjit Singh,IND,,,,,False,13,2012,AE
1741262,Manjit Singh,IND,22306,294,0.23161825530004,9,13,90,PB,Manjit Singh,IND,,,,,False,13,2012,AE
1741263,Sukhmander Singh,SAD(A),22321,226,0.178046686046969,10,13,90,PB,Sukhmander Singh,SAD(A),,,,,False,13,2012,AE
1741264,Parveen Kumar,IND,22306,127,0.100052783752058,11,13,90,PB,Parveen Kumar,IND,,,,,False,13,2012,AE
1741265,Jaswant Singh,IND,22306,110,0.0866598914387905,12,13,90,PB,Jaswant Singh,IND,,,,,False,13,2012,AE
1741266,Sikander Singh,IND,22306,105,0.0827208054643,13,13,90,PB,Sikander Singh,IND,,,,,False,13,2012,AE
1741267,Harinder Jeet Singh,IND,22306,73,0.0575106552275609,14,13,90,PB,Harinder Jeet Singh,IND,,,,,False,13,2012,AE
1741408,Ajaib Singh Bhatti,INC,22301,57515,42.3776893604479,1,13,91,PB,Ajaib Singh Bhatti,INC,,,,,False,13,2012,AE
1741409,Pritam Singh,SAD,22320,56227,41.4286766872973,2,13,91,PB,Pritam Singh,SAD,,,,,False,13,2012,AE
1741410,Harvinder Singh Laddi,PPOP,22331,16227,11.9562334217506,3,13,91,PB,Harvinder Singh Laddi,PPOP,,,,,False,13,2012,AE
1741411,Raja Singh Sivian,LJP,22313,1578,1.16268788682581,4,13,91,PB,Raja Singh Sivian,LJP,,,,,False,13,2012,AE
1741412,Mohinder Singh,BSP,22303,1517,1.11774241084585,5,13,91,PB,Mohinder Singh,BSP,,,,,False,13,2012,AE
1741413,Ajaib Singh,NCP,22332,781,0.575449454759799,6,13,91,PB,Ajaib Singh,NCP,,,,,False,13,2012,AE
1741414,Daljit Singh Lori Mehma,PLP,22440,711,0.523872679045092,7,13,91,PB,Daljit Singh Lori Mehma,PLP,,,,,False,13,2012,AE
1741415,Ami Lal Balahar Mehma,CPI(ML)(L),22308,650,0.478927203065134,8,13,91,PB,Ami Lal Balahar Mehma,CPI(ML)(L),,,,,False,13,2012,AE
1741416,Paramjeet Kaur,SAD(A),22321,514,0.378720895962275,9,13,91,PB,Paramjeet Kaur,SAD(A),,,,,False,13,2012,AE
1741533,Sarup Chand Singla,SAD,22320,62546,46.0703289580294,1,13,92,PB,Sarup Chand Singla,SAD,,,,,False,13,2012,AE
1741534,Harminder Singh Jassi,INC,22301,55901,41.1757340050971,2,13,92,PB,Harminder Singh Jassi,INC,,,,,False,13,2012,AE
1741535,Sukhdeep Singh Bhinder,PPOP,22331,10755,7.92195165068281,3,13,92,PB,Sukhdeep Singh Bhinder,PPOP,,,,,False,13,2012,AE
1741536,Vijay Kumar,IND,22306,2731,2.01160855025706,4,13,92,PB,Vijay Kumar,IND,,,,,False,13,2012,AE
1741537,Ranjit Ram,BSP,22303,1542,1.13581119901003,5,13,92,PB,Ranjit Ram,BSP,,,,,False,13,2012,AE
1741538,Sanjeev Kumar,SHS,22312,706,0.520027695525994,6,13,92,PB,Sanjeev Kumar,SHS,,,,,False,13,2012,AE
1741539,Rakesh Kumar,IND,22306,372,0.274008927387634,7,13,92,PB,Rakesh Kumar,IND,,,,,False,13,2012,AE
1741540,Rajesh Goyal,JanSP,22317,269,0.198140864159337,8,13,92,PB,Rajesh Goyal,JanSP,,,,,False,13,2012,AE
1741541,Jasvir Singh,LJP,22313,239,0.176043370015173,9,13,92,PB,Jasvir Singh,LJP,,,,,False,13,2012,AE
1741542,Sant Lal,IND,22306,233,0.17162387118634,10,13,92,PB,Sant Lal,IND,,,,,False,13,2012,AE
1741543,Harmesh Kumar,IND,22306,171,0.125955716621735,11,13,92,PB,Harmesh Kumar,IND,,,,,False,13,2012,AE
1741544,Tribhavan Kumar,IND,22306,159,0.117116718964069,12,13,92,PB,Tribhavan Kumar,IND,,,,,False,13,2012,AE
1741545,Prem Kumar,ABSR,22432,138,0.101648473063154,13,13,92,PB,Prem Kumar,ABSR,,,,,False,13,2012,AE
1741673,Darshan Singh Kotfatta,SAD,22320,45705,41.5707853926963,1,13,93,PB,Darshan Singh Kotfatta,SAD,,,,,False,13,2012,AE
1741674,Makhan Singh,INC,22301,40397,36.7429169130019,2,13,93,PB,Makhan Singh,INC,,,,,False,13,2012,AE
1741675,Surjeet Singh Sohi,CPI,22304,17655,16.0580290145072,3,13,93,PB,Surjeet Singh Sohi,CPI,,,,,False,13,2012,AE
1741676,Kiranjit Singh Gehri,LJP,22313,2348,2.13561326117604,4,13,93,PB,Kiranjit Singh Gehri,LJP,,,,,False,13,2012,AE
1741677,Harbans Singh,BSP,22303,1799,1.63627268179544,5,13,93,PB,Harbans Singh,BSP,,,,,False,13,2012,AE
1741678,Saroop Singh,IND,22306,1372,1.24789667561053,6,13,93,PB,Saroop Singh,IND,,,,,False,13,2012,AE
1741679,Malkit Kaur,JanSP,22317,669,0.608486061212424,7,13,93,PB,Malkit Kaur,JanSP,,,,,False,13,2012,AE
1741798,Jeetmohinder Singh Sidhu,INC,22301,53730,46.9015965572325,1,13,94,PB,Jeetmohinder Singh Sidhu,INC,,,,,False,13,2012,AE
1741799,Amarjit Singh Sidhu,SAD,22320,45206,39.4608891488228,2,13,94,PB,Amarjit Singh Sidhu,SAD,,,,,False,13,2012,AE
1741800,Sukhdev Singh,PPOP,22331,8904,7.77241421450955,3,13,94,PB,Sukhdev Singh,PPOP,,,,,False,13,2012,AE
1741801,Nikka Singh,BSP,22303,4090,3.57021272881222,4,13,94,PB,Nikka Singh,BSP,,,,,False,13,2012,AE
1741802,Yadvinder Singh,IND,22306,922,0.804825461116106,5,13,94,PB,Yadvinder Singh,IND,,,,,False,13,2012,AE
1741803,Harpal Singh,IND,22306,555,0.4844665194354,6,13,94,PB,Harpal Singh,IND,,,,,False,13,2012,AE
1741804,Ajaib Singh,IND,22306,453,0.395429429377002,7,13,94,PB,Ajaib Singh,IND,,,,,False,13,2012,AE
1741805,Lal Chand,LJP,22313,419,0.365750399357536,8,13,94,PB,Lal Chand,LJP,,,,,False,13,2012,AE
1741806,Amarjit Singh Sidhu,IND,22306,280,0.244415541336778,9,13,94,PB,Amarjit Singh Sidhu,IND,,,,,False,13,2012,AE
1741932,Janmeja Singh,SAD,22320,45349,37.1217144307196,1,13,95,PB,Janmeja Singh,SAD,,,,,False,13,2012,AE
1741933,Mangat Rai Bansal,INC,22301,43962,35.986346111343,2,13,95,PB,Mangat Rai Bansal,INC,,,,,False,13,2012,AE
1741934,Manpreet Singh Badal,PPOP,22331,26398,21.6088340987041,3,13,95,PB,Manpreet Singh Badal,PPOP,,,,,False,13,2012,AE
1741935,Dusahra Singh,BSP,22303,1788,1.46361828049409,4,13,95,PB,Dusahra Singh,BSP,,,,,False,13,2012,AE
1741936,Harvinder Singh,CPI(ML)(L),22308,1776,1.45379533901426,5,13,95,PB,Harvinder Singh,CPI(ML)(L),,,,,False,13,2012,AE
1741937,Jagdeep Singh,IND,22306,1458,1.19348738979887,6,13,95,PB,Jagdeep Singh,IND,,,,,False,13,2012,AE
1741938,Mithu Singh,LJP,22313,868,0.71052610037409,7,13,95,PB,Mithu Singh,LJP,,,,,False,13,2012,AE
1741939,Jagjit,IND,22306,564,0.461678249551828,8,13,95,PB,Jagjit,IND,,,,,False,13,2012,AE
1742059,Prem Mittal,SAD,22320,55714,37.5269425584653,1,13,96,PB,Prem Mittal,SAD,,,,,False,13,2012,AE
1742060,Gurpreet Kaur,INC,22301,54409,36.6479415885332,2,13,96,PB,Gurpreet Kaur,INC,,,,,False,13,2012,AE
1742061,Hardev Singh Arshi,CPI,22304,30487,20.5349444983295,3,13,96,PB,Hardev Singh Arshi,CPI,,,,,False,13,2012,AE
1742062,Gurjant Singh,CPI(ML)(L),22308,3956,2.66461903222329,4,13,96,PB,Gurjant Singh,CPI(ML)(L),,,,,False,13,2012,AE
1742063,Bhagwan Singh,BSP,22303,2882,1.9412113374286,5,13,96,PB,Bhagwan Singh,BSP,,,,,False,13,2012,AE
1742064,Harinder Singh,SP(I),22459,1016,0.684340985019937,6,13,96,PB,Harinder Singh,SP(I),,,,,False,13,2012,AE
1742185,Ajit Inder Singh,INC,22301,63167,45.9082518133058,1,13,97,PB,Ajit Inder Singh,INC,,,,,False,13,2012,AE
1742186,Dilraj Singh,SAD,22320,60435,43.9227001177376,2,13,97,PB,Dilraj Singh,SAD,,,,,False,13,2012,AE
1742187,Nem Chand,PPOP,22331,7566,5.49878628428565,3,13,97,PB,Nem Chand,PPOP,,,,,False,13,2012,AE
1742188,Kuldeep Singh,BSP,22303,3074,2.23410904545256,4,13,97,PB,Kuldeep Singh,BSP,,,,,False,13,2012,AE
1742189,Gurmeet Singh,CPI(ML)(L),22308,1310,0.952076398680175,5,13,97,PB,Gurmeet Singh,CPI(ML)(L),,,,,False,13,2012,AE
1742190,Dilbagh Singh,IND,22306,1016,0.738404290884776,6,13,97,PB,Dilbagh Singh,IND,,,,,False,13,2012,AE
1742191,Rajinder Singh,SAD(A),22321,712,0.517464424320827,7,13,97,PB,Rajinder Singh,SAD(A),,,,,False,13,2012,AE
1742192,Gian Singh,IND,22306,314,0.228207625332499,8,13,97,PB,Gian Singh,IND,,,,,False,13,2012,AE
1742316,Chatin Singh,SAD,22320,51504,37.612555045168,1,13,98,PB,Chatin Singh,SAD,,,,,False,13,2012,AE
1742317,Satpal Singh,INC,22301,45056,32.9036828229864,2,13,98,PB,Satpal Singh,INC,,,,,False,13,2012,AE
1742318,Ranjit Kaur,PPOP,22331,29385,21.4593998524826,3,13,98,PB,Ranjit Kaur,PPOP,,,,,False,13,2012,AE
1742319,Bagga Singh,BSP,22303,5224,3.81500441821912,4,13,98,PB,Bagga Singh,BSP,,,,,False,13,2012,AE
1742320,Bhagwant Singh,CPI(ML)(L),22308,3190,2.32960644986964,5,13,98,PB,Bhagwant Singh,CPI(ML)(L),,,,,False,13,2012,AE
1742321,Sukhwinder Singh,IND,22306,1604,1.17137578231689,6,13,98,PB,Sukhwinder Singh,IND,,,,,False,13,2012,AE
1742322,Amarjeet Singh,SAD(A),22321,970,0.708375628957227,7,13,98,PB,Amarjeet Singh,SAD(A),,,,,False,13,2012,AE
1742428,Rajinder Kaur Bhattal,INC,22301,44706,37.2723937837657,1,13,99,PB,Rajinder Kaur Bhattal,INC,,,,,False,13,2012,AE
1742429,Sukhwant Singh,SAD,22320,41351,34.4752551190555,2,13,99,PB,Sukhwant Singh,SAD,,,,,False,13,2012,AE
1742430,Bhagwant Mann,PPOP,22331,26136,21.7901687454145,3,13,99,PB,Bhagwant Mann,PPOP,,,,,False,13,2012,AE
1742431,Jagjit Singh,BSP,22303,3232,2.69459080904422,4,13,99,PB,Jagjit Singh,BSP,,,,,False,13,2012,AE
1742432,Rajvir Singh,IND,22306,1725,1.43817114653504,5,13,99,PB,Rajvir Singh,IND,,,,,False,13,2012,AE
1742433,Bittu,IND,22306,806,0.671980257453478,6,13,99,PB,Bittu,IND,,,,,False,13,2012,AE
1742434,Balvir Ram,IND,22306,654,0.545254452077636,7,13,99,PB,Balvir Ram,IND,,,,,False,13,2012,AE
1742435,Balwinder Singh,IND,22306,547,0.456046154872273,8,13,99,PB,Balwinder Singh,IND,,,,,False,13,2012,AE
1742436,Sher Singh,IND,22306,492,0.410191422663909,9,13,99,PB,Sher Singh,IND,,,,,False,13,2012,AE
1742437,Pushpinder Singh,IND,22306,295,0.245948109117588,10,13,99,PB,Pushpinder Singh,IND,,,,,False,13,2012,AE
1742547,Sant Balvir Singh Ghunas,SAD,22320,60005,45.9505613159144,1,13,100,PB,Sant Balvir Singh Ghunas,SAD,,,,,False,13,2012,AE
1742548,Ajaib Singh,INC,22301,53131,40.6865973381526,2,13,100,PB,Ajaib Singh,INC,,,,,False,13,2012,AE
1742549,Ran Singh,PPOP,22331,7379,5.65068230897645,3,13,100,PB,Ran Singh,PPOP,,,,,False,13,2012,AE
1742550,Bant Singh,BSP,22303,3373,2.58297214096457,4,13,100,PB,Bant Singh,BSP,,,,,False,13,2012,AE
1742551,Ram Singh,IND,22306,1814,1.38912287687807,5,13,100,PB,Ram Singh,IND,,,,,False,13,2012,AE
1742552,Gurdeep Singh,SAD(A),22321,1296,0.992449420305392,6,13,100,PB,Gurdeep Singh,SAD(A),,,,,False,13,2012,AE
1742553,Gobind Singh Chajli,CPI(ML)(L),22308,1163,0.890600830104299,7,13,100,PB,Gobind Singh Chajli,CPI(ML)(L),,,,,False,13,2012,AE
1742554,Bhola Singh,IND,22306,788,0.603433752469636,8,13,100,PB,Bhola Singh,IND,,,,,False,13,2012,AE
1742555,Dalip Singh,IND,22306,634,0.485503805921002,9,13,100,PB,Dalip Singh,IND,,,,,False,13,2012,AE
1742556,Pala Singh,BSP(A),22315,545,0.417349486162375,10,13,100,PB,Pala Singh,BSP(A),,,,,False,13,2012,AE
1742557,Surjit Singh,IND,22306,458,0.350726724151134,11,13,100,PB,Surjit Singh,IND,,,,,False,13,2012,AE
1742670,Parminder Singh Dhindsa,SAD,22320,67766,48.2763533778344,1,13,101,PB,Parminder Singh Dhindsa,SAD,,,,,False,13,2012,AE
1742671,Aman Arora,INC,22301,63112,44.9608537375953,2,13,101,PB,Aman Arora,INC,,,,,False,13,2012,AE
1742672,Sukhwinder Singh,PPOP,22331,3570,2.54326036004587,3,13,101,PB,Sukhwinder Singh,PPOP,,,,,False,13,2012,AE
1742673,Dhanna Singh,BSP,22303,2141,1.52524381816757,4,13,101,PB,Dhanna Singh,BSP,,,,,False,13,2012,AE
1742674,Yadvinder Singh,IND,22306,1516,1.07999515569455,5,13,101,PB,Yadvinder Singh,IND,,,,,False,13,2012,AE
1742675,Shahbaj Singh,SAD(A),22321,939,0.668941590499462,6,13,101,PB,Shahbaj Singh,SAD(A),,,,,False,13,2012,AE
1742676,Sira Singh Alias Kashmir Singh,IND,22306,428,0.304906284061522,7,13,101,PB,Sira Singh Alias Kashmir Singh,IND,,,,,False,13,2012,AE
1742677,Karam Singh,IND,22306,419,0.298494703321911,8,13,101,PB,Karam Singh,IND,,,,,False,13,2012,AE
1742678,Amandeep Singh,IND,22306,253,0.180236658569077,9,13,101,PB,Amandeep Singh,IND,,,,,False,13,2012,AE
1742679,Amandeep,IND,22306,227,0.1617143142102,10,13,101,PB,Amandeep,IND,,,,,False,13,2012,AE
1742794,Mohammed Sadique,INC,22301,52825,46.6664310891631,1,13,102,PB,Mohammed Sadique,INC,,,,,False,13,2012,AE
1742795,Darbara Singh Guru,SAD,22320,45856,40.5099075063826,2,13,102,PB,Darbara Singh Guru,SAD,,,,,False,13,2012,AE
1742796,Khushia Singh,CPI,22304,4740,4.18739012517999,3,13,102,PB,Khushia Singh,CPI,,,,,False,13,2012,AE
1742797,Lachman Singh,BSP,22303,1939,1.71294292251561,4,13,102,PB,Lachman Singh,BSP,,,,,False,13,2012,AE
1742798,Iqbal Singh,SAD(A),22321,1838,1.62371794305502,5,13,102,PB,Iqbal Singh,SAD(A),,,,,False,13,2012,AE
1742799,Gurpreet Singh,CPI(ML)(L),22308,1713,1.51329098827707,6,13,102,PB,Gurpreet Singh,CPI(ML)(L),,,,,False,13,2012,AE
1742800,Jarnail Singh,IND,22306,1089,0.96203963002553,7,13,102,PB,Jarnail Singh,IND,,,,,False,13,2012,AE
1742801,Gokal Singh,IND,22306,1044,0.922285926305467,8,13,102,PB,Gokal Singh,IND,,,,,False,13,2012,AE
1742802,Jasmail Singh,IND,22306,849,0.75001987685186,9,13,102,PB,Jasmail Singh,IND,,,,,False,13,2012,AE
1742803,Roop Singh,LJP,22313,477,0.42138925943267,10,13,102,PB,Roop Singh,LJP,,,,,False,13,2012,AE
1742804,Satpal Singh,IND,22306,433,0.38251897135083,11,13,102,PB,Satpal Singh,IND,,,,,False,13,2012,AE
1742805,Jagsir Singh Jagga Singh,BSP(A),22315,394,0.348065761460109,12,13,102,PB,Jagsir Singh Jagga Singh,BSP(A),,,,,False,13,2012,AE
1742920,Kewal Singh Dhillon,INC,22301,54570,46.3912267278755,1,13,103,PB,Kewal Singh Dhillon,INC,,,,,False,13,2012,AE
1742921,Malkit Singh Kittu,SAD,22320,49048,41.6968460426761,2,13,103,PB,Malkit Singh Kittu,SAD,,,,,False,13,2012,AE
1742922,Kulwant Singh,PPOP,22331,5075,4.31437558445974,3,13,103,PB,Kulwant Singh,PPOP,,,,,False,13,2012,AE
1742923,Paramjit Kaur,BSP,22303,4874,4.1435008076171,4,13,103,PB,Paramjit Kaur,BSP,,,,,False,13,2012,AE
1742924,Raj Kumar,IND,22306,1176,0.999744963019637,5,13,103,PB,Raj Kumar,IND,,,,,False,13,2012,AE
1742925,Ranjit Singh Sanghera,SAD(A),22321,905,0.769361557425826,6,13,103,PB,Ranjit Singh Sanghera,SAD(A),,,,,False,13,2012,AE
1742926,Malkit Singh Kittu,IND,22306,494,0.419960894329677,7,13,103,PB,Malkit Singh Kittu,IND,,,,,False,13,2012,AE
1742927,Sukhi Kaur,LJP,22313,492,0.41826064779393,8,13,103,PB,Sukhi Kaur,LJP,,,,,False,13,2012,AE
1742928,Gurjant Singh,IND,22306,465,0.395307319561336,9,13,103,PB,Gurjant Singh,IND,,,,,False,13,2012,AE
1742929,Amir Singh,IND,22306,311,0.264388336308764,10,13,103,PB,Amir Singh,IND,,,,,False,13,2012,AE
1742930,Sewa Singh,IND,22306,220,0.187027118932245,11,13,103,PB,Sewa Singh,IND,,,,,False,13,2012,AE
1743044,Harchand Kaur,INC,22301,50188,44.7180839689215,1,13,104,PB,Harchand Kaur,INC,,,,,False,13,2012,AE
1743045,Gobind Singh,SAD,22320,42797,38.1326181481217,2,13,104,PB,Gobind Singh,SAD,,,,,False,13,2012,AE
1743046,Raj Singh,PPOP,22331,8820,7.85872122032931,3,13,104,PB,Raj Singh,PPOP,,,,,False,13,2012,AE
1743047,Atma Singh,BSP,22303,7030,6.26381067788153,4,13,104,PB,Atma Singh,BSP,,,,,False,13,2012,AE
1743048,Amarjit Singh,SAD(A),22321,2247,2.00210278708389,5,13,104,PB,Amarjit Singh,SAD(A),,,,,False,13,2012,AE
1743049,Malkit Singh,AISBJSMD,22467,617,0.549754080832561,6,13,104,PB,Malkit Singh,AISBJSMD,,,,,False,13,2012,AE
1743050,Shamsher Singh,LJP,22313,533,0.474909116829424,7,13,104,PB,Shamsher Singh,LJP,,,,,False,13,2012,AE
1743163,F. Nesara Khatoon (Farzana Alam),SAD,22320,56618,49.9127245799319,1,13,105,PB,F. Nesara Khatoon (Farzana Alam),SAD,,,,,False,13,2012,AE
1743164,Razia Sultana,INC,22301,51418,45.3285611016097,2,13,105,PB,Razia Sultana,INC,,,,,False,13,2012,AE
1743165,Mohammad Jamil-Ur-Rehman,BSP,22303,2236,1.97119029567854,3,13,105,PB,Mohammad Jamil-Ur-Rehman,BSP,,,,,False,13,2012,AE
1743166,Dev Raj Verma,CPM,22328,1205,1.0622917291112,4,13,105,PB,Dev Raj Verma,CPM,,,,,False,13,2012,AE
1743167,Ramzan,IND,22306,742,0.65412486556059,5,13,105,PB,Ramzan,IND,,,,,False,13,2012,AE
1743168,Nasir Mohammad,LJP,22313,444,0.391417035456741,6,13,105,PB,Nasir Mohammad,LJP,,,,,False,13,2012,AE
1743169,Mahmood Ahmed Thind,IND,22306,341,0.300615335789974,7,13,105,PB,Mahmood Ahmed Thind,IND,,,,,False,13,2012,AE
1743170,Alam,IND,22306,176,0.155156302343212,8,13,105,PB,Alam,IND,,,,,False,13,2012,AE
1743171,Razia,IND,22306,170,0.149866882945148,9,13,105,PB,Razia,IND,,,,,False,13,2012,AE
1743172,Mohammad Yaseen,IND,22306,84,0.074051871572897,10,13,105,PB,Mohammad Yaseen,IND,,,,,False,13,2012,AE
1743273,Iqbal Singh Jhundan,SAD,22320,38915,33.1374803082556,1,13,106,PB,Iqbal Singh Jhundan,SAD,,,,,False,13,2012,AE
1743274,Surjit Singh Dhiman,INC,22301,34489,29.3685868778473,2,13,106,PB,Surjit Singh Dhiman,INC,,,,,False,13,2012,AE
1743275,Ajit Singh Chandurain,PPOP,22331,23347,19.88078511517,3,13,106,PB,Ajit Singh Chandurain,PPOP,,,,,False,13,2012,AE
1743276,Mohd. Arshad,BSP,22303,6985,5.94797121812066,4,13,106,PB,Mohd. Arshad,BSP,,,,,False,13,2012,AE
1743277,Rajnish Sharma,IND,22306,5992,5.10239707071997,5,13,106,PB,Rajnish Sharma,IND,,,,,False,13,2012,AE
1743278,Sukhdev Singh Brar,IND,22306,3164,2.69425639715587,6,13,106,PB,Sukhdev Singh Brar,IND,,,,,False,13,2012,AE
1743279,Balwant Singh,IND,22306,2441,2.07859667049857,7,13,106,PB,Balwant Singh,IND,,,,,False,13,2012,AE
1743280,Varinder Singla,IND,22306,718,0.611402052199088,8,13,106,PB,Varinder Singla,IND,,,,,False,13,2012,AE
1743281,Lachhman Singh,IND,22306,396,0.337207817090305,9,13,106,PB,Lachhman Singh,IND,,,,,False,13,2012,AE
1743282,Amrik Singh,SAD(A),22321,312,0.265678886192361,10,13,106,PB,Amrik Singh,SAD(A),,,,,False,13,2012,AE
1743283,Manjinder Singh,IND,22306,246,0.209477583343977,11,13,106,PB,Manjinder Singh,IND,,,,,False,13,2012,AE
1743284,Rukhsana,LJP,22313,228,0.194149955294418,12,13,106,PB,Rukhsana,LJP,,,,,False,13,2012,AE
1743285,Pardeep Kumar,IND,22306,202,0.172010048111721,13,13,106,PB,Pardeep Kumar,IND,,,,,False,13,2012,AE
1743391,Arvind Khanna,INC,22301,51536,45.6466670209562,1,13,107,PB,Arvind Khanna,INC,,,,,False,13,2012,AE
1743392,Gobind Singh,SAD,22320,39063,34.5990327894988,2,13,107,PB,Gobind Singh,SAD,,,,,False,13,2012,AE
1743393,Gaganjit Singh,PPOP,22331,15682,13.8899222334413,3,13,107,PB,Gaganjit Singh,PPOP,,,,,False,13,2012,AE
1743394,Baljeet Kaur,BSP,22303,4155,3.6801828134134,4,13,107,PB,Baljeet Kaur,BSP,,,,,False,13,2012,AE
1743395,Rattan Lal,IND,22306,1190,1.05401144355281,5,13,107,PB,Rattan Lal,IND,,,,,False,13,2012,AE
1743396,Ranjit Singh,IND,22306,461,0.408318718888947,6,13,107,PB,Ranjit Singh,IND,,,,,False,13,2012,AE
1743397,Didar Singh,IND,22306,432,0.382632725726736,7,13,107,PB,Didar Singh,IND,,,,,False,13,2012,AE
1743398,Amar Singh,LJP,22313,383,0.33923225452162,8,13,107,PB,Amar Singh,LJP,,,,,False,13,2012,AE
1743507,Parkash Chand Garg,SAD,22320,53302,42.5884496148806,1,13,108,PB,Parkash Chand Garg,SAD,,,,,False,13,2012,AE
1743508,Surinder Pal Singh Sibia,INC,22301,48657,38.8770814024097,2,13,108,PB,Surinder Pal Singh Sibia,INC,,,,,False,13,2012,AE
1743509,Baldev Singh Mann,PPOP,22331,17665,14.1143852472114,3,13,108,PB,Baldev Singh Mann,PPOP,,,,,False,13,2012,AE
1743510,Harmail Singh,BSP,22303,2760,2.20524785068234,4,13,108,PB,Harmail Singh,BSP,,,,,False,13,2012,AE
1743511,Ram Singh,IND,22306,1006,0.803796861516827,5,13,108,PB,Ram Singh,IND,,,,,False,13,2012,AE
1743512,Gurnaib Singh,SAD(A),22321,997,0.796605835916775,6,13,108,PB,Gurnaib Singh,SAD(A),,,,,False,13,2012,AE
1743513,Arvind Kumar Gupta,IND,22306,391,0.312410112179999,7,13,108,PB,Arvind Kumar Gupta,IND,,,,,False,13,2012,AE
1743514,Rajinder Kumar,IND,22306,378,0.302023075202147,8,13,108,PB,Rajinder Kumar,IND,,,,,False,13,2012,AE
1743617,Sadhu Singh,INC,22301,63350,52.2022166371389,1,13,109,PB,Sadhu Singh,INC,,,,,False,13,2012,AE
1743618,Balwant Singh,SAD,22320,40802,33.622018046228,2,13,109,PB,Balwant Singh,SAD,,,,,False,13,2012,AE
1743619,Kashmir Singh,CPI,22304,8290,6.83119772568085,3,13,109,PB,Kashmir Singh,CPI,,,,,False,13,2012,AE
1743620,Maghar Singh,BSP,22303,4151,3.42054303489761,4,13,109,PB,Maghar Singh,BSP,,,,,False,13,2012,AE
1743621,Mulakh Raj,IND,22306,1579,1.30114127971653,5,13,109,PB,Mulakh Raj,IND,,,,,False,13,2012,AE
1743622,Prem Kumar Gagat,IND,22306,1369,1.12809525771496,6,13,109,PB,Prem Kumar Gagat,IND,,,,,False,13,2012,AE
1743623,Bhan Singh,SAD(A),22321,690,0.568579786576572,7,13,109,PB,Bhan Singh,SAD(A),,,,,False,13,2012,AE
1743624,Faqir Singh,IND,22306,344,0.283465864612088,8,13,109,PB,Faqir Singh,IND,,,,,False,13,2012,AE
1743625,Nirmal Singh,LJP,22313,303,0.249680688887973,9,13,109,PB,Nirmal Singh,LJP,,,,,False,13,2012,AE
1743626,Gurdeep Singh,IND,22306,281,0.231552058011618,10,13,109,PB,Gurdeep Singh,IND,,,,,False,13,2012,AE
1743627,Najam Singh,IND,22306,196,0.161509620534794,11,13,109,PB,Najam Singh,IND,,,,,False,13,2012,AE
1743735,Brahm Mohindra,INC,22301,62077,48.524192918002,1,13,110,PB,Brahm Mohindra,INC,,,,,False,13,2012,AE
1743736,Kuldeep Kaur Tohra,SAD,22320,34475,26.9483311185804,2,13,110,PB,Kuldeep Kaur Tohra,SAD,,,,,False,13,2012,AE
1743737,Satbir Singh Khatra,IND,22306,20530,16.0478386617681,3,13,110,PB,Satbir Singh Khatra,IND,,,,,False,13,2012,AE
1743738,Ved Chand,PPOP,22331,3327,2.60064097553349,4,13,110,PB,Ved Chand,PPOP,,,,,False,13,2012,AE
1743739,Harparkash Singh,BSP,22303,2932,2.29187837098413,5,13,110,PB,Harparkash Singh,BSP,,,,,False,13,2012,AE
1743740,Kundan,BRSP,22405,1148,0.897365746892832,6,13,110,PB,Kundan,BRSP,,,,,False,13,2012,AE
1743741,Mohan Gera,IND,22306,924,0.722269991401547,7,13,110,PB,Mohan Gera,IND,,,,,False,13,2012,AE
1743742,Narayan Singh,IND,22306,430,0.336121316344876,8,13,110,PB,Narayan Singh,IND,,,,,False,13,2012,AE
1743743,Raj Kumar,IND,22306,391,0.305635894629875,9,13,110,PB,Raj Kumar,IND,,,,,False,13,2012,AE
1743744,Chand Singh,IND,22306,331,0.258735245837567,10,13,110,PB,Chand Singh,IND,,,,,False,13,2012,AE
1743745,Ajay Singh,NCP,22332,322,0.251700148518721,11,13,110,PB,Ajay Singh,NCP,,,,,False,13,2012,AE
1743746,Dalip Singh,IND,22306,293,0.229031501602438,12,13,110,PB,Dalip Singh,IND,,,,,False,13,2012,AE
1743747,Chander Shekhar,IND,22306,201,0.157117173454232,13,13,110,PB,Chander Shekhar,IND,,,,,False,13,2012,AE
1743748,Shankar Lal,IND,22306,189,0.147737043695771,14,13,110,PB,Shankar Lal,IND,,,,,False,13,2012,AE
1743749,Ranjit Kaur,IND,22306,184,0.143828656296412,15,13,110,PB,Ranjit Kaur,IND,,,,,False,13,2012,AE
1743750,Karamjit Kaur,IND,22306,176,0.137575236457437,16,13,110,PB,Karamjit Kaur,IND,,,,,False,13,2012,AE
1743873,Hardyal Singh Kamboj,INC,22301,64250,57.6900629427768,1,13,111,PB,Hardyal Singh Kamboj,INC,,,,,False,13,2012,AE
1743874,Raj Khurana,BJP,22300,32740,29.3972398559768,2,13,111,PB,Raj Khurana,BJP,,,,,False,13,2012,AE
1743875,Neeru Chaudhary,PPOP,22331,5475,4.91600147255569,3,13,111,PB,Neeru Chaudhary,PPOP,,,,,False,13,2012,AE
1743876,Jagjeet Singh Charbar,BSP,22303,4934,4.43023767408032,4,13,111,PB,Jagjeet Singh Charbar,BSP,,,,,False,13,2012,AE
1743877,Rajinder Kumar Rana,IND,22306,951,0.853902721534331,5,13,111,PB,Rajinder Kumar Rana,IND,,,,,False,13,2012,AE
1743878,Balwinder Kaur Cheema,IND,22306,747,0.670731159817187,6,13,111,PB,Balwinder Kaur Cheema,IND,,,,,False,13,2012,AE
1743879,Ranjan Kumar Hans,SHS,22312,560,0.502823894909805,7,13,111,PB,Ranjan Kumar Hans,SHS,,,,,False,13,2012,AE
1743880,Mahinder Singh Kamboj,IND,22306,448,0.402259115927844,8,13,111,PB,Mahinder Singh Kamboj,IND,,,,,False,13,2012,AE
1743881,Ranbir Singh Harpalpur,SAD(A),22321,400,0.359159924935575,9,13,111,PB,Ranbir Singh Harpalpur,SAD(A),,,,,False,13,2012,AE
1743882,Darshan Singh Bakshiwala,IND,22306,334,0.299898537321205,10,13,111,PB,Darshan Singh Bakshiwala,IND,,,,,False,13,2012,AE
1743883,Lahori Singh,BRSP,22405,280,0.251411947454902,11,13,111,PB,Lahori Singh,BRSP,,,,,False,13,2012,AE
1743884,Sandeepa Kamboj,IND,22306,252,0.226270752709412,12,13,111,PB,Sandeepa Kamboj,IND,,,,,False,13,2012,AE
1743996,N.K. Sharma,SAD,22320,63285,44.6789133320154,1,13,112,PB,N.K. Sharma,SAD,,,,,False,13,2012,AE
1743997,Deepinder Singh Dhillon,IND,22306,51248,36.1808477591708,2,13,112,PB,Deepinder Singh Dhillon,IND,,,,,False,13,2012,AE
1743998,Jasjit Singh Randhawa,INC,22301,9484,6.69565954082064,3,13,112,PB,Jasjit Singh Randhawa,INC,,,,,False,13,2012,AE
1743999,Manpreet Kaur Dolly,IND,22306,7563,5.33944254610149,4,13,112,PB,Manpreet Kaur Dolly,IND,,,,,False,13,2012,AE
1744000,Satish Sharma,BSP,22303,5333,3.76507299991528,5,13,112,PB,Satish Sharma,BSP,,,,,False,13,2012,AE
1744001,Bhagwant Singh,PPOP,22331,2793,1.97184490694981,6,13,112,PB,Bhagwant Singh,PPOP,,,,,False,13,2012,AE
1744002,Jaswant Singh,IND,22306,886,0.625511846601338,7,13,112,PB,Jaswant Singh,IND,,,,,False,13,2012,AE
1744003,Maan Singh,IND,22306,841,0.593742057552737,8,13,112,PB,Maan Singh,IND,,,,,False,13,2012,AE
1744004,Gurjit Singh,IND,22306,211,0.148965010872327,9,13,112,PB,Gurjit Singh,IND,,,,,False,13,2012,AE
1744118,Harpreet Kaur Mukhmailpura,SAD,22320,51627,45.2654005997159,1,13,113,PB,Harpreet Kaur Mukhmailpura,SAD,,,,,False,13,2012,AE
1744119,Madan Lal Jalalpur,INC,22301,49849,43.706489908289,2,13,113,PB,Madan Lal Jalalpur,INC,,,,,False,13,2012,AE
1744120,Baldev Singh Mehra,BSP,22303,4326,3.79294018622757,3,13,113,PB,Baldev Singh Mehra,BSP,,,,,False,13,2012,AE
1744121,Gurnam Singh Saidkherhi,IND,22306,2195,1.9245269784488,4,13,113,PB,Gurnam Singh Saidkherhi,IND,,,,,False,13,2012,AE
1744122,Balwinder Singh,IND,22306,2095,1.83684921177687,5,13,113,PB,Balwinder Singh,IND,,,,,False,13,2012,AE
1744123,Harinder Singh,CPM,22328,2068,1.81317621477545,6,13,113,PB,Harinder Singh,CPM,,,,,False,13,2012,AE
1744124,Madan Lal Thekedar,IND,22306,905,0.793483788380942,7,13,113,PB,Madan Lal Thekedar,IND,,,,,False,13,2012,AE
1744125,Harchand Singh,SAD(A),22321,737,0.646185140372104,8,13,113,PB,Harchand Singh,SAD(A),,,,,False,13,2012,AE
1744126,Sukhwinder Kaur,IND,22306,252,0.220947972013256,9,13,113,PB,Sukhwinder Kaur,IND,,,,,False,13,2012,AE
1744235,Lal Singh,INC,22301,71029,48.9480466677233,1,13,114,PB,Lal Singh,INC,,,,,False,13,2012,AE
1744236,Tejinderpal Singh Sandhu,SAD,22320,67122,46.255625004307,2,13,114,PB,Tejinderpal Singh Sandhu,SAD,,,,,False,13,2012,AE
1744237,Ram Sarup,BSP,22303,3025,2.08461109082013,3,13,114,PB,Ram Sarup,BSP,,,,,False,13,2012,AE
1744238,Ram Saran,IND,22306,1261,0.868989945627829,4,13,114,PB,Ram Saran,IND,,,,,False,13,2012,AE
1744239,Naunihal Singh,SAD(A),22321,803,0.553369489563161,5,13,114,PB,Naunihal Singh,SAD(A),,,,,False,13,2012,AE
1744240,Parsotam Gir,IND,22306,560,0.385911474664222,6,13,114,PB,Parsotam Gir,IND,,,,,False,13,2012,AE
1744241,Avtar Singh,IND,22306,514,0.354211603531089,7,13,114,PB,Avtar Singh,IND,,,,,False,13,2012,AE
1744242,Rajinder Singh,IND,22306,418,0.288055350731508,8,13,114,PB,Rajinder Singh,IND,,,,,False,13,2012,AE
1744243,Madan Mohan Sood,BRSP,22405,379,0.261179373031679,9,13,114,PB,Madan Mohan Sood,BRSP,,,,,False,13,2012,AE
1744366,Amarinder Singh,INC,22301,66041,69.1260977422359,1,13,115,PB,Amarinder Singh,INC,,,,,False,13,2012,AE
1744367,Surjit Singh Kohli,SAD,22320,23723,24.8312172247401,2,13,115,PB,Surjit Singh Kohli,SAD,,,,,False,13,2012,AE
1744368,Joga Singh,PPOP,22331,2849,2.98209070831196,3,13,115,PB,Joga Singh,PPOP,,,,,False,13,2012,AE
1744369,Shankar Lal,BSP,22303,1288,1.34816877230811,4,13,115,PB,Shankar Lal,BSP,,,,,False,13,2012,AE
1744370,Rakesh Kumar,IND,22306,638,0.667804096842061,5,13,115,PB,Rakesh Kumar,IND,,,,,False,13,2012,AE
1744371,Jarnail Singh,IND,22306,505,0.528591017092854,6,13,115,PB,Jarnail Singh,IND,,,,,False,13,2012,AE
1744372,Ram Saroop,BRSP,22405,221,0.231323989658456,7,13,115,PB,Ram Saroop,BRSP,,,,,False,13,2012,AE
1744373,Arvind,IND,22306,141,0.147586798831866,8,13,115,PB,Arvind,IND,,,,,False,13,2012,AE
1744374,Karamjit Kaur,IND,22306,131,0.137119649978542,9,13,115,PB,Karamjit Kaur,IND,,,,,False,13,2012,AE
1744488,Surjit Singh Rakhra,SAD,22320,64769,50.0355360536439,1,13,116,PB,Surjit Singh Rakhra,SAD,,,,,False,13,2012,AE
1744489,Raninder Singh,INC,22301,57839,44.6819523198862,2,13,116,PB,Raninder Singh,INC,,,,,False,13,2012,AE
1744490,Maghar Singh,BSP,22303,3104,2.39791109806405,3,13,116,PB,Maghar Singh,BSP,,,,,False,13,2012,AE
1744491,Hukam Singh,PPOP,22331,1447,1.11784064397509,4,13,116,PB,Hukam Singh,PPOP,,,,,False,13,2012,AE
1744492,Binder Kaur,IND,22306,867,0.669777358898691,5,13,116,PB,Binder Kaur,IND,,,,,False,13,2012,AE
1744493,Rajpal Singh,SAD(A),22321,668,0.516045300743167,6,13,116,PB,Rajpal Singh,SAD(A),,,,,False,13,2012,AE
1744494,Arun Chopra,BRSP,22405,427,0.329867280564868,7,13,116,PB,Arun Chopra,BRSP,,,,,False,13,2012,AE
1744495,Sandeep Kumar,IND,22306,325,0.251069944223846,8,13,116,PB,Sandeep Kumar,IND,,,,,False,13,2012,AE
1744608,Vaninder Kaur Loomba,SAD,22320,47764,39.8847647279863,1,13,117,PB,Vaninder Kaur Loomba,SAD,,,,,False,13,2012,AE
1744609,Nirmal Singh,INC,22301,46992,39.240115235272,2,13,117,PB,Nirmal Singh,INC,,,,,False,13,2012,AE
1744610,Major Singh Dugal,PPOP,22331,16677,13.925932111394,3,13,117,PB,Major Singh Dugal,PPOP,,,,,False,13,2012,AE
1744611,Braham Parkash,BSP,22303,2797,2.33560185378481,4,13,117,PB,Braham Parkash,BSP,,,,,False,13,2012,AE
1744612,Mangat Singh,IND,22306,1153,0.962799048056448,5,13,117,PB,Mangat Singh,IND,,,,,False,13,2012,AE
1744613,Labh Singh,SAD(A),22321,969,0.809152018704855,6,13,117,PB,Labh Singh,SAD(A),,,,,False,13,2012,AE
1744614,Sinder Kaur,IND,22306,723,0.6037326207674,7,13,117,PB,Sinder Kaur,IND,,,,,False,13,2012,AE
1744615,Nirmal Singh,IND,22306,710,0.592877124128428,8,13,117,PB,Nirmal Singh,IND,,,,,False,13,2012,AE
1744616,Ajinderpal Singh,IND,22306,613,0.511878418437643,9,13,117,PB,Ajinderpal Singh,IND,,,,,False,13,2012,AE
1744617,Nirmal Singh Dehar,IND,22306,445,0.371592000334015,10,13,117,PB,Nirmal Singh Dehar,IND,,,,,False,13,2012,AE
1744618,Charan Dass,IND,22306,379,0.316479478936161,11,13,117,PB,Charan Dass,IND,,,,,False,13,2012,AE
1744619,Vijay Kumar,BSP(A),22315,357,0.29810863847021,12,13,117,PB,Vijay Kumar,BSP(A),,,,,False,13,2012,AE
1744620,Shano Devi,IND,22306,176,0.14696672372761,13,13,117,PB,Shano Devi,IND,,,,,False,13,2012,AE
