el_res_id,ca_full_name,party_abb,party_id,el_vote_count,el_vote_perc,el_rank,el_id,ac_no,state_abb,original_ca_full_name,original_party_abb,caste,caste_category,gender,age,incumbency,el_id,el_year,el_type
1829673,Dr. Banshilal Mahto,BJP,23846,48354,39.7968757715922,1,21,1,CT,Dr. Banshilal Mahto,BJP,,,,,False,21,2014,GE
1829674,Charan Das Mahant,INC,23847,44757,36.8364306760382,2,21,1,CT,Charan Das Mahant,INC,,,,,True,21,2014,GE
1829675,Hira Singh Markaam,GGP,23848,11989,9.86732728679363,3,21,1,CT,Hira Singh Markaam,GGP,,,,,False,21,2014,GE
1829676,Jeevan Lal Raoutel,IND,23849,2498,2.0559332356669,4,21,1,CT,Jeevan Lal Raoutel,IND,,,,,False,21,2014,GE
1829677,Dhan Singh Dhurve,BSP,23850,1502,1.23619364290299,5,21,1,CT,Dhan Singh Dhurve,BSP,,,,,False,21,2014,GE
1829678,Amar Nath Pandey,AAAP,23851,1320,1.08640186992806,6,21,1,CT,Amar Nath Pandey,AAAP,,,,,False,21,2014,GE
1829679,Pratap Bhanu,IND,23849,1012,0.832908100278184,7,21,1,CT,Pratap Bhanu,IND,,,,,False,21,2014,GE
1829680,None Of The Above,NOTA,23852,995,0.818916561044262,8,21,1,CT,None Of The Above,NOTA,,,,,False,21,2014,GE
1829681,Jata Shankar Panday,IND,23849,947,0.779411038501423,9,21,1,CT,Jata Shankar Panday,IND,,,,,False,21,2014,GE
1829682,Charan Bhaya,IND,23849,937,0.771180721304999,10,21,1,CT,Charan Bhaya,IND,,,,,False,21,2014,GE
1829683,S.R. Anchal,IND,23849,841,0.692169676219321,11,21,1,CT,S.R. Anchal,IND,,,,,False,21,2014,GE
1829684,Chandra Bhushan Pratap Singh Kanwar,APoI,23853,790,0.650195058517555,12,21,1,CT,Chandra Bhushan Pratap Singh Kanwar,APoI,,,,,False,21,2014,GE
1829685,Laxman Lal Kaiwart,chp,23854,775,0.637849582722918,13,21,1,CT,Laxman Lal Kaiwart,chp,,,,,False,21,2014,GE
1829686,Phuleshwar Prasad Surajiha,IND,23849,622,0.511925729617619,14,21,1,CT,Phuleshwar Prasad Surajiha,IND,,,,,False,21,2014,GE
1829687,Mohan Lal Bargahi,IND,23849,511,0.420569208737304,15,21,1,CT,Mohan Lal Bargahi,IND,,,,,False,21,2014,GE
1829688,Dr.Urmila Singh Marko,RGOP,23855,436,0.358841829764119,16,21,1,CT,Dr.Urmila Singh Marko,RGOP,,,,,False,21,2014,GE
1829689,Rajendra Singh Kanwar,CSM,23856,411,0.338266036773057,17,21,1,CT,Rajendra Singh Kanwar,CSM,,,,,False,21,2014,GE
1829690,Rajesh Kumar Pandey,IND,23849,410,0.337443005053414,18,21,1,CT,Rajesh Kumar Pandey,IND,,,,,False,21,2014,GE
1829691,Harbhajan Singh Shyam,IND,23849,385,0.316867212062352,19,21,1,CT,Harbhajan Singh Shyam,IND,,,,,False,21,2014,GE
1829692,Rajesh Kumar Mahant,JD(U),23857,378,0.311105990024855,20,21,1,CT,Rajesh Kumar Mahant,JD(U),,,,,False,21,2014,GE
1829693,Sekh Rauf,IND,23849,376,0.30945992658557,21,21,1,CT,Sekh Rauf,IND,,,,,False,21,2014,GE
1829694,Kewal Goswami,SP,23858,356,0.292999292192721,22,21,1,CT,Kewal Goswami,SP,,,,,False,21,2014,GE
1829695,Fatte Singh Shyam,IND,23849,330,0.271600467482016,23,21,1,CT,Fatte Singh Shyam,IND,,,,,False,21,2014,GE
1829696,Kamal Deo,BSCP,23859,303,0.249378611051669,24,21,1,CT,Kamal Deo,BSCP,,,,,False,21,2014,GE
1829697,Shambhu Prasad Sharma Advocate,IND,23849,267,0.21974946914454,25,21,1,CT,Shambhu Prasad Sharma Advocate,IND,,,,,False,21,2014,GE
1829799,Dr. Banshilal Mahto,BJP,23846,39639,43.6149377228114,1,21,2,CT,Dr. Banshilal Mahto,BJP,,,,,False,21,2014,GE
1829800,Charan Das Mahant,INC,23847,36619,40.2920205976849,2,21,2,CT,Charan Das Mahant,INC,,,,,True,21,2014,GE
1829801,Hira Singh Markaam,GGP,23848,5405,5.94714141102944,3,21,2,CT,Hira Singh Markaam,GGP,,,,,False,21,2014,GE
1829802,Jeevan Lal Raoutel,IND,23849,1257,1.38308173055763,4,21,2,CT,Jeevan Lal Raoutel,IND,,,,,False,21,2014,GE
1829803,Amar Nath Pandey,AAAP,23851,1229,1.35227322741076,5,21,2,CT,Amar Nath Pandey,AAAP,,,,,False,21,2014,GE
1829804,Dhan Singh Dhurve,BSP,23850,898,0.988072708067426,6,21,2,CT,Dhan Singh Dhurve,BSP,,,,,False,21,2014,GE
1829805,None Of The Above,NOTA,23852,618,0.679987676598741,7,21,2,CT,None Of The Above,NOTA,,,,,False,21,2014,GE
1829806,Pratap Bhanu,IND,23849,543,0.597464900312486,8,21,2,CT,Pratap Bhanu,IND,,,,,False,21,2014,GE
1829807,Charan Bhaya,IND,23849,515,0.566656397165617,9,21,2,CT,Charan Bhaya,IND,,,,,False,21,2014,GE
1829808,Chandra Bhushan Pratap Singh Kanwar,APoI,23853,424,0.466528761938294,10,21,2,CT,Chandra Bhushan Pratap Singh Kanwar,APoI,,,,,False,21,2014,GE
1829809,Jata Shankar Panday,IND,23849,408,0.448923902997227,11,21,2,CT,Jata Shankar Panday,IND,,,,,False,21,2014,GE
1829810,S.R. Anchal,IND,23849,403,0.443422384578143,12,21,2,CT,S.R. Anchal,IND,,,,,False,21,2014,GE
1829811,Harbhajan Singh Shyam,IND,23849,389,0.428018133004709,13,21,2,CT,Harbhajan Singh Shyam,IND,,,,,False,21,2014,GE
1829812,Laxman Lal Kaiwart,chp,23854,374,0.411513577747458,14,21,2,CT,Laxman Lal Kaiwart,chp,,,,,False,21,2014,GE
1829813,Phuleshwar Prasad Surajiha,IND,23849,288,0.316887460939219,15,21,2,CT,Phuleshwar Prasad Surajiha,IND,,,,,False,21,2014,GE
1829814,Kamal Deo,BSCP,23859,263,0.2893798688438,16,21,2,CT,Kamal Deo,BSCP,,,,,False,21,2014,GE
1829815,Mohan Lal Bargahi,IND,23849,229,0.251969543594031,17,21,2,CT,Mohan Lal Bargahi,IND,,,,,False,21,2014,GE
1829816,Rajesh Kumar Pandey,IND,23849,226,0.248668632542581,18,21,2,CT,Rajesh Kumar Pandey,IND,,,,,False,21,2014,GE
1829817,Dr.Urmila Singh Marko,RGOP,23855,197,0.216759825711896,19,21,2,CT,Dr.Urmila Singh Marko,RGOP,,,,,False,21,2014,GE
1829818,Sekh Rauf,IND,23849,195,0.214559218344263,20,21,2,CT,Sekh Rauf,IND,,,,,False,21,2014,GE
1829819,Rajesh Kumar Mahant,JD(U),23857,190,0.209057699925179,21,21,2,CT,Rajesh Kumar Mahant,JD(U),,,,,False,21,2014,GE
1829820,Rajendra Singh Kanwar,CSM,23856,179,0.196954359403195,22,21,2,CT,Rajendra Singh Kanwar,CSM,,,,,False,21,2014,GE
1829821,Kewal Goswami,SP,23858,175,0.192553144667928,23,21,2,CT,Kewal Goswami,SP,,,,,False,21,2014,GE
1829822,Fatte Singh Shyam,IND,23849,112,0.123234012587474,24,21,2,CT,Fatte Singh Shyam,IND,,,,,False,21,2014,GE
1829823,Shambhu Prasad Sharma Advocate,IND,23849,109,0.119933101536023,25,21,2,CT,Shambhu Prasad Sharma Advocate,IND,,,,,False,21,2014,GE
1829930,Dr. Banshilal Mahto,BJP,23846,48219,42.0733463051995,1,21,3,CT,Dr. Banshilal Mahto,BJP,,,,,False,21,2014,GE
1829931,Charan Das Mahant,INC,23847,44217,38.5814130026961,2,21,3,CT,Charan Das Mahant,INC,,,,,True,21,2014,GE
1829932,Hira Singh Markaam,GGP,23848,10371,9.04918547732686,3,21,3,CT,Hira Singh Markaam,GGP,,,,,False,21,2014,GE
1829933,Jeevan Lal Raoutel,IND,23849,1777,1.55051611158131,4,21,3,CT,Jeevan Lal Raoutel,IND,,,,,False,21,2014,GE
1829934,Dhan Singh Dhurve,BSP,23850,1619,1.41265367734955,5,21,3,CT,Dhan Singh Dhurve,BSP,,,,,False,21,2014,GE
1829935,Amar Nath Pandey,AAAP,23851,1106,0.965037039622361,6,21,3,CT,Amar Nath Pandey,AAAP,,,,,False,21,2014,GE
1829936,Pratap Bhanu,IND,23849,840,0.732939523763818,7,21,3,CT,Pratap Bhanu,IND,,,,,False,21,2014,GE
1829937,None Of The Above,NOTA,23852,695,0.60642020120935,8,21,3,CT,None Of The Above,NOTA,,,,,False,21,2014,GE
1829938,Charan Bhaya,IND,23849,664,0.579371242594256,9,21,3,CT,Charan Bhaya,IND,,,,,False,21,2014,GE
1829939,Jata Shankar Panday,IND,23849,612,0.533998795885068,10,21,3,CT,Jata Shankar Panday,IND,,,,,False,21,2014,GE
1829940,Chandra Bhushan Pratap Singh Kanwar,APoI,23853,503,0.438891167206191,11,21,3,CT,Chandra Bhushan Pratap Singh Kanwar,APoI,,,,,False,21,2014,GE
1829941,Phuleshwar Prasad Surajiha,IND,23849,496,0.432783337841493,12,21,3,CT,Phuleshwar Prasad Surajiha,IND,,,,,False,21,2014,GE
1829942,S.R. Anchal,IND,23849,490,0.427548055528894,13,21,3,CT,S.R. Anchal,IND,,,,,False,21,2014,GE
1829943,Laxman Lal Kaiwart,chp,23854,481,0.419695132059996,14,21,3,CT,Laxman Lal Kaiwart,chp,,,,,False,21,2014,GE
1829944,Mohan Lal Bargahi,IND,23849,296,0.258273927421536,15,21,3,CT,Mohan Lal Bargahi,IND,,,,,False,21,2014,GE
1829945,Fatte Singh Shyam,IND,23849,262,0.228607327650143,16,21,3,CT,Fatte Singh Shyam,IND,,,,,False,21,2014,GE
1829946,Rajesh Kumar Pandey,IND,23849,245,0.213774027764447,17,21,3,CT,Rajesh Kumar Pandey,IND,,,,,False,21,2014,GE
1829947,Dr.Urmila Singh Marko,CSM,23856,244,0.21,18,21,3,CT,Dr.Urmila Singh Marko,CSM,,,,,False,21,2014,GE
1829948,Rajendra Singh Kanwar,RGOP,23855,244,0.21,18,21,3,CT,Rajendra Singh Kanwar,RGOP,,,,,False,21,2014,GE
1829949,Sekh Rauf,IND,23849,237,0.206793651347648,20,21,3,CT,Sekh Rauf,IND,,,,,False,21,2014,GE
1829950,Rajesh Kumar Mahant,JD(U),23857,223,0.194577992618251,21,21,3,CT,Rajesh Kumar Mahant,JD(U),,,,,False,21,2014,GE
1829951,Kamal Deo,BSCP,23859,214,0.186725069149353,22,21,3,CT,Kamal Deo,BSCP,,,,,False,21,2014,GE
1829952,Harbhajan Singh Shyam,IND,23849,213,0.185852522097254,23,21,3,CT,Harbhajan Singh Shyam,IND,,,,,False,21,2014,GE
1829953,Kewal Goswami,SP,23858,189,0.164911392846859,24,21,3,CT,Kewal Goswami,SP,,,,,False,21,2014,GE
1829954,Shambhu Prasad Sharma Advocate,IND,23849,150,0.130882057814967,25,21,3,CT,Shambhu Prasad Sharma Advocate,IND,,,,,False,21,2014,GE
1830055,Kamalbhan Singh Marabi,BJP,23846,82688,55.0794338051623,1,21,4,CT,Kamalbhan Singh Marabi,BJP,,,,,True,21,2014,GE
1830056,Ram Dev Ram,INC,23847,43051,28.6767693588676,2,21,4,CT,Ram Dev Ram,INC,,,,,False,21,2014,GE
1830057,Tuleshwar Singh,AITC,23884,4688,3.12273105745212,3,21,4,CT,Tuleshwar Singh,AITC,,,,,False,21,2014,GE
1830058,None Of The Above,NOTA,23852,4082,2.71906744379683,4,21,4,CT,None Of The Above,NOTA,,,,,False,21,2014,GE
1830059,Dharmjeet Singh Markam,BSP,23850,3193,2.12689425478767,5,21,4,CT,Dharmjeet Singh Markam,BSP,,,,,False,21,2014,GE
1830060,Baldeo Prasad Singh Maravi,GGP,23848,1974,1.31490424646128,6,21,4,CT,Baldeo Prasad Singh Maravi,GGP,,,,,False,21,2014,GE
1830061,Rajnath,IND,23849,1909,1.27160699417152,7,21,4,CT,Rajnath,IND,,,,,False,21,2014,GE
1830062,Comrade Surendra Lal Singh,CPM,23885,1569,1.0451290591174,8,21,4,CT,Comrade Surendra Lal Singh,CPM,,,,,False,21,2014,GE
1830063,Bahadur Ram,IND,23849,1299,0.865278934221482,9,21,4,CT,Bahadur Ram,IND,,,,,False,21,2014,GE
1830064,Ramasapna Singh,APoI,23853,1285,0.855953372189841,10,21,4,CT,Ramasapna Singh,APoI,,,,,False,21,2014,GE
1830065,Shivkumar Singh Shyam,RGOP,23855,1042,0.694088259783513,11,21,4,CT,Shivkumar Singh Shyam,RGOP,,,,,False,21,2014,GE
1830066,Dubraj Singh Markam,IND,23849,1033,0.688093255620316,12,21,4,CT,Dubraj Singh Markam,IND,,,,,False,21,2014,GE
1830067,Ramnath Cherwa,SSD,23886,901,0.600166527893422,13,21,4,CT,Ramnath Cherwa,SSD,,,,,False,21,2014,GE
1830068,Kumait Ram Sandil,IND,23849,855,0.569525395503746,14,21,4,CT,Kumait Ram Sandil,IND,,,,,False,21,2014,GE
1830069,Advocate Kunj Bihari Singh Paikra,BMUP,23887,556,0.370358034970857,15,21,4,CT,Advocate Kunj Bihari Singh Paikra,BMUP,,,,,False,21,2014,GE
1830162,Kamalbhan Singh Marabi,BJP,23846,82771,52.9429448637584,1,21,5,CT,Kamalbhan Singh Marabi,BJP,,,,,True,21,2014,GE
1830163,Ram Dev Ram,INC,23847,48512,31.0298068312651,2,21,5,CT,Ram Dev Ram,INC,,,,,False,21,2014,GE
1830164,Baldeo Prasad Singh Maravi,GGP,23848,3847,2.46066265830881,3,21,5,CT,Baldeo Prasad Singh Maravi,GGP,,,,,False,21,2014,GE
1830165,None Of The Above,NOTA,23852,3712,2.37431239605986,4,21,5,CT,None Of The Above,NOTA,,,,,False,21,2014,GE
1830166,Dharmjeet Singh Markam,BSP,23850,3602,2.30395292311628,5,21,5,CT,Dharmjeet Singh Markam,BSP,,,,,False,21,2014,GE
1830167,Comrade Surendra Lal Singh,CPM,23885,2873,1.83766150697198,6,21,5,CT,Comrade Surendra Lal Singh,CPM,,,,,False,21,2014,GE
1830168,Rajnath,IND,23849,2050,1.31124472303952,7,21,5,CT,Rajnath,IND,,,,,False,21,2014,GE
1830169,Ramasapna Singh,APoI,23853,1569,1.0035819368044,8,21,5,CT,Ramasapna Singh,APoI,,,,,False,21,2014,GE
1830170,Bahadur Ram,IND,23849,1443,0.922988358705385,9,21,5,CT,Bahadur Ram,IND,,,,,False,21,2014,GE
1830171,Ramnath Cherwa,SSD,23886,1326,0.8481514647563,10,21,5,CT,Ramnath Cherwa,SSD,,,,,False,21,2014,GE
1830172,Dubraj Singh Markam,IND,23849,1094,0.699756940002558,11,21,5,CT,Dubraj Singh Markam,IND,,,,,False,21,2014,GE
1830173,Shivkumar Singh Shyam,RGOP,23855,1093,0.699117308430344,12,21,5,CT,Shivkumar Singh Shyam,RGOP,,,,,False,21,2014,GE
1830174,Tuleshwar Singh,AITC,23884,1039,0.664577203530766,13,21,5,CT,Tuleshwar Singh,AITC,,,,,False,21,2014,GE
1830175,Kumait Ram Sandil,IND,23849,886,0.566713572981962,14,21,5,CT,Kumait Ram Sandil,IND,,,,,False,21,2014,GE
1830176,Advocate Kunj Bihari Singh Paikra,BMUP,23887,523,0.334527312268133,15,21,5,CT,Advocate Kunj Bihari Singh Paikra,BMUP,,,,,False,21,2014,GE
1830297,Kamalbhan Singh Marabi,BJP,23846,75265,50.1629554588412,1,21,6,CT,Kamalbhan Singh Marabi,BJP,,,,,True,21,2014,GE
1830298,Ram Dev Ram,INC,23847,50916,33.9347245086343,2,21,6,CT,Ram Dev Ram,INC,,,,,False,21,2014,GE
1830299,None Of The Above,NOTA,23852,4600,3.06582867349591,3,21,6,CT,None Of The Above,NOTA,,,,,False,21,2014,GE
1830300,Baldeo Prasad Singh Maravi,GGP,23848,3341,2.22672469524996,4,21,6,CT,Baldeo Prasad Singh Maravi,GGP,,,,,False,21,2014,GE
1830301,Dharmjeet Singh Markam,BSP,23850,3008,2.00478535866863,5,21,6,CT,Dharmjeet Singh Markam,BSP,,,,,False,21,2014,GE
1830302,Rajnath,IND,23849,2270,1.5129198019208,6,21,6,CT,Rajnath,IND,,,,,False,21,2014,GE
1830303,Ramasapna Singh,APoI,23853,1791,1.19367372918069,7,21,6,CT,Ramasapna Singh,APoI,,,,,False,21,2014,GE
1830304,Comrade Surendra Lal Singh,CPM,23885,1666,1.11036316740091,8,21,6,CT,Comrade Surendra Lal Singh,CPM,,,,,False,21,2014,GE
1830305,Bahadur Ram,IND,23849,1604,1.06904112875813,9,21,6,CT,Bahadur Ram,IND,,,,,False,21,2014,GE
1830306,Shivkumar Singh Shyam,RGOP,23855,1048,0.698475749961677,10,21,6,CT,Shivkumar Singh Shyam,RGOP,,,,,False,21,2014,GE
1830307,Dubraj Singh Markam,IND,23849,1021,0.680480668617244,11,21,6,CT,Dubraj Singh Markam,IND,,,,,False,21,2014,GE
1830308,Tuleshwar Singh,AITC,23884,946,0.630494331549376,12,21,6,CT,Tuleshwar Singh,AITC,,,,,False,21,2014,GE
1830309,Ramnath Cherwa,SSD,23886,870,0.57984150998727,13,21,6,CT,Ramnath Cherwa,SSD,,,,,False,21,2014,GE
1830310,Kumait Ram Sandil,IND,23849,855,0.569844242573696,14,21,6,CT,Kumait Ram Sandil,IND,,,,,False,21,2014,GE
1830311,Advocate Kunj Bihari Singh Paikra,BMUP,23887,840,0.559846975160122,15,21,6,CT,Advocate Kunj Bihari Singh Paikra,BMUP,,,,,False,21,2014,GE
1830404,Kamalbhan Singh Marabi,BJP,23846,62290,45.782282425748,1,21,7,CT,Kamalbhan Singh Marabi,BJP,,,,,True,21,2014,GE
1830405,Ram Dev Ram,INC,23847,58373,42.9033419816694,2,21,7,CT,Ram Dev Ram,INC,,,,,False,21,2014,GE
1830406,None Of The Above,NOTA,23852,2737,2.01165687910214,3,21,7,CT,None Of The Above,NOTA,,,,,False,21,2014,GE
1830407,Dharmjeet Singh Markam,BSP,23850,1967,1.44571760365141,4,21,7,CT,Dharmjeet Singh Markam,BSP,,,,,False,21,2014,GE
1830408,Comrade Surendra Lal Singh,CPM,23885,1546,1.13628846733354,5,21,7,CT,Comrade Surendra Lal Singh,CPM,,,,,False,21,2014,GE
1830409,Ramasapna Singh,APoI,23853,1510,1.10982896874104,6,21,7,CT,Ramasapna Singh,APoI,,,,,False,21,2014,GE
1830410,Rajnath,IND,23849,1393,1.02383559831541,7,21,7,CT,Rajnath,IND,,,,,False,21,2014,GE
1830411,Bahadur Ram,IND,23849,1073,0.788640055270952,8,21,7,CT,Bahadur Ram,IND,,,,,False,21,2014,GE
1830412,Tuleshwar Singh,AITC,23884,833,0.612243397987608,9,21,7,CT,Tuleshwar Singh,AITC,,,,,False,21,2014,GE
1830413,Shivkumar Singh Shyam,RGOP,23855,826,0.60709849548351,10,21,7,CT,Shivkumar Singh Shyam,RGOP,,,,,False,21,2014,GE
1830414,Baldeo Prasad Singh Maravi,GGP,23848,796,0.585048913323092,11,21,7,CT,Baldeo Prasad Singh Maravi,GGP,,,,,False,21,2014,GE
1830415,Dubraj Singh Markam,IND,23849,759,0.557854428658576,12,21,7,CT,Dubraj Singh Markam,IND,,,,,False,21,2014,GE
1830416,Advocate Kunj Bihari Singh Paikra,BMUP,23887,695,0.510815320049685,13,21,7,CT,Advocate Kunj Bihari Singh Paikra,BMUP,,,,,False,21,2014,GE
1830417,Kumait Ram Sandil,IND,23849,658,0.483620835385169,14,21,7,CT,Kumait Ram Sandil,IND,,,,,False,21,2014,GE
1830418,Ramnath Cherwa,SSD,23886,601,0.441726629280375,15,21,7,CT,Ramnath Cherwa,SSD,,,,,False,21,2014,GE
1830506,Kamalbhan Singh Marabi,BJP,23846,69310,47.0683309112146,1,21,8,CT,Kamalbhan Singh Marabi,BJP,,,,,True,21,2014,GE
1830507,Ram Dev Ram,INC,23847,57359,38.9524223450636,2,21,8,CT,Ram Dev Ram,INC,,,,,False,21,2014,GE
1830508,None Of The Above,NOTA,23852,4323,2.93574368098659,3,21,8,CT,None Of The Above,NOTA,,,,,False,21,2014,GE
1830509,Dharmjeet Singh Markam,BSP,23850,2130,1.44648023143683,4,21,8,CT,Dharmjeet Singh Markam,BSP,,,,,False,21,2014,GE
1830510,Rajnath,IND,23849,2114,1.43561465223355,5,21,8,CT,Rajnath,IND,,,,,False,21,2014,GE
1830511,Ramasapna Singh,APoI,23853,1947,1.3222051692993,6,21,8,CT,Ramasapna Singh,APoI,,,,,False,21,2014,GE
1830512,Comrade Surendra Lal Singh,CPM,23885,1772,1.20336289676341,7,21,8,CT,Comrade Surendra Lal Singh,CPM,,,,,False,21,2014,GE
1830513,Bahadur Ram,IND,23849,1562,1.06075216972034,8,21,8,CT,Bahadur Ram,IND,,,,,False,21,2014,GE
1830514,Tuleshwar Singh,AITC,23884,1356,0.920857837478099,9,21,8,CT,Tuleshwar Singh,AITC,,,,,False,21,2014,GE
1830515,Dubraj Singh Markam,IND,23849,1084,0.736142991022315,10,21,8,CT,Dubraj Singh Markam,IND,,,,,False,21,2014,GE
1830516,Shivkumar Singh Shyam,RGOP,23855,1064,0.722561017018213,11,21,8,CT,Shivkumar Singh Shyam,RGOP,,,,,False,21,2014,GE
1830517,Baldeo Prasad Singh Maravi,GGP,23848,952,0.646501962595243,12,21,8,CT,Baldeo Prasad Singh Maravi,GGP,,,,,False,21,2014,GE
1830518,Kumait Ram Sandil,IND,23849,866,0.588099474377606,13,21,8,CT,Kumait Ram Sandil,IND,,,,,False,21,2014,GE
1830519,Ramnath Cherwa,SSD,23886,766,0.520189604357097,14,21,8,CT,Ramnath Cherwa,SSD,,,,,False,21,2014,GE
1830520,Advocate Kunj Bihari Singh Paikra,BMUP,23887,649,0.440735056433101,15,21,8,CT,Advocate Kunj Bihari Singh Paikra,BMUP,,,,,False,21,2014,GE
1830609,Kamalbhan Singh Marabi,BJP,23846,66191,46.3486706206104,1,21,9,CT,Kamalbhan Singh Marabi,BJP,,,,,True,21,2014,GE
1830610,Ram Dev Ram,INC,23847,57216,40.0641407174517,2,21,9,CT,Ram Dev Ram,INC,,,,,False,21,2014,GE
1830611,None Of The Above,NOTA,23852,3392,2.37516717899881,3,21,9,CT,None Of The Above,NOTA,,,,,False,21,2014,GE
1830612,Comrade Surendra Lal Singh,CPM,23885,2665,1.86610275118863,4,21,9,CT,Comrade Surendra Lal Singh,CPM,,,,,False,21,2014,GE
1830613,Dharmjeet Singh Markam,BSP,23850,1999,1.39975211993473,5,21,9,CT,Dharmjeet Singh Markam,BSP,,,,,False,21,2014,GE
1830614,Rajnath,IND,23849,1821,1.27511186113114,6,21,9,CT,Rajnath,IND,,,,,False,21,2014,GE
1830615,Ramasapna Singh,APoI,23853,1756,1.22959715988264,7,21,9,CT,Ramasapna Singh,APoI,,,,,False,21,2014,GE
1830616,Bahadur Ram,IND,23849,1397,0.978215963756293,8,21,9,CT,Bahadur Ram,IND,,,,,False,21,2014,GE
1830617,Tuleshwar Singh,AITC,23884,1272,0.890687692124556,9,21,9,CT,Tuleshwar Singh,AITC,,,,,False,21,2014,GE
1830618,Shivkumar Singh Shyam,RGOP,23855,1011,0.707928660957489,10,21,9,CT,Shivkumar Singh Shyam,RGOP,,,,,False,21,2014,GE
1830619,Dubraj Singh Markam,IND,23849,1007,0.705127756265273,11,21,9,CT,Dubraj Singh Markam,IND,,,,,False,21,2014,GE
1830620,Baldeo Prasad Singh Maravi,GGP,23848,903,0.632304234267668,12,21,9,CT,Baldeo Prasad Singh Maravi,GGP,,,,,False,21,2014,GE
1830621,Kumait Ram Sandil,IND,23849,871,0.609896996729943,13,21,9,CT,Kumait Ram Sandil,IND,,,,,False,21,2014,GE
1830622,Advocate Kunj Bihari Singh Paikra,BMUP,23887,678,0.474753345330541,14,21,9,CT,Advocate Kunj Bihari Singh Paikra,BMUP,,,,,False,21,2014,GE
1830623,Ramnath Cherwa,SSD,23886,632,0.442542941370062,15,21,9,CT,Ramnath Cherwa,SSD,,,,,False,21,2014,GE
1830715,Kamalbhan Singh Marabi,BJP,23846,81692,50.255918106206,1,21,10,CT,Kamalbhan Singh Marabi,BJP,,,,,True,21,2014,GE
1830716,Ram Dev Ram,INC,23847,66065,40.6423790540873,2,21,10,CT,Ram Dev Ram,INC,,,,,False,21,2014,GE
1830717,None Of The Above,NOTA,23852,3203,1.97044638023524,3,21,10,CT,None Of The Above,NOTA,,,,,False,21,2014,GE
1830718,Baldeo Prasad Singh Maravi,GGP,23848,2220,1.36571681677247,4,21,10,CT,Baldeo Prasad Singh Maravi,GGP,,,,,False,21,2014,GE
1830719,Dharmjeet Singh Markam,BSP,23850,1986,1.22176288203159,5,21,10,CT,Dharmjeet Singh Markam,BSP,,,,,False,21,2014,GE
1830720,Rajnath,IND,23849,1587,0.976302967665731,6,21,10,CT,Rajnath,IND,,,,,False,21,2014,GE
1830721,Comrade Surendra Lal Singh,CPM,23885,1088,0.669324277769575,7,21,10,CT,Comrade Surendra Lal Singh,CPM,,,,,False,21,2014,GE
1830722,Bahadur Ram,IND,23849,1040,0.639795265515035,8,21,10,CT,Bahadur Ram,IND,,,,,False,21,2014,GE
1830723,Ramasapna Singh,APoI,23853,673,0.414021359318864,9,21,10,CT,Ramasapna Singh,APoI,,,,,False,21,2014,GE
1830724,Dubraj Singh Markam,IND,23849,632,0.388798661351444,10,21,10,CT,Dubraj Singh Markam,IND,,,,,False,21,2014,GE
1830725,Shivkumar Singh Shyam,RGOP,23855,528,0.32481913479994,11,21,10,CT,Shivkumar Singh Shyam,RGOP,,,,,False,21,2014,GE
1830726,Tuleshwar Singh,AITC,23884,495,0.304517938874944,12,21,10,CT,Tuleshwar Singh,AITC,,,,,False,21,2014,GE
1830727,Ramnath Cherwa,SSD,23886,490,0.30144200009843,13,21,10,CT,Ramnath Cherwa,SSD,,,,,False,21,2014,GE
1830728,Kumait Ram Sandil,IND,23849,476,0.292829371524189,14,21,10,CT,Kumait Ram Sandil,IND,,,,,False,21,2014,GE
1830729,Advocate Kunj Bihari Singh Paikra,BMUP,23887,377,0.2319257837492,15,21,10,CT,Advocate Kunj Bihari Singh Paikra,BMUP,,,,,False,21,2014,GE
1830835,Kamalbhan Singh Marabi,BJP,23846,65118,45.8174142480211,1,21,11,CT,Kamalbhan Singh Marabi,BJP,,,,,True,21,2014,GE
1830836,Ram Dev Ram,INC,23847,56603,39.8262093227792,2,21,11,CT,Ram Dev Ram,INC,,,,,False,21,2014,GE
1830837,None Of The Above,NOTA,23852,5055,3.55672823218997,3,21,11,CT,None Of The Above,NOTA,,,,,False,21,2014,GE
1830838,Dharmjeet Singh Markam,BSP,23850,3748,2.63711521547933,4,21,11,CT,Dharmjeet Singh Markam,BSP,,,,,False,21,2014,GE
1830839,Rajnath,IND,23849,2371,1.66824978012313,5,21,11,CT,Rajnath,IND,,,,,False,21,2014,GE
1830840,Comrade Surendra Lal Singh,CPM,23885,1670,1.17502198768689,6,21,11,CT,Comrade Surendra Lal Singh,CPM,,,,,False,21,2014,GE
1830841,Bahadur Ram,IND,23849,1443,1.01530343007915,7,21,11,CT,Bahadur Ram,IND,,,,,False,21,2014,GE
1830842,Ramasapna Singh,APoI,23853,1160,0.816182937554969,8,21,11,CT,Ramasapna Singh,APoI,,,,,False,21,2014,GE
1830843,Dubraj Singh Markam,IND,23849,947,0.666314863676341,9,21,11,CT,Dubraj Singh Markam,IND,,,,,False,21,2014,GE
1830844,Shivkumar Singh Shyam,RGOP,23855,762,0.536147757255936,10,21,11,CT,Shivkumar Singh Shyam,RGOP,,,,,False,21,2014,GE
1830845,Tuleshwar Singh,AITC,23884,755,0.53122251539138,11,21,11,CT,Tuleshwar Singh,AITC,,,,,False,21,2014,GE
1830846,Advocate Kunj Bihari Singh Paikra,BMUP,23887,680,0.478452066842568,12,21,11,CT,Advocate Kunj Bihari Singh Paikra,BMUP,,,,,False,21,2014,GE
1830847,Kumait Ram Sandil,IND,23849,679,0.477748460861917,13,21,11,CT,Kumait Ram Sandil,IND,,,,,False,21,2014,GE
1830848,Baldeo Prasad Singh Maravi,GGP,23848,669,0.470712401055408,14,21,11,CT,Baldeo Prasad Singh Maravi,GGP,,,,,False,21,2014,GE
1830849,Ramnath Cherwa,SSD,23886,465,0.327176781002638,15,21,11,CT,Ramnath Cherwa,SSD,,,,,False,21,2014,GE
1830942,Vishnu Deo Sai,BJP,23846,92594,59.3912959815272,1,21,12,CT,Vishnu Deo Sai,BJP,,,,,True,21,2014,GE
1830943,Arti Singh,INC,23847,45337,29.079888393573,2,21,12,CT,Arti Singh,INC,,,,,False,21,2014,GE
1830944,None Of The Above,NOTA,23852,3983,2.5547609120939,3,21,12,CT,None Of The Above,NOTA,,,,,False,21,2014,GE
1830945,Kripa Shankar Bhagat,BSP,23850,2987,1.91591033000865,4,21,12,CT,Kripa Shankar Bhagat,BSP,,,,,False,21,2014,GE
1830946,Paulus Kujur,BMUP,23887,1947,1.24883743305217,5,21,12,CT,Paulus Kujur,BMUP,,,,,False,21,2014,GE
1830947,Kriparam Sidar,GGP,23848,1792,1.14941791475578,6,21,12,CT,Kriparam Sidar,GGP,,,,,False,21,2014,GE
1830948,Prakash Kumar Uranw,IND,23849,1543,0.989705269234469,7,21,12,CT,Prakash Kumar Uranw,IND,,,,,False,21,2014,GE
1830949,Bajarang Sidar,IND,23849,1399,0.89734132965588,8,21,12,CT,Bajarang Sidar,IND,,,,,False,21,2014,GE
1830950,Ram Narayan Ayam,APoI,23853,1140,0.731214521663833,9,21,12,CT,Ram Narayan Ayam,APoI,,,,,False,21,2014,GE
1830951,Amrit Tirkey,IND,23849,908,0.582405952342772,10,21,12,CT,Amrit Tirkey,IND,,,,,False,21,2014,GE
1830952,Dhananjay Rathiya,IND,23849,897,0.575350373624963,11,21,12,CT,Dhananjay Rathiya,IND,,,,,False,21,2014,GE
1830953,Tara Singh Rathiya,AAAP,23851,794,0.509284500176389,12,21,12,CT,Tara Singh Rathiya,AAAP,,,,,False,21,2014,GE
1830954,Joseph Bara,IND,23849,584,0.374587088290946,13,21,12,CT,Joseph Bara,IND,,,,,False,21,2014,GE
1831038,Vishnu Deo Sai,BJP,23846,85646,59.6936072932058,1,21,13,CT,Vishnu Deo Sai,BJP,,,,,True,21,2014,GE
1831039,Arti Singh,INC,23847,45222,31.5188602971925,2,21,13,CT,Arti Singh,INC,,,,,False,21,2014,GE
1831040,None Of The Above,NOTA,23852,3351,2.33558225765981,3,21,13,CT,None Of The Above,NOTA,,,,,False,21,2014,GE
1831042,Prakash Kumar Uranw,GGP,23848,1457,1.02,4,21,13,CT,Prakash Kumar Uranw,GGP,,,,,False,21,2014,GE
1831041,Kriparam Sidar,IND,23849,1457,1.02,4,21,13,CT,Kriparam Sidar,IND,,,,,False,21,2014,GE
1831043,Kripa Shankar Bhagat,BSP,23850,1304,0.908862806323008,6,21,13,CT,Kripa Shankar Bhagat,BSP,,,,,False,21,2014,GE
1831044,Bajarang Sidar,IND,23849,1122,0.782012322618417,7,21,13,CT,Bajarang Sidar,IND,,,,,False,21,2014,GE
1831045,Ram Narayan Ayam,APoI,23853,900,0.627282611726002,8,21,13,CT,Ram Narayan Ayam,APoI,,,,,False,21,2014,GE
1831046,Dhananjay Rathiya,IND,23849,755,0.526220413170146,9,21,13,CT,Dhananjay Rathiya,IND,,,,,False,21,2014,GE
1831047,Tara Singh Rathiya,AAAP,23851,743,0.5178566450138,10,21,13,CT,Tara Singh Rathiya,AAAP,,,,,False,21,2014,GE
1831048,Amrit Tirkey,IND,23849,621,0.432825002090942,11,21,13,CT,Amrit Tirkey,IND,,,,,False,21,2014,GE
1831049,Paulus Kujur,BMUP,23887,488,0.340126571691432,12,21,13,CT,Paulus Kujur,BMUP,,,,,False,21,2014,GE
1831050,Joseph Bara,IND,23849,410,0.285762078675179,13,21,13,CT,Joseph Bara,IND,,,,,False,21,2014,GE
1831134,Vishnu Deo Sai,BJP,23846,77456,49.4373703526408,1,21,14,CT,Vishnu Deo Sai,BJP,,,,,True,21,2014,GE
1831135,Arti Singh,INC,23847,61243,39.0891973831179,2,21,14,CT,Arti Singh,INC,,,,,False,21,2014,GE
1831136,None Of The Above,NOTA,23852,4069,2.5970958991543,3,21,14,CT,None Of The Above,NOTA,,,,,False,21,2014,GE
1831137,Kripa Shankar Bhagat,BSP,23850,2310,1.47438966012446,4,21,14,CT,Kripa Shankar Bhagat,BSP,,,,,False,21,2014,GE
1831138,Prakash Kumar Uranw,IND,23849,1872,1.19483006223073,5,21,14,CT,Prakash Kumar Uranw,IND,,,,,False,21,2014,GE
1831139,Bajarang Sidar,IND,23849,1738,1.10930269666507,6,21,14,CT,Bajarang Sidar,IND,,,,,False,21,2014,GE
1831140,Kriparam Sidar,GGP,23848,1475,0.941439285144407,7,21,14,CT,Kriparam Sidar,GGP,,,,,False,21,2014,GE
1831141,Ram Narayan Ayam,APoI,23853,1461,0.932503590234561,8,21,14,CT,Ram Narayan Ayam,APoI,,,,,False,21,2014,GE
1831142,Amrit Tirkey,IND,23849,1346,0.859103239189404,9,21,14,CT,Amrit Tirkey,IND,,,,,False,21,2014,GE
1831143,Dhananjay Rathiya,IND,23849,1208,0.771022817935216,10,21,14,CT,Dhananjay Rathiya,IND,,,,,False,21,2014,GE
1831144,Tara Singh Rathiya,AAAP,23851,912,0.582096696984202,11,21,14,CT,Tara Singh Rathiya,AAAP,,,,,False,21,2014,GE
1831145,Joseph Bara,IND,23849,856,0.546353917344822,12,21,14,CT,Joseph Bara,IND,,,,,False,21,2014,GE
1831146,Paulus Kujur,BMUP,23887,729,0.465294399234083,13,21,14,CT,Paulus Kujur,BMUP,,,,,False,21,2014,GE
1831222,Vishnu Deo Sai,BJP,23846,82776,56.2910574634478,1,21,15,CT,Vishnu Deo Sai,BJP,,,,,True,21,2014,GE
1831223,Arti Singh,INC,23847,47462,32.2760965657939,2,21,15,CT,Arti Singh,INC,,,,,False,21,2014,GE
1831224,None Of The Above,NOTA,23852,3697,2.51411084665079,3,21,15,CT,None Of The Above,NOTA,,,,,False,21,2014,GE
1831225,Kriparam Sidar,GGP,23848,2209,1.50221013260795,4,21,15,CT,Kriparam Sidar,GGP,,,,,False,21,2014,GE
1831226,Prakash Kumar Uranw,IND,23849,1861,1.265555933356,5,21,15,CT,Prakash Kumar Uranw,IND,,,,,False,21,2014,GE
1831227,Kripa Shankar Bhagat,BSP,23850,1698,1.15470928255695,6,21,15,CT,Kripa Shankar Bhagat,BSP,,,,,False,21,2014,GE
1831228,Bajarang Sidar,IND,23849,1576,1.07174430465827,7,21,15,CT,Bajarang Sidar,IND,,,,,False,21,2014,GE
1831229,Tara Singh Rathiya,AAAP,23851,1277,0.868412104726283,8,21,15,CT,Tara Singh Rathiya,AAAP,,,,,False,21,2014,GE
1831230,Dhananjay Rathiya,IND,23849,1242,0.844610676640598,9,21,15,CT,Dhananjay Rathiya,IND,,,,,False,21,2014,GE
1831231,Ram Narayan Ayam,APoI,23853,1123,0.763685821149268,10,21,15,CT,Ram Narayan Ayam,APoI,,,,,False,21,2014,GE
1831232,Amrit Tirkey,IND,23849,1013,0.688881332879972,11,21,15,CT,Amrit Tirkey,IND,,,,,False,21,2014,GE
1831233,Joseph Bara,IND,23849,711,0.483509010540632,12,21,15,CT,Joseph Bara,IND,,,,,False,21,2014,GE
1831234,Paulus Kujur,BMUP,23887,405,0.275416524991499,13,21,15,CT,Paulus Kujur,BMUP,,,,,False,21,2014,GE
1831307,Vishnu Deo Sai,BJP,23846,102563,60.7773537498814,1,21,16,CT,Vishnu Deo Sai,BJP,,,,,True,21,2014,GE
1831308,Arti Singh,INC,23847,52950,31.3774058974115,2,21,16,CT,Arti Singh,INC,,,,,False,21,2014,GE
1831309,Kripa Shankar Bhagat,BSP,23850,2975,1.76294206883473,3,21,16,CT,Kripa Shankar Bhagat,BSP,,,,,False,21,2014,GE
1831310,None Of The Above,NOTA,23852,2585,1.53183369678581,4,21,16,CT,None Of The Above,NOTA,,,,,False,21,2014,GE
1831311,Tara Singh Rathiya,AAAP,23851,2267,1.34339148573053,5,21,16,CT,Tara Singh Rathiya,AAAP,,,,,False,21,2014,GE
1831312,Prakash Kumar Uranw,IND,23849,1013,0.600289181757845,6,21,16,CT,Prakash Kumar Uranw,IND,,,,,False,21,2014,GE
1831313,Kriparam Sidar,GGP,23848,820,0.485920166872096,7,21,16,CT,Kriparam Sidar,GGP,,,,,False,21,2014,GE
1831314,Bajarang Sidar,IND,23849,804,0.476438797762396,8,21,16,CT,Bajarang Sidar,IND,,,,,False,21,2014,GE
1831315,Amrit Tirkey,IND,23849,780,0.462216744097847,9,21,16,CT,Amrit Tirkey,IND,,,,,False,21,2014,GE
1831316,Ram Narayan Ayam,APoI,23853,695,0.411846970702569,10,21,16,CT,Ram Narayan Ayam,APoI,,,,,False,21,2014,GE
1831317,Dhananjay Rathiya,IND,23849,625,0.370365980847634,11,21,16,CT,Dhananjay Rathiya,IND,,,,,False,21,2014,GE
1831318,Joseph Bara,IND,23849,434,0.257182137100597,12,21,16,CT,Joseph Bara,IND,,,,,False,21,2014,GE
1831319,Paulus Kujur,BMUP,23887,241,0.142813122214847,13,21,16,CT,Paulus Kujur,BMUP,,,,,False,21,2014,GE
1831424,Vishnu Deo Sai,BJP,23846,87871,52.1597958032825,1,21,17,CT,Vishnu Deo Sai,BJP,,,,,True,21,2014,GE
1831425,Arti Singh,INC,23847,54553,32.3823939690736,2,21,17,CT,Arti Singh,INC,,,,,False,21,2014,GE
1831426,Kripa Shankar Bhagat,BSP,23850,11230,6.66607307155789,3,21,17,CT,Kripa Shankar Bhagat,BSP,,,,,False,21,2014,GE
1831427,None Of The Above,NOTA,23852,2952,1.75229276110764,4,21,17,CT,None Of The Above,NOTA,,,,,False,21,2014,GE
1831428,Tara Singh Rathiya,AAAP,23851,2187,1.29819250289377,5,21,17,CT,Tara Singh Rathiya,AAAP,,,,,False,21,2014,GE
1831429,Prakash Kumar Uranw,IND,23849,1846,1.09577657080105,6,21,17,CT,Prakash Kumar Uranw,IND,,,,,False,21,2014,GE
1831430,Ram Narayan Ayam,APoI,23853,1484,0.880895141424034,7,21,17,CT,Ram Narayan Ayam,APoI,,,,,False,21,2014,GE
1831431,Bajarang Sidar,IND,23849,1381,0.819754845220075,8,21,17,CT,Bajarang Sidar,IND,,,,,False,21,2014,GE
1831432,Kriparam Sidar,GGP,23848,1270,0.753865788145905,9,21,17,CT,Kriparam Sidar,GGP,,,,,False,21,2014,GE
1831433,Dhananjay Rathiya,IND,23849,1222,0.725373222924643,10,21,17,CT,Dhananjay Rathiya,IND,,,,,False,21,2014,GE
1831434,Amrit Tirkey,IND,23849,1110,0.658890570741697,11,21,17,CT,Amrit Tirkey,IND,,,,,False,21,2014,GE
1831435,Joseph Bara,IND,23849,830,0.492683940284332,12,21,17,CT,Joseph Bara,IND,,,,,False,21,2014,GE
1831436,Paulus Kujur,BMUP,23887,529,0.314011812542664,13,21,17,CT,Paulus Kujur,BMUP,,,,,False,21,2014,GE
1831529,Arti Singh,INC,23847,75759,49.0222596091626,1,21,18,CT,Arti Singh,INC,,,,,False,21,2014,GE
1831530,Vishnu Deo Sai,BJP,23846,68541,44.3516241749708,2,21,18,CT,Vishnu Deo Sai,BJP,,,,,True,21,2014,GE
1831531,None Of The Above,NOTA,23852,2356,1.52452439497864,3,21,18,CT,None Of The Above,NOTA,,,,,False,21,2014,GE
1831532,Kripa Shankar Bhagat,BSP,23850,1838,1.18933609421508,4,21,18,CT,Kripa Shankar Bhagat,BSP,,,,,False,21,2014,GE
1831533,Tara Singh Rathiya,AAAP,23851,1318,0.852853630128122,5,21,18,CT,Tara Singh Rathiya,AAAP,,,,,False,21,2014,GE
1831534,Prakash Kumar Uranw,IND,23849,955,0.61796298692895,6,21,18,CT,Prakash Kumar Uranw,IND,,,,,False,21,2014,GE
1831535,Bajarang Sidar,IND,23849,928,0.600491782062896,7,21,18,CT,Bajarang Sidar,IND,,,,,False,21,2014,GE
1831536,Dhananjay Rathiya,IND,23849,651,0.421250161770415,8,21,18,CT,Dhananjay Rathiya,IND,,,,,False,21,2014,GE
1831537,Kriparam Sidar,GGP,23848,635,0.410896855183124,9,21,18,CT,Kriparam Sidar,GGP,,,,,False,21,2014,GE
1831538,Ram Narayan Ayam,APoI,23853,568,0.367542383848841,10,21,18,CT,Ram Narayan Ayam,APoI,,,,,False,21,2014,GE
1831539,Amrit Tirkey,IND,23849,504,0.326129157499676,11,21,18,CT,Amrit Tirkey,IND,,,,,False,21,2014,GE
1831540,Joseph Bara,IND,23849,284,0.18377119192442,12,21,18,CT,Joseph Bara,IND,,,,,False,21,2014,GE
1831541,Paulus Kujur,BMUP,23887,203,0.131357577326258,13,21,18,CT,Paulus Kujur,BMUP,,,,,False,21,2014,GE
1831625,Vishnu Deo Sai,BJP,23846,65001,42.9696176423925,1,21,19,CT,Vishnu Deo Sai,BJP,,,,,True,21,2014,GE
1831626,Arti Singh,INC,23847,63189,41.7717753450737,2,21,19,CT,Arti Singh,INC,,,,,False,21,2014,GE
1831627,None Of The Above,NOTA,23852,5485,3.62591887460997,3,21,19,CT,None Of The Above,NOTA,,,,,False,21,2014,GE
1831628,Kripa Shankar Bhagat,BSP,23850,2809,1.85691998519223,4,21,19,CT,Kripa Shankar Bhagat,BSP,,,,,False,21,2014,GE
1831629,Tara Singh Rathiya,AAAP,23851,2631,1.73925115024591,5,21,19,CT,Tara Singh Rathiya,AAAP,,,,,False,21,2014,GE
1831630,Prakash Kumar Uranw,IND,23849,2313,1.52903379343169,6,21,19,CT,Prakash Kumar Uranw,IND,,,,,False,21,2014,GE
1831631,Bajarang Sidar,IND,23849,2150,1.42128087154265,7,21,19,CT,Bajarang Sidar,IND,,,,,False,21,2014,GE
1831632,Amrit Tirkey,IND,23849,1692,1.11851499286054,8,21,19,CT,Amrit Tirkey,IND,,,,,False,21,2014,GE
1831633,Kriparam Sidar,GGP,23848,1569,1.03720450579089,9,21,19,CT,Kriparam Sidar,GGP,,,,,False,21,2014,GE
1831634,Dhananjay Rathiya,IND,23849,1446,0.955894018721243,10,21,19,CT,Dhananjay Rathiya,IND,,,,,False,21,2014,GE
1831635,Ram Narayan Ayam,APoI,23853,1376,0.909619757787297,11,21,19,CT,Ram Narayan Ayam,APoI,,,,,False,21,2014,GE
1831636,Joseph Bara,IND,23849,1059,0.700063461843566,12,21,19,CT,Joseph Bara,IND,,,,,False,21,2014,GE
1831637,Paulus Kujur,BMUP,23887,552,0.364905600507694,13,21,19,CT,Paulus Kujur,BMUP,,,,,False,21,2014,GE
1831711,Charan Das Mahant,INC,23847,69672,45.6739783141692,1,21,20,CT,Charan Das Mahant,INC,,,,,True,21,2014,GE
1831712,Dr. Banshilal Mahto,BJP,23846,62663,41.0791781935466,2,21,20,CT,Dr. Banshilal Mahto,BJP,,,,,False,21,2014,GE
1831713,Jeevan Lal Raoutel,IND,23849,2740,1.79622661299838,3,21,20,CT,Jeevan Lal Raoutel,IND,,,,,False,21,2014,GE
1831714,Dhan Singh Dhurve,BSP,23850,2164,1.4186256899739,4,21,20,CT,Dhan Singh Dhurve,BSP,,,,,False,21,2014,GE
1831715,Amar Nath Pandey,AAAP,23851,1613,1.05741369590014,5,21,20,CT,Amar Nath Pandey,AAAP,,,,,False,21,2014,GE
1831716,Pratap Bhanu,IND,23849,1402,0.919091135556109,6,21,20,CT,Pratap Bhanu,IND,,,,,False,21,2014,GE
1831717,None Of The Above,NOTA,23852,1315,0.86205766280762,7,21,20,CT,None Of The Above,NOTA,,,,,False,21,2014,GE
1831718,Charan Bhaya,IND,23849,1130,0.740779588572327,8,21,20,CT,Charan Bhaya,IND,,,,,False,21,2014,GE
1831719,Jata Shankar Panday,IND,23849,1127,0.738812917098241,9,21,20,CT,Jata Shankar Panday,IND,,,,,False,21,2014,GE
1831720,S.R. Anchal,IND,23849,912,0.59786812812209,10,21,20,CT,S.R. Anchal,IND,,,,,False,21,2014,GE
1831721,Chandra Bhushan Pratap Singh Kanwar,APoI,23853,857,0.561812484430517,11,21,20,CT,Chandra Bhushan Pratap Singh Kanwar,APoI,,,,,False,21,2014,GE
1831722,Hira Singh Markaam,GGP,23848,832,0.545423555479802,12,21,20,CT,Hira Singh Markaam,GGP,,,,,False,21,2014,GE
1831724,Rajesh Kumar Pandey,IND,23849,722,0.473312268096655,13,21,20,CT,Rajesh Kumar Pandey,IND,,,,,False,21,2014,GE
1831723,Phuleshwar Prasad Surajiha,IND,23849,722,0.473312268096655,13,21,20,CT,Phuleshwar Prasad Surajiha,IND,,,,,False,21,2014,GE
1831726,Fatte Singh Shyam,chp,23854,508,0.33,15,21,20,CT,Fatte Singh Shyam,chp,,,,,False,21,2014,GE
1831725,Laxman Lal Kaiwart,IND,23849,508,0.33,15,21,20,CT,Laxman Lal Kaiwart,IND,,,,,False,21,2014,GE
1831727,Rajendra Singh Kanwar,CSM,23856,495,0.324500793224161,17,21,20,CT,Rajendra Singh Kanwar,CSM,,,,,False,21,2014,GE
1831728,Mohan Lal Bargahi,IND,23849,468,0.306800749957388,18,21,20,CT,Mohan Lal Bargahi,IND,,,,,False,21,2014,GE
1831729,Kewal Goswami,SP,23858,435,0.285167363742444,19,21,20,CT,Kewal Goswami,SP,,,,,False,21,2014,GE
1831730,Harbhajan Singh Shyam,IND,23849,432,0.283200692268358,20,21,20,CT,Harbhajan Singh Shyam,IND,,,,,False,21,2014,GE
1831731,Sekh Rauf,IND,23849,429,0.281234020794273,21,21,20,CT,Sekh Rauf,IND,,,,,False,21,2014,GE
1831732,Rajesh Kumar Mahant,JD(U),23857,388,0.2543561773151,22,21,20,CT,Rajesh Kumar Mahant,JD(U),,,,,False,21,2014,GE
1831733,Dr.Urmila Singh Marko,RGOP,23855,380,0.249111720050871,23,21,20,CT,Dr.Urmila Singh Marko,RGOP,,,,,False,21,2014,GE
1831734,Shambhu Prasad Sharma Advocate,IND,23849,347,0.227478333835927,24,21,20,CT,Shambhu Prasad Sharma Advocate,IND,,,,,False,21,2014,GE
1831735,Kamal Deo,BSCP,23859,281,0.184211561406038,25,21,20,CT,Kamal Deo,BSCP,,,,,False,21,2014,GE
1831832,Dr. Banshilal Mahto,BJP,23846,77924,52.4038493870167,1,21,21,CT,Dr. Banshilal Mahto,BJP,,,,,False,21,2014,GE
1831833,Charan Das Mahant,INC,23847,58122,39.0870147075636,2,21,21,CT,Charan Das Mahant,INC,,,,,True,21,2014,GE
1831834,Amar Nath Pandey,AAAP,23851,3736,2.512458052845,3,21,21,CT,Amar Nath Pandey,AAAP,,,,,False,21,2014,GE
1831835,Dhan Singh Dhurve,BSP,23850,2514,1.69066368973564,4,21,21,CT,Dhan Singh Dhurve,BSP,,,,,False,21,2014,GE
1831836,None Of The Above,NOTA,23852,1150,0.773374400634839,5,21,21,CT,None Of The Above,NOTA,,,,,False,21,2014,GE
1831837,Jeevan Lal Raoutel,IND,23849,816,0.548759574711329,6,21,21,CT,Jeevan Lal Raoutel,IND,,,,,False,21,2014,GE
1831838,Charan Bhaya,IND,23849,465,0.312712257648,7,21,21,CT,Charan Bhaya,IND,,,,,False,21,2014,GE
1831839,S.R. Anchal,IND,23849,459,0.308677260775122,8,21,21,CT,S.R. Anchal,IND,,,,,False,21,2014,GE
1831840,Rajesh Kumar Pandey,IND,23849,401,0.269672291003974,9,21,21,CT,Rajesh Kumar Pandey,IND,,,,,False,21,2014,GE
1831841,Pratap Bhanu,IND,23849,385,0.258912299342968,10,21,21,CT,Pratap Bhanu,IND,,,,,False,21,2014,GE
1831842,Jata Shankar Panday,IND,23849,338,0.227304823838761,11,21,21,CT,Jata Shankar Panday,IND,,,,,False,21,2014,GE
1831843,Hira Singh Markaam,GGP,23848,332,0.223269826965884,12,21,21,CT,Hira Singh Markaam,GGP,,,,,False,21,2014,GE
1831844,Rajendra Singh Kanwar,CSM,23856,258,0.173504865533729,13,21,21,CT,Rajendra Singh Kanwar,CSM,,,,,False,21,2014,GE
1831845,Chandra Bhushan Pratap Singh Kanwar,APoI,23853,256,0.172159866576103,14,21,21,CT,Chandra Bhushan Pratap Singh Kanwar,APoI,,,,,False,21,2014,GE
1831846,Laxman Lal Kaiwart,chp,23854,228,0.153329881169342,15,21,21,CT,Laxman Lal Kaiwart,chp,,,,,False,21,2014,GE
1831847,Phuleshwar Prasad Surajiha,IND,23849,212,0.142569889508335,16,21,21,CT,Phuleshwar Prasad Surajiha,IND,,,,,False,21,2014,GE
1831848,Kewal Goswami,SP,23858,181,0.121722405665135,17,21,21,CT,Kewal Goswami,SP,,,,,False,21,2014,GE
1831849,Dr.Urmila Singh Marko,RGOP,23855,149,0.100202422343122,18,21,21,CT,Dr.Urmila Singh Marko,RGOP,,,,,False,21,2014,GE
1831850,Sekh Rauf,IND,23849,135,0.090787429639742,19,21,21,CT,Sekh Rauf,IND,,,,,False,21,2014,GE
1831851,Rajesh Kumar Mahant,JD(U),23857,133,0.0894424306821162,20,21,21,CT,Rajesh Kumar Mahant,JD(U),,,,,False,21,2014,GE
1831852,Mohan Lal Bargahi,IND,23849,125,0.0840624348516129,21,21,21,CT,Mohan Lal Bargahi,IND,,,,,False,21,2014,GE
1831853,Fatte Singh Shyam,IND,23849,111,0.0746474421482323,22,21,21,CT,Fatte Singh Shyam,IND,,,,,False,21,2014,GE
1831854,Harbhajan Singh Shyam,IND,23849,108,0.0726299437117936,23,21,21,CT,Harbhajan Singh Shyam,IND,,,,,False,21,2014,GE
1831855,Kamal Deo,BSCP,23859,83,0.055817456741471,24,21,21,CT,Kamal Deo,BSCP,,,,,False,21,2014,GE
1831856,Shambhu Prasad Sharma Advocate,IND,23849,78,0.0524549593474065,25,21,21,CT,Shambhu Prasad Sharma Advocate,IND,,,,,False,21,2014,GE
1831996,Dr. Banshilal Mahto,BJP,23846,61973,44.8800023173964,1,21,22,CT,Dr. Banshilal Mahto,BJP,,,,,False,21,2014,GE
1831997,Charan Das Mahant,INC,23847,58466,42.3402806946395,2,21,22,CT,Charan Das Mahant,INC,,,,,True,21,2014,GE
1831998,Hira Singh Markaam,GGP,23848,3131,2.26742754515302,3,21,22,CT,Hira Singh Markaam,GGP,,,,,False,21,2014,GE
1831999,Dhan Singh Dhurve,BSP,23850,2430,1.75977289515229,4,21,22,CT,Dhan Singh Dhurve,BSP,,,,,False,21,2014,GE
1832000,Amar Nath Pandey,AAAP,23851,2418,1.75108265863302,5,21,22,CT,Amar Nath Pandey,AAAP,,,,,False,21,2014,GE
1832001,Jeevan Lal Raoutel,IND,23849,1346,0.974754862911518,6,21,22,CT,Jeevan Lal Raoutel,IND,,,,,False,21,2014,GE
1832002,None Of The Above,NOTA,23852,915,0.662630534594383,7,21,22,CT,None Of The Above,NOTA,,,,,False,21,2014,GE
1832003,Pratap Bhanu,IND,23849,759,0.549657459843865,8,21,22,CT,Pratap Bhanu,IND,,,,,False,21,2014,GE
1832004,Chandra Bhushan Pratap Singh Kanwar,APoI,23853,732,0.530104427675506,9,21,22,CT,Chandra Bhushan Pratap Singh Kanwar,APoI,,,,,False,21,2014,GE
1832005,Charan Bhaya,IND,23849,684,0.495343481598424,10,21,22,CT,Charan Bhaya,IND,,,,,False,21,2014,GE
1832006,S.R. Anchal,IND,23849,644,0.466376026534188,11,21,22,CT,S.R. Anchal,IND,,,,,False,21,2014,GE
1832007,Jata Shankar Panday,IND,23849,623,0.451168112625465,12,21,22,CT,Jata Shankar Panday,IND,,,,,False,21,2014,GE
1832008,Rajesh Kumar Pandey,IND,23849,529,0.383094593224512,13,21,22,CT,Rajesh Kumar Pandey,IND,,,,,False,21,2014,GE
1832010,Phuleshwar Prasad Surajiha,IND,23849,403,0.29184710977217,14,21,22,CT,Phuleshwar Prasad Surajiha,IND,,,,,False,21,2014,GE
1832009,Laxman Lal Kaiwart,chp,23854,403,0.29184710977217,14,21,22,CT,Laxman Lal Kaiwart,chp,,,,,False,21,2014,GE
1832011,Kewal Goswami,SP,23858,402,0.291122923395565,16,21,22,CT,Kewal Goswami,SP,,,,,False,21,2014,GE
1832012,Dr.Urmila Singh Marko,RGOP,23855,313,0.226670335877641,17,21,22,CT,Dr.Urmila Singh Marko,RGOP,,,,,False,21,2014,GE
1832013,Rajesh Kumar Mahant,JD(U),23857,268,0.194081948930376,18,21,22,CT,Rajesh Kumar Mahant,JD(U),,,,,False,21,2014,GE
1832015,Harbhajan Singh Shyam,IND,23849,267,0.19335776255377,19,21,22,CT,Harbhajan Singh Shyam,IND,,,,,False,21,2014,GE
1832014,Rajendra Singh Kanwar,CSM,23856,267,0.19335776255377,19,21,22,CT,Rajendra Singh Kanwar,CSM,,,,,False,21,2014,GE
1832016,Mohan Lal Bargahi,IND,23849,260,0.188288457917529,21,21,22,CT,Mohan Lal Bargahi,IND,,,,,False,21,2014,GE
1832017,Sekh Rauf,IND,23849,231,0.167287052995959,22,21,22,CT,Sekh Rauf,IND,,,,,False,21,2014,GE
1832018,Kamal Deo,BSCP,23859,210,0.152079139087235,23,21,22,CT,Kamal Deo,BSCP,,,,,False,21,2014,GE
1832019,Shambhu Prasad Sharma Advocate,IND,23849,207,0.149906579957417,24,21,22,CT,Shambhu Prasad Sharma Advocate,IND,,,,,False,21,2014,GE
1832020,Fatte Singh Shyam,IND,23849,205,0.148458207204206,25,21,22,CT,Fatte Singh Shyam,IND,,,,,False,21,2014,GE
1832135,Charan Das Mahant,INC,23847,64532,41.9613886558856,1,21,23,CT,Charan Das Mahant,INC,,,,,True,21,2014,GE
1832136,Dr. Banshilal Mahto,BJP,23846,51945,33.7767980804869,2,21,23,CT,Dr. Banshilal Mahto,BJP,,,,,False,21,2014,GE
1832137,Hira Singh Markaam,GGP,23848,14795,9.62032395034755,3,21,23,CT,Hira Singh Markaam,GGP,,,,,False,21,2014,GE
1832138,Jeevan Lal Raoutel,IND,23849,3921,2.54959717535064,4,21,23,CT,Jeevan Lal Raoutel,IND,,,,,False,21,2014,GE
1832139,Pratap Bhanu,IND,23849,1778,1.15612950211003,5,21,23,CT,Pratap Bhanu,IND,,,,,False,21,2014,GE
1832140,Amar Nath Pandey,AAAP,23851,1712,1.1132135588371,6,21,23,CT,Amar Nath Pandey,AAAP,,,,,False,21,2014,GE
1832141,Dhan Singh Dhurve,BSP,23850,1597,1.03843577889185,7,21,23,CT,Dhan Singh Dhurve,BSP,,,,,False,21,2014,GE
1832142,None Of The Above,NOTA,23852,1528,0.993569110924708,8,21,23,CT,None Of The Above,NOTA,,,,,False,21,2014,GE
1832143,Charan Bhaya,IND,23849,1334,0.867422247364896,9,21,23,CT,Charan Bhaya,IND,,,,,False,21,2014,GE
1832144,Jata Shankar Panday,IND,23849,1313,0.853767174505328,10,21,23,CT,Jata Shankar Panday,IND,,,,,False,21,2014,GE
1832145,S.R. Anchal,IND,23849,1158,0.752979731970427,11,21,23,CT,S.R. Anchal,IND,,,,,False,21,2014,GE
1832146,Chandra Bhushan Pratap Singh Kanwar,APoI,23853,1044,0.678852193589918,12,21,23,CT,Chandra Bhushan Pratap Singh Kanwar,APoI,,,,,False,21,2014,GE
1832147,Laxman Lal Kaiwart,chp,23854,936,0.608626104597858,13,21,23,CT,Laxman Lal Kaiwart,chp,,,,,False,21,2014,GE
1832148,Phuleshwar Prasad Surajiha,IND,23849,783,0.509139145192438,14,21,23,CT,Phuleshwar Prasad Surajiha,IND,,,,,False,21,2014,GE
1832149,Rajesh Kumar Pandey,IND,23849,694,0.451267645930463,15,21,23,CT,Rajesh Kumar Pandey,IND,,,,,False,21,2014,GE
1832150,Harbhajan Singh Shyam,IND,23849,583,0.379090832244178,16,21,23,CT,Harbhajan Singh Shyam,IND,,,,,False,21,2014,GE
1832151,Rajendra Singh Kanwar,CSM,23856,525,0.341376821489183,17,21,23,CT,Rajendra Singh Kanwar,CSM,,,,,False,21,2014,GE
1832152,Dr.Urmila Singh Marko,RGOP,23855,500,0.32512078237065,18,21,23,CT,Dr.Urmila Singh Marko,RGOP,,,,,False,21,2014,GE
1832153,Rajesh Kumar Mahant,JD(U),23857,488,0.317317883593755,19,21,23,CT,Rajesh Kumar Mahant,JD(U),,,,,False,21,2014,GE
1832154,Mohan Lal Bargahi,IND,23849,474,0.308214501687376,20,21,23,CT,Mohan Lal Bargahi,IND,,,,,False,21,2014,GE
1832155,Kewal Goswami,SP,23858,467,0.303662810734187,21,21,23,CT,Kewal Goswami,SP,,,,,False,21,2014,GE
1832156,Sekh Rauf,IND,23849,448,0.291308221004103,22,21,23,CT,Sekh Rauf,IND,,,,,False,21,2014,GE
1832157,Fatte Singh Shyam,IND,23849,441,0.286756530050913,23,21,23,CT,Fatte Singh Shyam,IND,,,,,False,21,2014,GE
1832158,Shambhu Prasad Sharma Advocate,IND,23849,408,0.26529855841445,24,21,23,CT,Shambhu Prasad Sharma Advocate,IND,,,,,False,21,2014,GE
1832159,Kamal Deo,BSCP,23859,385,0.250343002425401,25,21,23,CT,Kamal Deo,BSCP,,,,,False,21,2014,GE
1832259,Charan Das Mahant,INC,23847,58131,44.0519854501364,1,21,24,CT,Charan Das Mahant,INC,,,,,True,21,2014,GE
1832260,Dr. Banshilal Mahto,BJP,23846,47932,36.3231282206729,2,21,24,CT,Dr. Banshilal Mahto,BJP,,,,,False,21,2014,GE
1832261,Hira Singh Markaam,GGP,23848,5877,4.45362230979084,3,21,24,CT,Hira Singh Markaam,GGP,,,,,False,21,2014,GE
1832262,Jeevan Lal Raoutel,IND,23849,4101,3.10775992725068,4,21,24,CT,Jeevan Lal Raoutel,IND,,,,,False,21,2014,GE
1832263,Pratap Bhanu,IND,23849,2775,2.102909972719,5,21,24,CT,Pratap Bhanu,IND,,,,,False,21,2014,GE
1832264,Dhan Singh Dhurve,BSP,23850,1463,1.10866929372537,6,21,24,CT,Dhan Singh Dhurve,BSP,,,,,False,21,2014,GE
1832265,Amar Nath Pandey,AAAP,23851,1437,1.08896635344043,7,21,24,CT,Amar Nath Pandey,AAAP,,,,,False,21,2014,GE
1832266,None Of The Above,NOTA,23852,1343,1.01773264625644,8,21,24,CT,None Of The Above,NOTA,,,,,False,21,2014,GE
1832267,Charan Bhaya,IND,23849,1190,0.901788420733555,9,21,24,CT,Charan Bhaya,IND,,,,,False,21,2014,GE
1832268,Jata Shankar Panday,IND,23849,1093,0.828281297362837,10,21,24,CT,Jata Shankar Panday,IND,,,,,False,21,2014,GE
1832269,S.R. Anchal,IND,23849,750,0.568354046680812,11,21,24,CT,S.R. Anchal,IND,,,,,False,21,2014,GE
1832270,Fatte Singh Shyam,IND,23849,700,0.530463776902091,12,21,24,CT,Fatte Singh Shyam,IND,,,,,False,21,2014,GE
1832271,Chandra Bhushan Pratap Singh Kanwar,APoI,23853,632,0.478933010003031,13,21,24,CT,Chandra Bhushan Pratap Singh Kanwar,APoI,,,,,False,21,2014,GE
1832272,Phuleshwar Prasad Surajiha,IND,23849,585,0.443316156411033,14,21,24,CT,Phuleshwar Prasad Surajiha,IND,,,,,False,21,2014,GE
1832273,Laxman Lal Kaiwart,chp,23854,559,0.423613216126098,15,21,24,CT,Laxman Lal Kaiwart,chp,,,,,False,21,2014,GE
1832274,Dr.Urmila Singh Marko,RGOP,23855,547,0.414519551379205,16,21,24,CT,Dr.Urmila Singh Marko,RGOP,,,,,False,21,2014,GE
1832275,Rajesh Kumar Pandey,IND,23849,449,0.340254622612913,17,21,24,CT,Rajesh Kumar Pandey,IND,,,,,False,21,2014,GE
1832276,Sekh Rauf,IND,23849,371,0.281145801758108,18,21,24,CT,Sekh Rauf,IND,,,,,False,21,2014,GE
1832277,Harbhajan Singh Shyam,IND,23849,351,0.26598969384662,19,21,24,CT,Harbhajan Singh Shyam,IND,,,,,False,21,2014,GE
1832278,Rajendra Singh Kanwar,CSM,23856,320,0.242497726583813,20,21,24,CT,Rajendra Singh Kanwar,CSM,,,,,False,21,2014,GE
1832279,Mohan Lal Bargahi,IND,23849,316,0.239466505001515,21,21,24,CT,Mohan Lal Bargahi,IND,,,,,False,21,2014,GE
1832280,Kewal Goswami,SP,23858,273,0.206880872991815,22,21,24,CT,Kewal Goswami,SP,,,,,False,21,2014,GE
1832281,Rajesh Kumar Mahant,JD(U),23857,264,0.200060624431645,23,21,24,CT,Rajesh Kumar Mahant,JD(U),,,,,False,21,2014,GE
1832282,Kamal Deo,BSCP,23859,259,0.196271597453773,24,21,24,CT,Kamal Deo,BSCP,,,,,False,21,2014,GE
1832283,Shambhu Prasad Sharma Advocate,IND,23849,242,0.183388905729008,25,21,24,CT,Shambhu Prasad Sharma Advocate,IND,,,,,False,21,2014,GE
1832402,Lakhan Lal Sahu,BJP,23846,61717,47.3780370782635,1,21,25,CT,Lakhan Lal Sahu,BJP,,,,,True,21,2014,GE
1832403,Karuna Shukla,INC,23847,48496,37.2287260584193,2,21,25,CT,Karuna Shukla,INC,,,,,False,21,2014,GE
1832404,Anand Mishra,AAAP,23851,2774,2.12950523931984,3,21,25,CT,Anand Mishra,AAAP,,,,,False,21,2014,GE
1832405,Prakash Surya,IND,23849,2470,1.89613480213411,4,21,25,CT,Prakash Surya,IND,,,,,False,21,2014,GE
1832406,Dinesh Kumar Singh Khusro Nikhil,IND,23849,1931,1.4823628756765,5,21,25,CT,Dinesh Kumar Singh Khusro Nikhil,IND,,,,,False,21,2014,GE
1832407,Dharam Bhargav,BSP,23850,1798,1.38026330940774,6,21,25,CT,Dharam Bhargav,BSP,,,,,False,21,2014,GE
1832408,Baldau Prasad Sahu,IND,23849,1788,1.37258665028979,7,21,25,CT,Baldau Prasad Sahu,IND,,,,,False,21,2014,GE
1832409,Ganesh Yadav,GGP,23848,1508,1.15764019498714,8,21,25,CT,Ganesh Yadav,GGP,,,,,False,21,2014,GE
1832410,Daosingh Maravi,IND,23849,1039,0.797604882355199,9,21,25,CT,Daosingh Maravi,IND,,,,,False,21,2014,GE
1832411,None Of The Above,NOTA,23852,1035,0.794534218708018,10,21,25,CT,None Of The Above,NOTA,,,,,False,21,2014,GE
1832412,Dilip Koshle,IND,23849,1019,0.782251564119295,11,21,25,CT,Dilip Koshle,IND,,,,,False,21,2014,GE
1832413,Ram Singh Pandram (Pendro),IND,23849,618,0.474417533489425,12,21,25,CT,Ram Singh Pandram (Pendro),IND,,,,,False,21,2014,GE
1832414,Eng. Ramfal Mandrey,APoI,23853,536,0.41146892872222,13,21,25,CT,Eng. Ramfal Mandrey,APoI,,,,,False,21,2014,GE
1832415,Daya Das Lahre,IND,23849,525,0.403024603692473,14,21,25,CT,Daya Das Lahre,IND,,,,,False,21,2014,GE
1832416,Jaitram Khande,IND,23849,354,0.271753732775496,15,21,25,CT,Jaitram Khande,IND,,,,,False,21,2014,GE
1832417,Sarita Vijay Soni,IND,23849,346,0.265612405481134,16,21,25,CT,Sarita Vijay Soni,IND,,,,,False,21,2014,GE
1832418,Ajay Pali,IND,23849,337,0.258703412274977,17,21,25,CT,Ajay Pali,IND,,,,,False,21,2014,GE
1832419,Salikram Jogi,IND,23849,299,0.22953210762676,18,21,25,CT,Salikram Jogi,IND,,,,,False,21,2014,GE
1832420,Manik Dahariya,IND,23849,289,0.221855448508808,19,21,25,CT,Manik Dahariya,IND,,,,,False,21,2014,GE
1832421,Rameshwar Kewat,IND,23849,230,0.176563159712892,20,21,25,CT,Rameshwar Kewat,IND,,,,,False,21,2014,GE
1832422,Ramji Sahu,CSM,23856,222,0.170421832418531,21,21,25,CT,Ramji Sahu,CSM,,,,,False,21,2014,GE
1832426,Lakhanlal Sahu,IND,23849,207,0.16,22,21,25,CT,Lakhanlal Sahu,IND,,,,,False,21,2014,GE
1832424,Dhaniram Khare,RP(K),23918,198,0.151997850535446,23,21,25,CT,Dhaniram Khare,RP(K),,,,,False,21,2014,GE
1832425,Dhaniram Yadav,SP,23858,176,0.135109200475952,24,21,25,CT,Dhaniram Yadav,SP,,,,,False,21,2014,GE
1832423,Lakhan Lal Sahu,IND,23849,125,0.1,25,21,25,CT,Lakhan Lal Sahu,IND,,,,,False,21,2014,GE
1832427,Lakhan Lal Sahu,IND,23849,117,0.0898169116800368,26,21,25,CT,Lakhan Lal Sahu,IND,,,,,False,21,2014,GE
1832428,Lakhanlal Sahu,IND,23849,111,0.0852109162092657,27,21,25,CT,Lakhanlal Sahu,IND,,,,,False,21,2014,GE
1832587,Lakhan Lal Sahu,BJP,23846,55665,47.204131474509,1,21,26,CT,Lakhan Lal Sahu,BJP,,,,,True,21,2014,GE
1832588,Karuna Shukla,INC,23847,45039,38.1932431057291,2,21,26,CT,Karuna Shukla,INC,,,,,False,21,2014,GE
1832589,Prakash Surya,IND,23849,2739,2.32268240561717,3,21,26,CT,Prakash Surya,IND,,,,,False,21,2014,GE
1832590,Dharam Bhargav,BSP,23850,2232,1.89274447949526,4,21,26,CT,Dharam Bhargav,BSP,,,,,False,21,2014,GE
1832591,Baldau Prasad Sahu,IND,23849,1844,1.56371900546114,5,21,26,CT,Baldau Prasad Sahu,IND,,,,,False,21,2014,GE
1832592,Dinesh Kumar Singh Khusro Nikhil,IND,23849,1654,1.40259828364031,6,21,26,CT,Dinesh Kumar Singh Khusro Nikhil,IND,,,,,False,21,2014,GE
1832593,Anand Mishra,AAAP,23851,1420,1.20416539466096,7,21,26,CT,Anand Mishra,AAAP,,,,,False,21,2014,GE
1832594,Dilip Koshle,IND,23849,1123,0.952308266341033,8,21,26,CT,Dilip Koshle,IND,,,,,False,21,2014,GE
1832595,None Of The Above,NOTA,23852,890,0.754723381160747,9,21,26,CT,None Of The Above,NOTA,,,,,False,21,2014,GE
1832596,Daosingh Maravi,IND,23849,724,0.613954750517282,10,21,26,CT,Daosingh Maravi,IND,,,,,False,21,2014,GE
1832597,Ram Singh Pandram (Pendro),IND,23849,534,0.452834028696448,11,21,26,CT,Ram Singh Pandram (Pendro),IND,,,,,False,21,2014,GE
1832598,Eng. Ramfal Mandrey,APoI,23853,457,0.387537736169058,12,21,26,CT,Eng. Ramfal Mandrey,APoI,,,,,False,21,2014,GE
1832599,Ganesh Yadav,GGP,23848,451,0.382449713374715,13,21,26,CT,Ganesh Yadav,GGP,,,,,False,21,2014,GE
1832600,Manik Dahariya,IND,23849,374,0.317153420847325,14,21,26,CT,Manik Dahariya,IND,,,,,False,21,2014,GE
1832601,Daya Das Lahre,IND,23849,339,0.287473287880329,15,21,26,CT,Daya Das Lahre,IND,,,,,False,21,2014,GE
1832602,Ramji Sahu,CSM,23856,293,0.248465113123706,16,21,26,CT,Ramji Sahu,CSM,,,,,False,21,2014,GE
1832603,Ajay Pali,IND,23849,291,0.246769105525592,17,21,26,CT,Ajay Pali,IND,,,,,False,21,2014,GE
1832604,Jaitram Khande,IND,23849,289,0.245073097927478,18,21,26,CT,Jaitram Khande,IND,,,,,False,21,2014,GE
1832605,Sarita Vijay Soni,IND,23849,284,0.240833078932193,19,21,26,CT,Sarita Vijay Soni,IND,,,,,False,21,2014,GE
1832606,Salikram Jogi,IND,23849,251,0.212848953563311,20,21,26,CT,Salikram Jogi,IND,,,,,False,21,2014,GE
1832607,Rameshwar Kewat,IND,23849,217,0.184016824395373,21,21,26,CT,Rameshwar Kewat,IND,,,,,False,21,2014,GE
1832608,Dhaniram Yadav,SP,23858,191,0.16196872561989,22,21,26,CT,Dhaniram Yadav,SP,,,,,False,21,2014,GE
1832612,Lakhanlal Sahu,IND,23849,167,0.14,23,21,26,CT,Lakhanlal Sahu,IND,,,,,False,21,2014,GE
1832610,Dhaniram Khare,RP(K),23918,162,0.137376615447237,24,21,26,CT,Dhaniram Khare,RP(K),,,,,False,21,2014,GE
1832611,Lakhanlal Sahu,IND,23849,102,0.086496387503816,25,21,26,CT,Lakhanlal Sahu,IND,,,,,False,21,2014,GE
2000986,LAKHAN LAL SAHU,IND,23849,96,0.08,26,21,26,CT,LAKHAN LAL SAHU,IND,,,,,,21,2014,GE
1832609,Lakhan Lal Sahu,IND,23849,96,0.08,26,21,26,CT,Lakhan Lal Sahu,IND,,,,,False,21,2014,GE
1832772,Lakhan Lal Sahu,BJP,23846,73913,54.0876959327937,1,21,27,CT,Lakhan Lal Sahu,BJP,,,,,True,21,2014,GE
1832773,Karuna Shukla,INC,23847,43778,32.0356520848273,2,21,27,CT,Karuna Shukla,INC,,,,,False,21,2014,GE
1832774,Dharam Bhargav,BSP,23850,3014,2.2055702723667,3,21,27,CT,Dharam Bhargav,BSP,,,,,False,21,2014,GE
1832775,Anand Mishra,AAAP,23851,2097,1.53453246886296,4,21,27,CT,Anand Mishra,AAAP,,,,,False,21,2014,GE
1832776,Dinesh Kumar Singh Khusro Nikhil,IND,23849,1914,1.40061761821827,5,21,27,CT,Dinesh Kumar Singh Khusro Nikhil,IND,,,,,False,21,2014,GE
1832777,Prakash Surya,IND,23849,1911,1.39842229279786,6,21,27,CT,Prakash Surya,IND,,,,,False,21,2014,GE
1832778,Baldau Prasad Sahu,IND,23849,1870,1.36841951205233,7,21,27,CT,Baldau Prasad Sahu,IND,,,,,False,21,2014,GE
1832779,None Of The Above,NOTA,23852,936,0.684941531166303,8,21,27,CT,None Of The Above,NOTA,,,,,False,21,2014,GE
1832780,Dilip Koshle,IND,23849,886,0.648352774159556,9,21,27,CT,Dilip Koshle,IND,,,,,False,21,2014,GE
1832781,Daosingh Maravi,IND,23849,783,0.572979934725657,10,21,27,CT,Daosingh Maravi,IND,,,,,False,21,2014,GE
1832782,Ram Singh Pandram (Pendro),IND,23849,602,0.440528634361233,11,21,27,CT,Ram Singh Pandram (Pendro),IND,,,,,False,21,2014,GE
1832783,Eng. Ramfal Mandrey,APoI,23853,600,0.439065084080963,12,21,27,CT,Eng. Ramfal Mandrey,APoI,,,,,False,21,2014,GE
1832784,Ganesh Yadav,GGP,23848,585,0.428088456978939,13,21,27,CT,Ganesh Yadav,GGP,,,,,False,21,2014,GE
1832785,Daya Das Lahre,IND,23849,446,0.326371712500182,14,21,27,CT,Daya Das Lahre,IND,,,,,False,21,2014,GE
1832786,Sarita Vijay Soni,IND,23849,414,0.302954908015864,15,21,27,CT,Sarita Vijay Soni,IND,,,,,False,21,2014,GE
1832787,Jaitram Khande,IND,23849,397,0.29051473063357,16,21,27,CT,Jaitram Khande,IND,,,,,False,21,2014,GE
1832788,Manik Dahariya,IND,23849,306,0.223923192881291,17,21,27,CT,Manik Dahariya,IND,,,,,False,21,2014,GE
1832789,Ajay Pali,IND,23849,298,0.218068991760211,18,21,27,CT,Ajay Pali,IND,,,,,False,21,2014,GE
1832790,Salikram Jogi,IND,23849,278,0.203433488957513,19,21,27,CT,Salikram Jogi,IND,,,,,False,21,2014,GE
1832791,Ramji Sahu,CSM,23856,269,0.196847512696298,20,21,27,CT,Ramji Sahu,CSM,,,,,False,21,2014,GE
1832792,Rameshwar Kewat,IND,23849,257,0.188066211014679,21,21,27,CT,Rameshwar Kewat,IND,,,,,False,21,2014,GE
1832796,Lakhanlal Sahu,IND,23849,253,0.19,22,21,27,CT,Lakhanlal Sahu,IND,,,,,False,21,2014,GE
1832794,Dhaniram Yadav,SP,23858,235,0.17196715793171,23,21,27,CT,Dhaniram Yadav,SP,,,,,False,21,2014,GE
1832795,Dhaniram Khare,RP(K),23918,189,0.138305501485503,24,21,27,CT,Dhaniram Khare,RP(K),,,,,False,21,2014,GE
1832793,Lakhan Lal Sahu,IND,23849,150,0.11,25,21,27,CT,Lakhan Lal Sahu,IND,,,,,False,21,2014,GE
1832797,Lakhan Lal Sahu,IND,23849,144,0.105375620179431,26,21,27,CT,Lakhan Lal Sahu,IND,,,,,False,21,2014,GE
1832798,Lakhanlal Sahu,IND,23849,129,0.0943989930774071,27,21,27,CT,Lakhanlal Sahu,IND,,,,,False,21,2014,GE
1832943,Lakhan Lal Sahu,BJP,23846,71361,53.2731629750733,1,21,28,CT,Lakhan Lal Sahu,BJP,,,,,True,21,2014,GE
1832944,Karuna Shukla,INC,23847,46057,34.3829552156353,2,21,28,CT,Karuna Shukla,INC,,,,,False,21,2014,GE
1832945,Dharam Bhargav,BSP,23850,3115,2.32544250595358,3,21,28,CT,Dharam Bhargav,BSP,,,,,False,21,2014,GE
1832946,Anand Mishra,AAAP,23851,1950,1.45573447403193,4,21,28,CT,Anand Mishra,AAAP,,,,,False,21,2014,GE
1832947,Prakash Surya,IND,23849,1762,1.31538674012526,5,21,28,CT,Prakash Surya,IND,,,,,False,21,2014,GE
1832948,Baldau Prasad Sahu,IND,23849,1627,1.21460512269228,6,21,28,CT,Baldau Prasad Sahu,IND,,,,,False,21,2014,GE
1832949,Dinesh Kumar Singh Khusro Nikhil,IND,23849,1436,1.0720177972871,7,21,28,CT,Dinesh Kumar Singh Khusro Nikhil,IND,,,,,False,21,2014,GE
1832950,Dilip Koshle,IND,23849,755,0.563630527125185,8,21,28,CT,Dilip Koshle,IND,,,,,False,21,2014,GE
1832951,None Of The Above,NOTA,23852,744,0.555418691630646,9,21,28,CT,None Of The Above,NOTA,,,,,False,21,2014,GE
1832952,Daosingh Maravi,IND,23849,664,0.495696251670361,10,21,28,CT,Daosingh Maravi,IND,,,,,False,21,2014,GE
1832953,Ram Singh Pandram (Pendro),IND,23849,552,0.412084835725963,11,21,28,CT,Ram Singh Pandram (Pendro),IND,,,,,False,21,2014,GE
1832954,Eng. Ramfal Mandrey,APoI,23853,531,0.396407695236388,12,21,28,CT,Eng. Ramfal Mandrey,APoI,,,,,False,21,2014,GE
1832955,Ganesh Yadav,GGP,23848,411,0.306824035295962,13,21,28,CT,Ganesh Yadav,GGP,,,,,False,21,2014,GE
1832956,Daya Das Lahre,IND,23849,403,0.300851791299933,14,21,28,CT,Daya Das Lahre,IND,,,,,False,21,2014,GE
1832957,Ajay Pali,IND,23849,315,0.23515710734362,15,21,28,CT,Ajay Pali,IND,,,,,False,21,2014,GE
1832958,Jaitram Khande,IND,23849,307,0.229184863347592,16,21,28,CT,Jaitram Khande,IND,,,,,False,21,2014,GE
1832959,Manik Dahariya,IND,23849,258,0.192604868871917,17,21,28,CT,Manik Dahariya,IND,,,,,False,21,2014,GE
1832960,Dhaniram Yadav,IND,23849,224,0.17,18,21,28,CT,Dhaniram Yadav,IND,,,,,False,21,2014,GE
1832961,Sarita Vijay Soni,SP,23858,224,0.17,18,21,28,CT,Sarita Vijay Soni,SP,,,,,False,21,2014,GE
1832962,Ramji Sahu,CSM,23856,214,0.159757526893761,20,21,28,CT,Ramji Sahu,CSM,,,,,False,21,2014,GE
1832963,Salikram Jogi,IND,23849,212,0.158264465894754,21,21,28,CT,Salikram Jogi,IND,,,,,False,21,2014,GE
1832964,Rameshwar Kewat,IND,23849,184,0.137361611908654,22,21,28,CT,Rameshwar Kewat,IND,,,,,False,21,2014,GE
1832969,Lakhanlal Sahu,IND,23849,176,0.13,23,21,28,CT,Lakhanlal Sahu,IND,,,,,False,21,2014,GE
1832966,Dhaniram Khare,RP(K),23918,152,0.11347263592454,24,21,28,CT,Dhaniram Khare,RP(K),,,,,False,21,2014,GE
1832967,Lakhan Lal Sahu,IND,23849,119,0.0888371294409233,25,21,28,CT,Lakhan Lal Sahu,IND,,,,,False,21,2014,GE
1832968,Lakhanlal Sahu,IND,23849,101,0.0753995804498592,26,21,28,CT,Lakhanlal Sahu,IND,,,,,False,21,2014,GE
1832965,Lakhan Lal Sahu,IND,23849,99,0.07,27,21,28,CT,Lakhan Lal Sahu,IND,,,,,False,21,2014,GE
1833131,Lakhan Lal Sahu,BJP,23846,78466,48.2309697088906,1,21,29,CT,Lakhan Lal Sahu,BJP,,,,,True,21,2014,GE
1833132,Karuna Shukla,INC,23847,64144,39.427616050354,2,21,29,CT,Karuna Shukla,INC,,,,,False,21,2014,GE
1833133,Dharam Bhargav,BSP,23850,2575,1.58278422501966,3,21,29,CT,Dharam Bhargav,BSP,,,,,False,21,2014,GE
1833134,Anand Mishra,AAAP,23851,2457,1.51025275373721,4,21,29,CT,Anand Mishra,AAAP,,,,,False,21,2014,GE
1833135,Baldau Prasad Sahu,IND,23849,2139,1.31478658536585,5,21,29,CT,Baldau Prasad Sahu,IND,,,,,False,21,2014,GE
1833136,Prakash Surya,IND,23849,2130,1.30925452399685,6,21,29,CT,Prakash Surya,IND,,,,,False,21,2014,GE
1833137,Dinesh Kumar Singh Khusro Nikhil,IND,23849,1917,1.17832907159716,7,21,29,CT,Dinesh Kumar Singh Khusro Nikhil,IND,,,,,False,21,2014,GE
1833138,Dilip Koshle,IND,23849,1633,1.00376180173092,8,21,29,CT,Dilip Koshle,IND,,,,,False,21,2014,GE
1833139,None Of The Above,NOTA,23852,1036,0.636801730920535,9,21,29,CT,None Of The Above,NOTA,,,,,False,21,2014,GE
1833140,Daosingh Maravi,IND,23849,785,0.482518686073957,10,21,29,CT,Daosingh Maravi,IND,,,,,False,21,2014,GE
1833141,Ram Singh Pandram (Pendro),IND,23849,682,0.41920731707317,11,21,29,CT,Ram Singh Pandram (Pendro),IND,,,,,False,21,2014,GE
1833142,Eng. Ramfal Mandrey,APoI,23853,645,0.396464398111723,12,21,29,CT,Eng. Ramfal Mandrey,APoI,,,,,False,21,2014,GE
1833143,Daya Das Lahre,IND,23849,421,0.258777537372147,13,21,29,CT,Daya Das Lahre,IND,,,,,False,21,2014,GE
1833144,Jaitram Khande,IND,23849,388,0.238493312352478,14,21,29,CT,Jaitram Khande,IND,,,,,False,21,2014,GE
1833145,Ganesh Yadav,GGP,23848,373,0.22927321007081,15,21,29,CT,Ganesh Yadav,GGP,,,,,False,21,2014,GE
1833146,Sarita Vijay Soni,IND,23849,363,0.223126475216365,16,21,29,CT,Sarita Vijay Soni,IND,,,,,False,21,2014,GE
1833147,Salikram Jogi,IND,23849,308,0.189319433516915,17,21,29,CT,Salikram Jogi,IND,,,,,False,21,2014,GE
1833148,Dhaniram Yadav,SP,23858,304,0.186860739575137,18,21,29,CT,Dhaniram Yadav,SP,,,,,False,21,2014,GE
1833149,Ajay Pali,IND,23849,300,0.184402045633359,19,21,29,CT,Ajay Pali,IND,,,,,False,21,2014,GE
1833150,Manik Dahariya,IND,23849,294,0.180714004720692,20,21,29,CT,Manik Dahariya,IND,,,,,False,21,2014,GE
1833151,Rameshwar Kewat,IND,23849,271,0.166576514555468,21,21,29,CT,Rameshwar Kewat,IND,,,,,False,21,2014,GE
1833152,Ramji Sahu,CSM,23856,223,0.13707218725413,22,21,29,CT,Ramji Sahu,CSM,,,,,False,21,2014,GE
1833157,Lakhanlal Sahu,IND,23849,214,0.13,23,21,29,CT,Lakhanlal Sahu,IND,,,,,False,21,2014,GE
1833154,Dhaniram Khare,RP(K),23918,203,0.124778717545239,24,21,29,CT,Dhaniram Khare,RP(K),,,,,False,21,2014,GE
1833155,Lakhanlal Sahu,IND,23849,173,0.106338512981904,25,21,29,CT,Lakhanlal Sahu,IND,,,,,False,21,2014,GE
1833156,Lakhan Lal Sahu,IND,23849,123,0.0756048387096774,26,21,29,CT,Lakhan Lal Sahu,IND,,,,,False,21,2014,GE
1833153,Lakhan Lal Sahu,IND,23849,121,0.07,27,21,29,CT,Lakhan Lal Sahu,IND,,,,,False,21,2014,GE
1833338,Lakhan Lal Sahu,BJP,23846,83831,61.224922036473,1,21,30,CT,Lakhan Lal Sahu,BJP,,,,,True,21,2014,GE
1833339,Karuna Shukla,INC,23847,41766,30.5032755636379,2,21,30,CT,Karuna Shukla,INC,,,,,False,21,2014,GE
1833340,Anand Mishra,AAAP,23851,5401,3.94455277783863,3,21,30,CT,Anand Mishra,AAAP,,,,,False,21,2014,GE
1833341,None Of The Above,NOTA,23852,1092,0.79752853793738,4,21,30,CT,None Of The Above,NOTA,,,,,False,21,2014,GE
1833342,Baldau Prasad Sahu,IND,23849,1086,0.793146513003658,5,21,30,CT,Baldau Prasad Sahu,IND,,,,,False,21,2014,GE
1833343,Dharam Bhargav,BSP,23850,824,0.601798090897803,6,21,30,CT,Dharam Bhargav,BSP,,,,,False,21,2014,GE
1833344,Prakash Surya,IND,23849,638,0.465955317952425,7,21,30,CT,Prakash Surya,IND,,,,,False,21,2014,GE
1833345,Dinesh Kumar Singh Khusro Nikhil,IND,23849,460,0.335955244918676,8,21,30,CT,Dinesh Kumar Singh Khusro Nikhil,IND,,,,,False,21,2014,GE
1833346,Ram Singh Pandram (Pendro),IND,23849,230,0.167977622459338,9,21,30,CT,Ram Singh Pandram (Pendro),IND,,,,,False,21,2014,GE
1833347,Dilip Koshle,IND,23849,229,0.167247284970384,10,21,30,CT,Dilip Koshle,IND,,,,,False,21,2014,GE
1833348,Eng. Ramfal Mandrey,APoI,23853,165,0.120505685677351,11,21,30,CT,Eng. Ramfal Mandrey,APoI,,,,,False,21,2014,GE
1833349,Daosingh Maravi,IND,23849,148,0.108089948365139,12,21,30,CT,Daosingh Maravi,IND,,,,,False,21,2014,GE
1833350,Daya Das Lahre,IND,23849,118,0.0861798236965301,13,21,30,CT,Daya Das Lahre,IND,,,,,False,21,2014,GE
1833351,Sarita Vijay Soni,IND,23849,101,0.0737640863843181,14,21,30,CT,Sarita Vijay Soni,IND,,,,,False,21,2014,GE
1833352,Ganesh Yadav,GGP,23848,99,0.0723034114064109,15,21,30,CT,Ganesh Yadav,GGP,,,,,False,21,2014,GE
1833353,Rameshwar Kewat,IND,23849,91,0.0664607114947817,16,21,30,CT,Rameshwar Kewat,IND,,,,,False,21,2014,GE
1833354,Manik Dahariya,IND,23849,85,0.0620786865610598,17,21,30,CT,Manik Dahariya,IND,,,,,False,21,2014,GE
1833355,Dhaniram Yadav,SP,23858,70,0.0511236242267551,18,21,30,CT,Dhaniram Yadav,SP,,,,,False,21,2014,GE
1833364,Lakhanlal Sahu,IND,23849,67,0.05,19,21,30,CT,Lakhanlal Sahu,IND,,,,,False,21,2014,GE
1833357,Lakhanlal Sahu,IND,23849,65,0.0474719367819869,20,21,30,CT,Lakhanlal Sahu,IND,,,,,False,21,2014,GE
1833358,Salikram Jogi,IND,23849,59,0.043089911848265,21,21,30,CT,Salikram Jogi,IND,,,,,False,21,2014,GE
1833359,Jaitram Khande,IND,23849,57,0.0416292368703577,22,21,30,CT,Jaitram Khande,IND,,,,,False,21,2014,GE
1833360,Ramji Sahu,CSM,23856,56,0.0408988993814041,23,21,30,CT,Ramji Sahu,CSM,,,,,False,21,2014,GE
1833361,Ajay Pali,IND,23849,55,0.0401685618924505,24,21,30,CT,Ajay Pali,IND,,,,,False,21,2014,GE
1833362,Lakhan Lal Sahu,IND,23849,51,0.0372472119366359,25,21,30,CT,Lakhan Lal Sahu,IND,,,,,False,21,2014,GE
1833363,Dhaniram Khare,RP(K),23918,40,0.0292134995581458,26,21,30,CT,Dhaniram Khare,RP(K),,,,,False,21,2014,GE
1833356,Lakhan Lal Sahu,IND,23849,39,0.03,27,21,30,CT,Lakhan Lal Sahu,IND,,,,,False,21,2014,GE
1833539,Lakhan Lal Sahu,BJP,23846,67870,54.4807988697662,1,21,31,CT,Lakhan Lal Sahu,BJP,,,,,True,21,2014,GE
1833540,Karuna Shukla,INC,23847,40993,32.9060172103776,2,21,31,CT,Karuna Shukla,INC,,,,,False,21,2014,GE
1833541,Dharam Bhargav,BSP,23850,4956,3.97829437451836,3,21,31,CT,Dharam Bhargav,BSP,,,,,False,21,2014,GE
1833542,Anand Mishra,AAAP,23851,2438,1.95703827382481,4,21,31,CT,Anand Mishra,AAAP,,,,,False,21,2014,GE
1833543,Prakash Surya,IND,23849,1219,0.978519136912406,5,21,31,CT,Prakash Surya,IND,,,,,False,21,2014,GE
1833544,Dinesh Kumar Singh Khusro Nikhil,IND,23849,1119,0.898246853326483,6,21,31,CT,Dinesh Kumar Singh Khusro Nikhil,IND,,,,,False,21,2014,GE
1833545,Baldau Prasad Sahu,IND,23849,1101,0.883797842281017,7,21,31,CT,Baldau Prasad Sahu,IND,,,,,False,21,2014,GE
1833546,None Of The Above,NOTA,23852,808,0.648600051374261,8,21,31,CT,None Of The Above,NOTA,,,,,False,21,2014,GE
1833547,Dilip Koshle,IND,23849,485,0.389320575391728,9,21,31,CT,Dilip Koshle,IND,,,,,False,21,2014,GE
1833548,Daosingh Maravi,IND,23849,465,0.373266118674544,10,21,31,CT,Daosingh Maravi,IND,,,,,False,21,2014,GE
1833549,Eng. Ramfal Mandrey,APoI,23853,416,0.333932699717441,11,21,31,CT,Eng. Ramfal Mandrey,APoI,,,,,False,21,2014,GE
1833550,Ram Singh Pandram (Pendro),IND,23849,325,0.260884921654251,12,21,31,CT,Ram Singh Pandram (Pendro),IND,,,,,False,21,2014,GE
1833551,Ganesh Yadav,GGP,23848,270,0.216735165681993,13,21,31,CT,Ganesh Yadav,GGP,,,,,False,21,2014,GE
1833552,Daya Das Lahre,IND,23849,254,0.203891600308245,14,21,31,CT,Daya Das Lahre,IND,,,,,False,21,2014,GE
1833553,Ajay Pali,IND,23849,217,0.174190855381453,15,21,31,CT,Ajay Pali,IND,,,,,False,21,2014,GE
1833554,Jaitram Khande,IND,23849,192,0.154122784484973,16,21,31,CT,Jaitram Khande,IND,,,,,False,21,2014,GE
1833555,Ramji Sahu,CSM,23856,191,0.153320061649113,17,21,31,CT,Ramji Sahu,CSM,,,,,False,21,2014,GE
1833556,Sarita Vijay Soni,IND,23849,188,0.150911893141536,18,21,31,CT,Sarita Vijay Soni,IND,,,,,False,21,2014,GE
1833557,Dhaniram Yadav,SP,23858,162,0.130041099409195,19,21,31,CT,Dhaniram Yadav,SP,,,,,False,21,2014,GE
1833558,Manik Dahariya,IND,23849,157,0.126027485229899,20,21,31,CT,Manik Dahariya,IND,,,,,False,21,2014,GE
1833559,Rameshwar Kewat,IND,23849,141,0.113183919856152,21,21,31,CT,Rameshwar Kewat,IND,,,,,False,21,2014,GE
1833560,Salikram Jogi,IND,23849,137,0.109973028512715,22,21,31,CT,Salikram Jogi,IND,,,,,False,21,2014,GE
1833565,Lakhanlal Sahu,IND,23849,121,0.1,23,21,31,CT,Lakhanlal Sahu,IND,,,,,False,21,2014,GE
1833562,Dhaniram Khare,RP(K),23918,112,0.0899049576162342,24,21,31,CT,Dhaniram Khare,RP(K),,,,,False,21,2014,GE
1833563,Lakhan Lal Sahu,IND,23849,92,0.0738505008990495,25,21,31,CT,Lakhan Lal Sahu,IND,,,,,False,21,2014,GE
1833564,Lakhanlal Sahu,IND,23849,82,0.0658232725404572,26,21,31,CT,Lakhanlal Sahu,IND,,,,,False,21,2014,GE
1833561,Lakhan Lal Sahu,IND,23849,65,0.05,27,21,31,CT,Lakhan Lal Sahu,IND,,,,,False,21,2014,GE
1833735,Lakhan Lal Sahu,BJP,23846,68280,46.4473997483078,1,21,32,CT,Lakhan Lal Sahu,BJP,,,,,True,21,2014,GE
1833736,Karuna Shukla,INC,23847,54531,37.0946566443318,2,21,32,CT,Karuna Shukla,INC,,,,,False,21,2014,GE
1833737,Dharam Bhargav,BSP,23850,7818,5.31818645624298,3,21,32,CT,Dharam Bhargav,BSP,,,,,False,21,2014,GE
1833738,Anand Mishra,AAAP,23851,2175,1.47954151219346,4,21,32,CT,Anand Mishra,AAAP,,,,,False,21,2014,GE
1833739,Prakash Surya,IND,23849,2049,1.39383014183191,5,21,32,CT,Prakash Surya,IND,,,,,False,21,2014,GE
1833740,Baldau Prasad Sahu,IND,23849,1884,1.28158906159654,6,21,32,CT,Baldau Prasad Sahu,IND,,,,,False,21,2014,GE
1833741,Dinesh Kumar Singh Khusro Nikhil,IND,23849,1593,1.08363661099962,7,21,32,CT,Dinesh Kumar Singh Khusro Nikhil,IND,,,,,False,21,2014,GE
1833742,None Of The Above,NOTA,23852,1022,0.695214448488146,8,21,32,CT,None Of The Above,NOTA,,,,,False,21,2014,GE
1833743,Eng. Ramfal Mandrey,APoI,23853,943,0.641474779769395,9,21,32,CT,Eng. Ramfal Mandrey,APoI,,,,,False,21,2014,GE
1833744,Dilip Koshle,IND,23849,781,0.531274446447399,10,21,32,CT,Dilip Koshle,IND,,,,,False,21,2014,GE
1833745,Daosingh Maravi,IND,23849,777,0.528553450562906,11,21,32,CT,Daosingh Maravi,IND,,,,,False,21,2014,GE
1833746,Ganesh Yadav,GGP,23848,581,0.395224652222713,12,21,32,CT,Ganesh Yadav,GGP,,,,,False,21,2014,GE
1833747,Ram Singh Pandram (Pendro),IND,23849,491,0.334002244821604,13,21,32,CT,Ram Singh Pandram (Pendro),IND,,,,,False,21,2014,GE
1833748,Daya Das Lahre,IND,23849,482,0.327880004081493,14,21,32,CT,Daya Das Lahre,IND,,,,,False,21,2014,GE
1833749,Ajay Pali,IND,23849,424,0.288425563756334,15,21,32,CT,Ajay Pali,IND,,,,,False,21,2014,GE
1833750,Jaitram Khande,IND,23849,385,0.261895853882521,16,21,32,CT,Jaitram Khande,IND,,,,,False,21,2014,GE
1833751,Dhaniram Yadav,SP,23858,344,0.23400564606646,17,21,32,CT,Dhaniram Yadav,SP,,,,,False,21,2014,GE
1833752,Sarita Vijay Soni,IND,23849,324,0.220400666643991,18,21,32,CT,Sarita Vijay Soni,IND,,,,,False,21,2014,GE
1833753,Ramji Sahu,CSM,23856,308,0.209516683106016,19,21,32,CT,Ramji Sahu,CSM,,,,,False,21,2014,GE
1833754,Manik Dahariya,IND,23849,296,0.201353695452535,20,21,32,CT,Manik Dahariya,IND,,,,,False,21,2014,GE
1833755,Salikram Jogi,IND,23849,292,0.198632699568041,21,21,32,CT,Salikram Jogi,IND,,,,,False,21,2014,GE
1833756,Rameshwar Kewat,IND,23849,270,0.183667222203326,22,21,32,CT,Rameshwar Kewat,IND,,,,,False,21,2014,GE
1833760,Lakhanlal Sahu,IND,23849,253,0.17,23,21,32,CT,Lakhanlal Sahu,IND,,,,,False,21,2014,GE
1833758,Dhaniram Khare,RP(K),23918,231,0.157137512329512,24,21,32,CT,Dhaniram Khare,RP(K),,,,,False,21,2014,GE
1833759,Lakhan Lal Sahu,IND,23849,168,0.114281827148736,25,21,32,CT,Lakhan Lal Sahu,IND,,,,,False,21,2014,GE
1833757,Lakhan Lal Sahu,IND,23849,160,0.11,26,21,32,CT,Lakhan Lal Sahu,IND,,,,,False,21,2014,GE
1833761,Lakhanlal Sahu,IND,23849,143,0.0972756028706506,27,21,32,CT,Lakhanlal Sahu,IND,,,,,False,21,2014,GE
1833907,Shrimati Kamla Devi Patle,BJP,23846,60919,47.8171114599686,1,21,33,CT,Shrimati Kamla Devi Patle,BJP,,,,,True,21,2014,GE
1833908,Prem Chand Jayasi,INC,23847,45753,35.9128728414442,2,21,33,CT,Prem Chand Jayasi,INC,,,,,False,21,2014,GE
1833909,Duj Ram Bouddh,BSP,23850,12167,9.5502354788069,3,21,33,CT,Duj Ram Bouddh,BSP,,,,,False,21,2014,GE
1833910,None Of The Above,NOTA,23852,1996,1.56671899529042,4,21,33,CT,None Of The Above,NOTA,,,,,False,21,2014,GE
1833911,Dadoo Ram Manhar,AAAP,23851,1469,1.15306122448979,5,21,33,CT,Dadoo Ram Manhar,AAAP,,,,,False,21,2014,GE
1833912,Vrinda Chauhan,IND,23849,1042,0.81789638932496,6,21,33,CT,Vrinda Chauhan,IND,,,,,False,21,2014,GE
1833913,Lakhan Lal Lahre,IND,23849,850,0.667189952904238,7,21,33,CT,Lakhan Lal Lahre,IND,,,,,False,21,2014,GE
1833914,Satyendra Bhandari,APoI,23853,602,0.472527472527472,8,21,33,CT,Satyendra Bhandari,APoI,,,,,False,21,2014,GE
1833915,Prem Shankar Mahilange Urf Prem,IND,23849,521,0.40894819466248,9,21,33,CT,Prem Shankar Mahilange Urf Prem,IND,,,,,False,21,2014,GE
1833916,Deepak Narang,IND,23849,379,0.297488226059654,10,21,33,CT,Deepak Narang,IND,,,,,False,21,2014,GE
1833917,Jeevan Lal Bharati,IND,23849,322,0.252747252747252,11,21,33,CT,Jeevan Lal Bharati,IND,,,,,False,21,2014,GE
1833918,Chaitram Suryavanshi,IND,23849,311,0.244113029827315,12,21,33,CT,Chaitram Suryavanshi,IND,,,,,False,21,2014,GE
1833919,Jagdish Prasad Nirala,IND,23849,290,0.227629513343799,13,21,33,CT,Jagdish Prasad Nirala,IND,,,,,False,21,2014,GE
1833920,Kaushal Prasad Navarang,IND,23849,268,0.210361067503924,14,21,33,CT,Kaushal Prasad Navarang,IND,,,,,False,21,2014,GE
1833921,Nohar Singh Sonwani,SP,23858,256,0.200941915227629,15,21,33,CT,Nohar Singh Sonwani,SP,,,,,False,21,2014,GE
1833922,Lakhan Lal Chauhan,BMUP,23887,255,0.200156985871271,16,21,33,CT,Lakhan Lal Chauhan,BMUP,,,,,False,21,2014,GE
1834021,Shrimati Kamla Devi Patle,BJP,23846,66504,53.5493429528472,1,21,34,CT,Shrimati Kamla Devi Patle,BJP,,,,,True,21,2014,GE
1834022,Prem Chand Jayasi,INC,23847,34809,28.0283754187065,2,21,34,CT,Prem Chand Jayasi,INC,,,,,False,21,2014,GE
1834023,Duj Ram Bouddh,BSP,23850,13954,11.2358283947436,3,21,34,CT,Duj Ram Bouddh,BSP,,,,,False,21,2014,GE
1834024,Dadoo Ram Manhar,AAAP,23851,2103,1.69334578716825,4,21,34,CT,Dadoo Ram Manhar,AAAP,,,,,False,21,2014,GE
1834025,None Of The Above,NOTA,23852,2048,1.64905952074207,5,21,34,CT,None Of The Above,NOTA,,,,,False,21,2014,GE
1834026,Vrinda Chauhan,IND,23849,870,0.700528214377737,6,21,34,CT,Vrinda Chauhan,IND,,,,,False,21,2014,GE
1834027,Lakhan Lal Lahre,IND,23849,704,0.566864210255088,7,21,34,CT,Lakhan Lal Lahre,IND,,,,,False,21,2014,GE
1834028,Satyendra Bhandari,APoI,23853,586,0.471850038649832,8,21,34,CT,Satyendra Bhandari,APoI,,,,,False,21,2014,GE
1834029,Prem Shankar Mahilange Urf Prem,IND,23849,514,0.413875289873743,9,21,34,CT,Prem Shankar Mahilange Urf Prem,IND,,,,,False,21,2014,GE
1834030,Deepak Narang,IND,23849,395,0.318055913424375,10,21,34,CT,Deepak Narang,IND,,,,,False,21,2014,GE
1834031,Chaitram Suryavanshi,IND,23849,347,0.279406080906982,11,21,34,CT,Chaitram Suryavanshi,IND,,,,,False,21,2014,GE
1834032,Nohar Singh Sonwani,SP,23858,282,0.22706776603968,12,21,34,CT,Nohar Singh Sonwani,SP,,,,,False,21,2014,GE
1834033,Kaushal Prasad Navarang,IND,23849,278,0.223846946663231,13,21,34,CT,Kaushal Prasad Navarang,IND,,,,,False,21,2014,GE
1834034,Jagdish Prasad Nirala,IND,23849,276,0.222236536975006,14,21,34,CT,Jagdish Prasad Nirala,IND,,,,,False,21,2014,GE
1834035,Jeevan Lal Bharati,IND,23849,264,0.212574078845658,15,21,34,CT,Jeevan Lal Bharati,IND,,,,,False,21,2014,GE
1834036,Lakhan Lal Chauhan,BMUP,23887,258,0.207742849780984,16,21,34,CT,Lakhan Lal Chauhan,BMUP,,,,,False,21,2014,GE
1834140,Shrimati Kamla Devi Patle,BJP,23846,59704,48.6696230598669,1,21,35,CT,Shrimati Kamla Devi Patle,BJP,,,,,True,21,2014,GE
1834141,Prem Chand Jayasi,INC,23847,46586,37.9760662579887,2,21,35,CT,Prem Chand Jayasi,INC,,,,,False,21,2014,GE
1834142,Duj Ram Bouddh,BSP,23850,7255,5.91414503717229,3,21,35,CT,Duj Ram Bouddh,BSP,,,,,False,21,2014,GE
1834143,Dadoo Ram Manhar,AAAP,23851,1922,1.5667797052302,4,21,35,CT,Dadoo Ram Manhar,AAAP,,,,,False,21,2014,GE
1834144,None Of The Above,NOTA,23852,1820,1.48363114647189,5,21,35,CT,None Of The Above,NOTA,,,,,False,21,2014,GE
1834145,Satyendra Bhandari,APoI,23853,759,0.618723098995695,6,21,35,CT,Satyendra Bhandari,APoI,,,,,False,21,2014,GE
1834146,Vrinda Chauhan,IND,23849,725,0.591006912742924,7,21,35,CT,Vrinda Chauhan,IND,,,,,False,21,2014,GE
1834147,Lakhan Lal Lahre,IND,23849,713,0.581224729359593,8,21,35,CT,Lakhan Lal Lahre,IND,,,,,False,21,2014,GE
1834148,Lakhan Lal Chauhan,BMUP,23887,674,0.549432633363766,9,21,35,CT,Lakhan Lal Chauhan,BMUP,,,,,False,21,2014,GE
1834149,Prem Shankar Mahilange Urf Prem,IND,23849,559,0.455686709273509,10,21,35,CT,Prem Shankar Mahilange Urf Prem,IND,,,,,False,21,2014,GE
1834150,Chaitram Suryavanshi,IND,23849,372,0.303247684883265,11,21,35,CT,Chaitram Suryavanshi,IND,,,,,False,21,2014,GE
1834151,Deepak Narang,IND,23849,371,0.302432502934655,12,21,35,CT,Deepak Narang,IND,,,,,False,21,2014,GE
1834152,Jagdish Prasad Nirala,IND,23849,328,0.267379679144385,13,21,35,CT,Jagdish Prasad Nirala,IND,,,,,False,21,2014,GE
1834153,Jeevan Lal Bharati,IND,23849,310,0.252706404069388,14,21,35,CT,Jeevan Lal Bharati,IND,,,,,False,21,2014,GE
1834154,Nohar Singh Sonwani,SP,23858,295,0.240478674840224,15,21,35,CT,Nohar Singh Sonwani,SP,,,,,False,21,2014,GE
1834155,Kaushal Prasad Navarang,IND,23849,279,0.227435763662449,16,21,35,CT,Kaushal Prasad Navarang,IND,,,,,False,21,2014,GE
1834259,Shrimati Kamla Devi Patle,BJP,23846,63996,49.6554934823091,1,21,36,CT,Shrimati Kamla Devi Patle,BJP,,,,,True,21,2014,GE
1834260,Prem Chand Jayasi,INC,23847,43331,33.6211980136561,2,21,36,CT,Prem Chand Jayasi,INC,,,,,False,21,2014,GE
1834261,Duj Ram Bouddh,BSP,23850,10961,8.50481067659838,3,21,36,CT,Duj Ram Bouddh,BSP,,,,,False,21,2014,GE
1834262,Dadoo Ram Manhar,AAAP,23851,2239,1.73727498448168,4,21,36,CT,Dadoo Ram Manhar,AAAP,,,,,False,21,2014,GE
1834263,None Of The Above,NOTA,23852,1958,1.51924270639354,5,21,36,CT,None Of The Above,NOTA,,,,,False,21,2014,GE
1834264,Vrinda Chauhan,IND,23849,1089,0.844972067039106,6,21,36,CT,Vrinda Chauhan,IND,,,,,False,21,2014,GE
1834265,Lakhan Lal Lahre,IND,23849,938,0.727808814400993,7,21,36,CT,Lakhan Lal Lahre,IND,,,,,False,21,2014,GE
1834266,Satyendra Bhandari,APoI,23853,808,0.626939788950962,8,21,36,CT,Satyendra Bhandari,APoI,,,,,False,21,2014,GE
1834267,Prem Shankar Mahilange Urf Prem,IND,23849,686,0.532278088144009,9,21,36,CT,Prem Shankar Mahilange Urf Prem,IND,,,,,False,21,2014,GE
1834268,Deepak Narang,IND,23849,553,0.429081315952824,10,21,36,CT,Deepak Narang,IND,,,,,False,21,2014,GE
1834269,Chaitram Suryavanshi,IND,23849,429,0.332867783985102,11,21,36,CT,Chaitram Suryavanshi,IND,,,,,False,21,2014,GE
1834270,Jagdish Prasad Nirala,IND,23849,405,0.314245810055865,12,21,36,CT,Jagdish Prasad Nirala,IND,,,,,False,21,2014,GE
1834271,Nohar Singh Sonwani,SP,23858,392,0.304158907510862,13,21,36,CT,Nohar Singh Sonwani,SP,,,,,False,21,2014,GE
1834272,Jeevan Lal Bharati,IND,23849,388,0.301055245189323,14,21,36,CT,Jeevan Lal Bharati,IND,,,,,False,21,2014,GE
1834273,Kaushal Prasad Navarang,IND,23849,357,0.277001862197392,15,21,36,CT,Kaushal Prasad Navarang,IND,,,,,False,21,2014,GE
1834274,Lakhan Lal Chauhan,BMUP,23887,350,0.271570453134698,16,21,36,CT,Lakhan Lal Chauhan,BMUP,,,,,False,21,2014,GE
1834385,Shrimati Kamla Devi Patle,BJP,23846,54854,43.9602183024659,1,21,37,CT,Shrimati Kamla Devi Patle,BJP,,,,,True,21,2014,GE
1834386,Prem Chand Jayasi,INC,23847,36161,28.9795722105128,2,21,37,CT,Prem Chand Jayasi,INC,,,,,False,21,2014,GE
1834387,Duj Ram Bouddh,BSP,23850,22916,18.3649754369655,3,21,37,CT,Duj Ram Bouddh,BSP,,,,,False,21,2014,GE
1834388,Dadoo Ram Manhar,AAAP,23851,2430,1.94741186558851,4,21,37,CT,Dadoo Ram Manhar,AAAP,,,,,False,21,2014,GE
1834389,None Of The Above,NOTA,23852,1685,1.35036584095335,5,21,37,CT,None Of The Above,NOTA,,,,,False,21,2014,GE
1834390,Satyendra Bhandari,APoI,23853,1037,0.831056010129747,6,21,37,CT,Satyendra Bhandari,APoI,,,,,False,21,2014,GE
1834391,Vrinda Chauhan,IND,23849,969,0.776560534055665,7,21,37,CT,Vrinda Chauhan,IND,,,,,False,21,2014,GE
1834392,Lakhan Lal Lahre,IND,23849,889,0.712448209262628,8,21,37,CT,Lakhan Lal Lahre,IND,,,,,False,21,2014,GE
1834393,Prem Shankar Mahilange Urf Prem,IND,23849,743,0.595443216515334,9,21,37,CT,Prem Shankar Mahilange Urf Prem,IND,,,,,False,21,2014,GE
1834394,Deepak Narang,IND,23849,586,0.469622779108998,10,21,37,CT,Deepak Narang,IND,,,,,False,21,2014,GE
1834395,Chaitram Suryavanshi,IND,23849,487,0.390283777177615,11,21,37,CT,Chaitram Suryavanshi,IND,,,,,False,21,2014,GE
1834396,Jeevan Lal Bharati,IND,23849,441,0.353419190421618,12,21,37,CT,Jeevan Lal Bharati,IND,,,,,False,21,2014,GE
1834397,Lakhan Lal Chauhan,BMUP,23887,407,0.326171452384577,13,21,37,CT,Lakhan Lal Chauhan,BMUP,,,,,False,21,2014,GE
1834398,Jagdish Prasad Nirala,IND,23849,399,0.319760219905274,14,21,37,CT,Jagdish Prasad Nirala,IND,,,,,False,21,2014,GE
1834399,Kaushal Prasad Navarang,IND,23849,389,0.311746179306144,15,21,37,CT,Kaushal Prasad Navarang,IND,,,,,False,21,2014,GE
1834400,Nohar Singh Sonwani,SP,23858,388,0.310944775246231,16,21,37,CT,Nohar Singh Sonwani,SP,,,,,False,21,2014,GE
1834501,Shrimati Kamla Devi Patle,BJP,23846,43543,39.3577019722689,1,21,38,CT,Shrimati Kamla Devi Patle,BJP,,,,,True,21,2014,GE
1834502,Prem Chand Jayasi,INC,23847,31019,28.0374929949201,2,21,38,CT,Prem Chand Jayasi,INC,,,,,False,21,2014,GE
1834503,Duj Ram Bouddh,BSP,23850,28419,25.6874017029123,3,21,38,CT,Duj Ram Bouddh,BSP,,,,,False,21,2014,GE
1834504,Dadoo Ram Manhar,AAAP,23851,1698,1.53479038993437,4,21,38,CT,Dadoo Ram Manhar,AAAP,,,,,False,21,2014,GE
1834505,None Of The Above,NOTA,23852,1439,1.30068514199974,5,21,38,CT,None Of The Above,NOTA,,,,,False,21,2014,GE
1834506,Vrinda Chauhan,IND,23849,800,0.723105012925502,6,21,38,CT,Vrinda Chauhan,IND,,,,,False,21,2014,GE
1834507,Satyendra Bhandari,APoI,23853,652,0.589330585534284,7,21,38,CT,Satyendra Bhandari,APoI,,,,,False,21,2014,GE
1834508,Lakhan Lal Lahre,IND,23849,622,0.562214147549577,8,21,38,CT,Lakhan Lal Lahre,IND,,,,,False,21,2014,GE
1834509,Prem Shankar Mahilange Urf Prem,IND,23849,441,0.398611638375183,9,21,38,CT,Prem Shankar Mahilange Urf Prem,IND,,,,,False,21,2014,GE
1834510,Deepak Narang,IND,23849,378,0.341667118607299,10,21,38,CT,Deepak Narang,IND,,,,,False,21,2014,GE
1834511,Chaitram Suryavanshi,IND,23849,313,0.282914836307102,11,21,38,CT,Chaitram Suryavanshi,IND,,,,,False,21,2014,GE
1834512,Kaushal Prasad Navarang,IND,23849,279,0.252182873257768,12,21,38,CT,Kaushal Prasad Navarang,IND,,,,,False,21,2014,GE
1834513,Jagdish Prasad Nirala,IND,23849,274,0.247663466926984,13,21,38,CT,Jagdish Prasad Nirala,IND,,,,,False,21,2014,GE
1834514,Nohar Singh Sonwani,SP,23858,271,0.244951823128513,14,21,38,CT,Nohar Singh Sonwani,SP,,,,,False,21,2014,GE
1834515,Jeevan Lal Bharati,IND,23849,265,0.239528535531572,15,21,38,CT,Jeevan Lal Bharati,IND,,,,,False,21,2014,GE
1834516,Lakhan Lal Chauhan,BMUP,23887,221,0.199757759820669,16,21,38,CT,Lakhan Lal Chauhan,BMUP,,,,,False,21,2014,GE
1834612,Ajit Jogi,INC,23847,63534,45.6445367223926,1,21,39,CT,Ajit Jogi,INC,,,,,False,21,2014,GE
1834613,Chandulal Sahu (Chandu Bhaiya),BJP,23846,59185,42.5200979934335,2,21,39,CT,Chandulal Sahu (Chandu Bhaiya),BJP,,,,,True,21,2014,GE
1834614,Chandu Lal Sahu,IND,23849,2148,1.54318105077123,3,21,39,CT,Chandu Lal Sahu,IND,,,,,False,21,2014,GE
1834615,Kanhaiya Lal Sahu,BSP,23850,1619,1.16313320353753,4,21,39,CT,Kanhaiya Lal Sahu,BSP,,,,,False,21,2014,GE
1834616,Chandu Lal Sahu,IND,23849,1534,1.10206691428448,5,21,39,CT,Chandu Lal Sahu,IND,,,,,False,21,2014,GE
1834617,None Of The Above,NOTA,23852,1234,0.88653883456783,6,21,39,CT,None Of The Above,NOTA,,,,,False,21,2014,GE
1834618,Lakshman Masturiya,AAAP,23851,962,0.691126708958065,7,21,39,CT,Lakshman Masturiya,AAAP,,,,,False,21,2014,GE
1834619,Chandu Lal Sahu,IND,23849,936,0.672447608715955,8,21,39,CT,Chandu Lal Sahu,IND,,,,,False,21,2014,GE
1834620,Chandu Lal Sahu,IND,23849,796,0.571867838181517,9,21,39,CT,Chandu Lal Sahu,IND,,,,,False,21,2014,GE
1834621,Hemant Pradhan,IND,23849,662,0.475598629241413,10,21,39,CT,Hemant Pradhan,IND,,,,,False,21,2014,GE
1834622,Abha Pandey (Gudia),CSM,23856,654,0.469851213782302,11,21,39,CT,Abha Pandey (Gudia),CSM,,,,,False,21,2014,GE
1834623,Chandu Lal Sahu,IND,23849,644,0.462666944458413,12,21,39,CT,Chandu Lal Sahu,IND,,,,,False,21,2014,GE
1834624,Chandu Ram Sahu,IND,23849,587,0.421716609312249,13,21,39,CT,Chandu Ram Sahu,IND,,,,,False,21,2014,GE
1834625,Sukhnandan Deshkar,IND,23849,574,0.412377059191194,14,21,39,CT,Sukhnandan Deshkar,IND,,,,,False,21,2014,GE
1834626,Chandoo Lal Sahu,IND,23849,543,0.39010582428714,15,21,39,CT,Chandoo Lal Sahu,IND,,,,,False,21,2014,GE
1834627,Champa Lal Patel,IND,23849,387,0.278031222834481,16,21,39,CT,Champa Lal Patel,IND,,,,,False,21,2014,GE
1834628,Chandu Lal Sahu,IND,23849,359,0.257915268727594,17,21,39,CT,Chandu Lal Sahu,IND,,,,,False,21,2014,GE
1834629,Chanduram Sahu,IND,23849,345,0.24785729167415,18,21,39,CT,Chanduram Sahu,IND,,,,,False,21,2014,GE
1834630,Patel Shri Dhar Chandrakar,AD,23941,333,0.239236168485484,19,21,39,CT,Patel Shri Dhar Chandrakar,AD,,,,,False,21,2014,GE
1834631,Mohan Lal Patel,BSCP,23859,325,0.233488753026373,20,21,39,CT,Mohan Lal Patel,BSCP,,,,,False,21,2014,GE
1834632,Dr. Rupanand Soi,IND,23849,311,0.223430775972929,21,21,39,CT,Dr. Rupanand Soi,IND,,,,,False,21,2014,GE
1834633,Chandu Ram Sahu,IND,23849,277,0.199004260271709,22,21,39,CT,Chandu Ram Sahu,IND,,,,,False,21,2014,GE
1834634,Preeti Dhruw,GGP,23848,247,0.177451452300043,23,21,39,CT,Preeti Dhruw,GGP,,,,,False,21,2014,GE
1834635,Vijay Kumar Patel,IND,23849,245,0.176014598435266,24,21,39,CT,Vijay Kumar Patel,IND,,,,,False,21,2014,GE
1834636,Gangadhar Patel,IND,23849,215,0.1544617904636,25,21,39,CT,Gangadhar Patel,IND,,,,,False,21,2014,GE
1834637,Moti Lal Sahu,IND,23849,203,0.145840667274934,26,21,39,CT,Moti Lal Sahu,IND,,,,,False,21,2014,GE
1834638,Dev Prasad Kelkar,IND,23849,175,0.125724713168047,27,21,39,CT,Dev Prasad Kelkar,IND,,,,,False,21,2014,GE
1834639,Motilal Sahu,IND,23849,159,0.114229882249825,28,21,39,CT,Motilal Sahu,IND,,,,,False,21,2014,GE
1834722,Ajit Jogi,INC,23847,65154,44.8271354363755,1,21,40,CT,Ajit Jogi,INC,,,,,False,21,2014,GE
1834723,Chandulal Sahu (Chandu Bhaiya),BJP,23846,63973,44.01458598507,2,21,40,CT,Chandulal Sahu (Chandu Bhaiya),BJP,,,,,True,21,2014,GE
1834724,Chandu Lal Sahu,IND,23849,2097,1.44277408923595,3,21,40,CT,Chandu Lal Sahu,IND,,,,,False,21,2014,GE
1834725,Chandu Lal Sahu,IND,23849,1733,1.19233547765661,4,21,40,CT,Chandu Lal Sahu,IND,,,,,False,21,2014,GE
1834726,Kanhaiya Lal Sahu,BSP,23850,1548,1.06505211737589,5,21,40,CT,Kanhaiya Lal Sahu,BSP,,,,,False,21,2014,GE
1834727,None Of The Above,NOTA,23852,1206,0.829749905397502,6,21,40,CT,None Of The Above,NOTA,,,,,False,21,2014,GE
1834728,Chandu Lal Sahu,IND,23849,1138,0.782964670267295,7,21,40,CT,Chandu Lal Sahu,IND,,,,,False,21,2014,GE
1834729,Chandu Lal Sahu,IND,23849,886,0.609584093020055,8,21,40,CT,Chandu Lal Sahu,IND,,,,,False,21,2014,GE
1834732,Chandu Lal Sahu,CSM,23856,701,0.48,9,21,40,CT,Chandu Lal Sahu,CSM,,,,,False,21,2014,GE
1834731,Lakshman Masturiya,IND,23849,701,0.48,9,21,40,CT,Lakshman Masturiya,IND,,,,,False,21,2014,GE
1834730,Abha Pandey (Gudia),AAAP,23851,701,0.48,9,21,40,CT,Abha Pandey (Gudia),AAAP,,,,,False,21,2014,GE
1834733,Hemant Pradhan,IND,23849,632,0.434827479445457,12,21,40,CT,Hemant Pradhan,IND,,,,,False,21,2014,GE
1834734,Chandu Ram Sahu,IND,23849,623,0.428635315972341,13,21,40,CT,Chandu Ram Sahu,IND,,,,,False,21,2014,GE
1834735,Chandoo Lal Sahu,IND,23849,576,0.396298462279404,14,21,40,CT,Chandoo Lal Sahu,IND,,,,,False,21,2014,GE
1834736,Sukhnandan Deshkar,IND,23849,543,0.373593862877979,15,21,40,CT,Sukhnandan Deshkar,IND,,,,,False,21,2014,GE
1834737,Champa Lal Patel,IND,23849,414,0.284839519763321,16,21,40,CT,Champa Lal Patel,IND,,,,,False,21,2014,GE
1834738,Chandu Lal Sahu,IND,23849,347,0.238742302796793,17,21,40,CT,Chandu Lal Sahu,IND,,,,,False,21,2014,GE
1834739,Chanduram Sahu,IND,23849,318,0.218789776050087,18,21,40,CT,Chanduram Sahu,IND,,,,,False,21,2014,GE
1834740,Patel Shri Dhar Chandrakar,AD,23941,310,0.213285630740651,19,21,40,CT,Patel Shri Dhar Chandrakar,AD,,,,,False,21,2014,GE
1834741,Chandu Ram Sahu,IND,23849,253,0.174068595410918,20,21,40,CT,Chandu Ram Sahu,IND,,,,,False,21,2014,GE
1834742,Dr. Rupanand Soi,IND,23849,244,0.167876431937803,21,21,40,CT,Dr. Rupanand Soi,IND,,,,,False,21,2014,GE
1834743,Preeti Dhruw,GGP,23848,229,0.15755615948261,22,21,40,CT,Preeti Dhruw,GGP,,,,,False,21,2014,GE
1834744,Vijay Kumar Patel,IND,23849,228,0.15686814131893,23,21,40,CT,Vijay Kumar Patel,IND,,,,,False,21,2014,GE
1834745,Mohan Lal Patel,BSCP,23859,183,0.125907323953352,24,21,40,CT,Mohan Lal Patel,BSCP,,,,,False,21,2014,GE
1834746,Gangadhar Patel,IND,23849,179,0.123155251298634,25,21,40,CT,Gangadhar Patel,IND,,,,,False,21,2014,GE
1834747,Moti Lal Sahu,IND,23849,156,0.107330833534005,26,21,40,CT,Moti Lal Sahu,IND,,,,,False,21,2014,GE
1834748,Dev Prasad Kelkar,IND,23849,145,0.0997626337335305,27,21,40,CT,Dev Prasad Kelkar,IND,,,,,False,21,2014,GE
1834749,Motilal Sahu,IND,23849,127,0.0873783067872991,28,21,40,CT,Motilal Sahu,IND,,,,,False,21,2014,GE
1834849,Ajit Jogi,INC,23847,63862,48.3982690544217,1,21,41,CT,Ajit Jogi,INC,,,,,False,21,2014,GE
1834850,Chandulal Sahu (Chandu Bhaiya),BJP,23846,53120,40.2573682654924,2,21,41,CT,Chandulal Sahu (Chandu Bhaiya),BJP,,,,,True,21,2014,GE
1834851,Chandu Lal Sahu,IND,23849,2913,2.20763768368561,3,21,41,CT,Chandu Lal Sahu,IND,,,,,False,21,2014,GE
1834852,Chandu Lal Sahu,IND,23849,1444,1.09434562830141,4,21,41,CT,Chandu Lal Sahu,IND,,,,,False,21,2014,GE
1834853,Chandu Lal Sahu,IND,23849,1233,0.934437783722745,5,21,41,CT,Chandu Lal Sahu,IND,,,,,False,21,2014,GE
1834854,None Of The Above,NOTA,23852,1154,0.874567074141158,6,21,41,CT,None Of The Above,NOTA,,,,,False,21,2014,GE
1834855,Kanhaiya Lal Sahu,BSP,23850,1028,0.779077081643943,7,21,41,CT,Kanhaiya Lal Sahu,BSP,,,,,False,21,2014,GE
1834856,Chandu Lal Sahu,IND,23849,766,0.580518525816401,8,21,41,CT,Chandu Lal Sahu,IND,,,,,False,21,2014,GE
1834857,Lakshman Masturiya,AAAP,23851,682,0.516858530818258,9,21,41,CT,Lakshman Masturiya,AAAP,,,,,False,21,2014,GE
1834858,Chandu Lal Sahu,IND,23849,679,0.514584959568324,10,21,41,CT,Chandu Lal Sahu,IND,,,,,False,21,2014,GE
1834859,Chandoo Lal Sahu,IND,23849,648,0.491091389985676,11,21,41,CT,Chandoo Lal Sahu,IND,,,,,False,21,2014,GE
1834860,Abha Pandey (Gudia),CSM,23856,568,0.430462823320778,12,21,41,CT,Abha Pandey (Gudia),CSM,,,,,False,21,2014,GE
1834861,Preeti Dhruw,GGP,23848,477,0.361497828739456,13,21,41,CT,Preeti Dhruw,GGP,,,,,False,21,2014,GE
1834862,Chandu Ram Sahu,IND,23849,466,0.353161400823032,14,21,41,CT,Chandu Ram Sahu,IND,,,,,False,21,2014,GE
1834863,Hemant Pradhan,IND,23849,464,0.35164568665641,15,21,41,CT,Hemant Pradhan,IND,,,,,False,21,2014,GE
1834864,Sukhnandan Deshkar,IND,23849,422,0.319815689157338,16,21,41,CT,Sukhnandan Deshkar,IND,,,,,False,21,2014,GE
1834865,Chanduram Sahu,IND,23849,280,0.212199983327144,17,21,41,CT,Chanduram Sahu,IND,,,,,False,21,2014,GE
1834866,Champa Lal Patel,IND,23849,280,0.212199983327144,17,21,41,CT,Champa Lal Patel,IND,,,,,False,21,2014,GE
1834867,Chandu Lal Sahu,IND,23849,218,0.165212844161847,19,21,41,CT,Chandu Lal Sahu,IND,,,,,False,21,2014,GE
1834868,Vijay Kumar Patel,IND,23849,201,0.152329273745557,20,21,41,CT,Vijay Kumar Patel,IND,,,,,False,21,2014,GE
1834869,Chandu Ram Sahu,IND,23849,188,0.142477131662511,21,21,41,CT,Chandu Ram Sahu,IND,,,,,False,21,2014,GE
1834870,Patel Shri Dhar Chandrakar,AD,23941,183,0.138687846245954,22,21,41,CT,Patel Shri Dhar Chandrakar,AD,,,,,False,21,2014,GE
1834871,Gangadhar Patel,IND,23849,167,0.126562132912975,23,21,41,CT,Gangadhar Patel,IND,,,,,False,21,2014,GE
1834872,Dr. Rupanand Soi,IND,23849,151,0.114436419579995,24,21,41,CT,Dr. Rupanand Soi,IND,,,,,False,21,2014,GE
1834873,Mohan Lal Patel,BSCP,23859,96,0.072754279997878,25,21,41,CT,Mohan Lal Patel,BSCP,,,,,False,21,2014,GE
1834874,Dev Prasad Kelkar,IND,23849,93,0.0704807087479443,26,21,41,CT,Dev Prasad Kelkar,IND,,,,,False,21,2014,GE
1834875,Moti Lal Sahu,IND,23849,92,0.069722851664633,27,21,41,CT,Moti Lal Sahu,IND,,,,,False,21,2014,GE
1834876,Motilal Sahu,IND,23849,76,0.0575971383316534,28,21,41,CT,Motilal Sahu,IND,,,,,False,21,2014,GE
1834989,Ajit Jogi,INC,23847,58317,45.8603985467356,1,21,42,CT,Ajit Jogi,INC,,,,,False,21,2014,GE
1834990,Chandulal Sahu (Chandu Bhaiya),BJP,23846,55886,43.9486639090294,2,21,42,CT,Chandulal Sahu (Chandu Bhaiya),BJP,,,,,True,21,2014,GE
1834991,Chandu Lal Sahu,IND,23849,2025,1.59245686604488,3,21,42,CT,Chandu Lal Sahu,IND,,,,,False,21,2014,GE
1834992,Chandu Lal Sahu,IND,23849,1188,0.934241361413,4,21,42,CT,Chandu Lal Sahu,IND,,,,,False,21,2014,GE
1834993,None Of The Above,NOTA,23852,1069,0.840659945581227,5,21,42,CT,None Of The Above,NOTA,,,,,False,21,2014,GE
1834994,Chandu Lal Sahu,IND,23849,1019,0.801340022962834,6,21,42,CT,Chandu Lal Sahu,IND,,,,,False,21,2014,GE
1834995,Preeti Dhruw,GGP,23848,951,0.747864928201821,7,21,42,CT,Preeti Dhruw,GGP,,,,,False,21,2014,GE
1834996,Kanhaiya Lal Sahu,BSP,23850,924,0.726632169987889,8,21,42,CT,Kanhaiya Lal Sahu,BSP,,,,,False,21,2014,GE
1834997,Lakshman Masturiya,AAAP,23851,655,0.515090986300938,9,21,42,CT,Lakshman Masturiya,AAAP,,,,,False,21,2014,GE
1834998,Chandu Lal Sahu,IND,23849,553,0.434878344159418,10,21,42,CT,Chandu Lal Sahu,IND,,,,,False,21,2014,GE
1834999,Chandu Lal Sahu,IND,23849,530,0.416791179754958,11,21,42,CT,Chandu Lal Sahu,IND,,,,,False,21,2014,GE
1835000,Chandoo Lal Sahu,IND,23849,510,0.401063210707601,12,21,42,CT,Chandoo Lal Sahu,IND,,,,,False,21,2014,GE
1835001,Abha Pandey (Gudia),CSM,23856,496,0.390053632374451,13,21,42,CT,Abha Pandey (Gudia),CSM,,,,,False,21,2014,GE
1835002,Hemant Pradhan,IND,23849,415,0.326355357732655,14,21,42,CT,Hemant Pradhan,IND,,,,,False,21,2014,GE
1835003,Chandu Ram Sahu,IND,23849,393,0.309054591780563,15,21,42,CT,Chandu Ram Sahu,IND,,,,,False,21,2014,GE
1835004,Sukhnandan Deshkar,IND,23849,358,0.281530645947688,16,21,42,CT,Sukhnandan Deshkar,IND,,,,,False,21,2014,GE
1835005,Dev Prasad Kelkar,IND,23849,258,0.202890800710904,17,21,42,CT,Dev Prasad Kelkar,IND,,,,,False,21,2014,GE
1835006,Chanduram Sahu,IND,23849,226,0.177726050235133,18,21,42,CT,Chanduram Sahu,IND,,,,,False,21,2014,GE
1835007,Chandu Lal Sahu,IND,23849,202,0.158852487378304,19,21,42,CT,Chandu Lal Sahu,IND,,,,,False,21,2014,GE
1835008,Champa Lal Patel,IND,23849,194,0.152561299759362,20,21,42,CT,Champa Lal Patel,IND,,,,,False,21,2014,GE
1835009,Chandu Ram Sahu,IND,23849,193,0.151774901306994,21,21,42,CT,Chandu Ram Sahu,IND,,,,,False,21,2014,GE
1835010,Vijay Kumar Patel,IND,23849,157,0.123464557021751,22,21,42,CT,Vijay Kumar Patel,IND,,,,,False,21,2014,GE
1835011,Patel Shri Dhar Chandrakar,AD,23941,152,0.119532564759912,23,21,42,CT,Patel Shri Dhar Chandrakar,AD,,,,,False,21,2014,GE
1835012,Gangadhar Patel,IND,23849,127,0.0998726034507164,24,21,42,CT,Gangadhar Patel,IND,,,,,False,21,2014,GE
1835013,Mohan Lal Patel,BSCP,23859,99,0.0778534467844167,25,21,42,CT,Mohan Lal Patel,BSCP,,,,,False,21,2014,GE
1835014,Dr. Rupanand Soi,IND,23849,98,0.0770670483320488,26,21,42,CT,Dr. Rupanand Soi,IND,,,,,False,21,2014,GE
1835015,Moti Lal Sahu,IND,23849,86,0.0676302669036347,27,21,42,CT,Moti Lal Sahu,IND,,,,,False,21,2014,GE
1835016,Motilal Sahu,IND,23849,81,0.0636982746417955,28,21,42,CT,Motilal Sahu,IND,,,,,False,21,2014,GE
1835127,Shrimati Kamla Devi Patle,BJP,23846,77466,48.9324877457173,1,21,43,CT,Shrimati Kamla Devi Patle,BJP,,,,,True,21,2014,GE
1835128,Prem Chand Jayasi,INC,23847,45463,28.7173429683157,2,21,43,CT,Prem Chand Jayasi,INC,,,,,False,21,2014,GE
1835129,Duj Ram Bouddh,BSP,23850,21057,13.3009500227399,3,21,43,CT,Duj Ram Bouddh,BSP,,,,,False,21,2014,GE
1835130,None Of The Above,NOTA,23852,2941,1.85772398807418,4,21,43,CT,None Of The Above,NOTA,,,,,False,21,2014,GE
1835131,Dadoo Ram Manhar,AAAP,23851,2672,1.68780635706705,5,21,43,CT,Dadoo Ram Manhar,AAAP,,,,,False,21,2014,GE
1835132,Vrinda Chauhan,IND,23849,1555,0.982237606751225,6,21,43,CT,Vrinda Chauhan,IND,,,,,False,21,2014,GE
1835133,Lakhan Lal Lahre,IND,23849,1267,0.800318358684117,7,21,43,CT,Lakhan Lal Lahre,IND,,,,,False,21,2014,GE
1835134,Satyendra Bhandari,APoI,23853,1145,0.723255343877911,8,21,43,CT,Satyendra Bhandari,APoI,,,,,False,21,2014,GE
1835135,Prem Shankar Mahilange Urf Prem,IND,23849,955,0.603239173278083,9,21,43,CT,Prem Shankar Mahilange Urf Prem,IND,,,,,False,21,2014,GE
1835136,Deepak Narang,IND,23849,722,0.456061448279347,10,21,43,CT,Deepak Narang,IND,,,,,False,21,2014,GE
1835137,Chaitram Suryavanshi,IND,23849,548,0.346151902572136,11,21,43,CT,Chaitram Suryavanshi,IND,,,,,False,21,2014,GE
1835138,Jeevan Lal Bharati,IND,23849,545,0.34425691040477,12,21,43,CT,Jeevan Lal Bharati,IND,,,,,False,21,2014,GE
1835139,Jagdish Prasad Nirala,IND,23849,534,0.337308605791096,13,21,43,CT,Jagdish Prasad Nirala,IND,,,,,False,21,2014,GE
1835140,Nohar Singh Sonwani,SP,23858,531,0.33541361362373,14,21,43,CT,Nohar Singh Sonwani,SP,,,,,False,21,2014,GE
1835141,Kaushal Prasad Navarang,IND,23849,528,0.333518621456364,15,21,43,CT,Kaushal Prasad Navarang,IND,,,,,False,21,2014,GE
1835142,Lakhan Lal Chauhan,BMUP,23887,383,0.241927333367022,16,21,43,CT,Lakhan Lal Chauhan,BMUP,,,,,False,21,2014,GE
1835242,Shrimati Kamla Devi Patle,BJP,23846,91910,52.0872295329094,1,21,44,CT,Shrimati Kamla Devi Patle,BJP,,,,,True,21,2014,GE
1835243,Prem Chand Jayasi,INC,23847,60824,34.4701735296451,2,21,44,CT,Prem Chand Jayasi,INC,,,,,False,21,2014,GE
1835244,Duj Ram Bouddh,BSP,23850,8883,5.03417321228195,3,21,44,CT,Duj Ram Bouddh,BSP,,,,,False,21,2014,GE
1835245,None Of The Above,NOTA,23852,4551,2.5791424393893,4,21,44,CT,None Of The Above,NOTA,,,,,False,21,2014,GE
1835246,Dadoo Ram Manhar,AAAP,23851,2328,1.31932401645754,5,21,44,CT,Dadoo Ram Manhar,AAAP,,,,,False,21,2014,GE
1835247,Vrinda Chauhan,IND,23849,1932,1.09490292087456,6,21,44,CT,Vrinda Chauhan,IND,,,,,False,21,2014,GE
1835248,Lakhan Lal Lahre,IND,23849,1552,0.879549344305031,7,21,44,CT,Lakhan Lal Lahre,IND,,,,,False,21,2014,GE
1835249,Prem Shankar Mahilange Urf Prem,IND,23849,890,0.504380745123374,8,21,44,CT,Prem Shankar Mahilange Urf Prem,IND,,,,,False,21,2014,GE
1835250,Satyendra Bhandari,APoI,23853,686,0.388769877701837,9,21,44,CT,Satyendra Bhandari,APoI,,,,,False,21,2014,GE
1835251,Deepak Narang,IND,23849,592,0.335498203497795,10,21,44,CT,Deepak Narang,IND,,,,,False,21,2014,GE
1835252,Nohar Singh Sonwani,SP,23858,437,0.24765661305496,11,21,44,CT,Nohar Singh Sonwani,SP,,,,,False,21,2014,GE
1835253,Jeevan Lal Bharati,IND,23849,427,0.241989413671551,12,21,44,CT,Jeevan Lal Bharati,IND,,,,,False,21,2014,GE
1835254,Chaitram Suryavanshi,IND,23849,401,0.227254695274689,13,21,44,CT,Chaitram Suryavanshi,IND,,,,,False,21,2014,GE
1835255,Jagdish Prasad Nirala,IND,23849,384,0.217620456322894,14,21,44,CT,Jagdish Prasad Nirala,IND,,,,,False,21,2014,GE
1835256,Kaushal Prasad Navarang,IND,23849,346,0.196085098665941,15,21,44,CT,Kaushal Prasad Navarang,IND,,,,,False,21,2014,GE
1835257,Lakhan Lal Chauhan,BMUP,23887,311,0.17624990082401,16,21,44,CT,Lakhan Lal Chauhan,BMUP,,,,,False,21,2014,GE
1835390,Ramesh Bais,BJP,23846,81421,49.4263409659325,1,21,45,CT,Ramesh Bais,BJP,,,,,True,21,2014,GE
1835391,Satya Narayan Sharma (Sattu Bhaiya),INC,23847,64941,39.4222130490736,2,21,45,CT,Satya Narayan Sharma (Sattu Bhaiya),INC,,,,,False,21,2014,GE
1835392,Guruji Virendra Kumar Dahariya,BSP,23850,2466,1.49697690794745,3,21,45,CT,Guruji Virendra Kumar Dahariya,BSP,,,,,False,21,2014,GE
1835393,Om Prakash Dande,IND,23849,2242,1.36099847024257,4,21,45,CT,Om Prakash Dande,IND,,,,,False,21,2014,GE
1835394,Sandeep Tiwari,AAAP,23851,1868,1.13396304300318,5,21,45,CT,Sandeep Tiwari,AAAP,,,,,False,21,2014,GE
1835395,Shameem Khan,IND,23849,1242,0.753951873345798,6,21,45,CT,Shameem Khan,IND,,,,,False,21,2014,GE
1835396,Abdul Safiq Khan,IND,23849,1148,0.6968894932375,7,21,45,CT,Abdul Safiq Khan,IND,,,,,False,21,2014,GE
1835397,Ajay Verma,CSM,23856,748,0.454070854478789,8,21,45,CT,Ajay Verma,CSM,,,,,False,21,2014,GE
1835398,Umesh Kumar Verma,IND,23849,666,0.404293033533254,9,21,45,CT,Umesh Kumar Verma,IND,,,,,False,21,2014,GE
1835399,Kamaluddin,IND,23849,659,0.400043707354976,10,21,45,CT,Kamaluddin,IND,,,,,False,21,2014,GE
1835400,None Of The Above,NOTA,23852,610,0.370298424107034,11,21,45,CT,None Of The Above,NOTA,,,,,False,21,2014,GE
1835401,Rijhendra Dahariya,IND,23849,548,0.332661535099434,12,21,45,CT,Rijhendra Dahariya,IND,,,,,False,21,2014,GE
1835402,Anil Kumar Umre,APoI,23853,513,0.311414904208047,13,21,45,CT,Anil Kumar Umre,APoI,,,,,False,21,2014,GE
1835403,Ramgopal Verma,AITC,23884,502,0.304737391642182,14,21,45,CT,Ramgopal Verma,AITC,,,,,False,21,2014,GE
1835404,Lalit Kumar Patel,IND,23849,415,0.251924337712162,15,21,45,CT,Lalit Kumar Patel,IND,,,,,False,21,2014,GE
1835405,Shankar Lal Varandani,IND,23849,380,0.230677706820775,16,21,45,CT,Shankar Lal Varandani,IND,,,,,False,21,2014,GE
1835406,Kranti Chandrakar,IND,23849,354,0.214894495301459,17,21,45,CT,Kranti Chandrakar,IND,,,,,False,21,2014,GE
1835407,Navin Gupta,SP,23858,325,0.197290143991452,18,21,45,CT,Navin Gupta,SP,,,,,False,21,2014,GE
1835408,Narad Nishad,IND,23849,313,0.190005584828691,19,21,45,CT,Narad Nishad,IND,,,,,False,21,2014,GE
1835409,Mahesh Harpal,SSBD,23924,280,0.169973047131097,20,21,45,CT,Mahesh Harpal,SSBD,,,,,False,21,2014,GE
1835410,Ramkrishna Verma,IND,23849,277,0.168151907340407,21,21,45,CT,Ramkrishna Verma,IND,,,,,False,21,2014,GE
1835411,Krishnanandan Singh,IND,23849,257,0.156010975402471,22,21,45,CT,Krishnanandan Singh,IND,,,,,False,21,2014,GE
1835412,Meera Sharma,IND,23849,238,0.144477090061433,23,21,45,CT,Meera Sharma,IND,,,,,False,21,2014,GE
1835413,Bisahat Kurre,CPI(ML)(L),23936,219,0.132943204720394,24,21,45,CT,Bisahat Kurre,CPI(ML)(L),,,,,False,21,2014,GE
1835414,Naresh Tandi,IND,23849,218,0.132336158123497,25,21,45,CT,Naresh Tandi,IND,,,,,False,21,2014,GE
1835415,Madan Lal Sahu,CPM,23885,216,0.13,26,21,45,CT,Madan Lal Sahu,CPM,,,,,False,21,2014,GE
1835416,Satanami Santosh Dahariya,IND,23849,210,0.127479785348323,27,21,45,CT,Satanami Santosh Dahariya,IND,,,,,False,21,2014,GE
1835417,Yasmin Beg,IND,23849,189,0.114731806813491,28,21,45,CT,Yasmin Beg,IND,,,,,False,21,2014,GE
1835418,Omprakash Meshram,RP(K),23918,176,0.106840201053832,29,21,45,CT,Omprakash Meshram,RP(K),,,,,False,21,2014,GE
1835419,Tarzan Jangde,IND,23849,162,0.098341548697278,30,21,45,CT,Tarzan Jangde,IND,,,,,False,21,2014,GE
1835420,Imrran Pasha,AKAAD,23949,161,0.0977345021003812,31,21,45,CT,Imrran Pasha,AKAAD,,,,,False,21,2014,GE
1835421,Basmati Kshatriya,IND,23849,152,0.0922710827283102,32,21,45,CT,Basmati Kshatriya,IND,,,,,False,21,2014,GE
1835422,Moinudin Tanvar(Monu),IND,23849,136,0.0825583371779617,33,21,45,CT,Moinudin Tanvar(Monu),IND,,,,,False,21,2014,GE
1835423,Teekam Kumar Tondare,IND,23849,128,0.0777019644027875,34,21,45,CT,Teekam Kumar Tondare,IND,,,,,False,21,2014,GE
1835424,Saiyyad Javed Ali,IND,23849,125,0.0758808246120972,35,21,45,CT,Saiyyad Javed Ali,IND,,,,,False,21,2014,GE
1835425,Pravin Jain,IND,23849,115,0.0698103586431294,36,21,45,CT,Pravin Jain,IND,,,,,False,21,2014,GE
1835426,Horilal Yadav,IND,23849,112,0.0679892188524391,37,21,45,CT,Horilal Yadav,IND,,,,,False,21,2014,GE
1835573,Ramesh Bais,BJP,23846,65325,46.639060436226,1,21,46,CT,Ramesh Bais,BJP,,,,,True,21,2014,GE
1835574,Satya Narayan Sharma (Sattu Bhaiya),INC,23847,58313,41.6328133366651,2,21,46,CT,Satya Narayan Sharma (Sattu Bhaiya),INC,,,,,False,21,2014,GE
1835575,Guruji Virendra Kumar Dahariya,BSP,23850,2280,1.62781565701638,3,21,46,CT,Guruji Virendra Kumar Dahariya,BSP,,,,,False,21,2014,GE
1835576,Om Prakash Dande,IND,23849,2130,1.52072252168635,4,21,46,CT,Om Prakash Dande,IND,,,,,False,21,2014,GE
1835577,Sandeep Tiwari,AAAP,23851,1410,1.00667547210223,5,21,46,CT,Sandeep Tiwari,AAAP,,,,,False,21,2014,GE
1835578,Shameem Khan,IND,23849,1227,0.876021846999607,6,21,46,CT,Shameem Khan,IND,,,,,False,21,2014,GE
1835579,Abdul Safiq Khan,IND,23849,1024,0.731089137186306,7,21,46,CT,Abdul Safiq Khan,IND,,,,,False,21,2014,GE
1835580,Ajay Verma,CSM,23856,718,0.512619141113054,8,21,46,CT,Ajay Verma,CSM,,,,,False,21,2014,GE
1835581,Kamaluddin,IND,23849,575,0.410523685431763,9,21,46,CT,Kamaluddin,IND,,,,,False,21,2014,GE
1835582,Umesh Kumar Verma,IND,23849,554,0.39553064648556,10,21,46,CT,Umesh Kumar Verma,IND,,,,,False,21,2014,GE
1835583,Rijhendra Dahariya,IND,23849,551,0.393388783778959,11,21,46,CT,Rijhendra Dahariya,IND,,,,,False,21,2014,GE
1835584,None Of The Above,NOTA,23852,505,0.360546888944418,12,21,46,CT,None Of The Above,NOTA,,,,,False,21,2014,GE
1835585,Anil Kumar Umre,APoI,23853,446,0.318423589047942,13,21,46,CT,Anil Kumar Umre,APoI,,,,,False,21,2014,GE
1835586,Shankar Lal Varandani,IND,23849,435,0.310570092457073,14,21,46,CT,Shankar Lal Varandani,IND,,,,,False,21,2014,GE
1835587,Kranti Chandrakar,IND,23849,408,0.291293328097668,15,21,46,CT,Kranti Chandrakar,IND,,,,,False,21,2014,GE
1835588,Ramgopal Verma,AITC,23884,367,0.262021204440795,16,21,46,CT,Ramgopal Verma,AITC,,,,,False,21,2014,GE
1835589,Lalit Kumar Patel,IND,23849,367,0.262021204440795,16,21,46,CT,Lalit Kumar Patel,IND,,,,,False,21,2014,GE
1835590,Satanami Santosh Dahariya,IND,23849,275,0.196337414771713,18,21,46,CT,Satanami Santosh Dahariya,IND,,,,,False,21,2014,GE
1835591,Ramkrishna Verma,IND,23849,257,0.18348623853211,19,21,46,CT,Ramkrishna Verma,IND,,,,,False,21,2014,GE
1835592,Mahesh Harpal,SSBD,23924,242,0.172776924999107,20,21,46,CT,Mahesh Harpal,SSBD,,,,,False,21,2014,GE
1835593,Narad Nishad,IND,23849,239,0.170635062292507,21,21,46,CT,Narad Nishad,IND,,,,,False,21,2014,GE
1835594,Navin Gupta,SP,23858,227,0.162067611466105,22,21,46,CT,Navin Gupta,SP,,,,,False,21,2014,GE
1835595,Meera Sharma,IND,23849,207,0.147788526755434,23,21,46,CT,Meera Sharma,IND,,,,,False,21,2014,GE
1835596,Krishnanandan Singh,IND,23849,203,0.1449327098133,24,21,46,CT,Krishnanandan Singh,IND,,,,,False,21,2014,GE
1835597,Naresh Tandi,IND,23849,178,0.127083853924963,25,21,46,CT,Naresh Tandi,IND,,,,,False,21,2014,GE
1835598,Yasmin Beg,IND,23849,160,0.11423267768536,26,21,46,CT,Yasmin Beg,IND,,,,,False,21,2014,GE
1835599,Madan Lal Sahu,CPM,23885,151,0.11,27,21,46,CT,Madan Lal Sahu,CPM,,,,,False,21,2014,GE
1835600,Tarzan Jangde,IND,23849,149,0.106379181094491,28,21,46,CT,Tarzan Jangde,IND,,,,,False,21,2014,GE
1835602,Bisahat Kurre,AKAAD,23949,148,0.11,29,21,46,CT,Bisahat Kurre,AKAAD,,,,,False,21,2014,GE
1835601,Imrran Pasha,CPI(ML)(L),23936,148,0.11,29,21,46,CT,Imrran Pasha,CPI(ML)(L),,,,,False,21,2014,GE
1835603,Moinudin Tanvar(Monu),IND,23849,139,0.0992396387391568,31,21,46,CT,Moinudin Tanvar(Monu),IND,,,,,False,21,2014,GE
1835604,Omprakash Meshram,RP(K),23918,136,0.0970977760325563,32,21,46,CT,Omprakash Meshram,RP(K),,,,,False,21,2014,GE
1835605,Basmati Kshatriya,IND,23849,132,0.0942419590904223,33,21,46,CT,Basmati Kshatriya,IND,,,,,False,21,2014,GE
1835606,Pravin Jain,IND,23849,120,0.0856745082640202,34,21,46,CT,Pravin Jain,IND,,,,,False,21,2014,GE
1835607,Saiyyad Javed Ali,IND,23849,118,0.0842465997929532,35,21,46,CT,Saiyyad Javed Ali,IND,,,,,False,21,2014,GE
1835608,Horilal Yadav,IND,23849,105,0.0749651947310177,36,21,46,CT,Horilal Yadav,IND,,,,,False,21,2014,GE
1835609,Teekam Kumar Tondare,IND,23849,96,0.0685396066112162,37,21,46,CT,Teekam Kumar Tondare,IND,,,,,False,21,2014,GE
1835772,Ramesh Bais,BJP,23846,73387,53.0218410652486,1,21,47,CT,Ramesh Bais,BJP,,,,,True,21,2014,GE
1835773,Satya Narayan Sharma (Sattu Bhaiya),INC,23847,51144,36.9513543194445,2,21,47,CT,Satya Narayan Sharma (Sattu Bhaiya),INC,,,,,False,21,2014,GE
1835774,Om Prakash Dande,IND,23849,2112,1.52591233229053,3,21,47,CT,Om Prakash Dande,IND,,,,,False,21,2014,GE
1835775,Guruji Virendra Kumar Dahariya,BSP,23850,1579,1.14082176737061,4,21,47,CT,Guruji Virendra Kumar Dahariya,BSP,,,,,False,21,2014,GE
1835776,Sandeep Tiwari,AAAP,23851,1001,0.723218865825199,5,21,47,CT,Sandeep Tiwari,AAAP,,,,,False,21,2014,GE
1835777,Shameem Khan,IND,23849,922,0.666141652638195,6,21,47,CT,Shameem Khan,IND,,,,,False,21,2014,GE
1835778,Abdul Safiq Khan,IND,23849,857,0.619179388623572,7,21,47,CT,Abdul Safiq Khan,IND,,,,,False,21,2014,GE
1835779,Kamaluddin,IND,23849,656,0.473957618362967,8,21,47,CT,Kamaluddin,IND,,,,,False,21,2014,GE
1835780,Ajay Verma,CSM,23856,651,0.470345136515689,9,21,47,CT,Ajay Verma,CSM,,,,,False,21,2014,GE
1835781,Umesh Kumar Verma,IND,23849,543,0.392315528614468,10,21,47,CT,Umesh Kumar Verma,IND,,,,,False,21,2014,GE
1835782,Shankar Lal Varandani,IND,23849,478,0.345353264599845,11,21,47,CT,Shankar Lal Varandani,IND,,,,,False,21,2014,GE
1835783,None Of The Above,NOTA,23852,463,0.334515819058009,12,21,47,CT,None Of The Above,NOTA,,,,,False,21,2014,GE
1835784,Rijhendra Dahariya,IND,23849,365,0.263711174851346,13,21,47,CT,Rijhendra Dahariya,IND,,,,,False,21,2014,GE
1835785,Anil Kumar Umre,APoI,23853,340,0.245648765614952,14,21,47,CT,Anil Kumar Umre,APoI,,,,,False,21,2014,GE
1835786,Ramgopal Verma,AITC,23884,334,0.241313787398218,15,21,47,CT,Ramgopal Verma,AITC,,,,,False,21,2014,GE
1835787,Kranti Chandrakar,IND,23849,311,0.224696370900736,16,21,47,CT,Kranti Chandrakar,IND,,,,,False,21,2014,GE
1835788,Lalit Kumar Patel,IND,23849,286,0.206633961664342,17,21,47,CT,Lalit Kumar Patel,IND,,,,,False,21,2014,GE
1835789,Krishnanandan Singh,IND,23849,263,0.19001654516686,18,21,47,CT,Krishnanandan Singh,IND,,,,,False,21,2014,GE
1835790,Bisahat Kurre,CPI(ML)(L),23936,240,0.173399128669378,19,21,47,CT,Bisahat Kurre,CPI(ML)(L),,,,,False,21,2014,GE
1835791,Satanami Santosh Dahariya,IND,23849,212,0.153169230324617,20,21,47,CT,Satanami Santosh Dahariya,IND,,,,,False,21,2014,GE
1835792,Mahesh Harpal,SSBD,23924,203,0.146666762999515,21,21,47,CT,Mahesh Harpal,SSBD,,,,,False,21,2014,GE
1835793,Navin Gupta,SP,23858,181,0.130771842871489,22,21,47,CT,Navin Gupta,SP,,,,,False,21,2014,GE
1835794,Naresh Tandi,IND,23849,178,0.128604353763122,23,21,47,CT,Naresh Tandi,IND,,,,,False,21,2014,GE
1835795,Ramkrishna Verma,IND,23849,177,0.127881857393666,24,21,47,CT,Ramkrishna Verma,IND,,,,,False,21,2014,GE
1835796,Narad Nishad,IND,23849,171,0.123546879176932,25,21,47,CT,Narad Nishad,IND,,,,,False,21,2014,GE
1835797,Meera Sharma,IND,23849,151,0.109096951787817,26,21,47,CT,Meera Sharma,IND,,,,,False,21,2014,GE
1835798,Madan Lal Sahu,CPM,23885,137,0.1,27,21,47,CT,Madan Lal Sahu,CPM,,,,,False,21,2014,GE
1835799,Omprakash Meshram,RP(K),23918,136,0.0982595062459811,28,21,47,CT,Omprakash Meshram,RP(K),,,,,False,21,2014,GE
1835800,Yasmin Beg,IND,23849,127,0.0917570389208794,29,21,47,CT,Yasmin Beg,IND,,,,,False,21,2014,GE
1835801,Saiyyad Javed Ali,IND,23849,114,0.0823645861179547,30,21,47,CT,Saiyyad Javed Ali,IND,,,,,False,21,2014,GE
1835802,Tarzan Jangde,IND,23849,110,0.0794746006401317,31,21,47,CT,Tarzan Jangde,IND,,,,,False,21,2014,GE
1835803,Moinudin Tanvar(Monu),IND,23849,108,0.0780296079012202,32,21,47,CT,Moinudin Tanvar(Monu),IND,,,,,False,21,2014,GE
1835804,Imrran Pasha,AKAAD,23949,106,0.0765846151623088,33,21,47,CT,Imrran Pasha,AKAAD,,,,,False,21,2014,GE
1835805,Teekam Kumar Tondare,IND,23849,106,0.0765846151623088,33,21,47,CT,Teekam Kumar Tondare,IND,,,,,False,21,2014,GE
1835806,Pravin Jain,IND,23849,90,0.0650246732510169,35,21,47,CT,Pravin Jain,IND,,,,,False,21,2014,GE
1835807,Horilal Yadav,IND,23849,88,0.0635796805121054,36,21,47,CT,Horilal Yadav,IND,,,,,False,21,2014,GE
1835808,Basmati Kshatriya,IND,23849,82,0.0592447022953709,37,21,47,CT,Basmati Kshatriya,IND,,,,,False,21,2014,GE
1835966,Ramesh Bais,BJP,23846,86722,55.5543455282729,1,21,48,CT,Ramesh Bais,BJP,,,,,True,21,2014,GE
1835967,Satya Narayan Sharma (Sattu Bhaiya),INC,23847,58050,37.1869855159734,2,21,48,CT,Satya Narayan Sharma (Sattu Bhaiya),INC,,,,,False,21,2014,GE
1835968,Sandeep Tiwari,AAAP,23851,1921,1.23059774635977,3,21,48,CT,Sandeep Tiwari,AAAP,,,,,False,21,2014,GE
1835969,Guruji Virendra Kumar Dahariya,BSP,23850,1171,0.750145737109472,4,21,48,CT,Guruji Virendra Kumar Dahariya,BSP,,,,,False,21,2014,GE
1835970,Om Prakash Dande,IND,23849,1162,0.744380312998468,5,21,48,CT,Om Prakash Dande,IND,,,,,False,21,2014,GE
1835971,Abdul Safiq Khan,IND,23849,626,0.401017277054252,6,21,48,CT,Abdul Safiq Khan,IND,,,,,False,21,2014,GE
1835972,None Of The Above,NOTA,23852,609,0.390127031511245,7,21,48,CT,None Of The Above,NOTA,,,,,False,21,2014,GE
1835973,Shameem Khan,IND,23849,593,0.379877388647239,8,21,48,CT,Shameem Khan,IND,,,,,False,21,2014,GE
1835974,Ajay Verma,CSM,23856,491,0.314535915389198,9,21,48,CT,Ajay Verma,CSM,,,,,False,21,2014,GE
1835975,Kamaluddin,IND,23849,466,0.298520848414188,10,21,48,CT,Kamaluddin,IND,,,,,False,21,2014,GE
1835976,Umesh Kumar Verma,IND,23849,325,0.208195870675131,11,21,48,CT,Umesh Kumar Verma,IND,,,,,False,21,2014,GE
1835977,Rijhendra Dahariya,IND,23849,313,0.200508638527126,12,21,48,CT,Rijhendra Dahariya,IND,,,,,False,21,2014,GE
1835978,Kranti Chandrakar,IND,23849,272,0.174243928688109,13,21,48,CT,Kranti Chandrakar,IND,,,,,False,21,2014,GE
1835979,Narad Nishad,IND,23849,264,0.169119107256106,14,21,48,CT,Narad Nishad,IND,,,,,False,21,2014,GE
1835980,Shankar Lal Varandani,IND,23849,262,0.167837901898105,15,21,48,CT,Shankar Lal Varandani,IND,,,,,False,21,2014,GE
1835981,Ramgopal Verma,AITC,23884,252,0.161431875108101,16,21,48,CT,Ramgopal Verma,AITC,,,,,False,21,2014,GE
1835982,Anil Kumar Umre,APoI,23853,232,0.148619821528093,17,21,48,CT,Anil Kumar Umre,APoI,,,,,False,21,2014,GE
1835983,Lalit Kumar Patel,IND,23849,207,0.132604754553083,18,21,48,CT,Lalit Kumar Patel,IND,,,,,False,21,2014,GE
1835984,Satanami Santosh Dahariya,IND,23849,184,0.117870892936074,19,21,48,CT,Satanami Santosh Dahariya,IND,,,,,False,21,2014,GE
1835985,Ramkrishna Verma,IND,23849,179,0.114667879541072,20,21,48,CT,Ramkrishna Verma,IND,,,,,False,21,2014,GE
1835986,Mahesh Harpal,SSBD,23924,162,0.103777633998065,21,21,48,CT,Mahesh Harpal,SSBD,,,,,False,21,2014,GE
1835987,Navin Gupta,SP,23858,146,0.0935279911340589,22,21,48,CT,Navin Gupta,SP,,,,,False,21,2014,GE
1835988,Krishnanandan Singh,IND,23849,136,0.0871219643440548,23,21,48,CT,Krishnanandan Singh,IND,,,,,False,21,2014,GE
1835989,Meera Sharma,IND,23849,135,0.0864813616650544,24,21,48,CT,Meera Sharma,IND,,,,,False,21,2014,GE
1835990,Naresh Tandi,IND,23849,128,0.0819971429120516,25,21,48,CT,Naresh Tandi,IND,,,,,False,21,2014,GE
1835991,Bisahat Kurre,CPI(ML)(L),23936,126,0.0807159375540508,26,21,48,CT,Bisahat Kurre,CPI(ML)(L),,,,,False,21,2014,GE
1835992,Yasmin Beg,IND,23849,124,0.07943473219605,27,21,48,CT,Yasmin Beg,IND,,,,,False,21,2014,GE
1835993,Madan Lal Sahu,CPM,23885,113,0.07,28,21,48,CT,Madan Lal Sahu,CPM,,,,,False,21,2014,GE
1835994,Imrran Pasha,AKAAD,23949,110,0.0704662946900443,29,21,48,CT,Imrran Pasha,AKAAD,,,,,False,21,2014,GE
1835995,Omprakash Meshram,RP(K),23918,93,0.0595760491470375,30,21,48,CT,Omprakash Meshram,RP(K),,,,,False,21,2014,GE
1835996,Tarzan Jangde,IND,23849,90,0.0576542411100363,31,21,48,CT,Tarzan Jangde,IND,,,,,False,21,2014,GE
1835997,Moinudin Tanvar(Monu),IND,23849,89,0.0570136384310359,32,21,48,CT,Moinudin Tanvar(Monu),IND,,,,,False,21,2014,GE
1835998,Teekam Kumar Tondare,IND,23849,83,0.0531700223570334,33,21,48,CT,Teekam Kumar Tondare,IND,,,,,False,21,2014,GE
1835999,Basmati Kshatriya,IND,23849,79,0.0506076116410318,34,21,48,CT,Basmati Kshatriya,IND,,,,,False,21,2014,GE
1836000,Pravin Jain,IND,23849,70,0.0448421875300282,35,21,48,CT,Pravin Jain,IND,,,,,False,21,2014,GE
1836001,Saiyyad Javed Ali,IND,23849,67,0.042920379493027,36,21,48,CT,Saiyyad Javed Ali,IND,,,,,False,21,2014,GE
1836002,Horilal Yadav,IND,23849,51,0.0326707366290205,37,21,48,CT,Horilal Yadav,IND,,,,,False,21,2014,GE
1836174,Ramesh Bais,BJP,23846,82094,60.5864249920663,1,21,49,CT,Ramesh Bais,BJP,,,,,True,21,2014,GE
1836175,Satya Narayan Sharma (Sattu Bhaiya),INC,23847,42857,31.629015712293,2,21,49,CT,Satya Narayan Sharma (Sattu Bhaiya),INC,,,,,False,21,2014,GE
1836176,Sandeep Tiwari,AAAP,23851,2706,1.99706270894988,3,21,49,CT,Sandeep Tiwari,AAAP,,,,,False,21,2014,GE
1836177,Guruji Virendra Kumar Dahariya,BSP,23850,1408,1.0391220599414,4,21,49,CT,Guruji Virendra Kumar Dahariya,BSP,,,,,False,21,2014,GE
1836178,None Of The Above,NOTA,23852,911,0.672329685089926,5,21,49,CT,None Of The Above,NOTA,,,,,False,21,2014,GE
1836179,Om Prakash Dande,IND,23849,672,0.495944619517487,6,21,49,CT,Om Prakash Dande,IND,,,,,False,21,2014,GE
1836180,Shameem Khan,IND,23849,468,0.34539000287825,7,21,49,CT,Shameem Khan,IND,,,,,False,21,2014,GE
1836181,Ajay Verma,CSM,23856,407,0.300371220451811,8,21,49,CT,Ajay Verma,CSM,,,,,False,21,2014,GE
1836182,Abdul Safiq Khan,IND,23849,337,0.248710322585406,9,21,49,CT,Abdul Safiq Khan,IND,,,,,False,21,2014,GE
1836183,Narad Nishad,IND,23849,312,0.230260001918833,10,21,49,CT,Narad Nishad,IND,,,,,False,21,2014,GE
1836184,Kamaluddin,IND,23849,294,0.2169757710389,11,21,49,CT,Kamaluddin,IND,,,,,False,21,2014,GE
1836185,Ramgopal Verma,AITC,23884,218,0.160886796212518,12,21,49,CT,Ramgopal Verma,AITC,,,,,False,21,2014,GE
1836186,Rijhendra Dahariya,IND,23849,199,0.146864552505922,13,21,49,CT,Rijhendra Dahariya,IND,,,,,False,21,2014,GE
1836187,Umesh Kumar Verma,IND,23849,176,0.129890257492675,14,21,49,CT,Umesh Kumar Verma,IND,,,,,False,21,2014,GE
1836188,Anil Kumar Umre,APoI,23853,174,0.128414231839349,15,21,49,CT,Anil Kumar Umre,APoI,,,,,False,21,2014,GE
1836189,Kranti Chandrakar,IND,23849,168,0.123986154879371,16,21,49,CT,Kranti Chandrakar,IND,,,,,False,21,2014,GE
1836190,Meera Sharma,IND,23849,157,0.115868013786079,17,21,49,CT,Meera Sharma,IND,,,,,False,21,2014,GE
1836191,Shankar Lal Varandani,IND,23849,141,0.104059808559472,18,21,49,CT,Shankar Lal Varandani,IND,,,,,False,21,2014,GE
1836192,Naresh Tandi,IND,23849,134,0.0988937187728322,19,21,49,CT,Naresh Tandi,IND,,,,,False,21,2014,GE
1836193,Lalit Kumar Patel,IND,23849,133,0.0981557059461693,20,21,49,CT,Lalit Kumar Patel,IND,,,,,False,21,2014,GE
1836194,Mahesh Harpal,SSBD,23924,122,0.0900375648528771,21,21,49,CT,Mahesh Harpal,SSBD,,,,,False,21,2014,GE
1836195,Navin Gupta,SP,23858,121,0.0892995520262142,22,21,49,CT,Navin Gupta,SP,,,,,False,21,2014,GE
1836196,Bisahat Kurre,CPI(ML)(L),23936,114,0.0841334622395737,23,21,49,CT,Bisahat Kurre,CPI(ML)(L),,,,,False,21,2014,GE
1836197,Ramkrishna Verma,IND,23849,110,0.081181410932922,24,21,49,CT,Ramkrishna Verma,IND,,,,,False,21,2014,GE
1836198,Satanami Santosh Dahariya,IND,23849,109,0.080443398106259,25,21,49,CT,Satanami Santosh Dahariya,IND,,,,,False,21,2014,GE
1836199,Madan Lal Sahu,CPM,23885,106,0.08,26,21,49,CT,Madan Lal Sahu,CPM,,,,,False,21,2014,GE
1836200,Krishnanandan Singh,IND,23849,104,0.0767533339729444,27,21,49,CT,Krishnanandan Singh,IND,,,,,False,21,2014,GE
1836202,Yasmin Beg,IND,23849,97,0.0715872441863039,28,21,49,CT,Yasmin Beg,IND,,,,,False,21,2014,GE
1836201,Tarzan Jangde,IND,23849,97,0.0715872441863039,28,21,49,CT,Tarzan Jangde,IND,,,,,False,21,2014,GE
1836203,Basmati Kshatriya,IND,23849,91,0.0671591672263263,30,21,49,CT,Basmati Kshatriya,IND,,,,,False,21,2014,GE
1836204,Moinudin Tanvar(Monu),IND,23849,83,0.0612550646130229,31,21,49,CT,Moinudin Tanvar(Monu),IND,,,,,False,21,2014,GE
1836205,Omprakash Meshram,RP(K),23918,76,0.0560889748263824,32,21,49,CT,Omprakash Meshram,RP(K),,,,,False,21,2014,GE
1836206,Teekam Kumar Tondare,IND,23849,74,0.0546129491730566,33,21,49,CT,Teekam Kumar Tondare,IND,,,,,False,21,2014,GE
1836208,Pravin Jain,AKAAD,23949,67,0.05,34,21,49,CT,Pravin Jain,AKAAD,,,,,False,21,2014,GE
1836207,Imrran Pasha,IND,23849,67,0.05,34,21,49,CT,Imrran Pasha,IND,,,,,False,21,2014,GE
1836209,Horilal Yadav,IND,23849,63,0.0464948080797644,36,21,49,CT,Horilal Yadav,IND,,,,,False,21,2014,GE
1836210,Saiyyad Javed Ali,IND,23849,32,0.0236164104532136,37,21,49,CT,Saiyyad Javed Ali,IND,,,,,False,21,2014,GE
1836403,Ramesh Bais,BJP,23846,63906,56.5629923350622,1,21,50,CT,Ramesh Bais,BJP,,,,,True,21,2014,GE
1836404,Satya Narayan Sharma (Sattu Bhaiya),INC,23847,42239,37.3856012462162,2,21,50,CT,Satya Narayan Sharma (Sattu Bhaiya),INC,,,,,False,21,2014,GE
1836405,Sandeep Tiwari,AAAP,23851,1879,1.66309677647766,3,21,50,CT,Sandeep Tiwari,AAAP,,,,,False,21,2014,GE
1836406,None Of The Above,NOTA,23852,750,0.663822555805349,4,21,50,CT,None Of The Above,NOTA,,,,,False,21,2014,GE
1836407,Guruji Virendra Kumar Dahariya,BSP,23850,487,0.43104211290294,5,21,50,CT,Guruji Virendra Kumar Dahariya,BSP,,,,,False,21,2014,GE
1836408,Om Prakash Dande,IND,23849,469,0.415110371563611,6,21,50,CT,Om Prakash Dande,IND,,,,,False,21,2014,GE
1836409,Ajay Verma,CSM,23856,294,0.260218441875697,7,21,50,CT,Ajay Verma,CSM,,,,,False,21,2014,GE
1836410,Shameem Khan,IND,23849,276,0.244286700536368,8,21,50,CT,Shameem Khan,IND,,,,,False,21,2014,GE
1836411,Kamaluddin,IND,23849,254,0.224814572232745,9,21,50,CT,Kamaluddin,IND,,,,,False,21,2014,GE
1836412,Abdul Safiq Khan,IND,23849,233,0.206227540670195,10,21,50,CT,Abdul Safiq Khan,IND,,,,,False,21,2014,GE
1836413,Narad Nishad,IND,23849,202,0.178789541696907,11,21,50,CT,Narad Nishad,IND,,,,,False,21,2014,GE
1836414,Shankar Lal Varandani,IND,23849,159,0.140730381830734,12,21,50,CT,Shankar Lal Varandani,IND,,,,,False,21,2014,GE
1836415,Umesh Kumar Verma,IND,23849,141,0.124798640491405,13,21,50,CT,Umesh Kumar Verma,IND,,,,,False,21,2014,GE
1836416,Anil Kumar Umre,APoI,23853,135,0.119488060044962,14,21,50,CT,Anil Kumar Umre,APoI,,,,,False,21,2014,GE
1836417,Rijhendra Dahariya,IND,23849,134,0.118602963303889,15,21,50,CT,Rijhendra Dahariya,IND,,,,,False,21,2014,GE
1836418,Kranti Chandrakar,IND,23849,129,0.11417747959852,16,21,50,CT,Kranti Chandrakar,IND,,,,,False,21,2014,GE
1836419,Ramgopal Verma,AITC,23884,118,0.104441415446708,17,21,50,CT,Ramgopal Verma,AITC,,,,,False,21,2014,GE
1836420,Lalit Kumar Patel,IND,23849,102,0.0902798675895275,18,21,50,CT,Lalit Kumar Patel,IND,,,,,False,21,2014,GE
1836421,Navin Gupta,SP,23858,91,0.0805438034377157,19,21,50,CT,Navin Gupta,SP,,,,,False,21,2014,GE
1836422,Krishnanandan Singh,IND,23849,85,0.0752332229912729,20,21,50,CT,Krishnanandan Singh,IND,,,,,False,21,2014,GE
1836423,Meera Sharma,IND,23849,82,0.0725779327680515,21,21,50,CT,Meera Sharma,IND,,,,,False,21,2014,GE
1836424,Bisahat Kurre,CPI(ML)(L),23936,79,0.0699226425448301,22,21,50,CT,Bisahat Kurre,CPI(ML)(L),,,,,False,21,2014,GE
1836425,Naresh Tandi,IND,23849,75,0.0663822555805349,23,21,50,CT,Naresh Tandi,IND,,,,,False,21,2014,GE
1836426,Satanami Santosh Dahariya,IND,23849,74,0.0654971588394611,24,21,50,CT,Satanami Santosh Dahariya,IND,,,,,False,21,2014,GE
1836427,Mahesh Harpal,SSBD,23924,73,0.0646120620983873,25,21,50,CT,Mahesh Harpal,SSBD,,,,,False,21,2014,GE
1836428,Ramkrishna Verma,IND,23849,68,0.0601865783930183,26,21,50,CT,Ramkrishna Verma,IND,,,,,False,21,2014,GE
1836429,Omprakash Meshram,RP(K),23918,61,0.0539909012055017,27,21,50,CT,Omprakash Meshram,RP(K),,,,,False,21,2014,GE
1836430,Madan Lal Sahu,CPM,23885,55,0.05,28,21,50,CT,Madan Lal Sahu,CPM,,,,,False,21,2014,GE
1836431,Tarzan Jangde,IND,23849,48,0.0424846435715423,29,21,50,CT,Tarzan Jangde,IND,,,,,False,21,2014,GE
1836432,Pravin Jain,IND,23849,43,0.0380591598661733,30,21,50,CT,Pravin Jain,IND,,,,,False,21,2014,GE
1836433,Moinudin Tanvar(Monu),IND,23849,41,0.0362889663840257,31,21,50,CT,Moinudin Tanvar(Monu),IND,,,,,False,21,2014,GE
1836435,Horilal Yadav,AKAAD,23949,38,0.03,32,21,50,CT,Horilal Yadav,AKAAD,,,,,False,21,2014,GE
1836434,Imrran Pasha,IND,23849,38,0.03,32,21,50,CT,Imrran Pasha,IND,,,,,False,21,2014,GE
1836436,Yasmin Beg,IND,23849,37,0.0327485794197305,34,21,50,CT,Yasmin Beg,IND,,,,,False,21,2014,GE
1836437,Basmati Kshatriya,IND,23849,34,0.0300932891965091,35,21,50,CT,Basmati Kshatriya,IND,,,,,False,21,2014,GE
1836438,Teekam Kumar Tondare,IND,23849,28,0.0247827087500663,36,21,50,CT,Teekam Kumar Tondare,IND,,,,,False,21,2014,GE
1836439,Saiyyad Javed Ali,IND,23849,25,0.0221274185268449,37,21,50,CT,Saiyyad Javed Ali,IND,,,,,False,21,2014,GE
1836598,Ramesh Bais,BJP,23846,84727,60.0585508314785,1,21,51,CT,Ramesh Bais,BJP,,,,,True,21,2014,GE
1836599,Satya Narayan Sharma (Sattu Bhaiya),INC,23847,47330,33.5497682067567,2,21,51,CT,Satya Narayan Sharma (Sattu Bhaiya),INC,,,,,False,21,2014,GE
1836600,Sandeep Tiwari,AAAP,23851,2475,1.75439840083927,3,21,51,CT,Sandeep Tiwari,AAAP,,,,,False,21,2014,GE
1836601,None Of The Above,NOTA,23852,1084,0.768391057175666,4,21,51,CT,None Of The Above,NOTA,,,,,False,21,2014,GE
1836602,Om Prakash Dande,IND,23849,829,0.587634858301317,5,21,51,CT,Om Prakash Dande,IND,,,,,False,21,2014,GE
1836603,Guruji Virendra Kumar Dahariya,BSP,23850,757,0.536597813913265,6,21,51,CT,Guruji Virendra Kumar Dahariya,BSP,,,,,False,21,2014,GE
1836604,Shameem Khan,IND,23849,395,0.279994896295561,7,21,51,CT,Shameem Khan,IND,,,,,False,21,2014,GE
1836605,Ajay Verma,CSM,23856,300,0.212654351616881,8,21,51,CT,Ajay Verma,CSM,,,,,False,21,2014,GE
1836606,Abdul Safiq Khan,IND,23849,298,0.211236655939436,9,21,51,CT,Abdul Safiq Khan,IND,,,,,False,21,2014,GE
1836607,Umesh Kumar Verma,IND,23849,286,0.20273048187476,10,21,51,CT,Umesh Kumar Verma,IND,,,,,False,21,2014,GE
1836608,Kamaluddin,IND,23849,259,0.183591590229241,11,21,51,CT,Kamaluddin,IND,,,,,False,21,2014,GE
1836609,Rijhendra Dahariya,IND,23849,192,0.136098785034804,12,21,51,CT,Rijhendra Dahariya,IND,,,,,False,21,2014,GE
1836610,Narad Nishad,IND,23849,177,0.12546606745396,13,21,51,CT,Narad Nishad,IND,,,,,False,21,2014,GE
1836611,Ramgopal Verma,AITC,23884,160,0.11341565419567,14,21,51,CT,Ramgopal Verma,AITC,,,,,False,21,2014,GE
1836612,Shankar Lal Varandani,IND,23849,137,0.0971121539050427,15,21,51,CT,Shankar Lal Varandani,IND,,,,,False,21,2014,GE
1836613,Lalit Kumar Patel,IND,23849,130,0.0921502190339821,16,21,51,CT,Lalit Kumar Patel,IND,,,,,False,21,2014,GE
1836614,Kranti Chandrakar,IND,23849,127,0.0900236755178133,17,21,51,CT,Kranti Chandrakar,IND,,,,,False,21,2014,GE
1836615,Navin Gupta,SP,23858,112,0.0793909579369692,18,21,51,CT,Navin Gupta,SP,,,,,False,21,2014,GE
1836616,Naresh Tandi,IND,23849,111,0.0786821100982463,19,21,51,CT,Naresh Tandi,IND,,,,,False,21,2014,GE
1836617,Anil Kumar Umre,APoI,23853,103,0.0730113273884627,20,21,51,CT,Anil Kumar Umre,APoI,,,,,False,21,2014,GE
1836618,Mahesh Harpal,SSBD,23924,101,0.0715936317110169,21,21,51,CT,Mahesh Harpal,SSBD,,,,,False,21,2014,GE
1836619,Meera Sharma,IND,23849,97,0.0687582403561251,22,21,51,CT,Meera Sharma,IND,,,,,False,21,2014,GE
1836620,Bisahat Kurre,CPI(ML)(L),23936,86,0.0609609141301728,23,21,51,CT,Bisahat Kurre,CPI(ML)(L),,,,,False,21,2014,GE
1836622,Satanami Santosh Dahariya,IND,23849,85,0.0602520662914498,24,21,51,CT,Satanami Santosh Dahariya,IND,,,,,False,21,2014,GE
1836621,Krishnanandan Singh,IND,23849,85,0.0602520662914498,24,21,51,CT,Krishnanandan Singh,IND,,,,,False,21,2014,GE
1836623,Ramkrishna Verma,IND,23849,70,0.0496193487106057,26,21,51,CT,Ramkrishna Verma,IND,,,,,False,21,2014,GE
1836624,Omprakash Meshram,RP(K),23918,69,0.0489105008718828,27,21,51,CT,Omprakash Meshram,RP(K),,,,,False,21,2014,GE
1836625,Yasmin Beg,IND,23849,62,0.0439485660008222,28,21,51,CT,Yasmin Beg,IND,,,,,False,21,2014,GE
1836626,Pravin Jain,IND,23849,58,0.0411131746459305,29,21,51,CT,Pravin Jain,IND,,,,,False,21,2014,GE
1836628,Madan Lal Sahu,CPM,23885,56,0.04,30,21,51,CT,Madan Lal Sahu,CPM,,,,,False,21,2014,GE
1836627,Imrran Pasha,AKAAD,23949,56,0.0396954789684846,30,21,51,CT,Imrran Pasha,AKAAD,,,,,False,21,2014,GE
1836629,Tarzan Jangde,IND,23849,54,0.0382777832910387,32,21,51,CT,Tarzan Jangde,IND,,,,,False,21,2014,GE
1836630,Moinudin Tanvar(Monu),IND,23849,52,0.0368600876135928,33,21,51,CT,Moinudin Tanvar(Monu),IND,,,,,False,21,2014,GE
1836631,Horilal Yadav,IND,23849,41,0.0290627613876405,34,21,51,CT,Horilal Yadav,IND,,,,,False,21,2014,GE
1836632,Saiyyad Javed Ali,IND,23849,40,0.0283539135489175,35,21,51,CT,Saiyyad Javed Ali,IND,,,,,False,21,2014,GE
1836633,Basmati Kshatriya,IND,23849,38,0.0269362178714717,36,21,51,CT,Basmati Kshatriya,IND,,,,,False,21,2014,GE
1836634,Teekam Kumar Tondare,IND,23849,35,0.0248096743553028,37,21,51,CT,Teekam Kumar Tondare,IND,,,,,False,21,2014,GE
1836863,Satya Narayan Sharma (Sattu Bhaiya),INC,23847,59185,46.0218348081678,1,21,52,CT,Satya Narayan Sharma (Sattu Bhaiya),INC,,,,,False,21,2014,GE
1836864,Ramesh Bais,BJP,23846,55715,43.3235875025271,2,21,52,CT,Ramesh Bais,BJP,,,,,True,21,2014,GE
1836865,Guruji Virendra Kumar Dahariya,BSP,23850,1735,1.34912365282032,3,21,52,CT,Guruji Virendra Kumar Dahariya,BSP,,,,,False,21,2014,GE
1836866,Om Prakash Dande,IND,23849,1454,1.13062005256527,4,21,52,CT,Om Prakash Dande,IND,,,,,False,21,2014,GE
1836867,Sandeep Tiwari,AAAP,23851,919,0.714607859908866,5,21,52,CT,Sandeep Tiwari,AAAP,,,,,False,21,2014,GE
1836868,Shameem Khan,IND,23849,807,0.627517456960233,6,21,52,CT,Shameem Khan,IND,,,,,False,21,2014,GE
1836869,Abdul Safiq Khan,IND,23849,804,0.625184678309824,7,21,52,CT,Abdul Safiq Khan,IND,,,,,False,21,2014,GE
1836870,Ajay Verma,CSM,23856,739,0.574641140884278,8,21,52,CT,Ajay Verma,CSM,,,,,False,21,2014,GE
1836871,Rijhendra Dahariya,IND,23849,583,0.453336651062969,9,21,52,CT,Rijhendra Dahariya,IND,,,,,False,21,2014,GE
1836872,Kamaluddin,IND,23849,539,0.419122564190292,10,21,52,CT,Kamaluddin,IND,,,,,False,21,2014,GE
1836873,Anil Kumar Umre,APoI,23853,477,0.370911805415156,11,21,52,CT,Anil Kumar Umre,APoI,,,,,False,21,2014,GE
1836874,Umesh Kumar Verma,IND,23849,419,0.3258114181739,12,21,52,CT,Umesh Kumar Verma,IND,,,,,False,21,2014,GE
1836875,None Of The Above,NOTA,23852,407,0.316480303572261,13,21,52,CT,None Of The Above,NOTA,,,,,False,21,2014,GE
1836876,Ramgopal Verma,AITC,23884,397,0.308704374737562,14,21,52,CT,Ramgopal Verma,AITC,,,,,False,21,2014,GE
1836877,Kranti Chandrakar,IND,23849,371,0.288486959767344,15,21,52,CT,Kranti Chandrakar,IND,,,,,False,21,2014,GE
1836878,Shankar Lal Varandani,IND,23849,324,0.251940094244257,16,21,52,CT,Shankar Lal Varandani,IND,,,,,False,21,2014,GE
1836879,Narad Nishad,IND,23849,323,0.251162501360787,17,21,52,CT,Narad Nishad,IND,,,,,False,21,2014,GE
1836880,Ramkrishna Verma,IND,23849,268,0.208394892769941,18,21,52,CT,Ramkrishna Verma,IND,,,,,False,21,2014,GE
1836881,Lalit Kumar Patel,IND,23849,253,0.196730999517892,19,21,52,CT,Lalit Kumar Patel,IND,,,,,False,21,2014,GE
1836882,Mahesh Harpal,SSBD,23924,226,0.175735991664204,20,21,52,CT,Mahesh Harpal,SSBD,,,,,False,21,2014,GE
1836883,Meera Sharma,IND,23849,220,0.171070434363384,21,21,52,CT,Meera Sharma,IND,,,,,False,21,2014,GE
1836884,Bisahat Kurre,CPI(ML)(L),23936,211,0.164072098412155,22,21,52,CT,Bisahat Kurre,CPI(ML)(L),,,,,False,21,2014,GE
1836885,Satanami Santosh Dahariya,IND,23849,207,0.160961726878275,23,21,52,CT,Satanami Santosh Dahariya,IND,,,,,False,21,2014,GE
1836886,Naresh Tandi,IND,23849,195,0.151630612276636,24,21,52,CT,Naresh Tandi,IND,,,,,False,21,2014,GE
1836887,Yasmin Beg,IND,23849,185,0.143854683441937,25,21,52,CT,Yasmin Beg,IND,,,,,False,21,2014,GE
1836888,Navin Gupta,SP,23858,180,0.139966719024587,26,21,52,CT,Navin Gupta,SP,,,,,False,21,2014,GE
1836889,Omprakash Meshram,RP(K),23918,175,0.136078754607237,27,21,52,CT,Omprakash Meshram,RP(K),,,,,False,21,2014,GE
1836890,Krishnanandan Singh,IND,23849,171,0.132968383073358,28,21,52,CT,Krishnanandan Singh,IND,,,,,False,21,2014,GE
1836891,Imrran Pasha,AKAAD,23949,161,0.125192454238658,29,21,52,CT,Imrran Pasha,AKAAD,,,,,False,21,2014,GE
1836892,Moinudin Tanvar(Monu),IND,23849,155,0.120526896937839,30,21,52,CT,Moinudin Tanvar(Monu),IND,,,,,False,21,2014,GE
1836893,Madan Lal Sahu,CPM,23885,154,0.12,31,21,52,CT,Madan Lal Sahu,CPM,,,,,False,21,2014,GE
1836894,Tarzan Jangde,IND,23849,140,0.10886300368579,32,21,52,CT,Tarzan Jangde,IND,,,,,False,21,2014,GE
1836895,Basmati Kshatriya,IND,23849,123,0.0956439246668014,33,21,52,CT,Basmati Kshatriya,IND,,,,,False,21,2014,GE
1836896,Teekam Kumar Tondare,IND,23849,117,0.0909783673659818,34,21,52,CT,Teekam Kumar Tondare,IND,,,,,False,21,2014,GE
1836897,Pravin Jain,IND,23849,100,0.077759288346993,35,21,52,CT,Pravin Jain,IND,,,,,False,21,2014,GE
1836898,Saiyyad Javed Ali,IND,23849,83,0.0645402093280042,36,21,52,CT,Saiyyad Javed Ali,IND,,,,,False,21,2014,GE
1836899,Horilal Yadav,IND,23849,80,0.0622074306775944,37,21,52,CT,Horilal Yadav,IND,,,,,False,21,2014,GE
1837049,Ramesh Bais,BJP,23846,61572,46.1926268249133,1,21,53,CT,Ramesh Bais,BJP,,,,,True,21,2014,GE
1837050,Satya Narayan Sharma (Sattu Bhaiya),INC,23847,59191,44.4063498732125,2,21,53,CT,Satya Narayan Sharma (Sattu Bhaiya),INC,,,,,False,21,2014,GE
1837051,Om Prakash Dande,IND,23849,1629,1.22211052260416,3,21,53,CT,Om Prakash Dande,IND,,,,,False,21,2014,GE
1837052,Guruji Virendra Kumar Dahariya,BSP,23850,1262,0.946779299893468,4,21,53,CT,Guruji Virendra Kumar Dahariya,BSP,,,,,False,21,2014,GE
1837053,Sandeep Tiwari,AAAP,23851,957,0.717961798730625,5,21,53,CT,Sandeep Tiwari,AAAP,,,,,False,21,2014,GE
1837054,Abdul Safiq Khan,IND,23849,923,0.692454274010833,6,21,53,CT,Abdul Safiq Khan,IND,,,,,False,21,2014,GE
1837055,Shameem Khan,IND,23849,820,0.615181478536168,7,21,53,CT,Shameem Khan,IND,,,,,False,21,2014,GE
1837056,Ajay Verma,CSM,23856,615,0.461386108902126,8,21,53,CT,Ajay Verma,CSM,,,,,False,21,2014,GE
1837057,Kamaluddin,IND,23849,614,0.460635887586838,9,21,53,CT,Kamaluddin,IND,,,,,False,21,2014,GE
1837058,Rijhendra Dahariya,IND,23849,513,0.384863534742749,10,21,53,CT,Rijhendra Dahariya,IND,,,,,False,21,2014,GE
1837059,None Of The Above,NOTA,23852,456,0.342100919771332,11,21,53,CT,None Of The Above,NOTA,,,,,False,21,2014,GE
1837060,Umesh Kumar Verma,IND,23849,417,0.3128422884751,12,21,53,CT,Umesh Kumar Verma,IND,,,,,False,21,2014,GE
1837061,Shankar Lal Varandani,IND,23849,410,0.307590739268084,13,21,53,CT,Shankar Lal Varandani,IND,,,,,False,21,2014,GE
1837062,Kranti Chandrakar,IND,23849,381,0.285834321124731,14,21,53,CT,Kranti Chandrakar,IND,,,,,False,21,2014,GE
1837063,Satanami Santosh Dahariya,IND,23849,301,0.22581661590169,15,21,53,CT,Satanami Santosh Dahariya,IND,,,,,False,21,2014,GE
1837064,Lalit Kumar Patel,IND,23849,291,0.21831440274881,16,21,53,CT,Lalit Kumar Patel,IND,,,,,False,21,2014,GE
1837065,Anil Kumar Umre,APoI,23853,280,0.210061968280642,17,21,53,CT,Anil Kumar Umre,APoI,,,,,False,21,2014,GE
1837066,Ramgopal Verma,AITC,23884,271,0.20330997644305,18,21,53,CT,Ramgopal Verma,AITC,,,,,False,21,2014,GE
1837067,Krishnanandan Singh,IND,23849,223,0.167299353309226,19,21,53,CT,Krishnanandan Singh,IND,,,,,False,21,2014,GE
1837068,Narad Nishad,IND,23849,214,0.160547361471634,20,21,53,CT,Narad Nishad,IND,,,,,False,21,2014,GE
1837069,Ramkrishna Verma,IND,23849,190,0.142542049904721,21,21,53,CT,Ramkrishna Verma,IND,,,,,False,21,2014,GE
1837070,Madan Lal Sahu,CPM,23885,155,0.12,22,21,53,CT,Madan Lal Sahu,CPM,,,,,False,21,2014,GE
1837071,Mahesh Harpal,SSBD,23924,153,0.114783861239065,23,21,53,CT,Mahesh Harpal,SSBD,,,,,False,21,2014,GE
1837072,Bisahat Kurre,CPI(ML)(L),23936,142,0.106531426770897,24,21,53,CT,Bisahat Kurre,CPI(ML)(L),,,,,False,21,2014,GE
1837073,Navin Gupta,SP,23858,124,0.0930274430957132,25,21,53,CT,Navin Gupta,SP,,,,,False,21,2014,GE
1837074,Saiyyad Javed Ali,IND,23849,120,0.0900265578345611,26,21,53,CT,Saiyyad Javed Ali,IND,,,,,False,21,2014,GE
1837075,Moinudin Tanvar(Monu),IND,23849,119,0.0892763365192731,27,21,53,CT,Moinudin Tanvar(Monu),IND,,,,,False,21,2014,GE
1837076,Meera Sharma,IND,23849,118,0.0885261152039851,28,21,53,CT,Meera Sharma,IND,,,,,False,21,2014,GE
1837078,Naresh Tandi,IND,23849,112,0.0840247873122571,29,21,53,CT,Naresh Tandi,IND,,,,,False,21,2014,GE
1837077,Tarzan Jangde,IND,23849,112,0.0840247873122571,29,21,53,CT,Tarzan Jangde,IND,,,,,False,21,2014,GE
1837079,Yasmin Beg,IND,23849,105,0.078773238105241,31,21,53,CT,Yasmin Beg,IND,,,,,False,21,2014,GE
1837080,Omprakash Meshram,RP(K),23918,104,0.078023016789953,32,21,53,CT,Omprakash Meshram,RP(K),,,,,False,21,2014,GE
1837081,Imrran Pasha,AKAAD,23949,90,0.0675199183759208,33,21,53,CT,Imrran Pasha,AKAAD,,,,,False,21,2014,GE
1837082,Basmati Kshatriya,IND,23849,86,0.0645190331147688,34,21,53,CT,Basmati Kshatriya,IND,,,,,False,21,2014,GE
1837083,Horilal Yadav,IND,23849,84,0.0630185904841928,35,21,53,CT,Horilal Yadav,IND,,,,,False,21,2014,GE
1837084,Teekam Kumar Tondare,IND,23849,74,0.0555163773313127,36,21,53,CT,Teekam Kumar Tondare,IND,,,,,False,21,2014,GE
1837085,Pravin Jain,IND,23849,66,0.0495146068090086,37,21,53,CT,Pravin Jain,IND,,,,,False,21,2014,GE
1837235,Ajit Jogi,INC,23847,70304,48.4928747810012,1,21,54,CT,Ajit Jogi,INC,,,,,False,21,2014,GE
1837236,Chandulal Sahu (Chandu Bhaiya),BJP,23846,60556,41.7690960007725,2,21,54,CT,Chandulal Sahu (Chandu Bhaiya),BJP,,,,,True,21,2014,GE
1837237,Chandu Lal Sahu,IND,23849,2582,1.78095986977334,3,21,54,CT,Chandu Lal Sahu,IND,,,,,False,21,2014,GE
1837238,Chandu Lal Sahu,IND,23849,1510,1.04153733669936,4,21,54,CT,Chandu Lal Sahu,IND,,,,,False,21,2014,GE
1837239,Chandu Lal Sahu,IND,23849,1441,0.993943908730979,5,21,54,CT,Chandu Lal Sahu,IND,,,,,False,21,2014,GE
1837240,None Of The Above,NOTA,23852,1278,0.881513057153499,6,21,54,CT,None Of The Above,NOTA,,,,,False,21,2014,GE
1837241,Kanhaiya Lal Sahu,BSP,23850,1004,0.69251886493123,7,21,54,CT,Kanhaiya Lal Sahu,BSP,,,,,False,21,2014,GE
1837242,Chandu Lal Sahu,IND,23849,705,0.486280677068244,8,21,54,CT,Chandu Lal Sahu,IND,,,,,False,21,2014,GE
1837243,Chandu Lal Sahu,IND,23849,656,0.452482445612437,9,21,54,CT,Chandu Lal Sahu,IND,,,,,False,21,2014,GE
1837244,Lakshman Masturiya,AAAP,23851,640,0.441446288402378,10,21,54,CT,Lakshman Masturiya,AAAP,,,,,False,21,2014,GE
1837245,Abha Pandey (Gudia),CSM,23856,608,0.419373973982259,11,21,54,CT,Abha Pandey (Gudia),CSM,,,,,False,21,2014,GE
1837246,Chandoo Lal Sahu,IND,23849,605,0.417304694505373,12,21,54,CT,Chandoo Lal Sahu,IND,,,,,False,21,2014,GE
1837247,Sukhnandan Deshkar,IND,23849,427,0.294527445543461,13,21,54,CT,Sukhnandan Deshkar,IND,,,,,False,21,2014,GE
1837248,Hemant Pradhan,IND,23849,404,0.278662969554001,14,21,54,CT,Hemant Pradhan,IND,,,,,False,21,2014,GE
1837249,Chandu Ram Sahu,IND,23849,378,0.260729214087654,15,21,54,CT,Chandu Ram Sahu,IND,,,,,False,21,2014,GE
1837250,Preeti Dhruw,GGP,23848,233,0.16071403937149,16,21,54,CT,Preeti Dhruw,GGP,,,,,False,21,2014,GE
1837251,Chandu Lal Sahu,IND,23849,224,0.154506200940832,17,21,54,CT,Chandu Lal Sahu,IND,,,,,False,21,2014,GE
1837252,Champa Lal Patel,IND,23849,196,0.135192925823228,18,21,54,CT,Champa Lal Patel,IND,,,,,False,21,2014,GE
1837253,Chanduram Sahu,IND,23849,192,0.132433886520713,19,21,54,CT,Chanduram Sahu,IND,,,,,False,21,2014,GE
1837254,Vijay Kumar Patel,IND,23849,174,0.120018209659396,20,21,54,CT,Vijay Kumar Patel,IND,,,,,False,21,2014,GE
1837255,Chandu Ram Sahu,IND,23849,151,0.104153733669936,21,21,54,CT,Chandu Ram Sahu,IND,,,,,False,21,2014,GE
1837256,Patel Shri Dhar Chandrakar,AD,23941,132,0.0910482969829905,22,21,54,CT,Patel Shri Dhar Chandrakar,AD,,,,,False,21,2014,GE
1837257,Gangadhar Patel,IND,23849,121,0.0834609389010746,23,21,54,CT,Gangadhar Patel,IND,,,,,False,21,2014,GE
1837258,Dr. Rupanand Soi,IND,23849,112,0.0772531004704162,24,21,54,CT,Dr. Rupanand Soi,IND,,,,,False,21,2014,GE
1837259,Mohan Lal Patel,BSCP,23859,107,0.0738043013422726,25,21,54,CT,Mohan Lal Patel,BSCP,,,,,False,21,2014,GE
1837260,Moti Lal Sahu,IND,23849,85,0.0586295851784408,26,21,54,CT,Moti Lal Sahu,IND,,,,,False,21,2014,GE
1837261,Dev Prasad Kelkar,IND,23849,82,0.0565603057015547,27,21,54,CT,Dev Prasad Kelkar,IND,,,,,False,21,2014,GE
1837262,Motilal Sahu,IND,23849,71,0.0489729476196388,28,21,54,CT,Motilal Sahu,IND,,,,,False,21,2014,GE
1837359,Chandulal Sahu (Chandu Bhaiya),BJP,23846,70695,46.8290453353117,1,21,55,CT,Chandulal Sahu (Chandu Bhaiya),BJP,,,,,True,21,2014,GE
1837360,Ajit Jogi,INC,23847,56282,37.2817360430301,2,21,55,CT,Ajit Jogi,INC,,,,,False,21,2014,GE
1837361,Chandu Lal Sahu,IND,23849,3950,2.61651784531411,3,21,55,CT,Chandu Lal Sahu,IND,,,,,False,21,2014,GE
1837362,Chandu Lal Sahu,IND,23849,2327,1.5414270952015,4,21,55,CT,Chandu Lal Sahu,IND,,,,,False,21,2014,GE
1837363,Kanhaiya Lal Sahu,BSP,23850,1848,1.22413290585835,5,21,55,CT,Kanhaiya Lal Sahu,BSP,,,,,False,21,2014,GE
1837364,Chandu Lal Sahu,IND,23849,1787,1.18372592141172,6,21,55,CT,Chandu Lal Sahu,IND,,,,,False,21,2014,GE
1837365,Abha Pandey (Gudia),CSM,23856,1740,1.15259267110039,7,21,55,CT,Abha Pandey (Gudia),CSM,,,,,False,21,2014,GE
1837366,None Of The Above,NOTA,23852,1715,1.13603243157309,8,21,55,CT,None Of The Above,NOTA,,,,,False,21,2014,GE
1837367,Chandu Lal Sahu,IND,23849,1431,0.94790811054291,9,21,55,CT,Chandu Lal Sahu,IND,,,,,False,21,2014,GE
1837368,Chandu Lal Sahu,IND,23849,1147,0.759783789512731,10,21,55,CT,Chandu Lal Sahu,IND,,,,,False,21,2014,GE
1837369,Chandoo Lal Sahu,IND,23849,878,0.581595612198934,11,21,55,CT,Chandoo Lal Sahu,IND,,,,,False,21,2014,GE
1837370,Hemant Pradhan,IND,23849,825,0.546487904401049,12,21,55,CT,Hemant Pradhan,IND,,,,,False,21,2014,GE
1837371,Chandu Ram Sahu,IND,23849,759,0.502768872048965,13,21,55,CT,Chandu Ram Sahu,IND,,,,,False,21,2014,GE
1837372,Sukhnandan Deshkar,IND,23849,573,0.379560689965819,14,21,55,CT,Sukhnandan Deshkar,IND,,,,,False,21,2014,GE
1837373,Preeti Dhruw,GGP,23848,569,0.37691105164145,15,21,55,CT,Preeti Dhruw,GGP,,,,,False,21,2014,GE
1837374,Champa Lal Patel,IND,23849,565,0.374261413317082,16,21,55,CT,Champa Lal Patel,IND,,,,,False,21,2014,GE
1837375,Chanduram Sahu,IND,23849,527,0.349089849235579,17,21,55,CT,Chanduram Sahu,IND,,,,,False,21,2014,GE
1837376,Chandu Lal Sahu,IND,23849,510,0.337828886357012,18,21,55,CT,Chandu Lal Sahu,IND,,,,,False,21,2014,GE
1837377,Lakshman Masturiya,AAAP,23851,415,0.274899976153255,19,21,55,CT,Lakshman Masturiya,AAAP,,,,,False,21,2014,GE
1837378,Patel Shri Dhar Chandrakar,AD,23941,370,0.245091545004106,20,21,55,CT,Patel Shri Dhar Chandrakar,AD,,,,,False,21,2014,GE
1837379,Chandu Ram Sahu,IND,23849,369,0.244429135423014,21,21,55,CT,Chandu Ram Sahu,IND,,,,,False,21,2014,GE
1837380,Gangadhar Patel,IND,23849,323,0.213958294692774,22,21,55,CT,Gangadhar Patel,IND,,,,,False,21,2014,GE
1837381,Vijay Kumar Patel,IND,23849,293,0.194086007260009,23,21,55,CT,Vijay Kumar Patel,IND,,,,,False,21,2014,GE
1837382,Mohan Lal Patel,BSCP,23859,288,0.190773959354548,24,21,55,CT,Mohan Lal Patel,BSCP,,,,,False,21,2014,GE
1837383,Dr. Rupanand Soi,IND,23849,278,0.184149863543626,25,21,55,CT,Dr. Rupanand Soi,IND,,,,,False,21,2014,GE
1837384,Moti Lal Sahu,IND,23849,175,0.115921676691131,26,21,55,CT,Moti Lal Sahu,IND,,,,,False,21,2014,GE
1837385,Dev Prasad Kelkar,IND,23849,173,0.114596857528947,27,21,55,CT,Dev Prasad Kelkar,IND,,,,,False,21,2014,GE
1837386,Motilal Sahu,IND,23849,152,0.100686256326011,28,21,55,CT,Motilal Sahu,IND,,,,,False,21,2014,GE
1837465,Vikram Usendi,BJP,23846,62545,50.1157843286512,1,21,56,CT,Vikram Usendi,BJP,,,,,True,21,2014,GE
1837466,Smt. Phoolo Devi Netam,INC,23847,47687,38.2104310061618,2,21,56,CT,Smt. Phoolo Devi Netam,INC,,,,,False,21,2014,GE
1837467,None Of The Above,NOTA,23852,4416,3.53843318563152,3,21,56,CT,None Of The Above,NOTA,,,,,False,21,2014,GE
1837468,Ramesh Gawde,CPI,23878,2422,1.94068957780787,4,21,56,CT,Ramesh Gawde,CPI,,,,,False,21,2014,GE
1837469,Mahendra Gawade,IND,23849,1525,1.22194533697646,5,21,56,CT,Mahendra Gawade,IND,,,,,False,21,2014,GE
1837470,Hemlal Markam,GGP,23848,1378,1.10415781924824,6,21,56,CT,Hemlal Markam,GGP,,,,,False,21,2014,GE
1837471,Malik Ram Thakur,APoI,23853,1081,0.866178956899383,7,21,56,CT,Malik Ram Thakur,APoI,,,,,False,21,2014,GE
1837472,Smt Jamuna Mandavi,CSM,23856,1078,0.863775130006971,8,21,56,CT,Smt Jamuna Mandavi,CSM,,,,,False,21,2014,GE
1837473,Santosh Kumar Dhruw,AAAP,23851,976,0.782045015664938,9,21,56,CT,Santosh Kumar Dhruw,AAAP,,,,,False,21,2014,GE
1837474,Ramsay Korram,BSP,23850,858,0.687494491230038,10,21,56,CT,Ramsay Korram,BSP,,,,,False,21,2014,GE
1837475,Amal Sai Sori,IND,23849,835,0.66906515172154,11,21,56,CT,Amal Sai Sori,IND,,,,,False,21,2014,GE
1837544,Chandulal Sahu (Chandu Bhaiya),BJP,23846,67076,47.9834036769439,1,21,57,CT,Chandulal Sahu (Chandu Bhaiya),BJP,,,,,True,21,2014,GE
1837545,Ajit Jogi,INC,23847,59229,42.3699835467486,2,21,57,CT,Ajit Jogi,INC,,,,,False,21,2014,GE
1837546,Chandu Lal Sahu,IND,23849,2354,1.68395450318334,3,21,57,CT,Chandu Lal Sahu,IND,,,,,False,21,2014,GE
1837547,Chandu Lal Sahu,IND,23849,1541,1.10236783747049,4,21,57,CT,Chandu Lal Sahu,IND,,,,,False,21,2014,GE
1837548,Chandu Lal Sahu,IND,23849,1467,1.04943128979183,5,21,57,CT,Chandu Lal Sahu,IND,,,,,False,21,2014,GE
1837549,Chandu Lal Sahu,IND,23849,1140,0.815508977752342,6,21,57,CT,Chandu Lal Sahu,IND,,,,,False,21,2014,GE
1837550,None Of The Above,NOTA,23852,1132,0.809786107733028,7,21,57,CT,None Of The Above,NOTA,,,,,False,21,2014,GE
1837551,Kanhaiya Lal Sahu,BSP,23850,1120,0.801201802704056,8,21,57,CT,Kanhaiya Lal Sahu,BSP,,,,,False,21,2014,GE
1837552,Lakshman Masturiya,AAAP,23851,680,0.486443951641748,9,21,57,CT,Lakshman Masturiya,AAAP,,,,,False,21,2014,GE
1837553,Abha Pandey (Gudia),CSM,23856,614,0.439230273982402,10,21,57,CT,Abha Pandey (Gudia),CSM,,,,,False,21,2014,GE
1837554,Chandu Lal Sahu,IND,23849,514,0.367694398740968,11,21,57,CT,Chandu Lal Sahu,IND,,,,,False,21,2014,GE
1837555,Chandoo Lal Sahu,IND,23849,496,0.35481794119751,12,21,57,CT,Chandoo Lal Sahu,IND,,,,,False,21,2014,GE
1837556,Sukhnandan Deshkar,IND,23849,424,0.303312111023678,13,21,57,CT,Sukhnandan Deshkar,IND,,,,,False,21,2014,GE
1837557,Chandu Ram Sahu,IND,23849,262,0.187423993132555,14,21,57,CT,Chandu Ram Sahu,IND,,,,,False,21,2014,GE
1837558,Hemant Pradhan,IND,23849,254,0.181701123113241,15,21,57,CT,Hemant Pradhan,IND,,,,,False,21,2014,GE
1837559,Chandu Lal Sahu,IND,23849,215,0.153802131769082,16,21,57,CT,Chandu Lal Sahu,IND,,,,,False,21,2014,GE
1837560,Mohan Lal Patel,BSCP,23859,201,0.143787109235281,17,21,57,CT,Mohan Lal Patel,BSCP,,,,,False,21,2014,GE
1837561,Champa Lal Patel,IND,23849,196,0.140210315473209,18,21,57,CT,Champa Lal Patel,IND,,,,,False,21,2014,GE
1837562,Preeti Dhruw,GGP,23848,182,0.130195292939409,19,21,57,CT,Preeti Dhruw,GGP,,,,,False,21,2014,GE
1837563,Chanduram Sahu,IND,23849,124,0.0887044852993776,20,21,57,CT,Chanduram Sahu,IND,,,,,False,21,2014,GE
1837564,Vijay Kumar Patel,IND,23849,116,0.0829816152800629,21,21,57,CT,Vijay Kumar Patel,IND,,,,,False,21,2014,GE
1837565,Chandu Ram Sahu,IND,23849,84,0.0600901352028042,22,21,57,CT,Chandu Ram Sahu,IND,,,,,False,21,2014,GE
1837566,Gangadhar Patel,IND,23849,82,0.0586594176979755,23,21,57,CT,Gangadhar Patel,IND,,,,,False,21,2014,GE
1837567,Patel Shri Dhar Chandrakar,AD,23941,72,0.0515058301738321,24,21,57,CT,Patel Shri Dhar Chandrakar,AD,,,,,False,21,2014,GE
1837568,Dr. Rupanand Soi,IND,23849,65,0.0464983189069318,25,21,57,CT,Dr. Rupanand Soi,IND,,,,,False,21,2014,GE
1837569,Dev Prasad Kelkar,IND,23849,64,0.0457829601545174,26,21,57,CT,Dev Prasad Kelkar,IND,,,,,False,21,2014,GE
1837570,Moti Lal Sahu,IND,23849,46,0.0329065026110594,27,21,57,CT,Moti Lal Sahu,IND,,,,,False,21,2014,GE
1837571,Motilal Sahu,IND,23849,40,0.0286143500965734,28,21,57,CT,Motilal Sahu,IND,,,,,False,21,2014,GE
1837675,Chandulal Sahu (Chandu Bhaiya),BJP,23846,72783,48.0564927733356,1,21,58,CT,Chandulal Sahu (Chandu Bhaiya),BJP,,,,,True,21,2014,GE
1837676,Ajit Jogi,INC,23847,65509,43.2536826606273,2,21,58,CT,Ajit Jogi,INC,,,,,False,21,2014,GE
1837677,Chandu Lal Sahu,IND,23849,2186,1.44335206301624,3,21,58,CT,Chandu Lal Sahu,IND,,,,,False,21,2014,GE
1837678,Kanhaiya Lal Sahu,BSP,23850,1504,0.993047348022158,4,21,58,CT,Kanhaiya Lal Sahu,BSP,,,,,False,21,2014,GE
1837679,Chandu Lal Sahu,IND,23849,1411,0.931642159613873,5,21,58,CT,Chandu Lal Sahu,IND,,,,,False,21,2014,GE
1837680,Chandu Lal Sahu,IND,23849,1396,0.921738096967376,6,21,58,CT,Chandu Lal Sahu,IND,,,,,False,21,2014,GE
1837681,None Of The Above,NOTA,23852,1165,0.769215532211313,7,21,58,CT,None Of The Above,NOTA,,,,,False,21,2014,GE
1837682,Chandu Lal Sahu,IND,23849,924,0.610090259024251,8,21,58,CT,Chandu Lal Sahu,IND,,,,,False,21,2014,GE
1837683,Lakshman Masturiya,AAAP,23851,769,0.507748278343776,9,21,58,CT,Lakshman Masturiya,AAAP,,,,,False,21,2014,GE
1837684,Chandu Lal Sahu,IND,23849,516,0.340699755039517,10,21,58,CT,Chandu Lal Sahu,IND,,,,,False,21,2014,GE
1837685,Abha Pandey (Gudia),CSM,23856,487,0.321551900589621,11,21,58,CT,Abha Pandey (Gudia),CSM,,,,,False,21,2014,GE
1837686,Chandoo Lal Sahu,IND,23849,462,0.305045129512125,12,21,58,CT,Chandoo Lal Sahu,IND,,,,,False,21,2014,GE
1837687,Sukhnandan Deshkar,IND,23849,349,0.230434524241844,13,21,58,CT,Sukhnandan Deshkar,IND,,,,,False,21,2014,GE
1837688,Chandu Ram Sahu,IND,23849,264,0.174311502578357,14,21,58,CT,Chandu Ram Sahu,IND,,,,,False,21,2014,GE
1837689,Hemant Pradhan,IND,23849,255,0.168369064990459,15,21,58,CT,Hemant Pradhan,IND,,,,,False,21,2014,GE
1837690,Preeti Dhruw,GGP,23848,202,0.133374710306167,16,21,58,CT,Preeti Dhruw,GGP,,,,,False,21,2014,GE
1837691,Chandu Lal Sahu,IND,23849,193,0.127432272718269,17,21,58,CT,Chandu Lal Sahu,IND,,,,,False,21,2014,GE
1837692,Champa Lal Patel,IND,23849,177,0.116867939228671,18,21,58,CT,Champa Lal Patel,IND,,,,,False,21,2014,GE
1837693,Chanduram Sahu,IND,23849,155,0.102341980680475,19,21,58,CT,Chanduram Sahu,IND,,,,,False,21,2014,GE
1837694,Patel Shri Dhar Chandrakar,IND,23849,113,0.07,20,21,58,CT,Patel Shri Dhar Chandrakar,IND,,,,,False,21,2014,GE
1837695,Chandu Ram Sahu,AD,23941,113,0.07,20,21,58,CT,Chandu Ram Sahu,AD,,,,,False,21,2014,GE
1837696,Vijay Kumar Patel,IND,23849,109,0.0719695218978825,22,21,58,CT,Vijay Kumar Patel,IND,,,,,False,21,2014,GE
1837697,Mohan Lal Patel,BSCP,23859,96,0.0633860009375845,23,21,58,CT,Mohan Lal Patel,BSCP,,,,,False,21,2014,GE
1837698,Dr. Rupanand Soi,IND,23849,79,0.0521613966048873,24,21,58,CT,Dr. Rupanand Soi,IND,,,,,False,21,2014,GE
1837699,Gangadhar Patel,IND,23849,65,0.0429176048014895,25,21,58,CT,Gangadhar Patel,IND,,,,,False,21,2014,GE
1837700,Dev Prasad Kelkar,IND,23849,63,0.0415970631152898,26,21,58,CT,Dev Prasad Kelkar,IND,,,,,False,21,2014,GE
1837701,Moti Lal Sahu,IND,23849,61,0.0402765214290902,27,21,58,CT,Moti Lal Sahu,IND,,,,,False,21,2014,GE
1837702,Motilal Sahu,IND,23849,47,0.0310327296256924,28,21,58,CT,Motilal Sahu,IND,,,,,False,21,2014,GE
1837807,Smt. Phoolo Devi Netam,INC,23847,71047,49.0043522944385,1,21,59,CT,Smt. Phoolo Devi Netam,INC,,,,,False,21,2014,GE
1837808,Vikram Usendi,BJP,23846,62525,43.1263406929183,2,21,59,CT,Vikram Usendi,BJP,,,,,True,21,2014,GE
1837809,None Of The Above,NOTA,23852,3185,2.19683958587677,3,21,59,CT,None Of The Above,NOTA,,,,,False,21,2014,GE
1837810,Ramesh Gawde,CPI,23878,3023,2.08510080631255,4,21,59,CT,Ramesh Gawde,CPI,,,,,False,21,2014,GE
1837811,Santosh Kumar Dhruw,AAAP,23851,1196,0.824935681227195,5,21,59,CT,Santosh Kumar Dhruw,AAAP,,,,,False,21,2014,GE
1837812,Mahendra Gawade,IND,23849,865,0.596629903228698,6,21,59,CT,Mahendra Gawade,IND,,,,,False,21,2014,GE
1837813,Ramsay Korram,BSP,23850,787,0.542829750105186,7,21,59,CT,Ramsay Korram,BSP,,,,,False,21,2014,GE
1837814,Smt Jamuna Mandavi,CSM,23856,676,0.46626799373711,8,21,59,CT,Smt Jamuna Mandavi,CSM,,,,,False,21,2014,GE
1837815,Hemlal Markam,GGP,23848,658,0.45385257378553,9,21,59,CT,Hemlal Markam,GGP,,,,,False,21,2014,GE
1837816,Malik Ram Thakur,APoI,23853,570,0.393154965133362,10,21,59,CT,Malik Ram Thakur,APoI,,,,,False,21,2014,GE
1837817,Amal Sai Sori,IND,23849,449,0.309695753236631,11,21,59,CT,Amal Sai Sori,IND,,,,,False,21,2014,GE
1837891,Smt. Phoolo Devi Netam,INC,23847,67899,50.225611740687,1,21,60,CT,Smt. Phoolo Devi Netam,INC,,,,,False,21,2014,GE
1837892,Vikram Usendi,BJP,23846,51930,38.4131727668136,2,21,60,CT,Vikram Usendi,BJP,,,,,True,21,2014,GE
1837893,None Of The Above,NOTA,23852,4361,3.22587803651211,3,21,60,CT,None Of The Above,NOTA,,,,,False,21,2014,GE
1837894,Ramesh Gawde,CPI,23878,2704,2.00017753055004,4,21,60,CT,Ramesh Gawde,CPI,,,,,False,21,2014,GE
1837895,Santosh Kumar Dhruw,AAAP,23851,2230,1.64955469420362,5,21,60,CT,Santosh Kumar Dhruw,AAAP,,,,,False,21,2014,GE
1837896,Mahendra Gawade,IND,23849,1311,0.969760629641684,6,21,60,CT,Mahendra Gawade,IND,,,,,False,21,2014,GE
1837897,Ramsay Korram,BSP,23850,1114,0.82403763647661,7,21,60,CT,Ramsay Korram,BSP,,,,,False,21,2014,GE
1837898,Malik Ram Thakur,APoI,23853,1061,0.784832973340829,8,21,60,CT,Malik Ram Thakur,APoI,,,,,False,21,2014,GE
1837899,Smt Jamuna Mandavi,CSM,23856,925,0.684232328313163,9,21,60,CT,Smt Jamuna Mandavi,CSM,,,,,False,21,2014,GE
1837900,Hemlal Markam,GGP,23848,842,0.622836346421279,10,21,60,CT,Hemlal Markam,GGP,,,,,False,21,2014,GE
1837901,Amal Sai Sori,IND,23849,811,0.599905317039973,11,21,60,CT,Amal Sai Sori,IND,,,,,False,21,2014,GE
1837969,Vikram Usendi,BJP,23846,69846,45.8571878775145,1,21,61,CT,Vikram Usendi,BJP,,,,,True,21,2014,GE
1837970,Smt. Phoolo Devi Netam,INC,23847,68087,44.7023215505016,2,21,61,CT,Smt. Phoolo Devi Netam,INC,,,,,False,21,2014,GE
1837971,None Of The Above,NOTA,23852,3561,2.3379641787909,3,21,61,CT,None Of The Above,NOTA,,,,,False,21,2014,GE
1837972,Ramesh Gawde,CPI,23878,3327,2.18433216030253,4,21,61,CT,Ramesh Gawde,CPI,,,,,False,21,2014,GE
1837973,Santosh Kumar Dhruw,AAAP,23851,1606,1.05441462261673,5,21,61,CT,Santosh Kumar Dhruw,AAAP,,,,,False,21,2014,GE
1837974,Ramsay Korram,BSP,23850,1224,0.803613635169914,6,21,61,CT,Ramsay Korram,BSP,,,,,False,21,2014,GE
1837975,Mahendra Gawade,IND,23849,1104,0.72482798466306,7,21,61,CT,Mahendra Gawade,IND,,,,,False,21,2014,GE
1837976,Smt Jamuna Mandavi,CSM,23856,1078,0.707757760386574,8,21,61,CT,Smt Jamuna Mandavi,CSM,,,,,False,21,2014,GE
1837977,Malik Ram Thakur,APoI,23853,930,0.610588791428121,9,21,61,CT,Malik Ram Thakur,APoI,,,,,False,21,2014,GE
1837978,Hemlal Markam,GGP,23848,845,0.554782288985766,10,21,61,CT,Hemlal Markam,GGP,,,,,False,21,2014,GE
1837979,Amal Sai Sori,IND,23849,704,0.462209149640212,11,21,61,CT,Amal Sai Sori,IND,,,,,False,21,2014,GE
1838056,Tamradhwaj Sahu,INC,23847,69489,51.1505167388039,1,21,62,CT,Tamradhwaj Sahu,INC,,,,,False,21,2014,GE
1838057,Saroj Pandey,BJP,23846,54090,39.8153873332744,2,21,62,CT,Saroj Pandey,BJP,,,,,False,21,2014,GE
1838058,Arun Joshi,IND,23849,1800,1.32497129228866,3,21,62,CT,Arun Joshi,IND,,,,,True,21,2014,GE
1838059,Munna Chandrakar,BSP,23850,1222,0.899508288431528,4,21,62,CT,Munna Chandrakar,BSP,,,,,False,21,2014,GE
1838060,Aatma Ram Sahu,SUCI,23953,1068,0.786149633424609,5,21,62,CT,Aatma Ram Sahu,SUCI,,,,,False,21,2014,GE
1838061,None Of The Above,NOTA,23852,964,0.709595736536819,6,21,62,CT,None Of The Above,NOTA,,,,,False,21,2014,GE
1838062,Kshitij Kumar Shambharkar,RP(K),23918,898,0.661013455819568,7,21,62,CT,Kshitij Kumar Shambharkar,RP(K),,,,,False,21,2014,GE
1838063,Vishwa Ratna Sinha,AAAP,23851,843,0.620528221888525,8,21,62,CT,Vishwa Ratna Sinha,AAAP,,,,,False,21,2014,GE
1838064,Alfred Vikas Louise,IND,23849,786,0.578570797632717,9,21,62,CT,Alfred Vikas Louise,IND,,,,,True,21,2014,GE
1838065,Shrikant Shah,JD(U),23857,556,0.409268910284721,10,21,62,CT,Shrikant Shah,JD(U),,,,,False,21,2014,GE
1838066,Jinendra Ghritlahare,IND,23849,540,0.3974913876866,11,21,62,CT,Jinendra Ghritlahare,IND,,,,,True,21,2014,GE
1838067,Subodh Kumar Gupta,RPI(A),23876,486,0.35774224891794,12,21,62,CT,Subodh Kumar Gupta,RPI(A),,,,,False,21,2014,GE
1838068,Sheema Rahangdale,APoI,23853,471,0.346700821482201,13,21,62,CT,Sheema Rahangdale,APoI,,,,,False,21,2014,GE
1838069,Sahetru Singh,IND,23849,291,0.214203692253334,14,21,62,CT,Sahetru Singh,IND,,,,,True,21,2014,GE
1838070,Shailendra Banjare (Shaktiputra),SSBD,23924,290,0.213467597090951,15,21,62,CT,Shailendra Banjare (Shaktiputra),SSBD,,,,,False,21,2014,GE
1838071,Jai Prakash Nair,CPI(ML)(L),23936,276,0.203162264817595,16,21,62,CT,Jai Prakash Nair,CPI(ML)(L),,,,,False,21,2014,GE
1838072,Hiralal Annant,IND,23849,253,0.186232076082795,17,21,62,CT,Hiralal Annant,IND,,,,,True,21,2014,GE
1838073,Engg. Chandraprakash Mandle,IND,23849,228,0.167829697023231,18,21,62,CT,Engg. Chandraprakash Mandle,IND,,,,,True,21,2014,GE
1838074,A.K.Mohan,AITC,23884,219,0.161204840561787,19,21,62,CT,A.K.Mohan,AITC,,,,,False,21,2014,GE
1838075,Mannu Lal Parganiha,CSM,23856,199,0.146482937314135,20,21,62,CT,Mannu Lal Parganiha,CSM,,,,,False,21,2014,GE
1838076,Sarju Prasad Shukla,IND,23849,195,0.143538556664605,21,21,62,CT,Sarju Prasad Shukla,IND,,,,,True,21,2014,GE
1838077,Shitkaran Mhilwar,IND,23849,154,0.113358655006919,22,21,62,CT,Shitkaran Mhilwar,IND,,,,,True,21,2014,GE
1838078,Bharat Bhushan Pandey,CPM,23885,137,0.1,23,21,62,CT,Bharat Bhushan Pandey,CPM,,,,,False,21,2014,GE
1838079,Adhiwakta Narendra Gupta,bhmm,23954,122,0.0898036098106763,24,21,62,CT,Adhiwakta Narendra Gupta,bhmm,,,,,False,21,2014,GE
1838080,Baldau Prasad Sahu,IND,23849,107,0.0787621823749374,25,21,62,CT,Baldau Prasad Sahu,IND,,,,,True,21,2014,GE
1838081,Diwakar Bairagi,IND,23849,98,0.072137325913494,26,21,62,CT,Diwakar Bairagi,IND,,,,,True,21,2014,GE
1838082,Radha Bai Yadav,IND,23849,70,0.0515266613667814,27,21,62,CT,Radha Bai Yadav,IND,,,,,True,21,2014,GE
1838195,Tamradhwaj Sahu,INC,23847,69523,51.0894246808885,1,21,63,CT,Tamradhwaj Sahu,INC,,,,,False,21,2014,GE
1838196,Saroj Pandey,BJP,23846,54119,39.7696959898883,2,21,63,CT,Saroj Pandey,BJP,,,,,False,21,2014,GE
1838197,Vishwa Ratna Sinha,AAAP,23851,2586,1.90033876882151,3,21,63,CT,Vishwa Ratna Sinha,AAAP,,,,,False,21,2014,GE
1838198,Arun Joshi,IND,23849,1367,1.00454876139946,4,21,63,CT,Arun Joshi,IND,,,,,True,21,2014,GE
1838199,None Of The Above,NOTA,23852,1240,0.911221992783709,5,21,63,CT,None Of The Above,NOTA,,,,,False,21,2014,GE
1838200,Aatma Ram Sahu,SUCI,23953,1122,0.824508932180098,6,21,63,CT,Aatma Ram Sahu,SUCI,,,,,False,21,2014,GE
1838201,Munna Chandrakar,BSP,23850,1089,0.800258669468919,7,21,63,CT,Munna Chandrakar,BSP,,,,,False,21,2014,GE
1838202,Kshitij Kumar Shambharkar,RP(K),23918,621,0.456345852837648,8,21,63,CT,Kshitij Kumar Shambharkar,RP(K),,,,,False,21,2014,GE
1838203,Alfred Vikas Louise,IND,23849,560,0.411519609644255,9,21,63,CT,Alfred Vikas Louise,IND,,,,,True,21,2014,GE
1838204,Sheema Rahangdale,APoI,23853,408,0.299821429883672,10,21,63,CT,Sheema Rahangdale,APoI,,,,,False,21,2014,GE
1838205,Subodh Kumar Gupta,RPI(A),23876,385,0.282919731630425,11,21,63,CT,Subodh Kumar Gupta,RPI(A),,,,,False,21,2014,GE
1838206,Shrikant Shah,JD(U),23857,374,0.274836310726699,12,21,63,CT,Shrikant Shah,JD(U),,,,,False,21,2014,GE
1838207,Shailendra Banjare (Shaktiputra),SSBD,23924,266,0.195471814581021,13,21,63,CT,Shailendra Banjare (Shaktiputra),SSBD,,,,,False,21,2014,GE
1838208,Jinendra Ghritlahare,IND,23849,265,0.194736958135228,14,21,63,CT,Jinendra Ghritlahare,IND,,,,,True,21,2014,GE
1838209,Jai Prakash Nair,CPI(ML)(L),23936,251,0.184448967894121,15,21,63,CT,Jai Prakash Nair,CPI(ML)(L),,,,,False,21,2014,GE
1838210,Sahetru Singh,IND,23849,240,0.176365546990395,16,21,63,CT,Sahetru Singh,IND,,,,,True,21,2014,GE
1838211,Hiralal Annant,IND,23849,232,0.170486695424048,17,21,63,CT,Hiralal Annant,IND,,,,,True,21,2014,GE
1838212,Engg. Chandraprakash Mandle,IND,23849,230,0.169016982532462,18,21,63,CT,Engg. Chandraprakash Mandle,IND,,,,,True,21,2014,GE
1838213,Mannu Lal Parganiha,CSM,23856,192,0.141092437592316,19,21,63,CT,Mannu Lal Parganiha,CSM,,,,,False,21,2014,GE
1838214,A.K.Mohan,AITC,23884,189,0.138887868254936,20,21,63,CT,A.K.Mohan,AITC,,,,,False,21,2014,GE
1838215,Sarju Prasad Shukla,IND,23849,162,0.119046744218516,21,21,63,CT,Sarju Prasad Shukla,IND,,,,,True,21,2014,GE
1838216,Adhiwakta Narendra Gupta,CPM,23885,130,0.1,22,21,63,CT,Adhiwakta Narendra Gupta,CPM,,,,,False,21,2014,GE
1838217,Bharat Bhushan Pandey,bhmm,23954,130,0.1,22,21,63,CT,Bharat Bhushan Pandey,bhmm,,,,,False,21,2014,GE
1838218,Shitkaran Mhilwar,IND,23849,104,0.0764250703625046,24,21,63,CT,Shitkaran Mhilwar,IND,,,,,True,21,2014,GE
1838219,Radha Bai Yadav,IND,23849,103,0.0756902139167113,25,21,63,CT,Radha Bai Yadav,IND,,,,,True,21,2014,GE
1838220,Baldau Prasad Sahu,IND,23849,102,0.074955357470918,26,21,63,CT,Baldau Prasad Sahu,IND,,,,,True,21,2014,GE
1838221,Diwakar Bairagi,IND,23849,91,0.0668719365671915,27,21,63,CT,Diwakar Bairagi,IND,,,,,True,21,2014,GE
1838331,Tamradhwaj Sahu,INC,23847,65770,46.9799137118203,1,21,64,CT,Tamradhwaj Sahu,INC,,,,,False,21,2014,GE
1838332,Saroj Pandey,BJP,23846,63568,45.4070116289036,2,21,64,CT,Saroj Pandey,BJP,,,,,False,21,2014,GE
1838333,Vishwa Ratna Sinha,AAAP,23851,2420,1.72862081773764,3,21,64,CT,Vishwa Ratna Sinha,AAAP,,,,,False,21,2014,GE
1838334,None Of The Above,NOTA,23852,1528,1.09145975599302,4,21,64,CT,None Of The Above,NOTA,,,,,False,21,2014,GE
1838335,Munna Chandrakar,BSP,23850,1428,1.02002914368981,5,21,64,CT,Munna Chandrakar,BSP,,,,,False,21,2014,GE
1838336,Arun Joshi,IND,23849,1092,0.780022286351038,6,21,64,CT,Arun Joshi,IND,,,,,True,21,2014,GE
1838337,Aatma Ram Sahu,SUCI,23953,919,0.656447327066487,7,21,64,CT,Aatma Ram Sahu,SUCI,,,,,False,21,2014,GE
1838338,Alfred Vikas Louise,IND,23849,477,0.340724020686305,8,21,64,CT,Alfred Vikas Louise,IND,,,,,True,21,2014,GE
1838339,Kshitij Kumar Shambharkar,RP(K),23918,387,0.276436469613417,9,21,64,CT,Kshitij Kumar Shambharkar,RP(K),,,,,False,21,2014,GE
1838340,Sheema Rahangdale,APoI,23853,250,0.178576530758021,10,21,64,CT,Sheema Rahangdale,APoI,,,,,False,21,2014,GE
1838341,Shrikant Shah,JD(U),23857,233,0.166433326666476,11,21,64,CT,Shrikant Shah,JD(U),,,,,False,21,2014,GE
1838342,Jinendra Ghritlahare,IND,23849,231,0.165004714420412,12,21,64,CT,Jinendra Ghritlahare,IND,,,,,True,21,2014,GE
1838343,Subodh Kumar Gupta,RPI(A),23876,228,0.162861796051315,13,21,64,CT,Subodh Kumar Gupta,RPI(A),,,,,False,21,2014,GE
1838344,Jai Prakash Nair,CPI(ML)(L),23936,147,0.105003000085716,14,21,64,CT,Jai Prakash Nair,CPI(ML)(L),,,,,False,21,2014,GE
1838345,Shailendra Banjare (Shaktiputra),SSBD,23924,142,0.101431469470556,15,21,64,CT,Shailendra Banjare (Shaktiputra),SSBD,,,,,False,21,2014,GE
1838346,Mannu Lal Parganiha,CSM,23856,141,0.100717163347524,16,21,64,CT,Mannu Lal Parganiha,CSM,,,,,False,21,2014,GE
1838347,Hiralal Annant,IND,23849,141,0.100717163347524,16,21,64,CT,Hiralal Annant,IND,,,,,True,21,2014,GE
1838348,Sahetru Singh,IND,23849,124,0.0885739592559787,18,21,64,CT,Sahetru Singh,IND,,,,,True,21,2014,GE
1838349,Sarju Prasad Shukla,IND,23849,120,0.0857167347638503,19,21,64,CT,Sarju Prasad Shukla,IND,,,,,True,21,2014,GE
1838350,A.K.Mohan,AITC,23884,114,0.0814308980256578,20,21,64,CT,A.K.Mohan,AITC,,,,,False,21,2014,GE
1838351,Adhiwakta Narendra Gupta,bhmm,23954,107,0.0764307551644332,21,21,64,CT,Adhiwakta Narendra Gupta,bhmm,,,,,False,21,2014,GE
1838352,Engg. Chandraprakash Mandle,IND,23849,100,0.0714306123032086,22,21,64,CT,Engg. Chandraprakash Mandle,IND,,,,,True,21,2014,GE
1838353,Bharat Bhushan Pandey,CPM,23885,82,0.06,23,21,64,CT,Bharat Bhushan Pandey,CPM,,,,,False,21,2014,GE
1838354,Radha Bai Yadav,IND,23849,81,0.057858795965599,24,21,64,CT,Radha Bai Yadav,IND,,,,,True,21,2014,GE
1838355,Diwakar Bairagi,IND,23849,70,0.050001428612246,25,21,64,CT,Diwakar Bairagi,IND,,,,,True,21,2014,GE
1838356,Shitkaran Mhilwar,IND,23849,62,0.0442869796279893,26,21,64,CT,Shitkaran Mhilwar,IND,,,,,True,21,2014,GE
1838357,Baldau Prasad Sahu,IND,23849,34,0.0242864081830909,27,21,64,CT,Baldau Prasad Sahu,IND,,,,,True,21,2014,GE
1838498,Saroj Pandey,BJP,23846,57702,52.7233354348839,1,21,65,CT,Saroj Pandey,BJP,,,,,False,21,2014,GE
1838499,Tamradhwaj Sahu,INC,23847,41590,38.0015167712873,2,21,65,CT,Tamradhwaj Sahu,INC,,,,,False,21,2014,GE
1838500,Vishwa Ratna Sinha,AAAP,23851,4095,3.74167374797839,3,21,65,CT,Vishwa Ratna Sinha,AAAP,,,,,False,21,2014,GE
1838501,Munna Chandrakar,BSP,23850,1290,1.17869575943641,4,21,65,CT,Munna Chandrakar,BSP,,,,,False,21,2014,GE
1838502,None Of The Above,NOTA,23852,1273,1.16316255950586,5,21,65,CT,None Of The Above,NOTA,,,,,False,21,2014,GE
1838503,Aatma Ram Sahu,SUCI,23953,840,0.767522820098133,6,21,65,CT,Aatma Ram Sahu,SUCI,,,,,False,21,2014,GE
1838504,Arun Joshi,IND,23849,358,0.32711091618468,7,21,65,CT,Arun Joshi,IND,,,,,True,21,2014,GE
1838505,Jai Prakash Nair,CPI(ML)(L),23936,220,0.201017881454273,8,21,65,CT,Jai Prakash Nair,CPI(ML)(L),,,,,False,21,2014,GE
1838506,Alfred Vikas Louise,IND,23849,215,0.196449293239403,9,21,65,CT,Alfred Vikas Louise,IND,,,,,True,21,2014,GE
1838507,Kshitij Kumar Shambharkar,RP(K),23918,189,0.172692634522079,10,21,65,CT,Kshitij Kumar Shambharkar,RP(K),,,,,False,21,2014,GE
1838508,Sheema Rahangdale,APoI,23853,183,0.167210328664236,11,21,65,CT,Sheema Rahangdale,APoI,,,,,False,21,2014,GE
1838509,Jinendra Ghritlahare,IND,23849,157,0.143453669946913,12,21,65,CT,Jinendra Ghritlahare,IND,,,,,True,21,2014,GE
1838510,Shrikant Shah,JD(U),23857,149,0.136143928803121,13,21,65,CT,Shrikant Shah,JD(U),,,,,False,21,2014,GE
1838511,Engg. Chandraprakash Mandle,IND,23849,128,0.116955858300667,14,21,65,CT,Engg. Chandraprakash Mandle,IND,,,,,True,21,2014,GE
1838512,Hiralal Annant,IND,23849,121,0.11055983479985,15,21,65,CT,Hiralal Annant,IND,,,,,True,21,2014,GE
1838513,A.K.Mohan,AITC,23884,120,0.109646117156876,16,21,65,CT,A.K.Mohan,AITC,,,,,False,21,2014,GE
1838514,Mannu Lal Parganiha,CSM,23856,109,0.0995952230841625,17,21,65,CT,Mannu Lal Parganiha,CSM,,,,,False,21,2014,GE
1838515,Subodh Kumar Gupta,RPI(A),23876,107,0.0977677877982145,18,21,65,CT,Subodh Kumar Gupta,RPI(A),,,,,False,21,2014,GE
1838516,Shailendra Banjare (Shaktiputra),SSBD,23924,94,0.085889458439553,19,21,65,CT,Shailendra Banjare (Shaktiputra),SSBD,,,,,False,21,2014,GE
1838517,Sahetru Singh,IND,23849,87,0.0794934349387352,20,21,65,CT,Sahetru Singh,IND,,,,,True,21,2014,GE
1838518,Bharat Bhushan Pandey,CPM,23885,81,0.07,21,21,65,CT,Bharat Bhushan Pandey,CPM,,,,,False,21,2014,GE
1838519,Adhiwakta Narendra Gupta,bhmm,23954,77,0.0703562585089955,22,21,65,CT,Adhiwakta Narendra Gupta,bhmm,,,,,False,21,2014,GE
1838520,Sarju Prasad Shukla,IND,23849,68,0.0621327997222298,23,21,65,CT,Sarju Prasad Shukla,IND,,,,,True,21,2014,GE
1838521,Radha Bai Yadav,IND,23849,65,0.0593916467933079,24,21,65,CT,Radha Bai Yadav,IND,,,,,True,21,2014,GE
1838522,Diwakar Bairagi,IND,23849,49,0.0447721645057244,25,21,65,CT,Diwakar Bairagi,IND,,,,,True,21,2014,GE
1838523,Shitkaran Mhilwar,IND,23849,46,0.0420310115768025,26,21,65,CT,Shitkaran Mhilwar,IND,,,,,True,21,2014,GE
1838524,Baldau Prasad Sahu,IND,23849,30,0.027411529289219,27,21,65,CT,Baldau Prasad Sahu,IND,,,,,True,21,2014,GE
1838648,Saroj Pandey,BJP,23846,77448,53.0705661463401,1,21,66,CT,Saroj Pandey,BJP,,,,,False,21,2014,GE
1838649,Tamradhwaj Sahu,INC,23847,56628,38.8038428330615,2,21,66,CT,Tamradhwaj Sahu,INC,,,,,False,21,2014,GE
1838650,Vishwa Ratna Sinha,AAAP,23851,3425,2.34695136157441,3,21,66,CT,Vishwa Ratna Sinha,AAAP,,,,,False,21,2014,GE
1838651,Munna Chandrakar,BSP,23850,1620,1.11009086299285,4,21,66,CT,Munna Chandrakar,BSP,,,,,False,21,2014,GE
1838652,None Of The Above,NOTA,23852,1340,0.918223306426192,5,21,66,CT,None Of The Above,NOTA,,,,,False,21,2014,GE
1838653,Aatma Ram Sahu,SUCI,23953,1142,0.78254553428262,6,21,66,CT,Aatma Ram Sahu,SUCI,,,,,False,21,2014,GE
1838654,Arun Joshi,IND,23849,689,0.472131237408691,7,21,66,CT,Arun Joshi,IND,,,,,True,21,2014,GE
1838655,Alfred Vikas Louise,IND,23849,356,0.243945893349048,8,21,66,CT,Alfred Vikas Louise,IND,,,,,True,21,2014,GE
1838656,Mannu Lal Parganiha,CSM,23856,323,0.221332931325119,9,21,66,CT,Mannu Lal Parganiha,CSM,,,,,False,21,2014,GE
1838657,Jai Prakash Nair,CPI(ML)(L),23936,292,0.200090451848095,10,21,66,CT,Jai Prakash Nair,CPI(ML)(L),,,,,False,21,2014,GE
1838658,Kshitij Kumar Shambharkar,RP(K),23918,285,0.195293762933929,11,21,66,CT,Kshitij Kumar Shambharkar,RP(K),,,,,False,21,2014,GE
1838659,Sheema Rahangdale,APoI,23853,273,0.1870708676525,12,21,66,CT,Sheema Rahangdale,APoI,,,,,False,21,2014,GE
1838660,Shrikant Shah,JD(U),23857,226,0.154864527800238,13,21,66,CT,Shrikant Shah,JD(U),,,,,False,21,2014,GE
1838661,Subodh Kumar Gupta,RPI(A),23876,220,0.150753080159524,14,21,66,CT,Subodh Kumar Gupta,RPI(A),,,,,False,21,2014,GE
1838662,Jinendra Ghritlahare,IND,23849,212,0.145271149971905,15,21,66,CT,Jinendra Ghritlahare,IND,,,,,True,21,2014,GE
1838663,Hiralal Annant,IND,23849,183,0.125399153041786,16,21,66,CT,Hiralal Annant,IND,,,,,True,21,2014,GE
1838664,A.K.Mohan,AITC,23884,162,0.111009086299285,17,21,66,CT,A.K.Mohan,AITC,,,,,False,21,2014,GE
1838665,Shailendra Banjare (Shaktiputra),SSBD,23924,156,0.106897638658571,18,21,66,CT,Shailendra Banjare (Shaktiputra),SSBD,,,,,False,21,2014,GE
1838666,Sahetru Singh,IND,23849,150,0.102786191017857,19,21,66,CT,Sahetru Singh,IND,,,,,True,21,2014,GE
1838667,Bharat Bhushan Pandey,CPM,23885,144,0.1,20,21,66,CT,Bharat Bhushan Pandey,CPM,,,,,False,21,2014,GE
1838668,Engg. Chandraprakash Mandle,IND,23849,141,0.0966190195567859,21,21,66,CT,Engg. Chandraprakash Mandle,IND,,,,,True,21,2014,GE
1838669,Sarju Prasad Shukla,IND,23849,118,0.0808584702673811,22,21,66,CT,Sarju Prasad Shukla,IND,,,,,True,21,2014,GE
1838670,Adhiwakta Narendra Gupta,bhmm,23954,108,0.0740060575328573,23,21,66,CT,Adhiwakta Narendra Gupta,bhmm,,,,,False,21,2014,GE
1838671,Radha Bai Yadav,IND,23849,93,0.0637274384310715,24,21,66,CT,Radha Bai Yadav,IND,,,,,True,21,2014,GE
1838672,Diwakar Bairagi,IND,23849,81,0.0555045431496429,25,21,66,CT,Diwakar Bairagi,IND,,,,,True,21,2014,GE
1838673,Baldau Prasad Sahu,IND,23849,61,0.0417997176805953,26,21,66,CT,Baldau Prasad Sahu,IND,,,,,True,21,2014,GE
1838674,Shitkaran Mhilwar,IND,23849,58,0.0397439938602381,27,21,66,CT,Shitkaran Mhilwar,IND,,,,,True,21,2014,GE
1838809,Tamradhwaj Sahu,INC,23847,70451,48.6973892487091,1,21,67,CT,Tamradhwaj Sahu,INC,,,,,False,21,2014,GE
1838810,Saroj Pandey,BJP,23846,60861,42.0685555501793,2,21,67,CT,Saroj Pandey,BJP,,,,,False,21,2014,GE
1838811,Arun Joshi,IND,23849,1941,1.34166488100586,3,21,67,CT,Arun Joshi,IND,,,,,True,21,2014,GE
1838812,Vishwa Ratna Sinha,AAAP,23851,1574,1.087985843742,4,21,67,CT,Vishwa Ratna Sinha,AAAP,,,,,False,21,2014,GE
1838813,None Of The Above,NOTA,23852,1190,0.822556006386905,5,21,67,CT,None Of The Above,NOTA,,,,,False,21,2014,GE
1838814,Munna Chandrakar,BSP,23850,1060,0.732696946865646,6,21,67,CT,Munna Chandrakar,BSP,,,,,False,21,2014,GE
1838815,Aatma Ram Sahu,SUCI,23953,1054,0.728549605656973,7,21,67,CT,Aatma Ram Sahu,SUCI,,,,,False,21,2014,GE
1838816,Alfred Vikas Louise,IND,23849,755,0.521873768758078,8,21,67,CT,Alfred Vikas Louise,IND,,,,,True,21,2014,GE
1838817,Kshitij Kumar Shambharkar,RP(K),23918,694,0.479709133136565,9,21,67,CT,Kshitij Kumar Shambharkar,RP(K),,,,,False,21,2014,GE
1838818,Sheema Rahangdale,APoI,23853,649,0.448604074071513,10,21,67,CT,Sheema Rahangdale,APoI,,,,,False,21,2014,GE
1838819,Shrikant Shah,JD(U),23857,528,0.364966026363265,11,21,67,CT,Shrikant Shah,JD(U),,,,,False,21,2014,GE
1838820,Subodh Kumar Gupta,RPI(A),23876,463,0.320036496602636,12,21,67,CT,Subodh Kumar Gupta,RPI(A),,,,,False,21,2014,GE
1838821,Jai Prakash Nair,CPI(ML)(L),23936,405,0.279945531585459,13,21,67,CT,Jai Prakash Nair,CPI(ML)(L),,,,,False,21,2014,GE
1838822,Shailendra Banjare (Shaktiputra),SSBD,23924,359,0.248149248985629,14,21,67,CT,Shailendra Banjare (Shaktiputra),SSBD,,,,,False,21,2014,GE
1838823,Jinendra Ghritlahare,IND,23849,325,0.224647648803146,15,21,67,CT,Jinendra Ghritlahare,IND,,,,,True,21,2014,GE
1838824,Hiralal Annant,IND,23849,306,0.211514401642347,16,21,67,CT,Hiralal Annant,IND,,,,,True,21,2014,GE
1838825,A.K.Mohan,AITC,23884,295,0.203910942759779,17,21,67,CT,A.K.Mohan,AITC,,,,,False,21,2014,GE
1838826,Sahetru Singh,IND,23849,278,0.192160142668537,18,21,67,CT,Sahetru Singh,IND,,,,,True,21,2014,GE
1838827,Mannu Lal Parganiha,CSM,23856,248,0.17142343662517,19,21,67,CT,Mannu Lal Parganiha,CSM,,,,,False,21,2014,GE
1838828,Engg. Chandraprakash Mandle,IND,23849,221,0.152760401186139,20,21,67,CT,Engg. Chandraprakash Mandle,IND,,,,,True,21,2014,GE
1838829,Sarju Prasad Shukla,IND,23849,217,0.149995507047023,21,21,67,CT,Sarju Prasad Shukla,IND,,,,,True,21,2014,GE
1838830,Bharat Bhushan Pandey,CPM,23885,167,0.12,22,21,67,CT,Bharat Bhushan Pandey,CPM,,,,,False,21,2014,GE
1838831,Shitkaran Mhilwar,IND,23849,153,0.105757200821173,23,21,67,CT,Shitkaran Mhilwar,IND,,,,,True,21,2014,GE
1838832,Adhiwakta Narendra Gupta,bhmm,23954,149,0.102992306682057,24,21,67,CT,Adhiwakta Narendra Gupta,bhmm,,,,,False,21,2014,GE
1838833,Radha Bai Yadav,IND,23849,113,0.078108259430017,25,21,67,CT,Radha Bai Yadav,IND,,,,,True,21,2014,GE
1838834,Diwakar Bairagi,IND,23849,110,0.0760345888256803,26,21,67,CT,Diwakar Bairagi,IND,,,,,True,21,2014,GE
1838835,Baldau Prasad Sahu,IND,23849,105,0.0725784711517857,27,21,67,CT,Baldau Prasad Sahu,IND,,,,,True,21,2014,GE
1838946,Saroj Pandey,BJP,23846,66064,43.7078644251698,1,21,68,CT,Saroj Pandey,BJP,,,,,False,21,2014,GE
1838947,Tamradhwaj Sahu,INC,23847,64806,42.8755731099775,2,21,68,CT,Tamradhwaj Sahu,INC,,,,,False,21,2014,GE
1838948,Arun Joshi,IND,23849,3020,1.99802843551727,3,21,68,CT,Arun Joshi,IND,,,,,True,21,2014,GE
1838949,Kshitij Kumar Shambharkar,RP(K),23918,1882,1.2451289786899,4,21,68,CT,Kshitij Kumar Shambharkar,RP(K),,,,,False,21,2014,GE
1838950,Munna Chandrakar,BSP,23850,1825,1.20741784596656,5,21,68,CT,Munna Chandrakar,BSP,,,,,False,21,2014,GE
1838951,Alfred Vikas Louise,IND,23849,1536,1.01621578707103,6,21,68,CT,Alfred Vikas Louise,IND,,,,,True,21,2014,GE
1838952,None Of The Above,NOTA,23852,1474,0.975196660249158,7,21,68,CT,None Of The Above,NOTA,,,,,False,21,2014,GE
1838953,Aatma Ram Sahu,SUCI,23953,1406,0.930207940509034,8,21,68,CT,Aatma Ram Sahu,SUCI,,,,,False,21,2014,GE
1838954,Shrikant Shah,JD(U),23857,1213,0.802519368305446,9,21,68,CT,Shrikant Shah,JD(U),,,,,False,21,2014,GE
1838955,Vishwa Ratna Sinha,AAAP,23851,972,0.643074052755889,10,21,68,CT,Vishwa Ratna Sinha,AAAP,,,,,False,21,2014,GE
1838956,Jinendra Ghritlahare,IND,23849,961,0.635796465739105,11,21,68,CT,Jinendra Ghritlahare,IND,,,,,True,21,2014,GE
1838957,Subodh Kumar Gupta,RPI(A),23876,872,0.576914170785119,12,21,68,CT,Subodh Kumar Gupta,RPI(A),,,,,False,21,2014,GE
1838958,Sheema Rahangdale,APoI,23853,792,0.523986265208502,13,21,68,CT,Sheema Rahangdale,APoI,,,,,False,21,2014,GE
1838959,Engg. Chandraprakash Mandle,IND,23849,557,0.368510542577192,14,21,68,CT,Engg. Chandraprakash Mandle,IND,,,,,True,21,2014,GE
1838960,Hiralal Annant,IND,23849,529,0.349985775625376,15,21,68,CT,Hiralal Annant,IND,,,,,True,21,2014,GE
1838961,Sahetru Singh,IND,23849,527,0.34866257798596,16,21,68,CT,Sahetru Singh,IND,,,,,True,21,2014,GE
1838962,Shailendra Banjare (Shaktiputra),SSBD,23924,451,0.298381067688175,17,21,68,CT,Shailendra Banjare (Shaktiputra),SSBD,,,,,False,21,2014,GE
1838963,Sarju Prasad Shukla,IND,23849,383,0.253392347948051,18,21,68,CT,Sarju Prasad Shukla,IND,,,,,True,21,2014,GE
1838964,A.K.Mohan,AITC,23884,327,0.216342814044419,19,21,68,CT,A.K.Mohan,AITC,,,,,False,21,2014,GE
1838965,Jai Prakash Nair,CPI(ML)(L),23936,287,0.189878861256111,20,21,68,CT,Jai Prakash Nair,CPI(ML)(L),,,,,False,21,2014,GE
1838966,Diwakar Bairagi,IND,23849,239,0.158122117910141,21,21,68,CT,Diwakar Bairagi,IND,,,,,True,21,2014,GE
1838967,Mannu Lal Parganiha,CSM,23856,231,0.15282932735248,22,21,68,CT,Mannu Lal Parganiha,CSM,,,,,False,21,2014,GE
1838968,Bharat Bhushan Pandey,CPM,23885,193,0.13,23,21,68,CT,Bharat Bhushan Pandey,CPM,,,,,False,21,2014,GE
1838969,Adhiwakta Narendra Gupta,bhmm,23954,186,0.123057380465633,24,21,68,CT,Adhiwakta Narendra Gupta,bhmm,,,,,False,21,2014,GE
1838970,Shitkaran Mhilwar,IND,23849,176,0.116441392268556,25,21,68,CT,Shitkaran Mhilwar,IND,,,,,True,21,2014,GE
1838971,Radha Bai Yadav,IND,23849,123,0.0813766548240477,26,21,68,CT,Radha Bai Yadav,IND,,,,,True,21,2014,GE
1838972,Baldau Prasad Sahu,IND,23849,117,0.0774070619058015,27,21,68,CT,Baldau Prasad Sahu,IND,,,,,True,21,2014,GE
1839083,Tamradhwaj Sahu,INC,23847,72062,48.5014504263782,1,21,69,CT,Tamradhwaj Sahu,INC,,,,,False,21,2014,GE
1839084,Saroj Pandey,BJP,23846,58822,39.5902461350007,2,21,69,CT,Saroj Pandey,BJP,,,,,False,21,2014,GE
1839085,Arun Joshi,IND,23849,3507,2.36039225452122,3,21,69,CT,Arun Joshi,IND,,,,,True,21,2014,GE
1839086,Munna Chandrakar,BSP,23850,1622,1.09168983086211,4,21,69,CT,Munna Chandrakar,BSP,,,,,False,21,2014,GE
1839087,Kshitij Kumar Shambharkar,RP(K),23918,1498,1.0082314220909,5,21,69,CT,Kshitij Kumar Shambharkar,RP(K),,,,,False,21,2014,GE
1839088,None Of The Above,NOTA,23852,1291,0.868909723577673,6,21,69,CT,None Of The Above,NOTA,,,,,False,21,2014,GE
1839089,Alfred Vikas Louise,IND,23849,1280,0.861506155057646,7,21,69,CT,Alfred Vikas Louise,IND,,,,,True,21,2014,GE
1839090,Aatma Ram Sahu,SUCI,23953,1167,0.785451314806463,8,21,69,CT,Aatma Ram Sahu,SUCI,,,,,False,21,2014,GE
1839091,Shrikant Shah,JD(U),23857,1104,0.74304905873722,9,21,69,CT,Shrikant Shah,JD(U),,,,,False,21,2014,GE
1839092,Subodh Kumar Gupta,RPI(A),23876,836,0.562671207522025,10,21,69,CT,Subodh Kumar Gupta,RPI(A),,,,,False,21,2014,GE
1839093,Sheema Rahangdale,APoI,23853,767,0.516230641350949,11,21,69,CT,Sheema Rahangdale,APoI,,,,,False,21,2014,GE
1839094,Jinendra Ghritlahare,IND,23849,764,0.514211486300032,12,21,69,CT,Jinendra Ghritlahare,IND,,,,,True,21,2014,GE
1839095,Vishwa Ratna Sinha,AAAP,23851,681,0.458348196558013,13,21,69,CT,Vishwa Ratna Sinha,AAAP,,,,,False,21,2014,GE
1839096,Hiralal Annant,IND,23849,433,0.291431379015594,14,21,69,CT,Hiralal Annant,IND,,,,,True,21,2014,GE
1839097,Shailendra Banjare (Shaktiputra),SSBD,23924,389,0.261817104935487,15,21,69,CT,Shailendra Banjare (Shaktiputra),SSBD,,,,,False,21,2014,GE
1839098,Engg. Chandraprakash Mandle,IND,23849,323,0.217395693815328,16,21,69,CT,Engg. Chandraprakash Mandle,IND,,,,,True,21,2014,GE
1839099,Sahetru Singh,IND,23849,322,0.216722642131689,17,21,69,CT,Sahetru Singh,IND,,,,,True,21,2014,GE
1839100,A.K.Mohan,AITC,23884,260,0.174993437746084,18,21,69,CT,A.K.Mohan,AITC,,,,,False,21,2014,GE
1839101,Jai Prakash Nair,CPI(ML)(L),23936,251,0.168935972593335,19,21,69,CT,Jai Prakash Nair,CPI(ML)(L),,,,,False,21,2014,GE
1839102,Sarju Prasad Shukla,IND,23849,229,0.154128835553282,20,21,69,CT,Sarju Prasad Shukla,IND,,,,,True,21,2014,GE
1839103,Mannu Lal Parganiha,CSM,23856,223,0.150090525451449,21,21,69,CT,Mannu Lal Parganiha,CSM,,,,,False,21,2014,GE
1839104,Adhiwakta Narendra Gupta,bhmm,23954,160,0.107688269382205,22,21,69,CT,Adhiwakta Narendra Gupta,bhmm,,,,,False,21,2014,GE
1839105,Bharat Bhushan Pandey,CPM,23885,148,0.1,23,21,69,CT,Bharat Bhushan Pandey,CPM,,,,,False,21,2014,GE
1839106,Diwakar Bairagi,IND,23849,139,0.0935541840257913,24,21,69,CT,Diwakar Bairagi,IND,,,,,True,21,2014,GE
1839107,Shitkaran Mhilwar,IND,23849,124,0.0834584087712095,25,21,69,CT,Shitkaran Mhilwar,IND,,,,,True,21,2014,GE
1839108,Radha Bai Yadav,IND,23849,93,0.0625938065784071,26,21,69,CT,Radha Bai Yadav,IND,,,,,True,21,2014,GE
1839109,Baldau Prasad Sahu,IND,23849,82,0.0551902380583805,27,21,69,CT,Baldau Prasad Sahu,IND,,,,,True,21,2014,GE
1839238,Saroj Pandey,BJP,23846,61147,41.7072505286133,1,21,70,CT,Saroj Pandey,BJP,,,,,False,21,2014,GE
1839239,Tamradhwaj Sahu,INC,23847,60361,41.1711343018893,2,21,70,CT,Tamradhwaj Sahu,INC,,,,,False,21,2014,GE
1839240,Munna Chandrakar,BSP,23850,4444,3.03117113430188,3,21,70,CT,Munna Chandrakar,BSP,,,,,False,21,2014,GE
1839241,Arun Joshi,IND,23849,2755,1.87913512038742,4,21,70,CT,Arun Joshi,IND,,,,,True,21,2014,GE
1839242,Kshitij Kumar Shambharkar,RP(K),23918,1666,1.13634813450651,5,21,70,CT,Kshitij Kumar Shambharkar,RP(K),,,,,False,21,2014,GE
1839243,Aatma Ram Sahu,SUCI,23953,1653,1.12748107223245,6,21,70,CT,Aatma Ram Sahu,SUCI,,,,,False,21,2014,GE
1839244,None Of The Above,NOTA,23852,1607,1.09610531341654,7,21,70,CT,None Of The Above,NOTA,,,,,False,21,2014,GE
1839245,Sheema Rahangdale,APoI,23853,1311,0.894209126253325,8,21,70,CT,Sheema Rahangdale,APoI,,,,,False,21,2014,GE
1839246,Alfred Vikas Louise,IND,23849,1133,0.772798581270036,9,21,70,CT,Alfred Vikas Louise,IND,,,,,True,21,2014,GE
1839247,Subodh Kumar Gupta,RPI(A),23876,1114,0.75983902871564,10,21,70,CT,Subodh Kumar Gupta,RPI(A),,,,,False,21,2014,GE
1839248,Jinendra Ghritlahare,IND,23849,1082,0.738012413887183,11,21,70,CT,Jinendra Ghritlahare,IND,,,,,True,21,2014,GE
1839249,Shrikant Shah,JD(U),23857,957,0.652752199713525,12,21,70,CT,Shrikant Shah,JD(U),,,,,False,21,2014,GE
1839250,Vishwa Ratna Sinha,AAAP,23851,855,0.58,13,21,70,CT,Vishwa Ratna Sinha,AAAP,,,,,False,21,2014,GE
1839251,Shailendra Banjare (Shaktiputra),SSBD,23924,757,0.516335857035672,14,21,70,CT,Shailendra Banjare (Shaktiputra),SSBD,,,,,False,21,2014,GE
1839252,Sahetru Singh,IND,23849,717,0.489052588500102,15,21,70,CT,Sahetru Singh,IND,,,,,True,21,2014,GE
1839253,Hiralal Annant,IND,23849,703,0.479503444512652,16,21,70,CT,Hiralal Annant,IND,,,,,True,21,2014,GE
1839254,Sarju Prasad Shukla,IND,23849,622,0.424254825728122,17,21,70,CT,Sarju Prasad Shukla,IND,,,,,True,21,2014,GE
1839255,A.K.Mohan,AITC,23884,598,0.41,18,21,70,CT,A.K.Mohan,AITC,,,,,False,21,2014,GE
1839256,Mannu Lal Parganiha,CSM,23856,493,0.336266284700907,19,21,70,CT,Mannu Lal Parganiha,CSM,,,,,False,21,2014,GE
1839257,Jai Prakash Nair,CPI(ML)(L),23936,431,0.293977218470772,20,21,70,CT,Jai Prakash Nair,CPI(ML)(L),,,,,False,21,2014,GE
1839258,Adhiwakta Narendra Gupta,bhmm,23954,374,0.255098560807584,21,21,70,CT,Adhiwakta Narendra Gupta,bhmm,,,,,False,21,2014,GE
1839259,Engg. Chandraprakash Mandle,IND,23849,373,0.254416479094195,22,21,70,CT,Engg. Chandraprakash Mandle,IND,,,,,True,21,2014,GE
1839260,Shitkaran Mhilwar,IND,23849,348,0.237364436259463,23,21,70,CT,Shitkaran Mhilwar,IND,,,,,True,21,2014,GE
1839261,Bharat Bhushan Pandey,CPM,23885,345,0.24,24,21,70,CT,Bharat Bhushan Pandey,CPM,,,,,False,21,2014,GE
1839262,Diwakar Bairagi,IND,23849,273,0.186208307755269,25,21,70,CT,Diwakar Bairagi,IND,,,,,True,21,2014,GE
1839263,Radha Bai Yadav,IND,23849,270,0.184162062615101,26,21,70,CT,Radha Bai Yadav,IND,,,,,True,21,2014,GE
1839264,Baldau Prasad Sahu,IND,23849,221,0.150740058659027,27,21,70,CT,Baldau Prasad Sahu,IND,,,,,True,21,2014,GE
1839373,Abhishek Singh,BJP,23846,104141,57.3548930733093,1,21,71,CT,Abhishek Singh,BJP,,,,,True,21,2014,GE
1839374,Kamleshwar Verma,INC,23847,55073,30.3310514228437,2,21,71,CT,Kamleshwar Verma,INC,,,,,False,21,2014,GE
1839375,None Of The Above,NOTA,23852,5243,2.88754385288561,3,21,71,CT,None Of The Above,NOTA,,,,,False,21,2014,GE
1839376,Anand Sahu,BSP,23850,3491,1.92264268365891,4,21,71,CT,Anand Sahu,BSP,,,,,False,21,2014,GE
1839377,Sahukar Bhaskar,IND,23849,2240,1.23366359535834,5,21,71,CT,Sahukar Bhaskar,IND,,,,,False,21,2014,GE
1839378,Wamanrao Bagde,IND,23849,2043,1.12516728808798,6,21,71,CT,Wamanrao Bagde,IND,,,,,False,21,2014,GE
1839379,Narendra Bansod Advocate,APoI,23853,2012,1.1080942651165,7,21,71,CT,Narendra Bansod Advocate,APoI,,,,,False,21,2014,GE
1839380,Santosh Chandrakar,GGP,23848,1891,1.04145440126009,8,21,71,CT,Santosh Chandrakar,GGP,,,,,False,21,2014,GE
1839381,Ramesh Yadav,IND,23849,1117,0.615179569649672,9,21,71,CT,Ramesh Yadav,IND,,,,,False,21,2014,GE
1839382,Khemraj Lodhi,IND,23849,1066,0.58709169314821,10,21,71,CT,Khemraj Lodhi,IND,,,,,False,21,2014,GE
1839383,Bhaskar Dwivedi,AAAP,23851,1045,0.575526096941725,11,21,71,CT,Bhaskar Dwivedi,AAAP,,,,,False,21,2014,GE
1839384,Murad Bhai,IND,23849,999,0.550191933822759,12,21,71,CT,Murad Bhai,IND,,,,,False,21,2014,GE
1839385,Lodhi Seema Kaushik,SP,23858,709,0.390476557637974,13,21,71,CT,Lodhi Seema Kaushik,SP,,,,,False,21,2014,GE
1839386,Bhagat Soni,CSM,23856,503,0.277023566279127,14,21,71,CT,Bhagat Soni,CSM,,,,,False,21,2014,GE
1839485,Abhishek Singh,BJP,23846,112613,56.2202019899454,1,21,72,CT,Abhishek Singh,BJP,,,,,True,21,2014,GE
1839486,Kamleshwar Verma,INC,23847,61769,30.8371649517989,2,21,72,CT,Kamleshwar Verma,INC,,,,,False,21,2014,GE
1839487,None Of The Above,NOTA,23852,6302,3.14617062808588,3,21,72,CT,None Of The Above,NOTA,,,,,False,21,2014,GE
1839488,Anand Sahu,BSP,23850,4224,2.10876304872021,4,21,72,CT,Anand Sahu,BSP,,,,,False,21,2014,GE
1839489,Sahukar Bhaskar,IND,23849,2713,1.35442096382053,5,21,72,CT,Sahukar Bhaskar,IND,,,,,False,21,2014,GE
1839490,Wamanrao Bagde,IND,23849,2162,1.07934320817545,6,21,72,CT,Wamanrao Bagde,IND,,,,,False,21,2014,GE
1839491,Narendra Bansod Advocate,APoI,23853,2036,1.01643976496078,7,21,72,CT,Narendra Bansod Advocate,APoI,,,,,False,21,2014,GE
1839492,Santosh Chandrakar,GGP,23848,1774,0.885640541768385,8,21,72,CT,Santosh Chandrakar,GGP,,,,,False,21,2014,GE
1839493,Murad Bhai,IND,23849,1654,0.825732500611561,9,21,72,CT,Murad Bhai,IND,,,,,False,21,2014,GE
1839494,Bhaskar Dwivedi,AAAP,23851,1510,0.753842851223372,10,21,72,CT,Bhaskar Dwivedi,AAAP,,,,,False,21,2014,GE
1839495,Ramesh Yadav,IND,23849,1152,0.575117195105513,11,21,72,CT,Ramesh Yadav,IND,,,,,False,21,2014,GE
1839496,Khemraj Lodhi,IND,23849,1126,0.562137119521534,12,21,72,CT,Khemraj Lodhi,IND,,,,,False,21,2014,GE
1839497,Lodhi Seema Kaushik,SP,23858,771,0.384909164432595,13,21,72,CT,Lodhi Seema Kaushik,SP,,,,,False,21,2014,GE
1839498,Bhagat Soni,CSM,23856,501,0.250116071829741,14,21,72,CT,Bhagat Soni,CSM,,,,,False,21,2014,GE
1839607,Abhishek Singh,BJP,23846,77733,53.9172232973344,1,21,73,CT,Abhishek Singh,BJP,,,,,True,21,2014,GE
1839608,Kamleshwar Verma,INC,23847,51970,36.0474714054837,2,21,73,CT,Kamleshwar Verma,INC,,,,,False,21,2014,GE
1839609,None Of The Above,NOTA,23852,3358,2.32917854492234,3,21,73,CT,None Of The Above,NOTA,,,,,False,21,2014,GE
1839610,Anand Sahu,BSP,23850,2813,1.95115522539206,4,21,73,CT,Anand Sahu,BSP,,,,,False,21,2014,GE
1839611,Bhaskar Dwivedi,AAAP,23851,1524,1.05707805314522,5,21,73,CT,Bhaskar Dwivedi,AAAP,,,,,False,21,2014,GE
1839612,Narendra Bansod Advocate,APoI,23853,1460,1.01268632387928,6,21,73,CT,Narendra Bansod Advocate,APoI,,,,,False,21,2014,GE
1839613,Sahukar Bhaskar,IND,23849,1220,0.846217339132002,7,21,73,CT,Sahukar Bhaskar,IND,,,,,False,21,2014,GE
1839614,Wamanrao Bagde,IND,23849,1137,0.788646815240235,8,21,73,CT,Wamanrao Bagde,IND,,,,,False,21,2014,GE
1839615,Khemraj Lodhi,IND,23849,676,0.468887640371503,9,21,73,CT,Khemraj Lodhi,IND,,,,,False,21,2014,GE
1839616,Ramesh Yadav,IND,23849,648,0.449466258817654,10,21,73,CT,Ramesh Yadav,IND,,,,,False,21,2014,GE
1839617,Murad Bhai,IND,23849,528,0.366231766444014,11,21,73,CT,Murad Bhai,IND,,,,,False,21,2014,GE
1839618,Santosh Chandrakar,GGP,23848,408,0.282997274070374,12,21,73,CT,Santosh Chandrakar,GGP,,,,,False,21,2014,GE
1839619,Bhagat Soni,CSM,23856,354,0.245541752502236,13,21,73,CT,Bhagat Soni,CSM,,,,,False,21,2014,GE
1839620,Lodhi Seema Kaushik,SP,23858,342,0.237218303264872,14,21,73,CT,Lodhi Seema Kaushik,SP,,,,,False,21,2014,GE
1839722,Abhishek Singh,BJP,23846,69563,50.2267180753512,1,21,74,CT,Abhishek Singh,BJP,,,,,True,21,2014,GE
1839723,Kamleshwar Verma,INC,23847,55337,39.955089604182,2,21,74,CT,Kamleshwar Verma,INC,,,,,False,21,2014,GE
1839724,None Of The Above,NOTA,23852,3325,2.40075668962728,3,21,74,CT,None Of The Above,NOTA,,,,,False,21,2014,GE
1839725,Anand Sahu,BSP,23850,2287,1.6512873832113,4,21,74,CT,Anand Sahu,BSP,,,,,False,21,2014,GE
1839726,Bhaskar Dwivedi,AAAP,23851,1549,1.11842770292711,5,21,74,CT,Bhaskar Dwivedi,AAAP,,,,,False,21,2014,GE
1839727,Narendra Bansod Advocate,APoI,23853,1265,0.913370590189028,6,21,74,CT,Narendra Bansod Advocate,APoI,,,,,False,21,2014,GE
1839728,Wamanrao Bagde,IND,23849,1159,0.836835188955797,7,21,74,CT,Wamanrao Bagde,IND,,,,,False,21,2014,GE
1839729,Sahukar Bhaskar,IND,23849,1105,0.797845456252075,8,21,74,CT,Sahukar Bhaskar,IND,,,,,False,21,2014,GE
1839730,Santosh Chandrakar,GGP,23848,609,0.439717541047524,9,21,74,CT,Santosh Chandrakar,GGP,,,,,False,21,2014,GE
1839731,Ramesh Yadav,IND,23849,579,0.418056578434345,10,21,74,CT,Ramesh Yadav,IND,,,,,False,21,2014,GE
1839732,Khemraj Lodhi,IND,23849,560,0.404337968779332,11,21,74,CT,Khemraj Lodhi,IND,,,,,False,21,2014,GE
1839733,Bhagat Soni,CSM,23856,442,0.31913818250083,12,21,74,CT,Bhagat Soni,CSM,,,,,False,21,2014,GE
1839734,Murad Bhai,IND,23849,435,0.314083957891088,13,21,74,CT,Murad Bhai,IND,,,,,False,21,2014,GE
1839735,Lodhi Seema Kaushik,SP,23858,283,0.204335080650984,14,21,74,CT,Lodhi Seema Kaushik,SP,,,,,False,21,2014,GE
1839823,Abhishek Singh,BJP,23846,89905,61.6831214451846,1,21,75,CT,Abhishek Singh,BJP,,,,,True,21,2014,GE
1839824,Kamleshwar Verma,INC,23847,44591,30.5935383834295,2,21,75,CT,Kamleshwar Verma,INC,,,,,False,21,2014,GE
1839825,None Of The Above,NOTA,23852,3502,2.4026949702579,3,21,75,CT,None Of The Above,NOTA,,,,,False,21,2014,GE
1839826,Bhaskar Dwivedi,AAAP,23851,2478,1.70013653235267,4,21,75,CT,Bhaskar Dwivedi,AAAP,,,,,False,21,2014,GE
1839827,Anand Sahu,BSP,23850,1401,0.961215206548064,5,21,75,CT,Anand Sahu,BSP,,,,,False,21,2014,GE
1839828,Wamanrao Bagde,IND,23849,799,0.548187687388938,6,21,75,CT,Wamanrao Bagde,IND,,,,,False,21,2014,GE
1839829,Narendra Bansod Advocate,APoI,23853,695,0.476834096039189,7,21,75,CT,Narendra Bansod Advocate,APoI,,,,,False,21,2014,GE
1839830,Sahukar Bhaskar,IND,23849,639,0.438412931466247,8,21,75,CT,Sahukar Bhaskar,IND,,,,,False,21,2014,GE
1839831,Ramesh Yadav,IND,23849,426,0.292275287644165,9,21,75,CT,Ramesh Yadav,IND,,,,,False,21,2014,GE
1839832,Khemraj Lodhi,IND,23849,356,0.244248831927987,10,21,75,CT,Khemraj Lodhi,IND,,,,,False,21,2014,GE
1839833,Bhagat Soni,CSM,23856,337,0.231213079662168,11,21,75,CT,Bhagat Soni,CSM,,,,,False,21,2014,GE
1839834,Murad Bhai,IND,23849,230,0.157801211638868,12,21,75,CT,Murad Bhai,IND,,,,,False,21,2014,GE
1839835,Lodhi Seema Kaushik,SP,23858,217,0.148882012720149,13,21,75,CT,Lodhi Seema Kaushik,SP,,,,,False,21,2014,GE
1839836,Santosh Chandrakar,GGP,23848,177,0.121438323739477,14,21,75,CT,Santosh Chandrakar,GGP,,,,,False,21,2014,GE
1839972,Abhishek Singh,BJP,23846,74219,54.5142714438911,1,21,76,CT,Abhishek Singh,BJP,,,,,True,21,2014,GE
1839973,Kamleshwar Verma,INC,23847,49957,36.693696472904,2,21,76,CT,Kamleshwar Verma,INC,,,,,False,21,2014,GE
1839974,None Of The Above,NOTA,23852,3555,2.61116742320743,3,21,76,CT,None Of The Above,NOTA,,,,,False,21,2014,GE
1839975,Anand Sahu,BSP,23850,2046,1.50279846635229,4,21,76,CT,Anand Sahu,BSP,,,,,False,21,2014,GE
1839976,Narendra Bansod Advocate,APoI,23853,1073,0.788124513390037,5,21,76,CT,Narendra Bansod Advocate,APoI,,,,,False,21,2014,GE
1839977,Sahukar Bhaskar,IND,23849,1042,0.765354839657426,6,21,76,CT,Sahukar Bhaskar,IND,,,,,False,21,2014,GE
1839978,Wamanrao Bagde,IND,23849,998,0.733036593069205,7,21,76,CT,Wamanrao Bagde,IND,,,,,False,21,2014,GE
1839979,Bhaskar Dwivedi,AAAP,23851,963,0.707328896919483,8,21,76,CT,Bhaskar Dwivedi,AAAP,,,,,False,21,2014,GE
1839980,Ramesh Yadav,IND,23849,492,0.361376757304658,9,21,76,CT,Ramesh Yadav,IND,,,,,False,21,2014,GE
1839981,Bhagat Soni,CSM,23856,466,0.342279611593436,10,21,76,CT,Bhagat Soni,CSM,,,,,False,21,2014,GE
1839982,Khemraj Lodhi,IND,23849,450,0.330527521924992,11,21,76,CT,Khemraj Lodhi,IND,,,,,False,21,2014,GE
1839983,Santosh Chandrakar,GGP,23848,300,0.220351681283328,12,21,76,CT,Santosh Chandrakar,GGP,,,,,False,21,2014,GE
1839984,Murad Bhai,IND,23849,300,0.220351681283328,12,21,76,CT,Murad Bhai,IND,,,,,False,21,2014,GE
1839985,Lodhi Seema Kaushik,SP,23858,285,0.209334097219161,14,21,76,CT,Lodhi Seema Kaushik,SP,,,,,False,21,2014,GE
1840071,Abhishek Singh,BJP,23846,65025,51.9551599603694,1,21,77,CT,Abhishek Singh,BJP,,,,,True,21,2014,GE
1840072,Kamleshwar Verma,INC,23847,46956,37.5179775640001,2,21,77,CT,Kamleshwar Verma,INC,,,,,False,21,2014,GE
1840073,None Of The Above,NOTA,23852,3380,2.70062961424142,3,21,77,CT,None Of The Above,NOTA,,,,,False,21,2014,GE
1840074,Anand Sahu,BSP,23850,1903,1.52050241298859,4,21,77,CT,Anand Sahu,BSP,,,,,False,21,2014,GE
1840075,Narendra Bansod Advocate,APoI,23853,1419,1.13378503627472,5,21,77,CT,Narendra Bansod Advocate,APoI,,,,,False,21,2014,GE
1840076,Wamanrao Bagde,IND,23849,1353,1.08105084854102,6,21,77,CT,Wamanrao Bagde,IND,,,,,False,21,2014,GE
1840077,Sahukar Bhaskar,IND,23849,1161,0.927642302406596,7,21,77,CT,Sahukar Bhaskar,IND,,,,,False,21,2014,GE
1840078,Ramesh Yadav,IND,23849,803,0.641599284093451,8,21,77,CT,Ramesh Yadav,IND,,,,,False,21,2014,GE
1840079,Bhaskar Dwivedi,AAAP,23851,771,0.616031193071047,9,21,77,CT,Bhaskar Dwivedi,AAAP,,,,,False,21,2014,GE
1840080,Khemraj Lodhi,IND,23849,681,0.544120937070535,10,21,77,CT,Khemraj Lodhi,IND,,,,,False,21,2014,GE
1840081,Bhagat Soni,CSM,23856,564,0.450637604269871,11,21,77,CT,Bhagat Soni,CSM,,,,,False,21,2014,GE
1840082,Murad Bhai,IND,23849,527,0.421074499025216,12,21,77,CT,Murad Bhai,IND,,,,,False,21,2014,GE
1840083,Santosh Chandrakar,GGP,23848,322,0.25727891591294,13,21,77,CT,Santosh Chandrakar,GGP,,,,,False,21,2014,GE
1840084,Lodhi Seema Kaushik,SP,23858,291,0.232509827734986,14,21,77,CT,Lodhi Seema Kaushik,SP,,,,,False,21,2014,GE
1840175,Abhishek Singh,BJP,23846,50273,47.1201882070652,1,21,78,CT,Abhishek Singh,BJP,,,,,True,21,2014,GE
1840176,Kamleshwar Verma,INC,23847,41909,39.2807265842479,2,21,78,CT,Kamleshwar Verma,INC,,,,,False,21,2014,GE
1840177,None Of The Above,NOTA,23852,3719,3.48576730933255,3,21,78,CT,None Of The Above,NOTA,,,,,False,21,2014,GE
1840178,Anand Sahu,BSP,23850,2293,2.14919721438546,4,21,78,CT,Anand Sahu,BSP,,,,,False,21,2014,GE
1840179,Narendra Bansod Advocate,APoI,23853,1744,1.63462710069265,5,21,78,CT,Narendra Bansod Advocate,APoI,,,,,False,21,2014,GE
1840180,Sahukar Bhaskar,IND,23849,1358,1.27283463459898,6,21,78,CT,Sahukar Bhaskar,IND,,,,,False,21,2014,GE
1840181,Wamanrao Bagde,IND,23849,1240,1.16223486517138,7,21,78,CT,Wamanrao Bagde,IND,,,,,False,21,2014,GE
1840182,Bhaskar Dwivedi,AAAP,23851,893,0.836996560159713,8,21,78,CT,Bhaskar Dwivedi,AAAP,,,,,False,21,2014,GE
1840183,Ramesh Yadav,IND,23849,724,0.678595195471033,9,21,78,CT,Ramesh Yadav,IND,,,,,False,21,2014,GE
1840184,Khemraj Lodhi,IND,23849,631,0.591427580583179,10,21,78,CT,Khemraj Lodhi,IND,,,,,False,21,2014,GE
1840185,Murad Bhai,IND,23849,582,0.545500557685278,11,21,78,CT,Murad Bhai,IND,,,,,False,21,2014,GE
1840186,Santosh Chandrakar,GGP,23848,526,0.493012531516247,12,21,78,CT,Santosh Chandrakar,GGP,,,,,False,21,2014,GE
1840187,Bhagat Soni,CSM,23856,469,0.439587219165627,13,21,78,CT,Bhagat Soni,CSM,,,,,False,21,2014,GE
1840188,Lodhi Seema Kaushik,SP,23858,330,0.309304439924642,14,21,78,CT,Lodhi Seema Kaushik,SP,,,,,False,21,2014,GE
1840273,Vikram Usendi,BJP,23846,55455,58.1490452672308,1,21,79,CT,Vikram Usendi,BJP,,,,,True,21,2014,GE
1840274,Smt. Phoolo Devi Netam,INC,23847,27175,28.4951817714723,2,21,79,CT,Smt. Phoolo Devi Netam,INC,,,,,False,21,2014,GE
1840275,None Of The Above,NOTA,23852,3225,3.3816729057221,3,21,79,CT,None Of The Above,NOTA,,,,,False,21,2014,GE
1840276,Ramesh Gawde,CPI,23878,2385,2.50086507911541,4,21,79,CT,Ramesh Gawde,CPI,,,,,False,21,2014,GE
1840277,Santosh Kumar Dhruw,AAAP,23851,1326,1.39041806914341,5,21,79,CT,Santosh Kumar Dhruw,AAAP,,,,,False,21,2014,GE
1840278,Ramsay Korram,BSP,23850,1146,1.20167353487055,6,21,79,CT,Ramsay Korram,BSP,,,,,False,21,2014,GE
1840279,Smt Jamuna Mandavi,CSM,23856,1135,1.19013914666498,7,21,79,CT,Smt Jamuna Mandavi,CSM,,,,,False,21,2014,GE
1840280,Malik Ram Thakur,APoI,23853,1067,1.11883565593968,8,21,79,CT,Malik Ram Thakur,APoI,,,,,False,21,2014,GE
1840281,Mahendra Gawade,IND,23849,1048,1.09891262176643,9,21,79,CT,Mahendra Gawade,IND,,,,,False,21,2014,GE
1840282,Amal Sai Sori,IND,23849,743,0.779095494248534,10,21,79,CT,Amal Sai Sori,IND,,,,,False,21,2014,GE
1840283,Hemlal Markam,GGP,23848,662,0.694160453825746,11,21,79,CT,Hemlal Markam,GGP,,,,,False,21,2014,GE
1840352,Smt. Phoolo Devi Netam,INC,23847,54104,44.6837680249748,1,21,80,CT,Smt. Phoolo Devi Netam,INC,,,,,False,21,2014,GE
1840353,Vikram Usendi,BJP,23846,51957,42.9105895178474,2,21,80,CT,Vikram Usendi,BJP,,,,,True,21,2014,GE
1840354,None Of The Above,NOTA,23852,3782,3.12350308055697,3,21,80,CT,None Of The Above,NOTA,,,,,False,21,2014,GE
1840355,Ramesh Gawde,CPI,23878,2880,2.37855337705026,4,21,80,CT,Ramesh Gawde,CPI,,,,,False,21,2014,GE
1840356,Mahendra Gawade,IND,23849,2453,2.02589980343899,5,21,80,CT,Mahendra Gawade,IND,,,,,False,21,2014,GE
1840357,Smt Jamuna Mandavi,CSM,23856,1104,0.911778794535934,6,21,80,CT,Smt Jamuna Mandavi,CSM,,,,,False,21,2014,GE
1840358,Malik Ram Thakur,APoI,23853,1094,0.903519928643398,7,21,80,CT,Malik Ram Thakur,APoI,,,,,False,21,2014,GE
1840359,Ramsay Korram,BSP,23850,1075,0.88782808344758,8,21,80,CT,Ramsay Korram,BSP,,,,,False,21,2014,GE
1840360,Santosh Kumar Dhruw,AAAP,23851,961,0.793677012272674,9,21,80,CT,Santosh Kumar Dhruw,AAAP,,,,,False,21,2014,GE
1840361,Hemlal Markam,GGP,23848,873,0.720998992418361,10,21,80,CT,Hemlal Markam,GGP,,,,,False,21,2014,GE
1840362,Amal Sai Sori,IND,23849,799,0.659883384813597,11,21,80,CT,Amal Sai Sori,IND,,,,,False,21,2014,GE
1840442,Vikram Usendi,BJP,23846,53684,47.6741914285206,1,21,81,CT,Vikram Usendi,BJP,,,,,True,21,2014,GE
1840443,Smt. Phoolo Devi Netam,INC,23847,43394,38.5361348418379,2,21,81,CT,Smt. Phoolo Devi Netam,INC,,,,,False,21,2014,GE
1840444,None Of The Above,NOTA,23852,3568,3.16857005843383,3,21,81,CT,None Of The Above,NOTA,,,,,False,21,2014,GE
1840445,Mahendra Gawade,IND,23849,3161,2.80713283484006,4,21,81,CT,Mahendra Gawade,IND,,,,,False,21,2014,GE
1840446,Ramesh Gawde,CPI,23878,2385,2.11800436921656,5,21,81,CT,Ramesh Gawde,CPI,,,,,False,21,2014,GE
1840447,Ramsay Korram,BSP,23850,1478,1.31254107241177,6,21,81,CT,Ramsay Korram,BSP,,,,,False,21,2014,GE
1840448,Malik Ram Thakur,APoI,23853,1124,0.99817061257837,7,21,81,CT,Malik Ram Thakur,APoI,,,,,False,21,2014,GE
1840449,Smt Jamuna Mandavi,CSM,23856,1118,0.992842299699838,8,21,81,CT,Smt Jamuna Mandavi,CSM,,,,,False,21,2014,GE
1840450,Hemlal Markam,GGP,23848,988,0.877395520664973,9,21,81,CT,Hemlal Markam,GGP,,,,,False,21,2014,GE
1840451,Santosh Kumar Dhruw,AAAP,23851,922,0.818784079001118,10,21,81,CT,Santosh Kumar Dhruw,AAAP,,,,,False,21,2014,GE
1840452,Amal Sai Sori,IND,23849,784,0.696232882794877,11,21,81,CT,Amal Sai Sori,IND,,,,,False,21,2014,GE
1840522,Vikram Usendi,BJP,23846,57068,43.8010883497455,1,21,82,CT,Vikram Usendi,BJP,,,,,True,21,2014,GE
1840523,Smt. Phoolo Devi Netam,INC,23847,50572,38.8152491768299,2,21,82,CT,Smt. Phoolo Devi Netam,INC,,,,,False,21,2014,GE
1840524,None Of The Above,NOTA,23852,5816,4.46392251072615,3,21,82,CT,None Of The Above,NOTA,,,,,False,21,2014,GE
1840525,Ramesh Gawde,CPI,23878,4356,3.34333673602529,4,21,82,CT,Ramesh Gawde,CPI,,,,,False,21,2014,GE
1840526,Mahendra Gawade,IND,23849,2671,2.05,5,21,82,CT,Mahendra Gawade,IND,,,,,False,21,2014,GE
1840527,Malik Ram Thakur,APoI,23853,2036,1.56267988855544,6,21,82,CT,Malik Ram Thakur,APoI,,,,,False,21,2014,GE
1840528,Smt Jamuna Mandavi,CSM,23856,1855,1.42,7,21,82,CT,Smt Jamuna Mandavi,CSM,,,,,False,21,2014,GE
1840529,Ramsay Korram,BSP,23850,1707,1.31016432699613,8,21,82,CT,Ramsay Korram,BSP,,,,,False,21,2014,GE
1840530,Amal Sai Sori,IND,23849,1493,1.1459140833071,9,21,82,CT,Amal Sai Sori,IND,,,,,False,21,2014,GE
1840531,Santosh Kumar Dhruw,AAAP,23851,1377,1.05688124093361,10,21,82,CT,Santosh Kumar Dhruw,AAAP,,,,,False,21,2014,GE
1840532,Hemlal Markam,GGP,23848,1338,1.02694778530804,11,21,82,CT,Hemlal Markam,GGP,,,,,False,21,2014,GE
1840599,Dinesh Kashyap,BJP,23846,50300,44.0532492555613,1,21,83,CT,Dinesh Kashyap,BJP,,,,,True,21,2014,GE
1840600,Deepak Karma (Bunty),INC,23847,48963,42.8822911192853,2,21,83,CT,Deepak Karma (Bunty),INC,,,,,False,21,2014,GE
1840601,None Of The Above,NOTA,23852,4613,4.04011210369591,3,21,83,CT,None Of The Above,NOTA,,,,,False,21,2014,GE
1840602,Bimala Sori,CPI,23878,3514,3.07759677701874,4,21,83,CT,Bimala Sori,CPI,,,,,False,21,2014,GE
1840603,Soni Sori,AAAP,23851,2284,2.00035032404974,5,21,83,CT,Soni Sori,AAAP,,,,,False,21,2014,GE
1840604,Ad. Manbodh Baghel,BSP,23850,1339,1.17270975652478,6,21,83,CT,Ad. Manbodh Baghel,BSP,,,,,False,21,2014,GE
1840605,Arjun Singh Thakur,APoI,23853,1273,1.11490628831669,7,21,83,CT,Arjun Singh Thakur,APoI,,,,,False,21,2014,GE
1840606,Shankar Thakur,SP,23858,1076,0.94237169381678,8,21,83,CT,Shankar Thakur,SP,,,,,False,21,2014,GE
1840607,Com. Devchand Duruv,CPM,23885,818,0.72,9,21,83,CT,Com. Devchand Duruv,CPM,,,,,False,21,2014,GE
1840666,Dinesh Kashyap,BJP,23846,62811,56.9378597652177,1,21,84,CT,Dinesh Kashyap,BJP,,,,,True,21,2014,GE
1840667,Deepak Karma (Bunty),INC,23847,33017,29.9297466346371,2,21,84,CT,Deepak Karma (Bunty),INC,,,,,False,21,2014,GE
1840668,None Of The Above,NOTA,23852,5372,4.86969133843992,3,21,84,CT,None Of The Above,NOTA,,,,,False,21,2014,GE
1840669,Bimala Sori,CPI,23878,2865,2.59710828083216,4,21,84,CT,Bimala Sori,CPI,,,,,False,21,2014,GE
1840670,Soni Sori,AAAP,23851,2050,1.85831482572632,5,21,84,CT,Soni Sori,AAAP,,,,,False,21,2014,GE
1840671,Ad. Manbodh Baghel,BSP,23850,1219,1.10501745002946,6,21,84,CT,Ad. Manbodh Baghel,BSP,,,,,False,21,2014,GE
1840672,Shankar Thakur,SP,23858,1103,0.999864025744459,7,21,84,CT,Shankar Thakur,SP,,,,,False,21,2014,GE
1840673,Arjun Singh Thakur,APoI,23853,1088,0.986266600190363,8,21,84,CT,Arjun Singh Thakur,APoI,,,,,False,21,2014,GE
1840674,Com. Devchand Duruv,CPM,23885,790,0.72,9,21,84,CT,Com. Devchand Duruv,CPM,,,,,False,21,2014,GE
1840733,Dinesh Kashyap,BJP,23846,52607,47.4723866589662,1,21,85,CT,Dinesh Kashyap,BJP,,,,,True,21,2014,GE
1840734,Deepak Karma (Bunty),INC,23847,44694,40.3317210511117,2,21,85,CT,Deepak Karma (Bunty),INC,,,,,False,21,2014,GE
1840735,None Of The Above,NOTA,23852,4069,3.67185244008085,3,21,85,CT,None Of The Above,NOTA,,,,,False,21,2014,GE
1840736,Bimala Sori,CPI,23878,3395,3.06363701992492,4,21,85,CT,Bimala Sori,CPI,,,,,False,21,2014,GE
1840737,Soni Sori,AAAP,23851,1833,1.65409327172971,5,21,85,CT,Soni Sori,AAAP,,,,,False,21,2014,GE
1840738,Arjun Singh Thakur,APoI,23853,1249,1.12709356049667,6,21,85,CT,Arjun Singh Thakur,APoI,,,,,False,21,2014,GE
1840739,Ad. Manbodh Baghel,BSP,23850,1151,1.0386586774473,7,21,85,CT,Ad. Manbodh Baghel,BSP,,,,,False,21,2014,GE
1840740,Shankar Thakur,SP,23858,1026,0.925859081721051,8,21,85,CT,Shankar Thakur,SP,,,,,False,21,2014,GE
1840741,Com. Devchand Duruv,CPM,23885,792,0.71,9,21,85,CT,Com. Devchand Duruv,CPM,,,,,False,21,2014,GE
1840799,Dinesh Kashyap,BJP,23846,67722,53.4586875695644,1,21,86,CT,Dinesh Kashyap,BJP,,,,,True,21,2014,GE
1840800,Deepak Karma (Bunty),INC,23847,45316,35.7717416187115,2,21,86,CT,Deepak Karma (Bunty),INC,,,,,False,21,2014,GE
1840801,None Of The Above,NOTA,23852,3948,3.11648944987804,3,21,86,CT,None Of The Above,NOTA,,,,,False,21,2014,GE
1840802,Bimala Sori,CPI,23878,3256,2.57023547335433,4,21,86,CT,Bimala Sori,CPI,,,,,False,21,2014,GE
1840803,Soni Sori,AAAP,23851,2869,2.2647437263678,5,21,86,CT,Soni Sori,AAAP,,,,,False,21,2014,GE
1840804,Ad. Manbodh Baghel,BSP,23850,1176,0.92831600634665,6,21,86,CT,Ad. Manbodh Baghel,BSP,,,,,False,21,2014,GE
1840805,Arjun Singh Thakur,APoI,23853,954,0.753072678617945,7,21,86,CT,Arjun Singh Thakur,APoI,,,,,False,21,2014,GE
1840806,Shankar Thakur,SP,23858,813,0.641769483979444,8,21,86,CT,Shankar Thakur,SP,,,,,False,21,2014,GE
1840807,Com. Devchand Duruv,CPM,23885,627,0.49,9,21,86,CT,Com. Devchand Duruv,CPM,,,,,False,21,2014,GE
1840900,Dinesh Kashyap,BJP,23846,55344,50.3374383788405,1,21,87,CT,Dinesh Kashyap,BJP,,,,,True,21,2014,GE
1840901,Deepak Karma (Bunty),INC,23847,32537,29.5936186855365,2,21,87,CT,Deepak Karma (Bunty),INC,,,,,False,21,2014,GE
1840902,None Of The Above,NOTA,23852,7259,6.60233205391737,3,21,87,CT,None Of The Above,NOTA,,,,,False,21,2014,GE
1840903,Bimala Sori,CPI,23878,6824,6.20668328088334,4,21,87,CT,Bimala Sori,CPI,,,,,False,21,2014,GE
1840904,Soni Sori,AAAP,23851,2371,2.1565131973878,5,21,87,CT,Soni Sori,AAAP,,,,,False,21,2014,GE
1840905,Ad. Manbodh Baghel,BSP,23850,1805,1.64171502373892,6,21,87,CT,Ad. Manbodh Baghel,BSP,,,,,False,21,2014,GE
1840906,Arjun Singh Thakur,APoI,23853,1443,1.31246248158186,7,21,87,CT,Arjun Singh Thakur,APoI,,,,,False,21,2014,GE
1840907,Shankar Thakur,SP,23858,1346,1.22423735288232,8,21,87,CT,Shankar Thakur,SP,,,,,False,21,2014,GE
1840908,Com. Devchand Duruv,CPM,23885,1017,0.92,9,21,87,CT,Com. Devchand Duruv,CPM,,,,,False,21,2014,GE
1840975,Dinesh Kashyap,BJP,23846,45746,50.4421656191421,1,21,88,CT,Dinesh Kashyap,BJP,,,,,True,21,2014,GE
1840976,Deepak Karma (Bunty),INC,23847,25819,28.4695115227698,2,21,88,CT,Deepak Karma (Bunty),INC,,,,,False,21,2014,GE
1840977,None Of The Above,NOTA,23852,6396,7.05259675818723,3,21,88,CT,None Of The Above,NOTA,,,,,False,21,2014,GE
1840978,Bimala Sori,CPI,23878,5566,6.13739111258132,4,21,88,CT,Bimala Sori,CPI,,,,,False,21,2014,GE
1840979,Soni Sori,AAAP,23851,2758,3.04112912118204,5,21,88,CT,Soni Sori,AAAP,,,,,False,21,2014,GE
1840980,Ad. Manbodh Baghel,BSP,23850,1250,1.37832175543058,6,21,88,CT,Ad. Manbodh Baghel,BSP,,,,,False,21,2014,GE
1840981,Shankar Thakur,SP,23858,1191,1.31326496857426,7,21,88,CT,Shankar Thakur,SP,,,,,False,21,2014,GE
1840982,Arjun Singh Thakur,APoI,23853,1074,1.18425405226596,8,21,88,CT,Arjun Singh Thakur,APoI,,,,,False,21,2014,GE
1840983,Com. Devchand Duruv,CPM,23885,890,0.98,9,21,88,CT,Com. Devchand Duruv,CPM,,,,,False,21,2014,GE
1841050,Dinesh Kashyap,BJP,23846,28180,48.9312566199579,1,21,89,CT,Dinesh Kashyap,BJP,,,,,True,21,2014,GE
1841051,Deepak Karma (Bunty),INC,23847,16288,28.2821968710388,2,21,89,CT,Deepak Karma (Bunty),INC,,,,,False,21,2014,GE
1841052,None Of The Above,NOTA,23852,4692,8.14710631869562,3,21,89,CT,None Of The Above,NOTA,,,,,False,21,2014,GE
1841053,Bimala Sori,CPI,23878,2382,4.13606292649893,4,21,89,CT,Bimala Sori,CPI,,,,,False,21,2014,GE
1841054,Soni Sori,AAAP,23851,1824,3.16716153565661,5,21,89,CT,Soni Sori,AAAP,,,,,False,21,2014,GE
1841055,Arjun Singh Thakur,APoI,23853,1269,2.20346929207688,6,21,89,CT,Arjun Singh Thakur,APoI,,,,,False,21,2014,GE
1841056,Ad. Manbodh Baghel,BSP,23850,1094,1.89960236842562,7,21,89,CT,Ad. Manbodh Baghel,BSP,,,,,False,21,2014,GE
1841057,Shankar Thakur,SP,23858,1033,1.79368304075289,8,21,89,CT,Shankar Thakur,SP,,,,,False,21,2014,GE
1841058,Com. Devchand Duruv,CPM,23885,829,1.44,9,21,89,CT,Com. Devchand Duruv,CPM,,,,,False,21,2014,GE
1841117,Dinesh Kashyap,BJP,23846,23112,46.5217391304347,1,21,90,CT,Dinesh Kashyap,BJP,,,,,True,21,2014,GE
1841118,Deepak Karma (Bunty),INC,23847,14829,29.8490338164251,2,21,90,CT,Deepak Karma (Bunty),INC,,,,,False,21,2014,GE
1841119,Bimala Sori,CPI,23878,6081,12.2403381642512,3,21,90,CT,Bimala Sori,CPI,,,,,False,21,2014,GE
1841120,None Of The Above,NOTA,23852,2423,4.87721417069243,4,21,90,CT,None Of The Above,NOTA,,,,,False,21,2014,GE
1841121,Soni Sori,AAAP,23851,914,1.83977455716586,5,21,90,CT,Soni Sori,AAAP,,,,,False,21,2014,GE
1841122,Ad. Manbodh Baghel,BSP,23850,740,1.48953301127214,6,21,90,CT,Ad. Manbodh Baghel,BSP,,,,,False,21,2014,GE
1841123,Arjun Singh Thakur,APoI,23853,616,1.23993558776167,7,21,90,CT,Arjun Singh Thakur,APoI,,,,,False,21,2014,GE
1841124,Shankar Thakur,SP,23858,548,1.10305958132045,8,21,90,CT,Shankar Thakur,SP,,,,,False,21,2014,GE
1841125,Com. Devchand Duruv,CPM,23885,417,0.84,9,21,90,CT,Com. Devchand Duruv,CPM,,,,,False,21,2014,GE
