el_res_id,ca_full_name,party_abb,party_id,el_vote_count,el_vote_perc,el_rank,el_id,ac_no,state_abb,original_ca_full_name,original_party_abb,caste,caste_category,gender,age,incumbency,el_id,el_year,el_type
1829716,Jyoti Nand Dubey,BJP,23846,66729,50.6866691986327,1,37,1,CT,Jyoti Nand Dubey,BJP,,,,,True,37,2019,GE
1829717,Jyotsna Charandas Mahant,INC,23847,45081,34.2430687428788,2,37,1,CT,Jyotsna Charandas Mahant,INC,,,,,False,37,2019,GE
1829718,Tuleshwar Hirasingh Markam,GGP,23848,9581,7.27763007975693,3,37,1,CT,Tuleshwar Hirasingh Markam,GGP,,,,,False,37,2019,GE
1829719,None Of The Above,NOTA,23852,2742,2.0827952905431,4,37,1,CT,None Of The Above,NOTA,,,,,False,37,2019,GE
1829720,Parmit Singh,BSP,23850,1817,1.38017470565894,5,37,1,CT,Parmit Singh,BSP,,,,,False,37,2019,GE
1829721,Lakhan Lal Dewangan,IND,23849,1544,1.17280668439042,6,37,1,CT,Lakhan Lal Dewangan,IND,,,,,False,37,2019,GE
1829722,Ramdayal Uraon,IND,23849,868,0.659323965058868,7,37,1,CT,Ramdayal Uraon,IND,,,,,False,37,2019,GE
1829723,Pramod Kumar Sharma,IND,23849,671,0.509684770224078,8,37,1,CT,Pramod Kumar Sharma,IND,,,,,False,37,2019,GE
1829724,Chandra Bhushan Kanwar Adhivakta L L M,APoI,23853,527,0.400303835928598,9,37,1,CT,Chandra Bhushan Kanwar Adhivakta L L M,APoI,,,,,False,37,2019,GE
1829725,Deepak Sahu,IND,23849,525,0.398784656285605,10,37,1,CT,Deepak Sahu,IND,,,,,False,37,2019,GE
1829726,Suman Lal Khande,RJsbhP,23864,431,0.327383213064944,11,37,1,CT,Suman Lal Khande,RJsbhP,,,,,False,37,2019,GE
1829727,Rajesh Pandey,BHBHP,23865,406,0.308393467527535,12,37,1,CT,Rajesh Pandey,BHBHP,,,,,False,37,2019,GE
1829728,Lilambar Singh,BTP,23866,394,0.299278389669578,13,37,1,CT,Lilambar Singh,BTP,,,,,False,37,2019,GE
1829729,Raj Kumar Yadav,BYPP,23867,334,0.253703000379794,14,37,1,CT,Raj Kumar Yadav,BYPP,,,,,False,37,2019,GE
1829842,Jyoti Nand Dubey,BJP,23846,45086,47.9398598573053,1,37,2,CT,Jyoti Nand Dubey,BJP,,,,,True,37,2019,GE
1829843,Jyotsna Charandas Mahant,INC,23847,40703,43.2794241177283,2,37,2,CT,Jyotsna Charandas Mahant,INC,,,,,False,37,2019,GE
1829844,Tuleshwar Hirasingh Markam,GGP,23848,2812,2.98999436451986,3,37,2,CT,Tuleshwar Hirasingh Markam,GGP,,,,,False,37,2019,GE
1829845,None Of The Above,NOTA,23852,1560,1.65874509553733,4,37,2,CT,None Of The Above,NOTA,,,,,False,37,2019,GE
1829846,Parmit Singh,BSP,23850,1057,1.12390613204036,5,37,2,CT,Parmit Singh,BSP,,,,,False,37,2019,GE
1829847,Lakhan Lal Dewangan,IND,23849,818,0.869777877018937,6,37,2,CT,Lakhan Lal Dewangan,IND,,,,,False,37,2019,GE
1829848,Ramdayal Uraon,IND,23849,424,0.450838410581943,7,37,2,CT,Ramdayal Uraon,IND,,,,,False,37,2019,GE
1829849,Pramod Kumar Sharma,IND,23849,300,0.318989441449488,8,37,2,CT,Pramod Kumar Sharma,IND,,,,,False,37,2019,GE
1829850,Chandra Bhushan Kanwar Adhivakta L L M,APoI,23853,271,0.288153795442704,9,37,2,CT,Chandra Bhushan Kanwar Adhivakta L L M,APoI,,,,,False,37,2019,GE
1829851,Deepak Sahu,IND,23849,253,0.269014428955734,10,37,2,CT,Deepak Sahu,IND,,,,,False,37,2019,GE
1829852,Rajesh Pandey,BHBHP,23865,222,0.236052186672621,11,37,2,CT,Rajesh Pandey,BHBHP,,,,,False,37,2019,GE
1829853,Suman Lal Khande,RJsbhP,23864,207,0.220102714600146,12,37,2,CT,Suman Lal Khande,RJsbhP,,,,,False,37,2019,GE
1829854,Lilambar Singh,BTP,23866,189,0.200963348113177,13,37,2,CT,Lilambar Singh,BTP,,,,,False,37,2019,GE
1829855,Raj Kumar Yadav,BYPP,23867,145,0.154178230033919,14,37,2,CT,Raj Kumar Yadav,BYPP,,,,,False,37,2019,GE
1829973,Jyoti Nand Dubey,BJP,23846,63178,50.1918600494148,1,37,3,CT,Jyoti Nand Dubey,BJP,,,,,True,37,2019,GE
1829974,Jyotsna Charandas Mahant,INC,23847,49535,39.3531575476869,2,37,3,CT,Jyotsna Charandas Mahant,INC,,,,,False,37,2019,GE
1829975,Tuleshwar Hirasingh Markam,GGP,23848,6205,4.9295718700595,3,37,3,CT,Tuleshwar Hirasingh Markam,GGP,,,,,False,37,2019,GE
1829976,None Of The Above,NOTA,23852,1951,1.54997497477616,4,37,3,CT,None Of The Above,NOTA,,,,,False,37,2019,GE
1829977,Parmit Singh,BSP,23850,1358,1.07886520540544,5,37,3,CT,Parmit Singh,BSP,,,,,False,37,2019,GE
1829978,Lakhan Lal Dewangan,IND,23849,1158,0.919974895331008,6,37,3,CT,Lakhan Lal Dewangan,IND,,,,,False,37,2019,GE
1829979,Ramdayal Uraon,IND,23849,550,0.43694835270471,7,37,3,CT,Ramdayal Uraon,IND,,,,,False,37,2019,GE
1829980,Pramod Kumar Sharma,IND,23849,388,0.308247201544413,8,37,3,CT,Pramod Kumar Sharma,IND,,,,,False,37,2019,GE
1829981,Chandra Bhushan Kanwar Adhivakta L L M,APoI,23853,372,0.295535976738458,9,37,3,CT,Chandra Bhushan Kanwar Adhivakta L L M,APoI,,,,,False,37,2019,GE
1829982,Deepak Sahu,IND,23849,269,0.213707467050121,10,37,3,CT,Deepak Sahu,IND,,,,,False,37,2019,GE
1829983,Raj Kumar Yadav,BYPP,23867,254,0.201790693794538,11,37,3,CT,Raj Kumar Yadav,BYPP,,,,,False,37,2019,GE
1829984,Suman Lal Khande,RJsbhP,23864,244,0.193846178290816,12,37,3,CT,Suman Lal Khande,RJsbhP,,,,,False,37,2019,GE
1829985,Rajesh Pandey,BHBHP,23865,217,0.172395986430767,13,37,3,CT,Rajesh Pandey,BHBHP,,,,,False,37,2019,GE
1829986,Lilambar Singh,BTP,23866,194,0.154123600772206,14,37,3,CT,Lilambar Singh,BTP,,,,,False,37,2019,GE
1830086,Renuka Singh Saruta,BJP,23846,96322,57.3847354530452,1,37,4,CT,Renuka Singh Saruta,BJP,,,,,True,37,2019,GE
1830087,Khel Sai Singh,INC,23847,56277,33.5275508927454,2,37,4,CT,Khel Sai Singh,INC,,,,,False,37,2019,GE
1830088,Asha Devi Poya,GGP,23848,4527,2.69700273453557,3,37,4,CT,Asha Devi Poya,GGP,,,,,False,37,2019,GE
1830089,None Of The Above,NOTA,23852,3501,2.08575360583367,4,37,4,CT,None Of The Above,NOTA,,,,,False,37,2019,GE
1830090,Maya Bhagat,BSP,23850,2069,1.23262616694369,5,37,4,CT,Maya Bhagat,BSP,,,,,False,37,2019,GE
1830091,Ramnath Cherwa,SSD,23886,1232,0.733975561950039,6,37,4,CT,Ramnath Cherwa,SSD,,,,,False,37,2019,GE
1830092,Palsay Uranv,IND,23849,1226,0.730401005641841,7,37,4,CT,Palsay Uranv,IND,,,,,False,37,2019,GE
1830093,Mohan Singh Tekam,SHS,23868,1078,0.642228616706284,8,37,4,CT,Mohan Singh Tekam,SHS,,,,,False,37,2019,GE
1830094,Guman Singh Poya,APoI,23853,679,0.404520622211101,9,37,4,CT,Guman Singh Poya,APoI,,,,,False,37,2019,GE
1830095,Pawan Kumar Nag,BMUP,23887,474,0.282389948347661,10,37,4,CT,Pawan Kumar Nag,BMUP,,,,,False,37,2019,GE
1830096,Chandradeep Singh Korcho,RJsbhP,23864,468,0.278815392039463,11,37,4,CT,Chandradeep Singh Korcho,RJsbhP,,,,,False,37,2019,GE
1830193,Renuka Singh Saruta,BJP,23846,101643,59.8466783247663,1,37,5,CT,Renuka Singh Saruta,BJP,,,,,True,37,2019,GE
1830194,Khel Sai Singh,INC,23847,52027,30.6331290221916,2,37,5,CT,Khel Sai Singh,INC,,,,,False,37,2019,GE
1830195,Asha Devi Poya,GGP,23848,4599,2.70785861904509,3,37,5,CT,Asha Devi Poya,GGP,,,,,False,37,2019,GE
1830196,None Of The Above,NOTA,23852,3489,2.05429848268065,4,37,5,CT,None Of The Above,NOTA,,,,,False,37,2019,GE
1830197,Maya Bhagat,BSP,23850,2780,1.63684430548931,5,37,5,CT,Maya Bhagat,BSP,,,,,False,37,2019,GE
1830198,Ramnath Cherwa,SSD,23886,1352,0.796048021950199,6,37,5,CT,Ramnath Cherwa,SSD,,,,,False,37,2019,GE
1830199,Palsay Uranv,IND,23849,1226,0.721860114579101,7,37,5,CT,Palsay Uranv,IND,,,,,False,37,2019,GE
1830200,Mohan Singh Tekam,SHS,23868,1001,0.589381708559282,8,37,5,CT,Mohan Singh Tekam,SHS,,,,,False,37,2019,GE
1830201,Guman Singh Poya,APoI,23853,736,0.433351585913718,9,37,5,CT,Guman Singh Poya,APoI,,,,,False,37,2019,GE
1830203,Pawan Kumar Nag,RJsbhP,23864,493,0.29,10,37,5,CT,Pawan Kumar Nag,RJsbhP,,,,,False,37,2019,GE
1830202,Chandradeep Singh Korcho,BMUP,23887,493,0.29,10,37,5,CT,Chandradeep Singh Korcho,BMUP,,,,,False,37,2019,GE
1830328,Renuka Singh Saruta,BJP,23846,77659,47.325057740239,1,37,6,CT,Renuka Singh Saruta,BJP,,,,,True,37,2019,GE
1830329,Khel Sai Singh,INC,23847,67361,41.0495012096503,2,37,6,CT,Khel Sai Singh,INC,,,,,False,37,2019,GE
1830330,Asha Devi Poya,GGP,23848,5842,3.56008945928322,3,37,6,CT,Asha Devi Poya,GGP,,,,,False,37,2019,GE
1830331,None Of The Above,NOTA,23852,4561,2.77945361584916,4,37,6,CT,None Of The Above,NOTA,,,,,False,37,2019,GE
1830332,Maya Bhagat,BSP,23850,3041,1.85317220912021,5,37,6,CT,Maya Bhagat,BSP,,,,,False,37,2019,GE
1830333,Palsay Uranv,IND,23849,1295,0.789167382706569,6,37,6,CT,Palsay Uranv,IND,,,,,False,37,2019,GE
1830334,Ramnath Cherwa,SSD,23886,1270,0.773932491148528,7,37,6,CT,Ramnath Cherwa,SSD,,,,,False,37,2019,GE
1830335,Mohan Singh Tekam,SHS,23868,984,0.599645331724528,8,37,6,CT,Mohan Singh Tekam,SHS,,,,,False,37,2019,GE
1830336,Guman Singh Poya,APoI,23853,902,0.549674887414151,9,37,6,CT,Guman Singh Poya,APoI,,,,,False,37,2019,GE
1830337,Pawan Kumar Nag,BMUP,23887,618,0.376606519314795,10,37,6,CT,Pawan Kumar Nag,BMUP,,,,,False,37,2019,GE
1830338,Chandradeep Singh Korcho,RJsbhP,23864,564,0.343699153549425,11,37,6,CT,Chandradeep Singh Korcho,RJsbhP,,,,,False,37,2019,GE
1830435,Renuka Singh Saruta,BJP,23846,81719,54.6045597904527,1,37,7,CT,Renuka Singh Saruta,BJP,,,,,True,37,2019,GE
1830436,Khel Sai Singh,INC,23847,55639,37.1779280483241,2,37,7,CT,Khel Sai Singh,INC,,,,,False,37,2019,GE
1830437,None Of The Above,NOTA,23852,3551,2.37277489709734,3,37,7,CT,None Of The Above,NOTA,,,,,False,37,2019,GE
1830438,Asha Devi Poya,GGP,23848,2193,1.4653605602181,4,37,7,CT,Asha Devi Poya,GGP,,,,,False,37,2019,GE
1830439,Maya Bhagat,BSP,23850,1811,1.21010851552894,5,37,7,CT,Maya Bhagat,BSP,,,,,False,37,2019,GE
1830440,Ramnath Cherwa,SSD,23886,1047,0.699604426150638,6,37,7,CT,Ramnath Cherwa,SSD,,,,,False,37,2019,GE
1830441,Palsay Uranv,IND,23849,1018,0.680226653124498,7,37,7,CT,Palsay Uranv,IND,,,,,False,37,2019,GE
1830442,Mohan Singh Tekam,SHS,23868,910,0.608061153578874,8,37,7,CT,Mohan Singh Tekam,SHS,,,,,False,37,2019,GE
1830443,Guman Singh Poya,APoI,23853,705,0.47108034425616,9,37,7,CT,Guman Singh Poya,APoI,,,,,False,37,2019,GE
1830444,Pawan Kumar Nag,BMUP,23887,581,0.388223659592665,10,37,7,CT,Pawan Kumar Nag,BMUP,,,,,False,37,2019,GE
1830445,Chandradeep Singh Korcho,RJsbhP,23864,482,0.322071951675843,11,37,7,CT,Chandradeep Singh Korcho,RJsbhP,,,,,False,37,2019,GE
1830537,Renuka Singh Saruta,BJP,23846,81897,51.8302639073476,1,37,8,CT,Renuka Singh Saruta,BJP,,,,,True,37,2019,GE
1830538,Khel Sai Singh,INC,23847,61737,39.0715777482437,2,37,8,CT,Khel Sai Singh,INC,,,,,False,37,2019,GE
1830539,None Of The Above,NOTA,23852,4515,2.85741408771596,3,37,8,CT,None Of The Above,NOTA,,,,,False,37,2019,GE
1830540,Maya Bhagat,BSP,23850,1928,1.22017593823175,4,37,8,CT,Maya Bhagat,BSP,,,,,False,37,2019,GE
1830541,Asha Devi Poya,GGP,23848,1771,1.12081513828238,5,37,8,CT,Asha Devi Poya,GGP,,,,,False,37,2019,GE
1830542,Palsay Uranv,IND,23849,1450,0.917663439022846,6,37,8,CT,Palsay Uranv,IND,,,,,False,37,2019,GE
1830543,Ramnath Cherwa,SSD,23886,1428,0.903740269603189,7,37,8,CT,Ramnath Cherwa,SSD,,,,,False,37,2019,GE
1830544,Mohan Singh Tekam,SHS,23868,1138,0.72020758179862,8,37,8,CT,Mohan Singh Tekam,SHS,,,,,False,37,2019,GE
1830545,Guman Singh Poya,APoI,23853,790,0.499968356433137,9,37,8,CT,Guman Singh Poya,APoI,,,,,False,37,2019,GE
1830546,Pawan Kumar Nag,BMUP,23887,751,0.475286374280108,10,37,8,CT,Pawan Kumar Nag,BMUP,,,,,False,37,2019,GE
1830547,Chandradeep Singh Korcho,RJsbhP,23864,605,0.382887159040567,11,37,8,CT,Chandradeep Singh Korcho,RJsbhP,,,,,False,37,2019,GE
1830640,Renuka Singh Saruta,BJP,23846,75095,51.0090409525944,1,37,9,CT,Renuka Singh Saruta,BJP,,,,,True,37,2019,GE
1830641,Khel Sai Singh,INC,23847,60962,41.409057254838,2,37,9,CT,Khel Sai Singh,INC,,,,,False,37,2019,GE
1830642,None Of The Above,NOTA,23852,3051,2.07242271717645,3,37,9,CT,None Of The Above,NOTA,,,,,False,37,2019,GE
1830643,Maya Bhagat,BSP,23850,1822,1.2376119930172,4,37,9,CT,Maya Bhagat,BSP,,,,,False,37,2019,GE
1830644,Asha Devi Poya,GGP,23848,1562,1.06100435405756,5,37,9,CT,Asha Devi Poya,GGP,,,,,False,37,2019,GE
1830645,Palsay Uranv,IND,23849,1086,0.73767652273144,6,37,9,CT,Palsay Uranv,IND,,,,,False,37,2019,GE
1830646,Ramnath Cherwa,SSD,23886,1048,0.711864637037338,7,37,9,CT,Ramnath Cherwa,SSD,,,,,False,37,2019,GE
1830647,Mohan Singh Tekam,SHS,23868,889,0.603862273212017,8,37,9,CT,Mohan Singh Tekam,SHS,,,,,False,37,2019,GE
1830648,Guman Singh Poya,APoI,23853,693,0.470727283842438,9,37,9,CT,Guman Singh Poya,APoI,,,,,False,37,2019,GE
1830649,Chandradeep Singh Korcho,RJsbhP,23864,506,0.343705635821463,10,37,9,CT,Chandradeep Singh Korcho,RJsbhP,,,,,False,37,2019,GE
1830650,Pawan Kumar Nag,BMUP,23887,505,0.343026375671618,11,37,9,CT,Pawan Kumar Nag,BMUP,,,,,False,37,2019,GE
1830746,Renuka Singh Saruta,BJP,23846,89488,51.5703698581192,1,37,10,CT,Renuka Singh Saruta,BJP,,,,,True,37,2019,GE
1830747,Khel Sai Singh,INC,23847,73449,42.3273745721102,2,37,10,CT,Khel Sai Singh,INC,,,,,False,37,2019,GE
1830748,Asha Devi Poya,GGP,23848,2714,1.56403075043509,3,37,10,CT,Asha Devi Poya,GGP,,,,,False,37,2019,GE
1830749,None Of The Above,NOTA,23852,2469,1.42284153383354,4,37,10,CT,None Of The Above,NOTA,,,,,False,37,2019,GE
1830750,Maya Bhagat,BSP,23850,2330,1.34273826400654,5,37,10,CT,Maya Bhagat,BSP,,,,,False,37,2019,GE
1830751,Palsay Uranv,IND,23849,874,0.50367091963164,6,37,10,CT,Palsay Uranv,IND,,,,,False,37,2019,GE
1830752,Ramnath Cherwa,SSD,23886,718,0.413770847020043,7,37,10,CT,Ramnath Cherwa,SSD,,,,,False,37,2019,GE
1830753,Mohan Singh Tekam,SHS,23868,530,0.305429733872733,8,37,10,CT,Mohan Singh Tekam,SHS,,,,,False,37,2019,GE
1830754,Guman Singh Poya,APoI,23853,395,0.227631594112697,9,37,10,CT,Guman Singh Poya,APoI,,,,,False,37,2019,GE
1830755,Pawan Kumar Nag,BMUP,23887,331,0.190749513041273,10,37,10,CT,Pawan Kumar Nag,BMUP,,,,,False,37,2019,GE
1830756,Chandradeep Singh Korcho,RJsbhP,23864,228,0.131392413816949,11,37,10,CT,Chandradeep Singh Korcho,RJsbhP,,,,,False,37,2019,GE
1830866,Khel Sai Singh,INC,23847,77475,52.2801500755776,1,37,11,CT,Khel Sai Singh,INC,,,,,False,37,2019,GE
1830867,Renuka Singh Saruta,BJP,23846,58605,39.5466691859209,2,37,11,CT,Renuka Singh Saruta,BJP,,,,,True,37,2019,GE
1830868,None Of The Above,NOTA,23852,4116,2.7774778665515,3,37,11,CT,None Of The Above,NOTA,,,,,False,37,2019,GE
1830869,Maya Bhagat,BSP,23850,2708,1.82735910170589,4,37,11,CT,Maya Bhagat,BSP,,,,,False,37,2019,GE
1830870,Asha Devi Poya,GGP,23848,1231,0.830679118980781,5,37,11,CT,Asha Devi Poya,GGP,,,,,False,37,2019,GE
1830871,Palsay Uranv,IND,23849,1229,0.829329518462535,6,37,11,CT,Palsay Uranv,IND,,,,,False,37,2019,GE
1830872,Ramnath Cherwa,SSD,23886,961,0.64848304901749,7,37,11,CT,Ramnath Cherwa,SSD,,,,,False,37,2019,GE
1830873,Mohan Singh Tekam,SHS,23868,628,0.423774562729432,8,37,11,CT,Mohan Singh Tekam,SHS,,,,,False,37,2019,GE
1830874,Guman Singh Poya,APoI,23853,486,0.327952925933923,9,37,11,CT,Guman Singh Poya,APoI,,,,,False,37,2019,GE
1830875,Pawan Kumar Nag,BMUP,23887,388,0.26182250053984,10,37,11,CT,Pawan Kumar Nag,BMUP,,,,,False,37,2019,GE
1830876,Chandradeep Singh Korcho,RJsbhP,23864,365,0.246302094580004,11,37,11,CT,Chandradeep Singh Korcho,RJsbhP,,,,,False,37,2019,GE
1830965,Gomati Sai,BJP,23846,94759,56.7993957957453,1,37,12,CT,Gomati Sai,BJP,,,,,True,37,2019,GE
1830966,Laljeet Singh Rathia,INC,23847,60818,36.4548555124647,2,37,12,CT,Laljeet Singh Rathia,INC,,,,,False,37,2019,GE
1830967,None Of The Above,NOTA,23852,2225,1.3336849866032,3,37,12,CT,None Of The Above,NOTA,,,,,False,37,2019,GE
1830968,Innocent Kujur,BSP,23850,1605,0.962051417302539,4,37,12,CT,Innocent Kujur,BSP,,,,,False,37,2019,GE
1830969,Prakash Kumar Uranw,IND,23849,1473,0.882929431580461,5,37,12,CT,Prakash Kumar Uranw,IND,,,,,False,37,2019,GE
1830970,Naval Kishor Rathia,IND,23849,1207,0.723486642170819,6,37,12,CT,Naval Kishor Rathia,IND,,,,,False,37,2019,GE
1830971,Amrit Tirkey,PSPL,23897,1077,0.645563474414227,7,37,12,CT,Amrit Tirkey,PSPL,,,,,False,37,2019,GE
1830972,Tarika Tarangini Uraon,IND,23849,730,0.437568557402401,8,37,12,CT,Tarika Tarangini Uraon,IND,,,,,False,37,2019,GE
1830973,Tejram Sidar,IND,23849,712,0.426779195713026,9,37,12,CT,Tejram Sidar,IND,,,,,False,37,2019,GE
1830974,Ravishankar Sidar,APoI,23853,566,0.339265484232546,10,37,12,CT,Ravishankar Sidar,APoI,,,,,False,37,2019,GE
1830975,Vijay Lakara,SHS,23868,445,0.266736997320641,11,37,12,CT,Vijay Lakara,SHS,,,,,False,37,2019,GE
1830976,Vir Kumar Tigga,BMUP,23887,394,0.236167139200748,12,37,12,CT,Vir Kumar Tigga,BMUP,,,,,False,37,2019,GE
1830977,Kripa Shankar Bhagat,BTP,23866,375,0.22477836852863,13,37,12,CT,Kripa Shankar Bhagat,BTP,,,,,False,37,2019,GE
1830978,Jyoti Bhagat,KMSP,23898,237,0.142059928910094,14,37,12,CT,Jyoti Bhagat,KMSP,,,,,False,37,2019,GE
1830979,Jai Singh Sidar,GGP,23848,208,0.124677068410547,15,37,12,CT,Jai Singh Sidar,GGP,,,,,False,37,2019,GE
1831061,Gomati Sai,BJP,23846,85605,56.7623480734419,1,37,13,CT,Gomati Sai,BJP,,,,,True,37,2019,GE
1831062,Laljeet Singh Rathia,INC,23847,56241,37.2918780211254,2,37,13,CT,Laljeet Singh Rathia,INC,,,,,False,37,2019,GE
1831063,None Of The Above,NOTA,23852,1535,1.01781676645912,3,37,13,CT,None Of The Above,NOTA,,,,,False,37,2019,GE
1831064,Prakash Kumar Uranw,IND,23849,1339,0.887854495302129,4,37,13,CT,Prakash Kumar Uranw,IND,,,,,False,37,2019,GE
1831065,Naval Kishor Rathia,IND,23849,1138,0.754576860085005,5,37,13,CT,Naval Kishor Rathia,IND,,,,,False,37,2019,GE
1831066,Innocent Kujur,BSP,23850,1073,0.711477127303349,6,37,13,CT,Innocent Kujur,BSP,,,,,False,37,2019,GE
1831067,Amrit Tirkey,PSPL,23897,897,0.594776312386863,7,37,13,CT,Amrit Tirkey,PSPL,,,,,False,37,2019,GE
1831068,Tarika Tarangini Uraon,IND,23849,628,0.416409725952006,8,37,13,CT,Tarika Tarangini Uraon,IND,,,,,False,37,2019,GE
1831069,Tejram Sidar,IND,23849,581,0.385245303786808,9,37,13,CT,Tejram Sidar,IND,,,,,False,37,2019,GE
1831070,Ravishankar Sidar,APoI,23853,436,0.289099746043112,10,37,13,CT,Ravishankar Sidar,APoI,,,,,False,37,2019,GE
1831071,Vijay Lakara,SHS,23868,345,0.228760120148793,11,37,13,CT,Vijay Lakara,SHS,,,,,False,37,2019,GE
1831072,Vir Kumar Tigga,BMUP,23887,280,0.185660387367136,12,37,13,CT,Vir Kumar Tigga,BMUP,,,,,False,37,2019,GE
1831073,Kripa Shankar Bhagat,BTP,23866,264,0.175051222374728,13,37,13,CT,Kripa Shankar Bhagat,BTP,,,,,False,37,2019,GE
1831074,Jai Singh Sidar,GGP,23848,260,0.172398931126627,14,37,13,CT,Jai Singh Sidar,GGP,,,,,False,37,2019,GE
1831075,Jyoti Bhagat,KMSP,23898,191,0.126646907096868,15,37,13,CT,Jyoti Bhagat,KMSP,,,,,False,37,2019,GE
1831157,Laljeet Singh Rathia,INC,23847,79642,48.3719517750311,1,37,14,CT,Laljeet Singh Rathia,INC,,,,,False,37,2019,GE
1831158,Gomati Sai,BJP,23846,71051,43.1540587324243,2,37,14,CT,Gomati Sai,BJP,,,,,True,37,2019,GE
1831159,Innocent Kujur,BSP,23850,2860,1.73707066719305,3,37,14,CT,Innocent Kujur,BSP,,,,,False,37,2019,GE
1831160,None Of The Above,NOTA,23852,2640,1.60344984663974,4,37,14,CT,None Of The Above,NOTA,,,,,False,37,2019,GE
1831161,Prakash Kumar Uranw,IND,23849,1696,1.0300950529928,5,37,14,CT,Prakash Kumar Uranw,IND,,,,,False,37,2019,GE
1831162,Amrit Tirkey,PSPL,23897,1448,0.879467946187251,6,37,14,CT,Amrit Tirkey,PSPL,,,,,False,37,2019,GE
1831163,Naval Kishor Rathia,IND,23849,1409,0.855780618907346,7,37,14,CT,Naval Kishor Rathia,IND,,,,,False,37,2019,GE
1831164,Tejram Sidar,IND,23849,817,0.496219138145707,8,37,14,CT,Tejram Sidar,IND,,,,,False,37,2019,GE
1831165,Tarika Tarangini Uraon,IND,23849,744,0.451881320416654,9,37,14,CT,Tarika Tarangini Uraon,IND,,,,,False,37,2019,GE
1831166,Ravishankar Sidar,APoI,23853,497,0.301861580977254,10,37,14,CT,Ravishankar Sidar,APoI,,,,,False,37,2019,GE
1831167,Vir Kumar Tigga,BMUP,23887,410,0.24902062012208,11,37,14,CT,Vir Kumar Tigga,BMUP,,,,,False,37,2019,GE
1831168,Kripa Shankar Bhagat,BTP,23866,402,0.244161681192869,12,37,14,CT,Kripa Shankar Bhagat,BTP,,,,,False,37,2019,GE
1831169,Vijay Lakara,SHS,23868,394,0.239302742263658,13,37,14,CT,Vijay Lakara,SHS,,,,,False,37,2019,GE
1831170,Jai Singh Sidar,GGP,23848,351,0.213185945519147,14,37,14,CT,Jai Singh Sidar,GGP,,,,,False,37,2019,GE
1831171,Jyoti Bhagat,KMSP,23898,284,0.172492331987002,15,37,14,CT,Jyoti Bhagat,KMSP,,,,,False,37,2019,GE
1831245,Gomati Sai,BJP,23846,76151,47.6360565494807,1,37,15,CT,Gomati Sai,BJP,,,,,True,37,2019,GE
1831246,Laljeet Singh Rathia,INC,23847,71099,44.4757913174027,2,37,15,CT,Laljeet Singh Rathia,INC,,,,,False,37,2019,GE
1831247,Innocent Kujur,BSP,23850,2212,1.38371074690354,3,37,15,CT,Innocent Kujur,BSP,,,,,False,37,2019,GE
1831248,None Of The Above,NOTA,23852,2183,1.36556987363943,4,37,15,CT,None Of The Above,NOTA,,,,,False,37,2019,GE
1831249,Prakash Kumar Uranw,IND,23849,1316,0.823220317778055,5,37,15,CT,Prakash Kumar Uranw,IND,,,,,False,37,2019,GE
1831250,Naval Kishor Rathia,IND,23849,1210,0.756912298260978,6,37,15,CT,Naval Kishor Rathia,IND,,,,,False,37,2019,GE
1831251,Amrit Tirkey,PSPL,23897,1092,0.683097710496684,7,37,15,CT,Amrit Tirkey,PSPL,,,,,False,37,2019,GE
1831252,Tarika Tarangini Uraon,IND,23849,1001,0.626172901288627,8,37,15,CT,Tarika Tarangini Uraon,IND,,,,,False,37,2019,GE
1831253,Tejram Sidar,IND,23849,760,0.475415988990366,9,37,15,CT,Tejram Sidar,IND,,,,,False,37,2019,GE
1831254,Jai Singh Sidar,GGP,23848,756,0.472913799574627,10,37,15,CT,Jai Singh Sidar,GGP,,,,,False,37,2019,GE
1831255,Vijay Lakara,SHS,23868,585,0.365945202051795,11,37,15,CT,Vijay Lakara,SHS,,,,,False,37,2019,GE
1831256,Ravishankar Sidar,APoI,23853,492,0.307769298135868,12,37,15,CT,Ravishankar Sidar,APoI,,,,,False,37,2019,GE
1831257,Vir Kumar Tigga,BMUP,23887,385,0.240835731264856,13,37,15,CT,Vir Kumar Tigga,BMUP,,,,,False,37,2019,GE
1831258,Kripa Shankar Bhagat,BTP,23866,329,0.205805079444513,14,37,15,CT,Kripa Shankar Bhagat,BTP,,,,,False,37,2019,GE
1831259,Jyoti Bhagat,KMSP,23898,289,0.180783185287126,15,37,15,CT,Jyoti Bhagat,KMSP,,,,,False,37,2019,GE
1831330,Gomati Sai,BJP,23846,111997,60.3207859147192,1,37,16,CT,Gomati Sai,BJP,,,,,True,37,2019,GE
1831331,Laljeet Singh Rathia,INC,23847,65338,35.1905810878498,2,37,16,CT,Laljeet Singh Rathia,INC,,,,,False,37,2019,GE
1831332,Innocent Kujur,BSP,23850,2705,1.45689371946851,3,37,16,CT,Innocent Kujur,BSP,,,,,False,37,2019,GE
1831333,None Of The Above,NOTA,23852,1355,0.729793341914913,4,37,16,CT,None Of The Above,NOTA,,,,,False,37,2019,GE
1831334,Prakash Kumar Uranw,IND,23849,693,0.373244860477516,5,37,16,CT,Prakash Kumar Uranw,IND,,,,,False,37,2019,GE
1831335,Amrit Tirkey,PSPL,23897,681,0.366781746010373,6,37,16,CT,Amrit Tirkey,PSPL,,,,,False,37,2019,GE
1831336,Naval Kishor Rathia,IND,23849,668,0.359780038670968,7,37,16,CT,Naval Kishor Rathia,IND,,,,,False,37,2019,GE
1831337,Tarika Tarangini Uraon,IND,23849,439,0.236442270922986,8,37,16,CT,Tarika Tarangini Uraon,IND,,,,,False,37,2019,GE
1831338,Tejram Sidar,IND,23849,439,0.236442270922986,8,37,16,CT,Tejram Sidar,IND,,,,,False,37,2019,GE
1831339,Ravishankar Sidar,APoI,23853,334,0.179890019335484,10,37,16,CT,Ravishankar Sidar,APoI,,,,,False,37,2019,GE
1831340,Vijay Lakara,SHS,23868,299,0.161039268806316,11,37,16,CT,Vijay Lakara,SHS,,,,,False,37,2019,GE
1831341,Kripa Shankar Bhagat,BTP,23866,237,0.127646510726077,12,37,16,CT,Kripa Shankar Bhagat,BTP,,,,,False,37,2019,GE
1831342,Vir Kumar Tigga,BMUP,23887,193,0.103948424346552,13,37,16,CT,Vir Kumar Tigga,BMUP,,,,,False,37,2019,GE
1831343,Jyoti Bhagat,KMSP,23898,163,0.0877906381786943,14,37,16,CT,Jyoti Bhagat,KMSP,,,,,False,37,2019,GE
1831344,Jai Singh Sidar,GGP,23848,128,0.0689398876495268,15,37,16,CT,Jai Singh Sidar,GGP,,,,,False,37,2019,GE
1831447,Gomati Sai,BJP,23846,86652,46.4853787679647,1,37,17,CT,Gomati Sai,BJP,,,,,True,37,2019,GE
1831448,Laljeet Singh Rathia,INC,23847,80327,43.0922658483855,2,37,17,CT,Laljeet Singh Rathia,INC,,,,,False,37,2019,GE
1831449,Innocent Kujur,BSP,23850,10618,5.69613802056789,3,37,17,CT,Innocent Kujur,BSP,,,,,False,37,2019,GE
1831450,None Of The Above,NOTA,23852,1298,0.696325781757122,4,37,17,CT,None Of The Above,NOTA,,,,,False,37,2019,GE
1831451,Amrit Tirkey,PSPL,23897,1131,0.606736871469419,5,37,17,CT,Amrit Tirkey,PSPL,,,,,False,37,2019,GE
1831452,Naval Kishor Rathia,IND,23849,1045,0.560601264973954,6,37,17,CT,Naval Kishor Rathia,IND,,,,,False,37,2019,GE
1831453,Prakash Kumar Uranw,IND,23849,924,0.495689539555917,7,37,17,CT,Prakash Kumar Uranw,IND,,,,,False,37,2019,GE
1831454,Tejram Sidar,IND,23849,872,0.467793591442381,8,37,17,CT,Tejram Sidar,IND,,,,,False,37,2019,GE
1831455,Tarika Tarangini Uraon,IND,23849,859,0.460819604413997,9,37,17,CT,Tarika Tarangini Uraon,IND,,,,,False,37,2019,GE
1831456,Ravishankar Sidar,APoI,23853,795,0.426486129812721,10,37,17,CT,Ravishankar Sidar,APoI,,,,,False,37,2019,GE
1831457,Vijay Lakara,SHS,23868,556,0.298272060598582,11,37,17,CT,Vijay Lakara,SHS,,,,,False,37,2019,GE
1831458,Vir Kumar Tigga,BMUP,23887,450,0.241407243290219,12,37,17,CT,Vir Kumar Tigga,BMUP,,,,,False,37,2019,GE
1831459,Kripa Shankar Bhagat,BTP,23866,370,0.198490400038625,13,37,17,CT,Kripa Shankar Bhagat,BTP,,,,,False,37,2019,GE
1831460,Jyoti Bhagat,KMSP,23898,285,0.152891254083805,14,37,17,CT,Jyoti Bhagat,KMSP,,,,,False,37,2019,GE
1831461,Jai Singh Sidar,GGP,23848,225,0.120703621645109,15,37,17,CT,Jai Singh Sidar,GGP,,,,,False,37,2019,GE
1831552,Laljeet Singh Rathia,INC,23847,89496,53.3463675162728,1,37,18,CT,Laljeet Singh Rathia,INC,,,,,False,37,2019,GE
1831553,Gomati Sai,BJP,23846,70765,42.1812784626022,2,37,18,CT,Gomati Sai,BJP,,,,,True,37,2019,GE
1831554,Innocent Kujur,BSP,23850,1999,1.19155480317588,3,37,18,CT,Innocent Kujur,BSP,,,,,False,37,2019,GE
1831555,None Of The Above,NOTA,23852,1150,0.685486755203738,4,37,18,CT,None Of The Above,NOTA,,,,,False,37,2019,GE
1831556,Naval Kishor Rathia,IND,23849,961,0.572828497174602,5,37,18,CT,Naval Kishor Rathia,IND,,,,,False,37,2019,GE
1831557,Amrit Tirkey,PSPL,23897,830,0.494742614625306,6,37,18,CT,Amrit Tirkey,PSPL,,,,,False,37,2019,GE
1831558,Prakash Kumar Uranw,IND,23849,787,0.46911137073508,7,37,18,CT,Prakash Kumar Uranw,IND,,,,,False,37,2019,GE
1831559,Tejram Sidar,IND,23849,408,0.2431987792375,8,37,18,CT,Tejram Sidar,IND,,,,,False,37,2019,GE
1831560,Tarika Tarangini Uraon,IND,23849,347,0.206838177439736,9,37,18,CT,Tarika Tarangini Uraon,IND,,,,,False,37,2019,GE
1831561,Ravishankar Sidar,APoI,23853,242,0.144250256312438,10,37,18,CT,Ravishankar Sidar,APoI,,,,,False,37,2019,GE
1831562,Vijay Lakara,SHS,23868,198,0.118022936982904,11,37,18,CT,Vijay Lakara,SHS,,,,,False,37,2019,GE
1831563,Jai Singh Sidar,GGP,23848,175,0.104313201878829,12,37,18,CT,Jai Singh Sidar,GGP,,,,,False,37,2019,GE
1831564,Kripa Shankar Bhagat,BTP,23866,167,0.0995445983643689,13,37,18,CT,Kripa Shankar Bhagat,BTP,,,,,False,37,2019,GE
1831565,Vir Kumar Tigga,BMUP,23887,148,0.0882191650175246,14,37,18,CT,Vir Kumar Tigga,BMUP,,,,,False,37,2019,GE
1831566,Jyoti Bhagat,KMSP,23898,91,0.0542428649769914,15,37,18,CT,Jyoti Bhagat,KMSP,,,,,False,37,2019,GE
1831648,Laljeet Singh Rathia,INC,23847,87729,53.2097237890752,1,37,19,CT,Laljeet Singh Rathia,INC,,,,,False,37,2019,GE
1831649,Gomati Sai,BJP,23846,59959,36.3665587054356,2,37,19,CT,Gomati Sai,BJP,,,,,True,37,2019,GE
1831650,Innocent Kujur,BSP,23850,3419,2.07370476848987,3,37,19,CT,Innocent Kujur,BSP,,,,,False,37,2019,GE
1831651,None Of The Above,NOTA,23852,3334,2.02215024806822,4,37,19,CT,None Of The Above,NOTA,,,,,False,37,2019,GE
1831652,Prakash Kumar Uranw,IND,23849,1929,1.16998435168674,5,37,19,CT,Prakash Kumar Uranw,IND,,,,,False,37,2019,GE
1831653,Naval Kishor Rathia,IND,23849,1918,1.16331259022041,6,37,19,CT,Naval Kishor Rathia,IND,,,,,False,37,2019,GE
1831654,Amrit Tirkey,PSPL,23897,1691,1.0256316945061,7,37,19,CT,Amrit Tirkey,PSPL,,,,,False,37,2019,GE
1831655,Tejram Sidar,IND,23849,1066,0.646554338464524,8,37,19,CT,Tejram Sidar,IND,,,,,False,37,2019,GE
1831656,Tarika Tarangini Uraon,IND,23849,949,0.57559105741354,9,37,19,CT,Tarika Tarangini Uraon,IND,,,,,False,37,2019,GE
1831657,Ravishankar Sidar,APoI,23853,637,0.386355641277581,10,37,19,CT,Ravishankar Sidar,APoI,,,,,False,37,2019,GE
1831658,Vir Kumar Tigga,BMUP,23887,569,0.345112024940257,11,37,19,CT,Vir Kumar Tigga,BMUP,,,,,False,37,2019,GE
1831659,Vijay Lakara,SHS,23868,517,0.313572788917597,12,37,19,CT,Vijay Lakara,SHS,,,,,False,37,2019,GE
1831660,Jai Singh Sidar,GGP,23848,430,0.260805220956609,13,37,19,CT,Jai Singh Sidar,GGP,,,,,False,37,2019,GE
1831661,Kripa Shankar Bhagat,BTP,23866,424,0.25716607833861,14,37,19,CT,Kripa Shankar Bhagat,BTP,,,,,False,37,2019,GE
1831662,Jyoti Bhagat,KMSP,23898,303,0.183776702208959,15,37,19,CT,Jyoti Bhagat,KMSP,,,,,False,37,2019,GE
1831754,Jyotsna Charandas Mahant,INC,23847,90180,55.0079297303891,1,37,20,CT,Jyotsna Charandas Mahant,INC,,,,,False,37,2019,GE
1831755,Jyoti Nand Dubey,BJP,23846,61117,37.2801024765157,2,37,20,CT,Jyoti Nand Dubey,BJP,,,,,True,37,2019,GE
1831756,None Of The Above,NOTA,23852,2649,1.6158350616079,3,37,20,CT,None Of The Above,NOTA,,,,,False,37,2019,GE
1831757,Lakhan Lal Dewangan,IND,23849,2514,1.53348786141271,4,37,20,CT,Lakhan Lal Dewangan,IND,,,,,False,37,2019,GE
1831758,Parmit Singh,BSP,23850,2143,1.3071855556911,5,37,20,CT,Parmit Singh,BSP,,,,,False,37,2019,GE
1831759,Ramdayal Uraon,IND,23849,1113,0.678906917164816,6,37,20,CT,Ramdayal Uraon,IND,,,,,False,37,2019,GE
1831760,Pramod Kumar Sharma,IND,23849,905,0.552031230938148,7,37,20,CT,Pramod Kumar Sharma,IND,,,,,False,37,2019,GE
1831761,Deepak Sahu,IND,23849,613,0.373917286812248,8,37,20,CT,Deepak Sahu,IND,,,,,False,37,2019,GE
1831762,Chandra Bhushan Kanwar Adhivakta L L M,APoI,23853,575,0.350738074905453,9,37,20,CT,Chandra Bhushan Kanwar Adhivakta L L M,APoI,,,,,False,37,2019,GE
1831763,Suman Lal Khande,RJsbhP,23864,561,0.342198365255581,10,37,20,CT,Suman Lal Khande,RJsbhP,,,,,False,37,2019,GE
1831764,Rajesh Pandey,BHBHP,23865,535,0.326338904477247,11,37,20,CT,Rajesh Pandey,BHBHP,,,,,False,37,2019,GE
1831765,Lilambar Singh,BTP,23866,435,0.265340978406734,12,37,20,CT,Lilambar Singh,BTP,,,,,False,37,2019,GE
1831766,Tuleshwar Hirasingh Markam,GGP,23848,382,0.233012077589361,13,37,20,CT,Tuleshwar Hirasingh Markam,GGP,,,,,False,37,2019,GE
1831767,Raj Kumar Yadav,BYPP,23867,218,0.132975478833719,14,37,20,CT,Raj Kumar Yadav,BYPP,,,,,False,37,2019,GE
1831875,Jyoti Nand Dubey,BJP,23846,93221,58.7692753842468,1,37,21,CT,Jyoti Nand Dubey,BJP,,,,,True,37,2019,GE
1831876,Jyotsna Charandas Mahant,INC,23847,58247,36.720631438262,2,37,21,CT,Jyotsna Charandas Mahant,INC,,,,,False,37,2019,GE
1831877,Parmit Singh,BSP,23850,3121,1.9675707026768,3,37,21,CT,Parmit Singh,BSP,,,,,False,37,2019,GE
1831878,None Of The Above,NOTA,23852,1415,0.892057848217775,4,37,21,CT,None Of The Above,NOTA,,,,,False,37,2019,GE
1831879,Lakhan Lal Dewangan,IND,23849,811,0.511278385091601,5,37,21,CT,Lakhan Lal Dewangan,IND,,,,,False,37,2019,GE
1831880,Ramdayal Uraon,IND,23849,353,0.222541639873409,6,37,21,CT,Ramdayal Uraon,IND,,,,,False,37,2019,GE
1831881,Chandra Bhushan Kanwar Adhivakta L L M,APoI,23853,240,0.15130309793093,7,37,21,CT,Chandra Bhushan Kanwar Adhivakta L L M,APoI,,,,,False,37,2019,GE
1831882,Rajesh Pandey,BHBHP,23865,239,0.150672668356217,8,37,21,CT,Rajesh Pandey,BHBHP,,,,,False,37,2019,GE
1831883,Pramod Kumar Sharma,IND,23849,231,0.14562923175852,9,37,21,CT,Pramod Kumar Sharma,IND,,,,,False,37,2019,GE
1831884,Tuleshwar Hirasingh Markam,GGP,23848,209,0.131759781114851,10,37,21,CT,Tuleshwar Hirasingh Markam,GGP,,,,,False,37,2019,GE
1831885,Deepak Sahu,IND,23849,174,0.109694745999924,11,37,21,CT,Deepak Sahu,IND,,,,,False,37,2019,GE
1831886,Lilambar Singh,BTP,23866,161,0.101499161528665,12,37,21,CT,Lilambar Singh,BTP,,,,,False,37,2019,GE
1831887,Suman Lal Khande,RJsbhP,23864,122,0.0769124081148894,13,37,21,CT,Suman Lal Khande,RJsbhP,,,,,False,37,2019,GE
1831888,Raj Kumar Yadav,BYPP,23867,78,0.0491735068275522,14,37,21,CT,Raj Kumar Yadav,BYPP,,,,,False,37,2019,GE
1832039,Jyotsna Charandas Mahant,INC,23847,73401,48.1343283582089,1,37,22,CT,Jyotsna Charandas Mahant,INC,,,,,False,37,2019,GE
1832040,Jyoti Nand Dubey,BJP,23846,67696,44.3931484930357,2,37,22,CT,Jyoti Nand Dubey,BJP,,,,,True,37,2019,GE
1832041,Parmit Singh,BSP,23850,2893,1.89714870288277,3,37,22,CT,Parmit Singh,BSP,,,,,False,37,2019,GE
1832042,Tuleshwar Hirasingh Markam,GGP,23848,2093,1.37253101802061,4,37,22,CT,Tuleshwar Hirasingh Markam,GGP,,,,,False,37,2019,GE
1832043,None Of The Above,NOTA,23852,1767,1.15874931143928,5,37,22,CT,None Of The Above,NOTA,,,,,False,37,2019,GE
1832044,Lakhan Lal Dewangan,IND,23849,1350,0.885292343204889,6,37,22,CT,Lakhan Lal Dewangan,IND,,,,,False,37,2019,GE
1832045,Ramdayal Uraon,IND,23849,667,0.437399994753823,7,37,22,CT,Ramdayal Uraon,IND,,,,,False,37,2019,GE
1832046,Chandra Bhushan Kanwar Adhivakta L L M,APoI,23853,492,0.322639876190226,8,37,22,CT,Chandra Bhushan Kanwar Adhivakta L L M,APoI,,,,,False,37,2019,GE
1832047,Deepak Sahu,IND,23849,455,0.298376308265351,9,37,22,CT,Deepak Sahu,IND,,,,,False,37,2019,GE
1832048,Pramod Kumar Sharma,IND,23849,453,0.297064764053196,10,37,22,CT,Pramod Kumar Sharma,IND,,,,,False,37,2019,GE
1832049,Lilambar Singh,BTP,23866,390,0.255751121370301,11,37,22,CT,Lilambar Singh,BTP,,,,,False,37,2019,GE
1832050,Rajesh Pandey,BHBHP,23865,336,0.220339427642105,12,37,22,CT,Rajesh Pandey,BHBHP,,,,,False,37,2019,GE
1832051,Suman Lal Khande,RJsbhP,23864,287,0.188206594444298,13,37,22,CT,Suman Lal Khande,RJsbhP,,,,,False,37,2019,GE
1832052,Raj Kumar Yadav,BYPP,23867,212,0.139023686488471,14,37,22,CT,Raj Kumar Yadav,BYPP,,,,,False,37,2019,GE
1832178,Jyotsna Charandas Mahant,INC,23847,100144,59.5708736593519,1,37,23,CT,Jyotsna Charandas Mahant,INC,,,,,False,37,2019,GE
1832179,Jyoti Nand Dubey,BJP,23846,39156,23.2920307657531,2,37,23,CT,Jyoti Nand Dubey,BJP,,,,,True,37,2019,GE
1832180,Tuleshwar Hirasingh Markam,GGP,23848,13422,7.9841055505654,3,37,23,CT,Tuleshwar Hirasingh Markam,GGP,,,,,False,37,2019,GE
1832181,None Of The Above,NOTA,23852,3212,1.91066510418835,4,37,23,CT,None Of The Above,NOTA,,,,,False,37,2019,GE
1832182,Lakhan Lal Dewangan,IND,23849,2755,1.63881767186765,5,37,23,CT,Lakhan Lal Dewangan,IND,,,,,False,37,2019,GE
1832183,Parmit Singh,BSP,23850,2020,1.20160134198644,6,37,23,CT,Parmit Singh,BSP,,,,,False,37,2019,GE
1832184,Ramdayal Uraon,IND,23849,1655,0.98448030741959,7,37,23,CT,Ramdayal Uraon,IND,,,,,False,37,2019,GE
1832185,Pramod Kumar Sharma,IND,23849,1078,0.641250617159105,8,37,23,CT,Pramod Kumar Sharma,IND,,,,,False,37,2019,GE
1832186,Chandra Bhushan Kanwar Adhivakta L L M,APoI,23853,970,0.577006585013294,9,37,23,CT,Chandra Bhushan Kanwar Adhivakta L L M,APoI,,,,,False,37,2019,GE
1832187,Deepak Sahu,IND,23849,888,0.528228708754439,10,37,23,CT,Deepak Sahu,IND,,,,,False,37,2019,GE
1832188,Lilambar Singh,BTP,23866,822,0.488968466887555,11,37,23,CT,Lilambar Singh,BTP,,,,,False,37,2019,GE
1832189,Rajesh Pandey,BHBHP,23865,757,0.450303077170169,12,37,23,CT,Rajesh Pandey,BHBHP,,,,,False,37,2019,GE
1832190,Suman Lal Khande,RJsbhP,23864,703,0.418181061097264,13,37,23,CT,Suman Lal Khande,RJsbhP,,,,,False,37,2019,GE
1832191,Raj Kumar Yadav,BYPP,23867,527,0.313487082785573,14,37,23,CT,Raj Kumar Yadav,BYPP,,,,,False,37,2019,GE
1832302,Jyotsna Charandas Mahant,INC,23847,65380,46.5991461337248,1,37,24,CT,Jyotsna Charandas Mahant,INC,,,,,False,37,2019,GE
1832303,Jyoti Nand Dubey,BJP,23846,59777,42.6056463511115,2,37,24,CT,Jyoti Nand Dubey,BJP,,,,,True,37,2019,GE
1832304,None Of The Above,NOTA,23852,3996,2.84812156546902,3,37,24,CT,None Of The Above,NOTA,,,,,False,37,2019,GE
1832305,Lakhan Lal Dewangan,IND,23849,2744,1.95576716107282,4,37,24,CT,Lakhan Lal Dewangan,IND,,,,,False,37,2019,GE
1832306,Tuleshwar Hirasingh Markam,GGP,23848,2667,1.90088593971618,5,37,24,CT,Tuleshwar Hirasingh Markam,GGP,,,,,False,37,2019,GE
1832307,Parmit Singh,BSP,23850,1432,1.02064816860651,6,37,24,CT,Parmit Singh,BSP,,,,,False,37,2019,GE
1832308,Ramdayal Uraon,IND,23849,1165,0.830345751694546,7,37,24,CT,Ramdayal Uraon,IND,,,,,False,37,2019,GE
1832309,Pramod Kumar Sharma,IND,23849,771,0.549524956700854,8,37,24,CT,Pramod Kumar Sharma,IND,,,,,False,37,2019,GE
1832310,Deepak Sahu,IND,23849,523,0.372764659344418,9,37,24,CT,Deepak Sahu,IND,,,,,False,37,2019,GE
1832311,Chandra Bhushan Kanwar Adhivakta L L M,APoI,23853,508,0.362073512326892,10,37,24,CT,Chandra Bhushan Kanwar Adhivakta L L M,APoI,,,,,False,37,2019,GE
1832312,Suman Lal Khande,RJsbhP,23864,427,0.30434131843225,11,37,24,CT,Suman Lal Khande,RJsbhP,,,,,False,37,2019,GE
1832313,Rajesh Pandey,BHBHP,23865,372,0.265140446034653,12,37,24,CT,Rajesh Pandey,BHBHP,,,,,False,37,2019,GE
1832314,Lilambar Singh,BTP,23866,325,0.23164151871307,13,37,24,CT,Lilambar Singh,BTP,,,,,False,37,2019,GE
1832315,Raj Kumar Yadav,BYPP,23867,216,0.153952517052379,14,37,24,CT,Raj Kumar Yadav,BYPP,,,,,False,37,2019,GE
1832457,Arun Sao,BJP,23846,66112,46.17598167265,1,37,25,CT,Arun Sao,BJP,,,,,True,37,2019,GE
1832458,Atal Shrivastav,INC,23847,63621,44.4361406400603,2,37,25,CT,Atal Shrivastav,INC,,,,,False,37,2019,GE
1832459,Engineer Indrasen Mogre,IND,23849,2428,1.69583862991884,3,37,25,CT,Engineer Indrasen Mogre,IND,,,,,False,37,2019,GE
1832460,Nand Kishore Raj,GGP,23848,1940,1.35499462192856,4,37,25,CT,Nand Kishore Raj,GGP,,,,,False,37,2019,GE
1832461,Uttam Das Guroo Gosai,BSP,23850,1468,1.02532582731501,5,37,25,CT,Uttam Das Guroo Gosai,BSP,,,,,False,37,2019,GE
1832462,Urmila Tiwari,IND,23849,1009,0.704736893570061,6,37,25,CT,Urmila Tiwari,IND,,,,,False,37,2019,GE
1832463,Avishek Ekka,IND,23849,955,0.667020548423596,7,37,25,CT,Avishek Ekka,IND,,,,,False,37,2019,GE
1832464,None Of The Above,NOTA,23852,816,0.569935882213251,8,37,25,CT,None Of The Above,NOTA,,,,,False,37,2019,GE
1832465,Duj Ram Sahu,IND,23849,641,0.447706985905262,9,37,25,CT,Duj Ram Sahu,IND,,,,,False,37,2019,GE
1832466,Arunkumar Sahu,IND,23849,571,0.398815427382066,10,37,25,CT,Arunkumar Sahu,IND,,,,,False,37,2019,GE
1832467,Sandeep Singh Porte,AVVP,23909,397,0.277284981910123,11,37,25,CT,Sandeep Singh Porte,AVVP,,,,,False,37,2019,GE
1832468,Sandeep Tiwari ''Raj'',BSHSP,23916,361,0.252140751812479,12,37,25,CT,Sandeep Tiwari ''Raj'',BSHSP,,,,,False,37,2019,GE
1832469,Eg. Ramfal Mandrey,APoI,23853,333,0.232584128403201,13,37,25,CT,Eg. Ramfal Mandrey,APoI,,,,,False,37,2019,GE
1832470,Shambhu Prasad Sharma Advocate,BHBHP,23865,309,0.215821308338106,14,37,25,CT,Shambhu Prasad Sharma Advocate,BHBHP,,,,,False,37,2019,GE
1832471,Horilal Anant,IND,23849,300,0.209535250813695,15,37,25,CT,Horilal Anant,IND,,,,,False,37,2019,GE
1832472,Santosh Kaushal,SHS,23868,291,0.203249193289284,16,37,25,CT,Santosh Kaushal,SHS,,,,,False,37,2019,GE
1832473,Harish Kumar Mandwa,IND,23849,231,0.161342143126545,17,37,25,CT,Harish Kumar Mandwa,IND,,,,,False,37,2019,GE
1832474,Pooran Lal Chhabariya,SWAP,23919,217,0.151563831421906,18,37,25,CT,Pooran Lal Chhabariya,SWAP,,,,,False,37,2019,GE
1832475,Harish Chandra Sahu,IND,23849,208,0.145277773897495,19,37,25,CT,Harish Chandra Sahu,IND,,,,,False,37,2019,GE
1832476,Siddhram Lahare,RJsbhP,23864,196,0.136896363864947,20,37,25,CT,Siddhram Lahare,RJsbhP,,,,,False,37,2019,GE
1832477,Vidya Sahu,IND,23849,149,0.104069174570801,21,37,25,CT,Vidya Sahu,IND,,,,,False,37,2019,GE
1832478,Salikram Jogi,IND,23849,136,0.0949893137022085,22,37,25,CT,Salikram Jogi,IND,,,,,False,37,2019,GE
1832479,Baldau Prasad Sahu,IND,23849,130,0.0907986086859345,23,37,25,CT,Baldau Prasad Sahu,IND,,,,,False,37,2019,GE
1832481,Yaman Banjare,BKNP,23920,125,0.0873063545057063,24,37,25,CT,Yaman Banjare,BKNP,,,,,False,37,2019,GE
1832480,Ramkumar Ghatlahare,BLRP,23906,125,0.0873063545057063,24,37,25,CT,Ramkumar Ghatlahare,BLRP,,,,,False,37,2019,GE
1832482,Raju Khatik Urph Lalu,IND,23849,105,0.0733373377847933,26,37,25,CT,Raju Khatik Urph Lalu,IND,,,,,False,37,2019,GE
1832642,Arun Sao,BJP,23846,71081,53.3252811391104,1,37,26,CT,Arun Sao,BJP,,,,,True,37,2019,GE
1832643,Atal Shrivastav,INC,23847,50075,37.5664868676714,2,37,26,CT,Atal Shrivastav,INC,,,,,False,37,2019,GE
1832644,Uttam Das Guroo Gosai,BSP,23850,3543,2.6579742979962,3,37,26,CT,Uttam Das Guroo Gosai,BSP,,,,,False,37,2019,GE
1832645,Engineer Indrasen Mogre,IND,23849,1896,1.42238760062116,4,37,26,CT,Engineer Indrasen Mogre,IND,,,,,False,37,2019,GE
1832646,Avishek Ekka,IND,23849,1174,0.880740001650449,5,37,26,CT,Avishek Ekka,IND,,,,,False,37,2019,GE
1832647,Nand Kishore Raj,GGP,23848,666,0.499636150851106,6,37,26,CT,Nand Kishore Raj,GGP,,,,,False,37,2019,GE
1832648,Arunkumar Sahu,IND,23849,605,0.453873680577957,7,37,26,CT,Arunkumar Sahu,IND,,,,,False,37,2019,GE
1832649,Urmila Tiwari,IND,23849,582,0.436618978671688,8,37,26,CT,Urmila Tiwari,IND,,,,,False,37,2019,GE
1832650,None Of The Above,NOTA,23852,471,0.35334628686317,9,37,26,CT,None Of The Above,NOTA,,,,,False,37,2019,GE
1832651,Duj Ram Sahu,IND,23849,454,0.340592811541144,10,37,26,CT,Duj Ram Sahu,IND,,,,,False,37,2019,GE
1832652,Sandeep Singh Porte,AVVP,23909,341,0.255819710871212,11,37,26,CT,Sandeep Singh Porte,AVVP,,,,,False,37,2019,GE
1832653,Santosh Kaushal,SHS,23868,276,0.207056422875233,12,37,26,CT,Santosh Kaushal,SHS,,,,,False,37,2019,GE
1832654,Eg. Ramfal Mandrey,APoI,23853,270,0.202555196290989,13,37,26,CT,Eg. Ramfal Mandrey,APoI,,,,,False,37,2019,GE
1832655,Sandeep Tiwari ''Raj'',BSHSP,23916,249,0.186800903246134,14,37,26,CT,Sandeep Tiwari ''Raj'',BSHSP,,,,,False,37,2019,GE
1832656,Shambhu Prasad Sharma Advocate,BHBHP,23865,228,0.171046610201279,15,37,26,CT,Shambhu Prasad Sharma Advocate,BHBHP,,,,,False,37,2019,GE
1832657,Horilal Anant,IND,23849,213,0.159793543740669,16,37,26,CT,Horilal Anant,IND,,,,,False,37,2019,GE
1832658,Harish Chandra Sahu,IND,23849,170,0.127534753220252,17,37,26,CT,Harish Chandra Sahu,IND,,,,,False,37,2019,GE
1832659,Siddhram Lahare,RJsbhP,23864,166,0.124533935497423,18,37,26,CT,Siddhram Lahare,RJsbhP,,,,,False,37,2019,GE
1832660,Harish Kumar Mandwa,IND,23849,139,0.104278415868324,19,37,26,CT,Harish Kumar Mandwa,IND,,,,,False,37,2019,GE
1832661,Pooran Lal Chhabariya,SWAP,23919,124,0.0930253494077136,20,37,26,CT,Pooran Lal Chhabariya,SWAP,,,,,False,37,2019,GE
1832662,Baldau Prasad Sahu,IND,23849,115,0.0862735095313472,21,37,26,CT,Baldau Prasad Sahu,IND,,,,,False,37,2019,GE
1832663,Ramkumar Ghatlahare,BLRP,23906,111,0.0832726918085178,22,37,26,CT,Ramkumar Ghatlahare,BLRP,,,,,False,37,2019,GE
1832664,Yaman Banjare,BKNP,23920,107,0.0802718740856883,23,37,26,CT,Yaman Banjare,BKNP,,,,,False,37,2019,GE
1832665,Salikram Jogi,IND,23849,87,0.0652677854715409,24,37,26,CT,Salikram Jogi,IND,,,,,False,37,2019,GE
1832666,Vidya Sahu,IND,23849,83,0.0622669677487115,25,37,26,CT,Vidya Sahu,IND,,,,,False,37,2019,GE
1832667,Raju Khatik Urph Lalu,IND,23849,71,0.0532645145802231,26,37,26,CT,Raju Khatik Urph Lalu,IND,,,,,False,37,2019,GE
1832827,Arun Sao,BJP,23846,85565,55.8631315736212,1,37,27,CT,Arun Sao,BJP,,,,,True,37,2019,GE
1832828,Atal Shrivastav,INC,23847,55907,36.5002056551913,2,37,27,CT,Atal Shrivastav,INC,,,,,False,37,2019,GE
1832829,Uttam Das Guroo Gosai,BSP,23850,3711,2.42281401589094,3,37,27,CT,Uttam Das Guroo Gosai,BSP,,,,,False,37,2019,GE
1832830,Engineer Indrasen Mogre,IND,23849,1404,0.916634567046856,4,37,27,CT,Engineer Indrasen Mogre,IND,,,,,False,37,2019,GE
1832831,Avishek Ekka,IND,23849,976,0.637204656294681,5,37,27,CT,Avishek Ekka,IND,,,,,False,37,2019,GE
1832832,Urmila Tiwari,IND,23849,639,0.417186245258505,6,37,27,CT,Urmila Tiwari,IND,,,,,False,37,2019,GE
1832833,Nand Kishore Raj,GGP,23848,628,0.410004635402725,7,37,27,CT,Nand Kishore Raj,GGP,,,,,False,37,2019,GE
1832834,Duj Ram Sahu,IND,23849,528,0.34471727307745,8,37,27,CT,Duj Ram Sahu,IND,,,,,False,37,2019,GE
1832835,None Of The Above,NOTA,23852,459,0.29966899307301,9,37,27,CT,None Of The Above,NOTA,,,,,False,37,2019,GE
1832836,Arunkumar Sahu,IND,23849,423,0.276165542635911,10,37,27,CT,Arunkumar Sahu,IND,,,,,False,37,2019,GE
1832837,Eg. Ramfal Mandrey,APoI,23853,387,0.252662092198813,11,37,27,CT,Eg. Ramfal Mandrey,APoI,,,,,False,37,2019,GE
1832838,Sandeep Singh Porte,AVVP,23909,306,0.19977932871534,12,37,27,CT,Sandeep Singh Porte,AVVP,,,,,False,37,2019,GE
1832839,Santosh Kaushal,SHS,23868,295,0.19259771885956,13,37,27,CT,Santosh Kaushal,SHS,,,,,False,37,2019,GE
1832840,Shambhu Prasad Sharma Advocate,BHBHP,23865,262,0.171052889292219,14,37,27,CT,Shambhu Prasad Sharma Advocate,BHBHP,,,,,False,37,2019,GE
1832841,Sandeep Tiwari ''Raj'',BSHSP,23916,254,0.165829900306197,15,37,27,CT,Sandeep Tiwari ''Raj'',BSHSP,,,,,False,37,2019,GE
1832842,Siddhram Lahare,RJsbhP,23864,212,0.138409208129582,16,37,27,CT,Siddhram Lahare,RJsbhP,,,,,False,37,2019,GE
1832843,Horilal Anant,IND,23849,210,0.137103460883076,17,37,27,CT,Horilal Anant,IND,,,,,False,37,2019,GE
1832844,Harish Chandra Sahu,IND,23849,191,0.124698862041274,18,37,27,CT,Harish Chandra Sahu,IND,,,,,False,37,2019,GE
1832845,Yaman Banjare,BKNP,23920,139,0.0907494336321318,19,37,27,CT,Yaman Banjare,BKNP,,,,,False,37,2019,GE
1832846,Baldau Prasad Sahu,IND,23849,115,0.0750804666740659,20,37,27,CT,Baldau Prasad Sahu,IND,,,,,False,37,2019,GE
1832847,Ramkumar Ghatlahare,BLRP,23906,114,0.0744275930508131,21,37,27,CT,Ramkumar Ghatlahare,BLRP,,,,,False,37,2019,GE
1832848,Pooran Lal Chhabariya,SWAP,23919,113,0.0737747194275604,22,37,27,CT,Pooran Lal Chhabariya,SWAP,,,,,False,37,2019,GE
1832849,Harish Kumar Mandwa,IND,23849,110,0.0718160985578021,23,37,27,CT,Harish Kumar Mandwa,IND,,,,,False,37,2019,GE
1832850,Salikram Jogi,IND,23849,76,0.0496183953672087,24,37,27,CT,Salikram Jogi,IND,,,,,False,37,2019,GE
1832851,Vidya Sahu,IND,23849,74,0.0483126481207032,25,37,27,CT,Vidya Sahu,IND,,,,,False,37,2019,GE
1832852,Raju Khatik Urph Lalu,IND,23849,71,0.046354027250945,26,37,27,CT,Raju Khatik Urph Lalu,IND,,,,,False,37,2019,GE
1832998,Arun Sao,BJP,23846,82565,54.2103016972522,1,37,28,CT,Arun Sao,BJP,,,,,True,37,2019,GE
1832999,Atal Shrivastav,INC,23847,60564,39.7649453399428,2,37,28,CT,Atal Shrivastav,INC,,,,,False,37,2019,GE
1833000,Uttam Das Guroo Gosai,BSP,23850,2036,1.33679130691704,3,37,28,CT,Uttam Das Guroo Gosai,BSP,,,,,False,37,2019,GE
1833001,Engineer Indrasen Mogre,IND,23849,1220,0.801024260529857,4,37,28,CT,Engineer Indrasen Mogre,IND,,,,,False,37,2019,GE
1833002,Avishek Ekka,IND,23849,834,0.547585437116312,5,37,28,CT,Avishek Ekka,IND,,,,,False,37,2019,GE
1833003,Urmila Tiwari,IND,23849,596,0.391320048586717,6,37,28,CT,Urmila Tiwari,IND,,,,,False,37,2019,GE
1833004,None Of The Above,NOTA,23852,484,0.317783395161025,7,37,28,CT,None Of The Above,NOTA,,,,,False,37,2019,GE
1833005,Duj Ram Sahu,IND,23849,470,0.308591313482814,8,37,28,CT,Duj Ram Sahu,IND,,,,,False,37,2019,GE
1833006,Nand Kishore Raj,GGP,23848,448,0.294146613702767,9,37,28,CT,Nand Kishore Raj,GGP,,,,,False,37,2019,GE
1833007,Arunkumar Sahu,IND,23849,360,0.236367814582581,10,37,28,CT,Arunkumar Sahu,IND,,,,,False,37,2019,GE
1833008,Eg. Ramfal Mandrey,APoI,23853,335,0.219953383014346,11,37,28,CT,Eg. Ramfal Mandrey,APoI,,,,,False,37,2019,GE
1833009,Santosh Kaushal,SHS,23868,292,0.191720560716982,12,37,28,CT,Santosh Kaushal,SHS,,,,,False,37,2019,GE
1833010,Sandeep Singh Porte,AVVP,23909,276,0.181215324513312,13,37,28,CT,Sandeep Singh Porte,AVVP,,,,,False,37,2019,GE
1833011,Shambhu Prasad Sharma Advocate,BHBHP,23865,270,0.177275860936935,14,37,28,CT,Shambhu Prasad Sharma Advocate,BHBHP,,,,,False,37,2019,GE
1833012,Sandeep Tiwari ''Raj'',BSHSP,23916,209,0.137224647910442,15,37,28,CT,Sandeep Tiwari ''Raj'',BSHSP,,,,,False,37,2019,GE
1833013,Harish Chandra Sahu,IND,23849,193,0.126719411706772,16,37,28,CT,Harish Chandra Sahu,IND,,,,,False,37,2019,GE
1833014,Siddhram Lahare,RJsbhP,23864,181,0.118840484554019,17,37,28,CT,Siddhram Lahare,RJsbhP,,,,,False,37,2019,GE
1833015,Horilal Anant,IND,23849,160,0.105052362036702,18,37,28,CT,Horilal Anant,IND,,,,,False,37,2019,GE
1833016,Yaman Banjare,BKNP,23920,132,0.0866681986802797,19,37,28,CT,Yaman Banjare,BKNP,,,,,False,37,2019,GE
1833017,Ramkumar Ghatlahare,BLRP,23906,126,0.0827287351039033,20,37,28,CT,Ramkumar Ghatlahare,BLRP,,,,,False,37,2019,GE
1833018,Harish Kumar Mandwa,IND,23849,114,0.0748498079511506,21,37,28,CT,Harish Kumar Mandwa,IND,,,,,False,37,2019,GE
1833019,Pooran Lal Chhabariya,SWAP,23919,114,0.0748498079511506,21,37,28,CT,Pooran Lal Chhabariya,SWAP,,,,,False,37,2019,GE
1833021,Vidya Sahu,IND,23849,100,0.0656577262729391,23,37,28,CT,Vidya Sahu,IND,,,,,False,37,2019,GE
1833020,Baldau Prasad Sahu,IND,23849,100,0.0656577262729391,23,37,28,CT,Baldau Prasad Sahu,IND,,,,,False,37,2019,GE
1833022,Salikram Jogi,IND,23849,74,0.0485867174419749,25,37,28,CT,Salikram Jogi,IND,,,,,False,37,2019,GE
1833023,Raju Khatik Urph Lalu,IND,23849,52,0.0341420176619283,26,37,28,CT,Raju Khatik Urph Lalu,IND,,,,,False,37,2019,GE
1833186,Arun Sao,BJP,23846,90521,49.9181091767352,1,37,29,CT,Arun Sao,BJP,,,,,True,37,2019,GE
1833187,Atal Shrivastav,INC,23847,80188,44.219941656235,2,37,29,CT,Atal Shrivastav,INC,,,,,False,37,2019,GE
1833188,Uttam Das Guroo Gosai,BSP,23850,2412,1.33010549302687,3,37,29,CT,Uttam Das Guroo Gosai,BSP,,,,,False,37,2019,GE
1833189,Engineer Indrasen Mogre,IND,23849,1880,1.03673230799772,4,37,29,CT,Engineer Indrasen Mogre,IND,,,,,False,37,2019,GE
1833190,Avishek Ekka,IND,23849,1042,0.574614396241293,5,37,29,CT,Avishek Ekka,IND,,,,,False,37,2019,GE
1833191,Urmila Tiwari,IND,23849,680,0.374988281616199,6,37,29,CT,Urmila Tiwari,IND,,,,,False,37,2019,GE
1833192,None Of The Above,NOTA,23852,598,0.329769106480128,7,37,29,CT,None Of The Above,NOTA,,,,,False,37,2019,GE
1833193,Arunkumar Sahu,IND,23849,481,0.265249063907929,8,37,29,CT,Arunkumar Sahu,IND,,,,,False,37,2019,GE
1833194,Duj Ram Sahu,IND,23849,450,0.248154009893073,9,37,29,CT,Duj Ram Sahu,IND,,,,,False,37,2019,GE
1833195,Nand Kishore Raj,GGP,23848,374,0.206243554888909,10,37,29,CT,Nand Kishore Raj,GGP,,,,,False,37,2019,GE
1833196,Eg. Ramfal Mandrey,APoI,23853,367,0.202383381401684,11,37,29,CT,Eg. Ramfal Mandrey,APoI,,,,,False,37,2019,GE
1833197,Sandeep Singh Porte,AVVP,23909,309,0.170399086793243,12,37,29,CT,Sandeep Singh Porte,AVVP,,,,,False,37,2019,GE
1833198,Shambhu Prasad Sharma Advocate,BHBHP,23865,299,0.164884553240064,13,37,29,CT,Shambhu Prasad Sharma Advocate,BHBHP,,,,,False,37,2019,GE
1833199,Sandeep Tiwari ''Raj'',BSHSP,23916,250,0.137863338829485,14,37,29,CT,Sandeep Tiwari ''Raj'',BSHSP,,,,,False,37,2019,GE
1833200,Santosh Kaushal,SHS,23868,217,0.119665378103993,15,37,29,CT,Santosh Kaushal,SHS,,,,,False,37,2019,GE
1833201,Horilal Anant,IND,23849,191,0.105327590865726,16,37,29,CT,Horilal Anant,IND,,,,,False,37,2019,GE
1833202,Siddhram Lahare,RJsbhP,23864,168,0.0926441636934139,17,37,29,CT,Siddhram Lahare,RJsbhP,,,,,False,37,2019,GE
1833203,Yaman Banjare,BKNP,23920,145,0.0799607365211013,18,37,29,CT,Yaman Banjare,BKNP,,,,,False,37,2019,GE
1833204,Harish Chandra Sahu,IND,23849,132,0.0727918429019681,19,37,29,CT,Harish Chandra Sahu,IND,,,,,False,37,2019,GE
1833205,Pooran Lal Chhabariya,SWAP,23919,118,0.0650714959275169,20,37,29,CT,Pooran Lal Chhabariya,SWAP,,,,,False,37,2019,GE
1833206,Baldau Prasad Sahu,IND,23849,104,0.0573511489530658,21,37,29,CT,Baldau Prasad Sahu,IND,,,,,False,37,2019,GE
1833207,Ramkumar Ghatlahare,BLRP,23906,103,0.0567996955977478,22,37,29,CT,Ramkumar Ghatlahare,BLRP,,,,,False,37,2019,GE
1833208,Harish Kumar Mandwa,IND,23849,97,0.0534909754658402,23,37,29,CT,Harish Kumar Mandwa,IND,,,,,False,37,2019,GE
1833209,Vidya Sahu,IND,23849,76,0.0419104550041634,24,37,29,CT,Vidya Sahu,IND,,,,,False,37,2019,GE
1833210,Salikram Jogi,IND,23849,72,0.0397046415828917,25,37,29,CT,Salikram Jogi,IND,,,,,False,37,2019,GE
1833211,Raju Khatik Urph Lalu,IND,23849,65,0.0358444680956661,26,37,29,CT,Raju Khatik Urph Lalu,IND,,,,,False,37,2019,GE
1833393,Arun Sao,BJP,23846,88207,63.4058153326384,1,37,30,CT,Arun Sao,BJP,,,,,True,37,2019,GE
1833394,Atal Shrivastav,INC,23847,47723,34.3047119289796,2,37,30,CT,Atal Shrivastav,INC,,,,,False,37,2019,GE
1833395,Uttam Das Guroo Gosai,BSP,23850,750,0.539122308881141,3,37,30,CT,Uttam Das Guroo Gosai,BSP,,,,,False,37,2019,GE
1833396,None Of The Above,NOTA,23852,486,0.349351256154979,4,37,30,CT,None Of The Above,NOTA,,,,,False,37,2019,GE
1833397,Engineer Indrasen Mogre,IND,23849,397,0.285375408834417,5,37,30,CT,Engineer Indrasen Mogre,IND,,,,,False,37,2019,GE
1833398,Avishek Ekka,IND,23849,360,0.258778708262947,6,37,30,CT,Avishek Ekka,IND,,,,,False,37,2019,GE
1833399,Urmila Tiwari,IND,23849,238,0.171081479351615,7,37,30,CT,Urmila Tiwari,IND,,,,,False,37,2019,GE
1833400,Duj Ram Sahu,IND,23849,206,0.14807892750602,8,37,30,CT,Duj Ram Sahu,IND,,,,,False,37,2019,GE
1833401,Eg. Ramfal Mandrey,APoI,23853,87,0.0625381878302124,9,37,30,CT,Eg. Ramfal Mandrey,APoI,,,,,False,37,2019,GE
1833402,Arunkumar Sahu,IND,23849,74,0.0531934011429392,10,37,30,CT,Arunkumar Sahu,IND,,,,,False,37,2019,GE
1833403,Nand Kishore Raj,GGP,23848,70,0.0503180821622398,11,37,30,CT,Nand Kishore Raj,GGP,,,,,False,37,2019,GE
1833404,Shambhu Prasad Sharma Advocate,BHBHP,23865,63,0.0452862739460158,12,37,30,CT,Shambhu Prasad Sharma Advocate,BHBHP,,,,,False,37,2019,GE
1833405,Horilal Anant,IND,23849,55,0.039535635984617,13,37,30,CT,Horilal Anant,IND,,,,,False,37,2019,GE
1833406,Sandeep Singh Porte,AVVP,23909,48,0.034503827768393,14,37,30,CT,Sandeep Singh Porte,AVVP,,,,,False,37,2019,GE
1833407,Sandeep Tiwari ''Raj'',BSHSP,23916,46,0.0330661682780433,15,37,30,CT,Sandeep Tiwari ''Raj'',BSHSP,,,,,False,37,2019,GE
1833408,Pooran Lal Chhabariya,SWAP,23919,45,0.0323473385328684,16,37,30,CT,Pooran Lal Chhabariya,SWAP,,,,,False,37,2019,GE
1833409,Santosh Kaushal,SHS,23868,43,0.0309096790425187,17,37,30,CT,Santosh Kaushal,SHS,,,,,False,37,2019,GE
1833410,Yaman Banjare,BKNP,23920,34,0.024440211335945,18,37,30,CT,Yaman Banjare,BKNP,,,,,False,37,2019,GE
1833411,Baldau Prasad Sahu,IND,23849,28,0.0201272328648959,19,37,30,CT,Baldau Prasad Sahu,IND,,,,,False,37,2019,GE
1833412,Siddhram Lahare,RJsbhP,23864,27,0.019408403119721,20,37,30,CT,Siddhram Lahare,RJsbhP,,,,,False,37,2019,GE
1833413,Raju Khatik Urph Lalu,IND,23849,24,0.0172519138841965,21,37,30,CT,Raju Khatik Urph Lalu,IND,,,,,False,37,2019,GE
1833414,Harish Chandra Sahu,BLRP,23906,22,0.02,22,37,30,CT,Harish Chandra Sahu,BLRP,,,,,False,37,2019,GE
1833415,Ramkumar Ghatlahare,IND,23849,22,0.02,22,37,30,CT,Ramkumar Ghatlahare,IND,,,,,False,37,2019,GE
1833416,Salikram Jogi,IND,23849,22,0.0158142543938468,22,37,30,CT,Salikram Jogi,IND,,,,,False,37,2019,GE
1833418,Vidya Sahu,IND,23849,19,0.0136577651583222,25,37,30,CT,Vidya Sahu,IND,,,,,False,37,2019,GE
1833417,Harish Kumar Mandwa,IND,23849,19,0.0136577651583222,25,37,30,CT,Harish Kumar Mandwa,IND,,,,,False,37,2019,GE
1833594,Arun Sao,BJP,23846,77500,54.5171887420246,1,37,31,CT,Arun Sao,BJP,,,,,True,37,2019,GE
1833595,Atal Shrivastav,INC,23847,56306,39.6083203781734,2,37,31,CT,Atal Shrivastav,INC,,,,,False,37,2019,GE
1833596,Uttam Das Guroo Gosai,BSP,23850,2392,1.68264665123771,3,37,31,CT,Uttam Das Guroo Gosai,BSP,,,,,False,37,2019,GE
1833597,Engineer Indrasen Mogre,IND,23849,1193,0.839212982828844,4,37,31,CT,Engineer Indrasen Mogre,IND,,,,,False,37,2019,GE
1833598,Avishek Ekka,IND,23849,712,0.500854688829955,5,37,31,CT,Avishek Ekka,IND,,,,,False,37,2019,GE
1833599,None Of The Above,NOTA,23852,513,0.360868617092369,6,37,31,CT,None Of The Above,NOTA,,,,,False,37,2019,GE
1833600,Urmila Tiwari,IND,23849,466,0.327806580048819,7,37,31,CT,Urmila Tiwari,IND,,,,,False,37,2019,GE
1833601,Nand Kishore Raj,GGP,23848,407,0.286303171845213,8,37,31,CT,Nand Kishore Raj,GGP,,,,,False,37,2019,GE
1833602,Duj Ram Sahu,IND,23849,369,0.259572163171704,9,37,31,CT,Duj Ram Sahu,IND,,,,,False,37,2019,GE
1833603,Arunkumar Sahu,IND,23849,300,0.211034279001385,10,37,31,CT,Arunkumar Sahu,IND,,,,,False,37,2019,GE
1833604,Eg. Ramfal Mandrey,APoI,23853,249,0.17515845157115,11,37,31,CT,Eg. Ramfal Mandrey,APoI,,,,,False,37,2019,GE
1833605,Sandeep Tiwari ''Raj'',BSHSP,23916,203,0.142799862124271,12,37,31,CT,Sandeep Tiwari ''Raj'',BSHSP,,,,,False,37,2019,GE
1833606,Sandeep Singh Porte,AVVP,23909,187,0.13154470057753,13,37,31,CT,Sandeep Singh Porte,AVVP,,,,,False,37,2019,GE
1833607,Santosh Kaushal,SHS,23868,179,0.12591711980416,14,37,31,CT,Santosh Kaushal,SHS,,,,,False,37,2019,GE
1833608,Shambhu Prasad Sharma Advocate,BHBHP,23865,168,0.118179196240776,15,37,31,CT,Shambhu Prasad Sharma Advocate,BHBHP,,,,,False,37,2019,GE
1833609,Harish Chandra Sahu,IND,23849,130,0.0914481875672671,16,37,31,CT,Harish Chandra Sahu,IND,,,,,False,37,2019,GE
1833610,Horilal Anant,IND,23849,130,0.0914481875672671,16,37,31,CT,Horilal Anant,IND,,,,,False,37,2019,GE
1833611,Siddhram Lahare,RJsbhP,23864,130,0.0914481875672671,16,37,31,CT,Siddhram Lahare,RJsbhP,,,,,False,37,2019,GE
1833612,Vidya Sahu,IND,23849,102,0.0717516548604711,19,37,31,CT,Vidya Sahu,IND,,,,,False,37,2019,GE
1833613,Harish Kumar Mandwa,SWAP,23919,92,0.06,20,37,31,CT,Harish Kumar Mandwa,SWAP,,,,,False,37,2019,GE
1833614,Pooran Lal Chhabariya,IND,23849,92,0.06,20,37,31,CT,Pooran Lal Chhabariya,IND,,,,,False,37,2019,GE
1833615,Yaman Banjare,BKNP,23920,80,0.0562758077337028,22,37,31,CT,Yaman Banjare,BKNP,,,,,False,37,2019,GE
1833616,Ramkumar Ghatlahare,BLRP,23906,74,0.0520551221536751,23,37,31,CT,Ramkumar Ghatlahare,BLRP,,,,,False,37,2019,GE
1833617,Baldau Prasad Sahu,IND,23849,67,0.0471309889769761,24,37,31,CT,Baldau Prasad Sahu,IND,,,,,False,37,2019,GE
1833618,Salikram Jogi,IND,23849,63,0.044317198590291,25,37,31,CT,Salikram Jogi,IND,,,,,False,37,2019,GE
1833619,Raju Khatik Urph Lalu,IND,23849,53,0.0372827226235781,26,37,31,CT,Raju Khatik Urph Lalu,IND,,,,,False,37,2019,GE
1833790,Atal Shrivastav,INC,23847,77801,47.7813876077063,1,37,32,CT,Atal Shrivastav,INC,,,,,False,37,2019,GE
1833791,Arun Sao,BJP,23846,71717,44.0449065572663,2,37,32,CT,Arun Sao,BJP,,,,,True,37,2019,GE
1833792,Uttam Das Guroo Gosai,BSP,23850,4776,2.93317447352097,3,37,32,CT,Uttam Das Guroo Gosai,BSP,,,,,False,37,2019,GE
1833793,Engineer Indrasen Mogre,IND,23849,1564,0.960528659251843,4,37,32,CT,Engineer Indrasen Mogre,IND,,,,,False,37,2019,GE
1833794,Urmila Tiwari,IND,23849,769,0.47228039575746,5,37,32,CT,Urmila Tiwari,IND,,,,,False,37,2019,GE
1833795,Avishek Ekka,IND,23849,729,0.447714445392963,6,37,32,CT,Avishek Ekka,IND,,,,,False,37,2019,GE
1833796,Nand Kishore Raj,GGP,23848,709,0.435431470210714,7,37,32,CT,Nand Kishore Raj,GGP,,,,,False,37,2019,GE
1833797,None Of The Above,NOTA,23852,529,0.324884693570476,8,37,32,CT,None Of The Above,NOTA,,,,,False,37,2019,GE
1833798,Arunkumar Sahu,IND,23849,465,0.28557917298727997,9,37,32,CT,Arunkumar Sahu,IND,,,,,False,37,2019,GE
1833799,Eg. Ramfal Mandrey,APoI,23853,450,0.276366941600594,10,37,32,CT,Eg. Ramfal Mandrey,APoI,,,,,False,37,2019,GE
1833800,Duj Ram Sahu,IND,23849,386,0.237061421017398,11,37,32,CT,Duj Ram Sahu,IND,,,,,False,37,2019,GE
1833801,Shambhu Prasad Sharma Advocate,BHBHP,23865,360,0.221093553280475,12,37,32,CT,Shambhu Prasad Sharma Advocate,BHBHP,,,,,False,37,2019,GE
1833802,Sandeep Singh Porte,AVVP,23909,334,0.205125685543552,13,37,32,CT,Sandeep Singh Porte,AVVP,,,,,False,37,2019,GE
1833803,Sandeep Tiwari ''Raj'',BSHSP,23916,279,0.171347503792368,14,37,32,CT,Sandeep Tiwari ''Raj'',BSHSP,,,,,False,37,2019,GE
1833804,Santosh Kaushal,SHS,23868,270,0.165820164960356,15,37,32,CT,Santosh Kaushal,SHS,,,,,False,37,2019,GE
1833805,Siddhram Lahare,RJsbhP,23864,229,0.140640065836746,16,37,32,CT,Siddhram Lahare,RJsbhP,,,,,False,37,2019,GE
1833806,Harish Chandra Sahu,IND,23849,211,0.129585388172723,17,37,32,CT,Harish Chandra Sahu,IND,,,,,False,37,2019,GE
1833807,Horilal Anant,IND,23849,187,0.114845817954024,18,37,32,CT,Horilal Anant,IND,,,,,False,37,2019,GE
1833808,Ramkumar Ghatlahare,BLRP,23906,148,0.0908940163486399,19,37,32,CT,Ramkumar Ghatlahare,BLRP,,,,,False,37,2019,GE
1833809,Harish Kumar Mandwa,IND,23849,144,0.0884374213121902,20,37,32,CT,Harish Kumar Mandwa,IND,,,,,False,37,2019,GE
1833812,Vidya Sahu,IND,23849,141,0.0865949750348529,21,37,32,CT,Vidya Sahu,IND,,,,,False,37,2019,GE
1833811,Pooran Lal Chhabariya,IND,23849,141,0.09,21,37,32,CT,Pooran Lal Chhabariya,IND,,,,,False,37,2019,GE
1833810,Baldau Prasad Sahu,SWAP,23919,141,0.09,21,37,32,CT,Baldau Prasad Sahu,SWAP,,,,,False,37,2019,GE
1833813,Yaman Banjare,BKNP,23920,130,0.0798393386846161,24,37,32,CT,Yaman Banjare,BKNP,,,,,False,37,2019,GE
1833814,Salikram Jogi,IND,23849,115,0.0706271072979297,25,37,32,CT,Salikram Jogi,IND,,,,,False,37,2019,GE
1833815,Raju Khatik Urph Lalu,IND,23849,102,0.062643173429468,26,37,32,CT,Raju Khatik Urph Lalu,IND,,,,,False,37,2019,GE
1833935,Guharam Ajgalley,BJP,23846,73775,51.0924893521243,1,37,33,CT,Guharam Ajgalley,BJP,,,,,True,37,2019,GE
1833936,Ravi Parasram Bhardwaj,INC,23847,51100,35.3890370165171,2,37,33,CT,Ravi Parasram Bhardwaj,INC,,,,,False,37,2019,GE
1833937,Dauram Ratnakar,BSP,23850,13998,9.69424149035631,3,37,33,CT,Dauram Ratnakar,BSP,,,,,False,37,2019,GE
1833938,None Of The Above,NOTA,23852,1187,0.822050625021642,4,37,33,CT,None Of The Above,NOTA,,,,,False,37,2019,GE
1833939,Seema Ajay,APoI,23853,829,0.57411960247931,5,37,33,CT,Seema Ajay,APoI,,,,,False,37,2019,GE
1833940,Asharam Ratnakar,IND,23849,655,0.453616814986668,6,37,33,CT,Asharam Ratnakar,IND,,,,,False,37,2019,GE
1833941,Ashish Ratre,IND,23849,494,0.34,7,37,33,CT,Ashish Ratre,IND,,,,,False,37,2019,GE
1833942,Dr. Uday Ratre,PPID,23882,494,0.34,7,37,33,CT,Dr. Uday Ratre,PPID,,,,,False,37,2019,GE
1833943,Sita Chauhan,BSCP,23859,383,0.265244641434952,9,37,33,CT,Sita Chauhan,BSCP,,,,,False,37,2019,GE
1833944,Shanti Kumar Ratre,GGP,23848,278,0.192527442085944,10,37,33,CT,Shanti Kumar Ratre,GGP,,,,,False,37,2019,GE
1833945,Nitesh Kumar Ratre,SUSP,23904,254,0.175906367949028,11,37,33,CT,Nitesh Kumar Ratre,SUSP,,,,,False,37,2019,GE
1833946,Vrinda Chauhan,cvgrp,23870,243,0.168288375636275,12,37,33,CT,Vrinda Chauhan,cvgrp,,,,,False,37,2019,GE
1833947,Naresh Kumar Dahariya,RGOP,23855,208,0.144049309186606,13,37,33,CT,Naresh Kumar Dahariya,RGOP,,,,,False,37,2019,GE
1833948,Naresh Bai Jangde,SHS,23868,169,0.117040063714117,14,37,33,CT,Naresh Bai Jangde,SHS,,,,,False,37,2019,GE
1833949,Lakhan Lal Chauhan Alias Lakhala Danav,BMUP,23887,165,0.114269884691298,15,37,33,CT,Lakhan Lal Chauhan Alias Lakhala Danav,BMUP,,,,,False,37,2019,GE
1833950,Bhojram Banjare,RJsbhP,23864,163,0.112884795179888,16,37,33,CT,Bhojram Banjare,RJsbhP,,,,,False,37,2019,GE
1834049,Guharam Ajgalley,BJP,23846,81819,56.444413783588,1,37,34,CT,Guharam Ajgalley,BJP,,,,,True,37,2019,GE
1834050,Ravi Parasram Bhardwaj,INC,23847,45704,31.5297851057224,2,37,34,CT,Ravi Parasram Bhardwaj,INC,,,,,False,37,2019,GE
1834051,Dauram Ratnakar,BSP,23850,12524,8.63992273464178,3,37,34,CT,Dauram Ratnakar,BSP,,,,,False,37,2019,GE
1834052,None Of The Above,NOTA,23852,1060,0.73126142595978,4,37,34,CT,None Of The Above,NOTA,,,,,False,37,2019,GE
1834053,Seema Ajay,APoI,23853,671,0.462902280017936,5,37,34,CT,Seema Ajay,APoI,,,,,False,37,2019,GE
1834054,Asharam Ratnakar,IND,23849,621,0.428408816529267,6,37,34,CT,Asharam Ratnakar,IND,,,,,False,37,2019,GE
1834055,Ashish Ratre,PPID,23882,468,0.32285881825394,7,37,34,CT,Ashish Ratre,PPID,,,,,False,37,2019,GE
1834056,Dr. Uday Ratre,IND,23849,465,0.32078921044462,8,37,34,CT,Dr. Uday Ratre,IND,,,,,False,37,2019,GE
1834057,Sita Chauhan,BSCP,23859,299,0.20627091166224,9,37,34,CT,Sita Chauhan,BSCP,,,,,False,37,2019,GE
1834058,Nitesh Kumar Ratre,SUSP,23904,268,0.184884964299265,10,37,34,CT,Nitesh Kumar Ratre,SUSP,,,,,False,37,2019,GE
1834059,Shanti Kumar Ratre,GGP,23848,225,0.15522058569901,11,37,34,CT,Shanti Kumar Ratre,GGP,,,,,False,37,2019,GE
1834060,Vrinda Chauhan,cvgrp,23870,205,0.141423200303542,12,37,34,CT,Vrinda Chauhan,cvgrp,,,,,False,37,2019,GE
1834061,Naresh Bai Jangde,SHS,23868,170,0.117277775861474,13,37,34,CT,Naresh Bai Jangde,SHS,,,,,False,37,2019,GE
1834062,Lakhan Lal Chauhan Alias Lakhala Danav,BMUP,23887,162,0.111758821703287,14,37,34,CT,Lakhan Lal Chauhan Alias Lakhala Danav,BMUP,,,,,False,37,2019,GE
1834063,Bhojram Banjare,RJsbhP,23864,152,0.104860129005553,15,37,34,CT,Bhojram Banjare,RJsbhP,,,,,False,37,2019,GE
1834064,Naresh Kumar Dahariya,RGOP,23855,142,0.0979614363078196,16,37,34,CT,Naresh Kumar Dahariya,RGOP,,,,,False,37,2019,GE
1834168,Guharam Ajgalley,BJP,23846,71737,50.5307571477878,1,37,35,CT,Guharam Ajgalley,BJP,,,,,True,37,2019,GE
1834169,Ravi Parasram Bhardwaj,INC,23847,57562,40.5460423901329,2,37,35,CT,Ravi Parasram Bhardwaj,INC,,,,,False,37,2019,GE
1834170,Dauram Ratnakar,BSP,23850,7621,5.36814893602034,3,37,35,CT,Dauram Ratnakar,BSP,,,,,False,37,2019,GE
1834171,None Of The Above,NOTA,23852,857,0.60366141427233,4,37,35,CT,None Of The Above,NOTA,,,,,False,37,2019,GE
1834172,Seema Ajay,APoI,23853,698,0.491663555615037,5,37,35,CT,Seema Ajay,APoI,,,,,False,37,2019,GE
1834173,Asharam Ratnakar,IND,23849,548,0.386005198391175,6,37,35,CT,Asharam Ratnakar,IND,,,,,False,37,2019,GE
1834174,Ashish Ratre,PPID,23882,515,0.362760359801925,7,37,35,CT,Ashish Ratre,PPID,,,,,False,37,2019,GE
1834175,Sita Chauhan,BSCP,23859,377,0.265554671155972,8,37,35,CT,Sita Chauhan,BSCP,,,,,False,37,2019,GE
1834176,Dr. Uday Ratre,IND,23849,372,0.262032725915177,9,37,35,CT,Dr. Uday Ratre,IND,,,,,False,37,2019,GE
1834177,Nitesh Kumar Ratre,SUSP,23904,325,0.2289264406517,10,37,35,CT,Nitesh Kumar Ratre,SUSP,,,,,False,37,2019,GE
1834178,Shanti Kumar Ratre,GGP,23848,325,0.2289264406517,10,37,35,CT,Shanti Kumar Ratre,GGP,,,,,False,37,2019,GE
1834179,Lakhan Lal Chauhan Alias Lakhala Danav,BMUP,23887,223,0.157078757739474,12,37,35,CT,Lakhan Lal Chauhan Alias Lakhala Danav,BMUP,,,,,False,37,2019,GE
1834180,Naresh Bai Jangde,SHS,23868,219,0.154261201546838,13,37,35,CT,Naresh Bai Jangde,SHS,,,,,False,37,2019,GE
1834181,Vrinda Chauhan,cvgrp,23870,219,0.154261201546838,13,37,35,CT,Vrinda Chauhan,cvgrp,,,,,False,37,2019,GE
1834182,Bhojram Banjare,RJsbhP,23864,200,0.140877809631815,15,37,35,CT,Bhojram Banjare,RJsbhP,,,,,False,37,2019,GE
1834183,Naresh Kumar Dahariya,RGOP,23855,169,0.119041749138884,16,37,35,CT,Naresh Kumar Dahariya,RGOP,,,,,False,37,2019,GE
1834287,Ravi Parasram Bhardwaj,INC,23847,66202,44.4884985249349,1,37,36,CT,Ravi Parasram Bhardwaj,INC,,,,,False,37,2019,GE
1834288,Guharam Ajgalley,BJP,23846,65356,43.9199768828079,2,37,36,CT,Guharam Ajgalley,BJP,,,,,True,37,2019,GE
1834289,Dauram Ratnakar,BSP,23850,11225,7.54332793484177,3,37,36,CT,Dauram Ratnakar,BSP,,,,,False,37,2019,GE
1834290,None Of The Above,NOTA,23852,967,0.649835021201959,4,37,36,CT,None Of The Above,NOTA,,,,,False,37,2019,GE
1834291,Seema Ajay,APoI,23853,876,0.588681984046449,5,37,36,CT,Seema Ajay,APoI,,,,,False,37,2019,GE
1834292,Ashish Ratre,PPID,23882,764,0.51341670754736,6,37,36,CT,Ashish Ratre,PPID,,,,,False,37,2019,GE
1834293,Asharam Ratnakar,IND,23849,638,0.428743271485884,7,37,36,CT,Asharam Ratnakar,IND,,,,,False,37,2019,GE
1834294,Sita Chauhan,BSCP,23859,515,0.346085869616348,8,37,36,CT,Sita Chauhan,BSCP,,,,,False,37,2019,GE
1834295,Dr. Uday Ratre,IND,23849,498,0.334661675862022,9,37,36,CT,Dr. Uday Ratre,IND,,,,,False,37,2019,GE
1834296,Shanti Kumar Ratre,GGP,23848,409,0.274852661501139,10,37,36,CT,Shanti Kumar Ratre,GGP,,,,,False,37,2019,GE
1834297,Nitesh Kumar Ratre,SUSP,23904,287,0.192867271028916,11,37,36,CT,Nitesh Kumar Ratre,SUSP,,,,,False,37,2019,GE
1834298,Vrinda Chauhan,cvgrp,23870,240,0.161282735355191,12,37,36,CT,Vrinda Chauhan,cvgrp,,,,,False,37,2019,GE
1834299,Lakhan Lal Chauhan Alias Lakhala Danav,BMUP,23887,212,0.142466416230419,13,37,36,CT,Lakhan Lal Chauhan Alias Lakhala Danav,BMUP,,,,,False,37,2019,GE
1834300,Bhojram Banjare,RJsbhP,23864,209,0.140450382038479,14,37,36,CT,Bhojram Banjare,RJsbhP,,,,,False,37,2019,GE
1834301,Naresh Kumar Dahariya,RGOP,23855,207,0.139106359243852,15,37,36,CT,Naresh Kumar Dahariya,RGOP,,,,,False,37,2019,GE
1834302,Naresh Bai Jangde,SHS,23868,202,0.135746302257286,16,37,36,CT,Naresh Bai Jangde,SHS,,,,,False,37,2019,GE
1834413,Ravi Parasram Bhardwaj,INC,23847,60326,41.4682935212235,1,37,37,CT,Ravi Parasram Bhardwaj,INC,,,,,False,37,2019,GE
1834414,Guharam Ajgalley,BJP,23846,59156,40.6640316205533,2,37,37,CT,Guharam Ajgalley,BJP,,,,,True,37,2019,GE
1834415,Dauram Ratnakar,BSP,23850,19821,13.6250214813541,3,37,37,CT,Dauram Ratnakar,BSP,,,,,False,37,2019,GE
1834416,Seema Ajay,APoI,23853,988,0.679154493899295,4,37,37,CT,Seema Ajay,APoI,,,,,False,37,2019,GE
1834417,None Of The Above,NOTA,23852,867,0.595978690496648,5,37,37,CT,None Of The Above,NOTA,,,,,False,37,2019,GE
1834418,Ashish Ratre,PPID,23882,778,0.534799793778999,6,37,37,CT,Ashish Ratre,PPID,,,,,False,37,2019,GE
1834419,Asharam Ratnakar,IND,23849,671,0.461247637051039,7,37,37,CT,Asharam Ratnakar,IND,,,,,False,37,2019,GE
1834420,Dr. Uday Ratre,IND,23849,517,0.355387523629489,8,37,37,CT,Dr. Uday Ratre,IND,,,,,False,37,2019,GE
1834421,Sita Chauhan,BSCP,23859,438,0.301082660250902,9,37,37,CT,Sita Chauhan,BSCP,,,,,False,37,2019,GE
1834422,Shanti Kumar Ratre,GGP,23848,307,0.211032823509194,10,37,37,CT,Shanti Kumar Ratre,GGP,,,,,False,37,2019,GE
1834423,Vrinda Chauhan,cvgrp,23870,305,0.209658016841381,11,37,37,CT,Vrinda Chauhan,cvgrp,,,,,False,37,2019,GE
1834424,Nitesh Kumar Ratre,SUSP,23904,301,0.206908403505757,12,37,37,CT,Nitesh Kumar Ratre,SUSP,,,,,False,37,2019,GE
1834425,Naresh Bai Jangde,SHS,23868,280,0.192472933493727,13,37,37,CT,Naresh Bai Jangde,SHS,,,,,False,37,2019,GE
1834426,Lakhan Lal Chauhan Alias Lakhala Danav,BMUP,23887,252,0.173225640144354,14,37,37,CT,Lakhan Lal Chauhan Alias Lakhala Danav,BMUP,,,,,False,37,2019,GE
1834427,Naresh Kumar Dahariya,RGOP,23855,250,0.171850833476542,15,37,37,CT,Naresh Kumar Dahariya,RGOP,,,,,False,37,2019,GE
1834428,Bhojram Banjare,RJsbhP,23864,218,0.149853926791544,16,37,37,CT,Bhojram Banjare,RJsbhP,,,,,False,37,2019,GE
1834529,Guharam Ajgalley,BJP,23846,52157,40.9357046432047,1,37,38,CT,Guharam Ajgalley,BJP,,,,,True,37,2019,GE
1834530,Ravi Parasram Bhardwaj,INC,23847,45650,35.8286503626032,2,37,38,CT,Ravi Parasram Bhardwaj,INC,,,,,False,37,2019,GE
1834531,Dauram Ratnakar,BSP,23850,24915,19.554673029228,3,37,38,CT,Dauram Ratnakar,BSP,,,,,False,37,2019,GE
1834532,None Of The Above,NOTA,23852,782,0.613756945970552,4,37,38,CT,None Of The Above,NOTA,,,,,False,37,2019,GE
1834533,Seema Ajay,APoI,23853,681,0.534486547577936,5,37,38,CT,Seema Ajay,APoI,,,,,False,37,2019,GE
1834534,Asharam Ratnakar,IND,23849,546,0.428531064577904,6,37,38,CT,Asharam Ratnakar,IND,,,,,False,37,2019,GE
1834535,Ashish Ratre,PPID,23882,537,0.421467365711235,7,37,38,CT,Ashish Ratre,PPID,,,,,False,37,2019,GE
1834536,Dr. Uday Ratre,IND,23849,457,0.358678931340847,8,37,38,CT,Dr. Uday Ratre,IND,,,,,False,37,2019,GE
1834537,Sita Chauhan,BSCP,23859,314,0.246444604903776,9,37,38,CT,Sita Chauhan,BSCP,,,,,False,37,2019,GE
1834538,Nitesh Kumar Ratre,SUSP,23904,244,0.191504724829686,10,37,38,CT,Nitesh Kumar Ratre,SUSP,,,,,False,37,2019,GE
1834539,Shanti Kumar Ratre,GGP,23848,225,0.176592471666718,11,37,38,CT,Shanti Kumar Ratre,GGP,,,,,False,37,2019,GE
1834540,Vrinda Chauhan,cvgrp,23870,196,0.153831664207452,12,37,38,CT,Vrinda Chauhan,cvgrp,,,,,False,37,2019,GE
1834541,Bhojram Banjare,RJsbhP,23864,185,0.145198254481524,13,37,38,CT,Bhojram Banjare,RJsbhP,,,,,False,37,2019,GE
1834542,Naresh Kumar Dahariya,RGOP,23855,184,0.144413399051894,14,37,38,CT,Naresh Kumar Dahariya,RGOP,,,,,False,37,2019,GE
1834543,Naresh Bai Jangde,SHS,23868,176,0.138134555614855,15,37,38,CT,Naresh Bai Jangde,SHS,,,,,False,37,2019,GE
1834544,Lakhan Lal Chauhan Alias Lakhala Danav,BMUP,23887,163,0.127931435029667,16,37,38,CT,Lakhan Lal Chauhan Alias Lakhala Danav,BMUP,,,,,False,37,2019,GE
1834655,Chunni Lal Sahu,BJP,23846,69971,47.8332797834305,1,37,39,CT,Chunni Lal Sahu,BJP,,,,,True,37,2019,GE
1834656,Dhanendra Sahu,INC,23847,66764,45.640923975089,2,37,39,CT,Dhanendra Sahu,INC,,,,,False,37,2019,GE
1834657,None Of The Above,NOTA,23852,2177,1.4882315543372,3,37,39,CT,None Of The Above,NOTA,,,,,False,37,2019,GE
1834658,Devendar Singh Thakur (Rajput),IND,23849,1502,1.02679090244119,4,37,39,CT,Devendar Singh Thakur (Rajput),IND,,,,,False,37,2019,GE
1834659,Dhansing Kosariya,BSP,23850,1352,0.92424853535319,5,37,39,CT,Dhansing Kosariya,BSP,,,,,False,37,2019,GE
1834660,Ashok Soni,APoI,23853,1210,0.827175094509881,6,37,39,CT,Ashok Soni,APoI,,,,,False,37,2019,GE
1834661,Santosh Banjare,IND,23849,911,0.622773976114464,7,37,39,CT,Santosh Banjare,IND,,,,,False,37,2019,GE
1834662,Tarun Kumar Dadsena,IND,23849,583,0.398548000082033,8,37,39,CT,Tarun Kumar Dadsena,IND,,,,,False,37,2019,GE
1834663,Dr. Virendra Choudhary,BSCP,23859,416,0.284384164724058,9,37,39,CT,Dr. Virendra Choudhary,BSCP,,,,,False,37,2019,GE
1834664,Jagmohan Bhagwat Kosariya,IND,23849,338,0.231062133838297,10,37,39,CT,Jagmohan Bhagwat Kosariya,IND,,,,,False,37,2019,GE
1834665,Comrade Bhojlal Netam,CPM,23885,302,0.21,11,37,39,CT,Comrade Bhojlal Netam,CPM,,,,,False,37,2019,GE
1834666,Khilawan Singh Dhruw,IND,23849,287,0.196197729028376,12,37,39,CT,Khilawan Singh Dhruw,IND,,,,,False,37,2019,GE
1834667,Champalal Patel Guruji,IND,23849,272,0.185943492319576,13,37,39,CT,Champalal Patel Guruji,IND,,,,,False,37,2019,GE
1834668,Rohit Kumar Kosre,RJsbhP,23864,196,0.133988692994989,14,37,39,CT,Rohit Kumar Kosre,RJsbhP,,,,,False,37,2019,GE
1834765,Chunni Lal Sahu,BJP,23846,76073,48.9086478806231,1,37,40,CT,Chunni Lal Sahu,BJP,,,,,True,37,2019,GE
1834766,Dhanendra Sahu,INC,23847,69165,44.4673751615329,2,37,40,CT,Dhanendra Sahu,INC,,,,,False,37,2019,GE
1834767,None Of The Above,NOTA,23852,2267,1.45749352260818,3,37,40,CT,None Of The Above,NOTA,,,,,False,37,2019,GE
1834768,Devendar Singh Thakur (Rajput),IND,23849,1959,1.25947499373155,4,37,40,CT,Devendar Singh Thakur (Rajput),IND,,,,,False,37,2019,GE
1834769,Dhansing Kosariya,BSP,23850,1308,0.840935830424132,5,37,40,CT,Dhansing Kosariya,BSP,,,,,False,37,2019,GE
1834770,Santosh Banjare,IND,23849,1270,0.816504972965327,6,37,40,CT,Santosh Banjare,IND,,,,,False,37,2019,GE
1834771,Ashok Soni,APoI,23853,1094,0.703351527892967,7,37,40,CT,Ashok Soni,APoI,,,,,False,37,2019,GE
1834772,Tarun Kumar Dadsena,IND,23849,657,0.422396667116708,8,37,40,CT,Tarun Kumar Dadsena,IND,,,,,False,37,2019,GE
1834773,Jagmohan Bhagwat Kosariya,IND,23849,347,0.223092303636983,9,37,40,CT,Jagmohan Bhagwat Kosariya,IND,,,,,False,37,2019,GE
1834774,Dr. Virendra Choudhary,BSCP,23859,339,0.217948965224603,10,37,40,CT,Dr. Virendra Choudhary,BSCP,,,,,False,37,2019,GE
1834775,Khilawan Singh Dhruw,IND,23849,311,0.199947280781273,11,37,40,CT,Khilawan Singh Dhruw,IND,,,,,False,37,2019,GE
1834776,Champalal Patel Guruji,IND,23849,291,0.187088934750323,12,37,40,CT,Champalal Patel Guruji,IND,,,,,False,37,2019,GE
1834777,Comrade Bhojlal Netam,CPM,23885,271,0.17,13,37,40,CT,Comrade Bhojlal Netam,CPM,,,,,False,37,2019,GE
1834778,Rohit Kumar Kosre,RJsbhP,23864,189,0.121511369992477,14,37,40,CT,Rohit Kumar Kosre,RJsbhP,,,,,False,37,2019,GE
1834892,Dhanendra Sahu,INC,23847,68726,49.8502157908098,1,37,41,CT,Dhanendra Sahu,INC,,,,,False,37,2019,GE
1834893,Chunni Lal Sahu,BJP,23846,59483,43.1458310666231,2,37,41,CT,Chunni Lal Sahu,BJP,,,,,True,37,2019,GE
1834894,None Of The Above,NOTA,23852,2463,1.78653030138178,3,37,41,CT,None Of The Above,NOTA,,,,,False,37,2019,GE
1834895,Devendar Singh Thakur (Rajput),IND,23849,2144,1.55514452544155,4,37,41,CT,Devendar Singh Thakur (Rajput),IND,,,,,False,37,2019,GE
1834896,Dhansing Kosariya,BSP,23850,1374,0.996627135240996,5,37,41,CT,Dhansing Kosariya,BSP,,,,,False,37,2019,GE
1834897,Ashok Soni,APoI,23853,973,0.705762883980705,6,37,41,CT,Ashok Soni,APoI,,,,,False,37,2019,GE
1834898,Santosh Banjare,IND,23849,861,0.624523990860624,7,37,41,CT,Santosh Banjare,IND,,,,,False,37,2019,GE
1834899,Tarun Kumar Dadsena,IND,23849,511,0.37065244986037,8,37,41,CT,Tarun Kumar Dadsena,IND,,,,,False,37,2019,GE
1834900,Champalal Patel Guruji,IND,23849,310,0.224857650600224,9,37,41,CT,Champalal Patel Guruji,IND,,,,,False,37,2019,GE
1834901,Khilawan Singh Dhruw,IND,23849,276,0.2001958437602,10,37,41,CT,Khilawan Singh Dhruw,IND,,,,,False,37,2019,GE
1834902,Jagmohan Bhagwat Kosariya,IND,23849,258,0.187139593080187,11,37,41,CT,Jagmohan Bhagwat Kosariya,IND,,,,,False,37,2019,GE
1834903,Comrade Bhojlal Netam,CPM,23885,200,0.15,12,37,41,CT,Comrade Bhojlal Netam,CPM,,,,,False,37,2019,GE
1834904,Dr. Virendra Choudhary,BSCP,23859,158,0.114604867080114,13,37,41,CT,Dr. Virendra Choudhary,BSCP,,,,,False,37,2019,GE
1834905,Rohit Kumar Kosre,RJsbhP,23864,128,0.0928444492800928,14,37,41,CT,Rohit Kumar Kosre,RJsbhP,,,,,False,37,2019,GE
1835032,Chunni Lal Sahu,BJP,23846,73327,53.8899667813152,1,37,42,CT,Chunni Lal Sahu,BJP,,,,,True,37,2019,GE
1835033,Dhanendra Sahu,INC,23847,54556,40.0946585530764,2,37,42,CT,Dhanendra Sahu,INC,,,,,False,37,2019,GE
1835034,None Of The Above,NOTA,23852,2071,1.52203310109651,3,37,42,CT,None Of The Above,NOTA,,,,,False,37,2019,GE
1835035,Dhansing Kosariya,BSP,23850,1597,1.17367786694887,4,37,42,CT,Dhansing Kosariya,BSP,,,,,False,37,2019,GE
1835036,Devendar Singh Thakur (Rajput),IND,23849,1461,1.07372784196137,5,37,42,CT,Devendar Singh Thakur (Rajput),IND,,,,,False,37,2019,GE
1835037,Ashok Soni,APoI,23853,692,0.50856924478937,6,37,42,CT,Ashok Soni,APoI,,,,,False,37,2019,GE
1835038,Santosh Banjare,IND,23849,691,0.50783431813505,7,37,42,CT,Santosh Banjare,IND,,,,,False,37,2019,GE
1835039,Khilawan Singh Dhruw,IND,23849,420,0.308669194814357,8,37,42,CT,Khilawan Singh Dhruw,IND,,,,,False,37,2019,GE
1835040,Tarun Kumar Dadsena,IND,23849,384,0.282211835258841,9,37,42,CT,Tarun Kumar Dadsena,IND,,,,,False,37,2019,GE
1835041,Jagmohan Bhagwat Kosariya,IND,23849,204,0.149925037481259,10,37,42,CT,Jagmohan Bhagwat Kosariya,IND,,,,,False,37,2019,GE
1835042,Champalal Patel Guruji,IND,23849,198,0.145515477555339,11,37,42,CT,Champalal Patel Guruji,IND,,,,,False,37,2019,GE
1835043,Comrade Bhojlal Netam,CPM,23885,192,0.14,12,37,42,CT,Comrade Bhojlal Netam,CPM,,,,,False,37,2019,GE
1835044,Dr. Virendra Choudhary,BSCP,23859,140,0.102889731604785,13,37,42,CT,Dr. Virendra Choudhary,BSCP,,,,,False,37,2019,GE
1835045,Rohit Kumar Kosre,RJsbhP,23864,135,0.0992150983331863,14,37,42,CT,Rohit Kumar Kosre,RJsbhP,,,,,False,37,2019,GE
1835155,Ravi Parasram Bhardwaj,INC,23847,75398,41.2678430685699,1,37,43,CT,Ravi Parasram Bhardwaj,INC,,,,,False,37,2019,GE
1835156,Guharam Ajgalley,BJP,23846,69855,38.2339740782905,2,37,43,CT,Guharam Ajgalley,BJP,,,,,True,37,2019,GE
1835157,Dauram Ratnakar,BSP,23850,27647,15.1321262807601,3,37,43,CT,Dauram Ratnakar,BSP,,,,,False,37,2019,GE
1835158,None Of The Above,NOTA,23852,1643,0.899268762588668,4,37,43,CT,None Of The Above,NOTA,,,,,False,37,2019,GE
1835159,Seema Ajay,APoI,23853,1519,0.831399422015938,5,37,43,CT,Seema Ajay,APoI,,,,,False,37,2019,GE
1835160,Ashish Ratre,PPID,23882,1351,0.739447412207723,6,37,43,CT,Ashish Ratre,PPID,,,,,False,37,2019,GE
1835161,Asharam Ratnakar,IND,23849,1240,0.678693405727296,7,37,43,CT,Asharam Ratnakar,IND,,,,,False,37,2019,GE
1835162,Dr. Uday Ratre,IND,23849,909,0.497526053069445,8,37,43,CT,Dr. Uday Ratre,IND,,,,,False,37,2019,GE
1835163,Sita Chauhan,BSCP,23859,630,0.344820036780803,9,37,43,CT,Sita Chauhan,BSCP,,,,,False,37,2019,GE
1835164,Shanti Kumar Ratre,GGP,23848,447,0.244658026096856,10,37,43,CT,Shanti Kumar Ratre,GGP,,,,,False,37,2019,GE
1835165,Nitesh Kumar Ratre,SUSP,23904,424,0.232069358087398,11,37,43,CT,Nitesh Kumar Ratre,SUSP,,,,,False,37,2019,GE
1835166,Vrinda Chauhan,cvgrp,23870,380,0.207986688851913,12,37,43,CT,Vrinda Chauhan,cvgrp,,,,,False,37,2019,GE
1835167,Bhojram Banjare,RJsbhP,23864,342,0.187188019966722,13,37,43,CT,Bhojram Banjare,RJsbhP,,,,,False,37,2019,GE
1835168,Naresh Kumar Dahariya,RGOP,23855,325,0.177883352307557,14,37,43,CT,Naresh Kumar Dahariya,RGOP,,,,,False,37,2019,GE
1835169,Lakhan Lal Chauhan Alias Lakhala Danav,BMUP,23887,320,0.175146685348979,15,37,43,CT,Lakhan Lal Chauhan Alias Lakhala Danav,BMUP,,,,,False,37,2019,GE
1835170,Naresh Bai Jangde,SHS,23868,274,0.149969349330063,16,37,43,CT,Naresh Bai Jangde,SHS,,,,,False,37,2019,GE
1835270,Guharam Ajgalley,BJP,23846,96631,46.6219573975345,1,37,44,CT,Guharam Ajgalley,BJP,,,,,True,37,2019,GE
1835271,Ravi Parasram Bhardwaj,INC,23847,86109,41.5453646298217,2,37,44,CT,Ravi Parasram Bhardwaj,INC,,,,,False,37,2019,GE
1835272,Dauram Ratnakar,BSP,23850,12825,6.18773068294212,3,37,44,CT,Dauram Ratnakar,BSP,,,,,False,37,2019,GE
1835273,None Of The Above,NOTA,23852,2589,1.24912551564422,4,37,44,CT,None Of The Above,NOTA,,,,,False,37,2019,GE
1835274,Seema Ajay,APoI,23853,1568,0.756519431645478,5,37,44,CT,Seema Ajay,APoI,,,,,False,37,2019,GE
1835275,Asharam Ratnakar,IND,23849,1546,0.745905000844329,6,37,44,CT,Asharam Ratnakar,IND,,,,,False,37,2019,GE
1835276,Ashish Ratre,PPID,23882,1330,0.641690589342146,7,37,44,CT,Ashish Ratre,PPID,,,,,False,37,2019,GE
1835277,Dr. Uday Ratre,IND,23849,1065,0.513834945601042,8,37,44,CT,Dr. Uday Ratre,IND,,,,,False,37,2019,GE
1835278,Sita Chauhan,BSCP,23859,909,0.438568981738354,9,37,44,CT,Sita Chauhan,BSCP,,,,,False,37,2019,GE
1835279,Shanti Kumar Ratre,GGP,23848,561,0.270667985429281,10,37,44,CT,Shanti Kumar Ratre,GGP,,,,,False,37,2019,GE
1835280,Nitesh Kumar Ratre,SUSP,23904,462,0.222903046824114,11,37,44,CT,Nitesh Kumar Ratre,SUSP,,,,,False,37,2019,GE
1835281,Vrinda Chauhan,cvgrp,23870,396,0.191059754420669,12,37,44,CT,Vrinda Chauhan,cvgrp,,,,,False,37,2019,GE
1835282,Naresh Kumar Dahariya,RGOP,23855,362,0.174655634091621,13,37,44,CT,Naresh Kumar Dahariya,RGOP,,,,,False,37,2019,GE
1835283,Naresh Bai Jangde,SHS,23868,333,0.160663884399199,14,37,44,CT,Naresh Bai Jangde,SHS,,,,,False,37,2019,GE
1835284,Lakhan Lal Chauhan Alias Lakhala Danav,BMUP,23887,292,0.140882445178877,15,37,44,CT,Lakhan Lal Chauhan Alias Lakhala Danav,BMUP,,,,,False,37,2019,GE
1835285,Bhojram Banjare,RJsbhP,23864,287,0.138470074542252,16,37,44,CT,Bhojram Banjare,RJsbhP,,,,,False,37,2019,GE
1835459,Sunil Kumar Soni,BJP,23846,109144,58.1552347916899,1,37,45,CT,Sunil Kumar Soni,BJP,,,,,True,37,2019,GE
1835460,Pramod Dubey,INC,23847,65923,35.1257746021089,2,37,45,CT,Pramod Dubey,INC,,,,,False,37,2019,GE
1835461,Santosh Yadu,SHS,23868,1972,1.05074143342018,3,37,45,CT,Santosh Yadu,SHS,,,,,False,37,2019,GE
1835462,Khilesh Kumar Sahu Alias Khileshwar,BSP,23850,1757,0.936182909999627,4,37,45,CT,Khilesh Kumar Sahu Alias Khileshwar,BSP,,,,,False,37,2019,GE
1835463,Tarjan Jangde,IND,23849,1093,0.582383563249625,5,37,45,CT,Tarjan Jangde,IND,,,,,False,37,2019,GE
1835464,Navin Gupta,IND,23849,1047,0.557873367541041,6,37,45,CT,Navin Gupta,IND,,,,,False,37,2019,GE
1835465,Manish Shrivastav,IND,23849,774,0.412410684314007,7,37,45,CT,Manish Shrivastav,IND,,,,,False,37,2019,GE
1835466,Ajay Chakole,GGP,23848,751,0.400155586459715,8,37,45,CT,Ajay Chakole,GGP,,,,,False,37,2019,GE
1835467,Pritesh Pandey,IND,23849,693,0.369251426653239,9,37,45,CT,Pritesh Pandey,IND,,,,,False,37,2019,GE
1835468,None Of The Above,NOTA,23852,593,0.315968392504142,10,37,45,CT,None Of The Above,NOTA,,,,,False,37,2019,GE
1835469,Advocate Shailendra Kumar Banjare,SSBD,23924,547,0.291458196795558,11,37,45,CT,Advocate Shailendra Kumar Banjare,SSBD,,,,,False,37,2019,GE
1835470,Vijay Kumar Kurre,RJsbhP,23864,394,0.20993515454744,12,37,45,CT,Vijay Kumar Kurre,RJsbhP,,,,,False,37,2019,GE
1835471,Pravin Jain,IND,23849,349,0.185957789180347,13,37,45,CT,Pravin Jain,IND,,,,,False,37,2019,GE
1835472,Sanju Kumar Yadav,IND,23849,349,0.185957789180347,13,37,45,CT,Sanju Kumar Yadav,IND,,,,,False,37,2019,GE
1835473,Santosh Sahu,IND,23849,321,0.1710385396186,15,37,45,CT,Santosh Sahu,IND,,,,,False,37,2019,GE
1835474,Ikram Saifi,APoI,23853,304,0.161980423813253,16,37,45,CT,Ikram Saifi,APoI,,,,,False,37,2019,GE
1835475,Dr. Yogita Bajpai,SABHP,23952,263,0.140134379812124,17,37,45,CT,Dr. Yogita Bajpai,SABHP,,,,,False,37,2019,GE
1835476,Devendra Kumar Patil,SUCI,23953,253,0.13,18,37,45,CT,Devendra Kumar Patil,SUCI,,,,,False,37,2019,GE
1835477,Banmali Chhura,BHBP,23926,205,0.109230220005648,19,37,45,CT,Banmali Chhura,BHBP,,,,,False,37,2019,GE
1835478,Shankar Lal Varandani,IND,23849,165,0.0879170063460093,20,37,45,CT,Shankar Lal Varandani,IND,,,,,False,37,2019,GE
1835479,Devki Dubey (Sandhya),RPI(A),23876,162,0.0863185153215364,21,37,45,CT,Devki Dubey (Sandhya),RPI(A),,,,,False,37,2019,GE
1835480,Chhabi Lal Kanwar,BSCP,23859,157,0.0836543636140816,22,37,45,CT,Chhabi Lal Kanwar,BSCP,,,,,False,37,2019,GE
1835481,Ramkrishna Verma,IND,23849,143,0.0761947388332081,23,37,45,CT,Ramkrishna Verma,IND,,,,,False,37,2019,GE
1835482,Tameshwar Sahu,BKNP,23920,141,0.0751290781502261,24,37,45,CT,Tameshwar Sahu,BKNP,,,,,False,37,2019,GE
1835483,Rupesh Sahu,IND,23849,99,0.0527502038076056,25,37,45,CT,Rupesh Sahu,IND,,,,,False,37,2019,GE
1835484,Ramdyal Dahariya,IND,23849,78,0.0415607666362953,26,37,45,CT,Ramdyal Dahariya,IND,,,,,False,37,2019,GE
1835642,Sunil Kumar Soni,BJP,23846,74731,46.6389570188413,1,37,46,CT,Sunil Kumar Soni,BJP,,,,,True,37,2019,GE
1835643,Pramod Dubey,INC,23847,74479,46.4816860446974,2,37,46,CT,Pramod Dubey,INC,,,,,False,37,2019,GE
1835644,Santosh Yadu,SHS,23868,1605,1.00166632341652,3,37,46,CT,Santosh Yadu,SHS,,,,,False,37,2019,GE
1835645,Khilesh Kumar Sahu Alias Khileshwar,BSP,23850,1449,0.904308101327441,4,37,46,CT,Khilesh Kumar Sahu Alias Khileshwar,BSP,,,,,False,37,2019,GE
1835646,Tarjan Jangde,IND,23849,1447,0.903059918992966,5,37,46,CT,Tarjan Jangde,IND,,,,,False,37,2019,GE
1835647,Navin Gupta,IND,23849,806,0.503017480793594,6,37,46,CT,Navin Gupta,IND,,,,,False,37,2019,GE
1835648,Pritesh Pandey,IND,23849,765,0.477429742936848,7,37,46,CT,Pritesh Pandey,IND,,,,,False,37,2019,GE
1835649,Ajay Chakole,GGP,23848,616,0.384440159018429,8,37,46,CT,Ajay Chakole,GGP,,,,,False,37,2019,GE
1835650,Manish Shrivastav,IND,23849,559,0.348866962485879,9,37,46,CT,Manish Shrivastav,IND,,,,,False,37,2019,GE
1835651,None Of The Above,NOTA,23852,496,0.309549218949904,10,37,46,CT,None Of The Above,NOTA,,,,,False,37,2019,GE
1835652,Advocate Shailendra Kumar Banjare,SSBD,23924,457,0.285209663427633,11,37,46,CT,Advocate Shailendra Kumar Banjare,SSBD,,,,,False,37,2019,GE
1835653,Santosh Sahu,IND,23849,386,0.240899190553756,12,37,46,CT,Santosh Sahu,IND,,,,,False,37,2019,GE
1835654,Sanju Kumar Yadav,IND,23849,299,0.186603259004075,13,37,46,CT,Sanju Kumar Yadav,IND,,,,,False,37,2019,GE
1835655,Vijay Kumar Kurre,RJsbhP,23864,258,0.161015521147329,14,37,46,CT,Vijay Kumar Kurre,RJsbhP,,,,,False,37,2019,GE
1835656,Pravin Jain,IND,23849,240,0.14978188013705,15,37,46,CT,Pravin Jain,IND,,,,,False,37,2019,GE
1835658,Ikram Saifi,SUCI,23953,235,0.15,16,37,46,CT,Ikram Saifi,SUCI,,,,,False,37,2019,GE
1835657,Devendra Kumar Patil,APoI,23853,235,0.15,16,37,46,CT,Devendra Kumar Patil,APoI,,,,,False,37,2019,GE
1835659,Chhabi Lal Kanwar,BSCP,23859,208,0.129810962785443,18,37,46,CT,Chhabi Lal Kanwar,BSCP,,,,,False,37,2019,GE
1835660,Dr. Yogita Bajpai,SABHP,23952,184,0.114832774771738,19,37,46,CT,Dr. Yogita Bajpai,SABHP,,,,,False,37,2019,GE
1835661,Banmali Chhura,BHBP,23926,168,0.104847316095935,20,37,46,CT,Banmali Chhura,BHBP,,,,,False,37,2019,GE
1835662,Shankar Lal Varandani,IND,23849,142,0.0886209457477548,21,37,46,CT,Shankar Lal Varandani,IND,,,,,False,37,2019,GE
1835663,Ramkrishna Verma,IND,23849,115,0.0717704842323366,22,37,46,CT,Ramkrishna Verma,IND,,,,,False,37,2019,GE
1835664,Tameshwar Sahu,BKNP,23920,108,0.0674018460616726,23,37,46,CT,Tameshwar Sahu,BKNP,,,,,False,37,2019,GE
1835665,Devki Dubey (Sandhya),RPI(A),23876,99,0.0617850255565332,24,37,46,CT,Devki Dubey (Sandhya),RPI(A),,,,,False,37,2019,GE
1835666,Rupesh Sahu,IND,23849,82,0.0511754757134922,25,37,46,CT,Rupesh Sahu,IND,,,,,False,37,2019,GE
1835667,Ramdyal Dahariya,IND,23849,64,0.0399418347032134,26,37,46,CT,Ramdyal Dahariya,IND,,,,,False,37,2019,GE
1835841,Sunil Kumar Soni,BJP,23846,100677,62.9239115488943,1,37,47,CT,Sunil Kumar Soni,BJP,,,,,True,37,2019,GE
1835842,Pramod Dubey,INC,23847,49902,31.1891398642483,2,37,47,CT,Pramod Dubey,INC,,,,,False,37,2019,GE
1835843,Santosh Yadu,SHS,23868,1488,0.930011625145314,3,37,47,CT,Santosh Yadu,SHS,,,,,False,37,2019,GE
1835844,Khilesh Kumar Sahu Alias Khileshwar,BSP,23850,1467,0.916886461080763,4,37,47,CT,Khilesh Kumar Sahu Alias Khileshwar,BSP,,,,,False,37,2019,GE
1835845,Navin Gupta,IND,23849,973,0.60813260165752,5,37,47,CT,Navin Gupta,IND,,,,,False,37,2019,GE
1835846,Tarjan Jangde,IND,23849,804,0.502506281328516,6,37,47,CT,Tarjan Jangde,IND,,,,,False,37,2019,GE
1835847,Ajay Chakole,GGP,23848,635,0.396879960999512,7,37,47,CT,Ajay Chakole,GGP,,,,,False,37,2019,GE
1835848,Manish Shrivastav,IND,23849,605,0.378129726621582,8,37,47,CT,Manish Shrivastav,IND,,,,,False,37,2019,GE
1835849,None Of The Above,NOTA,23852,482,0.30125376567207,9,37,47,CT,None Of The Above,NOTA,,,,,False,37,2019,GE
1835850,Pritesh Pandey,IND,23849,453,0.283128539106738,10,37,47,CT,Pritesh Pandey,IND,,,,,False,37,2019,GE
1835851,Advocate Shailendra Kumar Banjare,SSBD,23924,371,0.23187789847373,11,37,47,CT,Advocate Shailendra Kumar Banjare,SSBD,,,,,False,37,2019,GE
1835852,Pravin Jain,IND,23849,332,0.207502593782422,12,37,47,CT,Pravin Jain,IND,,,,,False,37,2019,GE
1835853,Sanju Kumar Yadav,IND,23849,265,0.165627070338379,13,37,47,CT,Sanju Kumar Yadav,IND,,,,,False,37,2019,GE
1835854,Vijay Kumar Kurre,RJsbhP,23864,212,0.132501656270703,14,37,47,CT,Vijay Kumar Kurre,RJsbhP,,,,,False,37,2019,GE
1835855,Santosh Sahu,IND,23849,191,0.119376492206152,15,37,47,CT,Santosh Sahu,IND,,,,,False,37,2019,GE
1835856,Ikram Saifi,APoI,23853,147,0.0918761484518556,16,37,47,CT,Ikram Saifi,APoI,,,,,False,37,2019,GE
1835857,Tameshwar Sahu,BKNP,23920,136,0.0850010625132814,17,37,47,CT,Tameshwar Sahu,BKNP,,,,,False,37,2019,GE
1835858,Dr. Yogita Bajpai,SABHP,23952,128,0.0800010000125001,18,37,47,CT,Dr. Yogita Bajpai,SABHP,,,,,False,37,2019,GE
1835859,Devendra Kumar Patil,SUCI,23953,125,0.08,19,37,47,CT,Devendra Kumar Patil,SUCI,,,,,False,37,2019,GE
1835860,Banmali Chhura,BHBP,23926,122,0.0762509531369142,20,37,47,CT,Banmali Chhura,BHBP,,,,,False,37,2019,GE
1835861,Ramkrishna Verma,IND,23849,106,0.0662508281353516,21,37,47,CT,Ramkrishna Verma,IND,,,,,False,37,2019,GE
1835862,Shankar Lal Varandani,IND,23849,91,0.0568757109463868,22,37,47,CT,Shankar Lal Varandani,IND,,,,,False,37,2019,GE
1835863,Devki Dubey (Sandhya),RPI(A),23876,84,0.0525006562582032,23,37,47,CT,Devki Dubey (Sandhya),RPI(A),,,,,False,37,2019,GE
1835864,Chhabi Lal Kanwar,BSCP,23859,72,0.0450005625070313,24,37,47,CT,Chhabi Lal Kanwar,BSCP,,,,,False,37,2019,GE
1835865,Ramdyal Dahariya,IND,23849,71,0.0443755546944336,25,37,47,CT,Ramdyal Dahariya,IND,,,,,False,37,2019,GE
1835866,Rupesh Sahu,IND,23849,59,0.0368754609432617,26,37,47,CT,Rupesh Sahu,IND,,,,,False,37,2019,GE
1836035,Sunil Kumar Soni,BJP,23846,114655,66.6722878675102,1,37,48,CT,Sunil Kumar Soni,BJP,,,,,True,37,2019,GE
1836036,Pramod Dubey,INC,23847,51021,29.6688918868626,2,37,48,CT,Pramod Dubey,INC,,,,,False,37,2019,GE
1836037,Khilesh Kumar Sahu Alias Khileshwar,BSP,23850,1155,0.671636583550427,3,37,48,CT,Khilesh Kumar Sahu Alias Khileshwar,BSP,,,,,False,37,2019,GE
1836038,Santosh Yadu,SHS,23868,745,0.433220133978414,4,37,48,CT,Santosh Yadu,SHS,,,,,False,37,2019,GE
1836039,None Of The Above,NOTA,23852,515,0.29947432080387,5,37,48,CT,None Of The Above,NOTA,,,,,False,37,2019,GE
1836040,Navin Gupta,IND,23849,499,0.290170264235206,6,37,48,CT,Navin Gupta,IND,,,,,False,37,2019,GE
1836041,Tarjan Jangde,IND,23849,490,0.284936732415333,7,37,48,CT,Tarjan Jangde,IND,,,,,False,37,2019,GE
1836042,Ajay Chakole,GGP,23848,436,0.253535541496092,8,37,48,CT,Ajay Chakole,GGP,,,,,False,37,2019,GE
1836043,Manish Shrivastav,IND,23849,338,0.196548195013025,9,37,48,CT,Manish Shrivastav,IND,,,,,False,37,2019,GE
1836044,Pritesh Pandey,IND,23849,282,0.163983997022701,10,37,48,CT,Pritesh Pandey,IND,,,,,False,37,2019,GE
1836045,Advocate Shailendra Kumar Banjare,SSBD,23924,259,0.150609415705247,11,37,48,CT,Advocate Shailendra Kumar Banjare,SSBD,,,,,False,37,2019,GE
1836046,Pravin Jain,IND,23849,159,0.0924590621510978,12,37,48,CT,Pravin Jain,IND,,,,,False,37,2019,GE
1836047,Devendra Kumar Patil,SUCI,23953,154,0.09,13,37,48,CT,Devendra Kumar Patil,SUCI,,,,,False,37,2019,GE
1836048,Vijay Kumar Kurre,RJsbhP,23864,149,0.0866440267956829,14,37,48,CT,Vijay Kumar Kurre,RJsbhP,,,,,False,37,2019,GE
1836049,Sanju Kumar Yadav,IND,23849,138,0.0802474879047264,15,37,48,CT,Sanju Kumar Yadav,IND,,,,,False,37,2019,GE
1836050,Ikram Saifi,APoI,23853,133,0.0773399702270189,16,37,48,CT,Ikram Saifi,APoI,,,,,False,37,2019,GE
1836051,Santosh Sahu,IND,23849,131,0.0761769631559359,17,37,48,CT,Santosh Sahu,IND,,,,,False,37,2019,GE
1836052,Banmali Chhura,BHBP,23926,128,0.0744324525493115,18,37,48,CT,Banmali Chhura,BHBP,,,,,False,37,2019,GE
1836053,Dr. Yogita Bajpai,SABHP,23952,107,0.06222087830294,19,37,48,CT,Dr. Yogita Bajpai,SABHP,,,,,False,37,2019,GE
1836054,Shankar Lal Varandani,IND,23849,105,0.061057871231857,20,37,48,CT,Shankar Lal Varandani,IND,,,,,False,37,2019,GE
1836055,Tameshwar Sahu,BKNP,23920,74,0.0430312616300707,21,37,48,CT,Tameshwar Sahu,BKNP,,,,,False,37,2019,GE
1836056,Devki Dubey (Sandhya),RPI(A),23876,73,0.0424497580945292,22,37,48,CT,Devki Dubey (Sandhya),RPI(A),,,,,False,37,2019,GE
1836057,Ramdyal Dahariya,IND,23849,67,0.0389607368812802,23,37,48,CT,Ramdyal Dahariya,IND,,,,,False,37,2019,GE
1836058,Chhabi Lal Kanwar,BSCP,23859,59,0.0343087085969482,24,37,48,CT,Chhabi Lal Kanwar,BSCP,,,,,False,37,2019,GE
1836059,Ramkrishna Verma,IND,23849,55,0.0319826944547822,25,37,48,CT,Ramkrishna Verma,IND,,,,,False,37,2019,GE
1836060,Rupesh Sahu,IND,23849,41,0.0238416449572013,26,37,48,CT,Rupesh Sahu,IND,,,,,False,37,2019,GE
1836243,Sunil Kumar Soni,BJP,23846,100942,68.7260001634031,1,37,49,CT,Sunil Kumar Soni,BJP,,,,,True,37,2019,GE
1836244,Pramod Dubey,INC,23847,41385,28.1768294343527,2,37,49,CT,Pramod Dubey,INC,,,,,False,37,2019,GE
1836245,Khilesh Kumar Sahu Alias Khileshwar,BSP,23850,983,0.669272038998883,3,37,49,CT,Khilesh Kumar Sahu Alias Khileshwar,BSP,,,,,False,37,2019,GE
1836246,Santosh Yadu,SHS,23868,539,0.366976224842724,4,37,49,CT,Santosh Yadu,SHS,,,,,False,37,2019,GE
1836247,None Of The Above,NOTA,23852,473,0.322040360576268,5,37,49,CT,None Of The Above,NOTA,,,,,False,37,2019,GE
1836248,Ajay Chakole,GGP,23848,339,0.230806939186797,6,37,49,CT,Ajay Chakole,GGP,,,,,False,37,2019,GE
1836249,Navin Gupta,IND,23849,280,0.190636999918298,7,37,49,CT,Navin Gupta,IND,,,,,False,37,2019,GE
1836250,Tarjan Jangde,IND,23849,274,0.18655192134862,8,37,49,CT,Tarjan Jangde,IND,,,,,False,37,2019,GE
1836251,Manish Shrivastav,IND,23849,258,0.175658378496146,9,37,49,CT,Manish Shrivastav,IND,,,,,False,37,2019,GE
1836252,Pritesh Pandey,IND,23849,210,0.142977749938723,10,37,49,CT,Pritesh Pandey,IND,,,,,False,37,2019,GE
1836253,Advocate Shailendra Kumar Banjare,SSBD,23924,149,0.101446117813665,11,37,49,CT,Advocate Shailendra Kumar Banjare,SSBD,,,,,False,37,2019,GE
1836254,Ikram Saifi,APoI,23853,143,0.0973610392439881,12,37,49,CT,Ikram Saifi,APoI,,,,,False,37,2019,GE
1836255,Devendra Kumar Patil,SUCI,23953,129,0.09,13,37,49,CT,Devendra Kumar Patil,SUCI,,,,,False,37,2019,GE
1836256,Pravin Jain,IND,23849,90,0.0612761785451673,14,37,49,CT,Pravin Jain,IND,,,,,False,37,2019,GE
1836257,Vijay Kumar Kurre,RJsbhP,23864,89,0.0605953321168877,15,37,49,CT,Vijay Kumar Kurre,RJsbhP,,,,,False,37,2019,GE
1836258,Sanju Kumar Yadav,IND,23849,88,0.059914485688608,16,37,49,CT,Sanju Kumar Yadav,IND,,,,,False,37,2019,GE
1836259,Banmali Chhura,BHBP,23926,77,0.052425174977532,17,37,49,CT,Banmali Chhura,BHBP,,,,,False,37,2019,GE
1836260,Dr. Yogita Bajpai,SABHP,23952,70,0.0476592499795746,18,37,49,CT,Dr. Yogita Bajpai,SABHP,,,,,False,37,2019,GE
1836261,Santosh Sahu,IND,23849,66,0.044935864266456,19,37,49,CT,Santosh Sahu,IND,,,,,False,37,2019,GE
1836262,Shankar Lal Varandani,IND,23849,55,0.03744655355538,20,37,49,CT,Shankar Lal Varandani,IND,,,,,False,37,2019,GE
1836263,Tameshwar Sahu,BKNP,23920,53,0.0360848606988207,21,37,49,CT,Tameshwar Sahu,BKNP,,,,,False,37,2019,GE
1836264,Devki Dubey (Sandhya),RPI(A),23876,48,0.0326806285574225,22,37,49,CT,Devki Dubey (Sandhya),RPI(A),,,,,False,37,2019,GE
1836265,Rupesh Sahu,IND,23849,41,0.0279147035594651,23,37,49,CT,Rupesh Sahu,IND,,,,,False,37,2019,GE
1836266,Chhabi Lal Kanwar,BSCP,23859,39,0.0265530107029058,24,37,49,CT,Chhabi Lal Kanwar,BSCP,,,,,False,37,2019,GE
1836267,Ramdyal Dahariya,IND,23849,32,0.0217870857049483,25,37,49,CT,Ramdyal Dahariya,IND,,,,,False,37,2019,GE
1836268,Ramkrishna Verma,IND,23849,24,0.0163403142787112,26,37,49,CT,Ramkrishna Verma,IND,,,,,False,37,2019,GE
1836472,Sunil Kumar Soni,BJP,23846,71213,63.0164503083879,1,37,50,CT,Sunil Kumar Soni,BJP,,,,,True,37,2019,GE
1836473,Pramod Dubey,INC,23847,38884,34.4084879697717,2,37,50,CT,Pramod Dubey,INC,,,,,False,37,2019,GE
1836474,Khilesh Kumar Sahu Alias Khileshwar,BSP,23850,482,0.426522250834019,3,37,50,CT,Khilesh Kumar Sahu Alias Khileshwar,BSP,,,,,False,37,2019,GE
1836475,None Of The Above,NOTA,23852,410,0.362809383489518,4,37,50,CT,None Of The Above,NOTA,,,,,False,37,2019,GE
1836476,Santosh Yadu,SHS,23868,282,0.249542063765961,5,37,50,CT,Santosh Yadu,SHS,,,,,False,37,2019,GE
1836477,Navin Gupta,IND,23849,260,0.230074243188475,6,37,50,CT,Navin Gupta,IND,,,,,False,37,2019,GE
1836478,Ajay Chakole,GGP,23848,210,0.18582919642146,7,37,50,CT,Ajay Chakole,GGP,,,,,False,37,2019,GE
1836479,Tarjan Jangde,IND,23849,188,0.166361375843974,8,37,50,CT,Tarjan Jangde,IND,,,,,False,37,2019,GE
1836480,Pritesh Pandey,IND,23849,152,0.134504942171723,9,37,50,CT,Pritesh Pandey,IND,,,,,False,37,2019,GE
1836481,Manish Shrivastav,IND,23849,130,0.115037121594237,10,37,50,CT,Manish Shrivastav,IND,,,,,False,37,2019,GE
1836482,Pravin Jain,IND,23849,100,0.0884900935340288,11,37,50,CT,Pravin Jain,IND,,,,,False,37,2019,GE
1836483,Devendra Kumar Patil,SUCI,23953,89,0.08,12,37,50,CT,Devendra Kumar Patil,SUCI,,,,,False,37,2019,GE
1836484,Advocate Shailendra Kumar Banjare,SSBD,23924,76,0.0672524710858619,13,37,50,CT,Advocate Shailendra Kumar Banjare,SSBD,,,,,False,37,2019,GE
1836485,Ikram Saifi,APoI,23853,64,0.0566336598617784,14,37,50,CT,Ikram Saifi,APoI,,,,,False,37,2019,GE
1836486,Dr. Yogita Bajpai,SABHP,23952,62,0.0548638579910978,15,37,50,CT,Dr. Yogita Bajpai,SABHP,,,,,False,37,2019,GE
1836487,Vijay Kumar Kurre,RJsbhP,23864,62,0.0548638579910978,15,37,50,CT,Vijay Kumar Kurre,RJsbhP,,,,,False,37,2019,GE
1836488,Santosh Sahu,IND,23849,49,0.0433601458316741,17,37,50,CT,Santosh Sahu,IND,,,,,False,37,2019,GE
1836489,Sanju Kumar Yadav,IND,23849,48,0.0424752448963338,18,37,50,CT,Sanju Kumar Yadav,IND,,,,,False,37,2019,GE
1836490,Banmali Chhura,BHBP,23926,46,0.0407054430256532,19,37,50,CT,Banmali Chhura,BHBP,,,,,False,37,2019,GE
1836491,Shankar Lal Varandani,IND,23849,43,0.0380507402196324,20,37,50,CT,Shankar Lal Varandani,IND,,,,,False,37,2019,GE
1836492,Tameshwar Sahu,BKNP,23920,40,0.0353960374136115,21,37,50,CT,Tameshwar Sahu,BKNP,,,,,False,37,2019,GE
1836493,Devki Dubey (Sandhya),RPI(A),23876,39,0.0345111364782712,22,37,50,CT,Devki Dubey (Sandhya),RPI(A),,,,,False,37,2019,GE
1836494,Chhabi Lal Kanwar,BSCP,23859,29,0.0256621271248683,23,37,50,CT,Chhabi Lal Kanwar,BSCP,,,,,False,37,2019,GE
1836496,Ramkrishna Verma,IND,23849,20,0.0176980187068057,24,37,50,CT,Ramkrishna Verma,IND,,,,,False,37,2019,GE
1836495,Ramdyal Dahariya,IND,23849,20,0.0176980187068057,24,37,50,CT,Ramdyal Dahariya,IND,,,,,False,37,2019,GE
1836497,Rupesh Sahu,IND,23849,9,0.00796410841806259,26,37,50,CT,Rupesh Sahu,IND,,,,,False,37,2019,GE
1836667,Sunil Kumar Soni,BJP,23846,98842,65.9421450110746,1,37,51,CT,Sunil Kumar Soni,BJP,,,,,True,37,2019,GE
1836668,Pramod Dubey,INC,23847,47267,31.5340378405785,2,37,51,CT,Pramod Dubey,INC,,,,,False,37,2019,GE
1836669,Khilesh Kumar Sahu Alias Khileshwar,BSP,23850,535,0.356923651695887,3,37,51,CT,Khilesh Kumar Sahu Alias Khileshwar,BSP,,,,,False,37,2019,GE
1836670,None Of The Above,NOTA,23852,503,0.335574947295386,4,37,51,CT,None Of The Above,NOTA,,,,,False,37,2019,GE
1836671,Santosh Yadu,SHS,23868,496,0.330904918207776,5,37,51,CT,Santosh Yadu,SHS,,,,,False,37,2019,GE
1836672,Ajay Chakole,GGP,23848,316,0.210818455954954,6,37,51,CT,Ajay Chakole,GGP,,,,,False,37,2019,GE
1836673,Navin Gupta,IND,23849,276,0.184132575454327,7,37,51,CT,Navin Gupta,IND,,,,,False,37,2019,GE
1836674,Tarjan Jangde,IND,23849,254,0.169455341178982,8,37,51,CT,Tarjan Jangde,IND,,,,,False,37,2019,GE
1836675,Manish Shrivastav,IND,23849,200,0.133429402503135,9,37,51,CT,Manish Shrivastav,IND,,,,,False,37,2019,GE
1836676,Pritesh Pandey,IND,23849,160,0.106743522002508,10,37,51,CT,Pritesh Pandey,IND,,,,,False,37,2019,GE
1836677,Advocate Shailendra Kumar Banjare,SSBD,23924,150,0.100072051877351,11,37,51,CT,Advocate Shailendra Kumar Banjare,SSBD,,,,,False,37,2019,GE
1836678,Devendra Kumar Patil,SUCI,23953,105,0.07,12,37,51,CT,Devendra Kumar Patil,SUCI,,,,,False,37,2019,GE
1836679,Sanju Kumar Yadav,IND,23849,86,0.0573746430763483,13,37,51,CT,Sanju Kumar Yadav,IND,,,,,False,37,2019,GE
1836681,Vijay Kumar Kurre,RJsbhP,23864,82,0.0547060550262855,14,37,51,CT,Vijay Kumar Kurre,RJsbhP,,,,,False,37,2019,GE
1836680,Pravin Jain,IND,23849,82,0.0547060550262855,14,37,51,CT,Pravin Jain,IND,,,,,False,37,2019,GE
1836683,Ikram Saifi,APoI,23853,73,0.0487017319136444,16,37,51,CT,Ikram Saifi,APoI,,,,,False,37,2019,GE
1836682,Banmali Chhura,BHBP,23926,73,0.0487017319136444,16,37,51,CT,Banmali Chhura,BHBP,,,,,False,37,2019,GE
1836684,Santosh Sahu,IND,23849,67,0.0446988498385504,18,37,51,CT,Santosh Sahu,IND,,,,,False,37,2019,GE
1836685,Dr. Yogita Bajpai,SABHP,23952,66,0.0440317028260347,19,37,51,CT,Dr. Yogita Bajpai,SABHP,,,,,False,37,2019,GE
1836686,Devki Dubey (Sandhya),RPI(A),23876,55,0.0366930856883622,20,37,51,CT,Devki Dubey (Sandhya),RPI(A),,,,,False,37,2019,GE
1836687,Shankar Lal Varandani,IND,23849,49,0.0326902036132682,21,37,51,CT,Shankar Lal Varandani,IND,,,,,False,37,2019,GE
1836688,Tameshwar Sahu,BKNP,23920,46,0.0306887625757211,22,37,51,CT,Tameshwar Sahu,BKNP,,,,,False,37,2019,GE
1836689,Chhabi Lal Kanwar,BSCP,23859,37,0.02468443946308,23,37,51,CT,Chhabi Lal Kanwar,BSCP,,,,,False,37,2019,GE
1836690,Ramkrishna Verma,IND,23849,33,0.0220158514130173,24,37,51,CT,Ramkrishna Verma,IND,,,,,False,37,2019,GE
1836691,Rupesh Sahu,IND,23849,20,0.0133429402503135,25,37,51,CT,Rupesh Sahu,IND,,,,,False,37,2019,GE
1836692,Ramdyal Dahariya,IND,23849,19,0.0126757932377978,26,37,51,CT,Ramdyal Dahariya,IND,,,,,False,37,2019,GE
1836932,Sunil Kumar Soni,BJP,23846,82128,54.794008740034,1,37,52,CT,Sunil Kumar Soni,BJP,,,,,True,37,2019,GE
1836933,Pramod Dubey,INC,23847,58376,38.94719284785,2,37,52,CT,Pramod Dubey,INC,,,,,False,37,2019,GE
1836934,Khilesh Kumar Sahu Alias Khileshwar,BSP,23850,1565,1.04413383594088,3,37,52,CT,Khilesh Kumar Sahu Alias Khileshwar,BSP,,,,,False,37,2019,GE
1836935,Santosh Yadu,SHS,23868,1240,0.827300930713547,4,37,52,CT,Santosh Yadu,SHS,,,,,False,37,2019,GE
1836936,Tarjan Jangde,IND,23849,881,0.587783967708576,5,37,52,CT,Tarjan Jangde,IND,,,,,False,37,2019,GE
1836937,Navin Gupta,IND,23849,829,0.553090702872202,6,37,52,CT,Navin Gupta,IND,,,,,False,37,2019,GE
1836938,Ajay Chakole,GGP,23848,594,0.396303832938586,7,37,52,CT,Ajay Chakole,GGP,,,,,False,37,2019,GE
1836939,Manish Shrivastav,IND,23849,575,0.38362744770991,8,37,52,CT,Manish Shrivastav,IND,,,,,False,37,2019,GE
1836940,Pritesh Pandey,IND,23849,550,0.366947993461653,9,37,52,CT,Pritesh Pandey,IND,,,,,False,37,2019,GE
1836941,Advocate Shailendra Kumar Banjare,SSBD,23924,408,0.272208693331554,10,37,52,CT,Advocate Shailendra Kumar Banjare,SSBD,,,,,False,37,2019,GE
1836942,None Of The Above,NOTA,23852,388,0.258865129932948,11,37,52,CT,None Of The Above,NOTA,,,,,False,37,2019,GE
1836943,Pravin Jain,IND,23849,311,0.207492410848317,12,37,52,CT,Pravin Jain,IND,,,,,False,37,2019,GE
1836944,Vijay Kumar Kurre,RJsbhP,23864,290,0.193481669279781,13,37,52,CT,Vijay Kumar Kurre,RJsbhP,,,,,False,37,2019,GE
1836945,Ikram Saifi,APoI,23853,214,0.142776128365079,14,37,52,CT,Ikram Saifi,APoI,,,,,False,37,2019,GE
1836946,Sanju Kumar Yadav,IND,23849,210,0.140107415685358,15,37,52,CT,Sanju Kumar Yadav,IND,,,,,False,37,2019,GE
1836947,Devendra Kumar Patil,SUCI,23953,190,0.13,16,37,52,CT,Devendra Kumar Patil,SUCI,,,,,False,37,2019,GE
1836948,Santosh Sahu,IND,23849,185,0.123427961437101,17,37,52,CT,Santosh Sahu,IND,,,,,False,37,2019,GE
1836949,Dr. Yogita Bajpai,SABHP,23952,158,0.105414150848984,18,37,52,CT,Dr. Yogita Bajpai,SABHP,,,,,False,37,2019,GE
1836950,Shankar Lal Varandani,IND,23849,134,0.0894018747706575,19,37,52,CT,Shankar Lal Varandani,IND,,,,,False,37,2019,GE
1836951,Devki Dubey (Sandhya),RPI(A),23876,123,0.0820629149014244,20,37,52,CT,Devki Dubey (Sandhya),RPI(A),,,,,False,37,2019,GE
1836952,Banmali Chhura,BHBP,23926,121,0.0807285585615638,21,37,52,CT,Banmali Chhura,BHBP,,,,,False,37,2019,GE
1836953,Ramkrishna Verma,IND,23849,101,0.0673849951629582,22,37,52,CT,Ramkrishna Verma,IND,,,,,False,37,2019,GE
1836954,Tameshwar Sahu,BKNP,23920,100,0.0667178169930279,23,37,52,CT,Tameshwar Sahu,BKNP,,,,,False,37,2019,GE
1836955,Chhabi Lal Kanwar,BSCP,23859,90,0.0600460352937251,24,37,52,CT,Chhabi Lal Kanwar,BSCP,,,,,False,37,2019,GE
1836956,Rupesh Sahu,IND,23849,66,0.0440337592153984,25,37,52,CT,Rupesh Sahu,IND,,,,,False,37,2019,GE
1836957,Ramdyal Dahariya,IND,23849,58,0.0386963338559562,26,37,52,CT,Ramdyal Dahariya,IND,,,,,False,37,2019,GE
1837118,Sunil Kumar Soni,BJP,23846,83879,54.5536730512828,1,37,53,CT,Sunil Kumar Soni,BJP,,,,,True,37,2019,GE
1837119,Pramod Dubey,INC,23847,61278,39.8543136808559,2,37,53,CT,Pramod Dubey,INC,,,,,False,37,2019,GE
1837120,Santosh Yadu,SHS,23868,1322,0.859809437091476,3,37,53,CT,Santosh Yadu,SHS,,,,,False,37,2019,GE
1837121,Khilesh Kumar Sahu Alias Khileshwar,BSP,23850,1127,0.732984293193717,4,37,53,CT,Khilesh Kumar Sahu Alias Khileshwar,BSP,,,,,False,37,2019,GE
1837122,Tarjan Jangde,IND,23849,868,0.564534486683359,5,37,53,CT,Tarjan Jangde,IND,,,,,False,37,2019,GE
1837123,Navin Gupta,IND,23849,705,0.458521674091899,6,37,53,CT,Navin Gupta,IND,,,,,False,37,2019,GE
1837124,Manish Shrivastav,IND,23849,595,0.386979285226496,7,37,53,CT,Manish Shrivastav,IND,,,,,False,37,2019,GE
1837125,Pritesh Pandey,IND,23849,564,0.366817339273519,8,37,53,CT,Pritesh Pandey,IND,,,,,False,37,2019,GE
1837126,Ajay Chakole,GGP,23848,521,0.33885076908068,9,37,53,CT,Ajay Chakole,GGP,,,,,False,37,2019,GE
1837127,None Of The Above,NOTA,23852,416,0.270560306981886,10,37,53,CT,None Of The Above,NOTA,,,,,False,37,2019,GE
1837128,Advocate Shailendra Kumar Banjare,SSBD,23924,384,0.249747975675587,11,37,53,CT,Advocate Shailendra Kumar Banjare,SSBD,,,,,False,37,2019,GE
1837129,Pravin Jain,IND,23849,273,0.177555201456863,12,37,53,CT,Pravin Jain,IND,,,,,False,37,2019,GE
1837130,Vijay Kumar Kurre,RJsbhP,23864,206,0.133979382784299,13,37,53,CT,Vijay Kumar Kurre,RJsbhP,,,,,False,37,2019,GE
1837131,Santosh Sahu,IND,23849,192,0.124873987837793,14,37,53,CT,Santosh Sahu,IND,,,,,False,37,2019,GE
1837132,Devendra Kumar Patil,SUCI,23953,189,0.12,15,37,53,CT,Devendra Kumar Patil,SUCI,,,,,False,37,2019,GE
1837133,Ikram Saifi,APoI,23853,180,0.117069363597931,16,37,53,CT,Ikram Saifi,APoI,,,,,False,37,2019,GE
1837134,Sanju Kumar Yadav,IND,23849,177,0.115118207537966,17,37,53,CT,Sanju Kumar Yadav,IND,,,,,False,37,2019,GE
1837135,Dr. Yogita Bajpai,SABHP,23952,170,0.110565510064713,18,37,53,CT,Dr. Yogita Bajpai,SABHP,,,,,False,37,2019,GE
1837136,Banmali Chhura,BHBP,23926,129,0.0838997105785177,19,37,53,CT,Banmali Chhura,BHBP,,,,,False,37,2019,GE
1837137,Chhabi Lal Kanwar,BSCP,23859,121,0.078696627751943,20,37,53,CT,Chhabi Lal Kanwar,BSCP,,,,,False,37,2019,GE
1837138,Devki Dubey (Sandhya),RPI(A),23876,104,0.0676400767454716,21,37,53,CT,Devki Dubey (Sandhya),RPI(A),,,,,False,37,2019,GE
1837139,Shankar Lal Varandani,IND,23849,103,0.0669896913921498,22,37,53,CT,Shankar Lal Varandani,IND,,,,,False,37,2019,GE
1837140,Ramkrishna Verma,IND,23849,74,0.0481285161458163,23,37,53,CT,Ramkrishna Verma,IND,,,,,False,37,2019,GE
1837141,Tameshwar Sahu,BKNP,23920,64,0.0416246626125979,24,37,53,CT,Tameshwar Sahu,BKNP,,,,,False,37,2019,GE
1837142,Ramdyal Dahariya,IND,23849,58,0.0377223504926669,25,37,53,CT,Ramdyal Dahariya,IND,,,,,False,37,2019,GE
1837143,Rupesh Sahu,IND,23849,56,0.0364215797860232,26,37,53,CT,Rupesh Sahu,IND,,,,,False,37,2019,GE
1837278,Chunni Lal Sahu,BJP,23846,81059,51.0829904021275,1,37,54,CT,Chunni Lal Sahu,BJP,,,,,True,37,2019,GE
1837279,Dhanendra Sahu,INC,23847,68308,43.0473717710374,2,37,54,CT,Dhanendra Sahu,INC,,,,,False,37,2019,GE
1837280,None Of The Above,NOTA,23852,2827,1.78156174967387,3,37,54,CT,None Of The Above,NOTA,,,,,False,37,2019,GE
1837281,Devendar Singh Thakur (Rajput),IND,23849,1845,1.16271009131528,4,37,54,CT,Devendar Singh Thakur (Rajput),IND,,,,,False,37,2019,GE
1837282,Dhansing Kosariya,BSP,23850,1325,0.83500860216409,5,37,54,CT,Dhansing Kosariya,BSP,,,,,False,37,2019,GE
1837283,Ashok Soni,APoI,23853,833,0.524952577813348,6,37,54,CT,Ashok Soni,APoI,,,,,False,37,2019,GE
1837284,Santosh Banjare,IND,23849,815,0.513609064727346,7,37,54,CT,Santosh Banjare,IND,,,,,False,37,2019,GE
1837285,Tarun Kumar Dadsena,IND,23849,430,0.270983923721176,8,37,54,CT,Tarun Kumar Dadsena,IND,,,,,False,37,2019,GE
1837286,Dr. Virendra Choudhary,BSCP,23859,301,0.189688746604823,9,37,54,CT,Dr. Virendra Choudhary,BSCP,,,,,False,37,2019,GE
1837287,Comrade Bhojlal Netam,CPM,23885,273,0.17,10,37,54,CT,Comrade Bhojlal Netam,CPM,,,,,False,37,2019,GE
1837288,Jagmohan Bhagwat Kosariya,IND,23849,214,0.134861766689143,11,37,54,CT,Jagmohan Bhagwat Kosariya,IND,,,,,False,37,2019,GE
1837289,Khilawan Singh Dhruw,IND,23849,177,0.111544545345693,12,37,54,CT,Khilawan Singh Dhruw,IND,,,,,False,37,2019,GE
1837290,Champalal Patel Guruji,IND,23849,168,0.105872788802692,13,37,54,CT,Champalal Patel Guruji,IND,,,,,False,37,2019,GE
1837291,Rohit Kumar Kosre,RJsbhP,23864,106,0.0668006881731272,14,37,54,CT,Rohit Kumar Kosre,RJsbhP,,,,,False,37,2019,GE
1837402,Chunni Lal Sahu,BJP,23846,96706,56.3998483655556,1,37,55,CT,Chunni Lal Sahu,BJP,,,,,True,37,2019,GE
1837403,Dhanendra Sahu,INC,23847,58534,34.137579097775,2,37,55,CT,Dhanendra Sahu,INC,,,,,False,37,2019,GE
1837404,None Of The Above,NOTA,23852,4294,2.50430116933484,3,37,55,CT,None Of The Above,NOTA,,,,,False,37,2019,GE
1837405,Devendar Singh Thakur (Rajput),IND,23849,2783,1.62307176391683,4,37,55,CT,Devendar Singh Thakur (Rajput),IND,,,,,False,37,2019,GE
1837406,Dhansing Kosariya,BSP,23850,2133,1.24398565304872,5,37,55,CT,Dhansing Kosariya,BSP,,,,,False,37,2019,GE
1837407,Ashok Soni,APoI,23853,1617,0.943049601959583,6,37,55,CT,Ashok Soni,APoI,,,,,False,37,2019,GE
1837408,Santosh Banjare,IND,23849,1549,0.903391362668766,7,37,55,CT,Santosh Banjare,IND,,,,,False,37,2019,GE
1837409,Tarun Kumar Dadsena,IND,23849,831,0.484647012509841,8,37,55,CT,Tarun Kumar Dadsena,IND,,,,,False,37,2019,GE
1837410,Comrade Bhojlal Netam,CPM,23885,693,0.4,9,37,55,CT,Comrade Bhojlal Netam,CPM,,,,,False,37,2019,GE
1837411,Jagmohan Bhagwat Kosariya,IND,23849,584,0.34059429037996,10,37,55,CT,Jagmohan Bhagwat Kosariya,IND,,,,,False,37,2019,GE
1837412,Khilawan Singh Dhruw,IND,23849,517,0.301519260490479,11,37,55,CT,Khilawan Singh Dhruw,IND,,,,,False,37,2019,GE
1837413,Champalal Patel Guruji,IND,23849,463,0.270025952818359,12,37,55,CT,Champalal Patel Guruji,IND,,,,,False,37,2019,GE
1837414,Dr. Virendra Choudhary,BSCP,23859,392,0.228618085323535,13,37,55,CT,Dr. Virendra Choudhary,BSCP,,,,,False,37,2019,GE
1837415,Rohit Kumar Kosre,RJsbhP,23864,369,0.215204269092817,14,37,55,CT,Rohit Kumar Kosre,RJsbhP,,,,,False,37,2019,GE
1837487,Biresh Thakur,INC,23847,71192,49.1518285568312,1,37,56,CT,Biresh Thakur,INC,,,,,False,37,2019,GE
1837488,Mohan Mandavi,BJP,23846,64061,44.2284988366553,2,37,56,CT,Mohan Mandavi,BJP,,,,,True,37,2019,GE
1837489,None Of The Above,NOTA,23852,3659,2.52621840500963,3,37,56,CT,None Of The Above,NOTA,,,,,False,37,2019,GE
1837490,Harisingh Sidar,IND,23849,1659,1.14539391470647,4,37,56,CT,Harisingh Sidar,IND,,,,,False,37,2019,GE
1837491,Mathan Singh Markam,BSCP,23859,1139,0.786379547227649,5,37,56,CT,Mathan Singh Markam,BSCP,,,,,False,37,2019,GE
1837492,Ghanshyam Jurri,GGP,23848,966,0.666938228816426,6,37,56,CT,Ghanshyam Jurri,GGP,,,,,False,37,2019,GE
1837493,Sube Singh Dhurva,BSP,23850,920,0.635179265539453,7,37,56,CT,Sube Singh Dhurva,BSP,,,,,False,37,2019,GE
1837494,Narend Nag,IND,23849,602,0.415628171581251,8,37,56,CT,Narend Nag,IND,,,,,False,37,2019,GE
1837495,Durgaprasad Thakur,APoI,23853,365,0.252000469480326,9,37,56,CT,Durgaprasad Thakur,APoI,,,,,False,37,2019,GE
1837496,Umashankar Bhandari,SHS,23868,278,0.191934604152139,10,37,56,CT,Umashankar Bhandari,SHS,,,,,False,37,2019,GE
1837587,Chunni Lal Sahu,BJP,23846,72843,47.9085276824119,1,37,57,CT,Chunni Lal Sahu,BJP,,,,,True,37,2019,GE
1837588,Dhanendra Sahu,INC,23847,70420,46.3149310077213,2,37,57,CT,Dhanendra Sahu,INC,,,,,False,37,2019,GE
1837589,None Of The Above,NOTA,23852,2700,1.77577838285781,3,37,57,CT,None Of The Above,NOTA,,,,,False,37,2019,GE
1837590,Devendar Singh Thakur (Rajput),IND,23849,2082,1.36932244189258,4,37,57,CT,Devendar Singh Thakur (Rajput),IND,,,,,False,37,2019,GE
1837591,Dhansing Kosariya,BSP,23850,1196,0.786604054036278,5,37,57,CT,Dhansing Kosariya,BSP,,,,,False,37,2019,GE
1837592,Ashok Soni,APoI,23853,664,0.436709943043552,6,37,57,CT,Ashok Soni,APoI,,,,,False,37,2019,GE
1837593,Santosh Banjare,IND,23849,553,0.363705720637175,7,37,57,CT,Santosh Banjare,IND,,,,,False,37,2019,GE
1837594,Dr. Virendra Choudhary,BSCP,23859,494,0.324901674493245,8,37,57,CT,Dr. Virendra Choudhary,BSCP,,,,,False,37,2019,GE
1837595,Tarun Kumar Dadsena,IND,23849,426,0.280178367073122,9,37,57,CT,Tarun Kumar Dadsena,IND,,,,,False,37,2019,GE
1837596,Comrade Bhojlal Netam,CPM,23885,174,0.11,10,37,57,CT,Comrade Bhojlal Netam,CPM,,,,,False,37,2019,GE
1837597,Jagmohan Bhagwat Kosariya,IND,23849,154,0.101285137392631,11,37,57,CT,Jagmohan Bhagwat Kosariya,IND,,,,,False,37,2019,GE
1837598,Khilawan Singh Dhruw,IND,23849,136,0.0894466148402457,12,37,57,CT,Khilawan Singh Dhruw,IND,,,,,False,37,2019,GE
1837599,Champalal Patel Guruji,IND,23849,122,0.0802388750772792,13,37,57,CT,Champalal Patel Guruji,IND,,,,,False,37,2019,GE
1837600,Rohit Kumar Kosre,RJsbhP,23864,82,0.0539310471830893,14,37,57,CT,Rohit Kumar Kosre,RJsbhP,,,,,False,37,2019,GE
1837718,Chunni Lal Sahu,BJP,23846,85462,52.8152867816553,1,37,58,CT,Chunni Lal Sahu,BJP,,,,,True,37,2019,GE
1837719,Dhanendra Sahu,INC,23847,68756,42.4910235889576,2,37,58,CT,Dhanendra Sahu,INC,,,,,False,37,2019,GE
1837720,None Of The Above,NOTA,23852,2419,1.49493551197987,3,37,58,CT,None Of The Above,NOTA,,,,,False,37,2019,GE
1837721,Devendar Singh Thakur (Rajput),IND,23849,1712,1.05801140823048,4,37,58,CT,Devendar Singh Thakur (Rajput),IND,,,,,False,37,2019,GE
1837722,Dhansing Kosariya,BSP,23850,929,0.574119508321333,5,37,58,CT,Dhansing Kosariya,BSP,,,,,False,37,2019,GE
1837723,Ashok Soni,APoI,23853,646,0.399226267357999,6,37,58,CT,Ashok Soni,APoI,,,,,False,37,2019,GE
1837724,Santosh Banjare,IND,23849,591,0.365236414873959,7,37,58,CT,Santosh Banjare,IND,,,,,False,37,2019,GE
1837725,Tarun Kumar Dadsena,IND,23849,358,0.221243039805207,8,37,58,CT,Tarun Kumar Dadsena,IND,,,,,False,37,2019,GE
1837726,Dr. Virendra Choudhary,BSCP,23859,297,0.183545203413817,9,37,58,CT,Dr. Virendra Choudhary,BSCP,,,,,False,37,2019,GE
1837727,Comrade Bhojlal Netam,CPM,23885,154,0.1,10,37,58,CT,Comrade Bhojlal Netam,CPM,,,,,False,37,2019,GE
1837728,Jagmohan Bhagwat Kosariya,IND,23849,144,0.0889916137763962,11,37,58,CT,Jagmohan Bhagwat Kosariya,IND,,,,,False,37,2019,GE
1837729,Khilawan Singh Dhruw,IND,23849,120,0.0741596781469968,12,37,58,CT,Khilawan Singh Dhruw,IND,,,,,False,37,2019,GE
1837730,Champalal Patel Guruji,IND,23849,114,0.070451694239647,13,37,58,CT,Champalal Patel Guruji,IND,,,,,False,37,2019,GE
1837731,Rohit Kumar Kosre,RJsbhP,23864,111,0.068597702285972,14,37,58,CT,Rohit Kumar Kosre,RJsbhP,,,,,False,37,2019,GE
1837829,Mohan Mandavi,BJP,23846,83044,50.8841803409271,1,37,59,CT,Mohan Mandavi,BJP,,,,,True,37,2019,GE
1837830,Biresh Thakur,INC,23847,74547,45.677749047193,2,37,59,CT,Biresh Thakur,INC,,,,,False,37,2019,GE
1837831,None Of The Above,NOTA,23852,2182,1.33699341919829,3,37,59,CT,None Of The Above,NOTA,,,,,False,37,2019,GE
1837832,Harisingh Sidar,IND,23849,1217,0.745701645813164,4,37,59,CT,Harisingh Sidar,IND,,,,,False,37,2019,GE
1837833,Sube Singh Dhurva,BSP,23850,787,0.482224482543106,5,37,59,CT,Sube Singh Dhurva,BSP,,,,,False,37,2019,GE
1837834,Narend Nag,IND,23849,414,0.253673361846055,6,37,59,CT,Narend Nag,IND,,,,,False,37,2019,GE
1837835,Mathan Singh Markam,BSCP,23859,340,0.208330780260045,7,37,59,CT,Mathan Singh Markam,BSCP,,,,,False,37,2019,GE
1837836,Durgaprasad Thakur,APoI,23853,295,0.180757588755039,8,37,59,CT,Durgaprasad Thakur,APoI,,,,,False,37,2019,GE
1837837,Umashankar Bhandari,SHS,23868,199,0.121934780211026,9,37,59,CT,Umashankar Bhandari,SHS,,,,,False,37,2019,GE
1837838,Ghanshyam Jurri,GGP,23848,177,0.108454553253023,10,37,59,CT,Ghanshyam Jurri,GGP,,,,,False,37,2019,GE
1837913,Biresh Thakur,INC,23847,79190,50.9257175195014,1,37,60,CT,Biresh Thakur,INC,,,,,False,37,2019,GE
1837914,Mohan Mandavi,BJP,23846,67820,43.6138674349361,2,37,60,CT,Mohan Mandavi,BJP,,,,,True,37,2019,GE
1837915,None Of The Above,NOTA,23852,3220,2.07072623327181,3,37,60,CT,None Of The Above,NOTA,,,,,False,37,2019,GE
1837916,Harisingh Sidar,IND,23849,1388,0.892598761422756,4,37,60,CT,Harisingh Sidar,IND,,,,,False,37,2019,GE
1837917,Sube Singh Dhurva,BSP,23850,1089,0.700317039761802,5,37,60,CT,Sube Singh Dhurva,BSP,,,,,False,37,2019,GE
1837918,Durgaprasad Thakur,APoI,23853,728,0.468164191870148,6,37,60,CT,Durgaprasad Thakur,APoI,,,,,False,37,2019,GE
1837919,Narend Nag,IND,23849,707,0.454659455566202,7,37,60,CT,Narend Nag,IND,,,,,False,37,2019,GE
1837920,Mathan Singh Markam,BSCP,23859,553,0.355624722670593,8,37,60,CT,Mathan Singh Markam,BSCP,,,,,False,37,2019,GE
1837921,Umashankar Bhandari,SHS,23868,461,0.296461116005684,9,37,60,CT,Umashankar Bhandari,SHS,,,,,False,37,2019,GE
1837922,Ghanshyam Jurri,GGP,23848,345,0.221863524993408,10,37,60,CT,Ghanshyam Jurri,GGP,,,,,False,37,2019,GE
1837991,Mohan Mandavi,BJP,23846,88145,51.2208869880526,1,37,61,CT,Mohan Mandavi,BJP,,,,,True,37,2019,GE
1837992,Biresh Thakur,INC,23847,76751,44.5998558876853,2,37,61,CT,Biresh Thakur,INC,,,,,False,37,2019,GE
1837993,None Of The Above,NOTA,23852,2805,1.62998001022732,3,37,61,CT,None Of The Above,NOTA,,,,,False,37,2019,GE
1837994,Harisingh Sidar,IND,23849,1464,0.850727534749662,4,37,61,CT,Harisingh Sidar,IND,,,,,False,37,2019,GE
1837995,Sube Singh Dhurva,BSP,23850,1087,0.631653572590767,5,37,61,CT,Sube Singh Dhurva,BSP,,,,,False,37,2019,GE
1837996,Narend Nag,IND,23849,494,0.287062433173725,6,37,61,CT,Narend Nag,IND,,,,,False,37,2019,GE
1837997,Mathan Singh Markam,BSCP,23859,413,0.239993491701919,7,37,61,CT,Mathan Singh Markam,BSCP,,,,,False,37,2019,GE
1837998,Durgaprasad Thakur,APoI,23853,405,0.235344707359025,8,37,61,CT,Durgaprasad Thakur,APoI,,,,,False,37,2019,GE
1837999,Umashankar Bhandari,SHS,23868,302,0.175491608944261,9,37,61,CT,Umashankar Bhandari,SHS,,,,,False,37,2019,GE
1838000,Ghanshyam Jurri,GGP,23848,222,0.129003765515317,10,37,61,CT,Ghanshyam Jurri,GGP,,,,,False,37,2019,GE
1838098,Vijay Baghel,BJP,23846,84720,54.2631686821069,1,37,62,CT,Vijay Baghel,BJP,,,,,False,37,2019,GE
1838099,Pratima Chandrakar,INC,23847,61967,39.6898698503791,2,37,62,CT,Pratima Chandrakar,INC,,,,,True,37,2019,GE
1838100,Geetanjali Singh,BSP,23850,1933,1.23808669809387,3,37,62,CT,Geetanjali Singh,BSP,,,,,False,37,2019,GE
1838101,Hidar Bhati,SDP(MP),23956,1267,0.81151362984218,4,37,62,CT,Hidar Bhati,SDP(MP),,,,,False,37,2019,GE
1838102,Anoop Kumar Pandey,IND,23849,1030,0.659715105554416,5,37,62,CT,Anoop Kumar Pandey,IND,,,,,False,37,2019,GE
1838103,Arun Kumar Joshi,IND,23849,808,0.517524082803853,6,37,62,CT,Arun Kumar Joshi,IND,,,,,False,37,2019,GE
1838104,Anurag Singh,BKNP,23920,591,0.378535560565689,7,37,62,CT,Anurag Singh,BKNP,,,,,False,37,2019,GE
1838105,Praveen Tiwari,IND,23849,522,0.334341053494568,8,37,62,CT,Praveen Tiwari,IND,,,,,False,37,2019,GE
1838106,Manoj Gaykwad Chhattisgarhiya,IND,23849,511,0.327295552367288,9,37,62,CT,Manoj Gaykwad Chhattisgarhiya,IND,,,,,False,37,2019,GE
1838107,Sevakram Banjare,RJsbhP,23864,496,0.317688050830088,10,37,62,CT,Sevakram Banjare,RJsbhP,,,,,False,37,2019,GE
1838108,Pokhraj Meshram,IND,23849,433,0.277336544373847,11,37,62,CT,Pokhraj Meshram,IND,,,,,False,37,2019,GE
1838109,None Of The Above,NOTA,23852,402,0.257481041196966,12,37,62,CT,None Of The Above,NOTA,,,,,False,37,2019,GE
1838110,Aatma Ram Sahu,SUCI,23953,225,0.14,13,37,62,CT,Aatma Ram Sahu,SUCI,,,,,False,37,2019,GE
1838111,Rajesh Kumar Dubey,BSCP,23859,203,0.130021520803443,14,37,62,CT,Rajesh Kumar Dubey,BSCP,,,,,False,37,2019,GE
1838112,Malik Ram Thakur,APoI,23853,186,0.119133019061283,15,37,62,CT,Malik Ram Thakur,APoI,,,,,False,37,2019,GE
1838113,Guru Dada Lokesh,IND,23849,167,0.106963517114162,16,37,62,CT,Guru Dada Lokesh,IND,,,,,False,37,2019,GE
1838114,Raj Kumar Gupta Advocate,CSM,23856,152,0.0973560155769624,17,37,62,CT,Raj Kumar Gupta Advocate,CSM,,,,,False,37,2019,GE
1838115,Sunil Kumar Markandey,IND,23849,129,0.0826245132199221,18,37,62,CT,Sunil Kumar Markandey,IND,,,,,False,37,2019,GE
1838116,Kamlesh Kumar Nagarchi,SHS,23868,115,0.0736575117852018,19,37,62,CT,Kamlesh Kumar Nagarchi,SHS,,,,,False,37,2019,GE
1838117,Farid Mohammad Quraishi,GGP,23848,100,0.0640500102480016,20,37,62,CT,Farid Mohammad Quraishi,GGP,,,,,False,37,2019,GE
1838118,Tressa David,IPBP,23934,94,0.0602070096331215,21,37,62,CT,Tressa David,IPBP,,,,,False,37,2019,GE
1838119,Pitambar Lal Nishad,BHAPRAP,23964,77,0.0493185078909612,22,37,62,CT,Pitambar Lal Nishad,BHAPRAP,,,,,False,37,2019,GE
1838237,Vijay Baghel,BJP,23846,90597,60.5194423476442,1,37,63,CT,Vijay Baghel,BJP,,,,,False,37,2019,GE
1838238,Pratima Chandrakar,INC,23847,51868,34.6481940427123,2,37,63,CT,Pratima Chandrakar,INC,,,,,True,37,2019,GE
1838239,Geetanjali Singh,BSP,23850,1574,1.05144322941369,3,37,63,CT,Geetanjali Singh,BSP,,,,,False,37,2019,GE
1838240,Hidar Bhati,SDP(MP),23956,952,0.635942791869017,4,37,63,CT,Hidar Bhati,SDP(MP),,,,,False,37,2019,GE
1838241,Anoop Kumar Pandey,IND,23849,656,0.438212680111423,5,37,63,CT,Anoop Kumar Pandey,IND,,,,,False,37,2019,GE
1838242,Arun Kumar Joshi,IND,23849,525,0.350703745516002,6,37,63,CT,Arun Kumar Joshi,IND,,,,,False,37,2019,GE
1838243,None Of The Above,NOTA,23852,501,0.334671574292413,7,37,63,CT,None Of The Above,NOTA,,,,,False,37,2019,GE
1838244,Anurag Singh,BKNP,23920,468,0.312627338859979,8,37,63,CT,Anurag Singh,BKNP,,,,,False,37,2019,GE
1838245,Manoj Gaykwad Chhattisgarhiya,IND,23849,390,0.260522782383315,9,37,63,CT,Manoj Gaykwad Chhattisgarhiya,IND,,,,,False,37,2019,GE
1838246,Praveen Tiwari,IND,23849,327,0.218438332921395,10,37,63,CT,Praveen Tiwari,IND,,,,,False,37,2019,GE
1838247,Sevakram Banjare,RJsbhP,23864,311,0.207750218772336,11,37,63,CT,Sevakram Banjare,RJsbhP,,,,,False,37,2019,GE
1838248,Pokhraj Meshram,IND,23849,251,0.167669790713364,12,37,63,CT,Pokhraj Meshram,IND,,,,,False,37,2019,GE
1838249,Aatma Ram Sahu,SUCI,23953,232,0.15,13,37,63,CT,Aatma Ram Sahu,SUCI,,,,,False,37,2019,GE
1838250,Malik Ram Thakur,APoI,23853,194,0.129593384057341,14,37,63,CT,Malik Ram Thakur,APoI,,,,,False,37,2019,GE
1838251,Rajesh Kumar Dubey,BSCP,23859,169,0.112893205699436,15,37,63,CT,Rajesh Kumar Dubey,BSCP,,,,,False,37,2019,GE
1838252,Raj Kumar Gupta Advocate,CSM,23856,139,0.092852991669951,16,37,63,CT,Raj Kumar Gupta Advocate,CSM,,,,,False,37,2019,GE
1838253,Guru Dada Lokesh,IND,23849,122,0.0814968703865757,17,37,63,CT,Guru Dada Lokesh,IND,,,,,False,37,2019,GE
1838254,Kamlesh Kumar Nagarchi,SHS,23868,99,0.0661327062973032,18,37,63,CT,Kamlesh Kumar Nagarchi,SHS,,,,,False,37,2019,GE
1838256,Sunil Kumar Markandey,IND,23849,91,0.0607886492227736,19,37,63,CT,Sunil Kumar Markandey,IND,,,,,False,37,2019,GE
1838255,Farid Mohammad Quraishi,GGP,23848,91,0.0607886492227736,19,37,63,CT,Farid Mohammad Quraishi,GGP,,,,,False,37,2019,GE
1838257,Pitambar Lal Nishad,BHAPRAP,23964,74,0.0494325279393983,21,37,63,CT,Pitambar Lal Nishad,BHAPRAP,,,,,False,37,2019,GE
1838258,Tressa David,IPBP,23934,68,0.0454244851335012,22,37,63,CT,Tressa David,IPBP,,,,,False,37,2019,GE
1838373,Vijay Baghel,BJP,23846,99681,68.3472179368507,1,37,64,CT,Vijay Baghel,BJP,,,,,False,37,2019,GE
1838374,Pratima Chandrakar,INC,23847,40334,27.6553875689944,2,37,64,CT,Pratima Chandrakar,INC,,,,,True,37,2019,GE
1838375,Geetanjali Singh,BSP,23850,1823,1.24995714628544,3,37,64,CT,Geetanjali Singh,BSP,,,,,False,37,2019,GE
1838376,Hidar Bhati,SDP(MP),23956,621,0.425794507867941,4,37,64,CT,Hidar Bhati,SDP(MP),,,,,False,37,2019,GE
1838377,None Of The Above,NOTA,23852,575,0.394254173951798,5,37,64,CT,None Of The Above,NOTA,,,,,False,37,2019,GE
1838378,Anurag Singh,BKNP,23920,401,0.274949432616819,6,37,64,CT,Anurag Singh,BKNP,,,,,False,37,2019,GE
1838379,Arun Kumar Joshi,IND,23849,387,0.265350200555384,7,37,64,CT,Arun Kumar Joshi,IND,,,,,False,37,2019,GE
1838380,Anoop Kumar Pandey,IND,23849,341,0.23380986663924,8,37,64,CT,Anoop Kumar Pandey,IND,,,,,False,37,2019,GE
1838381,Aatma Ram Sahu,SUCI,23953,240,0.16,9,37,64,CT,Aatma Ram Sahu,SUCI,,,,,False,37,2019,GE
1838382,Manoj Gaykwad Chhattisgarhiya,IND,23849,200,0.137131886591929,10,37,64,CT,Manoj Gaykwad Chhattisgarhiya,IND,,,,,False,37,2019,GE
1838383,Sevakram Banjare,RJsbhP,23864,197,0.13507490829305,11,37,64,CT,Sevakram Banjare,RJsbhP,,,,,False,37,2019,GE
1838384,Pokhraj Meshram,IND,23849,139,0.0953066611813912,12,37,64,CT,Pokhraj Meshram,IND,,,,,False,37,2019,GE
1838385,Praveen Tiwari,IND,23849,132,0.0905070451506736,13,37,64,CT,Praveen Tiwari,IND,,,,,False,37,2019,GE
1838386,Rajesh Kumar Dubey,BSCP,23859,131,0.089821385717714,14,37,64,CT,Rajesh Kumar Dubey,BSCP,,,,,False,37,2019,GE
1838387,Malik Ram Thakur,APoI,23853,127,0.0870787479858754,15,37,64,CT,Malik Ram Thakur,APoI,,,,,False,37,2019,GE
1838388,Raj Kumar Gupta Advocate,CSM,23856,114,0.0781651753573999,16,37,64,CT,Raj Kumar Gupta Advocate,CSM,,,,,False,37,2019,GE
1838389,Kamlesh Kumar Nagarchi,SHS,23868,110,0.0754225376255613,17,37,64,CT,Kamlesh Kumar Nagarchi,SHS,,,,,False,37,2019,GE
1838390,Guru Dada Lokesh,IND,23849,65,0.0445678631423771,18,37,64,CT,Guru Dada Lokesh,IND,,,,,False,37,2019,GE
1838391,Pitambar Lal Nishad,BHAPRAP,23964,59,0.0404539065446192,19,37,64,CT,Pitambar Lal Nishad,BHAPRAP,,,,,False,37,2019,GE
1838392,Tressa David,IPBP,23934,58,0.0397682471116596,20,37,64,CT,Tressa David,IPBP,,,,,False,37,2019,GE
1838393,Farid Mohammad Quraishi,GGP,23848,56,0.0383969282457403,21,37,64,CT,Farid Mohammad Quraishi,GGP,,,,,False,37,2019,GE
1838394,Sunil Kumar Markandey,IND,23849,54,0.037025609379821,22,37,64,CT,Sunil Kumar Markandey,IND,,,,,False,37,2019,GE
1838540,Vijay Baghel,BJP,23846,69195,65.1339012566479,1,37,65,CT,Vijay Baghel,BJP,,,,,False,37,2019,GE
1838541,Pratima Chandrakar,INC,23847,33104,31.1611050971901,2,37,65,CT,Pratima Chandrakar,INC,,,,,True,37,2019,GE
1838542,Geetanjali Singh,BSP,23850,1605,1.51080152492116,3,37,65,CT,Geetanjali Singh,BSP,,,,,False,37,2019,GE
1838543,None Of The Above,NOTA,23852,533,0.501717889584411,4,37,65,CT,None Of The Above,NOTA,,,,,False,37,2019,GE
1838544,Hidar Bhati,SDP(MP),23956,325,0.305925542429519,5,37,65,CT,Hidar Bhati,SDP(MP),,,,,False,37,2019,GE
1838545,Anurag Singh,BKNP,23920,214,0.201440203322822,6,37,65,CT,Anurag Singh,BKNP,,,,,False,37,2019,GE
1838546,Anoop Kumar Pandey,IND,23849,168,0.158139972702028,7,37,65,CT,Anoop Kumar Pandey,IND,,,,,False,37,2019,GE
1838547,Arun Kumar Joshi,IND,23849,147,0.138372476114274,8,37,65,CT,Arun Kumar Joshi,IND,,,,,False,37,2019,GE
1838548,Malik Ram Thakur,APoI,23853,129,0.121428907610486,9,37,65,CT,Malik Ram Thakur,APoI,,,,,False,37,2019,GE
1838549,Aatma Ram Sahu,SUCI,23953,118,0.11,10,37,65,CT,Aatma Ram Sahu,SUCI,,,,,False,37,2019,GE
1838550,Manoj Gaykwad Chhattisgarhiya,IND,23849,115,0.108250576551983,11,37,65,CT,Manoj Gaykwad Chhattisgarhiya,IND,,,,,False,37,2019,GE
1838551,Pokhraj Meshram,RJsbhP,23864,73,0.07,12,37,65,CT,Pokhraj Meshram,RJsbhP,,,,,False,37,2019,GE
1838552,Sevakram Banjare,IND,23849,73,0.07,12,37,65,CT,Sevakram Banjare,IND,,,,,False,37,2019,GE
1838553,Praveen Tiwari,IND,23849,68,0.0640090365698686,14,37,65,CT,Praveen Tiwari,IND,,,,,False,37,2019,GE
1838554,Rajesh Kumar Dubey,BSCP,23859,65,0.0611851084859038,15,37,65,CT,Rajesh Kumar Dubey,BSCP,,,,,False,37,2019,GE
1838555,Tressa David,IPBP,23934,55,0.0517720148726879,16,37,65,CT,Tressa David,IPBP,,,,,False,37,2019,GE
1838556,Raj Kumar Gupta Advocate,CSM,23856,54,0.0508307055113663,17,37,65,CT,Raj Kumar Gupta Advocate,CSM,,,,,False,37,2019,GE
1838557,Kamlesh Kumar Nagarchi,SHS,23868,53,0.0498893961500447,18,37,65,CT,Kamlesh Kumar Nagarchi,SHS,,,,,False,37,2019,GE
1838558,Guru Dada Lokesh,IND,23849,45,0.0423589212594719,19,37,65,CT,Guru Dada Lokesh,IND,,,,,False,37,2019,GE
1838559,Pitambar Lal Nishad,BHAPRAP,23964,39,0.0367110650915423,20,37,65,CT,Pitambar Lal Nishad,BHAPRAP,,,,,False,37,2019,GE
1838560,Farid Mohammad Quraishi,GGP,23848,35,0.0329458276462559,21,37,65,CT,Farid Mohammad Quraishi,GGP,,,,,False,37,2019,GE
1838561,Sunil Kumar Markandey,IND,23849,22,0.0207088059490751,22,37,65,CT,Sunil Kumar Markandey,IND,,,,,False,37,2019,GE
1838690,Vijay Baghel,BJP,23846,107542,68.8088245644342,1,37,66,CT,Vijay Baghel,BJP,,,,,False,37,2019,GE
1838691,Pratima Chandrakar,INC,23847,43199,27.6401072358613,2,37,66,CT,Pratima Chandrakar,INC,,,,,True,37,2019,GE
1838692,Geetanjali Singh,BSP,23850,2042,1.30653716464799,3,37,66,CT,Geetanjali Singh,BSP,,,,,False,37,2019,GE
1838693,None Of The Above,NOTA,23852,567,0.362784805267097,4,37,66,CT,None Of The Above,NOTA,,,,,False,37,2019,GE
1838694,Hidar Bhati,SDP(MP),23956,430,0.275127806463583,5,37,66,CT,Hidar Bhati,SDP(MP),,,,,False,37,2019,GE
1838695,Anurag Singh,BKNP,23920,370,0.236737879980293,6,37,66,CT,Anurag Singh,BKNP,,,,,False,37,2019,GE
1838696,Arun Kumar Joshi,IND,23849,337,0.215623420414483,7,37,66,CT,Arun Kumar Joshi,IND,,,,,False,37,2019,GE
1838697,Anoop Kumar Pandey,IND,23849,244,0.156119034365382,8,37,66,CT,Anoop Kumar Pandey,IND,,,,,False,37,2019,GE
1838698,Aatma Ram Sahu,SUCI,23953,208,0.13,9,37,66,CT,Aatma Ram Sahu,SUCI,,,,,False,37,2019,GE
1838699,Manoj Gaykwad Chhattisgarhiya,IND,23849,193,0.123487596854585,10,37,66,CT,Manoj Gaykwad Chhattisgarhiya,IND,,,,,False,37,2019,GE
1838700,Sevakram Banjare,RJsbhP,23864,177,0.113250283125707,11,37,66,CT,Sevakram Banjare,RJsbhP,,,,,False,37,2019,GE
1838701,Pokhraj Meshram,IND,23849,141,0.0902163272357333,12,37,66,CT,Pokhraj Meshram,IND,,,,,False,37,2019,GE
1838702,Malik Ram Thakur,APoI,23853,134,0.0857375024793494,13,37,66,CT,Malik Ram Thakur,APoI,,,,,False,37,2019,GE
1838703,Praveen Tiwari,IND,23849,123,0.0786993492907461,14,37,66,CT,Praveen Tiwari,IND,,,,,False,37,2019,GE
1838704,Rajesh Kumar Dubey,BSCP,23859,122,0.0780595171826912,15,37,66,CT,Rajesh Kumar Dubey,BSCP,,,,,False,37,2019,GE
1838705,Raj Kumar Gupta Advocate,CSM,23856,119,0.0761400208585267,16,37,66,CT,Raj Kumar Gupta Advocate,CSM,,,,,False,37,2019,GE
1838706,Kamlesh Kumar Nagarchi,SHS,23868,74,0.0473475759960586,17,37,66,CT,Kamlesh Kumar Nagarchi,SHS,,,,,False,37,2019,GE
1838707,Guru Dada Lokesh,IND,23849,68,0.0435085833477295,18,37,66,CT,Guru Dada Lokesh,IND,,,,,False,37,2019,GE
1838708,Farid Mohammad Quraishi,GGP,23848,60,0.0383899264832907,19,37,66,CT,Farid Mohammad Quraishi,GGP,,,,,False,37,2019,GE
1838709,Tressa David,IPBP,23934,57,0.0364704301591262,20,37,66,CT,Tressa David,IPBP,,,,,False,37,2019,GE
1838710,Pitambar Lal Nishad,BHAPRAP,23964,45,0.028792444862468,21,37,66,CT,Pitambar Lal Nishad,BHAPRAP,,,,,False,37,2019,GE
1838711,Sunil Kumar Markandey,IND,23849,39,0.024953452214139,22,37,66,CT,Sunil Kumar Markandey,IND,,,,,False,37,2019,GE
1838851,Vijay Baghel,BJP,23846,105737,65.3245934858893,1,37,67,CT,Vijay Baghel,BJP,,,,,False,37,2019,GE
1838852,Pratima Chandrakar,INC,23847,47771,29.5130479909059,2,37,67,CT,Pratima Chandrakar,INC,,,,,True,37,2019,GE
1838853,Geetanjali Singh,BSP,23850,1877,1.15961547966193,3,37,67,CT,Geetanjali Singh,BSP,,,,,False,37,2019,GE
1838854,Hidar Bhati,SDP(MP),23956,1162,0.7178866208669,4,37,67,CT,Hidar Bhati,SDP(MP),,,,,False,37,2019,GE
1838855,Arun Kumar Joshi,IND,23849,699,0.431844017199624,5,37,67,CT,Arun Kumar Joshi,IND,,,,,False,37,2019,GE
1838856,Anurag Singh,BKNP,23920,648,0.400336084614244,6,37,67,CT,Anurag Singh,BKNP,,,,,False,37,2019,GE
1838857,Anoop Kumar Pandey,IND,23849,590,0.36450353383087,7,37,67,CT,Anoop Kumar Pandey,IND,,,,,False,37,2019,GE
1838858,None Of The Above,NOTA,23852,450,0.278011169871002,8,37,67,CT,None Of The Above,NOTA,,,,,False,37,2019,GE
1838859,Sevakram Banjare,RJsbhP,23864,413,0.255152473681609,9,37,67,CT,Sevakram Banjare,RJsbhP,,,,,False,37,2019,GE
1838860,Manoj Gaykwad Chhattisgarhiya,IND,23849,402,0.248356645084762,10,37,67,CT,Manoj Gaykwad Chhattisgarhiya,IND,,,,,False,37,2019,GE
1838861,Praveen Tiwari,IND,23849,311,0.192136608510848,11,37,67,CT,Praveen Tiwari,IND,,,,,False,37,2019,GE
1838862,Pokhraj Meshram,IND,23849,306,0.189047595512281,12,37,67,CT,Pokhraj Meshram,IND,,,,,False,37,2019,GE
1838863,Aatma Ram Sahu,SUCI,23953,256,0.16,13,37,67,CT,Aatma Ram Sahu,SUCI,,,,,False,37,2019,GE
1838864,Malik Ram Thakur,APoI,23853,239,0.147654821331488,14,37,67,CT,Malik Ram Thakur,APoI,,,,,False,37,2019,GE
1838865,Rajesh Kumar Dubey,BSCP,23859,211,0.130356348539514,15,37,67,CT,Rajesh Kumar Dubey,BSCP,,,,,False,37,2019,GE
1838866,Raj Kumar Gupta Advocate,CSM,23856,174,0.107497652350121,16,37,67,CT,Raj Kumar Gupta Advocate,CSM,,,,,False,37,2019,GE
1838867,Guru Dada Lokesh,IND,23849,122,0.0753719171650274,17,37,67,CT,Guru Dada Lokesh,IND,,,,,False,37,2019,GE
1838868,Kamlesh Kumar Nagarchi,SHS,23868,118,0.072900706766174,18,37,67,CT,Kamlesh Kumar Nagarchi,SHS,,,,,False,37,2019,GE
1838869,Farid Mohammad Quraishi,GGP,23848,108,0.0667226807690406,19,37,67,CT,Farid Mohammad Quraishi,GGP,,,,,False,37,2019,GE
1838870,Pitambar Lal Nishad,BHAPRAP,23964,96,0.0593090495724806,20,37,67,CT,Pitambar Lal Nishad,BHAPRAP,,,,,False,37,2019,GE
1838871,Tressa David,IPBP,23934,95,0.0586912469727672,21,37,67,CT,Tressa David,IPBP,,,,,False,37,2019,GE
1838872,Sunil Kumar Markandey,IND,23849,79,0.0488064053773538,22,37,67,CT,Sunil Kumar Markandey,IND,,,,,False,37,2019,GE
1838988,Vijay Baghel,BJP,23846,95787,54.6894894003322,1,37,68,CT,Vijay Baghel,BJP,,,,,False,37,2019,GE
1838989,Pratima Chandrakar,INC,23847,65025,37.1259570532181,2,37,68,CT,Pratima Chandrakar,INC,,,,,True,37,2019,GE
1838990,Hidar Bhati,SDP(MP),23956,2418,1.38055461983362,3,37,68,CT,Hidar Bhati,SDP(MP),,,,,False,37,2019,GE
1838991,Geetanjali Singh,BSP,23850,2091,1.19385430524074,4,37,68,CT,Geetanjali Singh,BSP,,,,,False,37,2019,GE
1838992,Anoop Kumar Pandey,IND,23849,1953,1.11506334678869,5,37,68,CT,Anoop Kumar Pandey,IND,,,,,False,37,2019,GE
1838993,Arun Kumar Joshi,IND,23849,1440,0.822166522977841,6,37,68,CT,Arun Kumar Joshi,IND,,,,,False,37,2019,GE
1838994,Anurag Singh,BKNP,23920,867,0.495012760709575,7,37,68,CT,Anurag Singh,BKNP,,,,,False,37,2019,GE
1838995,Praveen Tiwari,IND,23849,810,0.462468669175035,8,37,68,CT,Praveen Tiwari,IND,,,,,False,37,2019,GE
1838996,Pokhraj Meshram,IND,23849,737,0.420789394051853,9,37,68,CT,Pokhraj Meshram,IND,,,,,False,37,2019,GE
1838997,Sevakram Banjare,RJsbhP,23864,732,0.417934649180402,10,37,68,CT,Sevakram Banjare,RJsbhP,,,,,False,37,2019,GE
1838998,Manoj Gaykwad Chhattisgarhiya,IND,23849,714,0.407657567643179,11,37,68,CT,Manoj Gaykwad Chhattisgarhiya,IND,,,,,False,37,2019,GE
1838999,None Of The Above,NOTA,23852,420,0.23979856920187,12,37,68,CT,None Of The Above,NOTA,,,,,False,37,2019,GE
1839000,Rajesh Kumar Dubey,BSCP,23859,363,0.20725447766733,13,37,68,CT,Rajesh Kumar Dubey,BSCP,,,,,False,37,2019,GE
1839001,Malik Ram Thakur,APoI,23853,328,0.187271263567175,14,37,68,CT,Malik Ram Thakur,APoI,,,,,False,37,2019,GE
1839002,Aatma Ram Sahu,SUCI,23953,305,0.17,15,37,68,CT,Aatma Ram Sahu,SUCI,,,,,False,37,2019,GE
1839003,Guru Dada Lokesh,IND,23849,262,0.149588631264023,16,37,68,CT,Guru Dada Lokesh,IND,,,,,False,37,2019,GE
1839004,Sunil Kumar Markandey,IND,23849,213,0.121612131523805,17,37,68,CT,Sunil Kumar Markandey,IND,,,,,False,37,2019,GE
1839005,Raj Kumar Gupta Advocate,CSM,23856,196,0.111905998960872,18,37,68,CT,Raj Kumar Gupta Advocate,CSM,,,,,False,37,2019,GE
1839006,Farid Mohammad Quraishi,GGP,23848,148,0.0845004481949448,19,37,68,CT,Farid Mohammad Quraishi,GGP,,,,,False,37,2019,GE
1839007,Kamlesh Kumar Nagarchi,SHS,23868,144,0.0822166522977841,20,37,68,CT,Kamlesh Kumar Nagarchi,SHS,,,,,False,37,2019,GE
1839008,Tressa David,IPBP,23934,100,0.0570948974290167,21,37,68,CT,Tressa David,IPBP,,,,,False,37,2019,GE
1839009,Pitambar Lal Nishad,BHAPRAP,23964,94,0.0536692035832757,22,37,68,CT,Pitambar Lal Nishad,BHAPRAP,,,,,False,37,2019,GE
1839125,Vijay Baghel,BJP,23846,99096,58.6359924734618,1,37,69,CT,Vijay Baghel,BJP,,,,,False,37,2019,GE
1839126,Pratima Chandrakar,INC,23847,56585,33.4818522857717,2,37,69,CT,Pratima Chandrakar,INC,,,,,True,37,2019,GE
1839127,Hidar Bhati,SDP(MP),23956,2441,1.4443616051881,3,37,69,CT,Hidar Bhati,SDP(MP),,,,,False,37,2019,GE
1839128,Geetanjali Singh,BSP,23850,1860,1.10057869137643,4,37,69,CT,Geetanjali Singh,BSP,,,,,False,37,2019,GE
1839129,Anoop Kumar Pandey,IND,23849,1633,0.966260754310599,5,37,69,CT,Anoop Kumar Pandey,IND,,,,,False,37,2019,GE
1839130,Arun Kumar Joshi,IND,23849,1269,0.750878687826179,6,37,69,CT,Arun Kumar Joshi,IND,,,,,False,37,2019,GE
1839131,Anurag Singh,BKNP,23920,888,0.525437568786168,7,37,69,CT,Anurag Singh,BKNP,,,,,False,37,2019,GE
1839132,Manoj Gaykwad Chhattisgarhiya,IND,23849,764,0.452065656027739,8,37,69,CT,Manoj Gaykwad Chhattisgarhiya,IND,,,,,False,37,2019,GE
1839133,Sevakram Banjare,RJsbhP,23864,761,0.450290529106164,9,37,69,CT,Sevakram Banjare,RJsbhP,,,,,False,37,2019,GE
1839134,Pokhraj Meshram,IND,23849,589,0.348516585602537,10,37,69,CT,Pokhraj Meshram,IND,,,,,False,37,2019,GE
1839135,Praveen Tiwari,IND,23849,566,0.334907279203796,11,37,69,CT,Praveen Tiwari,IND,,,,,False,37,2019,GE
1839136,None Of The Above,NOTA,23852,406,0.240233843386468,12,37,69,CT,None Of The Above,NOTA,,,,,False,37,2019,GE
1839137,Rajesh Kumar Dubey,BSCP,23859,352,0.20828155879812,13,37,69,CT,Rajesh Kumar Dubey,BSCP,,,,,False,37,2019,GE
1839138,Aatma Ram Sahu,SUCI,23953,283,0.17,14,37,69,CT,Aatma Ram Sahu,SUCI,,,,,False,37,2019,GE
1839139,Malik Ram Thakur,APoI,23853,282,0.166861930628039,15,37,69,CT,Malik Ram Thakur,APoI,,,,,False,37,2019,GE
1839140,Raj Kumar Gupta Advocate,CSM,23856,251,0.148518952438432,16,37,69,CT,Raj Kumar Gupta Advocate,CSM,,,,,False,37,2019,GE
1839141,Guru Dada Lokesh,IND,23849,249,0.147335534490716,17,37,69,CT,Guru Dada Lokesh,IND,,,,,False,37,2019,GE
1839142,Sunil Kumar Markandey,IND,23849,174,0.102957361451343,18,37,69,CT,Sunil Kumar Markandey,IND,,,,,False,37,2019,GE
1839143,Kamlesh Kumar Nagarchi,SHS,23868,167,0.0988153986343356,19,37,69,CT,Kamlesh Kumar Nagarchi,SHS,,,,,False,37,2019,GE
1839144,Farid Mohammad Quraishi,GGP,23848,144,0.0852060922355948,20,37,69,CT,Farid Mohammad Quraishi,GGP,,,,,False,37,2019,GE
1839145,Pitambar Lal Nishad,BHAPRAP,23964,131,0.0775138755754369,21,37,69,CT,Pitambar Lal Nishad,BHAPRAP,,,,,False,37,2019,GE
1839146,Tressa David,IPBP,23934,111,0.065679696098271,22,37,69,CT,Tressa David,IPBP,,,,,False,37,2019,GE
1839280,Vijay Baghel,BJP,23846,95090,56.2163759976352,1,37,70,CT,Vijay Baghel,BJP,,,,,False,37,2019,GE
1839281,Pratima Chandrakar,INC,23847,56940,33.662429796039,2,37,70,CT,Pratima Chandrakar,INC,,,,,True,37,2019,GE
1839282,Geetanjali Singh,BSP,23850,5266,3.11321312444575,3,37,70,CT,Geetanjali Singh,BSP,,,,,False,37,2019,GE
1839283,Hidar Bhati,SDP(MP),23956,2491,1.47265740467041,4,37,70,CT,Hidar Bhati,SDP(MP),,,,,False,37,2019,GE
1839284,Anoop Kumar Pandey,IND,23849,1343,0.793969849246231,5,37,70,CT,Anoop Kumar Pandey,IND,,,,,False,37,2019,GE
1839285,Arun Kumar Joshi,IND,23849,1140,0.673958025421223,6,37,70,CT,Arun Kumar Joshi,IND,,,,,False,37,2019,GE
1839286,Anurag Singh,BKNP,23920,985,0.582323381613952,7,37,70,CT,Anurag Singh,BKNP,,,,,False,37,2019,GE
1839287,Sevakram Banjare,RJsbhP,23864,907,0.536210464085131,8,37,70,CT,Sevakram Banjare,RJsbhP,,,,,False,37,2019,GE
1839288,Manoj Gaykwad Chhattisgarhiya,IND,23849,722,0.426840082766775,9,37,70,CT,Manoj Gaykwad Chhattisgarhiya,IND,,,,,False,37,2019,GE
1839289,Praveen Tiwari,IND,23849,607,0.358853088974283,10,37,70,CT,Praveen Tiwari,IND,,,,,False,37,2019,GE
1839290,Pokhraj Meshram,IND,23849,508,0.300325155187703,11,37,70,CT,Pokhraj Meshram,IND,,,,,False,37,2019,GE
1839291,Rajesh Kumar Dubey,BSCP,23859,494,0.29204847768253,12,37,70,CT,Rajesh Kumar Dubey,BSCP,,,,,False,37,2019,GE
1839292,None Of The Above,NOTA,23852,396,0.234111735146319,13,37,70,CT,None Of The Above,NOTA,,,,,False,37,2019,GE
1839293,Malik Ram Thakur,APoI,23853,358,0.211646467632279,14,37,70,CT,Malik Ram Thakur,APoI,,,,,False,37,2019,GE
1839294,Aatma Ram Sahu,SUCI,23953,351,0.21,15,37,70,CT,Aatma Ram Sahu,SUCI,,,,,False,37,2019,GE
1839295,Guru Dada Lokesh,CSM,23856,320,0.19,16,37,70,CT,Guru Dada Lokesh,CSM,,,,,False,37,2019,GE
1839296,Raj Kumar Gupta Advocate,IND,23849,320,0.19,16,37,70,CT,Raj Kumar Gupta Advocate,IND,,,,,False,37,2019,GE
1839297,Kamlesh Kumar Nagarchi,SHS,23868,215,0.127106118829441,18,37,70,CT,Kamlesh Kumar Nagarchi,SHS,,,,,False,37,2019,GE
1839298,Sunil Kumar Markandey,IND,23849,202,0.119420632574637,19,37,70,CT,Sunil Kumar Markandey,IND,,,,,False,37,2019,GE
1839299,Farid Mohammad Quraishi,GGP,23848,176,0.104049660065031,20,37,70,CT,Farid Mohammad Quraishi,GGP,,,,,False,37,2019,GE
1839300,Pitambar Lal Nishad,BHAPRAP,23964,160,0.0945906000591191,21,37,70,CT,Pitambar Lal Nishad,BHAPRAP,,,,,False,37,2019,GE
1839301,Tressa David,IPBP,23934,159,0.0939994088087496,22,37,70,CT,Tressa David,IPBP,,,,,False,37,2019,GE
1839401,Santosh Pandey,BJP,23846,105993,52.4336250352466,1,37,71,CT,Santosh Pandey,BJP,,,,,True,37,2019,GE
1839402,Bhola Ram Sahu,INC,23847,78304,38.7361672446289,2,37,71,CT,Bhola Ram Sahu,INC,,,,,False,37,2019,GE
1839403,Ravita Lakra (Dhruv),BSP,23850,4468,2.21027272232583,3,37,71,CT,Ravita Lakra (Dhruv),BSP,,,,,False,37,2019,GE
1839404,None Of The Above,NOTA,23852,2863,1.41629606177682,4,37,71,CT,None Of The Above,NOTA,,,,,False,37,2019,GE
1839405,Sachchidanand Kaushik,IND,23849,2315,1.14520621132146,5,37,71,CT,Sachchidanand Kaushik,IND,,,,,False,37,2019,GE
1839406,Ajay Pali (Baba),SHS,23868,1711,0.846413748410809,6,37,71,CT,Ajay Pali (Baba),SHS,,,,,False,37,2019,GE
1839407,Sudesh Tikam,IND,23849,1302,0.644085739585549,7,37,71,CT,Sudesh Tikam,IND,,,,,False,37,2019,GE
1839408,Vishwanath Singh Porte,GGP,23848,1291,0.638644154996116,8,37,71,CT,Vishwanath Singh Porte,GGP,,,,,False,37,2019,GE
1839409,Ramkhilawan Dahariya,IND,23849,1101,0.544653148451374,9,37,71,CT,Ramkhilawan Dahariya,IND,,,,,False,37,2019,GE
1839410,Baidya Shekhu Ram Verma (Guruji),APoI,23853,769,0.38041623175214,10,37,71,CT,Baidya Shekhu Ram Verma (Guruji),APoI,,,,,False,37,2019,GE
1839411,Kranti Gupta,IND,23849,649,0.321053490776514,11,37,71,CT,Kranti Gupta,IND,,,,,False,37,2019,GE
1839412,Kamini Sahu,IND,23849,449,0.222115589150469,12,37,71,CT,Kamini Sahu,IND,,,,,False,37,2019,GE
1839413,Dr. Gojupal,RPI(A),23876,342,0.169183811780535,13,37,71,CT,Dr. Gojupal,RPI(A),,,,,False,37,2019,GE
1839414,Mahendra Kumar Sahu,FDLP,23971,300,0.148406852439066,14,37,71,CT,Mahendra Kumar Sahu,FDLP,,,,,False,37,2019,GE
1839415,Pratima Santosh Washnik,RP(K),23918,290,0.143459957357764,15,37,71,CT,Pratima Santosh Washnik,RP(K),,,,,False,37,2019,GE
1839513,Santosh Pandey,BJP,23846,109126,47.8417171566607,1,37,72,CT,Santosh Pandey,BJP,,,,,True,37,2019,GE
1839514,Bhola Ram Sahu,INC,23847,102636,44.9964488947732,2,37,72,CT,Bhola Ram Sahu,INC,,,,,False,37,2019,GE
1839515,None Of The Above,NOTA,23852,4016,1.76064673955931,3,37,72,CT,None Of The Above,NOTA,,,,,False,37,2019,GE
1839516,Ravita Lakra (Dhruv),BSP,23850,2441,1.07015405658971,4,37,72,CT,Ravita Lakra (Dhruv),BSP,,,,,False,37,2019,GE
1839517,Sachchidanand Kaushik,IND,23849,2168,0.950468658208313,5,37,72,CT,Sachchidanand Kaushik,IND,,,,,False,37,2019,GE
1839518,Ajay Pali (Baba),SHS,23868,1663,0.729072591605362,6,37,72,CT,Ajay Pali (Baba),SHS,,,,,False,37,2019,GE
1839519,Sudesh Tikam,IND,23849,1617,0.708905821182123,7,37,72,CT,Sudesh Tikam,IND,,,,,False,37,2019,GE
1839520,Vishwanath Singh Porte,GGP,23848,1150,0.504169260580978,8,37,72,CT,Vishwanath Singh Porte,GGP,,,,,False,37,2019,GE
1839521,Ramkhilawan Dahariya,IND,23849,903,0.395882471569237,9,37,72,CT,Ramkhilawan Dahariya,IND,,,,,False,37,2019,GE
1839522,Kranti Gupta,IND,23849,587,0.257345526922638,10,37,72,CT,Kranti Gupta,IND,,,,,False,37,2019,GE
1839523,Baidya Shekhu Ram Verma (Guruji),APoI,23853,562,0.24638532560566,11,37,72,CT,Baidya Shekhu Ram Verma (Guruji),APoI,,,,,False,37,2019,GE
1839524,Kamini Sahu,IND,23849,388,0.170102324439495,12,37,72,CT,Kamini Sahu,IND,,,,,False,37,2019,GE
1839525,Dr. Gojupal,RPI(A),23876,338,0.148181921805539,13,37,72,CT,Dr. Gojupal,RPI(A),,,,,False,37,2019,GE
1839526,Pratima Santosh Washnik,RP(K),23918,271,0.118808582276039,14,37,72,CT,Pratima Santosh Washnik,RP(K),,,,,False,37,2019,GE
1839527,Mahendra Kumar Sahu,FDLP,23971,232,0.101710668221553,15,37,72,CT,Mahendra Kumar Sahu,FDLP,,,,,False,37,2019,GE
1839635,Santosh Pandey,BJP,23846,85010,52.9654020847222,1,37,73,CT,Santosh Pandey,BJP,,,,,True,37,2019,GE
1839636,Bhola Ram Sahu,INC,23847,64070,39.9187544002841,2,37,73,CT,Bhola Ram Sahu,INC,,,,,False,37,2019,GE
1839637,None Of The Above,NOTA,23852,2298,1.43176678026928,3,37,73,CT,None Of The Above,NOTA,,,,,False,37,2019,GE
1839638,Ravita Lakra (Dhruv),BSP,23850,1929,1.20186167064379,4,37,73,CT,Ravita Lakra (Dhruv),BSP,,,,,False,37,2019,GE
1839639,Sachchidanand Kaushik,IND,23849,1745,1.08722064036984,5,37,73,CT,Sachchidanand Kaushik,IND,,,,,False,37,2019,GE
1839640,Sudesh Tikam,IND,23849,1368,0.85233113812375,6,37,73,CT,Sudesh Tikam,IND,,,,,False,37,2019,GE
1839641,Ajay Pali (Baba),SHS,23868,1177,0.733328764306764,7,37,73,CT,Ajay Pali (Baba),SHS,,,,,False,37,2019,GE
1839642,Ramkhilawan Dahariya,IND,23849,751,0.467909857259456,8,37,73,CT,Ramkhilawan Dahariya,IND,,,,,False,37,2019,GE
1839643,Baidya Shekhu Ram Verma (Guruji),APoI,23853,507,0.315885882330951,9,37,73,CT,Baidya Shekhu Ram Verma (Guruji),APoI,,,,,False,37,2019,GE
1839644,Kranti Gupta,IND,23849,448,0.279125986753976,10,37,73,CT,Kranti Gupta,IND,,,,,False,37,2019,GE
1839645,Kamini Sahu,IND,23849,326,0.203113999289724,11,37,73,CT,Kamini Sahu,IND,,,,,False,37,2019,GE
1839646,Dr. Gojupal,RPI(A),23876,259,0.161369711092142,12,37,73,CT,Dr. Gojupal,RPI(A),,,,,False,37,2019,GE
1839647,Vishwanath Singh Porte,GGP,23848,244,0.152023974928505,13,37,73,CT,Vishwanath Singh Porte,GGP,,,,,False,37,2019,GE
1839648,Mahendra Kumar Sahu,FDLP,23971,187,0.116510177506682,14,37,73,CT,Mahendra Kumar Sahu,FDLP,,,,,False,37,2019,GE
1839649,Pratima Santosh Washnik,RP(K),23918,182,0.113394932118802,15,37,73,CT,Pratima Santosh Washnik,RP(K),,,,,False,37,2019,GE
1839750,Santosh Pandey,BJP,23846,81119,53.4525135247332,1,37,74,CT,Santosh Pandey,BJP,,,,,True,37,2019,GE
1839751,Bhola Ram Sahu,INC,23847,61224,40.3429121172385,2,37,74,CT,Bhola Ram Sahu,INC,,,,,False,37,2019,GE
1839752,Ravita Lakra (Dhruv),BSP,23850,1924,1.26779960331841,3,37,74,CT,Ravita Lakra (Dhruv),BSP,,,,,False,37,2019,GE
1839753,None Of The Above,NOTA,23852,1903,1.25396187376037,4,37,74,CT,None Of The Above,NOTA,,,,,False,37,2019,GE
1839754,Sachchidanand Kaushik,IND,23849,1283,0.845419382046534,5,37,74,CT,Sachchidanand Kaushik,IND,,,,,False,37,2019,GE
1839755,Sudesh Tikam,IND,23849,1185,0.780843310775637,6,37,74,CT,Sudesh Tikam,IND,,,,,False,37,2019,GE
1839756,Ajay Pali (Baba),SHS,23868,778,0.512654933150587,7,37,74,CT,Ajay Pali (Baba),SHS,,,,,False,37,2019,GE
1839757,Baidya Shekhu Ram Verma (Guruji),APoI,23853,492,0.324198235360011,8,37,74,CT,Baidya Shekhu Ram Verma (Guruji),APoI,,,,,False,37,2019,GE
1839758,Ramkhilawan Dahariya,IND,23849,448,0.295204897238384,9,37,74,CT,Ramkhilawan Dahariya,IND,,,,,False,37,2019,GE
1839759,Vishwanath Singh Porte,GGP,23848,328,0.216132156906674,10,37,74,CT,Vishwanath Singh Porte,GGP,,,,,False,37,2019,GE
1839760,Kranti Gupta,IND,23849,326,0.214814277901145,11,37,74,CT,Kranti Gupta,IND,,,,,False,37,2019,GE
1839761,Kamini Sahu,IND,23849,253,0.166711694199355,12,37,74,CT,Kamini Sahu,IND,,,,,False,37,2019,GE
1839762,Dr. Gojupal,RPI(A),23876,186,0.12256274751415,13,37,74,CT,Dr. Gojupal,RPI(A),,,,,False,37,2019,GE
1839763,Pratima Santosh Washnik,RP(K),23918,160,0.10543032044228,14,37,74,CT,Pratima Santosh Washnik,RP(K),,,,,False,37,2019,GE
1839764,Mahendra Kumar Sahu,FDLP,23971,150,0.0988409254146376,15,37,74,CT,Mahendra Kumar Sahu,FDLP,,,,,False,37,2019,GE
1839851,Santosh Pandey,BJP,23846,95280,61.8111283385339,1,37,75,CT,Santosh Pandey,BJP,,,,,True,37,2019,GE
1839852,Bhola Ram Sahu,INC,23847,51475,33.3934491102648,2,37,75,CT,Bhola Ram Sahu,INC,,,,,False,37,2019,GE
1839853,Ravita Lakra (Dhruv),BSP,23850,1788,1.15993175345611,3,37,75,CT,Ravita Lakra (Dhruv),BSP,,,,,False,37,2019,GE
1839854,None Of The Above,NOTA,23852,1661,1.07754286492763,4,37,75,CT,None Of The Above,NOTA,,,,,False,37,2019,GE
1839855,Sachchidanand Kaushik,IND,23849,1216,0.788857389375077,5,37,75,CT,Sachchidanand Kaushik,IND,,,,,False,37,2019,GE
1839856,Sudesh Tikam,IND,23849,1173,0.760961938928425,6,37,75,CT,Sudesh Tikam,IND,,,,,False,37,2019,GE
1839857,Ajay Pali (Baba),SHS,23868,525,0.340583988011443,7,37,75,CT,Ajay Pali (Baba),SHS,,,,,False,37,2019,GE
1839858,Ramkhilawan Dahariya,IND,23849,265,0.171913822520062,8,37,75,CT,Ramkhilawan Dahariya,IND,,,,,False,37,2019,GE
1839859,Kranti Gupta,IND,23849,166,0.107689413352189,9,37,75,CT,Kranti Gupta,IND,,,,,False,37,2019,GE
1839860,Baidya Shekhu Ram Verma (Guruji),APoI,23853,153,0.0992559050776207,10,37,75,CT,Baidya Shekhu Ram Verma (Guruji),APoI,,,,,False,37,2019,GE
1839861,Kamini Sahu,IND,23849,114,0.0739553802539134,11,37,75,CT,Kamini Sahu,IND,,,,,False,37,2019,GE
1839862,Dr. Gojupal,RPI(A),23876,105,0.0681167976022887,12,37,75,CT,Dr. Gojupal,RPI(A),,,,,False,37,2019,GE
1839863,Pratima Santosh Washnik,RP(K),23918,92,0.0596832893277196,13,37,75,CT,Pratima Santosh Washnik,RP(K),,,,,False,37,2019,GE
1839864,Vishwanath Singh Porte,GGP,23848,74,0.0480061240244701,14,37,75,CT,Vishwanath Singh Porte,GGP,,,,,False,37,2019,GE
1839865,Mahendra Kumar Sahu,FDLP,23971,60,0.0389238843441649,15,37,75,CT,Mahendra Kumar Sahu,FDLP,,,,,False,37,2019,GE
1840000,Santosh Pandey,BJP,23846,81714,54.4027376466358,1,37,76,CT,Santosh Pandey,BJP,,,,,True,37,2019,GE
1840001,Bhola Ram Sahu,INC,23847,59596,39.6772346573281,2,37,76,CT,Bhola Ram Sahu,INC,,,,,False,37,2019,GE
1840002,Sudesh Tikam,IND,23849,1894,1.26096856233605,3,37,76,CT,Sudesh Tikam,IND,,,,,False,37,2019,GE
1840003,None Of The Above,NOTA,23852,1552,1.03327518941159,4,37,76,CT,None Of The Above,NOTA,,,,,False,37,2019,GE
1840004,Sachchidanand Kaushik,IND,23849,1394,0.928083514200876,5,37,76,CT,Sachchidanand Kaushik,IND,,,,,False,37,2019,GE
1840005,Ravita Lakra (Dhruv),BSP,23850,1164,0.774956392058694,6,37,76,CT,Ravita Lakra (Dhruv),BSP,,,,,False,37,2019,GE
1840006,Ajay Pali (Baba),SHS,23868,866,0.576556903370128,7,37,76,CT,Ajay Pali (Baba),SHS,,,,,False,37,2019,GE
1840007,Ramkhilawan Dahariya,IND,23849,484,0.322232726594852,8,37,76,CT,Ramkhilawan Dahariya,IND,,,,,False,37,2019,GE
1840008,Baidya Shekhu Ram Verma (Guruji),APoI,23853,349,0.232353763598354,9,37,76,CT,Baidya Shekhu Ram Verma (Guruji),APoI,,,,,False,37,2019,GE
1840009,Kranti Gupta,IND,23849,329,0.219038361672947,10,37,76,CT,Kranti Gupta,IND,,,,,False,37,2019,GE
1840010,Kamini Sahu,IND,23849,229,0.152461352045911,11,37,76,CT,Kamini Sahu,IND,,,,,False,37,2019,GE
1840011,Vishwanath Singh Porte,GGP,23848,199,0.1324882491578,12,37,76,CT,Vishwanath Singh Porte,GGP,,,,,False,37,2019,GE
1840012,Dr. Gojupal,RPI(A),23876,149,0.099199744344283,13,37,76,CT,Dr. Gojupal,RPI(A),,,,,False,37,2019,GE
1840013,Pratima Santosh Washnik,RP(K),23918,146,0.0972024340554719,14,37,76,CT,Pratima Santosh Washnik,RP(K),,,,,False,37,2019,GE
1840014,Mahendra Kumar Sahu,FDLP,23971,137,0.0912105031890387,15,37,76,CT,Mahendra Kumar Sahu,FDLP,,,,,False,37,2019,GE
1840099,Bhola Ram Sahu,INC,23847,65886,47.0900189400707,1,37,77,CT,Bhola Ram Sahu,INC,,,,,False,37,2019,GE
1840100,Santosh Pandey,BJP,23846,63682,45.5147768287889,2,37,77,CT,Santosh Pandey,BJP,,,,,True,37,2019,GE
1840101,Sudesh Tikam,IND,23849,2140,1.52950005360397,3,37,77,CT,Sudesh Tikam,IND,,,,,False,37,2019,GE
1840102,None Of The Above,NOTA,23852,2130,1.5223528570918,4,37,77,CT,None Of The Above,NOTA,,,,,False,37,2019,GE
1840103,Ravita Lakra (Dhruv),BSP,23850,1525,1.08994746810563,5,37,77,CT,Ravita Lakra (Dhruv),BSP,,,,,False,37,2019,GE
1840104,Sachchidanand Kaushik,IND,23849,1246,0.890540685416145,6,37,77,CT,Sachchidanand Kaushik,IND,,,,,False,37,2019,GE
1840105,Ajay Pali (Baba),SHS,23868,843,0.602508665975771,7,37,77,CT,Ajay Pali (Baba),SHS,,,,,False,37,2019,GE
1840106,Baidya Shekhu Ram Verma (Guruji),APoI,23853,526,0.375942536540042,8,37,77,CT,Baidya Shekhu Ram Verma (Guruji),APoI,,,,,False,37,2019,GE
1840107,Ramkhilawan Dahariya,IND,23849,480,0.343065432584068,9,37,77,CT,Ramkhilawan Dahariya,IND,,,,,False,37,2019,GE
1840108,Kranti Gupta,IND,23849,453,0.323768002001215,10,37,77,CT,Kranti Gupta,IND,,,,,False,37,2019,GE
1840109,Kamini Sahu,IND,23849,315,0.225136690133295,11,37,77,CT,Kamini Sahu,IND,,,,,False,37,2019,GE
1840110,Vishwanath Singh Porte,GGP,23848,208,0.148661687453096,12,37,77,CT,Vishwanath Singh Porte,GGP,,,,,False,37,2019,GE
1840111,Pratima Santosh Washnik,RP(K),23918,166,0.11864346210199,13,37,77,CT,Pratima Santosh Washnik,RP(K),,,,,False,37,2019,GE
1840112,Dr. Gojupal,RPI(A),23876,163,0.11649930314834,14,37,77,CT,Dr. Gojupal,RPI(A),,,,,False,37,2019,GE
1840113,Mahendra Kumar Sahu,FDLP,23971,152,0.108637386984955,15,37,77,CT,Mahendra Kumar Sahu,FDLP,,,,,False,37,2019,GE
1840203,Bhola Ram Sahu,INC,23847,66219,56.247929531883,1,37,78,CT,Bhola Ram Sahu,INC,,,,,False,37,2019,GE
1840204,Santosh Pandey,BJP,23846,39032,33.1546714007831,2,37,78,CT,Santosh Pandey,BJP,,,,,True,37,2019,GE
1840205,None Of The Above,NOTA,23852,3000,2.54826845158714,3,37,78,CT,None Of The Above,NOTA,,,,,False,37,2019,GE
1840206,Sudesh Tikam,IND,23849,1980,1.68185717804751,4,37,78,CT,Sudesh Tikam,IND,,,,,False,37,2019,GE
1840207,Ravita Lakra (Dhruv),BSP,23850,1866,1.5850229768872,5,37,78,CT,Ravita Lakra (Dhruv),BSP,,,,,False,37,2019,GE
1840208,Sachchidanand Kaushik,IND,23849,1105,0.938612213001265,6,37,78,CT,Sachchidanand Kaushik,IND,,,,,False,37,2019,GE
1840209,Baidya Shekhu Ram Verma (Guruji),APoI,23853,935,0.794210334077994,7,37,78,CT,Baidya Shekhu Ram Verma (Guruji),APoI,,,,,False,37,2019,GE
1840210,Ajay Pali (Baba),SHS,23868,801,0.680387676573768,8,37,78,CT,Ajay Pali (Baba),SHS,,,,,False,37,2019,GE
1840211,Kranti Gupta,IND,23849,752,0.638765958531178,9,37,78,CT,Kranti Gupta,IND,,,,,False,37,2019,GE
1840212,Ramkhilawan Dahariya,IND,23849,633,0.537684643284887,10,37,78,CT,Ramkhilawan Dahariya,IND,,,,,False,37,2019,GE
1840213,Kamini Sahu,IND,23849,368,0.312587596728023,11,37,78,CT,Kamini Sahu,IND,,,,,False,37,2019,GE
1840214,Vishwanath Singh Porte,GGP,23848,308,0.26162222769628,12,37,78,CT,Vishwanath Singh Porte,GGP,,,,,False,37,2019,GE
1840215,Mahendra Kumar Sahu,FDLP,23971,300,0.254826845158714,13,37,78,CT,Mahendra Kumar Sahu,FDLP,,,,,False,37,2019,GE
1840216,Dr. Gojupal,RPI(A),23876,231,0.19621667077221,14,37,78,CT,Dr. Gojupal,RPI(A),,,,,False,37,2019,GE
1840217,Pratima Santosh Washnik,RP(K),23918,197,0.167336294987555,15,37,78,CT,Pratima Santosh Washnik,RP(K),,,,,False,37,2019,GE
1840295,Mohan Mandavi,BJP,23846,59653,52.6686149689654,1,37,79,CT,Mohan Mandavi,BJP,,,,,True,37,2019,GE
1840296,Biresh Thakur,INC,23847,44444,39.24033868675,2,37,79,CT,Biresh Thakur,INC,,,,,False,37,2019,GE
1840297,None Of The Above,NOTA,23852,3585,3.16525547187469,3,37,79,CT,None Of The Above,NOTA,,,,,False,37,2019,GE
1840298,Harisingh Sidar,IND,23849,1265,1.11688930876471,4,37,79,CT,Harisingh Sidar,IND,,,,,False,37,2019,GE
1840299,Sube Singh Dhurva,BSP,23850,1180,1.04184141054731,5,37,79,CT,Sube Singh Dhurva,BSP,,,,,False,37,2019,GE
1840300,Durgaprasad Thakur,APoI,23853,884,0.780498141460873,6,37,79,CT,Durgaprasad Thakur,APoI,,,,,False,37,2019,GE
1840301,Narend Nag,IND,23849,827,0.73017190383274,7,37,79,CT,Narend Nag,IND,,,,,False,37,2019,GE
1840302,Mathan Singh Markam,BSCP,23859,559,0.493550295335552,8,37,79,CT,Mathan Singh Markam,BSCP,,,,,False,37,2019,GE
1840303,Umashankar Bhandari,SHS,23868,505,0.445872807056268,9,37,79,CT,Umashankar Bhandari,SHS,,,,,False,37,2019,GE
1840304,Ghanshyam Jurri,GGP,23848,359,0.316967005412277,10,37,79,CT,Ghanshyam Jurri,GGP,,,,,False,37,2019,GE
1840374,Biresh Thakur,INC,23847,71254,51.8810843084002,1,37,80,CT,Biresh Thakur,INC,,,,,False,37,2019,GE
1840375,Mohan Mandavi,BJP,23846,56563,41.184351359026,2,37,80,CT,Mohan Mandavi,BJP,,,,,True,37,2019,GE
1840376,None Of The Above,NOTA,23852,3347,2.4369998762205,3,37,80,CT,None Of The Above,NOTA,,,,,False,37,2019,GE
1840377,Harisingh Sidar,IND,23849,1277,0.92980246248389,4,37,80,CT,Harisingh Sidar,IND,,,,,False,37,2019,GE
1840378,Sube Singh Dhurva,BSP,23850,1191,0.867184598918021,5,37,80,CT,Sube Singh Dhurva,BSP,,,,,False,37,2019,GE
1840379,Durgaprasad Thakur,APoI,23853,1020,0.74267698647891,6,37,80,CT,Durgaprasad Thakur,APoI,,,,,False,37,2019,GE
1840380,Ghanshyam Jurri,GGP,23848,795,0.578851180637974,7,37,80,CT,Ghanshyam Jurri,GGP,,,,,False,37,2019,GE
1840381,Narend Nag,IND,23849,718,0.522786349305742,8,37,80,CT,Narend Nag,IND,,,,,False,37,2019,GE
1840382,Mathan Singh Markam,BSCP,23859,700,0.509680284838467,9,37,80,CT,Mathan Singh Markam,BSCP,,,,,False,37,2019,GE
1840383,Umashankar Bhandari,SHS,23868,476,0.346582593690158,10,37,80,CT,Umashankar Bhandari,SHS,,,,,False,37,2019,GE
1840464,Mohan Mandavi,BJP,23846,60719,47.5355034681447,1,37,81,CT,Mohan Mandavi,BJP,,,,,True,37,2019,GE
1840465,Biresh Thakur,INC,23847,58167,45.5376015782798,2,37,81,CT,Biresh Thakur,INC,,,,,False,37,2019,GE
1840466,None Of The Above,NOTA,23852,2578,2.01825668968324,3,37,81,CT,None Of The Above,NOTA,,,,,False,37,2019,GE
1840467,Sube Singh Dhurva,BSP,23850,1453,1.13752015908058,4,37,81,CT,Sube Singh Dhurva,BSP,,,,,False,37,2019,GE
1840468,Harisingh Sidar,IND,23849,1071,0.838461177133731,5,37,81,CT,Harisingh Sidar,IND,,,,,False,37,2019,GE
1840469,Ghanshyam Jurri,GGP,23848,927,0.72572690121659,6,37,81,CT,Ghanshyam Jurri,GGP,,,,,False,37,2019,GE
1840470,Durgaprasad Thakur,APoI,23853,850,0.665445378677564,7,37,81,CT,Durgaprasad Thakur,APoI,,,,,False,37,2019,GE
1840471,Mathan Singh Markam,BSCP,23859,828,0.648222086523556,8,37,81,CT,Mathan Singh Markam,BSCP,,,,,False,37,2019,GE
1840472,Narend Nag,IND,23849,686,0.537053564438598,9,37,81,CT,Narend Nag,IND,,,,,False,37,2019,GE
1840473,Umashankar Bhandari,SHS,23868,455,0.356208996821519,10,37,81,CT,Umashankar Bhandari,SHS,,,,,False,37,2019,GE
1840544,Mohan Mandavi,BJP,23846,63371,44.988321820802,1,37,82,CT,Mohan Mandavi,BJP,,,,,True,37,2019,GE
1840545,Biresh Thakur,INC,23847,62454,44.3373254484917,2,37,82,CT,Biresh Thakur,INC,,,,,False,37,2019,GE
1840546,None Of The Above,NOTA,23852,5316,3.77393316815868,3,37,82,CT,None Of The Above,NOTA,,,,,False,37,2019,GE
1840547,Sube Singh Dhurva,BSP,23850,2381,1.69031882494089,4,37,82,CT,Sube Singh Dhurva,BSP,,,,,False,37,2019,GE
1840548,Harisingh Sidar,IND,23849,2106,1.49509090521861,5,37,82,CT,Harisingh Sidar,IND,,,,,False,37,2019,GE
1840549,Durgaprasad Thakur,APoI,23853,1548,1.09895570810941,6,37,82,CT,Durgaprasad Thakur,APoI,,,,,False,37,2019,GE
1840550,Narend Nag,IND,23849,1302,0.924315459921482,7,37,82,CT,Narend Nag,IND,,,,,False,37,2019,GE
1840551,Mathan Singh Markam,BSCP,23859,1042,0.739736335820418,8,37,82,CT,Mathan Singh Markam,BSCP,,,,,False,37,2019,GE
1840552,Umashankar Bhandari,SHS,23868,741,0.526050503688032,9,37,82,CT,Umashankar Bhandari,SHS,,,,,False,37,2019,GE
1840553,Ghanshyam Jurri,GGP,23848,600,0.425951824848609,10,37,82,CT,Ghanshyam Jurri,GGP,,,,,False,37,2019,GE
1840615,Deepak Baij,INC,23847,65311,49.4196252913223,1,37,83,CT,Deepak Baij,INC,,,,,False,37,2019,GE
1840616,Baidu Ram Kashyap,BJP,23846,52421,39.6660007869487,2,37,83,CT,Baidu Ram Kashyap,BJP,,,,,True,37,2019,GE
1840617,None Of The Above,NOTA,23852,4348,3.29005115166923,3,37,83,CT,None Of The Above,NOTA,,,,,False,37,2019,GE
1840618,Ramu Ram Mourya,CPI,23878,3163,2.39338357698477,4,37,83,CT,Ramu Ram Mourya,CPI,,,,,False,37,2019,GE
1840619,Aytu Ram Mandavi,BSP,23850,2223,1.68210296921819,5,37,83,CT,Aytu Ram Mandavi,BSP,,,,,False,37,2019,GE
1840620,Suresh Kawasi,SHS,23868,1743,1.31889585035866,6,37,83,CT,Suresh Kawasi,SHS,,,,,False,37,2019,GE
1840621,Paneesh Prasad Nag,APoI,23853,1577,1.19328672175307,7,37,83,CT,Paneesh Prasad Nag,APoI,,,,,False,37,2019,GE
1840622,Mangalaram Karma,ABSKP,23974,1370,1.0366536517449,8,37,83,CT,Mangalaram Karma,ABSKP,,,,,False,37,2019,GE
1840682,Deepak Baij,INC,23847,55848,45.9329199085421,1,37,84,CT,Deepak Baij,INC,,,,,False,37,2019,GE
1840683,Baidu Ram Kashyap,BJP,23846,46089,37.9065023933676,2,37,84,CT,Baidu Ram Kashyap,BJP,,,,,True,37,2019,GE
1840684,None Of The Above,NOTA,23852,6179,5.08199957231918,3,37,84,CT,None Of The Above,NOTA,,,,,False,37,2019,GE
1840685,Aytu Ram Mandavi,BSP,23850,5423,4.46021745924695,4,37,84,CT,Aytu Ram Mandavi,BSP,,,,,False,37,2019,GE
1840686,Ramu Ram Mourya,CPI,23878,2929,2.40899445659862,5,37,84,CT,Ramu Ram Mourya,CPI,,,,,False,37,2019,GE
1840687,Suresh Kawasi,SHS,23868,2070,1.70249864293586,6,37,84,CT,Suresh Kawasi,SHS,,,,,False,37,2019,GE
1840688,Paneesh Prasad Nag,APoI,23853,1664,1.36857861924892,7,37,84,CT,Paneesh Prasad Nag,APoI,,,,,False,37,2019,GE
1840689,Mangalaram Karma,ABSKP,23974,1384,1.13828894774069,8,37,84,CT,Mangalaram Karma,ABSKP,,,,,False,37,2019,GE
1840749,Deepak Baij,INC,23847,65264,51.6120868953191,1,37,85,CT,Deepak Baij,INC,,,,,False,37,2019,GE
1840750,Baidu Ram Kashyap,BJP,23846,49010,38.7580960213837,2,37,85,CT,Baidu Ram Kashyap,BJP,,,,,True,37,2019,GE
1840751,None Of The Above,NOTA,23852,3353,2.65161999509691,3,37,85,CT,None Of The Above,NOTA,,,,,False,37,2019,GE
1840752,Aytu Ram Mandavi,BSP,23850,2611,2.06483143668298,4,37,85,CT,Aytu Ram Mandavi,BSP,,,,,False,37,2019,GE
1840753,Ramu Ram Mourya,CPI,23878,2569,2.0316169899803,5,37,85,CT,Ramu Ram Mourya,CPI,,,,,False,37,2019,GE
1840754,Suresh Kawasi,SHS,23868,1398,1.10556658310333,6,37,85,CT,Suresh Kawasi,SHS,,,,,False,37,2019,GE
1840755,Paneesh Prasad Nag,APoI,23853,1333,1.05416327273014,7,37,85,CT,Paneesh Prasad Nag,APoI,,,,,False,37,2019,GE
1840756,Mangalaram Karma,ABSKP,23974,913,0.722018805703394,8,37,85,CT,Mangalaram Karma,ABSKP,,,,,False,37,2019,GE
1840815,Baidu Ram Kashyap,BJP,23846,77156,52.3478367064474,1,37,86,CT,Baidu Ram Kashyap,BJP,,,,,True,37,2019,GE
1840816,Deepak Baij,INC,23847,59923,40.6558066639075,2,37,86,CT,Deepak Baij,INC,,,,,False,37,2019,GE
1840817,Ramu Ram Mourya,CPI,23878,3338,2.26472444043394,3,37,86,CT,Ramu Ram Mourya,CPI,,,,,False,37,2019,GE
1840818,None Of The Above,NOTA,23852,2459,1.66835152756952,4,37,86,CT,None Of The Above,NOTA,,,,,False,37,2019,GE
1840819,Aytu Ram Mandavi,BSP,23850,1788,1.21309985005868,5,37,86,CT,Aytu Ram Mandavi,BSP,,,,,False,37,2019,GE
1840820,Suresh Kawasi,SHS,23868,1000,0.678467477661458,6,37,86,CT,Suresh Kawasi,SHS,,,,,False,37,2019,GE
1840821,Paneesh Prasad Nag,APoI,23853,952,0.645901038733708,7,37,86,CT,Paneesh Prasad Nag,APoI,,,,,False,37,2019,GE
1840822,Mangalaram Karma,ABSKP,23974,775,0.52581229518763,8,37,86,CT,Mangalaram Karma,ABSKP,,,,,False,37,2019,GE
1840916,Deepak Baij,INC,23847,54945,42.515243430623,1,37,87,CT,Deepak Baij,INC,,,,,False,37,2019,GE
1840917,Baidu Ram Kashyap,BJP,23846,45364,35.1016744560339,2,37,87,CT,Baidu Ram Kashyap,BJP,,,,,True,37,2019,GE
1840918,None Of The Above,NOTA,23852,8476,6.55854405893094,3,37,87,CT,None Of The Above,NOTA,,,,,False,37,2019,GE
1840919,Aytu Ram Mandavi,BSP,23850,7120,5.50930081401467,4,37,87,CT,Aytu Ram Mandavi,BSP,,,,,False,37,2019,GE
1840920,Ramu Ram Mourya,CPI,23878,6590,5.09919836578043,5,37,87,CT,Ramu Ram Mourya,CPI,,,,,False,37,2019,GE
1840921,Suresh Kawasi,SHS,23868,2653,2.05283357578383,6,37,87,CT,Suresh Kawasi,SHS,,,,,False,37,2019,GE
1840922,Paneesh Prasad Nag,APoI,23853,2215,1.71391872233742,7,37,87,CT,Paneesh Prasad Nag,APoI,,,,,False,37,2019,GE
1840923,Mangalaram Karma,ABSKP,23974,1873,1.44928657649571,8,37,87,CT,Mangalaram Karma,ABSKP,,,,,False,37,2019,GE
1840991,Baidu Ram Kashyap,BJP,23846,44170,41.3631000318393,1,37,88,CT,Baidu Ram Kashyap,BJP,,,,,True,37,2019,GE
1840992,Deepak Baij,INC,23847,36631,34.303185810874,2,37,88,CT,Deepak Baij,INC,,,,,False,37,2019,GE
1840993,None Of The Above,NOTA,23852,8345,7.8146948101811,3,37,88,CT,None Of The Above,NOTA,,,,,False,37,2019,GE
1840994,Ramu Ram Mourya,CPI,23878,6596,6.17683966062967,4,37,88,CT,Ramu Ram Mourya,CPI,,,,,False,37,2019,GE
1840995,Aytu Ram Mandavi,BSP,23850,4724,4.42380087277358,5,37,88,CT,Aytu Ram Mandavi,BSP,,,,,False,37,2019,GE
1840996,Suresh Kawasi,SHS,23868,2384,2.23250238795347,6,37,88,CT,Suresh Kawasi,SHS,,,,,False,37,2019,GE
1840997,Paneesh Prasad Nag,APoI,23853,2190,2.05083063322907,7,37,88,CT,Paneesh Prasad Nag,APoI,,,,,False,37,2019,GE
1840998,Mangalaram Karma,ABSKP,23974,1746,1.63504579251961,8,37,88,CT,Mangalaram Karma,ABSKP,,,,,False,37,2019,GE
1841066,Deepak Baij,INC,23847,35428,51.6608824987605,1,37,89,CT,Deepak Baij,INC,,,,,False,37,2019,GE
1841067,Baidu Ram Kashyap,BJP,23846,21389,31.1893026918253,2,37,89,CT,Baidu Ram Kashyap,BJP,,,,,True,37,2019,GE
1841068,None Of The Above,NOTA,23852,4029,5.87506197322756,3,37,89,CT,None Of The Above,NOTA,,,,,False,37,2019,GE
1841069,Aytu Ram Mandavi,BSP,23850,2812,4.10044037446411,4,37,89,CT,Aytu Ram Mandavi,BSP,,,,,False,37,2019,GE
1841070,Ramu Ram Mourya,CPI,23878,1809,2.63787220391379,5,37,89,CT,Ramu Ram Mourya,CPI,,,,,False,37,2019,GE
1841071,Suresh Kawasi,SHS,23868,1214,1.7702470179941,6,37,89,CT,Suresh Kawasi,SHS,,,,,False,37,2019,GE
1841072,Paneesh Prasad Nag,APoI,23853,1070,1.56026714106564,7,37,89,CT,Paneesh Prasad Nag,APoI,,,,,False,37,2019,GE
1841073,Mangalaram Karma,ABSKP,23974,827,1.20592609874886,8,37,89,CT,Mangalaram Karma,ABSKP,,,,,False,37,2019,GE
1841133,Deepak Baij,INC,23847,28189,36.2368397372446,1,37,90,CT,Deepak Baij,INC,,,,,False,37,2019,GE
1841134,Baidu Ram Kashyap,BJP,23846,26128,33.5874329935339,2,37,90,CT,Baidu Ram Kashyap,BJP,,,,,True,37,2019,GE
1841135,Ramu Ram Mourya,CPI,23878,11394,14.6469385918679,3,37,90,CT,Ramu Ram Mourya,CPI,,,,,False,37,2019,GE
1841136,None Of The Above,NOTA,23852,4467,5.74230952166703,4,37,90,CT,None Of The Above,NOTA,,,,,False,37,2019,GE
1841137,Aytu Ram Mandavi,BSP,23850,3721,4.78332969109537,5,37,90,CT,Aytu Ram Mandavi,BSP,,,,,False,37,2019,GE
1841138,Suresh Kawasi,SHS,23868,1467,1.8858222673574,6,37,90,CT,Suresh Kawasi,SHS,,,,,False,37,2019,GE
1841139,Paneesh Prasad Nag,APoI,23853,1403,1.80355053926546,7,37,90,CT,Paneesh Prasad Nag,APoI,,,,,False,37,2019,GE
1841140,Mangalaram Karma,ABSKP,23974,1022,1.31377665796814,8,37,90,CT,Mangalaram Karma,ABSKP,,,,,False,37,2019,GE
