el_res_id,ca_full_name,party_abb,party_id,el_vote_count,el_vote_perc,el_rank,el_id,ac_no,state_abb,original_ca_full_name,original_party_abb,caste,caste_category,gender,age,incumbency,el_id,el_year,el_type
1719085,Bijoy Malakar,BJP,19872,84711,61.92,1,42,1,AS,Bijoy Malakar,BJP,,,,,False,42,2021,AE
1719086,Sambhu Sing Mallah,INC,19858,48490,35.44,2,42,1,AS,Sambhu Sing Mallah,INC,,,,,False,42,2021,AE
1719087,Nota,NOTA,19863,1200,0.88,3,42,1,AS,Nota,NOTA,,,,,True,42,2021,AE
1719088,Sanchita Sukla,SUCI,19871,708,0.52,4,42,1,AS,Sanchita Sukla,SUCI,,,,,False,42,2021,AE
1719089,Sujit Roy,IND,19861,628,0.46,5,42,1,AS,Sujit Roy,IND,,,,,False,42,2021,AE
1719090,Bebul Das,IND,19861,348,0.25,6,42,1,AS,Bebul Das,IND,,,,,False,42,2021,AE
1719091,Bikash Lal Dhubi,IND,19861,298,0.22,7,42,1,AS,Bikash Lal Dhubi,IND,,,,,False,42,2021,AE
1719092,Bishnu Dhari Malah,IND,19861,232,0.17,8,42,1,AS,Bishnu Dhari Malah,IND,,,,,False,42,2021,AE
1719093,Dipendra Das,IND,19861,196,0.14,9,42,1,AS,Dipendra Das,IND,,,,,False,42,2021,AE
1719094,Krishnendu Paul,BJP,19872,74846,49.66,1,42,2,AS,Krishnendu Paul,BJP,,,,,True,42,2021,AE
1719095,Sachin Sahoo,INC,19858,70379,46.7,2,42,2,AS,Sachin Sahoo,INC,,,,,False,42,2021,AE
1719096,Nota,NOTA,19863,1288,0.85,3,42,2,AS,Nota,NOTA,,,,,True,42,2021,AE
1719097,Shihab Uddin Ahmed,IND,19861,1020,0.68,4,42,2,AS,Shihab Uddin Ahmed,IND,,,,,False,42,2021,AE
1719098,Sahin Uz Jaman,IND,19861,835,0.55,5,42,2,AS,Sahin Uz Jaman,IND,,,,,False,42,2021,AE
1719099,Sabbir Ahmed,AGP,19864,543,0.36,6,42,2,AS,Sabbir Ahmed,AGP,,,,,False,42,2021,AE
1719100,Ibrahim Ali,IND,19861,287,0.19,7,42,2,AS,Ibrahim Ali,IND,,,,,False,42,2021,AE
1719101,Humayun Kabir,ASMJTYP,19881,263,0.17,8,42,2,AS,Humayun Kabir,ASMJTYP,,,,,False,42,2021,AE
1719102,Sanjoy Kumar Malakar,IND,19861,216,0.14,9,42,2,AS,Sanjoy Kumar Malakar,IND,,,,,False,42,2021,AE
1719103,Jayanta Sinha,RPI,19884,188,0.12,10,42,2,AS,Jayanta Sinha,RPI,,,,,False,42,2021,AE
1719104,Md. Bahar Uddin,RUC,19876,174,0.12,11,42,2,AS,Md. Bahar Uddin,RUC,,,,,False,42,2021,AE
1719105,Chandan Das,IND,19861,174,0.12,11,42,2,AS,Chandan Das,IND,,,,,False,42,2021,AE
1719106,Yashobanta Kuamr Das,IND,19861,171,0.11,13,42,2,AS,Yashobanta Kuamr Das,IND,,,,,False,42,2021,AE
1719107,Yeafus Ali,IND,19861,138,0.09,14,42,2,AS,Yeafus Ali,IND,,,,,False,42,2021,AE
1719108,Bulu Chanda,SUCI,19871,101,0.07,15,42,2,AS,Bulu Chanda,SUCI,,,,,False,42,2021,AE
1719109,Nurul Islam,AIFB,19885,84,0.06,16,42,2,AS,Nurul Islam,AIFB,,,,,False,42,2021,AE
1719110,Kamalakhya Dey Purkayastha,INC,19858,60998,41.57,1,42,3,AS,Kamalakhya Dey Purkayastha,INC,,,,,True,42,2021,AE
1719111,Dr Manash Das,BJP,19872,52674,35.89,2,42,3,AS,Dr Manash Das,BJP,,,,,False,42,2021,AE
1719112,Sahabul Islam Choudhury,IND,19861,28044,19.11,3,42,3,AS,Sahabul Islam Choudhury,IND,,,,,False,42,2021,AE
1719113,Nota,NOTA,19863,1180,0.8,4,42,3,AS,Nota,NOTA,,,,,True,42,2021,AE
1719114,Nazrul Islam Choudhury,AIFB,19885,858,0.58,5,42,3,AS,Nazrul Islam Choudhury,AIFB,,,,,False,42,2021,AE
1719115,Debajyoti Deb Roy (Sujan),IND,19861,578,0.39,6,42,3,AS,Debajyoti Deb Roy (Sujan),IND,,,,,False,42,2021,AE
1719116,Jakir Hussain,IND,19861,475,0.32,7,42,3,AS,Jakir Hussain,IND,,,,,False,42,2021,AE
1719117,Lutfur Rahman,IND,19861,467,0.32,8,42,3,AS,Lutfur Rahman,IND,,,,,False,42,2021,AE
1719118,Nazim Uddin Khan,IND,19861,434,0.3,9,42,3,AS,Nazim Uddin Khan,IND,,,,,False,42,2021,AE
1719119,Ahad Uddin,RUC,19876,314,0.21,10,42,3,AS,Ahad Uddin,RUC,,,,,False,42,2021,AE
1719120,Sujit Kumar Paul,SUCI,19871,165,0.11,11,42,3,AS,Sujit Kumar Paul,SUCI,,,,,False,42,2021,AE
1719121,Ruhul Quddus,IND,19861,128,0.09,12,42,3,AS,Ruhul Quddus,IND,,,,,False,42,2021,AE
1719122,Md Jubair Ahmed Choudhury,IND,19861,121,0.08,13,42,3,AS,Md Jubair Ahmed Choudhury,IND,,,,,False,42,2021,AE
1719123,Abdul Jabbar Choudhury,IND,19861,115,0.08,14,42,3,AS,Abdul Jabbar Choudhury,IND,,,,,False,42,2021,AE
1719124,Mohammad Abdul Batin,IND,19861,102,0.07,15,42,3,AS,Mohammad Abdul Batin,IND,,,,,False,42,2021,AE
1719125,Gopal Chandra Paul,SP,19886,92,0.06,16,42,3,AS,Gopal Chandra Paul,SP,,,,,False,42,2021,AE
1719126,Siddeque Ahmed,INC,19858,88909,59.16,1,42,4,AS,Siddeque Ahmed,INC,,,,,True,42,2021,AE
1719127,Aziz Ahmed Khan,AGP,19864,56422,37.54,2,42,4,AS,Aziz Ahmed Khan,AGP,,,,,False,42,2021,AE
1719128,Hussain Ahmed,IND,19861,1167,0.78,3,42,4,AS,Hussain Ahmed,IND,,,,,False,42,2021,AE
1719129,Nota,NOTA,19863,985,0.66,4,42,4,AS,Nota,NOTA,,,,,True,42,2021,AE
1719130,Pronab Kumar Roy,BLSP,19887,704,0.47,5,42,4,AS,Pronab Kumar Roy,BLSP,,,,,False,42,2021,AE
1719131,Sufian Ahmed,IND,19861,516,0.34,6,42,4,AS,Sufian Ahmed,IND,,,,,True,42,2021,AE
1719132,Sayed Ali Ahmed,IND,19861,297,0.2,7,42,4,AS,Sayed Ali Ahmed,IND,,,,,False,42,2021,AE
1719133,Bimal Krishna Das,IND,19861,241,0.16,8,42,4,AS,Bimal Krishna Das,IND,,,,,False,42,2021,AE
1719134,Shamim Ahmed Choudhury,IND,19861,166,0.11,9,42,4,AS,Shamim Ahmed Choudhury,IND,,,,,False,42,2021,AE
1719135,Rajesh Dey Purkayastha,IND,19861,148,0.1,10,42,4,AS,Rajesh Dey Purkayastha,IND,,,,,False,42,2021,AE
1719136,Bilal Ahmed,IND,19861,141,0.09,11,42,4,AS,Bilal Ahmed,IND,,,,,False,42,2021,AE
1719137,Abu Sufian,IND,19861,131,0.09,12,42,4,AS,Abu Sufian,IND,,,,,False,42,2021,AE
1719138,Faiz Ahmed,IND,19861,123,0.08,13,42,4,AS,Faiz Ahmed,IND,,,,,False,42,2021,AE
1719139,Jaharul Haque,IND,19861,122,0.08,14,42,4,AS,Jaharul Haque,IND,,,,,False,42,2021,AE
1719140,Forzan Khan,IND,19861,106,0.07,15,42,4,AS,Forzan Khan,IND,,,,,False,42,2021,AE
1719141,Abdul Basit,IND,19861,102,0.07,16,42,4,AS,Abdul Basit,IND,,,,,False,42,2021,AE
1719142,Abdul Aziz,AIUDF,19865,74452,56.62,1,42,5,AS,Abdul Aziz,AIUDF,,,,,True,42,2021,AE
1719143,Biswarup Bhattacharjee,BJP,19872,50504,38.41,2,42,5,AS,Biswarup Bhattacharjee,BJP,,,,,False,42,2021,AE
1719144,Sahab Uddin,ASMJTYP,19881,2123,1.61,3,42,5,AS,Sahab Uddin,ASMJTYP,,,,,False,42,2021,AE
1719145,Nota,NOTA,19863,1706,1.3,4,42,5,AS,Nota,NOTA,,,,,True,42,2021,AE
1719146,Riyaj Uddin,IND,19861,566,0.43,5,42,5,AS,Riyaj Uddin,IND,,,,,False,42,2021,AE
1719147,Abdul Malik,IND,19861,456,0.35,6,42,5,AS,Abdul Malik,IND,,,,,False,42,2021,AE
1719148,Nizam Uddin,RUC,19876,359,0.27,7,42,5,AS,Nizam Uddin,RUC,,,,,False,42,2021,AE
1719149,Kabil Miya,IND,19861,292,0.22,8,42,5,AS,Kabil Miya,IND,,,,,False,42,2021,AE
1719150,Rasid Ahmed,IND,19861,229,0.17,9,42,5,AS,Rasid Ahmed,IND,,,,,False,42,2021,AE
1719151,Najim Uddin,IND,19861,218,0.17,10,42,5,AS,Najim Uddin,IND,,,,,False,42,2021,AE
1719152,Bahar Ashik,IND,19861,175,0.13,11,42,5,AS,Bahar Ashik,IND,,,,,False,42,2021,AE
1719153,Abdul Hasib,IND,19861,159,0.12,12,42,5,AS,Abdul Hasib,IND,,,,,False,42,2021,AE
1719154,Enam Uddin,IND,19861,103,0.08,13,42,5,AS,Enam Uddin,IND,,,,,False,42,2021,AE
1719155,Abdus Sukkur Beig,IND,19861,78,0.06,14,42,5,AS,Abdus Sukkur Beig,IND,,,,,True,42,2021,AE
1719156,Oliour Rahaman Tapadar,IND,19861,72,0.05,15,42,5,AS,Oliour Rahaman Tapadar,IND,,,,,True,42,2021,AE
1719157,Zakir Hussain Laskar,AIUDF,19865,71057,55.15,1,42,6,AS,Zakir Hussain Laskar,AIUDF,,,,,False,42,2021,AE
1719158,Milon Das,BJP,19872,47303,36.72,2,42,6,AS,Milon Das,BJP,,,,,False,42,2021,AE
1719159,Hilal Uddin Laskar,IND,19861,6583,5.11,3,42,6,AS,Hilal Uddin Laskar,IND,,,,,False,42,2021,AE
1719160,Nota,NOTA,19863,1063,0.83,4,42,6,AS,Nota,NOTA,,,,,True,42,2021,AE
1719161,Mujib Ahmed Choudhury,IND,19861,620,0.48,5,42,6,AS,Mujib Ahmed Choudhury,IND,,,,,False,42,2021,AE
1719162,Saidur Rahman Barbhuiya,IND,19861,543,0.42,6,42,6,AS,Saidur Rahman Barbhuiya,IND,,,,,False,42,2021,AE
1719163,Kshitish Ranjan Paul,IND,19861,489,0.38,7,42,6,AS,Kshitish Ranjan Paul,IND,,,,,False,42,2021,AE
1719164,Safique Kamal Barlaskar,AITC,19859,389,0.3,8,42,6,AS,Safique Kamal Barlaskar,AITC,,,,,False,42,2021,AE
1719165,Monuj Mohan Deb,BGanP,19867,226,0.18,9,42,6,AS,Monuj Mohan Deb,BGanP,,,,,False,42,2021,AE
1719166,Gula Ahmed Mazumder,IND,19861,138,0.11,10,42,6,AS,Gula Ahmed Mazumder,IND,,,,,False,42,2021,AE
1719167,Sushil Paul,SUCI,19871,131,0.1,11,42,6,AS,Sushil Paul,SUCI,,,,,True,42,2021,AE
1719168,Binoy Kumar Roy,IND,19861,126,0.1,12,42,6,AS,Binoy Kumar Roy,IND,,,,,False,42,2021,AE
1719170,Wahidul Islam Choudhury,IND,19861,84,0.07,13,42,6,AS,Wahidul Islam Choudhury,IND,,,,,False,42,2021,AE
1719169,Abul Hussain Barbhuiya,IND,19861,84,0.07,13,42,6,AS,Abul Hussain Barbhuiya,IND,,,,,True,42,2021,AE
1719171,Suzam Uddin Laskar,AIUDF,19865,79769,51.83,1,42,7,AS,Suzam Uddin Laskar,AIUDF,,,,,True,42,2021,AE
1719172,Subrata Kumar Nath,BJP,19872,66798,43.41,2,42,7,AS,Subrata Kumar Nath,BJP,,,,,False,42,2021,AE
1719173,Sanjeev Roy,INC,19858,2931,1.9,3,42,7,AS,Sanjeev Roy,INC,,,,,False,42,2021,AE
1719174,Luthfur Rahman Laskar,IND,19861,906,0.59,4,42,7,AS,Luthfur Rahman Laskar,IND,,,,,False,42,2021,AE
1719175,Nota,NOTA,19863,745,0.48,5,42,7,AS,Nota,NOTA,,,,,True,42,2021,AE
1719176,Ram Kumar Nunia,JD(U),19888,672,0.44,6,42,7,AS,Ram Kumar Nunia,JD(U),,,,,False,42,2021,AE
1719177,Sahab Uddin Laskar,IND,19861,666,0.43,7,42,7,AS,Sahab Uddin Laskar,IND,,,,,False,42,2021,AE
1719178,Rajesh Paul,IND,19861,269,0.17,8,42,7,AS,Rajesh Paul,IND,,,,,False,42,2021,AE
1719179,Mojmul Islam Laskar,IND,19861,207,0.13,9,42,7,AS,Mojmul Islam Laskar,IND,,,,,False,42,2021,AE
1719180,Aftab Uddin Barbhuiya,IND,19861,194,0.13,10,42,7,AS,Aftab Uddin Barbhuiya,IND,,,,,False,42,2021,AE
1719181,Achab Uddin Barbhuiya,IND,19861,190,0.12,11,42,7,AS,Achab Uddin Barbhuiya,IND,,,,,False,42,2021,AE
1719182,Ahmed Hussain Barbhuiya,IND,19861,182,0.12,12,42,7,AS,Ahmed Hussain Barbhuiya,IND,,,,,False,42,2021,AE
1719183,Johur Uddin Talukdar,IND,19861,155,0.1,13,42,7,AS,Johur Uddin Talukdar,IND,,,,,False,42,2021,AE
1719184,Abdul Basit Laskar,IND,19861,111,0.07,14,42,7,AS,Abdul Basit Laskar,IND,,,,,False,42,2021,AE
1719185,Badar Uddin Laskar,IND,19861,96,0.06,15,42,7,AS,Badar Uddin Laskar,IND,,,,,False,42,2021,AE
1719186,Nijam Uddin Choudhury,AIUDF,19865,66785,49.46,1,42,8,AS,Nijam Uddin Choudhury,AIUDF,,,,,False,42,2021,AE
1719187,Moon Swarnakar,BJP,19872,49181,36.42,2,42,8,AS,Moon Swarnakar,BJP,,,,,False,42,2021,AE
1719188,Aftab Uddin Laskar,AGP,19864,7549,5.59,3,42,8,AS,Aftab Uddin Laskar,AGP,,,,,False,42,2021,AE
1719189,Babul Kumar,IND,19861,2343,1.74,4,42,8,AS,Babul Kumar,IND,,,,,False,42,2021,AE
1719190,Daisy Roy,IND,19861,1601,1.19,5,42,8,AS,Daisy Roy,IND,,,,,False,42,2021,AE
1719191,Badrul Islam Barbhuiya,IND,19861,1403,1.04,6,42,8,AS,Badrul Islam Barbhuiya,IND,,,,,False,42,2021,AE
1719192,Manoj Kumar Malakar,IND,19861,794,0.59,7,42,8,AS,Manoj Kumar Malakar,IND,,,,,False,42,2021,AE
1719193,Raju Das,IND,19861,760,0.56,8,42,8,AS,Raju Das,IND,,,,,True,42,2021,AE
1719194,Samin Ahmed Choudhury,IND,19861,634,0.47,9,42,8,AS,Samin Ahmed Choudhury,IND,,,,,True,42,2021,AE
1719195,Saleh Ahmed Mazumder,IND,19861,594,0.44,10,42,8,AS,Saleh Ahmed Mazumder,IND,,,,,True,42,2021,AE
1719196,Simu Das,AIFB,19885,552,0.41,11,42,8,AS,Simu Das,AIFB,,,,,False,42,2021,AE
1719197,Bulbul Alam Choudhury,IND,19861,534,0.4,12,42,8,AS,Bulbul Alam Choudhury,IND,,,,,False,42,2021,AE
1719198,Brojendra Chandra Das,IND,19861,466,0.35,13,42,8,AS,Brojendra Chandra Das,IND,,,,,False,42,2021,AE
1719199,Nota,NOTA,19863,442,0.33,14,42,8,AS,Nota,NOTA,,,,,True,42,2021,AE
1719200,Gulzar Ahmed Barbhuiya,IND,19861,339,0.25,15,42,8,AS,Gulzar Ahmed Barbhuiya,IND,,,,,False,42,2021,AE
1719201,Jahanara Begum Mazumder,IND,19861,314,0.23,16,42,8,AS,Jahanara Begum Mazumder,IND,,,,,False,42,2021,AE
1719202,Kaji Abdul Hakim,IND,19861,280,0.21,17,42,8,AS,Kaji Abdul Hakim,IND,,,,,False,42,2021,AE
1719203,Raju Deb,IND,19861,224,0.17,18,42,8,AS,Raju Deb,IND,,,,,False,42,2021,AE
1719204,Alim Uddin Laskar,IND,19861,136,0.1,19,42,8,AS,Alim Uddin Laskar,IND,,,,,False,42,2021,AE
1719205,Imadul Islam Laskar,IND,19861,95,0.07,20,42,8,AS,Imadul Islam Laskar,IND,,,,,True,42,2021,AE
1719206,Dipayan Chakraborty,BJP,19872,98558,56.17,1,42,9,AS,Dipayan Chakraborty,BJP,,,,,False,42,2021,AE
1719207,Tamal Kanti Banik,INC,19858,60980,34.75,2,42,9,AS,Tamal Kanti Banik,INC,,,,,False,42,2021,AE
1719208,Dilip Kumar Paul,IND,19861,11254,6.41,3,42,9,AS,Dilip Kumar Paul,IND,,,,,False,42,2021,AE
1719209,Nota,NOTA,19863,1398,0.8,4,42,9,AS,Nota,NOTA,,,,,True,42,2021,AE
1719210,Dulali Chakraborty,SUCI,19871,755,0.43,5,42,9,AS,Dulali Chakraborty,SUCI,,,,,False,42,2021,AE
1719211,Shuvadip Datta,IND,19861,523,0.3,6,42,9,AS,Shuvadip Datta,IND,,,,,True,42,2021,AE
1719212,Raju Sinha,HND,19889,492,0.28,7,42,9,AS,Raju Sinha,HND,,,,,False,42,2021,AE
1719213,Shankar Chakraborty,IND,19861,254,0.14,8,42,9,AS,Shankar Chakraborty,IND,,,,,False,42,2021,AE
1719214,Baktar Uddin Mazumder,IND,19861,222,0.13,9,42,9,AS,Baktar Uddin Mazumder,IND,,,,,False,42,2021,AE
1719215,Anup Dutta,IND,19861,197,0.11,10,42,9,AS,Anup Dutta,IND,,,,,False,42,2021,AE
1719216,Prasanta Laskar,RPI(A),19890,181,0.1,11,42,9,AS,Prasanta Laskar,RPI(A),,,,,False,42,2021,AE
1719217,Anupam Dev,IND,19861,156,0.09,12,42,9,AS,Anupam Dev,IND,,,,,False,42,2021,AE
1719218,Bishway Chamak Goswami,BGanP,19867,155,0.09,13,42,9,AS,Bishway Chamak Goswami,BGanP,,,,,False,42,2021,AE
1719219,Rusna Begum Laskar,IND,19861,149,0.08,14,42,9,AS,Rusna Begum Laskar,IND,,,,,False,42,2021,AE
1719220,Biju Chanda,IND,19861,98,0.06,15,42,9,AS,Biju Chanda,IND,,,,,True,42,2021,AE
1719221,Bappi Paul,IND,19861,93,0.05,16,42,9,AS,Bappi Paul,IND,,,,,False,42,2021,AE
1719222,Karim Uddin Barbhuiya,AIUDF,19865,71937,48.83,1,42,10,AS,Karim Uddin Barbhuiya,AIUDF,,,,,True,42,2021,AE
1719223,Aminul Haque Laskar,BJP,19872,52283,35.49,2,42,10,AS,Aminul Haque Laskar,BJP,,,,,True,42,2021,AE
1719224,Ashish Haldar,IND,19861,14500,9.84,3,42,10,AS,Ashish Haldar,IND,,,,,False,42,2021,AE
1719225,M. Santi Kumar Singha,AITC,19859,2796,1.9,4,42,10,AS,M. Santi Kumar Singha,AITC,,,,,False,42,2021,AE
1719226,Nota,NOTA,19863,1231,0.84,5,42,10,AS,Nota,NOTA,,,,,True,42,2021,AE
1719227,Sayal Ahmed Barbhuiya,IND,19861,1061,0.72,6,42,10,AS,Sayal Ahmed Barbhuiya,IND,,,,,False,42,2021,AE
1719228,Anamul Haque,IND,19861,735,0.5,7,42,10,AS,Anamul Haque,IND,,,,,False,42,2021,AE
1719229,Bijan Paul,IND,19861,679,0.46,8,42,10,AS,Bijan Paul,IND,,,,,False,42,2021,AE
1719230,Shukumar Sonar,IND,19861,482,0.33,9,42,10,AS,Shukumar Sonar,IND,,,,,False,42,2021,AE
1719231,Anwar Hussain Laskar,SP,19886,469,0.32,10,42,10,AS,Anwar Hussain Laskar,SP,,,,,False,42,2021,AE
1719232,Dilip Kumar Das,IND,19861,299,0.2,11,42,10,AS,Dilip Kumar Das,IND,,,,,False,42,2021,AE
1719233,Anjan Kumar Chanda,SUCI,19871,244,0.17,12,42,10,AS,Anjan Kumar Chanda,SUCI,,,,,False,42,2021,AE
1719234,Md Nazrul Islam Laskar,IND,19861,241,0.16,13,42,10,AS,Md Nazrul Islam Laskar,IND,,,,,False,42,2021,AE
1719235,Karim Uddin Barbhuiya,IND,19861,236,0.16,14,42,10,AS,Karim Uddin Barbhuiya,IND,,,,,False,42,2021,AE
1719236,Abdul Matlib Laskar,IND,19861,141,0.1,15,42,10,AS,Abdul Matlib Laskar,IND,,,,,False,42,2021,AE
1719237,Parimal Sukla Baidya,BJP,19872,82568,55.03,1,42,11,AS,Parimal Sukla Baidya,BJP,,,,,False,42,2021,AE
1719238,Kamakhya Prasad Mala,INC,19858,62176,41.44,2,42,11,AS,Kamakhya Prasad Mala,INC,,,,,False,42,2021,AE
1719239,Gour Chandra Das,SUCI,19871,1834,1.22,3,42,11,AS,Gour Chandra Das,SUCI,,,,,True,42,2021,AE
1719240,Nota,NOTA,19863,1561,1.04,4,42,11,AS,Nota,NOTA,,,,,True,42,2021,AE
1719241,Parimal Das,IND,19861,750,0.5,5,42,11,AS,Parimal Das,IND,,,,,False,42,2021,AE
1719242,Dipak Ranjan Roy,IND,19861,425,0.28,6,42,11,AS,Dipak Ranjan Roy,IND,,,,,False,42,2021,AE
1719243,Ram Ratan Dusad,ASMJTYP,19881,381,0.25,7,42,11,AS,Ram Ratan Dusad,ASMJTYP,,,,,False,42,2021,AE
1719244,Ananta Mohan Roy,IND,19861,356,0.24,8,42,11,AS,Ananta Mohan Roy,IND,,,,,False,42,2021,AE
1719245,Mihir Kanti Shome,BJP,19872,61745,47.34,1,42,12,AS,Mihir Kanti Shome,BJP,,,,,True,42,2021,AE
1719246,Ajit Singh,INC,19858,59060,45.28,2,42,12,AS,Ajit Singh,INC,,,,,True,42,2021,AE
1719247,Rahul Roy,IND,19861,5796,4.44,3,42,12,AS,Rahul Roy,IND,,,,,False,42,2021,AE
1719248,Nota,NOTA,19863,1494,1.15,4,42,12,AS,Nota,NOTA,,,,,True,42,2021,AE
1719249,Aynul Hoque Laskar,ASMJTYP,19881,811,0.62,5,42,12,AS,Aynul Hoque Laskar,ASMJTYP,,,,,False,42,2021,AE
1719250,Suman Das,IND,19861,710,0.54,6,42,12,AS,Suman Das,IND,,,,,False,42,2021,AE
1719251,Subrata Mazumder,IND,19861,544,0.42,7,42,12,AS,Subrata Mazumder,IND,,,,,False,42,2021,AE
1719252,Debojyoti Bhattacharjee,IND,19861,281,0.22,8,42,12,AS,Debojyoti Bhattacharjee,IND,,,,,False,42,2021,AE
1719253,Kaushik Rai,BJP,19872,55341,44.61,1,42,13,AS,Kaushik Rai,BJP,,,,,False,42,2021,AE
1719254,Mukesh Pandey,INC,19858,42641,34.38,2,42,13,AS,Mukesh Pandey,INC,,,,,False,42,2021,AE
1719255,Thoiba Singha,IND,19861,20503,16.53,3,42,13,AS,Thoiba Singha,IND,,,,,False,42,2021,AE
1719256,Alim Uddin Mazumder,ASMJTYP,19881,2991,2.41,4,42,13,AS,Alim Uddin Mazumder,ASMJTYP,,,,,False,42,2021,AE
1719257,Nota,NOTA,19863,1536,1.24,5,42,13,AS,Nota,NOTA,,,,,True,42,2021,AE
1719258,Chiranjit Acharjee,IND,19861,646,0.52,6,42,13,AS,Chiranjit Acharjee,IND,,,,,False,42,2021,AE
1719259,Kshirode Karmakar,IND,19861,388,0.31,7,42,13,AS,Kshirode Karmakar,IND,,,,,False,42,2021,AE
1719260,Misbahul Islam Laskar,INC,19858,64433,51.77,1,42,14,AS,Misbahul Islam Laskar,INC,,,,,False,42,2021,AE
1719261,Amalendu Das,BJP,19872,57402,46.12,2,42,14,AS,Amalendu Das,BJP,,,,,False,42,2021,AE
1719262,Nota,NOTA,19863,1105,0.89,3,42,14,AS,Nota,NOTA,,,,,True,42,2021,AE
1719263,Mehbub Rahman Barbhuiya,ASMJTYP,19881,776,0.62,4,42,14,AS,Mehbub Rahman Barbhuiya,ASMJTYP,,,,,False,42,2021,AE
1719264,Hifzur Rahman Laskar,IND,19861,475,0.38,5,42,14,AS,Hifzur Rahman Laskar,IND,,,,,False,42,2021,AE
1719265,Nazmul Hoque Laskar,IND,19861,263,0.21,6,42,14,AS,Nazmul Hoque Laskar,IND,,,,,True,42,2021,AE
1719266,Khalil Uddin Mazumder,INC,19858,83268,51.22,1,42,15,AS,Khalil Uddin Mazumder,INC,,,,,False,42,2021,AE
1719267,Gautam Roy,BJP,19872,76329,46.95,2,42,15,AS,Gautam Roy,BJP,,,,,False,42,2021,AE
1719268,Nota,NOTA,19863,1112,0.68,3,42,15,AS,Nota,NOTA,,,,,True,42,2021,AE
1719269,Hilal Ahmed Talukder,IND,19861,563,0.35,4,42,15,AS,Hilal Ahmed Talukder,IND,,,,,False,42,2021,AE
1719270,Abdul Odud Choudhury,IND,19861,476,0.29,5,42,15,AS,Abdul Odud Choudhury,IND,,,,,False,42,2021,AE
1719271,Gmc Sahab Uddin Ahmed,IND,19861,297,0.18,6,42,15,AS,Gmc Sahab Uddin Ahmed,IND,,,,,False,42,2021,AE
1719272,Monsur Hassan Choudhury,IND,19861,197,0.12,7,42,15,AS,Monsur Hassan Choudhury,IND,,,,,False,42,2021,AE
1719273,Junaid Ahmed Barbhuiya,IND,19861,195,0.12,8,42,15,AS,Junaid Ahmed Barbhuiya,IND,,,,,False,42,2021,AE
1719274,Nasir Uddin Barbhuiya,IND,19861,140,0.09,9,42,15,AS,Nasir Uddin Barbhuiya,IND,,,,,False,42,2021,AE
1719275,Nandita Gorlosa,BJP,19872,67797,56.73,1,42,16,AS,Nandita Gorlosa,BJP,,,,,False,42,2021,AE
1719276,Nirmal Langthasa,INC,19858,49199,41.16,2,42,16,AS,Nirmal Langthasa,INC,,,,,True,42,2021,AE
1719277,Nota,NOTA,19863,973,0.81,3,42,16,AS,Nota,NOTA,,,,,True,42,2021,AE
1719278,Khandan Daulagupu,BTP,19891,826,0.69,4,42,16,AS,Khandan Daulagupu,BTP,,,,,False,42,2021,AE
1719279,Longki Enghi,JD(U),19888,723,0.6,5,42,16,AS,Longki Enghi,JD(U),,,,,False,42,2021,AE
1719280,Numal Momin,BJP,19872,60726,51.05,1,42,17,AS,Numal Momin,BJP,,,,,True,42,2021,AE
1719281,Raton Engti,INC,19858,42841,36.02,2,42,17,AS,Raton Engti,INC,,,,,False,42,2021,AE
1719282,Semson Teron,IND,19861,6630,5.57,3,42,17,AS,Semson Teron,IND,,,,,False,42,2021,AE
1719283,Rajendra Rongpi,ASDC,19882,3410,2.87,4,42,17,AS,Rajendra Rongpi,ASDC,,,,,False,42,2021,AE
1719284,Nota,NOTA,19863,1584,1.33,5,42,17,AS,Nota,NOTA,,,,,True,42,2021,AE
1719285,Amlong Ingti,CPI(ML)(L),19892,1572,1.32,6,42,17,AS,Amlong Ingti,CPI(ML)(L),,,,,False,42,2021,AE
1719286,David Rengma,NPEP,19893,1472,1.24,7,42,17,AS,David Rengma,NPEP,,,,,False,42,2021,AE
1719287,Sanjay Kemprai,BTP,19891,710,0.6,8,42,17,AS,Sanjay Kemprai,BTP,,,,,False,42,2021,AE
1719288,Darsing Ronghang,BJP,19872,57927,55.74,1,42,18,AS,Darsing Ronghang,BJP,,,,,False,42,2021,AE
1719289,Sanjeeb Teron,INC,19858,26244,25.25,2,42,18,AS,Sanjeeb Teron,INC,,,,,False,42,2021,AE
1719290,Suren Kramsa,IND,19861,8990,8.65,3,42,18,AS,Suren Kramsa,IND,,,,,False,42,2021,AE
1719291,Chandra Kanta Terang,ASDC,19882,5098,4.91,4,42,18,AS,Chandra Kanta Terang,ASDC,,,,,False,42,2021,AE
1719292,Rabi Kumar Phangcho,CPI(ML)(L),19892,1833,1.76,5,42,18,AS,Rabi Kumar Phangcho,CPI(ML)(L),,,,,False,42,2021,AE
1719293,Nota,NOTA,19863,1355,1.3,6,42,18,AS,Nota,NOTA,,,,,True,42,2021,AE
1719294,Chomang Teron,NPEP,19893,1118,1.08,7,42,18,AS,Chomang Teron,NPEP,,,,,False,42,2021,AE
1719295,Rakesh Ronghang,IND,19861,718,0.69,8,42,18,AS,Rakesh Ronghang,IND,,,,,False,42,2021,AE
1719296,Pradip Tokbi,JD(U),19888,639,0.61,9,42,18,AS,Pradip Tokbi,JD(U),,,,,False,42,2021,AE
1719297,Bidya Sing Engleng,BJP,19872,77032,50.58,1,42,19,AS,Bidya Sing Engleng,BJP,,,,,False,42,2021,AE
1719298,Sum Ronghang,INC,19858,36504,23.97,2,42,19,AS,Sum Ronghang,INC,,,,,False,42,2021,AE
1719299,Jones Ingti Kathar,IND,19861,23356,15.34,3,42,19,AS,Jones Ingti Kathar,IND,,,,,False,42,2021,AE
1719300,Hemsing Tisso,ASDC,19882,7379,4.85,4,42,19,AS,Hemsing Tisso,ASDC,,,,,False,42,2021,AE
1719301,Nota,NOTA,19863,2320,1.52,5,42,19,AS,Nota,NOTA,,,,,True,42,2021,AE
1719302,Ranjit Kramsa,CPI(ML)(L),19892,1467,0.96,6,42,19,AS,Ranjit Kramsa,CPI(ML)(L),,,,,False,42,2021,AE
1719303,Rajen Timung,NPEP,19893,1372,0.9,7,42,19,AS,Rajen Timung,NPEP,,,,,False,42,2021,AE
1719304,Rohili Tokbipi,IND,19861,1091,0.72,8,42,19,AS,Rohili Tokbipi,IND,,,,,False,42,2021,AE
1719305,Dilip Sing Bey,IND,19861,927,0.61,9,42,19,AS,Dilip Sing Bey,IND,,,,,False,42,2021,AE
1719306,Bhogeswar Shyam,IND,19861,846,0.56,10,42,19,AS,Bhogeswar Shyam,IND,,,,,False,42,2021,AE
1719307,Rupsing Teron,BJP,19872,89715,55.0,1,42,20,AS,Rupsing Teron,BJP,,,,,False,42,2021,AE
1719308,Augustine Enghee,INC,19858,36278,22.24,2,42,20,AS,Augustine Enghee,INC,,,,,False,42,2021,AE
1719309,Bikram Hanse,IND,19861,17965,11.01,3,42,20,AS,Bikram Hanse,IND,,,,,False,42,2021,AE
1719310,Sarsing Engleng,IND,19861,11547,7.08,4,42,20,AS,Sarsing Engleng,IND,,,,,False,42,2021,AE
1719311,Nota,NOTA,19863,2082,1.28,5,42,20,AS,Nota,NOTA,,,,,True,42,2021,AE
1719312,Welcome Teron,NPEP,19893,1881,1.15,6,42,20,AS,Welcome Teron,NPEP,,,,,False,42,2021,AE
1719313,Pratima Engheepi,IND,19861,1479,0.91,7,42,20,AS,Pratima Engheepi,IND,,,,,False,42,2021,AE
1719314,Rina Beypi,IND,19861,1223,0.75,8,42,20,AS,Rina Beypi,IND,,,,,False,42,2021,AE
1719315,Sima Engtipi,JD(U),19888,942,0.58,9,42,20,AS,Sima Engtipi,JD(U),,,,,False,42,2021,AE
1719316,Md. Aminul Islam,AIUDF,19865,125873,60.72,1,42,21,AS,Md. Aminul Islam,AIUDF,,,,,True,42,2021,AE
1719317,Zabed Islam,AGP,19864,69033,33.3,2,42,21,AS,Zabed Islam,AGP,,,,,False,42,2021,AE
1719318,Zamer Ali,IND,19861,4200,2.03,3,42,21,AS,Zamer Ali,IND,,,,,False,42,2021,AE
1719319,Monowar Hussain,IND,19861,2637,1.27,4,42,21,AS,Monowar Hussain,IND,,,,,False,42,2021,AE
1719320,Aminul Islam,NPEP,19893,1967,0.95,5,42,21,AS,Aminul Islam,NPEP,,,,,False,42,2021,AE
1719321,Rukunur Zaman,IND,19861,1005,0.48,6,42,21,AS,Rukunur Zaman,IND,,,,,True,42,2021,AE
1719322,Nota,NOTA,19863,921,0.44,7,42,21,AS,Nota,NOTA,,,,,True,42,2021,AE
1719323,Sayed Hassan Iman,JD(U),19888,919,0.44,8,42,21,AS,Sayed Hassan Iman,JD(U),,,,,False,42,2021,AE
1719324,Shahidur Alam,SUCI,19871,739,0.36,9,42,21,AS,Shahidur Alam,SUCI,,,,,False,42,2021,AE
1719325,Wazed Ali Choudhury,INC,19858,146248,83.98,1,42,22,AS,Wazed Ali Choudhury,INC,,,,,True,42,2021,AE
1719326,Nurul Islam Mollah,IND,19861,10674,6.13,2,42,22,AS,Nurul Islam Mollah,IND,,,,,False,42,2021,AE
1719327,Asadul Islam,BJP,19872,8919,5.12,3,42,22,AS,Asadul Islam,BJP,,,,,False,42,2021,AE
1719328,Fozlul Hoque Choudhury,IND,19861,1807,1.04,4,42,22,AS,Fozlul Hoque Choudhury,IND,,,,,False,42,2021,AE
1719329,Nozrul Islam,IND,19861,1477,0.85,5,42,22,AS,Nozrul Islam,IND,,,,,False,42,2021,AE
1719330,Jenat Mollah,NCP,19894,1470,0.84,6,42,22,AS,Jenat Mollah,NCP,,,,,False,42,2021,AE
1719331,Abdus Sobur Miah,SUCI,19871,1275,0.73,7,42,22,AS,Abdus Sobur Miah,SUCI,,,,,False,42,2021,AE
1719332,Nural Islam,RUC,19876,1116,0.64,8,42,22,AS,Nural Islam,RUC,,,,,False,42,2021,AE
1719333,Nota,NOTA,19863,937,0.54,9,42,22,AS,Nota,NOTA,,,,,True,42,2021,AE
1719334,Taleb Ali,JD(U),19888,222,0.13,10,42,22,AS,Taleb Ali,JD(U),,,,,False,42,2021,AE
1719335,Nazrul Hoque,AIUDF,19865,123913,70.24,1,42,23,AS,Nazrul Hoque,AIUDF,,,,,False,42,2021,AE
1719336,Dr. Debamoy Sanyal,BJP,19872,46100,26.13,2,42,23,AS,Dr. Debamoy Sanyal,BJP,,,,,True,42,2021,AE
1719337,Rasul Hoque,IND,19861,2126,1.21,3,42,23,AS,Rasul Hoque,IND,,,,,True,42,2021,AE
1719338,Azad Ali Sheikh,ASMJTYP,19881,1704,0.97,4,42,23,AS,Azad Ali Sheikh,ASMJTYP,,,,,False,42,2021,AE
1719339,Nota,NOTA,19863,1483,0.84,5,42,23,AS,Nota,NOTA,,,,,True,42,2021,AE
1719340,Mobarak Hussain,IND,19861,507,0.29,6,42,23,AS,Mobarak Hussain,IND,,,,,False,42,2021,AE
1719341,Dewan Habibur Rahman,SUCI,19871,323,0.18,7,42,23,AS,Dewan Habibur Rahman,SUCI,,,,,False,42,2021,AE
1719342,Tahabil Alom Sarkar,JD(U),19888,267,0.15,8,42,23,AS,Tahabil Alom Sarkar,JD(U),,,,,False,42,2021,AE
1719343,Nizanur Rahman,AIUDF,19865,112194,61.07,1,42,24,AS,Nizanur Rahman,AIUDF,,,,,False,42,2021,AE
1719344,Banendra Kumar Mushahary,BJP,19872,63349,34.48,2,42,24,AS,Banendra Kumar Mushahary,BJP,,,,,False,42,2021,AE
1719345,Nota,NOTA,19863,1758,0.96,3,42,24,AS,Nota,NOTA,,,,,True,42,2021,AE
1719346,Abdur Rezzak Hossain,IND,19861,1758,0.96,3,42,24,AS,Abdur Rezzak Hossain,IND,,,,,False,42,2021,AE
1719347,Md. Mohibul Haque,IND,19861,1405,0.76,5,42,24,AS,Md. Mohibul Haque,IND,,,,,False,42,2021,AE
1719348,Khagendra Nath Ray,IND,19861,872,0.47,6,42,24,AS,Khagendra Nath Ray,IND,,,,,False,42,2021,AE
1719349,Mir Hussain Sarkar,RPI(A),19890,790,0.43,7,42,24,AS,Mir Hussain Sarkar,RPI(A),,,,,True,42,2021,AE
1719350,Niranjan Prodhani,IND,19861,615,0.33,8,42,24,AS,Niranjan Prodhani,IND,,,,,False,42,2021,AE
1719351,Jabbar Ali,JD(U),19888,580,0.32,9,42,24,AS,Jabbar Ali,JD(U),,,,,False,42,2021,AE
1719352,Akul Barman,IND,19861,406,0.22,10,42,24,AS,Akul Barman,IND,,,,,False,42,2021,AE
1719353,Abdus Sobahan Ali Sarkar,INC,19858,89870,48.96,1,42,25,AS,Abdus Sobahan Ali Sarkar,INC,,,,,True,42,2021,AE
1719354,Ashwini Ray Sarkar,BJP,19872,79171,43.14,2,42,25,AS,Ashwini Ray Sarkar,BJP,,,,,True,42,2021,AE
1719355,Abu Taher Bepari,IND,19861,10431,5.68,3,42,25,AS,Abu Taher Bepari,IND,,,,,False,42,2021,AE
1719356,Nota,NOTA,19863,1172,0.64,4,42,25,AS,Nota,NOTA,,,,,True,42,2021,AE
1719357,Sahidur Rahman,AITC,19859,1114,0.61,5,42,25,AS,Sahidur Rahman,AITC,,,,,False,42,2021,AE
1719358,Nilimoy Prodhani,IND,19861,1030,0.56,6,42,25,AS,Nilimoy Prodhani,IND,,,,,False,42,2021,AE
1719359,Atikur Rahman,ASMJTYP,19881,410,0.22,7,42,25,AS,Atikur Rahman,ASMJTYP,,,,,False,42,2021,AE
1719360,Mominur Alom,RUC,19876,343,0.19,8,42,25,AS,Mominur Alom,RUC,,,,,False,42,2021,AE
1719361,Hafiz Bashir Ahmed,AIUDF,19865,90529,56.16,1,42,26,AS,Hafiz Bashir Ahmed,AIUDF,,,,,True,42,2021,AE
1719362,Ali Akbar Miah,IND,19861,30771,19.09,2,42,26,AS,Ali Akbar Miah,IND,,,,,True,42,2021,AE
1719363,Dr. Abu Bakar Siddique,BJP,19872,27054,16.78,3,42,26,AS,Dr. Abu Bakar Siddique,BJP,,,,,False,42,2021,AE
1719364,Abdur Rezzak Sheikh,AITC,19859,6457,4.01,4,42,26,AS,Abdur Rezzak Sheikh,AITC,,,,,False,42,2021,AE
1719365,Iftarul Islam Paramanik,IND,19861,1926,1.19,5,42,26,AS,Iftarul Islam Paramanik,IND,,,,,False,42,2021,AE
1719366,Akbar Ali Mondal,TNRMPI,19866,1627,1.01,6,42,26,AS,Akbar Ali Mondal,TNRMPI,,,,,False,42,2021,AE
1719367,Dr. Anes Ahmed,ASMJTYP,19881,1522,0.94,7,42,26,AS,Dr. Anes Ahmed,ASMJTYP,,,,,False,42,2021,AE
1719368,Nota,NOTA,19863,1306,0.81,8,42,26,AS,Nota,NOTA,,,,,True,42,2021,AE
1719369,Samsul Huda,AIUDF,19865,116068,59.3,1,42,27,AS,Samsul Huda,AIUDF,,,,,False,42,2021,AE
1719370,Ashok Kumar Singhi,BJP,19872,66768,34.11,2,42,27,AS,Ashok Kumar Singhi,BJP,,,,,True,42,2021,AE
1719371,Kanulal Das,ASMJTYP,19881,3375,1.72,3,42,27,AS,Kanulal Das,ASMJTYP,,,,,False,42,2021,AE
1719372,Mominur Islam,IND,19861,2891,1.48,4,42,27,AS,Mominur Islam,IND,,,,,False,42,2021,AE
1719373,Nota,NOTA,19863,1708,0.87,5,42,27,AS,Nota,NOTA,,,,,True,42,2021,AE
1719374,Moshlem Uddin Choudhury,IND,19861,1657,0.85,6,42,27,AS,Moshlem Uddin Choudhury,IND,,,,,False,42,2021,AE
1719375,Abdul Monnaf Pramanik,JD(U),19888,908,0.46,7,42,27,AS,Abdul Monnaf Pramanik,JD(U),,,,,False,42,2021,AE
1719376,Jitendra Nath Adhikary,IND,19861,634,0.32,8,42,27,AS,Jitendra Nath Adhikary,IND,,,,,False,42,2021,AE
1719377,Abdul Jabbar,IND,19861,483,0.25,9,42,27,AS,Abdul Jabbar,IND,,,,,False,42,2021,AE
1719378,Moznur Rahman,IND,19861,478,0.24,10,42,27,AS,Moznur Rahman,IND,,,,,False,42,2021,AE
1719379,Prodip Chandra Roy,RPI,19884,403,0.21,11,42,27,AS,Prodip Chandra Roy,RPI,,,,,False,42,2021,AE
1719380,Moynul Hoque,IND,19861,371,0.19,12,42,27,AS,Moynul Hoque,IND,,,,,False,42,2021,AE
1719381,Majendra Narzary,BOPF,19857,70407,45.19,1,42,28,AS,Majendra Narzary,BOPF,,,,,True,42,2021,AE
1719382,Somnath Narzary,UPPL,19856,60064,38.55,2,42,28,AS,Somnath Narzary,UPPL,,,,,False,42,2021,AE
1719383,Khairul Anam Khandakar,IND,19861,9174,5.89,3,42,28,AS,Khairul Anam Khandakar,IND,,,,,False,42,2021,AE
1719384,Surjyanath Tudu,IND,19861,3982,2.56,4,42,28,AS,Surjyanath Tudu,IND,,,,,False,42,2021,AE
1719385,Abdul Samad Choudhury,IND,19861,3831,2.46,5,42,28,AS,Abdul Samad Choudhury,IND,,,,,False,42,2021,AE
1719386,Nota,NOTA,19863,1801,1.16,6,42,28,AS,Nota,NOTA,,,,,True,42,2021,AE
1719387,Riajul Hoque,IND,19861,1412,0.91,7,42,28,AS,Riajul Hoque,IND,,,,,False,42,2021,AE
1719388,Saidur Islam,TNRMPI,19866,1284,0.82,8,42,28,AS,Saidur Islam,TNRMPI,,,,,False,42,2021,AE
1719389,Uttam Kumar Talukdar,IND,19861,1116,0.72,9,42,28,AS,Uttam Kumar Talukdar,IND,,,,,False,42,2021,AE
1719390,Ratan Hasda,JD(U),19888,1056,0.68,10,42,28,AS,Ratan Hasda,JD(U),,,,,False,42,2021,AE
1719391,Ruhit Basumatary,IND,19861,872,0.56,11,42,28,AS,Ruhit Basumatary,IND,,,,,False,42,2021,AE
1719392,Osman Goni Sk,IND,19861,797,0.51,12,42,28,AS,Osman Goni Sk,IND,,,,,False,42,2021,AE
1719393,Rabiram Narzary,BOPF,19857,77509,49.68,1,42,29,AS,Rabiram Narzary,BOPF,,,,,True,42,2021,AE
1719394,Manaranjan Brahma,UPPL,19856,65438,41.94,2,42,29,AS,Manaranjan Brahma,UPPL,,,,,False,42,2021,AE
1719395,Kaushik Mohan Brahma,IND,19861,6662,4.27,3,42,29,AS,Kaushik Mohan Brahma,IND,,,,,False,42,2021,AE
1719396,Ranjay Kr. Brahma,IND,19861,1832,1.17,4,42,29,AS,Ranjay Kr. Brahma,IND,,,,,False,42,2021,AE
1719397,Nota,NOTA,19863,1645,1.05,5,42,29,AS,Nota,NOTA,,,,,True,42,2021,AE
1719398,Gautam Baro,IND,19861,1166,0.75,6,42,29,AS,Gautam Baro,IND,,,,,False,42,2021,AE
1719399,Ranendra Koch,JD(U),19888,938,0.6,7,42,29,AS,Ranendra Koch,JD(U),,,,,False,42,2021,AE
1719400,Rajendra Mushahary,TNRMPI,19866,842,0.54,8,42,29,AS,Rajendra Mushahary,TNRMPI,,,,,False,42,2021,AE
1719401,Lawrence Islary,UPPL,19856,83515,54.14,1,42,30,AS,Lawrence Islary,UPPL,,,,,False,42,2021,AE
1719402,Pramila Rani Brahma,BOPF,19857,63420,41.11,2,42,30,AS,Pramila Rani Brahma,BOPF,,,,,True,42,2021,AE
1719403,Manaj Kumar Brahma,IND,19861,3264,2.12,3,42,30,AS,Manaj Kumar Brahma,IND,,,,,False,42,2021,AE
1719404,Nota,NOTA,19863,1883,1.22,4,42,30,AS,Nota,NOTA,,,,,True,42,2021,AE
1719405,Mijing Brahma,VPI,19862,1276,0.83,5,42,30,AS,Mijing Brahma,VPI,,,,,False,42,2021,AE
1719406,Shri Sailendra Nath Brahma,IND,19861,897,0.58,6,42,30,AS,Shri Sailendra Nath Brahma,IND,,,,,False,42,2021,AE
1719407,Joyanta Basumatary,UPPL,19856,97087,56.5,1,42,31,AS,Joyanta Basumatary,UPPL,,,,,False,42,2021,AE
1719408,Chandan Brahma,BOPF,19857,65767,38.27,2,42,31,AS,Chandan Brahma,BOPF,,,,,True,42,2021,AE
1719409,Jisoya Champramary,IND,19861,3084,1.79,3,42,31,AS,Jisoya Champramary,IND,,,,,False,42,2021,AE
1719410,Nota,NOTA,19863,2485,1.45,4,42,31,AS,Nota,NOTA,,,,,True,42,2021,AE
1719411,Smriti Basumatary,IND,19861,1850,1.08,5,42,31,AS,Smriti Basumatary,IND,,,,,False,42,2021,AE
1719412,Ranjay Kumar Brahma,JD(U),19888,1556,0.91,6,42,31,AS,Ranjay Kumar Brahma,JD(U),,,,,False,42,2021,AE
1719413,Phani Bhusan Choudhury,AGP,19864,82800,53.9,1,42,32,AS,Phani Bhusan Choudhury,AGP,,,,,True,42,2021,AE
1719414,Shankar Prasad Ray,INC,19858,44633,29.05,2,42,32,AS,Shankar Prasad Ray,INC,,,,,True,42,2021,AE
1719415,Dipu Choudhury,ASMJTYP,19881,13988,9.1,3,42,32,AS,Dipu Choudhury,ASMJTYP,,,,,False,42,2021,AE
1719416,Santanu Mukherjee,PLTIJSTP,19895,2266,1.47,4,42,32,AS,Santanu Mukherjee,PLTIJSTP,,,,,False,42,2021,AE
1719417,Sri Sujit Kumar Roy,BGanP,19867,2184,1.42,5,42,32,AS,Sri Sujit Kumar Roy,BGanP,,,,,False,42,2021,AE
1719418,Nota,NOTA,19863,2179,1.42,6,42,32,AS,Nota,NOTA,,,,,True,42,2021,AE
1719419,Kailash Das,IND,19861,1810,1.18,7,42,32,AS,Kailash Das,IND,,,,,False,42,2021,AE
1719420,Prabhat Baisnab,NPEP,19893,1646,1.07,8,42,32,AS,Prabhat Baisnab,NPEP,,,,,False,42,2021,AE
1719421,Gautam Dutta,IND,19861,1172,0.76,9,42,32,AS,Gautam Dutta,IND,,,,,False,42,2021,AE
1719422,Sabendra Basumatary,VPI,19862,952,0.62,10,42,32,AS,Sabendra Basumatary,VPI,,,,,False,42,2021,AE
1719423,Ajoy Kumar Ray,BJP,19872,45733,32.69,1,42,33,AS,Ajoy Kumar Ray,BJP,,,,,False,42,2021,AE
1719424,Kamalshing Narzary,BOPF,19857,44730,31.97,2,42,33,AS,Kamalshing Narzary,BOPF,,,,,False,42,2021,AE
1719425,Phanin Boro,UPPL,19856,35582,25.43,3,42,33,AS,Phanin Boro,UPPL,,,,,False,42,2021,AE
1719426,Rupam Kumar Das,ASMJTYP,19881,9951,7.11,4,42,33,AS,Rupam Kumar Das,ASMJTYP,,,,,False,42,2021,AE
1719427,Nota,NOTA,19863,1388,0.99,5,42,33,AS,Nota,NOTA,,,,,True,42,2021,AE
1719428,Baharul Islam Nagori,IND,19861,788,0.56,6,42,33,AS,Baharul Islam Nagori,IND,,,,,False,42,2021,AE
1719429,Abdul Awal Paramanik,IND,19861,669,0.48,7,42,33,AS,Abdul Awal Paramanik,IND,,,,,False,42,2021,AE
1719430,Soleman Mondal,IND,19861,571,0.41,8,42,33,AS,Soleman Mondal,IND,,,,,False,42,2021,AE
1719431,Nandadeb Brahma,VPI,19862,503,0.36,9,42,33,AS,Nandadeb Brahma,VPI,,,,,False,42,2021,AE
1719432,Abdul Batin Khandakar,INC,19858,93276,58.58,1,42,34,AS,Abdul Batin Khandakar,INC,,,,,False,42,2021,AE
1719433,Bhupen Roy,AGP,19864,60495,38.0,2,42,34,AS,Bhupen Roy,AGP,,,,,True,42,2021,AE
1719434,Asraful Islam,AITC,19859,1567,0.98,3,42,34,AS,Asraful Islam,AITC,,,,,False,42,2021,AE
1719435,Ajanta Baruah,ASMJTYP,19881,1264,0.79,4,42,34,AS,Ajanta Baruah,ASMJTYP,,,,,False,42,2021,AE
1719436,Nota,NOTA,19863,1025,0.64,5,42,34,AS,Nota,NOTA,,,,,True,42,2021,AE
1719437,Sheikh Abdullah,IND,19861,811,0.51,6,42,34,AS,Sheikh Abdullah,IND,,,,,False,42,2021,AE
1719438,Jahidul Islam,IND,19861,413,0.26,7,42,34,AS,Jahidul Islam,IND,,,,,False,42,2021,AE
1719439,Shyam Raj Rabha,JD(U),19888,366,0.23,8,42,34,AS,Shyam Raj Rabha,JD(U),,,,,False,42,2021,AE
1719440,Pradip Sarkar,INC,19858,112954,61.04,1,42,35,AS,Pradip Sarkar,INC,,,,,False,42,2021,AE
1719441,Purnendu Banikya,AGP,19864,65869,35.59,2,42,35,AS,Purnendu Banikya,AGP,,,,,False,42,2021,AE
1719442,Romonath Mondal,IND,19861,2489,1.34,3,42,35,AS,Romonath Mondal,IND,,,,,False,42,2021,AE
1719443,Kaushik Ranjan Das,IND,19861,2105,1.14,4,42,35,AS,Kaushik Ranjan Das,IND,,,,,False,42,2021,AE
1719444,Nota,NOTA,19863,1642,0.89,5,42,35,AS,Nota,NOTA,,,,,True,42,2021,AE
1719445,Jadab Swargiary,INC,19858,78551,43.46,1,42,36,AS,Jadab Swargiary,INC,,,,,False,42,2021,AE
1719446,Shyamjit Rabha,BJP,19872,77275,42.75,2,42,36,AS,Shyamjit Rabha,BJP,,,,,False,42,2021,AE
1719447,Dipak Kumar Rabha,IND,19861,16487,9.12,3,42,36,AS,Dipak Kumar Rabha,IND,,,,,False,42,2021,AE
1719448,Borjit Boro,VPI,19862,2462,1.36,4,42,36,AS,Borjit Boro,VPI,,,,,False,42,2021,AE
1719449,Batsrang G. Momin,IND,19861,1475,0.82,5,42,36,AS,Batsrang G. Momin,IND,,,,,False,42,2021,AE
1719450,Nota,NOTA,19863,1367,0.76,6,42,36,AS,Nota,NOTA,,,,,True,42,2021,AE
1719451,Diganta Kumar Rabha,JD(U),19888,1270,0.7,7,42,36,AS,Diganta Kumar Rabha,JD(U),,,,,False,42,2021,AE
1719452,Manoj Kumar Basumatary (Munition),NPEP,19893,1190,0.66,8,42,36,AS,Manoj Kumar Basumatary (Munition),NPEP,,,,,False,42,2021,AE
1719453,Anil Rabha,IND,19861,678,0.38,9,42,36,AS,Anil Rabha,IND,,,,,False,42,2021,AE
1719454,Abul Kalam Rasheed Alam,INC,19858,112995,57.81,1,42,37,AS,Abul Kalam Rasheed Alam,INC,,,,,True,42,2021,AE
1719455,Jyotish Das,AGP,19864,67747,34.66,2,42,37,AS,Jyotish Das,AGP,,,,,False,42,2021,AE
1719456,Aminul Hoque,IND,19861,3437,1.76,3,42,37,AS,Aminul Hoque,IND,,,,,False,42,2021,AE
1719457,Nota,NOTA,19863,1706,0.87,4,42,37,AS,Nota,NOTA,,,,,True,42,2021,AE
1719458,Rinku Mazumdar,NPEP,19893,1551,0.79,5,42,37,AS,Rinku Mazumdar,NPEP,,,,,False,42,2021,AE
1719459,Ranjan Sarkar,IND,19861,1356,0.69,6,42,37,AS,Ranjan Sarkar,IND,,,,,False,42,2021,AE
1719460,Dharma Narayan Nath,IND,19861,1341,0.69,7,42,37,AS,Dharma Narayan Nath,IND,,,,,False,42,2021,AE
1719461,Imdad Hussain,ASMJTYP,19881,1249,0.64,8,42,37,AS,Imdad Hussain,ASMJTYP,,,,,False,42,2021,AE
1719462,Kofil Uddin Ahmed,NCP,19894,1059,0.54,9,42,37,AS,Kofil Uddin Ahmed,NCP,,,,,True,42,2021,AE
1719463,Faruk Ahmed,AIMF,19896,863,0.44,10,42,37,AS,Faruk Ahmed,AIMF,,,,,False,42,2021,AE
1719465,Sheikh Md. Jiaul Hoque,AITC,19859,665,0.34,11,42,37,AS,Sheikh Md. Jiaul Hoque,AITC,,,,,False,42,2021,AE
1719464,Mehbubar Rahman,IND,19861,665,0.34,11,42,37,AS,Mehbubar Rahman,IND,,,,,False,42,2021,AE
1719466,Mazibar Rahman,RPI(A),19890,513,0.26,13,42,37,AS,Mazibar Rahman,RPI(A),,,,,False,42,2021,AE
1719467,Chitralekha Das,SUCI,19871,327,0.17,14,42,37,AS,Chitralekha Das,SUCI,,,,,False,42,2021,AE
1719468,Abdur Rashid Mandal,INC,19858,85752,54.18,1,42,38,AS,Abdur Rashid Mandal,INC,,,,,True,42,2021,AE
1719469,Sheikh Shah Alom,AGP,19864,39728,25.1,2,42,38,AS,Sheikh Shah Alom,AGP,,,,,False,42,2021,AE
1719470,Chan Ali Miah,IND,19861,17786,11.24,3,42,38,AS,Chan Ali Miah,IND,,,,,False,42,2021,AE
1719471,Nabajyoti Rabha,IND,19861,5276,3.33,4,42,38,AS,Nabajyoti Rabha,IND,,,,,False,42,2021,AE
1719472,Abdul Baten Sikdar,NPEP,19893,1468,0.93,5,42,38,AS,Abdul Baten Sikdar,NPEP,,,,,False,42,2021,AE
1719473,Nota,NOTA,19863,1308,0.83,6,42,38,AS,Nota,NOTA,,,,,True,42,2021,AE
1719474,Puspadhar Nath,VPI,19862,1257,0.79,7,42,38,AS,Puspadhar Nath,VPI,,,,,False,42,2021,AE
1719475,Pabitra Kumar Nath,IND,19861,1199,0.76,8,42,38,AS,Pabitra Kumar Nath,IND,,,,,False,42,2021,AE
1719476,Nizam Uddin,AITC,19859,949,0.6,9,42,38,AS,Nizam Uddin,AITC,,,,,False,42,2021,AE
1719477,Mohibul Islam,SUCI,19871,814,0.51,10,42,38,AS,Mohibul Islam,SUCI,,,,,True,42,2021,AE
1719478,Safior Rahman,ASMJTYP,19881,699,0.44,11,42,38,AS,Safior Rahman,ASMJTYP,,,,,False,42,2021,AE
1719479,Jehirul Islam,IND,19861,628,0.4,12,42,38,AS,Jehirul Islam,IND,,,,,False,42,2021,AE
1719480,Jahangir Alom Mondal,IND,19861,568,0.36,13,42,38,AS,Jahangir Alom Mondal,IND,,,,,False,42,2021,AE
1719481,Delowar Hussain,IND,19861,533,0.34,14,42,38,AS,Delowar Hussain,IND,,,,,False,42,2021,AE
1719482,Abtabul Ambia Mollah,JD(U),19888,322,0.2,15,42,38,AS,Abtabul Ambia Mollah,JD(U),,,,,False,42,2021,AE
1719483,Aftab Uddin Mollah,INC,19858,76026,50.75,1,42,39,AS,Aftab Uddin Mollah,INC,,,,,False,42,2021,AE
1719484,Dr. Reza M A Amin,AIUDF,19865,54046,36.08,2,42,39,AS,Dr. Reza M A Amin,AIUDF,,,,,False,42,2021,AE
1719485,Osman Goni,BJP,19872,14053,9.38,3,42,39,AS,Osman Goni,BJP,,,,,False,42,2021,AE
1719486,Khurshid Mirza Ashikur Rahman,AITC,19859,1847,1.23,4,42,39,AS,Khurshid Mirza Ashikur Rahman,AITC,,,,,False,42,2021,AE
1719487,Nota,NOTA,19863,970,0.65,5,42,39,AS,Nota,NOTA,,,,,True,42,2021,AE
1719488,Roshidul Hoque,ASMJTYP,19881,915,0.61,6,42,39,AS,Roshidul Hoque,ASMJTYP,,,,,False,42,2021,AE
1719489,Akheruzzaman Mollah,IND,19861,754,0.5,7,42,39,AS,Akheruzzaman Mollah,IND,,,,,False,42,2021,AE
1719490,Mujaharul Islam,IND,19861,626,0.42,8,42,39,AS,Mujaharul Islam,IND,,,,,False,42,2021,AE
1719491,Osman Goni Mollah,SUCI,19871,566,0.38,9,42,39,AS,Osman Goni Mollah,SUCI,,,,,False,42,2021,AE
1719492,Manoranjan Talukdar,CPI(M),19875,96134,50.21,1,42,40,AS,Manoranjan Talukdar,CPI(M),,,,,False,42,2021,AE
1719493,Sankar Chandra Das,BJP,19872,85872,44.85,2,42,40,AS,Sankar Chandra Das,BJP,,,,,False,42,2021,AE
1719494,Dwipen Barman,IND,19861,2432,1.27,3,42,40,AS,Dwipen Barman,IND,,,,,False,42,2021,AE
1719495,Nota,NOTA,19863,1896,0.99,4,42,40,AS,Nota,NOTA,,,,,True,42,2021,AE
1719496,Faizan Nessa,IND,19861,945,0.49,5,42,40,AS,Faizan Nessa,IND,,,,,False,42,2021,AE
1719497,Ikbal Hussain,IND,19861,873,0.46,6,42,40,AS,Ikbal Hussain,IND,,,,,False,42,2021,AE
1719498,Santanu Mukherjee,PLTIJSTP,19895,852,0.45,7,42,40,AS,Santanu Mukherjee,PLTIJSTP,,,,,False,42,2021,AE
1719499,Abdul Hannan,IND,19861,795,0.42,8,42,40,AS,Abdul Hannan,IND,,,,,False,42,2021,AE
1719500,Devananda Das,JD(U),19888,644,0.34,9,42,40,AS,Devananda Das,JD(U),,,,,False,42,2021,AE
1719501,Prakash Brahma,RPPRINAT,19870,617,0.32,10,42,40,AS,Prakash Brahma,RPPRINAT,,,,,False,42,2021,AE
1719502,Matiar Rahman,TNRMPI,19866,400,0.21,11,42,40,AS,Matiar Rahman,TNRMPI,,,,,False,42,2021,AE
1719503,Phanidhar Talukdar,AIUDF,19865,55975,44.57,1,42,41,AS,Phanidhar Talukdar,AIUDF,,,,,False,42,2021,AE
1719504,Ranjit Deka,AGP,19864,52748,42.0,2,42,41,AS,Ranjit Deka,AGP,,,,,False,42,2021,AE
1719505,Abul Kalam Azad,IND,19861,5400,4.3,3,42,41,AS,Abul Kalam Azad,IND,,,,,False,42,2021,AE
1719506,Kamal Kumar Medhi,IND,19861,3217,2.56,4,42,41,AS,Kamal Kumar Medhi,IND,,,,,False,42,2021,AE
1719507,Binoy Kherkatary,IND,19861,1594,1.27,5,42,41,AS,Binoy Kherkatary,IND,,,,,False,42,2021,AE
1719508,Ruhul Amin,IND,19861,1434,1.14,6,42,41,AS,Ruhul Amin,IND,,,,,False,42,2021,AE
1719509,Makhan Swargiary,IND,19861,1358,1.08,7,42,41,AS,Makhan Swargiary,IND,,,,,False,42,2021,AE
1719510,Md. Rahman Ali,IND,19861,1049,0.84,8,42,41,AS,Md. Rahman Ali,IND,,,,,False,42,2021,AE
1719511,Nota,NOTA,19863,1037,0.83,9,42,41,AS,Nota,NOTA,,,,,True,42,2021,AE
1719512,Hasen Ali,VPI,19862,534,0.43,10,42,41,AS,Hasen Ali,VPI,,,,,False,42,2021,AE
1719513,Anowar Uddin Ahmed,RPPRINAT,19870,472,0.38,11,42,41,AS,Anowar Uddin Ahmed,RPPRINAT,,,,,False,42,2021,AE
1719514,Suban Ali,IND,19861,416,0.33,12,42,41,AS,Suban Ali,IND,,,,,False,42,2021,AE
1719515,Satya Chandra Arjya,BGanP,19867,369,0.29,13,42,41,AS,Satya Chandra Arjya,BGanP,,,,,False,42,2021,AE
1719516,Ranjeet Kumar Dass,BJP,19872,81284,71.67,1,42,42,AS,Ranjeet Kumar Dass,BJP,,,,,False,42,2021,AE
1719517,Santanu Sarma,INC,19858,18431,16.25,2,42,42,AS,Santanu Sarma,INC,,,,,False,42,2021,AE
1719518,Pabindra Deka,ASMJTYP,19881,9831,8.67,3,42,42,AS,Pabindra Deka,ASMJTYP,,,,,False,42,2021,AE
1719519,Nota,NOTA,19863,1685,1.49,4,42,42,AS,Nota,NOTA,,,,,True,42,2021,AE
1719520,Chakra Pani Medhi,IND,19861,1575,1.39,5,42,42,AS,Chakra Pani Medhi,IND,,,,,False,42,2021,AE
1719521,Krishnamani Das,RPPRINAT,19870,608,0.54,6,42,42,AS,Krishnamani Das,RPPRINAT,,,,,False,42,2021,AE
1719522,Abdur Rahim Ahmed,INC,19858,111083,61.04,1,42,43,AS,Abdur Rahim Ahmed,INC,,,,,False,42,2021,AE
1719523,Gunindra Nath Das,AGP,19864,66364,36.47,2,42,43,AS,Gunindra Nath Das,AGP,,,,,True,42,2021,AE
1719524,Nota,NOTA,19863,1727,0.95,3,42,43,AS,Nota,NOTA,,,,,True,42,2021,AE
1719525,Shafiqul Islam,TNRMPI,19866,965,0.53,4,42,43,AS,Shafiqul Islam,TNRMPI,,,,,False,42,2021,AE
1719526,Sirajul Hoque,RUC,19876,754,0.41,5,42,43,AS,Sirajul Hoque,RUC,,,,,False,42,2021,AE
1719527,Pintu Ghosh,PLTIJSTP,19895,694,0.38,6,42,43,AS,Pintu Ghosh,PLTIJSTP,,,,,False,42,2021,AE
1719528,Shyamal Kr. Mandal,JD(U),19888,405,0.22,7,42,43,AS,Shyamal Kr. Mandal,JD(U),,,,,False,42,2021,AE
1719529,Rafiqul Islam,AIUDF,19865,156183,84.6,1,42,44,AS,Rafiqul Islam,AIUDF,,,,,True,42,2021,AE
1719530,Shahidul Islam,BJP,19872,11408,6.18,2,42,44,AS,Shahidul Islam,BJP,,,,,False,42,2021,AE
1719531,Ashraful Islam,IND,19861,8334,4.51,3,42,44,AS,Ashraful Islam,IND,,,,,False,42,2021,AE
1719532,Faruk Khan,IND,19861,1838,1.0,4,42,44,AS,Faruk Khan,IND,,,,,False,42,2021,AE
1719533,Raizuddin,IND,19861,1744,0.94,5,42,44,AS,Raizuddin,IND,,,,,False,42,2021,AE
1719534,Abdul Jalil Talukdar,AITC,19859,1212,0.66,6,42,44,AS,Abdul Jalil Talukdar,AITC,,,,,False,42,2021,AE
1719535,Nota,NOTA,19863,890,0.48,7,42,44,AS,Nota,NOTA,,,,,True,42,2021,AE
1719536,Shukur Ali,ASMJTYP,19881,784,0.42,8,42,44,AS,Shukur Ali,ASMJTYP,,,,,False,42,2021,AE
1719537,Arshad Ahmed,IND,19861,688,0.37,9,42,44,AS,Arshad Ahmed,IND,,,,,False,42,2021,AE
1719538,Inumani Begum,IND,19861,573,0.31,10,42,44,AS,Inumani Begum,IND,,,,,False,42,2021,AE
1719539,Zinnat Ali,TNRMPI,19866,488,0.26,11,42,44,AS,Zinnat Ali,TNRMPI,,,,,False,42,2021,AE
1719540,Mazidul Islam,NRCong,19897,308,0.17,12,42,44,AS,Mazidul Islam,NRCong,,,,,False,42,2021,AE
1719541,Sheikh Jamsedur Rahman,JD(U),19888,165,0.09,13,42,44,AS,Sheikh Jamsedur Rahman,JD(U),,,,,False,42,2021,AE
1719542,Sherman Ali Ahmed,INC,19858,79357,52.46,1,42,45,AS,Sherman Ali Ahmed,INC,,,,,True,42,2021,AE
1719543,Rajib Ahmed,AIUDF,19865,65415,43.24,2,42,45,AS,Rajib Ahmed,AIUDF,,,,,False,42,2021,AE
1719544,Hasinara Khatun,BJP,19872,3038,2.01,3,42,45,AS,Hasinara Khatun,BJP,,,,,False,42,2021,AE
1719545,Nota,NOTA,19863,740,0.49,4,42,45,AS,Nota,NOTA,,,,,True,42,2021,AE
1719546,Rejaul Karim,RPPRINAT,19870,617,0.41,5,42,45,AS,Rejaul Karim,RPPRINAT,,,,,False,42,2021,AE
1719547,Abdul Aziz,VPI,19862,613,0.41,6,42,45,AS,Abdul Aziz,VPI,,,,,False,42,2021,AE
1719548,Afil Uddin Talukdar,IND,19861,487,0.32,7,42,45,AS,Afil Uddin Talukdar,IND,,,,,False,42,2021,AE
1719549,Moshwaraf Hussein,TNRMPI,19866,409,0.27,8,42,45,AS,Moshwaraf Hussein,TNRMPI,,,,,False,42,2021,AE
1719550,Lil Chan Uddin,RPI(A),19890,272,0.18,9,42,45,AS,Lil Chan Uddin,RPI(A),,,,,False,42,2021,AE
1719551,Salim Khan,BhaRP,19898,170,0.11,10,42,45,AS,Salim Khan,BhaRP,,,,,False,42,2021,AE
1719552,Jahidul Islam,JD(U),19888,158,0.1,11,42,45,AS,Jahidul Islam,JD(U),,,,,False,42,2021,AE
1719553,Jakir Hussain Sikdar,INC,19858,77045,43.07,1,42,46,AS,Jakir Hussain Sikdar,INC,,,,,True,42,2021,AE
1719554,Kalpana Patowary,AGP,19864,47504,26.56,2,42,46,AS,Kalpana Patowary,AGP,,,,,False,42,2021,AE
1719555,Minakshi Rahman,AIUDF,19865,44805,25.05,3,42,46,AS,Minakshi Rahman,AIUDF,,,,,False,42,2021,AE
1719556,Manik Chandra Baro,ASMJTYP,19881,3093,1.73,4,42,46,AS,Manik Chandra Baro,ASMJTYP,,,,,False,42,2021,AE
1719557,Nota,NOTA,19863,1265,0.71,5,42,46,AS,Nota,NOTA,,,,,True,42,2021,AE
1719558,Sayed Jeherul Islam,AITC,19859,1097,0.61,6,42,46,AS,Sayed Jeherul Islam,AITC,,,,,False,42,2021,AE
1719559,Binad Ali,IND,19861,923,0.52,7,42,46,AS,Binad Ali,IND,,,,,False,42,2021,AE
1719560,Matiar Rahman,IND,19861,780,0.44,8,42,46,AS,Matiar Rahman,IND,,,,,False,42,2021,AE
1719561,Shahjahan Ali,TNRMPI,19866,711,0.4,9,42,46,AS,Shahjahan Ali,TNRMPI,,,,,False,42,2021,AE
1719562,Ajidul Islam,RPI(A),19890,548,0.31,10,42,46,AS,Ajidul Islam,RPI(A),,,,,False,42,2021,AE
1719563,Halima Khatun,SUCI,19871,463,0.26,11,42,46,AS,Halima Khatun,SUCI,,,,,False,42,2021,AE
1719564,Najrul Islam,JP,19899,452,0.25,12,42,46,AS,Najrul Islam,JP,,,,,False,42,2021,AE
1719565,Nabab Mezbahul Alam,JD(U),19888,194,0.11,13,42,46,AS,Nabab Mezbahul Alam,JD(U),,,,,False,42,2021,AE
1719566,Ashraful Hussain,AIUDF,19865,75312,58.83,1,42,47,AS,Ashraful Hussain,AIUDF,,,,,False,42,2021,AE
1719567,Rabiul Hussain,AGP,19864,23373,18.26,2,42,47,AS,Rabiul Hussain,AGP,,,,,False,42,2021,AE
1719568,Sukur Ali Ahmed,INC,19858,22573,17.63,3,42,47,AS,Sukur Ali Ahmed,INC,,,,,True,42,2021,AE
1719569,Abdul Goni,AITC,19859,1617,1.26,4,42,47,AS,Abdul Goni,AITC,,,,,False,42,2021,AE
1719570,Rupdhan Ahmed,BAHUMP,19874,1290,1.01,5,42,47,AS,Rupdhan Ahmed,BAHUMP,,,,,False,42,2021,AE
1719571,Nurul Amin,IND,19861,788,0.62,6,42,47,AS,Nurul Amin,IND,,,,,False,42,2021,AE
1719572,Gias Uddin Ahmed,ASMJTYP,19881,733,0.57,7,42,47,AS,Gias Uddin Ahmed,ASMJTYP,,,,,False,42,2021,AE
1719573,Nota,NOTA,19863,696,0.54,8,42,47,AS,Nota,NOTA,,,,,True,42,2021,AE
1719574,Jashim Khan,VPI,19862,469,0.37,9,42,47,AS,Jashim Khan,VPI,,,,,False,42,2021,AE
1719575,Abul Hashem,IND,19861,429,0.34,10,42,47,AS,Abul Hashem,IND,,,,,False,42,2021,AE
1719576,Abdur Rahim Ali,IND,19861,375,0.29,11,42,47,AS,Abdur Rahim Ali,IND,,,,,False,42,2021,AE
1719577,Sekh Nurul Alam,RPPRINAT,19870,352,0.27,12,42,47,AS,Sekh Nurul Alam,RPPRINAT,,,,,False,42,2021,AE
1719578,Nandita Das,INC,19858,120613,58.82,1,42,48,AS,Nandita Das,INC,,,,,True,42,2021,AE
1719579,Jyoti Prasad Das,AGP,19864,68147,33.23,2,42,48,AS,Jyoti Prasad Das,AGP,,,,,True,42,2021,AE
1719580,Gopi Nath Das,AITC,19859,12571,6.13,3,42,48,AS,Gopi Nath Das,AITC,,,,,False,42,2021,AE
1719581,Nota,NOTA,19863,3735,1.82,4,42,48,AS,Nota,NOTA,,,,,True,42,2021,AE
1719582,Rekibuddin Ahmed,INC,19858,93864,56.32,1,42,49,AS,Rekibuddin Ahmed,INC,,,,,True,42,2021,AE
1719583,Dr. Kamala Kanta Kalita,AGP,19864,65820,39.5,2,42,49,AS,Dr. Kamala Kanta Kalita,AGP,,,,,True,42,2021,AE
1719584,Debajit Adhikari,ASMJTYP,19881,2481,1.49,3,42,49,AS,Debajit Adhikari,ASMJTYP,,,,,False,42,2021,AE
1719585,Nota,NOTA,19863,1487,0.89,4,42,49,AS,Nota,NOTA,,,,,True,42,2021,AE
1719586,Dr. Faruk Ahmed Bhuyan,IND,19861,834,0.5,5,42,49,AS,Dr. Faruk Ahmed Bhuyan,IND,,,,,False,42,2021,AE
1719587,Shyamal Dutta,BGanP,19867,690,0.41,6,42,49,AS,Shyamal Dutta,BGanP,,,,,False,42,2021,AE
1719588,Azmal Hoque,IND,19861,578,0.35,7,42,49,AS,Azmal Hoque,IND,,,,,False,42,2021,AE
1719589,Noimuddin Ahmed,IND,19861,535,0.32,8,42,49,AS,Noimuddin Ahmed,IND,,,,,False,42,2021,AE
1719590,Nurul Islam,BLSP,19887,360,0.22,9,42,49,AS,Nurul Islam,BLSP,,,,,False,42,2021,AE
1719591,Hemanga Thakuria,BJP,19872,68311,51.81,1,42,50,AS,Hemanga Thakuria,BJP,,,,,False,42,2021,AE
1719592,Pankaj Lochan Goswami,ASMJTYP,19881,28641,21.72,2,42,50,AS,Pankaj Lochan Goswami,ASMJTYP,,,,,False,42,2021,AE
1719593,Jatin Mali,INC,19858,27320,20.72,3,42,50,AS,Jatin Mali,INC,,,,,False,42,2021,AE
1719594,Anil Boro,IND,19861,2306,1.75,4,42,50,AS,Anil Boro,IND,,,,,False,42,2021,AE
1719595,Juri Mali,IND,19861,1730,1.31,5,42,50,AS,Juri Mali,IND,,,,,False,42,2021,AE
1719596,Nota,NOTA,19863,1427,1.08,6,42,50,AS,Nota,NOTA,,,,,True,42,2021,AE
1719597,Munmi Dutta,IND,19861,1094,0.83,7,42,50,AS,Munmi Dutta,IND,,,,,False,42,2021,AE
1719598,Mukut Kalita,IND,19861,1017,0.77,8,42,50,AS,Mukut Kalita,IND,,,,,False,42,2021,AE
1719599,Himanta Biswa Sarma,BJP,19872,130762,77.39,1,42,51,AS,Himanta Biswa Sarma,BJP,,,,,True,42,2021,AE
1719600,Romen Chandra Borthakur,INC,19858,28851,17.07,2,42,51,AS,Romen Chandra Borthakur,INC,,,,,False,42,2021,AE
1719601,Hemanta Kumar Sut,IND,19861,4838,2.86,3,42,51,AS,Hemanta Kumar Sut,IND,,,,,False,42,2021,AE
1719602,Nota,NOTA,19863,2157,1.28,4,42,51,AS,Nota,NOTA,,,,,True,42,2021,AE
1719603,Naba Kumar Nath,IND,19861,1218,0.72,5,42,51,AS,Naba Kumar Nath,IND,,,,,True,42,2021,AE
1719604,Moinul Hoque,IND,19861,1141,0.68,6,42,51,AS,Moinul Hoque,IND,,,,,False,42,2021,AE
1719605,Atul Bora,BJP,19872,196043,64.0,1,42,52,AS,Atul Bora,BJP,,,,,True,42,2021,AE
1719606,Manjit Mahanta,INC,19858,74386,24.28,2,42,52,AS,Manjit Mahanta,INC,,,,,False,42,2021,AE
1719607,Prince Faizul Haque,ASMJTYP,19881,15636,5.1,3,42,52,AS,Prince Faizul Haque,ASMJTYP,,,,,False,42,2021,AE
1719608,Nota,NOTA,19863,5782,1.89,4,42,52,AS,Nota,NOTA,,,,,True,42,2021,AE
1719609,Shailen Kalita,IND,19861,5148,1.68,5,42,52,AS,Shailen Kalita,IND,,,,,False,42,2021,AE
1719610,Charan Chandra Deka,IND,19861,2155,0.7,6,42,52,AS,Charan Chandra Deka,IND,,,,,False,42,2021,AE
1719611,Biswajit Nath,IND,19861,1239,0.4,7,42,52,AS,Biswajit Nath,IND,,,,,False,42,2021,AE
1719612,Hemendra Nath Deka,IND,19861,1232,0.4,8,42,52,AS,Hemendra Nath Deka,IND,,,,,False,42,2021,AE
1719613,Hridayananda Gogoi,NCP,19894,1184,0.39,9,42,52,AS,Hridayananda Gogoi,NCP,,,,,False,42,2021,AE
1719614,Pallabi Rabha,JD(U),19888,847,0.28,10,42,52,AS,Pallabi Rabha,JD(U),,,,,False,42,2021,AE
1719615,Pallabi Doley,IND,19861,788,0.26,11,42,52,AS,Pallabi Doley,IND,,,,,False,42,2021,AE
1719616,Sonamoni Das,LJP,19900,735,0.24,12,42,52,AS,Sonamoni Das,LJP,,,,,False,42,2021,AE
1719617,Nitul Das,IND,19861,603,0.2,13,42,52,AS,Nitul Das,IND,,,,,False,42,2021,AE
1719618,Sukanta Mazumdar,BGanP,19867,540,0.18,14,42,52,AS,Sukanta Mazumdar,BGanP,,,,,False,42,2021,AE
1719619,Siddhartha Bhattacharya,BJP,19872,113461,66.33,1,42,53,AS,Siddhartha Bhattacharya,BJP,,,,,True,42,2021,AE
1719620,Ashima Bardoloi,INC,19858,29361,17.16,2,42,53,AS,Ashima Bardoloi,INC,,,,,False,42,2021,AE
1719621,Adip Kumar Phukan,ASMJTYP,19881,21049,12.31,3,42,53,AS,Adip Kumar Phukan,ASMJTYP,,,,,False,42,2021,AE
1719622,Nota,NOTA,19863,3417,2.0,4,42,53,AS,Nota,NOTA,,,,,True,42,2021,AE
1719623,Diwas Phukan,IND,19861,1155,0.68,5,42,53,AS,Diwas Phukan,IND,,,,,False,42,2021,AE
1719624,Pranay Das,IND,19861,850,0.5,6,42,53,AS,Pranay Das,IND,,,,,False,42,2021,AE
1719625,Raj Prasad Saikia,NPEP,19893,643,0.38,7,42,53,AS,Raj Prasad Saikia,NPEP,,,,,False,42,2021,AE
1719626,Mitali Deka Devi,LJP,19900,373,0.22,8,42,53,AS,Mitali Deka Devi,LJP,,,,,False,42,2021,AE
1719627,Bhupen Sarma,AIFB,19885,271,0.16,9,42,53,AS,Bhupen Sarma,AIFB,,,,,False,42,2021,AE
1719628,Pranab Jyoti Das,RPPRINAT,19870,252,0.15,10,42,53,AS,Pranab Jyoti Das,RPPRINAT,,,,,False,42,2021,AE
1719629,Bapi Aich,BGanP,19867,228,0.13,11,42,53,AS,Bapi Aich,BGanP,,,,,False,42,2021,AE
1719630,Ramendra Narayan Kalita,AGP,19864,137533,59.87,1,42,54,AS,Ramendra Narayan Kalita,AGP,,,,,True,42,2021,AE
1719631,Mira Borthakur Goswami,INC,19858,59084,25.72,2,42,54,AS,Mira Borthakur Goswami,INC,,,,,False,42,2021,AE
1719632,Baleswar Rangpi,IND,19861,5874,2.56,3,42,54,AS,Baleswar Rangpi,IND,,,,,False,42,2021,AE
1719633,Dhananjay Kalita,IND,19861,5800,2.52,4,42,54,AS,Dhananjay Kalita,IND,,,,,False,42,2021,AE
1719634,Runa Laila,ASMJTYP,19881,5770,2.51,5,42,54,AS,Runa Laila,ASMJTYP,,,,,False,42,2021,AE
1719635,Nota,NOTA,19863,3925,1.71,6,42,54,AS,Nota,NOTA,,,,,True,42,2021,AE
1719636,Avijit Chakraborty,BGanP,19867,2322,1.01,7,42,54,AS,Avijit Chakraborty,BGanP,,,,,False,42,2021,AE
1719637,Swapnali Das,IND,19861,1718,0.75,8,42,54,AS,Swapnali Das,IND,,,,,False,42,2021,AE
1719638,Kazi Nekib Ahmed,IND,19861,1407,0.61,9,42,54,AS,Kazi Nekib Ahmed,IND,,,,,False,42,2021,AE
1719639,Raktimava Swami,IND,19861,1315,0.57,10,42,54,AS,Raktimava Swami,IND,,,,,False,42,2021,AE
1719640,Kalyan Kumar Sharma,RPPRINAT,19870,1178,0.51,11,42,54,AS,Kalyan Kumar Sharma,RPPRINAT,,,,,False,42,2021,AE
1719641,Amitabh Sarma,IND,19861,870,0.38,12,42,54,AS,Amitabh Sarma,IND,,,,,False,42,2021,AE
1719642,Kishor Kumar Das,LJP,19900,841,0.37,13,42,54,AS,Kishor Kumar Das,LJP,,,,,False,42,2021,AE
1719643,Debakesh Malla Buzar Baruah,JD(U),19888,794,0.35,14,42,54,AS,Debakesh Malla Buzar Baruah,JD(U),,,,,False,42,2021,AE
1719644,Nesaruddin Ahmed,IND,19861,701,0.31,15,42,54,AS,Nesaruddin Ahmed,IND,,,,,False,42,2021,AE
1719645,Pankaj Das,SwaBP,19901,582,0.25,16,42,54,AS,Pankaj Das,SwaBP,,,,,False,42,2021,AE
1719646,Sri Suman Haripriya,BJP,19872,66165,43.63,1,42,55,AS,Sri Suman Haripriya,BJP,,,,,False,42,2021,AE
1719647,Dulu Ahmed,ASMJTYP,19881,51797,34.15,2,42,55,AS,Dulu Ahmed,ASMJTYP,,,,,False,42,2021,AE
1719648,Anowar Hussain(Ganesh),INC,19858,28504,18.79,3,42,55,AS,Anowar Hussain(Ganesh),INC,,,,,False,42,2021,AE
1719649,Md Intajor Rahaman,AIMF,19896,1338,0.88,4,42,55,AS,Md Intajor Rahaman,AIMF,,,,,False,42,2021,AE
1719650,Nota,NOTA,19863,1100,0.73,5,42,55,AS,Nota,NOTA,,,,,True,42,2021,AE
1719651,Jaideep Talukdar,IND,19861,719,0.47,6,42,55,AS,Jaideep Talukdar,IND,,,,,False,42,2021,AE
1719652,Mon Kashyap,IND,19861,700,0.46,7,42,55,AS,Mon Kashyap,IND,,,,,False,42,2021,AE
1719653,Prabhat Kalita,IND,19861,687,0.45,8,42,55,AS,Prabhat Kalita,IND,,,,,False,42,2021,AE
1719654,Md Safiqul Hoque S K,IND,19861,655,0.43,9,42,55,AS,Md Safiqul Hoque S K,IND,,,,,False,42,2021,AE
1719655,Diganta Kalita,BJP,19872,81083,53.93,1,42,56,AS,Diganta Kalita,BJP,,,,,False,42,2021,AE
1719656,Kishor Kumar Bhattacharyya,INC,19858,62969,41.89,2,42,56,AS,Kishor Kumar Bhattacharyya,INC,,,,,False,42,2021,AE
1719657,Jitul Deka,IND,19861,3508,2.33,3,42,56,AS,Jitul Deka,IND,,,,,False,42,2021,AE
1719658,Nota,NOTA,19863,1605,1.07,4,42,56,AS,Nota,NOTA,,,,,True,42,2021,AE
1719659,Sisir Kumar Kakati,SUCI,19871,1171,0.78,5,42,56,AS,Sisir Kumar Kakati,SUCI,,,,,True,42,2021,AE
1719660,Bhabesh Kalita,BJP,19872,84844,52.11,1,42,57,AS,Bhabesh Kalita,BJP,,,,,True,42,2021,AE
1719661,Bhagaban Dev Misra,CPI(M),19875,64624,39.69,2,42,57,AS,Bhagaban Dev Misra,CPI(M),,,,,False,42,2021,AE
1719662,Dr. Babul Sahariah,ASMJTYP,19881,3560,2.19,3,42,57,AS,Dr. Babul Sahariah,ASMJTYP,,,,,False,42,2021,AE
1719663,Hareswar Barman,IND,19861,3505,2.15,4,42,57,AS,Hareswar Barman,IND,,,,,False,42,2021,AE
1719664,Nota,NOTA,19863,1925,1.18,5,42,57,AS,Nota,NOTA,,,,,True,42,2021,AE
1719665,Pabitra Boro,VPI,19862,1371,0.84,6,42,57,AS,Pabitra Boro,VPI,,,,,False,42,2021,AE
1719666,Jayanta Kumar Kalita,IND,19861,1290,0.79,7,42,57,AS,Jayanta Kumar Kalita,IND,,,,,False,42,2021,AE
1719667,Sahabuddin Ali Ahmed,IND,19861,1092,0.67,8,42,57,AS,Sahabuddin Ali Ahmed,IND,,,,,False,42,2021,AE
1719668,Biswajit Brahma,JD(U),19888,611,0.38,9,42,57,AS,Biswajit Brahma,JD(U),,,,,False,42,2021,AE
1719669,Leho Ram Boro,UPPL,19856,78818,46.75,1,42,58,AS,Leho Ram Boro,UPPL,,,,,False,42,2021,AE
1719670,Rangja Khungur Basumatary,BOPF,19857,46635,27.66,2,42,58,AS,Rangja Khungur Basumatary,BOPF,,,,,False,42,2021,AE
1719671,Keshab Chandra Rajbongshi,IND,19861,14379,8.53,3,42,58,AS,Keshab Chandra Rajbongshi,IND,,,,,False,42,2021,AE
1719672,Nirmala Das,BGanP,19867,7695,4.56,4,42,58,AS,Nirmala Das,BGanP,,,,,False,42,2021,AE
1719673,Yaswanta Chauhan,IND,19861,6549,3.88,5,42,58,AS,Yaswanta Chauhan,IND,,,,,False,42,2021,AE
1719674,Nagen Chandra Das,IND,19861,3713,2.2,6,42,58,AS,Nagen Chandra Das,IND,,,,,False,42,2021,AE
1719675,Nota,NOTA,19863,2562,1.52,7,42,58,AS,Nota,NOTA,,,,,True,42,2021,AE
1719676,Ramcharan Deka,IND,19861,2103,1.25,8,42,58,AS,Ramcharan Deka,IND,,,,,False,42,2021,AE
1719677,Kanak Basumatary,VPI,19862,1715,1.02,9,42,58,AS,Kanak Basumatary,VPI,,,,,False,42,2021,AE
1719678,Dimbeswar Rabha,IND,19861,1574,0.93,10,42,58,AS,Dimbeswar Rabha,IND,,,,,False,42,2021,AE
1719679,Satya Nath Kalita,IND,19861,1475,0.87,11,42,58,AS,Satya Nath Kalita,IND,,,,,False,42,2021,AE
1719680,Nilamani Rajbongshi,IND,19861,1361,0.81,12,42,58,AS,Nilamani Rajbongshi,IND,,,,,False,42,2021,AE
1719681,Jayanta Malla Baruah,BJP,19872,106190,58.84,1,42,59,AS,Jayanta Malla Baruah,BJP,,,,,False,42,2021,AE
1719682,Pradyut Kumar Bhuyan,INC,19858,56733,31.43,2,42,59,AS,Pradyut Kumar Bhuyan,INC,,,,,True,42,2021,AE
1719683,Nagen Deka,ASMJTYP,19881,11778,6.53,3,42,59,AS,Nagen Deka,ASMJTYP,,,,,False,42,2021,AE
1719684,Nota,NOTA,19863,1808,1.0,4,42,59,AS,Nota,NOTA,,,,,True,42,2021,AE
1719685,Gopi Baruah,AITC,19859,1389,0.77,5,42,59,AS,Gopi Baruah,AITC,,,,,False,42,2021,AE
1719686,Keshab Barman,IND,19861,1150,0.64,6,42,59,AS,Keshab Barman,IND,,,,,False,42,2021,AE
1719687,Kenedi Pegu,SUCI,19871,862,0.48,7,42,59,AS,Kenedi Pegu,SUCI,,,,,False,42,2021,AE
1719688,Apurba Pathak,IND,19861,575,0.32,8,42,59,AS,Apurba Pathak,IND,,,,,False,42,2021,AE
1719689,Diganta Barman,INC,19858,85826,49.46,1,42,60,AS,Diganta Barman,INC,,,,,True,42,2021,AE
1719690,Narayan Deka,BJP,19872,81772,47.13,2,42,60,AS,Narayan Deka,BJP,,,,,True,42,2021,AE
1719691,Pulakesh Baruah,ASMJTYP,19881,2582,1.49,3,42,60,AS,Pulakesh Baruah,ASMJTYP,,,,,False,42,2021,AE
1719692,Champak Kalita,AIUDF,19865,1106,0.64,4,42,60,AS,Champak Kalita,AIUDF,,,,,False,42,2021,AE
1719693,Nota,NOTA,19863,941,0.54,5,42,60,AS,Nota,NOTA,,,,,True,42,2021,AE
1719694,Santanu Kalita,JD(U),19888,805,0.46,6,42,60,AS,Santanu Kalita,JD(U),,,,,False,42,2021,AE
1719695,Bhupen Talukdar,IND,19861,487,0.28,7,42,60,AS,Bhupen Talukdar,IND,,,,,True,42,2021,AE
1719696,Chandra Mohan Patowary,BJP,19872,68362,56.73,1,42,61,AS,Chandra Mohan Patowary,BJP,,,,,True,42,2021,AE
1719697,Ratul Patowary,INC,19858,43328,35.96,2,42,61,AS,Ratul Patowary,INC,,,,,False,42,2021,AE
1719698,Dr. Shikhar Kumar Sarma,ASMJTYP,19881,6527,5.42,3,42,61,AS,Dr. Shikhar Kumar Sarma,ASMJTYP,,,,,False,42,2021,AE
1719699,Nota,NOTA,19863,1088,0.9,4,42,61,AS,Nota,NOTA,,,,,True,42,2021,AE
1719700,Jyotirmay Sharma,IND,19861,619,0.51,5,42,61,AS,Jyotirmay Sharma,IND,,,,,False,42,2021,AE
1719701,Pramod Chandra Bhagabati,SUCI,19871,571,0.47,6,42,61,AS,Pramod Chandra Bhagabati,SUCI,,,,,False,42,2021,AE
1719702,Bhupen Baro,UPPL,19856,62385,46.78,1,42,62,AS,Bhupen Baro,UPPL,,,,,False,42,2021,AE
1719703,Prabeen Baro,BOPF,19857,38613,28.96,2,42,62,AS,Prabeen Baro,BOPF,,,,,False,42,2021,AE
1719704,Naba Kumar Sarania,IND,19861,25890,19.42,3,42,62,AS,Naba Kumar Sarania,IND,,,,,False,42,2021,AE
1719705,Pradip Kumar Baro,IND,19861,2569,1.93,4,42,62,AS,Pradip Kumar Baro,IND,,,,,False,42,2021,AE
1719706,Nota,NOTA,19863,2092,1.57,5,42,62,AS,Nota,NOTA,,,,,True,42,2021,AE
1719707,Sarojani Basumatary,VPI,19862,1798,1.35,6,42,62,AS,Sarojani Basumatary,VPI,,,,,False,42,2021,AE
1719708,Urkhao Gwra Brahma,UPPL,19856,61804,48.58,1,42,63,AS,Urkhao Gwra Brahma,UPPL,,,,,False,42,2021,AE
1719709,Hitesh Basumatary,BOPF,19857,35065,27.56,2,42,63,AS,Hitesh Basumatary,BOPF,,,,,False,42,2021,AE
1719710,Sujan Das,IND,19861,20989,16.5,3,42,63,AS,Sujan Das,IND,,,,,True,42,2021,AE
1719711,Jyotish Kumar Das,IND,19861,5119,4.02,4,42,63,AS,Jyotish Kumar Das,IND,,,,,False,42,2021,AE
1719712,Nota,NOTA,19863,1884,1.48,5,42,63,AS,Nota,NOTA,,,,,True,42,2021,AE
1719713,Rajkumar Baro,VPI,19862,1441,1.13,6,42,63,AS,Rajkumar Baro,VPI,,,,,False,42,2021,AE
1719714,Khampha Khungur Goyary,IND,19861,921,0.72,7,42,63,AS,Khampha Khungur Goyary,IND,,,,,False,42,2021,AE
1719715,Biswajit Daimary,BJP,19872,72639,60.82,1,42,64,AS,Biswajit Daimary,BJP,,,,,False,42,2021,AE
1719716,Karuna Kanta Swargiary,BOPF,19857,36787,30.8,2,42,64,AS,Karuna Kanta Swargiary,BOPF,,,,,False,42,2021,AE
1719717,Biswajit Minj,IND,19861,2533,2.12,3,42,64,AS,Biswajit Minj,IND,,,,,False,42,2021,AE
1719718,Nota,NOTA,19863,2335,1.95,4,42,64,AS,Nota,NOTA,,,,,True,42,2021,AE
1719719,Bhumitra Kachari,VPI,19862,2103,1.76,5,42,64,AS,Bhumitra Kachari,VPI,,,,,False,42,2021,AE
1719720,Bapan Banik,IND,19861,1762,1.48,6,42,64,AS,Bapan Banik,IND,,,,,False,42,2021,AE
1719721,Swarnalata Chaliha,SUCI,19871,1280,1.07,7,42,64,AS,Swarnalata Chaliha,SUCI,,,,,True,42,2021,AE
1719722,Durga Das Boro,BOPF,19857,60815,41.05,1,42,65,AS,Durga Das Boro,BOPF,,,,,False,42,2021,AE
1719723,Madhu Ram Deka,BJP,19872,53713,36.26,2,42,65,AS,Madhu Ram Deka,BJP,,,,,False,42,2021,AE
1719724,Kamal Azad,UPPL,19856,16871,11.39,3,42,65,AS,Kamal Azad,UPPL,,,,,False,42,2021,AE
1719725,Jadav Saikia,ASMJTYP,19881,2908,1.96,4,42,65,AS,Jadav Saikia,ASMJTYP,,,,,False,42,2021,AE
1719726,Pankaj Asomiya,IND,19861,2549,1.72,5,42,65,AS,Pankaj Asomiya,IND,,,,,False,42,2021,AE
1719727,Dulal Kumar Baruah,IND,19861,2385,1.61,6,42,65,AS,Dulal Kumar Baruah,IND,,,,,False,42,2021,AE
1719728,Kamal Choudhury,IND,19861,2081,1.4,7,42,65,AS,Kamal Choudhury,IND,,,,,False,42,2021,AE
1719729,Nota,NOTA,19863,1324,0.89,8,42,65,AS,Nota,NOTA,,,,,True,42,2021,AE
1719730,Bhagaban Deka,VPI,19862,1245,0.84,9,42,65,AS,Bhagaban Deka,VPI,,,,,False,42,2021,AE
1719731,Rakesh Baro,IND,19861,972,0.66,10,42,65,AS,Rakesh Baro,IND,,,,,False,42,2021,AE
1719733,Gwmbwr Mochahary,IND,19861,837,0.57,11,42,65,AS,Gwmbwr Mochahary,IND,,,,,False,42,2021,AE
1719732,Kanu Ram Saikia,IND,19861,837,0.57,11,42,65,AS,Kanu Ram Saikia,IND,,,,,False,42,2021,AE
1719734,Sudhendu Mohan Talukdar,BGanP,19867,686,0.46,13,42,65,AS,Sudhendu Mohan Talukdar,BGanP,,,,,True,42,2021,AE
1719735,Radhe Shyam Chauhan,JD(U),19888,488,0.33,14,42,65,AS,Radhe Shyam Chauhan,JD(U),,,,,False,42,2021,AE
1719736,Jitendra Chaliha,SUCI,19871,427,0.29,15,42,65,AS,Jitendra Chaliha,SUCI,,,,,True,42,2021,AE
1719737,Paramananda Rajbongshi,BJP,19872,74739,50.33,1,42,66,AS,Paramananda Rajbongshi,BJP,,,,,False,42,2021,AE
1719738,Kuldip Barua,INC,19858,67605,45.52,2,42,66,AS,Kuldip Barua,INC,,,,,False,42,2021,AE
1719739,Gitika Kakati,ASMJTYP,19881,2201,1.48,3,42,66,AS,Gitika Kakati,ASMJTYP,,,,,False,42,2021,AE
1719740,Nota,NOTA,19863,1326,0.89,4,42,66,AS,Nota,NOTA,,,,,True,42,2021,AE
1719741,Sahnur Ali,IND,19861,877,0.59,5,42,66,AS,Sahnur Ali,IND,,,,,False,42,2021,AE
1719742,Amiya Kumar Deka,IND,19861,507,0.34,6,42,66,AS,Amiya Kumar Deka,IND,,,,,True,42,2021,AE
1719743,Hareswar Deka,VPI,19862,423,0.28,7,42,66,AS,Hareswar Deka,VPI,,,,,False,42,2021,AE
1719744,Asifun Nessa,IND,19861,360,0.24,8,42,66,AS,Asifun Nessa,IND,,,,,False,42,2021,AE
1719745,Aroon Barooa,IND,19861,248,0.17,9,42,66,AS,Aroon Barooa,IND,,,,,False,42,2021,AE
1719746,Paheswari Barua,SUCI,19871,219,0.15,10,42,66,AS,Paheswari Barua,SUCI,,,,,True,42,2021,AE
1719747,Basanta Das,INC,19858,111386,54.68,1,42,67,AS,Basanta Das,INC,,,,,True,42,2021,AE
1719748,Guru Jyoti Das,BJP,19872,87032,42.72,2,42,67,AS,Guru Jyoti Das,BJP,,,,,False,42,2021,AE
1719749,Gakul Baruah,ASMJTYP,19881,2746,1.35,3,42,67,AS,Gakul Baruah,ASMJTYP,,,,,False,42,2021,AE
1719750,Nota,NOTA,19863,1567,0.77,4,42,67,AS,Nota,NOTA,,,,,True,42,2021,AE
1719751,Jitendra Sarkar,VPI,19862,980,0.48,5,42,67,AS,Jitendra Sarkar,VPI,,,,,False,42,2021,AE
1719752,Mazibur Rahman,AIUDF,19865,118342,55.2,1,42,68,AS,Mazibur Rahman,AIUDF,,,,,True,42,2021,AE
1719753,Ilias Ali,INC,19858,62959,29.37,2,42,68,AS,Ilias Ali,INC,,,,,True,42,2021,AE
1719754,Habibar Rahman,AGP,19864,28344,13.22,3,42,68,AS,Habibar Rahman,AGP,,,,,True,42,2021,AE
1719755,Saiful Hoque,VPI,19862,1811,0.84,4,42,68,AS,Saiful Hoque,VPI,,,,,False,42,2021,AE
1719756,Nota,NOTA,19863,1689,0.79,5,42,68,AS,Nota,NOTA,,,,,True,42,2021,AE
1719757,Arab Ali,IND,19861,1227,0.57,6,42,68,AS,Arab Ali,IND,,,,,False,42,2021,AE
1719758,Gobinda Chandra Basumatari,UPPL,19856,61767,50.43,1,42,69,AS,Gobinda Chandra Basumatari,UPPL,,,,,False,42,2021,AE
1719759,Rihon Daimari,BOPF,19857,56916,46.47,2,42,69,AS,Rihon Daimari,BOPF,,,,,True,42,2021,AE
1719760,Nota,NOTA,19863,3805,3.11,3,42,69,AS,Nota,NOTA,,,,,True,42,2021,AE
1719761,Charan Boro,BOPF,19857,54409,42.32,1,42,70,AS,Charan Boro,BOPF,,,,,True,42,2021,AE
1719762,Jitu Kissan,BJP,19872,38352,29.83,2,42,70,AS,Jitu Kissan,BJP,,,,,False,42,2021,AE
1719763,Ratendra Daimary,UPPL,19856,28413,22.1,3,42,70,AS,Ratendra Daimary,UPPL,,,,,False,42,2021,AE
1719764,Saiful Islam,IND,19861,1971,1.53,4,42,70,AS,Saiful Islam,IND,,,,,False,42,2021,AE
1719765,Nota,NOTA,19863,1785,1.39,5,42,70,AS,Nota,NOTA,,,,,True,42,2021,AE
1719766,Santosh Kurmi,IND,19861,1247,0.97,6,42,70,AS,Santosh Kurmi,IND,,,,,False,42,2021,AE
1719767,Sunil Sarkar,VPI,19862,827,0.64,7,42,70,AS,Sunil Sarkar,VPI,,,,,False,42,2021,AE
1719768,Jiarul Hoque Sarker,IND,19861,654,0.51,8,42,70,AS,Jiarul Hoque Sarker,IND,,,,,False,42,2021,AE
1719769,Golam Mostafa,IND,19861,565,0.44,9,42,70,AS,Golam Mostafa,IND,,,,,False,42,2021,AE
1719770,Khurshid Alam Mazumdar,IND,19861,333,0.26,10,42,70,AS,Khurshid Alam Mazumdar,IND,,,,,False,42,2021,AE
1719771,Ashok Singhal,BJP,19872,93768,56.89,1,42,71,AS,Ashok Singhal,BJP,,,,,True,42,2021,AE
1719772,Benudhar Nath,INC,19858,58698,35.62,2,42,71,AS,Benudhar Nath,INC,,,,,False,42,2021,AE
1719773,Tarun Sahu,IND,19861,3494,2.12,3,42,71,AS,Tarun Sahu,IND,,,,,False,42,2021,AE
1719774,Nota,NOTA,19863,2559,1.55,4,42,71,AS,Nota,NOTA,,,,,True,42,2021,AE
1719775,Ranjay Basumatary,VPI,19862,2072,1.26,5,42,71,AS,Ranjay Basumatary,VPI,,,,,False,42,2021,AE
1719776,Satrughana Sasoni,ASMJTYP,19881,1560,0.95,6,42,71,AS,Satrughana Sasoni,ASMJTYP,,,,,False,42,2021,AE
1719777,Jagya Ram Mirdha,IND,19861,1414,0.86,7,42,71,AS,Jagya Ram Mirdha,IND,,,,,False,42,2021,AE
1719778,Sanjoy Dey,BGanP,19867,1245,0.76,8,42,71,AS,Sanjoy Dey,BGanP,,,,,False,42,2021,AE
1719779,Ganesh Kumar Limbu,BJP,19872,70569,51.5,1,42,72,AS,Ganesh Kumar Limbu,BJP,,,,,True,42,2021,AE
1719780,Ram Prasad Sharma,INC,19858,52787,38.52,2,42,72,AS,Ram Prasad Sharma,INC,,,,,False,42,2021,AE
1719781,Upen Raj Nath,ASMJTYP,19881,10192,7.44,3,42,72,AS,Upen Raj Nath,ASMJTYP,,,,,False,42,2021,AE
1719782,Nota,NOTA,19863,1856,1.35,4,42,72,AS,Nota,NOTA,,,,,True,42,2021,AE
1719783,Hemanta Kumar Adhikary,IND,19861,1624,1.19,5,42,72,AS,Hemanta Kumar Adhikary,IND,,,,,False,42,2021,AE
1719784,Prithiraj Rava,AGP,19864,71454,47.69,1,42,73,AS,Prithiraj Rava,AGP,,,,,False,42,2021,AE
1719785,Anuj Kumar Mech,INC,19858,61331,40.93,2,42,73,AS,Anuj Kumar Mech,INC,,,,,False,42,2021,AE
1719786,Janmoni Borah,ASMJTYP,19881,8686,5.8,3,42,73,AS,Janmoni Borah,ASMJTYP,,,,,False,42,2021,AE
1719787,Alok Nath,IND,19861,4037,2.69,4,42,73,AS,Alok Nath,IND,,,,,False,42,2021,AE
1719788,Nota,NOTA,19863,2050,1.37,5,42,73,AS,Nota,NOTA,,,,,True,42,2021,AE
1719789,Nayanmoni Choudhury,SUCI,19871,916,0.61,6,42,73,AS,Nayanmoni Choudhury,SUCI,,,,,False,42,2021,AE
1719790,Sheikh Mohammad Sadique,IND,19861,769,0.51,7,42,73,AS,Sheikh Mohammad Sadique,IND,,,,,False,42,2021,AE
1719791,Akash Jyoti Singha,IND,19861,590,0.39,8,42,73,AS,Akash Jyoti Singha,IND,,,,,False,42,2021,AE
1719792,Krishna Kamal Tanti,BJP,19872,70172,53.2,1,42,74,AS,Krishna Kamal Tanti,BJP,,,,,False,42,2021,AE
1719793,Abhijit Hazarika,INC,19858,47827,36.26,2,42,74,AS,Abhijit Hazarika,INC,,,,,False,42,2021,AE
1719794,Mathew Topno,IND,19861,6107,4.63,3,42,74,AS,Mathew Topno,IND,,,,,False,42,2021,AE
1719795,Ajay Tanti,ASMJTYP,19881,2976,2.26,4,42,74,AS,Ajay Tanti,ASMJTYP,,,,,False,42,2021,AE
1719796,Nota,NOTA,19863,2273,1.72,5,42,74,AS,Nota,NOTA,,,,,True,42,2021,AE
1719797,Jitendra Kumar Sharma,VPI,19862,1051,0.8,6,42,74,AS,Jitendra Kumar Sharma,VPI,,,,,False,42,2021,AE
1719798,Bijoy Tirkey,IND,19861,940,0.71,7,42,74,AS,Bijoy Tirkey,IND,,,,,False,42,2021,AE
1719799,Abdul Jalil,JD(U),19888,563,0.43,8,42,74,AS,Abdul Jalil,JD(U),,,,,False,42,2021,AE
1719800,Padma Hazarika,BJP,19872,84807,56.5,1,42,75,AS,Padma Hazarika,BJP,,,,,True,42,2021,AE
1719801,Praneswar Basumatary,INC,19858,60432,40.26,2,42,75,AS,Praneswar Basumatary,INC,,,,,True,42,2021,AE
1719802,Anila Basumatary,VPI,19862,2441,1.63,3,42,75,AS,Anila Basumatary,VPI,,,,,False,42,2021,AE
1719803,Nota,NOTA,19863,2411,1.61,4,42,75,AS,Nota,NOTA,,,,,True,42,2021,AE
1719804,Promod Borthakur,BJP,19872,71201,50.8,1,42,76,AS,Promod Borthakur,BJP,,,,,True,42,2021,AE
1719805,Anjan Borah,INC,19858,61991,44.23,2,42,76,AS,Anjan Borah,INC,,,,,False,42,2021,AE
1719806,Duldul Borkataki,ASMJTYP,19881,3033,2.16,3,42,76,AS,Duldul Borkataki,ASMJTYP,,,,,False,42,2021,AE
1719807,Nota,NOTA,19863,1774,1.27,4,42,76,AS,Nota,NOTA,,,,,True,42,2021,AE
1719808,Milicharan Basumatary,IND,19861,1171,0.84,5,42,76,AS,Milicharan Basumatary,IND,,,,,False,42,2021,AE
1719809,Dwip Borthakur,IND,19861,983,0.7,6,42,76,AS,Dwip Borthakur,IND,,,,,False,42,2021,AE
1719810,Ranjit Dutta,BJP,19872,53583,50.93,1,42,77,AS,Ranjit Dutta,BJP,,,,,True,42,2021,AE
1719811,Jayanta Borah,IND,19861,23744,22.57,2,42,77,AS,Jayanta Borah,IND,,,,,False,42,2021,AE
1719812,Bibek Das,CPI(ML)(L),19892,21531,20.46,3,42,77,AS,Bibek Das,CPI(ML)(L),,,,,True,42,2021,AE
1719813,Anjan Upadhyaya,ASMJTYP,19881,3343,3.18,4,42,77,AS,Anjan Upadhyaya,ASMJTYP,,,,,False,42,2021,AE
1719814,Nota,NOTA,19863,3012,2.86,5,42,77,AS,Nota,NOTA,,,,,True,42,2021,AE
1719815,Sri Utpal Borah,BJP,19872,93224,57.14,1,42,78,AS,Sri Utpal Borah,BJP,,,,,False,42,2021,AE
1719816,Ripun Bora,INC,19858,63930,39.18,2,42,78,AS,Ripun Bora,INC,,,,,False,42,2021,AE
1719817,Dr Gopal Phukan,ASMJTYP,19881,2904,1.78,3,42,78,AS,Dr Gopal Phukan,ASMJTYP,,,,,False,42,2021,AE
1719818,Nota,NOTA,19863,1753,1.07,4,42,78,AS,Nota,NOTA,,,,,True,42,2021,AE
1719819,Sri Sabir Narzary,VPI,19862,1352,0.83,5,42,78,AS,Sri Sabir Narzary,VPI,,,,,False,42,2021,AE
1719820,Pijush Hazarika,BJP,19872,106643,53.54,1,42,79,AS,Pijush Hazarika,BJP,,,,,True,42,2021,AE
1719821,Swapan Kumar Mandal,INC,19858,77239,38.78,2,42,79,AS,Swapan Kumar Mandal,INC,,,,,False,42,2021,AE
1719822,Bubul Das,ASMJTYP,19881,12815,6.43,3,42,79,AS,Bubul Das,ASMJTYP,,,,,False,42,2021,AE
1719823,Nota,NOTA,19863,1595,0.8,4,42,79,AS,Nota,NOTA,,,,,True,42,2021,AE
1719824,Sukanta Mazumdar,BGanP,19867,903,0.45,5,42,79,AS,Sukanta Mazumdar,BGanP,,,,,True,42,2021,AE
1719825,Rama Kanta Dewri,BJP,19872,81657,52.15,1,42,80,AS,Rama Kanta Dewri,BJP,,,,,True,42,2021,AE
1719826,Bani Kanta Das,ASMJTYP,19881,45125,28.82,2,42,80,AS,Bani Kanta Das,ASMJTYP,,,,,False,42,2021,AE
1719827,Munin Mahanta,CPI,19880,27290,17.43,3,42,80,AS,Munin Mahanta,CPI,,,,,True,42,2021,AE
1719828,Nota,NOTA,19863,1571,1.0,4,42,80,AS,Nota,NOTA,,,,,True,42,2021,AE
1719829,Ratul Bora,IND,19861,939,0.6,5,42,80,AS,Ratul Bora,IND,,,,,False,42,2021,AE
1719830,Dr. Asif Mohammad Nazar,INC,19858,60932,37.3,1,42,81,AS,Dr. Asif Mohammad Nazar,INC,,,,,False,42,2021,AE
1719831,Siddique Ahmed,IND,19861,58904,36.06,2,42,81,AS,Siddique Ahmed,IND,,,,,False,42,2021,AE
1719832,Kadiruzzaman Zinnah,BJP,19872,34732,21.26,3,42,81,AS,Kadiruzzaman Zinnah,BJP,,,,,False,42,2021,AE
1719833,Mahananda Patgiri,IND,19861,3783,2.32,4,42,81,AS,Mahananda Patgiri,IND,,,,,False,42,2021,AE
1719834,Shomzida Yeasmin,ASMJTYP,19881,1371,0.84,5,42,81,AS,Shomzida Yeasmin,ASMJTYP,,,,,False,42,2021,AE
1719835,Nota,NOTA,19863,1073,0.66,6,42,81,AS,Nota,NOTA,,,,,True,42,2021,AE
1719836,Mazaharul Islam Siddiquee,IND,19861,849,0.52,7,42,81,AS,Mazaharul Islam Siddiquee,IND,,,,,False,42,2021,AE
1719837,Rajaul Karim,IND,19861,789,0.48,8,42,81,AS,Rajaul Karim,IND,,,,,False,42,2021,AE
1719838,Rabindra Nath Biswas,IND,19861,512,0.31,9,42,81,AS,Rabindra Nath Biswas,IND,,,,,True,42,2021,AE
1719839,Taslima Nasrin,JD(U),19888,424,0.26,10,42,81,AS,Taslima Nasrin,JD(U),,,,,False,42,2021,AE
1719840,Sashi Kanta Das,INC,19858,89511,50.05,1,42,82,AS,Sashi Kanta Das,INC,,,,,True,42,2021,AE
1719841,Bishnu Das,AGP,19864,76453,42.75,2,42,82,AS,Bishnu Das,AGP,,,,,False,42,2021,AE
1719842,Utpal Bania,ASMJTYP,19881,5616,3.14,3,42,82,AS,Utpal Bania,ASMJTYP,,,,,False,42,2021,AE
1719843,Rubul Das,IND,19861,2289,1.28,4,42,82,AS,Rubul Das,IND,,,,,False,42,2021,AE
1719844,Nota,NOTA,19863,1517,0.85,5,42,82,AS,Nota,NOTA,,,,,True,42,2021,AE
1719845,Guneswar Das,IND,19861,1214,0.68,6,42,82,AS,Guneswar Das,IND,,,,,False,42,2021,AE
1719846,Chitralekha Das,IND,19861,1139,0.64,7,42,82,AS,Chitralekha Das,IND,,,,,False,42,2021,AE
1719847,Moni Das,JP,19899,1110,0.62,8,42,82,AS,Moni Das,JP,,,,,False,42,2021,AE
1719848,Aminul Islam,AIUDF,19865,145888,70.39,1,42,83,AS,Aminul Islam,AIUDF,,,,,True,42,2021,AE
1719849,Mehboob Muktar,IND,19861,42921,20.71,2,42,83,AS,Mehboob Muktar,IND,,,,,False,42,2021,AE
1719850,Sanjib Kumar Bora,BJP,19872,9048,4.37,3,42,83,AS,Sanjib Kumar Bora,BJP,,,,,False,42,2021,AE
1719851,Inamul Huda,RCPI(R),19902,3453,1.67,4,42,83,AS,Inamul Huda,RCPI(R),,,,,False,42,2021,AE
1719852,Nota,NOTA,19863,1820,0.88,5,42,83,AS,Nota,NOTA,,,,,True,42,2021,AE
1719853,Mustafa Shahidul Islam,IND,19861,1327,0.64,6,42,83,AS,Mustafa Shahidul Islam,IND,,,,,False,42,2021,AE
1719854,Md. Anjar Hussain,ASMJTYP,19881,1139,0.55,7,42,83,AS,Md. Anjar Hussain,ASMJTYP,,,,,False,42,2021,AE
1719855,Saiful Islam Choudhury,AJM,19869,881,0.43,8,42,83,AS,Saiful Islam Choudhury,AJM,,,,,False,42,2021,AE
1719856,Shahnaz Begum,JD(U),19888,767,0.37,9,42,83,AS,Shahnaz Begum,JD(U),,,,,False,42,2021,AE
1719857,Sibamoni Bora,INC,19858,84278,60.02,1,42,84,AS,Sibamoni Bora,INC,,,,,False,42,2021,AE
1719858,Angoorlata Deka,BJP,19872,51458,36.64,2,42,84,AS,Angoorlata Deka,BJP,,,,,True,42,2021,AE
1719859,Matiur Rahman,IND,19861,1690,1.2,3,42,84,AS,Matiur Rahman,IND,,,,,False,42,2021,AE
1719860,Nota,NOTA,19863,1078,0.77,4,42,84,AS,Nota,NOTA,,,,,True,42,2021,AE
1719861,Anupam Baruah,JD(U),19888,815,0.58,5,42,84,AS,Anupam Baruah,JD(U),,,,,False,42,2021,AE
1719862,Musleha Begum,RUC,19876,463,0.33,6,42,84,AS,Musleha Begum,RUC,,,,,False,42,2021,AE
1719863,Prafulla Rajkhowa,IND,19861,370,0.26,7,42,84,AS,Prafulla Rajkhowa,IND,,,,,False,42,2021,AE
1719864,Fakar Uddin,AJM,19869,274,0.2,8,42,84,AS,Fakar Uddin,AJM,,,,,False,42,2021,AE
1719865,Nurul Huda,INC,19858,132091,73.0,1,42,85,AS,Nurul Huda,INC,,,,,True,42,2021,AE
1719866,Najir Hussain,BJP,19872,25739,14.22,2,42,85,AS,Najir Hussain,BJP,,,,,False,42,2021,AE
1719867,Shafiqul Islam,ASMJTYP,19881,10006,5.53,3,42,85,AS,Shafiqul Islam,ASMJTYP,,,,,False,42,2021,AE
1719868,Nurul Amin Chowdhury,IND,19861,8138,4.5,4,42,85,AS,Nurul Amin Chowdhury,IND,,,,,False,42,2021,AE
1719869,Nazrul Islam,IND,19861,1535,0.85,5,42,85,AS,Nazrul Islam,IND,,,,,False,42,2021,AE
1719870,Abu Shama,IND,19861,1117,0.62,6,42,85,AS,Abu Shama,IND,,,,,False,42,2021,AE
1719871,Nota,NOTA,19863,997,0.55,7,42,85,AS,Nota,NOTA,,,,,True,42,2021,AE
1719872,Samsul Alam,JD(U),19888,478,0.26,8,42,85,AS,Samsul Alam,JD(U),,,,,False,42,2021,AE
1719873,Jinnatul Islam,RUC,19876,443,0.24,9,42,85,AS,Jinnatul Islam,RUC,,,,,False,42,2021,AE
1719874,Wakibur Islam,IND,19861,408,0.23,10,42,85,AS,Wakibur Islam,IND,,,,,False,42,2021,AE
1719875,Rupak Sarmah,BJP,19872,81098,52.01,1,42,86,AS,Rupak Sarmah,BJP,,,,,True,42,2021,AE
1719876,Santanu Sarma,INC,19858,70015,44.9,2,42,86,AS,Santanu Sarma,INC,,,,,False,42,2021,AE
1719877,Anup Laskar,ASMJTYP,19881,2009,1.29,3,42,86,AS,Anup Laskar,ASMJTYP,,,,,False,42,2021,AE
1719878,Nota,NOTA,19863,1095,0.7,4,42,86,AS,Nota,NOTA,,,,,True,42,2021,AE
1719879,Asha Begum,IND,19861,352,0.23,5,42,86,AS,Asha Begum,IND,,,,,False,42,2021,AE
1719880,Nripendra Mandal,IND,19861,328,0.21,6,42,86,AS,Nripendra Mandal,IND,,,,,False,42,2021,AE
1719881,Sahjahan Ali Ahmed,RUC,19876,322,0.21,7,42,86,AS,Sahjahan Ali Ahmed,RUC,,,,,False,42,2021,AE
1719882,Anwar Wahid,IND,19861,238,0.15,8,42,86,AS,Anwar Wahid,IND,,,,,False,42,2021,AE
1719883,Abdul Awal Bhuyan,LJP,19900,172,0.11,9,42,86,AS,Abdul Awal Bhuyan,LJP,,,,,False,42,2021,AE
1719884,Jiabur Rahman,IND,19861,160,0.1,10,42,86,AS,Jiabur Rahman,IND,,,,,False,42,2021,AE
1719885,Ikbal Hussain,IND,19861,153,0.1,11,42,86,AS,Ikbal Hussain,IND,,,,,False,42,2021,AE
1719886,Jitu Goswami,BJP,19872,70111,48.7,1,42,87,AS,Jitu Goswami,BJP,,,,,False,42,2021,AE
1719887,Suresh Borah,INC,19858,69360,48.18,2,42,87,AS,Suresh Borah,INC,,,,,False,42,2021,AE
1719888,Dipika Saikia Keot,ASMJTYP,19881,1922,1.34,3,42,87,AS,Dipika Saikia Keot,ASMJTYP,,,,,False,42,2021,AE
1719889,Nota,NOTA,19863,1291,0.9,4,42,87,AS,Nota,NOTA,,,,,True,42,2021,AE
1719890,Sonaram Bora,SUCI,19871,523,0.36,5,42,87,AS,Sonaram Bora,SUCI,,,,,False,42,2021,AE
1719891,Samsheddin Ahmed,IND,19861,417,0.29,6,42,87,AS,Samsheddin Ahmed,IND,,,,,False,42,2021,AE
1719892,Parbin Choudhury,AJM,19869,333,0.23,7,42,87,AS,Parbin Choudhury,AJM,,,,,False,42,2021,AE
1719893,Rakibul Hussain,INC,19858,81123,58.09,1,42,88,AS,Rakibul Hussain,INC,,,,,True,42,2021,AE
1719894,Anil Saikia,BJP,19872,55025,39.4,2,42,88,AS,Anil Saikia,BJP,,,,,False,42,2021,AE
1719895,Abidur Rahman,ASMJTYP,19881,1678,1.2,3,42,88,AS,Abidur Rahman,ASMJTYP,,,,,False,42,2021,AE
1719896,Nota,NOTA,19863,1116,0.8,4,42,88,AS,Nota,NOTA,,,,,True,42,2021,AE
1719897,Pranjit Bhowmik,BGanP,19867,705,0.5,5,42,88,AS,Pranjit Bhowmik,BGanP,,,,,False,42,2021,AE
1719898,Keshab Mahanta,AGP,19864,73677,59.06,1,42,89,AS,Keshab Mahanta,AGP,,,,,True,42,2021,AE
1719899,Prasanta Kumar Saikia,INC,19858,44957,36.04,2,42,89,AS,Prasanta Kumar Saikia,INC,,,,,False,42,2021,AE
1719900,Mukul Baruah,ASMJTYP,19881,2627,2.11,3,42,89,AS,Mukul Baruah,ASMJTYP,,,,,False,42,2021,AE
1719901,Nota,NOTA,19863,1809,1.45,4,42,89,AS,Nota,NOTA,,,,,True,42,2021,AE
1719902,Bhaskar Sarmah,IND,19861,1676,1.34,5,42,89,AS,Bhaskar Sarmah,IND,,,,,False,42,2021,AE
1719903,Siraj Uddin Ajmal,AIUDF,19865,136902,73.14,1,42,90,AS,Siraj Uddin Ajmal,AIUDF,,,,,False,42,2021,AE
1719904,Sadik Ullah Bhuyan,AGP,19864,18342,9.8,2,42,90,AS,Sadik Ullah Bhuyan,AGP,,,,,False,42,2021,AE
1719905,Diluwara Begum Chowdhury,IND,19861,18028,9.63,3,42,90,AS,Diluwara Begum Chowdhury,IND,,,,,False,42,2021,AE
1719906,Badar Uddin,IND,19861,3370,1.8,4,42,90,AS,Badar Uddin,IND,,,,,True,42,2021,AE
1719907,Bodrul Hoque,ASMJTYP,19881,3292,1.76,5,42,90,AS,Bodrul Hoque,ASMJTYP,,,,,False,42,2021,AE
1719908,Hari Mohan Das,IND,19861,1657,0.89,6,42,90,AS,Hari Mohan Das,IND,,,,,False,42,2021,AE
1719909,Nota,NOTA,19863,1575,0.84,7,42,90,AS,Nota,NOTA,,,,,True,42,2021,AE
1719910,Rezwan Ahmed,AITC,19859,1410,0.75,8,42,90,AS,Rezwan Ahmed,AITC,,,,,False,42,2021,AE
1719911,Nashir Uddin Laskar,IND,19861,596,0.32,9,42,90,AS,Nashir Uddin Laskar,IND,,,,,False,42,2021,AE
1719912,Noor Ahmed,IND,19861,510,0.27,10,42,90,AS,Noor Ahmed,IND,,,,,False,42,2021,AE
1719913,Siraj Uddin,IND,19861,383,0.2,11,42,90,AS,Siraj Uddin,IND,,,,,False,42,2021,AE
1719914,Gauri Kuwar,IND,19861,373,0.2,12,42,90,AS,Gauri Kuwar,IND,,,,,False,42,2021,AE
1719915,Abdul Malik Borbhuyan,IND,19861,289,0.15,13,42,90,AS,Abdul Malik Borbhuyan,IND,,,,,False,42,2021,AE
1719916,Jahirul Islam Laskar,JD(U),19888,238,0.13,14,42,90,AS,Jahirul Islam Laskar,JD(U),,,,,False,42,2021,AE
1719917,Abdul Kadir,IND,19861,217,0.12,15,42,90,AS,Abdul Kadir,IND,,,,,False,42,2021,AE
1719918,Ramkrishna Ghosh,BJP,19872,125790,56.64,1,42,91,AS,Ramkrishna Ghosh,BJP,,,,,False,42,2021,AE
1719919,Debabrata Saha,INC,19858,92008,41.43,2,42,91,AS,Debabrata Saha,INC,,,,,False,42,2021,AE
1719920,Nota,NOTA,19863,1724,0.78,3,42,91,AS,Nota,NOTA,,,,,True,42,2021,AE
1719921,Raj Kumar Gupta,LRAP,19903,1137,0.51,4,42,91,AS,Raj Kumar Gupta,LRAP,,,,,False,42,2021,AE
1719922,Dulal Sutradhar,IND,19861,727,0.33,5,42,91,AS,Dulal Sutradhar,IND,,,,,False,42,2021,AE
1719923,Najmul Hussain Laskar,IND,19861,710,0.32,6,42,91,AS,Najmul Hussain Laskar,IND,,,,,False,42,2021,AE
1719924,Sibu Misra,BJP,19872,89108,51.04,1,42,92,AS,Sibu Misra,BJP,,,,,True,42,2021,AE
1719925,Swapan Kar,INC,19858,77377,44.32,2,42,92,AS,Swapan Kar,INC,,,,,False,42,2021,AE
1719926,Mausumi Sarma Bezbaruah,ASMJTYP,19881,3260,1.87,3,42,92,AS,Mausumi Sarma Bezbaruah,ASMJTYP,,,,,False,42,2021,AE
1719927,Nota,NOTA,19863,1485,0.85,4,42,92,AS,Nota,NOTA,,,,,True,42,2021,AE
1719928,Sayed Hussain Borbhuyan,IND,19861,993,0.57,5,42,92,AS,Sayed Hussain Borbhuyan,IND,,,,,False,42,2021,AE
1719929,Tutu Acharjya,AITC,19859,928,0.53,6,42,92,AS,Tutu Acharjya,AITC,,,,,False,42,2021,AE
1719930,Ujjal Deb,IND,19861,732,0.42,7,42,92,AS,Ujjal Deb,IND,,,,,True,42,2021,AE
1719931,Iskikar Ahmed,IND,19861,696,0.4,8,42,92,AS,Iskikar Ahmed,IND,,,,,False,42,2021,AE
1719932,Atul Bora,AGP,19864,72930,60.56,1,42,93,AS,Atul Bora,AGP,,,,,True,42,2021,AE
1719933,Pranab Doley,IND,19861,27749,23.04,2,42,93,AS,Pranab Doley,IND,,,,,False,42,2021,AE
1719934,Jiten Gogoi,IND,19861,5550,4.61,3,42,93,AS,Jiten Gogoi,IND,,,,,False,42,2021,AE
1719935,Jibon Chandra Borah,IND,19861,3360,2.79,4,42,93,AS,Jibon Chandra Borah,IND,,,,,False,42,2021,AE
1719936,Nota,NOTA,19863,2482,2.06,5,42,93,AS,Nota,NOTA,,,,,True,42,2021,AE
1719937,Reba Kanta Gogoi,ASMJTYP,19881,2334,1.94,6,42,93,AS,Reba Kanta Gogoi,ASMJTYP,,,,,False,42,2021,AE
1719938,Dulal Bora,IND,19861,1545,1.28,7,42,93,AS,Dulal Bora,IND,,,,,False,42,2021,AE
1719939,Bijoy Kutum,IND,19861,984,0.82,8,42,93,AS,Bijoy Kutum,IND,,,,,True,42,2021,AE
1719940,Mridul Saikia,NCP,19894,983,0.82,9,42,93,AS,Mridul Saikia,NCP,,,,,False,42,2021,AE
1719941,Hemanta Doloi,IND,19861,933,0.77,10,42,93,AS,Hemanta Doloi,IND,,,,,False,42,2021,AE
1719942,Dinesh Karmakar,IND,19861,928,0.77,11,42,93,AS,Dinesh Karmakar,IND,,,,,False,42,2021,AE
1719943,Simon Tanti,IND,19861,649,0.54,12,42,93,AS,Simon Tanti,IND,,,,,False,42,2021,AE
1719944,Biswajit Phukan,BJP,19872,107090,51.49,1,42,94,AS,Biswajit Phukan,BJP,,,,,False,42,2021,AE
1719945,Roselina Tirkey,INC,19858,67731,32.57,2,42,94,AS,Roselina Tirkey,INC,,,,,True,42,2021,AE
1719946,Raju Phukan,ASMJTYP,19881,27656,13.3,3,42,94,AS,Raju Phukan,ASMJTYP,,,,,False,42,2021,AE
1719947,Nota,NOTA,19863,2945,1.42,4,42,94,AS,Nota,NOTA,,,,,True,42,2021,AE
1719948,Gopal Gogoi,IND,19861,2564,1.23,5,42,94,AS,Gopal Gogoi,IND,,,,,False,42,2021,AE
1719949,Ajanta Neog,BJP,19872,81651,50.63,1,42,95,AS,Ajanta Neog,BJP,,,,,False,42,2021,AE
1719950,Bitupan Saikia,INC,19858,72326,44.84,2,42,95,AS,Bitupan Saikia,INC,,,,,False,42,2021,AE
1719951,Rina Saikia,ASMJTYP,19881,5062,3.14,3,42,95,AS,Rina Saikia,ASMJTYP,,,,,False,42,2021,AE
1719952,Nota,NOTA,19863,2245,1.39,4,42,95,AS,Nota,NOTA,,,,,True,42,2021,AE
1719953,Mrinal Saikia,BJP,19872,65655,56.49,1,42,96,AS,Mrinal Saikia,BJP,,,,,True,42,2021,AE
1719954,Bismita Gogoi,INC,19858,38522,33.14,2,42,96,AS,Bismita Gogoi,INC,,,,,True,42,2021,AE
1719955,Paban Saikia,ASMJTYP,19881,7368,6.34,3,42,96,AS,Paban Saikia,ASMJTYP,,,,,False,42,2021,AE
1719956,Priyam Konwar,IND,19861,1527,1.31,4,42,96,AS,Priyam Konwar,IND,,,,,False,42,2021,AE
1719957,Nota,NOTA,19863,1399,1.2,5,42,96,AS,Nota,NOTA,,,,,True,42,2021,AE
1719958,Susenfa Gogoi,ASM,19904,1090,0.94,6,42,96,AS,Susenfa Gogoi,ASM,,,,,False,42,2021,AE
1719959,Dipak Guwala,IND,19861,672,0.58,7,42,96,AS,Dipak Guwala,IND,,,,,False,42,2021,AE
1719960,Bhabendra Nath Bharali,AGP,19864,64043,48.12,1,42,97,AS,Bhabendra Nath Bharali,AGP,,,,,True,42,2021,AE
1719961,Bani Hazarika,INC,19858,51546,38.73,2,42,97,AS,Bani Hazarika,INC,,,,,False,42,2021,AE
1719962,Ananda Chandra Das,ASMJTYP,19881,7585,5.7,3,42,97,AS,Ananda Chandra Das,ASMJTYP,,,,,False,42,2021,AE
1719963,Probin Das,IND,19861,7487,5.63,4,42,97,AS,Probin Das,IND,,,,,False,42,2021,AE
1719964,Nota,NOTA,19863,2441,1.83,5,42,97,AS,Nota,NOTA,,,,,True,42,2021,AE
1719965,Hitendra Nath Goswami,BJP,19872,68321,48.84,1,42,98,AS,Hitendra Nath Goswami,BJP,,,,,True,42,2021,AE
1719966,Rana Goswami,INC,19858,61833,44.2,2,42,98,AS,Rana Goswami,INC,,,,,True,42,2021,AE
1719967,Nirod Changkakoti,ASMJTYP,19881,6925,4.95,3,42,98,AS,Nirod Changkakoti,ASMJTYP,,,,,False,42,2021,AE
1719968,Nota,NOTA,19863,1717,1.23,4,42,98,AS,Nota,NOTA,,,,,True,42,2021,AE
1719969,Ranjit Baruah,IND,19861,1100,0.79,5,42,98,AS,Ranjit Baruah,IND,,,,,False,42,2021,AE
1719970,Sarbananda Sonowal,BJP,19872,71436,67.53,1,42,99,AS,Sarbananda Sonowal,BJP,,,,,True,42,2021,AE
1719971,Rajib Lochan Pegu,INC,19858,28244,26.7,2,42,99,AS,Rajib Lochan Pegu,INC,,,,,True,42,2021,AE
1719972,Sishudhar Doley,ASMJTYP,19881,3246,3.07,3,42,99,AS,Sishudhar Doley,ASMJTYP,,,,,False,42,2021,AE
1719973,Bhaity Richong,SUCI,19871,1080,1.02,4,42,99,AS,Bhaity Richong,SUCI,,,,,False,42,2021,AE
1719974,Nota,NOTA,19863,1075,1.02,5,42,99,AS,Nota,NOTA,,,,,True,42,2021,AE
1719975,Purna Pegu,IND,19861,701,0.66,6,42,99,AS,Purna Pegu,IND,,,,,False,42,2021,AE
1719976,Bhaskar Jyoti Baruah,INC,19858,64303,52.89,1,42,100,AS,Bhaskar Jyoti Baruah,INC,,,,,False,42,2021,AE
1719977,Hemanta Kalita,BJP,19872,50924,41.89,2,42,100,AS,Hemanta Kalita,BJP,,,,,False,42,2021,AE
1719978,Sailendra Kumar Hazarika,ASMJTYP,19881,3885,3.2,3,42,100,AS,Sailendra Kumar Hazarika,ASMJTYP,,,,,False,42,2021,AE
1719979,Nota,NOTA,19863,1562,1.28,4,42,100,AS,Nota,NOTA,,,,,True,42,2021,AE
1719980,Dilip Gogoi,IND,19861,901,0.74,5,42,100,AS,Dilip Gogoi,IND,,,,,True,42,2021,AE
1719981,Rupjyoti Kurmi,INC,19858,47308,49.36,1,42,101,AS,Rupjyoti Kurmi,INC,,,,,True,42,2021,AE
1719982,Ramani Tanti,BJP,19872,44862,46.81,2,42,101,AS,Ramani Tanti,BJP,,,,,False,42,2021,AE
1719983,Nota,NOTA,19863,2056,2.15,3,42,101,AS,Nota,NOTA,,,,,True,42,2021,AE
1719984,Gopal Chandra Ghatuwar,ASM,19904,1612,1.68,4,42,101,AS,Gopal Chandra Ghatuwar,ASM,,,,,False,42,2021,AE
1719985,Renupoma Rajkhowa,AGP,19864,47555,45.78,1,42,102,AS,Renupoma Rajkhowa,AGP,,,,,True,42,2021,AE
1719986,Pallabi Gogoi,INC,19858,46205,44.48,2,42,102,AS,Pallabi Gogoi,INC,,,,,False,42,2021,AE
1719987,Kabindra Chetia Phukan,IND,19861,5956,5.73,3,42,102,AS,Kabindra Chetia Phukan,IND,,,,,False,42,2021,AE
1719988,Nota,NOTA,19863,1927,1.86,4,42,102,AS,Nota,NOTA,,,,,True,42,2021,AE
1719989,Simanta Kumar Dutta,IND,19861,1120,1.08,5,42,102,AS,Simanta Kumar Dutta,IND,,,,,False,42,2021,AE
1719990,Rubi Neog,LJP,19900,1109,1.07,6,42,102,AS,Rubi Neog,LJP,,,,,False,42,2021,AE
1719991,Prodip Hazarika,AGP,19864,49891,48.03,1,42,103,AS,Prodip Hazarika,AGP,,,,,True,42,2021,AE
1719992,Angkita Dutta,INC,19858,43712,42.08,2,42,103,AS,Angkita Dutta,INC,,,,,True,42,2021,AE
1719993,Chandra Boruah,ASMJTYP,19881,6987,6.73,3,42,103,AS,Chandra Boruah,ASMJTYP,,,,,False,42,2021,AE
1719994,Nota,NOTA,19863,1313,1.26,4,42,103,AS,Nota,NOTA,,,,,True,42,2021,AE
1719995,Pradip Hazarika,IND,19861,1022,0.98,5,42,103,AS,Pradip Hazarika,IND,,,,,False,42,2021,AE
1719996,Rajkumar Duwara,IND,19861,959,0.92,6,42,103,AS,Rajkumar Duwara,IND,,,,,False,42,2021,AE
1719997,Debabrata Saikia,INC,19858,52387,47.56,1,42,104,AS,Debabrata Saikia,INC,,,,,True,42,2021,AE
1719998,Mayur Borgohain,BJP,19872,51704,46.94,2,42,104,AS,Mayur Borgohain,BJP,,,,,False,42,2021,AE
1719999,Ribulaya Gogoi,ASMJTYP,19881,2896,2.63,3,42,104,AS,Ribulaya Gogoi,ASMJTYP,,,,,False,42,2021,AE
1720000,Nota,NOTA,19863,1470,1.33,4,42,104,AS,Nota,NOTA,,,,,True,42,2021,AE
1720001,Mintu Boruah,IND,19861,1061,0.96,5,42,104,AS,Mintu Boruah,IND,,,,,False,42,2021,AE
1720002,Horen Borgohain,AIFB,19885,640,0.58,6,42,104,AS,Horen Borgohain,AIFB,,,,,False,42,2021,AE
1720003,Jogen Mohan,BJP,19872,51282,45.18,1,42,105,AS,Jogen Mohan,BJP,,,,,True,42,2021,AE
1720004,Suruj Dehingia,INC,19858,38147,33.61,2,42,105,AS,Suruj Dehingia,INC,,,,,True,42,2021,AE
1720005,Manik Gogoi,ASMJTYP,19881,11357,10.01,3,42,105,AS,Manik Gogoi,ASMJTYP,,,,,False,42,2021,AE
1720006,Lohit Gogoi,IND,19861,9441,8.32,4,42,105,AS,Lohit Gogoi,IND,,,,,False,42,2021,AE
1720007,Nota,NOTA,19863,1340,1.18,5,42,105,AS,Nota,NOTA,,,,,True,42,2021,AE
1720008,Biman Boruah,NCP,19894,693,0.61,6,42,105,AS,Biman Boruah,NCP,,,,,False,42,2021,AE
1720009,Ranjit Sahu,IND,19861,642,0.57,7,42,105,AS,Ranjit Sahu,IND,,,,,False,42,2021,AE
1720010,Bhupen Phukon,AIFB,19885,595,0.52,8,42,105,AS,Bhupen Phukon,AIFB,,,,,False,42,2021,AE
1720011,Dharmeswar Konwar,BJP,19872,69690,48.0,1,42,106,AS,Dharmeswar Konwar,BJP,,,,,False,42,2021,AE
1720012,Sushil Kumar Suri,INC,19858,54573,37.59,2,42,106,AS,Sushil Kumar Suri,INC,,,,,False,42,2021,AE
1720013,Gautom Hatimuria,ASMJTYP,19881,16799,11.57,3,42,106,AS,Gautom Hatimuria,ASMJTYP,,,,,False,42,2021,AE
1720014,Nota,NOTA,19863,2510,1.73,4,42,106,AS,Nota,NOTA,,,,,True,42,2021,AE
1720015,Ratan Hemrom,IND,19861,1617,1.11,5,42,106,AS,Ratan Hemrom,IND,,,,,True,42,2021,AE
1720016,Sushanta Borgohain,INC,19858,48026,49.56,1,42,107,AS,Sushanta Borgohain,INC,,,,,True,42,2021,AE
1720017,Kushal Dowari,BJP,19872,46020,47.49,2,42,107,AS,Kushal Dowari,BJP,,,,,True,42,2021,AE
1720018,Dipen Tanti,ASMJTYP,19881,1705,1.76,3,42,107,AS,Dipen Tanti,ASMJTYP,,,,,False,42,2021,AE
1720019,Nota,NOTA,19863,1146,1.18,4,42,107,AS,Nota,NOTA,,,,,True,42,2021,AE
1720020,Akhil Gogoi,IND,19861,57219,46.06,1,42,108,AS,Akhil Gogoi,IND,,,,,False,42,2021,AE
1720021,Surabhi Rajkonwari,BJP,19872,45344,36.5,2,42,108,AS,Surabhi Rajkonwari,BJP,,,,,False,42,2021,AE
1720022,Subhramitra Gogoi,INC,19858,19329,15.56,3,42,108,AS,Subhramitra Gogoi,INC,,,,,False,42,2021,AE
1720023,Rupa Borah,IND,19861,819,0.66,4,42,108,AS,Rupa Borah,IND,,,,,False,42,2021,AE
1720024,Nota,NOTA,19863,639,0.51,5,42,108,AS,Nota,NOTA,,,,,True,42,2021,AE
1720025,Hemanta Boruah,IND,19861,435,0.35,6,42,108,AS,Hemanta Boruah,IND,,,,,False,42,2021,AE
1720026,Ajit Hazarika,NCP,19894,434,0.35,7,42,108,AS,Ajit Hazarika,NCP,,,,,False,42,2021,AE
1720027,Dr. Amiya Kumar Bhuyan,BJP,19872,58979,48.53,1,42,109,AS,Dr. Amiya Kumar Bhuyan,BJP,,,,,False,42,2021,AE
1720028,Bhupen Kumar Borah,INC,19858,48801,40.16,2,42,109,AS,Bhupen Kumar Borah,INC,,,,,True,42,2021,AE
1720029,Achyut Saikia (Madhab),ASMJTYP,19881,6510,5.36,3,42,109,AS,Achyut Saikia (Madhab),ASMJTYP,,,,,False,42,2021,AE
1720030,Anup Saikia,IND,19861,2545,2.09,4,42,109,AS,Anup Saikia,IND,,,,,False,42,2021,AE
1720031,Tuleswar Pegu,IND,19861,1932,1.59,5,42,109,AS,Tuleswar Pegu,IND,,,,,False,42,2021,AE
1720032,Nota,NOTA,19863,814,0.67,6,42,109,AS,Nota,NOTA,,,,,True,42,2021,AE
1720033,Premadhar Bora,IND,19861,744,0.61,7,42,109,AS,Premadhar Bora,IND,,,,,False,42,2021,AE
1720034,Shobheshwar Gogoi,VPI,19862,729,0.6,8,42,109,AS,Shobheshwar Gogoi,VPI,,,,,False,42,2021,AE
1720035,Mohim Bania,IND,19861,472,0.39,9,42,109,AS,Mohim Bania,IND,,,,,False,42,2021,AE
1720036,Bharat Chandra Narah,INC,19858,52905,27.34,1,42,110,AS,Bharat Chandra Narah,INC,,,,,False,42,2021,AE
1720037,Ajijur Rahman,IND,19861,49292,25.47,2,42,110,AS,Ajijur Rahman,IND,,,,,False,42,2021,AE
1720038,Rao Gajendra Singh,IND,19861,40710,21.04,3,42,110,AS,Rao Gajendra Singh,IND,,,,,False,42,2021,AE
1720039,Jayanta Khaund,AGP,19864,35279,18.23,4,42,110,AS,Jayanta Khaund,AGP,,,,,True,42,2021,AE
1720040,Biri Joy,NPEP,19893,3779,1.95,5,42,110,AS,Biri Joy,NPEP,,,,,False,42,2021,AE
1720041,Bikash Debnath,BGanP,19867,3071,1.59,6,42,110,AS,Bikash Debnath,BGanP,,,,,False,42,2021,AE
1720042,Nota,NOTA,19863,2102,1.09,7,42,110,AS,Nota,NOTA,,,,,True,42,2021,AE
1720043,Putali Kayastha,ASMJTYP,19881,1934,1.0,8,42,110,AS,Putali Kayastha,ASMJTYP,,,,,False,42,2021,AE
1720044,Abdul Goffur,IND,19861,1300,0.67,9,42,110,AS,Abdul Goffur,IND,,,,,False,42,2021,AE
1720045,Saheba Ahmed,IND,19861,1032,0.53,10,42,110,AS,Saheba Ahmed,IND,,,,,True,42,2021,AE
1720046,Anupam Chutia,SUCI,19871,781,0.4,11,42,110,AS,Anupam Chutia,SUCI,,,,,True,42,2021,AE
1720047,Ubaidur Rahman,RUC,19876,735,0.38,12,42,110,AS,Ubaidur Rahman,RUC,,,,,False,42,2021,AE
1720048,Dipak Saikia,NCP,19894,581,0.3,13,42,110,AS,Dipak Saikia,NCP,,,,,False,42,2021,AE
1720049,Manab Deka,BJP,19872,70387,45.03,1,42,111,AS,Manab Deka,BJP,,,,,False,42,2021,AE
1720050,Dr. Joy Prakash Das (J.P.),INC,19858,67351,43.09,2,42,111,AS,Dr. Joy Prakash Das (J.P.),INC,,,,,False,42,2021,AE
1720051,Utpal Dutta,AGP,19864,12486,7.99,3,42,111,AS,Utpal Dutta,AGP,,,,,True,42,2021,AE
1720052,Ranjan Borpatra Gohain,ASMJTYP,19881,2453,1.57,4,42,111,AS,Ranjan Borpatra Gohain,ASMJTYP,,,,,False,42,2021,AE
1720053,Nota,NOTA,19863,1114,0.71,5,42,111,AS,Nota,NOTA,,,,,True,42,2021,AE
1720054,Nirmal Payeng,IND,19861,1087,0.7,6,42,111,AS,Nirmal Payeng,IND,,,,,False,42,2021,AE
1720055,Dilwar Hussain,VPI,19862,953,0.61,7,42,111,AS,Dilwar Hussain,VPI,,,,,False,42,2021,AE
1720056,Birinchi Pegu,SUCI,19871,467,0.3,8,42,111,AS,Birinchi Pegu,SUCI,,,,,True,42,2021,AE
1720057,Naba Kumar Doley,BJP,19872,86382,50.83,1,42,112,AS,Naba Kumar Doley,BJP,,,,,True,42,2021,AE
1720058,Padmalochan Doley,INC,19858,76786,45.18,2,42,112,AS,Padmalochan Doley,INC,,,,,False,42,2021,AE
1720059,Satyajit Regan,ASMJTYP,19881,2988,1.76,3,42,112,AS,Satyajit Regan,ASMJTYP,,,,,False,42,2021,AE
1720060,Lalit Pegu,VPI,19862,1629,0.96,4,42,112,AS,Lalit Pegu,VPI,,,,,False,42,2021,AE
1720061,Nota,NOTA,19863,1254,0.74,5,42,112,AS,Nota,NOTA,,,,,True,42,2021,AE
1720062,Jutika Doley,SUCI,19871,905,0.53,6,42,112,AS,Jutika Doley,SUCI,,,,,True,42,2021,AE
1720063,Ranoj Pegu,BJP,19872,87681,45.33,1,42,113,AS,Ranoj Pegu,BJP,,,,,False,42,2021,AE
1720064,Chittaranjan Basumatary,ASMJTYP,19881,56889,29.41,2,42,113,AS,Chittaranjan Basumatary,ASMJTYP,,,,,False,42,2021,AE
1720065,Sailen Sonowal,INC,19858,44832,23.18,3,42,113,AS,Sailen Sonowal,INC,,,,,False,42,2021,AE
1720066,Nota,NOTA,19863,1643,0.85,4,42,113,AS,Nota,NOTA,,,,,True,42,2021,AE
1720067,Ayub Khang Brahma,IND,19861,1209,0.63,5,42,113,AS,Ayub Khang Brahma,IND,,,,,False,42,2021,AE
1720068,Hem Kanta Miri,SUCI,19871,1158,0.6,6,42,113,AS,Hem Kanta Miri,SUCI,,,,,True,42,2021,AE
1720069,Bhuban Pegu,BJP,19872,168411,68.69,1,42,114,AS,Bhuban Pegu,BJP,,,,,False,42,2021,AE
1720070,Hema Hari Prasanna Pegu,INC,19858,57424,23.42,2,42,114,AS,Hema Hari Prasanna Pegu,INC,,,,,False,42,2021,AE
1720071,Phaniram Tayeng,ASMJTYP,19881,7726,3.15,3,42,114,AS,Phaniram Tayeng,ASMJTYP,,,,,False,42,2021,AE
1720072,Madhab Machahary,IND,19861,6404,2.61,4,42,114,AS,Madhab Machahary,IND,,,,,False,42,2021,AE
1720073,Nota,NOTA,19863,2676,1.09,5,42,114,AS,Nota,NOTA,,,,,True,42,2021,AE
1720074,Bhabani Boro,IND,19861,1511,0.62,6,42,114,AS,Bhabani Boro,IND,,,,,False,42,2021,AE
1720075,Bhagya Chungkrang,JD(U),19888,1006,0.41,7,42,114,AS,Bhagya Chungkrang,JD(U),,,,,False,42,2021,AE
1720076,Chakradhar Gogoi,BJP,19872,55604,49.68,1,42,115,AS,Chakradhar Gogoi,BJP,,,,,True,42,2021,AE
1720077,Pranjal Ghatowar,INC,19858,33263,29.72,2,42,115,AS,Pranjal Ghatowar,INC,,,,,False,42,2021,AE
1720078,Sanjib Changmai,ASMJTYP,19881,9499,8.49,3,42,115,AS,Sanjib Changmai,ASMJTYP,,,,,False,42,2021,AE
1720079,Mohini Mohan Ligira,IND,19861,8834,7.89,4,42,115,AS,Mohini Mohan Ligira,IND,,,,,False,42,2021,AE
1720080,Raphael Kujur,IND,19861,2293,2.05,5,42,115,AS,Raphael Kujur,IND,,,,,False,42,2021,AE
1720081,Nota,NOTA,19863,1910,1.71,6,42,115,AS,Nota,NOTA,,,,,True,42,2021,AE
1720082,Eliash Sichan,IND,19861,518,0.46,7,42,115,AS,Eliash Sichan,IND,,,,,False,42,2021,AE
1720083,Prasanta Phukan,BJP,19872,68762,60.43,1,42,116,AS,Prasanta Phukan,BJP,,,,,True,42,2021,AE
1720084,Rajkumar Nilanetra Neog,INC,19858,30757,27.03,2,42,116,AS,Rajkumar Nilanetra Neog,INC,,,,,False,42,2021,AE
1720085,Ajit Borgohain,ASMJTYP,19881,11062,9.72,3,42,116,AS,Ajit Borgohain,ASMJTYP,,,,,False,42,2021,AE
1720086,Nota,NOTA,19863,1845,1.62,4,42,116,AS,Nota,NOTA,,,,,True,42,2021,AE
1720087,Kamal Hazarika,IND,19861,755,0.66,5,42,116,AS,Kamal Hazarika,IND,,,,,False,42,2021,AE
1720088,Syed Mahshinur Rahman,ASM,19904,601,0.53,6,42,116,AS,Syed Mahshinur Rahman,ASM,,,,,False,42,2021,AE
1720089,Binod Hazarika,BJP,19872,59295,48.13,1,42,117,AS,Binod Hazarika,BJP,,,,,False,42,2021,AE
1720090,Manoj Dhanowar,INC,19858,42047,34.13,2,42,117,AS,Manoj Dhanowar,INC,,,,,False,42,2021,AE
1720091,Likhon Boruah,ASMJTYP,19881,10726,8.71,3,42,117,AS,Likhon Boruah,ASMJTYP,,,,,False,42,2021,AE
1720092,Dibyajit Dutta,IND,19861,5576,4.53,4,42,117,AS,Dibyajit Dutta,IND,,,,,False,42,2021,AE
1720093,Nota,NOTA,19863,2954,2.4,5,42,117,AS,Nota,NOTA,,,,,True,42,2021,AE
1720094,Probhu Lal Vaishnava,IND,19861,1371,1.11,6,42,117,AS,Probhu Lal Vaishnava,IND,,,,,False,42,2021,AE
1720095,Pranab Saikia,BLSP,19887,1217,0.99,7,42,117,AS,Pranab Saikia,BLSP,,,,,False,42,2021,AE
1720096,Terash Gowala,BJP,19872,54762,42.35,1,42,118,AS,Terash Gowala,BJP,,,,,False,42,2021,AE
1720097,Dhrubajyoti Gogoi,INC,19858,46652,36.08,2,42,118,AS,Dhrubajyoti Gogoi,INC,,,,,False,42,2021,AE
1720098,Lurinjyoti Gogoi,ASMJTYP,19881,24192,18.71,3,42,118,AS,Lurinjyoti Gogoi,ASMJTYP,,,,,False,42,2021,AE
1720099,Nota,NOTA,19863,2193,1.7,4,42,118,AS,Nota,NOTA,,,,,True,42,2021,AE
1720100,Madhab Das,LJP,19900,1518,1.17,5,42,118,AS,Madhab Das,LJP,,,,,False,42,2021,AE
1720101,Bimal Borah,BJP,19872,62675,52.66,1,42,119,AS,Bimal Borah,BJP,,,,,True,42,2021,AE
1720102,Etuwa Munda,INC,19858,34281,28.8,2,42,119,AS,Etuwa Munda,INC,,,,,False,42,2021,AE
1720103,Subhakaran Konhain,ASMJTYP,19881,16690,14.02,3,42,119,AS,Subhakaran Konhain,ASMJTYP,,,,,False,42,2021,AE
1720104,Bikash Kullu,IND,19861,3445,2.89,4,42,119,AS,Bikash Kullu,IND,,,,,False,42,2021,AE
1720105,Nota,NOTA,19863,1928,1.62,5,42,119,AS,Nota,NOTA,,,,,True,42,2021,AE
1720106,Taranga Gogoi,BJP,19872,47268,42.57,1,42,120,AS,Taranga Gogoi,BJP,,,,,False,42,2021,AE
1720107,Pranati Phukan,INC,19858,32292,29.08,2,42,120,AS,Pranati Phukan,INC,,,,,False,42,2021,AE
1720108,Lurinjyoti Gogoi,ASMJTYP,19881,25232,22.72,3,42,120,AS,Lurinjyoti Gogoi,ASMJTYP,,,,,False,42,2021,AE
1720109,Naren Sonowal (Botali),AGP,19864,4094,3.69,4,42,120,AS,Naren Sonowal (Botali),AGP,,,,,True,42,2021,AE
1720110,Nota,NOTA,19863,1454,1.31,5,42,120,AS,Nota,NOTA,,,,,True,42,2021,AE
1720111,Tanu Kumar Dhadumia,IND,19861,696,0.63,6,42,120,AS,Tanu Kumar Dhadumia,IND,,,,,False,42,2021,AE
1720112,Ponakan Baruah,AGP,19864,53554,41.4,1,42,121,AS,Ponakan Baruah,AGP,,,,,False,42,2021,AE
1720113,Ajoy Phukan,INC,19858,34824,26.92,2,42,121,AS,Ajoy Phukan,INC,,,,,False,42,2021,AE
1720114,Priyanka Neog,IND,19861,16700,12.91,3,42,121,AS,Priyanka Neog,IND,,,,,False,42,2021,AE
1720115,Bhaben Baruah,IND,19861,11793,9.12,4,42,121,AS,Bhaben Baruah,IND,,,,,False,42,2021,AE
1720116,Lawrance Nag,IND,19861,3926,3.04,5,42,121,AS,Lawrance Nag,IND,,,,,False,42,2021,AE
1720117,Nota,NOTA,19863,3332,2.58,6,42,121,AS,Nota,NOTA,,,,,True,42,2021,AE
1720118,Prakash Tanti,BLSP,19887,2761,2.13,7,42,121,AS,Prakash Tanti,BLSP,,,,,False,42,2021,AE
1720119,Ananta Hazarika,LJP,19900,2463,1.9,8,42,121,AS,Ananta Hazarika,LJP,,,,,False,42,2021,AE
1720120,Sanjoy Kishan,BJP,19872,85857,65.58,1,42,122,AS,Sanjoy Kishan,BJP,,,,,True,42,2021,AE
1720121,Shamsher Singh,ASMJTYP,19881,15060,11.5,2,42,122,AS,Shamsher Singh,ASMJTYP,,,,,False,42,2021,AE
1720122,Hira Devi,RJD,19905,13321,10.17,3,42,122,AS,Hira Devi,RJD,,,,,False,42,2021,AE
1720123,Subhasish Bhattacharjee (Kaju),IND,19861,6031,4.61,4,42,122,AS,Subhasish Bhattacharjee (Kaju),IND,,,,,False,42,2021,AE
1720124,Budhi Nath Prajapati,PLTIJSTP,19895,2910,2.22,5,42,122,AS,Budhi Nath Prajapati,PLTIJSTP,,,,,False,42,2021,AE
1720125,Nota,NOTA,19863,2539,1.94,6,42,122,AS,Nota,NOTA,,,,,True,42,2021,AE
1720126,Rabin Chandra Kachari,NCP,19894,1320,1.01,7,42,122,AS,Rabin Chandra Kachari,NCP,,,,,False,42,2021,AE
1720127,Alok Roy,JD(U),19888,1188,0.91,8,42,122,AS,Alok Roy,JD(U),,,,,False,42,2021,AE
1720128,Probin Kumar Hazarika,BLSP,19887,1081,0.83,9,42,122,AS,Probin Kumar Hazarika,BLSP,,,,,False,42,2021,AE
1720129,Swapan Paul,BGanP,19867,850,0.65,10,42,122,AS,Swapan Paul,BGanP,,,,,False,42,2021,AE
1720130,Chintu Baruah,LJP,19900,768,0.59,11,42,122,AS,Chintu Baruah,LJP,,,,,False,42,2021,AE
1720131,Suren Phukan,BJP,19872,59217,55.24,1,42,123,AS,Suren Phukan,BJP,,,,,True,42,2021,AE
1720132,Shibanath Chetia,INC,19858,32241,30.08,2,42,123,AS,Shibanath Chetia,INC,,,,,False,42,2021,AE
1720133,Pahlad Nayak,ASMJTYP,19881,13001,12.13,3,42,123,AS,Pahlad Nayak,ASMJTYP,,,,,False,42,2021,AE
1720134,Nota,NOTA,19863,2733,2.55,4,42,123,AS,Nota,NOTA,,,,,True,42,2021,AE
1720135,Bhaskar Sharma,BJP,19872,86640,56.52,1,42,124,AS,Bhaskar Sharma,BJP,,,,,True,42,2021,AE
1720136,Manoranjan Borgohain,INC,19858,28140,18.36,2,42,124,AS,Manoranjan Borgohain,INC,,,,,False,42,2021,AE
1720137,Sanjay Kumar Deb,ASMJTYP,19881,22935,14.96,3,42,124,AS,Sanjay Kumar Deb,ASMJTYP,,,,,False,42,2021,AE
1720138,Ignatius Ekka,IND,19861,10315,6.73,4,42,124,AS,Ignatius Ekka,IND,,,,,False,42,2021,AE
1720139,Nota,NOTA,19863,2536,1.65,5,42,124,AS,Nota,NOTA,,,,,True,42,2021,AE
1720140,Rantu Sonowal,IND,19861,1444,0.94,6,42,124,AS,Rantu Sonowal,IND,,,,,False,42,2021,AE
1720141,Bhogeswar Shyam,IND,19861,1269,0.83,7,42,124,AS,Bhogeswar Shyam,IND,,,,,False,42,2021,AE
1720142,Rupesh Gowala,BJP,19872,49119,41.71,1,42,125,AS,Rupesh Gowala,BJP,,,,,False,42,2021,AE
1720143,Durga Bhumij,INC,19858,40981,34.8,2,42,125,AS,Durga Bhumij,INC,,,,,True,42,2021,AE
1720144,Lakheswar Moran,IND,19861,15312,13.0,3,42,125,AS,Lakheswar Moran,IND,,,,,False,42,2021,AE
1720145,Suresh Bhumij,ASMJTYP,19881,4348,3.69,4,42,125,AS,Suresh Bhumij,ASMJTYP,,,,,False,42,2021,AE
1720146,Nota,NOTA,19863,3186,2.71,5,42,125,AS,Nota,NOTA,,,,,True,42,2021,AE
1720147,Kanak Chetia,IND,19861,2181,1.85,6,42,125,AS,Kanak Chetia,IND,,,,,False,42,2021,AE
1720148,Rajesh Kishan,PLTIJSTP,19895,1703,1.45,7,42,125,AS,Rajesh Kishan,PLTIJSTP,,,,,False,42,2021,AE
1720149,Debajit Moran,IND,19861,929,0.79,8,42,125,AS,Debajit Moran,IND,,,,,False,42,2021,AE
1720150,Bolin Chetia,BJP,19872,64855,45.49,1,42,126,AS,Bolin Chetia,BJP,,,,,True,42,2021,AE
1720151,Lakhin Chandra Chetia,INC,19858,42771,30.0,2,42,126,AS,Lakhin Chandra Chetia,INC,,,,,False,42,2021,AE
1720152,Jagadish Bhuyan,ASMJTYP,19881,29849,20.94,3,42,126,AS,Jagadish Bhuyan,ASMJTYP,,,,,False,42,2021,AE
1720153,Nota,NOTA,19863,1918,1.35,4,42,126,AS,Nota,NOTA,,,,,True,42,2021,AE
1720154,Tikendra Thapa,VPI,19862,1104,0.77,5,42,126,AS,Tikendra Thapa,VPI,,,,,False,42,2021,AE
1720155,Rijumoni Gogoi,IND,19861,1055,0.74,6,42,126,AS,Rijumoni Gogoi,IND,,,,,False,42,2021,AE
1720156,Lalit Deori,IND,19861,1023,0.72,7,42,126,AS,Lalit Deori,IND,,,,,True,42,2021,AE
