el_res_id,ca_full_name,party_abb,party_id,el_vote_count,el_vote_perc,el_rank,el_id,ac_no,state_abb,original_ca_full_name,original_party_abb,caste,caste_category,gender,age,incumbency,el_id,el_year,el_type
1744672,Nihal Chand,BJP,22471,72006,48.4262771366314,1,21,1,RJ,Nihal Chand,BJP,,,,,False,21,2014,GE
1744673,Master Bhanwarlal Meghwal,INC,22472,46170,31.0507626503107,2,21,1,RJ,Master Bhanwarlal Meghwal,INC,,,,,True,21,2014,GE
1744674,Shimla Devi Nayak,nuzp,22473,14303,9.61921286955586,3,21,1,RJ,Shimla Devi Nayak,nuzp,,,,,False,21,2014,GE
1744675,Dr. Balkrishan Bawari,AAAP,22474,5039,3.38888440534796,4,21,1,RJ,Dr. Balkrishan Bawari,AAAP,,,,,False,21,2014,GE
1744676,Palaram,CPM,22475,2894,1.94630511392677,5,21,1,RJ,Palaram,CPM,,,,,False,21,2014,GE
1744677,Dulichand Meghwal,IND,22476,1364,0.917332472493476,6,21,1,RJ,Dulichand Meghwal,IND,,,,,False,21,2014,GE
1744678,Balraj Bawari,IND,22476,914,0.614693460307212,7,21,1,RJ,Balraj Bawari,IND,,,,,False,21,2014,GE
1744679,Dr. Paluskar K. T.,PRCP,22477,901,0.60595055551072,8,21,1,RJ,Dr. Paluskar K. T.,PRCP,,,,,False,21,2014,GE
1744680,Amar Singh,BMUP,22478,791,0.531972130309633,9,21,1,RJ,Amar Singh,BMUP,,,,,False,21,2014,GE
1744681,None Of The Above,NOTA,22479,717,0.482204826083447,10,21,1,RJ,None Of The Above,NOTA,,,,,False,21,2014,GE
1744682,Balwant Singh Hariyala,BhSMP,22480,601,0.40419121405321,11,21,1,RJ,Balwant Singh Hariyala,BhSMP,,,,,False,21,2014,GE
1744683,Titar Singh,IND,22476,571,0.384015279907459,12,21,1,RJ,Titar Singh,IND,,,,,False,21,2014,GE
1744684,Advocate Kartar Singh Bains,AITC,22481,514,0.345681005030532,13,21,1,RJ,Advocate Kartar Singh Bains,AITC,,,,,False,21,2014,GE
1744685,Jaswinder Singh,JMBP,22482,404,0.271702579829446,14,21,1,RJ,Jaswinder Singh,JMBP,,,,,False,21,2014,GE
1744686,Om Parkash,IND,22476,400,0.269012455276679,15,21,1,RJ,Om Parkash,IND,,,,,False,21,2014,GE
1744687,Sunil Bhadrwal,LD,22483,381,0.256234363651037,16,21,1,RJ,Sunil Bhadrwal,LD,,,,,False,21,2014,GE
1744688,Kumbha Ram,IND,22476,373,0.250854114545503,17,21,1,RJ,Kumbha Ram,IND,,,,,False,21,2014,GE
1744689,Het Ram,RJVP,22484,349,0.234713367228902,18,21,1,RJ,Het Ram,RJVP,,,,,False,21,2014,GE
1744766,Nihal Chand,BJP,22471,89929,61.1828498339955,1,21,2,RJ,Nihal Chand,BJP,,,,,False,21,2014,GE
1744767,Master Bhanwarlal Meghwal,INC,22472,36245,24.6591465737767,2,21,2,RJ,Master Bhanwarlal Meghwal,INC,,,,,True,21,2014,GE
1744768,Shimla Devi Nayak,nuzp,22473,9765,6.64358025363304,3,21,2,RJ,Shimla Devi Nayak,nuzp,,,,,False,21,2014,GE
1744769,Dr. Balkrishan Bawari,AAAP,22474,4170,2.83704348772655,4,21,2,RJ,Dr. Balkrishan Bawari,AAAP,,,,,False,21,2014,GE
1744770,None Of The Above,NOTA,22479,1076,0.732052468295868,5,21,2,RJ,None Of The Above,NOTA,,,,,False,21,2014,GE
1744771,Palaram,CPM,22475,997,0.678305121645893,6,21,2,RJ,Palaram,CPM,,,,,False,21,2014,GE
1744772,Dulichand Meghwal,IND,22476,918,0.624557774995917,7,21,2,RJ,Dulichand Meghwal,IND,,,,,False,21,2014,GE
1744773,Balraj Bawari,IND,22476,898,0.610950851793392,8,21,2,RJ,Balraj Bawari,IND,,,,,False,21,2014,GE
1744774,Amar Singh,BMUP,22478,530,0.360583464866924,9,21,2,RJ,Amar Singh,BMUP,,,,,False,21,2014,GE
1744775,Advocate Kartar Singh Bains,AITC,22481,414,0.281663310292276,10,21,2,RJ,Advocate Kartar Singh Bains,AITC,,,,,False,21,2014,GE
1744776,Titar Singh,IND,22476,335,0.227915963642301,11,21,2,RJ,Titar Singh,IND,,,,,False,21,2014,GE
1744777,Om Parkash,IND,22476,283,0.192537963315735,12,21,2,RJ,Om Parkash,IND,,,,,False,21,2014,GE
1744778,Sunil Bhadrwal,LD,22483,270,0.183693463234093,13,21,2,RJ,Sunil Bhadrwal,LD,,,,,False,21,2014,GE
1744779,Balwant Singh Hariyala,BhSMP,22480,262,0.178250693953083,14,21,2,RJ,Balwant Singh Hariyala,BhSMP,,,,,False,21,2014,GE
1744780,Dr. Paluskar K. T.,PRCP,22477,252,0.17144723235182,15,21,2,RJ,Dr. Paluskar K. T.,PRCP,,,,,False,21,2014,GE
1744781,Kumbha Ram,IND,22476,231,0.157159962989168,16,21,2,RJ,Kumbha Ram,IND,,,,,False,21,2014,GE
1744782,Het Ram,RJVP,22484,216,0.146954770587274,17,21,2,RJ,Het Ram,RJVP,,,,,False,21,2014,GE
1744783,Jaswinder Singh,JMBP,22482,193,0.13130680890437,18,21,2,RJ,Jaswinder Singh,JMBP,,,,,False,21,2014,GE
1744888,Nihal Chand,BJP,22471,75808,49.8937073430784,1,21,3,RJ,Nihal Chand,BJP,,,,,False,21,2014,GE
1744889,Master Bhanwarlal Meghwal,INC,22472,48346,31.819348554354,2,21,3,RJ,Master Bhanwarlal Meghwal,INC,,,,,True,21,2014,GE
1744890,Shimla Devi Nayak,nuzp,22473,14052,9.24844839047249,3,21,3,RJ,Shimla Devi Nayak,nuzp,,,,,False,21,2014,GE
1744891,Dr. Balkrishan Bawari,AAAP,22474,3461,2.27788783656599,4,21,3,RJ,Dr. Balkrishan Bawari,AAAP,,,,,False,21,2014,GE
1744892,Dr. Paluskar K. T.,PRCP,22477,1719,1.13137509131954,5,21,3,RJ,Dr. Paluskar K. T.,PRCP,,,,,False,21,2014,GE
1744893,Palaram,CPM,22475,1555,1.02343703723204,6,21,3,RJ,Palaram,CPM,,,,,False,21,2014,GE
1744894,Dulichand Meghwal,IND,22476,1245,0.819407788652024,7,21,3,RJ,Dulichand Meghwal,IND,,,,,False,21,2014,GE
1744895,Balraj Bawari,IND,22476,1034,0.680536267844332,8,21,3,RJ,Balraj Bawari,IND,,,,,False,21,2014,GE
1744896,Amar Singh,BMUP,22478,769,0.506124168251732,9,21,3,RJ,Amar Singh,BMUP,,,,,False,21,2014,GE
1744897,None Of The Above,NOTA,22479,768,0.505466009385345,10,21,3,RJ,None Of The Above,NOTA,,,,,False,21,2014,GE
1744898,Balwant Singh Hariyala,BhSMP,22480,573,0.377125030439847,11,21,3,RJ,Balwant Singh Hariyala,BhSMP,,,,,False,21,2014,GE
1744899,Advocate Kartar Singh Bains,AITC,22481,544,0.358038423314619,12,21,3,RJ,Advocate Kartar Singh Bains,AITC,,,,,False,21,2014,GE
1744900,Titar Singh,IND,22476,409,0.269186976352351,13,21,3,RJ,Titar Singh,IND,,,,,False,21,2014,GE
1744901,Om Parkash,IND,22476,377,0.248125892627962,14,21,3,RJ,Om Parkash,IND,,,,,False,21,2014,GE
1744902,Sunil Bhadrwal,LD,22483,375,0.246809574895188,15,21,3,RJ,Sunil Bhadrwal,LD,,,,,False,21,2014,GE
1744903,Jaswinder Singh,JMBP,22482,358,0.235620874166606,16,21,3,RJ,Jaswinder Singh,JMBP,,,,,False,21,2014,GE
1744904,Kumbha Ram,IND,22476,300,0.19744765991615,17,21,3,RJ,Kumbha Ram,IND,,,,,False,21,2014,GE
1744905,Het Ram,RJVP,22484,246,0.161907081131243,18,21,3,RJ,Het Ram,RJVP,,,,,False,21,2014,GE
1744998,Nihal Chand,BJP,22471,77821,54.1303228858005,1,21,4,RJ,Nihal Chand,BJP,,,,,False,21,2014,GE
1744999,Master Bhanwarlal Meghwal,INC,22472,40222,27.9774077320089,2,21,4,RJ,Master Bhanwarlal Meghwal,INC,,,,,True,21,2014,GE
1745000,Shimla Devi Nayak,nuzp,22473,12788,8.89500994671897,3,21,4,RJ,Shimla Devi Nayak,nuzp,,,,,False,21,2014,GE
1745001,Dr. Balkrishan Bawari,AAAP,22474,3343,2.32530640067888,4,21,4,RJ,Dr. Balkrishan Bawari,AAAP,,,,,False,21,2014,GE
1745002,Dulichand Meghwal,IND,22476,1603,1.11500632973025,5,21,4,RJ,Dulichand Meghwal,IND,,,,,False,21,2014,GE
1745003,Palaram,CPM,22475,1196,0.831907405088824,6,21,4,RJ,Palaram,CPM,,,,,False,21,2014,GE
1745004,Balraj Bawari,IND,22476,1032,0.717833145528149,7,21,4,RJ,Balraj Bawari,IND,,,,,False,21,2014,GE
1745005,Amar Singh,BMUP,22478,859,0.597498713186706,8,21,4,RJ,Amar Singh,BMUP,,,,,False,21,2014,GE
1745006,None Of The Above,NOTA,22479,821,0.571066872556793,9,21,4,RJ,None Of The Above,NOTA,,,,,False,21,2014,GE
1745007,Advocate Kartar Singh Bains,AITC,22481,696,0.484120028379449,10,21,4,RJ,Advocate Kartar Singh Bains,AITC,,,,,False,21,2014,GE
1745008,Balwant Singh Hariyala,BhSMP,22480,640,0.445167842187999,11,21,4,RJ,Balwant Singh Hariyala,BhSMP,,,,,False,21,2014,GE
1745009,Titar Singh,IND,22476,455,0.316486512805531,12,21,4,RJ,Titar Singh,IND,,,,,False,21,2014,GE
1745010,Dr. Paluskar K. T.,PRCP,22477,416,0.289359097422199,13,21,4,RJ,Dr. Paluskar K. T.,PRCP,,,,,False,21,2014,GE
1745011,Jaswinder Singh,JMBP,22482,413,0.287272373161943,14,21,4,RJ,Jaswinder Singh,JMBP,,,,,False,21,2014,GE
1745012,Sunil Bhadrwal,LD,22483,411,0.285881223655106,15,21,4,RJ,Sunil Bhadrwal,LD,,,,,False,21,2014,GE
1745013,Om Parkash,IND,22476,406,0.282403349888012,16,21,4,RJ,Om Parkash,IND,,,,,False,21,2014,GE
1745014,Kumbha Ram,IND,22476,336,0.233713117148699,17,21,4,RJ,Kumbha Ram,IND,,,,,False,21,2014,GE
1745015,Het Ram,RJVP,22484,308,0.214237024052974,18,21,4,RJ,Het Ram,RJVP,,,,,False,21,2014,GE
1745115,Nihal Chand,BJP,22471,78554,47.3793411259484,1,21,5,RJ,Nihal Chand,BJP,,,,,False,21,2014,GE
1745116,Master Bhanwarlal Meghwal,INC,22472,47371,28.5715147347977,2,21,5,RJ,Master Bhanwarlal Meghwal,INC,,,,,True,21,2014,GE
1745117,Shimla Devi Nayak,nuzp,22473,21281,12.8354986188011,3,21,5,RJ,Shimla Devi Nayak,nuzp,,,,,False,21,2014,GE
1745118,Dr. Balkrishan Bawari,AAAP,22474,6677,4.02718971278302,4,21,5,RJ,Dr. Balkrishan Bawari,AAAP,,,,,False,21,2014,GE
1745119,Palaram,CPM,22475,1832,1.10495904655062,5,21,5,RJ,Palaram,CPM,,,,,False,21,2014,GE
1745120,Dulichand Meghwal,IND,22476,1782,1.07480186733253,6,21,5,RJ,Dulichand Meghwal,IND,,,,,False,21,2014,GE
1745121,Balraj Bawari,IND,22476,1198,0.722566014065308,7,21,5,RJ,Balraj Bawari,IND,,,,,False,21,2014,GE
1745122,None Of The Above,NOTA,22479,954,0.575398979481055,8,21,5,RJ,None Of The Above,NOTA,,,,,False,21,2014,GE
1745123,Amar Singh,BMUP,22478,935,0.563939251378183,9,21,5,RJ,Amar Singh,BMUP,,,,,False,21,2014,GE
1745124,Balwant Singh Hariyala,BhSMP,22480,792,0.47768971881446,10,21,5,RJ,Balwant Singh Hariyala,BhSMP,,,,,False,21,2014,GE
1745125,Advocate Kartar Singh Bains,AITC,22481,784,0.472864570139567,11,21,5,RJ,Advocate Kartar Singh Bains,AITC,,,,,False,21,2014,GE
1745126,Dr. Paluskar K. T.,PRCP,22477,588,0.354648427604675,12,21,5,RJ,Dr. Paluskar K. T.,PRCP,,,,,False,21,2014,GE
1745127,Om Parkash,IND,22476,583,0.351632709682867,13,21,5,RJ,Om Parkash,IND,,,,,False,21,2014,GE
1745128,Jaswinder Singh,JMBP,22482,564,0.340172981579994,14,21,5,RJ,Jaswinder Singh,JMBP,,,,,False,21,2014,GE
1745129,Sunil Bhadrwal,LD,22483,549,0.331125827814569,15,21,5,RJ,Sunil Bhadrwal,LD,,,,,False,21,2014,GE
1745130,Titar Singh,IND,22476,520,0.31363466386808,16,21,5,RJ,Titar Singh,IND,,,,,False,21,2014,GE
1745131,Het Ram,RJVP,22484,466,0.281064910312549,17,21,5,RJ,Het Ram,RJVP,,,,,False,21,2014,GE
1745132,Kumbha Ram,IND,22476,368,0.221956839045103,18,21,5,RJ,Kumbha Ram,IND,,,,,False,21,2014,GE
1745214,Arjun Ram Meghwal,BJP,22471,87658,59.8572843046877,1,21,6,RJ,Arjun Ram Meghwal,BJP,,,,,True,21,2014,GE
1745215,Er. Shankar Pannu,INC,22472,45662,31.1803065997473,2,21,6,RJ,Er. Shankar Pannu,INC,,,,,False,21,2014,GE
1745216,Dr. Gauri Shanker Daabi,AAAP,22474,3526,2.40772986445423,3,21,6,RJ,Dr. Gauri Shanker Daabi,AAAP,,,,,False,21,2014,GE
1745217,Mangilal Nayak,nuzp,22473,2825,1.92905186247396,4,21,6,RJ,Mangilal Nayak,nuzp,,,,,False,21,2014,GE
1745218,Bhanwar Lal,BSP,22485,2291,1.56440984670012,5,21,6,RJ,Bhanwar Lal,BSP,,,,,False,21,2014,GE
1745219,None Of The Above,NOTA,22479,2131,1.45515381201133,6,21,6,RJ,None Of The Above,NOTA,,,,,False,21,2014,GE
1745220,Jagdish Kumar Nayak,IND,22476,1331,0.90887363856738,7,21,6,RJ,Jagdish Kumar Nayak,IND,,,,,False,21,2014,GE
1745221,Gopal Balmiki,IND,22476,587,0.400833077264502,8,21,6,RJ,Gopal Balmiki,IND,,,,,False,21,2014,GE
1745222,Ram Ratan Meghwal,BMUP,22478,434,0.296356994093345,9,21,6,RJ,Ram Ratan Meghwal,BMUP,,,,,False,21,2014,GE
1745289,Nihal Chand,BJP,22471,78020,51.9727945535815,1,21,7,RJ,Nihal Chand,BJP,,,,,False,21,2014,GE
1745290,Master Bhanwarlal Meghwal,INC,22472,47131,31.3961776481011,2,21,7,RJ,Master Bhanwarlal Meghwal,INC,,,,,True,21,2014,GE
1745291,Shimla Devi Nayak,nuzp,22473,9409,6.26777779998268,3,21,7,RJ,Shimla Devi Nayak,nuzp,,,,,False,21,2014,GE
1745292,Dr. Balkrishan Bawari,AAAP,22474,5074,3.38003024307706,4,21,7,RJ,Dr. Balkrishan Bawari,AAAP,,,,,False,21,2014,GE
1745293,Dulichand Meghwal,IND,22476,1532,1.02053731422823,5,21,7,RJ,Dulichand Meghwal,IND,,,,,False,21,2014,GE
1745294,Palaram,CPM,22475,1505,1.00255134328557,6,21,7,RJ,Palaram,CPM,,,,,False,21,2014,GE
1745295,Balraj Bawari,IND,22476,1196,0.796711898052852,7,21,7,RJ,Balraj Bawari,IND,,,,,False,21,2014,GE
1745296,Amar Singh,BMUP,22478,778,0.518262421977524,8,21,7,RJ,Amar Singh,BMUP,,,,,False,21,2014,GE
1745297,Balwant Singh Hariyala,BhSMP,22480,774,0.515597833689722,9,21,7,RJ,Balwant Singh Hariyala,BhSMP,,,,,False,21,2014,GE
1745298,None Of The Above,NOTA,22479,757,0.504273333466562,10,21,7,RJ,None Of The Above,NOTA,,,,,False,21,2014,GE
1745299,Advocate Kartar Singh Bains,AITC,22481,749,0.498944156890958,11,21,7,RJ,Advocate Kartar Singh Bains,AITC,,,,,False,21,2014,GE
1745300,Sunil Bhadrwal,LD,22483,625,0.41634191996909,12,21,7,RJ,Sunil Bhadrwal,LD,,,,,False,21,2014,GE
1745301,Om Parkash,IND,22476,489,0.325745918183816,13,21,7,RJ,Om Parkash,IND,,,,,False,21,2014,GE
1745302,Titar Singh,IND,22476,476,0.317086006248459,14,21,7,RJ,Titar Singh,IND,,,,,False,21,2014,GE
1745303,Jaswinder Singh,JMBP,22482,449,0.299100035305794,15,21,7,RJ,Jaswinder Singh,JMBP,,,,,False,21,2014,GE
1745304,Kumbha Ram,IND,22476,440,0.293104711658239,16,21,7,RJ,Kumbha Ram,IND,,,,,False,21,2014,GE
1745305,Het Ram,RJVP,22484,390,0.259797358060712,17,21,7,RJ,Het Ram,RJVP,,,,,False,21,2014,GE
1745306,Dr. Paluskar K. T.,PRCP,22477,323,0.215165504240026,18,21,7,RJ,Dr. Paluskar K. T.,PRCP,,,,,False,21,2014,GE
1745391,Nihal Chand,BJP,22471,91131,54.4133891413251,1,21,8,RJ,Nihal Chand,BJP,,,,,False,21,2014,GE
1745392,Master Bhanwarlal Meghwal,INC,22472,49158,29.3517396210868,2,21,8,RJ,Master Bhanwarlal Meghwal,INC,,,,,True,21,2014,GE
1745393,Shimla Devi Nayak,nuzp,22473,9620,5.74400372584025,3,21,8,RJ,Shimla Devi Nayak,nuzp,,,,,False,21,2014,GE
1745394,Dr. Balkrishan Bawari,AAAP,22474,5746,3.43087790110998,4,21,8,RJ,Dr. Balkrishan Bawari,AAAP,,,,,False,21,2014,GE
1745395,Palaram,CPM,22475,2542,1.51780223192161,5,21,8,RJ,Palaram,CPM,,,,,False,21,2014,GE
1745396,Dulichand Meghwal,IND,22476,1535,0.916532819039999,6,21,8,RJ,Dulichand Meghwal,IND,,,,,False,21,2014,GE
1745397,Balraj Bawari,IND,22476,1223,0.730240806310044,7,21,8,RJ,Balraj Bawari,IND,,,,,False,21,2014,GE
1745398,Amar Singh,BMUP,22478,1030,0.615002477922605,8,21,8,RJ,Amar Singh,BMUP,,,,,False,21,2014,GE
1745399,None Of The Above,NOTA,22479,942,0.562458576896207,9,21,8,RJ,None Of The Above,NOTA,,,,,False,21,2014,GE
1745400,Balwant Singh Hariyala,BhSMP,22480,750,0.447817338293159,10,21,8,RJ,Balwant Singh Hariyala,BhSMP,,,,,False,21,2014,GE
1745401,Advocate Kartar Singh Bains,AITC,22481,578,0.345117895377927,11,21,8,RJ,Advocate Kartar Singh Bains,AITC,,,,,False,21,2014,GE
1745402,Om Parkash,IND,22476,533,0.318248855080338,12,21,8,RJ,Om Parkash,IND,,,,,False,21,2014,GE
1745403,Titar Singh,IND,22476,506,0.302127430901784,13,21,8,RJ,Titar Singh,IND,,,,,False,21,2014,GE
1745404,Sunil Bhadrwal,LD,22483,499,0.297947802411048,14,21,8,RJ,Sunil Bhadrwal,LD,,,,,False,21,2014,GE
1745405,Jaswinder Singh,JMBP,22482,433,0.25853987664125,15,21,8,RJ,Jaswinder Singh,JMBP,,,,,False,21,2014,GE
1745406,Kumbha Ram,IND,22476,430,0.256748607288077,16,21,8,RJ,Kumbha Ram,IND,,,,,False,21,2014,GE
1745407,Het Ram,RJVP,22484,427,0.254957337934905,17,21,8,RJ,Het Ram,RJVP,,,,,False,21,2014,GE
1745408,Dr. Paluskar K. T.,PRCP,22477,396,0.236447554618788,18,21,8,RJ,Dr. Paluskar K. T.,PRCP,,,,,False,21,2014,GE
1745494,Nihal Chand,BJP,22471,91037,51.5279467949625,1,21,9,RJ,Nihal Chand,BJP,,,,,False,21,2014,GE
1745495,Master Bhanwarlal Meghwal,INC,22472,51055,28.8976935050233,2,21,9,RJ,Master Bhanwarlal Meghwal,INC,,,,,True,21,2014,GE
1745496,Shimla Devi Nayak,nuzp,22473,14865,8.41375406820432,3,21,9,RJ,Shimla Devi Nayak,nuzp,,,,,False,21,2014,GE
1745497,Dr. Balkrishan Bawari,AAAP,22474,6299,3.5653035234187,4,21,9,RJ,Dr. Balkrishan Bawari,AAAP,,,,,False,21,2014,GE
1745498,Palaram,CPM,22475,2405,1.36125654450261,5,21,9,RJ,Palaram,CPM,,,,,False,21,2014,GE
1745499,Dulichand Meghwal,IND,22476,1999,1.13145606339323,6,21,9,RJ,Dulichand Meghwal,IND,,,,,False,21,2014,GE
1745500,Balraj Bawari,IND,22476,1291,0.730720249044856,7,21,9,RJ,Balraj Bawari,IND,,,,,False,21,2014,GE
1745501,Amar Singh,BMUP,22478,980,0.554690816470921,8,21,9,RJ,Amar Singh,BMUP,,,,,False,21,2014,GE
1745502,Balwant Singh Hariyala,BhSMP,22480,971,0.549596717135984,9,21,9,RJ,Balwant Singh Hariyala,BhSMP,,,,,False,21,2014,GE
1745503,None Of The Above,NOTA,22479,841,0.476015282298004,10,21,9,RJ,None Of The Above,NOTA,,,,,False,21,2014,GE
1745504,Advocate Kartar Singh Bains,AITC,22481,740,0.418848167539267,11,21,9,RJ,Advocate Kartar Singh Bains,AITC,,,,,False,21,2014,GE
1745505,Om Parkash,IND,22476,676,0.382623461157492,12,21,9,RJ,Om Parkash,IND,,,,,False,21,2014,GE
1745506,Titar Singh,IND,22476,641,0.362813074854959,13,21,9,RJ,Titar Singh,IND,,,,,False,21,2014,GE
1745507,Dr. Paluskar K. T.,PRCP,22477,628,0.355454931371161,14,21,9,RJ,Dr. Paluskar K. T.,PRCP,,,,,False,21,2014,GE
1745508,Sunil Bhadrwal,LD,22483,611,0.345832743738502,15,21,9,RJ,Sunil Bhadrwal,LD,,,,,False,21,2014,GE
1745509,Jaswinder Singh,JMBP,22482,580,0.32828640158483,16,21,9,RJ,Jaswinder Singh,JMBP,,,,,False,21,2014,GE
1745510,Het Ram,RJVP,22484,529,0.299419838686854,17,21,9,RJ,Het Ram,RJVP,,,,,False,21,2014,GE
1745511,Kumbha Ram,IND,22476,527,0.298287816612423,18,21,9,RJ,Kumbha Ram,IND,,,,,False,21,2014,GE
1745591,Rahul Kaswan,BJP,22471,83873,55.7929607727051,1,21,10,RJ,Rahul Kaswan,BJP,,,,,True,21,2014,GE
1745592,Pratap Singh,INC,22472,35978,23.9328406362045,2,21,10,RJ,Pratap Singh,INC,,,,,False,21,2014,GE
1745593,Abhinesh Maharshi,BSP,22485,22259,14.8068569604001,3,21,10,RJ,Abhinesh Maharshi,BSP,,,,,False,21,2014,GE
1745594,Krishan Kumar Saran,AAAP,22474,2673,1.77810003392558,4,21,10,RJ,Krishan Kumar Saran,AAAP,,,,,False,21,2014,GE
1745595,None Of The Above,NOTA,22479,1392,0.925969041236221,5,21,10,RJ,None Of The Above,NOTA,,,,,False,21,2014,GE
1745596,Indra Singh Jat,CPM,22475,1152,0.766319206540321,6,21,10,RJ,Indra Singh Jat,CPM,,,,,False,21,2014,GE
1745597,Rajpal,IND,22476,772,0.513540301605146,7,21,10,RJ,Rajpal,IND,,,,,False,21,2014,GE
1745598,Salim Gujar,IND,22476,592,0.39380292558322,8,21,10,RJ,Salim Gujar,IND,,,,,False,21,2014,GE
1745599,Gordhan Sarswat,AITC,22481,485,0.322625707614631,9,21,10,RJ,Gordhan Sarswat,AITC,,,,,False,21,2014,GE
1745600,Ajay Kumar,IND,22476,348,0.231492260309055,10,21,10,RJ,Ajay Kumar,IND,,,,,False,21,2014,GE
1745601,Shyopat Ram,BhSMP,22480,337,0.224174976218826,11,21,10,RJ,Shyopat Ram,BhSMP,,,,,False,21,2014,GE
1745602,Mohammad Ali Khan,BASD,22523,289,0.19,12,21,10,RJ,Mohammad Ali Khan,BASD,,,,,False,21,2014,GE
1745603,Toruram Meghwal,BMUP,22478,179,0.119072168377358,13,21,10,RJ,Toruram Meghwal,BMUP,,,,,False,21,2014,GE
1745687,Rahul Kaswan,BJP,22471,97606,66.3147310206133,1,21,11,RJ,Rahul Kaswan,BJP,,,,,True,21,2014,GE
1745688,Abhinesh Maharshi,BSP,22485,22369,15.1977769624828,2,21,11,RJ,Abhinesh Maharshi,BSP,,,,,False,21,2014,GE
1745689,Pratap Singh,INC,22472,17901,12.1621621621621,3,21,11,RJ,Pratap Singh,INC,,,,,False,21,2014,GE
1745690,Indra Singh Jat,CPM,22475,2927,1.98864022393434,4,21,11,RJ,Indra Singh Jat,CPM,,,,,False,21,2014,GE
1745691,Krishan Kumar Saran,AAAP,22474,2538,1.72434878317231,5,21,11,RJ,Krishan Kumar Saran,AAAP,,,,,False,21,2014,GE
1745692,None Of The Above,NOTA,22479,1003,0.681450681450681,6,21,11,RJ,None Of The Above,NOTA,,,,,False,21,2014,GE
1745693,Gordhan Sarswat,AITC,22481,719,0.488497547321076,7,21,11,RJ,Gordhan Sarswat,AITC,,,,,False,21,2014,GE
1745694,Salim Gujar,IND,22476,524,0.356012120718003,8,21,11,RJ,Salim Gujar,IND,,,,,False,21,2014,GE
1745695,Rajpal,IND,22476,459,0.311850311850311,9,21,11,RJ,Rajpal,IND,,,,,False,21,2014,GE
1745696,Shyopat Ram,BhSMP,22480,364,0.24730612965907,10,21,11,RJ,Shyopat Ram,BhSMP,,,,,False,21,2014,GE
1745697,Ajay Kumar,IND,22476,308,0.209259032788444,11,21,11,RJ,Ajay Kumar,IND,,,,,False,21,2014,GE
1745698,Mohammad Ali Khan,BASD,22523,262,0.18,12,21,11,RJ,Mohammad Ali Khan,BASD,,,,,False,21,2014,GE
1745699,Toruram Meghwal,BMUP,22478,206,0.139958963488375,13,21,11,RJ,Toruram Meghwal,BMUP,,,,,False,21,2014,GE
1745795,Arjun Ram Meghwal,BJP,22471,54636,51.6374152938841,1,21,12,RJ,Arjun Ram Meghwal,BJP,,,,,True,21,2014,GE
1745796,Er. Shankar Pannu,INC,22472,40822,38.5815683272373,2,21,12,RJ,Er. Shankar Pannu,INC,,,,,False,21,2014,GE
1745797,Mangilal Nayak,nuzp,22473,2450,2.3155367792301,3,21,12,RJ,Mangilal Nayak,nuzp,,,,,False,21,2014,GE
1745798,Dr. Gauri Shanker Daabi,AAAP,22474,2220,2.0981598570983,4,21,12,RJ,Dr. Gauri Shanker Daabi,AAAP,,,,,False,21,2014,GE
1745799,None Of The Above,NOTA,22479,1903,1.7985577513775,5,21,12,RJ,None Of The Above,NOTA,,,,,False,21,2014,GE
1745800,Bhanwar Lal,BSP,22485,1869,1.76642377158411,6,21,12,RJ,Bhanwar Lal,BSP,,,,,False,21,2014,GE
1745801,Jagdish Kumar Nayak,IND,22476,889,0.840209059892067,7,21,12,RJ,Jagdish Kumar Nayak,IND,,,,,False,21,2014,GE
1745802,Gopal Balmiki,IND,22476,590,0.557619061120719,8,21,12,RJ,Gopal Balmiki,IND,,,,,False,21,2014,GE
1745803,Ram Ratan Meghwal,BMUP,22478,428,0.404510098575708,9,21,12,RJ,Ram Ratan Meghwal,BMUP,,,,,False,21,2014,GE
1745873,Arjun Ram Meghwal,BJP,22471,89081,69.6402326526783,1,21,13,RJ,Arjun Ram Meghwal,BJP,,,,,True,21,2014,GE
1745874,Er. Shankar Pannu,INC,22472,32605,25.4893836580255,2,21,13,RJ,Er. Shankar Pannu,INC,,,,,False,21,2014,GE
1745875,None Of The Above,NOTA,22479,1451,1.13433815941711,3,21,13,RJ,None Of The Above,NOTA,,,,,False,21,2014,GE
1745876,Dr. Gauri Shanker Daabi,AAAP,22474,1341,1.04834422589824,4,21,13,RJ,Dr. Gauri Shanker Daabi,AAAP,,,,,False,21,2014,GE
1745877,Mangilal Nayak,nuzp,22473,1293,1.01081960036273,5,21,13,RJ,Mangilal Nayak,nuzp,,,,,False,21,2014,GE
1745878,Gopal Balmiki,IND,22476,1059,0.827887050877138,6,21,13,RJ,Gopal Balmiki,IND,,,,,False,21,2014,GE
1745879,Bhanwar Lal,BSP,22485,681,0.532380624785015,7,21,13,RJ,Bhanwar Lal,BSP,,,,,False,21,2014,GE
1745880,Jagdish Kumar Nayak,IND,22476,261,0.204040151349322,8,21,13,RJ,Jagdish Kumar Nayak,IND,,,,,False,21,2014,GE
1745881,Ram Ratan Meghwal,BMUP,22478,144,0.112573876606523,9,21,13,RJ,Ram Ratan Meghwal,BMUP,,,,,False,21,2014,GE
1745971,Arjun Ram Meghwal,BJP,22471,96547,73.1693823417961,1,21,14,RJ,Arjun Ram Meghwal,BJP,,,,,True,21,2014,GE
1745972,Er. Shankar Pannu,INC,22472,29329,22.2273588480485,2,21,14,RJ,Er. Shankar Pannu,INC,,,,,False,21,2014,GE
1745973,Dr. Gauri Shanker Daabi,AAAP,22474,2167,1.64228874573702,3,21,14,RJ,Dr. Gauri Shanker Daabi,AAAP,,,,,False,21,2014,GE
1745974,None Of The Above,NOTA,22479,1334,1.01098901098901,4,21,14,RJ,None Of The Above,NOTA,,,,,False,21,2014,GE
1745975,Mangilal Nayak,nuzp,22473,1012,0.766957180750284,5,21,14,RJ,Mangilal Nayak,nuzp,,,,,False,21,2014,GE
1745976,Bhanwar Lal,BSP,22485,712,0.53959833270178,6,21,14,RJ,Bhanwar Lal,BSP,,,,,False,21,2014,GE
1745977,Gopal Balmiki,IND,22476,484,0.366805608184918,7,21,14,RJ,Gopal Balmiki,IND,,,,,False,21,2014,GE
1745978,Jagdish Kumar Nayak,IND,22476,236,0.178855627131489,8,21,14,RJ,Jagdish Kumar Nayak,IND,,,,,False,21,2014,GE
1745979,Ram Ratan Meghwal,BMUP,22478,129,0.0977643046608563,9,21,14,RJ,Ram Ratan Meghwal,BMUP,,,,,False,21,2014,GE
1746077,Arjun Ram Meghwal,BJP,22471,63504,62.476880091299,1,21,15,RJ,Arjun Ram Meghwal,BJP,,,,,True,21,2014,GE
1746078,Er. Shankar Pannu,INC,22472,29910,29.4262327338554,2,21,15,RJ,Er. Shankar Pannu,INC,,,,,False,21,2014,GE
1746079,Mangilal Nayak,nuzp,22473,2507,2.46645153673605,3,21,15,RJ,Mangilal Nayak,nuzp,,,,,False,21,2014,GE
1746080,None Of The Above,NOTA,22479,1712,1.68430994451221,4,21,15,RJ,None Of The Above,NOTA,,,,,False,21,2014,GE
1746081,Bhanwar Lal,BSP,22485,1558,1.53280075557829,5,21,15,RJ,Bhanwar Lal,BSP,,,,,False,21,2014,GE
1746082,Dr. Gauri Shanker Daabi,AAAP,22474,1203,1.18354256030852,6,21,15,RJ,Dr. Gauri Shanker Daabi,AAAP,,,,,False,21,2014,GE
1746083,Jagdish Kumar Nayak,IND,22476,525,0.516508598638384,7,21,15,RJ,Jagdish Kumar Nayak,IND,,,,,False,21,2014,GE
1746084,Gopal Balmiki,IND,22476,398,0.391562709063004,8,21,15,RJ,Gopal Balmiki,IND,,,,,False,21,2014,GE
1746085,Ram Ratan Meghwal,BMUP,22478,327,0.321711070009051,9,21,15,RJ,Ram Ratan Meghwal,BMUP,,,,,False,21,2014,GE
1746152,Arjun Ram Meghwal,BJP,22471,66401,59.8525342299059,1,21,16,RJ,Arjun Ram Meghwal,BJP,,,,,True,21,2014,GE
1746153,Er. Shankar Pannu,INC,22472,35325,31.8412489521457,2,21,16,RJ,Er. Shankar Pannu,INC,,,,,False,21,2014,GE
1746154,Mangilal Nayak,nuzp,22473,2838,2.55811647632525,3,21,16,RJ,Mangilal Nayak,nuzp,,,,,False,21,2014,GE
1746155,None Of The Above,NOTA,22479,1837,1.65583508351285,4,21,16,RJ,None Of The Above,NOTA,,,,,False,21,2014,GE
1746156,Bhanwar Lal,BSP,22485,1517,1.36739347941698,5,21,16,RJ,Bhanwar Lal,BSP,,,,,False,21,2014,GE
1746157,Dr. Gauri Shanker Daabi,AAAP,22474,1367,1.23218647749704,6,21,16,RJ,Dr. Gauri Shanker Daabi,AAAP,,,,,False,21,2014,GE
1746158,Jagdish Kumar Nayak,IND,22476,741,0.6679225894845,7,21,16,RJ,Jagdish Kumar Nayak,IND,,,,,False,21,2014,GE
1746159,Gopal Balmiki,IND,22476,491,0.442577586284601,8,21,16,RJ,Gopal Balmiki,IND,,,,,False,21,2014,GE
1746160,Ram Ratan Meghwal,BMUP,22478,424,0.382185125427028,9,21,16,RJ,Ram Ratan Meghwal,BMUP,,,,,False,21,2014,GE
1746233,Arjun Ram Meghwal,BJP,22471,65627,61.2992714365776,1,21,17,RJ,Arjun Ram Meghwal,BJP,,,,,True,21,2014,GE
1746234,Er. Shankar Pannu,INC,22472,33269,31.0750980758453,2,21,17,RJ,Er. Shankar Pannu,INC,,,,,False,21,2014,GE
1746235,Mangilal Nayak,nuzp,22473,2549,2.38090790211096,3,21,17,RJ,Mangilal Nayak,nuzp,,,,,False,21,2014,GE
1746236,None Of The Above,NOTA,22479,1611,1.50476368391556,4,21,17,RJ,None Of The Above,NOTA,,,,,False,21,2014,GE
1746237,Bhanwar Lal,BSP,22485,1453,1.35718288810013,5,21,17,RJ,Bhanwar Lal,BSP,,,,,False,21,2014,GE
1746238,Dr. Gauri Shanker Daabi,AAAP,22474,1277,1.19278909022977,6,21,17,RJ,Dr. Gauri Shanker Daabi,AAAP,,,,,False,21,2014,GE
1746239,Jagdish Kumar Nayak,IND,22476,572,0.534279843078647,7,21,17,RJ,Jagdish Kumar Nayak,IND,,,,,False,21,2014,GE
1746240,Gopal Balmiki,IND,22476,371,0.346534653465346,8,21,17,RJ,Gopal Balmiki,IND,,,,,False,21,2014,GE
1746241,Ram Ratan Meghwal,BMUP,22478,331,0.309172426676629,9,21,17,RJ,Ram Ratan Meghwal,BMUP,,,,,False,21,2014,GE
1746316,Arjun Ram Meghwal,BJP,22471,60001,62.3931535053969,1,21,18,RJ,Arjun Ram Meghwal,BJP,,,,,True,21,2014,GE
1746317,Er. Shankar Pannu,INC,22472,29695,30.8788969074309,2,21,18,RJ,Er. Shankar Pannu,INC,,,,,False,21,2014,GE
1746318,None Of The Above,NOTA,22479,1497,1.55668323523906,3,21,18,RJ,None Of The Above,NOTA,,,,,False,21,2014,GE
1746319,Mangilal Nayak,nuzp,22473,1339,1.39238400266206,4,21,18,RJ,Mangilal Nayak,nuzp,,,,,False,21,2014,GE
1746320,Bhanwar Lal,BSP,22485,1288,1.33935070607075,5,21,18,RJ,Bhanwar Lal,BSP,,,,,False,21,2014,GE
1746321,Dr. Gauri Shanker Daabi,AAAP,22474,1004,1.04402803485639,6,21,18,RJ,Dr. Gauri Shanker Daabi,AAAP,,,,,False,21,2014,GE
1746322,Jagdish Kumar Nayak,IND,22476,606,0.630160347732046,7,21,18,RJ,Jagdish Kumar Nayak,IND,,,,,False,21,2014,GE
1746323,Gopal Balmiki,IND,22476,416,0.432585321215398,8,21,18,RJ,Gopal Balmiki,IND,,,,,False,21,2014,GE
1746324,Ram Ratan Meghwal,BMUP,22478,320,0.33275793939646,9,21,18,RJ,Ram Ratan Meghwal,BMUP,,,,,False,21,2014,GE
1746406,Rahul Kaswan,BJP,22471,68755,48.9830085847611,1,21,19,RJ,Rahul Kaswan,BJP,,,,,True,21,2014,GE
1746407,Abhinesh Maharshi,BSP,22485,49421,35.208919602465,2,21,19,RJ,Abhinesh Maharshi,BSP,,,,,False,21,2014,GE
1746408,Pratap Singh,INC,22472,16951,12.0763723150357,3,21,19,RJ,Pratap Singh,INC,,,,,False,21,2014,GE
1746409,Indra Singh Jat,CPM,22475,1356,0.966052790937911,4,21,19,RJ,Indra Singh Jat,CPM,,,,,False,21,2014,GE
1746410,Krishan Kumar Saran,AAAP,22474,1146,0.816442845438677,5,21,19,RJ,Krishan Kumar Saran,AAAP,,,,,False,21,2014,GE
1746411,None Of The Above,NOTA,22479,854,0.608413778363552,6,21,19,RJ,None Of The Above,NOTA,,,,,False,21,2014,GE
1746412,Toruram Meghwal,BMUP,22478,455,0.324154881915007,7,21,19,RJ,Toruram Meghwal,BMUP,,,,,False,21,2014,GE
1746413,Gordhan Sarswat,AITC,22481,301,0.214440921882235,8,21,19,RJ,Gordhan Sarswat,AITC,,,,,False,21,2014,GE
1746414,Salim Gujar,IND,22476,273,0.194492929149004,9,21,19,RJ,Salim Gujar,IND,,,,,False,21,2014,GE
1746415,Ajay Kumar,IND,22476,269,0.191643215901399,10,21,19,RJ,Ajay Kumar,IND,,,,,False,21,2014,GE
1746416,Rajpal,IND,22476,251,0.178819506287179,11,21,19,RJ,Rajpal,IND,,,,,False,21,2014,GE
1746417,Shyopat Ram,BhSMP,22480,198,0.14106080575642,12,21,19,RJ,Shyopat Ram,BhSMP,,,,,False,21,2014,GE
1746418,Mohammad Ali Khan,BASD,22523,135,0.1,13,21,19,RJ,Mohammad Ali Khan,BASD,,,,,False,21,2014,GE
1746516,Rahul Kaswan,BJP,22471,67774,48.008103589947,1,21,20,RJ,Rahul Kaswan,BJP,,,,,True,21,2014,GE
1746517,Abhinesh Maharshi,BSP,22485,49438,35.0196922902558,2,21,20,RJ,Abhinesh Maharshi,BSP,,,,,False,21,2014,GE
1746518,Pratap Singh,INC,22472,17563,12.4408522936559,3,21,20,RJ,Pratap Singh,INC,,,,,False,21,2014,GE
1746519,Krishan Kumar Saran,AAAP,22474,1377,0.975405887853115,4,21,20,RJ,Krishan Kumar Saran,AAAP,,,,,False,21,2014,GE
1746520,Indra Singh Jat,CPM,22475,1315,0.931487830447964,5,21,20,RJ,Indra Singh Jat,CPM,,,,,False,21,2014,GE
1746521,None Of The Above,NOTA,22479,1289,0.913070580568384,6,21,20,RJ,None Of The Above,NOTA,,,,,False,21,2014,GE
1746522,Salim Gujar,IND,22476,479,0.339302411243022,7,21,20,RJ,Salim Gujar,IND,,,,,False,21,2014,GE
1746523,Gordhan Sarswat,AITC,22481,458,0.324426940186439,8,21,20,RJ,Gordhan Sarswat,AITC,,,,,False,21,2014,GE
1746524,Rajpal,IND,22476,389,0.275550392429093,9,21,20,RJ,Rajpal,IND,,,,,False,21,2014,GE
1746525,Ajay Kumar,IND,22476,352,0.249341229138922,10,21,20,RJ,Ajay Kumar,IND,,,,,False,21,2014,GE
1746526,Toruram Meghwal,BMUP,22478,285,0.201881392910775,11,21,20,RJ,Toruram Meghwal,BMUP,,,,,False,21,2014,GE
1746527,Shyopat Ram,BhSMP,22480,272,0.192672767970985,12,21,20,RJ,Shyopat Ram,BhSMP,,,,,False,21,2014,GE
1746528,Mohammad Ali Khan,BASD,22523,181,0.13,13,21,20,RJ,Mohammad Ali Khan,BASD,,,,,False,21,2014,GE
1746620,Rahul Kaswan,BJP,22471,86034,55.8191137351586,1,21,21,RJ,Rahul Kaswan,BJP,,,,,True,21,2014,GE
1746621,Abhinesh Maharshi,BSP,22485,41325,26.8117822617271,2,21,21,RJ,Abhinesh Maharshi,BSP,,,,,False,21,2014,GE
1746622,Pratap Singh,INC,22472,18273,11.8555764614286,3,21,21,RJ,Pratap Singh,INC,,,,,False,21,2014,GE
1746623,Krishan Kumar Saran,AAAP,22474,1967,1.27619541945111,4,21,21,RJ,Krishan Kumar Saran,AAAP,,,,,False,21,2014,GE
1746624,None Of The Above,NOTA,22479,1814,1.17692856679426,5,21,21,RJ,None Of The Above,NOTA,,,,,False,21,2014,GE
1746625,Indra Singh Jat,CPM,22475,1355,0.87912800882372,6,21,21,RJ,Indra Singh Jat,CPM,,,,,False,21,2014,GE
1746626,Gordhan Sarswat,AITC,22481,699,0.453513268020502,7,21,21,RJ,Gordhan Sarswat,AITC,,,,,False,21,2014,GE
1746627,Salim Gujar,IND,22476,608,0.394472198793226,8,21,21,RJ,Salim Gujar,IND,,,,,False,21,2014,GE
1746628,Ajay Kumar,IND,22476,510,0.33088950885616,9,21,21,RJ,Ajay Kumar,IND,,,,,False,21,2014,GE
1746629,Rajpal,IND,22476,509,0.330240705897618,10,21,21,RJ,Rajpal,IND,,,,,False,21,2014,GE
1746630,Shyopat Ram,BhSMP,22480,361,0.234217868033478,11,21,21,RJ,Shyopat Ram,BhSMP,,,,,False,21,2014,GE
1746631,Toruram Meghwal,BMUP,22478,341,0.221241808862648,12,21,21,RJ,Toruram Meghwal,BMUP,,,,,False,21,2014,GE
1746632,Mohammad Ali Khan,BASD,22523,334,0.22,13,21,21,RJ,Mohammad Ali Khan,BASD,,,,,False,21,2014,GE
1746716,Rahul Kaswan,BJP,22471,58005,43.6672839784994,1,21,22,RJ,Rahul Kaswan,BJP,,,,,True,21,2014,GE
1746717,Abhinesh Maharshi,BSP,22485,44608,33.5817637050755,2,21,22,RJ,Abhinesh Maharshi,BSP,,,,,False,21,2014,GE
1746718,Pratap Singh,INC,22472,24567,18.4945119472424,3,21,22,RJ,Pratap Singh,INC,,,,,False,21,2014,GE
1746719,Krishan Kumar Saran,AAAP,22474,1402,1.05545267025008,4,21,22,RJ,Krishan Kumar Saran,AAAP,,,,,False,21,2014,GE
1746720,None Of The Above,NOTA,22479,1342,1.0102835117515,5,21,22,RJ,None Of The Above,NOTA,,,,,False,21,2014,GE
1746721,Indra Singh Jat,CPM,22475,863,0.649683063071201,6,21,22,RJ,Indra Singh Jat,CPM,,,,,False,21,2014,GE
1746722,Salim Gujar,IND,22476,408,0.307150277790324,7,21,22,RJ,Salim Gujar,IND,,,,,False,21,2014,GE
1746723,Rajpal,IND,22476,374,0.281554421307797,8,21,22,RJ,Rajpal,IND,,,,,False,21,2014,GE
1746724,Ajay Kumar,IND,22476,331,0.249183191050484,9,21,22,RJ,Ajay Kumar,IND,,,,,False,21,2014,GE
1746725,Gordhan Sarswat,AITC,22481,321,0.241654997967387,10,21,22,RJ,Gordhan Sarswat,AITC,,,,,False,21,2014,GE
1746726,Shyopat Ram,BhSMP,22480,234,0.17615971814445,11,21,22,RJ,Shyopat Ram,BhSMP,,,,,False,21,2014,GE
1746727,Mohammad Ali Khan,BASD,22523,220,0.17,12,21,22,RJ,Mohammad Ali Khan,BASD,,,,,False,21,2014,GE
1746728,Toruram Meghwal,BMUP,22478,159,0.119698270021229,13,21,22,RJ,Toruram Meghwal,BMUP,,,,,False,21,2014,GE
1746819,Rahul Kaswan,BJP,22471,62512,46.0249444125399,1,21,23,RJ,Rahul Kaswan,BJP,,,,,True,21,2014,GE
1746820,Abhinesh Maharshi,BSP,22485,50067,36.862216724831,2,21,23,RJ,Abhinesh Maharshi,BSP,,,,,False,21,2014,GE
1746821,Pratap Singh,INC,22472,16631,12.2447026254951,3,21,23,RJ,Pratap Singh,INC,,,,,False,21,2014,GE
1746822,None Of The Above,NOTA,22479,1881,1.38490082608119,4,21,23,RJ,None Of The Above,NOTA,,,,,False,21,2014,GE
1746823,Krishan Kumar Saran,AAAP,22474,1304,0.960080104843103,5,21,23,RJ,Krishan Kumar Saran,AAAP,,,,,False,21,2014,GE
1746824,Indra Singh Jat,CPM,22475,965,0.710488727893861,6,21,23,RJ,Indra Singh Jat,CPM,,,,,False,21,2014,GE
1746825,Salim Gujar,IND,22476,531,0.390952864778901,7,21,23,RJ,Salim Gujar,IND,,,,,False,21,2014,GE
1746826,Gordhan Sarswat,AITC,22481,511,0.376227709796645,8,21,23,RJ,Gordhan Sarswat,AITC,,,,,False,21,2014,GE
1746827,Rajpal,IND,22476,410,0.301865677136251,9,21,23,RJ,Rajpal,IND,,,,,False,21,2014,GE
1746828,Ajay Kumar,IND,22476,335,0.246646345952791,10,21,23,RJ,Ajay Kumar,IND,,,,,False,21,2014,GE
1746829,Mohammad Ali Khan,BASD,22523,233,0.17,11,21,23,RJ,Mohammad Ali Khan,BASD,,,,,False,21,2014,GE
1746831,Shyopat Ram,BhSMP,22480,221,0.16271296255393,12,21,23,RJ,Shyopat Ram,BhSMP,,,,,False,21,2014,GE
1746830,Toruram Meghwal,BMUP,22478,221,0.16271296255393,12,21,23,RJ,Toruram Meghwal,BMUP,,,,,False,21,2014,GE
1746915,Rahul Kaswan,BJP,22471,68604,54.5619393013933,1,21,24,RJ,Rahul Kaswan,BJP,,,,,True,21,2014,GE
1746916,Pratap Singh,INC,22472,28757,22.8709359292485,2,21,24,RJ,Pratap Singh,INC,,,,,False,21,2014,GE
1746917,Abhinesh Maharshi,BSP,22485,21021,16.7183622828784,3,21,24,RJ,Abhinesh Maharshi,BSP,,,,,False,21,2014,GE
1746918,None Of The Above,NOTA,22479,1704,1.35522046192021,4,21,24,RJ,None Of The Above,NOTA,,,,,False,21,2014,GE
1746919,Krishan Kumar Saran,AAAP,22474,1482,1.17866004962779,5,21,24,RJ,Krishan Kumar Saran,AAAP,,,,,False,21,2014,GE
1746920,Indra Singh Jat,CPM,22475,831,0.66090857033785,6,21,24,RJ,Indra Singh Jat,CPM,,,,,False,21,2014,GE
1746921,Mohammad Ali Khan,BASD,22523,657,0.52,7,21,24,RJ,Mohammad Ali Khan,BASD,,,,,False,21,2014,GE
1746922,Salim Gujar,IND,22476,602,0.478780937838009,8,21,24,RJ,Salim Gujar,IND,,,,,False,21,2014,GE
1746923,Rajpal,IND,22476,557,0.442991665076032,9,21,24,RJ,Rajpal,IND,,,,,False,21,2014,GE
1746924,Gordhan Sarswat,AITC,22481,494,0.392886683209263,10,21,24,RJ,Gordhan Sarswat,AITC,,,,,False,21,2014,GE
1746925,Ajay Kumar,IND,22476,484,0.384933511484379,11,21,24,RJ,Ajay Kumar,IND,,,,,False,21,2014,GE
1746926,Shyopat Ram,BhSMP,22480,343,0.272793790163517,12,21,24,RJ,Shyopat Ram,BhSMP,,,,,False,21,2014,GE
1746927,Toruram Meghwal,BMUP,22478,200,0.159063434497677,13,21,24,RJ,Toruram Meghwal,BMUP,,,,,False,21,2014,GE
1747002,Santosh Ahlawat,BJP,22471,65691,51.9263603882758,1,21,25,RJ,Santosh Ahlawat,BJP,,,,,False,21,2014,GE
1747003,Dr. Rajkumar Sharma,IND,22476,27423,21.6768899990514,2,21,25,RJ,Dr. Rajkumar Sharma,IND,,,,,False,21,2014,GE
1747004,Raj Bala Ola,INC,22472,27135,21.4492364119265,3,21,25,RJ,Raj Bala Ola,INC,,,,,True,21,2014,GE
1747005,Rajbala,IND,22476,1404,1.109811237234,4,21,25,RJ,Rajbala,IND,,,,,False,21,2014,GE
1747006,General R S Kadyan,AAAP,22474,1360,1.07503082808992,5,21,25,RJ,General R S Kadyan,AAAP,,,,,False,21,2014,GE
1747007,None Of The Above,NOTA,22479,838,0.662408701425996,6,21,25,RJ,None Of The Above,NOTA,,,,,False,21,2014,GE
1747008,Rahisa Bano,BSP,22485,625,0.494039902614854,7,21,25,RJ,Rahisa Bano,BSP,,,,,False,21,2014,GE
1747009,Urmila,MEDP,22506,622,0.491668511082303,8,21,25,RJ,Urmila,MEDP,,,,,False,21,2014,GE
1747010,Bhudar Mal,AITC,22481,366,0.289309766971258,9,21,25,RJ,Bhudar Mal,AITC,,,,,False,21,2014,GE
1747011,Om Prakash Jharoda,CPI(ML)(L),22551,309,0.244253327852784,10,21,25,RJ,Om Prakash Jharoda,CPI(ML)(L),,,,,False,21,2014,GE
1747012,Mahabeer Prasad Kumawat,IND,22476,297,0.234767761722578,11,21,25,RJ,Mahabeer Prasad Kumawat,IND,,,,,False,21,2014,GE
1747013,Bhan Singh,BhSMP,22480,290,0.229234514813292,12,21,25,RJ,Bhan Singh,BhSMP,,,,,False,21,2014,GE
1747014,Praveen Kumar,IND,22476,148,0.116988648939197,13,21,25,RJ,Praveen Kumar,IND,,,,,False,21,2014,GE
1747096,Santosh Ahlawat,BJP,22471,83216,59.3378541225461,1,21,26,RJ,Santosh Ahlawat,BJP,,,,,False,21,2014,GE
1747097,Dr. Rajkumar Sharma,IND,22476,32984,23.5195128386135,2,21,26,RJ,Dr. Rajkumar Sharma,IND,,,,,False,21,2014,GE
1747098,Raj Bala Ola,INC,22472,16102,11.4816637074749,3,21,26,RJ,Raj Bala Ola,INC,,,,,True,21,2014,GE
1747099,General R S Kadyan,AAAP,22474,1917,1.36693263738849,4,21,26,RJ,General R S Kadyan,AAAP,,,,,False,21,2014,GE
1747100,Rajbala,IND,22476,1345,0.959063326701891,5,21,26,RJ,Rajbala,IND,,,,,False,21,2014,GE
1747101,Rahisa Bano,BSP,22485,1094,0.780085709599903,6,21,26,RJ,Rahisa Bano,BSP,,,,,False,21,2014,GE
1747102,Om Prakash Jharoda,CPI(ML)(L),22551,902,0.643178528390413,7,21,26,RJ,Om Prakash Jharoda,CPI(ML)(L),,,,,False,21,2014,GE
1747103,None Of The Above,NOTA,22479,800,0.570446588372872,8,21,26,RJ,None Of The Above,NOTA,,,,,False,21,2014,GE
1747104,Urmila,MEDP,22506,768,0.547628724837957,9,21,26,RJ,Urmila,MEDP,,,,,False,21,2014,GE
1747105,Mahabeer Prasad Kumawat,IND,22476,419,0.298771400660291,10,21,26,RJ,Mahabeer Prasad Kumawat,IND,,,,,False,21,2014,GE
1747106,Bhudar Mal,AITC,22481,277,0.197517131224107,11,21,26,RJ,Bhudar Mal,AITC,,,,,False,21,2014,GE
1747107,Bhan Singh,BhSMP,22480,272,0.193951840046776,12,21,26,RJ,Bhan Singh,BhSMP,,,,,False,21,2014,GE
1747108,Praveen Kumar,IND,22476,145,0.103393444142583,13,21,26,RJ,Praveen Kumar,IND,,,,,False,21,2014,GE
1747200,Santosh Ahlawat,BJP,22471,55790,39.7823699710492,1,21,27,RJ,Santosh Ahlawat,BJP,,,,,False,21,2014,GE
1747201,Raj Bala Ola,INC,22472,54832,39.0992455682482,2,21,27,RJ,Raj Bala Ola,INC,,,,,True,21,2014,GE
1747202,Dr. Rajkumar Sharma,IND,22476,22427,15.9920991457379,3,21,27,RJ,Dr. Rajkumar Sharma,IND,,,,,False,21,2014,GE
1747203,Rahisa Bano,BSP,22485,1627,1.16017056717865,4,21,27,RJ,Rahisa Bano,BSP,,,,,False,21,2014,GE
1747204,Rajbala,IND,22476,1467,1.04607880888204,5,21,27,RJ,Rajbala,IND,,,,,False,21,2014,GE
1747205,General R S Kadyan,AAAP,22474,1299,0.926282462670602,6,21,27,RJ,General R S Kadyan,AAAP,,,,,False,21,2014,GE
1747206,None Of The Above,NOTA,22479,1097,0.782241617821132,7,21,27,RJ,None Of The Above,NOTA,,,,,False,21,2014,GE
1747207,Urmila,MEDP,22506,629,0.448523224803548,8,21,27,RJ,Urmila,MEDP,,,,,False,21,2014,GE
1747208,Mahabeer Prasad Kumawat,IND,22476,280,0.199660577019067,9,21,27,RJ,Mahabeer Prasad Kumawat,IND,,,,,False,21,2014,GE
1747209,Bhudar Mal,AITC,22481,255,0.181833739785222,10,21,27,RJ,Bhudar Mal,AITC,,,,,False,21,2014,GE
1747210,Om Prakash Jharoda,CPI(ML)(L),22551,250,0.178268372338453,11,21,27,RJ,Om Prakash Jharoda,CPI(ML)(L),,,,,False,21,2014,GE
1747211,Bhan Singh,BhSMP,22480,173,0.123361713658209,12,21,27,RJ,Bhan Singh,BhSMP,,,,,False,21,2014,GE
1747212,Praveen Kumar,IND,22476,112,0.079864230807627,13,21,27,RJ,Praveen Kumar,IND,,,,,False,21,2014,GE
1747301,Santosh Ahlawat,BJP,22471,59546,50.4349299114894,1,21,28,RJ,Santosh Ahlawat,BJP,,,,,False,21,2014,GE
1747302,Raj Bala Ola,INC,22472,33670,28.5181891331046,2,21,28,RJ,Raj Bala Ola,INC,,,,,True,21,2014,GE
1747303,Dr. Rajkumar Sharma,IND,22476,15515,13.1410663617498,3,21,28,RJ,Dr. Rajkumar Sharma,IND,,,,,False,21,2014,GE
1747304,General R S Kadyan,AAAP,22474,2442,2.06835217888451,4,21,28,RJ,General R S Kadyan,AAAP,,,,,False,21,2014,GE
1747305,Rahisa Bano,BSP,22485,2032,1.72108584254436,5,21,28,RJ,Rahisa Bano,BSP,,,,,False,21,2014,GE
1747306,Rajbala,IND,22476,1619,1.37127853301147,6,21,28,RJ,Rajbala,IND,,,,,False,21,2014,GE
1747307,None Of The Above,NOTA,22479,905,0.766526913141066,7,21,28,RJ,None Of The Above,NOTA,,,,,False,21,2014,GE
1747308,Urmila,MEDP,22506,854,0.723330368864608,8,21,28,RJ,Urmila,MEDP,,,,,False,21,2014,GE
1747309,Bhudar Mal,AITC,22481,479,0.405708719773006,9,21,28,RJ,Bhudar Mal,AITC,,,,,False,21,2014,GE
1747310,Mahabeer Prasad Kumawat,IND,22476,311,0.263414220979968,10,21,28,RJ,Mahabeer Prasad Kumawat,IND,,,,,False,21,2014,GE
1747311,Bhan Singh,BhSMP,22480,259,0.219370685639266,11,21,28,RJ,Bhan Singh,BhSMP,,,,,False,21,2014,GE
1747312,Om Prakash Jharoda,CPI(ML)(L),22551,230,0.194807944776182,12,21,28,RJ,Om Prakash Jharoda,CPI(ML)(L),,,,,False,21,2014,GE
1747313,Praveen Kumar,IND,22476,203,0.171939186041587,13,21,28,RJ,Praveen Kumar,IND,,,,,False,21,2014,GE
1747383,Dr. Rajkumar Sharma,IND,22476,53528,39.173612991518,1,21,29,RJ,Dr. Rajkumar Sharma,IND,,,,,False,21,2014,GE
1747384,Santosh Ahlawat,BJP,22471,48785,35.702524095636,2,21,29,RJ,Santosh Ahlawat,BJP,,,,,False,21,2014,GE
1747385,Raj Bala Ola,INC,22472,26492,19.3877476343464,3,21,29,RJ,Raj Bala Ola,INC,,,,,True,21,2014,GE
1747386,Rajbala,IND,22476,1616,1.18264382368654,4,21,29,RJ,Rajbala,IND,,,,,False,21,2014,GE
1747387,Rahisa Bano,BSP,22485,1453,1.06335487364885,5,21,29,RJ,Rahisa Bano,BSP,,,,,False,21,2014,GE
1747388,None Of The Above,NOTA,22479,1375,1.00627181780259,6,21,29,RJ,None Of The Above,NOTA,,,,,False,21,2014,GE
1747389,General R S Kadyan,AAAP,22474,859,0.62864544835813,7,21,29,RJ,General R S Kadyan,AAAP,,,,,False,21,2014,GE
1747390,Mahabeer Prasad Kumawat,IND,22476,692,0.506429162123196,8,21,29,RJ,Mahabeer Prasad Kumawat,IND,,,,,False,21,2014,GE
1747391,Urmila,MEDP,22506,579,0.423731914551056,9,21,29,RJ,Urmila,MEDP,,,,,False,21,2014,GE
1747392,Bhudar Mal,AITC,22481,522,0.38201737374033,10,21,29,RJ,Bhudar Mal,AITC,,,,,False,21,2014,GE
1747393,Bhan Singh,BhSMP,22480,284,0.207840870004317,11,21,29,RJ,Bhan Singh,BhSMP,,,,,False,21,2014,GE
1747394,Om Prakash Jharoda,CPI(ML)(L),22551,262,0.191740520919476,12,21,29,RJ,Om Prakash Jharoda,CPI(ML)(L),,,,,False,21,2014,GE
1747395,Praveen Kumar,IND,22476,196,0.143439473664951,13,21,29,RJ,Praveen Kumar,IND,,,,,False,21,2014,GE
1747485,Santosh Ahlawat,BJP,22471,55059,47.6639397480846,1,21,30,RJ,Santosh Ahlawat,BJP,,,,,False,21,2014,GE
1747486,Dr. Rajkumar Sharma,IND,22476,30584,26.4762152101458,2,21,30,RJ,Dr. Rajkumar Sharma,IND,,,,,False,21,2014,GE
1747487,Raj Bala Ola,INC,22472,23194,20.0787776479245,3,21,30,RJ,Raj Bala Ola,INC,,,,,True,21,2014,GE
1747488,Rajbala,IND,22476,1824,1.57901571224516,4,21,30,RJ,Rajbala,IND,,,,,False,21,2014,GE
1747489,None Of The Above,NOTA,22479,1339,1.15915681946067,5,21,30,RJ,None Of The Above,NOTA,,,,,False,21,2014,GE
1747490,Urmila,MEDP,22506,735,0.636281002467212,6,21,30,RJ,Urmila,MEDP,,,,,False,21,2014,GE
1747491,Rahisa Bano,BSP,22485,701,0.606847595550361,7,21,30,RJ,Rahisa Bano,BSP,,,,,False,21,2014,GE
1747492,General R S Kadyan,AAAP,22474,554,0.479591395056919,8,21,30,RJ,General R S Kadyan,AAAP,,,,,False,21,2014,GE
1747493,Mahabeer Prasad Kumawat,IND,22476,424,0.367051898021901,9,21,30,RJ,Mahabeer Prasad Kumawat,IND,,,,,False,21,2014,GE
1747494,Bhudar Mal,AITC,22481,396,0.342812621737436,10,21,30,RJ,Bhudar Mal,AITC,,,,,False,21,2014,GE
1747495,Bhan Singh,BhSMP,22480,277,0.239795697528459,11,21,30,RJ,Bhan Singh,BhSMP,,,,,False,21,2014,GE
1747496,Om Prakash Jharoda,CPI(ML)(L),22551,260,0.225078994070034,12,21,30,RJ,Om Prakash Jharoda,CPI(ML)(L),,,,,False,21,2014,GE
1747497,Praveen Kumar,IND,22476,168,0.145435657706791,13,21,30,RJ,Praveen Kumar,IND,,,,,False,21,2014,GE
1747597,Santosh Ahlawat,BJP,22471,53231,53.665692106059,1,21,31,RJ,Santosh Ahlawat,BJP,,,,,False,21,2014,GE
1747598,Raj Bala Ola,INC,22472,23213,23.4025607420102,2,21,31,RJ,Raj Bala Ola,INC,,,,,True,21,2014,GE
1747599,Dr. Rajkumar Sharma,IND,22476,16678,16.8141949793325,3,21,31,RJ,Dr. Rajkumar Sharma,IND,,,,,False,21,2014,GE
1747600,Rahisa Bano,BSP,22485,1714,1.72799677386833,4,21,31,RJ,Rahisa Bano,BSP,,,,,False,21,2014,GE
1747601,Rajbala,IND,22476,1185,1.19467688275027,5,21,31,RJ,Rajbala,IND,,,,,False,21,2014,GE
1747602,None Of The Above,NOTA,22479,857,0.863998386934166,6,21,31,RJ,None Of The Above,NOTA,,,,,False,21,2014,GE
1747603,General R S Kadyan,AAAP,22474,645,0.650267164028631,7,21,31,RJ,General R S Kadyan,AAAP,,,,,False,21,2014,GE
1747604,Urmila,MEDP,22506,603,0.607924185905837,8,21,31,RJ,Urmila,MEDP,,,,,False,21,2014,GE
1747605,Bhudar Mal,AITC,22481,336,0.338743824982357,9,21,31,RJ,Bhudar Mal,AITC,,,,,False,21,2014,GE
1747606,Mahabeer Prasad Kumawat,IND,22476,273,0.275229357798165,10,21,31,RJ,Mahabeer Prasad Kumawat,IND,,,,,False,21,2014,GE
1747607,Bhan Singh,BhSMP,22480,184,0.185502570823671,11,21,31,RJ,Bhan Singh,BhSMP,,,,,False,21,2014,GE
1747608,Om Prakash Jharoda,CPI(ML)(L),22551,171,0.172396410928521,12,21,31,RJ,Om Prakash Jharoda,CPI(ML)(L),,,,,False,21,2014,GE
1747609,Praveen Kumar,IND,22476,100,0.100816614578082,13,21,31,RJ,Praveen Kumar,IND,,,,,False,21,2014,GE
1747696,Santosh Ahlawat,BJP,22471,63312,50.5933402056912,1,21,32,RJ,Santosh Ahlawat,BJP,,,,,False,21,2014,GE
1747697,Raj Bala Ola,INC,22472,48857,39.0421850901797,2,21,32,RJ,Raj Bala Ola,INC,,,,,True,21,2014,GE
1747698,Dr. Rajkumar Sharma,IND,22476,6778,5.41637698878846,3,21,32,RJ,Dr. Rajkumar Sharma,IND,,,,,False,21,2014,GE
1747699,Rajbala,IND,22476,1274,1.01806790848576,4,21,32,RJ,Rajbala,IND,,,,,False,21,2014,GE
1747700,General R S Kadyan,AAAP,22474,1207,0.964527445480625,5,21,32,RJ,General R S Kadyan,AAAP,,,,,False,21,2014,GE
1747701,Rahisa Bano,BSP,22485,1152,0.920576319133123,6,21,32,RJ,Rahisa Bano,BSP,,,,,False,21,2014,GE
1747702,None Of The Above,NOTA,22479,818,0.653673115495568,7,21,32,RJ,None Of The Above,NOTA,,,,,False,21,2014,GE
1747703,Urmila,MEDP,22506,790,0.631297996627749,8,21,32,RJ,Urmila,MEDP,,,,,False,21,2014,GE
1747704,Bhudar Mal,AITC,22481,348,0.278090763071464,9,21,32,RJ,Bhudar Mal,AITC,,,,,False,21,2014,GE
1747705,Mahabeer Prasad Kumawat,IND,22476,234,0.186992064823915,10,21,32,RJ,Mahabeer Prasad Kumawat,IND,,,,,False,21,2014,GE
1747706,Bhan Singh,BhSMP,22480,144,0.11507203989164,11,21,32,RJ,Bhan Singh,BhSMP,,,,,False,21,2014,GE
1747707,Om Prakash Jharoda,CPI(ML)(L),22551,119,0.0950942551882306,12,21,32,RJ,Om Prakash Jharoda,CPI(ML)(L),,,,,False,21,2014,GE
1747708,Praveen Kumar,IND,22476,106,0.0847058071424575,13,21,32,RJ,Praveen Kumar,IND,,,,,False,21,2014,GE
1747792,Subhash Maharia,IND,22476,46536,32.4641078230295,1,21,33,RJ,Subhash Maharia,IND,,,,,False,21,2014,GE
1747793,Sumedhanand Saraswati,BJP,22471,42843,29.887823866728,2,21,33,RJ,Sumedhanand Saraswati,BJP,,,,,False,21,2014,GE
1747794,Pratap Singh Jat,INC,22472,38971,27.1866672247568,3,21,33,RJ,Pratap Singh Jat,INC,,,,,True,21,2014,GE
1747795,Amra Ram,CPM,22475,5512,3.84524158330194,4,21,33,RJ,Amra Ram,CPM,,,,,False,21,2014,GE
1747796,Major Surendra Kumar Punia,AAAP,22474,2929,2.04330780070598,5,21,33,RJ,Major Surendra Kumar Punia,AAAP,,,,,False,21,2014,GE
1747797,Pratap Singh,IND,22476,1786,1.24593640561996,6,21,33,RJ,Pratap Singh,IND,,,,,False,21,2014,GE
1747798,Ajaypal,IND,22476,963,0.671801096647273,7,21,33,RJ,Ajaypal,IND,,,,,False,21,2014,GE
1747799,None Of The Above,NOTA,22479,767,0.535068993902864,8,21,33,RJ,None Of The Above,NOTA,,,,,False,21,2014,GE
1747800,Duli Chand Kumawat,IND,22476,647,0.451355461610369,9,21,33,RJ,Duli Chand Kumawat,IND,,,,,False,21,2014,GE
1747801,Swami Bhagirath Singh Kharrante Bhadhadar,ABHM,22566,572,0.399034503927559,10,21,33,RJ,Swami Bhagirath Singh Kharrante Bhadhadar,ABHM,,,,,False,21,2014,GE
1747802,Surendra Kumar Phulwariya,IND,22476,542,0.378106120854436,11,21,33,RJ,Surendra Kumar Phulwariya,IND,,,,,False,21,2014,GE
1747803,Gulam Nabi Azad,BSP,22485,447,0.311832907789544,12,21,33,RJ,Gulam Nabi Azad,BSP,,,,,False,21,2014,GE
1747804,Kanhaiya Lal Balai,IND,22476,343,0.239281179802715,13,21,33,RJ,Kanhaiya Lal Balai,IND,,,,,False,21,2014,GE
1747805,Ramesh Sharma,bhp,22567,216,0.150684358126491,14,21,33,RJ,Ramesh Sharma,bhp,,,,,False,21,2014,GE
1747806,Satish Kumar Sharma,JGP,22497,152,0.106037140903827,15,21,33,RJ,Satish Kumar Sharma,JGP,,,,,False,21,2014,GE
1747807,Vimal Indoria,JMBP,22482,120,0.083713532292495,16,21,33,RJ,Vimal Indoria,JMBP,,,,,False,21,2014,GE
1747907,Sumedhanand Saraswati,BJP,22471,53299,37.9755042714337,1,21,34,RJ,Sumedhanand Saraswati,BJP,,,,,False,21,2014,GE
1747908,Subhash Maharia,IND,22476,28800,20.5199820450157,2,21,34,RJ,Subhash Maharia,IND,,,,,False,21,2014,GE
1747909,Pratap Singh Jat,INC,22472,26113,18.6054962201908,3,21,34,RJ,Pratap Singh Jat,INC,,,,,True,21,2014,GE
1747910,Amra Ram,CPM,22475,23624,16.8320852719253,4,21,34,RJ,Amra Ram,CPM,,,,,False,21,2014,GE
1747911,Major Surendra Kumar Punia,AAAP,22474,2088,1.48769869826363,5,21,34,RJ,Major Surendra Kumar Punia,AAAP,,,,,False,21,2014,GE
1747912,Pratap Singh,IND,22476,1350,0.961874158360111,6,21,34,RJ,Pratap Singh,IND,,,,,False,21,2014,GE
1747913,None Of The Above,NOTA,22479,1312,0.934799182050715,7,21,34,RJ,None Of The Above,NOTA,,,,,False,21,2014,GE
1747914,Swami Bhagirath Singh Kharrante Bhadhadar,ABHM,22566,690,0.491624569828501,8,21,34,RJ,Swami Bhagirath Singh Kharrante Bhadhadar,ABHM,,,,,False,21,2014,GE
1747915,Ajaypal,IND,22476,671,0.478087081673803,9,21,34,RJ,Ajaypal,IND,,,,,False,21,2014,GE
1747916,Gulam Nabi Azad,BSP,22485,644,0.458849598506601,10,21,34,RJ,Gulam Nabi Azad,BSP,,,,,False,21,2014,GE
1747917,Duli Chand Kumawat,IND,22476,558,0.397574652122179,11,21,34,RJ,Duli Chand Kumawat,IND,,,,,False,21,2014,GE
1747918,Surendra Kumar Phulwariya,IND,22476,480,0.341999700750261,12,21,34,RJ,Surendra Kumar Phulwariya,IND,,,,,False,21,2014,GE
1747919,Kanhaiya Lal Balai,IND,22476,242,0.172424849128257,13,21,34,RJ,Kanhaiya Lal Balai,IND,,,,,False,21,2014,GE
1747920,Ramesh Sharma,bhp,22567,183,0.130387385911037,14,21,34,RJ,Ramesh Sharma,bhp,,,,,False,21,2014,GE
1747921,Vimal Indoria,JMBP,22482,180,0.128249887781348,15,21,34,RJ,Vimal Indoria,JMBP,,,,,False,21,2014,GE
1747922,Satish Kumar Sharma,JGP,22497,117,0.0833624270578763,16,21,34,RJ,Satish Kumar Sharma,JGP,,,,,False,21,2014,GE
1748010,Sumedhanand Saraswati,BJP,22471,66139,43.436771418251,1,21,35,RJ,Sumedhanand Saraswati,BJP,,,,,False,21,2014,GE
1748011,Pratap Singh Jat,INC,22472,48284,31.7105047121794,2,21,35,RJ,Pratap Singh Jat,INC,,,,,True,21,2014,GE
1748012,Subhash Maharia,IND,22476,27616,18.1368009719896,3,21,35,RJ,Subhash Maharia,IND,,,,,False,21,2014,GE
1748013,Amra Ram,CPM,22475,3256,2.13837717137884,4,21,35,RJ,Amra Ram,CPM,,,,,False,21,2014,GE
1748014,Major Surendra Kumar Punia,AAAP,22474,1739,1.14208780744097,5,21,35,RJ,Major Surendra Kumar Punia,AAAP,,,,,False,21,2014,GE
1748015,Pratap Singh,IND,22476,1396,0.916822644731225,6,21,35,RJ,Pratap Singh,IND,,,,,False,21,2014,GE
1748016,None Of The Above,NOTA,22479,894,0.587134272485469,7,21,35,RJ,None Of The Above,NOTA,,,,,False,21,2014,GE
1748017,Swami Bhagirath Singh Kharrante Bhadhadar,ABHM,22566,585,0.384198601123042,8,21,35,RJ,Swami Bhagirath Singh Kharrante Bhadhadar,ABHM,,,,,False,21,2014,GE
1748018,Ajaypal,IND,22476,530,0.348077365120021,9,21,35,RJ,Ajaypal,IND,,,,,False,21,2014,GE
1748019,Gulam Nabi Azad,BSP,22485,433,0.284372639805602,10,21,35,RJ,Gulam Nabi Azad,BSP,,,,,False,21,2014,GE
1748020,Duli Chand Kumawat,IND,22476,418,0.274521393622959,11,21,35,RJ,Duli Chand Kumawat,IND,,,,,False,21,2014,GE
1748021,Surendra Kumar Phulwariya,IND,22476,417,0.27386464387745,12,21,35,RJ,Surendra Kumar Phulwariya,IND,,,,,False,21,2014,GE
1748022,Kanhaiya Lal Balai,IND,22476,218,0.143171444521065,13,21,35,RJ,Kanhaiya Lal Balai,IND,,,,,False,21,2014,GE
1748023,Ramesh Sharma,bhp,22567,155,0.101796210553968,14,21,35,RJ,Ramesh Sharma,bhp,,,,,False,21,2014,GE
1748024,Satish Kumar Sharma,JGP,22497,113,0.0742127212425705,15,21,35,RJ,Satish Kumar Sharma,JGP,,,,,False,21,2014,GE
1748025,Vimal Indoria,JMBP,22482,72,0.0472859816766821,16,21,35,RJ,Vimal Indoria,JMBP,,,,,False,21,2014,GE
1748128,Sumedhanand Saraswati,BJP,22471,65722,46.6908212560386,1,21,36,RJ,Sumedhanand Saraswati,BJP,,,,,False,21,2014,GE
1748129,Pratap Singh Jat,INC,22472,37287,26.4897698209718,2,21,36,RJ,Pratap Singh Jat,INC,,,,,True,21,2014,GE
1748130,Subhash Maharia,IND,22476,18569,13.1919579425973,3,21,36,RJ,Subhash Maharia,IND,,,,,False,21,2014,GE
1748131,Amra Ram,CPM,22475,11265,8.00298380221653,4,21,36,RJ,Amra Ram,CPM,,,,,False,21,2014,GE
1748132,Pratap Singh,IND,22476,1477,1.0493037794828,5,21,36,RJ,Pratap Singh,IND,,,,,False,21,2014,GE
1748133,None Of The Above,NOTA,22479,1069,0.759448707019039,6,21,36,RJ,None Of The Above,NOTA,,,,,False,21,2014,GE
1748134,Major Surendra Kumar Punia,AAAP,22474,1029,0.731031543052003,7,21,36,RJ,Major Surendra Kumar Punia,AAAP,,,,,False,21,2014,GE
1748135,Ajaypal,IND,22476,979,0.695510088093208,8,21,36,RJ,Ajaypal,IND,,,,,False,21,2014,GE
1748136,Swami Bhagirath Singh Kharrante Bhadhadar,ABHM,22566,717,0.509377664109121,9,21,36,RJ,Swami Bhagirath Singh Kharrante Bhadhadar,ABHM,,,,,False,21,2014,GE
1748137,Gulam Nabi Azad,BSP,22485,714,0.507246376811594,10,21,36,RJ,Gulam Nabi Azad,BSP,,,,,False,21,2014,GE
1748138,Duli Chand Kumawat,IND,22476,639,0.453964194373401,11,21,36,RJ,Duli Chand Kumawat,IND,,,,,False,21,2014,GE
1748139,Surendra Kumar Phulwariya,IND,22476,537,0.381500426257459,12,21,36,RJ,Surendra Kumar Phulwariya,IND,,,,,False,21,2014,GE
1748140,Kanhaiya Lal Balai,IND,22476,303,0.215260017050298,13,21,36,RJ,Kanhaiya Lal Balai,IND,,,,,False,21,2014,GE
1748141,Ramesh Sharma,bhp,22567,188,0.133560670645069,14,21,36,RJ,Ramesh Sharma,bhp,,,,,False,21,2014,GE
1748142,Vimal Indoria,JMBP,22482,137,0.0973287865870986,15,21,36,RJ,Vimal Indoria,JMBP,,,,,False,21,2014,GE
1748143,Satish Kumar Sharma,JGP,22497,128,0.0909349246945154,16,21,36,RJ,Satish Kumar Sharma,JGP,,,,,False,21,2014,GE
1748236,Sumedhanand Saraswati,BJP,22471,59192,47.2805987555214,1,21,37,RJ,Sumedhanand Saraswati,BJP,,,,,False,21,2014,GE
1748237,Pratap Singh Jat,INC,22472,27315,21.8183125254606,2,21,37,RJ,Pratap Singh Jat,INC,,,,,True,21,2014,GE
1748238,Subhash Maharia,IND,22476,26331,21.0323260885193,3,21,37,RJ,Subhash Maharia,IND,,,,,False,21,2014,GE
1748239,Amra Ram,CPM,22475,4616,3.68710710662736,4,21,37,RJ,Amra Ram,CPM,,,,,False,21,2014,GE
1748240,Major Surendra Kumar Punia,AAAP,22474,1385,1.10629188532905,5,21,37,RJ,Major Surendra Kumar Punia,AAAP,,,,,False,21,2014,GE
1748241,Pratap Singh,IND,22476,1299,1.0375979487671,6,21,37,RJ,Pratap Singh,IND,,,,,False,21,2014,GE
1748242,Ajaypal,IND,22476,1078,0.86107050713698,7,21,37,RJ,Ajaypal,IND,,,,,False,21,2014,GE
1748243,None Of The Above,NOTA,22479,841,0.671762798239518,8,21,37,RJ,None Of The Above,NOTA,,,,,False,21,2014,GE
1748244,Duli Chand Kumawat,IND,22476,646,0.516003290918821,9,21,37,RJ,Duli Chand Kumawat,IND,,,,,False,21,2014,GE
1748245,Swami Bhagirath Singh Kharrante Bhadhadar,ABHM,22566,643,0.513606990806195,10,21,37,RJ,Swami Bhagirath Singh Kharrante Bhadhadar,ABHM,,,,,False,21,2014,GE
1748246,Gulam Nabi Azad,BSP,22485,498,0.397785818695933,11,21,37,RJ,Gulam Nabi Azad,BSP,,,,,False,21,2014,GE
1748247,Surendra Kumar Phulwariya,IND,22476,451,0.360243783598124,12,21,37,RJ,Surendra Kumar Phulwariya,IND,,,,,False,21,2014,GE
1748248,Ramesh Sharma,bhp,22567,284,0.226849743995271,13,21,37,RJ,Ramesh Sharma,bhp,,,,,False,21,2014,GE
1748249,Kanhaiya Lal Balai,IND,22476,278,0.222057143770019,14,21,37,RJ,Kanhaiya Lal Balai,IND,,,,,False,21,2014,GE
1748250,Satish Kumar Sharma,JGP,22497,176,0.140582939940731,15,21,37,RJ,Satish Kumar Sharma,JGP,,,,,False,21,2014,GE
1748251,Vimal Indoria,JMBP,22482,160,0.127802672673392,16,21,37,RJ,Vimal Indoria,JMBP,,,,,False,21,2014,GE
1748342,Sumedhanand Saraswati,BJP,22471,62155,52.4275857415186,1,21,38,RJ,Sumedhanand Saraswati,BJP,,,,,False,21,2014,GE
1748343,Pratap Singh Jat,INC,22472,24475,20.6446007726436,2,21,38,RJ,Pratap Singh Jat,INC,,,,,True,21,2014,GE
1748344,Subhash Maharia,IND,22476,20637,17.4072574523002,3,21,38,RJ,Subhash Maharia,IND,,,,,False,21,2014,GE
1748345,Major Surendra Kumar Punia,AAAP,22474,3488,2.94211920306358,4,21,38,RJ,Major Surendra Kumar Punia,AAAP,,,,,False,21,2014,GE
1748346,Amra Ram,CPM,22475,1930,1.6279501324291,5,21,38,RJ,Amra Ram,CPM,,,,,False,21,2014,GE
1748347,Pratap Singh,IND,22476,1194,1.00713598866339,6,21,38,RJ,Pratap Singh,IND,,,,,False,21,2014,GE
1748348,Ajaypal,IND,22476,834,0.703476896604079,7,21,38,RJ,Ajaypal,IND,,,,,False,21,2014,GE
1748349,None Of The Above,NOTA,22479,833,0.702633399126136,8,21,38,RJ,None Of The Above,NOTA,,,,,False,21,2014,GE
1748350,Swami Bhagirath Singh Kharrante Bhadhadar,ABHM,22566,746,0.629249118545135,9,21,38,RJ,Swami Bhagirath Singh Kharrante Bhadhadar,ABHM,,,,,False,21,2014,GE
1748351,Gulam Nabi Azad,BSP,22485,559,0.47151509016988,10,21,38,RJ,Gulam Nabi Azad,BSP,,,,,False,21,2014,GE
1748352,Duli Chand Kumawat,IND,22476,537,0.452958145655144,11,21,38,RJ,Duli Chand Kumawat,IND,,,,,False,21,2014,GE
1748353,Surendra Kumar Phulwariya,IND,22476,449,0.3787303675962,12,21,38,RJ,Surendra Kumar Phulwariya,IND,,,,,False,21,2014,GE
1748354,Kanhaiya Lal Balai,IND,22476,248,0.20918737452975,13,21,38,RJ,Kanhaiya Lal Balai,IND,,,,,False,21,2014,GE
1748355,Ramesh Sharma,bhp,22567,229,0.193160922448841,14,21,38,RJ,Ramesh Sharma,bhp,,,,,False,21,2014,GE
1748356,Satish Kumar Sharma,JGP,22497,145,0.122307134301668,15,21,38,RJ,Satish Kumar Sharma,JGP,,,,,False,21,2014,GE
1748357,Vimal Indoria,JMBP,22482,95,0.0801322604045413,16,21,38,RJ,Vimal Indoria,JMBP,,,,,False,21,2014,GE
1748463,Sumedhanand Saraswati,BJP,22471,74192,62.1352718501892,1,21,39,RJ,Sumedhanand Saraswati,BJP,,,,,False,21,2014,GE
1748464,Pratap Singh Jat,INC,22472,24974,20.9155472178486,2,21,39,RJ,Pratap Singh Jat,INC,,,,,True,21,2014,GE
1748465,Subhash Maharia,IND,22476,11401,9.54825633982111,3,21,39,RJ,Subhash Maharia,IND,,,,,False,21,2014,GE
1748466,Amra Ram,CPM,22475,1940,1.62473618974238,4,21,39,RJ,Amra Ram,CPM,,,,,False,21,2014,GE
1748467,Major Surendra Kumar Punia,AAAP,22474,1182,0.989916585709021,5,21,39,RJ,Major Surendra Kumar Punia,AAAP,,,,,False,21,2014,GE
1748468,Ajaypal,IND,22476,1108,0.927942112492043,6,21,39,RJ,Ajaypal,IND,,,,,False,21,2014,GE
1748469,Pratap Singh,IND,22476,1066,0.892767411477002,7,21,39,RJ,Pratap Singh,IND,,,,,False,21,2014,GE
1748470,None Of The Above,NOTA,22479,806,0.67501926233627,8,21,39,RJ,None Of The Above,NOTA,,,,,False,21,2014,GE
1748471,Swami Bhagirath Singh Kharrante Bhadhadar,ABHM,22566,722,0.604669860306187,9,21,39,RJ,Swami Bhagirath Singh Kharrante Bhadhadar,ABHM,,,,,False,21,2014,GE
1748472,Duli Chand Kumawat,IND,22476,504,0.422096412180496,10,21,39,RJ,Duli Chand Kumawat,IND,,,,,False,21,2014,GE
1748473,Gulam Nabi Azad,BSP,22485,389,0.325784730829787,11,21,39,RJ,Gulam Nabi Azad,BSP,,,,,False,21,2014,GE
1748474,Surendra Kumar Phulwariya,IND,22476,387,0.324109745067166,12,21,39,RJ,Surendra Kumar Phulwariya,IND,,,,,False,21,2014,GE
1748475,Kanhaiya Lal Balai,IND,22476,290,0.242872935580047,13,21,39,RJ,Kanhaiya Lal Balai,IND,,,,,False,21,2014,GE
1748476,Ramesh Sharma,bhp,22567,199,0.166661083380791,14,21,39,RJ,Ramesh Sharma,bhp,,,,,False,21,2014,GE
1748477,Vimal Indoria,JMBP,22482,130,0.108874074570366,15,21,39,RJ,Vimal Indoria,JMBP,,,,,False,21,2014,GE
1748478,Satish Kumar Sharma,JGP,22497,114,0.095474188469398,16,21,39,RJ,Satish Kumar Sharma,JGP,,,,,False,21,2014,GE
1748572,Rajyavardhan Singh Rathore,BJP,22471,66756,67.0820186104467,1,21,40,RJ,Rajyavardhan Singh Rathore,BJP,,,,,False,21,2014,GE
1748573,C. P. Joshi,INC,22472,28800,28.9406515666137,2,21,40,RJ,C. P. Joshi,INC,,,,,True,21,2014,GE
1748574,Kamal Kumar Gaur,IND,22476,986,0.990815362662539,3,21,40,RJ,Kamal Kumar Gaur,IND,,,,,False,21,2014,GE
1748575,None Of The Above,NOTA,22479,952,0.956649315674176,4,21,40,RJ,None Of The Above,NOTA,,,,,False,21,2014,GE
1748576,Ajay Kumar Sharma,JGP,22497,480,0.482344192776895,5,21,40,RJ,Ajay Kumar Sharma,JGP,,,,,False,21,2014,GE
1748577,Anil Kumar,AAAP,22474,445,0.44717326205358,6,21,40,RJ,Anil Kumar,AAAP,,,,,False,21,2014,GE
1748578,Tek Chand Sonwal,APoI,22520,260,0.261269771087485,7,21,40,RJ,Tek Chand Sonwal,APoI,,,,,False,21,2014,GE
1748579,Naveen Pilania,NPEP,22504,220,0.22107442168941,8,21,40,RJ,Naveen Pilania,NPEP,,,,,False,21,2014,GE
1748580,Dr. Om Singh Meena,IND,22476,212,0.213035351809795,9,21,40,RJ,Dr. Om Singh Meena,IND,,,,,False,21,2014,GE
1748581,Dhiraj Gurjar,SP,22486,117,0.117571396989368,10,21,40,RJ,Dhiraj Gurjar,SP,,,,,False,21,2014,GE
1748582,Shayam Singh Rathore,LS,22582,108,0.108527443374801,11,21,40,RJ,Shayam Singh Rathore,LS,,,,,False,21,2014,GE
1748583,Narayan Lal Parihar,BNNP,22535,104,0.104507908434994,12,21,40,RJ,Narayan Lal Parihar,BNNP,,,,,False,21,2014,GE
1748584,Jagdish Prasad,LD,22483,74,0.074361396386438,13,21,40,RJ,Jagdish Prasad,LD,,,,,False,21,2014,GE
1748696,Rajyavardhan Singh Rathore,BJP,22471,67847,65.9663007651845,1,21,41,RJ,Rajyavardhan Singh Rathore,BJP,,,,,False,21,2014,GE
1748697,C. P. Joshi,INC,22472,29748,28.9233940360327,2,21,41,RJ,C. P. Joshi,INC,,,,,True,21,2014,GE
1748698,None Of The Above,NOTA,22479,1397,1.35827556367949,3,21,41,RJ,None Of The Above,NOTA,,,,,False,21,2014,GE
1748699,Kamal Kumar Gaur,IND,22476,1253,1.21826720206901,4,21,41,RJ,Kamal Kumar Gaur,IND,,,,,False,21,2014,GE
1748700,Ajay Kumar Sharma,JGP,22497,786,0.764212307123897,5,21,41,RJ,Ajay Kumar Sharma,JGP,,,,,False,21,2014,GE
1748701,Anil Kumar,AAAP,22474,395,0.384050714139872,6,21,41,RJ,Anil Kumar,AAAP,,,,,False,21,2014,GE
1748702,Naveen Pilania,NPEP,22504,358,0.348076343448289,7,21,41,RJ,Naveen Pilania,NPEP,,,,,False,21,2014,GE
1748703,Tek Chand Sonwal,APoI,22520,325,0.315991093912553,8,21,41,RJ,Tek Chand Sonwal,APoI,,,,,False,21,2014,GE
1748704,Dr. Om Singh Meena,IND,22476,262,0.254737435707965,9,21,41,RJ,Dr. Om Singh Meena,IND,,,,,False,21,2014,GE
1748705,Dhiraj Gurjar,SP,22486,145,0.140980641899446,10,21,41,RJ,Dhiraj Gurjar,SP,,,,,False,21,2014,GE
1748706,Shayam Singh Rathore,LS,22582,133,0.129313278431906,11,21,41,RJ,Shayam Singh Rathore,LS,,,,,False,21,2014,GE
1748707,Narayan Lal Parihar,BNNP,22535,110,0.106950831785787,12,21,41,RJ,Narayan Lal Parihar,BNNP,,,,,False,21,2014,GE
1748708,Jagdish Prasad,LD,22483,92,0.0894497865844765,13,21,41,RJ,Jagdish Prasad,LD,,,,,False,21,2014,GE
1748821,Rajyavardhan Singh Rathore,BJP,22471,66461,60.8606069485906,1,21,42,RJ,Rajyavardhan Singh Rathore,BJP,,,,,False,21,2014,GE
1748822,C. P. Joshi,INC,22472,34889,31.9490485522243,2,21,42,RJ,C. P. Joshi,INC,,,,,True,21,2014,GE
1748823,Naveen Pilania,NPEP,22504,2244,2.05490741927803,3,21,42,RJ,Naveen Pilania,NPEP,,,,,False,21,2014,GE
1748824,None Of The Above,NOTA,22479,1488,1.36261240636618,4,21,42,RJ,None Of The Above,NOTA,,,,,False,21,2014,GE
1748825,Kamal Kumar Gaur,IND,22476,1311,1.20052746286698,5,21,42,RJ,Kamal Kumar Gaur,IND,,,,,False,21,2014,GE
1748826,Ajay Kumar Sharma,JGP,22497,751,0.687716342191534,6,21,42,RJ,Ajay Kumar Sharma,JGP,,,,,False,21,2014,GE
1748827,Anil Kumar,AAAP,22474,555,0.508232449955129,7,21,42,RJ,Anil Kumar,AAAP,,,,,False,21,2014,GE
1748828,Dr. Om Singh Meena,IND,22476,535,0.489917767073863,8,21,42,RJ,Dr. Om Singh Meena,IND,,,,,False,21,2014,GE
1748829,Tek Chand Sonwal,APoI,22520,330,0.302192267540887,9,21,42,RJ,Tek Chand Sonwal,APoI,,,,,False,21,2014,GE
1748830,Shayam Singh Rathore,LS,22582,244,0.223439131151444,10,21,42,RJ,Shayam Singh Rathore,LS,,,,,False,21,2014,GE
1748831,Dhiraj Gurjar,SP,22486,141,0.129118514312924,11,21,42,RJ,Dhiraj Gurjar,SP,,,,,False,21,2014,GE
1748832,Jagdish Prasad,LD,22483,128,0.117213970440101,12,21,42,RJ,Jagdish Prasad,LD,,,,,False,21,2014,GE
1748833,Narayan Lal Parihar,BNNP,22535,125,0.114466768007911,13,21,42,RJ,Narayan Lal Parihar,BNNP,,,,,False,21,2014,GE
1748914,Sumedhanand Saraswati,BJP,22471,72851,60.5109931640543,1,21,43,RJ,Sumedhanand Saraswati,BJP,,,,,False,21,2014,GE
1748915,Pratap Singh Jat,INC,22472,31955,26.5422408279551,2,21,43,RJ,Pratap Singh Jat,INC,,,,,True,21,2014,GE
1748916,Subhash Maharia,IND,22476,7636,6.34256144460226,3,21,43,RJ,Subhash Maharia,IND,,,,,False,21,2014,GE
1748917,Major Surendra Kumar Punia,AAAP,22474,1720,1.42865448987897,4,21,43,RJ,Major Surendra Kumar Punia,AAAP,,,,,False,21,2014,GE
1748918,Pratap Singh,IND,22476,1094,0.908690704609071,5,21,43,RJ,Pratap Singh,IND,,,,,False,21,2014,GE
1748919,Amra Ram,CPM,22475,886,0.735923184902776,6,21,43,RJ,Amra Ram,CPM,,,,,False,21,2014,GE
1748920,None Of The Above,NOTA,22479,879,0.730108893374199,7,21,43,RJ,None Of The Above,NOTA,,,,,False,21,2014,GE
1748921,Ajaypal,IND,22476,870,0.7226333756946,8,21,43,RJ,Ajaypal,IND,,,,,False,21,2014,GE
1748922,Swami Bhagirath Singh Kharrante Bhadhadar,ABHM,22566,709,0.588904670537323,9,21,43,RJ,Swami Bhagirath Singh Kharrante Bhadhadar,ABHM,,,,,False,21,2014,GE
1748923,Duli Chand Kumawat,IND,22476,422,0.350518717865656,10,21,43,RJ,Duli Chand Kumawat,IND,,,,,False,21,2014,GE
1748924,Gulam Nabi Azad,BSP,22485,413,0.343043200186057,11,21,43,RJ,Gulam Nabi Azad,BSP,,,,,False,21,2014,GE
1748925,Surendra Kumar Phulwariya,IND,22476,368,0.30566561178806,12,21,43,RJ,Surendra Kumar Phulwariya,IND,,,,,False,21,2014,GE
1748926,Kanhaiya Lal Balai,IND,22476,237,0.196855298896115,13,21,43,RJ,Kanhaiya Lal Balai,IND,,,,,False,21,2014,GE
1748927,Ramesh Sharma,bhp,22567,176,0.146187901289942,14,21,43,RJ,Ramesh Sharma,bhp,,,,,False,21,2014,GE
1748928,Satish Kumar Sharma,JGP,22497,104,0.0863837598531476,15,21,43,RJ,Satish Kumar Sharma,JGP,,,,,False,21,2014,GE
1748929,Vimal Indoria,JMBP,22482,73,0.0606347545123055,16,21,43,RJ,Vimal Indoria,JMBP,,,,,False,21,2014,GE
1749029,Rajyavardhan Singh Rathore,BJP,22471,83896,61.841474831015,1,21,44,RJ,Rajyavardhan Singh Rathore,BJP,,,,,False,21,2014,GE
1749030,C. P. Joshi,INC,22472,44171,32.5593566410885,2,21,44,RJ,C. P. Joshi,INC,,,,,True,21,2014,GE
1749031,None Of The Above,NOTA,22479,1718,1.26637329264427,3,21,44,RJ,None Of The Above,NOTA,,,,,False,21,2014,GE
1749032,Kamal Kumar Gaur,IND,22476,1337,0.985530321458319,4,21,44,RJ,Kamal Kumar Gaur,IND,,,,,False,21,2014,GE
1749033,Naveen Pilania,NPEP,22504,1111,0.818941052460877,5,21,44,RJ,Naveen Pilania,NPEP,,,,,False,21,2014,GE
1749034,Ajay Kumar Sharma,JGP,22497,981,0.723115366754384,6,21,44,RJ,Ajay Kumar Sharma,JGP,,,,,False,21,2014,GE
1749035,Anil Kumar,AAAP,22474,625,0.460700412050448,7,21,44,RJ,Anil Kumar,AAAP,,,,,False,21,2014,GE
1749036,Dr. Om Singh Meena,IND,22476,501,0.369297450299639,8,21,44,RJ,Dr. Om Singh Meena,IND,,,,,False,21,2014,GE
1749037,Tek Chand Sonwal,APoI,22520,485,0.357503519751148,9,21,44,RJ,Tek Chand Sonwal,APoI,,,,,False,21,2014,GE
1749038,Shayam Singh Rathore,LS,22582,281,0.207130905257881,10,21,44,RJ,Shayam Singh Rathore,LS,,,,,False,21,2014,GE
1749039,Jagdish Prasad,LD,22483,216,0.159218062404635,11,21,44,RJ,Jagdish Prasad,LD,,,,,False,21,2014,GE
1749040,Narayan Lal Parihar,BNNP,22535,193,0.142264287241178,12,21,44,RJ,Narayan Lal Parihar,BNNP,,,,,False,21,2014,GE
1749041,Dhiraj Gurjar,SP,22486,148,0.109093857573546,13,21,44,RJ,Dhiraj Gurjar,SP,,,,,False,21,2014,GE
1749135,Sanwar Lal Jat,BJP,22471,79195,57.0178912127866,1,21,45,RJ,Sanwar Lal Jat,BJP,,,,,False,21,2014,GE
1749136,Sachin Pilot,INC,22472,52767,37.9905684149897,2,21,45,RJ,Sachin Pilot,INC,,,,,True,21,2014,GE
1749137,None Of The Above,NOTA,22479,1582,1.13898988444508,3,21,45,RJ,None Of The Above,NOTA,,,,,False,21,2014,GE
1749138,Sanwar Lal,NCP,22509,1533,1.10371143669678,4,21,45,RJ,Sanwar Lal,NCP,,,,,False,21,2014,GE
1749139,Jagdish,BSP,22485,1248,0.898520465099535,5,21,45,RJ,Jagdish,BSP,,,,,False,21,2014,GE
1749140,Surendra Kumar Jain,IND,22476,656,0.472299218834371,6,21,45,RJ,Surendra Kumar Jain,IND,,,,,False,21,2014,GE
1749141,Bhanwar Lal Soni,IND,22476,636,0.457899852406494,7,21,45,RJ,Bhanwar Lal Soni,IND,,,,,False,21,2014,GE
1749142,Narain Das Sindhi,IND,22476,429,0.308866409877965,8,21,45,RJ,Narain Das Sindhi,IND,,,,,False,21,2014,GE
1749143,Mukul Mishra,ABHM,22566,252,0.181432016991252,9,21,45,RJ,Mukul Mishra,ABHM,,,,,False,21,2014,GE
1749144,Ramlal,AKBAP,22562,175,0.125994456243925,10,21,45,RJ,Ramlal,AKBAP,,,,,False,21,2014,GE
1749145,Jagdish Singh Rawat,IND,22476,168,0.120954677994168,11,21,45,RJ,Jagdish Singh Rawat,IND,,,,,False,21,2014,GE
1749146,Anita Jain,IND,22476,135,0.0971957233881709,12,21,45,RJ,Anita Jain,IND,,,,,False,21,2014,GE
1749147,Krishna Kumar Dadhich,IND,22476,119,0.0856762302458691,13,21,45,RJ,Krishna Kumar Dadhich,IND,,,,,False,21,2014,GE
1749212,Rajyavardhan Singh Rathore,BJP,22471,149038,68.4671854757945,1,21,46,RJ,Rajyavardhan Singh Rathore,BJP,,,,,False,21,2014,GE
1749213,C. P. Joshi,INC,22472,53922,24.7714514098806,2,21,46,RJ,C. P. Joshi,INC,,,,,True,21,2014,GE
1749214,Naveen Pilania,NPEP,22504,4718,2.16742160438813,3,21,46,RJ,Naveen Pilania,NPEP,,,,,False,21,2014,GE
1749215,Anil Kumar,AAAP,22474,3287,1.51002857431619,4,21,46,RJ,Anil Kumar,AAAP,,,,,False,21,2014,GE
1749216,None Of The Above,NOTA,22479,2098,0.963808928784718,5,21,46,RJ,None Of The Above,NOTA,,,,,False,21,2014,GE
1749217,Kamal Kumar Gaur,IND,22476,1331,0.611453614972574,6,21,46,RJ,Kamal Kumar Gaur,IND,,,,,False,21,2014,GE
1749218,Ajay Kumar Sharma,JGP,22497,881,0.404726247025422,7,21,46,RJ,Ajay Kumar Sharma,JGP,,,,,False,21,2014,GE
1749219,Dr. Om Singh Meena,IND,22476,762,0.350058343057176,8,21,46,RJ,Dr. Om Singh Meena,IND,,,,,False,21,2014,GE
1749220,Shayam Singh Rathore,LS,22582,555,0.254963753801486,9,21,46,RJ,Shayam Singh Rathore,LS,,,,,False,21,2014,GE
1749221,Tek Chand Sonwal,APoI,22520,430,0.197539484927277,10,21,46,RJ,Tek Chand Sonwal,APoI,,,,,False,21,2014,GE
1749222,Jagdish Prasad,LD,22483,250,0.114848537748417,11,21,46,RJ,Jagdish Prasad,LD,,,,,False,21,2014,GE
1749223,Dhiraj Gurjar,SP,22486,214,0.0983103483126452,12,21,46,RJ,Dhiraj Gurjar,SP,,,,,False,21,2014,GE
1749224,Narayan Lal Parihar,BNNP,22535,192,0.0882036769907845,13,21,46,RJ,Narayan Lal Parihar,BNNP,,,,,False,21,2014,GE
1749348,Rajyavardhan Singh Rathore,BJP,22471,75140,53.9895814621878,1,21,47,RJ,Rajyavardhan Singh Rathore,BJP,,,,,False,21,2014,GE
1749349,C. P. Joshi,INC,22472,42009,30.1843003412969,2,21,47,RJ,C. P. Joshi,INC,,,,,True,21,2014,GE
1749350,Naveen Pilania,NPEP,22504,13994,10.0549667684569,3,21,47,RJ,Naveen Pilania,NPEP,,,,,False,21,2014,GE
1749351,None Of The Above,NOTA,22479,1553,1.11586132566912,4,21,47,RJ,None Of The Above,NOTA,,,,,False,21,2014,GE
1749352,Shayam Singh Rathore,LS,22582,1411,1.01383150709538,5,21,47,RJ,Shayam Singh Rathore,LS,,,,,False,21,2014,GE
1749353,Kamal Kumar Gaur,IND,22476,1163,0.835638584515897,6,21,47,RJ,Kamal Kumar Gaur,IND,,,,,False,21,2014,GE
1749354,Dr. Om Singh Meena,IND,22476,1117,0.802586671456798,7,21,47,RJ,Dr. Om Singh Meena,IND,,,,,False,21,2014,GE
1749355,Ajay Kumar Sharma,JGP,22497,760,0.546075085324232,8,21,47,RJ,Ajay Kumar Sharma,JGP,,,,,False,21,2014,GE
1749356,Anil Kumar,AAAP,22474,634,0.455541584336267,9,21,47,RJ,Anil Kumar,AAAP,,,,,False,21,2014,GE
1749357,Tek Chand Sonwal,APoI,22520,488,0.350637686366085,10,21,47,RJ,Tek Chand Sonwal,APoI,,,,,False,21,2014,GE
1749358,Jagdish Prasad,LD,22483,329,0.236393030357463,11,21,47,RJ,Jagdish Prasad,LD,,,,,False,21,2014,GE
1749359,Narayan Lal Parihar,BNNP,22535,291,0.209089276091252,12,21,47,RJ,Narayan Lal Parihar,BNNP,,,,,False,21,2014,GE
1749360,Dhiraj Gurjar,SP,22486,286,0.205496676845697,13,21,47,RJ,Dhiraj Gurjar,SP,,,,,False,21,2014,GE
1749473,Rajyavardhan Singh Rathore,BJP,22471,52051,49.3701982357962,1,21,48,RJ,Rajyavardhan Singh Rathore,BJP,,,,,False,21,2014,GE
1749474,C. P. Joshi,INC,22472,38779,36.7817509247842,2,21,48,RJ,C. P. Joshi,INC,,,,,True,21,2014,GE
1749475,Naveen Pilania,NPEP,22504,8613,8.16940149862467,3,21,48,RJ,Naveen Pilania,NPEP,,,,,False,21,2014,GE
1749476,None Of The Above,NOTA,22479,1337,1.268139998103,4,21,48,RJ,None Of The Above,NOTA,,,,,False,21,2014,GE
1749477,Kamal Kumar Gaur,IND,22476,956,0.906762780992127,5,21,48,RJ,Kamal Kumar Gaur,IND,,,,,False,21,2014,GE
1749478,Dr. Om Singh Meena,IND,22476,916,0.868822915678649,6,21,48,RJ,Dr. Om Singh Meena,IND,,,,,False,21,2014,GE
1749479,Shayam Singh Rathore,LS,22582,868,0.823295077302475,7,21,48,RJ,Shayam Singh Rathore,LS,,,,,False,21,2014,GE
1749480,Ajay Kumar Sharma,JGP,22497,589,0.558664516740965,8,21,48,RJ,Ajay Kumar Sharma,JGP,,,,,False,21,2014,GE
1749481,Tek Chand Sonwal,APoI,22520,394,0.373707673337759,9,21,48,RJ,Tek Chand Sonwal,APoI,,,,,False,21,2014,GE
1749482,Anil Kumar,AAAP,22474,321,0.304467419140662,10,21,48,RJ,Anil Kumar,AAAP,,,,,False,21,2014,GE
1749483,Jagdish Prasad,LD,22483,206,0.195390306364412,11,21,48,RJ,Jagdish Prasad,LD,,,,,False,21,2014,GE
1749484,Narayan Lal Parihar,BNNP,22535,203,0.192544816465901,12,21,48,RJ,Narayan Lal Parihar,BNNP,,,,,False,21,2014,GE
1749485,Dhiraj Gurjar,SP,22486,197,0.186853836668879,13,21,48,RJ,Dhiraj Gurjar,SP,,,,,False,21,2014,GE
1749576,Ramcharan Bohara,BJP,22471,83589,55.6136604059799,1,21,49,RJ,Ramcharan Bohara,BJP,,,,,False,21,2014,GE
1749577,Mahesh Joshi,INC,22472,53184,35.3845232630087,2,21,49,RJ,Mahesh Joshi,INC,,,,,True,21,2014,GE
1749578,Dr. Virendra Singh,AAAP,22474,5652,3.76040398395241,3,21,49,RJ,Dr. Virendra Singh,AAAP,,,,,False,21,2014,GE
1749579,D.K. (Dev Krishan) Chhangani,CPI,22487,2180,1.45040351822651,4,21,49,RJ,D.K. (Dev Krishan) Chhangani,CPI,,,,,False,21,2014,GE
1749580,Munna Dass Dabodia,IND,22476,1321,0.878891306228085,5,21,49,RJ,Munna Dass Dabodia,IND,,,,,False,21,2014,GE
1749581,Hafiz Khan Warsi,IND,22476,853,0.567520275709733,6,21,49,RJ,Hafiz Khan Warsi,IND,,,,,False,21,2014,GE
1749582,Farooq Shah,BSP,22485,828,0.550887207840162,7,21,49,RJ,Farooq Shah,BSP,,,,,False,21,2014,GE
1749583,None Of The Above,NOTA,22479,783,0.520947685674936,8,21,49,RJ,None Of The Above,NOTA,,,,,False,21,2014,GE
1749584,Anil Kumar Sharma,JGP,22497,420,0.279435540208778,9,21,49,RJ,Anil Kumar Sharma,JGP,,,,,False,21,2014,GE
1749585,Ram Singh Raj,IND,22476,332,0.220887141307891,10,21,49,RJ,Ram Singh Raj,IND,,,,,False,21,2014,GE
1749586,Pawan Singh Shekhawat,IND,22476,267,0.177641164847009,11,21,49,RJ,Pawan Singh Shekhawat,IND,,,,,False,21,2014,GE
1749587,Raju Lal Bairwa,APoI,22520,241,0.160342774262656,12,21,49,RJ,Raju Lal Bairwa,APoI,,,,,False,21,2014,GE
1749588,Neeru Agarwal,nuzp,22473,188,0.125080670379167,13,21,49,RJ,Neeru Agarwal,nuzp,,,,,False,21,2014,GE
1749589,Abdul Aziz Bhartiya,RUC,22592,179,0.119092765946122,14,21,49,RJ,Abdul Aziz Bhartiya,RUC,,,,,False,21,2014,GE
1749590,Tanmay,IPGP,22493,131,0.0871572756365475,15,21,49,RJ,Tanmay,IPGP,,,,,False,21,2014,GE
1749591,Iftekar Qurishi,AIFB,22593,87,0.057883076186104,16,21,49,RJ,Iftekar Qurishi,AIFB,,,,,False,21,2014,GE
1749592,Kailash Chand Saini,HJP,22505,68,0.0452419446052307,17,21,49,RJ,Kailash Chand Saini,HJP,,,,,False,21,2014,GE
1749729,Ramcharan Bohara,BJP,22471,159550,76.4710675274754,1,21,50,RJ,Ramcharan Bohara,BJP,,,,,False,21,2014,GE
1749730,Mahesh Joshi,INC,22472,34441,16.5073020163822,2,21,50,RJ,Mahesh Joshi,INC,,,,,True,21,2014,GE
1749731,Dr. Virendra Singh,AAAP,22474,8472,4.0605633600299,3,21,50,RJ,Dr. Virendra Singh,AAAP,,,,,False,21,2014,GE
1749732,D.K. (Dev Krishan) Chhangani,CPI,22487,1358,0.650878782214425,4,21,50,RJ,D.K. (Dev Krishan) Chhangani,CPI,,,,,False,21,2014,GE
1749733,None Of The Above,NOTA,22479,1129,0.541120872695203,5,21,50,RJ,None Of The Above,NOTA,,,,,False,21,2014,GE
1749734,Anil Kumar Sharma,JGP,22497,717,0.343652493996865,6,21,50,RJ,Anil Kumar Sharma,JGP,,,,,False,21,2014,GE
1749735,Hafiz Khan Warsi,IND,22476,593,0.284220263514841,7,21,50,RJ,Hafiz Khan Warsi,IND,,,,,False,21,2014,GE
1749736,Farooq Shah,BSP,22485,520,0.249231934279456,8,21,50,RJ,Farooq Shah,BSP,,,,,False,21,2014,GE
1749737,Munna Dass Dabodia,IND,22476,341,0.163438633825566,9,21,50,RJ,Munna Dass Dabodia,IND,,,,,False,21,2014,GE
1749738,Pawan Singh Shekhawat,IND,22476,300,0.143787654391993,10,21,50,RJ,Pawan Singh Shekhawat,IND,,,,,False,21,2014,GE
1749739,Neeru Agarwal,nuzp,22473,272,0.130367473315407,11,21,50,RJ,Neeru Agarwal,nuzp,,,,,False,21,2014,GE
1749740,Ram Singh Raj,IND,22476,266,0.127491720227567,12,21,50,RJ,Ram Singh Raj,IND,,,,,False,21,2014,GE
1749741,Raju Lal Bairwa,APoI,22520,245,0.117426584420128,13,21,50,RJ,Raju Lal Bairwa,APoI,,,,,False,21,2014,GE
1749742,Abdul Aziz Bhartiya,RUC,22592,156,0.0747695802838368,14,21,50,RJ,Abdul Aziz Bhartiya,RUC,,,,,False,21,2014,GE
1749743,Tanmay,IPGP,22493,102,0.0488878024932779,15,21,50,RJ,Tanmay,IPGP,,,,,False,21,2014,GE
1749744,Iftekar Qurishi,AIFB,22593,93,0.0445741728615181,16,21,50,RJ,Iftekar Qurishi,AIFB,,,,,False,21,2014,GE
1749745,Kailash Chand Saini,HJP,22505,86,0.0412191275923715,17,21,50,RJ,Kailash Chand Saini,HJP,,,,,False,21,2014,GE
1749892,Ramcharan Bohara,BJP,22471,105040,69.0739072394768,1,21,51,RJ,Ramcharan Bohara,BJP,,,,,False,21,2014,GE
1749893,Mahesh Joshi,INC,22472,33243,21.8604712334532,2,21,51,RJ,Mahesh Joshi,INC,,,,,True,21,2014,GE
1749894,Dr. Virendra Singh,AAAP,22474,8094,5.32258382707849,3,21,51,RJ,Dr. Virendra Singh,AAAP,,,,,False,21,2014,GE
1749895,D.K. (Dev Krishan) Chhangani,CPI,22487,1667,1.09621290335308,4,21,51,RJ,D.K. (Dev Krishan) Chhangani,CPI,,,,,False,21,2014,GE
1749896,None Of The Above,NOTA,22479,994,0.653650645430692,5,21,51,RJ,None Of The Above,NOTA,,,,,False,21,2014,GE
1749897,Farooq Shah,BSP,22485,600,0.394557733660377,6,21,51,RJ,Farooq Shah,BSP,,,,,False,21,2014,GE
1749898,Anil Kumar Sharma,JGP,22497,508,0.334058881165786,7,21,51,RJ,Anil Kumar Sharma,JGP,,,,,False,21,2014,GE
1749899,Munna Dass Dabodia,IND,22476,482,0.316961379373836,8,21,51,RJ,Munna Dass Dabodia,IND,,,,,False,21,2014,GE
1749900,Hafiz Khan Warsi,IND,22476,416,0.273560028671195,9,21,51,RJ,Hafiz Khan Warsi,IND,,,,,False,21,2014,GE
1749901,Pawan Singh Shekhawat,IND,22476,206,0.135464821890063,10,21,51,RJ,Pawan Singh Shekhawat,IND,,,,,False,21,2014,GE
1749902,Ram Singh Raj,IND,22476,204,0.134149629444528,11,21,51,RJ,Ram Singh Raj,IND,,,,,False,21,2014,GE
1749903,Neeru Agarwal,nuzp,22473,157,0.103242606974465,12,21,51,RJ,Neeru Agarwal,nuzp,,,,,False,21,2014,GE
1749904,Raju Lal Bairwa,APoI,22520,150,0.0986394334150944,13,21,51,RJ,Raju Lal Bairwa,APoI,,,,,False,21,2014,GE
1749905,Abdul Aziz Bhartiya,RUC,22592,98,0.064444429831195,14,21,51,RJ,Abdul Aziz Bhartiya,RUC,,,,,False,21,2014,GE
1749906,Tanmay,IPGP,22493,89,0.0585260638262893,15,21,51,RJ,Tanmay,IPGP,,,,,False,21,2014,GE
1749907,Kailash Chand Saini,HJP,22505,69,0.0453741393709434,16,21,51,RJ,Kailash Chand Saini,HJP,,,,,False,21,2014,GE
1749908,Iftekar Qurishi,AIFB,22593,52,0.0341950035838994,17,21,51,RJ,Iftekar Qurishi,AIFB,,,,,False,21,2014,GE
1750027,Ramcharan Bohara,BJP,22471,76250,57.4781959761493,1,21,52,RJ,Ramcharan Bohara,BJP,,,,,False,21,2014,GE
1750028,Mahesh Joshi,INC,22472,44811,33.7790877362259,2,21,52,RJ,Mahesh Joshi,INC,,,,,True,21,2014,GE
1750029,Dr. Virendra Singh,AAAP,22474,5108,3.85047377109732,3,21,52,RJ,Dr. Virendra Singh,AAAP,,,,,False,21,2014,GE
1750030,D.K. (Dev Krishan) Chhangani,CPI,22487,2184,1.64632629523816,4,21,52,RJ,D.K. (Dev Krishan) Chhangani,CPI,,,,,False,21,2014,GE
1750031,Munna Dass Dabodia,IND,22476,1085,0.817886460775371,5,21,52,RJ,Munna Dass Dabodia,IND,,,,,False,21,2014,GE
1750032,None Of The Above,NOTA,22479,819,0.617372360714312,6,21,52,RJ,None Of The Above,NOTA,,,,,False,21,2014,GE
1750033,Hafiz Khan Warsi,IND,22476,645,0.486209002027755,7,21,52,RJ,Hafiz Khan Warsi,IND,,,,,False,21,2014,GE
1750034,Farooq Shah,BSP,22485,464,0.349768956497486,8,21,52,RJ,Farooq Shah,BSP,,,,,False,21,2014,GE
1750035,Anil Kumar Sharma,JGP,22497,358,0.26986484143556,9,21,52,RJ,Anil Kumar Sharma,JGP,,,,,False,21,2014,GE
1750036,Pawan Singh Shekhawat,IND,22476,200,0.150762481248916,10,21,52,RJ,Pawan Singh Shekhawat,IND,,,,,False,21,2014,GE
1750037,Ram Singh Raj,IND,22476,151,0.113825673342931,11,21,52,RJ,Ram Singh Raj,IND,,,,,False,21,2014,GE
1750038,Raju Lal Bairwa,APoI,22520,137,0.103272299655507,12,21,52,RJ,Raju Lal Bairwa,APoI,,,,,False,21,2014,GE
1750039,Neeru Agarwal,nuzp,22473,136,0.102518487249263,13,21,52,RJ,Neeru Agarwal,nuzp,,,,,False,21,2014,GE
1750040,Abdul Aziz Bhartiya,RUC,22592,122,0.091965113561839,14,21,52,RJ,Abdul Aziz Bhartiya,RUC,,,,,False,21,2014,GE
1750041,Tanmay,IPGP,22493,87,0.0655816793432786,15,21,52,RJ,Tanmay,IPGP,,,,,False,21,2014,GE
1750042,Iftekar Qurishi,AIFB,22593,53,0.0399520575309628,16,21,52,RJ,Iftekar Qurishi,AIFB,,,,,False,21,2014,GE
1750043,Kailash Chand Saini,HJP,22505,49,0.0369368079059845,17,21,52,RJ,Kailash Chand Saini,HJP,,,,,False,21,2014,GE
1750213,Ramcharan Bohara,BJP,22471,74973,51.6190108989761,1,21,53,RJ,Ramcharan Bohara,BJP,,,,,False,21,2014,GE
1750214,Mahesh Joshi,INC,22472,57172,39.3629985610322,2,21,53,RJ,Mahesh Joshi,INC,,,,,True,21,2014,GE
1750215,Dr. Virendra Singh,AAAP,22474,5404,3.7206612366861,3,21,53,RJ,Dr. Virendra Singh,AAAP,,,,,False,21,2014,GE
1750216,D.K. (Dev Krishan) Chhangani,CPI,22487,2810,1.93468876296964,4,21,53,RJ,D.K. (Dev Krishan) Chhangani,CPI,,,,,False,21,2014,GE
1750217,None Of The Above,NOTA,22479,947,0.652010768160944,5,21,53,RJ,None Of The Above,NOTA,,,,,False,21,2014,GE
1750218,Hafiz Khan Warsi,IND,22476,760,0.523261017742679,6,21,53,RJ,Hafiz Khan Warsi,IND,,,,,False,21,2014,GE
1750219,Farooq Shah,BSP,22485,736,0.506736985603436,7,21,53,RJ,Farooq Shah,BSP,,,,,False,21,2014,GE
1750220,Munna Dass Dabodia,IND,22476,550,0.378675736524307,8,21,53,RJ,Munna Dass Dabodia,IND,,,,,False,21,2014,GE
1750221,Anil Kumar Sharma,JGP,22497,479,0.329792141445715,9,21,53,RJ,Anil Kumar Sharma,JGP,,,,,False,21,2014,GE
1750222,Ram Singh Raj,IND,22476,278,0.191403372279559,10,21,53,RJ,Ram Singh Raj,IND,,,,,False,21,2014,GE
1750223,Pawan Singh Shekhawat,IND,22476,267,0.183829857549072,11,21,53,RJ,Pawan Singh Shekhawat,IND,,,,,False,21,2014,GE
1750224,Raju Lal Bairwa,APoI,22520,215,0.148027787914047,12,21,53,RJ,Raju Lal Bairwa,APoI,,,,,False,21,2014,GE
1750225,Neeru Agarwal,nuzp,22473,182,0.125307243722589,13,21,53,RJ,Neeru Agarwal,nuzp,,,,,False,21,2014,GE
1750226,Abdul Aziz Bhartiya,RUC,22592,150,0.103275200870265,14,21,53,RJ,Abdul Aziz Bhartiya,RUC,,,,,False,21,2014,GE
1750227,Tanmay,IPGP,22493,142,0.0977671901571848,15,21,53,RJ,Tanmay,IPGP,,,,,False,21,2014,GE
1750228,Iftekar Qurishi,AIFB,22593,99,0.0681616325743753,16,21,53,RJ,Iftekar Qurishi,AIFB,,,,,False,21,2014,GE
1750229,Kailash Chand Saini,HJP,22505,79,0.0543916057916732,17,21,53,RJ,Kailash Chand Saini,HJP,,,,,False,21,2014,GE
1750392,Ramcharan Bohara,BJP,22471,108962,73.6946759008765,1,21,54,RJ,Ramcharan Bohara,BJP,,,,,False,21,2014,GE
1750393,Mahesh Joshi,INC,22472,25297,17.109214370739,2,21,54,RJ,Mahesh Joshi,INC,,,,,True,21,2014,GE
1750394,Dr. Virendra Singh,AAAP,22474,8976,6.07077156151931,3,21,54,RJ,Dr. Virendra Singh,AAAP,,,,,False,21,2014,GE
1750395,None Of The Above,NOTA,22479,1080,0.730440428525051,4,21,54,RJ,None Of The Above,NOTA,,,,,False,21,2014,GE
1750396,D.K. (Dev Krishan) Chhangani,CPI,22487,1071,0.724353424954009,5,21,54,RJ,D.K. (Dev Krishan) Chhangani,CPI,,,,,False,21,2014,GE
1750397,Anil Kumar Sharma,JGP,22497,499,0.337490531327778,6,21,54,RJ,Anil Kumar Sharma,JGP,,,,,False,21,2014,GE
1750398,Farooq Shah,BSP,22485,470,0.31787685315442,7,21,54,RJ,Farooq Shah,BSP,,,,,False,21,2014,GE
1750399,Hafiz Khan Warsi,IND,22476,330,0.22319013093821,8,21,54,RJ,Hafiz Khan Warsi,IND,,,,,False,21,2014,GE
1750400,Munna Dass Dabodia,IND,22476,288,0.194784114273347,9,21,54,RJ,Munna Dass Dabodia,IND,,,,,False,21,2014,GE
1750401,Neeru Agarwal,nuzp,22473,183,0.123769072611189,10,21,54,RJ,Neeru Agarwal,nuzp,,,,,False,21,2014,GE
1750402,Ram Singh Raj,IND,22476,149,0.100773725787252,11,21,54,RJ,Ram Singh Raj,IND,,,,,False,21,2014,GE
1750403,Pawan Singh Shekhawat,IND,22476,136,0.0919813872957472,12,21,54,RJ,Pawan Singh Shekhawat,IND,,,,,False,21,2014,GE
1750404,Raju Lal Bairwa,APoI,22520,126,0.0852180499945893,13,21,54,RJ,Raju Lal Bairwa,APoI,,,,,False,21,2014,GE
1750405,Tanmay,IPGP,22493,107,0.0723677091223893,14,21,54,RJ,Tanmay,IPGP,,,,,False,21,2014,GE
1750406,Abdul Aziz Bhartiya,RUC,22592,83,0.0561356995996104,15,21,54,RJ,Abdul Aziz Bhartiya,RUC,,,,,False,21,2014,GE
1750407,Kailash Chand Saini,HJP,22505,54,0.0365220214262525,16,21,54,RJ,Kailash Chand Saini,HJP,,,,,False,21,2014,GE
1750408,Iftekar Qurishi,AIFB,22593,45,0.0304350178552104,17,21,54,RJ,Iftekar Qurishi,AIFB,,,,,False,21,2014,GE
1750543,Ramcharan Bohara,BJP,22471,140938,75.3151535555306,1,21,55,RJ,Ramcharan Bohara,BJP,,,,,False,21,2014,GE
1750544,Mahesh Joshi,INC,22472,31243,16.6957906493312,2,21,55,RJ,Mahesh Joshi,INC,,,,,True,21,2014,GE
1750545,Dr. Virendra Singh,AAAP,22474,8857,4.73304797174172,3,21,55,RJ,Dr. Virendra Singh,AAAP,,,,,False,21,2014,GE
1750546,None Of The Above,NOTA,22479,1346,0.719282214063944,4,21,55,RJ,None Of The Above,NOTA,,,,,False,21,2014,GE
1750547,D.K. (Dev Krishan) Chhangani,CPI,22487,1267,0.677065798825421,5,21,55,RJ,D.K. (Dev Krishan) Chhangani,CPI,,,,,False,21,2014,GE
1750548,Anil Kumar Sharma,JGP,22497,729,0.389566667201051,6,21,55,RJ,Anil Kumar Sharma,JGP,,,,,False,21,2014,GE
1750549,Farooq Shah,BSP,22485,668,0.356969182016875,7,21,55,RJ,Farooq Shah,BSP,,,,,False,21,2014,GE
1750550,Hafiz Khan Warsi,IND,22476,506,0.270398811527753,8,21,55,RJ,Hafiz Khan Warsi,IND,,,,,False,21,2014,GE
1750551,Munna Dass Dabodia,IND,22476,280,0.149627800845397,9,21,55,RJ,Munna Dass Dabodia,IND,,,,,False,21,2014,GE
1750552,Raju Lal Bairwa,APoI,22520,275,0.1469558758303,10,21,55,RJ,Raju Lal Bairwa,APoI,,,,,False,21,2014,GE
1750553,Ram Singh Raj,IND,22476,241,0.128786785727645,11,21,55,RJ,Ram Singh Raj,IND,,,,,False,21,2014,GE
1750554,Neeru Agarwal,nuzp,22473,217,0.115961545655182,12,21,55,RJ,Neeru Agarwal,nuzp,,,,,False,21,2014,GE
1750555,Pawan Singh Shekhawat,IND,22476,201,0.107411385606874,13,21,55,RJ,Pawan Singh Shekhawat,IND,,,,,False,21,2014,GE
1750556,Abdul Aziz Bhartiya,RUC,22592,128,0.0684012803864672,14,21,55,RJ,Abdul Aziz Bhartiya,RUC,,,,,False,21,2014,GE
1750557,Tanmay,IPGP,22493,89,0.0475602652687154,15,21,55,RJ,Tanmay,IPGP,,,,,False,21,2014,GE
1750558,Iftekar Qurishi,AIFB,22593,82,0.0438195702475805,16,21,55,RJ,Iftekar Qurishi,AIFB,,,,,False,21,2014,GE
1750559,Kailash Chand Saini,HJP,22505,64,0.0342006401932336,17,21,55,RJ,Kailash Chand Saini,HJP,,,,,False,21,2014,GE
1750704,Ramcharan Bohara,BJP,22471,110671,65.8105681291105,1,21,56,RJ,Ramcharan Bohara,BJP,,,,,False,21,2014,GE
1750705,Mahesh Joshi,INC,22472,43640,25.9505488624335,2,21,56,RJ,Mahesh Joshi,INC,,,,,True,21,2014,GE
1750706,Dr. Virendra Singh,AAAP,22474,4276,2.54272564014128,3,21,56,RJ,Dr. Virendra Singh,AAAP,,,,,False,21,2014,GE
1750707,D.K. (Dev Krishan) Chhangani,CPI,22487,3057,1.81784665152289,4,21,56,RJ,D.K. (Dev Krishan) Chhangani,CPI,,,,,False,21,2014,GE
1750708,None Of The Above,NOTA,22479,1229,0.73082549385726,5,21,56,RJ,None Of The Above,NOTA,,,,,False,21,2014,GE
1750709,Hafiz Khan Warsi,IND,22476,917,0.545294530404481,6,21,56,RJ,Hafiz Khan Warsi,IND,,,,,False,21,2014,GE
1750710,Farooq Shah,BSP,22485,891,0.529833616783416,7,21,56,RJ,Farooq Shah,BSP,,,,,False,21,2014,GE
1750711,Anil Kumar Sharma,JGP,22497,858,0.510210149495141,8,21,56,RJ,Anil Kumar Sharma,JGP,,,,,False,21,2014,GE
1750712,Munna Dass Dabodia,IND,22476,505,0.300298514562991,9,21,56,RJ,Munna Dass Dabodia,IND,,,,,False,21,2014,GE
1750713,Raju Lal Bairwa,APoI,22520,502,0.298514562991329,10,21,56,RJ,Raju Lal Bairwa,APoI,,,,,False,21,2014,GE
1750714,Ram Singh Raj,IND,22476,451,0.268187386273087,11,21,56,RJ,Ram Singh Raj,IND,,,,,False,21,2014,GE
1750715,Pawan Singh Shekhawat,IND,22476,407,0.242022763222054,12,21,56,RJ,Pawan Singh Shekhawat,IND,,,,,False,21,2014,GE
1750716,Neeru Agarwal,nuzp,22473,226,0.134391018398487,13,21,56,RJ,Neeru Agarwal,nuzp,,,,,False,21,2014,GE
1750717,Abdul Aziz Bhartiya,RUC,22592,186,0.110604997443002,14,21,56,RJ,Abdul Aziz Bhartiya,RUC,,,,,False,21,2014,GE
1750718,Tanmay,IPGP,22493,144,0.085629675439744,15,21,56,RJ,Tanmay,IPGP,,,,,False,21,2014,GE
1750719,Iftekar Qurishi,AIFB,22593,110,0.0654115576275822,16,21,56,RJ,Iftekar Qurishi,AIFB,,,,,False,21,2014,GE
1750720,Kailash Chand Saini,HJP,22505,96,0.0570864502931627,17,21,56,RJ,Kailash Chand Saini,HJP,,,,,False,21,2014,GE
1750837,Harish Chandra Meena,BJP,22471,41073,35.1246418950699,1,21,57,RJ,Harish Chandra Meena,BJP,,,,,False,21,2014,GE
1750838,Kirodi Lal,NPEP,22504,29474,25.2054560225766,2,21,57,RJ,Kirodi Lal,NPEP,,,,,False,21,2014,GE
1750839,Namo Narain,INC,22472,25085,21.4520887672638,3,21,57,RJ,Namo Narain,INC,,,,,False,21,2014,GE
1750840,Shiv Pal Gurjar,IND,22476,8857,7.57429341086928,4,21,57,RJ,Shiv Pal Gurjar,IND,,,,,True,21,2014,GE
1750841,Anju Devi Dhanka,IND,22476,5840,4.99422756232094,5,21,57,RJ,Anju Devi Dhanka,IND,,,,,True,21,2014,GE
1750842,Bimla Devi Meena,IND,22476,2468,2.11057425065207,6,21,57,RJ,Bimla Devi Meena,IND,,,,,True,21,2014,GE
1750843,None Of The Above,NOTA,22479,1110,0.94924530722196,7,21,57,RJ,None Of The Above,NOTA,,,,,False,21,2014,GE
1750844,Dr. Naseem Gurjar,IND,22476,737,0.630264676957283,8,21,57,RJ,Dr. Naseem Gurjar,IND,,,,,True,21,2014,GE
1750845,Khemraj Meena,BYS,22512,568,0.485739940992859,9,21,57,RJ,Khemraj Meena,BYS,,,,,False,21,2014,GE
1750846,Chandu Lal Meena (Gerota),BSP,22485,512,0.437850087655535,10,21,57,RJ,Chandu Lal Meena (Gerota),BSP,,,,,False,21,2014,GE
1750847,Anjali Bhadana,IND,22476,374,0.319835806217129,11,21,57,RJ,Anjali Bhadana,IND,,,,,True,21,2014,GE
1750848,Surajbhan Dhanka,SP,22486,276,0.236028562876811,12,21,57,RJ,Surajbhan Dhanka,SP,,,,,False,21,2014,GE
1750849,Dr. Sanjeet Kumar Dhanka,AAAP,22474,224,0.191559413349296,13,21,57,RJ,Dr. Sanjeet Kumar Dhanka,AAAP,,,,,False,21,2014,GE
1750850,Dharmi Ghunawat,IPGP,22493,210,0.179586950014965,14,21,57,RJ,Dharmi Ghunawat,IPGP,,,,,False,21,2014,GE
1750851,Rukmani Meena Jhakhiwal,SP(I),22613,127,0.108607345961431,15,21,57,RJ,Rukmani Meena Jhakhiwal,SP(I),,,,,False,21,2014,GE
1750940,Harish Chandra Meena,BJP,22471,56519,48.7918368051658,1,21,58,RJ,Harish Chandra Meena,BJP,,,,,False,21,2014,GE
1750941,Namo Narain,INC,22472,31685,27.3530909812926,2,21,58,RJ,Namo Narain,INC,,,,,False,21,2014,GE
1750942,Kirodi Lal,NPEP,22504,12352,10.6632595802722,3,21,58,RJ,Kirodi Lal,NPEP,,,,,False,21,2014,GE
1750943,Shiv Pal Gurjar,IND,22476,8018,6.92179528130044,4,21,58,RJ,Shiv Pal Gurjar,IND,,,,,True,21,2014,GE
1750944,Bimla Devi Meena,IND,22476,1746,1.50729041670623,5,21,58,RJ,Bimla Devi Meena,IND,,,,,True,21,2014,GE
1750945,Anju Devi Dhanka,IND,22476,1420,1.22586047635902,6,21,58,RJ,Anju Devi Dhanka,IND,,,,,True,21,2014,GE
1750946,None Of The Above,NOTA,22479,1312,1.13262601759368,7,21,58,RJ,None Of The Above,NOTA,,,,,False,21,2014,GE
1750947,Chandu Lal Meena (Gerota),BSP,22485,886,0.764867874685981,8,21,58,RJ,Chandu Lal Meena (Gerota),BSP,,,,,False,21,2014,GE
1750948,Dr. Naseem Gurjar,IND,22476,522,0.450633217365781,9,21,58,RJ,Dr. Naseem Gurjar,IND,,,,,True,21,2014,GE
1750949,Khemraj Meena,BYS,22512,409,0.353082348472422,10,21,58,RJ,Khemraj Meena,BYS,,,,,False,21,2014,GE
1750950,Dr. Sanjeet Kumar Dhanka,AAAP,22474,288,0.248625223374224,11,21,58,RJ,Dr. Sanjeet Kumar Dhanka,AAAP,,,,,False,21,2014,GE
1750951,Anjali Bhadana,IND,22476,253,0.218410352478051,12,21,58,RJ,Anjali Bhadana,IND,,,,,True,21,2014,GE
1750952,Surajbhan Dhanka,SP,22486,174,0.15021107245526,13,21,58,RJ,Surajbhan Dhanka,SP,,,,,False,21,2014,GE
1750953,Dharmi Ghunawat,IPGP,22493,149,0.128629021815136,14,21,58,RJ,Dharmi Ghunawat,IPGP,,,,,False,21,2014,GE
1750954,Rukmani Meena Jhakhiwal,SP(I),22613,104,0.0897813306629142,15,21,58,RJ,Rukmani Meena Jhakhiwal,SP(I),,,,,False,21,2014,GE
1751016,Chand Nath,BJP,22471,75834,55.056701854245,1,21,59,RJ,Chand Nath,BJP,,,,,False,21,2014,GE
1751017,Jitendra Singh,INC,22472,55584,40.3548766498714,2,21,59,RJ,Jitendra Singh,INC,,,,,True,21,2014,GE
1751018,Azad Husain,BSP,22485,2127,1.54423615850382,3,21,59,RJ,Azad Husain,BSP,,,,,False,21,2014,GE
1751019,Dr Virendra Vidrohi,AAAP,22474,1085,0.78772742453063,4,21,59,RJ,Dr Virendra Vidrohi,AAAP,,,,,False,21,2014,GE
1751020,Arun Kumar Roopak,NADP,22617,395,0.286776343492718,5,21,59,RJ,Arun Kumar Roopak,NADP,,,,,False,21,2014,GE
1751021,Hari Singh Sharma,IND,22476,383,0.278064150779015,6,21,59,RJ,Hari Singh Sharma,IND,,,,,False,21,2014,GE
1751022,Hariprasad,IND,22476,344,0.249749524459481,7,21,59,RJ,Hariprasad,IND,,,,,False,21,2014,GE
1751023,Jagdish Prasad Bairwa,IND,22476,317,0.230147090853649,8,21,59,RJ,Jagdish Prasad Bairwa,IND,,,,,False,21,2014,GE
1751024,Dr. Dashrath Kumar Hinunia,APoI,22520,310,0.225064978437323,9,21,59,RJ,Dr. Dashrath Kumar Hinunia,APoI,,,,,False,21,2014,GE
1751025,Kishan Lal,IND,22476,259,0.188038159404086,10,21,59,RJ,Kishan Lal,IND,,,,,False,21,2014,GE
1751026,None Of The Above,NOTA,22479,210,0.152463372489799,11,21,59,RJ,None Of The Above,NOTA,,,,,False,21,2014,GE
1751027,Suresh Sharma,JGP,22497,200,0.145203211895047,12,21,59,RJ,Suresh Sharma,JGP,,,,,False,21,2014,GE
1751028,Murshid Ahmed,AITC,22481,162,0.117614601634988,13,21,59,RJ,Murshid Ahmed,AITC,,,,,False,21,2014,GE
1751029,Khaim Chand,BYS,22512,112,0.0813137986612263,14,21,59,RJ,Khaim Chand,BYS,,,,,False,21,2014,GE
1751030,Ramesh Panval,IND,22476,110,0.0798617665422759,15,21,59,RJ,Ramesh Panval,IND,,,,,False,21,2014,GE
1751031,Virjanand,SP,22486,100,0.0726016059475235,16,21,59,RJ,Virjanand,SP,,,,,False,21,2014,GE
1751032,Khoobraj Neeraj,BMUP,22478,75,0.0544512044606426,17,21,59,RJ,Khoobraj Neeraj,BMUP,,,,,False,21,2014,GE
1751033,Chaudhary Nasrudeen Tanwar,SP(I),22613,59,0.0428349475090389,18,21,59,RJ,Chaudhary Nasrudeen Tanwar,SP(I),,,,,False,21,2014,GE
1751034,Manguram Sain,ABCD(A),22618,37,0.0268625942005837,19,21,59,RJ,Manguram Sain,ABCD(A),,,,,False,21,2014,GE
1751035,Nishar Ahmed,JMBP,22482,35,0.0254105620816332,20,21,59,RJ,Nishar Ahmed,JMBP,,,,,False,21,2014,GE
1751133,Chand Nath,BJP,22471,86067,61.149279923836,1,21,60,RJ,Chand Nath,BJP,,,,,False,21,2014,GE
1751134,Jitendra Singh,INC,22472,47603,33.8211994401381,2,21,60,RJ,Jitendra Singh,INC,,,,,True,21,2014,GE
1751135,Azad Husain,BSP,22485,2310,1.64121947580444,3,21,60,RJ,Azad Husain,BSP,,,,,False,21,2014,GE
1751136,Dr Virendra Vidrohi,AAAP,22474,629,0.44689482696147,4,21,60,RJ,Dr Virendra Vidrohi,AAAP,,,,,False,21,2014,GE
1751137,Arun Kumar Roopak,NADP,22617,489,0.347426979943019,5,21,60,RJ,Arun Kumar Roopak,NADP,,,,,False,21,2014,GE
1751138,Hari Singh Sharma,IND,22476,485,0.344585041456777,6,21,60,RJ,Hari Singh Sharma,IND,,,,,False,21,2014,GE
1751139,Hariprasad,IND,22476,460,0.326822925917768,7,21,60,RJ,Hariprasad,IND,,,,,False,21,2014,GE
1751140,Jagdish Prasad Bairwa,IND,22476,444,0.315455171972802,8,21,60,RJ,Jagdish Prasad Bairwa,IND,,,,,False,21,2014,GE
1751141,Dr. Dashrath Kumar Hinunia,APoI,22520,412,0.29271966408287,9,21,60,RJ,Dr. Dashrath Kumar Hinunia,APoI,,,,,False,21,2014,GE
1751142,Kishan Lal,IND,22476,387,0.274957548543861,10,21,60,RJ,Kishan Lal,IND,,,,,False,21,2014,GE
1751143,Suresh Sharma,JGP,22497,279,0.198225209415342,11,21,60,RJ,Suresh Sharma,JGP,,,,,False,21,2014,GE
1751144,None Of The Above,NOTA,22479,248,0.17620018614697,12,21,60,RJ,None Of The Above,NOTA,,,,,False,21,2014,GE
1751145,Murshid Ahmed,AITC,22481,232,0.164832432202004,13,21,60,RJ,Murshid Ahmed,AITC,,,,,False,21,2014,GE
1751146,Ramesh Panval,IND,22476,180,0.127887231880865,14,21,60,RJ,Ramesh Panval,IND,,,,,False,21,2014,GE
1751147,Virjanand,SP,22486,124,0.0881000930734854,15,21,60,RJ,Virjanand,SP,,,,,False,21,2014,GE
1751148,Khaim Chand,BYS,22512,118,0.0838371853441232,16,21,60,RJ,Khaim Chand,BYS,,,,,False,21,2014,GE
1751149,Manguram Sain,ABCD(A),22618,79,0.0561282851032689,17,21,60,RJ,Manguram Sain,ABCD(A),,,,,False,21,2014,GE
1751150,Khoobraj Neeraj,BMUP,22478,77,0.0547073158601482,18,21,60,RJ,Khoobraj Neeraj,BMUP,,,,,False,21,2014,GE
1751151,Chaudhary Nasrudeen Tanwar,SP(I),22613,73,0.0518653773739067,19,21,60,RJ,Chaudhary Nasrudeen Tanwar,SP(I),,,,,False,21,2014,GE
1751152,Nishar Ahmed,JMBP,22482,53,0.0376556849426994,20,21,60,RJ,Nishar Ahmed,JMBP,,,,,False,21,2014,GE
1751240,Chand Nath,BJP,22471,96686,76.6795409664448,1,21,61,RJ,Chand Nath,BJP,,,,,False,21,2014,GE
1751241,Jitendra Singh,INC,22472,23656,18.7610535248352,2,21,61,RJ,Jitendra Singh,INC,,,,,True,21,2014,GE
1751242,Azad Husain,BSP,22485,1064,0.843835008049741,3,21,61,RJ,Azad Husain,BSP,,,,,False,21,2014,GE
1751243,Dr Virendra Vidrohi,AAAP,22474,900,0.713770213575909,4,21,61,RJ,Dr Virendra Vidrohi,AAAP,,,,,False,21,2014,GE
1751244,Hariprasad,IND,22476,738,0.585291575132245,5,21,61,RJ,Hariprasad,IND,,,,,False,21,2014,GE
1751245,Hari Singh Sharma,IND,22476,391,0.310093503897978,6,21,61,RJ,Hari Singh Sharma,IND,,,,,False,21,2014,GE
1751246,Dr. Dashrath Kumar Hinunia,APoI,22520,388,0.307714269852725,7,21,61,RJ,Dr. Dashrath Kumar Hinunia,APoI,,,,,False,21,2014,GE
1751247,Suresh Sharma,JGP,22497,342,0.271232681158845,8,21,61,RJ,Suresh Sharma,JGP,,,,,False,21,2014,GE
1751248,Kishan Lal,IND,22476,334,0.26488805703817,9,21,61,RJ,Kishan Lal,IND,,,,,False,21,2014,GE
1751249,Arun Kumar Roopak,NADP,22617,292,0.231578780404628,10,21,61,RJ,Arun Kumar Roopak,NADP,,,,,False,21,2014,GE
1751250,Jagdish Prasad Bairwa,IND,22476,285,0.226027234299037,11,21,61,RJ,Jagdish Prasad Bairwa,IND,,,,,False,21,2014,GE
1751251,Virjanand,SP,22486,249,0.197476425756001,12,21,61,RJ,Virjanand,SP,,,,,False,21,2014,GE
1751252,None Of The Above,NOTA,22479,205,0.16258099309229,13,21,61,RJ,None Of The Above,NOTA,,,,,False,21,2014,GE
1751253,Murshid Ahmed,AITC,22481,142,0.112617078141976,14,21,61,RJ,Murshid Ahmed,AITC,,,,,False,21,2014,GE
1751254,Khaim Chand,BYS,22512,116,0.0919970497497838,15,21,61,RJ,Khaim Chand,BYS,,,,,False,21,2014,GE
1751255,Ramesh Panval,IND,22476,102,0.080893957538603,16,21,61,RJ,Ramesh Panval,IND,,,,,False,21,2014,GE
1751256,Chaudhary Nasrudeen Tanwar,SP(I),22613,60,0.0475846809050606,17,21,61,RJ,Chaudhary Nasrudeen Tanwar,SP(I),,,,,False,21,2014,GE
1751257,Khoobraj Neeraj,BMUP,22478,57,0.0452054468598075,18,21,61,RJ,Khoobraj Neeraj,BMUP,,,,,False,21,2014,GE
1751258,Nishar Ahmed,JMBP,22482,43,0.0341023546486267,19,21,61,RJ,Nishar Ahmed,JMBP,,,,,False,21,2014,GE
1751259,Manguram Sain,ABCD(A),22618,41,0.032516198618458,20,21,61,RJ,Manguram Sain,ABCD(A),,,,,False,21,2014,GE
1751357,Chand Nath,BJP,22471,96121,76.6148573250438,1,21,62,RJ,Chand Nath,BJP,,,,,False,21,2014,GE
1751358,Jitendra Singh,INC,22472,23274,18.5509325681492,2,21,62,RJ,Jitendra Singh,INC,,,,,True,21,2014,GE
1751359,Dr Virendra Vidrohi,AAAP,22474,1087,0.866411605292523,3,21,62,RJ,Dr Virendra Vidrohi,AAAP,,,,,False,21,2014,GE
1751360,Azad Husain,BSP,22485,998,0.795472660608959,4,21,62,RJ,Azad Husain,BSP,,,,,False,21,2014,GE
1751361,Virjanand,SP,22486,805,0.641638769328869,5,21,62,RJ,Virjanand,SP,,,,,False,21,2014,GE
1751362,Dr. Dashrath Kumar Hinunia,APoI,22520,403,0.321217918061533,6,21,62,RJ,Dr. Dashrath Kumar Hinunia,APoI,,,,,False,21,2014,GE
1751363,Hari Singh Sharma,IND,22476,393,0.31324725011956,7,21,62,RJ,Hari Singh Sharma,IND,,,,,False,21,2014,GE
1751364,Hariprasad,IND,22476,392,0.312450183325362,8,21,62,RJ,Hariprasad,IND,,,,,False,21,2014,GE
1751365,Kishan Lal,IND,22476,308,0.245496572612784,9,21,62,RJ,Kishan Lal,IND,,,,,False,21,2014,GE
1751366,None Of The Above,NOTA,22479,281,0.223975769169456,10,21,62,RJ,None Of The Above,NOTA,,,,,False,21,2014,GE
1751367,Arun Kumar Roopak,NADP,22617,264,0.210425633668101,11,21,62,RJ,Arun Kumar Roopak,NADP,,,,,False,21,2014,GE
1751368,Jagdish Prasad Bairwa,IND,22476,253,0.20165789893193,12,21,62,RJ,Jagdish Prasad Bairwa,IND,,,,,False,21,2014,GE
1751369,Suresh Sharma,JGP,22497,247,0.196875498166746,13,21,62,RJ,Suresh Sharma,JGP,,,,,False,21,2014,GE
1751370,Murshid Ahmed,AITC,22481,175,0.139486688984536,14,21,62,RJ,Murshid Ahmed,AITC,,,,,False,21,2014,GE
1751371,Khaim Chand,BYS,22512,128,0.102024549657261,15,21,62,RJ,Khaim Chand,BYS,,,,,False,21,2014,GE
1751372,Ramesh Panval,IND,22476,88,0.0701418778893671,16,21,62,RJ,Ramesh Panval,IND,,,,,False,21,2014,GE
1751373,Chaudhary Nasrudeen Tanwar,SP(I),22613,80,0.0637653435357882,17,21,62,RJ,Chaudhary Nasrudeen Tanwar,SP(I),,,,,False,21,2014,GE
1751375,Manguram Sain,ABCD(A),22618,56,0.0446357404750518,18,21,62,RJ,Manguram Sain,ABCD(A),,,,,False,21,2014,GE
1751374,Khoobraj Neeraj,BMUP,22478,56,0.0446357404750518,18,21,62,RJ,Khoobraj Neeraj,BMUP,,,,,False,21,2014,GE
1751376,Nishar Ahmed,JMBP,22482,51,0.040650406504065,20,21,62,RJ,Nishar Ahmed,JMBP,,,,,False,21,2014,GE
1751460,Rajyavardhan Singh Rathore,BJP,22471,68258,69.2285847583115,1,21,63,RJ,Rajyavardhan Singh Rathore,BJP,,,,,False,21,2014,GE
1751461,C. P. Joshi,INC,22472,25890,26.2581391103267,2,21,63,RJ,C. P. Joshi,INC,,,,,True,21,2014,GE
1751462,Kamal Kumar Gaur,IND,22476,1142,1.1582385038236,3,21,63,RJ,Kamal Kumar Gaur,IND,,,,,False,21,2014,GE
1751463,None Of The Above,NOTA,22479,984,0.997991845676382,4,21,63,RJ,None Of The Above,NOTA,,,,,False,21,2014,GE
1751464,Anil Kumar,AAAP,22474,585,0.593318322886873,5,21,63,RJ,Anil Kumar,AAAP,,,,,False,21,2014,GE
1751465,Ajay Kumar Sharma,JGP,22497,539,0.546664232540213,6,21,63,RJ,Ajay Kumar Sharma,JGP,,,,,False,21,2014,GE
1751466,Tek Chand Sonwal,APoI,22520,323,0.327592851781983,7,21,63,RJ,Tek Chand Sonwal,APoI,,,,,False,21,2014,GE
1751467,Dr. Om Singh Meena,IND,22476,213,0.216028722692143,8,21,63,RJ,Dr. Om Singh Meena,IND,,,,,False,21,2014,GE
1751468,Naveen Pilania,NPEP,22504,197,0.199801213006349,9,21,63,RJ,Naveen Pilania,NPEP,,,,,False,21,2014,GE
1751469,Dhiraj Gurjar,SP,22486,153,0.155175561370413,10,21,63,RJ,Dhiraj Gurjar,SP,,,,,False,21,2014,GE
1751470,Shayam Singh Rathore,LS,22582,122,0.123734761354185,11,21,63,RJ,Shayam Singh Rathore,LS,,,,,False,21,2014,GE
1751471,Narayan Lal Parihar,BNNP,22535,109,0.110549909734477,12,21,63,RJ,Narayan Lal Parihar,BNNP,,,,,False,21,2014,GE
1751472,Jagdish Prasad,LD,22483,83,0.0841802064950607,13,21,63,RJ,Jagdish Prasad,LD,,,,,False,21,2014,GE
1751571,Harish Chandra Meena,BJP,22471,43106,42.5893906909191,1,21,64,RJ,Harish Chandra Meena,BJP,,,,,False,21,2014,GE
1751572,Kirodi Lal,NPEP,22504,34314,33.9027595269382,2,21,64,RJ,Kirodi Lal,NPEP,,,,,False,21,2014,GE
1751573,Namo Narain,INC,22472,14834,14.6562200507839,3,21,64,RJ,Namo Narain,INC,,,,,False,21,2014,GE
1751574,Shiv Pal Gurjar,IND,22476,2381,2.35246460434924,4,21,64,RJ,Shiv Pal Gurjar,IND,,,,,True,21,2014,GE
1751575,Bimla Devi Meena,IND,22476,1806,1.78435576457569,5,21,64,RJ,Bimla Devi Meena,IND,,,,,True,21,2014,GE
1751576,Anju Devi Dhanka,IND,22476,1383,1.36642526157707,6,21,64,RJ,Anju Devi Dhanka,IND,,,,,True,21,2014,GE
1751577,None Of The Above,NOTA,22479,708,0.699514884451602,7,21,64,RJ,None Of The Above,NOTA,,,,,False,21,2014,GE
1751578,Chandu Lal Meena (Gerota),BSP,22485,613,0.605653423967276,8,21,64,RJ,Chandu Lal Meena (Gerota),BSP,,,,,False,21,2014,GE
1751579,Surajbhan Dhanka,SP,22486,583,0.5760129627617,9,21,64,RJ,Surajbhan Dhanka,SP,,,,,False,21,2014,GE
1751580,Dr. Naseem Gurjar,IND,22476,432,0.426822641360299,10,21,64,RJ,Dr. Naseem Gurjar,IND,,,,,True,21,2014,GE
1751581,Khemraj Meena,BYS,22512,402,0.397182180154723,11,21,64,RJ,Khemraj Meena,BYS,,,,,False,21,2014,GE
1751582,Anjali Bhadana,IND,22476,230,0.227243535909418,12,21,64,RJ,Anjali Bhadana,IND,,,,,True,21,2014,GE
1751583,Dr. Sanjeet Kumar Dhanka,AAAP,22474,188,0.185746890221611,13,21,64,RJ,Dr. Sanjeet Kumar Dhanka,AAAP,,,,,False,21,2014,GE
1751584,Dharmi Ghunawat,IPGP,22493,159,0.157094444389554,14,21,64,RJ,Dharmi Ghunawat,IPGP,,,,,False,21,2014,GE
1751585,Rukmani Meena Jhakhiwal,SP(I),22613,74,0.0731131376404216,15,21,64,RJ,Rukmani Meena Jhakhiwal,SP(I),,,,,False,21,2014,GE
1751675,Chand Nath,BJP,22471,64001,52.369691514606,1,21,65,RJ,Chand Nath,BJP,,,,,False,21,2014,GE
1751676,Jitendra Singh,INC,22472,49911,40.840356762949,2,21,65,RJ,Jitendra Singh,INC,,,,,True,21,2014,GE
1751677,Azad Husain,BSP,22485,3099,2.53579903444889,3,21,65,RJ,Azad Husain,BSP,,,,,False,21,2014,GE
1751678,Dr Virendra Vidrohi,AAAP,22474,618,0.505686932329596,4,21,65,RJ,Dr Virendra Vidrohi,AAAP,,,,,False,21,2014,GE
1751679,Dr. Dashrath Kumar Hinunia,APoI,22520,580,0.474592913836838,5,21,65,RJ,Dr. Dashrath Kumar Hinunia,APoI,,,,,False,21,2014,GE
1751680,Arun Kumar Roopak,NADP,22617,553,0.452499795434088,6,21,65,RJ,Arun Kumar Roopak,NADP,,,,,False,21,2014,GE
1751681,Jagdish Prasad Bairwa,IND,22476,516,0.422224040585876,7,21,65,RJ,Jagdish Prasad Bairwa,IND,,,,,False,21,2014,GE
1751682,Hari Singh Sharma,IND,22476,499,0.40831355862859,8,21,65,RJ,Hari Singh Sharma,IND,,,,,False,21,2014,GE
1751683,Kishan Lal,IND,22476,394,0.322395875951231,9,21,65,RJ,Kishan Lal,IND,,,,,False,21,2014,GE
1751684,Hariprasad,IND,22476,391,0.319941085017592,10,21,65,RJ,Hariprasad,IND,,,,,False,21,2014,GE
1751685,Murshid Ahmed,AITC,22481,317,0.259389575321168,11,21,65,RJ,Murshid Ahmed,AITC,,,,,False,21,2014,GE
1751686,Suresh Sharma,JGP,22497,260,0.21274854758203,12,21,65,RJ,Suresh Sharma,JGP,,,,,False,21,2014,GE
1751687,None Of The Above,NOTA,22479,235,0.192291956468374,13,21,65,RJ,None Of The Above,NOTA,,,,,False,21,2014,GE
1751688,Khaim Chand,BYS,22512,197,0.161197937975615,14,21,65,RJ,Khaim Chand,BYS,,,,,False,21,2014,GE
1751689,Ramesh Panval,IND,22476,151,0.123557810326487,15,21,65,RJ,Ramesh Panval,IND,,,,,False,21,2014,GE
1751690,Khoobraj Neeraj,BMUP,22478,110,0.09000900090009,16,21,65,RJ,Khoobraj Neeraj,BMUP,,,,,False,21,2014,GE
1751691,Chaudhary Nasrudeen Tanwar,SP(I),22613,110,0.09000900090009,16,21,65,RJ,Chaudhary Nasrudeen Tanwar,SP(I),,,,,False,21,2014,GE
1751692,Virjanand,SP,22486,106,0.0867359463219049,18,21,65,RJ,Virjanand,SP,,,,,False,21,2014,GE
1751693,Manguram Sain,ABCD(A),22618,83,0.0679158824973406,19,21,65,RJ,Manguram Sain,ABCD(A),,,,,False,21,2014,GE
1751694,Nishar Ahmed,JMBP,22482,79,0.0646428279191555,20,21,65,RJ,Nishar Ahmed,JMBP,,,,,False,21,2014,GE
1751788,Chand Nath,BJP,22471,97930,63.722491898856,1,21,66,RJ,Chand Nath,BJP,,,,,False,21,2014,GE
1751789,Jitendra Singh,INC,22472,47332,30.798662172538,2,21,66,RJ,Jitendra Singh,INC,,,,,True,21,2014,GE
1751790,Dr Virendra Vidrohi,AAAP,22474,2752,1.79071068830442,3,21,66,RJ,Dr Virendra Vidrohi,AAAP,,,,,False,21,2014,GE
1751791,Azad Husain,BSP,22485,1899,1.23566845824494,4,21,66,RJ,Azad Husain,BSP,,,,,False,21,2014,GE
1751792,None Of The Above,NOTA,22479,754,0.490623495269452,5,21,66,RJ,None Of The Above,NOTA,,,,,False,21,2014,GE
1751793,Hariprasad,IND,22476,392,0.25507216199685,6,21,66,RJ,Hariprasad,IND,,,,,False,21,2014,GE
1751794,Jagdish Prasad Bairwa,IND,22476,391,0.254421467706042,7,21,66,RJ,Jagdish Prasad Bairwa,IND,,,,,False,21,2014,GE
1751795,Hari Singh Sharma,IND,22476,350,0.227743001782902,8,21,66,RJ,Hari Singh Sharma,IND,,,,,False,21,2014,GE
1751796,Arun Kumar Roopak,NADP,22617,335,0.217982587420777,9,21,66,RJ,Arun Kumar Roopak,NADP,,,,,False,21,2014,GE
1751797,Suresh Sharma,JGP,22497,285,0.185447872880363,10,21,66,RJ,Suresh Sharma,JGP,,,,,False,21,2014,GE
1751798,Dr. Dashrath Kumar Hinunia,APoI,22520,266,0.173084681355005,11,21,66,RJ,Dr. Dashrath Kumar Hinunia,APoI,,,,,False,21,2014,GE
1751799,Kishan Lal,IND,22476,230,0.149659686885907,12,21,66,RJ,Kishan Lal,IND,,,,,False,21,2014,GE
1751800,Ramesh Panval,IND,22476,166,0.108015252274176,13,21,66,RJ,Ramesh Panval,IND,,,,,False,21,2014,GE
1751801,Khaim Chand,BYS,22512,137,0.089145117840736,14,21,66,RJ,Khaim Chand,BYS,,,,,False,21,2014,GE
1751802,Virjanand,SP,22486,128,0.0832888692234614,15,21,66,RJ,Virjanand,SP,,,,,False,21,2014,GE
1751803,Murshid Ahmed,AITC,22481,125,0.0813367863510365,16,21,66,RJ,Murshid Ahmed,AITC,,,,,False,21,2014,GE
1751804,Khoobraj Neeraj,BMUP,22478,68,0.0442472117749638,17,21,66,RJ,Khoobraj Neeraj,BMUP,,,,,False,21,2014,GE
1751805,Nishar Ahmed,JMBP,22482,56,0.0364388802852643,18,21,66,RJ,Nishar Ahmed,JMBP,,,,,False,21,2014,GE
1751806,Chaudhary Nasrudeen Tanwar,SP(I),22613,50,0.0325347145404146,19,21,66,RJ,Chaudhary Nasrudeen Tanwar,SP(I),,,,,False,21,2014,GE
1751807,Manguram Sain,ABCD(A),22618,36,0.0234249944690985,20,21,66,RJ,Manguram Sain,ABCD(A),,,,,False,21,2014,GE
1751907,Chand Nath,BJP,22471,74912,56.9989423786588,1,21,67,RJ,Chand Nath,BJP,,,,,False,21,2014,GE
1751908,Jitendra Singh,INC,22472,45313,34.4776948420035,2,21,67,RJ,Jitendra Singh,INC,,,,,True,21,2014,GE
1751909,Azad Husain,BSP,22485,4842,3.68417448469492,3,21,67,RJ,Azad Husain,BSP,,,,,False,21,2014,GE
1751910,Dr Virendra Vidrohi,AAAP,22474,828,0.63000753269876,4,21,67,RJ,Dr Virendra Vidrohi,AAAP,,,,,False,21,2014,GE
1751911,Murshid Ahmed,AITC,22481,736,0.560006695732231,5,21,67,RJ,Murshid Ahmed,AITC,,,,,False,21,2014,GE
1751912,Hari Singh Sharma,IND,22476,663,0.504462553356616,6,21,67,RJ,Hari Singh Sharma,IND,,,,,False,21,2014,GE
1751913,Jagdish Prasad Bairwa,IND,22476,631,0.480114436150867,7,21,67,RJ,Jagdish Prasad Bairwa,IND,,,,,False,21,2014,GE
1751914,Dr. Dashrath Kumar Hinunia,APoI,22520,543,0.413157113835056,8,21,67,RJ,Dr. Dashrath Kumar Hinunia,APoI,,,,,False,21,2014,GE
1751915,Hariprasad,IND,22476,537,0.408591841858978,9,21,67,RJ,Hariprasad,IND,,,,,False,21,2014,GE
1751916,Arun Kumar Roopak,NADP,22617,476,0.362178243435519,10,21,67,RJ,Arun Kumar Roopak,NADP,,,,,False,21,2014,GE
1751917,Kishan Lal,IND,22476,413,0.3142428876867,11,21,67,RJ,Kishan Lal,IND,,,,,False,21,2014,GE
1751918,Ramesh Panval,IND,22476,294,0.22369832682782,12,21,67,RJ,Ramesh Panval,IND,,,,,False,21,2014,GE
1751919,None Of The Above,NOTA,22479,285,0.216850418863703,13,21,67,RJ,None Of The Above,NOTA,,,,,False,21,2014,GE
1751920,Suresh Sharma,JGP,22497,271,0.206198117586188,14,21,67,RJ,Suresh Sharma,JGP,,,,,False,21,2014,GE
1751921,Khaim Chand,BYS,22512,153,0.116414435389988,15,21,67,RJ,Khaim Chand,BYS,,,,,False,21,2014,GE
1751922,Khoobraj Neeraj,BMUP,22478,141,0.107283891437832,16,21,67,RJ,Khoobraj Neeraj,BMUP,,,,,False,21,2014,GE
1751923,Virjanand,SP,22486,137,0.104240376787113,17,21,67,RJ,Virjanand,SP,,,,,False,21,2014,GE
1751924,Chaudhary Nasrudeen Tanwar,SP(I),22613,122,0.0928271968469188,18,21,67,RJ,Chaudhary Nasrudeen Tanwar,SP(I),,,,,False,21,2014,GE
1751925,Manguram Sain,ABCD(A),22618,74,0.056305021038295,19,21,67,RJ,Manguram Sain,ABCD(A),,,,,False,21,2014,GE
1751926,Nishar Ahmed,JMBP,22482,56,0.042609205110061,20,21,67,RJ,Nishar Ahmed,JMBP,,,,,False,21,2014,GE
1752039,Jitendra Singh,INC,22472,64936,53.0904571914448,1,21,68,RJ,Jitendra Singh,INC,,,,,True,21,2014,GE
1752040,Chand Nath,BJP,22471,48930,40.0042514225914,2,21,68,RJ,Chand Nath,BJP,,,,,False,21,2014,GE
1752041,Azad Husain,BSP,22485,3134,2.56229969258944,3,21,68,RJ,Azad Husain,BSP,,,,,False,21,2014,GE
1752042,Dr. Dashrath Kumar Hinunia,APoI,22520,709,0.5796651187128,4,21,68,RJ,Dr. Dashrath Kumar Hinunia,APoI,,,,,False,21,2014,GE
1752043,Arun Kumar Roopak,NADP,22617,608,0.497089410687422,5,21,68,RJ,Arun Kumar Roopak,NADP,,,,,False,21,2014,GE
1752044,Dr Virendra Vidrohi,AAAP,22474,581,0.475014716462816,6,21,68,RJ,Dr Virendra Vidrohi,AAAP,,,,,False,21,2014,GE
1752045,Jagdish Prasad Bairwa,IND,22476,553,0.452122440970632,7,21,68,RJ,Jagdish Prasad Bairwa,IND,,,,,False,21,2014,GE
1752046,Hari Singh Sharma,IND,22476,508,0.415331283929622,8,21,68,RJ,Hari Singh Sharma,IND,,,,,False,21,2014,GE
1752047,Hariprasad,IND,22476,325,0.265713911962849,9,21,68,RJ,Hariprasad,IND,,,,,False,21,2014,GE
1752048,None Of The Above,NOTA,22479,285,0.233010661259729,10,21,68,RJ,None Of The Above,NOTA,,,,,False,21,2014,GE
1752049,Murshid Ahmed,AITC,22481,271,0.221564523513637,11,21,68,RJ,Murshid Ahmed,AITC,,,,,False,21,2014,GE
1752050,Kishan Lal,IND,22476,247,0.201942573091765,12,21,68,RJ,Kishan Lal,IND,,,,,False,21,2014,GE
1752051,Khaim Chand,BYS,22512,226,0.184773366472627,13,21,68,RJ,Khaim Chand,BYS,,,,,False,21,2014,GE
1752052,Suresh Sharma,JGP,22497,216,0.176597553796847,14,21,68,RJ,Suresh Sharma,JGP,,,,,False,21,2014,GE
1752053,Virjanand,SP,22486,194,0.158610765910131,15,21,68,RJ,Virjanand,SP,,,,,False,21,2014,GE
1752054,Manguram Sain,ABCD(A),22618,159,0.129995421544901,16,21,68,RJ,Manguram Sain,ABCD(A),,,,,False,21,2014,GE
1752055,Ramesh Panval,IND,22476,136,0.111191052390607,17,21,68,RJ,Ramesh Panval,IND,,,,,False,21,2014,GE
1752056,Khoobraj Neeraj,BMUP,22478,118,0.0964745895742036,18,21,68,RJ,Khoobraj Neeraj,BMUP,,,,,False,21,2014,GE
1752057,Chaudhary Nasrudeen Tanwar,SP(I),22613,108,0.0882987768984237,19,21,68,RJ,Chaudhary Nasrudeen Tanwar,SP(I),,,,,False,21,2014,GE
1752058,Nishar Ahmed,JMBP,22482,68,0.0555955261953038,20,21,68,RJ,Nishar Ahmed,JMBP,,,,,False,21,2014,GE
1752157,Bahadur Singh Koli,BJP,22471,60744,60.9225029335954,1,21,69,RJ,Bahadur Singh Koli,BJP,,,,,False,21,2014,GE
1752158,Dr.Suresh Jatav,INC,22472,33688,33.786995897981,2,21,69,RJ,Dr.Suresh Jatav,INC,,,,,True,21,2014,GE
1752159,Mahendar Kumar Jatav,BSP,22485,2914,2.92256310991204,3,21,69,RJ,Mahendar Kumar Jatav,BSP,,,,,False,21,2014,GE
1752160,None Of The Above,NOTA,22479,672,0.673974746005796,4,21,69,RJ,None Of The Above,NOTA,,,,,False,21,2014,GE
1752161,Gopal Paharia,AAAP,22474,390,0.391146057949792,5,21,69,RJ,Gopal Paharia,AAAP,,,,,False,21,2014,GE
1752162,Amar Chand Pohiya,RJVP,22484,381,0.382119610458643,6,21,69,RJ,Amar Chand Pohiya,RJVP,,,,,False,21,2014,GE
1752163,Sheetal Jatav,IND,22476,249,0.24973171392179,7,21,69,RJ,Sheetal Jatav,IND,,,,,False,21,2014,GE
1752164,Mamraj,IND,22476,203,0.203596537855917,8,21,69,RJ,Mamraj,IND,,,,,False,21,2014,GE
1752165,Vimla Umar,AITC,22481,143,0.143420221248257,9,21,69,RJ,Vimla Umar,AITC,,,,,False,21,2014,GE
1752166,Madhuri Pushkar,IND,22476,134,0.134393773757108,10,21,69,RJ,Madhuri Pushkar,IND,,,,,False,21,2014,GE
1752167,Prem Chand Dhamani,IND,22476,89,0.0892615363013629,11,21,69,RJ,Prem Chand Dhamani,IND,,,,,False,21,2014,GE
1752168,Lakhan Singh,IPGP,22493,51,0.0511498691165113,12,21,69,RJ,Lakhan Singh,IPGP,,,,,False,21,2014,GE
1752169,Ghisu Lal,IND,22476,49,0.049143991896256,13,21,69,RJ,Ghisu Lal,IND,,,,,False,21,2014,GE
1752248,Bahadur Singh Koli,BJP,22471,63800,51.0285696004095,1,21,70,RJ,Bahadur Singh Koli,BJP,,,,,False,21,2014,GE
1752249,Dr.Suresh Jatav,INC,22472,54313,43.440669290079,2,21,70,RJ,Dr.Suresh Jatav,INC,,,,,True,21,2014,GE
1752250,Mahendar Kumar Jatav,BSP,22485,3559,2.84656237002911,3,21,70,RJ,Mahendar Kumar Jatav,BSP,,,,,False,21,2014,GE
1752251,Gopal Paharia,AAAP,22474,737,0.589467959177144,4,21,70,RJ,Gopal Paharia,AAAP,,,,,False,21,2014,GE
1752252,None Of The Above,NOTA,22479,701,0.560674408932399,5,21,70,RJ,None Of The Above,NOTA,,,,,False,21,2014,GE
1752253,Amar Chand Pohiya,RJVP,22484,698,0.558274946412003,6,21,70,RJ,Amar Chand Pohiya,RJVP,,,,,False,21,2014,GE
1752254,Sheetal Jatav,IND,22476,295,0.235947147838884,7,21,70,RJ,Sheetal Jatav,IND,,,,,False,21,2014,GE
1752255,Vimla Umar,AITC,22481,291,0.232747864478356,8,21,70,RJ,Vimla Umar,AITC,,,,,False,21,2014,GE
1752256,Mamraj,IND,22476,262,0.209553060114534,9,21,70,RJ,Mamraj,IND,,,,,False,21,2014,GE
1752257,Madhuri Pushkar,IND,22476,134,0.107175992577662,10,21,70,RJ,Madhuri Pushkar,IND,,,,,False,21,2014,GE
1752258,Prem Chand Dhamani,IND,22476,111,0.0887801132546309,11,21,70,RJ,Prem Chand Dhamani,IND,,,,,False,21,2014,GE
1752259,Ghisu Lal,IND,22476,69,0.0551876379690949,12,21,70,RJ,Ghisu Lal,IND,,,,,False,21,2014,GE
1752260,Lakhan Singh,IPGP,22493,58,0.046389608727645,13,21,70,RJ,Lakhan Singh,IPGP,,,,,False,21,2014,GE
1752351,Bahadur Singh Koli,BJP,22471,66177,56.9122541473524,1,21,71,RJ,Bahadur Singh Koli,BJP,,,,,False,21,2014,GE
1752352,Dr.Suresh Jatav,INC,22472,44977,38.6802432081459,2,21,71,RJ,Dr.Suresh Jatav,INC,,,,,True,21,2014,GE
1752353,Mahendar Kumar Jatav,BSP,22485,2477,2.13022127813276,3,21,71,RJ,Mahendar Kumar Jatav,BSP,,,,,False,21,2014,GE
1752354,None Of The Above,NOTA,22479,560,0.481600288960173,4,21,71,RJ,None Of The Above,NOTA,,,,,False,21,2014,GE
1752355,Gopal Paharia,AAAP,22474,511,0.439460263676158,5,21,71,RJ,Gopal Paharia,AAAP,,,,,False,21,2014,GE
1752356,Amar Chand Pohiya,RJVP,22484,461,0.396460237876142,6,21,71,RJ,Amar Chand Pohiya,RJVP,,,,,False,21,2014,GE
1752357,Vimla Umar,AITC,22481,263,0.226180135708081,7,21,71,RJ,Vimla Umar,AITC,,,,,False,21,2014,GE
1752358,Mamraj,IND,22476,237,0.203820122292073,8,21,71,RJ,Mamraj,IND,,,,,False,21,2014,GE
1752359,Sheetal Jatav,IND,22476,207,0.178020106812064,9,21,71,RJ,Sheetal Jatav,IND,,,,,False,21,2014,GE
1752360,Madhuri Pushkar,IND,22476,142,0.122120073272043,10,21,71,RJ,Madhuri Pushkar,IND,,,,,False,21,2014,GE
1752361,Prem Chand Dhamani,IND,22476,123,0.105780063468038,11,21,71,RJ,Prem Chand Dhamani,IND,,,,,False,21,2014,GE
1752362,Ghisu Lal,IND,22476,76,0.0653600392160235,12,21,71,RJ,Ghisu Lal,IND,,,,,False,21,2014,GE
1752363,Lakhan Singh,IPGP,22493,68,0.058480035088021,13,21,71,RJ,Lakhan Singh,IPGP,,,,,False,21,2014,GE
1752462,Bahadur Singh Koli,BJP,22471,76484,63.9006784079136,1,21,72,RJ,Bahadur Singh Koli,BJP,,,,,False,21,2014,GE
1752463,Dr.Suresh Jatav,INC,22472,37547,31.3696821842729,2,21,72,RJ,Dr.Suresh Jatav,INC,,,,,True,21,2014,GE
1752464,Mahendar Kumar Jatav,BSP,22485,2462,2.05694616181532,3,21,72,RJ,Mahendar Kumar Jatav,BSP,,,,,False,21,2014,GE
1752465,Gopal Paharia,AAAP,22474,1037,0.866390402031881,4,21,72,RJ,Gopal Paharia,AAAP,,,,,False,21,2014,GE
1752466,None Of The Above,NOTA,22479,697,0.582327975136182,5,21,72,RJ,None Of The Above,NOTA,,,,,False,21,2014,GE
1752467,Amar Chand Pohiya,RJVP,22484,443,0.370116632690572,6,21,72,RJ,Amar Chand Pohiya,RJVP,,,,,False,21,2014,GE
1752468,Sheetal Jatav,IND,22476,243,0.203021087457808,7,21,72,RJ,Sheetal Jatav,IND,,,,,False,21,2014,GE
1752469,Mamraj,IND,22476,227,0.189653443839187,8,21,72,RJ,Mamraj,IND,,,,,False,21,2014,GE
1752470,Vimla Umar,AITC,22481,162,0.135347391638538,9,21,72,RJ,Vimla Umar,AITC,,,,,False,21,2014,GE
1752471,Madhuri Pushkar,IND,22476,127,0.106105671222805,10,21,72,RJ,Madhuri Pushkar,IND,,,,,False,21,2014,GE
1752472,Prem Chand Dhamani,IND,22476,104,0.0868896835210373,11,21,72,RJ,Prem Chand Dhamani,IND,,,,,False,21,2014,GE
1752473,Lakhan Singh,IPGP,22493,98,0.0818768171640544,12,21,72,RJ,Lakhan Singh,IPGP,,,,,False,21,2014,GE
1752474,Ghisu Lal,IND,22476,61,0.050964141295993,13,21,72,RJ,Ghisu Lal,IND,,,,,False,21,2014,GE
1752549,Bahadur Singh Koli,BJP,22471,96262,69.8233779421898,1,21,73,RJ,Bahadur Singh Koli,BJP,,,,,False,21,2014,GE
1752550,Dr.Suresh Jatav,INC,22472,33945,24.6219127407246,2,21,73,RJ,Dr.Suresh Jatav,INC,,,,,True,21,2014,GE
1752551,Mahendar Kumar Jatav,BSP,22485,2866,2.07884524716207,3,21,73,RJ,Mahendar Kumar Jatav,BSP,,,,,False,21,2014,GE
1752552,Gopal Paharia,AAAP,22474,2092,1.51742646792151,4,21,73,RJ,Gopal Paharia,AAAP,,,,,False,21,2014,GE
1752553,None Of The Above,NOTA,22479,1111,0.805860805860805,5,21,73,RJ,None Of The Above,NOTA,,,,,False,21,2014,GE
1752554,Amar Chand Pohiya,RJVP,22484,354,0.256772930040256,6,21,73,RJ,Amar Chand Pohiya,RJVP,,,,,False,21,2014,GE
1752555,Vimla Umar,AITC,22481,297,0.215428136220215,7,21,73,RJ,Vimla Umar,AITC,,,,,False,21,2014,GE
1752556,Sheetal Jatav,IND,22476,258,0.187139593080187,8,21,73,RJ,Sheetal Jatav,IND,,,,,False,21,2014,GE
1752557,Madhuri Pushkar,IND,22476,191,0.138541326660138,9,21,73,RJ,Madhuri Pushkar,IND,,,,,False,21,2014,GE
1752558,Mamraj,IND,22476,183,0.132738548580132,10,21,73,RJ,Mamraj,IND,,,,,False,21,2014,GE
1752559,Lakhan Singh,IPGP,22493,109,0.079062851340079,11,21,73,RJ,Lakhan Singh,IPGP,,,,,False,21,2014,GE
1752560,Prem Chand Dhamani,IND,22476,108,0.0783375040800783,12,21,73,RJ,Prem Chand Dhamani,IND,,,,,False,21,2014,GE
1752561,Ghisu Lal,IND,22476,89,0.0645559061400645,13,21,73,RJ,Ghisu Lal,IND,,,,,False,21,2014,GE
1752655,Bahadur Singh Koli,BJP,22471,88821,67.3008728859792,1,21,74,RJ,Bahadur Singh Koli,BJP,,,,,False,21,2014,GE
1752656,Dr.Suresh Jatav,INC,22472,37433,28.3634903315754,2,21,74,RJ,Dr.Suresh Jatav,INC,,,,,True,21,2014,GE
1752657,Mahendar Kumar Jatav,BSP,22485,2622,1.98672485906528,3,21,74,RJ,Mahendar Kumar Jatav,BSP,,,,,False,21,2014,GE
1752658,Gopal Paharia,AAAP,22474,666,0.504637206764866,4,21,74,RJ,Gopal Paharia,AAAP,,,,,False,21,2014,GE
1752659,None Of The Above,NOTA,22479,643,0.487209795720434,5,21,74,RJ,None Of The Above,NOTA,,,,,False,21,2014,GE
1752660,Amar Chand Pohiya,RJVP,22484,448,0.339455658604594,6,21,74,RJ,Amar Chand Pohiya,RJVP,,,,,False,21,2014,GE
1752661,Lakhan Singh,IPGP,22493,423,0.32051282051282,7,21,74,RJ,Lakhan Singh,IPGP,,,,,False,21,2014,GE
1752662,Sheetal Jatav,IND,22476,205,0.155331272352548,8,21,74,RJ,Sheetal Jatav,IND,,,,,False,21,2014,GE
1752663,Mamraj,IND,22476,202,0.153058131781536,9,21,74,RJ,Mamraj,IND,,,,,False,21,2014,GE
1752664,Vimla Umar,AITC,22481,192,0.145480996544826,10,21,74,RJ,Vimla Umar,AITC,,,,,False,21,2014,GE
1752665,Madhuri Pushkar,IND,22476,142,0.107595320361277,11,21,74,RJ,Madhuri Pushkar,IND,,,,,False,21,2014,GE
1752666,Ghisu Lal,IND,22476,94,0.0712250712250712,12,21,74,RJ,Ghisu Lal,IND,,,,,False,21,2014,GE
1752667,Prem Chand Dhamani,IND,22476,85,0.0644056495120324,13,21,74,RJ,Prem Chand Dhamani,IND,,,,,False,21,2014,GE
1752759,Bahadur Singh Koli,BJP,22471,60437,51.5124653739612,1,21,75,RJ,Bahadur Singh Koli,BJP,,,,,False,21,2014,GE
1752760,Dr.Suresh Jatav,INC,22472,50979,43.4510973790752,2,21,75,RJ,Dr.Suresh Jatav,INC,,,,,True,21,2014,GE
1752761,Mahendar Kumar Jatav,BSP,22485,2833,2.41466013211165,3,21,75,RJ,Mahendar Kumar Jatav,BSP,,,,,False,21,2014,GE
1752762,None Of The Above,NOTA,22479,744,0.634135947155337,4,21,75,RJ,None Of The Above,NOTA,,,,,False,21,2014,GE
1752763,Gopal Paharia,AAAP,22474,668,0.569358619220115,5,21,75,RJ,Gopal Paharia,AAAP,,,,,False,21,2014,GE
1752764,Amar Chand Pohiya,RJVP,22484,621,0.529298955891753,6,21,75,RJ,Amar Chand Pohiya,RJVP,,,,,False,21,2014,GE
1752765,Sheetal Jatav,IND,22476,257,0.219049648412529,7,21,75,RJ,Sheetal Jatav,IND,,,,,False,21,2014,GE
1752766,Mamraj,IND,22476,249,0.212230982314084,8,21,75,RJ,Mamraj,IND,,,,,False,21,2014,GE
1752767,Vimla Umar,AITC,22481,188,0.160238653313445,9,21,75,RJ,Vimla Umar,AITC,,,,,False,21,2014,GE
1752768,Madhuri Pushkar,IND,22476,152,0.129554655870445,10,21,75,RJ,Madhuri Pushkar,IND,,,,,False,21,2014,GE
1752769,Prem Chand Dhamani,IND,22476,83,0.0707436607713616,11,21,75,RJ,Prem Chand Dhamani,IND,,,,,False,21,2014,GE
1752770,Ghisu Lal,IND,22476,58,0.0494353292137225,12,21,75,RJ,Ghisu Lal,IND,,,,,False,21,2014,GE
1752771,Lakhan Singh,IPGP,22493,56,0.0477306626891114,13,21,75,RJ,Lakhan Singh,IPGP,,,,,False,21,2014,GE
1752841,Bahadur Singh Koli,BJP,22471,65138,58.2629695885509,1,21,76,RJ,Bahadur Singh Koli,BJP,,,,,False,21,2014,GE
1752842,Dr.Suresh Jatav,INC,22472,40737,36.4373881932021,2,21,76,RJ,Dr.Suresh Jatav,INC,,,,,True,21,2014,GE
1752843,Mahendar Kumar Jatav,BSP,22485,2332,2.08586762075134,3,21,76,RJ,Mahendar Kumar Jatav,BSP,,,,,False,21,2014,GE
1752844,Gopal Paharia,AAAP,22474,889,0.795169946332737,4,21,76,RJ,Gopal Paharia,AAAP,,,,,False,21,2014,GE
1752845,None Of The Above,NOTA,22479,800,0.71556350626118,5,21,76,RJ,None Of The Above,NOTA,,,,,False,21,2014,GE
1752846,Amar Chand Pohiya,RJVP,22484,563,0.503577817531305,6,21,76,RJ,Amar Chand Pohiya,RJVP,,,,,False,21,2014,GE
1752847,Sheetal Jatav,IND,22476,357,0.319320214669051,7,21,76,RJ,Sheetal Jatav,IND,,,,,False,21,2014,GE
1752848,Vimla Umar,AITC,22481,255,0.228085867620751,8,21,76,RJ,Vimla Umar,AITC,,,,,False,21,2014,GE
1752849,Mamraj,IND,22476,224,0.20035778175313,9,21,76,RJ,Mamraj,IND,,,,,False,21,2014,GE
1752850,Madhuri Pushkar,IND,22476,164,0.146690518783542,10,21,76,RJ,Madhuri Pushkar,IND,,,,,False,21,2014,GE
1752851,Prem Chand Dhamani,IND,22476,132,0.118067978533094,11,21,76,RJ,Prem Chand Dhamani,IND,,,,,False,21,2014,GE
1752852,Ghisu Lal,IND,22476,113,0.101073345259391,12,21,76,RJ,Ghisu Lal,IND,,,,,False,21,2014,GE
1752853,Lakhan Singh,IPGP,22493,96,0.0858676207513416,13,21,76,RJ,Lakhan Singh,IPGP,,,,,False,21,2014,GE
1752931,Dr Manoj Rajoria,BJP,22471,42281,49.2303572260258,1,21,77,RJ,Dr Manoj Rajoria,BJP,,,,,False,21,2014,GE
1752932,Lakkhiram,INC,22472,37676,43.8684737552978,2,21,77,RJ,Lakkhiram,INC,,,,,True,21,2014,GE
1752933,G.R.Barua,BSP,22485,2030,2.36365329979972,3,21,77,RJ,G.R.Barua,BSP,,,,,False,21,2014,GE
1752934,Kamal Singh,AITC,22481,846,0.985049601788458,4,21,77,RJ,Kamal Singh,AITC,,,,,False,21,2014,GE
1752935,None Of The Above,NOTA,22479,665,0.774300218899911,5,21,77,RJ,None Of The Above,NOTA,,,,,False,21,2014,GE
1752936,Laxmikant,IND,22476,493,0.57403008709422,6,21,77,RJ,Laxmikant,IND,,,,,False,21,2014,GE
1752937,Kishor Kumar,IND,22476,380,0.442457267942806,7,21,77,RJ,Kishor Kumar,IND,,,,,False,21,2014,GE
1752938,Ghanshyam,AAAP,22474,352,0.40985515346281,8,21,77,RJ,Ghanshyam,AAAP,,,,,False,21,2014,GE
1752939,Kanchan Bai(Bairwa),IND,22476,226,0.263145638302827,9,21,77,RJ,Kanchan Bai(Bairwa),IND,,,,,False,21,2014,GE
1752940,Ram Singh,NPEP,22504,224,0.26081691583997,10,21,77,RJ,Ram Singh,NPEP,,,,,False,21,2014,GE
1752941,Phoolsingh,JGP,22497,220,0.256159470914256,11,21,77,RJ,Phoolsingh,JGP,,,,,False,21,2014,GE
1752942,Ramesh,BYS,22512,160,0.18629779702855,12,21,77,RJ,Ramesh,BYS,,,,,False,21,2014,GE
1752943,Ashok Kumar,IND,22476,156,0.181640352102836,13,21,77,RJ,Ashok Kumar,IND,,,,,False,21,2014,GE
1752944,Shreelal Khare,JMBP,22482,101,0.117600484374272,14,21,77,RJ,Shreelal Khare,JMBP,,,,,False,21,2014,GE
1752945,Dhanraj Bairwa,SP(I),22613,74,0.0861627311257044,15,21,77,RJ,Dhanraj Bairwa,SP(I),,,,,False,21,2014,GE
1753015,Dr Manoj Rajoria,BJP,22471,60396,54.6066074754525,1,21,78,RJ,Dr Manoj Rajoria,BJP,,,,,False,21,2014,GE
1753016,Lakkhiram,INC,22472,42482,38.409793674617,2,21,78,RJ,Lakkhiram,INC,,,,,True,21,2014,GE
1753017,G.R.Barua,BSP,22485,3589,3.2449684454169,3,21,78,RJ,G.R.Barua,BSP,,,,,False,21,2014,GE
1753018,None Of The Above,NOTA,22479,777,0.702518941791287,4,21,78,RJ,None Of The Above,NOTA,,,,,False,21,2014,GE
1753019,Kamal Singh,AITC,22481,761,0.688052657275636,5,21,78,RJ,Kamal Singh,AITC,,,,,False,21,2014,GE
1753020,Laxmikant,IND,22476,638,0.576843095061572,6,21,78,RJ,Laxmikant,IND,,,,,False,21,2014,GE
1753021,Ghanshyam,AAAP,22474,554,0.500895101354405,7,21,78,RJ,Ghanshyam,AAAP,,,,,False,21,2014,GE
1753022,Kishor Kumar,IND,22476,402,0.363465398455724,8,21,78,RJ,Kishor Kumar,IND,,,,,False,21,2014,GE
1753023,Kanchan Bai(Bairwa),IND,22476,232,0.209761125476935,9,21,78,RJ,Kanchan Bai(Bairwa),IND,,,,,False,21,2014,GE
1753024,Ashok Kumar,IND,22476,193,0.174499556970036,10,21,78,RJ,Ashok Kumar,IND,,,,,False,21,2014,GE
1753025,Ramesh,BYS,22512,179,0.161841558018842,11,21,78,RJ,Ramesh,BYS,,,,,False,21,2014,GE
1753026,Ram Singh,NPEP,22504,116,0.104880562738467,12,21,78,RJ,Ram Singh,NPEP,,,,,False,21,2014,GE
1753027,Shreelal Khare,JMBP,22482,113,0.102168134391783,13,21,78,RJ,Shreelal Khare,JMBP,,,,,False,21,2014,GE
1753028,Phoolsingh,JGP,22497,104,0.0940308493517296,14,21,78,RJ,Phoolsingh,JGP,,,,,False,21,2014,GE
1753029,Dhanraj Bairwa,SP(I),22613,66,0.0596734236270591,15,21,78,RJ,Dhanraj Bairwa,SP(I),,,,,False,21,2014,GE
1753104,Dr Manoj Rajoria,BJP,22471,61293,56.2439780871193,1,21,79,RJ,Dr Manoj Rajoria,BJP,,,,,False,21,2014,GE
1753105,Lakkhiram,INC,22472,39733,36.4599869697275,2,21,79,RJ,Lakkhiram,INC,,,,,True,21,2014,GE
1753106,G.R.Barua,BSP,22485,3975,3.64755865916661,3,21,79,RJ,G.R.Barua,BSP,,,,,False,21,2014,GE
1753107,None Of The Above,NOTA,22479,713,0.6542664966002,4,21,79,RJ,None Of The Above,NOTA,,,,,False,21,2014,GE
1753108,Ghanshyam,AAAP,22474,712,0.653348871780283,5,21,79,RJ,Ghanshyam,AAAP,,,,,False,21,2014,GE
1753109,Laxmikant,IND,22476,625,0.57351551244758,6,21,79,RJ,Laxmikant,IND,,,,,False,21,2014,GE
1753110,Kamal Singh,AITC,22481,599,0.549657267129761,7,21,79,RJ,Kamal Singh,AITC,,,,,False,21,2014,GE
1753111,Kishor Kumar,IND,22476,417,0.382649549905025,8,21,79,RJ,Kishor Kumar,IND,,,,,False,21,2014,GE
1753112,Kanchan Bai(Bairwa),IND,22476,212,0.194536461822219,9,21,79,RJ,Kanchan Bai(Bairwa),IND,,,,,False,21,2014,GE
1753113,Ram Singh,NPEP,22504,167,0.153243344925993,10,21,79,RJ,Ram Singh,NPEP,,,,,False,21,2014,GE
1753114,Ramesh,BYS,22512,153,0.140396597447167,11,21,79,RJ,Ramesh,BYS,,,,,False,21,2014,GE
1753115,Ashok Kumar,IND,22476,126,0.115620727309432,12,21,79,RJ,Ashok Kumar,IND,,,,,False,21,2014,GE
1753116,Phoolsingh,JGP,22497,92,0.0844214834322838,13,21,79,RJ,Phoolsingh,JGP,,,,,False,21,2014,GE
1753117,Shreelal Khare,JMBP,22482,89,0.0816686089725354,14,21,79,RJ,Shreelal Khare,JMBP,,,,,False,21,2014,GE
1753118,Dhanraj Bairwa,SP(I),22613,71,0.0651513622140451,15,21,79,RJ,Dhanraj Bairwa,SP(I),,,,,False,21,2014,GE
1753198,Dr Manoj Rajoria,BJP,22471,63600,62.8775370987355,1,21,80,RJ,Dr Manoj Rajoria,BJP,,,,,False,21,2014,GE
1753199,Lakkhiram,INC,22472,31501,31.143165033762,2,21,80,RJ,Lakkhiram,INC,,,,,True,21,2014,GE
1753200,G.R.Barua,BSP,22485,2056,2.03264490998428,3,21,80,RJ,G.R.Barua,BSP,,,,,False,21,2014,GE
1753201,Kamal Singh,AITC,22481,828,0.818594350908066,4,21,80,RJ,Kamal Singh,AITC,,,,,False,21,2014,GE
1753202,Laxmikant,IND,22476,744,0.735548547192755,5,21,80,RJ,Laxmikant,IND,,,,,False,21,2014,GE
1753203,None Of The Above,NOTA,22479,698,0.690071083253418,6,21,80,RJ,None Of The Above,NOTA,,,,,False,21,2014,GE
1753204,Kishor Kumar,IND,22476,429,0.424126783260338,7,21,80,RJ,Kishor Kumar,IND,,,,,False,21,2014,GE
1753205,Ghanshyam,AAAP,22474,282,0.278796626758544,8,21,80,RJ,Ghanshyam,AAAP,,,,,False,21,2014,GE
1753206,Kanchan Bai(Bairwa),IND,22476,229,0.226398679176264,9,21,80,RJ,Kanchan Bai(Bairwa),IND,,,,,False,21,2014,GE
1753207,Ram Singh,NPEP,22504,176,0.174000731593985,10,21,80,RJ,Ram Singh,NPEP,,,,,False,21,2014,GE
1753208,Ashok Kumar,IND,22476,169,0.167080247951042,11,21,80,RJ,Ashok Kumar,IND,,,,,False,21,2014,GE
1753209,Ramesh,BYS,22512,159,0.157193842746838,12,21,80,RJ,Ramesh,BYS,,,,,False,21,2014,GE
1753210,Phoolsingh,JGP,22497,103,0.101829973603298,13,21,80,RJ,Phoolsingh,JGP,,,,,False,21,2014,GE
1753211,Shreelal Khare,JMBP,22482,98,0.0968867710011962,14,21,80,RJ,Shreelal Khare,JMBP,,,,,False,21,2014,GE
1753212,Dhanraj Bairwa,SP(I),22613,77,0.0761253200723684,15,21,80,RJ,Dhanraj Bairwa,SP(I),,,,,False,21,2014,GE
1753279,Lakkhiram,INC,22472,68729,59.890899901531,1,21,81,RJ,Lakkhiram,INC,,,,,True,21,2014,GE
1753280,Dr Manoj Rajoria,BJP,22471,33864,29.5093109788509,2,21,81,RJ,Dr Manoj Rajoria,BJP,,,,,False,21,2014,GE
1753281,Ram Singh,NPEP,22504,5332,4.6463396568401,3,21,81,RJ,Ram Singh,NPEP,,,,,False,21,2014,GE
1753282,G.R.Barua,BSP,22485,1600,1.39425045966694,4,21,81,RJ,G.R.Barua,BSP,,,,,False,21,2014,GE
1753283,Kamal Singh,AITC,22481,1219,1.06224456895875,5,21,81,RJ,Kamal Singh,AITC,,,,,False,21,2014,GE
1753284,Kanchan Bai(Bairwa),IND,22476,975,0.849621373859546,6,21,81,RJ,Kanchan Bai(Bairwa),IND,,,,,False,21,2014,GE
1753285,None Of The Above,NOTA,22479,834,0.726753052101396,7,21,81,RJ,None Of The Above,NOTA,,,,,False,21,2014,GE
1753286,Laxmikant,IND,22476,500,0.435703268645921,8,21,81,RJ,Laxmikant,IND,,,,,False,21,2014,GE
1753287,Kishor Kumar,IND,22476,458,0.399104194079663,9,21,81,RJ,Kishor Kumar,IND,,,,,False,21,2014,GE
1753288,Ghanshyam,AAAP,22474,389,0.338977143006526,10,21,81,RJ,Ghanshyam,AAAP,,,,,False,21,2014,GE
1753289,Ramesh,BYS,22512,269,0.234408358531505,11,21,81,RJ,Ramesh,BYS,,,,,False,21,2014,GE
1753290,Ashok Kumar,IND,22476,210,0.182995372831286,12,21,81,RJ,Ashok Kumar,IND,,,,,False,21,2014,GE
1753291,Shreelal Khare,JMBP,22482,154,0.134196606742943,13,21,81,RJ,Shreelal Khare,JMBP,,,,,False,21,2014,GE
1753292,Phoolsingh,JGP,22497,131,0.114154256385231,14,21,81,RJ,Phoolsingh,JGP,,,,,False,21,2014,GE
1753293,Dhanraj Bairwa,SP(I),22613,93,0.0810408079681413,15,21,81,RJ,Dhanraj Bairwa,SP(I),,,,,False,21,2014,GE
1753362,Dr Manoj Rajoria,BJP,22471,58761,49.7515007323743,1,21,82,RJ,Dr Manoj Rajoria,BJP,,,,,False,21,2014,GE
1753363,Lakkhiram,INC,22472,45720,38.7100051647207,2,21,82,RJ,Lakkhiram,INC,,,,,True,21,2014,GE
1753364,G.R.Barua,BSP,22485,7527,6.37292670329949,3,21,82,RJ,G.R.Barua,BSP,,,,,False,21,2014,GE
1753365,Ram Singh,NPEP,22504,1895,1.60445012657799,4,21,82,RJ,Ram Singh,NPEP,,,,,False,21,2014,GE
1753366,Kamal Singh,AITC,22481,955,0.808575129753024,5,21,82,RJ,Kamal Singh,AITC,,,,,False,21,2014,GE
1753367,None Of The Above,NOTA,22479,798,0.675647071772684,6,21,82,RJ,None Of The Above,NOTA,,,,,False,21,2014,GE
1753368,Laxmikant,IND,22476,679,0.574892683876757,7,21,82,RJ,Laxmikant,IND,,,,,False,21,2014,GE
1753369,Kishor Kumar,IND,22476,435,0.368303854913681,8,21,82,RJ,Kishor Kumar,IND,,,,,False,21,2014,GE
1753370,Ghanshyam,AAAP,22474,423,0.358143748571235,9,21,82,RJ,Ghanshyam,AAAP,,,,,False,21,2014,GE
1753371,Kanchan Bai(Bairwa),IND,22476,332,0.281096275474349,10,21,82,RJ,Kanchan Bai(Bairwa),IND,,,,,False,21,2014,GE
1753372,Ramesh,BYS,22512,177,0.149861568551084,11,21,82,RJ,Ramesh,BYS,,,,,False,21,2014,GE
1753373,Ashok Kumar,IND,22476,148,0.125307978223505,12,21,82,RJ,Ashok Kumar,IND,,,,,False,21,2014,GE
1753374,Phoolsingh,JGP,22497,95,0.0804341752110338,13,21,82,RJ,Phoolsingh,JGP,,,,,False,21,2014,GE
1753375,Shreelal Khare,JMBP,22482,92,0.0778941486254222,14,21,82,RJ,Shreelal Khare,JMBP,,,,,False,21,2014,GE
1753376,Dhanraj Bairwa,SP(I),22613,72,0.0609606380546783,15,21,82,RJ,Dhanraj Bairwa,SP(I),,,,,False,21,2014,GE
1753444,Lakkhiram,INC,22472,56685,53.26986871658,1,21,83,RJ,Lakkhiram,INC,,,,,True,21,2014,GE
1753445,Dr Manoj Rajoria,BJP,22471,43769,41.1320258243978,2,21,83,RJ,Dr Manoj Rajoria,BJP,,,,,False,21,2014,GE
1753446,G.R.Barua,BSP,22485,1976,1.85695087913843,3,21,83,RJ,G.R.Barua,BSP,,,,,False,21,2014,GE
1753447,Kamal Singh,AITC,22481,1024,0.962306528460403,4,21,83,RJ,Kamal Singh,AITC,,,,,False,21,2014,GE
1753448,None Of The Above,NOTA,22479,590,0.554453956827771,5,21,83,RJ,None Of The Above,NOTA,,,,,False,21,2014,GE
1753449,Laxmikant,IND,22476,444,0.417250096324628,6,21,83,RJ,Laxmikant,IND,,,,,False,21,2014,GE
1753450,Kishor Kumar,IND,22476,384,0.360864948172651,7,21,83,RJ,Kishor Kumar,IND,,,,,False,21,2014,GE
1753451,Ghanshyam,AAAP,22474,380,0.357105938295852,8,21,83,RJ,Ghanshyam,AAAP,,,,,False,21,2014,GE
1753452,Ram Singh,NPEP,22504,351,0.329853116689064,9,21,83,RJ,Ram Singh,NPEP,,,,,False,21,2014,GE
1753453,Kanchan Bai(Bairwa),IND,22476,246,0.231179107423104,10,21,83,RJ,Kanchan Bai(Bairwa),IND,,,,,False,21,2014,GE
1753454,Ramesh,BYS,22512,182,0.171034949394329,11,21,83,RJ,Ramesh,BYS,,,,,False,21,2014,GE
1753455,Ashok Kumar,IND,22476,129,0.12122806852675,12,21,83,RJ,Ashok Kumar,IND,,,,,False,21,2014,GE
1753456,Shreelal Khare,JMBP,22482,101,0.0949149993891608,13,21,83,RJ,Shreelal Khare,JMBP,,,,,False,21,2014,GE
1753457,Phoolsingh,JGP,22497,84,0.0789392074127674,14,21,83,RJ,Phoolsingh,JGP,,,,,False,21,2014,GE
1753458,Dhanraj Bairwa,SP(I),22613,66,0.0620236629671744,15,21,83,RJ,Dhanraj Bairwa,SP(I),,,,,False,21,2014,GE
1753544,Lakkhiram,INC,22472,52302,52.730168972053,1,21,84,RJ,Lakkhiram,INC,,,,,True,21,2014,GE
1753545,Dr Manoj Rajoria,BJP,22471,37957,38.2677340000806,2,21,84,RJ,Dr Manoj Rajoria,BJP,,,,,False,21,2014,GE
1753546,G.R.Barua,BSP,22485,2394,2.4135984191636,3,21,84,RJ,G.R.Barua,BSP,,,,,False,21,2014,GE
1753547,Ram Singh,NPEP,22504,1187,1.1967173448401,4,21,84,RJ,Ram Singh,NPEP,,,,,False,21,2014,GE
1753548,Kamal Singh,AITC,22481,1054,1.06262854377545,5,21,84,RJ,Kamal Singh,AITC,,,,,False,21,2014,GE
1753549,None Of The Above,NOTA,22479,859,0.866032181312255,6,21,84,RJ,None Of The Above,NOTA,,,,,False,21,2014,GE
1753550,Laxmikant,IND,22476,644,0.649272089365649,7,21,84,RJ,Laxmikant,IND,,,,,False,21,2014,GE
1753551,Ghanshyam,AAAP,22474,634,0.639190224623946,8,21,84,RJ,Ghanshyam,AAAP,,,,,False,21,2014,GE
1753552,Kanchan Bai(Bairwa),IND,22476,562,0.566600798483687,9,21,84,RJ,Kanchan Bai(Bairwa),IND,,,,,False,21,2014,GE
1753553,Kishor Kumar,IND,22476,471,0.474855829334193,10,21,84,RJ,Kishor Kumar,IND,,,,,False,21,2014,GE
1753554,Ramesh,BYS,22512,350,0.352865265959591,11,21,84,RJ,Ramesh,BYS,,,,,False,21,2014,GE
1753555,Ashok Kumar,IND,22476,252,0.254062991490906,12,21,84,RJ,Ashok Kumar,IND,,,,,False,21,2014,GE
1753556,Dhanraj Bairwa,SP(I),22613,226,0.227850143162479,13,21,84,RJ,Dhanraj Bairwa,SP(I),,,,,False,21,2014,GE
1753557,Shreelal Khare,JMBP,22482,174,0.175424446505625,14,21,84,RJ,Shreelal Khare,JMBP,,,,,False,21,2014,GE
1753558,Phoolsingh,JGP,22497,122,0.122998749848772,15,21,84,RJ,Phoolsingh,JGP,,,,,False,21,2014,GE
1753632,Harish Chandra Meena,BJP,22471,48315,42.8172633817795,1,21,85,RJ,Harish Chandra Meena,BJP,,,,,False,21,2014,GE
1753633,Kirodi Lal,NPEP,22504,24555,21.7609003899326,2,21,85,RJ,Kirodi Lal,NPEP,,,,,False,21,2014,GE
1753634,Namo Narain,INC,22472,15787,13.9906061680255,3,21,85,RJ,Namo Narain,INC,,,,,False,21,2014,GE
1753635,Shiv Pal Gurjar,IND,22476,14366,12.7313009571074,4,21,85,RJ,Shiv Pal Gurjar,IND,,,,,True,21,2014,GE
1753636,Chandu Lal Meena (Gerota),BSP,22485,3137,2.78004253810705,5,21,85,RJ,Chandu Lal Meena (Gerota),BSP,,,,,False,21,2014,GE
1753637,Bimla Devi Meena,IND,22476,1623,1.43831974477135,6,21,85,RJ,Bimla Devi Meena,IND,,,,,True,21,2014,GE
1753638,Anju Devi Dhanka,IND,22476,1282,1.13612194257355,7,21,85,RJ,Anju Devi Dhanka,IND,,,,,True,21,2014,GE
1753639,None Of The Above,NOTA,22479,1002,0.887982984757178,8,21,85,RJ,None Of The Above,NOTA,,,,,False,21,2014,GE
1753640,Dr. Sanjeet Kumar Dhanka,AAAP,22474,786,0.696561503013115,9,21,85,RJ,Dr. Sanjeet Kumar Dhanka,AAAP,,,,,False,21,2014,GE
1753641,Dr. Naseem Gurjar,IND,22476,598,0.529953917050691,10,21,85,RJ,Dr. Naseem Gurjar,IND,,,,,True,21,2014,GE
1753642,Anjali Bhadana,IND,22476,471,0.417405175469691,11,21,85,RJ,Anjali Bhadana,IND,,,,,True,21,2014,GE
1753643,Khemraj Meena,BYS,22512,390,0.345622119815668,12,21,85,RJ,Khemraj Meena,BYS,,,,,False,21,2014,GE
1753644,Surajbhan Dhanka,SP,22486,255,0.225983693725629,13,21,85,RJ,Surajbhan Dhanka,SP,,,,,False,21,2014,GE
1753645,Dharmi Ghunawat,IPGP,22493,152,0.134704005671747,14,21,85,RJ,Dharmi Ghunawat,IPGP,,,,,False,21,2014,GE
1753646,Rukmani Meena Jhakhiwal,SP(I),22613,121,0.10723147819922,15,21,85,RJ,Rukmani Meena Jhakhiwal,SP(I),,,,,False,21,2014,GE
1753729,Kirodi Lal,NPEP,22504,46728,42.8261128575487,1,21,86,RJ,Kirodi Lal,NPEP,,,,,False,21,2014,GE
1753730,Harish Chandra Meena,BJP,22471,30901,28.3207009375773,2,21,86,RJ,Harish Chandra Meena,BJP,,,,,False,21,2014,GE
1753731,Namo Narain,INC,22472,18047,16.5400372098138,3,21,86,RJ,Namo Narain,INC,,,,,False,21,2014,GE
1753732,Chandu Lal Meena (Gerota),BSP,22485,4575,4.1929777932564,4,21,86,RJ,Chandu Lal Meena (Gerota),BSP,,,,,False,21,2014,GE
1753733,Shiv Pal Gurjar,IND,22476,3046,2.79165253732437,5,21,86,RJ,Shiv Pal Gurjar,IND,,,,,True,21,2014,GE
1753734,Bimla Devi Meena,IND,22476,2287,2.09603064768905,6,21,86,RJ,Bimla Devi Meena,IND,,,,,True,21,2014,GE
1753735,None Of The Above,NOTA,22479,675,0.618636067857502,7,21,86,RJ,None Of The Above,NOTA,,,,,False,21,2014,GE
1753736,Dr. Naseem Gurjar,IND,22476,667,0.611304084831043,8,21,86,RJ,Dr. Naseem Gurjar,IND,,,,,True,21,2014,GE
1753737,Khemraj Meena,BYS,22512,567,0.519654297000302,9,21,86,RJ,Khemraj Meena,BYS,,,,,False,21,2014,GE
1753738,Anju Devi Dhanka,IND,22476,558,0.511405816095535,10,21,86,RJ,Anju Devi Dhanka,IND,,,,,True,21,2014,GE
1753739,Anjali Bhadana,IND,22476,368,0.337271219217127,11,21,86,RJ,Anjali Bhadana,IND,,,,,True,21,2014,GE
1753740,Dr. Sanjeet Kumar Dhanka,AAAP,22474,301,0.27586586137053,12,21,86,RJ,Dr. Sanjeet Kumar Dhanka,AAAP,,,,,False,21,2014,GE
1753741,Surajbhan Dhanka,SP,22486,153,0.140224175381033,13,21,86,RJ,Surajbhan Dhanka,SP,,,,,False,21,2014,GE
1753742,Dharmi Ghunawat,IPGP,22493,152,0.139307677502726,14,21,86,RJ,Dharmi Ghunawat,IPGP,,,,,False,21,2014,GE
1753743,Rukmani Meena Jhakhiwal,SP(I),22613,86,0.0788188175344374,15,21,86,RJ,Rukmani Meena Jhakhiwal,SP(I),,,,,False,21,2014,GE
1753823,Kirodi Lal,NPEP,22504,47363,37.3814146580164,1,21,87,RJ,Kirodi Lal,NPEP,,,,,False,21,2014,GE
1753824,Harish Chandra Meena,BJP,22471,28273,22.3145648845322,2,21,87,RJ,Harish Chandra Meena,BJP,,,,,False,21,2014,GE
1753825,Namo Narain,INC,22472,19420,15.3273034364098,3,21,87,RJ,Namo Narain,INC,,,,,False,21,2014,GE
1753826,Shiv Pal Gurjar,IND,22476,19224,15.1726097457025,4,21,87,RJ,Shiv Pal Gurjar,IND,,,,,True,21,2014,GE
1753827,Bimla Devi Meena,IND,22476,3194,2.52087575571024,5,21,87,RJ,Bimla Devi Meena,IND,,,,,True,21,2014,GE
1753828,Chandu Lal Meena (Gerota),BSP,22485,3186,2.51456172751811,6,21,87,RJ,Chandu Lal Meena (Gerota),BSP,,,,,False,21,2014,GE
1753829,Anju Devi Dhanka,IND,22476,1631,1.2872724976717,7,21,87,RJ,Anju Devi Dhanka,IND,,,,,True,21,2014,GE
1753830,None Of The Above,NOTA,22479,1108,0.874492904610819,8,21,87,RJ,None Of The Above,NOTA,,,,,False,21,2014,GE
1753831,Dr. Naseem Gurjar,IND,22476,1053,0.831083960789884,9,21,87,RJ,Dr. Naseem Gurjar,IND,,,,,True,21,2014,GE
1753832,Khemraj Meena,BYS,22512,640,0.50512225537087,10,21,87,RJ,Khemraj Meena,BYS,,,,,False,21,2014,GE
1753833,Anjali Bhadana,IND,22476,529,0.417515114204984,11,21,87,RJ,Anjali Bhadana,IND,,,,,True,21,2014,GE
1753834,Dr. Sanjeet Kumar Dhanka,AAAP,22474,422,0.333064987135167,12,21,87,RJ,Dr. Sanjeet Kumar Dhanka,AAAP,,,,,False,21,2014,GE
1753835,Surajbhan Dhanka,SP,22486,265,0.2091521838645,13,21,87,RJ,Surajbhan Dhanka,SP,,,,,False,21,2014,GE
1753836,Dharmi Ghunawat,IPGP,22493,264,0.208362930340483,14,21,87,RJ,Dharmi Ghunawat,IPGP,,,,,False,21,2014,GE
1753837,Rukmani Meena Jhakhiwal,SP(I),22613,130,0.102602958122208,15,21,87,RJ,Rukmani Meena Jhakhiwal,SP(I),,,,,False,21,2014,GE
1753897,Kirodi Lal,NPEP,22504,35298,28.0769016616422,1,21,88,RJ,Kirodi Lal,NPEP,,,,,False,21,2014,GE
1753898,Harish Chandra Meena,BJP,22471,33800,26.8853554355348,2,21,88,RJ,Harish Chandra Meena,BJP,,,,,False,21,2014,GE
1753899,Namo Narain,INC,22472,24129,19.1928029971603,3,21,88,RJ,Namo Narain,INC,,,,,False,21,2014,GE
1753900,Shiv Pal Gurjar,IND,22476,21534,17.1286758564735,4,21,88,RJ,Shiv Pal Gurjar,IND,,,,,True,21,2014,GE
1753901,Anju Devi Dhanka,IND,22476,3239,2.57638065845258,5,21,88,RJ,Anju Devi Dhanka,IND,,,,,True,21,2014,GE
1753902,Bimla Devi Meena,IND,22476,2100,1.67039190575807,6,21,88,RJ,Bimla Devi Meena,IND,,,,,True,21,2014,GE
1753903,Chandu Lal Meena (Gerota),BSP,22485,1253,0.996667170435654,7,21,88,RJ,Chandu Lal Meena (Gerota),BSP,,,,,False,21,2014,GE
1753904,None Of The Above,NOTA,22479,1160,0.922692671752082,8,21,88,RJ,None Of The Above,NOTA,,,,,False,21,2014,GE
1753905,Dr. Naseem Gurjar,IND,22476,854,0.679292708341619,9,21,88,RJ,Dr. Naseem Gurjar,IND,,,,,True,21,2014,GE
1753906,Dr. Sanjeet Kumar Dhanka,AAAP,22474,682,0.542479657012862,10,21,88,RJ,Dr. Sanjeet Kumar Dhanka,AAAP,,,,,False,21,2014,GE
1753907,Khemraj Meena,BYS,22512,600,0.477254830216594,11,21,88,RJ,Khemraj Meena,BYS,,,,,False,21,2014,GE
1753908,Anjali Bhadana,IND,22476,408,0.324533284547284,12,21,88,RJ,Anjali Bhadana,IND,,,,,True,21,2014,GE
1753909,Surajbhan Dhanka,SP,22486,331,0.263285581336154,13,21,88,RJ,Surajbhan Dhanka,SP,,,,,False,21,2014,GE
1753910,Dharmi Ghunawat,IPGP,22493,222,0.176584287180139,14,21,88,RJ,Dharmi Ghunawat,IPGP,,,,,False,21,2014,GE
1753911,Rukmani Meena Jhakhiwal,SP(I),22613,109,0.0867012941560146,15,21,88,RJ,Rukmani Meena Jhakhiwal,SP(I),,,,,False,21,2014,GE
1753984,Kirodi Lal,NPEP,22504,38948,32.3491058895838,1,21,89,RJ,Kirodi Lal,NPEP,,,,,False,21,2014,GE
1753985,Harish Chandra Meena,BJP,22471,32347,26.8665022134735,2,21,89,RJ,Harish Chandra Meena,BJP,,,,,False,21,2014,GE
1753986,Namo Narain,INC,22472,32022,26.5965664166645,3,21,89,RJ,Namo Narain,INC,,,,,False,21,2014,GE
1753987,Shiv Pal Gurjar,IND,22476,5067,4.20850671517205,4,21,89,RJ,Shiv Pal Gurjar,IND,,,,,True,21,2014,GE
1753988,Bimla Devi Meena,IND,22476,4812,3.99671093613734,5,21,89,RJ,Bimla Devi Meena,IND,,,,,True,21,2014,GE
1753989,Anju Devi Dhanka,IND,22476,1530,1.27077467420825,6,21,89,RJ,Anju Devi Dhanka,IND,,,,,True,21,2014,GE
1753990,None Of The Above,NOTA,22479,1331,1.10549090939293,7,21,89,RJ,None Of The Above,NOTA,,,,,False,21,2014,GE
1753991,Chandu Lal Meena (Gerota),BSP,22485,1137,0.944360002990058,8,21,89,RJ,Chandu Lal Meena (Gerota),BSP,,,,,False,21,2014,GE
1753992,Dr. Naseem Gurjar,IND,22476,929,0.771601093032334,9,21,89,RJ,Dr. Naseem Gurjar,IND,,,,,True,21,2014,GE
1753993,Khemraj Meena,BYS,22512,721,0.59884218307461,10,21,89,RJ,Khemraj Meena,BYS,,,,,False,21,2014,GE
1753994,Anjali Bhadana,IND,22476,437,0.362959825247718,11,21,89,RJ,Anjali Bhadana,IND,,,,,True,21,2014,GE
1753995,Dharmi Ghunawat,IPGP,22493,327,0.271596940173921,12,21,89,RJ,Dharmi Ghunawat,IPGP,,,,,False,21,2014,GE
1753996,Surajbhan Dhanka,SP,22486,320,0.265782938396498,13,21,89,RJ,Surajbhan Dhanka,SP,,,,,False,21,2014,GE
1753997,Dr. Sanjeet Kumar Dhanka,AAAP,22474,305,0.253324363159162,14,21,89,RJ,Dr. Sanjeet Kumar Dhanka,AAAP,,,,,False,21,2014,GE
1753998,Rukmani Meena Jhakhiwal,SP(I),22613,166,0.137874899293183,15,21,89,RJ,Rukmani Meena Jhakhiwal,SP(I),,,,,False,21,2014,GE
1754057,Mohammed Azharuddin,INC,22472,59663,47.1890472499485,1,21,90,RJ,Mohammed Azharuddin,INC,,,,,True,21,2014,GE
1754058,Sukhveer Singh Jaunapuria,BJP,22471,59050,46.7042093107866,2,21,90,RJ,Sukhveer Singh Jaunapuria,BJP,,,,,False,21,2014,GE
1754059,Suresh,BSP,22485,2017,1.59529873293576,3,21,90,RJ,Suresh,BSP,,,,,False,21,2014,GE
1754060,Jagmohan Meena,NPEP,22504,1160,0.917474729898603,4,21,90,RJ,Jagmohan Meena,NPEP,,,,,False,21,2014,GE
1754061,Makkhan,IND,22476,927,0.73318885742759,5,21,90,RJ,Makkhan,IND,,,,,False,21,2014,GE
1754062,Babulal Jangid,IND,22476,721,0.570258000221459,6,21,90,RJ,Babulal Jangid,IND,,,,,False,21,2014,GE
1754063,Chandan Lal Meena,IND,22476,420,0.332189126342597,7,21,90,RJ,Chandan Lal Meena,IND,,,,,False,21,2014,GE
1754064,Ram Parkash,IND,22476,356,0.281569830899916,8,21,90,RJ,Ram Parkash,IND,,,,,False,21,2014,GE
1754065,Mukesh,AAAP,22474,291,0.230159608965942,9,21,90,RJ,Mukesh,AAAP,,,,,False,21,2014,GE
1754066,None Of The Above,NOTA,22479,289,0.228577755983358,10,21,90,RJ,None Of The Above,NOTA,,,,,False,21,2014,GE
1754067,Govind Prasad,IND,22476,241,0.190613284401347,11,21,90,RJ,Govind Prasad,IND,,,,,False,21,2014,GE
1754068,Kori Lal,IND,22476,201,0.158976224749671,12,21,90,RJ,Kori Lal,IND,,,,,False,21,2014,GE
1754069,Dinesh,AITC,22481,169,0.13366657702833,13,21,90,RJ,Dinesh,AITC,,,,,False,21,2014,GE
1754070,Varis Ali,AAP,22542,159,0.125757312115411,14,21,90,RJ,Varis Ali,AAP,,,,,False,21,2014,GE
1754071,Dinesh Saini,JMBP,22482,142,0.112311561763449,15,21,90,RJ,Dinesh Saini,JMBP,,,,,False,21,2014,GE
1754072,Kamal Kumar Dhobi,IND,22476,131,0.103611370359238,16,21,90,RJ,Kamal Kumar Dhobi,IND,,,,,False,21,2014,GE
1754073,Sampatti Bai Alias Sunita Verma,IND,22476,127,0.100447664394071,17,21,90,RJ,Sampatti Bai Alias Sunita Verma,IND,,,,,False,21,2014,GE
1754074,Ram Hans,NADP,22617,80,0.0632741193033519,18,21,90,RJ,Ram Hans,NADP,,,,,False,21,2014,GE
1754075,Siya Ram,IND,22476,71,0.0561557808817248,19,21,90,RJ,Siya Ram,IND,,,,,False,21,2014,GE
1754076,Bhar Singh,SP(I),22613,61,0.0482465159688058,20,21,90,RJ,Bhar Singh,SP(I),,,,,False,21,2014,GE
1754077,Hari Ram,IND,22476,56,0.0442918835123463,21,21,90,RJ,Hari Ram,IND,,,,,False,21,2014,GE
1754078,Bajarang Lal,RAHM,22638,53,0.0419191040384706,22,21,90,RJ,Bajarang Lal,RAHM,,,,,False,21,2014,GE
1754079,Ramesh Chand,LD,22483,49,0.038755398073303,23,21,90,RJ,Ramesh Chand,LD,,,,,False,21,2014,GE
1754183,Sukhveer Singh Jaunapuria,BJP,22471,51657,46.6761843662748,1,21,91,RJ,Sukhveer Singh Jaunapuria,BJP,,,,,False,21,2014,GE
1754184,Mohammed Azharuddin,INC,22472,50055,45.2286506853647,2,21,91,RJ,Mohammed Azharuddin,INC,,,,,True,21,2014,GE
1754185,Jagmohan Meena,NPEP,22504,2553,2.30683738287356,3,21,91,RJ,Jagmohan Meena,NPEP,,,,,False,21,2014,GE
1754186,Makkhan,IND,22476,1229,1.11049868529244,4,21,91,RJ,Makkhan,IND,,,,,False,21,2014,GE
1754187,Suresh,BSP,22485,852,0.76984937336791,5,21,91,RJ,Suresh,BSP,,,,,False,21,2014,GE
1754188,Babulal Jangid,IND,22476,729,0.658709146930993,6,21,91,RJ,Babulal Jangid,IND,,,,,False,21,2014,GE
1754189,Chandan Lal Meena,IND,22476,562,0.507811441118269,7,21,91,RJ,Chandan Lal Meena,IND,,,,,False,21,2014,GE
1754190,Ram Parkash,IND,22476,509,0.459921750051955,8,21,91,RJ,Ram Parkash,IND,,,,,False,21,2014,GE
1754191,Varis Ali,AAP,22542,312,0.281916671937544,9,21,91,RJ,Varis Ali,AAP,,,,,False,21,2014,GE
1754192,None Of The Above,NOTA,22479,295,0.266555827633255,10,21,91,RJ,None Of The Above,NOTA,,,,,False,21,2014,GE
1754193,Dinesh Saini,JMBP,22482,284,0.256616457789303,11,21,91,RJ,Dinesh Saini,JMBP,,,,,False,21,2014,GE
1754194,Govind Prasad,IND,22476,269,0.243062771638459,12,21,91,RJ,Govind Prasad,IND,,,,,False,21,2014,GE
1754195,Dinesh,AITC,22481,222,0.200594555032483,13,21,91,RJ,Dinesh,AITC,,,,,False,21,2014,GE
1754196,Kamal Kumar Dhobi,IND,22476,174,0.157222759349784,14,21,91,RJ,Kamal Kumar Dhobi,IND,,,,,False,21,2014,GE
1754197,Sampatti Bai Alias Sunita Verma,IND,22476,162,0.146379810429109,15,21,91,RJ,Sampatti Bai Alias Sunita Verma,IND,,,,,False,21,2014,GE
1754198,Mukesh,AAAP,22474,154,0.139151177815326,16,21,91,RJ,Mukesh,AAAP,,,,,False,21,2014,GE
1754199,Kori Lal,IND,22476,154,0.139151177815326,16,21,91,RJ,Kori Lal,IND,,,,,False,21,2014,GE
1754200,Hari Ram,IND,22476,110,0.0993936984395189,18,21,91,RJ,Hari Ram,IND,,,,,False,21,2014,GE
1754201,Ramesh Chand,LD,22483,91,0.0822256959817838,19,21,91,RJ,Ramesh Chand,LD,,,,,False,21,2014,GE
1754202,Siya Ram,IND,22476,87,0.0786113796748922,20,21,91,RJ,Siya Ram,IND,,,,,False,21,2014,GE
1754203,Ram Hans,NADP,22617,77,0.0695755889076632,21,21,91,RJ,Ram Hans,NADP,,,,,False,21,2014,GE
1754204,Bhar Singh,SP(I),22613,71,0.0641541144473258,22,21,91,RJ,Bhar Singh,SP(I),,,,,False,21,2014,GE
1754205,Bajarang Lal,RAHM,22638,63,0.0569254818335426,23,21,91,RJ,Bajarang Lal,RAHM,,,,,False,21,2014,GE
1754287,Mohammed Azharuddin,INC,22472,64467,46.9451807404386,1,21,92,RJ,Mohammed Azharuddin,INC,,,,,True,21,2014,GE
1754288,Sukhveer Singh Jaunapuria,BJP,22471,61796,45.0001456409658,2,21,92,RJ,Sukhveer Singh Jaunapuria,BJP,,,,,False,21,2014,GE
1754289,Jagmohan Meena,NPEP,22504,3202,2.33171186391308,3,21,92,RJ,Jagmohan Meena,NPEP,,,,,False,21,2014,GE
1754290,Makkhan,IND,22476,2382,1.73458390376044,4,21,92,RJ,Makkhan,IND,,,,,False,21,2014,GE
1754291,Babulal Jangid,IND,22476,843,0.613876671230083,5,21,92,RJ,Babulal Jangid,IND,,,,,False,21,2014,GE
1754292,Suresh,BSP,22485,757,0.551251055897002,6,21,92,RJ,Suresh,BSP,,,,,False,21,2014,GE
1754293,Ram Parkash,IND,22476,601,0.437651102502111,7,21,92,RJ,Ram Parkash,IND,,,,,False,21,2014,GE
1754294,Chandan Lal Meena,IND,22476,524,0.38157933063412,8,21,92,RJ,Chandan Lal Meena,IND,,,,,False,21,2014,GE
1754295,None Of The Above,NOTA,22479,448,0.326235763595584,9,21,92,RJ,None Of The Above,NOTA,,,,,False,21,2014,GE
1754296,Mukesh,AAAP,22474,423,0.308030642859223,10,21,92,RJ,Mukesh,AAAP,,,,,False,21,2014,GE
1754297,Varis Ali,AAP,22542,279,0.203169147417785,11,21,92,RJ,Varis Ali,AAP,,,,,False,21,2014,GE
1754298,Govind Prasad,IND,22476,259,0.188605050828697,12,21,92,RJ,Govind Prasad,IND,,,,,False,21,2014,GE
1754299,Dinesh Saini,JMBP,22482,230,0.167487110774518,13,21,92,RJ,Dinesh Saini,JMBP,,,,,False,21,2014,GE
1754300,Dinesh,AITC,22481,194,0.141271736914159,14,21,92,RJ,Dinesh,AITC,,,,,False,21,2014,GE
1754301,Kori Lal,IND,22476,165,0.12015379685998,15,21,92,RJ,Kori Lal,IND,,,,,False,21,2014,GE
1754302,Kamal Kumar Dhobi,IND,22476,151,0.109958929247618,16,21,92,RJ,Kamal Kumar Dhobi,IND,,,,,False,21,2014,GE
1754303,Sampatti Bai Alias Sunita Verma,IND,22476,136,0.0990358568058023,17,21,92,RJ,Sampatti Bai Alias Sunita Verma,IND,,,,,False,21,2014,GE
1754304,Siya Ram,IND,22476,112,0.081558940898896,18,21,92,RJ,Siya Ram,IND,,,,,False,21,2014,GE
1754305,Hari Ram,IND,22476,87,0.0633538201625353,19,21,92,RJ,Hari Ram,IND,,,,,False,21,2014,GE
1754306,Ram Hans,NADP,22617,83,0.0604410008447176,20,21,92,RJ,Ram Hans,NADP,,,,,False,21,2014,GE
1754307,Bhar Singh,SP(I),22613,68,0.0495179284029011,21,21,92,RJ,Bhar Singh,SP(I),,,,,False,21,2014,GE
1754308,Ramesh Chand,LD,22483,61,0.0444204945967201,22,21,92,RJ,Ramesh Chand,LD,,,,,False,21,2014,GE
1754309,Bajarang Lal,RAHM,22638,56,0.040779470449448,23,21,92,RJ,Bajarang Lal,RAHM,,,,,False,21,2014,GE
1754410,Sukhveer Singh Jaunapuria,BJP,22471,59734,50.0796458693137,1,21,93,RJ,Sukhveer Singh Jaunapuria,BJP,,,,,False,21,2014,GE
1754411,Mohammed Azharuddin,INC,22472,46611,39.0776169955901,2,21,93,RJ,Mohammed Azharuddin,INC,,,,,True,21,2014,GE
1754412,Suresh,BSP,22485,2260,1.89473331209443,3,21,93,RJ,Suresh,BSP,,,,,False,21,2014,GE
1754413,Jagmohan Meena,NPEP,22504,1991,1.66920974530089,4,21,93,RJ,Jagmohan Meena,NPEP,,,,,False,21,2014,GE
1754414,Makkhan,IND,22476,1614,1.35314140076124,5,21,93,RJ,Makkhan,IND,,,,,False,21,2014,GE
1754415,Ram Parkash,IND,22476,1046,0.876942940022468,6,21,93,RJ,Ram Parkash,IND,,,,,False,21,2014,GE
1754416,Babulal Jangid,IND,22476,1010,0.846761347440433,7,21,93,RJ,Babulal Jangid,IND,,,,,False,21,2014,GE
1754417,Chandan Lal Meena,IND,22476,989,0.829155418434246,8,21,93,RJ,Chandan Lal Meena,IND,,,,,False,21,2014,GE
1754418,Mukesh,AAAP,22474,575,0.48206710374084,9,21,93,RJ,Mukesh,AAAP,,,,,False,21,2014,GE
1754419,None Of The Above,NOTA,22479,496,0.415835275574707,10,21,93,RJ,None Of The Above,NOTA,,,,,False,21,2014,GE
1754420,Govind Prasad,IND,22476,465,0.389845570851288,11,21,93,RJ,Govind Prasad,IND,,,,,False,21,2014,GE
1754421,Varis Ali,AAP,22542,336,0.281694864098995,12,21,93,RJ,Varis Ali,AAP,,,,,False,21,2014,GE
1754422,Dinesh,AITC,22481,319,0.267442445379701,13,21,93,RJ,Dinesh,AITC,,,,,False,21,2014,GE
1754423,Dinesh Saini,JMBP,22482,314,0.263250557521085,14,21,93,RJ,Dinesh Saini,JMBP,,,,,False,21,2014,GE
1754424,Sampatti Bai Alias Sunita Verma,IND,22476,242,0.202887372357014,15,21,93,RJ,Sampatti Bai Alias Sunita Verma,IND,,,,,False,21,2014,GE
1754425,Kamal Kumar Dhobi,IND,22476,232,0.194503596639782,16,21,93,RJ,Kamal Kumar Dhobi,IND,,,,,False,21,2014,GE
1754426,Kori Lal,IND,22476,229,0.191988463924613,17,21,93,RJ,Kori Lal,IND,,,,,False,21,2014,GE
1754427,Siya Ram,IND,22476,174,0.145877697479837,18,21,93,RJ,Siya Ram,IND,,,,,False,21,2014,GE
1754428,Hari Ram,IND,22476,157,0.131625278760542,19,21,93,RJ,Hari Ram,IND,,,,,False,21,2014,GE
1754429,Ramesh Chand,LD,22483,134,0.112342594610908,20,21,93,RJ,Ramesh Chand,LD,,,,,False,21,2014,GE
1754430,Bhar Singh,SP(I),22613,125,0.1047971964654,21,21,93,RJ,Bhar Singh,SP(I),,,,,False,21,2014,GE
1754431,Ram Hans,NADP,22617,118,0.0989285534633377,22,21,93,RJ,Ram Hans,NADP,,,,,False,21,2014,GE
1754432,Bajarang Lal,RAHM,22638,107,0.0897064001743825,23,21,93,RJ,Bajarang Lal,RAHM,,,,,False,21,2014,GE
1754507,Sukhveer Singh Jaunapuria,BJP,22471,88765,65.1505365295127,1,21,94,RJ,Sukhveer Singh Jaunapuria,BJP,,,,,False,21,2014,GE
1754508,Mohammed Azharuddin,INC,22472,38906,28.5557007178192,2,21,94,RJ,Mohammed Azharuddin,INC,,,,,True,21,2014,GE
1754509,Suresh,BSP,22485,1123,0.824244381486428,3,21,94,RJ,Suresh,BSP,,,,,False,21,2014,GE
1754510,Babulal Jangid,IND,22476,1006,0.738370300779472,4,21,94,RJ,Babulal Jangid,IND,,,,,False,21,2014,GE
1754511,Chandan Lal Meena,IND,22476,987,0.724424937245864,5,21,94,RJ,Chandan Lal Meena,IND,,,,,False,21,2014,GE
1754512,Makkhan,IND,22476,972,0.713415439719331,6,21,94,RJ,Makkhan,IND,,,,,False,21,2014,GE
1754513,Ram Parkash,IND,22476,933,0.684790746150345,7,21,94,RJ,Ram Parkash,IND,,,,,False,21,2014,GE
1754514,Govind Prasad,IND,22476,510,0.374322915902118,8,21,94,RJ,Govind Prasad,IND,,,,,False,21,2014,GE
1754515,None Of The Above,NOTA,22479,464,0.34056045682075,9,21,94,RJ,None Of The Above,NOTA,,,,,False,21,2014,GE
1754516,Jagmohan Meena,NPEP,22504,414,0.303862131732307,10,21,94,RJ,Jagmohan Meena,NPEP,,,,,False,21,2014,GE
1754517,Kori Lal,IND,22476,328,0.240741012580185,11,21,94,RJ,Kori Lal,IND,,,,,False,21,2014,GE
1754518,Dinesh,AITC,22481,262,0.192299223463441,12,21,94,RJ,Dinesh,AITC,,,,,False,21,2014,GE
1754519,Mukesh,AAAP,22474,249,0.182757658940445,13,21,94,RJ,Mukesh,AAAP,,,,,False,21,2014,GE
1754520,Kamal Kumar Dhobi,IND,22476,229,0.168078328905068,14,21,94,RJ,Kamal Kumar Dhobi,IND,,,,,False,21,2014,GE
1754521,Sampatti Bai Alias Sunita Verma,IND,22476,174,0.127710171307781,15,21,94,RJ,Sampatti Bai Alias Sunita Verma,IND,,,,,False,21,2014,GE
1754522,Dinesh Saini,JMBP,22482,160,0.117434640283017,16,21,94,RJ,Dinesh Saini,JMBP,,,,,False,21,2014,GE
1754523,Varis Ali,AAP,22542,149,0.10936100876356,17,21,94,RJ,Varis Ali,AAP,,,,,False,21,2014,GE
1754524,Siya Ram,IND,22476,120,0.0880759802122631,18,21,94,RJ,Siya Ram,IND,,,,,False,21,2014,GE
1754525,Ram Hans,NADP,22617,116,0.0851401142051876,19,21,94,RJ,Ram Hans,NADP,,,,,False,21,2014,GE
1754526,Hari Ram,IND,22476,108,0.0792683821910368,20,21,94,RJ,Hari Ram,IND,,,,,False,21,2014,GE
1754527,Ramesh Chand,LD,22483,99,0.072662683675117,21,21,94,RJ,Ramesh Chand,LD,,,,,False,21,2014,GE
1754528,Bajarang Lal,RAHM,22638,88,0.0645890521556596,22,21,94,RJ,Bajarang Lal,RAHM,,,,,False,21,2014,GE
1754529,Bhar Singh,SP(I),22613,84,0.0616531861485841,23,21,94,RJ,Bhar Singh,SP(I),,,,,False,21,2014,GE
1754615,Sukhveer Singh Jaunapuria,BJP,22471,77914,58.3000980223431,1,21,95,RJ,Sukhveer Singh Jaunapuria,BJP,,,,,False,21,2014,GE
1754616,Mohammed Azharuddin,INC,22472,43441,32.51,2,21,95,RJ,Mohammed Azharuddin,INC,,,,,True,21,2014,GE
1754617,Jagmohan Meena,NPEP,22504,3017,2.26,3,21,95,RJ,Jagmohan Meena,NPEP,,,,,False,21,2014,GE
1754618,Makkhan,IND,22476,1184,0.89,4,21,95,RJ,Makkhan,IND,,,,,False,21,2014,GE
1754619,Suresh,BSP,22485,1116,0.84,5,21,95,RJ,Suresh,BSP,,,,,False,21,2014,GE
1754620,Chandan Lal Meena,IND,22476,929,0.7,6,21,95,RJ,Chandan Lal Meena,IND,,,,,False,21,2014,GE
1754621,Ram Parkash,IND,22476,920,0.69,7,21,95,RJ,Ram Parkash,IND,,,,,False,21,2014,GE
1754622,Babulal Jangid,IND,22476,876,0.66,8,21,95,RJ,Babulal Jangid,IND,,,,,False,21,2014,GE
1754623,Varis Ali,AAP,22542,646,0.48,9,21,95,RJ,Varis Ali,AAP,,,,,False,21,2014,GE
1754624,None Of The Above,NOTA,22479,507,0.379368915693302,10,21,95,RJ,None Of The Above,NOTA,,,,,False,21,2014,GE
1754625,Govind Prasad,IND,22476,459,0.34,11,21,95,RJ,Govind Prasad,IND,,,,,False,21,2014,GE
1754626,Dinesh Saini,JMBP,22482,441,0.33,12,21,95,RJ,Dinesh Saini,JMBP,,,,,False,21,2014,GE
1754627,Dinesh,AITC,22481,352,0.26,13,21,95,RJ,Dinesh,AITC,,,,,False,21,2014,GE
1754628,Kori Lal,IND,22476,304,0.23,14,21,95,RJ,Kori Lal,IND,,,,,False,21,2014,GE
1754629,Kamal Kumar Dhobi,IND,22476,272,0.2,15,21,95,RJ,Kamal Kumar Dhobi,IND,,,,,False,21,2014,GE
1754630,Mukesh,AAAP,22474,241,0.18,16,21,95,RJ,Mukesh,AAAP,,,,,False,21,2014,GE
1754631,Sampatti Bai Alias Sunita Verma,IND,22476,239,0.18,17,21,95,RJ,Sampatti Bai Alias Sunita Verma,IND,,,,,False,21,2014,GE
1754632,Hari Ram,IND,22476,194,0.15,18,21,95,RJ,Hari Ram,IND,,,,,False,21,2014,GE
1754633,Siya Ram,IND,22476,183,0.14,19,21,95,RJ,Siya Ram,IND,,,,,False,21,2014,GE
1754634,Ram Hans,NADP,22617,117,0.09,20,21,95,RJ,Ram Hans,NADP,,,,,False,21,2014,GE
1754635,Bajarang Lal,RAHM,22638,108,0.0808123134021235,21,21,95,RJ,Bajarang Lal,RAHM,,,,,False,21,2014,GE
1754636,Ramesh Chand,LD,22483,93,0.07,22,21,95,RJ,Ramesh Chand,LD,,,,,False,21,2014,GE
1754637,Bhar Singh,SP(I),22613,90,0.07,23,21,95,RJ,Bhar Singh,SP(I),,,,,False,21,2014,GE
1754713,Sukhveer Singh Jaunapuria,BJP,22471,71792,55.2598967032797,1,21,96,RJ,Sukhveer Singh Jaunapuria,BJP,,,,,False,21,2014,GE
1754714,Mohammed Azharuddin,INC,22472,50822,39.118822017134,2,21,96,RJ,Mohammed Azharuddin,INC,,,,,True,21,2014,GE
1754715,Suresh,BSP,22485,932,0.717381097162034,3,21,96,RJ,Suresh,BSP,,,,,False,21,2014,GE
1754716,Makkhan,IND,22476,911,0.70121693080967,4,21,96,RJ,Makkhan,IND,,,,,False,21,2014,GE
1754717,Chandan Lal Meena,IND,22476,750,0.577291655441551,5,21,96,RJ,Chandan Lal Meena,IND,,,,,False,21,2014,GE
1754718,Babulal Jangid,IND,22476,716,0.551121100394867,6,21,96,RJ,Babulal Jangid,IND,,,,,False,21,2014,GE
1754719,Ram Parkash,IND,22476,622,0.478767212912859,7,21,96,RJ,Ram Parkash,IND,,,,,False,21,2014,GE
1754720,None Of The Above,NOTA,22479,506,0.389479436871233,8,21,96,RJ,None Of The Above,NOTA,,,,,False,21,2014,GE
1754721,Govind Prasad,IND,22476,387,0.29788249420784,9,21,96,RJ,Govind Prasad,IND,,,,,False,21,2014,GE
1754722,Jagmohan Meena,NPEP,22504,376,0.28941554992803,10,21,96,RJ,Jagmohan Meena,NPEP,,,,,False,21,2014,GE
1754723,Mukesh,AAAP,22474,373,0.287106383306264,11,21,96,RJ,Mukesh,AAAP,,,,,False,21,2014,GE
1754724,Dinesh,AITC,22481,231,0.177805829875997,12,21,96,RJ,Dinesh,AITC,,,,,False,21,2014,GE
1754726,Kori Lal,IND,22476,213,0.1639508301454,13,21,96,RJ,Kori Lal,IND,,,,,False,21,2014,GE
1754725,Kamal Kumar Dhobi,IND,22476,213,0.1639508301454,13,21,96,RJ,Kamal Kumar Dhobi,IND,,,,,False,21,2014,GE
1754727,Sampatti Bai Alias Sunita Verma,IND,22476,207,0.159332496901868,15,21,96,RJ,Sampatti Bai Alias Sunita Verma,IND,,,,,False,21,2014,GE
1754728,Dinesh Saini,JMBP,22482,140,0.107761109015756,16,21,96,RJ,Dinesh Saini,JMBP,,,,,False,21,2014,GE
1754729,Siya Ram,IND,22476,134,0.103142775772223,17,21,96,RJ,Siya Ram,IND,,,,,False,21,2014,GE
1754730,Varis Ali,AAP,22542,129,0.0992941647359467,18,21,96,RJ,Varis Ali,AAP,,,,,False,21,2014,GE
1754731,Hari Ram,IND,22476,122,0.0939061092851589,19,21,96,RJ,Hari Ram,IND,,,,,False,21,2014,GE
1754732,Ram Hans,NADP,22617,107,0.0823602761763279,20,21,96,RJ,Ram Hans,NADP,,,,,False,21,2014,GE
1754733,Ramesh Chand,LD,22483,86,0.0661961098239645,21,21,96,RJ,Ramesh Chand,LD,,,,,False,21,2014,GE
1754734,Bajarang Lal,RAHM,22638,76,0.0584988877514105,22,21,96,RJ,Bajarang Lal,RAHM,,,,,False,21,2014,GE
1754735,Bhar Singh,SP(I),22613,72,0.0554199989223889,23,21,96,RJ,Bhar Singh,SP(I),,,,,False,21,2014,GE
1754815,Sukhveer Singh Jaunapuria,BJP,22471,77438,51.7979933110367,1,21,97,RJ,Sukhveer Singh Jaunapuria,BJP,,,,,False,21,2014,GE
1754816,Mohammed Azharuddin,INC,22472,58871,39.3785953177257,2,21,97,RJ,Mohammed Azharuddin,INC,,,,,True,21,2014,GE
1754817,Jagmohan Meena,NPEP,22504,1861,1.2448160535117,3,21,97,RJ,Jagmohan Meena,NPEP,,,,,False,21,2014,GE
1754818,Chandan Lal Meena,IND,22476,1362,0.911036789297658,4,21,97,RJ,Chandan Lal Meena,IND,,,,,False,21,2014,GE
1754819,Suresh,BSP,22485,1337,0.894314381270903,5,21,97,RJ,Suresh,BSP,,,,,False,21,2014,GE
1754820,Babulal Jangid,IND,22476,1303,0.871571906354515,6,21,97,RJ,Babulal Jangid,IND,,,,,False,21,2014,GE
1754821,Makkhan,IND,22476,1299,0.868896321070234,7,21,97,RJ,Makkhan,IND,,,,,False,21,2014,GE
1754822,Ram Parkash,IND,22476,1199,0.80200668896321,8,21,97,RJ,Ram Parkash,IND,,,,,False,21,2014,GE
1754823,None Of The Above,NOTA,22479,668,0.446822742474916,9,21,97,RJ,None Of The Above,NOTA,,,,,False,21,2014,GE
1754824,Govind Prasad,IND,22476,537,0.359197324414715,10,21,97,RJ,Govind Prasad,IND,,,,,False,21,2014,GE
1754825,Dinesh Saini,JMBP,22482,499,0.333779264214046,11,21,97,RJ,Dinesh Saini,JMBP,,,,,False,21,2014,GE
1754826,Dinesh,AITC,22481,402,0.268896321070234,12,21,97,RJ,Dinesh,AITC,,,,,False,21,2014,GE
1754827,Mukesh,AAAP,22474,359,0.240133779264214,13,21,97,RJ,Mukesh,AAAP,,,,,False,21,2014,GE
1754828,Varis Ali,AAP,22542,353,0.236120401337792,14,21,97,RJ,Varis Ali,AAP,,,,,False,21,2014,GE
1754829,Kori Lal,IND,22476,331,0.221404682274247,15,21,97,RJ,Kori Lal,IND,,,,,False,21,2014,GE
1754830,Sampatti Bai Alias Sunita Verma,IND,22476,329,0.220066889632107,16,21,97,RJ,Sampatti Bai Alias Sunita Verma,IND,,,,,False,21,2014,GE
1754831,Kamal Kumar Dhobi,IND,22476,324,0.216722408026755,17,21,97,RJ,Kamal Kumar Dhobi,IND,,,,,False,21,2014,GE
1754832,Siya Ram,IND,22476,224,0.149832775919732,18,21,97,RJ,Siya Ram,IND,,,,,False,21,2014,GE
1754833,Hari Ram,IND,22476,214,0.14314381270903,19,21,97,RJ,Hari Ram,IND,,,,,False,21,2014,GE
1754834,Ram Hans,NADP,22617,171,0.11438127090301,20,21,97,RJ,Ram Hans,NADP,,,,,False,21,2014,GE
1754835,Bajarang Lal,RAHM,22638,148,0.0989966555183946,21,21,97,RJ,Bajarang Lal,RAHM,,,,,False,21,2014,GE
1754836,Ramesh Chand,LD,22483,139,0.0929765886287625,22,21,97,RJ,Ramesh Chand,LD,,,,,False,21,2014,GE
1754837,Bhar Singh,SP(I),22613,132,0.0882943143812709,23,21,97,RJ,Bhar Singh,SP(I),,,,,False,21,2014,GE
1754916,Sanwar Lal Jat,BJP,22471,99685,57.3581366445331,1,21,98,RJ,Sanwar Lal Jat,BJP,,,,,False,21,2014,GE
1754917,Sachin Pilot,INC,22472,66701,38.3793456621057,2,21,98,RJ,Sachin Pilot,INC,,,,,True,21,2014,GE
1754918,Sanwar Lal,NCP,22509,1985,1.14215680633393,3,21,98,RJ,Sanwar Lal,NCP,,,,,False,21,2014,GE
1754919,None Of The Above,NOTA,22479,1600,0.92063017135229,4,21,98,RJ,None Of The Above,NOTA,,,,,False,21,2014,GE
1754920,Jagdish,BSP,22485,1070,0.615671427091844,5,21,98,RJ,Jagdish,BSP,,,,,False,21,2014,GE
1754921,Surendra Kumar Jain,IND,22476,678,0.390117035110533,6,21,98,RJ,Surendra Kumar Jain,IND,,,,,False,21,2014,GE
1754922,Bhanwar Lal Soni,IND,22476,587,0.337756194114871,7,21,98,RJ,Bhanwar Lal Soni,IND,,,,,False,21,2014,GE
1754923,Narain Das Sindhi,IND,22476,575,0.330851467829729,8,21,98,RJ,Narain Das Sindhi,IND,,,,,False,21,2014,GE
1754924,Mukul Mishra,ABHM,22566,291,0.167439612414697,9,21,98,RJ,Mukul Mishra,ABHM,,,,,False,21,2014,GE
1754925,Jagdish Singh Rawat,IND,22476,181,0.104146288134227,10,21,98,RJ,Jagdish Singh Rawat,IND,,,,,False,21,2014,GE
1754926,Ramlal,AKBAP,22562,161,0.0926384109923242,11,21,98,RJ,Ramlal,AKBAP,,,,,False,21,2014,GE
1754927,Krishna Kumar Dadhich,IND,22476,155,0.0891860478497531,12,21,98,RJ,Krishna Kumar Dadhich,IND,,,,,False,21,2014,GE
1754928,Anita Jain,IND,22476,125,0.0719242321368977,13,21,98,RJ,Anita Jain,IND,,,,,False,21,2014,GE
1755011,Sanwar Lal Jat,BJP,22471,75852,51.8051059295988,1,21,99,RJ,Sanwar Lal Jat,BJP,,,,,False,21,2014,GE
1755012,Sachin Pilot,INC,22472,62707,42.8273846111816,2,21,99,RJ,Sachin Pilot,INC,,,,,True,21,2014,GE
1755013,Sanwar Lal,NCP,22509,1916,1.3085822781352,3,21,99,RJ,Sanwar Lal,NCP,,,,,False,21,2014,GE
1755014,None Of The Above,NOTA,22479,1755,1.19862312010818,4,21,99,RJ,None Of The Above,NOTA,,,,,False,21,2014,GE
1755015,Jagdish,BSP,22485,1061,0.72463768115942,5,21,99,RJ,Jagdish,BSP,,,,,False,21,2014,GE
1755016,Surendra Kumar Jain,IND,22476,832,0.568236145829064,6,21,99,RJ,Surendra Kumar Jain,IND,,,,,False,21,2014,GE
1755017,Bhanwar Lal Soni,IND,22476,771,0.526574601483424,7,21,99,RJ,Bhanwar Lal Soni,IND,,,,,False,21,2014,GE
1755018,Narain Das Sindhi,IND,22476,508,0.3469518775014,8,21,99,RJ,Narain Das Sindhi,IND,,,,,False,21,2014,GE
1755019,Mukul Mishra,ABHM,22566,305,0.208307721728202,9,21,99,RJ,Mukul Mishra,ABHM,,,,,False,21,2014,GE
1755020,Jagdish Singh Rawat,IND,22476,255,0.174158914887513,10,21,99,RJ,Jagdish Singh Rawat,IND,,,,,False,21,2014,GE
1755021,Krishna Kumar Dadhich,IND,22476,161,0.109959158027018,11,21,99,RJ,Krishna Kumar Dadhich,IND,,,,,False,21,2014,GE
1755022,Ramlal,AKBAP,22562,160,0.109276181890204,12,21,99,RJ,Ramlal,AKBAP,,,,,False,21,2014,GE
1755023,Anita Jain,IND,22476,135,0.0922017784698602,13,21,99,RJ,Anita Jain,IND,,,,,False,21,2014,GE
1755100,Sanwar Lal Jat,BJP,22471,79243,62.6729094662248,1,21,100,RJ,Sanwar Lal Jat,BJP,,,,,False,21,2014,GE
1755101,Sachin Pilot,INC,22472,43465,34.3762604892477,2,21,100,RJ,Sachin Pilot,INC,,,,,True,21,2014,GE
1755102,None Of The Above,NOTA,22479,1260,0.996527970009253,3,21,100,RJ,None Of The Above,NOTA,,,,,False,21,2014,GE
1755103,Sanwar Lal,NCP,22509,814,0.643788704434549,4,21,100,RJ,Sanwar Lal,NCP,,,,,False,21,2014,GE
1755104,Jagdish,BSP,22485,520,0.41126551143239,5,21,100,RJ,Jagdish,BSP,,,,,False,21,2014,GE
1755105,Surendra Kumar Jain,IND,22476,344,0.272067953716812,6,21,100,RJ,Surendra Kumar Jain,IND,,,,,False,21,2014,GE
1755106,Bhanwar Lal Soni,IND,22476,314,0.24834109728802,7,21,100,RJ,Bhanwar Lal Soni,IND,,,,,False,21,2014,GE
1755107,Narain Das Sindhi,IND,22476,151,0.119425177358251,8,21,100,RJ,Narain Das Sindhi,IND,,,,,False,21,2014,GE
1755108,Mukul Mishra,ABHM,22566,93,0.0735532549292544,9,21,100,RJ,Mukul Mishra,ABHM,,,,,False,21,2014,GE
1755109,Anita Jain,IND,22476,60,0.0474537128575834,10,21,100,RJ,Anita Jain,IND,,,,,False,21,2014,GE
1755110,Jagdish Singh Rawat,IND,22476,60,0.0474537128575834,10,21,100,RJ,Jagdish Singh Rawat,IND,,,,,False,21,2014,GE
1755111,Krishna Kumar Dadhich,IND,22476,59,0.0466628176432904,12,21,100,RJ,Krishna Kumar Dadhich,IND,,,,,False,21,2014,GE
1755112,Ramlal,AKBAP,22562,56,0.0442901320004112,13,21,100,RJ,Ramlal,AKBAP,,,,,False,21,2014,GE
1755190,Sanwar Lal Jat,BJP,22471,77236,59.5814272820544,1,21,101,RJ,Sanwar Lal Jat,BJP,,,,,False,21,2014,GE
1755191,Sachin Pilot,INC,22472,48476,37.395376106024,2,21,101,RJ,Sachin Pilot,INC,,,,,True,21,2014,GE
1755192,None Of The Above,NOTA,22479,1337,1.03138909674383,3,21,101,RJ,None Of The Above,NOTA,,,,,False,21,2014,GE
1755193,Jagdish,BSP,22485,692,0.533822928157616,4,21,101,RJ,Jagdish,BSP,,,,,False,21,2014,GE
1755194,Sanwar Lal,NCP,22509,686,0.52919440565914,5,21,101,RJ,Sanwar Lal,NCP,,,,,False,21,2014,GE
1755195,Surendra Kumar Jain,IND,22476,373,0.287739815321952,6,21,101,RJ,Surendra Kumar Jain,IND,,,,,False,21,2014,GE
1755196,Bhanwar Lal Soni,IND,22476,287,0.221397659510456,7,21,101,RJ,Bhanwar Lal Soni,IND,,,,,False,21,2014,GE
1755197,Narain Das Sindhi,IND,22476,153,0.118027323711149,8,21,101,RJ,Narain Das Sindhi,IND,,,,,False,21,2014,GE
1755198,Mukul Mishra,ABHM,22566,134,0.103370335799307,9,21,101,RJ,Mukul Mishra,ABHM,,,,,False,21,2014,GE
1755199,Jagdish Singh Rawat,IND,22476,80,0.0617136333130192,10,21,101,RJ,Jagdish Singh Rawat,IND,,,,,False,21,2014,GE
1755200,Ramlal,AKBAP,22562,65,0.0501423270668281,11,21,101,RJ,Ramlal,AKBAP,,,,,False,21,2014,GE
1755201,Anita Jain,IND,22476,59,0.0455138045683517,12,21,101,RJ,Anita Jain,IND,,,,,False,21,2014,GE
1755202,Krishna Kumar Dadhich,IND,22476,53,0.0408852820698752,13,21,101,RJ,Krishna Kumar Dadhich,IND,,,,,False,21,2014,GE
1755269,Sanwar Lal Jat,BJP,22471,72482,51.4564002811282,1,21,102,RJ,Sanwar Lal Jat,BJP,,,,,False,21,2014,GE
1755270,Sachin Pilot,INC,22472,61490,43.6529628499016,2,21,102,RJ,Sachin Pilot,INC,,,,,True,21,2014,GE
1755271,Sanwar Lal,NCP,22509,1682,1.19408494899226,3,21,102,RJ,Sanwar Lal,NCP,,,,,False,21,2014,GE
1755272,None Of The Above,NOTA,22479,1393,0.988918153356855,4,21,102,RJ,None Of The Above,NOTA,,,,,False,21,2014,GE
1755273,Jagdish,BSP,22485,1099,0.780201759181036,5,21,102,RJ,Jagdish,BSP,,,,,False,21,2014,GE
1755274,Bhanwar Lal Soni,IND,22476,756,0.536699299309248,6,21,102,RJ,Bhanwar Lal Soni,IND,,,,,False,21,2014,GE
1755275,Surendra Kumar Jain,IND,22476,724,0.513981868650655,7,21,102,RJ,Surendra Kumar Jain,IND,,,,,False,21,2014,GE
1755276,Narain Das Sindhi,IND,22476,450,0.319463868636457,8,21,102,RJ,Narain Das Sindhi,IND,,,,,False,21,2014,GE
1755277,Mukul Mishra,ABHM,22566,234,0.166121211690957,9,21,102,RJ,Mukul Mishra,ABHM,,,,,False,21,2014,GE
1755278,Jagdish Singh Rawat,IND,22476,207,0.14695337957277,10,21,102,RJ,Jagdish Singh Rawat,IND,,,,,False,21,2014,GE
1755279,Krishna Kumar Dadhich,IND,22476,137,0.0972590000070991,11,21,102,RJ,Krishna Kumar Dadhich,IND,,,,,False,21,2014,GE
1755280,Ramlal,AKBAP,22562,108,0.0766713284727497,12,21,102,RJ,Ramlal,AKBAP,,,,,False,21,2014,GE
1755281,Anita Jain,IND,22476,99,0.0702820511000205,13,21,102,RJ,Anita Jain,IND,,,,,False,21,2014,GE
1755355,Hariom Singh Rathore,BJP,22471,93003,69.2099897304618,1,21,103,RJ,Hariom Singh Rathore,BJP,,,,,False,21,2014,GE
1755356,Gopal Singh Shekhawat,INC,22472,34088,25.3672476149369,2,21,103,RJ,Gopal Singh Shekhawat,INC,,,,,True,21,2014,GE
1755357,None Of The Above,NOTA,22479,1672,1.24425129113396,3,21,103,RJ,None Of The Above,NOTA,,,,,False,21,2014,GE
1755358,Pradeep Singh Bhatnagar,AAAP,22474,1021,0.759796990578814,4,21,103,RJ,Pradeep Singh Bhatnagar,AAAP,,,,,False,21,2014,GE
1755359,Idrish Mohammad,JGP,22497,996,0.741192754766405,5,21,103,RJ,Idrish Mohammad,JGP,,,,,False,21,2014,GE
1755360,Neeru Ram,BSP,22485,948,0.705472622006578,6,21,103,RJ,Neeru Ram,BSP,,,,,False,21,2014,GE
1755361,Surya Bhavani Singh Chawra,IND,22476,728,0.541755346857372,7,21,103,RJ,Surya Bhavani Singh Chawra,IND,,,,,False,21,2014,GE
1755362,Bhanwar Lal Mali,IND,22476,541,0.402595662980547,8,21,103,RJ,Bhanwar Lal Mali,IND,,,,,False,21,2014,GE
1755363,Heera Kathat,IND,22476,437,0.325202042000922,9,21,103,RJ,Heera Kathat,IND,,,,,False,21,2014,GE
1755364,Sanjay Choudhary,IND,22476,356,0.264924317968715,10,21,103,RJ,Sanjay Choudhary,IND,,,,,False,21,2014,GE
1755365,Gulam Farid,SP,22486,225,0.167438122311687,11,21,103,RJ,Gulam Farid,SP,,,,,False,21,2014,GE
1755366,Khimaram Salvi,IND,22476,220,0.163717275149205,12,21,103,RJ,Khimaram Salvi,IND,,,,,False,21,2014,GE
1755367,Laxman,JMBP,22482,143,0.106416228846983,13,21,103,RJ,Laxman,JMBP,,,,,False,21,2014,GE
1755446,Sanwar Lal Jat,BJP,22471,79027,50.1812894090155,1,21,104,RJ,Sanwar Lal Jat,BJP,,,,,False,21,2014,GE
1755447,Sachin Pilot,INC,22472,70059,44.4867065016541,2,21,104,RJ,Sachin Pilot,INC,,,,,True,21,2014,GE
1755448,None Of The Above,NOTA,22479,1945,1.23505394233028,3,21,104,RJ,None Of The Above,NOTA,,,,,False,21,2014,GE
1755449,Sanwar Lal,NCP,22509,1852,1.17599994920086,4,21,104,RJ,Sanwar Lal,NCP,,,,,False,21,2014,GE
1755450,Jagdish,BSP,22485,1117,0.70928290672644,5,21,104,RJ,Jagdish,BSP,,,,,False,21,2014,GE
1755451,Bhanwar Lal Soni,IND,22476,896,0.568950299397395,6,21,104,RJ,Bhanwar Lal Soni,IND,,,,,False,21,2014,GE
1755452,Surendra Kumar Jain,IND,22476,836,0.530850948991319,7,21,104,RJ,Surendra Kumar Jain,IND,,,,,False,21,2014,GE
1755453,Narain Das Sindhi,IND,22476,717,0.455287237352603,8,21,104,RJ,Narain Das Sindhi,IND,,,,,False,21,2014,GE
1755454,Mukul Mishra,ABHM,22566,300,0.190496752030377,9,21,104,RJ,Mukul Mishra,ABHM,,,,,False,21,2014,GE
1755455,Jagdish Singh Rawat,IND,22476,247,0.156842325838344,10,21,104,RJ,Jagdish Singh Rawat,IND,,,,,False,21,2014,GE
1755456,Krishna Kumar Dadhich,IND,22476,188,0.119377964605703,11,21,104,RJ,Krishna Kumar Dadhich,IND,,,,,False,21,2014,GE
1755457,Ramlal,AKBAP,22562,151,0.0958833651886235,12,21,104,RJ,Ramlal,AKBAP,,,,,False,21,2014,GE
1755458,Anita Jain,IND,22476,148,0.0939783976683197,13,21,104,RJ,Anita Jain,IND,,,,,False,21,2014,GE
1755533,Sanwar Lal Jat,BJP,22471,73270,52.3177767622529,1,21,105,RJ,Sanwar Lal Jat,BJP,,,,,False,21,2014,GE
1755534,Sachin Pilot,INC,22472,59407,42.4190277619102,2,21,105,RJ,Sachin Pilot,INC,,,,,True,21,2014,GE
1755535,Sanwar Lal,NCP,22509,1664,1.18816405803724,3,21,105,RJ,Sanwar Lal,NCP,,,,,False,21,2014,GE
1755536,None Of The Above,NOTA,22479,1662,1.18673597623671,4,21,105,RJ,None Of The Above,NOTA,,,,,False,21,2014,GE
1755537,Jagdish,BSP,22485,1158,0.826859362504284,5,21,105,RJ,Jagdish,BSP,,,,,False,21,2014,GE
1755538,Surendra Kumar Jain,IND,22476,741,0.52910430709471,6,21,105,RJ,Surendra Kumar Jain,IND,,,,,False,21,2014,GE
1755539,Bhanwar Lal Soni,IND,22476,723,0.51625157088998,7,21,105,RJ,Bhanwar Lal Soni,IND,,,,,False,21,2014,GE
1755540,Narain Das Sindhi,IND,22476,534,0.381297840740317,8,21,105,RJ,Narain Das Sindhi,IND,,,,,False,21,2014,GE
1755541,Mukul Mishra,ABHM,22566,260,0.185650634068319,9,21,105,RJ,Mukul Mishra,ABHM,,,,,False,21,2014,GE
1755542,Jagdish Singh Rawat,IND,22476,176,0.125671198446247,10,21,105,RJ,Jagdish Singh Rawat,IND,,,,,False,21,2014,GE
1755543,Ramlal,AKBAP,22562,162,0.115674625842568,11,21,105,RJ,Ramlal,AKBAP,,,,,False,21,2014,GE
1755544,Anita Jain,IND,22476,149,0.106392094139152,12,21,105,RJ,Anita Jain,IND,,,,,False,21,2014,GE
1755545,Krishna Kumar Dadhich,IND,22476,142,0.101393807837312,13,21,105,RJ,Krishna Kumar Dadhich,IND,,,,,False,21,2014,GE
1755623,C R Choudhary,BJP,22471,57937,46.9357334391885,1,21,106,RJ,C R Choudhary,BJP,,,,,False,21,2014,GE
1755624,Dr. Jyoti Mirdha,INC,22472,51001,41.3167637456557,2,21,106,RJ,Dr. Jyoti Mirdha,INC,,,,,True,21,2014,GE
1755625,Hanuman Bainiwal,IND,22476,5365,4.3462762984146,3,21,106,RJ,Hanuman Bainiwal,IND,,,,,False,21,2014,GE
1755626,Hariram Mehrada,BASD,22523,1610,1.3,4,21,106,RJ,Hariram Mehrada,BASD,,,,,False,21,2014,GE
1755627,None Of The Above,NOTA,22479,1228,0.994823354045317,5,21,106,RJ,None Of The Above,NOTA,,,,,False,21,2014,GE
1755628,Abdul Aziz,BSP,22485,1119,0.906520629622728,6,21,106,RJ,Abdul Aziz,BSP,,,,,False,21,2014,GE
1755629,Ayub Khan,SP,22486,909,0.736396114680125,7,21,106,RJ,Ayub Khan,SP,,,,,False,21,2014,GE
1755630,Hariram,IND,22476,752,0.609207786842083,8,21,106,RJ,Hariram,IND,,,,,False,21,2014,GE
1755631,Chhoturam,IND,22476,722,0.584904284707426,9,21,106,RJ,Chhoturam,IND,,,,,False,21,2014,GE
1755632,Bhanwar Singh Rathore,AITC,22481,707,0.572752533640097,10,21,106,RJ,Bhanwar Singh Rathore,AITC,,,,,False,21,2014,GE
1755633,Hanumanram,AAAP,22474,612,0.495791443547015,11,21,106,RJ,Hanumanram,AAAP,,,,,False,21,2014,GE
1755634,Nemichand,AVIRP,22651,531,0.430171987783439,12,21,106,RJ,Nemichand,AVIRP,,,,,False,21,2014,GE
1755635,Mularam,IND,22476,495,0.40100778522185,13,21,106,RJ,Mularam,IND,,,,,False,21,2014,GE
1755636,Sunil,IND,22476,451,0.365362648757685,14,21,106,RJ,Sunil,IND,,,,,False,21,2014,GE
1755711,C R Choudhary,BJP,22471,51576,41.3070639115809,1,21,107,RJ,C R Choudhary,BJP,,,,,False,21,2014,GE
1755712,Dr. Jyoti Mirdha,INC,22472,48738,39.0341182123978,2,21,107,RJ,Dr. Jyoti Mirdha,INC,,,,,True,21,2014,GE
1755713,Hanuman Bainiwal,IND,22476,13957,11.178119493833,3,21,107,RJ,Hanuman Bainiwal,IND,,,,,False,21,2014,GE
1755714,Abdul Aziz,BSP,22485,1560,1.24939932724651,4,21,107,RJ,Abdul Aziz,BSP,,,,,False,21,2014,GE
1755715,Chhoturam,IND,22476,1529,1.22457152010251,5,21,107,RJ,Chhoturam,IND,,,,,False,21,2014,GE
1755716,Ayub Khan,SP,22486,1384,1.10844145442896,6,21,107,RJ,Ayub Khan,SP,,,,,False,21,2014,GE
1755717,None Of The Above,NOTA,22479,1294,1.03636072401089,7,21,107,RJ,None Of The Above,NOTA,,,,,False,21,2014,GE
1755718,Hariram,IND,22476,1138,0.91142079128624,8,21,107,RJ,Hariram,IND,,,,,False,21,2014,GE
1755719,Hariram Mehrada,BASD,22523,1131,0.91,9,21,107,RJ,Hariram Mehrada,BASD,,,,,False,21,2014,GE
1755720,Sunil,IND,22476,607,0.486144481819637,10,21,107,RJ,Sunil,IND,,,,,False,21,2014,GE
1755721,Bhanwar Singh Rathore,AITC,22481,561,0.449303219605958,11,21,107,RJ,Bhanwar Singh Rathore,AITC,,,,,False,21,2014,GE
1755722,Nemichand,AVIRP,22651,543,0.434887073522345,12,21,107,RJ,Nemichand,AVIRP,,,,,False,21,2014,GE
1755723,Hanumanram,AAAP,22474,431,0.345186609002082,13,21,107,RJ,Hanumanram,AAAP,,,,,False,21,2014,GE
1755724,Mularam,IND,22476,411,0.329168668909178,14,21,107,RJ,Mularam,IND,,,,,False,21,2014,GE
1755794,C R Choudhary,BJP,22471,40587,33.9603223080334,1,21,108,RJ,C R Choudhary,BJP,,,,,False,21,2014,GE
1755795,Dr. Jyoti Mirdha,INC,22472,39055,32.6784533900077,2,21,108,RJ,Dr. Jyoti Mirdha,INC,,,,,True,21,2014,GE
1755796,Hanuman Bainiwal,IND,22476,25524,21.3566724958791,3,21,108,RJ,Hanuman Bainiwal,IND,,,,,False,21,2014,GE
1755797,Chhoturam,IND,22476,3454,2.89006216896906,4,21,108,RJ,Chhoturam,IND,,,,,False,21,2014,GE
1755798,None Of The Above,NOTA,22479,1868,1.56300988177018,5,21,108,RJ,None Of The Above,NOTA,,,,,False,21,2014,GE
1755799,Abdul Aziz,BSP,22485,1689,1.41323538025152,6,21,108,RJ,Abdul Aziz,BSP,,,,,False,21,2014,GE
1755800,Hariram Mehrada,BASD,22523,1545,1.29,7,21,108,RJ,Hariram Mehrada,BASD,,,,,False,21,2014,GE
1755801,Hariram,IND,22476,1418,1.18648180532661,8,21,108,RJ,Hariram,IND,,,,,False,21,2014,GE
1755802,Ayub Khan,SP,22486,987,0.825851580999556,9,21,108,RJ,Ayub Khan,SP,,,,,False,21,2014,GE
1755803,Sunil,IND,22476,875,0.732137926418046,10,21,108,RJ,Sunil,IND,,,,,False,21,2014,GE
1755804,Bhanwar Singh Rathore,AITC,22481,774,0.647628291482934,11,21,108,RJ,Bhanwar Singh Rathore,AITC,,,,,False,21,2014,GE
1755805,Nemichand,AVIRP,22651,676,0.565628843724113,12,21,108,RJ,Nemichand,AVIRP,,,,,False,21,2014,GE
1755806,Mularam,IND,22476,611,0.511241454904487,13,21,108,RJ,Mularam,IND,,,,,False,21,2014,GE
1755807,Hanumanram,AAAP,22474,450,0.376528076443566,14,21,108,RJ,Hanumanram,AAAP,,,,,False,21,2014,GE
1755873,Dr. Jyoti Mirdha,INC,22472,43954,34.003543163937,1,21,109,RJ,Dr. Jyoti Mirdha,INC,,,,,True,21,2014,GE
1755874,C R Choudhary,BJP,22471,43868,33.9370121380441,2,21,109,RJ,C R Choudhary,BJP,,,,,False,21,2014,GE
1755875,Hanuman Bainiwal,IND,22476,30315,23.4521866272637,3,21,109,RJ,Hanuman Bainiwal,IND,,,,,False,21,2014,GE
1755876,Chhoturam,IND,22476,2420,1.87215212396432,4,21,109,RJ,Chhoturam,IND,,,,,False,21,2014,GE
1755877,None Of The Above,NOTA,22479,1729,1.33758306708029,5,21,109,RJ,None Of The Above,NOTA,,,,,False,21,2014,GE
1755878,Hariram Mehrada,BASD,22523,1459,1.13,6,21,109,RJ,Hariram Mehrada,BASD,,,,,False,21,2014,GE
1755879,Hariram,IND,22476,1177,0.910546714837192,7,21,109,RJ,Hariram,IND,,,,,False,21,2014,GE
1755880,Abdul Aziz,BSP,22485,972,0.75195531590633,8,21,109,RJ,Abdul Aziz,BSP,,,,,False,21,2014,GE
1755881,Ayub Khan,SP,22486,722,0.558551170868694,9,21,109,RJ,Ayub Khan,SP,,,,,False,21,2014,GE
1755882,Sunil,IND,22476,712,0.550815005067188,10,21,109,RJ,Sunil,IND,,,,,False,21,2014,GE
1755883,Bhanwar Singh Rathore,AITC,22481,517,0.399959771937832,11,21,109,RJ,Bhanwar Singh Rathore,AITC,,,,,False,21,2014,GE
1755884,Hanumanram,AAAP,22474,477,0.36901510873181,12,21,109,RJ,Hanumanram,AAAP,,,,,False,21,2014,GE
1755885,Mularam,IND,22476,472,0.365147025831057,13,21,109,RJ,Mularam,IND,,,,,False,21,2014,GE
1755886,Nemichand,AVIRP,22651,469,0.362826176090605,14,21,109,RJ,Nemichand,AVIRP,,,,,False,21,2014,GE
1755963,Hanuman Bainiwal,IND,22476,55355,43.0041951522684,1,21,110,RJ,Hanuman Bainiwal,IND,,,,,False,21,2014,GE
1755964,C R Choudhary,BJP,22471,39099,30.3752330640149,2,21,110,RJ,C R Choudhary,BJP,,,,,False,21,2014,GE
1755965,Dr. Jyoti Mirdha,INC,22472,20221,15.7092914853946,3,21,110,RJ,Dr. Jyoti Mirdha,INC,,,,,True,21,2014,GE
1755966,Chhoturam,IND,22476,3644,2.83095090118085,4,21,110,RJ,Chhoturam,IND,,,,,False,21,2014,GE
1755967,None Of The Above,NOTA,22479,2089,1.62290242386575,5,21,110,RJ,None Of The Above,NOTA,,,,,False,21,2014,GE
1755968,Hariram,IND,22476,1800,1.39838408949658,6,21,110,RJ,Hariram,IND,,,,,False,21,2014,GE
1755969,Abdul Aziz,BSP,22485,1402,1.08918582970789,7,21,110,RJ,Abdul Aziz,BSP,,,,,False,21,2014,GE
1755970,Hariram Mehrada,BASD,22523,1180,0.92,8,21,110,RJ,Hariram Mehrada,BASD,,,,,False,21,2014,GE
1755971,Sunil,IND,22476,1080,0.839030453697949,9,21,110,RJ,Sunil,IND,,,,,False,21,2014,GE
1755972,Bhanwar Singh Rathore,AITC,22481,692,0.537600994406463,10,21,110,RJ,Bhanwar Singh Rathore,AITC,,,,,False,21,2014,GE
1755973,Mularam,IND,22476,674,0.523617153511497,11,21,110,RJ,Mularam,IND,,,,,False,21,2014,GE
1755974,Hanumanram,AAAP,22474,528,0.41019266625233,12,21,110,RJ,Hanumanram,AAAP,,,,,False,21,2014,GE
1755975,Ayub Khan,SP,22486,520,0.403977625854568,13,21,110,RJ,Ayub Khan,SP,,,,,False,21,2014,GE
1755976,Nemichand,AVIRP,22651,436,0.33871970167806,14,21,110,RJ,Nemichand,AVIRP,,,,,False,21,2014,GE
1756045,Hariom Singh Rathore,BJP,22471,88524,67.7187641042509,1,21,111,RJ,Hariom Singh Rathore,BJP,,,,,False,21,2014,GE
1756046,Gopal Singh Shekhawat,INC,22472,33974,25.9893056309907,2,21,111,RJ,Gopal Singh Shekhawat,INC,,,,,True,21,2014,GE
1756047,Neeru Ram,BSP,22485,1802,1.37848733581695,3,21,111,RJ,Neeru Ram,BSP,,,,,False,21,2014,GE
1756048,None Of The Above,NOTA,22479,1253,0.958515333950414,4,21,111,RJ,None Of The Above,NOTA,,,,,False,21,2014,GE
1756049,Idrish Mohammad,JGP,22497,975,0.745851915883203,5,21,111,RJ,Idrish Mohammad,JGP,,,,,False,21,2014,GE
1756050,Gulam Farid,SP,22486,873,0.66782433083696,6,21,111,RJ,Gulam Farid,SP,,,,,False,21,2014,GE
1756051,Bhanwar Lal Mali,IND,22476,782,0.598211485354528,7,21,111,RJ,Bhanwar Lal Mali,IND,,,,,False,21,2014,GE
1756052,Sanjay Choudhary,IND,22476,707,0.54083826105582,8,21,111,RJ,Sanjay Choudhary,IND,,,,,False,21,2014,GE
1756053,Surya Bhavani Singh Chawra,IND,22476,607,0.464340628657543,9,21,111,RJ,Surya Bhavani Singh Chawra,IND,,,,,False,21,2014,GE
1756054,Pradeep Singh Bhatnagar,AAAP,22474,467,0.357243943299954,10,21,111,RJ,Pradeep Singh Bhatnagar,AAAP,,,,,False,21,2014,GE
1756055,Heera Kathat,IND,22476,335,0.256267068534228,11,21,111,RJ,Heera Kathat,IND,,,,,False,21,2014,GE
1756056,Khimaram Salvi,IND,22476,259,0.198128867911538,12,21,111,RJ,Khimaram Salvi,IND,,,,,False,21,2014,GE
1756057,Laxman,JMBP,22482,165,0.126221093457157,13,21,111,RJ,Laxman,JMBP,,,,,False,21,2014,GE
1756130,Hariom Singh Rathore,BJP,22471,68129,60.5946599782983,1,21,112,RJ,Hariom Singh Rathore,BJP,,,,,False,21,2014,GE
1756131,Gopal Singh Shekhawat,INC,22472,26643,23.6965686536101,2,21,112,RJ,Gopal Singh Shekhawat,INC,,,,,True,21,2014,GE
1756132,Sanjay Choudhary,IND,22476,8216,7.307398118007,3,21,112,RJ,Sanjay Choudhary,IND,,,,,False,21,2014,GE
1756133,Neeru Ram,BSP,22485,2227,1.98071757653378,4,21,112,RJ,Neeru Ram,BSP,,,,,False,21,2014,GE
1756134,None Of The Above,NOTA,22479,1705,1.51644520340822,5,21,112,RJ,None Of The Above,NOTA,,,,,False,21,2014,GE
1756135,Idrish Mohammad,JGP,22497,1264,1.124215095078,6,21,112,RJ,Idrish Mohammad,JGP,,,,,False,21,2014,GE
1756136,Surya Bhavani Singh Chawra,IND,22476,1073,0.954337655869221,7,21,112,RJ,Surya Bhavani Singh Chawra,IND,,,,,False,21,2014,GE
1756137,Bhanwar Lal Mali,IND,22476,909,0.808474304925556,8,21,112,RJ,Bhanwar Lal Mali,IND,,,,,False,21,2014,GE
1756138,Pradeep Singh Bhatnagar,AAAP,22474,887,0.788907270042869,9,21,112,RJ,Pradeep Singh Bhatnagar,AAAP,,,,,False,21,2014,GE
1756139,Heera Kathat,IND,22476,534,0.474945301243396,10,21,112,RJ,Heera Kathat,IND,,,,,False,21,2014,GE
1756140,Gulam Farid,SP,22486,355,0.315740790152444,11,21,112,RJ,Gulam Farid,SP,,,,,False,21,2014,GE
1756141,Khimaram Salvi,IND,22476,270,0.240140882651155,12,21,112,RJ,Khimaram Salvi,IND,,,,,False,21,2014,GE
1756142,Laxman,JMBP,22482,222,0.197449170179838,13,21,112,RJ,Laxman,JMBP,,,,,False,21,2014,GE
1756219,C R Choudhary,BJP,22471,54197,39.9379527350169,1,21,113,RJ,C R Choudhary,BJP,,,,,False,21,2014,GE
1756220,Dr. Jyoti Mirdha,INC,22472,52543,38.719114536893,2,21,113,RJ,Dr. Jyoti Mirdha,INC,,,,,True,21,2014,GE
1756221,Hanuman Bainiwal,IND,22476,18155,13.3784809473629,3,21,113,RJ,Hanuman Bainiwal,IND,,,,,False,21,2014,GE
1756222,Abdul Aziz,BSP,22485,1966,1.44875205411818,4,21,113,RJ,Abdul Aziz,BSP,,,,,False,21,2014,GE
1756223,Chhoturam,IND,22476,1497,1.10314436674207,5,21,113,RJ,Chhoturam,IND,,,,,False,21,2014,GE
1756224,Hariram Mehrada,BASD,22523,1356,1.0,6,21,113,RJ,Hariram Mehrada,BASD,,,,,False,21,2014,GE
1756225,None Of The Above,NOTA,22479,1335,0.983766018437322,7,21,113,RJ,None Of The Above,NOTA,,,,,False,21,2014,GE
1756226,Ayub Khan,SP,22486,935,0.689004664598424,8,21,113,RJ,Ayub Khan,SP,,,,,False,21,2014,GE
1756227,Bhanwar Singh Rathore,AITC,22481,846,0.623420263369269,9,21,113,RJ,Bhanwar Singh Rathore,AITC,,,,,False,21,2014,GE
1756228,Hariram,IND,22476,771,0.568152509524476,10,21,113,RJ,Hariram,IND,,,,,False,21,2014,GE
1756229,Sunil,IND,22476,601,0.442878934142944,11,21,113,RJ,Sunil,IND,,,,,False,21,2014,GE
1756230,Nemichand,AVIRP,22651,581,0.428140866450999,12,21,113,RJ,Nemichand,AVIRP,,,,,False,21,2014,GE
1756231,Mularam,IND,22476,488,0.359608851683455,13,21,113,RJ,Mularam,IND,,,,,False,21,2014,GE
1756232,Hanumanram,AAAP,22474,432,0.31834226214601,14,21,113,RJ,Hanumanram,AAAP,,,,,False,21,2014,GE
1756312,C R Choudhary,BJP,22471,54516,47.4543222987265,1,21,114,RJ,C R Choudhary,BJP,,,,,False,21,2014,GE
1756313,Dr. Jyoti Mirdha,INC,22472,41497,36.1217259599063,2,21,114,RJ,Dr. Jyoti Mirdha,INC,,,,,True,21,2014,GE
1756314,Hanuman Bainiwal,IND,22476,7738,6.73566560179664,3,21,114,RJ,Hanuman Bainiwal,IND,,,,,False,21,2014,GE
1756315,Hariram Mehrada,BASD,22523,1777,1.55,4,21,114,RJ,Hariram Mehrada,BASD,,,,,False,21,2014,GE
1756316,Chhoturam,IND,22476,1460,1.27088030222578,5,21,114,RJ,Chhoturam,IND,,,,,False,21,2014,GE
1756317,None Of The Above,NOTA,22479,1437,1.25085958513592,6,21,114,RJ,None Of The Above,NOTA,,,,,False,21,2014,GE
1756318,Abdul Aziz,BSP,22485,1284,1.11767829319034,7,21,114,RJ,Abdul Aziz,BSP,,,,,False,21,2014,GE
1756319,Hariram,IND,22476,1021,0.888745745597618,8,21,114,RJ,Hariram,IND,,,,,False,21,2014,GE
1756320,Ayub Khan,SP,22486,1015,0.883522949835046,9,21,114,RJ,Ayub Khan,SP,,,,,False,21,2014,GE
1756321,Bhanwar Singh Rathore,AITC,22481,833,0.725098145037038,10,21,114,RJ,Bhanwar Singh Rathore,AITC,,,,,False,21,2014,GE
1756322,Nemichand,AVIRP,22651,679,0.591046387131031,11,21,114,RJ,Nemichand,AVIRP,,,,,False,21,2014,GE
1756323,Mularam,IND,22476,636,0.5536163508326,12,21,114,RJ,Mularam,IND,,,,,False,21,2014,GE
1756324,Sunil,IND,22476,522,0.454383231343738,13,21,114,RJ,Sunil,IND,,,,,False,21,2014,GE
1756325,Hanumanram,AAAP,22474,466,0.405637137559735,14,21,114,RJ,Hanumanram,AAAP,,,,,False,21,2014,GE
1756398,C R Choudhary,BJP,22471,70965,57.1151478080306,1,21,115,RJ,C R Choudhary,BJP,,,,,False,21,2014,GE
1756399,Dr. Jyoti Mirdha,INC,22472,41739,33.5930269056491,2,21,115,RJ,Dr. Jyoti Mirdha,INC,,,,,True,21,2014,GE
1756400,Hanuman Bainiwal,IND,22476,3110,2.503038253829,3,21,115,RJ,Hanuman Bainiwal,IND,,,,,False,21,2014,GE
1756401,Hariram Mehrada,BASD,22523,1289,1.04,4,21,115,RJ,Hariram Mehrada,BASD,,,,,False,21,2014,GE
1756402,Abdul Aziz,BSP,22485,1243,1.0004104660802,5,21,115,RJ,Abdul Aziz,BSP,,,,,False,21,2014,GE
1756403,None Of The Above,NOTA,22479,1196,0.962583199864787,6,21,115,RJ,None Of The Above,NOTA,,,,,False,21,2014,GE
1756404,Bhanwar Singh Rathore,AITC,22481,837,0.673647272815072,7,21,115,RJ,Bhanwar Singh Rathore,AITC,,,,,False,21,2014,GE
1756405,Ayub Khan,SP,22486,826,0.664794082849761,8,21,115,RJ,Ayub Khan,SP,,,,,False,21,2014,GE
1756406,Hariram,IND,22476,581,0.46760939725873,9,21,115,RJ,Hariram,IND,,,,,False,21,2014,GE
1756407,Hanumanram,AAAP,22474,563,0.453122359133675,10,21,115,RJ,Hanumanram,AAAP,,,,,False,21,2014,GE
1756408,Mularam,IND,22476,545,0.438635321008619,11,21,115,RJ,Mularam,IND,,,,,False,21,2014,GE
1756409,Chhoturam,IND,22476,500,0.402417725695981,12,21,115,RJ,Chhoturam,IND,,,,,False,21,2014,GE
1756410,Nemichand,AVIRP,22651,453,0.364590459480559,13,21,115,RJ,Nemichand,AVIRP,,,,,False,21,2014,GE
1756411,Sunil,IND,22476,402,0.323543851459569,14,21,115,RJ,Sunil,IND,,,,,False,21,2014,GE
1756490,Hariom Singh Rathore,BJP,22471,87366,66.3144711374245,1,21,116,RJ,Hariom Singh Rathore,BJP,,,,,False,21,2014,GE
1756491,Gopal Singh Shekhawat,INC,22472,33724,25.5979354055182,2,21,116,RJ,Gopal Singh Shekhawat,INC,,,,,True,21,2014,GE
1756492,None Of The Above,NOTA,22479,2370,1.79892975065467,3,21,116,RJ,None Of The Above,NOTA,,,,,False,21,2014,GE
1756493,Neeru Ram,BSP,22485,1792,1.36020342327982,4,21,116,RJ,Neeru Ram,BSP,,,,,False,21,2014,GE
1756494,Idrish Mohammad,JGP,22497,1746,1.32528748719116,5,21,116,RJ,Idrish Mohammad,JGP,,,,,False,21,2014,GE
1756495,Surya Bhavani Singh Chawra,IND,22476,1149,0.872139360127519,6,21,116,RJ,Surya Bhavani Singh Chawra,IND,,,,,False,21,2014,GE
1756496,Bhanwar Lal Mali,IND,22476,950,0.721089984439637,7,21,116,RJ,Bhanwar Lal Mali,IND,,,,,False,21,2014,GE
1756497,Heera Kathat,IND,22476,768,0.58294432426278,8,21,116,RJ,Heera Kathat,IND,,,,,False,21,2014,GE
1756498,Sanjay Choudhary,IND,22476,499,0.37876200235303,9,21,116,RJ,Sanjay Choudhary,IND,,,,,False,21,2014,GE
1756499,Pradeep Singh Bhatnagar,AAAP,22474,492,0.373448707730843,10,21,116,RJ,Pradeep Singh Bhatnagar,AAAP,,,,,False,21,2014,GE
1756500,Gulam Farid,SP,22486,411,0.311966298531253,11,21,116,RJ,Gulam Farid,SP,,,,,False,21,2014,GE
1756501,Khimaram Salvi,IND,22476,327,0.248206763065011,12,21,116,RJ,Khimaram Salvi,IND,,,,,False,21,2014,GE
1756502,Laxman,JMBP,22482,151,0.114615355421458,13,21,116,RJ,Laxman,JMBP,,,,,False,21,2014,GE
1756599,P P Chaudhary,BJP,22471,92079,69.3627118644067,1,21,117,RJ,P P Chaudhary,BJP,,,,,False,21,2014,GE
1756600,Munni Devi Godara,INC,22472,31204,23.5058380414312,2,21,117,RJ,Munni Devi Godara,INC,,,,,True,21,2014,GE
1756601,None Of The Above,NOTA,22479,2867,2.15969868173258,3,21,117,RJ,None Of The Above,NOTA,,,,,False,21,2014,GE
1756602,Bhojraj,BSP,22485,2103,1.58418079096045,4,21,117,RJ,Bhojraj,BSP,,,,,False,21,2014,GE
1756603,Jagdish,BMUP,22478,821,0.618455743879472,5,21,117,RJ,Jagdish,BMUP,,,,,False,21,2014,GE
1756604,Sher Singh Safa,IND,22476,758,0.570998116760828,6,21,117,RJ,Sher Singh Safa,IND,,,,,False,21,2014,GE
1756605,Dr. Ramlal Mohbarsha,IND,22476,704,0.530320150659133,7,21,117,RJ,Dr. Ramlal Mohbarsha,IND,,,,,False,21,2014,GE
1756606,Mahesh Bhandari,AAAP,22474,567,0.427118644067796,8,21,117,RJ,Mahesh Bhandari,AAAP,,,,,False,21,2014,GE
1756607,Om Prakash Mali,IND,22476,482,0.363088512241054,9,21,117,RJ,Om Prakash Mali,IND,,,,,False,21,2014,GE
1756608,Kanhaiya Lal Pareek,IND,22476,266,0.200376647834274,10,21,117,RJ,Kanhaiya Lal Pareek,IND,,,,,False,21,2014,GE
1756609,Shobharam Mali,JMBP,22482,255,0.192090395480225,11,21,117,RJ,Shobharam Mali,JMBP,,,,,False,21,2014,GE
1756610,Udaram,IND,22476,251,0.189077212806026,12,21,117,RJ,Udaram,IND,,,,,False,21,2014,GE
1756611,Dinesh Mev,IND,22476,250,0.188323917137476,13,21,117,RJ,Dinesh Mev,IND,,,,,False,21,2014,GE
1756612,Dev Kishan Dehiya,MEDP,22506,143,0.107721280602636,14,21,117,RJ,Dev Kishan Dehiya,MEDP,,,,,False,21,2014,GE
1756704,P P Chaudhary,BJP,22471,95487,65.4742558574866,1,21,118,RJ,P P Chaudhary,BJP,,,,,False,21,2014,GE
1756705,Munni Devi Godara,INC,22472,43030,29.5051392288756,2,21,118,RJ,Munni Devi Godara,INC,,,,,True,21,2014,GE
1756706,None Of The Above,NOTA,22479,1849,1.26783644978366,3,21,118,RJ,None Of The Above,NOTA,,,,,False,21,2014,GE
1756707,Mahesh Bhandari,AAAP,22474,1400,0.959962698592283,4,21,118,RJ,Mahesh Bhandari,AAAP,,,,,False,21,2014,GE
1756708,Bhojraj,BSP,22485,1160,0.795397664547891,5,21,118,RJ,Bhojraj,BSP,,,,,False,21,2014,GE
1756709,Jagdish,BMUP,22478,730,0.50055197855169,6,21,118,RJ,Jagdish,BMUP,,,,,False,21,2014,GE
1756710,Dr. Ramlal Mohbarsha,IND,22476,470,0.322273191670266,7,21,118,RJ,Dr. Ramlal Mohbarsha,IND,,,,,False,21,2014,GE
1756711,Sher Singh Safa,IND,22476,378,0.259189928619916,8,21,118,RJ,Sher Singh Safa,IND,,,,,False,21,2014,GE
1756712,Udaram,IND,22476,309,0.211877481332153,9,21,118,RJ,Udaram,IND,,,,,False,21,2014,GE
1756713,Om Prakash Mali,IND,22476,255,0.174850348672165,10,21,118,RJ,Om Prakash Mali,IND,,,,,False,21,2014,GE
1756714,Shobharam Mali,JMBP,22482,250,0.171421910462907,11,21,118,RJ,Shobharam Mali,JMBP,,,,,False,21,2014,GE
1756715,Dinesh Mev,IND,22476,209,0.14330871714699,12,21,118,RJ,Dinesh Mev,IND,,,,,False,21,2014,GE
1756716,Kanhaiya Lal Pareek,IND,22476,169,0.115881211472925,13,21,118,RJ,Kanhaiya Lal Pareek,IND,,,,,False,21,2014,GE
1756717,Dev Kishan Dehiya,MEDP,22506,143,0.0980533327847832,14,21,118,RJ,Dev Kishan Dehiya,MEDP,,,,,False,21,2014,GE
1756787,P P Chaudhary,BJP,22471,86672,67.190201170588,1,21,119,RJ,P P Chaudhary,BJP,,,,,False,21,2014,GE
1756788,Munni Devi Godara,INC,22472,33204,25.7405325787821,2,21,119,RJ,Munni Devi Godara,INC,,,,,True,21,2014,GE
1756789,None Of The Above,NOTA,22479,2615,2.02721035699058,3,21,119,RJ,None Of The Above,NOTA,,,,,False,21,2014,GE
1756790,Bhojraj,BSP,22485,2070,1.60471336098298,4,21,119,RJ,Bhojraj,BSP,,,,,False,21,2014,GE
1756791,Jagdish,BMUP,22478,801,0.620954300554285,5,21,119,RJ,Jagdish,BMUP,,,,,False,21,2014,GE
1756792,Dr. Ramlal Mohbarsha,IND,22476,753,0.583743555951781,6,21,119,RJ,Dr. Ramlal Mohbarsha,IND,,,,,False,21,2014,GE
1756793,Sher Singh Safa,IND,22476,712,0.551959378270475,7,21,119,RJ,Sher Singh Safa,IND,,,,,False,21,2014,GE
1756794,Mahesh Bhandari,AAAP,22474,447,0.346525059110818,8,21,119,RJ,Mahesh Bhandari,AAAP,,,,,False,21,2014,GE
1756795,Om Prakash Mali,IND,22476,435,0.337222372960192,9,21,119,RJ,Om Prakash Mali,IND,,,,,False,21,2014,GE
1756796,Shobharam Mali,JMBP,22482,309,0.239544168378619,10,21,119,RJ,Shobharam Mali,JMBP,,,,,False,21,2014,GE
1756797,Udaram,IND,22476,308,0.238768944532733,11,21,119,RJ,Udaram,IND,,,,,False,21,2014,GE
1756798,Dinesh Mev,IND,22476,289,0.224039691460909,12,21,119,RJ,Dinesh Mev,IND,,,,,False,21,2014,GE
1756799,Kanhaiya Lal Pareek,IND,22476,233,0.180627156091321,13,21,119,RJ,Kanhaiya Lal Pareek,IND,,,,,False,21,2014,GE
1756800,Dev Kishan Dehiya,MEDP,22506,147,0.113957905345168,14,21,119,RJ,Dev Kishan Dehiya,MEDP,,,,,False,21,2014,GE
1756885,P P Chaudhary,BJP,22471,91974,60.0375993837878,1,21,120,RJ,P P Chaudhary,BJP,,,,,False,21,2014,GE
1756886,Munni Devi Godara,INC,22472,50405,32.9027246497904,2,21,120,RJ,Munni Devi Godara,INC,,,,,True,21,2014,GE
1756887,None Of The Above,NOTA,22479,2819,1.84015039753515,3,21,120,RJ,None Of The Above,NOTA,,,,,False,21,2014,GE
1756888,Bhojraj,BSP,22485,2014,1.31467289841638,4,21,120,RJ,Bhojraj,BSP,,,,,False,21,2014,GE
1756889,Jagdish,BMUP,22478,1318,0.860347010979542,5,21,120,RJ,Jagdish,BMUP,,,,,False,21,2014,GE
1756890,Dr. Ramlal Mohbarsha,IND,22476,1092,0.712821650978497,6,21,120,RJ,Dr. Ramlal Mohbarsha,IND,,,,,False,21,2014,GE
1756891,Sher Singh Safa,IND,22476,790,0.515685992924004,7,21,120,RJ,Sher Singh Safa,IND,,,,,False,21,2014,GE
1756892,Mahesh Bhandari,AAAP,22474,601,0.392313014870034,8,21,120,RJ,Mahesh Bhandari,AAAP,,,,,False,21,2014,GE
1756893,Shobharam Mali,JMBP,22482,489,0.319203101949162,9,21,120,RJ,Shobharam Mali,JMBP,,,,,False,21,2014,GE
1756894,Om Prakash Mali,IND,22476,464,0.302883924957896,10,21,120,RJ,Om Prakash Mali,IND,,,,,False,21,2014,GE
1756895,Dinesh Mev,IND,22476,402,0.262412366019556,11,21,120,RJ,Dinesh Mev,IND,,,,,False,21,2014,GE
1756896,Kanhaiya Lal Pareek,IND,22476,297,0.193871822656239,12,21,120,RJ,Kanhaiya Lal Pareek,IND,,,,,False,21,2014,GE
1756897,Udaram,IND,22476,294,0.191913521417287,13,21,120,RJ,Udaram,IND,,,,,False,21,2014,GE
1756898,Dev Kishan Dehiya,MEDP,22506,235,0.1534002637179,14,21,120,RJ,Dev Kishan Dehiya,MEDP,,,,,False,21,2014,GE
1756980,P P Chaudhary,BJP,22471,91580,63.9712764917084,1,21,121,RJ,P P Chaudhary,BJP,,,,,False,21,2014,GE
1756981,Munni Devi Godara,INC,22472,42565,29.732882549351,2,21,121,RJ,Munni Devi Godara,INC,,,,,True,21,2014,GE
1756982,None Of The Above,NOTA,22479,2315,1.61709439919529,3,21,121,RJ,None Of The Above,NOTA,,,,,False,21,2014,GE
1756983,Bhojraj,BSP,22485,1634,1.1413962195616,4,21,121,RJ,Bhojraj,BSP,,,,,False,21,2014,GE
1756984,Jagdish,BMUP,22478,895,0.625183363835761,5,21,121,RJ,Jagdish,BMUP,,,,,False,21,2014,GE
1756985,Dr. Ramlal Mohbarsha,IND,22476,705,0.492462873189063,6,21,121,RJ,Dr. Ramlal Mohbarsha,IND,,,,,False,21,2014,GE
1756986,Mahesh Bhandari,AAAP,22474,636,0.444264379217368,7,21,121,RJ,Mahesh Bhandari,AAAP,,,,,False,21,2014,GE
1756987,Sher Singh Safa,IND,22476,623,0.435183503541541,8,21,121,RJ,Sher Singh Safa,IND,,,,,False,21,2014,GE
1756988,Om Prakash Mali,IND,22476,550,0.384190893977283,9,21,121,RJ,Om Prakash Mali,IND,,,,,False,21,2014,GE
1756989,Shobharam Mali,JMBP,22482,474,0.331102697718604,10,21,121,RJ,Shobharam Mali,JMBP,,,,,False,21,2014,GE
1756990,Udaram,IND,22476,335,0.234007180877072,11,21,121,RJ,Udaram,IND,,,,,False,21,2014,GE
1756991,Kanhaiya Lal Pareek,IND,22476,324,0.226323362997527,12,21,121,RJ,Kanhaiya Lal Pareek,IND,,,,,False,21,2014,GE
1756992,Dinesh Mev,IND,22476,323,0.225624834099386,13,21,121,RJ,Dinesh Mev,IND,,,,,False,21,2014,GE
1756993,Dev Kishan Dehiya,MEDP,22506,199,0.139007250729962,14,21,121,RJ,Dev Kishan Dehiya,MEDP,,,,,False,21,2014,GE
1757084,Gajendrasingh Shekhawat,BJP,22471,76318,62.5998654789441,1,21,122,RJ,Gajendrasingh Shekhawat,BJP,,,,,False,21,2014,GE
1757085,Chandresh Kumari,INC,22472,38148,31.2909099857276,2,21,122,RJ,Chandresh Kumari,INC,,,,,True,21,2014,GE
1757086,None Of The Above,NOTA,22479,1901,1.55929589710779,3,21,122,RJ,None Of The Above,NOTA,,,,,False,21,2014,GE
1757087,Goparam Meghwal,BSP,22485,1615,1.32470429975228,4,21,122,RJ,Goparam Meghwal,BSP,,,,,False,21,2014,GE
1757088,Dhanraj Gehlot,JMBP,22482,1088,0.892432370359433,5,21,122,RJ,Dhanraj Gehlot,JMBP,,,,,False,21,2014,GE
1757089,Rugha Ram Choudhary Advocate,IND,22476,794,0.651278770280689,6,21,122,RJ,Rugha Ram Choudhary Advocate,IND,,,,,False,21,2014,GE
1757090,Sohan Lal Goyal,IND,22476,507,0.415866922584772,7,21,122,RJ,Sohan Lal Goyal,IND,,,,,False,21,2014,GE
1757091,Vigyan Modi,AAAP,22474,430,0.352707646373673,8,21,122,RJ,Vigyan Modi,AAAP,,,,,False,21,2014,GE
1757092,Mehmooda Begum Abbasi,IND,22476,356,0.292009121183785,9,21,122,RJ,Mehmooda Begum Abbasi,IND,,,,,False,21,2014,GE
1757093,Ram Dayal,IND,22476,332,0.272323113014091,10,21,122,RJ,Ram Dayal,IND,,,,,False,21,2014,GE
1757094,Ravi Garg,BNNP,22535,154,0.126318552422199,11,21,122,RJ,Ravi Garg,BNNP,,,,,False,21,2014,GE
1757095,Dungar Mal Puniya,IND,22476,114,0.0935085388060436,12,21,122,RJ,Dungar Mal Puniya,IND,,,,,False,21,2014,GE
1757096,Jetharam Meghwal,IND,22476,80,0.0656200272323113,13,21,122,RJ,Jetharam Meghwal,IND,,,,,False,21,2014,GE
1757097,Jayda,IND,22476,77,0.0631592762110996,14,21,122,RJ,Jayda,IND,,,,,False,21,2014,GE
1757174,Gajendrasingh Shekhawat,BJP,22471,70318,62.0783417054373,1,21,123,RJ,Gajendrasingh Shekhawat,BJP,,,,,False,21,2014,GE
1757175,Chandresh Kumari,INC,22472,34438,30.4026555313269,2,21,123,RJ,Chandresh Kumari,INC,,,,,True,21,2014,GE
1757176,None Of The Above,NOTA,22479,1971,1.74004396458114,3,21,123,RJ,None Of The Above,NOTA,,,,,False,21,2014,GE
1757177,Goparam Meghwal,BSP,22485,1953,1.72415315211921,4,21,123,RJ,Goparam Meghwal,BSP,,,,,False,21,2014,GE
1757178,Dhanraj Gehlot,JMBP,22482,1286,1.13531026811331,5,21,123,RJ,Dhanraj Gehlot,JMBP,,,,,False,21,2014,GE
1757179,Rugha Ram Choudhary Advocate,IND,22476,739,0.65240613385361,6,21,123,RJ,Rugha Ram Choudhary Advocate,IND,,,,,False,21,2014,GE
1757180,Sohan Lal Goyal,IND,22476,603,0.532342217474596,7,21,123,RJ,Sohan Lal Goyal,IND,,,,,False,21,2014,GE
1757181,Mehmooda Begum Abbasi,IND,22476,453,0.399918780291861,8,21,123,RJ,Mehmooda Begum Abbasi,IND,,,,,False,21,2014,GE
1757182,Ram Dayal,IND,22476,440,0.38844208240269,9,21,123,RJ,Ram Dayal,IND,,,,,False,21,2014,GE
1757183,Vigyan Modi,AAAP,22474,399,0.352246342906076,10,21,123,RJ,Vigyan Modi,AAAP,,,,,False,21,2014,GE
1757184,Ravi Garg,BNNP,22535,231,0.203932093261412,11,21,123,RJ,Ravi Garg,BNNP,,,,,False,21,2014,GE
1757185,Dungar Mal Puniya,IND,22476,179,0.158025301704731,12,21,123,RJ,Dungar Mal Puniya,IND,,,,,False,21,2014,GE
1757186,Jayda,IND,22476,137,0.120946739293565,13,21,123,RJ,Jayda,IND,,,,,False,21,2014,GE
1757187,Jetharam Meghwal,IND,22476,126,0.111235687233497,14,21,123,RJ,Jetharam Meghwal,IND,,,,,False,21,2014,GE
1757261,Gajendrasingh Shekhawat,BJP,22471,82660,63.7695470711216,1,21,124,RJ,Gajendrasingh Shekhawat,BJP,,,,,False,21,2014,GE
1757262,Chandresh Kumari,INC,22472,34754,26.8115997932465,2,21,124,RJ,Chandresh Kumari,INC,,,,,True,21,2014,GE
1757263,Goparam Meghwal,BSP,22485,3843,2.96475162586886,3,21,124,RJ,Goparam Meghwal,BSP,,,,,False,21,2014,GE
1757264,None Of The Above,NOTA,22479,3303,2.54815889155473,4,21,124,RJ,None Of The Above,NOTA,,,,,False,21,2014,GE
1757265,Dhanraj Gehlot,JMBP,22482,1317,1.01602339091056,5,21,124,RJ,Dhanraj Gehlot,JMBP,,,,,False,21,2014,GE
1757266,Rugha Ram Choudhary Advocate,IND,22476,960,0.740609305447335,6,21,124,RJ,Rugha Ram Choudhary Advocate,IND,,,,,False,21,2014,GE
1757267,Sohan Lal Goyal,IND,22476,959,0.739837837420828,7,21,124,RJ,Sohan Lal Goyal,IND,,,,,False,21,2014,GE
1757268,Ram Dayal,IND,22476,428,0.33018831534527,8,21,124,RJ,Ram Dayal,IND,,,,,False,21,2014,GE
1757269,Mehmooda Begum Abbasi,IND,22476,417,0.321702167053686,9,21,124,RJ,Mehmooda Begum Abbasi,IND,,,,,False,21,2014,GE
1757270,Vigyan Modi,AAAP,22474,279,0.215239579395631,10,21,124,RJ,Vigyan Modi,AAAP,,,,,False,21,2014,GE
1757271,Jetharam Meghwal,IND,22476,271,0.20906783518357,11,21,124,RJ,Jetharam Meghwal,IND,,,,,False,21,2014,GE
1757272,Ravi Garg,BNNP,22535,190,0.146578925036451,12,21,124,RJ,Ravi Garg,BNNP,,,,,False,21,2014,GE
1757273,Dungar Mal Puniya,IND,22476,155,0.119577544108684,13,21,124,RJ,Dungar Mal Puniya,IND,,,,,False,21,2014,GE
1757274,Jayda,IND,22476,87,0.0671177183061648,14,21,124,RJ,Jayda,IND,,,,,False,21,2014,GE
1757350,P P Chaudhary,BJP,22471,69213,63.1943683576202,1,21,125,RJ,P P Chaudhary,BJP,,,,,False,21,2014,GE
1757351,Munni Devi Godara,INC,22472,31784,29.0201234432635,2,21,125,RJ,Munni Devi Godara,INC,,,,,True,21,2014,GE
1757352,Bhojraj,BSP,22485,2344,2.14017019100836,3,21,125,RJ,Bhojraj,BSP,,,,,False,21,2014,GE
1757353,None Of The Above,NOTA,22479,1797,1.64073627698038,4,21,125,RJ,None Of The Above,NOTA,,,,,False,21,2014,GE
1757354,Jagdish,BMUP,22478,1034,0.944085314634235,5,21,125,RJ,Jagdish,BMUP,,,,,False,21,2014,GE
1757355,Dr. Ramlal Mohbarsha,IND,22476,824,0.75234651765823,6,21,125,RJ,Dr. Ramlal Mohbarsha,IND,,,,,False,21,2014,GE
1757356,Sher Singh Safa,IND,22476,708,0.646433658376246,7,21,125,RJ,Sher Singh Safa,IND,,,,,False,21,2014,GE
1757357,Om Prakash Mali,IND,22476,374,0.341477666995361,8,21,125,RJ,Om Prakash Mali,IND,,,,,False,21,2014,GE
1757358,Mahesh Bhandari,AAAP,22474,358,0.32686899674957,9,21,125,RJ,Mahesh Bhandari,AAAP,,,,,False,21,2014,GE
1757359,Dinesh Mev,IND,22476,296,0.270260399547131,10,21,125,RJ,Dinesh Mev,IND,,,,,False,21,2014,GE
1757360,Shobharam Mali,JMBP,22482,267,0.243782184726635,11,21,125,RJ,Shobharam Mali,JMBP,,,,,False,21,2014,GE
1757361,Kanhaiya Lal Pareek,IND,22476,207,0.188999671304919,12,21,125,RJ,Kanhaiya Lal Pareek,IND,,,,,False,21,2014,GE
1757362,Udaram,IND,22476,181,0.165260582155509,13,21,125,RJ,Udaram,IND,,,,,False,21,2014,GE
1757363,Dev Kishan Dehiya,MEDP,22506,137,0.125086738979584,14,21,125,RJ,Dev Kishan Dehiya,MEDP,,,,,False,21,2014,GE
1757432,P P Chaudhary,BJP,22471,82975,62.4985877089249,1,21,126,RJ,P P Chaudhary,BJP,,,,,False,21,2014,GE
1757433,Munni Devi Godara,INC,22472,40709,30.6629106000918,2,21,126,RJ,Munni Devi Godara,INC,,,,,True,21,2014,GE
1757434,Bhojraj,BSP,22485,2882,2.1707855351265,3,21,126,RJ,Bhojraj,BSP,,,,,False,21,2014,GE
1757435,None Of The Above,NOTA,22479,1816,1.36785098257797,4,21,126,RJ,None Of The Above,NOTA,,,,,False,21,2014,GE
1757436,Jagdish,BMUP,22478,914,0.688444822729224,5,21,126,RJ,Jagdish,BMUP,,,,,False,21,2014,GE
1757437,Dr. Ramlal Mohbarsha,IND,22476,702,0.528761778507566,6,21,126,RJ,Dr. Ramlal Mohbarsha,IND,,,,,False,21,2014,GE
1757438,Sher Singh Safa,IND,22476,558,0.420297823941911,7,21,126,RJ,Sher Singh Safa,IND,,,,,False,21,2014,GE
1757439,Mahesh Bhandari,AAAP,22474,469,0.353261074245083,8,21,126,RJ,Mahesh Bhandari,AAAP,,,,,False,21,2014,GE
1757440,Om Prakash Mali,IND,22476,447,0.336690192297552,9,21,126,RJ,Om Prakash Mali,IND,,,,,False,21,2014,GE
1757441,Shobharam Mali,JMBP,22482,435,0.327651529417081,10,21,126,RJ,Shobharam Mali,JMBP,,,,,False,21,2014,GE
1757442,Dinesh Mev,IND,22476,293,0.220694018664838,11,21,126,RJ,Dinesh Mev,IND,,,,,False,21,2014,GE
1757443,Kanhaiya Lal Pareek,IND,22476,223,0.167968485195423,12,21,126,RJ,Kanhaiya Lal Pareek,IND,,,,,False,21,2014,GE
1757444,Udaram,IND,22476,186,0.140099274647303,13,21,126,RJ,Udaram,IND,,,,,False,21,2014,GE
1757445,Dev Kishan Dehiya,MEDP,22506,154,0.115996173632713,14,21,126,RJ,Dev Kishan Dehiya,MEDP,,,,,False,21,2014,GE
1757514,Gajendrasingh Shekhawat,BJP,22471,91097,65.3451355364431,1,21,127,RJ,Gajendrasingh Shekhawat,BJP,,,,,False,21,2014,GE
1757515,Chandresh Kumari,INC,22472,42987,30.8351684611466,2,21,127,RJ,Chandresh Kumari,INC,,,,,True,21,2014,GE
1757516,Vigyan Modi,AAAP,22474,1732,1.2423875072628,3,21,127,RJ,Vigyan Modi,AAAP,,,,,False,21,2014,GE
1757517,None Of The Above,NOTA,22479,1337,0.959048554971343,4,21,127,RJ,None Of The Above,NOTA,,,,,False,21,2014,GE
1757518,Goparam Meghwal,BSP,22485,588,0.421780516322475,5,21,127,RJ,Goparam Meghwal,BSP,,,,,False,21,2014,GE
1757519,Dhanraj Gehlot,JMBP,22482,507,0.363678098257644,6,21,127,RJ,Dhanraj Gehlot,JMBP,,,,,False,21,2014,GE
1757520,Rugha Ram Choudhary Advocate,IND,22476,314,0.225236534226628,7,21,127,RJ,Rugha Ram Choudhary Advocate,IND,,,,,False,21,2014,GE
1757521,Sohan Lal Goyal,IND,22476,183,0.131268425998321,8,21,127,RJ,Sohan Lal Goyal,IND,,,,,False,21,2014,GE
1757522,Dungar Mal Puniya,IND,22476,157,0.112618267113314,9,21,127,RJ,Dungar Mal Puniya,IND,,,,,False,21,2014,GE
1757523,Ravi Garg,BNNP,22535,134,0.0961200496381151,10,21,127,RJ,Ravi Garg,BNNP,,,,,False,21,2014,GE
1757524,Mehmooda Begum Abbasi,IND,22476,129,0.0925334806217676,11,21,127,RJ,Mehmooda Begum Abbasi,IND,,,,,False,21,2014,GE
1757525,Ram Dayal,IND,22476,113,0.0810564597694553,12,21,127,RJ,Ram Dayal,IND,,,,,False,21,2014,GE
1757526,Jayda,IND,22476,91,0.0652755560975259,13,21,127,RJ,Jayda,IND,,,,,False,21,2014,GE
1757527,Jetharam Meghwal,IND,22476,40,0.0286925521307806,14,21,127,RJ,Jetharam Meghwal,IND,,,,,False,21,2014,GE
1757623,Gajendrasingh Shekhawat,BJP,22471,85455,68.3159056024558,1,21,128,RJ,Gajendrasingh Shekhawat,BJP,,,,,False,21,2014,GE
1757624,Chandresh Kumari,INC,22472,35218,28.1545791762599,2,21,128,RJ,Chandresh Kumari,INC,,,,,True,21,2014,GE
1757625,Vigyan Modi,AAAP,22474,2102,1.68041698644154,3,21,128,RJ,Vigyan Modi,AAAP,,,,,False,21,2014,GE
1757626,None Of The Above,NOTA,22479,1060,0.847403427986697,4,21,128,RJ,None Of The Above,NOTA,,,,,False,21,2014,GE
1757627,Goparam Meghwal,BSP,22485,372,0.297390636991557,5,21,128,RJ,Goparam Meghwal,BSP,,,,,False,21,2014,GE
1757628,Dhanraj Gehlot,JMBP,22482,293,0.234235098490662,6,21,128,RJ,Dhanraj Gehlot,JMBP,,,,,False,21,2014,GE
1757629,Rugha Ram Choudhary Advocate,IND,22476,158,0.12631107700179,7,21,128,RJ,Rugha Ram Choudhary Advocate,IND,,,,,False,21,2014,GE
1757630,Sohan Lal Goyal,IND,22476,109,0.0871386543873113,8,21,128,RJ,Sohan Lal Goyal,IND,,,,,False,21,2014,GE
1757631,Ram Dayal,IND,22476,77,0.0615566641084676,9,21,128,RJ,Ram Dayal,IND,,,,,False,21,2014,GE
1757632,Mehmooda Begum Abbasi,IND,22476,75,0.0599577897160399,10,21,128,RJ,Mehmooda Begum Abbasi,IND,,,,,False,21,2014,GE
1757633,Jayda,IND,22476,53,0.0423701713993348,11,21,128,RJ,Jayda,IND,,,,,False,21,2014,GE
1757634,Dungar Mal Puniya,IND,22476,46,0.0367741110258378,12,21,128,RJ,Dungar Mal Puniya,IND,,,,,False,21,2014,GE
1757635,Ravi Garg,BNNP,22535,39,0.0311780506523407,13,21,128,RJ,Ravi Garg,BNNP,,,,,False,21,2014,GE
1757636,Jetharam Meghwal,IND,22476,31,0.0247825530826298,14,21,128,RJ,Jetharam Meghwal,IND,,,,,False,21,2014,GE
1757738,Gajendrasingh Shekhawat,BJP,22471,109493,67.8021413223191,1,21,129,RJ,Gajendrasingh Shekhawat,BJP,,,,,False,21,2014,GE
1757739,Chandresh Kumari,INC,22472,45279,28.0384422468403,2,21,129,RJ,Chandresh Kumari,INC,,,,,True,21,2014,GE
1757740,Vigyan Modi,AAAP,22474,2108,1.30535206732347,3,21,129,RJ,Vigyan Modi,AAAP,,,,,False,21,2014,GE
1757741,None Of The Above,NOTA,22479,1649,1.02112218169658,4,21,129,RJ,None Of The Above,NOTA,,,,,False,21,2014,GE
1757742,Goparam Meghwal,BSP,22485,1176,0.728222974939469,5,21,129,RJ,Goparam Meghwal,BSP,,,,,False,21,2014,GE
1757743,Dhanraj Gehlot,JMBP,22482,553,0.342438184644155,6,21,129,RJ,Dhanraj Gehlot,JMBP,,,,,False,21,2014,GE
1757744,Rugha Ram Choudhary Advocate,IND,22476,298,0.184532692629219,7,21,129,RJ,Rugha Ram Choudhary Advocate,IND,,,,,False,21,2014,GE
1757745,Sohan Lal Goyal,IND,22476,277,0.171528710933871,8,21,129,RJ,Sohan Lal Goyal,IND,,,,,False,21,2014,GE
1757746,Mehmooda Begum Abbasi,IND,22476,247,0.152951594226232,9,21,129,RJ,Mehmooda Begum Abbasi,IND,,,,,False,21,2014,GE
1757747,Ram Dayal,IND,22476,140,0.0866932113023178,10,21,129,RJ,Ram Dayal,IND,,,,,False,21,2014,GE
1757748,Ravi Garg,BNNP,22535,79,0.0489197406634507,11,21,129,RJ,Ravi Garg,BNNP,,,,,False,21,2014,GE
1757749,Dungar Mal Puniya,IND,22476,78,0.0483005034398627,12,21,129,RJ,Dungar Mal Puniya,IND,,,,,False,21,2014,GE
1757750,Jayda,IND,22476,66,0.0408696567568069,13,21,129,RJ,Jayda,IND,,,,,False,21,2014,GE
1757751,Jetharam Meghwal,IND,22476,46,0.0284849122850472,14,21,129,RJ,Jetharam Meghwal,IND,,,,,False,21,2014,GE
1757867,Gajendrasingh Shekhawat,BJP,22471,120279,72.8129597007064,1,21,130,RJ,Gajendrasingh Shekhawat,BJP,,,,,False,21,2014,GE
1757868,Chandresh Kumari,INC,22472,36543,22.1219330584966,2,21,130,RJ,Chandresh Kumari,INC,,,,,True,21,2014,GE
1757869,Goparam Meghwal,BSP,22485,2187,1.32393803461489,3,21,130,RJ,Goparam Meghwal,BSP,,,,,False,21,2014,GE
1757870,None Of The Above,NOTA,22479,1908,1.15504058986978,4,21,130,RJ,None Of The Above,NOTA,,,,,False,21,2014,GE
1757871,Vigyan Modi,AAAP,22474,1047,0.633819443183262,5,21,130,RJ,Vigyan Modi,AAAP,,,,,False,21,2014,GE
1757872,Dhanraj Gehlot,JMBP,22482,823,0.498217193638801,6,21,130,RJ,Dhanraj Gehlot,JMBP,,,,,False,21,2014,GE
1757873,Rugha Ram Choudhary Advocate,IND,22476,544,0.329319748893691,7,21,130,RJ,Rugha Ram Choudhary Advocate,IND,,,,,False,21,2014,GE
1757874,Sohan Lal Goyal,IND,22476,501,0.303288959918638,8,21,130,RJ,Sohan Lal Goyal,IND,,,,,False,21,2014,GE
1757875,Mehmooda Begum Abbasi,IND,22476,495,0.29965675680584,9,21,130,RJ,Mehmooda Begum Abbasi,IND,,,,,False,21,2014,GE
1757876,Ram Dayal,IND,22476,334,0.202192639945759,10,21,130,RJ,Ram Dayal,IND,,,,,False,21,2014,GE
1757877,Dungar Mal Puniya,IND,22476,165,0.0998855856019468,11,21,130,RJ,Dungar Mal Puniya,IND,,,,,False,21,2014,GE
1757878,Ravi Garg,BNNP,22535,161,0.0974641168600814,12,21,130,RJ,Ravi Garg,BNNP,,,,,False,21,2014,GE
1757879,Jetharam Meghwal,IND,22476,109,0.0659850232158315,13,21,130,RJ,Jetharam Meghwal,IND,,,,,False,21,2014,GE
1757880,Jayda,IND,22476,93,0.05629914824837,14,21,130,RJ,Jayda,IND,,,,,False,21,2014,GE
1757962,P P Chaudhary,BJP,22471,98035,67.99816886657,1,21,131,RJ,P P Chaudhary,BJP,,,,,False,21,2014,GE
1757963,Munni Devi Godara,INC,22472,38605,26.7768583576675,2,21,131,RJ,Munni Devi Godara,INC,,,,,True,21,2014,GE
1757964,Bhojraj,BSP,22485,2201,1.52663813612812,3,21,131,RJ,Bhojraj,BSP,,,,,False,21,2014,GE
1757965,None Of The Above,NOTA,22479,1607,1.11463311438341,4,21,131,RJ,None Of The Above,NOTA,,,,,False,21,2014,GE
1757966,Jagdish,BMUP,22478,667,0.46263863552815,5,21,131,RJ,Jagdish,BMUP,,,,,False,21,2014,GE
1757967,Sher Singh Safa,IND,22476,648,0.449460023721501,6,21,131,RJ,Sher Singh Safa,IND,,,,,False,21,2014,GE
1757968,Dr. Ramlal Mohbarsha,IND,22476,534,0.370388352881607,7,21,131,RJ,Dr. Ramlal Mohbarsha,IND,,,,,False,21,2014,GE
1757969,Mahesh Bhandari,AAAP,22474,498,0.345418351563746,8,21,131,RJ,Mahesh Bhandari,AAAP,,,,,False,21,2014,GE
1757970,Shobharam Mali,JMBP,22482,343,0.237908623667399,9,21,131,RJ,Shobharam Mali,JMBP,,,,,False,21,2014,GE
1757971,Om Prakash Mali,IND,22476,295,0.204615288576918,10,21,131,RJ,Om Prakash Mali,IND,,,,,False,21,2014,GE
1757972,Dinesh Mev,IND,22476,293,0.203228066281481,11,21,131,RJ,Dinesh Mev,IND,,,,,False,21,2014,GE
1757973,Udaram,IND,22476,183,0.126930840032461,12,21,131,RJ,Udaram,IND,,,,,False,21,2014,GE
1757974,Kanhaiya Lal Pareek,IND,22476,165,0.11444583937353,13,21,131,RJ,Kanhaiya Lal Pareek,IND,,,,,False,21,2014,GE
1757975,Dev Kishan Dehiya,MEDP,22506,99,0.0686675036241182,14,21,131,RJ,Dev Kishan Dehiya,MEDP,,,,,False,21,2014,GE
1758042,Jaswant Singh,IND,22476,64266,42.5726701820397,1,21,132,RJ,Jaswant Singh,IND,,,,,False,21,2014,GE
1758043,Col. Sona Ram,BJP,22471,43506,28.8203185034049,2,21,132,RJ,Col. Sona Ram,BJP,,,,,False,21,2014,GE
1758044,Harish Choudhary,INC,22472,33083,21.9156575425951,3,21,132,RJ,Harish Choudhary,INC,,,,,True,21,2014,GE
1758045,Mangilal Gaur,AAAP,22474,1683,1.11489440631707,4,21,132,RJ,Mangilal Gaur,AAAP,,,,,False,21,2014,GE
1758046,None Of The Above,NOTA,22479,1473,0.975781022284639,5,21,132,RJ,None Of The Above,NOTA,,,,,False,21,2014,GE
1758047,Malam Singh,BSP,22485,1396,0.924772781472747,6,21,132,RJ,Malam Singh,BSP,,,,,False,21,2014,GE
1758048,Khet Singh Rajpurohit,IND,22476,1339,0.887013434378229,7,21,132,RJ,Khet Singh Rajpurohit,IND,,,,,False,21,2014,GE
1758049,Rama Ram,IND,22476,1080,0.715440260738228,8,21,132,RJ,Rama Ram,IND,,,,,False,21,2014,GE
1758050,Master Bhairaram Meghwal,IND,22476,1041,0.689604917989347,9,21,132,RJ,Master Bhairaram Meghwal,IND,,,,,False,21,2014,GE
1758051,Popatram,IND,22476,829,0.549166644585177,10,21,132,RJ,Popatram,IND,,,,,False,21,2014,GE
1758052,Mahant Arjunpuri,IND,22476,703,0.465698614165717,11,21,132,RJ,Mahant Arjunpuri,IND,,,,,False,21,2014,GE
1758053,Babulal,IND,22476,557,0.368981690028882,12,21,132,RJ,Babulal,IND,,,,,False,21,2014,GE
1758115,Gajendrasingh Shekhawat,BJP,22471,72440,62.7197007740393,1,21,133,RJ,Gajendrasingh Shekhawat,BJP,,,,,False,21,2014,GE
1758116,Chandresh Kumari,INC,22472,34664,30.0126409115309,2,21,133,RJ,Chandresh Kumari,INC,,,,,True,21,2014,GE
1758117,None Of The Above,NOTA,22479,1934,1.67448786991982,3,21,133,RJ,None Of The Above,NOTA,,,,,False,21,2014,GE
1758118,Goparam Meghwal,BSP,22485,1700,1.47188695908154,4,21,133,RJ,Goparam Meghwal,BSP,,,,,False,21,2014,GE
1758119,Dhanraj Gehlot,JMBP,22482,1232,1.06668513740497,5,21,133,RJ,Dhanraj Gehlot,JMBP,,,,,False,21,2014,GE
1758120,Rugha Ram Choudhary Advocate,IND,22476,1045,0.904777571906007,6,21,133,RJ,Rugha Ram Choudhary Advocate,IND,,,,,False,21,2014,GE
1758121,Sohan Lal Goyal,IND,22476,624,0.540269095568754,7,21,133,RJ,Sohan Lal Goyal,IND,,,,,False,21,2014,GE
1758122,Ram Dayal,IND,22476,457,0.395677847235449,8,21,133,RJ,Ram Dayal,IND,,,,,False,21,2014,GE
1758123,Mehmooda Begum Abbasi,IND,22476,455,0.393946215518883,9,21,133,RJ,Mehmooda Begum Abbasi,IND,,,,,False,21,2014,GE
1758124,Vigyan Modi,AAAP,22474,364,0.315156972415106,10,21,133,RJ,Vigyan Modi,AAAP,,,,,False,21,2014,GE
1758125,Ravi Garg,BNNP,22535,217,0.187882041247467,11,21,133,RJ,Ravi Garg,BNNP,,,,,False,21,2014,GE
1758126,Dungar Mal Puniya,IND,22476,140,0.121214220159656,12,21,133,RJ,Dungar Mal Puniya,IND,,,,,False,21,2014,GE
1758127,Jetharam Meghwal,IND,22476,115,0.0995688237025749,13,21,133,RJ,Jetharam Meghwal,IND,,,,,False,21,2014,GE
1758128,Jayda,IND,22476,111,0.0961055602694418,14,21,133,RJ,Jayda,IND,,,,,False,21,2014,GE
1758195,Jaswant Singh,IND,22476,89430,50.5051645949929,1,21,134,RJ,Jaswant Singh,IND,,,,,False,21,2014,GE
1758196,Col. Sona Ram,BJP,22471,49150,27.7572273268914,2,21,134,RJ,Col. Sona Ram,BJP,,,,,False,21,2014,GE
1758197,Harish Choudhary,INC,22472,24452,13.8091500019766,3,21,134,RJ,Harish Choudhary,INC,,,,,True,21,2014,GE
1758198,Mangilal Gaur,AAAP,22474,2122,1.19838934664626,4,21,134,RJ,Mangilal Gaur,AAAP,,,,,False,21,2014,GE
1758199,Malam Singh,BSP,22485,2074,1.17128157631684,5,21,134,RJ,Malam Singh,BSP,,,,,False,21,2014,GE
1758200,None Of The Above,NOTA,22479,2009,1.13457313732909,6,21,134,RJ,None Of The Above,NOTA,,,,,False,21,2014,GE
1758201,Khet Singh Rajpurohit,IND,22476,1841,1.03969594117613,7,21,134,RJ,Khet Singh Rajpurohit,IND,,,,,False,21,2014,GE
1758202,Rama Ram,IND,22476,1574,0.888908968718762,8,21,134,RJ,Rama Ram,IND,,,,,False,21,2014,GE
1758203,Master Bhairaram Meghwal,IND,22476,1365,0.770877218742764,9,21,134,RJ,Master Bhairaram Meghwal,IND,,,,,False,21,2014,GE
1758204,Popatram,IND,22476,1261,0.712143716362363,10,21,134,RJ,Popatram,IND,,,,,False,21,2014,GE
1758205,Babulal,IND,22476,903,0.509964929322136,11,21,134,RJ,Babulal,IND,,,,,False,21,2014,GE
1758206,Mahant Arjunpuri,IND,22476,890,0.502623241524586,12,21,134,RJ,Mahant Arjunpuri,IND,,,,,False,21,2014,GE
1758267,Col. Sona Ram,BJP,22471,68332,42.2998353369402,1,21,135,RJ,Col. Sona Ram,BJP,,,,,False,21,2014,GE
1758268,Jaswant Singh,IND,22476,62711,38.8202448898738,2,21,135,RJ,Jaswant Singh,IND,,,,,False,21,2014,GE
1758269,Harish Choudhary,INC,22472,19528,12.0884971091109,3,21,135,RJ,Harish Choudhary,INC,,,,,True,21,2014,GE
1758270,Rama Ram,IND,22476,1885,1.16687920169367,4,21,135,RJ,Rama Ram,IND,,,,,False,21,2014,GE
1758271,None Of The Above,NOTA,22479,1607,0.994787733221081,5,21,135,RJ,None Of The Above,NOTA,,,,,False,21,2014,GE
1758272,Khet Singh Rajpurohit,IND,22476,1574,0.974359609265701,6,21,135,RJ,Khet Singh Rajpurohit,IND,,,,,False,21,2014,GE
1758273,Mangilal Gaur,AAAP,22474,1549,0.958883757784353,7,21,135,RJ,Mangilal Gaur,AAAP,,,,,False,21,2014,GE
1758274,Master Bhairaram Meghwal,IND,22476,1275,0.789268425548773,8,21,135,RJ,Master Bhairaram Meghwal,IND,,,,,False,21,2014,GE
1758275,Malam Singh,BSP,22485,937,0.580034913520941,9,21,135,RJ,Malam Singh,BSP,,,,,False,21,2014,GE
1758276,Popatram,IND,22476,780,0.482846566218073,10,21,135,RJ,Popatram,IND,,,,,False,21,2014,GE
1758277,Babulal,IND,22476,702,0.434561909596265,11,21,135,RJ,Babulal,IND,,,,,False,21,2014,GE
1758278,Mahant Arjunpuri,IND,22476,662,0.409800547226108,12,21,135,RJ,Mahant Arjunpuri,IND,,,,,False,21,2014,GE
1758347,Col. Sona Ram,BJP,22471,78412,52.8767566692741,1,21,136,RJ,Col. Sona Ram,BJP,,,,,False,21,2014,GE
1758348,Jaswant Singh,IND,22476,31420,21.1879265233458,2,21,136,RJ,Jaswant Singh,IND,,,,,False,21,2014,GE
1758349,Harish Choudhary,INC,22472,24318,16.398726836242,3,21,136,RJ,Harish Choudhary,INC,,,,,True,21,2014,GE
1758350,Rama Ram,IND,22476,3202,2.1592533649826,4,21,136,RJ,Rama Ram,IND,,,,,False,21,2014,GE
1758351,Master Bhairaram Meghwal,IND,22476,2280,1.53750708062471,5,21,136,RJ,Master Bhairaram Meghwal,IND,,,,,False,21,2014,GE
1758352,None Of The Above,NOTA,22479,1881,1.26844334151538,6,21,136,RJ,None Of The Above,NOTA,,,,,False,21,2014,GE
1758353,Mangilal Gaur,AAAP,22474,1668,1.12480781161492,7,21,136,RJ,Mangilal Gaur,AAAP,,,,,False,21,2014,GE
1758354,Malam Singh,BSP,22485,1663,1.12143608556092,8,21,136,RJ,Malam Singh,BSP,,,,,False,21,2014,GE
1758355,Khet Singh Rajpurohit,IND,22476,1392,0.938688533434035,9,21,136,RJ,Khet Singh Rajpurohit,IND,,,,,False,21,2014,GE
1758356,Mahant Arjunpuri,IND,22476,697,0.470018611927818,10,21,136,RJ,Mahant Arjunpuri,IND,,,,,False,21,2014,GE
1758357,Babulal,IND,22476,683,0.460577778976613,11,21,136,RJ,Babulal,IND,,,,,False,21,2014,GE
1758358,Popatram,IND,22476,676,0.455857362501011,12,21,136,RJ,Popatram,IND,,,,,False,21,2014,GE
1758421,Col. Sona Ram,BJP,22471,55886,40.9589282049778,1,21,137,RJ,Col. Sona Ram,BJP,,,,,False,21,2014,GE
1758422,Jaswant Singh,IND,22476,44034,32.2725806924452,2,21,137,RJ,Jaswant Singh,IND,,,,,False,21,2014,GE
1758423,Harish Choudhary,INC,22472,25348,18.5775849432734,3,21,137,RJ,Harish Choudhary,INC,,,,,True,21,2014,GE
1758424,Malam Singh,BSP,22485,1865,1.36686112984081,4,21,137,RJ,Malam Singh,BSP,,,,,False,21,2014,GE
1758425,None Of The Above,NOTA,22479,1814,1.32948315792559,5,21,137,RJ,None Of The Above,NOTA,,,,,False,21,2014,GE
1758426,Rama Ram,IND,22476,1475,1.08102957990091,6,21,137,RJ,Rama Ram,IND,,,,,False,21,2014,GE
1758427,Mangilal Gaur,AAAP,22474,1456,1.06710445310896,7,21,137,RJ,Mangilal Gaur,AAAP,,,,,False,21,2014,GE
1758428,Master Bhairaram Meghwal,IND,22476,1292,0.946908621852188,8,21,137,RJ,Master Bhairaram Meghwal,IND,,,,,False,21,2014,GE
1758429,Khet Singh Rajpurohit,IND,22476,1283,0.940312509161267,9,21,137,RJ,Khet Singh Rajpurohit,IND,,,,,False,21,2014,GE
1758430,Popatram,IND,22476,712,0.521825803992846,10,21,137,RJ,Popatram,IND,,,,,False,21,2014,GE
1758431,Babulal,IND,22476,662,0.485180733487731,11,21,137,RJ,Babulal,IND,,,,,False,21,2014,GE
1758432,Mahant Arjunpuri,IND,22476,617,0.452200170033127,12,21,137,RJ,Mahant Arjunpuri,IND,,,,,False,21,2014,GE
1758507,Col. Sona Ram,BJP,22471,54207,41.5981766696595,1,21,138,RJ,Col. Sona Ram,BJP,,,,,False,21,2014,GE
1758508,Harish Choudhary,INC,22472,35366,27.1396888980976,2,21,138,RJ,Harish Choudhary,INC,,,,,True,21,2014,GE
1758509,Jaswant Singh,IND,22476,27426,21.0465731979648,3,21,138,RJ,Jaswant Singh,IND,,,,,False,21,2014,GE
1758510,None Of The Above,NOTA,22479,2126,1.63148160938063,4,21,138,RJ,None Of The Above,NOTA,,,,,False,21,2014,GE
1758511,Rama Ram,IND,22476,1936,1.48567657373514,5,21,138,RJ,Rama Ram,IND,,,,,False,21,2014,GE
1758512,Master Bhairaram Meghwal,IND,22476,1918,1.47186346509504,6,21,138,RJ,Master Bhairaram Meghwal,IND,,,,,False,21,2014,GE
1758513,Malam Singh,BSP,22485,1763,1.35291725180529,7,21,138,RJ,Malam Singh,BSP,,,,,False,21,2014,GE
1758514,Mangilal Gaur,AAAP,22474,1699,1.30380397664049,8,21,138,RJ,Mangilal Gaur,AAAP,,,,,False,21,2014,GE
1758515,Khet Singh Rajpurohit,IND,22476,1407,1.0797246587011,9,21,138,RJ,Khet Singh Rajpurohit,IND,,,,,False,21,2014,GE
1758516,Popatram,IND,22476,986,0.75665139550767,10,21,138,RJ,Popatram,IND,,,,,False,21,2014,GE
1758517,Babulal,IND,22476,857,0.657657450253624,11,21,138,RJ,Babulal,IND,,,,,False,21,2014,GE
1758518,Mahant Arjunpuri,IND,22476,620,0.475784853158981,12,21,138,RJ,Mahant Arjunpuri,IND,,,,,False,21,2014,GE
1758594,Col. Sona Ram,BJP,22471,70849,48.8917258988337,1,21,139,RJ,Col. Sona Ram,BJP,,,,,False,21,2014,GE
1758595,Harish Choudhary,INC,22472,31365,21.6444689807466,2,21,139,RJ,Harish Choudhary,INC,,,,,True,21,2014,GE
1758596,Jaswant Singh,IND,22476,27773,19.1656890483748,3,21,139,RJ,Jaswant Singh,IND,,,,,False,21,2014,GE
1758597,Rama Ram,IND,22476,2917,2.01297356980194,4,21,139,RJ,Rama Ram,IND,,,,,False,21,2014,GE
1758598,Master Bhairaram Meghwal,IND,22476,2293,1.58236146573735,5,21,139,RJ,Master Bhairaram Meghwal,IND,,,,,False,21,2014,GE
1758599,Mangilal Gaur,AAAP,22474,2033,1.40293975571044,6,21,139,RJ,Mangilal Gaur,AAAP,,,,,False,21,2014,GE
1758600,None Of The Above,NOTA,22479,1972,1.36084466220412,7,21,139,RJ,None Of The Above,NOTA,,,,,False,21,2014,GE
1758601,Khet Singh Rajpurohit,IND,22476,1485,1.02477399765371,8,21,139,RJ,Khet Singh Rajpurohit,IND,,,,,False,21,2014,GE
1758602,Malam Singh,BSP,22485,1325,0.914360637637154,9,21,139,RJ,Malam Singh,BSP,,,,,False,21,2014,GE
1758603,Mahant Arjunpuri,IND,22476,1137,0.784624939617693,10,21,139,RJ,Mahant Arjunpuri,IND,,,,,False,21,2014,GE
1758604,Babulal,IND,22476,986,0.680422331102063,11,21,139,RJ,Babulal,IND,,,,,False,21,2014,GE
1758605,Popatram,IND,22476,775,0.534814712580222,12,21,139,RJ,Popatram,IND,,,,,False,21,2014,GE
1758671,Col. Sona Ram,BJP,22471,67095,40.3026225687478,1,21,140,RJ,Col. Sona Ram,BJP,,,,,False,21,2014,GE
1758672,Jaswant Singh,IND,22476,52979,31.8234241160994,2,21,140,RJ,Jaswant Singh,IND,,,,,False,21,2014,GE
1758673,Harish Choudhary,INC,22472,26904,16.160693905501,3,21,140,RJ,Harish Choudhary,INC,,,,,True,21,2014,GE
1758674,Rama Ram,IND,22476,3493,2.09817513425197,4,21,140,RJ,Rama Ram,IND,,,,,False,21,2014,GE
1758675,None Of The Above,NOTA,22479,3002,1.80324126911664,5,21,140,RJ,None Of The Above,NOTA,,,,,False,21,2014,GE
1758676,Mangilal Gaur,AAAP,22474,2688,1.61462775862276,6,21,140,RJ,Mangilal Gaur,AAAP,,,,,False,21,2014,GE
1758677,Master Bhairaram Meghwal,IND,22476,2456,1.47527000564639,7,21,140,RJ,Master Bhairaram Meghwal,IND,,,,,False,21,2014,GE
1758678,Khet Singh Rajpurohit,IND,22476,2044,1.22778985811939,8,21,140,RJ,Khet Singh Rajpurohit,IND,,,,,False,21,2014,GE
1758679,Malam Singh,BSP,22485,1855,1.11426134384122,9,21,140,RJ,Malam Singh,BSP,,,,,False,21,2014,GE
1758680,Popatram,IND,22476,1533,0.920842393589543,10,21,140,RJ,Popatram,IND,,,,,False,21,2014,GE
1758681,Babulal,IND,22476,1376,0.826535638342603,11,21,140,RJ,Babulal,IND,,,,,False,21,2014,GE
1758682,Mahant Arjunpuri,IND,22476,1053,0.632516008121193,12,21,140,RJ,Mahant Arjunpuri,IND,,,,,False,21,2014,GE
1758736,Devji Patel,BJP,22471,68758,55.3638288792444,1,21,141,RJ,Devji Patel,BJP,,,,,False,21,2014,GE
1758737,Anjana Udai Lal,INC,22472,21580,17.3761806220962,2,21,141,RJ,Anjana Udai Lal,INC,,,,,False,21,2014,GE
1758738,Buta Singh,IND,22476,20478,16.4888520286972,3,21,141,RJ,Buta Singh,IND,,,,,True,21,2014,GE
1758739,Otaram,BSP,22485,2248,1.81008591466507,4,21,141,RJ,Otaram,BSP,,,,,False,21,2014,GE
1758740,Prhalad,HJP,22505,1779,1.4324478835361,5,21,141,RJ,Prhalad,HJP,,,,,False,21,2014,GE
1758741,Shankar Lal Darji,IND,22476,1465,1.17961559830264,6,21,141,RJ,Shankar Lal Darji,IND,,,,,True,21,2014,GE
1758742,Mahendra K. Choudhary,IND,22476,1431,1.15223885404169,7,21,141,RJ,Mahendra K. Choudhary,IND,,,,,True,21,2014,GE
1758743,Moola Ram,IND,22476,1172,0.943692478642113,8,21,141,RJ,Moola Ram,IND,,,,,True,21,2014,GE
1758744,Narayan Lal,IND,22476,1037,0.834990699958934,9,21,141,RJ,Narayan Lal,IND,,,,,True,21,2014,GE
1758745,None Of The Above,NOTA,22479,960,0.772990426191492,10,21,141,RJ,None Of The Above,NOTA,,,,,False,21,2014,GE
1758746,Manara Ram,IND,22476,697,0.561223257349448,11,21,141,RJ,Manara Ram,IND,,,,,True,21,2014,GE
1758747,Naringa Ram Yadav,IND,22476,670,0.539482901612812,12,21,141,RJ,Naringa Ram Yadav,IND,,,,,True,21,2014,GE
1758748,Bhanwar Lal Wagela,IND,22476,531,0.427560329487169,13,21,141,RJ,Bhanwar Lal Wagela,IND,,,,,True,21,2014,GE
1758749,Ran Singh Rajpurohit,JGP,22497,433,0.348650890146787,14,21,141,RJ,Ran Singh Rajpurohit,JGP,,,,,False,21,2014,GE
1758750,Bhalaram,BMUP,22478,419,0.337378113098161,15,21,141,RJ,Bhalaram,BMUP,,,,,False,21,2014,GE
1758751,Tarun Kumar,IND,22476,285,0.229481532775599,16,21,141,RJ,Tarun Kumar,IND,,,,,True,21,2014,GE
1758752,Sukh Dev,AAP,22542,250,0.201299590154034,17,21,141,RJ,Sukh Dev,AAP,,,,,False,21,2014,GE
1758869,Devji Patel,BJP,22471,67570,51.1599382173899,1,21,142,RJ,Devji Patel,BJP,,,,,False,21,2014,GE
1758870,Buta Singh,IND,22476,33465,25.3376843635482,2,21,142,RJ,Buta Singh,IND,,,,,True,21,2014,GE
1758871,Anjana Udai Lal,INC,22472,15179,11.4926254580695,3,21,142,RJ,Anjana Udai Lal,INC,,,,,False,21,2014,GE
1758872,Otaram,BSP,22485,2470,1.87013537660135,4,21,142,RJ,Otaram,BSP,,,,,False,21,2014,GE
1758873,Shankar Lal Darji,IND,22476,2137,1.61800781368303,5,21,142,RJ,Shankar Lal Darji,IND,,,,,True,21,2014,GE
1758874,Prhalad,HJP,22505,2122,1.60665071625427,6,21,142,RJ,Prhalad,HJP,,,,,False,21,2014,GE
1758875,Moola Ram,IND,22476,1589,1.20309518761924,7,21,142,RJ,Moola Ram,IND,,,,,True,21,2014,GE
1758876,Mahendra K. Choudhary,IND,22476,1585,1.20006662830491,8,21,142,RJ,Mahendra K. Choudhary,IND,,,,,True,21,2014,GE
1758877,Narayan Lal,IND,22476,1504,1.13873830218964,9,21,142,RJ,Narayan Lal,IND,,,,,True,21,2014,GE
1758878,None Of The Above,NOTA,22479,1209,0.915382052757503,10,21,142,RJ,None Of The Above,NOTA,,,,,False,21,2014,GE
1758879,Manara Ram,IND,22476,764,0.578454829037826,11,21,142,RJ,Manara Ram,IND,,,,,True,21,2014,GE
1758880,Bhanwar Lal Wagela,IND,22476,690,0.522426481722644,12,21,142,RJ,Bhanwar Lal Wagela,IND,,,,,True,21,2014,GE
1758881,Bhalaram,BMUP,22478,457,0.346012901662679,13,21,142,RJ,Bhalaram,BMUP,,,,,False,21,2014,GE
1758882,Naringa Ram Yadav,IND,22476,407,0.308155910233501,14,21,142,RJ,Naringa Ram Yadav,IND,,,,,True,21,2014,GE
1758883,Tarun Kumar,IND,22476,396,0.299827372119082,15,21,142,RJ,Tarun Kumar,IND,,,,,True,21,2014,GE
1758884,Ran Singh Rajpurohit,JGP,22497,324,0.245313304461067,16,21,142,RJ,Ran Singh Rajpurohit,JGP,,,,,False,21,2014,GE
1758885,Sukh Dev,AAP,22542,208,0.157485084345376,17,21,142,RJ,Sukh Dev,AAP,,,,,False,21,2014,GE
1758964,Devji Patel,BJP,22471,74650,54.0272560812326,1,21,143,RJ,Devji Patel,BJP,,,,,False,21,2014,GE
1758965,Buta Singh,IND,22476,30436,22.0277771746603,2,21,143,RJ,Buta Singh,IND,,,,,True,21,2014,GE
1758966,Anjana Udai Lal,INC,22472,15373,11.126068422462,3,21,143,RJ,Anjana Udai Lal,INC,,,,,False,21,2014,GE
1758967,Otaram,BSP,22485,3874,2.80377213742391,4,21,143,RJ,Otaram,BSP,,,,,False,21,2014,GE
1758968,Prhalad,HJP,22505,2168,1.56907021010197,5,21,143,RJ,Prhalad,HJP,,,,,False,21,2014,GE
1758969,Shankar Lal Darji,IND,22476,2071,1.4988673455356,6,21,143,RJ,Shankar Lal Darji,IND,,,,,True,21,2014,GE
1758970,Moola Ram,IND,22476,1861,1.34688176245377,7,21,143,RJ,Moola Ram,IND,,,,,True,21,2014,GE
1758971,Mahendra K. Choudhary,IND,22476,1806,1.30707601450376,8,21,143,RJ,Mahendra K. Choudhary,IND,,,,,True,21,2014,GE
1758972,Narayan Lal,IND,22476,1655,1.19779114285921,9,21,143,RJ,Narayan Lal,IND,,,,,True,21,2014,GE
1758973,None Of The Above,NOTA,22479,973,0.704199868279161,10,21,143,RJ,None Of The Above,NOTA,,,,,False,21,2014,GE
1758974,Manara Ram,IND,22476,794,0.574650252223693,11,21,143,RJ,Manara Ram,IND,,,,,True,21,2014,GE
1758975,Bhalaram,BMUP,22478,668,0.483458902374593,12,21,143,RJ,Bhalaram,BMUP,,,,,False,21,2014,GE
1758976,Bhanwar Lal Wagela,IND,22476,654,0.473326530169138,13,21,143,RJ,Bhanwar Lal Wagela,IND,,,,,True,21,2014,GE
1758977,Naringa Ram Yadav,IND,22476,323,0.233768301597296,14,21,143,RJ,Naringa Ram Yadav,IND,,,,,True,21,2014,GE
1758978,Tarun Kumar,IND,22476,306,0.221464706776385,15,21,143,RJ,Tarun Kumar,IND,,,,,True,21,2014,GE
1758979,Ran Singh Rajpurohit,JGP,22497,305,0.220740965904567,16,21,143,RJ,Ran Singh Rajpurohit,JGP,,,,,False,21,2014,GE
1758980,Sukh Dev,AAP,22542,254,0.183830181441836,17,21,143,RJ,Sukh Dev,AAP,,,,,False,21,2014,GE
1759080,Devji Patel,BJP,22471,88147,54.7109500105515,1,21,144,RJ,Devji Patel,BJP,,,,,False,21,2014,GE
1759081,Buta Singh,IND,22476,33109,20.5500453095323,2,21,144,RJ,Buta Singh,IND,,,,,True,21,2014,GE
1759082,Anjana Udai Lal,INC,22472,19458,12.077162754323,3,21,144,RJ,Anjana Udai Lal,INC,,,,,False,21,2014,GE
1759083,Otaram,BSP,22485,6265,3.88855096391375,4,21,144,RJ,Otaram,BSP,,,,,False,21,2014,GE
1759084,Prhalad,HJP,22505,2582,1.60259195352359,5,21,144,RJ,Prhalad,HJP,,,,,False,21,2014,GE
1759085,Mahendra K. Choudhary,IND,22476,1771,1.09922166912869,6,21,144,RJ,Mahendra K. Choudhary,IND,,,,,True,21,2014,GE
1759086,Shankar Lal Darji,IND,22476,1756,1.08991149124222,7,21,144,RJ,Shankar Lal Darji,IND,,,,,True,21,2014,GE
1759087,Narayan Lal,IND,22476,1601,0.993706319748749,8,21,144,RJ,Narayan Lal,IND,,,,,True,21,2014,GE
1759088,None Of The Above,NOTA,22479,1354,0.840398723884951,9,21,144,RJ,None Of The Above,NOTA,,,,,False,21,2014,GE
1759089,Moola Ram,IND,22476,1346,0.835433295678836,10,21,144,RJ,Moola Ram,IND,,,,,True,21,2014,GE
1759090,Manara Ram,IND,22476,825,0.512059783755601,11,21,144,RJ,Manara Ram,IND,,,,,True,21,2014,GE
1759091,Bhalaram,BMUP,22478,701,0.43509564656082,12,21,144,RJ,Bhalaram,BMUP,,,,,False,21,2014,GE
1759092,Bhanwar Lal Wagela,IND,22476,684,0.424544111622826,13,21,144,RJ,Bhanwar Lal Wagela,IND,,,,,True,21,2014,GE
1759093,Ran Singh Rajpurohit,JGP,22497,430,0.266891766078677,14,21,144,RJ,Ran Singh Rajpurohit,JGP,,,,,False,21,2014,GE
1759094,Naringa Ram Yadav,IND,22476,393,0.243926660625395,15,21,144,RJ,Naringa Ram Yadav,IND,,,,,True,21,2014,GE
1759095,Tarun Kumar,IND,22476,382,0.237099196841987,16,21,144,RJ,Tarun Kumar,IND,,,,,True,21,2014,GE
1759096,Sukh Dev,AAP,22542,310,0.192410342986953,17,21,144,RJ,Sukh Dev,AAP,,,,,False,21,2014,GE
1759186,Devji Patel,BJP,22471,72198,52.1093315818723,1,21,145,RJ,Devji Patel,BJP,,,,,False,21,2014,GE
1759187,Buta Singh,IND,22476,37597,27.1358561107462,2,21,145,RJ,Buta Singh,IND,,,,,True,21,2014,GE
1759188,Anjana Udai Lal,INC,22472,10702,7.72423151041854,3,21,145,RJ,Anjana Udai Lal,INC,,,,,False,21,2014,GE
1759189,Otaram,BSP,22485,4015,2.89784988921047,4,21,145,RJ,Otaram,BSP,,,,,False,21,2014,GE
1759190,Narayan Lal,IND,22476,2353,1.69829160381375,5,21,145,RJ,Narayan Lal,IND,,,,,True,21,2014,GE
1759191,Prhalad,HJP,22505,2092,1.50991331711788,6,21,145,RJ,Prhalad,HJP,,,,,False,21,2014,GE
1759192,Mahendra K. Choudhary,IND,22476,1659,1.19739301773354,7,21,145,RJ,Mahendra K. Choudhary,IND,,,,,True,21,2014,GE
1759193,Moola Ram,IND,22476,1654,1.19378423829492,8,21,145,RJ,Moola Ram,IND,,,,,True,21,2014,GE
1759194,Shankar Lal Darji,IND,22476,1560,1.1259391848489,9,21,145,RJ,Shankar Lal Darji,IND,,,,,True,21,2014,GE
1759195,Manara Ram,IND,22476,812,0.586065780831607,10,21,145,RJ,Manara Ram,IND,,,,,True,21,2014,GE
1759196,None Of The Above,NOTA,22479,810,0.584622269056159,11,21,145,RJ,None Of The Above,NOTA,,,,,False,21,2014,GE
1759197,Bhanwar Lal Wagela,IND,22476,776,0.560082568873555,12,21,145,RJ,Bhanwar Lal Wagela,IND,,,,,True,21,2014,GE
1759198,Bhalaram,BMUP,22478,631,0.455427965153625,13,21,145,RJ,Bhalaram,BMUP,,,,,False,21,2014,GE
1759199,Naringa Ram Yadav,IND,22476,473,0.341390534893288,14,21,145,RJ,Naringa Ram Yadav,IND,,,,,True,21,2014,GE
1759200,Tarun Kumar,IND,22476,467,0.337059999566946,15,21,145,RJ,Tarun Kumar,IND,,,,,True,21,2014,GE
1759201,Ran Singh Rajpurohit,JGP,22497,420,0.303137472843934,16,21,145,RJ,Ran Singh Rajpurohit,JGP,,,,,False,21,2014,GE
1759202,Sukh Dev,AAP,22542,332,0.239622954724253,17,21,145,RJ,Sukh Dev,AAP,,,,,False,21,2014,GE
1759286,Devji Patel,BJP,22471,77849,58.5987309090635,1,21,146,RJ,Devji Patel,BJP,,,,,False,21,2014,GE
1759287,Anjana Udai Lal,INC,22472,32962,24.8112547139276,2,21,146,RJ,Anjana Udai Lal,INC,,,,,False,21,2014,GE
1759288,Buta Singh,IND,22476,7523,5.66273494365868,3,21,146,RJ,Buta Singh,IND,,,,,True,21,2014,GE
1759289,Otaram,BSP,22485,4887,3.67855718060082,4,21,146,RJ,Otaram,BSP,,,,,False,21,2014,GE
1759290,Shankar Lal Darji,IND,22476,1896,1.42716276128896,5,21,146,RJ,Shankar Lal Darji,IND,,,,,True,21,2014,GE
1759291,None Of The Above,NOTA,22479,1633,1.22919661876839,6,21,146,RJ,None Of The Above,NOTA,,,,,False,21,2014,GE
1759292,Prhalad,HJP,22505,1530,1.15166615230596,7,21,146,RJ,Prhalad,HJP,,,,,False,21,2014,GE
1759293,Mahendra K. Choudhary,IND,22476,1423,1.07112479394208,8,21,146,RJ,Mahendra K. Choudhary,IND,,,,,True,21,2014,GE
1759294,Moola Ram,IND,22476,778,0.585618474832707,9,21,146,RJ,Moola Ram,IND,,,,,True,21,2014,GE
1759295,Manara Ram,IND,22476,562,0.423030312154217,10,21,146,RJ,Manara Ram,IND,,,,,True,21,2014,GE
1759296,Bhanwar Lal Wagela,IND,22476,382,0.28754017658881,11,21,146,RJ,Bhanwar Lal Wagela,IND,,,,,True,21,2014,GE
1759297,Narayan Lal,IND,22476,355,0.267216656253998,12,21,146,RJ,Narayan Lal,IND,,,,,True,21,2014,GE
1759298,Bhalaram,BMUP,22478,280,0.210762433101745,13,21,146,RJ,Bhalaram,BMUP,,,,,False,21,2014,GE
1759299,Naringa Ram Yadav,IND,22476,256,0.192697081693024,14,21,146,RJ,Naringa Ram Yadav,IND,,,,,True,21,2014,GE
1759300,Ran Singh Rajpurohit,JGP,22497,219,0.164846331604579,15,21,146,RJ,Ran Singh Rajpurohit,JGP,,,,,False,21,2014,GE
1759301,Tarun Kumar,IND,22476,184,0.138501027466861,16,21,146,RJ,Tarun Kumar,IND,,,,,True,21,2014,GE
1759302,Sukh Dev,AAP,22542,132,0.0993594327479657,17,21,146,RJ,Sukh Dev,AAP,,,,,False,21,2014,GE
1759409,Devji Patel,BJP,22471,60383,50.5639806061012,1,21,147,RJ,Devji Patel,BJP,,,,,False,21,2014,GE
1759410,Anjana Udai Lal,INC,22472,42425,35.5261725521064,2,21,147,RJ,Anjana Udai Lal,INC,,,,,False,21,2014,GE
1759411,Otaram,BSP,22485,2676,2.24084944606804,3,21,147,RJ,Otaram,BSP,,,,,False,21,2014,GE
1759412,Shankar Lal Darji,IND,22476,2501,2.09430660112712,4,21,147,RJ,Shankar Lal Darji,IND,,,,,True,21,2014,GE
1759413,Buta Singh,IND,22476,2494,2.08844488732948,5,21,147,RJ,Buta Singh,IND,,,,,True,21,2014,GE
1759414,None Of The Above,NOTA,22479,2135,1.78782270827925,6,21,147,RJ,None Of The Above,NOTA,,,,,False,21,2014,GE
1759415,Prhalad,HJP,22505,1556,1.30297523844614,7,21,147,RJ,Prhalad,HJP,,,,,False,21,2014,GE
1759416,Mahendra K. Choudhary,IND,22476,1385,1.15978194424672,8,21,147,RJ,Mahendra K. Choudhary,IND,,,,,True,21,2014,GE
1759417,Moola Ram,IND,22476,765,0.640601579313174,9,21,147,RJ,Moola Ram,IND,,,,,True,21,2014,GE
1759418,Manara Ram,IND,22476,743,0.622179050234887,10,21,147,RJ,Manara Ram,IND,,,,,True,21,2014,GE
1759419,Bhanwar Lal Wagela,IND,22476,487,0.407807802778452,11,21,147,RJ,Bhanwar Lal Wagela,IND,,,,,True,21,2014,GE
1759420,Narayan Lal,IND,22476,419,0.350865440172836,12,21,147,RJ,Narayan Lal,IND,,,,,True,21,2014,GE
1759421,Bhalaram,BMUP,22478,383,0.320719483499275,13,21,147,RJ,Bhalaram,BMUP,,,,,False,21,2014,GE
1759422,Naringa Ram Yadav,IND,22476,298,0.249541530242256,14,21,147,RJ,Naringa Ram Yadav,IND,,,,,True,21,2014,GE
1759423,Tarun Kumar,IND,22476,265,0.221907736624825,15,21,147,RJ,Tarun Kumar,IND,,,,,True,21,2014,GE
1759424,Ran Singh Rajpurohit,JGP,22497,256,0.214371247456434,16,21,147,RJ,Ran Singh Rajpurohit,JGP,,,,,False,21,2014,GE
1759425,Sukh Dev,AAP,22542,248,0.207672145973421,17,21,147,RJ,Sukh Dev,AAP,,,,,False,21,2014,GE
1759508,Devji Patel,BJP,22471,70749,50.3361721201255,1,21,148,RJ,Devji Patel,BJP,,,,,False,21,2014,GE
1759509,Anjana Udai Lal,INC,22472,41664,29.6429105035111,2,21,148,RJ,Anjana Udai Lal,INC,,,,,False,21,2014,GE
1759510,Buta Singh,IND,22476,10126,7.20439976379017,3,21,148,RJ,Buta Singh,IND,,,,,True,21,2014,GE
1759511,Otaram,BSP,22485,3563,2.53498680213158,4,21,148,RJ,Otaram,BSP,,,,,False,21,2014,GE
1759512,Shankar Lal Darji,IND,22476,3013,2.14367533955162,5,21,148,RJ,Shankar Lal Darji,IND,,,,,True,21,2014,GE
1759513,None Of The Above,NOTA,22479,2106,1.49836716398796,6,21,148,RJ,None Of The Above,NOTA,,,,,False,21,2014,GE
1759514,Prhalad,HJP,22505,1982,1.41014421606084,7,21,148,RJ,Prhalad,HJP,,,,,False,21,2014,GE
1759515,Mahendra K. Choudhary,IND,22476,1948,1.38595405291953,8,21,148,RJ,Mahendra K. Choudhary,IND,,,,,True,21,2014,GE
1759516,Moola Ram,IND,22476,1151,0.818908169871863,9,21,148,RJ,Moola Ram,IND,,,,,True,21,2014,GE
1759517,Narayan Lal,IND,22476,951,0.676613092570062,10,21,148,RJ,Narayan Lal,IND,,,,,True,21,2014,GE
1759518,Manara Ram,IND,22476,949,0.675190141797044,11,21,148,RJ,Manara Ram,IND,,,,,True,21,2014,GE
1759519,Bhanwar Lal Wagela,IND,22476,613,0.436134411930019,12,21,148,RJ,Bhanwar Lal Wagela,IND,,,,,True,21,2014,GE
1759520,Bhalaram,BMUP,22478,421,0.29953113772029,13,21,148,RJ,Bhalaram,BMUP,,,,,False,21,2014,GE
1759521,Naringa Ram Yadav,IND,22476,379,0.269649171486912,14,21,148,RJ,Naringa Ram Yadav,IND,,,,,True,21,2014,GE
1759522,Ran Singh Rajpurohit,JGP,22497,344,0.244747532959097,15,21,148,RJ,Ran Singh Rajpurohit,JGP,,,,,False,21,2014,GE
1759523,Tarun Kumar,IND,22476,311,0.2212688452043,16,21,148,RJ,Tarun Kumar,IND,,,,,True,21,2014,GE
1759524,Sukh Dev,AAP,22542,283,0.201347534382048,17,21,148,RJ,Sukh Dev,AAP,,,,,False,21,2014,GE
1759608,Arjunlal Meena,BJP,22471,72818,52.3795137390303,1,21,149,RJ,Arjunlal Meena,BJP,,,,,False,21,2014,GE
1759609,Raghuvir Singh Meena,INC,22472,51954,37.3716012084592,2,21,149,RJ,Raghuvir Singh Meena,INC,,,,,True,21,2014,GE
1759610,Meghraj Tawar,CPI,22487,4645,3.34124586390447,3,21,149,RJ,Meghraj Tawar,CPI,,,,,False,21,2014,GE
1759611,Laxman Bhil,BSP,22485,3272,2.35361818443389,4,21,149,RJ,Laxman Bhil,BSP,,,,,False,21,2014,GE
1759612,None Of The Above,NOTA,22479,2986,2.14789238958423,5,21,149,RJ,None Of The Above,NOTA,,,,,False,21,2014,GE
1759613,Laxmilal Gameti,SP(I),22613,1052,0.756725650985469,6,21,149,RJ,Laxmilal Gameti,SP(I),,,,,False,21,2014,GE
1759614,Dr. Velaram Meena,AAAP,22474,1017,0.731549417350021,7,21,149,RJ,Dr. Velaram Meena,AAAP,,,,,False,21,2014,GE
1759615,Gotam Lal Meena,CPI(ML)(L),22551,695,0.499928067903898,8,21,149,RJ,Gotam Lal Meena,CPI(ML)(L),,,,,False,21,2014,GE
1759616,Prabhu Lal Meena,BMUP,22478,581,0.417925478348439,9,21,149,RJ,Prabhu Lal Meena,BMUP,,,,,False,21,2014,GE
1759672,Arjunlal Meena,BJP,22471,71563,46.2373928269142,1,21,150,RJ,Arjunlal Meena,BJP,,,,,False,21,2014,GE
1759673,Raghuvir Singh Meena,INC,22472,62160,40.1620437673237,2,21,150,RJ,Raghuvir Singh Meena,INC,,,,,True,21,2014,GE
1759674,Meghraj Tawar,CPI,22487,6784,4.38319345105412,3,21,150,RJ,Meghraj Tawar,CPI,,,,,False,21,2014,GE
1759675,None Of The Above,NOTA,22479,5408,3.49414949635918,4,21,150,RJ,None Of The Above,NOTA,,,,,False,21,2014,GE
1759676,Laxman Bhil,BSP,22485,3898,2.51852713328552,5,21,150,RJ,Laxman Bhil,BSP,,,,,False,21,2014,GE
1759677,Dr. Velaram Meena,AAAP,22474,1509,0.974976255548448,6,21,150,RJ,Dr. Velaram Meena,AAAP,,,,,False,21,2014,GE
1759678,Laxmilal Gameti,SP(I),22613,1364,0.881290664392368,7,21,150,RJ,Laxmilal Gameti,SP(I),,,,,False,21,2014,GE
1759679,Gotam Lal Meena,CPI(ML)(L),22551,1081,0.698442234756708,8,21,150,RJ,Gotam Lal Meena,CPI(ML)(L),,,,,False,21,2014,GE
1759680,Prabhu Lal Meena,BMUP,22478,1006,0.649984170365632,9,21,150,RJ,Prabhu Lal Meena,BMUP,,,,,False,21,2014,GE
1759741,Arjunlal Meena,BJP,22471,75127,48.8618182291192,1,21,151,RJ,Arjunlal Meena,BJP,,,,,False,21,2014,GE
1759742,Raghuvir Singh Meena,INC,22472,64469,41.9299660496637,2,21,151,RJ,Raghuvir Singh Meena,INC,,,,,True,21,2014,GE
1759743,Meghraj Tawar,CPI,22487,4507,2.93130585220547,3,21,151,RJ,Meghraj Tawar,CPI,,,,,False,21,2014,GE
1759744,None Of The Above,NOTA,22479,3317,2.15734224800655,4,21,151,RJ,None Of The Above,NOTA,,,,,False,21,2014,GE
1759745,Laxman Bhil,BSP,22485,3238,2.10596147092108,5,21,151,RJ,Laxman Bhil,BSP,,,,,False,21,2014,GE
1759746,Dr. Velaram Meena,AAAP,22474,1112,0.723233216696801,6,21,151,RJ,Dr. Velaram Meena,AAAP,,,,,False,21,2014,GE
1759747,Laxmilal Gameti,SP(I),22613,853,0.554782314606449,7,21,151,RJ,Laxmilal Gameti,SP(I),,,,,False,21,2014,GE
1759748,Gotam Lal Meena,CPI(ML)(L),22551,619,0.402591152100107,8,21,151,RJ,Gotam Lal Meena,CPI(ML)(L),,,,,False,21,2014,GE
1759749,Prabhu Lal Meena,BMUP,22478,512,0.332999466680541,9,21,151,RJ,Prabhu Lal Meena,BMUP,,,,,False,21,2014,GE
1759804,Arjunlal Meena,BJP,22471,99661,62.6984077054223,1,21,152,RJ,Arjunlal Meena,BJP,,,,,False,21,2014,GE
1759805,Raghuvir Singh Meena,INC,22472,48322,30.4001811856334,2,21,152,RJ,Raghuvir Singh Meena,INC,,,,,True,21,2014,GE
1759806,Meghraj Tawar,CPI,22487,3069,1.93075940686869,3,21,152,RJ,Meghraj Tawar,CPI,,,,,False,21,2014,GE
1759807,None Of The Above,NOTA,22479,2625,1.65143155523959,4,21,152,RJ,None Of The Above,NOTA,,,,,False,21,2014,GE
1759808,Laxman Bhil,BSP,22485,2024,1.27333236868759,5,21,152,RJ,Laxman Bhil,BSP,,,,,False,21,2014,GE
1759809,Dr. Velaram Meena,AAAP,22474,1885,1.18588513585776,6,21,152,RJ,Dr. Velaram Meena,AAAP,,,,,False,21,2014,GE
1759810,Laxmilal Gameti,SP(I),22613,474,0.29820135511755,7,21,152,RJ,Laxmilal Gameti,SP(I),,,,,False,21,2014,GE
1759811,Prabhu Lal Meena,BMUP,22478,454,0.285619019458582,8,21,152,RJ,Prabhu Lal Meena,BMUP,,,,,False,21,2014,GE
1759812,Gotam Lal Meena,CPI(ML)(L),22551,439,0.276182267714355,9,21,152,RJ,Gotam Lal Meena,CPI(ML)(L),,,,,False,21,2014,GE
1759868,Arjunlal Meena,BJP,22471,108037,70.7173387967769,1,21,153,RJ,Arjunlal Meena,BJP,,,,,False,21,2014,GE
1759869,Raghuvir Singh Meena,INC,22472,38291,25.0639838191303,2,21,153,RJ,Raghuvir Singh Meena,INC,,,,,True,21,2014,GE
1759870,Dr. Velaram Meena,AAAP,22474,2765,1.80987478153862,3,21,153,RJ,Dr. Velaram Meena,AAAP,,,,,False,21,2014,GE
1759871,None Of The Above,NOTA,22479,1630,1.06694245710956,4,21,153,RJ,None Of The Above,NOTA,,,,,False,21,2014,GE
1759872,Meghraj Tawar,CPI,22487,1179,0.771733225111767,5,21,153,RJ,Meghraj Tawar,CPI,,,,,False,21,2014,GE
1759873,Laxman Bhil,BSP,22485,506,0.33121035785119,6,21,153,RJ,Laxman Bhil,BSP,,,,,False,21,2014,GE
1759874,Laxmilal Gameti,SP(I),22613,144,0.0942574931434219,7,21,153,RJ,Laxmilal Gameti,SP(I),,,,,False,21,2014,GE
1759875,Gotam Lal Meena,CPI(ML)(L),22551,120,0.0785479109528516,8,21,153,RJ,Gotam Lal Meena,CPI(ML)(L),,,,,False,21,2014,GE
1759876,Prabhu Lal Meena,BMUP,22478,101,0.0661111583853167,9,21,153,RJ,Prabhu Lal Meena,BMUP,,,,,False,21,2014,GE
1759954,Chandra Prakash Joshi,BJP,22471,84218,60.6386578824207,1,21,154,RJ,Chandra Prakash Joshi,BJP,,,,,False,21,2014,GE
1759955,Girija Vyas,INC,22472,44674,32.1661806530582,2,21,154,RJ,Girija Vyas,INC,,,,,True,21,2014,GE
1759956,Radha Devi,CPI,22487,3023,2.17662094538647,3,21,154,RJ,Radha Devi,CPI,,,,,False,21,2014,GE
1759957,None Of The Above,NOTA,22479,2253,1.6222054217518,4,21,154,RJ,None Of The Above,NOTA,,,,,False,21,2014,GE
1759958,Yashwant Puri,IND,22476,1499,1.07931022068617,5,21,154,RJ,Yashwant Puri,IND,,,,,False,21,2014,GE
1759959,Mohammad Imtiyaz,IND,22476,635,0.457212801958454,6,21,154,RJ,Mohammad Imtiyaz,IND,,,,,False,21,2014,GE
1759960,Sanjay Kumar,BSP,22485,579,0.416891672966843,7,21,154,RJ,Sanjay Kumar,BSP,,,,,False,21,2014,GE
1759961,Dr. Narendra Kumar Gupta,AAAP,22474,440,0.316808870648378,8,21,154,RJ,Dr. Narendra Kumar Gupta,AAAP,,,,,False,21,2014,GE
1759962,Babu Lal Meghwal,IND,22476,354,0.254887136839831,9,21,154,RJ,Babu Lal Meghwal,IND,,,,,False,21,2014,GE
1759963,Bhanwar Lal,IND,22476,294,0.211685927205961,10,21,154,RJ,Bhanwar Lal,IND,,,,,False,21,2014,GE
1759965,Gulab Chand Sahlot,IND,22476,210,0.151204233718544,11,21,154,RJ,Gulab Chand Sahlot,IND,,,,,False,21,2014,GE
1759964,Shanti Lal Trivedi,CPI(ML)(L),22551,210,0.151204233718544,11,21,154,RJ,Shanti Lal Trivedi,CPI(ML)(L),,,,,False,21,2014,GE
1759966,Mangi Lal Solanki,BMUP,22478,177,0.127443568419915,13,21,154,RJ,Mangi Lal Solanki,BMUP,,,,,False,21,2014,GE
1759967,Prabhu Lal Gujjar,JMBP,22482,170,0.122403427295964,14,21,154,RJ,Prabhu Lal Gujjar,JMBP,,,,,False,21,2014,GE
1759968,Vijaya Ray,RJVP,22484,149,0.107283003924109,15,21,154,RJ,Vijaya Ray,RJVP,,,,,False,21,2014,GE
1760060,Chandra Prakash Joshi,BJP,22471,63843,51.3901410264666,1,21,155,RJ,Chandra Prakash Joshi,BJP,,,,,False,21,2014,GE
1760061,Girija Vyas,INC,22472,49872,40.1442462489535,2,21,155,RJ,Girija Vyas,INC,,,,,True,21,2014,GE
1760062,Radha Devi,CPI,22487,2691,2.16610857106059,3,21,155,RJ,Radha Devi,CPI,,,,,False,21,2014,GE
1760063,None Of The Above,NOTA,22479,2497,2.00994912743898,4,21,155,RJ,None Of The Above,NOTA,,,,,False,21,2014,GE
1760064,Yashwant Puri,IND,22476,1282,1.03194024083971,5,21,155,RJ,Yashwant Puri,IND,,,,,False,21,2014,GE
1760065,Bhanwar Lal,IND,22476,814,0.655225706742224,6,21,155,RJ,Bhanwar Lal,IND,,,,,False,21,2014,GE
1760066,Mohammad Imtiyaz,IND,22476,626,0.503895936634683,7,21,155,RJ,Mohammad Imtiyaz,IND,,,,,False,21,2014,GE
1760067,Dr. Narendra Kumar Gupta,AAAP,22474,594,0.478137677892974,8,21,155,RJ,Dr. Narendra Kumar Gupta,AAAP,,,,,False,21,2014,GE
1760068,Sanjay Kumar,BSP,22485,583,0.469283276450511,9,21,155,RJ,Sanjay Kumar,BSP,,,,,False,21,2014,GE
1760069,Babu Lal Meghwal,IND,22476,418,0.336467254813574,10,21,155,RJ,Babu Lal Meghwal,IND,,,,,False,21,2014,GE
1760070,Gulab Chand Sahlot,IND,22476,273,0.219750144890205,11,21,155,RJ,Gulab Chand Sahlot,IND,,,,,False,21,2014,GE
1760071,Shanti Lal Trivedi,CPI(ML)(L),22551,223,0.179502865606285,12,21,155,RJ,Shanti Lal Trivedi,CPI(ML)(L),,,,,False,21,2014,GE
1760072,Prabhu Lal Gujjar,JMBP,22482,183,0.147305042179148,13,21,155,RJ,Prabhu Lal Gujjar,JMBP,,,,,False,21,2014,GE
1760073,Vijaya Ray,RJVP,22484,169,0.13603580397965,14,21,155,RJ,Vijaya Ray,RJVP,,,,,False,21,2014,GE
1760074,Mangi Lal Solanki,BMUP,22478,164,0.132011076051258,15,21,155,RJ,Mangi Lal Solanki,BMUP,,,,,False,21,2014,GE
1760155,Arjunlal Meena,BJP,22471,85486,56.6988565516143,1,21,156,RJ,Arjunlal Meena,BJP,,,,,False,21,2014,GE
1760156,Raghuvir Singh Meena,INC,22472,52311,34.6954341654949,2,21,156,RJ,Raghuvir Singh Meena,INC,,,,,True,21,2014,GE
1760157,Meghraj Tawar,CPI,22487,4346,2.88249807656594,3,21,156,RJ,Meghraj Tawar,CPI,,,,,False,21,2014,GE
1760158,Laxman Bhil,BSP,22485,2892,1.91812803438304,4,21,156,RJ,Laxman Bhil,BSP,,,,,False,21,2014,GE
1760159,None Of The Above,NOTA,22479,2833,1.87899610007163,5,21,156,RJ,None Of The Above,NOTA,,,,,False,21,2014,GE
1760160,Dr. Velaram Meena,AAAP,22474,846,0.561112142838192,6,21,156,RJ,Dr. Velaram Meena,AAAP,,,,,False,21,2014,GE
1760161,Laxmilal Gameti,SP(I),22613,787,0.521980208526782,7,21,156,RJ,Laxmilal Gameti,SP(I),,,,,False,21,2014,GE
1760162,Gotam Lal Meena,CPI(ML)(L),22551,756,0.501419361685193,8,21,156,RJ,Gotam Lal Meena,CPI(ML)(L),,,,,False,21,2014,GE
1760163,Prabhu Lal Meena,BMUP,22478,515,0.34157535881994,9,21,156,RJ,Prabhu Lal Meena,BMUP,,,,,False,21,2014,GE
1760231,Arjunlal Meena,BJP,22471,83282,55.9585561856639,1,21,157,RJ,Arjunlal Meena,BJP,,,,,False,21,2014,GE
1760232,Raghuvir Singh Meena,INC,22472,48195,32.3830193243206,2,21,157,RJ,Raghuvir Singh Meena,INC,,,,,True,21,2014,GE
1760233,Meghraj Tawar,CPI,22487,5944,3.99387212083747,3,21,157,RJ,Meghraj Tawar,CPI,,,,,False,21,2014,GE
1760234,None Of The Above,NOTA,22479,4732,3.17950923213373,4,21,157,RJ,None Of The Above,NOTA,,,,,False,21,2014,GE
1760235,Laxman Bhil,BSP,22485,2312,1.55347112102561,5,21,157,RJ,Laxman Bhil,BSP,,,,,False,21,2014,GE
1760236,Dr. Velaram Meena,AAAP,22474,1369,0.919853790953315,6,21,157,RJ,Dr. Velaram Meena,AAAP,,,,,False,21,2014,GE
1760237,Gotam Lal Meena,CPI(ML)(L),22551,1251,0.840567635122423,7,21,157,RJ,Gotam Lal Meena,CPI(ML)(L),,,,,False,21,2014,GE
1760238,Laxmilal Gameti,SP(I),22613,940,0.631601580347784,8,21,157,RJ,Laxmilal Gameti,SP(I),,,,,False,21,2014,GE
1760239,Prabhu Lal Meena,BMUP,22478,803,0.539549009594968,9,21,157,RJ,Prabhu Lal Meena,BMUP,,,,,False,21,2014,GE
1760301,Manshankar Ninama,BJP,22471,60101,46.5286057134009,1,21,158,RJ,Manshankar Ninama,BJP,,,,,False,21,2014,GE
1760302,Resham Malviya,INC,22472,58346,45.1699310985522,2,21,158,RJ,Resham Malviya,INC,,,,,True,21,2014,GE
1760303,None Of The Above,NOTA,22479,3998,3.09514593171789,3,21,158,RJ,None Of The Above,NOTA,,,,,False,21,2014,GE
1760304,Vijaypal,BSP,22485,3528,2.73128435395215,4,21,158,RJ,Vijaypal,BSP,,,,,False,21,2014,GE
1760305,Harish Rawat,AAAP,22474,1435,1.11093907254006,5,21,158,RJ,Harish Rawat,AAAP,,,,,False,21,2014,GE
1760306,Soma Lal Koted,BMUP,22478,885,0.685143609197182,6,21,158,RJ,Soma Lal Koted,BMUP,,,,,False,21,2014,GE
1760307,Bhanji Bhai,JD(U),22549,877,0.678950220639467,7,21,158,RJ,Bhanji Bhai,JD(U),,,,,False,21,2014,GE
1760366,Arjunlal Meena,BJP,22471,61286,47.0370626204017,1,21,159,RJ,Arjunlal Meena,BJP,,,,,False,21,2014,GE
1760367,Raghuvir Singh Meena,INC,22472,57114,43.8350486979346,2,21,159,RJ,Raghuvir Singh Meena,INC,,,,,True,21,2014,GE
1760368,Meghraj Tawar,CPI,22487,3246,2.49130805185236,3,21,159,RJ,Meghraj Tawar,CPI,,,,,False,21,2014,GE
1760369,None Of The Above,NOTA,22479,3131,2.40304544373066,4,21,159,RJ,None Of The Above,NOTA,,,,,False,21,2014,GE
1760370,Laxman Bhil,BSP,22485,2540,1.94945238807917,5,21,159,RJ,Laxman Bhil,BSP,,,,,False,21,2014,GE
1760371,Laxmilal Gameti,SP(I),22613,1065,0.817388501300914,6,21,159,RJ,Laxmilal Gameti,SP(I),,,,,False,21,2014,GE
1760372,Dr. Velaram Meena,AAAP,22474,887,0.680773333947334,7,21,159,RJ,Dr. Velaram Meena,AAAP,,,,,False,21,2014,GE
1760373,Prabhu Lal Meena,BMUP,22478,548,0.420590515223381,8,21,159,RJ,Prabhu Lal Meena,BMUP,,,,,False,21,2014,GE
1760374,Gotam Lal Meena,CPI(ML)(L),22551,476,0.365330447529798,9,21,159,RJ,Gotam Lal Meena,CPI(ML)(L),,,,,False,21,2014,GE
1760427,Manshankar Ninama,BJP,22471,69195,51.1305697184659,1,21,160,RJ,Manshankar Ninama,BJP,,,,,False,21,2014,GE
1760428,Resham Malviya,INC,22472,55871,41.2850070198773,2,21,160,RJ,Resham Malviya,INC,,,,,True,21,2014,GE
1760429,None Of The Above,NOTA,22479,3735,2.75992019507869,3,21,160,RJ,None Of The Above,NOTA,,,,,False,21,2014,GE
1760430,Vijaypal,BSP,22485,2817,2.08157836399911,4,21,160,RJ,Vijaypal,BSP,,,,,False,21,2014,GE
1760431,Soma Lal Koted,BMUP,22478,1685,1.24510455922559,5,21,160,RJ,Soma Lal Koted,BMUP,,,,,False,21,2014,GE
1760432,Harish Rawat,AAAP,22474,1443,1.06628242074927,6,21,160,RJ,Harish Rawat,AAAP,,,,,False,21,2014,GE
1760433,Bhanji Bhai,JD(U),22549,584,0.431537722604005,7,21,160,RJ,Bhanji Bhai,JD(U),,,,,False,21,2014,GE
1760485,Manshankar Ninama,BJP,22471,60519,49.6672110563073,1,21,161,RJ,Manshankar Ninama,BJP,,,,,False,21,2014,GE
1760486,Resham Malviya,INC,22472,49725,40.8087058572495,2,21,161,RJ,Resham Malviya,INC,,,,,True,21,2014,GE
1760487,None Of The Above,NOTA,22479,4261,3.49695114444927,3,21,161,RJ,None Of The Above,NOTA,,,,,False,21,2014,GE
1760488,Vijaypal,BSP,22485,3086,2.53264286124629,4,21,161,RJ,Vijaypal,BSP,,,,,False,21,2014,GE
1760489,Soma Lal Koted,BMUP,22478,2165,1.77678930479527,5,21,161,RJ,Soma Lal Koted,BMUP,,,,,False,21,2014,GE
1760490,Harish Rawat,AAAP,22474,1318,1.08166665298853,6,21,161,RJ,Harish Rawat,AAAP,,,,,False,21,2014,GE
1760491,Bhanji Bhai,JD(U),22549,775,0.636033122963668,7,21,161,RJ,Bhanji Bhai,JD(U),,,,,False,21,2014,GE
1760545,Manshankar Ninama,BJP,22471,103580,59.4989861391143,1,21,162,RJ,Manshankar Ninama,BJP,,,,,False,21,2014,GE
1760546,Resham Malviya,INC,22472,57490,33.0237180260444,2,21,162,RJ,Resham Malviya,INC,,,,,True,21,2014,GE
1760547,None Of The Above,NOTA,22479,4958,2.84800128671296,3,21,162,RJ,None Of The Above,NOTA,,,,,False,21,2014,GE
1760548,Vijaypal,BSP,22485,3505,2.01336113552419,4,21,162,RJ,Vijaypal,BSP,,,,,False,21,2014,GE
1760549,Bhanji Bhai,JD(U),22549,2091,1.20112357614296,5,21,162,RJ,Bhanji Bhai,JD(U),,,,,False,21,2014,GE
1760550,Harish Rawat,AAAP,22474,1518,0.871977804201347,6,21,162,RJ,Harish Rawat,AAAP,,,,,False,21,2014,GE
1760551,Soma Lal Koted,BMUP,22478,945,0.542832032259732,7,21,162,RJ,Soma Lal Koted,BMUP,,,,,False,21,2014,GE
1760607,Manshankar Ninama,BJP,22471,89395,54.2919784277524,1,21,163,RJ,Manshankar Ninama,BJP,,,,,False,21,2014,GE
1760608,Resham Malviya,INC,22472,64186,38.9818773685744,2,21,163,RJ,Resham Malviya,INC,,,,,True,21,2014,GE
1760609,None Of The Above,NOTA,22479,4200,2.55077251967738,3,21,163,RJ,None Of The Above,NOTA,,,,,False,21,2014,GE
1760610,Vijaypal,BSP,22485,2779,1.68776115051987,4,21,163,RJ,Vijaypal,BSP,,,,,False,21,2014,GE
1760611,Harish Rawat,AAAP,22474,1672,1.01545039354776,5,21,163,RJ,Harish Rawat,AAAP,,,,,False,21,2014,GE
1760612,Soma Lal Koted,BMUP,22478,1506,0.914634146341463,6,21,163,RJ,Soma Lal Koted,BMUP,,,,,False,21,2014,GE
1760613,Bhanji Bhai,JD(U),22549,918,0.557525993586629,7,21,163,RJ,Bhanji Bhai,JD(U),,,,,False,21,2014,GE
1760674,Manshankar Ninama,BJP,22471,90895,52.7242353405221,1,21,164,RJ,Manshankar Ninama,BJP,,,,,False,21,2014,GE
1760675,Resham Malviya,INC,22472,61616,35.740761150136,2,21,164,RJ,Resham Malviya,INC,,,,,True,21,2014,GE
1760676,Bhanji Bhai,JD(U),22549,7907,4.58650672575508,3,21,164,RJ,Bhanji Bhai,JD(U),,,,,False,21,2014,GE
1760677,None Of The Above,NOTA,22479,4540,2.63345649866296,4,21,164,RJ,None Of The Above,NOTA,,,,,False,21,2014,GE
1760678,Vijaypal,BSP,22485,3796,2.20189446452084,5,21,164,RJ,Vijaypal,BSP,,,,,False,21,2014,GE
1760679,Harish Rawat,AAAP,22474,2544,1.47566372964726,6,21,164,RJ,Harish Rawat,AAAP,,,,,False,21,2014,GE
1760680,Soma Lal Koted,BMUP,22478,1099,0.637482090755639,7,21,164,RJ,Soma Lal Koted,BMUP,,,,,False,21,2014,GE
1760730,Resham Malviya,INC,22472,80609,55.1674343163355,1,21,165,RJ,Resham Malviya,INC,,,,,True,21,2014,GE
1760731,Manshankar Ninama,BJP,22471,50531,34.5825605507914,2,21,165,RJ,Manshankar Ninama,BJP,,,,,False,21,2014,GE
1760732,None Of The Above,NOTA,22479,4636,3.17279987954858,3,21,165,RJ,None Of The Above,NOTA,,,,,False,21,2014,GE
1760733,Vijaypal,BSP,22485,4510,3.08656761362469,4,21,165,RJ,Vijaypal,BSP,,,,,False,21,2014,GE
1760734,Bhanji Bhai,JD(U),22549,2760,1.88889725357076,5,21,165,RJ,Bhanji Bhai,JD(U),,,,,False,21,2014,GE
1760735,Harish Rawat,AAAP,22474,1879,1.28595577516647,6,21,165,RJ,Harish Rawat,AAAP,,,,,False,21,2014,GE
1760736,Soma Lal Koted,BMUP,22478,1192,0.815784610962447,7,21,165,RJ,Soma Lal Koted,BMUP,,,,,False,21,2014,GE
1760783,Resham Malviya,INC,22472,57253,45.6541154330733,1,21,166,RJ,Resham Malviya,INC,,,,,True,21,2014,GE
1760784,Manshankar Ninama,BJP,22471,51566,41.1192446932363,2,21,166,RJ,Manshankar Ninama,BJP,,,,,False,21,2014,GE
1760785,Bhanji Bhai,JD(U),22549,5847,4.66245634180182,3,21,166,RJ,Bhanji Bhai,JD(U),,,,,False,21,2014,GE
1760786,None Of The Above,NOTA,22479,4061,3.23828205986954,4,21,166,RJ,None Of The Above,NOTA,,,,,False,21,2014,GE
1760787,Vijaypal,BSP,22485,3860,3.07800264740124,5,21,166,RJ,Vijaypal,BSP,,,,,False,21,2014,GE
1760788,Harish Rawat,AAAP,22474,1820,1.4512862223498,6,21,166,RJ,Harish Rawat,AAAP,,,,,False,21,2014,GE
1760789,Soma Lal Koted,BMUP,22478,999,0.796612602267834,7,21,166,RJ,Soma Lal Koted,BMUP,,,,,False,21,2014,GE
1760849,Chandra Prakash Joshi,BJP,22471,81440,57.9038301563488,1,21,167,RJ,Chandra Prakash Joshi,BJP,,,,,False,21,2014,GE
1760850,Girija Vyas,INC,22472,49633,35.2890570008603,2,21,167,RJ,Girija Vyas,INC,,,,,True,21,2014,GE
1760851,Radha Devi,CPI,22487,2573,1.82940268900154,3,21,167,RJ,Radha Devi,CPI,,,,,False,21,2014,GE
1760852,None Of The Above,NOTA,22479,2573,1.82940268900154,3,21,167,RJ,None Of The Above,NOTA,,,,,False,21,2014,GE
1760853,Yashwant Puri,IND,22476,1549,1.1013388127724,5,21,167,RJ,Yashwant Puri,IND,,,,,False,21,2014,GE
1760854,Dr. Narendra Kumar Gupta,AAAP,22474,636,0.452195923126693,6,21,167,RJ,Dr. Narendra Kumar Gupta,AAAP,,,,,False,21,2014,GE
1760855,Mohammad Imtiyaz,IND,22476,510,0.36260993835631,7,21,167,RJ,Mohammad Imtiyaz,IND,,,,,False,21,2014,GE
1760856,Sanjay Kumar,BSP,22485,445,0.316394946212859,8,21,167,RJ,Sanjay Kumar,BSP,,,,,False,21,2014,GE
1760857,Babu Lal Meghwal,IND,22476,354,0.251693957212027,9,21,167,RJ,Babu Lal Meghwal,IND,,,,,False,21,2014,GE
1760858,Bhanwar Lal,IND,22476,277,0.196946966519015,10,21,167,RJ,Bhanwar Lal,IND,,,,,False,21,2014,GE
1760859,Gulab Chand Sahlot,IND,22476,149,0.105938981990373,11,21,167,RJ,Gulab Chand Sahlot,IND,,,,,False,21,2014,GE
1760860,Shanti Lal Trivedi,CPI(ML)(L),22551,147,0.104516982232113,12,21,167,RJ,Shanti Lal Trivedi,CPI(ML)(L),,,,,False,21,2014,GE
1760861,Vijaya Ray,RJVP,22484,127,0.0902969846495126,13,21,167,RJ,Vijaya Ray,RJVP,,,,,False,21,2014,GE
1760862,Mangi Lal Solanki,BMUP,22478,122,0.0867419852538625,14,21,167,RJ,Mangi Lal Solanki,BMUP,,,,,False,21,2014,GE
1760863,Prabhu Lal Gujjar,JMBP,22482,112,0.0796319864625623,15,21,167,RJ,Prabhu Lal Gujjar,JMBP,,,,,False,21,2014,GE
1760952,Chandra Prakash Joshi,BJP,22471,97145,61.1232406108234,1,21,168,RJ,Chandra Prakash Joshi,BJP,,,,,False,21,2014,GE
1760953,Girija Vyas,INC,22472,50200,31.5856367148421,2,21,168,RJ,Girija Vyas,INC,,,,,True,21,2014,GE
1760954,Radha Devi,CPI,22487,3279,2.06313352167265,3,21,168,RJ,Radha Devi,CPI,,,,,False,21,2014,GE
1760955,None Of The Above,NOTA,22479,2340,1.47231852415797,4,21,168,RJ,None Of The Above,NOTA,,,,,False,21,2014,GE
1760956,Yashwant Puri,IND,22476,1449,0.911704932267055,5,21,168,RJ,Yashwant Puri,IND,,,,,False,21,2014,GE
1760957,Dr. Narendra Kumar Gupta,AAAP,22474,1250,0.786494938118578,6,21,168,RJ,Dr. Narendra Kumar Gupta,AAAP,,,,,False,21,2014,GE
1760958,Sanjay Kumar,BSP,22485,695,0.437291185593929,7,21,168,RJ,Sanjay Kumar,BSP,,,,,False,21,2014,GE
1760959,Mohammad Imtiyaz,IND,22476,658,0.414010935425619,8,21,168,RJ,Mohammad Imtiyaz,IND,,,,,False,21,2014,GE
1760960,Babu Lal Meghwal,IND,22476,459,0.288800941277141,9,21,168,RJ,Babu Lal Meghwal,IND,,,,,False,21,2014,GE
1760961,Bhanwar Lal,IND,22476,438,0.275587826316749,10,21,168,RJ,Bhanwar Lal,IND,,,,,False,21,2014,GE
1760962,Gulab Chand Sahlot,IND,22476,253,0.1591865754752,11,21,168,RJ,Gulab Chand Sahlot,IND,,,,,False,21,2014,GE
1760963,Prabhu Lal Gujjar,JMBP,22482,221,0.139052305059364,12,21,168,RJ,Prabhu Lal Gujjar,JMBP,,,,,False,21,2014,GE
1760964,Shanti Lal Trivedi,CPI(ML)(L),22551,207,0.130243561752436,13,21,168,RJ,Shanti Lal Trivedi,CPI(ML)(L),,,,,False,21,2014,GE
1760965,Vijaya Ray,RJVP,22484,173,0.108850899435611,14,21,168,RJ,Vijaya Ray,RJVP,,,,,False,21,2014,GE
1760966,Mangi Lal Solanki,BMUP,22478,166,0.104446527782147,15,21,168,RJ,Mangi Lal Solanki,BMUP,,,,,False,21,2014,GE
1761053,Chandra Prakash Joshi,BJP,22471,97170,65.1277823577906,1,21,169,RJ,Chandra Prakash Joshi,BJP,,,,,False,21,2014,GE
1761054,Girija Vyas,INC,22472,43246,28.9854489641351,2,21,169,RJ,Girija Vyas,INC,,,,,True,21,2014,GE
1761055,Radha Devi,CPI,22487,2284,1.53084135952653,3,21,169,RJ,Radha Devi,CPI,,,,,False,21,2014,GE
1761056,None Of The Above,NOTA,22479,1909,1.27949919235383,4,21,169,RJ,None Of The Above,NOTA,,,,,False,21,2014,GE
1761057,Yashwant Puri,IND,22476,1326,0.888745903122675,5,21,169,RJ,Yashwant Puri,IND,,,,,False,21,2014,GE
1761058,Dr. Narendra Kumar Gupta,AAAP,22474,910,0.609923659005757,6,21,169,RJ,Dr. Narendra Kumar Gupta,AAAP,,,,,False,21,2014,GE
1761059,Mohammad Imtiyaz,IND,22476,538,0.360592229170436,7,21,169,RJ,Mohammad Imtiyaz,IND,,,,,False,21,2014,GE
1761060,Sanjay Kumar,BSP,22485,486,0.325739448655822,8,21,169,RJ,Sanjay Kumar,BSP,,,,,False,21,2014,GE
1761061,Babu Lal Meghwal,IND,22476,334,0.223862090228486,9,21,169,RJ,Babu Lal Meghwal,IND,,,,,False,21,2014,GE
1761062,Bhanwar Lal,IND,22476,291,0.195041521726016,10,21,169,RJ,Bhanwar Lal,IND,,,,,False,21,2014,GE
1761063,Shanti Lal Trivedi,CPI(ML)(L),22551,173,0.115952519789006,11,21,169,RJ,Shanti Lal Trivedi,CPI(ML)(L),,,,,False,21,2014,GE
1761064,Gulab Chand Sahlot,IND,22476,164,0.109920307776861,12,21,169,RJ,Gulab Chand Sahlot,IND,,,,,False,21,2014,GE
1761065,Vijaya Ray,RJVP,22484,126,0.0844509681700279,13,21,169,RJ,Vijaya Ray,RJVP,,,,,False,21,2014,GE
1761066,Prabhu Lal Gujjar,JMBP,22482,124,0.0831104766117735,14,21,169,RJ,Prabhu Lal Gujjar,JMBP,,,,,False,21,2014,GE
1761067,Mangi Lal Solanki,BMUP,22478,118,0.0790890019370103,15,21,169,RJ,Mangi Lal Solanki,BMUP,,,,,False,21,2014,GE
1761152,Chandra Prakash Joshi,BJP,22471,94064,58.0796137246306,1,21,170,RJ,Chandra Prakash Joshi,BJP,,,,,False,21,2014,GE
1761153,Girija Vyas,INC,22472,57930,35.7687534345536,2,21,170,RJ,Girija Vyas,INC,,,,,True,21,2014,GE
1761154,None Of The Above,NOTA,22479,2707,1.67143130584043,3,21,170,RJ,None Of The Above,NOTA,,,,,False,21,2014,GE
1761155,Radha Devi,CPI,22487,2253,1.39110998598393,4,21,170,RJ,Radha Devi,CPI,,,,,False,21,2014,GE
1761156,Yashwant Puri,IND,22476,1755,1.0836209611193,5,21,170,RJ,Yashwant Puri,IND,,,,,False,21,2014,GE
1761157,Dr. Narendra Kumar Gupta,AAAP,22474,827,0.510629364584426,6,21,170,RJ,Dr. Narendra Kumar Gupta,AAAP,,,,,False,21,2014,GE
1761158,Mohammad Imtiyaz,IND,22476,694,0.428508801718974,7,21,170,RJ,Mohammad Imtiyaz,IND,,,,,False,21,2014,GE
1761159,Sanjay Kumar,BSP,22485,476,0.293905172360564,8,21,170,RJ,Sanjay Kumar,BSP,,,,,False,21,2014,GE
1761160,Bhanwar Lal,IND,22476,334,0.20622757892527,9,21,170,RJ,Bhanwar Lal,IND,,,,,False,21,2014,GE
1761161,Babu Lal Meghwal,IND,22476,269,0.166093469254184,10,21,170,RJ,Babu Lal Meghwal,IND,,,,,False,21,2014,GE
1761162,Gulab Chand Sahlot,IND,22476,173,0.106818476509196,11,21,170,RJ,Gulab Chand Sahlot,IND,,,,,False,21,2014,GE
1761163,Mangi Lal Solanki,BMUP,22478,142,0.0876775934352945,12,21,170,RJ,Mangi Lal Solanki,BMUP,,,,,False,21,2014,GE
1761164,Shanti Lal Trivedi,CPI(ML)(L),22551,123,0.0759460844545157,13,21,170,RJ,Shanti Lal Trivedi,CPI(ML)(L),,,,,False,21,2014,GE
1761165,Vijaya Ray,RJVP,22484,118,0.0728588452490475,14,21,170,RJ,Vijaya Ray,RJVP,,,,,False,21,2014,GE
1761166,Prabhu Lal Gujjar,JMBP,22482,92,0.0568052013806133,15,21,170,RJ,Prabhu Lal Gujjar,JMBP,,,,,False,21,2014,GE
1761254,Chandra Prakash Joshi,BJP,22471,85547,58.7032004830917,1,21,171,RJ,Chandra Prakash Joshi,BJP,,,,,False,21,2014,GE
1761255,Girija Vyas,INC,22472,49375,33.8816150636802,2,21,171,RJ,Girija Vyas,INC,,,,,True,21,2014,GE
1761256,None Of The Above,NOTA,22479,3173,2.17734409310496,3,21,171,RJ,None Of The Above,NOTA,,,,,False,21,2014,GE
1761257,Radha Devi,CPI,22487,2325,1.59543807641633,4,21,171,RJ,Radha Devi,CPI,,,,,False,21,2014,GE
1761258,Yashwant Puri,IND,22476,2137,1.46643061045234,5,21,171,RJ,Yashwant Puri,IND,,,,,False,21,2014,GE
1761259,Mohammad Imtiyaz,IND,22476,619,0.424763943785682,6,21,171,RJ,Mohammad Imtiyaz,IND,,,,,False,21,2014,GE
1761260,Dr. Narendra Kumar Gupta,AAAP,22474,553,0.379474088713219,7,21,171,RJ,Dr. Narendra Kumar Gupta,AAAP,,,,,False,21,2014,GE
1761261,Sanjay Kumar,BSP,22485,546,0.374670619235836,8,21,171,RJ,Sanjay Kumar,BSP,,,,,False,21,2014,GE
1761262,Babu Lal Meghwal,IND,22476,430,0.295070267896354,9,21,171,RJ,Babu Lal Meghwal,IND,,,,,False,21,2014,GE
1761263,Bhanwar Lal,IND,22476,342,0.234683794466403,10,21,171,RJ,Bhanwar Lal,IND,,,,,False,21,2014,GE
1761264,Gulab Chand Sahlot,IND,22476,168,0.11528326745718,11,21,171,RJ,Gulab Chand Sahlot,IND,,,,,False,21,2014,GE
1761265,Shanti Lal Trivedi,CPI(ML)(L),22551,142,0.0974418093983311,12,21,171,RJ,Shanti Lal Trivedi,CPI(ML)(L),,,,,False,21,2014,GE
1761266,Vijaya Ray,RJVP,22484,133,0.0912659200702678,13,21,171,RJ,Vijaya Ray,RJVP,,,,,False,21,2014,GE
1761267,Mangi Lal Solanki,BMUP,22478,120,0.0823451910408432,14,21,171,RJ,Mangi Lal Solanki,BMUP,,,,,False,21,2014,GE
1761268,Prabhu Lal Gujjar,JMBP,22482,118,0.0809727711901624,15,21,171,RJ,Prabhu Lal Gujjar,JMBP,,,,,False,21,2014,GE
1761357,Chandra Prakash Joshi,BJP,22471,97763,65.0474067666921,1,21,172,RJ,Chandra Prakash Joshi,BJP,,,,,False,21,2014,GE
1761358,Girija Vyas,INC,22472,40803,27.148607738115,2,21,172,RJ,Girija Vyas,INC,,,,,True,21,2014,GE
1761359,Radha Devi,CPI,22487,3164,2.10519312019694,3,21,172,RJ,Radha Devi,CPI,,,,,False,21,2014,GE
1761360,None Of The Above,NOTA,22479,2568,1.70863967530523,4,21,172,RJ,None Of The Above,NOTA,,,,,False,21,2014,GE
1761361,Yashwant Puri,IND,22476,1678,1.11647094048371,5,21,172,RJ,Yashwant Puri,IND,,,,,False,21,2014,GE
1761362,Dr. Narendra Kumar Gupta,AAAP,22474,707,0.470408197212149,6,21,172,RJ,Dr. Narendra Kumar Gupta,AAAP,,,,,False,21,2014,GE
1761363,Mohammad Imtiyaz,IND,22476,691,0.459762467147942,7,21,172,RJ,Mohammad Imtiyaz,IND,,,,,False,21,2014,GE
1761364,Sanjay Kumar,BSP,22485,656,0.436474932632489,8,21,172,RJ,Sanjay Kumar,BSP,,,,,False,21,2014,GE
1761365,Bhanwar Lal,IND,22476,471,0.313383678765095,9,21,172,RJ,Bhanwar Lal,IND,,,,,False,21,2014,GE
1761366,Babu Lal Meghwal,IND,22476,445,0.296084367410758,10,21,172,RJ,Babu Lal Meghwal,IND,,,,,False,21,2014,GE
1761367,Shanti Lal Trivedi,CPI(ML)(L),22551,332,0.220898898832296,11,21,172,RJ,Shanti Lal Trivedi,CPI(ML)(L),,,,,False,21,2014,GE
1761368,Gulab Chand Sahlot,IND,22476,298,0.198276722445856,12,21,172,RJ,Gulab Chand Sahlot,IND,,,,,False,21,2014,GE
1761369,Mangi Lal Solanki,BMUP,22478,280,0.186300276123623,13,21,172,RJ,Mangi Lal Solanki,BMUP,,,,,False,21,2014,GE
1761370,Vijaya Ray,RJVP,22484,243,0.161682025350144,14,21,172,RJ,Vijaya Ray,RJVP,,,,,False,21,2014,GE
1761371,Prabhu Lal Gujjar,JMBP,22482,196,0.130410193286536,15,21,172,RJ,Prabhu Lal Gujjar,JMBP,,,,,False,21,2014,GE
1761442,Hariom Singh Rathore,BJP,22471,72542,69.6862571807335,1,21,173,RJ,Hariom Singh Rathore,BJP,,,,,False,21,2014,GE
1761443,Gopal Singh Shekhawat,INC,22472,19617,18.8447424542258,2,21,173,RJ,Gopal Singh Shekhawat,INC,,,,,True,21,2014,GE
1761444,None Of The Above,NOTA,22479,2398,2.30359853215239,3,21,173,RJ,None Of The Above,NOTA,,,,,False,21,2014,GE
1761445,Neeru Ram,BSP,22485,1602,1.53893446559972,4,21,173,RJ,Neeru Ram,BSP,,,,,False,21,2014,GE
1761446,Bhanwar Lal Mali,IND,22476,1581,1.51876116736152,5,21,173,RJ,Bhanwar Lal Mali,IND,,,,,False,21,2014,GE
1761447,Idrish Mohammad,JGP,22497,1449,1.3919575784357,6,21,173,RJ,Idrish Mohammad,JGP,,,,,False,21,2014,GE
1761448,Surya Bhavani Singh Chawra,IND,22476,1188,1.14123230033237,7,21,173,RJ,Surya Bhavani Singh Chawra,IND,,,,,False,21,2014,GE
1761449,Sanjay Choudhary,IND,22476,974,0.93565678495264,8,21,173,RJ,Sanjay Choudhary,IND,,,,,False,21,2014,GE
1761450,Heera Kathat,IND,22476,853,0.819420161770639,9,21,173,RJ,Heera Kathat,IND,,,,,False,21,2014,GE
1761451,Khimaram Salvi,IND,22476,709,0.681088973851562,10,21,173,RJ,Khimaram Salvi,IND,,,,,False,21,2014,GE
1761452,Pradeep Singh Bhatnagar,AAAP,22474,568,0.5456396856808,11,21,173,RJ,Pradeep Singh Bhatnagar,AAAP,,,,,False,21,2014,GE
1761453,Gulam Farid,SP,22486,340,0.32661530480893,12,21,173,RJ,Gulam Farid,SP,,,,,False,21,2014,GE
1761454,Laxman,JMBP,22482,277,0.266095410094334,13,21,173,RJ,Laxman,JMBP,,,,,False,21,2014,GE
1761539,Hariom Singh Rathore,BJP,22471,64582,61.9283693723929,1,21,174,RJ,Hariom Singh Rathore,BJP,,,,,False,21,2014,GE
1761540,Gopal Singh Shekhawat,INC,22472,29023,27.8304645922232,2,21,174,RJ,Gopal Singh Shekhawat,INC,,,,,True,21,2014,GE
1761541,None Of The Above,NOTA,22479,2311,2.21604257563407,3,21,174,RJ,None Of The Above,NOTA,,,,,False,21,2014,GE
1761542,Neeru Ram,BSP,22485,2015,1.93220501510284,4,21,174,RJ,Neeru Ram,BSP,,,,,False,21,2014,GE
1761543,Surya Bhavani Singh Chawra,IND,22476,1596,1.53042144124274,5,21,174,RJ,Surya Bhavani Singh Chawra,IND,,,,,False,21,2014,GE
1761544,Idrish Mohammad,JGP,22497,1546,1.48247590736922,6,21,174,RJ,Idrish Mohammad,JGP,,,,,False,21,2014,GE
1761545,Heera Kathat,IND,22476,725,0.695210241166035,7,21,174,RJ,Heera Kathat,IND,,,,,False,21,2014,GE
1761546,Bhanwar Lal Mali,IND,22476,700,0.671237474229275,8,21,174,RJ,Bhanwar Lal Mali,IND,,,,,False,21,2014,GE
1761547,Sanjay Choudhary,IND,22476,593,0.568634031739943,9,21,174,RJ,Sanjay Choudhary,IND,,,,,False,21,2014,GE
1761548,Gulam Farid,SP,22486,340,0.326029630339933,10,21,174,RJ,Gulam Farid,SP,,,,,False,21,2014,GE
1761549,Khimaram Salvi,IND,22476,339,0.325070719662463,11,21,174,RJ,Khimaram Salvi,IND,,,,,False,21,2014,GE
1761550,Pradeep Singh Bhatnagar,AAAP,22474,335,0.321235076952581,12,21,174,RJ,Pradeep Singh Bhatnagar,AAAP,,,,,False,21,2014,GE
1761551,Laxman,JMBP,22482,180,0.17260392194467,13,21,174,RJ,Laxman,JMBP,,,,,False,21,2014,GE
1761624,Hariom Singh Rathore,BJP,22471,89106,69.0920933261997,1,21,175,RJ,Hariom Singh Rathore,BJP,,,,,False,21,2014,GE
1761625,Gopal Singh Shekhawat,INC,22472,29785,23.0950553242302,2,21,175,RJ,Gopal Singh Shekhawat,INC,,,,,True,21,2014,GE
1761626,None Of The Above,NOTA,22479,2311,1.79193126923941,3,21,175,RJ,None Of The Above,NOTA,,,,,False,21,2014,GE
1761627,Neeru Ram,BSP,22485,1796,1.39260430962959,4,21,175,RJ,Neeru Ram,BSP,,,,,False,21,2014,GE
1761628,Surya Bhavani Singh Chawra,IND,22476,1789,1.38717656454751,5,21,175,RJ,Surya Bhavani Singh Chawra,IND,,,,,False,21,2014,GE
1761629,Idrish Mohammad,JGP,22497,1286,0.997154310792683,6,21,175,RJ,Idrish Mohammad,JGP,,,,,False,21,2014,GE
1761630,Pradeep Singh Bhatnagar,AAAP,22474,632,0.490047841695937,7,21,175,RJ,Pradeep Singh Bhatnagar,AAAP,,,,,False,21,2014,GE
1761631,Heera Kathat,IND,22476,592,0.45903215551265,8,21,175,RJ,Heera Kathat,IND,,,,,False,21,2014,GE
1761632,Bhanwar Lal Mali,IND,22476,545,0.422588724247288,9,21,175,RJ,Bhanwar Lal Mali,IND,,,,,False,21,2014,GE
1761633,Sanjay Choudhary,IND,22476,503,0.390022253754836,10,21,175,RJ,Sanjay Choudhary,IND,,,,,False,21,2014,GE
1761634,Khimaram Salvi,IND,22476,256,0.198500391573038,11,21,175,RJ,Khimaram Salvi,IND,,,,,False,21,2014,GE
1761635,Gulam Farid,SP,22486,231,0.179115587708483,12,21,175,RJ,Gulam Farid,SP,,,,,False,21,2014,GE
1761636,Laxman,JMBP,22482,135,0.104677940868594,13,21,175,RJ,Laxman,JMBP,,,,,False,21,2014,GE
1761705,Hariom Singh Rathore,BJP,22471,77768,59.5189077077322,1,21,176,RJ,Hariom Singh Rathore,BJP,,,,,False,21,2014,GE
1761706,Gopal Singh Shekhawat,INC,22472,41477,31.7439786929535,2,21,176,RJ,Gopal Singh Shekhawat,INC,,,,,True,21,2014,GE
1761707,None Of The Above,NOTA,22479,3134,2.39857340752022,3,21,176,RJ,None Of The Above,NOTA,,,,,False,21,2014,GE
1761708,Neeru Ram,BSP,22485,2359,1.80543543980223,4,21,176,RJ,Neeru Ram,BSP,,,,,False,21,2014,GE
1761709,Surya Bhavani Singh Chawra,IND,22476,2029,1.55287346645135,5,21,176,RJ,Surya Bhavani Singh Chawra,IND,,,,,False,21,2014,GE
1761710,Idrish Mohammad,JGP,22497,1136,0.869425459777592,6,21,176,RJ,Idrish Mohammad,JGP,,,,,False,21,2014,GE
1761711,Heera Kathat,IND,22476,939,0.718653615080245,7,21,176,RJ,Heera Kathat,IND,,,,,False,21,2014,GE
1761712,Sanjay Choudhary,IND,22476,488,0.373485584834036,8,21,176,RJ,Sanjay Choudhary,IND,,,,,False,21,2014,GE
1761713,Pradeep Singh Bhatnagar,AAAP,22474,438,0.335218619174811,9,21,176,RJ,Pradeep Singh Bhatnagar,AAAP,,,,,False,21,2014,GE
1761714,Bhanwar Lal Mali,IND,22476,402,0.307666403900169,10,21,176,RJ,Bhanwar Lal Mali,IND,,,,,False,21,2014,GE
1761715,Gulam Farid,SP,22486,197,0.150771844697346,11,21,176,RJ,Gulam Farid,SP,,,,,False,21,2014,GE
1761716,Khimaram Salvi,IND,22476,175,0.133934379807287,12,21,176,RJ,Khimaram Salvi,IND,,,,,False,21,2014,GE
1761717,Laxman,JMBP,22482,119,0.0910753782689555,13,21,176,RJ,Laxman,JMBP,,,,,False,21,2014,GE
1761789,Subhash Baheria,BJP,22471,80256,55.3161573135933,1,21,177,RJ,Subhash Baheria,BJP,,,,,False,21,2014,GE
1761790,Ashok Chandna,INC,22472,52451,36.1516617730173,2,21,177,RJ,Ashok Chandna,INC,,,,,True,21,2014,GE
1761791,None Of The Above,NOTA,22479,2491,1.71691272762361,3,21,177,RJ,None Of The Above,NOTA,,,,,False,21,2014,GE
1761792,Govind Kumar Bairwa,BSP,22485,2171,1.49635388666032,4,21,177,RJ,Govind Kumar Bairwa,BSP,,,,,False,21,2014,GE
1761793,Satya Prakash Sharma,IND,22476,1737,1.19722095860386,5,21,177,RJ,Satya Prakash Sharma,IND,,,,,False,21,2014,GE
1761794,Chandra Prakash Gocher,BYS,22512,1429,0.984933074176695,6,21,177,RJ,Chandra Prakash Gocher,BYS,,,,,False,21,2014,GE
1761795,Ratanlal Dhobi,IND,22476,1063,0.732668899824931,7,21,177,RJ,Ratanlal Dhobi,IND,,,,,False,21,2014,GE
1761796,Shyam Lal Salvi,IND,22476,892,0.614807769185172,8,21,177,RJ,Shyam Lal Salvi,IND,,,,,False,21,2014,GE
1761797,Surendar Singh Ranawat,IND,22476,881,0.607226059027059,9,21,177,RJ,Surendar Singh Ranawat,IND,,,,,False,21,2014,GE
1761798,Radhy Shyam Vaishnav,BASD,22523,873,0.6,10,21,177,RJ,Radhy Shyam Vaishnav,BASD,,,,,False,21,2014,GE
1761799,Sunil Agiwal,AAAP,22474,606,0.417683305074231,11,21,177,RJ,Sunil Agiwal,AAAP,,,,,False,21,2014,GE
1761800,Aslam Shekh Advocate,IND,22476,236,0.162662145210426,12,21,177,RJ,Aslam Shekh Advocate,IND,,,,,False,21,2014,GE
1761873,Subhash Baheria,BJP,22471,80340,59.1862443918933,1,21,178,RJ,Subhash Baheria,BJP,,,,,False,21,2014,GE
1761874,Ashok Chandna,INC,22472,43361,31.9439226173374,2,21,178,RJ,Ashok Chandna,INC,,,,,True,21,2014,GE
1761875,None Of The Above,NOTA,22479,2775,2.044334431012,3,21,178,RJ,None Of The Above,NOTA,,,,,False,21,2014,GE
1761876,Govind Kumar Bairwa,BSP,22485,2038,1.5013886740189,4,21,178,RJ,Govind Kumar Bairwa,BSP,,,,,False,21,2014,GE
1761877,Satya Prakash Sharma,IND,22476,1762,1.29806027655608,5,21,178,RJ,Satya Prakash Sharma,IND,,,,,False,21,2014,GE
1761878,Chandra Prakash Gocher,BYS,22512,1602,1.18018874179503,6,21,178,RJ,Chandra Prakash Gocher,BYS,,,,,False,21,2014,GE
1761879,Ratanlal Dhobi,IND,22476,865,0.637242984801938,7,21,178,RJ,Ratanlal Dhobi,IND,,,,,False,21,2014,GE
1761880,Surendar Singh Ranawat,IND,22476,836,0.615878769126498,8,21,178,RJ,Surendar Singh Ranawat,IND,,,,,False,21,2014,GE
1761881,Shyam Lal Salvi,IND,22476,739,0.54441915117761,9,21,178,RJ,Shyam Lal Salvi,IND,,,,,False,21,2014,GE
1761882,Radhy Shyam Vaishnav,BASD,22523,692,0.51,10,21,178,RJ,Radhy Shyam Vaishnav,BASD,,,,,False,21,2014,GE
1761883,Sunil Agiwal,AAAP,22474,530,0.390449458895985,11,21,178,RJ,Sunil Agiwal,AAAP,,,,,False,21,2014,GE
1761884,Aslam Shekh Advocate,IND,22476,201,0.148076115543571,12,21,178,RJ,Aslam Shekh Advocate,IND,,,,,False,21,2014,GE
1761946,Subhash Baheria,BJP,22471,72326,55.9816093377503,1,21,179,RJ,Subhash Baheria,BJP,,,,,False,21,2014,GE
1761947,Ashok Chandna,INC,22472,44499,34.4430168116659,2,21,179,RJ,Ashok Chandna,INC,,,,,True,21,2014,GE
1761948,None Of The Above,NOTA,22479,2608,2.01863834793646,3,21,179,RJ,None Of The Above,NOTA,,,,,False,21,2014,GE
1761949,Satya Prakash Sharma,IND,22476,2119,1.64014365769838,4,21,179,RJ,Satya Prakash Sharma,IND,,,,,False,21,2014,GE
1761950,Govind Kumar Bairwa,BSP,22485,1939,1.50082045883773,5,21,179,RJ,Govind Kumar Bairwa,BSP,,,,,False,21,2014,GE
1761951,Chandra Prakash Gocher,BYS,22512,1362,1.05421220471222,6,21,179,RJ,Chandra Prakash Gocher,BYS,,,,,False,21,2014,GE
1761952,Ratanlal Dhobi,IND,22476,1002,0.775565806990928,7,21,179,RJ,Ratanlal Dhobi,IND,,,,,False,21,2014,GE
1761953,Surendar Singh Ranawat,IND,22476,949,0.734542865104182,8,21,179,RJ,Surendar Singh Ranawat,IND,,,,,False,21,2014,GE
1761954,Shyam Lal Salvi,IND,22476,819,0.633920554815938,9,21,179,RJ,Shyam Lal Salvi,IND,,,,,False,21,2014,GE
1761955,Radhy Shyam Vaishnav,BASD,22523,771,0.6,10,21,179,RJ,Radhy Shyam Vaishnav,BASD,,,,,False,21,2014,GE
1761956,Sunil Agiwal,AAAP,22474,566,0.438094058639586,11,21,179,RJ,Sunil Agiwal,AAAP,,,,,False,21,2014,GE
1761957,Aslam Shekh Advocate,IND,22476,236,0.182668194061735,12,21,179,RJ,Aslam Shekh Advocate,IND,,,,,False,21,2014,GE
1762022,Subhash Baheria,BJP,22471,117296,74.2398541735233,1,21,180,RJ,Subhash Baheria,BJP,,,,,False,21,2014,GE
1762023,Ashok Chandna,INC,22472,34356,21.7448543001088,2,21,180,RJ,Ashok Chandna,INC,,,,,True,21,2014,GE
1762024,Sunil Agiwal,AAAP,22474,2005,1.26901946884731,3,21,180,RJ,Sunil Agiwal,AAAP,,,,,False,21,2014,GE
1762025,None Of The Above,NOTA,22479,1212,0.767108028051343,4,21,180,RJ,None Of The Above,NOTA,,,,,False,21,2014,GE
1762026,Govind Kumar Bairwa,BSP,22485,791,0.500645585964201,5,21,180,RJ,Govind Kumar Bairwa,BSP,,,,,False,21,2014,GE
1762027,Chandra Prakash Gocher,BYS,22512,586,0.370895465707992,6,21,180,RJ,Chandra Prakash Gocher,BYS,,,,,False,21,2014,GE
1762028,Satya Prakash Sharma,IND,22476,509,0.322160054684928,7,21,180,RJ,Satya Prakash Sharma,IND,,,,,False,21,2014,GE
1762029,Surendar Singh Ranawat,IND,22476,318,0.201270918251094,8,21,180,RJ,Surendar Singh Ranawat,IND,,,,,False,21,2014,GE
1762030,Ratanlal Dhobi,IND,22476,310,0.196207498924023,9,21,180,RJ,Ratanlal Dhobi,IND,,,,,False,21,2014,GE
1762031,Radhy Shyam Vaishnav,BASD,22523,272,0.17,10,21,180,RJ,Radhy Shyam Vaishnav,BASD,,,,,False,21,2014,GE
1762032,Shyam Lal Salvi,IND,22476,197,0.124686700929137,11,21,180,RJ,Shyam Lal Salvi,IND,,,,,False,21,2014,GE
1762033,Aslam Shekh Advocate,IND,22476,144,0.0911415478872882,12,21,180,RJ,Aslam Shekh Advocate,IND,,,,,False,21,2014,GE
1762118,Subhash Baheria,BJP,22471,73585,53.8248288372637,1,21,181,RJ,Subhash Baheria,BJP,,,,,False,21,2014,GE
1762119,Ashok Chandna,INC,22472,52004,38.0390894727602,2,21,181,RJ,Ashok Chandna,INC,,,,,True,21,2014,GE
1762120,None Of The Above,NOTA,22479,2717,1.98738954883258,3,21,181,RJ,None Of The Above,NOTA,,,,,False,21,2014,GE
1762121,Govind Kumar Bairwa,BSP,22485,2074,1.51705775645151,4,21,181,RJ,Govind Kumar Bairwa,BSP,,,,,False,21,2014,GE
1762122,Satya Prakash Sharma,IND,22476,1405,1.02770788226344,5,21,181,RJ,Satya Prakash Sharma,IND,,,,,False,21,2014,GE
1762123,Chandra Prakash Gocher,BYS,22512,1326,0.969922172157528,6,21,181,RJ,Chandra Prakash Gocher,BYS,,,,,False,21,2014,GE
1762124,Surendar Singh Ranawat,IND,22476,841,0.615161799988296,7,21,181,RJ,Surendar Singh Ranawat,IND,,,,,False,21,2014,GE
1762125,Ratanlal Dhobi,IND,22476,743,0.543478260869565,8,21,181,RJ,Ratanlal Dhobi,IND,,,,,False,21,2014,GE
1762126,Radhy Shyam Vaishnav,BASD,22523,658,0.48,9,21,181,RJ,Radhy Shyam Vaishnav,BASD,,,,,False,21,2014,GE
1762127,Shyam Lal Salvi,IND,22476,616,0.450582245889168,10,21,181,RJ,Shyam Lal Salvi,IND,,,,,False,21,2014,GE
1762128,Sunil Agiwal,AAAP,22474,535,0.391333606413482,11,21,181,RJ,Sunil Agiwal,AAAP,,,,,False,21,2014,GE
1762129,Aslam Shekh Advocate,IND,22476,208,0.152144654456082,12,21,181,RJ,Aslam Shekh Advocate,IND,,,,,False,21,2014,GE
1762192,Subhash Baheria,BJP,22471,73824,58.2837924255702,1,21,182,RJ,Subhash Baheria,BJP,,,,,False,21,2014,GE
1762193,Ashok Chandna,INC,22472,41700,32.9220056370052,2,21,182,RJ,Ashok Chandna,INC,,,,,True,21,2014,GE
1762194,None Of The Above,NOTA,22479,2297,1.81347354791849,3,21,182,RJ,None Of The Above,NOTA,,,,,False,21,2014,GE
1762195,Govind Kumar Bairwa,BSP,22485,1826,1.44162067849332,4,21,182,RJ,Govind Kumar Bairwa,BSP,,,,,False,21,2014,GE
1762196,Satya Prakash Sharma,IND,22476,1617,1.27661590203926,5,21,182,RJ,Satya Prakash Sharma,IND,,,,,False,21,2014,GE
1762197,Chandra Prakash Gocher,BYS,22512,1326,1.04687240946448,6,21,182,RJ,Chandra Prakash Gocher,BYS,,,,,False,21,2014,GE
1762198,Ratanlal Dhobi,IND,22476,1081,0.853445757640352,7,21,182,RJ,Ratanlal Dhobi,IND,,,,,False,21,2014,GE
1762199,Surendar Singh Ranawat,IND,22476,932,0.735810773469758,8,21,182,RJ,Surendar Singh Ranawat,IND,,,,,False,21,2014,GE
1762200,Radhy Shyam Vaishnav,BASD,22523,705,0.56,9,21,182,RJ,Radhy Shyam Vaishnav,BASD,,,,,False,21,2014,GE
1762201,Shyam Lal Salvi,IND,22476,668,0.52738368742253,10,21,182,RJ,Shyam Lal Salvi,IND,,,,,False,21,2014,GE
1762202,Sunil Agiwal,AAAP,22474,465,0.367115890196821,11,21,182,RJ,Sunil Agiwal,AAAP,,,,,False,21,2014,GE
1762203,Aslam Shekh Advocate,IND,22476,222,0.175268231448805,12,21,182,RJ,Aslam Shekh Advocate,IND,,,,,False,21,2014,GE
1762266,Subhash Baheria,BJP,22471,72280,53.9443242032987,1,21,183,RJ,Subhash Baheria,BJP,,,,,False,21,2014,GE
1762267,Ashok Chandna,INC,22472,48401,36.1228449884319,2,21,183,RJ,Ashok Chandna,INC,,,,,True,21,2014,GE
1762268,None Of The Above,NOTA,22479,2919,2.17852078513321,3,21,183,RJ,None Of The Above,NOTA,,,,,False,21,2014,GE
1762269,Govind Kumar Bairwa,BSP,22485,2344,1.74938428240913,4,21,183,RJ,Govind Kumar Bairwa,BSP,,,,,False,21,2014,GE
1762270,Satya Prakash Sharma,IND,22476,1639,1.22322561385177,5,21,183,RJ,Satya Prakash Sharma,IND,,,,,False,21,2014,GE
1762271,Chandra Prakash Gocher,BYS,22512,1552,1.15829539517874,6,21,183,RJ,Chandra Prakash Gocher,BYS,,,,,False,21,2014,GE
1762272,Ratanlal Dhobi,IND,22476,1078,0.804537652063586,7,21,183,RJ,Ratanlal Dhobi,IND,,,,,False,21,2014,GE
1762273,Surendar Singh Ranawat,IND,22476,1074,0.801552354653332,8,21,183,RJ,Surendar Singh Ranawat,IND,,,,,False,21,2014,GE
1762274,Radhy Shyam Vaishnav,BASD,22523,938,0.7,9,21,183,RJ,Radhy Shyam Vaishnav,BASD,,,,,False,21,2014,GE
1762275,Shyam Lal Salvi,IND,22476,804,0.600044779461153,10,21,183,RJ,Shyam Lal Salvi,IND,,,,,False,21,2014,GE
1762276,Sunil Agiwal,AAAP,22474,657,0.490335099634301,11,21,183,RJ,Sunil Agiwal,AAAP,,,,,False,21,2014,GE
1762277,Aslam Shekh Advocate,IND,22476,304,0.226882603179341,12,21,183,RJ,Aslam Shekh Advocate,IND,,,,,False,21,2014,GE
1762352,Ashok Chandna,INC,22472,66631,48.7150617428368,1,21,184,RJ,Ashok Chandna,INC,,,,,True,21,2014,GE
1762353,Subhash Baheria,BJP,22471,59210,43.2894419383375,2,21,184,RJ,Subhash Baheria,BJP,,,,,False,21,2014,GE
1762354,None Of The Above,NOTA,22479,2675,1.95573817235353,3,21,184,RJ,None Of The Above,NOTA,,,,,False,21,2014,GE
1762355,Govind Kumar Bairwa,BSP,22485,1893,1.3840046206599,4,21,184,RJ,Govind Kumar Bairwa,BSP,,,,,False,21,2014,GE
1762356,Satya Prakash Sharma,IND,22476,1192,0.871491551942212,5,21,184,RJ,Satya Prakash Sharma,IND,,,,,False,21,2014,GE
1762357,Chandra Prakash Gocher,BYS,22512,1155,0.844440220212462,6,21,184,RJ,Chandra Prakash Gocher,BYS,,,,,False,21,2014,GE
1762358,Ratanlal Dhobi,IND,22476,961,0.702603507899719,7,21,184,RJ,Ratanlal Dhobi,IND,,,,,False,21,2014,GE
1762359,Surendar Singh Ranawat,IND,22476,903,0.660198717620652,8,21,184,RJ,Surendar Singh Ranawat,IND,,,,,False,21,2014,GE
1762360,Radhy Shyam Vaishnav,BASD,22523,773,0.57,9,21,184,RJ,Radhy Shyam Vaishnav,BASD,,,,,False,21,2014,GE
1762361,Shyam Lal Salvi,IND,22476,632,0.462065990627079,10,21,184,RJ,Shyam Lal Salvi,IND,,,,,False,21,2014,GE
1762362,Sunil Agiwal,AAAP,22474,521,0.380911995437829,11,21,184,RJ,Sunil Agiwal,AAAP,,,,,False,21,2014,GE
1762363,Aslam Shekh Advocate,IND,22476,231,0.168888044042492,12,21,184,RJ,Aslam Shekh Advocate,IND,,,,,False,21,2014,GE
1762425,Om Birla,BJP,22471,70802,49.2614470489191,1,21,185,RJ,Om Birla,BJP,,,,,False,21,2014,GE
1762426,Ijyaraj Singh,INC,22472,63684,44.3090024838756,2,21,185,RJ,Ijyaraj Singh,INC,,,,,True,21,2014,GE
1762427,None Of The Above,NOTA,22479,2125,1.47849742915388,3,21,185,RJ,None Of The Above,NOTA,,,,,False,21,2014,GE
1762428,Ashok Kumar,BSP,22485,1517,1.05547322354185,4,21,185,RJ,Ashok Kumar,BSP,,,,,False,21,2014,GE
1762429,Ajmat Ali,BYS,22512,1356,0.943455300674194,5,21,185,RJ,Ajmat Ali,BYS,,,,,False,21,2014,GE
1762430,Ashok Kumar Jain,AAAP,22474,940,0.65401768630807,6,21,185,RJ,Ashok Kumar Jain,AAAP,,,,,False,21,2014,GE
1762431,Shyam Sunder Sharma,IND,22476,874,0.60809729556729,7,21,185,RJ,Shyam Sunder Sharma,IND,,,,,False,21,2014,GE
1762432,Mohan Lal Mahawar,IND,22476,799,0.555915033361859,8,21,185,RJ,Mohan Lal Mahawar,IND,,,,,False,21,2014,GE
1762433,Mahendra Kumar,IND,22476,491,0.341619876571555,9,21,185,RJ,Mahendra Kumar,IND,,,,,False,21,2014,GE
1762434,Tejpal,IND,22476,395,0.274826580948603,10,21,185,RJ,Tejpal,IND,,,,,False,21,2014,GE
1762435,Asfak Ali,IND,22476,328,0.228210426711752,11,21,185,RJ,Asfak Ali,IND,,,,,False,21,2014,GE
1762436,Rajesh Kumar,JMBP,22482,233,0.162112894584872,12,21,185,RJ,Rajesh Kumar,JMBP,,,,,False,21,2014,GE
1762437,Mahesh Kumar Raniwal,AVIRP,22651,183,0.127324719781251,13,21,185,RJ,Mahesh Kumar Raniwal,AVIRP,,,,,False,21,2014,GE
1762516,Om Birla,BJP,22471,91648,56.4202957436067,1,21,186,RJ,Om Birla,BJP,,,,,False,21,2014,GE
1762517,Ijyaraj Singh,INC,22472,61047,37.5817234883463,2,21,186,RJ,Ijyaraj Singh,INC,,,,,True,21,2014,GE
1762518,None Of The Above,NOTA,22479,2231,1.37344709981654,3,21,186,RJ,None Of The Above,NOTA,,,,,False,21,2014,GE
1762519,Ashok Kumar,BSP,22485,1822,1.12165872517514,4,21,186,RJ,Ashok Kumar,BSP,,,,,False,21,2014,GE
1762520,Ashok Kumar Jain,AAAP,22474,1279,0.787377337815043,5,21,186,RJ,Ashok Kumar Jain,AAAP,,,,,False,21,2014,GE
1762521,Ajmat Ali,BYS,22512,1215,0.747977689949396,6,21,186,RJ,Ajmat Ali,BYS,,,,,False,21,2014,GE
1762522,Shyam Sunder Sharma,IND,22476,896,0.55159507011906,7,21,186,RJ,Shyam Sunder Sharma,IND,,,,,False,21,2014,GE
1762523,Mohan Lal Mahawar,IND,22476,846,0.520814095224023,8,21,186,RJ,Mohan Lal Mahawar,IND,,,,,False,21,2014,GE
1762524,Mahendra Kumar,IND,22476,411,0.253019613637203,9,21,186,RJ,Mahendra Kumar,IND,,,,,False,21,2014,GE
1762525,Tejpal,IND,22476,348,0.214235585269456,10,21,186,RJ,Tejpal,IND,,,,,False,21,2014,GE
1762526,Asfak Ali,IND,22476,279,0.171757839914305,11,21,186,RJ,Asfak Ali,IND,,,,,False,21,2014,GE
1762527,Rajesh Kumar,JMBP,22482,217,0.13358943104446,12,21,186,RJ,Rajesh Kumar,JMBP,,,,,False,21,2014,GE
1762528,Mahesh Kumar Raniwal,AVIRP,22651,199,0.122508280082246,13,21,186,RJ,Mahesh Kumar Raniwal,AVIRP,,,,,False,21,2014,GE
1762626,Om Birla,BJP,22471,52303,48.2108620308236,1,21,187,RJ,Om Birla,BJP,,,,,False,21,2014,GE
1762627,Ijyaraj Singh,INC,22472,49358,45.4962760858343,2,21,187,RJ,Ijyaraj Singh,INC,,,,,True,21,2014,GE
1762628,Ashok Kumar,BSP,22485,1494,1.37711083253447,3,21,187,RJ,Ashok Kumar,BSP,,,,,False,21,2014,GE
1762629,None Of The Above,NOTA,22479,1314,1.21119386475923,4,21,187,RJ,None Of The Above,NOTA,,,,,False,21,2014,GE
1762630,Ajmat Ali,BYS,22512,924,0.85170710124622,5,21,187,RJ,Ajmat Ali,BYS,,,,,False,21,2014,GE
1762631,Shyam Sunder Sharma,IND,22476,671,0.618501585428803,6,21,187,RJ,Shyam Sunder Sharma,IND,,,,,False,21,2014,GE
1762632,Ashok Kumar Jain,AAAP,22474,607,0.559508885775385,7,21,187,RJ,Ashok Kumar Jain,AAAP,,,,,False,21,2014,GE
1762633,Mohan Lal Mahawar,IND,22476,561,0.517107882899491,8,21,187,RJ,Mohan Lal Mahawar,IND,,,,,False,21,2014,GE
1762634,Mahendra Kumar,IND,22476,346,0.31892928250129,9,21,187,RJ,Mahendra Kumar,IND,,,,,False,21,2014,GE
1762635,Tejpal,IND,22476,281,0.259014821915787,10,21,187,RJ,Tejpal,IND,,,,,False,21,2014,GE
1762636,Asfak Ali,IND,22476,256,0.235970798613671,11,21,187,RJ,Asfak Ali,IND,,,,,False,21,2014,GE
1762637,Rajesh Kumar,JMBP,22482,197,0.181586903620676,12,21,187,RJ,Rajesh Kumar,JMBP,,,,,False,21,2014,GE
1762638,Mahesh Kumar Raniwal,AVIRP,22651,176,0.162229924046899,13,21,187,RJ,Mahesh Kumar Raniwal,AVIRP,,,,,False,21,2014,GE
1762720,Om Birla,BJP,22471,64411,53.3318429463295,1,21,188,RJ,Om Birla,BJP,,,,,False,21,2014,GE
1762721,Ijyaraj Singh,INC,22472,50333,41.6753605908556,2,21,188,RJ,Ijyaraj Singh,INC,,,,,True,21,2014,GE
1762722,Ashok Kumar,BSP,22485,1382,1.14428602182588,3,21,188,RJ,Ashok Kumar,BSP,,,,,False,21,2014,GE
1762723,None Of The Above,NOTA,22479,1172,0.970407538046268,4,21,188,RJ,None Of The Above,NOTA,,,,,False,21,2014,GE
1762724,Ajmat Ali,BYS,22512,917,0.759269379171013,5,21,188,RJ,Ajmat Ali,BYS,,,,,False,21,2014,GE
1762725,Shyam Sunder Sharma,IND,22476,580,0.480235812343716,6,21,188,RJ,Shyam Sunder Sharma,IND,,,,,False,21,2014,GE
1762726,Ashok Kumar Jain,AAAP,22474,579,0.479407819563813,7,21,188,RJ,Ashok Kumar Jain,AAAP,,,,,False,21,2014,GE
1762727,Mohan Lal Mahawar,IND,22476,575,0.476095848444201,8,21,188,RJ,Mohan Lal Mahawar,IND,,,,,False,21,2014,GE
1762728,Mahendra Kumar,IND,22476,252,0.208654180535545,9,21,188,RJ,Mahendra Kumar,IND,,,,,False,21,2014,GE
1762729,Tejpal,IND,22476,193,0.159802606521271,10,21,188,RJ,Tejpal,IND,,,,,False,21,2014,GE
1762730,Asfak Ali,IND,22476,161,0.133306837564376,11,21,188,RJ,Asfak Ali,IND,,,,,False,21,2014,GE
1762731,Rajesh Kumar,JMBP,22482,125,0.103499097487869,12,21,188,RJ,Rajesh Kumar,JMBP,,,,,False,21,2014,GE
1762732,Mahesh Kumar Raniwal,AVIRP,22651,94,0.0778313213108781,13,21,188,RJ,Mahesh Kumar Raniwal,AVIRP,,,,,False,21,2014,GE
1762812,Om Birla,BJP,22471,84451,54.3250458331993,1,21,189,RJ,Om Birla,BJP,,,,,False,21,2014,GE
1762813,Ijyaraj Singh,INC,22472,62739,40.3583030458975,2,21,189,RJ,Ijyaraj Singh,INC,,,,,True,21,2014,GE
1762814,Ashok Kumar Jain,AAAP,22474,4094,2.63355955099546,3,21,189,RJ,Ashok Kumar Jain,AAAP,,,,,False,21,2014,GE
1762815,None Of The Above,NOTA,22479,1232,0.792512302595606,4,21,189,RJ,None Of The Above,NOTA,,,,,False,21,2014,GE
1762816,Ashok Kumar,BSP,22485,737,0.474092181017014,5,21,189,RJ,Ashok Kumar,BSP,,,,,False,21,2014,GE
1762817,Ajmat Ali,BYS,22512,672,0.432279437779421,6,21,189,RJ,Ajmat Ali,BYS,,,,,False,21,2014,GE
1762818,Shyam Sunder Sharma,IND,22476,453,0.291402656717378,7,21,189,RJ,Shyam Sunder Sharma,IND,,,,,False,21,2014,GE
1762819,Mohan Lal Mahawar,IND,22476,440,0.283040108069859,8,21,189,RJ,Mohan Lal Mahawar,IND,,,,,False,21,2014,GE
1762820,Mahendra Kumar,IND,22476,171,0.109999678363513,9,21,189,RJ,Mahendra Kumar,IND,,,,,False,21,2014,GE
1762821,Asfak Ali,IND,22476,165,0.106140040526197,10,21,189,RJ,Asfak Ali,IND,,,,,False,21,2014,GE
1762822,Tejpal,IND,22476,140,0.0900582162040461,11,21,189,RJ,Tejpal,IND,,,,,False,21,2014,GE
1762823,Rajesh Kumar,JMBP,22482,81,0.0521051108037695,12,21,189,RJ,Rajesh Kumar,JMBP,,,,,False,21,2014,GE
1762824,Mahesh Kumar Raniwal,AVIRP,22651,80,0.0514618378308835,13,21,189,RJ,Mahesh Kumar Raniwal,AVIRP,,,,,False,21,2014,GE
1762914,Om Birla,BJP,22471,109097,64.8699592098847,1,21,190,RJ,Om Birla,BJP,,,,,False,21,2014,GE
1762915,Ijyaraj Singh,INC,22472,49419,29.3849373877677,2,21,190,RJ,Ijyaraj Singh,INC,,,,,True,21,2014,GE
1762916,Ashok Kumar Jain,AAAP,22474,5504,3.27272294830477,3,21,190,RJ,Ashok Kumar Jain,AAAP,,,,,False,21,2014,GE
1762917,None Of The Above,NOTA,22479,1402,0.833640547515132,4,21,190,RJ,None Of The Above,NOTA,,,,,False,21,2014,GE
1762918,Ashok Kumar,BSP,22485,1034,0.614824768994755,5,21,190,RJ,Ashok Kumar,BSP,,,,,False,21,2014,GE
1762919,Ajmat Ali,BYS,22512,602,0.357954072470834,6,21,190,RJ,Ajmat Ali,BYS,,,,,False,21,2014,GE
1762920,Mohan Lal Mahawar,IND,22476,338,0.200977535706216,7,21,190,RJ,Mohan Lal Mahawar,IND,,,,,False,21,2014,GE
1762921,Shyam Sunder Sharma,IND,22476,328,0.195031454768162,8,21,190,RJ,Shyam Sunder Sharma,IND,,,,,False,21,2014,GE
1762922,Asfak Ali,IND,22476,147,0.0874073897893898,9,21,190,RJ,Asfak Ali,IND,,,,,False,21,2014,GE
1762923,Mahendra Kumar,IND,22476,101,0.0600554174743426,10,21,190,RJ,Mahendra Kumar,IND,,,,,False,21,2014,GE
1762924,Tejpal,IND,22476,84,0.0499470798796513,11,21,190,RJ,Tejpal,IND,,,,,False,21,2014,GE
1762925,Mahesh Kumar Raniwal,AVIRP,22651,65,0.0386495260973492,12,21,190,RJ,Mahesh Kumar Raniwal,AVIRP,,,,,False,21,2014,GE
1762926,Rajesh Kumar,JMBP,22482,57,0.0338926613469062,13,21,190,RJ,Rajesh Kumar,JMBP,,,,,False,21,2014,GE
1763032,Om Birla,BJP,22471,90346,57.4851747219465,1,21,191,RJ,Om Birla,BJP,,,,,False,21,2014,GE
1763033,Ijyaraj Singh,INC,22472,58645,37.3145249548242,2,21,191,RJ,Ijyaraj Singh,INC,,,,,True,21,2014,GE
1763034,Ashok Kumar Jain,AAAP,22474,2586,1.64541498052989,3,21,191,RJ,Ashok Kumar Jain,AAAP,,,,,False,21,2014,GE
1763035,None Of The Above,NOTA,22479,1607,1.02249879107174,4,21,191,RJ,None Of The Above,NOTA,,,,,False,21,2014,GE
1763036,Ashok Kumar,BSP,22485,973,0.619098521289862,5,21,191,RJ,Ashok Kumar,BSP,,,,,False,21,2014,GE
1763037,Ajmat Ali,BYS,22512,866,0.551016772288819,6,21,191,RJ,Ajmat Ali,BYS,,,,,False,21,2014,GE
1763038,Shyam Sunder Sharma,IND,22476,642,0.40849049400626,7,21,191,RJ,Shyam Sunder Sharma,IND,,,,,False,21,2014,GE
1763039,Mohan Lal Mahawar,IND,22476,627,0.398946323585553,8,21,191,RJ,Mohan Lal Mahawar,IND,,,,,False,21,2014,GE
1763040,Mahendra Kumar,IND,22476,247,0.157160672927642,9,21,191,RJ,Mahendra Kumar,IND,,,,,False,21,2014,GE
1763042,Tejpal,IND,22476,190,0.120892825328955,10,21,191,RJ,Tejpal,IND,,,,,False,21,2014,GE
1763041,Asfak Ali,IND,22476,190,0.120892825328955,10,21,191,RJ,Asfak Ali,IND,,,,,False,21,2014,GE
1763043,Rajesh Kumar,JMBP,22482,133,0.084624977730269,12,21,191,RJ,Rajesh Kumar,JMBP,,,,,False,21,2014,GE
1763044,Mahesh Kumar Raniwal,AVIRP,22651,112,0.0712631391412791,13,21,191,RJ,Mahesh Kumar Raniwal,AVIRP,,,,,False,21,2014,GE
1763133,Om Birla,BJP,22471,78307,58.637163502939,1,21,192,RJ,Om Birla,BJP,,,,,False,21,2014,GE
1763134,Ijyaraj Singh,INC,22472,47267,35.3940619266913,2,21,192,RJ,Ijyaraj Singh,INC,,,,,True,21,2014,GE
1763135,Ashok Kumar,BSP,22485,1880,1.40776517278819,3,21,192,RJ,Ashok Kumar,BSP,,,,,False,21,2014,GE
1763136,None Of The Above,NOTA,22479,1663,1.24527312890785,4,21,192,RJ,None Of The Above,NOTA,,,,,False,21,2014,GE
1763137,Ashok Kumar Jain,AAAP,22474,1299,0.972705829495675,5,21,192,RJ,Ashok Kumar Jain,AAAP,,,,,False,21,2014,GE
1763138,Ajmat Ali,BYS,22512,998,0.747313639597139,6,21,192,RJ,Ajmat Ali,BYS,,,,,False,21,2014,GE
1763139,Shyam Sunder Sharma,IND,22476,639,0.478490396495563,7,21,192,RJ,Shyam Sunder Sharma,IND,,,,,False,21,2014,GE
1763140,Mohan Lal Mahawar,IND,22476,634,0.474746340184956,8,21,192,RJ,Mohan Lal Mahawar,IND,,,,,False,21,2014,GE
1763141,Mahendra Kumar,IND,22476,274,0.205174285821258,9,21,192,RJ,Mahendra Kumar,IND,,,,,False,21,2014,GE
1763142,Asfak Ali,IND,22476,182,0.136283649706091,10,21,192,RJ,Asfak Ali,IND,,,,,False,21,2014,GE
1763143,Tejpal,IND,22476,178,0.133288404657606,11,21,192,RJ,Tejpal,IND,,,,,False,21,2014,GE
1763144,Rajesh Kumar,JMBP,22482,125,0.0936014077651727,12,21,192,RJ,Rajesh Kumar,JMBP,,,,,False,21,2014,GE
1763145,Mahesh Kumar Raniwal,AVIRP,22651,99,0.0741323149500168,13,21,192,RJ,Mahesh Kumar Raniwal,AVIRP,,,,,False,21,2014,GE
1763223,Pramod Kumar (Bhaya),INC,22472,69041,51.6743009400634,1,21,193,RJ,Pramod Kumar (Bhaya),INC,,,,,False,21,2014,GE
1763224,Dushyant Singh,BJP,22471,58676,43.9165319441949,2,21,193,RJ,Dushyant Singh,BJP,,,,,True,21,2014,GE
1763225,Chandra Singh,BSP,22485,2031,1.5201185557751,3,21,193,RJ,Chandra Singh,BSP,,,,,False,21,2014,GE
1763226,Javed Khan,BYS,22512,1302,0.974492545356565,4,21,193,RJ,Javed Khan,BYS,,,,,False,21,2014,GE
1763227,None Of The Above,NOTA,22479,1216,0.910125142207053,5,21,193,RJ,None Of The Above,NOTA,,,,,False,21,2014,GE
1763228,Suleman,IND,22476,735,0.55011675947548,6,21,193,RJ,Suleman,IND,,,,,False,21,2014,GE
1763229,Baldar,IND,22476,607,0.454314112927369,7,21,193,RJ,Baldar,IND,,,,,False,21,2014,GE
1763299,Dushyant Singh,BJP,22471,64652,49.6627798005868,1,21,194,RJ,Dushyant Singh,BJP,,,,,True,21,2014,GE
1763300,Pramod Kumar (Bhaya),INC,22472,55187,42.3921893963835,2,21,194,RJ,Pramod Kumar (Bhaya),INC,,,,,False,21,2014,GE
1763301,Chandra Singh,BSP,22485,3078,2.36438217265059,3,21,194,RJ,Chandra Singh,BSP,,,,,False,21,2014,GE
1763302,None Of The Above,NOTA,22479,2436,1.87122643683458,4,21,194,RJ,None Of The Above,NOTA,,,,,False,21,2014,GE
1763303,Javed Khan,BYS,22512,2374,1.8236008050268,5,21,194,RJ,Javed Khan,BYS,,,,,False,21,2014,GE
1763304,Suleman,IND,22476,1330,1.02164661781198,6,21,194,RJ,Suleman,IND,,,,,False,21,2014,GE
1763305,Baldar,IND,22476,1125,0.864174770705627,7,21,194,RJ,Baldar,IND,,,,,False,21,2014,GE
1763372,Dushyant Singh,BJP,22471,72002,50.3116440270557,1,21,195,RJ,Dushyant Singh,BJP,,,,,True,21,2014,GE
1763373,Pramod Kumar (Bhaya),INC,22472,64383,44.9878416904242,2,21,195,RJ,Pramod Kumar (Bhaya),INC,,,,,False,21,2014,GE
1763374,None Of The Above,NOTA,22479,1812,1.2661412040919,3,21,195,RJ,None Of The Above,NOTA,,,,,False,21,2014,GE
1763375,Chandra Singh,BSP,22485,1797,1.25565990273352,4,21,195,RJ,Chandra Singh,BSP,,,,,False,21,2014,GE
1763376,Javed Khan,BYS,22512,1429,0.998518642741349,5,21,195,RJ,Javed Khan,BYS,,,,,False,21,2014,GE
1763377,Suleman,IND,22476,987,0.689669629381183,6,21,195,RJ,Suleman,IND,,,,,False,21,2014,GE
1763378,Baldar,IND,22476,702,0.490524903572027,7,21,195,RJ,Baldar,IND,,,,,False,21,2014,GE
1763439,Dushyant Singh,BJP,22471,80023,59.5245356561065,1,21,196,RJ,Dushyant Singh,BJP,,,,,True,21,2014,GE
1763440,Pramod Kumar (Bhaya),INC,22472,45117,33.5599574521895,2,21,196,RJ,Pramod Kumar (Bhaya),INC,,,,,False,21,2014,GE
1763441,Chandra Singh,BSP,22485,3022,2.24789306515319,3,21,196,RJ,Chandra Singh,BSP,,,,,False,21,2014,GE
1763442,None Of The Above,NOTA,22479,2418,1.7986119892589,4,21,196,RJ,None Of The Above,NOTA,,,,,False,21,2014,GE
1763443,Javed Khan,BYS,22512,1578,1.17378400291586,5,21,196,RJ,Javed Khan,BYS,,,,,False,21,2014,GE
1763444,Suleman,IND,22476,1371,1.01980853485275,6,21,196,RJ,Suleman,IND,,,,,False,21,2014,GE
1763445,Baldar,IND,22476,908,0.675409299523196,7,21,196,RJ,Baldar,IND,,,,,False,21,2014,GE
1763513,Dushyant Singh,BJP,22471,95876,62.8794039717726,1,21,197,RJ,Dushyant Singh,BJP,,,,,True,21,2014,GE
1763514,Pramod Kumar (Bhaya),INC,22472,45025,29.5292373881791,2,21,197,RJ,Pramod Kumar (Bhaya),INC,,,,,False,21,2014,GE
1763515,None Of The Above,NOTA,22479,3066,2.01080825834885,3,21,197,RJ,None Of The Above,NOTA,,,,,False,21,2014,GE
1763516,Chandra Singh,BSP,22485,3059,2.00621737191426,4,21,197,RJ,Chandra Singh,BSP,,,,,False,21,2014,GE
1763517,Suleman,IND,22476,2072,1.35890238463758,5,21,197,RJ,Suleman,IND,,,,,False,21,2014,GE
1763518,Javed Khan,BYS,22512,2014,1.32086361132243,6,21,197,RJ,Javed Khan,BYS,,,,,False,21,2014,GE
1763519,Baldar,IND,22476,1364,0.894567013825126,7,21,197,RJ,Baldar,IND,,,,,False,21,2014,GE
1763577,Dushyant Singh,BJP,22471,116226,68.4765894267988,1,21,198,RJ,Dushyant Singh,BJP,,,,,True,21,2014,GE
1763578,Pramod Kumar (Bhaya),INC,22472,44001,25.9239620340421,2,21,198,RJ,Pramod Kumar (Bhaya),INC,,,,,False,21,2014,GE
1763579,None Of The Above,NOTA,22479,2750,1.6202108041548,3,21,198,RJ,None Of The Above,NOTA,,,,,False,21,2014,GE
1763580,Chandra Singh,BSP,22485,2454,1.44581720487123,4,21,198,RJ,Chandra Singh,BSP,,,,,False,21,2014,GE
1763581,Suleman,IND,22476,1671,0.984499001360977,5,21,198,RJ,Suleman,IND,,,,,False,21,2014,GE
1763582,Javed Khan,BYS,22512,1561,0.919690569194784,6,21,198,RJ,Javed Khan,BYS,,,,,False,21,2014,GE
1763583,Baldar,IND,22476,1068,0.629230959577213,7,21,198,RJ,Baldar,IND,,,,,False,21,2014,GE
1763648,Dushyant Singh,BJP,22471,87869,64.894426268251,1,21,199,RJ,Dushyant Singh,BJP,,,,,True,21,2014,GE
1763649,Pramod Kumar (Bhaya),INC,22472,37948,28.0259669283546,2,21,199,RJ,Pramod Kumar (Bhaya),INC,,,,,False,21,2014,GE
1763650,Chandra Singh,BSP,22485,3867,2.85591899736342,3,21,199,RJ,Chandra Singh,BSP,,,,,False,21,2014,GE
1763651,None Of The Above,NOTA,22479,2176,1.60705449657688,4,21,199,RJ,None Of The Above,NOTA,,,,,False,21,2014,GE
1763652,Javed Khan,BYS,22512,1379,1.01844124576264,5,21,199,RJ,Javed Khan,BYS,,,,,False,21,2014,GE
1763653,Suleman,IND,22476,1342,0.991115411032251,6,21,199,RJ,Suleman,IND,,,,,False,21,2014,GE
1763654,Baldar,IND,22476,822,0.607076652659099,7,21,199,RJ,Baldar,IND,,,,,False,21,2014,GE
1763716,Dushyant Singh,BJP,22471,100698,68.3657743409394,1,21,200,RJ,Dushyant Singh,BJP,,,,,True,21,2014,GE
1763717,Pramod Kumar (Bhaya),INC,22472,33812,22.9556054938116,2,21,200,RJ,Pramod Kumar (Bhaya),INC,,,,,False,21,2014,GE
1763718,Chandra Singh,BSP,22485,4279,2.90509392842837,3,21,200,RJ,Chandra Singh,BSP,,,,,False,21,2014,GE
1763719,None Of The Above,NOTA,22479,3190,2.16575125769724,4,21,200,RJ,None Of The Above,NOTA,,,,,False,21,2014,GE
1763720,Suleman,IND,22476,2094,1.42165615473919,5,21,200,RJ,Suleman,IND,,,,,False,21,2014,GE
1763721,Javed Khan,BYS,22512,1980,1.34425940132932,6,21,200,RJ,Javed Khan,BYS,,,,,False,21,2014,GE
1763722,Baldar,IND,22476,1240,0.841859423054727,7,21,200,RJ,Baldar,IND,,,,,False,21,2014,GE
