el_res_id,ca_full_name,party_abb,party_id,el_vote_count,el_vote_perc,el_rank,el_id,ac_no,state_abb,original_ca_full_name,original_party_abb,caste,caste_category,gender,age,incumbency,el_id,el_year,el_type
1280392,Barsha Singh Bariha,BJD,15062,91995,43.5335036910846,1,51,1,OR,Barsha Singh Bariha,BJD,,,,,False,51,2024,AE
1280393,Gobardhan Bhoy,BJP,15061,81002,38.3314404694302,2,51,1,OR,Gobardhan Bhoy,BJP,,,,,False,51,2024,AE
1280394,Tankadhar Sahu,INC,15063,30453,14.4108461101646,3,51,1,OR,Tankadhar Sahu,INC,,,,,False,51,2024,AE
1280395,Balmiki Naik,AAAP,15067,2749,1.30087071739541,4,51,1,OR,Balmiki Naik,AAAP,,,,,False,51,2024,AE
1280396,Nota,NOTA,15065,1617,0.76519023282226,5,51,1,OR,Nota,NOTA,,,,,False,51,2024,AE
1280397,Rupadhar Kumbhar,BSP,15068,1306,0.618020064357372,6,51,1,OR,Rupadhar Kumbhar,BSP,,,,,False,51,2024,AE
1280398,Rebati Giri,IND,15070,1206,0.570698466780238,7,51,1,OR,Rebati Giri,IND,,,,,False,51,2024,AE
1280399,Gangadhar Saha,IND,15070,992,0.469430247965171,8,51,1,OR,Gangadhar Saha,IND,,,,,False,51,2024,AE
1280462,Sanat Kumar Gartia,BJP,15061,93161,47.524333258514,1,51,2,OR,Sanat Kumar Gartia,BJP,,,,,True,51,2024,AE
1280463,Rita Sahu,BJD,15062,83095,42.3893525414736,2,51,2,OR,Rita Sahu,BJD,,,,,False,51,2024,AE
1280464,Kishor Dafadar,INC,15063,15707,8.01263084865427,3,51,2,OR,Kishor Dafadar,INC,,,,,False,51,2024,AE
1280465,Nota,NOTA,15065,2055,1.04831962780827,4,51,2,OR,Nota,NOTA,,,,,False,51,2024,AE
1280466,Dhabaleswar Mahananda,BSP,15068,2010,1.02536372354969,5,51,2,OR,Dhabaleswar Mahananda,BSP,,,,,False,51,2024,AE
1280517,Ashwini Kumar Sarangi,BJP,15061,77766,46.3389345727565,1,51,3,OR,Ashwini Kumar Sarangi,BJP,,,,,True,51,2024,AE
1280518,Debesh Acharya,BJD,15062,72994,43.4954117506852,2,51,3,OR,Debesh Acharya,BJD,,,,,True,51,2024,AE
1280519,Nipon Kumar Dash,INC,15063,10272,6.12084376117268,3,51,3,OR,Nipon Kumar Dash,INC,,,,,True,51,2024,AE
1280520,Nanda Nandan Mahananda,IND,15070,2080,1.23942319151471,4,51,3,OR,Nanda Nandan Mahananda,IND,,,,,False,51,2024,AE
1280521,Jayashankar Sinha,BSP,15068,1202,0.716243594327255,5,51,3,OR,Jayashankar Sinha,BSP,,,,,False,51,2024,AE
1280522,Nota,NOTA,15065,1187,0.707305446311524,6,51,3,OR,Nota,NOTA,,,,,False,51,2024,AE
1280523,Bhakta Binod Baba,IND,15070,757,0.451078536527231,7,51,3,OR,Bhakta Binod Baba,IND,,,,,False,51,2024,AE
1280524,Ashish Satpathy,AAAP,15067,702,0.418305327136217,8,51,3,OR,Ashish Satpathy,AAAP,,,,,False,51,2024,AE
1280525,Pandaba Karna,IND,15070,476,0.283637230365868,9,51,3,OR,Pandaba Karna,IND,,,,,False,51,2024,AE
1280526,Muktanag,RSHTMNVP,15083,384,0.228816589202717,10,51,3,OR,Muktanag,RSHTMNVP,,,,,False,51,2024,AE
1280582,Nihar Ranjan Mahanand,BJP,15061,99487,55.1727771338572,1,51,4,OR,Nihar Ranjan Mahanand,BJP,,,,,False,51,2024,AE
1280583,Snehangini Chhuria,BJD,15062,70577,39.1400795257294,2,51,4,OR,Snehangini Chhuria,BJD,,,,,True,51,2024,AE
1280584,Abhishek Seth,INC,15063,6065,3.36348360405725,3,51,4,OR,Abhishek Seth,INC,,,,,False,51,2024,AE
1280585,Nota,NOTA,15065,1808,1.0026674948286,4,51,4,OR,Nota,NOTA,,,,,False,51,2024,AE
1280586,Bhuban Bhosagar,BSP,15068,1207,0.669369284434807,5,51,4,OR,Bhuban Bhosagar,BSP,,,,,False,51,2024,AE
1280587,Jayakrishna Chhuria,AAAP,15067,1175,0.651622957092707,6,51,4,OR,Jayakrishna Chhuria,AAAP,,,,,False,51,2024,AE
1280643,Irasis Acharya,BJP,15061,107508,54.6519312301107,1,51,5,OR,Irasis Acharya,BJP,,,,,True,51,2024,AE
1280644,Susanta Singh,BJD,15062,79616,40.4729709120855,2,51,5,OR,Susanta Singh,BJD,,,,,True,51,2024,AE
1280645,Brahma Mahakud,INC,15063,4614,2.34553717579836,3,51,5,OR,Brahma Mahakud,INC,,,,,False,51,2024,AE
1280646,Narayan Vesra,BSP,15068,1310,0.66594141748935,4,51,5,OR,Narayan Vesra,BSP,,,,,True,51,2024,AE
1280647,Nota,NOTA,15065,1229,0.62476488709497,5,51,5,OR,Nota,NOTA,,,,,False,51,2024,AE
1280648,Mohammad Shahrukh Lodhia,AAAP,15067,1027,0.522077737222566,6,51,5,OR,Mohammad Shahrukh Lodhia,AAAP,,,,,False,51,2024,AE
1280649,Ballabha Patra,IND,15070,731,0.371605478003599,7,51,5,OR,Ballabha Patra,IND,,,,,False,51,2024,AE
1280650,Sabitri Acharya,IND,15070,679,0.345171162194861,8,51,5,OR,Sabitri Acharya,IND,,,,,False,51,2024,AE
1280723,Suresh Pujari,BJP,15061,82199,48.850048731785,1,51,6,OR,Suresh Pujari,BJP,,,,,False,51,2024,AE
1280724,Alaka Mohanty,BJD,15062,55410,32.9296122851641,2,51,6,OR,Alaka Mohanty,BJD,,,,,False,51,2024,AE
1280725,Kishore Chandra Patel,INC,15063,21809,12.9608719423776,3,51,6,OR,Kishore Chandra Patel,INC,,,,,False,51,2024,AE
1280726,Ramesh Kumar Tripathy,CPI,15064,3418,2.03128342881593,4,51,6,OR,Ramesh Kumar Tripathy,CPI,,,,,False,51,2024,AE
1280727,Nota,NOTA,15065,1384,0.822497444552737,5,51,6,OR,Nota,NOTA,,,,,False,51,2024,AE
1280728,Sujata Suna,BSP,15068,1378,0.818931704186179,6,51,6,OR,Sujata Suna,BSP,,,,,False,51,2024,AE
1280729,Kumud Ranjan Prasad,AAAP,15067,1108,0.658473387691064,7,51,6,OR,Kumud Ranjan Prasad,AAAP,,,,,False,51,2024,AE
1280730,Suprit Kumar Behera,IND,15070,573,0.340528205006299,8,51,6,OR,Suprit Kumar Behera,IND,,,,,False,51,2024,AE
1280731,Hemanta Kumar Rana,IND,15070,536,0.318539472745857,9,51,6,OR,Hemanta Kumar Rana,IND,,,,,False,51,2024,AE
1280732,Abyaybharati Shekhawat Rajput Jain,IND,15070,453,0.269213397675137,10,51,6,OR,Abyaybharati Shekhawat Rajput Jain,IND,,,,,False,51,2024,AE
1280806,Tankadhar Tripathy,BJP,15061,91105,47.6939587477751,1,51,7,OR,Tankadhar Tripathy,BJP,,,,,False,51,2024,AE
1280807,Dipali Das,BJD,15062,89772,46.9961260600984,2,51,7,OR,Dipali Das,BJD,,,,,False,51,2024,AE
1280808,Amita Biswal,INC,15063,5775,3.02324363940948,3,51,7,OR,Amita Biswal,INC,,,,,False,51,2024,AE
1280809,Nota,NOTA,15065,1297,0.678986493560883,4,51,7,OR,Nota,NOTA,,,,,False,51,2024,AE
1280810,Kartikeswar Ghugar,BSP,15068,721,0.377447387708093,5,51,7,OR,Kartikeswar Ghugar,BSP,,,,,True,51,2024,AE
1280811,Gnyanendra Behera,IND,15070,630,0.329808397026489,6,51,7,OR,Gnyanendra Behera,IND,,,,,False,51,2024,AE
1280812,Sanjita Kisan,IND,15070,591,0.309391686734373,7,51,7,OR,Sanjita Kisan,IND,,,,,False,51,2024,AE
1280813,Kalakara Naik,NAPt,15075,566,0.296304051931734,8,51,7,OR,Kalakara Naik,NAPt,,,,,False,51,2024,AE
1280814,Sadhana Pandey,IND,15070,563,0.294733535755418,9,51,7,OR,Sadhana Pandey,IND,,,,,False,51,2024,AE
1280882,Bhabani Shankar Bhoi,BJP,15061,68928,42.671156977212,1,51,8,OR,Bhabani Shankar Bhoi,BJP,,,,,True,51,2024,AE
1280883,Binaya Kumar Toppo,BJD,15062,51739,32.0299876805358,2,51,8,OR,Binaya Kumar Toppo,BJD,,,,,False,51,2024,AE
1280884,Devendra Bhitria,INC,15063,35262,21.8295951910755,3,51,8,OR,Devendra Bhitria,INC,,,,,False,51,2024,AE
1280885,Nota,NOTA,15065,1885,1.166944215733,4,51,8,OR,Nota,NOTA,,,,,False,51,2024,AE
1280886,Bikram Toppo,IND,15070,973,0.602353698625048,5,51,8,OR,Bikram Toppo,IND,,,,,False,51,2024,AE
1280887,Sanjeet Pradhan,BSP,15068,918,0.568304928404722,6,51,8,OR,Sanjeet Pradhan,BSP,,,,,True,51,2024,AE
1280888,Damodar Bhitria,OPD,15088,728,0.45068190400723,7,51,8,OR,Damodar Bhitria,OPD,,,,,False,51,2024,AE
1280889,Tikeswar Toppo,NAPt,15075,557,0.344821182049488,8,51,8,OR,Tikeswar Toppo,NAPt,,,,,False,51,2024,AE
1280890,Anil Kumar Barla,MODL,15102,543,0.336154222357041,9,51,8,OR,Anil Kumar Barla,MODL,,,,,False,51,2024,AE
1280953,Jogesh Kumar Singh,BJD,15062,86398,48.1486847971466,1,51,9,OR,Jogesh Kumar Singh,BJD,,,,,True,51,2024,AE
1280954,Kusum Tete,BJP,15061,77276,43.0650913954525,2,51,9,OR,Kusum Tete,BJP,,,,,True,51,2024,AE
1280955,Sudharani Raudia,INC,15063,8301,4.62605884975479,3,51,9,OR,Sudharani Raudia,INC,,,,,False,51,2024,AE
1280956,Rajendra Naik,CPI,15064,2847,1.58660276415514,4,51,9,OR,Rajendra Naik,CPI,,,,,False,51,2024,AE
1280957,Nota,NOTA,15065,1755,0.978042799821667,5,51,9,OR,Nota,NOTA,,,,,False,51,2024,AE
1280958,Babulu Kishan,BSP,15068,1141,0.63586714222024,6,51,9,OR,Babulu Kishan,BSP,,,,,False,51,2024,AE
1280959,Debendra Kumar Bhitria,IND,15070,810,0.451404369148461,7,51,9,OR,Debendra Kumar Bhitria,IND,,,,,False,51,2024,AE
1280960,Nilima Lakra,NAPt,15075,471,0.262483281319661,8,51,9,OR,Nilima Lakra,NAPt,,,,,False,51,2024,AE
1280961,Janma Oram,HMR,15103,441,0.245764600980829,9,51,9,OR,Janma Oram,HMR,,,,,False,51,2024,AE
1281037,Rohit Joseph Tirkey,BJD,15062,84116,44.5298520894874,1,51,10,OR,Rohit Joseph Tirkey,BJD,,,,,False,51,2024,AE
1281038,Shankar Oram,BJP,15061,77232,40.8855572848839,2,51,10,OR,Shankar Oram,BJP,,,,,True,51,2024,AE
1281039,Remish Jojo,JKP,15101,8871,4.69618524282946,3,51,10,OR,Remish Jojo,JKP,,,,,False,51,2024,AE
1281040,Rajesh Kerketta,IND,15070,4938,2.61410920179144,4,51,10,OR,Rajesh Kerketta,IND,,,,,False,51,2024,AE
1281041,Behera Naik,SUCI,15093,2534,1.34146470582007,5,51,10,OR,Behera Naik,SUCI,,,,,False,51,2024,AE
1281042,Sujit Dungdung,IND,15070,2135,1.13023960020751,6,51,10,OR,Sujit Dungdung,IND,,,,,False,51,2024,AE
1281043,Nota,NOTA,15065,1909,1.0105983123167,7,51,10,OR,Nota,NOTA,,,,,False,51,2024,AE
1281044,Dabit Kumar Lugun,IND,15070,1538,0.814196021133098,8,51,10,OR,Dabit Kumar Lugun,IND,,,,,False,51,2024,AE
1281045,Anil Kumar Jate,NAPt,15075,1441,0.762845556861374,9,51,10,OR,Anil Kumar Jate,NAPt,,,,,False,51,2024,AE
1281046,Prasan Kumari Kullu,IND,15070,936,0.49550551091065,10,51,10,OR,Prasan Kumari Kullu,IND,,,,,False,51,2024,AE
1281047,Laxman Tirkey,IND,15070,930,0.492329193533017,11,51,10,OR,Laxman Tirkey,IND,,,,,False,51,2024,AE
1281048,Daud Burh,IND,15070,794,0.420332666306684,12,51,10,OR,Daud Burh,IND,,,,,False,51,2024,AE
1281050,Mahagodevi Koili Bhagat,IND,15070,762,0.4,13,51,10,OR,Mahagodevi Koili Bhagat,IND,,,,,False,51,2024,AE
1281049,Anila Dhanwar,IND,15070,762,0.403392306959311,13,51,10,OR,Anila Dhanwar,IND,,,,,False,51,2024,AE
1281125,Durga Charan Tanti,BJP,15061,51189,43.7172797226089,1,51,11,OR,Durga Charan Tanti,BJP,,,,,False,51,2024,AE
1281126,Archana Rekha Behera,BJD,15062,45415,38.7860723710618,2,51,11,OR,Archana Rekha Behera,BJD,,,,,False,51,2024,AE
1281127,Gopal Das,INC,15063,17038,14.5510756591027,3,51,11,OR,Gopal Das,INC,,,,,False,51,2024,AE
1281128,Nota,NOTA,15065,1203,1.02740603462264,4,51,11,OR,Nota,NOTA,,,,,False,51,2024,AE
1281129,Rajan Kumar Tanty,BSP,15068,658,0.561956085437821,5,51,11,OR,Rajan Kumar Tanty,BSP,,,,,False,51,2024,AE
1281130,Biswakarma Bag,IND,15070,554,0.473136278620901,6,51,11,OR,Biswakarma Bag,IND,,,,,False,51,2024,AE
1281131,Srikant Naik,NAPt,15075,405,0.345884824623583,7,51,11,OR,Srikant Naik,NAPt,,,,,False,51,2024,AE
1281132,Rashmi Rekha Mallick,MVD,15105,335,0.286102262342964,8,51,11,OR,Rashmi Rekha Mallick,MVD,,,,,False,51,2024,AE
1281133,Priti Nag,SBKP,15106,294,0.251086761578601,9,51,11,OR,Priti Nag,SBKP,,,,,False,51,2024,AE
1281211,Sarada Prasad Nayak,BJD,15062,64660,46.4611626068836,1,51,12,OR,Sarada Prasad Nayak,BJD,,,,,True,51,2024,AE
1281212,Dilip Kumar Ray,BJP,15061,61108,43.9088884098584,2,51,12,OR,Dilip Kumar Ray,BJP,,,,,False,51,2024,AE
1281213,Birendra Nath Pattnaik,INC,15063,8751,6.28799310196162,3,51,12,OR,Birendra Nath Pattnaik,INC,,,,,False,51,2024,AE
1281214,Nihar Ray,IND,15070,2522,1.81217216354099,4,51,12,OR,Nihar Ray,IND,,,,,False,51,2024,AE
1281215,Nota,NOTA,15065,837,0.601422720413882,5,51,12,OR,Nota,NOTA,,,,,False,51,2024,AE
1281216,Biswanath Lakra,IND,15070,246,0.176762233239922,6,51,12,OR,Biswanath Lakra,IND,,,,,False,51,2024,AE
1281217,Thomas Bartholomio Dungdung,IND,15070,222,0.159517137314076,7,51,12,OR,Thomas Bartholomio Dungdung,IND,,,,,False,51,2024,AE
1281218,Kamal Kishore Agarwal,ICPa,15107,219,0.157361500323345,8,51,12,OR,Kamal Kishore Agarwal,ICPa,,,,,False,51,2024,AE
1281219,Nirmal Kumar Das,BHRJWNKP,15108,170,0.122152762808076,9,51,12,OR,Nirmal Kumar Das,BHRJWNKP,,,,,False,51,2024,AE
1281220,Dhruba Charan Behera,IND,15070,159,0.11424876050873,10,51,12,OR,Dhruba Charan Behera,IND,,,,,False,51,2024,AE
1281221,Swarup Mishra,KJD,15104,148,0.106344758209384,11,51,12,OR,Swarup Mishra,KJD,,,,,False,51,2024,AE
1281222,Milan Chandra Mahanta,AJSUP,15109,128,0.0919738449378458,12,51,12,OR,Milan Chandra Mahanta,AJSUP,,,,,False,51,2024,AE
1281309,C.S. Raazen Ekka,INC,15063,66869,36.7351535461187,1,51,13,OR,C.S. Raazen Ekka,INC,,,,,False,51,2024,AE
1281310,Anil Barwa,BJD,15062,56685,31.1404713508762,2,51,13,OR,Anil Barwa,BJD,,,,,False,51,2024,AE
1281311,Narasingha Minz,BJP,15061,52655,28.9265505685875,3,51,13,OR,Narasingha Minz,BJP,,,,,True,51,2024,AE
1281312,Nota,NOTA,15065,1944,1.06795583145635,4,51,13,OR,Nota,NOTA,,,,,False,51,2024,AE
1281313,Leoni Tirkey,SUCI,15093,1621,0.890512552875899,5,51,13,OR,Leoni Tirkey,SUCI,,,,,False,51,2024,AE
1281314,Gregory Minz,IND,15070,1268,0.696588474427292,6,51,13,OR,Gregory Minz,IND,,,,,True,51,2024,AE
1281315,Rosan Ekka,NAPt,15075,988,0.542767675657858,7,51,13,OR,Rosan Ekka,NAPt,,,,,False,51,2024,AE
1281386,Laxman Munda,CPI(M),15110,81008,43.4524671590793,1,51,14,OR,Laxman Munda,CPI(M),,,,,False,51,2024,AE
1281387,Bhimsen Choudhury,BJD,15062,57569,30.8798523834811,2,51,14,OR,Bhimsen Choudhury,BJD,,,,,False,51,2024,AE
1281388,Sebati Naik,BJP,15061,30067,16.1278556447762,3,51,14,OR,Sebati Naik,BJP,,,,,False,51,2024,AE
1281389,Manga Oram,IND,15070,5046,2.70666044445874,4,51,14,OR,Manga Oram,IND,,,,,False,51,2024,AE
1281390,Nota,NOTA,15065,3126,1.67677775453389,5,51,14,OR,Nota,NOTA,,,,,False,51,2024,AE
1281391,Kuni Munda,AAAP,15067,2977,1.59685456661785,6,51,14,OR,Kuni Munda,AAAP,,,,,False,51,2024,AE
1281392,Baji Kisan,IND,15070,2106,1.12965257551132,7,51,14,OR,Baji Kisan,IND,,,,,False,51,2024,AE
1281393,Nabin Chandra Kisan,AJSUP,15109,1577,0.84589843854765,8,51,14,OR,Nabin Chandra Kisan,AJSUP,,,,,False,51,2024,AE
1281394,Manai Munda,IND,15070,1036,0.55570753477195,9,51,14,OR,Manai Munda,IND,,,,,False,51,2024,AE
1281395,Ashok Kumar Lohar,IND,15070,1027,0.550879959662927,10,51,14,OR,Ashok Kumar Lohar,IND,,,,,False,51,2024,AE
1281396,Gopinath Kisan,IND,15070,890,0.477393538558915,11,51,14,OR,Gopinath Kisan,IND,,,,,True,51,2024,AE
1281469,Rabi Narayan Naik,BJP,15061,95716,51.8333595074217,1,51,15,OR,Rabi Narayan Naik,BJP,,,,,False,51,2024,AE
1281470,Rajendra Kumar Chhatria,BJD,15062,63496,34.3851706640817,2,51,15,OR,Rajendra Kumar Chhatria,BJD,,,,,False,51,2024,AE
1281471,Kedar Nath Bariha,INC,15063,21285,11.5265269872902,3,51,15,OR,Kedar Nath Bariha,INC,,,,,False,51,2024,AE
1281472,Nota,NOTA,15065,2782,1.5065444246484,4,51,15,OR,Nota,NOTA,,,,,False,51,2024,AE
1281473,Minakshee Majhee,IND,15070,1382,0.748398416557908,5,51,15,OR,Minakshee Majhee,IND,,,,,False,51,2024,AE
1281551,Sudarshan Haripal,BJD,15062,73420,45.453419840523,1,51,16,OR,Sudarshan Haripal,BJD,,,,,False,51,2024,AE
1281552,Nauri Nayak,BJP,15061,70208,43.4649101084641,2,51,16,OR,Nauri Nayak,BJP,,,,,True,51,2024,AE
1281553,Dillip Kumar Duria,INC,15063,9365,5.79775642613045,3,51,16,OR,Dillip Kumar Duria,INC,,,,,False,51,2024,AE
1281554,Nota,NOTA,15065,1820,1.12673963647169,4,51,16,OR,Nota,NOTA,,,,,False,51,2024,AE
1281555,Anandini Besan,BSP,15068,1538,0.952156901589817,5,51,16,OR,Anandini Besan,BSP,,,,,False,51,2024,AE
1281556,Lankesh Ravan,IND,15070,1458,0.90262988460205,6,51,16,OR,Lankesh Ravan,IND,,,,,False,51,2024,AE
1281557,Sushanta Kumar Dansana,IND,15070,1419,0.878485463820514,7,51,16,OR,Sushanta Kumar Dansana,IND,,,,,False,51,2024,AE
1281558,Sitakanta Rohidas,AAAP,15067,1123,0.695235500965776,8,51,16,OR,Sitakanta Rohidas,AAAP,,,,,False,51,2024,AE
1281559,Basudeb Sunani,IND,15070,484,0.299638452775989,9,51,16,OR,Basudeb Sunani,IND,,,,,False,51,2024,AE
1281560,Ukar Kalet,BNARP,15117,406,0.251349611212916,10,51,16,OR,Ukar Kalet,BNARP,,,,,False,51,2024,AE
1281561,Hamid Prasad Luha,PCHVP,15069,287,0.177678173443613,11,51,16,OR,Hamid Prasad Luha,PCHVP,,,,,False,51,2024,AE
1281640,Jayanarayan Mishra,BJP,15061,59827,45.5217804831653,1,51,17,OR,Jayanarayan Mishra,BJP,,,,,True,51,2024,AE
1281641,Rohit Pujari,BJD,15062,55722,42.3983260414685,2,51,17,OR,Rohit Pujari,BJD,,,,,False,51,2024,AE
1281642,Durga Prasad Padhi,INC,15063,10265,7.81053832984591,3,51,17,OR,Durga Prasad Padhi,INC,,,,,False,51,2024,AE
1281643,Anil Naik,BSP,15068,2477,1.88472512840022,4,51,17,OR,Anil Naik,BSP,,,,,False,51,2024,AE
1281644,Nota,NOTA,15065,1513,1.15122693551455,5,51,17,OR,Nota,NOTA,,,,,False,51,2024,AE
1281645,Ram Krishana Shashini,IND,15070,551,0.419250523112041,6,51,17,OR,Ram Krishana Shashini,IND,,,,,False,51,2024,AE
1281646,Mahesh Sharma,IND,15070,349,0.265550694312345,7,51,17,OR,Mahesh Sharma,IND,,,,,False,51,2024,AE
1281647,Anil Kumar Yadav,SP,15081,286,0.217614609092638,8,51,17,OR,Anil Kumar Yadav,SP,,,,,False,51,2024,AE
1281648,Prabhas Pruseth,IND,15070,270,0.205440365227315,9,51,17,OR,Prabhas Pruseth,IND,,,,,True,51,2024,AE
1281649,Nandi Kishor Meher,NAPt,15075,165,0.125546889861137,10,51,17,OR,Nandi Kishor Meher,NAPt,,,,,False,51,2024,AE
1281729,Prasanna Acharya,BJD,15062,61716,38.2322331251858,1,51,18,OR,Prasanna Acharya,BJD,,,,,False,51,2024,AE
1281730,Debendra Mohapatra,BJP,15061,56756,35.1595797403112,2,51,18,OR,Debendra Mohapatra,BJP,,,,,True,51,2024,AE
1281731,Assaf Ali Khan,INC,15063,37579,23.2796857964119,3,51,18,OR,Assaf Ali Khan,INC,,,,,True,51,2024,AE
1281732,Nota,NOTA,15065,1826,1.13118247596392,4,51,18,OR,Nota,NOTA,,,,,False,51,2024,AE
1281733,Sanjit Kumar Babanga,IND,15070,1226,0.759490534245217,5,51,18,OR,Sanjit Kumar Babanga,IND,,,,,False,51,2024,AE
1281734,Prabhakar Ranjit,BSP,15068,1072,0.664089602537416,6,51,18,OR,Prabhakar Ranjit,BSP,,,,,False,51,2024,AE
1281735,Ashraya Mahananda,IND,15070,664,0.411339082168698,7,51,18,OR,Ashraya Mahananda,IND,,,,,False,51,2024,AE
1281736,Manoj Kumar Mishra,KS,15092,585,0.362399643175735,8,51,18,OR,Manoj Kumar Mishra,KS,,,,,False,51,2024,AE
1281816,Romancha Ranjan Biswal,BJD,15062,89074,45.0157424206435,1,51,19,OR,Romancha Ranjan Biswal,BJD,,,,,True,51,2024,AE
1281817,Subash Chandra Panigrahi,BJP,15061,73282,37.0348657977591,2,51,19,OR,Subash Chandra Panigrahi,BJP,,,,,True,51,2024,AE
1281818,Sem Hemram,INC,15063,28279,14.2914899961086,3,51,19,OR,Sem Hemram,INC,,,,,False,51,2024,AE
1281819,Nota,NOTA,15065,2767,1.39837168284707,4,51,19,OR,Nota,NOTA,,,,,False,51,2024,AE
1281820,Pramod Kumar Jhankar,IND,15070,1454,0.734814754918558,5,51,19,OR,Pramod Kumar Jhankar,IND,,,,,False,51,2024,AE
1281821,Shrimanta Sahu,IND,15070,1087,0.549342254880655,6,51,19,OR,Shrimanta Sahu,IND,,,,,False,51,2024,AE
1281822,Dolakara Bhoi,PBI,15111,905,0.457364066850959,7,51,19,OR,Dolakara Bhoi,PBI,,,,,False,51,2024,AE
1281823,Nirakara Pradhan,IND,15070,563,0.284525933300652,8,51,19,OR,Nirakara Pradhan,IND,,,,,False,51,2024,AE
1281824,Jyoti Julian Lakra,IND,15070,462,0.233483092690766,9,51,19,OR,Jyoti Julian Lakra,IND,,,,,False,51,2024,AE
1281891,Dr. Fakir Mohan Naik,BJP,15061,83818,43.4923385862317,1,51,20,OR,Dr. Fakir Mohan Naik,BJP,,,,,False,51,2024,AE
1281892,Madhaba Sardar,BJD,15062,74379,38.594534010658,2,51,20,OR,Madhaba Sardar,BJD,,,,,False,51,2024,AE
1281893,Nirmal Chandra Nayak,INC,15063,11395,5.91275380216792,3,51,20,OR,Nirmal Chandra Nayak,INC,,,,,False,51,2024,AE
1281894,Nota,NOTA,15065,6877,3.56840788920656,4,51,20,OR,Nota,NOTA,,,,,False,51,2024,AE
1281895,Pramod Juanga,MLD,15121,6296,3.26693268437465,5,51,20,OR,Pramod Juanga,MLD,,,,,False,51,2024,AE
1281896,Ghanashyam Bari,RSHTMNVP,15083,4977,2.58251651368054,6,51,20,OR,Ghanashyam Bari,RSHTMNVP,,,,,False,51,2024,AE
1281897,Jagannath Majhi,BSP,15068,2951,1.53124497325121,7,51,20,OR,Jagannath Majhi,BSP,,,,,False,51,2024,AE
1281898,Ajay Kumar Nayak,IND,15070,2026,1.05127154042932,8,51,20,OR,Ajay Kumar Nayak,IND,,,,,False,51,2024,AE
1281963,Badri Narayan Patra,BJD,15062,82516,43.9600014916865,1,51,21,OR,Badri Narayan Patra,BJD,,,,,False,51,2024,AE
1281964,Soumya Ranjan Patnaik,IND,15070,68705,36.602257774084,2,51,21,OR,Soumya Ranjan Patnaik,IND,,,,,False,51,2024,AE
1281965,Shambhunath Rout,BJP,15061,23813,12.6862610344845,3,51,21,OR,Shambhunath Rout,BJP,,,,,False,51,2024,AE
1281966,Debendra Nath Swain,IND,15070,2897,1.54336279414193,4,51,21,OR,Debendra Nath Swain,IND,,,,,False,51,2024,AE
1281967,Subrat Kumar Chakra,INC,15063,2807,1.49541572770328,5,51,21,OR,Subrat Kumar Chakra,INC,,,,,False,51,2024,AE
1281968,Nota,NOTA,15065,1844,0.982382116809708,6,51,21,OR,Nota,NOTA,,,,,False,51,2024,AE
1281969,Bichitra Patra,BSP,15068,1738,0.92591112744863,7,51,21,OR,Bichitra Patra,BSP,,,,,False,51,2024,AE
1281970,Pramila Hasda,IND,15070,1214,0.646752651739146,8,51,21,OR,Pramila Hasda,IND,,,,,False,51,2024,AE
1281971,Narendra Nath Nayak,IND,15070,631,0.336162210253213,9,51,21,OR,Narendra Nath Nayak,IND,,,,,False,51,2024,AE
1281972,Gyanalok Panda,IND,15070,410,0.218425524887191,10,51,21,OR,Gyanalok Panda,IND,,,,,False,51,2024,AE
1281973,Khatua Juanga,MLD,15121,328,0.174740419909752,11,51,21,OR,Khatua Juanga,MLD,,,,,False,51,2024,AE
1281974,Jagabandhu Mahanta,UWF,15124,313,0.166749242169977,12,51,21,OR,Jagabandhu Mahanta,UWF,,,,,False,51,2024,AE
1281975,Ratna Kar Mahanta,AJSUP,15109,277,0.147570415594516,13,51,21,OR,Ratna Kar Mahanta,AJSUP,,,,,False,51,2024,AE
1281976,Pravat Kumar Das,ODSHJP,15074,214,0.11400746908746,14,51,21,OR,Pravat Kumar Das,ODSHJP,,,,,False,51,2024,AE
1282037,Abhimanyu Sethi,BJD,15062,71651,39.6740845741117,1,51,22,OR,Abhimanyu Sethi,BJD,,,,,False,51,2024,AE
1282038,Jayadev Jena,INC,15063,60685,33.6020686714765,2,51,22,OR,Jayadev Jena,INC,,,,,True,51,2024,AE
1282039,Alok Kumar Sethy,BJP,15061,42591,23.5831870608364,3,51,22,OR,Alok Kumar Sethy,BJP,,,,,True,51,2024,AE
1282040,Jhansirani Das,IND,15070,1707,0.945187957851372,4,51,22,OR,Jhansirani Das,IND,,,,,False,51,2024,AE
1282041,Nota,NOTA,15065,1605,0.888709239807529,5,51,22,OR,Nota,NOTA,,,,,False,51,2024,AE
1282042,Nilakantha Jena,SUCI,15093,963,0.533225543884517,6,51,22,OR,Nilakantha Jena,SUCI,,,,,False,51,2024,AE
1282043,Biswanath Pratap Jena,IND,15070,895,0.495573065188622,7,51,22,OR,Biswanath Pratap Jena,IND,,,,,False,51,2024,AE
1282044,Debendra Jena,BSP,15068,502,0.277963886843227,8,51,22,OR,Debendra Jena,BSP,,,,,False,51,2024,AE
1282110,Akhila Chandra Naik,BJP,15061,97041,55.7197733105954,1,51,23,OR,Akhila Chandra Naik,BJP,,,,,False,51,2024,AE
1282111,Jagannath Naik,BJD,15062,59062,33.9126889796105,2,51,23,OR,Jagannath Naik,BJD,,,,,True,51,2024,AE
1282112,Hrushikesh Naik,INC,15063,9871,5.66780930069648,3,51,23,OR,Hrushikesh Naik,INC,,,,,False,51,2024,AE
1282113,Nota,NOTA,15065,2353,1.351064257374,4,51,23,OR,Nota,NOTA,,,,,False,51,2024,AE
1282114,Deepak Kumar Nayak,IND,15070,1292,0.741850837453131,5,51,23,OR,Deepak Kumar Nayak,IND,,,,,False,51,2024,AE
1282115,Benudhar Sardar,SUCI,15093,1084,0.622419742878633,6,51,23,OR,Benudhar Sardar,SUCI,,,,,True,51,2024,AE
1282116,Anirudha Naik,IND,15070,982,0.563852571500755,7,51,23,OR,Anirudha Naik,IND,,,,,False,51,2024,AE
1282117,Lokanath Naik,IND,15070,775,0.444995664880942,8,51,23,OR,Lokanath Naik,IND,,,,,False,51,2024,AE
1282118,Dullav Naik,BSP,15068,734,0.421453958738853,9,51,23,OR,Dullav Naik,BSP,,,,,False,51,2024,AE
1282119,Dhaneswar Mundari,MLD,15121,496,0.284797225523802,10,51,23,OR,Dhaneswar Mundari,MLD,,,,,False,51,2024,AE
1282120,Dutta Munda,IND,15070,469,0.269294150747305,11,51,23,OR,Dutta Munda,IND,,,,,False,51,2024,AE
1282186,Mohan Charan Majhi,BJP,15061,87815,47.0474465850888,1,51,24,OR,Mohan Charan Majhi,BJP,,,,,True,51,2024,AE
1282187,Mina Majhi,BJD,15062,76238,40.84499496389,2,51,24,OR,Mina Majhi,BJD,,,,,False,51,2024,AE
1282188,Prativa Manjari Naik,INC,15063,11904,6.37764395773953,3,51,24,OR,Prativa Manjari Naik,INC,,,,,False,51,2024,AE
1282189,Nota,NOTA,15065,3120,1.6715599082785,4,51,24,OR,Nota,NOTA,,,,,False,51,2024,AE
1282190,Sasmitarani Singh,IND,15070,2614,1.4004671795641,5,51,24,OR,Sasmitarani Singh,IND,,,,,False,51,2024,AE
1282191,Jeevan Singh Munda,IND,15070,1204,0.645050682553629,6,51,24,OR,Jeevan Singh Munda,IND,,,,,False,51,2024,AE
1282192,Ram Prasad Hembram,BSP,15068,921,0.493431626770674,7,51,24,OR,Ram Prasad Hembram,BSP,,,,,True,51,2024,AE
1282193,Golap Juanga,MLD,15121,844,0.45217838544457,8,51,24,OR,Golap Juanga,MLD,,,,,False,51,2024,AE
1282194,Raj Kishore Munda,IND,15070,719,0.385208837837258,9,51,24,OR,Raj Kishore Munda,IND,,,,,False,51,2024,AE
1282195,Jayakrushna Naik,UWF,15124,714,0.382530055932966,10,51,24,OR,Jayakrushna Naik,UWF,,,,,False,51,2024,AE
1282196,Jharana Naik,IND,15070,559,0.299487816899899,11,51,24,OR,Jharana Naik,IND,,,,,False,51,2024,AE
1282285,Sanatan Mahakud,BJD,15062,103120,56.4521426850898,1,51,25,OR,Sanatan Mahakud,BJD,,,,,False,51,2024,AE
1282286,Murali Manohar Sharma,BJP,15061,63126,34.5577769505332,2,51,25,OR,Murali Manohar Sharma,BJP,,,,,True,51,2024,AE
1282287,Yashbant Narayan Singh Laguri,INC,15063,8649,4.73481945387259,3,51,25,OR,Yashbant Narayan Singh Laguri,INC,,,,,False,51,2024,AE
1282288,Nota,NOTA,15065,1343,0.735213611579477,4,51,25,OR,Nota,NOTA,,,,,False,51,2024,AE
1282289,Jayi Munda,BSP,15068,1303,0.713315961197363,5,51,25,OR,Jayi Munda,BSP,,,,,False,51,2024,AE
1282290,Kshirod Kumar Giri,IND,15070,740,0.405106532069108,6,51,25,OR,Kshirod Kumar Giri,IND,,,,,False,51,2024,AE
1282291,Santosh Kumar Mohapatra,IND,15070,678,0.371165173976832,7,51,25,OR,Santosh Kumar Mohapatra,IND,,,,,False,51,2024,AE
1282292,Basamati Munda,IND,15070,608,0.332844285808132,8,51,25,OR,Basamati Munda,IND,,,,,False,51,2024,AE
1282293,Benudhar Mahanta,IND,15070,547,0.299450368975408,9,51,25,OR,Benudhar Mahanta,IND,,,,,False,51,2024,AE
1282294,Ankaj Kumar Jaiswal,APoI,15077,542,0.296713162677644,10,51,25,OR,Ankaj Kumar Jaiswal,APoI,,,,,False,51,2024,AE
1282295,Gurubux Singh Ahluwalia,IND,15070,493,0.269888540959555,11,51,25,OR,Gurubux Singh Ahluwalia,IND,,,,,True,51,2024,AE
1282297,Jakriash Kispatta,IND,15070,388,0.21,12,51,25,OR,Jakriash Kispatta,IND,,,,,False,51,2024,AE
1282296,Raghunath Naik,MLD,15121,388,0.212407208706505,12,51,25,OR,Raghunath Naik,MLD,,,,,False,51,2024,AE
1282298,Sanjay Kumar Mahanta,AJSUP,15109,339,0.185582586988416,14,51,25,OR,Sanjay Kumar Mahanta,AJSUP,,,,,False,51,2024,AE
1282299,Kshitish Chandra Mahanta,UWF,15124,238,0.130291019773578,15,51,25,OR,Kshitish Chandra Mahanta,UWF,,,,,False,51,2024,AE
1282300,Basanta Kumar Mohanta,ICPa,15107,166,0.090875249085773,16,51,25,OR,Basanta Kumar Mohanta,ICPa,,,,,False,51,2024,AE
1282382,Ganesh Ram Singkhuntia,BJP,15061,85384,50.2515993479015,1,51,26,OR,Ganesh Ram Singkhuntia,BJP,,,,,False,51,2024,AE
1282383,Chakradhar Hembram,BJD,15062,50717,29.8488049766645,2,51,26,OR,Chakradhar Hembram,BJD,,,,,False,51,2024,AE
1282384,Shweta Chattar,INC,15063,18151,10.6825257631846,3,51,26,OR,Shweta Chattar,INC,,,,,False,51,2024,AE
1282385,Nilambar Naik,SUCI,15093,6146,3.61714524491945,4,51,26,OR,Nilambar Naik,SUCI,,,,,False,51,2024,AE
1282386,Nota,NOTA,15065,3555,2.09224720886571,5,51,26,OR,Nota,NOTA,,,,,False,51,2024,AE
1282387,Jogendra Nath Purty,IND,15070,2101,1.2365151577572,6,51,26,OR,Jogendra Nath Purty,IND,,,,,False,51,2024,AE
1282388,Maina Beshra,IND,15070,1169,0.687999152507459,7,51,26,OR,Maina Beshra,IND,,,,,False,51,2024,AE
1282389,Naba Kishore Tudu,IND,15070,1011,0.595010387668983,8,51,26,OR,Naba Kishore Tudu,IND,,,,,False,51,2024,AE
1282390,Dillip Naik,BNARP,15117,999,0.587947949833149,9,51,26,OR,Dillip Naik,BNARP,,,,,False,51,2024,AE
1282391,Captain Debananda Pingua,IND,15070,680,0.400204810697239,10,51,26,OR,Captain Debananda Pingua,IND,,,,,False,51,2024,AE
1282470,Bhadav Hansdah,BJP,15061,59387,37.7933764382445,1,51,27,OR,Bhadav Hansdah,BJP,,,,,False,51,2024,AE
1282471,Debashis Marndi,BJD,15062,45735,29.1053609612055,2,51,27,OR,Debashis Marndi,BJD,,,,,False,51,2024,AE
1282472,Anjani Soren,JMM,15096,20725,13.1892118928825,3,51,27,OR,Anjani Soren,JMM,,,,,False,51,2024,AE
1282473,Ram Kumar Soren,INC,15063,19634,12.4949088687506,4,51,27,OR,Ram Kumar Soren,INC,,,,,False,51,2024,AE
1282474,Nota,NOTA,15065,2009,1.27851033499643,5,51,27,OR,Nota,NOTA,,,,,False,51,2024,AE
1282475,Madhusudan Naik,SUCI,15093,1773,1.1283219631402,6,51,27,OR,Madhusudan Naik,SUCI,,,,,False,51,2024,AE
1282476,Sahadev Beshra,IND,15070,1522,0.968587720191426,7,51,27,OR,Sahadev Beshra,IND,,,,,False,51,2024,AE
1282477,Sankar Naik,IND,15070,1186,0.754760207718154,8,51,27,OR,Sankar Naik,IND,,,,,False,51,2024,AE
1282478,Raisen Soren,IND,15070,1023,0.651028408512371,9,51,27,OR,Raisen Soren,IND,,,,,False,51,2024,AE
1282479,Chekar Mahali,IND,15070,940,0.598207921800224,10,51,27,OR,Chekar Mahali,IND,,,,,False,51,2024,AE
1282480,Somanath Majhi,AJSUP,15109,791,0.503385602280826,11,51,27,OR,Somanath Majhi,AJSUP,,,,,False,51,2024,AE
1282481,Binodini Naik,BSP,15068,770,0.490021382751247,12,51,27,OR,Binodini Naik,BSP,,,,,False,51,2024,AE
1282482,Satyabrata Naik,NAPt,15075,566,0.360197535892475,13,51,27,OR,Satyabrata Naik,NAPt,,,,,False,51,2024,AE
1282483,Samai Murmu,BHRJWNKP,15108,543,0.345560533550554,14,51,27,OR,Samai Murmu,BHRJWNKP,,,,,False,51,2024,AE
1282484,Basanti Tudu,IND,15070,532,0.338560228082679,15,51,27,OR,Basanti Tudu,IND,,,,,False,51,2024,AE
1282569,Jalen Naik,BJP,15061,62724,36.9386240768877,1,51,28,OR,Jalen Naik,BJP,,,,,False,51,2024,AE
1282570,Raisen Murmu,BJD,15062,55031,32.4081599001213,2,51,28,OR,Raisen Murmu,BJD,,,,,False,51,2024,AE
1282571,Jogendra Banra,INC,15063,24224,14.2656914361094,3,51,28,OR,Jogendra Banra,INC,,,,,False,51,2024,AE
1282572,Sunaram Tudu,JMM,15096,17868,10.5225963746864,4,51,28,OR,Sunaram Tudu,JMM,,,,,False,51,2024,AE
1282573,Narayan Murmu,IND,15070,2312,1.36155377312933,5,51,28,OR,Narayan Murmu,IND,,,,,False,51,2024,AE
1282574,Nota,NOTA,15065,1824,1.0741669905657,6,51,28,OR,Nota,NOTA,,,,,False,51,2024,AE
1282575,Salkhu Lembha Majhi,IND,15070,1169,0.688432682001813,7,51,28,OR,Salkhu Lembha Majhi,IND,,,,,False,51,2024,AE
1282576,Minati Hansdah,IND,15070,821,0.48349292722283,8,51,28,OR,Minati Hansdah,IND,,,,,True,51,2024,AE
1282577,Damodar Purty,BSP,15068,804,0.473481502420409,9,51,28,OR,Damodar Purty,BSP,,,,,False,51,2024,AE
1282578,Anta Alok Baskey,AJSUP,15109,786,0.462881170276668,10,51,28,OR,Anta Alok Baskey,AJSUP,,,,,False,51,2024,AE
1282579,Sunaram Hembram,IND,15070,720,0.42401328574962,11,51,28,OR,Sunaram Hembram,IND,,,,,False,51,2024,AE
1282580,Yashoda Marndi,BHRJWNKP,15108,605,0.356288941497944,12,51,28,OR,Yashoda Marndi,BHRJWNKP,,,,,False,51,2024,AE
1282581,Laxman Majhi,BSKRP,15128,573,0.337443906575739,13,51,28,OR,Laxman Majhi,BSKRP,,,,,False,51,2024,AE
1282582,Prahlad Purty,IND,15070,345,0.203173032755026,14,51,28,OR,Prahlad Purty,IND,,,,,False,51,2024,AE
1282662,Sanjali Murmu,BJP,15061,87801,49.9380047776134,1,51,29,OR,Sanjali Murmu,BJP,,,,,False,51,2024,AE
1282663,Ranjita Marndi,BJD,15062,53325,30.3293140712091,2,51,29,OR,Ranjita Marndi,BJD,,,,,False,51,2024,AE
1282664,Muralidhar Naik,INC,15063,13085,7.44227050392446,3,51,29,OR,Muralidhar Naik,INC,,,,,False,51,2024,AE
1282665,Bishnu Singh,JMM,15096,10050,5.71607325673984,4,51,29,OR,Bishnu Singh,JMM,,,,,False,51,2024,AE
1282666,Surendranath Hansdah,IND,15070,1934,1.09998862472983,5,51,29,OR,Surendranath Hansdah,IND,,,,,False,51,2024,AE
1282667,Bharat Chandra Singh,IND,15070,1870,1.0635877602093,6,51,29,OR,Bharat Chandra Singh,IND,,,,,False,51,2024,AE
1282668,Singhrai Marndi,IND,15070,1816,1.0328745307701,7,51,29,OR,Singhrai Marndi,IND,,,,,False,51,2024,AE
1282669,Manoranjan Hembram,AJSUP,15109,822,0.467523603685587,8,51,29,OR,Manoranjan Hembram,AJSUP,,,,,False,51,2024,AE
1282670,Ranjita Hembram,IND,15070,785,0.446479353884654,9,51,29,OR,Ranjita Hembram,IND,,,,,False,51,2024,AE
1282671,Mahan Hembram,IND,15070,682,0.387896712546922,10,51,29,OR,Mahan Hembram,IND,,,,,False,51,2024,AE
1282672,Nota,NOTA,15065,628,0.357183483107723,11,51,29,OR,Nota,NOTA,,,,,False,51,2024,AE
1282673,Gauri Naik,IND,15070,619,0.352064611534523,12,51,29,OR,Gauri Naik,IND,,,,,False,51,2024,AE
1282674,Sardar Singh,SUCI,15093,578,0.328745307701057,13,51,29,OR,Sardar Singh,SUCI,,,,,False,51,2024,AE
1282675,Sabran Singh,BNARP,15117,572,0.325332726652257,14,51,29,OR,Sabran Singh,BNARP,,,,,False,51,2024,AE
1282676,Ram Chandra Hansdah,BHRBKP,15130,538,0.305994767375725,15,51,29,OR,Ram Chandra Hansdah,BHRBKP,,,,,False,51,2024,AE
1282677,Kanhu Charan Singh,IND,15070,361,0.205323626436127,16,51,29,OR,Kanhu Charan Singh,IND,,,,,False,51,2024,AE
1282678,Shyam Sundar Soren,JKPP,15129,354,0.201342281879194,17,51,29,OR,Shyam Sundar Soren,JKPP,,,,,False,51,2024,AE
1282753,Padma Charan Haiburu,BJP,15061,65357,43.4788682734717,1,51,30,OR,Padma Charan Haiburu,BJP,,,,,True,51,2024,AE
1282754,Basanti Hembram,BJD,15062,35858,23.8546025452537,2,51,30,OR,Basanti Hembram,BJD,,,,,True,51,2024,AE
1282755,Laxmidhar Singh,INC,15063,25471,16.9446310845601,3,51,30,OR,Laxmidhar Singh,INC,,,,,False,51,2024,AE
1282756,Bijay Kumar Naik,IND,15070,11754,7.81937080475522,4,51,30,OR,Bijay Kumar Naik,IND,,,,,False,51,2024,AE
1282757,Nota,NOTA,15065,3261,2.16938643817481,5,51,30,OR,Nota,NOTA,,,,,False,51,2024,AE
1282758,Bajuram Sidu,SUCI,15093,1821,1.21142370558612,6,51,30,OR,Bajuram Sidu,SUCI,,,,,True,51,2024,AE
1282759,Pitha Marndi,IND,15070,1714,1.14024175253959,7,51,30,OR,Pitha Marndi,IND,,,,,False,51,2024,AE
1282760,Jugal Naik,IND,15070,1557,1.03579720461152,8,51,30,OR,Jugal Naik,IND,,,,,False,51,2024,AE
1282761,Mohanlal Soy,IND,15070,1431,0.951975465510015,9,51,30,OR,Mohanlal Soy,IND,,,,,False,51,2024,AE
1282762,Nanda Bage,BNARP,15117,775,0.515570220664054,10,51,30,OR,Nanda Bage,BNARP,,,,,False,51,2024,AE
1282763,Dhruba Charan Majhi,IND,15070,676,0.449710282798581,11,51,30,OR,Dhruba Charan Majhi,IND,,,,,False,51,2024,AE
1282764,Sabita Rani Naik,ODSHJP,15074,644,0.428422222074388,12,51,30,OR,Sabita Rani Naik,ODSHJP,,,,,False,51,2024,AE
1282834,Bhaskar Madhei,BJP,15061,66401,42.0044154578981,1,51,31,OR,Bhaskar Madhei,BJP,,,,,True,51,2024,AE
1282835,Srinath Soren,BJD,15062,59884,37.8818453830631,2,51,31,OR,Srinath Soren,BJD,,,,,False,51,2024,AE
1282836,Durga Charan Tudu,INC,15063,15857,10.0309335087708,3,51,31,OR,Durga Charan Tudu,INC,,,,,False,51,2024,AE
1282837,Chakradhar Sing,JMM,15096,7017,4.43886362054895,4,51,31,OR,Chakradhar Sing,JMM,,,,,False,51,2024,AE
1282838,Nota,NOTA,15065,1443,0.912823172930333,5,51,31,OR,Nota,NOTA,,,,,False,51,2024,AE
1282839,Rabindranath Tudu,IND,15070,1211,0.76606296771908,6,51,31,OR,Rabindranath Tudu,IND,,,,,False,51,2024,AE
1282840,Raimani Biswal,IND,15070,1202,0.76036968389623,7,51,31,OR,Raimani Biswal,IND,,,,,False,51,2024,AE
1282841,Rajkishore Marndi,IND,15070,1110,0.702171671484871,8,51,31,OR,Rajkishore Marndi,IND,,,,,False,51,2024,AE
1282842,Kallol Kumar Singh,IND,15070,733,0.463686338016586,9,51,31,OR,Kallol Kumar Singh,IND,,,,,False,51,2024,AE
1282843,Maya Tudu,APoI,15077,563,0.356146532473858,10,51,31,OR,Maya Tudu,APoI,,,,,False,51,2024,AE
1282844,Kali Charan Patra,IND,15070,523,0.330843048816745,11,51,31,OR,Kali Charan Patra,IND,,,,,False,51,2024,AE
1282845,Madan Mohan Majhi,AJSUP,15109,509,0.321986829536756,12,51,31,OR,Madan Mohan Majhi,AJSUP,,,,,False,51,2024,AE
1282846,Meenakshi Murmu,IND,15070,490,0.309967674799628,13,51,31,OR,Meenakshi Murmu,IND,,,,,False,51,2024,AE
1282847,Biswanath Marndi,BNARP,15117,408,0.258095533302547,14,51,31,OR,Biswanath Marndi,BNARP,,,,,False,51,2024,AE
1282848,Benudhar Mohapatra,IND,15070,396,0.250504488205413,15,51,31,OR,Benudhar Mohapatra,IND,,,,,False,51,2024,AE
1282849,Jogendra Nath Barsalia,NAPt,15075,334,0.211284088536889,16,51,31,OR,Jogendra Nath Barsalia,NAPt,,,,,False,51,2024,AE
1282928,Sanatan Bijuli,BJP,15061,83276,54.6226149012508,1,51,32,OR,Sanatan Bijuli,BJP,,,,,True,51,2024,AE
1282929,Anasuya Patra,BJD,15062,45889,30.0996346510819,2,51,32,OR,Anasuya Patra,BJD,,,,,False,51,2024,AE
1282930,Kshirod Chandra Patra,INC,15063,18738,12.2906786831696,3,51,32,OR,Kshirod Chandra Patra,INC,,,,,False,51,2024,AE
1282931,Nota,NOTA,15065,1908,1.25150042307011,4,51,32,OR,Nota,NOTA,,,,,False,51,2024,AE
1282932,Manas Ranjan Behera,IND,15070,763,0.500468984697324,5,51,32,OR,Manas Ranjan Behera,IND,,,,,False,51,2024,AE
1282933,Anjana Behera,IND,15070,736,0.482759073050105,6,51,32,OR,Anjana Behera,IND,,,,,False,51,2024,AE
1282934,Jayanti Patra,IND,15070,636,0.417166807690037,7,51,32,OR,Jayanti Patra,IND,,,,,False,51,2024,AE
1282935,Jitendra Patra,IND,15070,511,0.335176475989951,8,51,32,OR,Jitendra Patra,IND,,,,,True,51,2024,AE
1283012,Prakash Soren,BJP,15061,78272,48.3886323312128,1,51,33,OR,Prakash Soren,BJP,,,,,True,51,2024,AE
1283013,Sananda Marndi,BJD,15062,48887,30.2224942351799,2,51,33,OR,Sananda Marndi,BJD,,,,,False,51,2024,AE
1283014,Pramod Kumar Hembram,INC,15063,25626,15.8422819414306,3,51,33,OR,Pramod Kumar Hembram,INC,,,,,False,51,2024,AE
1283015,Nota,NOTA,15065,2718,1.68029822511545,4,51,33,OR,Nota,NOTA,,,,,False,51,2024,AE
1283016,Nanaram Murmu,IND,15070,2091,1.29267976038131,5,51,33,OR,Nanaram Murmu,IND,,,,,False,51,2024,AE
1283017,Durga Charan Sing,IND,15070,1499,0.926698690010324,6,51,33,OR,Durga Charan Sing,IND,,,,,False,51,2024,AE
1283018,Bhim Charan Marndi,BSP,15068,1009,0.623775168926228,7,51,33,OR,Bhim Charan Marndi,BSP,,,,,False,51,2024,AE
1283019,Ruhya Singh,IND,15070,936,0.578645746397373,8,51,33,OR,Ruhya Singh,IND,,,,,False,51,2024,AE
1283020,Salma Mahali,ODSHJP,15074,719,0.444493901345845,9,51,33,OR,Salma Mahali,ODSHJP,,,,,False,51,2024,AE
1283122,Dr. Krushna Chandra Mahapatra,BJP,15061,77980,43.327517807732,1,51,34,OR,Dr. Krushna Chandra Mahapatra,BJP,,,,,True,51,2024,AE
1283123,Preetinanda Kanungo,BJD,15062,44710,24.8419251241818,2,51,34,OR,Preetinanda Kanungo,BJD,,,,,False,51,2024,AE
1283124,Pravash Kar Mohapatra,INC,15063,27886,15.4941159475046,3,51,34,OR,Pravash Kar Mohapatra,INC,,,,,True,51,2024,AE
1283125,Krushna Chandra Das,JMM,15096,8353,4.64112280389825,4,51,34,OR,Krushna Chandra Das,JMM,,,,,False,51,2024,AE
1283126,Sanjeeb Rout,IND,15070,7615,4.2310726866617,5,51,34,OR,Sanjeeb Rout,IND,,,,,False,51,2024,AE
1283127,Sudam Soren,IND,15070,2348,1.30460389603173,6,51,34,OR,Sudam Soren,IND,,,,,False,51,2024,AE
1283128,Mrutyunjay Behera,CPI(M),15110,1869,1.03846025625354,7,51,34,OR,Mrutyunjay Behera,CPI(M),,,,,False,51,2024,AE
1283129,Sankarshan Mishra,AAAP,15067,1599,0.888441920679194,8,51,34,OR,Sankarshan Mishra,AAAP,,,,,False,51,2024,AE
1283130,Jogendranath Mohanta,AJSUP,15109,1392,0.773427863405527,9,51,34,OR,Jogendranath Mohanta,AJSUP,,,,,False,51,2024,AE
1283131,Madan Mohan Murmu,IND,15070,1057,0.587294002600317,10,51,34,OR,Madan Mohan Murmu,IND,,,,,False,51,2024,AE
1283132,Radhakrishna Mohanta,JKPP,15129,798,0.443387525141961,11,51,34,OR,Radhakrishna Mohanta,JKPP,,,,,True,51,2024,AE
1283133,Nota,NOTA,15065,780,0.433386302770338,12,51,34,OR,Nota,NOTA,,,,,False,51,2024,AE
1283134,Dibrat Chandra Mohanta,IND,15070,772,0.428941315049617,13,51,34,OR,Dibrat Chandra Mohanta,IND,,,,,False,51,2024,AE
1283135,Bhim Charan Marndi,BSP,15068,731,0.406160752980919,14,51,34,OR,Bhim Charan Marndi,BSP,,,,,False,51,2024,AE
1283136,Dillip Kumar Tung,JNTADRBARP,15135,663,0.368378357354787,15,51,34,OR,Dillip Kumar Tung,JNTADRBARP,,,,,False,51,2024,AE
1283137,Gopabandhu Mohanta,IND,15070,551,0.306148529264687,16,51,34,OR,Gopabandhu Mohanta,IND,,,,,False,51,2024,AE
1283138,Satyaban Dalnayak,BSKRP,15128,471,0.261698652057473,17,51,34,OR,Satyaban Dalnayak,BSKRP,,,,,False,51,2024,AE
1283139,Puspanjali Mohapatra,NBBHNRSVP,15100,403,0.223916256431341,18,51,34,OR,Puspanjali Mohapatra,NBBHNRSVP,,,,,False,51,2024,AE
1283218,Aswini Kumar Patra,BJD,15062,83105,42.3829947827683,1,51,35,OR,Aswini Kumar Patra,BJD,,,,,True,51,2024,AE
1283219,Brajamohan Pradhan,BJP,15061,82786,42.2203069139794,2,51,35,OR,Brajamohan Pradhan,BJP,,,,,False,51,2024,AE
1283220,Sudarsan Das,INC,15063,26692,13.612741673084,3,51,35,OR,Sudarsan Das,INC,,,,,True,51,2024,AE
1283221,Dibyakam Mohanty,IND,15070,1550,0.790489644585655,4,51,35,OR,Dibyakam Mohanty,IND,,,,,False,51,2024,AE
1283222,Nota,NOTA,15065,868,0.442674200967967,5,51,35,OR,Nota,NOTA,,,,,False,51,2024,AE
1283223,Pradip Kumar Singha,PBI,15111,328,0.167277808660706,6,51,35,OR,Pradip Kumar Singha,PBI,,,,,True,51,2024,AE
1283224,Ramakanta Jena,IND,15070,293,0.149428042492643,7,51,35,OR,Ramakanta Jena,IND,,,,,False,51,2024,AE
1283225,Hemanta Kumar Sahu,NBBHNRSVP,15100,230,0.117298463390129,8,51,35,OR,Hemanta Kumar Sahu,NBBHNRSVP,,,,,False,51,2024,AE
1283226,Purna Chandra Singh,IND,15070,229,0.116788470071042,9,51,35,OR,Purna Chandra Singh,IND,,,,,False,51,2024,AE
1283294,Goutam Buddha Das,BJD,15062,70198,39.8908935928398,1,51,36,OR,Goutam Buddha Das,BJD,,,,,False,51,2024,AE
1283295,Satya Shiba Das,INC,15063,63634,36.1608182980537,2,51,36,OR,Satya Shiba Das,INC,,,,,False,51,2024,AE
1283296,Ashis Patra,BJP,15061,41059,23.3322915186816,3,51,36,OR,Ashis Patra,BJP,,,,,False,51,2024,AE
1283297,Nota,NOTA,15065,458,0.26026424207984,4,51,36,OR,Nota,NOTA,,,,,False,51,2024,AE
1283298,Bhagaban Behera,NBBHNRSVP,15100,330,0.187526637306435,5,51,36,OR,Bhagaban Behera,NBBHNRSVP,,,,,False,51,2024,AE
1283299,Asit Kumar Chand,IND,15070,296,0.168205711038499,6,51,36,OR,Asit Kumar Chand,IND,,,,,False,51,2024,AE
1283372,Subasini Jena,BJD,15062,83314,43.6649318931044,1,51,37,OR,Subasini Jena,BJD,,,,,False,51,2024,AE
1283373,Bijan Nayak,INC,15063,62937,32.985330419333,2,51,37,OR,Bijan Nayak,INC,,,,,True,51,2024,AE
1283374,Rabindra Nath Andia,BJP,15061,42732,22.3958742787063,3,51,37,OR,Rabindra Nath Andia,BJP,,,,,False,51,2024,AE
1283375,Nota,NOTA,15065,403,0.211212611961027,4,51,37,OR,Nota,NOTA,,,,,False,51,2024,AE
1283376,Jyotshna Mohanty,IND,15070,347,0.181862968611604,5,51,37,OR,Jyotshna Mohanty,IND,,,,,False,51,2024,AE
1283377,Swadhin Kumar Das,BHRBKP,15130,335,0.175573759322442,6,51,37,OR,Swadhin Kumar Das,BHRBKP,,,,,False,51,2024,AE
1283378,Kamini Kanta Behera,NAPt,15075,279,0.146224115973019,7,51,37,OR,Kamini Kanta Behera,NAPt,,,,,False,51,2024,AE
1283379,Jharanarani Jena,IND,15070,163,0.0854284261777854,8,51,37,OR,Jharanarani Jena,IND,,,,,False,51,2024,AE
1283380,Jayakrushna Rout,IND,15070,117,0.0613197905693306,9,51,37,OR,Jayakrushna Rout,IND,,,,,False,51,2024,AE
1283381,Narayan Majhi,BNARP,15117,93,0.0487413719910064,10,51,37,OR,Narayan Majhi,BNARP,,,,,False,51,2024,AE
1283382,Jayanti Dash,IND,15070,83,0.0435003642500379,11,51,37,OR,Jayanti Dash,IND,,,,,False,51,2024,AE
1283473,Manas Kumar Dutta,BJP,15061,89360,50.8999772157666,1,51,38,OR,Manas Kumar Dutta,BJP,,,,,False,51,2024,AE
1283474,Swarup Kumar Das,BJD,15062,60734,34.5944406470722,2,51,38,OR,Swarup Kumar Das,BJD,,,,,False,51,2024,AE
1283475,Monalisa Samal,INC,15063,19259,10.9700387331966,3,51,38,OR,Monalisa Samal,INC,,,,,False,51,2024,AE
1283476,Bikram Keshari Panda,IND,15070,4695,2.6742993848257,4,51,38,OR,Bikram Keshari Panda,IND,,,,,False,51,2024,AE
1283477,Nota,NOTA,15065,698,0.397584871269081,5,51,38,OR,Nota,NOTA,,,,,False,51,2024,AE
1283478,Santosh Kumar Mohapatra,BSP,15068,331,0.188539530644793,6,51,38,OR,Santosh Kumar Mohapatra,BSP,,,,,False,51,2024,AE
1283479,Parshuram Lenka,NBBHNRSVP,15100,252,0.143540669856459,7,51,38,OR,Parshuram Lenka,NBBHNRSVP,,,,,False,51,2024,AE
1283480,Gopal Khandelwal,IND,15070,231,0.131578947368421,8,51,38,OR,Gopal Khandelwal,IND,,,,,False,51,2024,AE
1283554,Gobinda Chandra Das,BJP,15061,92620,51.3876097160421,1,51,39,OR,Gobinda Chandra Das,BJP,,,,,True,51,2024,AE
1283555,Bidyasmita Mahalik,BJD,15062,68452,37.9786726439485,2,51,39,OR,Bidyasmita Mahalik,BJD,,,,,False,51,2024,AE
1283556,Sudarshan Jena,INC,15063,12059,6.69059798710593,3,51,39,OR,Sudarshan Jena,INC,,,,,False,51,2024,AE
1283557,Bijay Kumar Sethi,IND,15070,4781,2.65260377944717,4,51,39,OR,Bijay Kumar Sethi,IND,,,,,False,51,2024,AE
1283558,Nota,NOTA,15065,1260,0.699075666618582,5,51,39,OR,Nota,NOTA,,,,,False,51,2024,AE
1283559,Sudhansu Sekhar Parida,IND,15070,683,0.378943397063882,6,51,39,OR,Sudhansu Sekhar Parida,IND,,,,,False,51,2024,AE
1283560,Iswar Malik,NAPt,15075,383,0.212496809773743,7,51,39,OR,Iswar Malik,NAPt,,,,,False,51,2024,AE
1283633,Santosh Khatua,BJP,15061,87928,52.1992080595083,1,51,40,OR,Santosh Khatua,BJP,,,,,False,51,2024,AE
1283634,Sukanta Kumar Nayak,BJD,15062,68089,40.4216162947395,2,51,40,OR,Sukanta Kumar Nayak,BJD,,,,,False,51,2024,AE
1283635,Akshaya Kumar Acharya,INC,15063,8210,4.87393660914115,3,51,40,OR,Akshaya Kumar Acharya,INC,,,,,False,51,2024,AE
1283636,Jogananda Dash,CPI(M),15110,1420,0.84299512606339,4,51,40,OR,Jogananda Dash,CPI(M),,,,,False,51,2024,AE
1283637,Ajaya Kumar Pattanayak,CPI,15064,1358,0.806188296615552,5,51,40,OR,Ajaya Kumar Pattanayak,CPI,,,,,False,51,2024,AE
1283638,Nota,NOTA,15065,938,0.556851710033422,6,51,40,OR,Nota,NOTA,,,,,False,51,2024,AE
1283639,Gangadhar Nayak,NAPt,15075,264,0.156725854423052,7,51,40,OR,Gangadhar Nayak,NAPt,,,,,False,51,2024,AE
1283640,Arun Kumar Barik,SAMO,15082,240,0.142478049475502,8,51,40,OR,Arun Kumar Barik,SAMO,,,,,False,51,2024,AE
1283696,Madhab Dhada,BJD,15062,63642,39.0669408550995,1,51,41,OR,Madhab Dhada,BJD,,,,,False,51,2024,AE
1283697,Parshuram Dhada,BJP,15061,62840,38.5746293852245,2,51,41,OR,Parshuram Dhada,BJP,,,,,False,51,2024,AE
1283698,Subrat Kumar Dhada,INC,15063,32149,19.734814769344,3,51,41,OR,Subrat Kumar Dhada,INC,,,,,False,51,2024,AE
1283699,Rakesh Kumar Malik,IND,15070,2566,1.57515116172002,4,51,41,OR,Rakesh Kumar Malik,IND,,,,,False,51,2024,AE
1283700,Nota,NOTA,15065,650,0.39900555538504,5,51,41,OR,Nota,NOTA,,,,,False,51,2024,AE
1283701,Akshay Kumar Jena,IND,15070,290,0.178017863171787,6,51,41,OR,Akshay Kumar Jena,IND,,,,,False,51,2024,AE
1283702,Jitendra Sethi,BSP,15068,260,0.159602222154016,7,51,41,OR,Jitendra Sethi,BSP,,,,,False,51,2024,AE
1283703,Kashinath Das,IND,15070,257,0.157760658052239,8,51,41,OR,Kashinath Das,IND,,,,,False,51,2024,AE
1283704,Shibani Shankar Ray,IND,15070,251,0.154077529848684,9,51,41,OR,Shibani Shankar Ray,IND,,,,,False,51,2024,AE
1283760,Padma Lochan Panda,BJP,15061,90676,49.5421465568109,1,51,42,OR,Padma Lochan Panda,BJP,,,,,False,51,2024,AE
1283761,Subasini Sahoo,BJD,15062,77493,42.3394234761894,2,51,42,OR,Subasini Sahoo,BJD,,,,,False,51,2024,AE
1283762,Himanshu Shekhar Behera,INC,15063,13067,7.13934479970277,3,51,42,OR,Himanshu Shekhar Behera,INC,,,,,False,51,2024,AE
1283763,Nota,NOTA,15065,693,0.378630592040562,4,51,42,OR,Nota,NOTA,,,,,False,51,2024,AE
1283764,Pruthwiraj Das,BSP,15068,499,0.272635880848831,5,51,42,OR,Pruthwiraj Das,BSP,,,,,True,51,2024,AE
1283765,Ranjan Kumar Samal,NAPt,15075,393,0.214721244836855,6,51,42,OR,Ranjan Kumar Samal,NAPt,,,,,False,51,2024,AE
1283766,Sabitarani Pakal,IND,15070,207,0.113097449570557,7,51,42,OR,Sabitarani Pakal,IND,,,,,False,51,2024,AE
1283830,Sanjib Kumar Mallick,BJD,15062,72447,39.0682549868688,1,51,43,OR,Sanjib Kumar Mallick,BJD,,,,,False,51,2024,AE
1283831,Niranjan Patnaik,INC,15063,70896,38.2318523272054,2,51,43,OR,Niranjan Patnaik,INC,,,,,True,51,2024,AE
1283832,Sudhanshu Sekhar Nayak,BJP,15061,38952,21.0055166983935,3,51,43,OR,Sudhanshu Sekhar Nayak,BJP,,,,,False,51,2024,AE
1283833,Utkal Keshari Biswal,IND,15070,762,0.410921229312381,4,51,43,OR,Utkal Keshari Biswal,IND,,,,,False,51,2024,AE
1283834,Digambar Swain,SUCI,15093,703,0.379104493709453,5,51,43,OR,Digambar Swain,SUCI,,,,,True,51,2024,AE
1283835,Nota,NOTA,15065,357,0.192518213732965,6,51,43,OR,Nota,NOTA,,,,,False,51,2024,AE
1283836,Manoj Kumar Jena,BSP,15068,317,0.170947545527591,7,51,43,OR,Manoj Kumar Jena,BSP,,,,,False,51,2024,AE
1283837,Debasish Panigrahi,AAAP,15067,287,0.15476954437356,8,51,43,OR,Debasish Panigrahi,AAAP,,,,,False,51,2024,AE
1283838,Santosh Kumar Perei,IND,15070,178,0.0959894735139157,9,51,43,OR,Santosh Kumar Perei,IND,,,,,False,51,2024,AE
1283839,Satyaranjan Nayak,IND,15070,142,0.0765758721290788,10,51,43,OR,Satyaranjan Nayak,IND,,,,,False,51,2024,AE
1283840,Nirupama Das,KRUP,15134,117,0.0630942045007199,11,51,43,OR,Nirupama Das,KRUP,,,,,False,51,2024,AE
1283841,Narahari Sahu,NAPt,15075,111,0.0598586042699137,12,51,43,OR,Narahari Sahu,NAPt,,,,,False,51,2024,AE
1283842,Bijaya Kumar Mallik,ODSHJP,15074,88,0.0474554700518235,13,51,43,OR,Bijaya Kumar Mallik,ODSHJP,,,,,False,51,2024,AE
1283843,Prasant Kumar Behera,IND,15070,80,0.0431413364107486,14,51,43,OR,Prasant Kumar Behera,IND,,,,,False,51,2024,AE
1283908,Sitansu Sekhar Mohapatra,BJP,15061,82282,42.286542434552,1,51,44,OR,Sitansu Sekhar Mohapatra,BJP,,,,,False,51,2024,AE
1283909,Prafulla Samal,BJD,15062,66214,34.0288413111181,2,51,44,OR,Prafulla Samal,BJD,,,,,False,51,2024,AE
1283910,Asit Pattnaik,INC,15063,43557,22.3849071342673,3,51,44,OR,Asit Pattnaik,INC,,,,,False,51,2024,AE
1283911,Nota,NOTA,15065,779,0.40034535568552,4,51,44,OR,Nota,NOTA,,,,,False,51,2024,AE
1283912,Rajendra Lenka,BSP,15068,543,0.279059728032397,5,51,44,OR,Rajendra Lenka,BSP,,,,,False,51,2024,AE
1283913,Sonam Bibi,IND,15070,358,0.183984130083974,6,51,44,OR,Sonam Bibi,IND,,,,,False,51,2024,AE
1283914,Chitta Ranjan Singh,IND,15070,334,0.171649998458233,7,51,44,OR,Chitta Ranjan Singh,IND,,,,,False,51,2024,AE
1283915,Mahendra Tiadi,IND,15070,299,0.153662723170694,8,51,44,OR,Mahendra Tiadi,IND,,,,,False,51,2024,AE
1283916,Rajendra Sahoo,IND,15070,216,0.111007184631671,9,51,44,OR,Rajendra Sahoo,IND,,,,,False,51,2024,AE
1283971,Ashok Kumar Das,INC,15063,77843,39.1070630140014,1,51,45,OR,Ashok Kumar Das,INC,,,,,True,51,2024,AE
1283972,Bishnubrata Routray,BJD,15062,77212,38.7900588291442,2,51,45,OR,Bishnubrata Routray,BJD,,,,,True,51,2024,AE
1283973,Banikalyan Mohanty,BJP,15061,42278,21.23978276924,3,51,45,OR,Banikalyan Mohanty,BJP,,,,,False,51,2024,AE
1283974,Nota,NOTA,15065,555,0.278823015207157,4,51,45,OR,Nota,NOTA,,,,,False,51,2024,AE
1283975,Bhagabat Malik,BSP,15068,448,0.225067947410462,5,51,45,OR,Bhagabat Malik,BSP,,,,,False,51,2024,AE
1283976,Manas Ranjan Jena,IND,15070,285,0.143179386187459,6,51,45,OR,Manas Ranjan Jena,IND,,,,,False,51,2024,AE
1283977,Laxmikanta Parida,IND,15070,228,0.114543508949967,7,51,45,OR,Laxmikanta Parida,IND,,,,,False,51,2024,AE
1283978,Birendra Shial,IND,15070,202,0.101481529859181,8,51,45,OR,Birendra Shial,IND,,,,,False,51,2024,AE
1284041,Suryabanshi Suraj,BJP,15061,90555,50.3105693586381,1,51,46,OR,Suryabanshi Suraj,BJP,,,,,False,51,2024,AE
1284042,Dr. Sanjaya Kumar Das,BJD,15062,82460,45.8131472509889,2,51,46,OR,Dr. Sanjaya Kumar Das,BJD,,,,,False,51,2024,AE
1284043,Ranjan Kumar Behera,INC,15063,5732,3.18458598159918,3,51,46,OR,Ranjan Kumar Behera,INC,,,,,False,51,2024,AE
1284044,Nota,NOTA,15065,361,0.200564469531979,4,51,46,OR,Nota,NOTA,,,,,False,51,2024,AE
1284045,Jagannath Mallik,IND,15070,289,0.160562691675185,5,51,46,OR,Jagannath Mallik,IND,,,,,False,51,2024,AE
1284046,Sanjay Kumar Das,IND,15070,187,0.103893506378061,6,51,46,OR,Sanjay Kumar Das,IND,,,,,False,51,2024,AE
1284047,Duryodhan Malik,BSP,15068,170,0.0944486421618738,7,51,46,OR,Duryodhan Malik,BSP,,,,,False,51,2024,AE
1284048,Prashana Kumar Das,IND,15070,143,0.0794479754655762,8,51,46,OR,Prashana Kumar Das,IND,,,,,False,51,2024,AE
1284049,Saroj Kumar Sethy,IND,15070,95,0.0527801235610471,9,51,46,OR,Saroj Kumar Sethy,IND,,,,,False,51,2024,AE
1284108,Byomakesh Ray,BJD,15062,83063,42.7234852381442,1,51,47,OR,Byomakesh Ray,BJD,,,,,False,51,2024,AE
1284109,Manmohan Samal,BJP,15061,81147,41.7379899187326,2,51,47,OR,Manmohan Samal,BJP,,,,,True,51,2024,AE
1284110,Amiya Kumar Mahapatra,INC,15063,28483,14.6502417446764,3,51,47,OR,Amiya Kumar Mahapatra,INC,,,,,False,51,2024,AE
1284111,Shaila Kumar Das,BSP,15068,403,0.207283201316736,4,51,47,OR,Shaila Kumar Das,BSP,,,,,False,51,2024,AE
1284112,Nota,NOTA,15065,317,0.16304906902582,5,51,47,OR,Nota,NOTA,,,,,False,51,2024,AE
1284113,Jitendra Nayak,APoI,15077,220,0.11315708260467,6,51,47,OR,Jitendra Nayak,APoI,,,,,False,51,2024,AE
1284114,Prakash Nayak,IND,15070,213,0.109556629976339,7,51,47,OR,Prakash Nayak,IND,,,,,False,51,2024,AE
1284115,Bikash Chandra Sahoo,IND,15070,185,0.0951548194630182,8,51,47,OR,Bikash Chandra Sahoo,IND,,,,,False,51,2024,AE
1284116,Prasanta Kumar Mohanty,IND,15070,133,0.0684085999382779,9,51,47,OR,Prasanta Kumar Mohanty,IND,,,,,False,51,2024,AE
1284118,Jeeban Sangram Mishra,IND,15070,128,0.07,10,51,47,OR,Jeeban Sangram Mishra,IND,,,,,False,51,2024,AE
1284117,Bidhan Chandra Das,JNTADRBARP,15135,128,0.065836848060899,10,51,47,OR,Bidhan Chandra Das,JNTADRBARP,,,,,False,51,2024,AE
1284180,Pramila Mallik,BJD,15062,74185,48.8358008518369,1,51,48,OR,Pramila Mallik,BJD,,,,,True,51,2024,AE
1284181,Babita Mallick,BJP,15061,71329,46.9557031604863,2,51,48,OR,Babita Mallick,BJP,,,,,True,51,2024,AE
1284182,Kanakalata Mallick,INC,15063,4392,2.89124266821147,3,51,48,OR,Kanakalata Mallick,INC,,,,,False,51,2024,AE
1284183,Radhaballava Mallick,SUCI,15093,1054,0.693845576569874,4,51,48,OR,Radhaballava Mallick,SUCI,,,,,False,51,2024,AE
1284184,Nota,NOTA,15065,947,0.623407742895324,5,51,48,OR,Nota,NOTA,,,,,False,51,2024,AE
1284249,Biswaranjan Mallick,BJD,15062,101966,63.7674089917012,1,51,49,OR,Biswaranjan Mallick,BJD,,,,,False,51,2024,AE
1284250,Umesh Chandra Jena,BJP,15061,50501,31.5822717522498,2,51,49,OR,Umesh Chandra Jena,BJP,,,,,False,51,2024,AE
1284251,Debasis Nayak,INC,15063,4106,2.56780673283177,3,51,49,OR,Debasis Nayak,INC,,,,,False,51,2024,AE
1284252,Kabir Das,IND,15070,1228,0.767965579132348,4,51,49,OR,Kabir Das,IND,,,,,False,51,2024,AE
1284253,Nota,NOTA,15065,569,0.355840728441617,5,51,49,OR,Nota,NOTA,,,,,False,51,2024,AE
1284254,Nimain Charan Ray,IND,15070,542,0.338955491766883,6,51,49,OR,Nimain Charan Ray,IND,,,,,False,51,2024,AE
1284255,Ashok Kumar Behera,BSP,15068,377,0.235767934310175,7,51,49,OR,Ashok Kumar Behera,BSP,,,,,False,51,2024,AE
1284256,Benajir Khatun,APoI,15077,317,0.198245186144099,8,51,49,OR,Benajir Khatun,APoI,,,,,False,51,2024,AE
1284257,Ajaya Dhal,JNTADRBARP,15135,297,0.185737603422074,9,51,49,OR,Ajaya Dhal,JNTADRBARP,,,,,False,51,2024,AE
1284326,Amar Kumar Nayak,BJP,15061,71926,49.3770037139503,1,51,50,OR,Amar Kumar Nayak,BJP,,,,,True,51,2024,AE
1284327,Varsha Priyadarshini,BJD,15062,65616,45.0452058462108,2,51,50,OR,Varsha Priyadarshini,BJD,,,,,False,51,2024,AE
1284328,Ajay Kumar Samal,INC,15063,6627,4.54941750705375,3,51,50,OR,Ajay Kumar Samal,INC,,,,,True,51,2024,AE
1284329,Nota,NOTA,15065,409,0.280777389525424,4,51,50,OR,Nota,NOTA,,,,,False,51,2024,AE
1284330,Bijaya Kumar Das,AAAP,15067,333,0.228603595872778,5,51,50,OR,Bijaya Kumar Das,AAAP,,,,,False,51,2024,AE
1284331,Tarani Malik,IND,15070,196,0.134553467841034,6,51,50,OR,Tarani Malik,IND,,,,,False,51,2024,AE
1284332,Lakshmi Malik,BSP,15068,173,0.11876403028826,7,51,50,OR,Lakshmi Malik,BSP,,,,,False,51,2024,AE
1284333,Ajaya Anurag Mohanty,IND,15070,165,0.113272052009034,8,51,50,OR,Ajaya Anurag Mohanty,IND,,,,,False,51,2024,AE
1284334,Manoranjan Jena,IND,15070,130,0.0892446470374209,9,51,50,OR,Manoranjan Jena,IND,,,,,False,51,2024,AE
1284335,Debendra Kumar Samal,NAPt,15075,92,0.0631577502110979,10,51,50,OR,Debendra Kumar Samal,NAPt,,,,,False,51,2024,AE
1284404,Himanshu Sekhar Sahoo F-Late Ramesh Chandra Sahoo,IND,15070,79759,42.8781859332412,1,51,51,OR,Himanshu Sekhar Sahoo F-Late Ramesh Chandra Sahoo,IND,,,,,False,51,2024,AE
1284405,Pranab Kumar Balabantaray,BJD,15062,75609,40.6471590695273,2,51,51,OR,Pranab Kumar Balabantaray,BJD,,,,,True,51,2024,AE
1284406,Smrutirekha Pahi,BJP,15061,15926,8.56176718831479,3,51,51,OR,Smrutirekha Pahi,BJP,,,,,False,51,2024,AE
1284407,Kedaranath Sahu,SUCI,15093,8453,4.54430604312601,4,51,51,OR,Kedaranath Sahu,SUCI,,,,,False,51,2024,AE
1284408,Kisan Panda,INC,15063,2947,1.58429787165413,5,51,51,OR,Kisan Panda,INC,,,,,False,51,2024,AE
1284409,Satish Kumar Biswal,IND,15070,998,0.536521640960578,6,51,51,OR,Satish Kumar Biswal,IND,,,,,False,51,2024,AE
1284410,Nota,NOTA,15065,666,0.358039491863471,7,51,51,OR,Nota,NOTA,,,,,False,51,2024,AE
1284411,Himansu Sekhar Sahoo F-Suryamani Sahoo,IND,15070,608,0.326858875454941,8,51,51,OR,Himansu Sekhar Sahoo F-Suryamani Sahoo,IND,,,,,False,51,2024,AE
1284412,Kartik Chandra Malik,BSP,15068,306,0.16450463139673,9,51,51,OR,Kartik Chandra Malik,BSP,,,,,False,51,2024,AE
1284413,Ranjan Kumar Malik,MLD,15121,292,0.156978275711912,10,51,51,OR,Ranjan Kumar Malik,MLD,,,,,False,51,2024,AE
1284414,Laluprasad Kadam,IND,15070,276,0.148376726357835,11,51,51,OR,Laluprasad Kadam,IND,,,,,False,51,2024,AE
1284415,Purusottam Behera,IND,15070,173,0.0930042523909619,12,51,51,OR,Purusottam Behera,IND,,,,,False,51,2024,AE
1284478,Sujata Sahu,BJD,15062,86049,47.9168058803875,1,51,52,OR,Sujata Sahu,BJD,,,,,False,51,2024,AE
1284479,Goutam Ray,BJP,15061,83485,46.4890299587927,2,51,52,OR,Goutam Ray,BJP,,,,,True,51,2024,AE
1284480,Sudip Kumar Kar,INC,15063,6477,3.60674908118944,3,51,52,OR,Sudip Kumar Kar,INC,,,,,False,51,2024,AE
1284481,Nota,NOTA,15065,1230,0.684931506849315,4,51,52,OR,Nota,NOTA,,,,,False,51,2024,AE
1284482,Raghunath Sethi,BSP,15068,1052,0.58581133756543,5,51,52,OR,Raghunath Sethi,BSP,,,,,False,51,2024,AE
1284483,Deba Prakash Mohanty,IND,15070,845,0.470542376656643,6,51,52,OR,Deba Prakash Mohanty,IND,,,,,False,51,2024,AE
1284484,Biswanath Das,SAMO,15082,442,0.246129858558859,7,51,52,OR,Biswanath Das,SAMO,,,,,False,51,2024,AE
1284554,Akash Dasnayak,BJP,15061,79658,48.0084375470845,1,51,53,OR,Akash Dasnayak,BJP,,,,,False,51,2024,AE
1284555,Sandhyarani Das,BJD,15062,74012,44.605695344282,2,51,53,OR,Sandhyarani Das,BJD,,,,,False,51,2024,AE
1284556,Bandita Parida,INC,15063,8177,4.92813017929787,3,51,53,OR,Bandita Parida,INC,,,,,True,51,2024,AE
1284557,Trinayan Rath,AAAP,15067,1073,0.646677715835467,4,51,53,OR,Trinayan Rath,AAAP,,,,,False,51,2024,AE
1284558,Nota,NOTA,15065,746,0.449600723218321,5,51,53,OR,Nota,NOTA,,,,,False,51,2024,AE
1284559,Atala Kumar Jena,BSP,15068,546,0.329064336296519,6,51,53,OR,Atala Kumar Jena,BSP,,,,,False,51,2024,AE
1284560,Manoj Kumar Panda,IND,15070,493,0.297122193762241,7,51,53,OR,Manoj Kumar Panda,IND,,,,,False,51,2024,AE
1284561,Gopal Krushna Mohanty,APoI,15077,352,0.212144040982371,8,51,53,OR,Gopal Krushna Mohanty,APoI,,,,,False,51,2024,AE
1284562,Sahadev Jena,IND,15070,273,0.164532168148259,9,51,53,OR,Sahadev Jena,IND,,,,,False,51,2024,AE
1284563,Ramachandra Barik,IND,15070,210,0.126563206267892,10,51,53,OR,Ramachandra Barik,IND,,,,,False,51,2024,AE
1284564,Binod Bihari Jena,IND,15070,194,0.116920295314147,11,51,53,OR,Binod Bihari Jena,IND,,,,,False,51,2024,AE
1284565,Saroj Kar,PEP,15141,191,0.11511224951032,12,51,53,OR,Saroj Kar,PEP,,,,,False,51,2024,AE
1284643,Pradeep Bal Samanta,BJP,15061,86733,50.5625641264807,1,51,54,OR,Pradeep Bal Samanta,BJP,,,,,False,51,2024,AE
1284644,Pritiranjan Gharai,BJD,15062,77156,44.9794795261636,2,51,54,OR,Pritiranjan Gharai,BJD,,,,,True,51,2024,AE
1284645,Bibhu Bhusan Rout,INC,15063,3677,2.14357336069396,3,51,54,OR,Bibhu Bhusan Rout,INC,,,,,False,51,2024,AE
1284646,Nota,NOTA,15065,1185,0.690817087958212,4,51,54,OR,Nota,NOTA,,,,,False,51,2024,AE
1284647,Sandeep Chakra,IND,15070,514,0.299645555451916,5,51,54,OR,Sandeep Chakra,IND,,,,,False,51,2024,AE
1284648,Lili Mahanta,SUCI,15093,509,0.296730715418337,6,51,54,OR,Lili Mahanta,SUCI,,,,,False,51,2024,AE
1284649,Ranajit Kumar Jamuda,IND,15070,351,0.204621770357242,7,51,54,OR,Ranajit Kumar Jamuda,IND,,,,,False,51,2024,AE
1284650,Sili Mallick,BSP,15068,321,0.187132730155769,8,51,54,OR,Sili Mallick,BSP,,,,,False,51,2024,AE
1284651,Rakhal Parida,IND,15070,298,0.173724466001305,9,51,54,OR,Rakhal Parida,IND,,,,,False,51,2024,AE
1284652,Gunamani Shaw,IND,15070,287,0.167311817927432,10,51,54,OR,Gunamani Shaw,IND,,,,,False,51,2024,AE
1284653,Kulamani Patra,IND,15070,204,0.118925473370021,11,51,54,OR,Kulamani Patra,IND,,,,,False,51,2024,AE
1284654,Dipaka Kumar Nayak,BHRBKP,15130,173,0.100853465161831,12,51,54,OR,Dipaka Kumar Nayak,BHRBKP,,,,,False,51,2024,AE
1284655,Dayalratan Mohanta,AJSUP,15109,128,0.0746199048596213,13,51,54,OR,Dayalratan Mohanta,AJSUP,,,,,False,51,2024,AE
1284729,Krushna Chandra Patra,BJP,15061,106529,52.5713467925403,1,51,55,OR,Krushna Chandra Patra,BJP,,,,,True,51,2024,AE
1284730,Sudhir Kumar Samal,BJD,15062,86090,42.4848374186352,2,51,55,OR,Sudhir Kumar Samal,BJD,,,,,True,51,2024,AE
1284731,Susmita Singh Deo,INC,15063,4630,2.28487393713882,3,51,55,OR,Susmita Singh Deo,INC,,,,,False,51,2024,AE
1284732,Nota,NOTA,15065,1983,0.97859719597112,4,51,55,OR,Nota,NOTA,,,,,False,51,2024,AE
1284733,Bharat Kumar Das,AAAP,15067,1433,0.70717588594383,5,51,55,OR,Bharat Kumar Das,AAAP,,,,,False,51,2024,AE
1284734,Meghanada Nanda,IND,15070,652,0.321757625705078,6,51,55,OR,Meghanada Nanda,IND,,,,,True,51,2024,AE
1284735,Bikash Nayak,IND,15070,518,0.255629524716611,7,51,55,OR,Bikash Nayak,IND,,,,,False,51,2024,AE
1284736,Uttam Mohanty,IND,15070,452,0.223058967513336,8,51,55,OR,Uttam Mohanty,IND,,,,,False,51,2024,AE
1284737,Swastida Satpathy,SAMO,15082,350,0.172722651835548,9,51,55,OR,Swastida Satpathy,SAMO,,,,,False,51,2024,AE
1284801,Simarani Nayak,BJP,15061,97795,49.6237434859163,1,51,56,OR,Simarani Nayak,BJP,,,,,False,51,2024,AE
1284802,Mahesh Sahoo,BJD,15062,85968,43.622414029319,2,51,56,OR,Mahesh Sahoo,BJD,,,,,False,51,2024,AE
1284803,Gobardhan Sekhar Naik,INC,15063,7314,3.71131509643634,3,51,56,OR,Gobardhan Sekhar Naik,INC,,,,,False,51,2024,AE
1284804,Nota,NOTA,15065,3106,1.57606572183911,4,51,56,OR,Nota,NOTA,,,,,False,51,2024,AE
1284805,Jyotsna Mayee Behera,IND,15070,1526,0.774332354000801,5,51,56,OR,Jyotsna Mayee Behera,IND,,,,,False,51,2024,AE
1284806,Kailash Naik,IND,15070,1364,0.692129312488265,6,51,56,OR,Kailash Naik,IND,,,,,False,51,2024,AE
1284868,Satrughan Jena,BJP,15061,84589,48.9996060985217,1,51,57,OR,Satrughan Jena,BJP,,,,,True,51,2024,AE
1284869,Prafulla Kumar Mallik,BJD,15062,79927,46.2990639047221,2,51,57,OR,Prafulla Kumar Mallik,BJD,,,,,True,51,2024,AE
1284870,Biprabara Sahu,INC,15063,3430,1.98688539784049,3,51,57,OR,Biprabara Sahu,INC,,,,,False,51,2024,AE
1284871,Nota,NOTA,15065,1905,1.10350340608925,4,51,57,OR,Nota,NOTA,,,,,False,51,2024,AE
1284872,Sarat Chandra Nayak,IND,15070,968,0.560730339682098,5,51,57,OR,Sarat Chandra Nayak,IND,,,,,False,51,2024,AE
1284873,Paramananda Behera,IND,15070,687,0.397956346447935,6,51,57,OR,Paramananda Behera,IND,,,,,False,51,2024,AE
1284874,Prasanta Kumar Sethy,IND,15070,586,0.33945039158441,7,51,57,OR,Prasanta Kumar Sethy,IND,,,,,False,51,2024,AE
1284875,Maheswar Sahoo,IND,15070,540,0.312804115111914,8,51,57,OR,Maheswar Sahoo,IND,,,,,False,51,2024,AE
1284940,Bibhuti Bhusan Pradhan,BJP,15061,100595,56.9398140024565,1,51,58,OR,Bibhuti Bhusan Pradhan,BJP,,,,,False,51,2024,AE
1284941,Dr. Nrusingha Charan Sahu,BJD,15062,68433,38.7351487810538,2,51,58,OR,Dr. Nrusingha Charan Sahu,BJD,,,,,False,51,2024,AE
1284942,Ranjit Kumar Sahu,INC,15063,3482,1.97091736524234,3,51,58,OR,Ranjit Kumar Sahu,INC,,,,,False,51,2024,AE
1284943,Nota,NOTA,15065,1512,0.855837753086279,4,51,58,OR,Nota,NOTA,,,,,False,51,2024,AE
1284944,Gadadhar Pradhan,APoI,15077,747,0.42282460420334,5,51,58,OR,Gadadhar Pradhan,APoI,,,,,False,51,2024,AE
1284945,Himansu Bhusan Barik,IND,15070,591,0.334523883646819,6,51,58,OR,Himansu Bhusan Barik,IND,,,,,False,51,2024,AE
1284946,Raghu Singh,IND,15070,379,0.214525468531547,7,51,58,OR,Raghu Singh,IND,,,,,False,51,2024,AE
1284947,Ajaya Kumar Biswal,IND,15070,316,0.178865562152952,8,51,58,OR,Ajaya Kumar Biswal,IND,,,,,False,51,2024,AE
1284948,Patitapaban Mohapatra,IND,15070,314,0.177733501632997,9,51,58,OR,Patitapaban Mohapatra,IND,,,,,False,51,2024,AE
1284949,Bijaya Kumar Routray,IND,15070,300,0.169809077993309,10,51,58,OR,Bijaya Kumar Routray,IND,,,,,False,51,2024,AE
1285030,Ashok Mohanty,BJP,15061,71560,48.6415573998926,1,51,59,OR,Ashok Mohanty,BJP,,,,,True,51,2024,AE
1285031,Mukesh Kumar Pal,BJD,15062,63997,43.5007511028637,2,51,59,OR,Mukesh Kumar Pal,BJD,,,,,True,51,2024,AE
1285032,Fakir Mohan Samal,INC,15063,6444,4.38018719794449,3,51,59,OR,Fakir Mohan Samal,INC,,,,,False,51,2024,AE
1285033,Nota,NOTA,15065,1633,1.11000088365042,4,51,59,OR,Nota,NOTA,,,,,False,51,2024,AE
1285034,Jagannath Dehury,MLD,15121,908,0.617195837326753,5,51,59,OR,Jagannath Dehury,MLD,,,,,False,51,2024,AE
1285035,Khageswar Naik,BSP,15068,830,0.564176811653309,6,51,59,OR,Khageswar Naik,BSP,,,,,False,51,2024,AE
1285036,Paramananda Sahoo,SUCI,15093,695,0.472413113372349,7,51,59,OR,Paramananda Sahoo,SUCI,,,,,False,51,2024,AE
1285037,Satyaprakash Mishra,IND,15070,579,0.393564305960562,8,51,59,OR,Satyaprakash Mishra,IND,,,,,False,51,2024,AE
1285038,Jugal Kishor Jit,IND,15070,471,0.320153347335793,9,51,59,OR,Jugal Kishor Jit,IND,,,,,False,51,2024,AE
1285112,Braja Kishore Pradhan,BJD,15062,75621,58.8192742970481,1,51,60,OR,Braja Kishore Pradhan,BJD,,,,,True,51,2024,AE
1285113,Kalandi Charan Samal,BJP,15061,43499,33.8342472679189,2,51,60,OR,Kalandi Charan Samal,BJP,,,,,False,51,2024,AE
1285114,Prafulla Chandra Das,INC,15063,6189,4.81390736203476,3,51,60,OR,Prafulla Chandra Das,INC,,,,,False,51,2024,AE
1285115,Nota,NOTA,15065,976,0.759149068564539,4,51,60,OR,Nota,NOTA,,,,,False,51,2024,AE
1285116,Prahlada Chandra Sahoo,SUCI,15093,445,0.346128417531987,5,51,60,OR,Prahlada Chandra Sahoo,SUCI,,,,,False,51,2024,AE
1285117,Santosh Kumar Sahu,IND,15070,385,0.299459417415315,6,51,60,OR,Santosh Kumar Sahu,IND,,,,,False,51,2024,AE
1285118,Rupak Kumar Pani,IND,15070,365,0.283903084043091,7,51,60,OR,Rupak Kumar Pani,IND,,,,,False,51,2024,AE
1285119,Sarbeswar Naik,BSP,15068,339,0.263679850659199,8,51,60,OR,Sarbeswar Naik,BSP,,,,,False,51,2024,AE
1285120,Bijaya Kumar Naik,APoI,15077,303,0.235678450589196,9,51,60,OR,Bijaya Kumar Naik,APoI,,,,,False,51,2024,AE
1285121,Bhupen Thamba,IND,15070,281,0.218566483879749,10,51,60,OR,Bhupen Thamba,IND,,,,,False,51,2024,AE
1285122,Manoj Kumar Jena,AIFB,15120,162,0.126006300315015,11,51,60,OR,Manoj Kumar Jena,AIFB,,,,,False,51,2024,AE
1285190,Pratap Chandra Pradhan,BJP,15061,88868,52.025266805997,1,51,61,OR,Pratap Chandra Pradhan,BJP,,,,,True,51,2024,AE
1285191,Sanjukta Singh,BJD,15062,71435,41.8196081186298,2,51,61,OR,Sanjukta Singh,BJD,,,,,False,51,2024,AE
1285192,Ambika Bhatta,INC,15063,6653,3.89481140635885,3,51,61,OR,Ambika Bhatta,INC,,,,,False,51,2024,AE
1285193,Nota,NOTA,15065,1326,0.776269340873566,4,51,61,OR,Nota,NOTA,,,,,False,51,2024,AE
1285194,Mandodari Raul,SUCI,15093,815,0.477118787942652,5,51,61,OR,Mandodari Raul,SUCI,,,,,False,51,2024,AE
1285195,Babula Sahu,IND,15070,484,0.283344163637108,6,51,61,OR,Babula Sahu,IND,,,,,False,51,2024,AE
1285196,Santosh Kumar Naik,IND,15070,459,0.268708617994696,7,51,61,OR,Santosh Kumar Naik,IND,,,,,True,51,2024,AE
1285197,Braja Kishore Nahak,IND,15070,441,0.258171025132158,8,51,61,OR,Braja Kishore Nahak,IND,,,,,False,51,2024,AE
1285198,Harihara Naik,RPPRINAT,15144,336,0.196701733434025,9,51,61,OR,Harihara Naik,RPPRINAT,,,,,False,51,2024,AE
1285269,Agasti Behera,BJP,15061,93629,52.581065447643,1,51,62,OR,Agasti Behera,BJP,,,,,True,51,2024,AE
1285270,Susanta Kumar Behera,BJD,15062,78566,44.121842462907,2,51,62,OR,Susanta Kumar Behera,BJD,,,,,True,51,2024,AE
1285271,Narottam Nayak,INC,15063,3681,2.06721103411094,3,51,62,OR,Narottam Nayak,INC,,,,,False,51,2024,AE
1285272,Nota,NOTA,15065,1370,0.769377646490627,4,51,62,OR,Nota,NOTA,,,,,False,51,2024,AE
1285273,Bharat Kumar Naik,SUCI,15093,820,0.460503408848404,5,51,62,OR,Bharat Kumar Naik,SUCI,,,,,True,51,2024,AE
1285349,Nalini Kanta Pradhan,BJD,15062,93957,52.3463571989681,1,51,63,OR,Nalini Kanta Pradhan,BJD,,,,,False,51,2024,AE
1285350,Sanjeeb Kumar Sahoo,BJP,15061,77804,43.347020184856,2,51,63,OR,Sanjeeb Kumar Sahoo,BJP,,,,,False,51,2024,AE
1285351,Himanshu Shekhar Chaulia,INC,15063,5126,2.85585349683271,3,51,63,OR,Himanshu Shekhar Chaulia,INC,,,,,False,51,2024,AE
1285352,Nota,NOTA,15065,1631,0.908680658083135,4,51,63,OR,Nota,NOTA,,,,,False,51,2024,AE
1285353,Ramani Ranjan Pradhan,SUCI,15093,973,0.542088461259896,5,51,63,OR,Ramani Ranjan Pradhan,SUCI,,,,,True,51,2024,AE
1285412,Raghunath Jagadala,BJP,15061,85680,48.1865372393973,1,51,64,OR,Raghunath Jagadala,BJP,,,,,True,51,2024,AE
1285413,Padmanabha Behera,BJD,15062,63734,35.8440798834704,2,51,64,OR,Padmanabha Behera,BJD,,,,,False,51,2024,AE
1285414,Pradip Kumar Sethy,INC,15063,22576,12.6967701297459,3,51,64,OR,Pradip Kumar Sethy,INC,,,,,False,51,2024,AE
1285415,Radhakanta Tandi,BSP,15068,1839,1.03425585881479,4,51,64,OR,Radhakanta Tandi,BSP,,,,,False,51,2024,AE
1285416,Nota,NOTA,15065,1559,0.876783514895196,5,51,64,OR,Nota,NOTA,,,,,False,51,2024,AE
1285417,Ashraya Mahananda,IND,15070,1018,0.572524450393399,6,51,64,OR,Ashraya Mahananda,IND,,,,,True,51,2024,AE
1285418,Daya Sagar Mahananda,IND,15070,784,0.440922562974877,7,51,64,OR,Daya Sagar Mahananda,IND,,,,,False,51,2024,AE
1285419,Puran Luha,NAPt,15075,619,0.34812636030797,8,51,64,OR,Puran Luha,NAPt,,,,,False,51,2024,AE
1285479,Niranjan Pujari,BJD,15062,98202,46.0251399004527,1,51,65,OR,Niranjan Pujari,BJD,,,,,True,51,2024,AE
1285480,Pramod Kumar Mahapatra,BJP,15061,82963,38.8829522979293,2,51,65,OR,Pramod Kumar Mahapatra,BJP,,,,,False,51,2024,AE
1285481,Priyabrata Sahu,INC,15063,20508,9.61165321560136,3,51,65,OR,Priyabrata Sahu,INC,,,,,False,51,2024,AE
1285482,Sonali Bishi,IND,15070,5506,2.58054235445197,4,51,65,OR,Sonali Bishi,IND,,,,,False,51,2024,AE
1285483,Nota,NOTA,15065,1905,0.892832035094626,5,51,65,OR,Nota,NOTA,,,,,False,51,2024,AE
1285484,Mandodari Chhatri,BSP,15068,1433,0.671615908813962,6,51,65,OR,Mandodari Chhatri,BSP,,,,,False,51,2024,AE
1285485,Suraj Kushal,APoI,15077,1253,0.587253826757777,7,51,65,OR,Suraj Kushal,APoI,,,,,False,51,2024,AE
1285486,Uttam Adbank,IND,15070,880,0.412436845608016,8,51,65,OR,Uttam Adbank,IND,,,,,False,51,2024,AE
1285487,Shashibhusan Padhan,NAPt,15075,716,0.335573615290158,9,51,65,OR,Shashibhusan Padhan,NAPt,,,,,False,51,2024,AE
1285550,Mukesh Mahaling,BJP,15061,83313,44.3173113749521,1,51,66,OR,Mukesh Mahaling,BJP,,,,,True,51,2024,AE
1285551,Nihar Ranjan Behera,BJD,15062,65123,34.6413677177752,2,51,66,OR,Nihar Ranjan Behera,BJD,,,,,False,51,2024,AE
1285552,Om Prakash Kumbhar,INC,15063,32249,17.1544533809949,3,51,66,OR,Om Prakash Kumbhar,INC,,,,,False,51,2024,AE
1285553,Nota,NOTA,15065,2160,1.14898506319417,4,51,66,OR,Nota,NOTA,,,,,False,51,2024,AE
1285554,Gobinda Bibhar,BSP,15068,1655,0.880356610919613,5,51,66,OR,Gobinda Bibhar,BSP,,,,,False,51,2024,AE
1285555,Saroj Kumar Suna,NAPt,15075,1437,0.764394229541682,6,51,66,OR,Saroj Kumar Suna,NAPt,,,,,False,51,2024,AE
1285556,Kuber Suna,IND,15070,1161,0.61757947146687,7,51,66,OR,Kuber Suna,IND,,,,,False,51,2024,AE
1285557,Lalman Nag,APoI,15077,894,0.475552151155368,8,51,66,OR,Lalman Nag,APoI,,,,,True,51,2024,AE
1285613,Kanak Vardhan Singh Deo,BJP,15061,93823,41.6421076925808,1,51,67,OR,Kanak Vardhan Singh Deo,BJP,,,,,True,51,2024,AE
1285614,Saroj Kumar Meher,BJD,15062,92466,41.0398210449695,2,51,67,OR,Saroj Kumar Meher,BJD,,,,,True,51,2024,AE
1285615,Anil Meher,INC,15063,26549,11.7834253555133,3,51,67,OR,Anil Meher,INC,,,,,False,51,2024,AE
1285616,Jati Padhan,IND,15070,2633,1.16862250785591,4,51,67,OR,Jati Padhan,IND,,,,,False,51,2024,AE
1285617,Laba Suna,IND,15070,2530,1.12290730910575,5,51,67,OR,Laba Suna,IND,,,,,False,51,2024,AE
1285618,Nota,NOTA,15065,2460,1.09183872743089,6,51,67,OR,Nota,NOTA,,,,,False,51,2024,AE
1285619,Balaram Bagarty,KOMM,15147,2455,1.08961954302554,7,51,67,OR,Balaram Bagarty,KOMM,,,,,False,51,2024,AE
1285620,Sauri Kumar Sahu,IND,15070,1223,0.542812505547961,8,51,67,OR,Sauri Kumar Sahu,IND,,,,,False,51,2024,AE
1285621,Chaitan Bag,AIFB,15120,1169,0.518845313970209,9,51,67,OR,Chaitan Bag,AIFB,,,,,False,51,2024,AE
1285682,Kalikesh Narayan Singh Deo,BJD,15062,85265,45.6917940720972,1,51,68,OR,Kalikesh Narayan Singh Deo,BJD,,,,,False,51,2024,AE
1285683,Samarendra Mishra,INC,15063,71856,38.5061813738887,2,51,68,OR,Samarendra Mishra,INC,,,,,False,51,2024,AE
1285684,Gopalji Panigrahi,BJP,15061,24932,13.360556028916,3,51,68,OR,Gopalji Panigrahi,BJP,,,,,False,51,2024,AE
1285685,Nota,NOTA,15065,1556,0.833829022180066,4,51,68,OR,Nota,NOTA,,,,,False,51,2024,AE
1285686,Ashish Pande,AAAP,15067,1094,0.586252538730715,5,51,68,OR,Ashish Pande,AAAP,,,,,True,51,2024,AE
1285687,Nilakantha Nag,APoI,15077,1070,0.573391422707372,6,51,68,OR,Nilakantha Nag,APoI,,,,,True,51,2024,AE
1285688,Rana Nag,BSP,15068,836,0.447995541479778,7,51,68,OR,Rana Nag,BSP,,,,,False,51,2024,AE
1285752,Nabin Kumar Jain,BJP,15061,97854,48.3043568403281,1,51,69,OR,Nabin Kumar Jain,BJP,,,,,False,51,2024,AE
1285753,Tukuni Sahu,BJD,15062,80455,39.7155663497517,2,51,69,OR,Tukuni Sahu,BJD,,,,,True,51,2024,AE
1285754,Birendra Bag,INC,15063,18097,8.93334912971793,3,51,69,OR,Birendra Bag,INC,,,,,False,51,2024,AE
1285755,Nota,NOTA,15065,2290,1.13042877311455,4,51,69,OR,Nota,NOTA,,,,,False,51,2024,AE
1285756,Iswar Chandra Gurda,APoI,15077,1749,0.863371145928975,5,51,69,OR,Iswar Chandra Gurda,APoI,,,,,False,51,2024,AE
1285757,Satyanarayan Bohidar,IND,15070,1211,0.597794429799879,6,51,69,OR,Satyanarayan Bohidar,IND,,,,,False,51,2024,AE
1285758,Khemraj Agrawal,IND,15070,922,0.455133331358785,7,51,69,OR,Khemraj Agrawal,IND,,,,,True,51,2024,AE
1285826,Laxman Bag,BJP,15061,90876,44.5745901880573,1,51,70,OR,Laxman Bag,BJP,,,,,False,51,2024,AE
1285827,Naveen Patnaik,BJD,15062,74532,36.5578739809882,2,51,70,OR,Naveen Patnaik,BJD,,,,,False,51,2024,AE
1285828,Santosh Singh Saluja,INC,15063,26839,13.1645035659279,3,51,70,OR,Santosh Singh Saluja,INC,,,,,True,51,2024,AE
1285829,Dhaneswar Majhi,IND,15070,1903,0.933419661163267,4,51,70,OR,Dhaneswar Majhi,IND,,,,,False,51,2024,AE
1285830,Nota,NOTA,15065,1649,0.808832906599174,5,51,70,OR,Nota,NOTA,,,,,False,51,2024,AE
1285831,Pandab Bhoi,CPI,15064,1454,0.713185595024377,6,51,70,OR,Pandab Bhoi,CPI,,,,,False,51,2024,AE
1285832,Sudam Kalet,APoI,15077,1239,0.607728302775243,7,51,70,OR,Sudam Kalet,APoI,,,,,False,51,2024,AE
1285833,Abhiram Dharua,AIFB,15120,1217,0.596937324033471,8,51,70,OR,Abhiram Dharua,AIFB,,,,,False,51,2024,AE
1285834,Suratha Behera,IND,15070,1204,0.590560836595151,9,51,70,OR,Suratha Behera,IND,,,,,True,51,2024,AE
1285835,Kamal Kumar Chhatria,IND,15070,1127,0.55279241099895,10,51,70,OR,Kamal Kumar Chhatria,IND,,,,,False,51,2024,AE
1285836,Sohan Sipka,IND,15070,1092,0.535624944818858,11,51,70,OR,Sohan Sipka,IND,,,,,False,51,2024,AE
1285837,Devendra Kumar Jain,KOMM,15147,742,0.363950283017942,12,51,70,OR,Devendra Kumar Jain,KOMM,,,,,False,51,2024,AE
1285908,Rajendra Dholakia,BJD,15062,61822,33.6532337523067,1,51,71,OR,Rajendra Dholakia,BJD,,,,,True,51,2024,AE
1285909,Ghasiram Majhi,IND,15070,50941,27.7300860628296,2,51,71,OR,Ghasiram Majhi,IND,,,,,False,51,2024,AE
1285910,Abhinandan Panda,BJP,15061,44814,24.3948111898009,3,51,71,OR,Abhinandan Panda,BJP,,,,,False,51,2024,AE
1285911,Sarat Pattanayak,INC,15063,15501,8.4380766781163,4,51,71,OR,Sarat Pattanayak,INC,,,,,False,51,2024,AE
1285912,Bhujabal Adabang,IND,15070,5655,3.07833840492534,5,51,71,OR,Bhujabal Adabang,IND,,,,,False,51,2024,AE
1285913,Nota,NOTA,15065,2291,1.24712171276462,6,51,71,OR,Nota,NOTA,,,,,False,51,2024,AE
1285914,Sukdhar Dandsena,BSP,15068,1429,0.77788604432154,7,51,71,OR,Sukdhar Dandsena,BSP,,,,,False,51,2024,AE
1285915,Lochan Singh Majhi,SP,15081,1250,0.680446154934867,8,51,71,OR,Lochan Singh Majhi,SP,,,,,False,51,2024,AE
1285994,Adhiraj Mohan Panigrahi,BJD,15062,93246,46.8865021420382,1,51,72,OR,Adhiraj Mohan Panigrahi,BJD,,,,,False,51,2024,AE
1285995,Hitesh Kumar Bagartti,BJP,15061,83628,42.0503228142158,2,51,72,OR,Hitesh Kumar Bagartti,BJP,,,,,False,51,2024,AE
1285996,Kamal Charan Tandi,INC,15063,13330,6.70266899977875,3,51,72,OR,Kamal Charan Tandi,INC,,,,,False,51,2024,AE
1285997,Nota,NOTA,15065,2436,1.22488384722138,4,51,72,OR,Nota,NOTA,,,,,False,51,2024,AE
1285998,Shreekant Chatterjee,IND,15070,2104,1.05794565457873,5,51,72,OR,Shreekant Chatterjee,IND,,,,,False,51,2024,AE
1285999,Uddhab Majhi,ODSHJP,15074,1759,0.884470725477181,6,51,72,OR,Uddhab Majhi,ODSHJP,,,,,False,51,2024,AE
1286000,Budharu Bihari,SP,15081,1187,0.596854321285625,7,51,72,OR,Budharu Bihari,SP,,,,,False,51,2024,AE
1286001,Rangadhar Majhi,IND,15070,1186,0.596351495404171,8,51,72,OR,Rangadhar Majhi,IND,,,,,False,51,2024,AE
1286043,Nityananda Gond,BJP,15061,70170,43.3528154308097,1,51,73,OR,Nityananda Gond,BJP,,,,,True,51,2024,AE
1286044,Nabina Nayak,BJD,15062,59797,36.9441115051464,2,51,73,OR,Nabina Nayak,BJD,,,,,False,51,2024,AE
1286045,Sanraj Gond,INC,15063,25026,15.4617009971703,3,51,73,OR,Sanraj Gond,INC,,,,,False,51,2024,AE
1286046,Nota,NOTA,15065,4076,2.51825674356534,4,51,73,OR,Nota,NOTA,,,,,False,51,2024,AE
1286047,Dasarath Majhi,IND,15070,2789,1.72311532330808,5,51,73,OR,Dasarath Majhi,IND,,,,,False,51,2024,AE
1286088,Narsing Bhatra,BJP,15061,76748,42.3299450110033,1,51,74,OR,Narsing Bhatra,BJP,,,,,False,51,2024,AE
1286089,Ramesh Chandra Majhi,BJD,15062,73470,40.521981810059,2,51,74,OR,Ramesh Chandra Majhi,BJD,,,,,False,51,2024,AE
1286090,Harabati Gond,INC,15063,25577,14.1068562509307,3,51,74,OR,Harabati Gond,INC,,,,,False,51,2024,AE
1286091,Nota,NOTA,15065,5514,3.04121692800688,4,51,74,OR,Nota,NOTA,,,,,False,51,2024,AE
1286134,Gouri Shankar Majhi,BJP,15061,90895,45.3479612251108,1,51,75,OR,Gouri Shankar Majhi,BJP,,,,,True,51,2024,AE
1286135,Kausalya Pradhani,BJD,15062,65801,32.8284415707521,2,51,75,OR,Kausalya Pradhani,BJD,,,,,False,51,2024,AE
1286136,Dillip Kumar Pradhani,INC,15063,40271,20.0913993783644,3,51,75,OR,Dillip Kumar Pradhani,INC,,,,,False,51,2024,AE
1286137,Nota,NOTA,15065,3472,1.73219782577242,4,51,75,OR,Nota,NOTA,,,,,False,51,2024,AE
1286180,Manohar Randhari,BJD,15062,77511,44.9526758995058,1,51,76,OR,Manohar Randhari,BJD,,,,,True,51,2024,AE
1286181,Lipika Majhi,INC,15063,56056,32.5098011923817,2,51,76,OR,Lipika Majhi,INC,,,,,False,51,2024,AE
1286182,Somnath Pujari,BJP,15061,34318,19.9028000092792,3,51,76,OR,Somnath Pujari,BJP,,,,,False,51,2024,AE
1286183,Nota,NOTA,15065,4543,2.63472289883313,4,51,76,OR,Nota,NOTA,,,,,False,51,2024,AE
1286258,Pradip Kumar Dishari,BJD,15062,60254,34.0864862418537,1,51,77,OR,Pradip Kumar Dishari,BJD,,,,,True,51,2024,AE
1286259,Balabhadra Majhi,INC,15063,53753,30.4087843953656,2,51,77,OR,Balabhadra Majhi,INC,,,,,False,51,2024,AE
1286260,Ramesh Chandra Majhi,BJP,15061,49113,27.7838749094858,3,51,77,OR,Ramesh Chandra Majhi,BJP,,,,,True,51,2024,AE
1286261,Nota,NOTA,15065,4123,2.33243573497465,4,51,77,OR,Nota,NOTA,,,,,False,51,2024,AE
1286262,Mohansingh Majhi,BSP,15068,2498,1.41315170166545,5,51,77,OR,Mohansingh Majhi,BSP,,,,,False,51,2024,AE
1286263,Phulame Majhi,IND,15070,2065,1.16819786386676,6,51,77,OR,Phulame Majhi,IND,,,,,False,51,2024,AE
1286264,Suresh Majhi,IND,15070,1917,1.08447230267921,7,51,77,OR,Suresh Majhi,IND,,,,,False,51,2024,AE
1286265,Uddhaba Naik,AIFB,15120,1629,0.921546886314265,8,51,77,OR,Uddhaba Naik,AIFB,,,,,False,51,2024,AE
1286266,Rakshi Nayak,SP,15081,1416,0.801049963794351,9,51,77,OR,Rakshi Nayak,SP,,,,,False,51,2024,AE
1286345,Dibya Shankar Mishra,BJD,15062,77037,38.6433179168714,1,51,78,OR,Dibya Shankar Mishra,BJD,,,,,False,51,2024,AE
1286346,Manoj Kumar Meher,BJP,15061,75699,37.9721500446442,2,51,78,OR,Manoj Kumar Meher,BJP,,,,,True,51,2024,AE
1286347,Tuleswar Naik,INC,15063,39492,19.8099862556056,3,51,78,OR,Tuleswar Naik,INC,,,,,False,51,2024,AE
1286348,Nota,NOTA,15065,2735,1.37193133822245,4,51,78,OR,Nota,NOTA,,,,,False,51,2024,AE
1286349,Rabi Harijan,ODSHJP,15074,1611,0.808110195932863,5,51,78,OR,Rabi Harijan,ODSHJP,,,,,False,51,2024,AE
1286350,Parameswar Kand,IND,15070,1471,0.73788336326334,6,51,78,OR,Parameswar Kand,IND,,,,,False,51,2024,AE
1286351,Sudhanidhi Naik,IND,15070,1309,0.656620885460035,7,51,78,OR,Sudhanidhi Naik,IND,,,,,False,51,2024,AE
1286429,Sudhir Ranjan Pattjoshi,BJP,15061,87890,41.8416216782351,1,51,79,OR,Sudhir Ranjan Pattjoshi,BJP,,,,,False,51,2024,AE
1286430,Puspendra Singh Deo,BJD,15062,68963,32.8310815314157,2,51,79,OR,Puspendra Singh Deo,BJD,,,,,False,51,2024,AE
1286431,Rasmirekha Rout,INC,15063,41269,19.646852714064,3,51,79,OR,Rasmirekha Rout,INC,,,,,False,51,2024,AE
1286432,Tirtharaj Durga,BSP,15068,2167,1.03163948318051,4,51,79,OR,Tirtharaj Durga,BSP,,,,,False,51,2024,AE
1286433,Nota,NOTA,15065,2105,1.00212326354175,5,51,79,OR,Nota,NOTA,,,,,False,51,2024,AE
1286434,Tankadhar Sabar,AIFB,15120,1477,0.703152522684642,6,51,79,OR,Tankadhar Sabar,AIFB,,,,,False,51,2024,AE
1286435,Santosh Kumar Bhoi,SP,15081,1270,0.604606434535881,7,51,79,OR,Santosh Kumar Bhoi,SP,,,,,False,51,2024,AE
1286436,Hemangini Hans,IND,15070,1269,0.604130366477191,8,51,79,OR,Hemangini Hans,IND,,,,,False,51,2024,AE
1286437,Heramba Senapati,IND,15070,1156,0.550334675845258,9,51,79,OR,Heramba Senapati,IND,,,,,False,51,2024,AE
1286438,Soumya Ranjan Naik,IND,15070,891,0.424176640292496,10,51,79,OR,Soumya Ranjan Naik,IND,,,,,False,51,2024,AE
1286439,Rupadhar Naik,IND,15070,879,0.41846382358822,11,51,79,OR,Rupadhar Naik,IND,,,,,False,51,2024,AE
1286440,Prahalad Agrawal,IND,15070,718,0.341816866139183,12,51,79,OR,Prahalad Agrawal,IND,,,,,False,51,2024,AE
1286519,Sagar Charan Das,INC,15063,67085,37.3899230854977,1,51,80,OR,Sagar Charan Das,INC,,,,,True,51,2024,AE
1286520,Pradipta Kumar Naik,BJP,15061,53344,29.7313565934678,2,51,80,OR,Pradipta Kumar Naik,BJP,,,,,True,51,2024,AE
1286521,Lalita Naik,BJD,15062,50897,28.3675175565711,3,51,80,OR,Lalita Naik,BJD,,,,,False,51,2024,AE
1286522,Nota,NOTA,15065,1469,0.818749303310667,4,51,80,OR,Nota,NOTA,,,,,False,51,2024,AE
1286523,Rohit Durga,IND,15070,1435,0.799799353472299,5,51,80,OR,Rohit Durga,IND,,,,,False,51,2024,AE
1286524,Ramesh Naik,AAAP,15067,1194,0.66547765020622,6,51,80,OR,Ramesh Naik,AAAP,,,,,False,51,2024,AE
1286525,Sugri Deep,BSP,15068,1176,0.655445323821201,7,51,80,OR,Sugri Deep,BSP,,,,,False,51,2024,AE
1286526,Sanjaya Sunani,IND,15070,668,0.372310779177349,8,51,80,OR,Sanjaya Sunani,IND,,,,,False,51,2024,AE
1286527,Mahendra Dhangada Majhi,IND,15070,617,0.343885854419797,9,51,80,OR,Mahendra Dhangada Majhi,IND,,,,,False,51,2024,AE
1286528,Duryodhan Thakur,SP,15081,584,0.325493256047263,10,51,80,OR,Duryodhan Thakur,SP,,,,,False,51,2024,AE
1286529,Ramesh Kumar Mahanand,IND,15070,572,0.318805038457251,11,51,80,OR,Ramesh Kumar Mahanand,IND,,,,,False,51,2024,AE
1286530,Chhayakanti Khamari,IND,15070,379,0.21123620555122,12,51,80,OR,Chhayakanti Khamari,IND,,,,,False,51,2024,AE
1286619,Manorama Mohanty,BJD,15062,67532,36.4734221242857,1,51,81,OR,Manorama Mohanty,BJD,,,,,False,51,2024,AE
1286620,Bhakta Charan Das,INC,15063,62327,33.6622487226849,2,51,81,OR,Bhakta Charan Das,INC,,,,,False,51,2024,AE
1286621,Aniruddha Padhan,BJP,15061,47417,25.6094926385603,3,51,81,OR,Aniruddha Padhan,BJP,,,,,True,51,2024,AE
1286622,Nota,NOTA,15065,1300,0.702118236711062,4,51,81,OR,Nota,NOTA,,,,,False,51,2024,AE
1286623,Pradeep Kumar Naik,IND,15070,1091,0.589239227885975,5,51,81,OR,Pradeep Kumar Naik,IND,,,,,False,51,2024,AE
1286624,Duryodhan Kumar,BSP,15068,967,0.522267949922766,6,51,81,OR,Duryodhan Kumar,BSP,,,,,False,51,2024,AE
1286625,Gabhira Suna,APoI,15077,897,0.484461583330632,7,51,81,OR,Gabhira Suna,APoI,,,,,True,51,2024,AE
1286626,Pruthiraj Chhatria,AAAP,15067,719,0.388325393996348,8,51,81,OR,Pruthiraj Chhatria,AAAP,,,,,False,51,2024,AE
1286627,Rojarani Jal,IND,15070,698,0.376983484018708,9,51,81,OR,Rojarani Jal,IND,,,,,False,51,2024,AE
1286628,Kajal Pattanayak,ODSHJP,15074,599,0.323514479838404,10,51,81,OR,Kajal Pattanayak,ODSHJP,,,,,False,51,2024,AE
1286629,Tikemana Deep,IND,15070,573,0.309472115104183,11,51,81,OR,Tikemana Deep,IND,,,,,False,51,2024,AE
1286630,Sibaram Nayak,AIFB,15120,521,0.281387385635741,12,51,81,OR,Sibaram Nayak,AIFB,,,,,False,51,2024,AE
1286631,Sashidev Harijan,NAPt,15075,513,0.277066658025211,13,51,81,OR,Sashidev Harijan,NAPt,,,,,False,51,2024,AE
1286689,Chakramani Kanhar,BJD,15062,43586,35.884178721092,1,51,82,OR,Chakramani Kanhar,BJD,,,,,True,51,2024,AE
1286690,Upendra Pradhan,INC,15063,41915,34.5084511332669,2,51,82,OR,Upendra Pradhan,INC,,,,,False,51,2024,AE
1286691,Kalpana Kanhar,BJP,15061,31481,25.9181808451956,3,51,82,OR,Kalpana Kanhar,BJP,,,,,False,51,2024,AE
1286692,Nota,NOTA,15065,2606,2.14550933205996,4,51,82,OR,Nota,NOTA,,,,,False,51,2024,AE
1286693,Ajaya Kumar Mallick,MLD,15121,1009,0.830705646987148,5,51,82,OR,Ajaya Kumar Mallick,MLD,,,,,False,51,2024,AE
1286694,Jayasing Mallick,NAPt,15075,866,0.712974321398285,6,51,82,OR,Jayasing Mallick,NAPt,,,,,False,51,2024,AE
1286753,Prafulla Chandra Pradhan,INC,15063,53530,37.0575489266256,1,51,83,OR,Prafulla Chandra Pradhan,INC,,,,,False,51,2024,AE
1286754,Managobinda Pradhan,BJP,15061,45673,31.6183342448304,2,51,83,OR,Managobinda Pradhan,BJP,,,,,False,51,2024,AE
1286755,Saluga Pradhan,BJD,15062,40373,27.9492699946694,3,51,83,OR,Saluga Pradhan,BJD,,,,,True,51,2024,AE
1286756,Nota,NOTA,15065,1507,1.04326034433821,4,51,83,OR,Nota,NOTA,,,,,False,51,2024,AE
1286757,Jauban Mallick,AAAP,15067,1134,0.785041294279721,5,51,83,OR,Jauban Mallick,AAAP,,,,,False,51,2024,AE
1286758,Pradeep Kumar Konhar,IND,15070,835,0.578050688468754,6,51,83,OR,Pradeep Kumar Konhar,IND,,,,,False,51,2024,AE
1286759,Sirel Pradhan,MLD,15121,532,0.368290977563325,7,51,83,OR,Sirel Pradhan,MLD,,,,,False,51,2024,AE
1286760,Sanjaya Kumar Pradhan,KS,15092,441,0.305293836664336,8,51,83,OR,Sanjaya Kumar Pradhan,KS,,,,,False,51,2024,AE
1286761,Pradeep Pradhan,NAPt,15075,426,0.294909692560106,9,51,83,OR,Pradeep Pradhan,NAPt,,,,,False,51,2024,AE
1286820,Uma Charan Mallick,BJP,15061,53900,36.8051240380478,1,51,84,OR,Uma Charan Mallick,BJP,,,,,False,51,2024,AE
1286821,Jayashree Kanhar,BJD,15062,51042,34.8535647708727,2,51,84,OR,Jayashree Kanhar,BJD,,,,,False,51,2024,AE
1286822,Prativa Kanhar,INC,15063,23328,15.9293123109384,3,51,84,OR,Prativa Kanhar,INC,,,,,False,51,2024,AE
1286823,Debendra Kanhar,SP,15081,11896,8.1230752422378,4,51,84,OR,Debendra Kanhar,SP,,,,,False,51,2024,AE
1286824,Nota,NOTA,15065,1894,1.293300648016,5,51,84,OR,Nota,NOTA,,,,,False,51,2024,AE
1286825,Dipanjali Kanhar,BSP,15068,1044,0.712885890458664,6,51,84,OR,Dipanjali Kanhar,BSP,,,,,False,51,2024,AE
1286826,Sudhansu Kumar Kanhar,IND,15070,998,0.681475209461443,7,51,84,OR,Sudhansu Kumar Kanhar,IND,,,,,False,51,2024,AE
1286827,Himmasu Kahanra,IND,15070,875,0.597485779838439,8,51,84,OR,Himmasu Kahanra,IND,,,,,False,51,2024,AE
1286828,Biswambar Kanhar,MLD,15121,845,0.577000553101121,9,51,84,OR,Biswambar Kanhar,MLD,,,,,False,51,2024,AE
1286829,Tikeswar Kanhar,IND,15070,625,0.426775557027457,10,51,84,OR,Tikeswar Kanhar,IND,,,,,False,51,2024,AE
1286888,Kanhai Charan Danga,BJP,15061,68356,48.2825357584319,1,51,85,OR,Kanhai Charan Danga,BJP,,,,,True,51,2024,AE
1286889,Mahidhar Rana,BJD,15062,61207,43.2329154158573,2,51,85,OR,Mahidhar Rana,BJD,,,,,True,51,2024,AE
1286890,Saroj Kumar Pradhan,INC,15063,7694,5.4345753134381,3,51,85,OR,Saroj Kumar Pradhan,INC,,,,,False,51,2024,AE
1286891,Nota,NOTA,15065,1399,0.988168815115663,4,51,85,OR,Nota,NOTA,,,,,False,51,2024,AE
1286892,Sudhansu Danga,IND,15070,1024,0.723291541585731,5,51,85,OR,Sudhansu Danga,IND,,,,,True,51,2024,AE
1286893,Kunja Bihari Singh,MLD,15121,954,0.673847783860144,6,51,85,OR,Kunja Bihari Singh,MLD,,,,,False,51,2024,AE
1286894,Satyabrat Sahu,IND,15070,941,0.664665371711107,7,51,85,OR,Satyabrat Sahu,IND,,,,,False,51,2024,AE
1286960,Saroj Kumar Pradhan,BJP,15061,62494,46.3608780480567,1,51,86,OR,Saroj Kumar Pradhan,BJP,,,,,False,51,2024,AE
1286961,Pradip Kumar Amat,BJD,15062,59729,44.3096758878033,2,51,86,OR,Pradip Kumar Amat,BJD,,,,,True,51,2024,AE
1286962,Naba Kumar Mishra,INC,15063,9468,7.02379097767787,3,51,86,OR,Naba Kumar Mishra,INC,,,,,False,51,2024,AE
1286963,Nota,NOTA,15065,1181,0.876119259044948,4,51,86,OR,Nota,NOTA,,,,,False,51,2024,AE
1286964,Sastha Kumar Purohit,ICPa,15107,690,0.51187323348096,5,51,86,OR,Sastha Kumar Purohit,ICPa,,,,,False,51,2024,AE
1286965,Somanath Purohit,IND,15070,675,0.500745554492244,6,51,86,OR,Somanath Purohit,IND,,,,,False,51,2024,AE
1286966,Pradipa Sahu,IND,15070,562,0.416917039443912,7,51,86,OR,Pradipa Sahu,IND,,,,,False,51,2024,AE
1287039,Bijaya Kumar Dalabehera,IND,15070,86018,46.5100435264538,1,51,87,OR,Bijaya Kumar Dalabehera,IND,,,,,False,51,2024,AE
1287040,Debiprasad Mishra,BJD,15062,62539,33.8149179485793,2,51,87,OR,Debiprasad Mishra,BJD,,,,,True,51,2024,AE
1287041,Sambit Tripathy,BJP,15061,30755,16.6292681608045,3,51,87,OR,Sambit Tripathy,BJP,,,,,False,51,2024,AE
1287042,Sanjaya Kumar Sahoo,INC,15063,2153,1.16412987644975,4,51,87,OR,Sanjaya Kumar Sahoo,INC,,,,,False,51,2024,AE
1287043,Nota,NOTA,15065,966,0.522317445727108,5,51,87,OR,Nota,NOTA,,,,,False,51,2024,AE
1287044,Manoj Kumar Nanda,IND,15070,798,0.431479629078915,6,51,87,OR,Manoj Kumar Nanda,IND,,,,,True,51,2024,AE
1287045,Jugal Kishor Rout,IND,15070,389,0.210332801643731,7,51,87,OR,Jugal Kishor Rout,IND,,,,,True,51,2024,AE
1287046,Saroj Kumar Karan,UWF,15124,380,0.205466490037578,8,51,87,OR,Saroj Kumar Karan,UWF,,,,,False,51,2024,AE
1287047,Manoranjan Behera,NAPt,15075,376,0.203303684879288,9,51,87,OR,Manoranjan Behera,NAPt,,,,,False,51,2024,AE
1287048,Kailash Chandra Nayak,SAMO,15082,355,0.191948957798264,10,51,87,OR,Kailash Chandra Nayak,SAMO,,,,,False,51,2024,AE
1287049,Prasad Kumar Naik,JNTADRBARP,15135,216,0.116791478547676,11,51,87,OR,Prasad Kumar Naik,JNTADRBARP,,,,,False,51,2024,AE
1287119,Devi Ranjan Tripathy,BJD,15062,69214,41.3109392159671,1,51,88,OR,Devi Ranjan Tripathy,BJD,,,,,True,51,2024,AE
1287120,Tusara Kanta Chakrabarty,BJP,15061,52188,31.1488325454805,2,51,88,OR,Tusara Kanta Chakrabarty,BJP,,,,,False,51,2024,AE
1287121,Debasis Patnaik,INC,15063,42899,25.6046172945614,3,51,88,OR,Debasis Patnaik,INC,,,,,True,51,2024,AE
1287122,Nota,NOTA,15065,885,0.528219452800458,4,51,88,OR,Nota,NOTA,,,,,False,51,2024,AE
1287123,Mamata Jena,MLD,15121,806,0.481067659838609,5,51,88,OR,Mamata Jena,MLD,,,,,False,51,2024,AE
1287124,Malabika Samal,SUCI,15093,558,0.333046841426729,6,51,88,OR,Malabika Samal,SUCI,,,,,False,51,2024,AE
1287125,Prakash Chandra Sahoo,KRUP,15134,474,0.282910757771092,7,51,88,OR,Prakash Chandra Sahoo,KRUP,,,,,False,51,2024,AE
1287126,Subash Chandra Rout,NAPt,15075,273,0.162942271880819,8,51,88,OR,Subash Chandra Rout,NAPt,,,,,False,51,2024,AE
1287127,Hemanta Kumar Debata,IND,15070,247,0.147423960273122,9,51,88,OR,Hemanta Kumar Debata,IND,,,,,False,51,2024,AE
1287193,Ranendra Pratap Swain,BJD,15062,86006,49.4625634773206,1,51,89,OR,Ranendra Pratap Swain,BJD,,,,,True,51,2024,AE
1287194,Abhaya Kumar Barik,BJP,15061,82422,47.4013837049476,2,51,89,OR,Abhaya Kumar Barik,BJP,,,,,False,51,2024,AE
1287195,Sudarsan Sahoo,INC,15063,2405,1.38312984167332,3,51,89,OR,Sudarsan Sahoo,INC,,,,,False,51,2024,AE
1287196,Nota,NOTA,15065,740,0.425578412822562,4,51,89,OR,Nota,NOTA,,,,,False,51,2024,AE
1287197,Ganeswar Sahoo,BSP,15068,485,0.27892639218776,5,51,89,OR,Ganeswar Sahoo,BSP,,,,,False,51,2024,AE
1287198,Debiprasad Mohapatra,AAAP,15067,352,0.202437299072354,6,51,89,OR,Debiprasad Mohapatra,AAAP,,,,,False,51,2024,AE
1287199,Harihar Sahoo,IND,15070,322,0.185184120174142,7,51,89,OR,Harihar Sahoo,IND,,,,,False,51,2024,AE
1287200,Rajendra Kumar Mohanty,IND,15070,298,0.171381577055572,8,51,89,OR,Rajendra Kumar Mohanty,IND,,,,,False,51,2024,AE
1287201,Bijaya Kumar Parida,IND,15070,246,0.141476066965338,9,51,89,OR,Bijaya Kumar Parida,IND,,,,,False,51,2024,AE
1287202,Santosh Kumar Kar,NAPt,15075,204,0.117321616507841,10,51,89,OR,Santosh Kumar Kar,NAPt,,,,,False,51,2024,AE
1287203,Pracheta Paramanik,SZPB,15149,155,0.0891414243074286,11,51,89,OR,Pracheta Paramanik,SZPB,,,,,False,51,2024,AE
1287204,Dibyasingha Mishra,SAMO,15082,125,0.0718882454092166,12,51,89,OR,Dibyasingha Mishra,SAMO,,,,,False,51,2024,AE
1287205,Gagan Bihari Rout,UWF,15124,121,0.0695878215561217,13,51,89,OR,Gagan Bihari Rout,UWF,,,,,False,51,2024,AE
1287278,Sofia Firdous,INC,15063,53339,37.859419250889,1,51,90,OR,Sofia Firdous,INC,,,,,False,51,2024,AE
1287279,Purna Chandra Mahapatra,BJP,15061,45338,32.1803998949512,2,51,90,OR,Purna Chandra Mahapatra,BJP,,,,,False,51,2024,AE
1287280,Prakash Chandra Behera,BJD,15062,40035,28.4163904405658,3,51,90,OR,Prakash Chandra Behera,BJD,,,,,False,51,2024,AE
1287281,Nota,NOTA,15065,585,0.415226387104558,4,51,90,OR,Nota,NOTA,,,,,False,51,2024,AE
1287282,Akshaya Kumar Roul,SUCI,15093,292,0.207258299204326,5,51,90,OR,Akshaya Kumar Roul,SUCI,,,,,False,51,2024,AE
1287283,Ashok Kumar Sarangi,AAAP,15067,263,0.186674427023075,6,51,90,OR,Ashok Kumar Sarangi,AAAP,,,,,False,51,2024,AE
1287284,Prakash Chandra Behera,IND,15070,181,0.128471753958846,7,51,90,OR,Prakash Chandra Behera,IND,,,,,False,51,2024,AE
1287285,Sobha Pandey,IND,15070,178,0.12634238787113,8,51,90,OR,Sobha Pandey,IND,,,,,False,51,2024,AE
1287286,Prasanta Kumar Rout,IND,15070,177,0.125632599175225,9,51,90,OR,Prasanta Kumar Rout,IND,,,,,False,51,2024,AE
1287287,Sanjit Kumar Samal,IND,15070,146,0.103629149602163,10,51,90,OR,Sanjit Kumar Samal,IND,,,,,False,51,2024,AE
1287288,Nilamadhaba Das,IND,15070,97,0.0688495035028072,11,51,90,OR,Nilamadhaba Das,IND,,,,,False,51,2024,AE
1287289,Rajesh Kumar Patra,IND,15070,88,0.0624614052396601,12,51,90,OR,Rajesh Kumar Patra,IND,,,,,False,51,2024,AE
1287290,Narasingha Pati,IND,15070,85,0.0603320391519444,13,51,90,OR,Narasingha Pati,IND,,,,,False,51,2024,AE
1287291,Arif Khan,SAMO,15082,83,0.058912461760134,14,51,90,OR,Arif Khan,SAMO,,,,,False,51,2024,AE
1287364,Souvic Biswal,BJD,15062,72325,51.7057721728935,1,51,91,OR,Souvic Biswal,BJD,,,,,True,51,2024,AE
1287365,Nayan Kishore Mohanty,BJP,15061,54509,38.9689586639786,2,51,91,OR,Nayan Kishore Mohanty,BJP,,,,,True,51,2024,AE
1287366,Meera Mallick,INC,15063,5118,3.65890275811778,3,51,91,OR,Meera Mallick,INC,,,,,False,51,2024,AE
1287367,Rupali Lenka,IND,15070,2804,2.00460401206765,4,51,91,OR,Rupali Lenka,IND,,,,,False,51,2024,AE
1287368,Sukanta Chandra Sahani,IND,15070,2113,1.51060209611232,5,51,91,OR,Sukanta Chandra Sahani,IND,,,,,False,51,2024,AE
1287369,Nota,NOTA,15065,1040,0.743505054404552,6,51,91,OR,Nota,NOTA,,,,,False,51,2024,AE
1287370,Khageswar Sethi,SUCI,15093,424,0.303121291411086,7,51,91,OR,Khageswar Sethi,SUCI,,,,,False,51,2024,AE
1287371,Bijayalaxmi Mohapatra,AAAP,15067,364,0.260226769041593,8,51,91,OR,Bijayalaxmi Mohapatra,AAAP,,,,,False,51,2024,AE
1287372,Lulu Biswal,SAMO,15082,306,0.218762064084416,9,51,91,OR,Lulu Biswal,SAMO,,,,,False,51,2024,AE
1287373,Ranjeet Mallick,IND,15070,280,0.200174437724302,10,51,91,OR,Ranjeet Mallick,IND,,,,,True,51,2024,AE
1287374,Biplab Nanda,IND,15070,224,0.160139550179442,11,51,91,OR,Biplab Nanda,IND,,,,,False,51,2024,AE
1287375,Sobha Pandey,IND,15070,200,0.142981741231644,12,51,91,OR,Sobha Pandey,IND,,,,,False,51,2024,AE
1287376,Manoranjan Dalai,BSP,15068,171,0.122249388753056,13,51,91,OR,Manoranjan Dalai,BSP,,,,,False,51,2024,AE
1287433,Chhabi Malik,BJP,15061,90191,47.7140468935161,1,51,92,OR,Chhabi Malik,BJP,,,,,True,51,2024,AE
1287434,Dr. Pramod Kumar Mallick,BJD,15062,88739,46.9458904689351,2,51,92,OR,Dr. Pramod Kumar Mallick,BJD,,,,,True,51,2024,AE
1287435,Gitanjali Mallick,INC,15063,7701,4.07408583037074,3,51,92,OR,Gitanjali Mallick,INC,,,,,False,51,2024,AE
1287436,Nota,NOTA,15065,633,0.334878110716099,4,51,92,OR,Nota,NOTA,,,,,False,51,2024,AE
1287437,Trupti Ranjan Behera,IND,15070,508,0.268748941933299,5,51,92,OR,Trupti Ranjan Behera,IND,,,,,False,51,2024,AE
1287438,Abhimanyu Mallick,IND,15070,408,0.215845606907059,6,51,92,OR,Abhimanyu Mallick,IND,,,,,False,51,2024,AE
1287439,Bedaprakash Das,BSP,15068,363,0.192039106145251,7,51,92,OR,Bedaprakash Das,BSP,,,,,False,51,2024,AE
1287440,Krushna Chandra Behera,IND,15070,199,0.105277636702217,8,51,92,OR,Krushna Chandra Behera,IND,,,,,False,51,2024,AE
1287441,Dillip Das,JMBP,15150,147,0.0777679024885728,9,51,92,OR,Dillip Das,JMBP,,,,,False,51,2024,AE
1287442,Arup Kumar Malik,SAMO,15082,135,0.071419502285424,10,51,92,OR,Arup Kumar Malik,SAMO,,,,,False,51,2024,AE
1287506,Prakash Chandra Sethi,BJP,15061,79542,48.4911664654888,1,51,93,OR,Prakash Chandra Sethi,BJP,,,,,False,51,2024,AE
1287507,Chandra Sarathi Behera,BJD,15062,75733,46.1690868966189,2,51,93,OR,Chandra Sarathi Behera,BJD,,,,,True,51,2024,AE
1287508,Rama Chandra Gochhayat,INC,15063,7010,4.27350427350427,3,51,93,OR,Rama Chandra Gochhayat,INC,,,,,False,51,2024,AE
1287509,Nota,NOTA,15065,1071,0.652913420388456,4,51,93,OR,Nota,NOTA,,,,,False,51,2024,AE
1287510,Paramananda Sethi,SUCI,15093,678,0.413328943999414,5,51,93,OR,Paramananda Sethi,SUCI,,,,,True,51,2024,AE
1287573,Prasanta Behera,BJD,15062,87701,45.7498030746438,1,51,94,OR,Prasanta Behera,BJD,,,,,True,51,2024,AE
1287574,Arindam Roy,BJP,15061,80107,41.7883430622284,2,51,94,OR,Arindam Roy,BJP,,,,,False,51,2024,AE
1287575,Aquibuzzama Khan,INC,15063,19930,10.3966154921568,3,51,94,OR,Aquibuzzama Khan,INC,,,,,False,51,2024,AE
1287576,Badri Narayan Dash,CPI(M),15110,1751,0.913420658643588,4,51,94,OR,Badri Narayan Dash,CPI(M),,,,,False,51,2024,AE
1287577,Nota,NOTA,15065,926,0.483053986238699,5,51,94,OR,Nota,NOTA,,,,,False,51,2024,AE
1287578,Bisheswar Swain,IND,15070,456,0.237875397111065,6,51,94,OR,Bisheswar Swain,IND,,,,,False,51,2024,AE
1287579,Suvesh Ranjan Parida,IND,15070,316,0.164843476945387,7,51,94,OR,Suvesh Ranjan Parida,IND,,,,,False,51,2024,AE
1287580,Jasobanta Jena,BSP,15068,217,0.113199476256801,8,51,94,OR,Jasobanta Jena,BSP,,,,,True,51,2024,AE
1287581,Madhusudan Sahoo,KRUP,15134,163,0.0850300213357538,9,51,94,OR,Madhusudan Sahoo,KRUP,,,,,False,51,2024,AE
1287582,Amaresh Patra,SP,15081,130,0.0678153544395582,10,51,94,OR,Amaresh Patra,SP,,,,,False,51,2024,AE
1287645,Sarada Prasad Padhan,IND,15070,88632,42.8583862825311,1,51,95,OR,Sarada Prasad Padhan,IND,,,,,False,51,2024,AE
1287646,Ankit Pratap Jena,BJD,15062,81209,39.2689625825668,2,51,95,OR,Ankit Pratap Jena,BJD,,,,,False,51,2024,AE
1287647,Sumanta Kumar Ghadei,BJP,15061,19481,9.42012166226632,3,51,95,OR,Sumanta Kumar Ghadei,BJP,,,,,False,51,2024,AE
1287648,Debendra Kumar Sahoo,INC,15063,14796,7.1546696840456,4,51,95,OR,Debendra Kumar Sahoo,INC,,,,,True,51,2024,AE
1287649,Sarada Prasad Das,AAAP,15067,543,0.26256999448748,5,51,95,OR,Sarada Prasad Das,AAAP,,,,,False,51,2024,AE
1287650,Nota,NOTA,15065,525,0.253866016769663,6,51,95,OR,Nota,NOTA,,,,,False,51,2024,AE
1287651,Jayanta Kumar Das,IND,15070,467,0.225819866345586,7,51,95,OR,Jayanta Kumar Das,IND,,,,,False,51,2024,AE
1287652,Golam Jilani Khan,BSP,15068,442,0.213731008404174,8,51,95,OR,Golam Jilani Khan,BSP,,,,,False,51,2024,AE
1287653,Sriram Pandey,IND,15070,225,0.108799721472713,9,51,95,OR,Sriram Pandey,IND,,,,,False,51,2024,AE
1287654,Saralaputra Shreeram Binod Sarangi,SP,15081,132,0.0638291699306583,10,51,95,OR,Saralaputra Shreeram Binod Sarangi,SP,,,,,False,51,2024,AE
1287655,Dr. Durga Charan Nayak,ICPa,15107,107,0.0517403119892457,11,51,95,OR,Dr. Durga Charan Nayak,ICPa,,,,,False,51,2024,AE
1287656,Chittaranjan Sahoo,ODSHJP,15074,96,0.0464212144950242,12,51,95,OR,Chittaranjan Sahoo,ODSHJP,,,,,False,51,2024,AE
1287657,Chittaranjan Rout,US,15136,88,0.0425527799537722,13,51,95,OR,Chittaranjan Rout,US,,,,,False,51,2024,AE
1287658,Pradipta Mohanty,SAMO,15082,59,0.0285297047417336,14,51,95,OR,Pradipta Mohanty,SAMO,,,,,False,51,2024,AE
1287718,Arvind Mohapatra,BJD,15062,90905,49.6390581656946,1,51,96,OR,Arvind Mohapatra,BJD,,,,,False,51,2024,AE
1287719,Tejeswar Parida,BJP,15061,77083,42.0914968438066,2,51,96,OR,Tejeswar Parida,BJP,,,,,False,51,2024,AE
1287720,Ratikanta Kanungo,INC,15063,12091,6.60234148046218,3,51,96,OR,Ratikanta Kanungo,INC,,,,,False,51,2024,AE
1287721,Ashok Kumar Tripathy,AAAP,15067,1404,0.766660114016119,4,51,96,OR,Ashok Kumar Tripathy,AAAP,,,,,False,51,2024,AE
1287722,Nota,NOTA,15065,564,0.307974575715877,5,51,96,OR,Nota,NOTA,,,,,False,51,2024,AE
1287723,Chidananda Parida,BSP,15068,523,0.285586353013127,6,51,96,OR,Chidananda Parida,BSP,,,,,False,51,2024,AE
1287724,Barada Prasada Malik,MLD,15121,234,0.127776685669353,7,51,96,OR,Barada Prasada Malik,MLD,,,,,False,51,2024,AE
1287725,Bibhuti Bhusan Panda,IND,15070,186,0.101566083480767,8,51,96,OR,Bibhuti Bhusan Panda,IND,,,,,False,51,2024,AE
1287726,Pradipta Kumar Mishra,SP,15081,142,0.0775396981412314,9,51,96,OR,Pradipta Kumar Mishra,SP,,,,,False,51,2024,AE
1287790,Ganeswar Behera,BJD,15062,90173,58.4908475279893,1,51,97,OR,Ganeswar Behera,BJD,,,,,False,51,2024,AE
1287791,Geetanjali Sethi,BJP,15061,54755,35.516910343396,2,51,97,OR,Geetanjali Sethi,BJP,,,,,False,51,2024,AE
1287792,Sipra Mallick,INC,15063,7478,4.85061557022949,3,51,97,OR,Sipra Mallick,INC,,,,,False,51,2024,AE
1287793,Nota,NOTA,15065,638,0.413839627414605,4,51,97,OR,Nota,NOTA,,,,,False,51,2024,AE
1287794,Ranjan Kumar Mallik,BSP,15068,451,0.292541805586186,5,51,97,OR,Ranjan Kumar Mallik,BSP,,,,,False,51,2024,AE
1287795,Ranjan Behera,IND,15070,284,0.184217012830325,6,51,97,OR,Ranjan Behera,IND,,,,,False,51,2024,AE
1287796,Dinabandhu Mallik,IND,15070,147,0.0953517636833024,7,51,97,OR,Dinabandhu Mallik,IND,,,,,False,51,2024,AE
1287797,Narendra Kumar Malik,ICPa,15107,121,0.0784868258889768,8,51,97,OR,Narendra Kumar Malik,ICPa,,,,,True,51,2024,AE
1287798,Santosh Malik,SAMO,15082,119,0.077189522981721,9,51,97,OR,Santosh Malik,SAMO,,,,,False,51,2024,AE
1287862,Pratap Keshari Deb,BJD,15062,73678,42.3724134758054,1,51,98,OR,Pratap Keshari Deb,BJD,,,,,True,51,2024,AE
1287863,Debasmita Sharma,INC,15063,54050,31.0842985472906,2,51,98,OR,Debasmita Sharma,INC,,,,,False,51,2024,AE
1287864,Krishna Chandra Panda,BJP,15061,44852,25.7945043190209,3,51,98,OR,Krishna Chandra Panda,BJP,,,,,False,51,2024,AE
1287865,Nota,NOTA,15065,510,0.293302354470272,4,51,98,OR,Nota,NOTA,,,,,False,51,2024,AE
1287866,Prasanta Kumar Sethy,BSP,15068,305,0.175406310026339,5,51,98,OR,Prasanta Kumar Sethy,BSP,,,,,False,51,2024,AE
1287867,Parsuram Das,IND,15070,272,0.156427922384145,6,51,98,OR,Parsuram Das,IND,,,,,False,51,2024,AE
1287868,Sriram Pandey,IND,15070,215,0.123647071002173,7,51,98,OR,Sriram Pandey,IND,,,,,False,51,2024,AE
1287926,Dhruba Charan Sahoo,BJD,15062,81237,46.4636238846945,1,51,99,OR,Dhruba Charan Sahoo,BJD,,,,,False,51,2024,AE
1287927,Lalit Kumar Behera,BJP,15061,62996,36.0306566003202,2,51,99,OR,Lalit Kumar Behera,BJP,,,,,False,51,2024,AE
1287928,Ashok Kumar Pratihari,INC,15063,26299,15.0417524593914,3,51,99,OR,Ashok Kumar Pratihari,INC,,,,,False,51,2024,AE
1287929,Jiban Krushna Ray,IND,15070,2258,1.29146648364218,4,51,99,OR,Jiban Krushna Ray,IND,,,,,False,51,2024,AE
1287930,Nota,NOTA,15065,791,0.452413635323724,5,51,99,OR,Nota,NOTA,,,,,False,51,2024,AE
1287931,Prashant Kumar Patra,SP,15081,349,0.199611072981011,6,51,99,OR,Prashant Kumar Patra,SP,,,,,False,51,2024,AE
1287932,Dibya Ranjan Swain,IND,15070,295,0.168725692061313,7,51,99,OR,Dibya Ranjan Swain,IND,,,,,False,51,2024,AE
1287933,Snehalata Ray,IND,15070,242,0.138412262640128,8,51,99,OR,Snehalata Ray,IND,,,,,False,51,2024,AE
1287934,Manoj Kumar Rout,IND,15070,230,0.131548844657973,9,51,99,OR,Manoj Kumar Rout,IND,,,,,False,51,2024,AE
1287935,Mahendra Bai,IND,15070,143,0.0817890642873484,10,51,99,OR,Mahendra Bai,IND,,,,,False,51,2024,AE
1288002,Durga Prasan Nayak,BJP,15061,109653,57.2268815464665,1,51,100,OR,Durga Prasan Nayak,BJP,,,,,False,51,2024,AE
1288003,Atanu Sabyasachi Nayak,BJD,15062,76127,39.7299737488975,2,51,100,OR,Atanu Sabyasachi Nayak,BJD,,,,,True,51,2024,AE
1288004,Lokanath Moharathy,INC,15063,3042,1.5875915265825,3,51,100,OR,Lokanath Moharathy,INC,,,,,False,51,2024,AE
1288005,Adhir Nath Sarma,BSP,15068,873,0.455610586031073,4,51,100,OR,Adhir Nath Sarma,BSP,,,,,True,51,2024,AE
1288006,Debashis Dash,AAAP,15067,695,0.362714040425654,5,51,100,OR,Debashis Dash,AAAP,,,,,False,51,2024,AE
1288007,Nota,NOTA,15065,578,0.301652827864788,6,51,100,OR,Nota,NOTA,,,,,False,51,2024,AE
1288008,Rajakishore Pradhan,IND,15070,189,0.0986373433675519,7,51,100,OR,Rajakishore Pradhan,IND,,,,,False,51,2024,AE
1288009,Dhiren Das,SP,15081,169,0.0881995292545835,8,51,100,OR,Dhiren Das,SP,,,,,False,51,2024,AE
1288010,Suprava Malik,NAPt,15075,144,0.0751522616133729,9,51,100,OR,Suprava Malik,NAPt,,,,,False,51,2024,AE
1288011,Chittaranjan Nayak,IND,15070,141,0.0735865894964276,10,51,100,OR,Chittaranjan Nayak,IND,,,,,False,51,2024,AE
1288074,Sampad Chandra Swain,BJP,15061,84518,51.5507682173332,1,51,101,OR,Sampad Chandra Swain,BJP,,,,,True,51,2024,AE
1288075,Geetanjali Routray,BJD,15062,68731,41.9216717189892,2,51,101,OR,Geetanjali Routray,BJD,,,,,False,51,2024,AE
1288076,Niranjan Nayak,INC,15063,7610,4.64163073113308,3,51,101,OR,Niranjan Nayak,INC,,,,,False,51,2024,AE
1288077,Jinmayee Sahani,CPI,15064,1303,0.794749650810303,4,51,101,OR,Jinmayee Sahani,CPI,,,,,False,51,2024,AE
1288078,Sujata Mallick,BSP,15068,501,0.305579105952388,5,51,101,OR,Sujata Mallick,BSP,,,,,False,51,2024,AE
1288079,Nota,NOTA,15065,491,0.299479722600045,6,51,101,OR,Nota,NOTA,,,,,False,51,2024,AE
1288080,Umakanta Bharat,IND,15070,400,0.243975334093723,7,51,101,OR,Umakanta Bharat,IND,,,,,False,51,2024,AE
1288081,Krupasindhu Das,IND,15070,200,0.121987667046861,8,51,101,OR,Krupasindhu Das,IND,,,,,False,51,2024,AE
1288082,Anoj Kumar Rout,IND,15070,197,0.120157852041158,9,51,101,OR,Anoj Kumar Rout,IND,,,,,False,51,2024,AE
1288147,Ramakanta Bhoi,BJD,15062,83740,45.4829371092752,1,51,102,OR,Ramakanta Bhoi,BJD,,,,,False,51,2024,AE
1288148,Rajkishore Behera,BJP,15061,55245,30.0060289061608,2,51,102,OR,Rajkishore Behera,BJP,,,,,False,51,2024,AE
1288149,Himanshu Bhusan Mallick,INC,15063,42852,23.2748366492317,3,51,102,OR,Himanshu Bhusan Mallick,INC,,,,,False,51,2024,AE
1288150,Samir Samal,BSP,15068,663,0.360104935555881,4,51,102,OR,Samir Samal,BSP,,,,,False,51,2024,AE
1288151,Nota,NOTA,15065,649,0.352500909767371,5,51,102,OR,Nota,NOTA,,,,,False,51,2024,AE
1288152,S. Girija Prasad,ODSHJP,15074,293,0.159141396859537,6,51,102,OR,S. Girija Prasad,ODSHJP,,,,,False,51,2024,AE
1288153,Rabindra Nath Sethy,IND,15070,278,0.150994226371847,7,51,102,OR,Rabindra Nath Sethy,IND,,,,,False,51,2024,AE
1288154,Gagan Behera,IND,15070,224,0.121664412616165,8,51,102,OR,Gagan Behera,IND,,,,,False,51,2024,AE
1288155,Ramesh Chandra Mallick,SAMO,15082,169,0.0917914541613031,9,51,102,OR,Ramesh Chandra Mallick,SAMO,,,,,False,51,2024,AE
1288215,Sarada Prasanna Jena,BJD,15062,93517,46.0400450962726,1,51,103,OR,Sarada Prasanna Jena,BJD,,,,,False,51,2024,AE
1288216,Satya Sarathi Mohanty,BJP,15061,67558,33.2599780426445,2,51,103,OR,Satya Sarathi Mohanty,BJP,,,,,False,51,2024,AE
1288217,Nalin Kumar Swain,INC,15063,27981,13.7755328104922,3,51,103,OR,Nalin Kumar Swain,INC,,,,,False,51,2024,AE
1288218,Sanjeeb Biswal,IND,15070,9971,4.9088966675036,4,51,103,OR,Sanjeeb Biswal,IND,,,,,False,51,2024,AE
1288219,Ambika Prasad Bhoi,BSP,15068,880,0.433239300712383,5,51,103,OR,Ambika Prasad Bhoi,BSP,,,,,False,51,2024,AE
1288220,Sasmita Das,IND,15070,846,0.416500509548495,6,51,103,OR,Sasmita Das,IND,,,,,False,51,2024,AE
1288221,Seshadeb Nanda,IND,15070,586,0.288497988883473,7,51,103,OR,Seshadeb Nanda,IND,,,,,False,51,2024,AE
1288222,Nota,NOTA,15065,475,0.233850758907252,8,51,103,OR,Nota,NOTA,,,,,False,51,2024,AE
1288223,Barada Prasan Sahoo,AAAP,15067,422,0.207757937387074,9,51,103,OR,Barada Prasan Sahoo,AAAP,,,,,False,51,2024,AE
1288224,Rakesh Kumar Behera,IND,15070,374,0.184126702802762,10,51,103,OR,Rakesh Kumar Behera,IND,,,,,False,51,2024,AE
1288225,Dillip Kumar Tripathy,BNARP,15117,342,0.168372546413221,11,51,103,OR,Dillip Kumar Tripathy,BNARP,,,,,False,51,2024,AE
1288226,Subash Chandra Parida,IND,15070,169,0.0832016384322645,12,51,103,OR,Subash Chandra Parida,IND,,,,,False,51,2024,AE
1288287,Amarendra Das,BJP,15061,92555,54.3373607148308,1,51,104,OR,Amarendra Das,BJP,,,,,False,51,2024,AE
1288288,Prasanta Kumar Muduli,BJD,15062,70417,41.340542698463,2,51,104,OR,Prasanta Kumar Muduli,BJD,,,,,True,51,2024,AE
1288289,Pratima Mallick,INC,15063,5932,3.48256953984524,3,51,104,OR,Pratima Mallick,INC,,,,,False,51,2024,AE
1288290,Nota,NOTA,15065,402,0.236006904082567,4,51,104,OR,Nota,NOTA,,,,,False,51,2024,AE
1288291,Kailas Malik,BSP,15068,325,0.190801601559289,5,51,104,OR,Kailas Malik,BSP,,,,,False,51,2024,AE
1288292,Gitanjali Barik,NBBHNRSVP,15100,214,0.125635516103655,6,51,104,OR,Gitanjali Barik,NBBHNRSVP,,,,,False,51,2024,AE
1288293,Basanta Mallick,SUCI,15093,179,0.105087651320347,7,51,104,OR,Basanta Mallick,SUCI,,,,,False,51,2024,AE
1288294,Narayan Prasada Nanda,IND,15070,112,0.0657531673065858,8,51,104,OR,Narayan Prasada Nanda,IND,,,,,False,51,2024,AE
1288295,Judhistira Mallick,SAMO,15082,109,0.0639919217537309,9,51,104,OR,Judhistira Mallick,SAMO,,,,,False,51,2024,AE
1288296,Pranab Kumar Ray,BNARP,15117,89,0.0522502847346977,10,51,104,OR,Pranab Kumar Ray,BNARP,,,,,False,51,2024,AE
1288354,Tusharkanti Behera,BJD,15062,84010,47.0483476235012,1,51,105,OR,Tusharkanti Behera,BJD,,,,,True,51,2024,AE
1288355,Baidhar Malik,BJP,15061,60859,34.0830304489782,2,51,105,OR,Baidhar Malik,BJP,,,,,False,51,2024,AE
1288356,Biswa Bhushan Das,INC,15063,31325,17.5430245126315,3,51,105,OR,Biswa Bhushan Das,INC,,,,,False,51,2024,AE
1288357,Chhabi Malik,BSP,15068,746,0.417784398608878,4,51,105,OR,Chhabi Malik,BSP,,,,,True,51,2024,AE
1288358,Nota,NOTA,15065,382,0.213932493657629,5,51,105,OR,Nota,NOTA,,,,,False,51,2024,AE
1288359,Karttik Rao,KRUP,15134,239,0.133847816712496,6,51,105,OR,Karttik Rao,KRUP,,,,,False,51,2024,AE
1288360,Jali Rout,MLD,15121,221,0.123767228006115,7,51,105,OR,Jali Rout,MLD,,,,,False,51,2024,AE
1288361,Gitanjali Malik,APoI,15077,219,0.122647162594295,8,51,105,OR,Gitanjali Malik,APoI,,,,,False,51,2024,AE
1288362,Sumanta Kumar Sethi,MODL,15102,182,0.101925952475624,9,51,105,OR,Sumanta Kumar Sethi,MODL,,,,,False,51,2024,AE
1288363,Bamadeb Behera,ODSHJP,15074,146,0.0817647750628636,10,51,105,OR,Bamadeb Behera,ODSHJP,,,,,False,51,2024,AE
1288364,Rabindra Nath Kandi,AIFB,15120,129,0.0722442190623932,11,51,105,OR,Rabindra Nath Kandi,AIFB,,,,,False,51,2024,AE
1288365,Tapan Kumar Mallik,OPD,15088,103,0.0576833687087325,12,51,105,OR,Tapan Kumar Mallik,OPD,,,,,False,51,2024,AE
1288425,Pravati Parida,BJP,15061,95430,48.449494334105,1,51,106,OR,Pravati Parida,BJP,,,,,True,51,2024,AE
1288426,Dillip Kumar Nayak,BJD,15062,90842,46.1201819584907,2,51,106,OR,Dillip Kumar Nayak,BJD,,,,,False,51,2024,AE
1288427,Sidharth Kumar Routray,INC,15063,7066,3.58738475285325,3,51,106,OR,Sidharth Kumar Routray,INC,,,,,False,51,2024,AE
1288428,Rosaleen Nayak,IND,15070,761,0.386357174769505,4,51,106,OR,Rosaleen Nayak,IND,,,,,False,51,2024,AE
1288429,Manoranjan Parida,CPI,15064,661,0.335587506600056,5,51,106,OR,Manoranjan Parida,CPI,,,,,False,51,2024,AE
1288430,Nota,NOTA,15065,451,0.228971203444214,6,51,106,OR,Nota,NOTA,,,,,False,51,2024,AE
1288431,Mamina Nayak,MLD,15121,395,0.200540189269322,7,51,106,OR,Mamina Nayak,MLD,,,,,False,51,2024,AE
1288432,Arun Sahoo,IND,15070,363,0.184293895455099,8,51,106,OR,Arun Sahoo,IND,,,,,False,51,2024,AE
1288433,Sampad Nayak,BSP,15068,303,0.153832094553429,9,51,106,OR,Sampad Nayak,BSP,,,,,False,51,2024,AE
1288434,Gopal Krushna Behera,JMBP,15150,181,0.0918930993867024,10,51,106,OR,Gopal Krushna Behera,JMBP,,,,,False,51,2024,AE
1288435,Rojalin Pradhan,IND,15070,172,0.087323829251452,11,51,106,OR,Rojalin Pradhan,IND,,,,,False,51,2024,AE
1288436,Jitendriya Behera,AIFB,15120,158,0.0802160757077291,12,51,106,OR,Jitendriya Behera,AIFB,,,,,False,51,2024,AE
1288437,Sarojini Pradhan,SAMO,15082,100,0.0507696681694488,13,51,106,OR,Sarojini Pradhan,SAMO,,,,,False,51,2024,AE
1288438,Pradipta Kumar Chanda,OPD,15088,85,0.0431542179440315,14,51,106,OR,Pradipta Kumar Chanda,OPD,,,,,False,51,2024,AE
1288495,Sunil Kumar Mohanty,BJD,15062,74709,45.8388042851357,1,51,107,OR,Sunil Kumar Mohanty,BJD,,,,,False,51,2024,AE
1288496,Jayanta Kumar Sarangi,BJP,15061,69531,42.6617663300241,2,51,107,OR,Jayanta Kumar Sarangi,BJP,,,,,True,51,2024,AE
1288497,Uma Ballav Rath,INC,15063,13169,8.08003337791903,3,51,107,OR,Uma Ballav Rath,INC,,,,,False,51,2024,AE
1288498,Harekrushna Singhari,IND,15070,972,0.596384876857567,4,51,107,OR,Harekrushna Singhari,IND,,,,,False,51,2024,AE
1288499,Nota,NOTA,15065,918,0.563252383698813,5,51,107,OR,Nota,NOTA,,,,,False,51,2024,AE
1288500,Sujit Mohapatra,IND,15070,862,0.528892761163809,6,51,107,OR,Sujit Mohapatra,IND,,,,,False,51,2024,AE
1288501,Satyajit Mohanty,AAAP,15067,821,0.503736608950681,7,51,107,OR,Satyajit Mohanty,AAAP,,,,,False,51,2024,AE
1288502,Suchendra Bhoi,BSP,15068,527,0.323348590641911,8,51,107,OR,Suchendra Bhoi,BSP,,,,,True,51,2024,AE
1288503,Santosh Kumar Mallick,IND,15070,337,0.206771299898148,9,51,107,OR,Santosh Kumar Mallick,IND,,,,,False,51,2024,AE
1288504,Rajkishor Beje,BHRJWNKP,15108,297,0.182228712373145,10,51,107,OR,Rajkishor Beje,BHRJWNKP,,,,,False,51,2024,AE
1288505,Surendra Dihudi,MLD,15121,209,0.128235019818139,11,51,107,OR,Surendra Dihudi,MLD,,,,,False,51,2024,AE
1288506,Debaki Nandan Dash,IND,15070,179,0.109828079174387,12,51,107,OR,Debaki Nandan Dash,IND,,,,,False,51,2024,AE
1288507,Sanjib Kumar Mahapatra,ODSHJP,15074,160,0.098170350100011,13,51,107,OR,Sanjib Kumar Mahapatra,ODSHJP,,,,,False,51,2024,AE
1288508,Smita Mohanty,IND,15070,154,0.0944889619712606,14,51,107,OR,Smita Mohanty,IND,,,,,False,51,2024,AE
1288509,Chittaranjan Sahoo,IND,15070,137,0.0840583622731344,15,51,107,OR,Chittaranjan Sahoo,IND,,,,,False,51,2024,AE
1288564,Upasna Mohapatra,BJP,15061,95783,51.5344718124199,1,51,108,OR,Upasna Mohapatra,BJP,,,,,False,51,2024,AE
1288565,Umakanta Samantaray,BJD,15062,85953,46.2456015753623,2,51,108,OR,Umakanta Samantaray,BJD,,,,,False,51,2024,AE
1288566,Mitrabhanu Mohapatra,INC,15063,1910,1.02764416610173,3,51,108,OR,Mitrabhanu Mohapatra,INC,,,,,False,51,2024,AE
1288567,Aswini Kumar Samantasinghar,AAAP,15067,863,0.46432299232764,4,51,108,OR,Aswini Kumar Samantasinghar,AAAP,,,,,False,51,2024,AE
1288568,Nota,NOTA,15065,395,0.212523269952975,5,51,108,OR,Nota,NOTA,,,,,False,51,2024,AE
1288569,Rama Chandra Bhoi,BSP,15068,245,0.131818230730326,6,51,108,OR,Rama Chandra Bhoi,BSP,,,,,False,51,2024,AE
1288570,Sujit Kumar Pahan,MLD,15121,190,0.102226383015355,7,51,108,OR,Sujit Kumar Pahan,MLD,,,,,False,51,2024,AE
1288571,Bihari Bandhu Palai,IND,15070,152,0.0817811064122843,8,51,108,OR,Bihari Bandhu Palai,IND,,,,,False,51,2024,AE
1288572,Sukanta Ghadai,IND,15070,130,0.0699443673262958,9,51,108,OR,Sukanta Ghadai,IND,,,,,False,51,2024,AE
1288573,Pravakar Dalai,IND,15070,121,0.0651020649729369,10,51,108,OR,Pravakar Dalai,IND,,,,,False,51,2024,AE
1288574,Rabi Narayan Swain,IND,15070,120,0.0645640313781192,11,51,108,OR,Rabi Narayan Swain,IND,,,,,False,51,2024,AE
1288633,Om Prakash Mishra,BJP,15061,87294,53.3347182169216,1,51,109,OR,Om Prakash Mishra,BJP,,,,,True,51,2024,AE
1288634,Sanjay Kumar Das Burma,BJD,15062,69586,42.5155188425631,2,51,109,OR,Sanjay Kumar Das Burma,BJD,,,,,False,51,2024,AE
1288635,Kamakshya Prasad Pradhan,IND,15070,2557,1.56227088322987,3,51,109,OR,Kamakshya Prasad Pradhan,IND,,,,,False,51,2024,AE
1288636,Manoj Kumar Rath,INC,15063,2199,1.34354074001661,4,51,109,OR,Manoj Kumar Rath,INC,,,,,False,51,2024,AE
1288637,Jagannath Bhoi,BSP,15068,610,0.37269661273767,5,51,109,OR,Jagannath Bhoi,BSP,,,,,False,51,2024,AE
1288638,Nota,NOTA,15065,477,0.291436531599784,6,51,109,OR,Nota,NOTA,,,,,False,51,2024,AE
1288639,Ashok Pradhan,CPI(ML)(L),15091,387,0.236448506769636,7,51,109,OR,Ashok Pradhan,CPI(ML)(L),,,,,False,51,2024,AE
1288640,Satyabadi Radhamohan Biswal,IND,15070,169,0.103255291069944,8,51,109,OR,Satyabadi Radhamohan Biswal,IND,,,,,False,51,2024,AE
1288641,Kailash Chandra Pradhan,IND,15070,165,0.100811378855271,9,51,109,OR,Kailash Chandra Pradhan,IND,,,,,False,51,2024,AE
1288642,Debi Prasad Jena,IND,15070,131,0.0800381250305489,10,51,109,OR,Debi Prasad Jena,IND,,,,,False,51,2024,AE
1288643,Pabitra Routaray,MODL,15102,97,0.0592648712058262,11,51,109,OR,Pabitra Routaray,MODL,,,,,False,51,2024,AE
1288707,Ashrit Pattanayak,BJP,15061,99310,51.5486392633387,1,51,110,OR,Ashrit Pattanayak,BJP,,,,,True,51,2024,AE
1288708,Rudra Pratap Maharathy,BJD,15062,84148,43.6785308300415,2,51,110,OR,Rudra Pratap Maharathy,BJD,,,,,False,51,2024,AE
1288709,Gyana Ranjan Pattnaik,INC,15063,3449,1.79026539944874,3,51,110,OR,Gyana Ranjan Pattnaik,INC,,,,,False,51,2024,AE
1288710,Radha Mohan,IND,15070,2940,1.52605980701053,4,51,110,OR,Radha Mohan,IND,,,,,False,51,2024,AE
1288711,Ahemad Khan,BSP,15068,952,0.494152699412934,5,51,110,OR,Ahemad Khan,BSP,,,,,True,51,2024,AE
1288712,Nota,NOTA,15065,597,0.30988357305622,6,51,110,OR,Nota,NOTA,,,,,False,51,2024,AE
1288713,Dinabandhu Parida,SUCI,15093,358,0.185826330241418,7,51,110,OR,Dinabandhu Parida,SUCI,,,,,False,51,2024,AE
1288714,Arat Behera,MLD,15121,358,0.19,7,51,110,OR,Arat Behera,MLD,,,,,False,51,2024,AE
1288715,Subhransu Kumar Mallick,IND,15070,320,0.166101747701826,9,51,110,OR,Subhransu Kumar Mallick,IND,,,,,False,51,2024,AE
1288716,Yudhistir Swain,IND,15070,221,0.114714019506573,10,51,110,OR,Yudhistir Swain,IND,,,,,False,51,2024,AE
1288797,Naba Kishor Mallick,BJD,15062,76790,52.0155254049001,1,51,111,OR,Naba Kishor Mallick,BJD,,,,,False,51,2024,AE
1288798,Arabinda Dhali,BJP,15061,55317,37.4702802294942,2,51,111,OR,Arabinda Dhali,BJP,,,,,False,51,2024,AE
1288799,Krishna Chandra Sagaria,INC,15063,8277,5.60662200516158,3,51,111,OR,Krishna Chandra Sagaria,INC,,,,,False,51,2024,AE
1288800,Satya Priya Behera,IND,15070,4291,2.90661048980891,4,51,111,OR,Satya Priya Behera,IND,,,,,False,51,2024,AE
1288801,Nota,NOTA,15065,1271,0.860941955848783,5,51,111,OR,Nota,NOTA,,,,,False,51,2024,AE
1288802,Dinabandhu Nayak,AAAP,15067,691,0.468065217538559,6,51,111,OR,Dinabandhu Nayak,AAAP,,,,,False,51,2024,AE
1288803,Lokanath Behera,IND,15070,439,0.297367048479634,7,51,111,OR,Lokanath Behera,IND,,,,,False,51,2024,AE
1288804,Rasmita Bhoi,SAMO,15082,302,0.204566853396012,8,51,111,OR,Rasmita Bhoi,SAMO,,,,,False,51,2024,AE
1288805,Kanhu Charan Khatua,IND,15070,251,0.170020795372182,9,51,111,OR,Kanhu Charan Khatua,IND,,,,,False,51,2024,AE
1288900,Ananta Narayan Jena,BJD,15062,53759,47.678131152775,1,51,112,OR,Ananta Narayan Jena,BJD,,,,,True,51,2024,AE
1288901,Jagannath Pradhan,BJP,15061,53722,47.6453163524132,2,51,112,OR,Jagannath Pradhan,BJP,,,,,True,51,2024,AE
1288902,Prakash Chandra Jena,INC,15063,3308,2.93382052964861,3,51,112,OR,Prakash Chandra Jena,INC,,,,,False,51,2024,AE
1288903,Nota,NOTA,15065,689,0.611064795927417,4,51,112,OR,Nota,NOTA,,,,,False,51,2024,AE
1288904,Dr. Arun Kumar Nayak,AAAP,15067,506,0.448764567110701,5,51,112,OR,Dr. Arun Kumar Nayak,AAAP,,,,,False,51,2024,AE
1288905,Sanatan Behera,IND,15070,132,0.117069017507139,6,51,112,OR,Sanatan Behera,IND,,,,,False,51,2024,AE
1288906,Kishan Kumar Balodia,IND,15070,130,0.115295244514607,7,51,112,OR,Kishan Kumar Balodia,IND,,,,,False,51,2024,AE
1288907,Dr. Nagendra Nath Misra,BSP,15068,100,0.0886886496266207,8,51,112,OR,Dr. Nagendra Nath Misra,BSP,,,,,False,51,2024,AE
1288908,Laxmi Dora,AIFB,15120,91,0.0807066711602249,9,51,112,OR,Laxmi Dora,AIFB,,,,,False,51,2024,AE
1288909,Dr. Akshaya Kumar Barik,IND,15070,85,0.0753853521826276,10,51,112,OR,Dr. Akshaya Kumar Barik,IND,,,,,False,51,2024,AE
1288910,Srikanta Samal,KRUP,15134,66,0.0585345087535697,11,51,112,OR,Srikanta Samal,KRUP,,,,,False,51,2024,AE
1288911,Ranjan Kumar Kar,BHRJWNKP,15108,61,0.0541000762722386,12,51,112,OR,Ranjan Kumar Kar,BHRJWNKP,,,,,False,51,2024,AE
1288912,Uma Charana Mishra,SAMO,15082,57,0.0505525302871738,13,51,112,OR,Uma Charana Mishra,SAMO,,,,,False,51,2024,AE
1288913,Naresh Chandra Sahoo,ODSHJP,15074,48,0.0425705518207779,14,51,112,OR,Naresh Chandra Sahoo,ODSHJP,,,,,False,51,2024,AE
1289008,Susant Kumar Rout,BJD,15062,78179,50.6252145026452,1,51,113,OR,Susant Kumar Rout,BJD,,,,,True,51,2024,AE
1289009,Priyadarshi Mishra,BJP,15061,66836,43.2799963736911,2,51,113,OR,Priyadarshi Mishra,BJP,,,,,False,51,2024,AE
1289010,Ashok Kumar Das,INC,15063,5420,3.5097489428662,3,51,113,OR,Ashok Kumar Das,INC,,,,,False,51,2024,AE
1289011,Byomakesh Tripathy,IND,15070,1360,0.880675011494104,4,51,113,OR,Byomakesh Tripathy,IND,,,,,False,51,2024,AE
1289012,Nota,NOTA,15065,868,0.562077874983001,5,51,113,OR,Nota,NOTA,,,,,False,51,2024,AE
1289013,Sankar Sen Barik,CPI,15064,497,0.321834912288654,6,51,113,OR,Sankar Sen Barik,CPI,,,,,False,51,2024,AE
1289014,Somanath Rout,AAAP,15067,443,0.286866933891094,7,51,113,OR,Somanath Rout,AAAP,,,,,False,51,2024,AE
1289015,Srinibas Khandai,IND,15070,179,0.115912372836356,8,51,113,OR,Srinibas Khandai,IND,,,,,False,51,2024,AE
1289016,Pratap Kishor Barik,IND,15070,170,0.110084376436763,9,51,113,OR,Pratap Kishor Barik,IND,,,,,False,51,2024,AE
1289017,Bibhuti Bhusan Swain,IND,15070,141,0.0913052769269622,10,51,113,OR,Bibhuti Bhusan Swain,IND,,,,,False,51,2024,AE
1289018,Dimiroo Majhi,IND,15070,125,0.0809443944387963,11,51,113,OR,Dimiroo Majhi,IND,,,,,False,51,2024,AE
1289019,Gopinath Nayak,CPIM,15155,124,0.0802968392832859,12,51,113,OR,Gopinath Nayak,CPIM,,,,,False,51,2024,AE
1289020,Santosh Kumar Pani,ODSHJP,15074,85,0.0550421882183815,13,51,113,OR,Santosh Kumar Pani,ODSHJP,,,,,False,51,2024,AE
1289126,Babu Singh,BJP,15061,74884,49.0312780320441,1,51,114,OR,Babu Singh,BJP,,,,,True,51,2024,AE
1289127,Ashok Chandra Panda,BJD,15062,69861,45.7424031114341,2,51,114,OR,Ashok Chandra Panda,BJD,,,,,True,51,2024,AE
1289128,Prasanta Kumar Champati,INC,15063,5482,3.58941117156756,3,51,114,OR,Prasanta Kumar Champati,INC,,,,,False,51,2024,AE
1289129,Nota,NOTA,15065,987,0.646251154019917,4,51,114,OR,Nota,NOTA,,,,,False,51,2024,AE
1289130,Paresh Chandra Muduli,BSP,15068,494,0.323452958546949,5,51,114,OR,Paresh Chandra Muduli,BSP,,,,,False,51,2024,AE
1289131,Gyanendra Mohanty,IND,15070,168,0.110000196428922,6,51,114,OR,Gyanendra Mohanty,IND,,,,,False,51,2024,AE
1289132,Pritijyotsna Nath,SAMO,15082,162,0.106071617985032,7,51,114,OR,Pritijyotsna Nath,SAMO,,,,,False,51,2024,AE
1289133,Prabin Kumar Nayak,IND,15070,158,0.103452565689105,8,51,114,OR,Prabin Kumar Nayak,IND,,,,,False,51,2024,AE
1289134,Monalisa Biswal,KS,15092,130,0.0851191996176183,9,51,114,OR,Monalisa Biswal,KS,,,,,False,51,2024,AE
1289135,Hena Barik,CPIM,15155,124,0.0811906211737282,10,51,114,OR,Hena Barik,CPIM,,,,,False,51,2024,AE
1289136,Santosh Kumar Jati,AIFB,15120,102,0.0667858335461313,11,51,114,OR,Santosh Kumar Jati,AIFB,,,,,False,51,2024,AE
1289137,Madhu Chhanda Jena,UWF,15124,98,0.0641667812502046,12,51,114,OR,Madhu Chhanda Jena,UWF,,,,,False,51,2024,AE
1289138,Bidulata Ojha,BHRJWNKP,15108,77,0.0504167566965893,13,51,114,OR,Bidulata Ojha,BHRJWNKP,,,,,False,51,2024,AE
1289218,Bibhuti Bhusan Balabantaray,BJD,15062,68162,39.0572892194501,1,51,115,OR,Bibhuti Bhusan Balabantaray,BJD,,,,,False,51,2024,AE
1289219,Biswaranjan Badajena,BJP,15061,42941,24.6054848210499,2,51,115,OR,Biswaranjan Badajena,BJP,,,,,True,51,2024,AE
1289220,Santosh Kumar Jena,INC,15063,42629,24.4267067007414,3,51,115,OR,Santosh Kumar Jena,INC,,,,,False,51,2024,AE
1289221,Sujit Kumar Balabantaray,IND,15070,15309,8.7721610378299,4,51,115,OR,Sujit Kumar Balabantaray,IND,,,,,False,51,2024,AE
1289222,Md Manwar Alli,IND,15070,1788,1.02453615099875,5,51,115,OR,Md Manwar Alli,IND,,,,,False,51,2024,AE
1289223,Nota,NOTA,15065,1449,0.830286847202007,6,51,115,OR,Nota,NOTA,,,,,False,51,2024,AE
1289224,Pradip Bhoi,MLD,15121,1136,0.65093572009764,7,51,115,OR,Pradip Bhoi,MLD,,,,,False,51,2024,AE
1289225,Prasanta Kumar Sahoo,IND,15070,471,0.269886200850342,8,51,115,OR,Prasanta Kumar Sahoo,IND,,,,,False,51,2024,AE
1289226,Manoj Kumar Pradhan,IND,15070,346,0.198260351367767,9,51,115,OR,Manoj Kumar Pradhan,IND,,,,,False,51,2024,AE
1289227,Himansu Kumar Nayak,KS,15092,287,0.164452950411991,10,51,115,OR,Himansu Kumar Nayak,KS,,,,,False,51,2024,AE
1289313,Pradip Kumar Sahu S/O-Laxmidhar Sahu,BJD,15062,90964,57.4463516602882,1,51,116,OR,Pradip Kumar Sahu S/O-Laxmidhar Sahu,BJD,,,,,False,51,2024,AE
1289314,Prakasha Chandra Bijuli,BJP,15061,43150,27.2504515428239,2,51,116,OR,Prakasha Chandra Bijuli,BJP,,,,,False,51,2024,AE
1289315,Pruthvi Ballav Patnaik,INC,15063,18144,11.458451744913,3,51,116,OR,Pruthvi Ballav Patnaik,INC,,,,,False,51,2024,AE
1289316,Manas Ranjan Das,MLD,15121,2736,1.72786177105831,4,51,116,OR,Manas Ranjan Das,MLD,,,,,False,51,2024,AE
1289317,Nota,NOTA,15065,998,0.630265368244224,5,51,116,OR,Nota,NOTA,,,,,False,51,2024,AE
1289318,Pradeep Kumar Sahoo S/O-Dwitikrushna Sahoo,IND,15070,537,0.3391307642757,6,51,116,OR,Pradeep Kumar Sahoo S/O-Dwitikrushna Sahoo,IND,,,,,False,51,2024,AE
1289319,Santosh Kumar Sahoo,IND,15070,389,0.245664557361726,7,51,116,OR,Santosh Kumar Sahoo,IND,,,,,False,51,2024,AE
1289320,Manoj Kumar Pradhan,IND,15070,379,0.239349273110782,8,51,116,OR,Manoj Kumar Pradhan,IND,,,,,False,51,2024,AE
1289321,Subhakanta Khadiratna,IND,15070,346,0.218508835082667,9,51,116,OR,Subhakanta Khadiratna,IND,,,,,False,51,2024,AE
1289322,Satyabrata Mohapatra,KRUP,15134,321,0.202720624455306,10,51,116,OR,Satyabrata Mohapatra,KRUP,,,,,False,51,2024,AE
1289323,Janardan Dalabehera,IND,15070,210,0.132620969269826,11,51,116,OR,Janardan Dalabehera,IND,,,,,False,51,2024,AE
1289324,Suryakanti Rout,JMBP,15150,172,0.108622889116239,12,51,116,OR,Suryakanti Rout,JMBP,,,,,False,51,2024,AE
1289410,Prasanta Kumar Jagadev,BJP,15061,80564,44.3024470717624,1,51,117,OR,Prasanta Kumar Jagadev,BJP,,,,,False,51,2024,AE
1289411,Rajendra Kumar Sahoo,BJD,15062,71966,39.5743744844652,2,51,117,OR,Rajendra Kumar Sahoo,BJD,,,,,False,51,2024,AE
1289412,Kalu Charan Khandeitaray,IND,15070,19284,10.604344239758,3,51,117,OR,Kalu Charan Khandeitaray,IND,,,,,False,51,2024,AE
1289413,Sonali Sahoo,INC,15063,3435,1.88891943909815,4,51,117,OR,Sonali Sahoo,INC,,,,,False,51,2024,AE
1289414,Girish Chandra Maharana,CPI(M),15110,2108,1.15919714050041,5,51,117,OR,Girish Chandra Maharana,CPI(M),,,,,False,51,2024,AE
1289415,Nota,NOTA,15065,1233,0.678031344514709,6,51,117,OR,Nota,NOTA,,,,,False,51,2024,AE
1289416,Biswajeet Behera,MLD,15121,968,0.532306846301897,7,51,117,OR,Biswajeet Behera,MLD,,,,,False,51,2024,AE
1289417,Raja Kishore Nayak,BSP,15068,735,0.40417926862799,8,51,117,OR,Raja Kishore Nayak,BSP,,,,,False,51,2024,AE
1289418,Rupesh Kumar Behera,IND,15070,623,0.34259004674182,9,51,117,OR,Rupesh Kumar Behera,IND,,,,,False,51,2024,AE
1289419,Brahmachari Nayak,SZPB,15149,498,0.273852075886719,10,51,117,OR,Brahmachari Nayak,SZPB,,,,,False,51,2024,AE
1289420,Ranjit Mohapatra,IND,15070,436,0.23975804234259,11,51,117,OR,Ranjit Mohapatra,IND,,,,,False,51,2024,AE
1289478,Prithiviraj Harichandan,BJP,15061,83264,49.5144534107194,1,51,118,OR,Prithiviraj Harichandan,BJP,,,,,True,51,2024,AE
1289479,Raghunath Sahu,BJD,15062,78698,46.7991983872598,2,51,118,OR,Raghunath Sahu,BJD,,,,,False,51,2024,AE
1289480,Pradip Kumar Swain,INC,15063,3082,1.83276740742502,3,51,118,OR,Pradip Kumar Swain,INC,,,,,True,51,2024,AE
1289481,Nota,NOTA,15065,1048,0.623212278709094,4,51,118,OR,Nota,NOTA,,,,,False,51,2024,AE
1289482,Sangram Keshari Parida,AAAP,15067,658,0.391291678807809,5,51,118,OR,Sangram Keshari Parida,AAAP,,,,,False,51,2024,AE
1289483,Manmath Kumar Singh,IND,15070,435,0.258680669120664,6,51,118,OR,Manmath Kumar Singh,IND,,,,,False,51,2024,AE
1289484,Subrat Kumar Habadasingh,IND,15070,402,0.239056618359786,7,51,118,OR,Subrat Kumar Habadasingh,IND,,,,,False,51,2024,AE
1289485,Saktipada Nath,IND,15070,315,0.187320484535653,8,51,118,OR,Saktipada Nath,IND,,,,,False,51,2024,AE
1289486,Sk Kausar,JNTADRBARP,15135,259,0.154019065062648,9,51,118,OR,Sk Kausar,JNTADRBARP,,,,,False,51,2024,AE
1289551,Surama Padhy,BJP,15061,81439,52.2664698520681,1,51,119,OR,Surama Padhy,BJP,,,,,True,51,2024,AE
1289552,Satyanarayan Pradhan,BJD,15062,65895,42.2905368546032,2,51,119,OR,Satyanarayan Pradhan,BJD,,,,,True,51,2024,AE
1289553,Bibhu Prasad Mishra,INC,15063,4952,3.17812790809613,3,51,119,OR,Bibhu Prasad Mishra,INC,,,,,False,51,2024,AE
1289554,Saroj Kumar Nayak,CPI(M),15110,1300,0.834322754548663,4,51,119,OR,Saroj Kumar Nayak,CPI(M),,,,,False,51,2024,AE
1289555,Nota,NOTA,15065,675,0.433206045631036,5,51,119,OR,Nota,NOTA,,,,,False,51,2024,AE
1289556,Krishna Chandra Mahapatra,SUCI,15093,490,0.314475499791419,6,51,119,OR,Krishna Chandra Mahapatra,SUCI,,,,,False,51,2024,AE
1289557,Sudhir Kumar Dash,AAAP,15067,461,0.295863684497641,7,51,119,OR,Sudhir Kumar Dash,AAAP,,,,,False,51,2024,AE
1289558,Hulas Barik,IND,15070,389,0.24965503963033,8,51,119,OR,Hulas Barik,IND,,,,,False,51,2024,AE
1289559,Santosh Kumar Sahoo,IND,15070,214,0.137342361133395,9,51,119,OR,Santosh Kumar Sahoo,IND,,,,,True,51,2024,AE
1289622,Dusmanta Kumar Swain,BJP,15061,75557,50.7216508686662,1,51,120,OR,Dusmanta Kumar Swain,BJP,,,,,False,51,2024,AE
1289623,Sabitri Pradhan,BJD,15062,68214,45.7922719583255,2,51,120,OR,Sabitri Pradhan,BJD,,,,,False,51,2024,AE
1289624,Anubhav Patnaik,IND,15070,1817,1.21975779382938,3,51,120,OR,Anubhav Patnaik,IND,,,,,False,51,2024,AE
1289625,Baijayanti Mala Mohanty,INC,15063,1373,0.921699202491877,4,51,120,OR,Baijayanti Mala Mohanty,INC,,,,,False,51,2024,AE
1289626,Nota,NOTA,15065,597,0.400767970784887,5,51,120,OR,Nota,NOTA,,,,,False,51,2024,AE
1289627,Rasmita Behera,MLD,15121,322,0.216159609033054,6,51,120,OR,Rasmita Behera,MLD,,,,,False,51,2024,AE
1289628,Trinath Nayak,ODSHJP,15074,287,0.192663999355548,7,51,120,OR,Trinath Nayak,ODSHJP,,,,,False,51,2024,AE
1289629,Lopamudra Sarangi,IND,15070,249,0.167154480277113,8,51,120,OR,Lopamudra Sarangi,IND,,,,,False,51,2024,AE
1289630,Siba Narayan Mohanty,IND,15070,204,0.136945839263177,9,51,120,OR,Siba Narayan Mohanty,IND,,,,,False,51,2024,AE
1289631,Malli Behera,IND,15070,197,0.132246717327676,10,51,120,OR,Malli Behera,IND,,,,,False,51,2024,AE
1289632,Jitendra Behera,IND,15070,147,0.098681560645525,11,51,120,OR,Jitendra Behera,IND,,,,,False,51,2024,AE
1289689,Ramesh Chandra Behera,BJD,15062,62039,44.3969743160365,1,51,121,OR,Ramesh Chandra Behera,BJD,,,,,True,51,2024,AE
1289690,Raghab Malik,BJP,15061,55743,39.8913673543871,2,51,121,OR,Raghab Malik,BJP,,,,,False,51,2024,AE
1289691,Rabindra Sethi,IND,15070,10673,7.63791980649362,3,51,121,OR,Rabindra Sethi,IND,,,,,False,51,2024,AE
1289692,Nakul Nayak,INC,15063,5259,3.76349857231799,4,51,121,OR,Nakul Nayak,INC,,,,,False,51,2024,AE
1289693,Indumati Nayak,IND,15070,1951,1.39619427925316,5,51,121,OR,Indumati Nayak,IND,,,,,False,51,2024,AE
1289694,Nota,NOTA,15065,1570,1.12353922010634,6,51,121,OR,Nota,NOTA,,,,,False,51,2024,AE
1289695,Kanhu Charan Nayak,IND,15070,910,0.651223369615778,7,51,121,OR,Kanhu Charan Nayak,IND,,,,,False,51,2024,AE
1289696,Santosh Nayak,MLD,15121,845,0.604707414643222,8,51,121,OR,Santosh Nayak,MLD,,,,,False,51,2024,AE
1289697,Suratha Naik,IND,15070,747,0.534575667146138,9,51,121,OR,Suratha Naik,IND,,,,,False,51,2024,AE
1289761,Aruna Kumar Sahoo,BJD,15062,81959,48.7410200294971,1,51,122,OR,Aruna Kumar Sahoo,BJD,,,,,False,51,2024,AE
1289762,Pratyusha Rajeshwari Singh,BJP,15061,81520,48.479946714877,2,51,122,OR,Pratyusha Rajeshwari Singh,BJP,,,,,False,51,2024,AE
1289763,Ranajeet Dash,INC,15063,2650,1.57595508825348,3,51,122,OR,Ranajeet Dash,INC,,,,,False,51,2024,AE
1289764,Nota,NOTA,15065,964,0.573290832104286,4,51,122,OR,Nota,NOTA,,,,,False,51,2024,AE
1289765,Hemant Kumar Prusty,IND,15070,405,0.240853513487796,5,51,122,OR,Hemant Kumar Prusty,IND,,,,,False,51,2024,AE
1289766,Giridhari Rout,KRUP,15134,328,0.19506161092345,6,51,122,OR,Giridhari Rout,KRUP,,,,,False,51,2024,AE
1289767,Santosh Narayan,IND,15070,326,0.193872210856843,7,51,122,OR,Santosh Narayan,IND,,,,,False,51,2024,AE
1289821,Pradyumna Kumar Nayak,BJP,15061,83822,51.0577385774588,1,51,123,OR,Pradyumna Kumar Nayak,BJP,,,,,True,51,2024,AE
1289822,Bikram Keshari Arukha,BJD,15062,67498,41.1144477404657,2,51,123,OR,Bikram Keshari Arukha,BJD,,,,,True,51,2024,AE
1289823,Prasant Kumar Bisoyi,INC,15063,5136,3.12844534052908,3,51,123,OR,Prasant Kumar Bisoyi,INC,,,,,False,51,2024,AE
1289824,Kabiraj Behera,AAAP,15067,2480,1.51062002424301,4,51,123,OR,Kabiraj Behera,AAAP,,,,,False,51,2024,AE
1289825,Nota,NOTA,15065,1941,1.18230381736116,5,51,123,OR,Nota,NOTA,,,,,False,51,2024,AE
1289826,Sunita Behera,IND,15070,984,0.599375041877067,6,51,123,OR,Sunita Behera,IND,,,,,False,51,2024,AE
1289827,Tuna Mallick,CPIM,15155,832,0.50678865329443,7,51,123,OR,Tuna Mallick,CPIM,,,,,False,51,2024,AE
1289828,Panchanan Das,IND,15070,819,0.498870080586705,8,51,123,OR,Panchanan Das,IND,,,,,False,51,2024,AE
1289829,Raju Nayak,AIFB,15120,659,0.40141072418393,9,51,123,OR,Raju Nayak,AIFB,,,,,False,51,2024,AE
1289900,Gokulananda Mallik,BJP,15061,85737,53.3269891028511,1,51,124,OR,Gokulananda Mallik,BJP,,,,,True,51,2024,AE
1289901,Srikanta Sahu,BJD,15062,64791,40.2989252127183,2,51,124,OR,Srikanta Sahu,BJD,,,,,False,51,2024,AE
1289902,Agasti Barada,INC,15063,3763,2.34052346121311,3,51,124,OR,Agasti Barada,INC,,,,,False,51,2024,AE
1289903,Nota,NOTA,15065,1791,1.11397223466188,4,51,124,OR,Nota,NOTA,,,,,False,51,2024,AE
1289904,Rajib Kumar Jena,IND,15070,955,0.593994128476887,5,51,124,OR,Rajib Kumar Jena,IND,,,,,False,51,2024,AE
1289905,Akshya Kumar Rout,IND,15070,907,0.564138926207891,6,51,124,OR,Akshya Kumar Rout,IND,,,,,False,51,2024,AE
1289906,Nirakara Nayak,IND,15070,880,0.547345374931581,7,51,124,OR,Nirakara Nayak,IND,,,,,False,51,2024,AE
1289907,P.Kailash Chandra Patro,BSP,15068,765,0.475817286162113,8,51,124,OR,P.Kailash Chandra Patro,BSP,,,,,False,51,2024,AE
1289908,Narayan Sahu,IND,15070,619,0.385007712593919,9,51,124,OR,Narayan Sahu,IND,,,,,False,51,2024,AE
1289909,Jagannath Samal,IND,15070,568,0.353286560183111,10,51,124,OR,Jagannath Samal,IND,,,,,False,51,2024,AE
1289964,Pratap Chandra Nayak,BJP,15061,80995,55.7862908780339,1,51,125,OR,Pratap Chandra Nayak,BJP,,,,,False,51,2024,AE
1289965,Latika Pradhan,BJD,15062,50822,35.0042703253712,2,51,125,OR,Latika Pradhan,BJD,,,,,True,51,2024,AE
1289966,Sanjaya Kumar Mandal,INC,15063,2969,2.04493484309998,3,51,125,OR,Sanjaya Kumar Mandal,INC,,,,,False,51,2024,AE
1289967,Prabin Kumar Dash,CPI,15064,2188,1.50701159875471,4,51,125,OR,Prabin Kumar Dash,CPI,,,,,False,51,2024,AE
1289968,Nota,NOTA,15065,2038,1.4036972752569,5,51,125,OR,Nota,NOTA,,,,,False,51,2024,AE
1289969,Gopal Das,MLD,15121,1415,0.974598451662671,6,51,125,OR,Gopal Das,MLD,,,,,False,51,2024,AE
1289970,Sanjaya Kumar Behera,IND,15070,1028,0.708047497038322,7,51,125,OR,Sanjaya Kumar Behera,IND,,,,,False,51,2024,AE
1289971,Abani Kanta Badajena,IND,15070,1007,0.693583491748629,8,51,125,OR,Abani Kanta Badajena,IND,,,,,True,51,2024,AE
1289972,K. Ramesh Dora,IND,15070,955,0.657767859602721,9,51,125,OR,K. Ramesh Dora,IND,,,,,False,51,2024,AE
1289973,Manas Ranjan Dash,BSP,15068,907,0.624707276083422,10,51,125,OR,Manas Ranjan Dash,BSP,,,,,False,51,2024,AE
1289974,Aruna Kumar Bishoyi,IND,15070,864,0.595090503347384,11,51,125,OR,Aruna Kumar Bishoyi,IND,,,,,False,51,2024,AE
1290031,Purna Chandra Sethy,BJP,15061,80230,53.8246856928175,1,51,126,OR,Purna Chandra Sethy,BJP,,,,,False,51,2024,AE
1290032,Suryamani Baidya,BJD,15062,57173,38.3562103342323,2,51,126,OR,Suryamani Baidya,BJD,,,,,True,51,2024,AE
1290033,Chitrasen Behera,INC,15063,7857,5.27110252384977,3,51,126,OR,Chitrasen Behera,INC,,,,,False,51,2024,AE
1290034,Nota,NOTA,15065,3798,2.54800144910035,4,51,126,OR,Nota,NOTA,,,,,False,51,2024,AE
1290099,Krushna Chandra Nayak,BJP,15061,74983,47.9992574431719,1,51,127,OR,Krushna Chandra Nayak,BJP,,,,,False,51,2024,AE
1290100,Subash Chandra Behera,BJD,15062,63545,40.6773910649929,2,51,127,OR,Subash Chandra Behera,BJD,,,,,True,51,2024,AE
1290101,Bhagirathi Behera,INC,15063,7186,4.60001152243353,3,51,127,OR,Bhagirathi Behera,INC,,,,,False,51,2024,AE
1290102,Guru Nath Pradhan,CPI,15064,3963,2.53685578394156,4,51,127,OR,Guru Nath Pradhan,CPI,,,,,False,51,2024,AE
1290103,Nota,NOTA,15065,1958,1.25338471485177,5,51,127,OR,Nota,NOTA,,,,,False,51,2024,AE
1290104,Samrat Raj,IND,15070,1115,0.713750744157165,6,51,127,OR,Samrat Raj,IND,,,,,False,51,2024,AE
1290105,Ritu Kumari Sethi,AAAP,15067,795,0.508907481260042,7,51,127,OR,Ritu Kumari Sethi,AAAP,,,,,False,51,2024,AE
1290106,Saroj Kumar Behera,IND,15070,783,0.501225858901399,8,51,127,OR,Saroj Kumar Behera,IND,,,,,False,51,2024,AE
1290107,Santosh Kumar Sethi,KS,15092,650,0.416087877759782,9,51,127,OR,Santosh Kumar Sethi,KS,,,,,False,51,2024,AE
1290108,Ch. Mamini,IND,15070,625,0.400084497845945,10,51,127,OR,Ch. Mamini,IND,,,,,False,51,2024,AE
1290109,Lingaraj Behera,BSP,15068,614,0.393043010683856,11,51,127,OR,Lingaraj Behera,BSP,,,,,False,51,2024,AE
1290170,Saroj Kumar Padhi,BJP,15061,59083,49.2083586664112,1,51,128,OR,Saroj Kumar Padhi,BJP,,,,,False,51,2024,AE
1290171,Manjula Swain,BJD,15062,51024,42.4962729142895,2,51,128,OR,Manjula Swain,BJD,,,,,True,51,2024,AE
1290172,Surabhi Bisoyi,INC,15063,5316,4.42752796355368,3,51,128,OR,Surabhi Bisoyi,INC,,,,,False,51,2024,AE
1290173,Nota,NOTA,15065,1922,1.60077290179649,4,51,128,OR,Nota,NOTA,,,,,False,51,2024,AE
1290174,Rama Chandra Badatya,CPIM,15155,918,0.764573113345049,5,51,128,OR,Rama Chandra Badatya,CPIM,,,,,False,51,2024,AE
1290175,Digambar Behera,IND,15070,904,0.752912956932379,6,51,128,OR,Digambar Behera,IND,,,,,False,51,2024,AE
1290176,Surya Kanta Behera,ODSHJP,15074,900,0.749581483671616,7,51,128,OR,Surya Kanta Behera,ODSHJP,,,,,False,51,2024,AE
1290233,Nilamani Bisoyi,BJP,15061,83625,54.7115743194174,1,51,129,OR,Nilamani Bisoyi,BJP,,,,,True,51,2024,AE
1290234,Sanghamitra Swain,BJD,15062,55401,36.2460499715401,2,51,129,OR,Sanghamitra Swain,BJD,,,,,False,51,2024,AE
1290235,Hari Krishna Rath,INC,15063,7478,4.89247417351992,3,51,129,OR,Hari Krishna Rath,INC,,,,,False,51,2024,AE
1290236,Nota,NOTA,15065,2488,1.62777156241208,4,51,129,OR,Nota,NOTA,,,,,False,51,2024,AE
1290237,Sudhansu Sekhar Gouda,IND,15070,1263,0.826316512591022,5,51,129,OR,Sudhansu Sekhar Gouda,IND,,,,,False,51,2024,AE
1290238,Prasant Ranajit,MLD,15121,953,0.623499316309773,6,51,129,OR,Prasant Ranajit,MLD,,,,,False,51,2024,AE
1290239,Abani Kumar Gaya,IND,15070,906,0.592749612357455,7,51,129,OR,Abani Kumar Gaya,IND,,,,,False,51,2024,AE
1290240,Anil Kumar Pathi,IND,15070,733,0.479564531852113,8,51,129,OR,Anil Kumar Pathi,IND,,,,,False,51,2024,AE
1290296,Ramesh Chandra Jena,INC,15063,65867,44.6468152024347,1,51,130,OR,Ramesh Chandra Jena,INC,,,,,True,51,2024,AE
1290297,Sulakshana Geetanjali Devi,BJD,15062,55205,37.4197615384093,2,51,130,OR,Sulakshana Geetanjali Devi,BJD,,,,,False,51,2024,AE
1290298,Uttam Kumar Panigrahi,BJP,15061,22396,15.1807441248839,3,51,130,OR,Uttam Kumar Panigrahi,BJP,,,,,False,51,2024,AE
1290299,Nota,NOTA,15065,2724,1.84641663672904,4,51,130,OR,Nota,NOTA,,,,,False,51,2024,AE
1290300,Ajit Naik,BSP,15068,1337,0.906262497542855,5,51,130,OR,Ajit Naik,BSP,,,,,False,51,2024,AE
1290362,Naveen Patnaik,BJD,15062,66459,46.8535856292828,1,51,131,OR,Naveen Patnaik,BJD,,,,,True,51,2024,AE
1290363,Sisir Kumar Mishra,BJP,15061,61823,43.5852062829587,2,51,131,OR,Sisir Kumar Mishra,BJP,,,,,False,51,2024,AE
1290364,Rajani Kanta Padhi,INC,15063,5380,3.79289924142015,3,51,131,OR,Rajani Kanta Padhi,INC,,,,,False,51,2024,AE
1290365,Nota,NOTA,15065,1921,1.35430472913905,4,51,131,OR,Nota,NOTA,,,,,False,51,2024,AE
1290366,Narayan Sahu,SUCI,15093,1253,0.883364823327035,5,51,131,OR,Narayan Sahu,SUCI,,,,,False,51,2024,AE
1290367,Ram Narayana Biswasaray,IND,15070,1142,0.805109838978032,6,51,131,OR,Ram Narayana Biswasaray,IND,,,,,False,51,2024,AE
1290368,Akshaya Kumar,IND,15070,923,0.650714869857026,7,51,131,OR,Akshaya Kumar,IND,,,,,False,51,2024,AE
1290369,S. Lakshmi Achari,IND,15070,884,0.623219875356024,8,51,131,OR,S. Lakshmi Achari,IND,,,,,False,51,2024,AE
1290370,Sabita Kumari Sahu,IND,15070,822,0.579509884098023,9,51,131,OR,Sabita Kumari Sahu,IND,,,,,False,51,2024,AE
1290371,Balaram Nahak,BSP,15068,644,0.454019909196018,10,51,131,OR,Balaram Nahak,BSP,,,,,False,51,2024,AE
1290372,Bhaja Ram Sabat,AAAP,15067,593,0.418064916387016,11,51,131,OR,Bhaja Ram Sabat,AAAP,,,,,False,51,2024,AE
1290441,Bibhuti Bhushan Jena,BJP,15061,72071,50.1053260937576,1,51,132,OR,Bibhuti Bhushan Jena,BJP,,,,,False,51,2024,AE
1290442,Bikram Kumar Panda,BJD,15062,63009,43.8052266770486,2,51,132,OR,Bikram Kumar Panda,BJD,,,,,False,51,2024,AE
1290443,Shyam Sundar Sahu,INC,15063,3361,2.33664027141456,3,51,132,OR,Shyam Sundar Sahu,INC,,,,,False,51,2024,AE
1290444,P. Nilakanth Redi,AAAP,15067,1516,1.05395615931701,4,51,132,OR,P. Nilakanth Redi,AAAP,,,,,False,51,2024,AE
1290445,Nota,NOTA,15065,1200,0.83426608916914,5,51,132,OR,Nota,NOTA,,,,,False,51,2024,AE
1290446,Dr. T. Padmavati,IND,15070,768,0.533930297068249,6,51,132,OR,Dr. T. Padmavati,IND,,,,,False,51,2024,AE
1290447,Manoranjan Sahu,IND,15070,478,0.332315992185707,7,51,132,OR,Manoranjan Sahu,IND,,,,,False,51,2024,AE
1290448,Subhasmita Panigrahi,SUCI,15093,451,0.313545005179401,8,51,132,OR,Subhasmita Panigrahi,SUCI,,,,,False,51,2024,AE
1290449,Santosh Kumar Das,BSP,15068,388,0.269746035498022,9,51,132,OR,Santosh Kumar Das,BSP,,,,,False,51,2024,AE
1290450,P. Tulasaya Reddy,BHRBKP,15130,332,0.230813618003462,10,51,132,OR,P. Tulasaya Reddy,BHRBKP,,,,,False,51,2024,AE
1290451,S. Kumari Mamata,AIFB,15120,265,0.184233761358185,11,51,132,OR,S. Kumari Mamata,AIFB,,,,,False,51,2024,AE
1290528,K. Anil Kumar,BJP,15061,54997,43.9339835917591,1,51,133,OR,K. Anil Kumar,BJP,,,,,False,51,2024,AE
1290529,Dr. Ramesh Chandra Chyau Patnaik,BJD,15062,36288,28.9884247609461,2,51,133,OR,Dr. Ramesh Chandra Chyau Patnaik,BJD,,,,,False,51,2024,AE
1290530,Siva Shankar Dash,IND,15070,24661,19.7002740032433,3,51,133,OR,Siva Shankar Dash,IND,,,,,False,51,2024,AE
1290531,Deepak Patnaik,INC,15063,5385,4.30177103554053,4,51,133,OR,Deepak Patnaik,INC,,,,,False,51,2024,AE
1290532,Nota,NOTA,15065,638,0.509662009410373,5,51,133,OR,Nota,NOTA,,,,,False,51,2024,AE
1290533,Subash Chandra Raut,AAAP,15067,383,0.305956974301211,6,51,133,OR,Subash Chandra Raut,AAAP,,,,,False,51,2024,AE
1290534,Laxmana Maharana,IND,15070,378,0.301962757926522,7,51,133,OR,Laxmana Maharana,IND,,,,,False,51,2024,AE
1290535,Jhasaketan Padhy,IND,15070,364,0.290778952077391,8,51,133,OR,Jhasaketan Padhy,IND,,,,,False,51,2024,AE
1290536,Sarita Panda,IND,15070,341,0.27240555675382,9,51,133,OR,Sarita Panda,IND,,,,,False,51,2024,AE
1290537,Manoj Pattnaik,IND,15070,322,0.25722753453,10,51,133,OR,Manoj Pattnaik,IND,,,,,False,51,2024,AE
1290538,Brahma Nanda Tripathy,IND,15070,311,0.248440258505683,11,51,133,OR,Brahma Nanda Tripathy,IND,,,,,False,51,2024,AE
1290539,Arun Kumar Sahu,BSP,15068,307,0.245244885405932,12,51,133,OR,Arun Kumar Sahu,BSP,,,,,False,51,2024,AE
1290540,Mihir Kumar Sahu,NBBHNRSVP,15100,170,0.135803356739441,13,51,133,OR,Mihir Kumar Sahu,NBBHNRSVP,,,,,False,51,2024,AE
1290541,Nimai Charan Sahu,SUCI,15093,162,0.129412610539938,14,51,133,OR,Nimai Charan Sahu,SUCI,,,,,False,51,2024,AE
1290542,Bishnu Charana Rana,IND,15070,139,0.111039215216366,15,51,133,OR,Bishnu Charana Rana,IND,,,,,False,51,2024,AE
1290543,Prasanta Kumar Panda,BHRBKP,15130,122,0.0974588795424225,16,51,133,OR,Prasanta Kumar Panda,BHRBKP,,,,,False,51,2024,AE
1290544,Samim Begam,AIFB,15120,120,0.0958611929925467,17,51,133,OR,Samim Begam,AIFB,,,,,False,51,2024,AE
1290545,Jeebano Patro,IND,15070,93,0.0742924245692237,18,51,133,OR,Jeebano Patro,IND,,,,,True,51,2024,AE
1290608,Sidhant Mohapatra,BJP,15061,72908,49.2066384552565,1,51,134,OR,Sidhant Mohapatra,BJP,,,,,False,51,2024,AE
1290609,Biplab Patro,BJD,15062,56061,37.8363603231488,2,51,134,OR,Biplab Patro,BJD,,,,,False,51,2024,AE
1290610,Saka Sujit Kumar,INC,15063,10090,6.80988344233196,3,51,134,OR,Saka Sujit Kumar,INC,,,,,False,51,2024,AE
1290611,Nilamadhab Mishra,BSP,15068,1571,1.06029007808756,4,51,134,OR,Nilamadhab Mishra,BSP,,,,,False,51,2024,AE
1290612,Nota,NOTA,15065,1338,0.903035088784952,5,51,134,OR,Nota,NOTA,,,,,False,51,2024,AE
1290613,Brundaban Khatai,IND,15070,1181,0.797073572387913,6,51,134,OR,Brundaban Khatai,IND,,,,,False,51,2024,AE
1290614,Kanhu Charan Patra,IND,15070,964,0.650617208960159,7,51,134,OR,Kanhu Charan Patra,IND,,,,,False,51,2024,AE
1290615,Sukant Kishore Panda,IND,15070,840,0.566927858430014,8,51,134,OR,Sukant Kishore Panda,IND,,,,,False,51,2024,AE
1290616,Simanchal Dakua,IND,15070,705,0.475814452610905,9,51,134,OR,Simanchal Dakua,IND,,,,,False,51,2024,AE
1290617,Podal Manoj Kumar,AAAP,15067,616,0.41574709618201,10,51,134,OR,Podal Manoj Kumar,AAAP,,,,,False,51,2024,AE
1290618,Pintu Pradhan,AIFB,15120,549,0.370527850331045,11,51,134,OR,Pintu Pradhan,AIFB,,,,,False,51,2024,AE
1290619,Jamuna Behera,IND,15070,519,0.350280426815687,12,51,134,OR,Jamuna Behera,IND,,,,,False,51,2024,AE
1290620,Kuna Das,IND,15070,433,0.292237812738329,13,51,134,OR,Kuna Das,IND,,,,,False,51,2024,AE
1290621,Jayaram Rauto,IND,15070,392,0.264566333934006,14,51,134,OR,Jayaram Rauto,IND,,,,,False,51,2024,AE
1290692,Manoranjan Dyan Samantara,BJP,15061,69839,49.6654079462945,1,51,135,OR,Manoranjan Dyan Samantara,BJP,,,,,False,51,2024,AE
1290693,Chinmayananda Srirup Deb,BJD,15062,63317,45.0273433888734,2,51,135,OR,Chinmayananda Srirup Deb,BJD,,,,,False,51,2024,AE
1290694,Rabindra Nath Dyan Samantara,INC,15063,2846,2.02390857565478,3,51,135,OR,Rabindra Nath Dyan Samantara,INC,,,,,False,51,2024,AE
1290695,Nota,NOTA,15065,1477,1.05035592629729,4,51,135,OR,Nota,NOTA,,,,,False,51,2024,AE
1290696,Surendra Mandal,IND,15070,1005,0.714697160412177,5,51,135,OR,Surendra Mandal,IND,,,,,True,51,2024,AE
1290697,Duka Srinibas Reddy,AAAP,15067,837,0.595225396283574,6,51,135,OR,Duka Srinibas Reddy,AAAP,,,,,False,51,2024,AE
1290698,S. Renukeswara Rao,IND,15070,559,0.397528072308862,7,51,135,OR,S. Renukeswara Rao,IND,,,,,False,51,2024,AE
1290699,Bibhudhendra Padhi,AIFB,15120,371,0.263833479117331,8,51,135,OR,Bibhudhendra Padhi,AIFB,,,,,True,51,2024,AE
1290700,Salina Umasankar,SAMO,15082,368,0.261700054757891,9,51,135,OR,Salina Umasankar,SAMO,,,,,False,51,2024,AE
1290769,Dasarathi Gamango,INC,15063,62117,34.6428192987446,1,51,136,OR,Dasarathi Gamango,INC,,,,,True,51,2024,AE
1290770,Prasanta Kumar Mallik,BJP,15061,58058,32.3791039948245,2,51,136,OR,Prasanta Kumar Mallik,BJP,,,,,True,51,2024,AE
1290771,Antarjyami Gamanga,BJD,15062,47386,26.4273006631085,3,51,136,OR,Antarjyami Gamanga,BJD,,,,,False,51,2024,AE
1290772,Nota,NOTA,15065,4317,2.40760260335625,4,51,136,OR,Nota,NOTA,,,,,False,51,2024,AE
1290773,Dandasi Khandual,IND,15070,2068,1.15332920633327,5,51,136,OR,Dandasi Khandual,IND,,,,,False,51,2024,AE
1290774,Majesh Dalabehera,IND,15070,2016,1.12432866536164,6,51,136,OR,Majesh Dalabehera,IND,,,,,False,51,2024,AE
1290775,Johan Mallick,MLD,15121,1703,0.949767716820871,7,51,136,OR,Johan Mallick,MLD,,,,,False,51,2024,AE
1290776,Ruben Mandal,IND,15070,1642,0.915747851450305,8,51,136,OR,Ruben Mandal,IND,,,,,False,51,2024,AE
1290847,Rupesh Kumar Panigrahi,BJD,15062,56027,37.5846084699031,1,51,137,OR,Rupesh Kumar Panigrahi,BJD,,,,,False,51,2024,AE
1290848,Koduru Narayana Rao,BJP,15061,52029,34.9026289838933,2,51,137,OR,Koduru Narayana Rao,BJP,,,,,False,51,2024,AE
1290849,Bijay Kumar Patnaik,INC,15063,35674,23.9311996458016,3,51,137,OR,Bijay Kumar Patnaik,INC,,,,,False,51,2024,AE
1290850,Nota,NOTA,15065,1488,0.998195466528922,4,51,137,OR,Nota,NOTA,,,,,False,51,2024,AE
1290851,Manoj Kumar Badonaik,AAAP,15067,1342,0.900254244678638,5,51,137,OR,Manoj Kumar Badonaik,AAAP,,,,,False,51,2024,AE
1290852,Sanjay Kumar Raut,IND,15070,597,0.400485681127531,6,51,137,OR,Sanjay Kumar Raut,IND,,,,,False,51,2024,AE
1290853,Bikash Chandra Singh,IND,15070,434,0.291140344404269,7,51,137,OR,Bikash Chandra Singh,IND,,,,,False,51,2024,AE
1290854,Paila Murali Krishna,AIFB,15120,429,0.28778619297104,8,51,137,OR,Paila Murali Krishna,AIFB,,,,,False,51,2024,AE
1290855,Bidyadhara Mohankudo,IND,15070,399,0.267661284371666,9,51,137,OR,Bidyadhara Mohankudo,IND,,,,,False,51,2024,AE
1290856,Amodh Kumar Bardhan,IND,15070,348,0.233448939752731,10,51,137,OR,Amodh Kumar Bardhan,IND,,,,,False,51,2024,AE
1290857,Pravindra Singh,MLD,15121,302,0.202590746567026,11,51,137,OR,Pravindra Singh,MLD,,,,,False,51,2024,AE
1290921,Satyajeet Gomango,INC,15063,77637,47.8030909426759,1,51,138,OR,Satyajeet Gomango,INC,,,,,False,51,2024,AE
1290922,Raghunath Gomango,BJD,15062,47752,29.4021304106889,2,51,138,OR,Raghunath Gomango,BJD,,,,,True,51,2024,AE
1290923,Trinath Gomango,BJP,15061,21808,13.4277445970075,3,51,138,OR,Trinath Gomango,BJP,,,,,False,51,2024,AE
1290924,Nota,NOTA,15065,3205,1.97340065266917,4,51,138,OR,Nota,NOTA,,,,,False,51,2024,AE
1290925,Anasim Sabar,CPI(ML)(L),15091,2331,1.435256449726,5,51,138,OR,Anasim Sabar,CPI(ML)(L),,,,,False,51,2024,AE
1290926,Bhaskar Jageranga,IND,15070,2101,1.29363955421464,6,51,138,OR,Bhaskar Jageranga,IND,,,,,False,51,2024,AE
1290927,Rasmita Kumari Sabar,IND,15070,1588,0.977772304661043,7,51,138,OR,Rasmita Kumari Sabar,IND,,,,,False,51,2024,AE
1290928,Rabi Shankar Gamanga,IND,15070,1560,0.960531986946616,8,51,138,OR,Rabi Shankar Gamanga,IND,,,,,False,51,2024,AE
1290929,Sibaram Mambalaka,BSP,15068,1149,0.707468751924142,9,51,138,OR,Sibaram Mambalaka,BSP,,,,,False,51,2024,AE
1290930,Phalguni Sabar,IND,15070,1056,0.65020626808694,10,51,138,OR,Phalguni Sabar,IND,,,,,False,51,2024,AE
1290931,Karunakar Sabar,NAPt,15075,845,0.520288159596083,11,51,138,OR,Karunakar Sabar,NAPt,,,,,False,51,2024,AE
1290932,Nagabhusan Mandangi,IND,15070,795,0.489501877963179,12,51,138,OR,Nagabhusan Mandangi,IND,,,,,False,51,2024,AE
1290933,Purna Chandra Sabar,NBBHNRSVP,15100,583,0.358968043839665,13,51,138,OR,Purna Chandra Sabar,NBBHNRSVP,,,,,False,51,2024,AE
1290994,Nilamadhab Hikaka,INC,15063,68446,37.2454698808292,1,51,139,OR,Nilamadhab Hikaka,INC,,,,,False,51,2024,AE
1290995,Jagannath Saraka,BJD,15062,59043,32.1287478913859,2,51,139,OR,Jagannath Saraka,BJD,,,,,True,51,2024,AE
1290996,Jagannath Nundruka,BJP,15061,25480,13.8651575338738,3,51,139,OR,Jagannath Nundruka,BJP,,,,,False,51,2024,AE
1290997,Jetendra Jakaka,BSP,15068,11982,6.52010665505795,4,51,139,OR,Jetendra Jakaka,BSP,,,,,True,51,2024,AE
1290998,Nilamadhab Ulaka,IND,15070,7550,4.10839636502149,5,51,139,OR,Nilamadhab Ulaka,IND,,,,,False,51,2024,AE
1290999,Nota,NOTA,15065,5256,2.86009686020569,6,51,139,OR,Nota,NOTA,,,,,False,51,2024,AE
1291000,Paramananda Huika,IND,15070,2520,1.37127931653697,7,51,139,OR,Paramananda Huika,IND,,,,,False,51,2024,AE
1291001,Anita Pidikaka,NBBHNRSVP,15100,1841,1.00179572291451,8,51,139,OR,Anita Pidikaka,NBBHNRSVP,,,,,False,51,2024,AE
1291002,Praska Rama Chandra,CPI(ML)(L),15091,1652,0.898949774174239,9,51,139,OR,Praska Rama Chandra,CPI(ML)(L),,,,,False,51,2024,AE
1291061,Kadraka Appala Swamy,INC,15063,87482,45.8054517085021,1,51,140,OR,Kadraka Appala Swamy,INC,,,,,False,51,2024,AE
1291062,Anusaya Majhi,BJD,15062,58296,30.5237033080958,2,51,140,OR,Anusaya Majhi,BJD,,,,,False,51,2024,AE
1291063,Basanta Kumar Ullaka,BJP,15061,24548,12.8532981475081,3,51,140,OR,Basanta Kumar Ullaka,BJP,,,,,True,51,2024,AE
1291064,Suchitra Majhi,IND,15070,5651,2.95885562292524,4,51,140,OR,Suchitra Majhi,IND,,,,,False,51,2024,AE
1291065,Nota,NOTA,15065,4676,2.44834699925649,5,51,140,OR,Nota,NOTA,,,,,False,51,2024,AE
1291066,Purna Chandra Majhi,BSP,15068,3353,1.75562606683212,6,51,140,OR,Purna Chandra Majhi,BSP,,,,,False,51,2024,AE
1291067,Rangarao Kandagari,IND,15070,1785,0.934623480255097,7,51,140,OR,Rangarao Kandagari,IND,,,,,False,51,2024,AE
1291068,Bhagaban Majhi,IND,15070,1629,0.852942100468097,8,51,140,OR,Bhagaban Majhi,IND,,,,,False,51,2024,AE
1291069,Banamali Majhi,APoI,15077,1375,0.719948059020032,9,51,140,OR,Banamali Majhi,APoI,,,,,False,51,2024,AE
1291070,Krishna Palaka,CPI(ML)(L),15091,1111,0.581718031688186,10,51,140,OR,Krishna Palaka,CPI(ML)(L),,,,,False,51,2024,AE
1291071,Kandagari Sinalu,NBBHNRSVP,15100,1080,0.565486475448462,11,51,140,OR,Kandagari Sinalu,NBBHNRSVP,,,,,False,51,2024,AE
1291136,Pabitra Saunta,INC,15063,59447,41.7749450117003,1,51,141,OR,Pabitra Saunta,INC,,,,,False,51,2024,AE
1291137,Prabhu Jani,BJD,15062,38185,26.8335874858576,2,51,141,OR,Prabhu Jani,BJD,,,,,True,51,2024,AE
1291138,Kailash Chandra Kulesika,BJP,15061,23505,16.5175716604709,3,51,141,OR,Kailash Chandra Kulesika,BJP,,,,,False,51,2024,AE
1291139,Nota,NOTA,15065,5633,3.95845484634898,4,51,141,OR,Nota,NOTA,,,,,False,51,2024,AE
1291140,Habika Rabi,IND,15070,3315,2.32953627119596,5,51,141,OR,Habika Rabi,IND,,,,,False,51,2024,AE
1291141,Maliti Tadingi,IND,15070,2246,1.57832231224921,6,51,141,OR,Maliti Tadingi,IND,,,,,False,51,2024,AE
1291142,Kumar Jani,CPI,15064,2246,1.58,6,51,141,OR,Kumar Jani,CPI,,,,,False,51,2024,AE
1291143,Purna Mandingi,IND,15070,1861,1.30777285088859,8,51,141,OR,Purna Mandingi,IND,,,,,False,51,2024,AE
1291144,Nari Hikaka,IND,15070,1786,1.2550684103638,9,51,141,OR,Nari Hikaka,IND,,,,,False,51,2024,AE
1291145,Jandhar Wadeka,BSP,15068,1600,1.1243613978623,10,51,141,OR,Jandhar Wadeka,BSP,,,,,False,51,2024,AE
1291146,Rajesh Madingi,CPI(ML)(L),15091,1400,0.983816223129519,11,51,141,OR,Rajesh Madingi,CPI(ML)(L),,,,,False,51,2024,AE
1291147,Ramesh Jani,RPI(A),15084,1079,0.758241217683393,12,51,141,OR,Ramesh Jani,RPI(A),,,,,False,51,2024,AE
1291192,Rupu Bhatra,BJP,15061,75275,42.1340453161382,1,51,142,OR,Rupu Bhatra,BJP,,,,,False,51,2024,AE
1291193,Chandra Sekhar Majhi,BJD,15062,49011,27.4331676518001,2,51,142,OR,Chandra Sekhar Majhi,BJD,,,,,False,51,2024,AE
1291194,Anamu Dian,INC,15063,44840,25.0985133440802,3,51,142,OR,Anamu Dian,INC,,,,,False,51,2024,AE
1291195,Nota,NOTA,15065,3314,1.85496149023822,4,51,142,OR,Nota,NOTA,,,,,False,51,2024,AE
1291196,Basu Nayak,BSP,15068,2223,1.24429070392262,5,51,142,OR,Basu Nayak,BSP,,,,,False,51,2024,AE
1291197,Ketan Samarath,RPI(A),15084,2044,1.14409815511373,6,51,142,OR,Ketan Samarath,RPI(A),,,,,False,51,2024,AE
1291198,Rama Krushna Pujari,IND,15070,1949,1.09092333870678,7,51,142,OR,Rama Krushna Pujari,IND,,,,,False,51,2024,AE
1291266,Tara Prsada Bahinipati,INC,15063,69592,41.8868083518414,1,51,143,OR,Tara Prsada Bahinipati,INC,,,,,False,51,2024,AE
1291267,Indira Nanda,BJD,15062,56481,33.9954135894982,2,51,143,OR,Indira Nanda,BJD,,,,,False,51,2024,AE
1291268,Goutam Samantray,BJP,15061,31107,18.7230277532005,3,51,143,OR,Goutam Samantray,BJP,,,,,True,51,2024,AE
1291269,Nota,NOTA,15065,2367,1.4246763330384,4,51,143,OR,Nota,NOTA,,,,,False,51,2024,AE
1291270,Pritish Patnaik,IND,15070,1091,0.656663235887157,5,51,143,OR,Pritish Patnaik,IND,,,,,False,51,2024,AE
1291271,Saroj Kumar Naik,BSP,15068,1087,0.654255671319285,6,51,143,OR,Saroj Kumar Naik,BSP,,,,,False,51,2024,AE
1291272,Simanchal Mohankudo,IND,15070,1021,0.614530855949392,7,51,143,OR,Simanchal Mohankudo,IND,,,,,False,51,2024,AE
1291273,Mahendra Kumar Patra,IND,15070,859,0.517024490950566,8,51,143,OR,Mahendra Kumar Patra,IND,,,,,False,51,2024,AE
1291274,Gouri Charan Dev Sharma,AAAP,15067,818,0.492346954129876,9,51,143,OR,Gouri Charan Dev Sharma,AAAP,,,,,False,51,2024,AE
1291275,Basant Patra,IND,15070,644,0.387617895427432,10,51,143,OR,Basant Patra,IND,,,,,False,51,2024,AE
1291276,Namita Khora,IND,15070,560,0.337059039502115,11,51,143,OR,Namita Khora,IND,,,,,False,51,2024,AE
1291277,B. Hari Rao,AIFB,15120,516,0.31057582925552,12,51,143,OR,B. Hari Rao,AIFB,,,,,False,51,2024,AE
1291351,Raghuram Machha,BJP,15061,46805,31.8243321343822,1,51,144,OR,Raghuram Machha,BJP,,,,,False,51,2024,AE
1291352,Raghu Ram Padal,BJD,15062,44281,30.108177571682,2,51,144,OR,Raghu Ram Padal,BJD,,,,,False,51,2024,AE
1291353,Krushna Kuldip,INC,15063,42256,28.7313103016869,3,51,144,OR,Krushna Kuldip,INC,,,,,True,51,2024,AE
1291354,Nota,NOTA,15065,3263,2.2186261244416,4,51,144,OR,Nota,NOTA,,,,,False,51,2024,AE
1291355,Karpur Hantal,AAAP,15067,2448,1.66447954417194,5,51,144,OR,Karpur Hantal,AAAP,,,,,False,51,2024,AE
1291356,Siba Prasad Sagadia,IND,15070,1526,1.03757997729018,6,51,144,OR,Siba Prasad Sagadia,IND,,,,,False,51,2024,AE
1291357,Ranjan Kumar Khora,IND,15070,1444,0.981825352036063,7,51,144,OR,Ranjan Kumar Khora,IND,,,,,False,51,2024,AE
1291358,Bhagirathi Patnia,IND,15070,1131,0.76900586783434,8,51,144,OR,Bhagirathi Patnia,IND,,,,,False,51,2024,AE
1291359,Bhuban Khora,IND,15070,1104,0.750647637567738,9,51,144,OR,Bhuban Khora,IND,,,,,False,51,2024,AE
1291360,Sanjeev Kumar Naik,BSP,15068,911,0.619420287884247,10,51,144,OR,Sanjeev Kumar Naik,BSP,,,,,False,51,2024,AE
1291361,Rama Barik,SUCI,15093,715,0.486153134837801,11,51,144,OR,Rama Barik,SUCI,,,,,True,51,2024,AE
1291362,Sanjaya Garada,NBBHNRSVP,15100,685,0.465755101208243,12,51,144,OR,Sanjaya Garada,NBBHNRSVP,,,,,False,51,2024,AE
1291363,Dhanurjaya Hantal,AIFB,15120,504,0.342686964976576,13,51,144,OR,Dhanurjaya Hantal,AIFB,,,,,True,51,2024,AE
1291422,Rama Chandra Kadam,INC,15063,52202,33.6956662062199,1,51,145,OR,Rama Chandra Kadam,INC,,,,,True,51,2024,AE
1291423,Prafulla Kumar Pangi,BJD,15062,50283,32.4569783503956,2,51,145,OR,Prafulla Kumar Pangi,BJD,,,,,False,51,2024,AE
1291424,Nandibali Chaitanya,BJP,15061,35461,22.8895831450665,3,51,145,OR,Nandibali Chaitanya,BJP,,,,,False,51,2024,AE
1291425,Nota,NOTA,15065,6420,4.14402086211125,4,51,145,OR,Nota,NOTA,,,,,False,51,2024,AE
1291426,Phulomani Pangi,IND,15070,2770,1.78799654019442,5,51,145,OR,Phulomani Pangi,IND,,,,,False,51,2024,AE
1291427,Gangamma Majhi,IND,15070,2185,1.41038716257213,6,51,145,OR,Gangamma Majhi,IND,,,,,False,51,2024,AE
1291428,Snehopatro Santa,RPI(A),15084,2022,1.30517292573036,7,51,145,OR,Snehopatro Santa,RPI(A),,,,,False,51,2024,AE
1291429,Murali Dhara Guntha,BSP,15068,1831,1.18188507765197,8,51,145,OR,Murali Dhara Guntha,BSP,,,,,False,51,2024,AE
1291430,Ambika Kumari Pangi,IND,15070,1748,1.1283097300577,9,51,145,OR,Ambika Kumari Pangi,IND,,,,,False,51,2024,AE
1291479,Narasinga Madkami,BJP,15061,78679,41.7565796107693,1,51,146,OR,Narasinga Madkami,BJP,,,,,False,51,2024,AE
1291480,Mala Madhi,INC,15063,63789,33.8541473174718,2,51,146,OR,Mala Madhi,INC,,,,,True,51,2024,AE
1291481,Manas Madkami,BJD,15062,34688,18.4096421349835,3,51,146,OR,Manas Madkami,BJD,,,,,False,51,2024,AE
1291482,Nota,NOTA,15065,4102,2.17701660625295,4,51,146,OR,Nota,NOTA,,,,,False,51,2024,AE
1291483,Bhagaban Hantal,RPI(A),15084,2717,1.44196833719874,5,51,146,OR,Bhagaban Hantal,RPI(A),,,,,False,51,2024,AE
1291484,Lalit Narayan Madkami,IND,15070,2261,1.19995966522133,6,51,146,OR,Lalit Narayan Madkami,IND,,,,,False,51,2024,AE
1291485,Dulla Madkami,IND,15070,2187,1.16068632810219,7,51,146,OR,Dulla Madkami,IND,,,,,False,51,2024,AE
1291539,Mangu Khilla,INC,15063,55550,35.3425459357662,1,51,147,OR,Mangu Khilla,INC,,,,,False,51,2024,AE
1291540,Dambaru Sisa,BJP,15061,46391,29.5153204051509,2,51,147,OR,Dambaru Sisa,BJP,,,,,False,51,2024,AE
1291541,Laxmipriya Nayak,BJD,15062,35143,22.3590115539268,3,51,147,OR,Laxmipriya Nayak,BJD,,,,,False,51,2024,AE
1291542,Nota,NOTA,15065,5065,3.22250216318012,4,51,147,OR,Nota,NOTA,,,,,False,51,2024,AE
1291543,Raghunath Hantal,CPI(M),15110,3839,2.44248485773909,5,51,147,OR,Raghunath Hantal,CPI(M),,,,,False,51,2024,AE
1291544,Rajendra Palasi,BSP,15068,2452,1.56003461088206,6,51,147,OR,Rajendra Palasi,BSP,,,,,False,51,2024,AE
1291545,Ghenu Muduli,RPI(A),15084,2432,1.54731002188629,7,51,147,OR,Ghenu Muduli,RPI(A),,,,,False,51,2024,AE
1291546,Sarat Chandra Buruda,AAAP,15067,2240,1.42515396752684,8,51,147,OR,Sarat Chandra Buruda,AAAP,,,,,False,51,2024,AE
1291547,Padia Padiami,IND,15070,2221,1.41306560798086,9,51,147,OR,Padia Padiami,IND,,,,,False,51,2024,AE
1291548,Laxman Madkami,JNTADRBARP,15135,1843,1.1725708759607,10,51,147,OR,Laxman Madkami,JNTADRBARP,,,,,False,51,2024,AE
