el_res_id,ca_full_name,party_abb,party_id,el_vote_count,el_vote_perc,el_rank,el_id,ac_no,state_abb,original_ca_full_name,original_party_abb,caste,caste_category,gender,age,incumbency,el_id,el_year,el_type
1509866,Pardeep Chaudhary,INC,16578,57948,45.2609133725425,1,35,1,HR,Pardeep Chaudhary,INC,,,,,False,35,2019,AE
1509867,Latika Sharma,BJP,16577,52017,40.6284415493122,2,35,1,HR,Latika Sharma,BJP,,,,,True,35,2019,AE
1509868,Kiran Chaudhary,JNJP,16599,7739,6.04462981621638,3,35,1,HR,Kiran Chaudhary,JNJP,,,,,False,35,2019,AE
1509869,Satinder Singh,INLD,16579,4963,3.87640493318024,4,35,1,HR,Satinder Singh,INLD,,,,,False,35,2019,AE
1509870,Ashwani Nagra,BSP,16581,2573,2.00966953315993,5,35,1,HR,Ashwani Nagra,BSP,,,,,False,35,2019,AE
1509871,None Of The Above,NOTA,16583,737,0.575641836742663,6,35,1,HR,None Of The Above,NOTA,,,,,True,35,2019,AE
1509872,Umesh Kumar,IND,16584,684,0.534245612390749,7,35,1,HR,Umesh Kumar,IND,,,,,False,35,2019,AE
1509873,Parveen Kumar,AAAP,16580,446,0.348353133225546,8,35,1,HR,Parveen Kumar,AAAP,,,,,False,35,2019,AE
1509874,Charan Singh,SHPP,16600,394,0.30773796971046,9,35,1,HR,Charan Singh,SHPP,,,,,False,35,2019,AE
1509875,Vidya Rani,IND,16584,356,0.278057657910974,10,35,1,HR,Vidya Rani,IND,,,,,False,35,2019,AE
1509876,Meenakshi Sharma,JanSP,16601,174,0.135904585608173,11,35,1,HR,Meenakshi Sharma,JanSP,,,,,False,35,2019,AE
1509973,Gian Chand,BJP,16577,61537,48.8392765021944,1,35,2,HR,Gian Chand,BJP,,,,,True,35,2019,AE
1509974,Chander Mohan,INC,16578,55904,44.3686061000484,2,35,2,HR,Chander Mohan,INC,,,,,False,35,2019,AE
1509975,Karundeep Chaudhary,INLD,16579,2342,1.85874491067389,3,35,2,HR,Karundeep Chaudhary,INLD,,,,,False,35,2019,AE
1509976,None Of The Above,NOTA,16583,1195,0.948420225557345,4,35,2,HR,None Of The Above,NOTA,,,,,True,35,2019,AE
1509977,Roshan Lal Kocher,BSP,16581,1055,0.83730823260502,5,35,2,HR,Roshan Lal Kocher,BSP,,,,,False,35,2019,AE
1509978,Yogeshwar Sharma,AAAP,16580,959,0.761117151723426,6,35,2,HR,Yogeshwar Sharma,AAAP,,,,,False,35,2019,AE
1509979,Manoj Kumar,RtrJP,16612,765,0.607147675775204,7,35,2,HR,Manoj Kumar,RtrJP,,,,,False,35,2019,AE
1509980,Ajay Gautam,JNJP,16599,677,0.537305851633743,8,35,2,HR,Ajay Gautam,JNJP,,,,,False,35,2019,AE
1509981,Madhu Anand,SWARAJ,16613,470,0.373018833482805,9,35,2,HR,Madhu Anand,SWARAJ,,,,,False,35,2019,AE
1509982,Sunita,IND,16584,350,0.277779982380812,10,35,2,HR,Sunita,IND,,,,,False,35,2019,AE
1509983,Mukhtiar Singh,IND,16584,309,0.245240041587631,11,35,2,HR,Mukhtiar Singh,IND,,,,,False,35,2019,AE
1509984,Prem Lata Jindal,IND,16584,175,0.138889991190406,12,35,2,HR,Prem Lata Jindal,IND,,,,,False,35,2019,AE
1509985,Suresh Kumar,SHPP,16600,96,0.0761910808815942,13,35,2,HR,Suresh Kumar,SHPP,,,,,False,35,2019,AE
1509986,Gurtej Singh ( Bhola),IND,16584,87,0.0690481670489448,14,35,2,HR,Gurtej Singh ( Bhola),IND,,,,,False,35,2019,AE
1509987,Rahul Kumar Sharma,JanSP,16601,78,0.0619052532162953,15,35,2,HR,Rahul Kumar Sharma,JanSP,,,,,False,35,2019,AE
1510077,Shalley,INC,16578,53470,39.5570088479862,1,35,3,HR,Shalley,INC,,,,,False,35,2019,AE
1510078,Surender Singh,BJP,16577,32870,24.3171662770396,2,35,3,HR,Surender Singh,BJP,,,,,False,35,2019,AE
1510079,Ram Singh,JNJP,16599,18753,13.8734353268428,3,35,3,HR,Ram Singh,JNJP,,,,,False,35,2019,AE
1510080,Gulshan Kumar,LTSP,16617,15454,11.4328411209422,4,35,3,HR,Gulshan Kumar,LTSP,,,,,False,35,2019,AE
1510081,Madan Pal,BSP,16581,7926,5.86364039889918,5,35,3,HR,Madan Pal,BSP,,,,,False,35,2019,AE
1510082,Jagmal Singh Rollon,INLD,16579,2242,1.65862752641079,6,35,3,HR,Jagmal Singh Rollon,INLD,,,,,True,35,2019,AE
1510083,Gurpal Singh,IND,16584,2203,1.62977539727162,7,35,3,HR,Gurpal Singh,IND,,,,,False,35,2019,AE
1510084,Mahender Singh,IND,16584,617,0.456455478945343,8,35,3,HR,Mahender Singh,IND,,,,,False,35,2019,AE
1510085,None Of The Above,NOTA,16583,508,0.375817476992276,9,35,3,HR,None Of The Above,NOTA,,,,,True,35,2019,AE
1510086,Ved Raj,IND,16584,414,0.306276447785044,10,35,3,HR,Ved Raj,IND,,,,,False,35,2019,AE
1510087,Suresh Kumar Punia,AIFB,16618,255,0.188648536679193,11,35,3,HR,Suresh Kumar Punia,AIFB,,,,,False,35,2019,AE
1510088,Lakhvinder Singh,BAHUMP,16619,243,0.179770958482525,12,35,3,HR,Lakhvinder Singh,BAHUMP,,,,,False,35,2019,AE
1510089,Sharvan Kumar,IND,16584,217,0.160536205723078,13,35,3,HR,Sharvan Kumar,IND,,,,,False,35,2019,AE
1510178,Anil Vij,BJP,16577,64571,53.0422639339549,1,35,4,HR,Anil Vij,BJP,,,,,True,35,2019,AE
1510179,Chitra Sarwara,IND,16584,44406,36.477594775537,2,35,4,HR,Chitra Sarwara,IND,,,,,False,35,2019,AE
1510180,Venu Singla,INC,16578,8534,7.01030927835051,3,35,4,HR,Venu Singla,INC,,,,,False,35,2019,AE
1510181,Rajesh Kumar,BSP,16581,1938,1.59198258512342,4,35,4,HR,Rajesh Kumar,BSP,,,,,False,35,2019,AE
1510182,None Of The Above,NOTA,16583,1013,0.832135376021686,5,35,4,HR,None Of The Above,NOTA,,,,,True,35,2019,AE
1510183,Shailendar Kumar,LTSP,16617,641,0.526553579496447,6,35,4,HR,Shailendar Kumar,LTSP,,,,,False,35,2019,AE
1510184,Lakhbir Singh Alias Latika,BJSAP,16621,632,0.519160471515997,7,35,4,HR,Lakhbir Singh Alias Latika,BJSAP,,,,,False,35,2019,AE
1510276,Aseem Goel,BJP,16577,64896,42.2027417215097,1,35,5,HR,Aseem Goel,BJP,,,,,True,35,2019,AE
1510277,Nirmal Singh Mohra,IND,16584,55944,36.3811357074109,2,35,5,HR,Nirmal Singh Mohra,IND,,,,,False,35,2019,AE
1510278,Jasbir Mallour,INC,16578,20091,13.065447545717,3,35,5,HR,Jasbir Mallour,INC,,,,,False,35,2019,AE
1510279,Harpal Singh Kamboj,JNJP,16599,5711,3.71394011913742,4,35,5,HR,Harpal Singh Kamboj,JNJP,,,,,False,35,2019,AE
1510280,Ravinder Singh,BSP,16581,2890,1.87940587363109,5,35,5,HR,Ravinder Singh,BSP,,,,,False,35,2019,AE
1510281,None Of The Above,NOTA,16583,1484,0.965065161407798,6,35,5,HR,None Of The Above,NOTA,,,,,True,35,2019,AE
1510282,Anshul Kumar Aggarwal,AAAP,16580,868,0.56447207554041,7,35,5,HR,Anshul Kumar Aggarwal,AAAP,,,,,False,35,2019,AE
1510283,Sharan Pal Sachdeva,LTSP,16617,585,0.380433368883801,8,35,5,HR,Sharan Pal Sachdeva,LTSP,,,,,False,35,2019,AE
1510284,Nirmal Singh,IND,16584,547,0.355721457742631,9,35,5,HR,Nirmal Singh,IND,,,,,False,35,2019,AE
1510285,Yogesh Kumar,IND,16584,465,0.302395754753791,10,35,5,HR,Yogesh Kumar,IND,,,,,False,35,2019,AE
1510286,Rajesh Pahuja,IND,16584,291,0.189241214265275,11,35,5,HR,Rajesh Pahuja,IND,,,,,False,35,2019,AE
1510374,Varun Chaudhary,INC,16578,67051,43.6010482302985,1,35,6,HR,Varun Chaudhary,INC,,,,,True,35,2019,AE
1510375,Rajbir Singh Barara,BJP,16577,65363,42.5033976447331,2,35,6,HR,Rajbir Singh Barara,BJP,,,,,False,35,2019,AE
1510376,Krishan Dass,BSP,16581,10451,6.7959397332605,3,35,6,HR,Krishan Dass,BSP,,,,,False,35,2019,AE
1510377,Amar Nath,JNJP,16599,4790,3.11477861662212,4,35,6,HR,Amar Nath,JNJP,,,,,False,35,2019,AE
1510378,Daya Rani,INLD,16579,4479,2.91254559996878,5,35,6,HR,Daya Rani,INLD,,,,,False,35,2019,AE
1510379,None Of The Above,NOTA,16583,581,0.377805088989029,6,35,6,HR,None Of The Above,NOTA,,,,,True,35,2019,AE
1510380,Anil Kumar,IND,16584,486,0.316029730204248,7,35,6,HR,Anil Kumar,IND,,,,,False,35,2019,AE
1510381,Mewa Dass,IND,16584,377,0.245150634335394,8,35,6,HR,Mewa Dass,IND,,,,,False,35,2019,AE
1510382,Suraj Bhan,IND,16584,205,0.133304721588211,9,35,6,HR,Suraj Bhan,IND,,,,,False,35,2019,AE
1510475,Renu Bala,INC,16578,65806,40.0080251942461,1,35,7,HR,Renu Bala,INC,,,,,False,35,2019,AE
1510476,Balwant Singh,BJP,16577,48786,29.6603883707639,2,35,7,HR,Balwant Singh,BJP,,,,,True,35,2019,AE
1510477,Sahi Ram,BSP,16581,25874,15.7305966610328,3,35,7,HR,Sahi Ram,BSP,,,,,False,35,2019,AE
1510478,Dr. Kusum Sherwal,JNJP,16599,14960,9.09522014566943,4,35,7,HR,Dr. Kusum Sherwal,JNJP,,,,,False,35,2019,AE
1510479,Nathi Ram Khera,LTSP,16617,2880,1.75095147189358,5,35,7,HR,Nathi Ram Khera,LTSP,,,,,False,35,2019,AE
1510480,Sushma Devi,INLD,16579,1285,0.781240500480295,6,35,7,HR,Sushma Devi,INLD,,,,,False,35,2019,AE
1510481,Arun Kumar,CPI,16582,948,0.576354859498303,7,35,7,HR,Arun Kumar,CPI,,,,,True,35,2019,AE
1510482,Ranjeet Singh,ZKP,16628,553,0.33620700137401,8,35,7,HR,Ranjeet Singh,ZKP,,,,,False,35,2019,AE
1510483,Gulshan Kumar,IND,16584,535,0.325263554674675,9,35,7,HR,Gulshan Kumar,IND,,,,,False,35,2019,AE
1510484,Mangat Ram,BaSaPa,16629,486,0.295473060882041,10,35,7,HR,Mangat Ram,BaSaPa,,,,,False,35,2019,AE
1510485,None Of The Above,NOTA,16583,452,0.27480210600552,11,35,7,HR,None Of The Above,NOTA,,,,,True,35,2019,AE
1510486,Desh Raj,IND,16584,411,0.249875366301479,12,35,7,HR,Desh Raj,IND,,,,,False,35,2019,AE
1510487,Anil Kumar Gagat,AIFB,16618,400,0.243187704429664,13,35,7,HR,Anil Kumar Gagat,AIFB,,,,,False,35,2019,AE
1510488,Beta Mamchand Rattu,IND,16584,348,0.211573302853807,14,35,7,HR,Beta Mamchand Rattu,IND,,,,,False,35,2019,AE
1510489,Dharam Pal,RPI(A),16587,287,0.174487177928283,15,35,7,HR,Dharam Pal,RPI(A),,,,,False,35,2019,AE
1510490,Naib Singh,BVD,16615,246,0.149560438224243,16,35,7,HR,Naib Singh,BVD,,,,,False,35,2019,AE
1510491,Chaman Lal,SWARAJ,16613,225,0.136793083741686,17,35,7,HR,Chaman Lal,SWARAJ,,,,,False,35,2019,AE
1510588,Kanwar Pal,BJP,16577,66376,38.8825428067647,1,35,8,HR,Kanwar Pal,BJP,,,,,True,35,2019,AE
1510589,Akram Khan,INC,16578,50003,29.2913671804064,2,35,8,HR,Akram Khan,INC,,,,,False,35,2019,AE
1510590,Adarsh Pal Singh,BSP,16581,47988,28.1109959053125,3,35,8,HR,Adarsh Pal Singh,BSP,,,,,False,35,2019,AE
1510591,Arjun Singh,JNJP,16599,2342,1.37192532321084,4,35,8,HR,Arjun Singh,JNJP,,,,,False,35,2019,AE
1510592,None Of The Above,NOTA,16583,1091,0.639099285919312,5,35,8,HR,None Of The Above,NOTA,,,,,True,35,2019,AE
1510593,Baljeet Sharma,INLD,16579,861,0.504367080821749,6,35,8,HR,Baljeet Sharma,INLD,,,,,False,35,2019,AE
1510594,Yogesh Sethi,IND,16584,641,0.375492797684949,7,35,8,HR,Yogesh Sethi,IND,,,,,True,35,2019,AE
1510595,Naresh Kumar,LTSP,16617,460,0.269464410195127,8,35,8,HR,Naresh Kumar,LTSP,,,,,False,35,2019,AE
1510596,Jagdeep Singh,IND,16584,370,0.216743112548254,9,35,8,HR,Jagdeep Singh,IND,,,,,False,35,2019,AE
1510597,Ranjeet Singh,ZKP,16628,307,0.179838204195443,10,35,8,HR,Ranjeet Singh,ZKP,,,,,False,35,2019,AE
1510598,Parveen,BSCP,16585,270,0.158163892940618,11,35,8,HR,Parveen,BSCP,,,,,False,35,2019,AE
1510694,Ghanshyam Dass,BJP,16577,64848,43.0172007774512,1,35,9,HR,Ghanshyam Dass,BJP,,,,,True,35,2019,AE
1510695,Dilbagh Singh,INLD,16579,63393,42.0520202455737,2,35,9,HR,Dilbagh Singh,INLD,,,,,True,35,2019,AE
1510696,Nirmal Chauhan,INC,16578,9784,6.49025864184837,3,35,9,HR,Nirmal Chauhan,INC,,,,,False,35,2019,AE
1510697,Yogesh Kumar,BSP,16581,7731,5.12839222814081,4,35,9,HR,Yogesh Kumar,BSP,,,,,False,35,2019,AE
1510698,Salesh Tyagi,JNJP,16599,2039,1.35257945326337,5,35,9,HR,Salesh Tyagi,JNJP,,,,,False,35,2019,AE
1510699,None Of The Above,NOTA,16583,1164,0.772144425501993,6,35,9,HR,None Of The Above,NOTA,,,,,True,35,2019,AE
1510700,Arvinder Singh Khalsa,AAAP,16580,615,0.407962905226568,7,35,9,HR,Arvinder Singh Khalsa,AAAP,,,,,False,35,2019,AE
1510701,Shammi Kapoor,IND,16584,430,0.285242356499877,8,35,9,HR,Shammi Kapoor,IND,,,,,False,35,2019,AE
1510702,Mandeep Kaur,IND,16584,298,0.197679586597589,9,35,9,HR,Mandeep Kaur,IND,,,,,False,35,2019,AE
1510703,Rohit Rojer,IND,16584,231,0.153234847329003,10,35,9,HR,Rohit Rojer,IND,,,,,False,35,2019,AE
1510704,Satish Tyagi,LTSP,16617,216,0.14328453256738,11,35,9,HR,Satish Tyagi,LTSP,,,,,False,35,2019,AE
1510818,Bishan Lal,INC,16578,54087,38.050046782556,1,35,10,HR,Bishan Lal,INC,,,,,False,35,2019,AE
1510819,Karan Dev Kamboj,BJP,16577,51546,36.2624606921004,2,35,10,HR,Karan Dev Kamboj,BJP,,,,,False,35,2019,AE
1510820,Mahipal Singh,BSP,16581,18567,13.0618303587131,3,35,10,HR,Mahipal Singh,BSP,,,,,False,35,2019,AE
1510821,Manga Ram,JNJP,16599,7161,5.03774261855684,4,35,10,HR,Manga Ram,JNJP,,,,,False,35,2019,AE
1510822,Rajbeer,INLD,16579,3687,2.59379374872491,5,35,10,HR,Rajbeer,INLD,,,,,False,35,2019,AE
1510823,Harbans Kumar,LTSP,16617,2589,1.82135395048787,6,35,10,HR,Harbans Kumar,LTSP,,,,,False,35,2019,AE
1510824,Naresh Lal,AAAP,16580,1419,0.998262362202508,7,35,10,HR,Naresh Lal,AAAP,,,,,False,35,2019,AE
1510825,None Of The Above,NOTA,16583,1126,0.792137716589164,8,35,10,HR,None Of The Above,NOTA,,,,,True,35,2019,AE
1510826,Ravi Kumar,SHPP,16600,779,0.548024228439573,9,35,10,HR,Ravi Kumar,SHPP,,,,,False,35,2019,AE
1510827,Rajinder Kumar,BSCP,16585,677,0.476267525871105,10,35,10,HR,Rajinder Kumar,BSCP,,,,,True,35,2019,AE
1510828,Manpreet Kumar,IND,16584,509,0.358080015758334,11,35,10,HR,Manpreet Kumar,IND,,,,,False,35,2019,AE
1510962,Mewa Singh,INC,16578,57665,41.858118653049,1,35,11,HR,Mewa Singh,INC,,,,,False,35,2019,AE
1510963,Dr. Pawan Saini,BJP,16577,45028,32.6851186457902,2,35,11,HR,Dr. Pawan Saini,BJP,,,,,True,35,2019,AE
1510964,Sapna Barshami,INLD,16579,15513,11.2606432786742,3,35,11,HR,Sapna Barshami,INLD,,,,,False,35,2019,AE
1510965,Naib Singh,LTSP,16617,9099,6.60482132357744,4,35,11,HR,Naib Singh,LTSP,,,,,False,35,2019,AE
1510966,Dr. Santosh Dahiya,JNJP,16599,2918,2.11813041237487,5,35,11,HR,Dr. Santosh Dahiya,JNJP,,,,,False,35,2019,AE
1510967,Pal Singh,BSP,16581,2359,1.71236108389044,6,35,11,HR,Pal Singh,BSP,,,,,False,35,2019,AE
1510968,Gurdev Singh Sura,AAAP,16580,1481,1.07503466097573,7,35,11,HR,Gurdev Singh Sura,AAAP,,,,,False,35,2019,AE
1510969,Gurnam Singh,IND,16584,1307,0.948730791286484,8,35,11,HR,Gurnam Singh,IND,,,,,False,35,2019,AE
1510970,None Of The Above,NOTA,16583,684,0.496504867054288,9,35,11,HR,None Of The Above,NOTA,,,,,True,35,2019,AE
1510971,Rajesh Ghisarpari,SHPP,16600,498,0.361490385662333,10,35,11,HR,Rajesh Ghisarpari,SHPP,,,,,False,35,2019,AE
1510972,Sita Devi,RJP(E),16641,437,0.31721144284024,11,35,11,HR,Sita Devi,RJP(E),,,,,False,35,2019,AE
1510973,Sunita Devi,BSCP,16585,416,0.301967872360503,12,35,11,HR,Sunita Devi,BSCP,,,,,False,35,2019,AE
1510974,Kiran Dawar,IND,16584,358,0.259866582464086,13,35,11,HR,Kiran Dawar,IND,,,,,False,35,2019,AE
1511104,Ram Karan,JNJP,16599,69233,55.3492053340155,1,35,12,HR,Ram Karan,JNJP,,,,,False,35,2019,AE
1511105,Krishan Kumar,BJP,16577,32106,25.6675514054555,2,35,12,HR,Krishan Kumar,BJP,,,,,True,35,2019,AE
1511106,Anil Kumar Dhantori,INC,16578,18844,15.0650762687474,3,35,12,HR,Anil Kumar Dhantori,INC,,,,,True,35,2019,AE
1511107,Sandeep Kumar,INLD,16579,1596,1.27594256659524,4,35,12,HR,Sandeep Kumar,INLD,,,,,False,35,2019,AE
1511108,Shakuntla Bhatti,BSP,16581,1398,1.11764893991237,5,35,12,HR,Shakuntla Bhatti,BSP,,,,,False,35,2019,AE
1511109,Kulbir Singh,LTSP,16617,1050,0.839435899075821,6,35,12,HR,Kulbir Singh,LTSP,,,,,False,35,2019,AE
1511110,None Of The Above,NOTA,16583,857,0.685139586198074,7,35,12,HR,None Of The Above,NOTA,,,,,True,35,2019,AE
1511243,Subhash Sudha,BJP,16577,55759,43.0328849374483,1,35,13,HR,Subhash Sudha,BJP,,,,,True,35,2019,AE
1511244,Ashok Kumar Arora,INC,16578,54917,42.3830581988531,2,35,13,HR,Ashok Kumar Arora,INC,,,,,False,35,2019,AE
1511245,Parveen Choudhary,IND,16584,11939,9.21411096447562,3,35,13,HR,Parveen Choudhary,IND,,,,,False,35,2019,AE
1511246,Yogesh Kumar,JNJP,16599,2012,1.55279263426794,4,35,13,HR,Yogesh Kumar,JNJP,,,,,False,35,2019,AE
1511247,Naveen Kumar,BSP,16581,1519,1.17231213292892,5,35,13,HR,Naveen Kumar,BSP,,,,,False,35,2019,AE
1511248,None Of The Above,NOTA,16583,951,0.733949202380125,6,35,13,HR,None Of The Above,NOTA,,,,,True,35,2019,AE
1511249,Kalawati,INLD,16579,734,0.566476040533135,7,35,13,HR,Kalawati,INLD,,,,,False,35,2019,AE
1511250,Khushi Ram,IND,16584,330,0.254682688523071,8,35,13,HR,Khushi Ram,IND,,,,,False,35,2019,AE
1511251,Karnail Singh,IND,16584,329,0.253910922800274,9,35,13,HR,Karnail Singh,IND,,,,,False,35,2019,AE
1511252,Sumit Hindustani,AAAP,16580,327,0.25236739135468,10,35,13,HR,Sumit Hindustani,AAAP,,,,,False,35,2019,AE
1511253,Amardeep Kaur,JMBP,16652,189,0.145863721608668,11,35,13,HR,Amardeep Kaur,JMBP,,,,,False,35,2019,AE
1511254,Comrade Raj Kumar Sarsa,SUCI(C),16653,135,0.10418837257762,12,35,13,HR,Comrade Raj Kumar Sarsa,SUCI(C),,,,,False,35,2019,AE
1511255,M P Kaushik,NNMP,16639,123,0.094927183904054,13,35,13,HR,M P Kaushik,NNMP,,,,,False,35,2019,AE
1511256,Chander Bhan,IND,16584,118,0.0910683552900681,14,35,13,HR,Chander Bhan,IND,,,,,False,35,2019,AE
1511257,Kanahiya Lohot,PPID,16590,108,0.0833506980620962,15,35,13,HR,Kanahiya Lohot,PPID,,,,,False,35,2019,AE
1511258,Raj Rani,BSCP,16585,83,0.0640565549921665,16,35,13,HR,Raj Rani,BSCP,,,,,False,35,2019,AE
1511387,Sandeep Singh,BJP,16577,42613,34.6892756549063,1,35,14,HR,Sandeep Singh,BJP,,,,,False,35,2019,AE
1511388,Mandeep Singh Chatha,INC,16578,37299,30.3633936275866,2,35,14,HR,Mandeep Singh Chatha,INC,,,,,True,35,2019,AE
1511389,Swami Sandeep Onkar,IND,16584,21775,17.7260220445775,3,35,14,HR,Swami Sandeep Onkar,IND,,,,,False,35,2019,AE
1511390,Randhir Singh,JNJP,16599,14846,12.085443089497,4,35,14,HR,Randhir Singh,JNJP,,,,,False,35,2019,AE
1511391,Pardeep Kumar,IND,16584,1785,1.45308607805148,5,35,14,HR,Pardeep Kumar,IND,,,,,False,35,2019,AE
1511392,Onkar Singh,BSP,16581,1741,1.41726770974096,6,35,14,HR,Onkar Singh,BSP,,,,,False,35,2019,AE
1511393,Nasib Singh,LTSP,16617,765,0.622751176307777,7,35,14,HR,Nasib Singh,LTSP,,,,,False,35,2019,AE
1511394,None Of The Above,NOTA,16583,622,0.506341479298611,8,35,14,HR,None Of The Above,NOTA,,,,,True,35,2019,AE
1511395,Sanjeev Kumar,SHPP,16600,442,0.359811790755604,9,35,14,HR,Sanjeev Kumar,SHPP,,,,,False,35,2019,AE
1511396,Manjit Singh,INLD,16579,405,0.329691799221764,10,35,14,HR,Manjit Singh,INLD,,,,,False,35,2019,AE
1511397,Tej Pal,IND,16584,361,0.293873430911251,11,35,14,HR,Tej Pal,IND,,,,,False,35,2019,AE
1511398,Kanwaljit Singh,IND,16584,188,0.153042119144917,12,35,14,HR,Kanwaljit Singh,IND,,,,,False,35,2019,AE
1511526,Ishwar Singh,JNJP,16599,36518,27.8164561783031,1,35,15,HR,Ishwar Singh,JNJP,,,,,False,35,2019,AE
1511527,Chaudhary Dilu Ram,INC,16578,31944,24.3323532548254,2,35,15,HR,Chaudhary Dilu Ram,INC,,,,,False,35,2019,AE
1511528,Devender Hans,IND,16584,29473,22.450145488338,3,35,15,HR,Devender Hans,IND,,,,,False,35,2019,AE
1511529,Para Ram Alias Ravi Taranwali,BJP,16577,25203,19.1976051553145,4,35,15,HR,Para Ram Alias Ravi Taranwali,BJP,,,,,False,35,2019,AE
1511530,Ram Kumar Valmiki,SAD,16623,3555,2.70791121402781,5,35,15,HR,Ram Kumar Valmiki,SAD,,,,,False,35,2019,AE
1511531,Bhupinder Singh,SAD(M),16646,806,0.613945552322481,6,35,15,HR,Bhupinder Singh,SAD(M),,,,,True,35,2019,AE
1511532,None Of The Above,NOTA,16583,790,0.601758047561737,7,35,15,HR,None Of The Above,NOTA,,,,,True,35,2019,AE
1511533,Pinky Bhukal Kamboj,AAAP,16580,737,0.561386938041772,8,35,15,HR,Pinky Bhukal Kamboj,AAAP,,,,,False,35,2019,AE
1511534,Swaran Singh,IND,16584,572,0.435703295196599,9,35,15,HR,Swaran Singh,IND,,,,,False,35,2019,AE
1511535,Balbir Singh Dherdu,BSP,16581,528,0.402187657104553,10,35,15,HR,Balbir Singh Dherdu,BSP,,,,,False,35,2019,AE
1511536,Anju Rani,IND,16584,452,0.344297009491019,11,35,15,HR,Anju Rani,IND,,,,,False,35,2019,AE
1511537,Raj Kumar,LTSP,16617,395,0.300879023780868,12,35,15,HR,Raj Kumar,LTSP,,,,,False,35,2019,AE
1511538,Ballu Ram,IND,16584,309,0.235371185691869,13,35,15,HR,Ballu Ram,IND,,,,,False,35,2019,AE
1511675,Kamlesh Dhanda,BJP,16577,53805,35.1905870657178,1,35,16,HR,Kamlesh Dhanda,BJP,,,,,False,35,2019,AE
1511676,Jai Prakash,INC,16578,44831,29.321237965676,2,35,16,HR,Jai Prakash,INC,,,,,False,35,2019,AE
1511677,Satvinder Singh,JNJP,16599,37425,24.4774225617413,3,35,16,HR,Satvinder Singh,JNJP,,,,,False,35,2019,AE
1511678,Jogi Ram,BSP,16581,7113,4.65218187526161,4,35,16,HR,Jogi Ram,BSP,,,,,True,35,2019,AE
1511679,Rakesh Singh,LTSP,16617,2448,1.60108832147341,5,35,16,HR,Rakesh Singh,LTSP,,,,,False,35,2019,AE
1511680,Seema,AAAP,16580,1453,0.950319171201339,6,35,16,HR,Seema,AAAP,,,,,False,35,2019,AE
1511681,Om Parkash,INLD,16579,1149,0.751491209711176,7,35,16,HR,Om Parkash,INLD,,,,,False,35,2019,AE
1511682,Satywan,CPIM,16656,855,0.559203641691084,8,35,16,HR,Satywan,CPIM,,,,,False,35,2019,AE
1511683,Bhumi Dev,SHPP,16600,807,0.527809753034742,9,35,16,HR,Bhumi Dev,SHPP,,,,,False,35,2019,AE
1511684,Ram Niwas,IND,16584,660,0.431665969024696,10,35,16,HR,Ram Niwas,IND,,,,,False,35,2019,AE
1511685,Promila Sharan,SWARAJ,16613,564,0.368878191712013,11,35,16,HR,Promila Sharan,SWARAJ,,,,,False,35,2019,AE
1511686,Praveen Kumar,IND,16584,512,0.334868145667643,12,35,16,HR,Praveen Kumar,IND,,,,,False,35,2019,AE
1511687,Lokesh Sharma,NNMP,16639,477,0.311976768522394,13,35,16,HR,Lokesh Sharma,NNMP,,,,,False,35,2019,AE
1511688,None Of The Above,NOTA,16583,331,0.216487023859355,14,35,16,HR,None Of The Above,NOTA,,,,,True,35,2019,AE
1511689,Satnarain,RasLP,16591,259,0.169396190874843,15,35,16,HR,Satnarain,RasLP,,,,,False,35,2019,AE
1511690,Krishan,IND,16584,207,0.135386144830473,16,35,16,HR,Krishan,IND,,,,,False,35,2019,AE
1511828,Leela Ram,BJP,16577,72664,45.7878850891951,1,35,17,HR,Leela Ram,BJP,,,,,False,35,2019,AE
1511829,Randeep Singh Surjewala,INC,16578,71418,45.00274107261,2,35,17,HR,Randeep Singh Surjewala,INC,,,,,True,35,2019,AE
1511830,Ramphal Malik,JNJP,16599,6358,4.00637693214112,3,35,17,HR,Ramphal Malik,JNJP,,,,,False,35,2019,AE
1511831,Jashvir,SHPP,16600,2243,1.41338525618001,4,35,17,HR,Jashvir,SHPP,,,,,False,35,2019,AE
1511832,Madan,BSP,16581,2212,1.39385117551056,5,35,17,HR,Madan,BSP,,,,,False,35,2019,AE
1511833,None Of The Above,NOTA,16583,561,0.353503846953628,6,35,17,HR,None Of The Above,NOTA,,,,,True,35,2019,AE
1511834,Shyam Lal,LTSP,16617,484,0.304983711097248,7,35,17,HR,Shyam Lal,LTSP,,,,,False,35,2019,AE
1511835,Jarnail Singh,IND,16584,474,0.298682394752263,8,35,17,HR,Jarnail Singh,IND,,,,,True,35,2019,AE
1511836,Anil Kumar,INLD,16579,472,0.297422131483266,9,35,17,HR,Anil Kumar,INLD,,,,,False,35,2019,AE
1511837,Kuldeep Singh,IND,16584,362,0.228107651688437,10,35,17,HR,Kuldeep Singh,IND,,,,,False,35,2019,AE
1511838,Ravi Kumar,BHSMWPA,16659,260,0.163834224969596,11,35,17,HR,Ravi Kumar,BHSMWPA,,,,,False,35,2019,AE
1511839,Dr. Ashwini Sharma Hrittwal,IND,16584,248,0.156272645355614,12,35,17,HR,Dr. Ashwini Sharma Hrittwal,IND,,,,,True,35,2019,AE
1511840,Phool Singh,IND,16584,241,0.151861723914125,13,35,17,HR,Phool Singh,IND,,,,,False,35,2019,AE
1511841,Sonu,PPID,16590,198,0.124766063630692,14,35,17,HR,Sonu,PPID,,,,,False,35,2019,AE
1511842,Pardeep Rana,JMBP,16652,114,0.0718350063328229,15,35,17,HR,Pardeep Rana,JMBP,,,,,False,35,2019,AE
1511843,Pardeep Sharma,NNMP,16639,113,0.0712048746983244,16,35,17,HR,Pardeep Sharma,NNMP,,,,,False,35,2019,AE
1511844,Satish Kumar Singal,IND,16584,106,0.0667939532568353,17,35,17,HR,Satish Kumar Singal,IND,,,,,False,35,2019,AE
1511845,Naresh Kumar,IND,16584,93,0.0586022420083555,18,35,17,HR,Naresh Kumar,IND,,,,,True,35,2019,AE
1511846,Mewa Singh,IND,16584,76,0.0478900042218819,19,35,17,HR,Mewa Singh,IND,,,,,False,35,2019,AE
1511995,Randhir Singh Gollen,IND,16584,41008,29.9418074022152,1,35,18,HR,Randhir Singh Gollen,IND,,,,,False,35,2019,AE
1511996,Satbir Bhana,INC,16578,28184,20.5784212793609,2,35,18,HR,Satbir Bhana,INC,,,,,False,35,2019,AE
1511997,Vedpal Advocate,BJP,16577,20990,15.3257544228564,3,35,18,HR,Vedpal Advocate,BJP,,,,,False,35,2019,AE
1511998,Dinesh Kaushik,IND,16584,16142,11.786008951584,4,35,18,HR,Dinesh Kaushik,IND,,,,,True,35,2019,AE
1511999,Narender Sharma,IND,16584,14242,10.3987324673807,5,35,18,HR,Narender Sharma,IND,,,,,True,35,2019,AE
1512000,Rajesh Kumar (Raju Dhull Pai),JNJP,16599,8138,5.94192422549814,6,35,18,HR,Rajesh Kumar (Raju Dhull Pai),JNJP,,,,,False,35,2019,AE
1512001,Sunita Dhull,BSP,16581,5626,4.10779868427777,7,35,18,HR,Sunita Dhull,BSP,,,,,False,35,2019,AE
1512002,Comrede Krishan Chand,SUCI(C),16653,838,0.611861944085456,8,35,18,HR,Comrede Krishan Chand,SUCI(C),,,,,False,35,2019,AE
1512003,None Of The Above,NOTA,16583,656,0.478975459809139,9,35,18,HR,None Of The Above,NOTA,,,,,True,35,2019,AE
1512004,Sushil Kumar,SHPP,16600,495,0.36142203141086,10,35,18,HR,Sushil Kumar,SHPP,,,,,False,35,2019,AE
1512005,Hitender,IND,16584,305,0.22269438299053,11,35,18,HR,Hitender,IND,,,,,False,35,2019,AE
1512006,Gian Singh,INLD,16579,219,0.15990186844238,12,35,18,HR,Gian Singh,INLD,,,,,False,35,2019,AE
1512007,Kris Sheokand,IND,16584,116,0.0846968800882015,13,35,18,HR,Kris Sheokand,IND,,,,,False,35,2019,AE
1512146,Dharam Pal Gonder,IND,16584,42979,32.0236942105655,1,35,19,HR,Dharam Pal Gonder,IND,,,,,False,35,2019,AE
1512147,Bhagwan Dass,BJP,16577,40757,30.368079874823,2,35,19,HR,Bhagwan Dass,BJP,,,,,True,35,2019,AE
1512148,Banta Ram,INC,16578,19736,14.7053125698532,3,35,19,HR,Banta Ram,INC,,,,,False,35,2019,AE
1512149,Bhim Singh Jalala,JNJP,16599,11278,8.40324864019074,4,35,19,HR,Bhim Singh Jalala,JNJP,,,,,False,35,2019,AE
1512150,Aruna,RtrJP,16612,7067,5.26562849266075,5,35,19,HR,Aruna,RtrJP,,,,,False,35,2019,AE
1512151,Mukesh Kumar Grover,BSP,16581,5136,3.82683853662171,6,35,19,HR,Mukesh Kumar Grover,BSP,,,,,False,35,2019,AE
1512152,Dharmveer,IND,16584,2291,1.70702630206392,7,35,19,HR,Dharmveer,IND,,,,,False,35,2019,AE
1512153,Sharvan Kumar,BJSAP,16621,996,0.742120557335518,8,35,19,HR,Sharvan Kumar,BJSAP,,,,,False,35,2019,AE
1512154,Sonika Gill,INLD,16579,947,0.705610610237687,9,35,19,HR,Sonika Gill,INLD,,,,,False,35,2019,AE
1512155,None Of The Above,NOTA,16583,804,0.599061172788912,10,35,19,HR,None Of The Above,NOTA,,,,,True,35,2019,AE
1512156,Jaswant Singh,IND,16584,801,0.596825869905372,11,35,19,HR,Jaswant Singh,IND,,,,,False,35,2019,AE
1512157,Mehar Singh Bedi,AAAP,16580,779,0.580433648759406,12,35,19,HR,Mehar Singh Bedi,AAAP,,,,,False,35,2019,AE
1512158,Yogita,IND,16584,435,0.324118918113404,13,35,19,HR,Yogita,IND,,,,,False,35,2019,AE
1512159,Pala Ram,RasLP,16591,204,0.152000596080768,14,35,19,HR,Pala Ram,RasLP,,,,,False,35,2019,AE
1512293,Ram Kumar,BJP,16577,54221,38.0084820020328,1,35,20,HR,Ram Kumar,BJP,,,,,False,35,2019,AE
1512294,Rakesh,IND,16584,46790,32.799411166801,2,35,20,HR,Rakesh,IND,,,,,False,35,2019,AE
1512295,Dr. Navjot Kashyap,INC,16578,16776,11.7598401738459,3,35,20,HR,Dr. Navjot Kashyap,INC,,,,,False,35,2019,AE
1512296,Gurdev Singh,JNJP,16599,11946,8.37404927973081,4,35,20,HR,Gurdev Singh,JNJP,,,,,False,35,2019,AE
1512297,Hawa Singh,BSP,16581,6564,4.60131085485962,5,35,20,HR,Hawa Singh,BSP,,,,,False,35,2019,AE
1512298,Pardeep Kamboj,INLD,16579,1765,1.2372507097543,6,35,20,HR,Pardeep Kamboj,INLD,,,,,False,35,2019,AE
1512299,Karta Ram,LTSP,16617,1722,1.20710805790193,7,35,20,HR,Karta Ram,LTSP,,,,,False,35,2019,AE
1512300,Ranjeet Singh,CPI,16582,758,0.531351862885983,8,35,20,HR,Ranjeet Singh,CPI,,,,,True,35,2019,AE
1512301,None Of The Above,NOTA,16583,718,0.503312186744243,9,35,20,HR,None Of The Above,NOTA,,,,,True,35,2019,AE
1512302,Nitin Arora,IND,16584,654,0.458448704917458,10,35,20,HR,Nitin Arora,IND,,,,,False,35,2019,AE
1512303,Jasbir,RGD,16616,526,0.368721741263888,11,35,20,HR,Jasbir,RGD,,,,,False,35,2019,AE
1512304,Khatab Singh,BSCP,16585,215,0.150713259261855,12,35,20,HR,Khatab Singh,BSCP,,,,,False,35,2019,AE
1512422,Manohar Lal Khattar,BJP,16577,79906,63.7168282725184,1,35,21,HR,Manohar Lal Khattar,BJP,,,,,True,35,2019,AE
1512423,Tarlochan Singh,INC,16578,34718,27.6840392957387,2,35,21,HR,Tarlochan Singh,INC,,,,,False,35,2019,AE
1512424,Tej Bahadur,JNJP,16599,3192,2.54529216636897,3,35,21,HR,Tej Bahadur,JNJP,,,,,False,35,2019,AE
1512425,Satish Balmiki,BSP,16581,2597,2.07084077570808,4,35,21,HR,Satish Balmiki,BSP,,,,,False,35,2019,AE
1512426,None Of The Above,NOTA,16583,1956,1.5597091094667,5,35,21,HR,None Of The Above,NOTA,,,,,True,35,2019,AE
1512427,Mahinder Pal Rathi,AAAP,16580,1402,1.11795100791018,6,35,21,HR,Mahinder Pal Rathi,AAAP,,,,,False,35,2019,AE
1512428,Satpal Sahil Hindustani,IND,16584,858,0.684166879305945,7,35,21,HR,Satpal Sahil Hindustani,IND,,,,,False,35,2019,AE
1512429,Virender Sharma,LTSP,16617,331,0.263938504720591,8,35,21,HR,Virender Sharma,LTSP,,,,,False,35,2019,AE
1512430,Pardeep Hooda,LD,16637,176,0.140341923960193,9,35,21,HR,Pardeep Hooda,LD,,,,,False,35,2019,AE
1512431,Master Ramesh Khatri Lambardar,IND,16584,171,0.136354937484052,10,35,21,HR,Master Ramesh Khatri Lambardar,IND,,,,,False,35,2019,AE
1512432,Sant Dharamvir Chotiwala,JD(U),16673,101,0.0805371268180658,11,35,21,HR,Sant Dharamvir Chotiwala,JD(U),,,,,False,35,2019,AE
1512560,Harvinder Kalyan,BJP,16577,67209,46.7131418721676,1,35,22,HR,Harvinder Kalyan,BJP,,,,,True,35,2019,AE
1512561,Anil Kumar,INC,16578,49807,34.6180043926714,2,35,22,HR,Anil Kumar,INC,,,,,False,35,2019,AE
1512562,Umed Singh Kashyap,JNJP,16599,13709,9.52834385165003,3,35,22,HR,Umed Singh Kashyap,JNJP,,,,,False,35,2019,AE
1512563,Dr Mehar Singh,BSP,16581,5456,3.79215435513914,4,35,22,HR,Dr Mehar Singh,BSP,,,,,False,35,2019,AE
1512564,Maninder Rana,INLD,16579,2841,1.97461703133253,5,35,22,HR,Maninder Rana,INLD,,,,,False,35,2019,AE
1512565,Jagpal Singh,IND,16584,1331,0.925102171314187,6,35,22,HR,Jagpal Singh,IND,,,,,False,35,2019,AE
1512566,None Of The Above,NOTA,16583,868,0.603297283772137,7,35,22,HR,None Of The Above,NOTA,,,,,True,35,2019,AE
1512567,Shamsher Singh,LTSP,16617,743,0.51641691456532,8,35,22,HR,Shamsher Singh,LTSP,,,,,False,35,2019,AE
1512568,Jai Kishan Sharma,IND,16584,460,0.319719758681086,9,35,22,HR,Jai Kishan Sharma,IND,,,,,False,35,2019,AE
1512569,Jafar,IND,16584,401,0.278712224415468,10,35,22,HR,Jafar,IND,,,,,True,35,2019,AE
1512570,Bhai Naresh Gharaunda,IND,16584,362,0.251605549222941,11,35,22,HR,Bhai Naresh Gharaunda,IND,,,,,False,35,2019,AE
1512571,Mohmad Alisa,IND,16584,340,0.236314604242542,12,35,22,HR,Mohmad Alisa,IND,,,,,False,35,2019,AE
1512572,Anil Kumar,IND,16584,214,0.14873919208207,13,35,22,HR,Anil Kumar,IND,,,,,False,35,2019,AE
1512573,Satbir Singh,RPI(A),16587,135,0.0938307987433623,14,35,22,HR,Satbir Singh,RPI(A),,,,,False,35,2019,AE
1512712,Shamsher Singh Gogi,INC,16578,32114,20.9445049534008,1,35,23,HR,Shamsher Singh Gogi,INC,,,,,False,35,2019,AE
1512713,Narender Singh,BSP,16581,30411,19.8338213906045,2,35,23,HR,Narender Singh,BSP,,,,,False,35,2019,AE
1512714,Bhai Bakhshish Singh Virk,BJP,16577,28518,18.5992212823405,3,35,23,HR,Bhai Bakhshish Singh Virk,BJP,,,,,True,35,2019,AE
1512715,Zile Ram Sharma,IND,16584,25137,16.394158965362,4,35,23,HR,Zile Ram Sharma,IND,,,,,True,35,2019,AE
1512716,Sanjay Kumar,IND,16584,14212,9.26895760097567,5,35,23,HR,Sanjay Kumar,IND,,,,,False,35,2019,AE
1512717,Brij Sharma,JNJP,16599,13756,8.97155789185346,6,35,23,HR,Brij Sharma,JNJP,,,,,False,35,2019,AE
1512718,Dharmvir Padha,INLD,16579,2610,1.70222201931793,7,35,23,HR,Dharmvir Padha,INLD,,,,,False,35,2019,AE
1512719,Manjeet Singh,LTSP,16617,1873,1.2215562613726,8,35,23,HR,Manjeet Singh,LTSP,,,,,False,35,2019,AE
1512720,Master Satyavan Turan,SHPP,16600,1673,1.09111779245935,9,35,23,HR,Master Satyavan Turan,SHPP,,,,,False,35,2019,AE
1512721,Harjeet Singh,IND,16584,1300,0.847850047936137,10,35,23,HR,Harjeet Singh,IND,,,,,False,35,2019,AE
1512722,Ved Pal,AAAP,16580,647,0.421968446934369,11,35,23,HR,Ved Pal,AAAP,,,,,False,35,2019,AE
1512723,Kartar Singh,SUCI(C),16653,640,0.417403100522406,12,35,23,HR,Kartar Singh,SUCI(C),,,,,False,35,2019,AE
1512724,None Of The Above,NOTA,16583,438,0.285660246920021,13,35,23,HR,None Of The Above,NOTA,,,,,True,35,2019,AE
1512863,Mahipal Dhanda,BJP,16577,67086,40.7706098635631,1,35,24,HR,Mahipal Dhanda,BJP,,,,,True,35,2019,AE
1512864,Devender Kadian,JNJP,16599,45125,27.4241089063781,2,35,24,HR,Devender Kadian,JNJP,,,,,False,35,2019,AE
1512865,Sandeep Bhardwaj,IND,16584,20393,12.3935701479838,3,35,24,HR,Sandeep Bhardwaj,IND,,,,,False,35,2019,AE
1512866,Balkar Malik,BSP,16581,11619,7.06129022455863,4,35,24,HR,Balkar Malik,BSP,,,,,False,35,2019,AE
1512867,Om Prakash Jain,INC,16578,10679,6.49001792822632,5,35,24,HR,Om Prakash Jain,INC,,,,,False,35,2019,AE
1512868,Lakhmi Chand,LTSP,16617,3831,2.32823847579689,6,35,24,HR,Lakhmi Chand,LTSP,,,,,False,35,2019,AE
1512869,Kuldeep Rathee,INLD,16579,2052,1.24707526816372,7,35,24,HR,Kuldeep Rathee,INLD,,,,,False,35,2019,AE
1512870,Jamshed Rana,CPI,16582,1287,0.782156856786897,8,35,24,HR,Jamshed Rana,CPI,,,,,False,35,2019,AE
1512871,None Of The Above,NOTA,16583,897,0.545139627457534,9,35,24,HR,None Of The Above,NOTA,,,,,True,35,2019,AE
1512872,Virender Singh Gahalyan,SHPP,16600,479,0.291105776535294,10,35,24,HR,Virender Singh Gahalyan,SHPP,,,,,False,35,2019,AE
1512873,Mahipal,IND,16584,440,0.267404053602358,11,35,24,HR,Mahipal,IND,,,,,False,35,2019,AE
1512874,Pale Ram Kashyap,RJP(E),16641,337,0.204807195599987,12,35,24,HR,Pale Ram Kashyap,RJP(E),,,,,False,35,2019,AE
1512875,Rajesh Bursham,IND,16584,320,0.194475675347169,13,35,24,HR,Rajesh Bursham,IND,,,,,False,35,2019,AE
1512996,Parmod Kumar Vij,BJP,16577,76863,62.8402076605485,1,35,25,HR,Parmod Kumar Vij,BJP,,,,,False,35,2019,AE
1512997,Sanjay Aggarwal,INC,16578,37318,30.5097494174876,2,35,25,HR,Sanjay Aggarwal,INC,,,,,False,35,2019,AE
1512998,Jaidev Naultha,JNJP,16599,2246,1.83624248865633,3,35,25,HR,Jaidev Naultha,JNJP,,,,,False,35,2019,AE
1512999,Ramesh Singla,BSP,16581,1787,1.46098189101909,4,35,25,HR,Ramesh Singla,BSP,,,,,False,35,2019,AE
1513000,None Of The Above,NOTA,16583,1725,1.41029309569554,5,35,25,HR,None Of The Above,NOTA,,,,,True,35,2019,AE
1513001,Vijay Kumar Kalra,LTSP,16617,783,0.64015043126354,6,35,25,HR,Vijay Kumar Kalra,LTSP,,,,,False,35,2019,AE
1513002,Rajender Jindi Bhai,IND,16584,424,0.346645955115889,7,35,25,HR,Rajender Jindi Bhai,IND,,,,,False,35,2019,AE
1513003,Suresh Mittal,INLD,16579,415,0.339287904181825,8,35,25,HR,Suresh Mittal,INLD,,,,,False,35,2019,AE
1513004,Dilbag Singh,IND,16584,303,0.247721048113477,9,35,25,HR,Dilbag Singh,IND,,,,,False,35,2019,AE
1513005,Mohit Arora,SHPP,16600,161,0.13162735559825,10,35,25,HR,Mohit Arora,SHPP,,,,,False,35,2019,AE
1513006,Neelam Pranami,IND,16584,153,0.125086865879082,11,35,25,HR,Neelam Pranami,IND,,,,,False,35,2019,AE
1513007,Swami Agnivesh,IND,16584,137,0.112005886440747,12,35,25,HR,Swami Agnivesh,IND,,,,,False,35,2019,AE
1513123,Balbir,INC,16578,61376,48.2095027138267,1,35,26,HR,Balbir,INC,,,,,True,35,2019,AE
1513124,Krishan Lal Panwar,BJP,16577,41361,32.4881589179253,2,35,26,HR,Krishan Lal Panwar,BJP,,,,,True,35,2019,AE
1513125,Dayanand Urlana,JNJP,16599,17735,13.9304537706875,3,35,26,HR,Dayanand Urlana,JNJP,,,,,False,35,2019,AE
1513126,Usha Atkan,LTSP,16617,2697,2.11843438508848,4,35,26,HR,Usha Atkan,LTSP,,,,,False,35,2019,AE
1513127,Sunita Sabharwal (Joshi),BSP,16581,1725,1.35494969012889,5,35,26,HR,Sunita Sabharwal (Joshi),BSP,,,,,False,35,2019,AE
1513128,Ravi Kalsan Bandh,INLD,16579,1155,0.907227183825435,6,35,26,HR,Ravi Kalsan Bandh,INLD,,,,,False,35,2019,AE
1513129,None Of The Above,NOTA,16583,551,0.432798422760012,7,35,26,HR,None Of The Above,NOTA,,,,,True,35,2019,AE
1513130,Ravi Balmiki,SHPP,16600,395,0.310263842087486,8,35,26,HR,Ravi Balmiki,SHPP,,,,,False,35,2019,AE
1513131,Azad,AAAP,16580,316,0.248211073669989,9,35,26,HR,Azad,AAAP,,,,,False,35,2019,AE
1513250,Dharm Singh,INC,16578,81898,52.1560261104919,1,35,27,HR,Dharm Singh,INC,,,,,True,35,2019,AE
1513251,Shashi Kant Kaushik,BJP,16577,66956,42.6403438942843,2,35,27,HR,Shashi Kant Kaushik,BJP,,,,,True,35,2019,AE
1513252,Brham Pal Rawal,JNJP,16599,4114,2.61996497373029,3,35,27,HR,Brham Pal Rawal,JNJP,,,,,False,35,2019,AE
1513253,Joginder,BSP,16581,2083,1.32654035981531,4,35,27,HR,Joginder,BSP,,,,,False,35,2019,AE
1513254,Prem Lata,INLD,16579,624,0.397388950804012,5,35,27,HR,Prem Lata,INLD,,,,,False,35,2019,AE
1513255,None Of The Above,NOTA,16583,402,0.256010189460277,6,35,27,HR,None Of The Above,NOTA,,,,,True,35,2019,AE
1513256,Capt. Sukhbir Singh,IND,16584,380,0.241999681579366,7,35,27,HR,Capt. Sukhbir Singh,IND,,,,,False,35,2019,AE
1513257,Ankit,IND,16584,248,0.157936634293902,8,35,27,HR,Ankit,IND,,,,,False,35,2019,AE
1513258,Suresh Rawal,SHPP,16600,203,0.129278777264766,9,35,27,HR,Suresh Rawal,SHPP,,,,,False,35,2019,AE
1513259,Ravikant Alias Sonu Chhoker,IND,16584,117,0.0745104282757522,10,35,27,HR,Ravikant Alias Sonu Chhoker,IND,,,,,False,35,2019,AE
1513387,Nirmal Rani,BJP,16577,57830,48.3302132780637,1,35,28,HR,Nirmal Rani,BJP,,,,,False,35,2019,AE
1513388,Kuldeep Sharma,INC,16578,47550,39.7389182322658,2,35,28,HR,Kuldeep Sharma,INC,,,,,True,35,2019,AE
1513389,Randhir Singh Malik,JNJP,16599,6518,5.44728220899913,3,35,28,HR,Randhir Singh Malik,JNJP,,,,,False,35,2019,AE
1513390,Jitender Kumar,BSP,16581,4377,3.65798622718459,4,35,28,HR,Jitender Kumar,BSP,,,,,False,35,2019,AE
1513391,Bijender Shekhpura,INLD,16579,1480,1.23687905328608,5,35,28,HR,Bijender Shekhpura,INLD,,,,,False,35,2019,AE
1513392,Rajneesh Kumar,LTSP,16617,744,0.621782443003276,6,35,28,HR,Rajneesh Kumar,LTSP,,,,,False,35,2019,AE
1513393,None Of The Above,NOTA,16583,439,0.366885070535535,7,35,28,HR,None Of The Above,NOTA,,,,,True,35,2019,AE
1513394,Saroj Bala,AAAP,16580,434,0.362706425085244,8,35,28,HR,Saroj Bala,AAAP,,,,,False,35,2019,AE
1513395,Ramkumar,IND,16584,163,0.136223841679481,9,35,28,HR,Ramkumar,IND,,,,,False,35,2019,AE
1513396,Ayub,PPID,16590,121,0.101123219897038,10,35,28,HR,Ayub,PPID,,,,,False,35,2019,AE
1513534,Mohan Lal Badoli,BJP,16577,45377,37.9866895483654,1,35,29,HR,Mohan Lal Badoli,BJP,,,,,False,35,2019,AE
1513535,Jai Tirath,INC,16578,42715,35.7582353187392,2,35,29,HR,Jai Tirath,INC,,,,,True,35,2019,AE
1513536,Ajit Antil,JNJP,16599,17137,14.3459880289648,3,35,29,HR,Ajit Antil,JNJP,,,,,False,35,2019,AE
1513537,Raj Kumar Sharma,LTSP,16617,8422,7.05035368967393,4,35,29,HR,Raj Kumar Sharma,LTSP,,,,,False,35,2019,AE
1513538,Pramjeet,BSP,16581,2890,2.4193210832531,5,35,29,HR,Pramjeet,BSP,,,,,False,35,2019,AE
1513539,Inderjit,INLD,16579,637,0.533255200703193,6,35,29,HR,Inderjit,INLD,,,,,True,35,2019,AE
1513540,Sunil Kumar S/O Bhim Singh,BHSMWPA,16659,540,0.452053074379473,7,35,29,HR,Sunil Kumar S/O Bhim Singh,BHSMWPA,,,,,False,35,2019,AE
1513541,Sohan Parashar,MYSP,16685,460,0.385082248545477,8,35,29,HR,Sohan Parashar,MYSP,,,,,False,35,2019,AE
1513542,None Of The Above,NOTA,16583,287,0.24025783767946,9,35,29,HR,None Of The Above,NOTA,,,,,True,35,2019,AE
1513543,Comrade Jaikaran,SUCI(C),16653,206,0.172449876522539,10,35,29,HR,Comrade Jaikaran,SUCI(C),,,,,False,35,2019,AE
1513544,Mohan Lal,IND,16584,175,0.146498681511866,11,35,29,HR,Mohan Lal,IND,,,,,False,35,2019,AE
1513545,Sunil Kumar S/O Ishwar Singh,JD(U),16673,165,0.138127328282616,12,35,29,HR,Sunil Kumar S/O Ishwar Singh,JD(U),,,,,False,35,2019,AE
1513546,Bijender Kumar,IND,16584,123,0.102967644719768,13,35,29,HR,Bijender Kumar,IND,,,,,False,35,2019,AE
1513547,Mohan Antil,AIFB,16618,112,0.0937591561675944,14,35,29,HR,Mohan Antil,AIFB,,,,,False,35,2019,AE
1513548,Sunil Kumar S/O Gulab Singh,JMBP,16652,107,0.0895734795529697,15,35,29,HR,Sunil Kumar S/O Gulab Singh,JMBP,,,,,False,35,2019,AE
1513549,Mukesh Tapsi,RMDVP,16693,102,0.0853878029383449,16,35,29,HR,Mukesh Tapsi,RMDVP,,,,,False,35,2019,AE
1513682,Jaiveer Singh,INC,16578,38577,38.0545115563315,1,35,30,HR,Jaiveer Singh,INC,,,,,True,35,2019,AE
1513683,Pawan Kumar,JNJP,16599,37033,36.5314235545954,2,35,30,HR,Pawan Kumar,JNJP,,,,,False,35,2019,AE
1513684,Meena Rani,BJP,16577,20542,20.2637783236167,3,35,30,HR,Meena Rani,BJP,,,,,False,35,2019,AE
1513685,Shadi Lal,BSP,16581,1655,1.63258461325994,4,35,30,HR,Shadi Lal,BSP,,,,,False,35,2019,AE
1513686,Sagar Bakheta,LTSP,16617,1270,1.25279906878557,5,35,30,HR,Sagar Bakheta,LTSP,,,,,False,35,2019,AE
1513687,Vinod,INLD,16579,789,0.778313752182533,6,35,30,HR,Vinod,INLD,,,,,False,35,2019,AE
1513688,Bindu,AAAP,16580,541,0.533672674183461,7,35,30,HR,Bindu,AAAP,,,,,False,35,2019,AE
1513689,None Of The Above,NOTA,16583,349,0.344273129926114,8,35,30,HR,None Of The Above,NOTA,,,,,True,35,2019,AE
1513690,Ravinder,SWARAJ,16613,285,0.281139948506998,9,35,30,HR,Ravinder,SWARAJ,,,,,False,35,2019,AE
1513691,Harpal,IND,16584,174,0.17164333698322,10,35,30,HR,Harpal,IND,,,,,False,35,2019,AE
1513692,Manju Devi,IND,16584,91,0.0897674923303049,11,35,30,HR,Manju Devi,IND,,,,,False,35,2019,AE
1513693,Mahipal Arya,RJAVP,16684,67,0.0660925492981365,12,35,30,HR,Mahipal Arya,RJAVP,,,,,False,35,2019,AE
1513834,Surender Panwar,INC,16578,79438,59.5116981188615,1,35,31,HR,Surender Panwar,INC,,,,,False,35,2019,AE
1513835,Kavita Jain,BJP,16577,46560,34.8808462500842,2,35,31,HR,Kavita Jain,BJP,,,,,True,35,2019,AE
1513836,Hans Raj,LTSP,16617,1845,1.38219848220372,3,35,31,HR,Hans Raj,LTSP,,,,,False,35,2019,AE
1513837,Vimal Kishor,AAAP,16580,1661,1.24435321351782,4,35,31,HR,Vimal Kishor,AAAP,,,,,False,35,2019,AE
1513838,Azad Singh,BSP,16581,1337,1.00162567517961,5,35,31,HR,Azad Singh,BSP,,,,,False,35,2019,AE
1513839,Amit,JNJP,16599,835,0.625547822569166,6,35,31,HR,Amit,JNJP,,,,,False,35,2019,AE
1513840,None Of The Above,NOTA,16583,654,0.489950031090101,7,35,31,HR,None Of The Above,NOTA,,,,,True,35,2019,AE
1513841,Balkishan Sharma,INLD,16579,547,0.409790010712974,8,35,31,HR,Balkishan Sharma,INLD,,,,,False,35,2019,AE
1513842,Master Ramesh Khatri Lambardar,IND,16584,175,0.131102837065394,9,35,31,HR,Master Ramesh Khatri Lambardar,IND,,,,,False,35,2019,AE
1513843,Asha,BHSMWPA,16659,100,0.0749159068945109,10,35,31,HR,Asha,BHSMWPA,,,,,False,35,2019,AE
1513844,Karan Singh,IND,16584,92,0.06892263434295,11,35,31,HR,Karan Singh,IND,,,,,False,35,2019,AE
1513845,Sunil,MYSP,16685,86,0.0644276799292793,12,35,31,HR,Sunil,MYSP,,,,,False,35,2019,AE
1513846,Om Parkash Mehta,BC(M),16695,68,0.0509428166882674,13,35,31,HR,Om Parkash Mehta,BC(M),,,,,False,35,2019,AE
1513847,Comrade Jai Bhagwan,SUCI(C),16653,62,0.0464478622745967,14,35,31,HR,Comrade Jai Bhagwan,SUCI(C),,,,,False,35,2019,AE
1513848,Dharambir,ADBNP,16696,23,0.0172306585857375,15,35,31,HR,Dharambir,ADBNP,,,,,False,35,2019,AE
1513989,Jagbir Singh Malik,INC,16578,39531,33.3913351972767,1,35,32,HR,Jagbir Singh Malik,INC,,,,,True,35,2019,AE
1513990,Raj Kumar Saini,LTSP,16617,35379,29.8841933658256,2,35,32,HR,Raj Kumar Saini,LTSP,,,,,False,35,2019,AE
1513991,Tirath Rana,BJP,16577,26972,22.7829069070083,3,35,32,HR,Tirath Rana,BJP,,,,,False,35,2019,AE
1513992,Kuldeep Malik,JNJP,16599,11185,9.4478278865078,4,35,32,HR,Kuldeep Malik,JNJP,,,,,False,35,2019,AE
1513993,Bhupender Vakil,IND,16584,1585,1.33882943228563,5,35,32,HR,Bhupender Vakil,IND,,,,,False,35,2019,AE
1513994,Dharambir,BSP,16581,1470,1.24169038830276,6,35,32,HR,Dharambir,BSP,,,,,False,35,2019,AE
1513995,Om Parkash,INLD,16579,779,0.658011437066569,7,35,32,HR,Om Parkash,INLD,,,,,False,35,2019,AE
1513996,Comrade Ishwar Singh,SUCI(C),16653,458,0.386866801253516,8,35,32,HR,Comrade Ishwar Singh,SUCI(C),,,,,False,35,2019,AE
1513997,None Of The Above,NOTA,16583,291,0.245804015643609,9,35,32,HR,None Of The Above,NOTA,,,,,True,35,2019,AE
1513998,Rajkawar,IND,16584,257,0.217084646118239,10,35,32,HR,Rajkawar,IND,,,,,False,35,2019,AE
1513999,Rajkumar,JMBP,16652,231,0.19512277530472,11,35,32,HR,Rajkumar,JMBP,,,,,False,35,2019,AE
1514000,Rachna,IND,16584,148,0.125013726169258,12,35,32,HR,Rachna,IND,,,,,False,35,2019,AE
1514001,Pardeep Kumar,IND,16584,101,0.085313421237129,13,35,32,HR,Pardeep Kumar,IND,,,,,False,35,2019,AE
1514145,Sri Krishan,INC,16578,42566,34.6685127870988,1,35,33,HR,Sri Krishan,INC,,,,,True,35,2019,AE
1514146,Yogeshwar Dutt,BJP,16577,37726,30.7265026877341,2,35,33,HR,Yogeshwar Dutt,BJP,,,,,False,35,2019,AE
1514147,Bhupinder Malik,JNJP,16599,32480,26.4538198403648,3,35,33,HR,Bhupinder Malik,JNJP,,,,,False,35,2019,AE
1514148,Naresh,BSP,16581,3281,2.67225932562306,4,35,33,HR,Naresh,BSP,,,,,False,35,2019,AE
1514149,Joginder,INLD,16579,3145,2.5614920996905,5,35,33,HR,Joginder,INLD,,,,,False,35,2019,AE
1514150,Satyanarayn,LTSP,16617,2382,1.94005538361296,6,35,33,HR,Satyanarayn,LTSP,,,,,False,35,2019,AE
1514151,Dinesh,BHSMWPA,16659,472,0.384427431177716,7,35,33,HR,Dinesh,BHSMWPA,,,,,False,35,2019,AE
1514152,None Of The Above,NOTA,16583,219,0.178367812347287,8,35,33,HR,None Of The Above,NOTA,,,,,True,35,2019,AE
1514153,Lokesh Kumar,IND,16584,178,0.144974751588206,9,35,33,HR,Lokesh Kumar,IND,,,,,False,35,2019,AE
1514154,Shakuntala,JMBP,16652,176,0.14334582179508,10,35,33,HR,Shakuntala,JMBP,,,,,False,35,2019,AE
1514155,Dharampal,IND,16584,100,0.0814464896562958,11,35,33,HR,Dharampal,IND,,,,,True,35,2019,AE
1514156,Wazir,IND,16584,55,0.0447955693109626,12,35,33,HR,Wazir,IND,,,,,False,35,2019,AE
1514289,Amarjeet Dhanda,JNJP,16599,61942,49.0144411473788,1,35,34,HR,Amarjeet Dhanda,JNJP,,,,,False,35,2019,AE
1514290,Parminder Singh Dhull,BJP,16577,37749,29.8706231454005,2,35,34,HR,Parminder Singh Dhull,BJP,,,,,False,35,2019,AE
1514291,Dharmender Singh Dhull,INC,16578,12440,9.84371909000989,3,35,34,HR,Dharmender Singh Dhull,INC,,,,,True,35,2019,AE
1514292,Naresh,BSP,16581,4020,3.18100890207715,4,35,34,HR,Naresh,BSP,,,,,False,35,2019,AE
1514293,Ramphool Sharma,LTSP,16617,3592,2.84233432245301,5,35,34,HR,Ramphool Sharma,LTSP,,,,,False,35,2019,AE
1514294,Ramesh Chander,CPIM,16656,2016,1.59525222551928,6,35,34,HR,Ramesh Chander,CPIM,,,,,False,35,2019,AE
1514295,Rajkumar Pahal,AAAP,16580,958,0.758061325420375,7,35,34,HR,Rajkumar Pahal,AAAP,,,,,False,35,2019,AE
1514296,Telu Ram Jangra,IND,16584,930,0.735905044510385,8,35,34,HR,Telu Ram Jangra,IND,,,,,False,35,2019,AE
1514297,Amit Malik Nidani,INLD,16579,826,0.653610286844708,9,35,34,HR,Amit Malik Nidani,INLD,,,,,False,35,2019,AE
1514298,Ramkaran,SHPP,16600,600,0.474777448071216,10,35,34,HR,Ramkaran,SHPP,,,,,False,35,2019,AE
1514299,Manjeet Singh,SWARAJ,16613,298,0.235806132542037,11,35,34,HR,Manjeet Singh,SWARAJ,,,,,False,35,2019,AE
1514300,Pala Ram Bibipur,IND,16584,286,0.226310583580613,12,35,34,HR,Pala Ram Bibipur,IND,,,,,False,35,2019,AE
1514301,None Of The Above,NOTA,16583,268,0.212067260138476,13,35,34,HR,None Of The Above,NOTA,,,,,True,35,2019,AE
1514302,Amit Sharma,IND,16584,264,0.208902077151335,14,35,34,HR,Amit Sharma,IND,,,,,False,35,2019,AE
1514303,Raj Singh,IND,16584,104,0.0822947576656775,15,35,34,HR,Raj Singh,IND,,,,,False,35,2019,AE
1514304,Kapil,IND,16584,82,0.0648862512363996,16,35,34,HR,Kapil,IND,,,,,False,35,2019,AE
1514446,Subhash Gangoli,INC,16578,57468,42.2757768361581,1,35,35,HR,Subhash Gangoli,INC,,,,,False,35,2019,AE
1514447,Bachan Singh Arya,BJP,16577,53810,39.5848046139359,2,35,35,HR,Bachan Singh Arya,BJP,,,,,False,35,2019,AE
1514448,Dayanand Kundu,JNJP,16599,7772,5.71739642184557,3,35,35,HR,Dayanand Kundu,JNJP,,,,,False,35,2019,AE
1514449,Rajbir Sharma,IND,16584,7361,5.41504825800376,4,35,35,HR,Rajbir Sharma,IND,,,,,False,35,2019,AE
1514450,Vijay Saini,LTSP,16617,5617,4.1320915725047,5,35,35,HR,Vijay Saini,LTSP,,,,,False,35,2019,AE
1514451,Jagdish Bhukal,BSP,16581,2036,1.49776365348399,6,35,35,HR,Jagdish Bhukal,BSP,,,,,False,35,2019,AE
1514452,Joginder Kalwa,INLD,16579,1189,0.874676318267419,7,35,35,HR,Joginder Kalwa,INLD,,,,,False,35,2019,AE
1514453,None Of The Above,NOTA,16583,355,0.261152306967984,8,35,35,HR,None Of The Above,NOTA,,,,,True,35,2019,AE
1514454,Vinod Dharoli,CPI(ML)(L),16672,328,0.241290018832391,9,35,35,HR,Vinod Dharoli,CPI(ML)(L),,,,,False,35,2019,AE
1514604,Dr. Krishan Lal Middha,BJP,16577,58370,47.2035323801513,1,35,36,HR,Dr. Krishan Lal Middha,BJP,,,,,False,35,2019,AE
1514605,Mahabir Gupta,JNJP,16599,45862,37.0883741993918,2,35,36,HR,Mahabir Gupta,JNJP,,,,,False,35,2019,AE
1514606,Anshul Singla,INC,16578,7958,6.43559552306398,3,35,36,HR,Anshul Singla,INC,,,,,False,35,2019,AE
1514607,Sumer Singh Jangra,BSP,16581,5144,4.15992754091997,4,35,36,HR,Sumer Singh Jangra,BSP,,,,,False,35,2019,AE
1514608,Vinod Saini,LTSP,16617,3108,2.51342433848741,5,35,36,HR,Vinod Saini,LTSP,,,,,False,35,2019,AE
1514609,Vijender Kumar,INLD,16579,1625,1.31412952060555,6,35,36,HR,Vijender Kumar,INLD,,,,,False,35,2019,AE
1514610,None Of The Above,NOTA,16583,608,0.491686614478876,7,35,36,HR,None Of The Above,NOTA,,,,,True,35,2019,AE
1514611,Hitesh Hindustani,IND,16584,324,0.262017209031506,8,35,36,HR,Hitesh Hindustani,IND,,,,,False,35,2019,AE
1514612,Ram Singh,IND,16584,173,0.13990425050139,9,35,36,HR,Ram Singh,IND,,,,,False,35,2019,AE
1514613,Ritesh Sangwan,IND,16584,164,0.13262599469496,10,35,36,HR,Ritesh Sangwan,IND,,,,,False,35,2019,AE
1514614,Pal Singh,IND,16584,143,0.115643397813288,11,35,36,HR,Pal Singh,IND,,,,,False,35,2019,AE
1514615,Satpal,IND,16584,115,0.0929999353043928,12,35,36,HR,Satpal,IND,,,,,True,35,2019,AE
1514616,Ram Parkash Tayal,IND,16584,36,0.0291130232257229,13,35,36,HR,Ram Parkash Tayal,IND,,,,,False,35,2019,AE
1514617,Parbhati Ram,IND,16584,26,0.0210260723296888,14,35,36,HR,Parbhati Ram,IND,,,,,True,35,2019,AE
1514774,Dushyant Chautala,JNJP,16599,92504,58.3941974459166,1,35,37,HR,Dushyant Chautala,JNJP,,,,,False,35,2019,AE
1514775,Prem Lata,BJP,16577,45052,28.4395851350583,2,35,37,HR,Prem Lata,BJP,,,,,True,35,2019,AE
1514776,Samarjit,BSP,16581,6264,3.95422092883791,3,35,37,HR,Samarjit,BSP,,,,,False,35,2019,AE
1514777,Raghvir,IND,16584,5705,3.60134584914116,4,35,37,HR,Raghvir,IND,,,,,False,35,2019,AE
1514778,Bal Ram,INC,16578,4972,3.13863129919892,5,35,37,HR,Bal Ram,INC,,,,,False,35,2019,AE
1514779,Rohtash,AAAP,16580,1101,0.695018716898234,6,35,37,HR,Rohtash,AAAP,,,,,False,35,2019,AE
1514780,Satpal,INLD,16579,768,0.484808696255989,7,35,37,HR,Satpal,INLD,,,,,False,35,2019,AE
1514781,None Of The Above,NOTA,16583,522,0.329518410736492,8,35,37,HR,None Of The Above,NOTA,,,,,True,35,2019,AE
1514782,Krishan Kumar,SWARAJ,16613,459,0.289748947371743,9,35,37,HR,Krishan Kumar,SWARAJ,,,,,False,35,2019,AE
1514783,Dilbag Singh,IND,16584,334,0.210841281965495,10,35,37,HR,Dilbag Singh,IND,,,,,True,35,2019,AE
1514784,Raj Kumar,IND,16584,187,0.118045867447747,11,35,37,HR,Raj Kumar,IND,,,,,False,35,2019,AE
1514785,Karmbir,PPID,16590,176,0.111101992891997,12,35,37,HR,Karmbir,PPID,,,,,False,35,2019,AE
1514786,Pawan Kumar,IND,16584,114,0.0719637908504983,13,35,37,HR,Pawan Kumar,IND,,,,,False,35,2019,AE
1514787,Anil Galve,RPI,16634,108,0.0681762229109984,14,35,37,HR,Anil Galve,RPI,,,,,False,35,2019,AE
1514788,Surender Singh,JMBP,16652,77,0.0486071218902489,15,35,37,HR,Surender Singh,JMBP,,,,,False,35,2019,AE
1514789,Jai Parkash,IND,16584,70,0.044188292627499,16,35,37,HR,Jai Parkash,IND,,,,,False,35,2019,AE
1514942,Ram Niwas,JNJP,16599,79578,51.9059173450219,1,35,38,HR,Ram Niwas,JNJP,,,,,False,35,2019,AE
1514943,Santosh Rani,BJP,16577,48886,31.8866103109997,2,35,38,HR,Santosh Rani,BJP,,,,,True,35,2019,AE
1514944,Vidya Rani,INC,16578,14045,9.16105719056564,3,35,38,HR,Vidya Rani,INC,,,,,True,35,2019,AE
1514945,Sushil Kumar,INLD,16579,3334,2.17465038614068,4,35,38,HR,Sushil Kumar,INLD,,,,,False,35,2019,AE
1514946,Dharmvir,BSP,16581,2473,1.61305051137549,5,35,38,HR,Dharmvir,BSP,,,,,False,35,2019,AE
1514947,Vakeel Rashila,LTSP,16617,1388,0.905343352118555,6,35,38,HR,Vakeel Rashila,LTSP,,,,,False,35,2019,AE
1514948,Suresh,IND,16584,916,0.597474431225213,7,35,38,HR,Suresh,IND,,,,,False,35,2019,AE
1514949,None Of The Above,NOTA,16583,660,0.43049467752035,8,35,38,HR,None Of The Above,NOTA,,,,,True,35,2019,AE
1514950,Hardeep Singh,SWARAJ,16613,526,0.343091212690461,9,35,38,HR,Hardeep Singh,SWARAJ,,,,,False,35,2019,AE
1514951,Kapil,SHPP,16600,517,0.337220830724274,10,35,38,HR,Kapil,SHPP,,,,,False,35,2019,AE
1514952,Naresh Kumar,PPID,16590,486,0.317000626174076,11,35,38,HR,Naresh Kumar,PPID,,,,,False,35,2019,AE
1514953,Vikas,IND,16584,343,0.223726779378,12,35,38,HR,Vikas,IND,,,,,False,35,2019,AE
1514954,Mithun Singh,IND,16584,160,0.104362346065539,13,35,38,HR,Mithun Singh,IND,,,,,False,35,2019,AE
1515072,Devender Singh Babli,JNJP,16599,100752,56.7227032687392,1,35,39,HR,Devender Singh Babli,JNJP,,,,,False,35,2019,AE
1515073,Subhash Barala,BJP,16577,48450,27.2770264944657,2,35,39,HR,Subhash Barala,BJP,,,,,True,35,2019,AE
1515074,Paramvir Singh,INC,16578,16717,9.41155937890576,3,35,39,HR,Paramvir Singh,INC,,,,,True,35,2019,AE
1515075,Baljit Bouddh,BSP,16581,2593,1.4598416862776,4,35,39,HR,Baljit Bouddh,BSP,,,,,False,35,2019,AE
1515076,Ajay Kumar,AAAP,16580,1852,1.0426636340093,5,35,39,HR,Ajay Kumar,AAAP,,,,,False,35,2019,AE
1515077,Comrade Jagtar Singh,CPIM,16656,1334,0.75103309274752,6,35,39,HR,Comrade Jagtar Singh,CPIM,,,,,False,35,2019,AE
1515078,Rajpal Saini,INLD,16579,1213,0.682910900676717,7,35,39,HR,Rajpal Saini,INLD,,,,,False,35,2019,AE
1515079,Bhim Singh,LTSP,16617,1087,0.611973741991419,8,35,39,HR,Bhim Singh,LTSP,,,,,False,35,2019,AE
1515080,Ankit Gill,SWARAJ,16613,637,0.358626746686784,9,35,39,HR,Ankit Gill,SWARAJ,,,,,False,35,2019,AE
1515081,Dharampal Sher Gill,RLKP,16713,537,0.302327414396865,10,35,39,HR,Dharampal Sher Gill,RLKP,,,,,False,35,2019,AE
1515082,None Of The Above,NOTA,16583,472,0.265732848408417,11,35,39,HR,None Of The Above,NOTA,,,,,True,35,2019,AE
1515083,Ishan Leekha,IND,16584,432,0.24321311549245,12,35,39,HR,Ishan Leekha,IND,,,,,False,35,2019,AE
1515084,Rakesh Kumar,IND,16584,313,0.176216910067446,13,35,39,HR,Rakesh Kumar,IND,,,,,False,35,2019,AE
1515085,Meena Rani,IND,16584,242,0.136244384141604,14,35,39,HR,Meena Rani,IND,,,,,False,35,2019,AE
1515086,Rajbir Singh,IND,16584,213,0.119917577777527,15,35,39,HR,Rajbir Singh,IND,,,,,False,35,2019,AE
1515087,Dev Singh,IND,16584,176,0.0990868248302575,16,35,39,HR,Dev Singh,IND,,,,,False,35,2019,AE
1515088,Vijay Kumar,IND,16584,173,0.0973978448615599,17,35,39,HR,Vijay Kumar,IND,,,,,False,35,2019,AE
1515089,Naresh Kumar,BMFP,16714,128,0.0720631453310963,18,35,39,HR,Naresh Kumar,BMFP,,,,,False,35,2019,AE
1515090,Sandeep Kumar,IND,16584,119,0.0669962054250036,19,35,39,HR,Sandeep Kumar,IND,,,,,False,35,2019,AE
1515091,Vijay Kumar Jain,IND,16584,98,0.0551733456441206,20,35,39,HR,Vijay Kumar Jain,IND,,,,,False,35,2019,AE
1515092,Mamu Ram,IND,16584,84,0.0472914391235319,21,35,39,HR,Mamu Ram,IND,,,,,False,35,2019,AE
1515225,Dura Ram,BJP,16577,77369,41.9737748674909,1,35,40,HR,Dura Ram,BJP,,,,,False,35,2019,AE
1515226,Dr. Virender Siwatch,JNJP,16599,74069,40.1834782750221,2,35,40,HR,Dr. Virender Siwatch,JNJP,,,,,False,35,2019,AE
1515227,Prahlad Singh Gillan Khera,INC,16578,20898,11.3374600573979,3,35,40,HR,Prahlad Singh Gillan Khera,INC,,,,,True,35,2019,AE
1515228,Zile Singh Verma,BSP,16581,3137,1.70186679108323,4,35,40,HR,Zile Singh Verma,BSP,,,,,False,35,2019,AE
1515229,Laxay Garg,AAAP,16580,2493,1.35248769849235,5,35,40,HR,Laxay Garg,AAAP,,,,,False,35,2019,AE
1515230,Suman Lata,INLD,16579,2111,1.14524730506111,6,35,40,HR,Suman Lata,INLD,,,,,False,35,2019,AE
1515231,None Of The Above,NOTA,16583,616,0.334188697260846,7,35,40,HR,None Of The Above,NOTA,,,,,True,35,2019,AE
1515232,Daulat Ram Mistri,PPID,16590,563,0.305435448957559,8,35,40,HR,Daulat Ram Mistri,PPID,,,,,False,35,2019,AE
1515233,Satbir Singh,IND,16584,530,0.28753248303287,9,35,40,HR,Satbir Singh,IND,,,,,False,35,2019,AE
1515234,Vinod Kumar,IND,16584,501,0.271799573583902,10,35,40,HR,Vinod Kumar,IND,,,,,True,35,2019,AE
1515235,Khyali Ram,IND,16584,474,0.257151692372794,11,35,40,HR,Khyali Ram,IND,,,,,False,35,2019,AE
1515236,Nafe Singh Fauji,IND,16584,363,0.19693262517157,12,35,40,HR,Nafe Singh Fauji,IND,,,,,False,35,2019,AE
1515237,Ram Sawrup Bhadu,IND,16584,333,0.180657201603671,13,35,40,HR,Ram Sawrup Bhadu,IND,,,,,True,35,2019,AE
1515238,Atam Parkash,IND,16584,317,0.171976975700792,14,35,40,HR,Atam Parkash,IND,,,,,True,35,2019,AE
1515239,Rajesh Verma,JMBP,16652,316,0.171434461581862,15,35,40,HR,Rajesh Verma,JMBP,,,,,False,35,2019,AE
1515240,Gulshan Kumar,IND,16584,237,0.128575846186397,16,35,40,HR,Gulshan Kumar,IND,,,,,True,35,2019,AE
1515363,Lakshman Napa,BJP,16577,55160,34.9671628166442,1,35,41,HR,Lakshman Napa,BJP,,,,,False,35,2019,AE
1515364,Jarnail Singh S/O Hakam Singh,INC,16578,53944,34.1963131069807,2,35,41,HR,Jarnail Singh S/O Hakam Singh,INC,,,,,True,35,2019,AE
1515365,Manju Bala,JNJP,16599,29909,18.9599868144128,3,35,41,HR,Manju Bala,JNJP,,,,,False,35,2019,AE
1515366,Kulvinder Singh,SAD,16623,9965,6.31703729999746,4,35,41,HR,Kulvinder Singh,SAD,,,,,False,35,2019,AE
1515367,Surender Kumar,IND,16584,1301,0.824733118644927,5,35,41,HR,Surender Kumar,IND,,,,,False,35,2019,AE
1515368,Balwan Singh,BSP,16581,1244,0.78859953850445,6,35,41,HR,Balwan Singh,BSP,,,,,False,35,2019,AE
1515369,None Of The Above,NOTA,16583,1086,0.688439790044881,7,35,41,HR,None Of The Above,NOTA,,,,,True,35,2019,AE
1515370,Sonu Nayak,IND,16584,754,0.477977533788067,8,35,41,HR,Sonu Nayak,IND,,,,,False,35,2019,AE
1515371,Paramjit Kaur W/O Jagsir Singh,LTSP,16617,752,0.476709688870857,9,35,41,HR,Paramjit Kaur W/O Jagsir Singh,LTSP,,,,,False,35,2019,AE
1515372,Sudeshpal Papla,HaLP,16597,707,0.448183178233638,10,35,41,HR,Sudeshpal Papla,HaLP,,,,,False,35,2019,AE
1515373,Santokh Singh,IND,16584,675,0.427897659558282,11,35,41,HR,Santokh Singh,IND,,,,,False,35,2019,AE
1515374,Happy Groha,CPI(ML)(L),16672,533,0.337880670436392,12,35,41,HR,Happy Groha,CPI(ML)(L),,,,,False,35,2019,AE
1515375,Sukhchain,RMPOI,16710,485,0.307452392423358,13,35,41,HR,Sukhchain,RMPOI,,,,,False,35,2019,AE
1515376,Paramjeet Kaur W/O Buta Singh,IND,16584,450,0.285265106372188,14,35,41,HR,Paramjeet Kaur W/O Buta Singh,IND,,,,,False,35,2019,AE
1515377,Dalip Singh,IND,16584,437,0.277024114410325,15,35,41,HR,Dalip Singh,IND,,,,,False,35,2019,AE
1515378,Surjit,PPID,16590,346,0.219337170677282,16,35,41,HR,Surjit,PPID,,,,,False,35,2019,AE
1515482,Shishpal Keharwala,INC,16578,53059,39.7597584095796,1,35,42,HR,Shishpal Keharwala,INC,,,,,True,35,2019,AE
1515483,Rajender Singh Desujodha,SAD,16623,33816,25.3400175347885,2,35,42,HR,Rajender Singh Desujodha,SAD,,,,,False,35,2019,AE
1515484,Balkaur Singh,BJP,16577,30134,22.5809110596557,3,35,42,HR,Balkaur Singh,BJP,,,,,False,35,2019,AE
1515485,Nirmal Singh Malri,JNJP,16599,12420,9.30692624148551,4,35,42,HR,Nirmal Singh Malri,JNJP,,,,,False,35,2019,AE
1515486,Karnail Singh Odhan,BSP,16581,1401,1.04983926443809,5,35,42,HR,Karnail Singh Odhan,BSP,,,,,False,35,2019,AE
1515487,None Of The Above,NOTA,16583,944,0.707386342348013,6,35,42,HR,None Of The Above,NOTA,,,,,True,35,2019,AE
1515488,Pargat Singh Bhiwan,HaLP,16597,857,0.642192897661278,7,35,42,HR,Pargat Singh Bhiwan,HaLP,,,,,False,35,2019,AE
1515489,Kashmir Chand Oad,IND,16584,528,0.395656767753973,8,35,42,HR,Kashmir Chand Oad,IND,,,,,False,35,2019,AE
1515490,Virender Singh,IND,16584,290,0.217311482289114,9,35,42,HR,Virender Singh,IND,,,,,False,35,2019,AE
1515596,Amit Sihag,INC,16578,66885,42.5650392017106,1,35,43,HR,Amit Sihag,INC,,,,,False,35,2019,AE
1515597,Aditya,BJP,16577,51238,32.6074228693615,2,35,43,HR,Aditya,BJP,,,,,False,35,2019,AE
1515598,Saravjit Singh Masitan,JNJP,16599,23002,14.6382751247327,3,35,43,HR,Saravjit Singh Masitan,JNJP,,,,,False,35,2019,AE
1515599,Dr. Sita Ram,INLD,16579,8825,5.61615415945423,4,35,43,HR,Dr. Sita Ram,INLD,,,,,False,35,2019,AE
1515600,None Of The Above,NOTA,16583,1477,0.939950106913756,5,35,43,HR,None Of The Above,NOTA,,,,,True,35,2019,AE
1515601,Subhash Chander,BSP,16581,1290,0.820944913959881,6,35,43,HR,Subhash Chander,BSP,,,,,False,35,2019,AE
1515602,Malkeet Singh,AAAP,16580,1276,0.812035434273495,7,35,43,HR,Malkeet Singh,AAAP,,,,,False,35,2019,AE
1515603,Sant Lal,LTSP,16617,1038,0.660574279604928,8,35,43,HR,Sant Lal,LTSP,,,,,False,35,2019,AE
1515604,Rakesh Sharma,HaLP,16597,768,0.488748599938906,9,35,43,HR,Rakesh Sharma,HaLP,,,,,False,35,2019,AE
1515605,Sanjeev Kumar,IND,16584,682,0.434018939008247,10,35,43,HR,Sanjeev Kumar,IND,,,,,False,35,2019,AE
1515606,Sharvan Kumar Tanwar,IND,16584,457,0.290830872619896,11,35,43,HR,Sharvan Kumar Tanwar,IND,,,,,False,35,2019,AE
1515607,Kalu Ram,BSCP,16585,198,0.126005498421749,12,35,43,HR,Kalu Ram,BSCP,,,,,False,35,2019,AE
1515716,Ranjit Singh,IND,16584,53825,37.4823295102401,1,35,44,HR,Ranjit Singh,IND,,,,,False,35,2019,AE
1515717,Gobind Kanda,HaLP,16597,34394,23.9510866915968,2,35,44,HR,Gobind Kanda,HaLP,,,,,True,35,2019,AE
1515718,Ram Chand Kamboj,BJP,16577,20709,14.4212087659556,3,35,44,HR,Ram Chand Kamboj,BJP,,,,,False,35,2019,AE
1515719,Ashok Kumar Verma,INLD,16579,9753,6.79173543359725,4,35,44,HR,Ashok Kumar Verma,INLD,,,,,False,35,2019,AE
1515720,Vineet Kamboj,INC,16578,8979,6.25274197254893,5,35,44,HR,Vineet Kamboj,INC,,,,,False,35,2019,AE
1515721,Kuldeep Singh,JNJP,16599,7622,5.30776248076266,6,35,44,HR,Kuldeep Singh,JNJP,,,,,False,35,2019,AE
1515722,Susheel Kumar,IND,16584,1903,1.32519968523896,7,35,44,HR,Susheel Kumar,IND,,,,,False,35,2019,AE
1515723,Amarjeet Singh Chani,AAAP,16580,1685,1.17339015745015,8,35,44,HR,Amarjeet Singh Chani,AAAP,,,,,False,35,2019,AE
1515724,Daya Ram Fatehpur Niyamat Khan,BSP,16581,889,0.619076468826818,9,35,44,HR,Daya Ram Fatehpur Niyamat Khan,BSP,,,,,False,35,2019,AE
1515725,Rai Singh Gindran,IND,16584,807,0.561973802410846,10,35,44,HR,Rai Singh Gindran,IND,,,,,False,35,2019,AE
1515726,Norang,LTSP,16617,719,0.500692892110779,11,35,44,HR,Norang,LTSP,,,,,False,35,2019,AE
1515727,Bir Singh,IND,16584,549,0.382309315394739,12,35,44,HR,Bir Singh,IND,,,,,False,35,2019,AE
1515728,Krishan Kumar,SHPP,16600,510,0.355150730148118,13,35,44,HR,Krishan Kumar,SHPP,,,,,False,35,2019,AE
1515729,None Of The Above,NOTA,16583,401,0.279245966253716,14,35,44,HR,None Of The Above,NOTA,,,,,True,35,2019,AE
1515730,Ram Chander,IND,16584,385,0.268103982562795,15,35,44,HR,Ram Chander,IND,,,,,False,35,2019,AE
1515731,Balwant Ram,IND,16584,272,0.189413722745663,16,35,44,HR,Balwant Ram,IND,,,,,False,35,2019,AE
1515732,Jasvinder Singh Kamboj,IND,16584,199,0.138578422155834,17,35,44,HR,Jasvinder Singh Kamboj,IND,,,,,False,35,2019,AE
1515857,Gopal Kanda,HaLP,16597,44915,31.6514569606426,1,35,45,HR,Gopal Kanda,HaLP,,,,,True,35,2019,AE
1515858,Gokul Setia,IND,16584,44313,31.2272294845142,2,35,45,HR,Gokul Setia,IND,,,,,False,35,2019,AE
1515859,Pardeep Ratusaria,BJP,16577,30142,21.2409710721961,3,35,45,HR,Pardeep Ratusaria,BJP,,,,,False,35,2019,AE
1515860,Hoshiari Lal,INC,16578,10111,7.12518938726612,4,35,45,HR,Hoshiari Lal,INC,,,,,False,35,2019,AE
1515861,Rajender Ganeriwala,JNJP,16599,4732,3.33462527747436,5,35,45,HR,Rajender Ganeriwala,JNJP,,,,,False,35,2019,AE
1515862,Mani Ram,IND,16584,1547,1.09016595609738,6,35,45,HR,Mani Ram,IND,,,,,False,35,2019,AE
1515863,Virender Kumar,AAAP,16580,868,0.611676826045593,7,35,45,HR,Virender Kumar,AAAP,,,,,False,35,2019,AE
1515864,Sardar Phool Chand,BSP,16581,787,0.554596384905394,8,35,45,HR,Sardar Phool Chand,BSP,,,,,False,35,2019,AE
1515865,Raj Bala,IND,16584,609,0.429160353757795,9,35,45,HR,Raj Bala,IND,,,,,False,35,2019,AE
1515866,None Of The Above,NOTA,16583,579,0.408019449631795,10,35,45,HR,None Of The Above,NOTA,,,,,True,35,2019,AE
1515867,Bharat Sunny Singh,IND,16584,576,0.405905359219195,11,35,45,HR,Bharat Sunny Singh,IND,,,,,False,35,2019,AE
1515868,Ashok Lamba,SHPP,16600,548,0.386173848701596,12,35,45,HR,Ashok Lamba,SHPP,,,,,False,35,2019,AE
1515869,Bansi Lal,IND,16584,521,0.367147034988196,13,35,45,HR,Bansi Lal,IND,,,,,False,35,2019,AE
1515870,Gurmeet Singh,IND,16584,514,0.362214157358796,14,35,45,HR,Gurmeet Singh,IND,,,,,False,35,2019,AE
1515871,Jaiveer Singh,IND,16584,369,0.260033120749797,15,35,45,HR,Jaiveer Singh,IND,,,,,False,35,2019,AE
1515872,Sushil Kumar,IND,16584,291,0.205066770022197,16,35,45,HR,Sushil Kumar,IND,,,,,False,35,2019,AE
1515873,Pradeep Kumar,IND,16584,202,0.142348754448398,17,35,45,HR,Pradeep Kumar,IND,,,,,False,35,2019,AE
1515874,Mukesh Pandit,IND,16584,186,0.131073605581198,18,35,45,HR,Mukesh Pandit,IND,,,,,False,35,2019,AE
1515875,Hernek Singh Kamboj,IND,16584,95,0.0669461963989993,19,35,45,HR,Hernek Singh Kamboj,IND,,,,,False,35,2019,AE
1515988,Abhay Singh Chautala,INLD,16579,57055,37.8640067956783,1,35,46,HR,Abhay Singh Chautala,INLD,,,,,True,35,2019,AE
1515989,Pawan Beniwal,BJP,16577,45133,29.9520851583446,2,35,46,HR,Pawan Beniwal,BJP,,,,,True,35,2019,AE
1515990,Bharat Singh Beniwal,INC,16578,35383,23.4815906134692,3,35,46,HR,Bharat Singh Beniwal,INC,,,,,False,35,2019,AE
1515991,O. P Sihag,JNJP,16599,6569,4.35945422208064,4,35,46,HR,O. P Sihag,JNJP,,,,,False,35,2019,AE
1515992,Advocate Ravinder Balyan,BSP,16581,1947,1.29210798757665,5,35,46,HR,Advocate Ravinder Balyan,BSP,,,,,False,35,2019,AE
1515993,Ram Saroop,LTSP,16617,998,0.662313185208781,6,35,46,HR,Ram Saroop,LTSP,,,,,False,35,2019,AE
1515994,Krishan Verma,AAAP,16580,985,0.653685859148947,7,35,46,HR,Krishan Verma,AAAP,,,,,False,35,2019,AE
1515995,None Of The Above,NOTA,16583,737,0.489103023545963,8,35,46,HR,None Of The Above,NOTA,,,,,True,35,2019,AE
1515996,Sunil Kumar,IND,16584,541,0.359029492182315,9,35,46,HR,Sunil Kumar,IND,,,,,False,35,2019,AE
1515997,Vikal Pachar,IND,16584,326,0.216346791961986,10,35,46,HR,Vikal Pachar,IND,,,,,False,35,2019,AE
1515998,Narinder Singh,BHSMWPA,16659,284,0.188473892384062,11,35,46,HR,Narinder Singh,BHSMWPA,,,,,False,35,2019,AE
1515999,Dalbir Singh,IND,16584,276,0.183164768654933,12,35,46,HR,Dalbir Singh,IND,,,,,False,35,2019,AE
1516000,Bharat Singh,IND,16584,248,0.164582835602983,13,35,46,HR,Bharat Singh,IND,,,,,False,35,2019,AE
1516001,Bansi Lal,IND,16584,202,0.134055374160494,14,35,46,HR,Bansi Lal,IND,,,,,True,35,2019,AE
1516141,Kuldeep Bishnoi,INC,16578,63693,51.6955067852736,1,35,47,HR,Kuldeep Bishnoi,INC,,,,,False,35,2019,AE
1516142,Sonali Phogat,BJP,16577,34222,27.7757937796246,2,35,47,HR,Sonali Phogat,BJP,,,,,False,35,2019,AE
1516143,Ramesh Kumar,JNJP,16599,15457,12.5454515940523,3,35,47,HR,Ramesh Kumar,JNJP,,,,,False,35,2019,AE
1516144,Suresh,CPIM,16656,2088,1.6946951496656,4,35,47,HR,Suresh,CPIM,,,,,False,35,2019,AE
1516145,Rajesh Godara,INLD,16579,1994,1.61840140250633,5,35,47,HR,Rajesh Godara,INLD,,,,,False,35,2019,AE
1516146,Satvir,BSP,16581,1988,1.61353158885786,6,35,47,HR,Satvir,BSP,,,,,False,35,2019,AE
1516147,Sanjay,IND,16584,1414,1.14765274982144,7,35,47,HR,Sanjay,IND,,,,,False,35,2019,AE
1516148,None Of The Above,NOTA,16583,649,0.526751509642231,8,35,47,HR,None Of The Above,NOTA,,,,,True,35,2019,AE
1516149,Sharwan Kumar,IND,16584,388,0.31491461593403,9,35,47,HR,Sharwan Kumar,IND,,,,,False,35,2019,AE
1516150,Parveen,IND,16584,383,0.310856437893643,10,35,47,HR,Parveen,IND,,,,,False,35,2019,AE
1516151,Shamsher Singh,BKNP,16717,266,0.215895071748587,11,35,47,HR,Shamsher Singh,BKNP,,,,,False,35,2019,AE
1516152,Meenakshi Beniwal,IND,16584,235,0.190734367898188,12,35,47,HR,Meenakshi Beniwal,IND,,,,,False,35,2019,AE
1516153,Sunil Kumar,IND,16584,131,0.106324264658139,13,35,47,HR,Sunil Kumar,IND,,,,,False,35,2019,AE
1516154,Khusi Ram,IND,16584,120,0.0973962729692877,14,35,47,HR,Khusi Ram,IND,,,,,False,35,2019,AE
1516155,Manoj Kumar,IND,16584,110,0.0892799168885137,15,35,47,HR,Manoj Kumar,IND,,,,,False,35,2019,AE
1516156,Amit,IND,16584,70,0.0568144925654178,16,35,47,HR,Amit,IND,,,,,False,35,2019,AE
1516324,Anoop Dhanak,JNJP,16599,65369,46.8443871152674,1,35,48,HR,Anoop Dhanak,JNJP,,,,,False,35,2019,AE
1516325,Asha Khedar,BJP,16577,41676,29.8656347414812,2,35,48,HR,Asha Khedar,BJP,,,,,False,35,2019,AE
1516326,Bala Devi,INC,16578,11573,8.29338206313375,3,35,48,HR,Bala Devi,INC,,,,,False,35,2019,AE
1516327,Naresh Selwal,IND,16584,10353,7.4191121143717,4,35,48,HR,Naresh Selwal,IND,,,,,False,35,2019,AE
1516328,Ch. Bhajan Lal,BSP,16581,4206,3.01408147909276,5,35,48,HR,Ch. Bhajan Lal,BSP,,,,,False,35,2019,AE
1516329,Lalita Taank,INLD,16579,1873,1.34221935576337,6,35,48,HR,Lalita Taank,INLD,,,,,False,35,2019,AE
1516330,Manjit Ranga,AAAP,16580,1132,0.811207854097244,7,35,48,HR,Manjit Ranga,AAAP,,,,,False,35,2019,AE
1516331,None Of The Above,NOTA,16583,690,0.494464151349027,8,35,48,HR,None Of The Above,NOTA,,,,,True,35,2019,AE
1516332,Ramphal Bithmara,SHPP,16600,654,0.468666021713425,9,35,48,HR,Ramphal Bithmara,SHPP,,,,,False,35,2019,AE
1516333,Naveen Surewala,SWARAJ,16613,517,0.37048980615572,10,35,48,HR,Naveen Surewala,SWARAJ,,,,,False,35,2019,AE
1516334,Ishwar Chander,IND,16584,468,0.335375685262818,11,35,48,HR,Ishwar Chander,IND,,,,,False,35,2019,AE
1516335,Bhai Sandip Kanoh,IND,16584,297,0.212834569493711,12,35,48,HR,Bhai Sandip Kanoh,IND,,,,,False,35,2019,AE
1516336,Sandeep,LTSP,16617,285,0.204235192948511,13,35,48,HR,Sandeep,LTSP,,,,,False,35,2019,AE
1516337,Bharti Uklana,IND,16584,244,0.174853989752409,14,35,48,HR,Bharti Uklana,IND,,,,,False,35,2019,AE
1516338,Mukesh Duggal,ADBNP,16696,107,0.0766777741947042,15,35,48,HR,Mukesh Duggal,ADBNP,,,,,False,35,2019,AE
1516339,Balmiki Rohtash Chhan,BKNP,16717,101,0.0723780859221039,16,35,48,HR,Balmiki Rohtash Chhan,BKNP,,,,,False,35,2019,AE
1516518,Ram Kumar Gautam,JNJP,16599,73435,47.8890598914858,1,35,49,HR,Ram Kumar Gautam,JNJP,,,,,False,35,2019,AE
1516519,Captain Abhimanyu,BJP,16577,61406,40.0446055926544,2,35,49,HR,Captain Abhimanyu,BJP,,,,,True,35,2019,AE
1516520,Baljeet Sihag,INC,16578,8245,5.37679987479131,3,35,49,HR,Baljeet Sihag,INC,,,,,False,35,2019,AE
1516521,Jassi Petwar,INLD,16579,4599,2.99913919031719,4,35,49,HR,Jassi Petwar,INLD,,,,,False,35,2019,AE
1516522,Mahender Singh,BSP,16581,2208,1.43989983305509,5,35,49,HR,Mahender Singh,BSP,,,,,False,35,2019,AE
1516523,Ram Kumar S/O Ratan Singh Village Gamra,IND,16584,1238,0.807335141903171,6,35,49,HR,Ram Kumar S/O Ratan Singh Village Gamra,IND,,,,,False,35,2019,AE
1516524,Ram Kumar S/O Rattan Singh Village Moth Rangran,IND,16584,370,0.24128756260434,7,35,49,HR,Ram Kumar S/O Rattan Singh Village Moth Rangran,IND,,,,,False,35,2019,AE
1516525,Sandeep,AAAP,16580,291,0.189769407345575,8,35,49,HR,Sandeep,AAAP,,,,,False,35,2019,AE
1516526,Rani Devi,BMUP,16588,249,0.162380008347245,9,35,49,HR,Rani Devi,BMUP,,,,,False,35,2019,AE
1516528,Shamsher Foji,IND,16584,193,0.125860809682804,10,35,49,HR,Shamsher Foji,IND,,,,,False,35,2019,AE
1516527,None Of The Above,NOTA,16583,193,0.125860809682804,10,35,49,HR,None Of The Above,NOTA,,,,,True,35,2019,AE
1516529,Ram Kumar S/O Munshi,IND,16584,164,0.106949081803005,12,35,49,HR,Ram Kumar S/O Munshi,IND,,,,,False,35,2019,AE
1516530,Rajpal Ambedkar,LTSP,16617,131,0.0854288397328881,13,35,49,HR,Rajpal Ambedkar,LTSP,,,,,False,35,2019,AE
1516531,Mandeep Bhartiya,SHPP,16600,122,0.0795596828046744,14,35,49,HR,Mandeep Bhartiya,SHPP,,,,,False,35,2019,AE
1516532,Advocate Subhash Gaur,IND,16584,115,0.0749947829716193,15,35,49,HR,Advocate Subhash Gaur,IND,,,,,False,35,2019,AE
1516533,Rajbir Singh,IND,16584,85,0.0554309265442404,16,35,49,HR,Rajbir Singh,IND,,,,,False,35,2019,AE
1516535,Sukhbir,IND,16584,68,0.0443447412353923,17,35,49,HR,Sukhbir,IND,,,,,False,35,2019,AE
1516534,Susheela Mehara,RABSP,16702,68,0.0443447412353923,17,35,49,HR,Susheela Mehara,RABSP,,,,,False,35,2019,AE
1516536,Savita Kajal,IND,16584,59,0.0384755843071786,19,35,49,HR,Savita Kajal,IND,,,,,False,35,2019,AE
1516537,Dinesh Kumar,IND,16584,43,0.0280415275459098,20,35,49,HR,Dinesh Kumar,IND,,,,,False,35,2019,AE
1516538,Amit Kumar,IND,16584,37,0.024128756260434,21,35,49,HR,Amit Kumar,IND,,,,,False,35,2019,AE
1516539,Joginder,IND,16584,25,0.0163032136894824,22,35,49,HR,Joginder,IND,,,,,False,35,2019,AE
1516726,Vinod Bhayana,BJP,16577,53191,41.6524408388278,1,35,50,HR,Vinod Bhayana,BJP,,,,,False,35,2019,AE
1516727,Rahul Makkar,JNJP,16599,30931,24.2212338099638,2,35,50,HR,Rahul Makkar,JNJP,,,,,False,35,2019,AE
1516728,Prem Singh Malik,IND,16584,21639,16.9449186387057,3,35,50,HR,Prem Singh Malik,IND,,,,,False,35,2019,AE
1516729,Hari Ram,LTSP,16617,6726,5.26694961707725,4,35,50,HR,Hari Ram,LTSP,,,,,False,35,2019,AE
1516730,Om Prakash,INC,16578,3468,2.71569748320308,5,35,50,HR,Om Prakash,INC,,,,,False,35,2019,AE
1516731,Surinder Sharma,BSP,16581,3390,2.65461778202377,6,35,50,HR,Surinder Sharma,BSP,,,,,False,35,2019,AE
1516732,Kulbir Singh,INLD,16579,1388,1.08690545175486,7,35,50,HR,Kulbir Singh,INLD,,,,,False,35,2019,AE
1516733,Manoj Rathee,AAAP,16580,1381,1.08142394011056,8,35,50,HR,Manoj Rathee,AAAP,,,,,False,35,2019,AE
1516734,Satyanarayan Bhatol,SUCI(C),16653,999,0.782290018950368,9,35,50,HR,Satyanarayan Bhatol,SUCI(C),,,,,False,35,2019,AE
1516735,Amit Kumar Advocate,IND,16584,759,0.59435247686019,10,35,50,HR,Amit Kumar Advocate,IND,,,,,False,35,2019,AE
1516736,Bhai Kapil Khangwal,BHTJP,16703,456,0.357081329971339,11,35,50,HR,Bhai Kapil Khangwal,BHTJP,,,,,False,35,2019,AE
1516737,None Of The Above,NOTA,16583,450,0.352382891419085,12,35,50,HR,None Of The Above,NOTA,,,,,True,35,2019,AE
1516738,Mukesh Kanwari,IND,16584,377,0.295218555699989,13,35,50,HR,Mukesh Kanwari,IND,,,,,False,35,2019,AE
1516739,Master Vijender Jeetpura,BKNP,16717,333,0.260763339650122,14,35,50,HR,Master Vijender Jeetpura,BKNP,,,,,False,35,2019,AE
1516740,Surjeet,IND,16584,322,0.252149535637656,15,35,50,HR,Surjeet,IND,,,,,False,35,2019,AE
1516741,Kuldeep Bhukkal,IND,16584,306,0.239620366164977,16,35,50,HR,Kuldeep Bhukkal,IND,,,,,False,35,2019,AE
1516742,Jai Bhagwan,RABSP,16702,258,0.202032857746942,17,35,50,HR,Jai Bhagwan,RABSP,,,,,False,35,2019,AE
1516743,Shammi,IND,16584,257,0.201249784654899,18,35,50,HR,Shammi,IND,,,,,False,35,2019,AE
1516744,Radhey Shyam Saini,IND,16584,236,0.184805249722009,19,35,50,HR,Radhey Shyam Saini,IND,,,,,False,35,2019,AE
1516745,Kuldeep Singh,IND,16584,235,0.184022176629966,20,35,50,HR,Kuldeep Singh,IND,,,,,True,35,2019,AE
1516746,Gurudev Singh,JMBP,16652,176,0.137820864199464,21,35,50,HR,Gurudev Singh,JMBP,,,,,False,35,2019,AE
1516747,Narender Kumar,IND,16584,125,0.0978841365053014,22,35,50,HR,Narender Kumar,IND,,,,,False,35,2019,AE
1516748,Mandeep Talu,IND,16584,106,0.0830057477564955,23,35,50,HR,Mandeep Talu,IND,,,,,False,35,2019,AE
1516749,Kaka Sahil Thakral,SPAKP,16704,74,0.0579474088111384,24,35,50,HR,Kaka Sahil Thakral,SPAKP,,,,,False,35,2019,AE
1516750,Mukul Sindwani,IND,16584,64,0.0501166778907143,25,35,50,HR,Mukul Sindwani,IND,,,,,False,35,2019,AE
1516751,Upender Alias Vijay Jakhar,IND,16584,55,0.0430690200623326,26,35,50,HR,Upender Alias Vijay Jakhar,IND,,,,,False,35,2019,AE
1516939,Jogi Ram Sihag,JNJP,16599,45868,36.6867691520163,1,35,51,HR,Jogi Ram Sihag,JNJP,,,,,False,35,2019,AE
1516940,Surender Punia,BJP,16577,41960,33.5610193079839,2,35,51,HR,Surender Punia,BJP,,,,,True,35,2019,AE
1516941,Ram Niwas Ghorela,IND,16584,17471,13.9738934301665,3,35,51,HR,Ram Niwas Ghorela,IND,,,,,False,35,2019,AE
1516942,Bhupinder,INC,16578,8830,7.06253099355334,4,35,51,HR,Bhupinder,INC,,,,,False,35,2019,AE
1516943,Subhash Dhansu,BSP,16581,3768,3.01377313518788,5,35,51,HR,Subhash Dhansu,BSP,,,,,False,35,2019,AE
1516944,Satyavir Ladwa,IND,16584,2083,1.66605346088013,6,35,51,HR,Satyavir Ladwa,IND,,,,,False,35,2019,AE
1516945,Mahavir Satrod,LTSP,16617,1952,1.56127525474701,7,35,51,HR,Mahavir Satrod,LTSP,,,,,False,35,2019,AE
1516946,Anil Kumar Sharma Satrodia,SWARAJ,16613,720,0.575880216914881,8,35,51,HR,Anil Kumar Sharma Satrodia,SWARAJ,,,,,False,35,2019,AE
1516947,Raghuvinder Khokha,INLD,16579,694,0.555084542415177,9,35,51,HR,Raghuvinder Khokha,INLD,,,,,False,35,2019,AE
1516948,None Of The Above,NOTA,16583,669,0.535088701550077,10,35,51,HR,None Of The Above,NOTA,,,,,True,35,2019,AE
1516949,Raghuvir Singh Advocate,IND,16584,632,0.505494857069729,11,35,51,HR,Raghuvir Singh Advocate,IND,,,,,False,35,2019,AE
1516950,Vijay Kumar,SHS,16663,379,0.303136947514916,12,35,51,HR,Vijay Kumar,SHS,,,,,False,35,2019,AE
1517139,Dr.Kamal Gupta S/O Manphool Singh,BJP,16577,49675,50.3920792882721,1,35,52,HR,Dr.Kamal Gupta S/O Manphool Singh,BJP,,,,,True,35,2019,AE
1517140,Ramniwas Rara,INC,16578,33843,34.331537782647,2,35,52,HR,Ramniwas Rara,INC,,,,,False,35,2019,AE
1517141,Jitender Sheoran Manav,JNJP,16599,6143,6.23167676029905,3,35,52,HR,Jitender Sheoran Manav,JNJP,,,,,False,35,2019,AE
1517142,Amit Grover,IND,16584,2438,2.47319354413301,4,35,52,HR,Amit Grover,IND,,,,,False,35,2019,AE
1517143,Manju Dahiya,BSP,16581,1578,1.60077908639946,5,35,52,HR,Manju Dahiya,BSP,,,,,False,35,2019,AE
1517144,None Of The Above,NOTA,16583,1523,1.54498513852115,6,35,52,HR,None Of The Above,NOTA,,,,,True,35,2019,AE
1517145,Pramod Bagri (Valmiki),INLD,16579,824,0.835894782758655,7,35,52,HR,Pramod Bagri (Valmiki),INLD,,,,,False,35,2019,AE
1517146,Parveen Soni,IND,16584,481,0.487943435081205,8,35,52,HR,Parveen Soni,IND,,,,,False,35,2019,AE
1517147,Sachin Grover,LTSP,16617,358,0.363167878916988,9,35,52,HR,Sachin Grover,LTSP,,,,,False,35,2019,AE
1517148,Kamal Handa,IND,16584,323,0.327662639358065,10,35,52,HR,Kamal Handa,IND,,,,,False,35,2019,AE
1517149,Gourav Nasha,PPID,16590,314,0.318532720614342,11,35,52,HR,Gourav Nasha,PPID,,,,,False,35,2019,AE
1517150,Shobha Nehru,BKNP,16717,292,0.296215141463018,12,35,52,HR,Shobha Nehru,BKNP,,,,,False,35,2019,AE
1517151,Dr. Bhoop Singh,IND,16584,209,0.212017001937571,13,35,52,HR,Dr. Bhoop Singh,IND,,,,,False,35,2019,AE
1517152,Savitri Devi,IND,16584,208,0.211002566521602,14,35,52,HR,Savitri Devi,IND,,,,,True,35,2019,AE
1517153,Nand Kishore Chawla,sjsp,16671,202,0.204915954025786,15,35,52,HR,Nand Kishore Chawla,sjsp,,,,,True,35,2019,AE
1517154,Anil Mahla,IND,16584,130,0.131876604076001,16,35,52,HR,Anil Mahla,IND,,,,,False,35,2019,AE
1517155,Sandeep Saini Farmana,JMBP,16652,36,0.0365196749748927,17,35,52,HR,Sandeep Saini Farmana,JMBP,,,,,False,35,2019,AE
1517357,Ranbir Singh,BJP,16577,47523,41.0856935366739,1,35,53,HR,Ranbir Singh,BJP,,,,,False,35,2019,AE
1517358,Randhir Panihar,INC,16578,37851,32.7238302728498,2,35,53,HR,Randhir Panihar,INC,,,,,False,35,2019,AE
1517359,Virender Choudhary,JNJP,16599,20516,17.7369713317425,3,35,53,HR,Virender Choudhary,JNJP,,,,,False,35,2019,AE
1517360,Advocate Bajrang Indal,BSP,16581,3510,3.03454715219421,4,35,53,HR,Advocate Bajrang Indal,BSP,,,,,False,35,2019,AE
1517361,Randeep Lohchab,IND,16584,1828,1.58038524051595,5,35,53,HR,Randeep Lohchab,IND,,,,,False,35,2019,AE
1517362,Satpal Kajla,INLD,16579,1286,1.11180274578967,6,35,53,HR,Satpal Kajla,INLD,,,,,False,35,2019,AE
1517363,None Of The Above,NOTA,16583,504,0.435729847494553,7,35,53,HR,None Of The Above,NOTA,,,,,True,35,2019,AE
1517364,Chaudhary Bhajan Lal,BMUP,16588,472,0.408064460352042,8,35,53,HR,Chaudhary Bhajan Lal,BMUP,,,,,False,35,2019,AE
1517365,Ravinder Mangali,IND,16584,464,0.401148113566414,9,35,53,HR,Ravinder Mangali,IND,,,,,False,35,2019,AE
1517366,Raj Kumar Khundia,IND,16584,418,0.361379119549054,10,35,53,HR,Raj Kumar Khundia,IND,,,,,False,35,2019,AE
1517367,Ran Singh Panwar,RABSP,16702,351,0.303454715219421,11,35,53,HR,Ran Singh Panwar,RABSP,,,,,False,35,2019,AE
1517368,Virender Singh Bagoria,SWARAJ,16613,285,0.246394854237991,12,35,53,HR,Virender Singh Bagoria,SWARAJ,,,,,False,35,2019,AE
1517369,Seema Sihag,SHPP,16600,237,0.204896773524224,13,35,53,HR,Seema Sihag,SHPP,,,,,False,35,2019,AE
1517370,Sandeep Hindustani,IND,16584,180,0.155617802676626,14,35,53,HR,Sandeep Hindustani,IND,,,,,False,35,2019,AE
1517371,Pawan Kumar,IND,16584,140,0.121036068748487,15,35,53,HR,Pawan Kumar,IND,,,,,False,35,2019,AE
1517372,Jasbir,IND,16584,103,0.0890479648649583,16,35,53,HR,Jasbir,IND,,,,,False,35,2019,AE
1517545,Jai Parkash Dalal,BJP,16577,61365,44.0163828596841,1,35,54,HR,Jai Parkash Dalal,BJP,,,,,True,35,2019,AE
1517546,Somvir Singh S/O Ganpat Ram,INC,16578,43688,31.3368815183554,2,35,54,HR,Somvir Singh S/O Ganpat Ram,INC,,,,,True,35,2019,AE
1517547,Alka Arya,JNJP,16599,27515,19.736181445192,3,35,54,HR,Alka Arya,JNJP,,,,,False,35,2019,AE
1517548,Ramesh,BSP,16581,1812,1.29972599595449,4,35,54,HR,Ramesh,BSP,,,,,False,35,2019,AE
1517549,Raj Singh Gagarwas,INLD,16579,1782,1.27820735363736,5,35,54,HR,Raj Singh Gagarwas,INLD,,,,,False,35,2019,AE
1517550,Raj Kumar,LTSP,16617,771,0.553029107550174,6,35,54,HR,Raj Kumar,LTSP,,,,,False,35,2019,AE
1517551,None Of The Above,NOTA,16583,639,0.458347081354813,7,35,54,HR,None Of The Above,NOTA,,,,,True,35,2019,AE
1517552,Sajjan Bhardwaj,IND,16584,469,0.336408108224425,8,35,54,HR,Sajjan Bhardwaj,IND,,,,,False,35,2019,AE
1517553,Rajender Singh,RBC,16716,397,0.284763366663319,9,35,54,HR,Rajender Singh,RBC,,,,,True,35,2019,AE
1517554,Azad Singh,SWARAJ,16613,261,0.187212188159008,10,35,54,HR,Azad Singh,SWARAJ,,,,,False,35,2019,AE
1517555,Suresh Kumar,IND,16584,224,0.160672529301217,11,35,54,HR,Suresh Kumar,IND,,,,,False,35,2019,AE
1517556,Bharath Ram,IND,16584,216,0.154934224683317,12,35,54,HR,Bharath Ram,IND,,,,,False,35,2019,AE
1517557,Vedparkash,IND,16584,114,0.0817708408050841,13,35,54,HR,Vedparkash,IND,,,,,False,35,2019,AE
1517558,Subhash Chand,IND,16584,112,0.0803362646506089,14,35,54,HR,Subhash Chand,IND,,,,,False,35,2019,AE
1517559,Jai Kumar,IND,16584,49,0.0351471157846414,15,35,54,HR,Jai Kumar,IND,,,,,False,35,2019,AE
1517704,Naina Singh Chautala,JNJP,16599,52938,40.0948254968492,1,35,55,HR,Naina Singh Chautala,JNJP,,,,,False,35,2019,AE
1517705,Ranbir Singh Mahendra,INC,16578,39234,29.7155235094522,2,35,55,HR,Ranbir Singh Mahendra,INC,,,,,True,35,2019,AE
1517706,Sukhvinder,BJP,16577,33169,25.1219401357246,3,35,55,HR,Sukhvinder,BJP,,,,,True,35,2019,AE
1517707,Shiv Kumar,BSP,16581,2994,2.26763208919049,4,35,55,HR,Shiv Kumar,BSP,,,,,False,35,2019,AE
1517708,Vijay Kumar,INLD,16579,2163,1.63823921473582,5,35,55,HR,Vijay Kumar,INLD,,,,,False,35,2019,AE
1517709,Vijay Kumar,SHPP,16600,667,0.50518056228793,6,35,55,HR,Vijay Kumar,SHPP,,,,,False,35,2019,AE
1517710,None Of The Above,NOTA,16583,401,0.303714251090644,7,35,55,HR,None Of The Above,NOTA,,,,,True,35,2019,AE
1517711,Mahender,IND,16584,223,0.168898448860882,8,35,55,HR,Mahender,IND,,,,,False,35,2019,AE
1517712,Pawan Kumar,IND,16584,102,0.077253999030538,9,35,55,HR,Pawan Kumar,IND,,,,,False,35,2019,AE
1517713,Ranbir,IND,16584,87,0.0658931168201648,10,35,55,HR,Ranbir,IND,,,,,False,35,2019,AE
1517714,Mangal Shen,IND,16584,54,0.0408991759573436,11,35,55,HR,Mangal Shen,IND,,,,,False,35,2019,AE
1517865,Somvir,IND,16584,43849,34.6626930799513,1,35,56,HR,Somvir,IND,,,,,False,35,2019,AE
1517866,Satpal,JNJP,16599,29577,23.380658013312,2,35,56,HR,Satpal,JNJP,,,,,False,35,2019,AE
1517867,Babita Kumari,BJP,16577,24786,19.5933661127887,3,35,56,HR,Babita Kumari,BJP,,,,,False,35,2019,AE
1517868,Surender Singh,RtrJP,16612,8728,6.89949566014766,4,35,56,HR,Surender Singh,RtrJP,,,,,False,35,2019,AE
1517869,Major Nirpender Singh Sangwan,INC,16578,8022,6.3414017169689,5,35,56,HR,Major Nirpender Singh Sangwan,INC,,,,,False,35,2019,AE
1517870,Bakshi Saini,BSP,16581,7656,6.0520782280122,6,35,56,HR,Bakshi Saini,BSP,,,,,False,35,2019,AE
1517871,Nitin Pal Janghu,INLD,16579,919,0.726470727735529,7,35,56,HR,Nitin Pal Janghu,INLD,,,,,False,35,2019,AE
1517872,None Of The Above,NOTA,16583,593,0.468767292216723,8,35,56,HR,None Of The Above,NOTA,,,,,True,35,2019,AE
1517873,Anita W/O Arvind Pal,BSCP,16585,466,0.368373622551422,9,35,56,HR,Anita W/O Arvind Pal,BSCP,,,,,False,35,2019,AE
1517874,Sanjeev Godara,SWARAJ,16613,406,0.320943542394586,10,35,56,HR,Sanjeev Godara,SWARAJ,,,,,False,35,2019,AE
1517875,Kulvir,IND,16584,401,0.31699103571485,11,35,56,HR,Kulvir,IND,,,,,False,35,2019,AE
1517876,Lalit Kumar,IND,16584,246,0.194463328643025,12,35,56,HR,Lalit Kumar,IND,,,,,False,35,2019,AE
1517877,Rajesh Singh,IND,16584,195,0.154147760509715,13,35,56,HR,Rajesh Singh,IND,,,,,False,35,2019,AE
1517878,Lakhan Singh,VINPA,16707,170,0.134385227111033,14,35,56,HR,Lakhan Singh,VINPA,,,,,False,35,2019,AE
1517879,Anita D/O Sombir,IND,16584,140,0.110670187032616,15,35,56,HR,Anita D/O Sombir,IND,,,,,False,35,2019,AE
1517880,Naresh Kumar,IND,16584,126,0.0996031683293544,16,35,56,HR,Naresh Kumar,IND,,,,,False,35,2019,AE
1517881,Bhaskar Vashishtha,IND,16584,120,0.0948601603136709,17,35,56,HR,Bhaskar Vashishtha,IND,,,,,False,35,2019,AE
1517882,Pyare Lal,IND,16584,102,0.0806311362666202,18,35,56,HR,Pyare Lal,IND,,,,,False,35,2019,AE
1518052,Ghansyam Saraf,BJP,16577,61704,47.3953452646132,1,35,57,HR,Ghansyam Saraf,BJP,,,,,True,35,2019,AE
1518053,Dr. Shiv Shanker Bhardwaj,JNJP,16599,33820,25.9774176204009,2,35,57,HR,Dr. Shiv Shanker Bhardwaj,JNJP,,,,,False,35,2019,AE
1518054,Amar Singh Haluwasia,INC,16578,18682,14.3497964513403,3,35,57,HR,Amar Singh Haluwasia,INC,,,,,False,35,2019,AE
1518055,Amit Balmiki,BSP,16581,8012,6.15408249481526,4,35,57,HR,Amit Balmiki,BSP,,,,,False,35,2019,AE
1518056,Aman Tanwar Raghav,LTSP,16617,1785,1.37107304708502,5,35,57,HR,Aman Tanwar Raghav,LTSP,,,,,False,35,2019,AE
1518057,Anil Kathpalia,INLD,16579,1228,0.94323680774253,6,35,57,HR,Anil Kathpalia,INLD,,,,,False,35,2019,AE
1518058,None Of The Above,NOTA,16583,777,0.596820032260542,7,35,57,HR,None Of The Above,NOTA,,,,,True,35,2019,AE
1518059,Raj Kumar Basia,SUCI(C),16653,712,0.546893002534756,8,35,57,HR,Raj Kumar Basia,SUCI(C),,,,,False,35,2019,AE
1518060,Rajender Singh Yadav,SWARAJ,16613,706,0.542284353636992,9,35,57,HR,Rajender Singh Yadav,SWARAJ,,,,,False,35,2019,AE
1518061,Dinesh Urf Lala Pahalwan,IND,16584,671,0.51540056840003,10,35,57,HR,Dinesh Urf Lala Pahalwan,IND,,,,,False,35,2019,AE
1518062,Kuldeep Singh,AAAP,16580,335,0.257316230125201,11,35,57,HR,Kuldeep Singh,AAAP,,,,,False,35,2019,AE
1518063,Nardev Jangra,SHPP,16600,290,0.222751363391965,12,35,57,HR,Nardev Jangra,SHPP,,,,,False,35,2019,AE
1518064,Suresh Chand,PPID,16590,261,0.200476227052769,13,35,57,HR,Suresh Chand,PPID,,,,,False,35,2019,AE
1518065,Jai Parkash,ABHM,16724,235,0.180505415162454,14,35,57,HR,Jai Parkash,ABHM,,,,,False,35,2019,AE
1518066,Pawan Kumar,BMUP,16588,234,0.179737307012827,15,35,57,HR,Pawan Kumar,BMUP,,,,,False,35,2019,AE
1518067,Jai Bhagwan,IND,16584,228,0.175128658115062,16,35,57,HR,Jai Bhagwan,IND,,,,,False,35,2019,AE
1518068,Satish Kumar,IND,16584,174,0.133650818035179,17,35,57,HR,Satish Kumar,IND,,,,,False,35,2019,AE
1518069,Neeraj Kumar,IND,16584,131,0.100622167601198,18,35,57,HR,Neeraj Kumar,IND,,,,,False,35,2019,AE
1518070,Narender Kumar Sharma,IND,16584,116,0.0891005453567862,19,35,57,HR,Narender Kumar Sharma,IND,,,,,False,35,2019,AE
1518071,Jagat Singh,VINPA,16707,89,0.0683616253168446,20,35,57,HR,Jagat Singh,VINPA,,,,,False,35,2019,AE
1518230,Kiran Choudhary,INC,16578,72699,49.72435774671,1,35,58,HR,Kiran Choudhary,INC,,,,,True,35,2019,AE
1518231,Shashi Ranjan Parmar,BJP,16577,54640,37.3724385105742,2,35,58,HR,Shashi Ranjan Parmar,BJP,,,,,False,35,2019,AE
1518232,Sita Ram,JNJP,16599,7522,5.14486607753549,3,35,58,HR,Sita Ram,JNJP,,,,,False,35,2019,AE
1518233,Narender Lara,BSP,16581,4513,3.08678285135837,4,35,58,HR,Narender Lara,BSP,,,,,False,35,2019,AE
1518234,Kamla Rani,INLD,16579,2094,1.43224535580421,5,35,58,HR,Kamla Rani,INLD,,,,,True,35,2019,AE
1518235,Pawan Hindustani,AAAP,16580,865,0.591639079642143,6,35,58,HR,Pawan Hindustani,AAAP,,,,,False,35,2019,AE
1518236,Sanjay Kumar,BKNP,16717,565,0.386446335257585,7,35,58,HR,Sanjay Kumar,BKNP,,,,,False,35,2019,AE
1518237,Mani Ram Saroha,LTSP,16617,437,0.29889743098684,8,35,58,HR,Mani Ram Saroha,LTSP,,,,,False,35,2019,AE
1518238,Randhir Singh,IND,16584,377,0.257858882109928,9,35,58,HR,Randhir Singh,IND,,,,,False,35,2019,AE
1518239,Mangal Singh Khreta,IND,16584,290,0.198352986238406,10,35,58,HR,Mangal Singh Khreta,IND,,,,,False,35,2019,AE
1518240,Rohtash,SUCI(C),16653,287,0.196301058794561,11,35,58,HR,Rohtash,SUCI(C),,,,,False,35,2019,AE
1518241,Ramakant Sharma,IND,16584,284,0.194249131350715,12,35,58,HR,Ramakant Sharma,IND,,,,,False,35,2019,AE
1518242,Ashish,IND,16584,267,0.182621542502257,13,35,58,HR,Ashish,IND,,,,,False,35,2019,AE
1518243,Youdhvir Singh Ahlawat,SWARAJ,16613,238,0.162786243878416,14,35,58,HR,Youdhvir Singh Ahlawat,SWARAJ,,,,,False,35,2019,AE
1518244,None Of The Above,NOTA,16583,231,0.15799841317611,15,35,58,HR,None Of The Above,NOTA,,,,,True,35,2019,AE
1518245,Surender Singh,BMUP,16588,167,0.114223961040737,16,35,58,HR,Surender Singh,BMUP,,,,,False,35,2019,AE
1518246,Jagbir Singh,IND,16584,165,0.112856009411507,17,35,58,HR,Jagbir Singh,IND,,,,,False,35,2019,AE
1518247,Randhir Singh,IND,16584,152,0.103964323821509,18,35,58,HR,Randhir Singh,IND,,,,,False,35,2019,AE
1518248,Rajnish Kumar,IND,16584,143,0.0978085414899729,19,35,58,HR,Rajnish Kumar,IND,,,,,False,35,2019,AE
1518249,Suresh Kumar,PPID,16590,130,0.0889168558999753,20,35,58,HR,Suresh Kumar,PPID,,,,,False,35,2019,AE
1518250,Rakesh Kumar,IND,16584,75,0.0512981860961396,21,35,58,HR,Rakesh Kumar,IND,,,,,False,35,2019,AE
1518251,Rajesh,BAHUMP,16619,63,0.0430904763207572,22,35,58,HR,Rajesh,BAHUMP,,,,,False,35,2019,AE
1518425,Bishamber Singh,BJP,16577,52387,38.5051303913209,1,35,59,HR,Bishamber Singh,BJP,,,,,True,35,2019,AE
1518426,Ram Kishan Fouji S/O Dharampal,INC,16578,41492,30.4971628494987,2,35,59,HR,Ram Kishan Fouji S/O Dharampal,INC,,,,,True,35,2019,AE
1518427,Ram Singh Vaid,JNJP,16599,22934,16.8567900508629,3,35,59,HR,Ram Singh Vaid,JNJP,,,,,False,35,2019,AE
1518428,Vikas,RtrJP,16612,9380,6.89442272072442,4,35,59,HR,Vikas,RtrJP,,,,,False,35,2019,AE
1518429,Banarsi Dass,BSP,16581,3499,2.57181077823185,5,35,59,HR,Banarsi Dass,BSP,,,,,False,35,2019,AE
1518430,Dharam Devi,INLD,16579,997,0.732808043983182,6,35,59,HR,Dharam Devi,INLD,,,,,False,35,2019,AE
1518431,Ram Mehar Singh,CPIM,16656,923,0.678417075823949,7,35,59,HR,Ram Mehar Singh,CPIM,,,,,False,35,2019,AE
1518432,Ramtilak,BaSaPa,16629,837,0.615205950665921,8,35,59,HR,Ramtilak,BaSaPa,,,,,False,35,2019,AE
1518433,Savita Nanda,AAAP,16580,700,0.514509158263017,9,35,59,HR,Savita Nanda,AAAP,,,,,False,35,2019,AE
1518434,Suresh Kumar Divyang,IND,16584,686,0.504218975097756,10,35,59,HR,Suresh Kumar Divyang,IND,,,,,False,35,2019,AE
1518435,Bir Singh,IND,16584,537,0.394702025696057,11,35,59,HR,Bir Singh,IND,,,,,False,35,2019,AE
1518436,Jitender Singh,SHPP,16600,410,0.301355364125481,12,35,59,HR,Jitender Singh,SHPP,,,,,False,35,2019,AE
1518437,Sandeep Kataria,BMUP,16588,301,0.221238938053097,13,35,59,HR,Sandeep Kataria,BMUP,,,,,False,35,2019,AE
1518438,None Of The Above,NOTA,16583,285,0.209478728721371,14,35,59,HR,None Of The Above,NOTA,,,,,True,35,2019,AE
1518439,Suraj Bhatoliya,BKNP,16717,266,0.195513480139946,15,35,59,HR,Suraj Bhatoliya,BKNP,,,,,False,35,2019,AE
1518440,Ratanlal,IND,16584,199,0.146267603563343,16,35,59,HR,Ratanlal,IND,,,,,False,35,2019,AE
1518441,Vinod Kumar,RMEP,16681,140,0.102901831652603,17,35,59,HR,Vinod Kumar,RMEP,,,,,False,35,2019,AE
1518442,Surya Parkash,IND,16584,79,0.0580660335753976,18,35,59,HR,Surya Parkash,IND,,,,,False,35,2019,AE
1518587,Balraj Kundu,IND,16584,49418,35.3928681415485,1,35,60,HR,Balraj Kundu,IND,,,,,False,35,2019,AE
1518588,Anand Singh,INC,16578,37371,26.7648807179127,2,35,60,HR,Anand Singh,INC,,,,,True,35,2019,AE
1518589,Shamsher,BJP,16577,36106,25.8588954858301,3,35,60,HR,Shamsher,BJP,,,,,True,35,2019,AE
1518590,Anil Kumar Bintu,BSP,16581,8895,6.37054437895249,4,35,60,HR,Anil Kumar Bintu,BSP,,,,,False,35,2019,AE
1518591,Hargian Mokhra,JNJP,16599,5122,3.66834494761041,5,35,60,HR,Hargian Mokhra,JNJP,,,,,False,35,2019,AE
1518592,Thakur Joginder Pal Singh Samar,LTSP,16617,1063,0.761314072493142,6,35,60,HR,Thakur Joginder Pal Singh Samar,LTSP,,,,,False,35,2019,AE
1518593,Parmjeet,IND,16584,288,0.206263831493908,7,35,60,HR,Parmjeet,IND,,,,,False,35,2019,AE
1518594,Satyavan Parashar,IND,16584,203,0.145387353448831,8,35,60,HR,Satyavan Parashar,IND,,,,,False,35,2019,AE
1518595,None Of The Above,NOTA,16583,200,0.143238771870769,9,35,60,HR,None Of The Above,NOTA,,,,,True,35,2019,AE
1518596,Ramesh,IND,16584,140,0.100267140309538,10,35,60,HR,Ramesh,IND,,,,,False,35,2019,AE
1518597,Ranbir Singh,IND,16584,139,0.0995509464501851,11,35,60,HR,Ranbir Singh,IND,,,,,False,35,2019,AE
1518598,Mukesh Kumar,IND,16584,127,0.0909566201379389,12,35,60,HR,Mukesh Kumar,IND,,,,,False,35,2019,AE
1518599,Nakul,IND,16584,109,0.0780651306695696,13,35,60,HR,Nakul,IND,,,,,False,35,2019,AE
1518601,Jaibir,IND,16584,72,0.0515659578734771,14,35,60,HR,Jaibir,IND,,,,,False,35,2019,AE
1518600,Ranvir,IND,16584,72,0.0515659578734771,14,35,60,HR,Ranvir,IND,,,,,False,35,2019,AE
1518602,Kashmir Saharan,IND,16584,62,0.0444040192799386,16,35,60,HR,Kashmir Saharan,IND,,,,,False,35,2019,AE
1518603,Dr. Harbir Singh Rathee,IND,16584,56,0.0401068561238155,17,35,60,HR,Dr. Harbir Singh Rathee,IND,,,,,False,35,2019,AE
1518604,Naresh,IND,16584,51,0.0365258868270463,18,35,60,HR,Naresh,IND,,,,,False,35,2019,AE
1518605,Sonu Kharkara,RasLP,16591,49,0.0350934991083386,19,35,60,HR,Sonu Kharkara,RasLP,,,,,False,35,2019,AE
1518606,Surender Singh Dangi,IND,16584,42,0.0300801420928616,20,35,60,HR,Surender Singh Dangi,IND,,,,,False,35,2019,AE
1518607,Jalkaran Balhara,IND,16584,23,0.0164724587651385,21,35,60,HR,Jalkaran Balhara,IND,,,,,False,35,2019,AE
1518608,Dalip,IND,16584,19,0.0136076833277231,22,35,60,HR,Dalip,IND,,,,,False,35,2019,AE
1518731,Bhupinder Singh,INC,16578,97755,65.815873101368,1,35,61,HR,Bhupinder Singh,INC,,,,,True,35,2019,AE
1518732,Satish Kumar,BJP,16577,39443,26.5559355811698,2,35,61,HR,Satish Kumar,BJP,,,,,False,35,2019,AE
1518733,Dr Sandeep Hooda,JNJP,16599,5437,3.66058924916514,3,35,61,HR,Dr Sandeep Hooda,JNJP,,,,,False,35,2019,AE
1518734,Dr Kamlesh Kumar Saini,LTSP,16617,2433,1.63807497576214,4,35,61,HR,Dr Kamlesh Kumar Saini,LTSP,,,,,False,35,2019,AE
1518735,Krishan,INLD,16579,1447,0.974227081762361,5,35,61,HR,Krishan,INLD,,,,,False,35,2019,AE
1518736,Muni Pal,AAAP,16580,714,0.480717440482602,6,35,61,HR,Muni Pal,AAAP,,,,,False,35,2019,AE
1518737,Amit Kumar,SHPP,16600,599,0.403290961973499,7,35,61,HR,Amit Kumar,SHPP,,,,,False,35,2019,AE
1518738,None Of The Above,NOTA,16583,353,0.237665625336636,8,35,61,HR,None Of The Above,NOTA,,,,,True,35,2019,AE
1518739,Krishan,IND,16584,154,0.10368415382958,9,35,61,HR,Krishan,IND,,,,,True,35,2019,AE
1518740,Sanjay,IND,16584,135,0.0908919530324248,10,35,61,HR,Sanjay,IND,,,,,False,35,2019,AE
1518741,Ashok Kumar,IND,16584,58,0.0390498761176343,11,35,61,HR,Ashok Kumar,IND,,,,,False,35,2019,AE
1518859,Bharat Bhushan Batra,INC,16578,50437,43.9266336297367,1,35,62,HR,Bharat Bhushan Batra,INC,,,,,True,35,2019,AE
1518860,Manish Kumar Grover,BJP,16577,47702,41.5446651744889,2,35,62,HR,Manish Kumar Grover,BJP,,,,,True,35,2019,AE
1518861,Mohit Dhanwantri,IND,16584,9817,8.54982973497879,3,35,62,HR,Mohit Dhanwantri,IND,,,,,False,35,2019,AE
1518862,Ramchander Jangra,LTSP,16617,1728,1.50495118488778,4,35,62,HR,Ramchander Jangra,LTSP,,,,,False,35,2019,AE
1518863,Rajesh Saini,JNJP,16599,1672,1.45617961871086,5,35,62,HR,Rajesh Saini,JNJP,,,,,False,35,2019,AE
1518864,Poonam,BSP,16581,1488,1.2959301869867,6,35,62,HR,Poonam,BSP,,,,,False,35,2019,AE
1518865,None Of The Above,NOTA,16583,1030,0.897048449325471,7,35,62,HR,None Of The Above,NOTA,,,,,True,35,2019,AE
1518866,Puneet,INLD,16579,484,0.421525679100512,8,35,62,HR,Puneet,INLD,,,,,False,35,2019,AE
1518867,Dr.R.K.Mudgil,IND,16584,188,0.163733115022513,9,35,62,HR,Dr.R.K.Mudgil,IND,,,,,False,35,2019,AE
1518868,Bharat Bhushan,IND,16584,78,0.0679318243178512,10,35,62,HR,Bharat Bhushan,IND,,,,,False,35,2019,AE
1518869,Pardeep Sangwan,BAHUMP,16619,52,0.0452878828785675,11,35,62,HR,Pardeep Sangwan,BAHUMP,,,,,False,35,2019,AE
1518870,Amarjit,VoP,16731,40,0.0348368329835134,12,35,62,HR,Amarjit,VoP,,,,,False,35,2019,AE
1518871,Santosh Gulia,RPPRINAT,16732,39,0.0339659121589256,13,35,62,HR,Santosh Gulia,RPPRINAT,,,,,False,35,2019,AE
1518872,Arun Lathar,IND,16584,36,0.0313531496851621,14,35,62,HR,Arun Lathar,IND,,,,,False,35,2019,AE
1518873,Aashish,IND,16584,30,0.0261276247376351,15,35,62,HR,Aashish,IND,,,,,False,35,2019,AE
1518992,Shakuntla,INC,16578,62151,46.5348387966276,1,35,63,HR,Shakuntla,INC,,,,,True,35,2019,AE
1518993,Ramavtar,BJP,16577,51527,38.5802422917384,2,35,63,HR,Ramavtar,BJP,,,,,True,35,2019,AE
1518994,Rajender Valmiki,JNJP,16599,8482,6.35079890384701,3,35,63,HR,Rajender Valmiki,JNJP,,,,,False,35,2019,AE
1518995,Kashmiri Devi,BSP,16581,5613,4.20266850357148,4,35,63,HR,Kashmiri Devi,BSP,,,,,False,35,2019,AE
1518996,Phul Singh,LTSP,16617,2219,1.66145045598167,5,35,63,HR,Phul Singh,LTSP,,,,,False,35,2019,AE
1518997,Baljraj Khasa Bhalli,INLD,16579,1100,0.823612213420386,6,35,63,HR,Baljraj Khasa Bhalli,INLD,,,,,False,35,2019,AE
1518998,Kamlesh,CPIM,16656,795,0.595247008790188,7,35,63,HR,Kamlesh,CPIM,,,,,False,35,2019,AE
1518999,None Of The Above,NOTA,16583,519,0.388595217059255,8,35,63,HR,None Of The Above,NOTA,,,,,True,35,2019,AE
1519000,Advocate Mukesh Singh,IND,16584,233,0.174456041569954,9,35,63,HR,Advocate Mukesh Singh,IND,,,,,False,35,2019,AE
1519001,Satyavir Singh,BAHUMP,16619,228,0.170712349690771,10,35,63,HR,Satyavir Singh,BAHUMP,,,,,False,35,2019,AE
1519002,Sunil Biddu,BJSAP,16621,182,0.136270384402282,11,35,63,HR,Sunil Biddu,BJSAP,,,,,False,35,2019,AE
1519003,Om Parkash Kayat,IND,16584,180,0.134772907650608,12,35,63,HR,Om Parkash Kayat,IND,,,,,False,35,2019,AE
1519004,Basant,BMUP,16588,171,0.128034262268078,13,35,63,HR,Basant,BMUP,,,,,False,35,2019,AE
1519005,Mahabir,PPID,16590,158,0.1183006633822,14,35,63,HR,Mahabir,PPID,,,,,False,35,2019,AE
1519126,Rajinder Singh Joon,INC,16578,55825,40.7663266125793,1,35,64,HR,Rajinder Singh Joon,INC,,,,,True,35,2019,AE
1519127,Naresh Kaushik,BJP,16577,40334,29.4539904629068,2,35,64,HR,Naresh Kaushik,BJP,,,,,True,35,2019,AE
1519128,Nafe Singh Rathi,INLD,16579,24799,18.1095232183673,3,35,64,HR,Nafe Singh Rathi,INLD,,,,,False,35,2019,AE
1519129,Sanjay Dalal,JNJP,16599,5495,4.01273559760185,4,35,64,HR,Sanjay Dalal,JNJP,,,,,False,35,2019,AE
1519130,Kishan Lal Panchal,LTSP,16617,3545,2.58874389326634,5,35,64,HR,Kishan Lal Panchal,LTSP,,,,,False,35,2019,AE
1519131,Ashish,BSP,16581,2540,1.8548404764165,6,35,64,HR,Ashish,BSP,,,,,False,35,2019,AE
1519132,Anita,AAAP,16580,2280,1.66497491583843,7,35,64,HR,Anita,AAAP,,,,,False,35,2019,AE
1519133,None Of The Above,NOTA,16583,523,0.381921877624343,8,35,64,HR,None Of The Above,NOTA,,,,,True,35,2019,AE
1519134,Virender,IND,16584,493,0.360014312942258,9,35,64,HR,Virender,IND,,,,,False,35,2019,AE
1519135,Naval Naveen,SHS,16663,211,0.154083204930662,10,35,64,HR,Naval Naveen,SHS,,,,,False,35,2019,AE
1519136,Mandeep Singh,IND,16584,183,0.133636144560716,11,35,64,HR,Mandeep Singh,IND,,,,,False,35,2019,AE
1519137,Bharat Mandauthi,SUCI(C),16653,158,0.115379840658979,12,35,64,HR,Bharat Mandauthi,SUCI(C),,,,,False,35,2019,AE
1519138,Parveen Kumar,IND,16584,127,0.0927420238208253,13,35,64,HR,Parveen Kumar,IND,,,,,False,35,2019,AE
1519139,Ved Parkash,PPID,16590,125,0.0912815195086863,14,35,64,HR,Ved Parkash,PPID,,,,,False,35,2019,AE
1519140,Dev Dutt,IND,16584,106,0.077406728543366,15,35,64,HR,Dev Dutt,IND,,,,,True,35,2019,AE
1519141,Jagdish,IND,16584,70,0.0511176509248643,16,35,64,HR,Jagdish,IND,,,,,False,35,2019,AE
1519142,Ramu Prajapati,RAM,16733,64,0.0467361379884474,17,35,64,HR,Ramu Prajapati,RAM,,,,,False,35,2019,AE
1519143,Sunil Kumar,IND,16584,61,0.0445453815202389,18,35,64,HR,Sunil Kumar,IND,,,,,False,35,2019,AE
1519269,Kuldeep Vats,INC,16578,45441,37.539033457249,1,35,65,HR,Kuldeep Vats,INC,,,,,False,35,2019,AE
1519270,Om Prakash Dhankar,BJP,16577,34196,28.2494836844279,2,35,65,HR,Om Prakash Dhankar,BJP,,,,,True,35,2019,AE
1519271,Sanjay Kablana,JNJP,16599,28145,23.2507228418009,3,35,65,HR,Sanjay Kablana,JNJP,,,,,False,35,2019,AE
1519272,Dharmpal,IND,16584,5474,4.52209830648492,4,35,65,HR,Dharmpal,IND,,,,,False,35,2019,AE
1519273,Pradeep Raiya,BSP,16581,3955,3.26724494010739,5,35,65,HR,Pradeep Raiya,BSP,,,,,False,35,2019,AE
1519274,Naresh Pal,RtrJP,16612,1521,1.25650557620817,6,35,65,HR,Naresh Pal,RtrJP,,,,,False,35,2019,AE
1519275,Ramesh Achary,IND,16584,499,0.412226352746798,7,35,65,HR,Ramesh Achary,IND,,,,,False,35,2019,AE
1519276,Mahabir Gulia,INLD,16579,389,0.321354812061131,8,35,65,HR,Mahabir Gulia,INLD,,,,,False,35,2019,AE
1519277,Sukhbir Prajapati,DSPVAD,16728,353,0.291615035109458,9,35,65,HR,Sukhbir Prajapati,DSPVAD,,,,,False,35,2019,AE
1519278,Surender Nagal,AAAP,16580,330,0.272614622057001,10,35,65,HR,Surender Nagal,AAAP,,,,,False,35,2019,AE
1519279,None Of The Above,NOTA,16583,271,0.22387443205287,11,35,65,HR,None Of The Above,NOTA,,,,,True,35,2019,AE
1519280,Sandeep Gulia,IND,16584,167,0.137959520859149,12,35,65,HR,Sandeep Gulia,IND,,,,,False,35,2019,AE
1519281,Virender Supplier,IND,16584,111,0.0916976456009913,13,35,65,HR,Virender Supplier,IND,,,,,False,35,2019,AE
1519282,Manjeet Khudan,JMBP,16652,100,0.0826104915324246,14,35,65,HR,Manjeet Khudan,JMBP,,,,,False,35,2019,AE
1519283,Satender,IND,16584,70,0.0578273440726972,15,35,65,HR,Satender,IND,,,,,True,35,2019,AE
1519284,Vinod Kumar,IND,16584,28,0.0231309376290788,16,35,65,HR,Vinod Kumar,IND,,,,,False,35,2019,AE
1519400,Geeta,INC,16578,46480,41.7955542766707,1,35,66,HR,Geeta,INC,,,,,True,35,2019,AE
1519401,Rakesh Kumar,BJP,16577,31481,28.3082152363139,2,35,66,HR,Rakesh Kumar,BJP,,,,,False,35,2019,AE
1519402,Naseeb Kumar,JNJP,16599,24445,21.9813322782533,3,35,66,HR,Naseeb Kumar,JNJP,,,,,False,35,2019,AE
1519403,Ajay Tanwar,LTSP,16617,4116,3.7011725775124,4,35,66,HR,Ajay Tanwar,LTSP,,,,,False,35,2019,AE
1519404,Ramdhan,BSP,16581,2653,2.38561973958708,5,35,66,HR,Ramdhan,BSP,,,,,False,35,2019,AE
1519405,Jogender Singh,INLD,16579,945,0.849759010143155,6,35,66,HR,Jogender Singh,INLD,,,,,False,35,2019,AE
1519406,Sandeep,IND,16584,488,0.438817351269692,7,35,66,HR,Sandeep,IND,,,,,False,35,2019,AE
1519407,None Of The Above,NOTA,16583,386,0.347097331127257,8,35,66,HR,None Of The Above,NOTA,,,,,True,35,2019,AE
1519408,Manphool,IND,16584,159,0.142975325516149,9,35,66,HR,Manphool,IND,,,,,False,35,2019,AE
1519409,Sunil Kumar,IND,16584,55,0.0494568736062153,10,35,66,HR,Sunil Kumar,IND,,,,,True,35,2019,AE
1519524,Dr. Raghubir Singh,INC,16578,46022,39.4037467036542,1,35,67,HR,Dr. Raghubir Singh,INC,,,,,True,35,2019,AE
1519525,Vikram Kadian,BJP,16577,33070,28.3143258330764,2,35,67,HR,Vikram Kadian,BJP,,,,,True,35,2019,AE
1519526,Upender Kadian,JNJP,16599,14969,12.816363574095,3,35,67,HR,Upender Kadian,JNJP,,,,,False,35,2019,AE
1519527,Ramesh Dalal,BSP,16581,8764,7.50368163293263,4,35,67,HR,Ramesh Dalal,BSP,,,,,False,35,2019,AE
1519528,Shiv Kumar Rangeela,IND,16584,6059,5.18767766019384,5,35,67,HR,Shiv Kumar Rangeela,IND,,,,,False,35,2019,AE
1519529,Ajay Ahlawat Advocate,NCP,16594,2564,2.19528066029658,6,35,67,HR,Ajay Ahlawat Advocate,NCP,,,,,False,35,2019,AE
1519530,Ashvini Dulhera,AAAP,16580,1924,1.6473166889277,7,35,67,HR,Ashvini Dulhera,AAAP,,,,,False,35,2019,AE
1519531,Rahul,LTSP,16617,1219,1.04370012671666,8,35,67,HR,Rahul,LTSP,,,,,False,35,2019,AE
1519532,Om Pahlawan,INLD,16579,1040,0.890441453474434,9,35,67,HR,Om Pahlawan,INLD,,,,,False,35,2019,AE
1519533,Ravi Ahlawat Advocate,SUCI(C),16653,329,0.281687729031816,10,35,67,HR,Ravi Ahlawat Advocate,SUCI(C),,,,,False,35,2019,AE
1519534,Vijay,IND,16584,184,0.157539641768553,11,35,67,HR,Vijay,IND,,,,,False,35,2019,AE
1519535,Anil,JMBP,16652,137,0.117298537621151,12,35,67,HR,Anil,JMBP,,,,,False,35,2019,AE
1519536,None Of The Above,NOTA,16583,125,0.107024213157984,13,35,67,HR,None Of The Above,NOTA,,,,,True,35,2019,AE
1519537,Pawan Bhartiya,BHSMWPA,16659,99,0.084763176821124,14,35,67,HR,Pawan Bhartiya,BHSMWPA,,,,,False,35,2019,AE
1519538,Sheela,IND,16584,98,0.0839069831158601,15,35,67,HR,Sheela,IND,,,,,False,35,2019,AE
1519539,Devender Dhartiputtar,IND,16584,90,0.0770574334737491,16,35,67,HR,Devender Dhartiputtar,IND,,,,,False,35,2019,AE
1519540,Sunil Dalal,IND,16584,52,0.0445220726737217,17,35,67,HR,Sunil Dalal,IND,,,,,False,35,2019,AE
1519541,Narsingh Kuku,SP,16610,51,0.0436658789684578,18,35,67,HR,Narsingh Kuku,SP,,,,,False,35,2019,AE
1519679,Sitaram,BJP,16577,55793,43.9661150512214,1,35,68,HR,Sitaram,BJP,,,,,False,35,2019,AE
1519680,Attar Lal,BSP,16581,37387,29.461780929866,2,35,68,HR,Attar Lal,BSP,,,,,False,35,2019,AE
1519681,Samrat,JNJP,16599,13191,10.3947990543735,3,35,68,HR,Samrat,JNJP,,,,,False,35,2019,AE
1519682,Arjun Singh,INC,16578,9238,7.27974783293932,4,35,68,HR,Arjun Singh,INC,,,,,False,35,2019,AE
1519683,Naresh Yadav,IND,16584,4278,3.37115839243498,5,35,68,HR,Naresh Yadav,IND,,,,,False,35,2019,AE
1519684,Ajay Yadav,IND,16584,2345,1.84791174152876,6,35,68,HR,Ajay Yadav,IND,,,,,False,35,2019,AE
1519685,Master Sube Singh,SUCI(C),16653,1102,0.868400315208825,7,35,68,HR,Master Sube Singh,SUCI(C),,,,,False,35,2019,AE
1519686,Sandeep Yadav,SWARAJ,16613,956,0.753349093774625,8,35,68,HR,Sandeep Yadav,SWARAJ,,,,,False,35,2019,AE
1519687,Neetu Yadav,INLD,16579,666,0.52482269503546,9,35,68,HR,Neetu Yadav,INLD,,,,,False,35,2019,AE
1519688,None Of The Above,NOTA,16583,538,0.423955870764381,10,35,68,HR,None Of The Above,NOTA,,,,,True,35,2019,AE
1519689,Babu Lal,IND,16584,406,0.31993695823483,11,35,68,HR,Babu Lal,IND,,,,,False,35,2019,AE
1519690,Amit Kumar,IND,16584,393,0.309692671394799,12,35,68,HR,Amit Kumar,IND,,,,,False,35,2019,AE
1519691,Subodh Kumar,IND,16584,269,0.21197793538219,13,35,68,HR,Subodh Kumar,IND,,,,,False,35,2019,AE
1519692,Raj,IND,16584,162,0.127659574468085,14,35,68,HR,Raj,IND,,,,,False,35,2019,AE
1519693,Hitesh,LTSP,16617,127,0.100078802206461,15,35,68,HR,Hitesh,LTSP,,,,,False,35,2019,AE
1519694,Sadhna,IND,16584,49,0.0386130811662726,16,35,68,HR,Sadhna,IND,,,,,False,35,2019,AE
1519828,Dan Singh,INC,16578,46478,32.4250034882098,1,35,69,HR,Dan Singh,INC,,,,,True,35,2019,AE
1519829,Ram Bilash Sharma,BJP,16577,36258,25.2951025533696,2,35,69,HR,Ram Bilash Sharma,BJP,,,,,True,35,2019,AE
1519830,Sandeep Singh,IND,16584,33077,23.0759034463513,3,35,69,HR,Sandeep Singh,IND,,,,,False,35,2019,AE
1519831,Foji Rao Ramesh Palri,JNJP,16599,12118,8.45402539416771,4,35,69,HR,Foji Rao Ramesh Palri,JNJP,,,,,False,35,2019,AE
1519832,Surender Kaushik,IND,16584,5302,3.69889772568717,5,35,69,HR,Surender Kaushik,IND,,,,,False,35,2019,AE
1519833,Rakesh Tanwar,RtrJP,16612,3435,2.39640016743407,6,35,69,HR,Rakesh Tanwar,RtrJP,,,,,False,35,2019,AE
1519834,Rakesh Alias Gautam Budeen,IND,16584,3351,2.33779824194223,7,35,69,HR,Rakesh Alias Gautam Budeen,IND,,,,,False,35,2019,AE
1519835,Dharmender,BSP,16581,859,0.599274452351053,8,35,69,HR,Dharmender,BSP,,,,,False,35,2019,AE
1519836,Mukesh,LTSP,16617,675,0.470908329845123,9,35,69,HR,Mukesh,LTSP,,,,,False,35,2019,AE
1519837,Rajender Singh,INLD,16579,435,0.303474257011301,10,35,69,HR,Rajender Singh,INLD,,,,,False,35,2019,AE
1519838,None Of The Above,NOTA,16583,398,0.277661504116087,11,35,69,HR,None Of The Above,NOTA,,,,,True,35,2019,AE
1519839,Ram Bilash Sharma,IND,16584,314,0.21905957862425,12,35,69,HR,Ram Bilash Sharma,IND,,,,,False,35,2019,AE
1519840,Ajay Sharma,AAAP,16580,313,0.218361936654109,13,35,69,HR,Ajay Sharma,AAAP,,,,,False,35,2019,AE
1519841,Jagdish Prashad,BMUP,16588,198,0.138133110087902,14,35,69,HR,Jagdish Prashad,BMUP,,,,,False,35,2019,AE
1519842,Somesh Kumar,IND,16584,72,0.0502302218501465,15,35,69,HR,Somesh Kumar,IND,,,,,False,35,2019,AE
1519843,Hanuman Singh,IND,16584,57,0.0397655922980326,16,35,69,HR,Hanuman Singh,IND,,,,,True,35,2019,AE
1519986,Om Prakash,BJP,16577,42732,43.2099015107084,1,35,70,HR,Om Prakash,BJP,,,,,True,35,2019,AE
1519987,Kamlesh,JNJP,16599,28017,28.3303334883814,2,35,70,HR,Kamlesh,JNJP,,,,,False,35,2019,AE
1519988,Narender Singh,INC,16578,25009,25.2886929439601,3,35,70,HR,Narender Singh,INC,,,,,True,35,2019,AE
1519989,Comrade Sita Ram,SUCI(C),16653,845,0.854450219426861,4,35,70,HR,Comrade Sita Ram,SUCI(C),,,,,False,35,2019,AE
1519990,Krishan Kumar,BSP,16581,560,0.566262867312475,5,35,70,HR,Krishan Kumar,BSP,,,,,False,35,2019,AE
1519991,Daljeet Rajender Chetiwal,MANAWP,16734,489,0.494468825206787,6,35,70,HR,Daljeet Rajender Chetiwal,MANAWP,,,,,False,35,2019,AE
1519992,None Of The Above,NOTA,16583,447,0.451999110158351,7,35,70,HR,None Of The Above,NOTA,,,,,True,35,2019,AE
1519993,Rajesh Kumar,INLD,16579,330,0.333690618237709,8,35,70,HR,Rajesh Kumar,INLD,,,,,False,35,2019,AE
1519994,Anubhav Saini,BSCP,16585,298,0.301332740105567,9,35,70,HR,Anubhav Saini,BSCP,,,,,False,35,2019,AE
1519995,Madan Lal,BAHUMP,16619,167,0.168867676502113,10,35,70,HR,Madan Lal,BAHUMP,,,,,False,35,2019,AE
1520136,Abhe Singh Yadav,BJP,16577,55529,53.5699470368619,1,35,71,HR,Abhe Singh Yadav,BJP,,,,,True,35,2019,AE
1520137,Mula Ram,JNJP,16599,34914,33.6822404661527,2,35,71,HR,Mula Ram,JNJP,,,,,False,35,2019,AE
1520138,Raja Ram,INC,16578,4371,4.21679191950374,3,35,71,HR,Raja Ram,INC,,,,,False,35,2019,AE
1520139,Suman Devi,INLD,16579,4341,4.18785031401641,4,35,71,HR,Suman Devi,INLD,,,,,False,35,2019,AE
1520140,Gaje Singh,BSP,16581,2016,1.94487588874846,5,35,71,HR,Gaje Singh,BSP,,,,,False,35,2019,AE
1520141,Tejpal Yadav,SWARAJ,16613,1279,1.2338771139431,6,35,71,HR,Tejpal Yadav,SWARAJ,,,,,False,35,2019,AE
1520142,Chhaju Ram Rawat,SUCI(C),16653,867,0.83641239858379,7,35,71,HR,Chhaju Ram Rawat,SUCI(C),,,,,False,35,2019,AE
1520143,None Of The Above,NOTA,16583,340,0.328004862189721,8,35,71,HR,None Of The Above,NOTA,,,,,True,35,2019,AE
1520270,Dr. Banwari Lal,BJP,16577,69049,47.9863509691228,1,35,72,HR,Dr. Banwari Lal,BJP,,,,,True,35,2019,AE
1520271,Dr. M.L. Ranga,INC,16578,36804,25.5773387169632,2,35,72,HR,Dr. M.L. Ranga,INC,,,,,False,35,2019,AE
1520272,Shyam Sunder,JNJP,16599,30446,21.1587777028764,3,35,72,HR,Shyam Sunder,JNJP,,,,,False,35,2019,AE
1520273,Sampat Ram Dahanwal,INLD,16579,3589,2.49421445101568,4,35,72,HR,Sampat Ram Dahanwal,INLD,,,,,False,35,2019,AE
1520274,Machhander Rai,BSP,16581,1637,1.13765089337215,5,35,72,HR,Machhander Rai,BSP,,,,,False,35,2019,AE
1520275,None Of The Above,NOTA,16583,620,0.430875720153169,6,35,72,HR,None Of The Above,NOTA,,,,,True,35,2019,AE
1520276,Sanjay Kumar,SWARAJ,16613,475,0.330106398504444,7,35,72,HR,Sanjay Kumar,SWARAJ,,,,,False,35,2019,AE
1520277,Lekh Ram,LTSP,16617,347,0.241151411117983,8,35,72,HR,Lekh Ram,LTSP,,,,,False,35,2019,AE
1520278,Shashi Devi,IND,16584,294,0.204318486653277,9,35,72,HR,Shashi Devi,IND,,,,,False,35,2019,AE
1520279,Rekha Dahiya,AAAP,16580,279,0.193894074068926,10,35,72,HR,Rekha Dahiya,AAAP,,,,,False,35,2019,AE
1520280,Dr. Attar Singh Dahiya,PPID,16590,185,0.128567755206994,11,35,72,HR,Dr. Attar Singh Dahiya,PPID,,,,,False,35,2019,AE
1520281,Rakesh Kumar Katiwal,IND,16584,168,0.116753420944729,12,35,72,HR,Rakesh Kumar Katiwal,IND,,,,,False,35,2019,AE
1520406,Laxman Singh Yadav,BJP,16577,78813,52.4200360494582,1,35,73,HR,Laxman Singh Yadav,BJP,,,,,False,35,2019,AE
1520407,Yaduvender Singh,INC,16578,40189,26.7304737643748,2,35,73,HR,Yaduvender Singh,INC,,,,,True,35,2019,AE
1520408,Ramphal S/ Richhpal,JNJP,16599,15941,10.6026644673393,3,35,73,HR,Ramphal S/ Richhpal,JNJP,,,,,False,35,2019,AE
1520409,Dr. Ajit Singh Chahal,BSP,16581,3612,2.40241039182169,4,35,73,HR,Dr. Ajit Singh Chahal,BSP,,,,,False,35,2019,AE
1520410,Jagphool,IND,16584,3219,2.14101856347564,5,35,73,HR,Jagphool,IND,,,,,False,35,2019,AE
1520411,Kiran Pal Yadav,INLD,16579,2322,1.5444066804568,6,35,73,HR,Kiran Pal Yadav,INLD,,,,,False,35,2019,AE
1520412,Dharampal,SWARAJ,16613,1517,1.00898575979886,7,35,73,HR,Dharampal,SWARAJ,,,,,False,35,2019,AE
1520413,Ramphal Bhakli S/ Sher Singh,SUCI(C),16653,871,0.579318784960325,8,35,73,HR,Ramphal Bhakli S/ Sher Singh,SUCI(C),,,,,False,35,2019,AE
1520414,Babu Lal,LTSP,16617,847,0.563355925214002,9,35,73,HR,Babu Lal,LTSP,,,,,False,35,2019,AE
1520415,Vinod Kumari,SHPP,16600,788,0.52411389500429,10,35,73,HR,Vinod Kumari,SHPP,,,,,False,35,2019,AE
1520416,Tejpal Yadav,IND,16584,579,0.385103991380055,11,35,73,HR,Tejpal Yadav,IND,,,,,False,35,2019,AE
1520417,None Of The Above,NOTA,16583,530,0.352513152731311,12,35,73,HR,None Of The Above,NOTA,,,,,True,35,2019,AE
1520418,Ram Avtar,BSCP,16585,356,0.236782419570466,13,35,73,HR,Ram Avtar,BSCP,,,,,False,35,2019,AE
1520419,Rattan Lal,JDKRP,16744,328,0.218159083199755,14,35,73,HR,Rattan Lal,JDKRP,,,,,False,35,2019,AE
1520420,Sunil Kumar,IND,16584,290,0.192884555268076,15,35,73,HR,Sunil Kumar,IND,,,,,False,35,2019,AE
1520421,Advocate Raj Rattan,PPID,16590,147,0.0977725159462317,16,35,73,HR,Advocate Raj Rattan,PPID,,,,,False,35,2019,AE
1520560,Chiranjeev Rao,INC,16578,43870,27.824289012355,1,35,74,HR,Chiranjeev Rao,INC,,,,,False,35,2019,AE
1520561,Sunil Kumar,BJP,16577,42553,26.9889895222873,2,35,74,HR,Sunil Kumar,BJP,,,,,False,35,2019,AE
1520562,Randhir Singh Kapriwas,IND,16584,36778,23.3262297993251,3,35,74,HR,Randhir Singh Kapriwas,IND,,,,,False,35,2019,AE
1520563,Prashant Sunny Yadav,IND,16584,22104,14.0193317604079,4,35,74,HR,Prashant Sunny Yadav,IND,,,,,False,35,2019,AE
1520564,Malkhan Singh,JNJP,16599,3826,2.42661795671918,5,35,74,HR,Malkhan Singh,JNJP,,,,,False,35,2019,AE
1520565,Pritam Jangid,BSP,16581,2455,1.55706928482634,6,35,74,HR,Pritam Jangid,BSP,,,,,False,35,2019,AE
1520566,Manju Bala,SWARAJ,16613,1197,0.759190197123068,7,35,74,HR,Manju Bala,SWARAJ,,,,,False,35,2019,AE
1520567,Chander Shekhar Saini,LTSP,16617,1089,0.690691833472867,8,35,74,HR,Chander Shekhar Saini,LTSP,,,,,False,35,2019,AE
1520568,Vijay Somany,IND,16584,911,0.577796382271608,9,35,74,HR,Vijay Somany,IND,,,,,True,35,2019,AE
1520569,None Of The Above,NOTA,16583,777,0.492807671816728,10,35,74,HR,None Of The Above,NOTA,,,,,True,35,2019,AE
1520570,Kamla Devi,INLD,16579,664,0.421138087627165,11,35,74,HR,Kamla Devi,INLD,,,,,False,35,2019,AE
1520571,Comrade Naresh Turkiyawas,SUCI(C),16653,435,0.275896186924423,12,35,74,HR,Comrade Naresh Turkiyawas,SUCI(C),,,,,False,35,2019,AE
1520572,Thekedar Kartar Singh Sain,PPID,16590,287,0.182028058959332,13,35,74,HR,Thekedar Kartar Singh Sain,PPID,,,,,False,35,2019,AE
1520573,Sunil Kumar,IND,16584,281,0.178222594312098,14,35,74,HR,Sunil Kumar,IND,,,,,False,35,2019,AE
1520574,Rajesh Sharma,AAAP,16580,255,0.16173224750742,15,35,74,HR,Rajesh Sharma,AAAP,,,,,False,35,2019,AE
1520575,Suresh Dua,IND,16584,186,0.117969404064236,16,35,74,HR,Suresh Dua,IND,,,,,False,35,2019,AE
1520713,Satya Parkash,BJP,16577,60633,44.1950814175547,1,35,75,HR,Satya Parkash,BJP,,,,,False,35,2019,AE
1520714,Narender Singh Pahari,IND,16584,24054,17.5328367129757,2,35,75,HR,Narender Singh Pahari,IND,,,,,False,35,2019,AE
1520715,Deep Chand,JNJP,16599,19629,14.3074770033674,3,35,75,HR,Deep Chand,JNJP,,,,,False,35,2019,AE
1520716,Sudhir Kumar,INC,16578,18994,13.844628773853,4,35,75,HR,Sudhir Kumar,INC,,,,,True,35,2019,AE
1520717,Pardeep Jatauli,IND,16584,5062,3.68966572882196,5,35,75,HR,Pardeep Jatauli,IND,,,,,False,35,2019,AE
1520718,Sunil,BSP,16581,2140,1.55983497820604,6,35,75,HR,Sunil,BSP,,,,,False,35,2019,AE
1520719,Sudesh Khangwal,RtrJP,16612,1890,1.37761126579879,7,35,75,HR,Sudesh Khangwal,RtrJP,,,,,False,35,2019,AE
1520720,Sukhbir Tanwar,INLD,16579,1452,1.05835532166129,8,35,75,HR,Sukhbir Tanwar,INLD,,,,,False,35,2019,AE
1520721,Pradhan Naresh Barwal S/O Juglal,IND,16584,1299,0.946834409668061,9,35,75,HR,Pradhan Naresh Barwal S/O Juglal,IND,,,,,False,35,2019,AE
1520722,Deepak Pataudi,SWARAJ,16613,1090,0.794495386095601,10,35,75,HR,Deepak Pataudi,SWARAJ,,,,,False,35,2019,AE
1520723,None Of The Above,NOTA,16583,732,0.533551029928422,11,35,75,HR,None Of The Above,NOTA,,,,,True,35,2019,AE
1520724,Naresh Kumar S/O Mukhtiar Singh,IND,16584,219,0.159627972068749,12,35,75,HR,Naresh Kumar S/O Mukhtiar Singh,IND,,,,,False,35,2019,AE
1520858,Rakesh Daultabad,IND,16584,106827,47.0624256575179,1,35,76,HR,Rakesh Daultabad,IND,,,,,False,35,2019,AE
1520859,Manish Yadav,BJP,16577,96641,42.5750033041103,2,35,76,HR,Manish Yadav,BJP,,,,,False,35,2019,AE
1520860,Rao Kamalbir Singh (Mintu),INC,16578,10610,4.67421472311555,3,35,76,HR,Rao Kamalbir Singh (Mintu),INC,,,,,False,35,2019,AE
1520861,Rishi Raj Rana,JNJP,16599,2964,1.30578439578836,4,35,76,HR,Rishi Raj Rana,JNJP,,,,,False,35,2019,AE
1520862,None Of The Above,NOTA,16583,1654,0.72866646107758,5,35,76,HR,None Of The Above,NOTA,,,,,True,35,2019,AE
1520863,Hemant Kumar,IND,16584,1643,0.723820432618177,6,35,76,HR,Hemant Kumar,IND,,,,,False,35,2019,AE
1520864,Mahabir,BSP,16581,1533,0.675360148024142,7,35,76,HR,Mahabir,BSP,,,,,False,35,2019,AE
1520865,Dr. Satish Yadav,LTSP,16617,1293,0.569628618000792,8,35,76,HR,Dr. Satish Yadav,LTSP,,,,,False,35,2019,AE
1520866,Rakesh Bhardwaj,IND,16584,1271,0.559936561081985,9,35,76,HR,Rakesh Bhardwaj,IND,,,,,True,35,2019,AE
1520867,Sonu Thakran,INLD,16579,926,0.407947486673421,10,35,76,HR,Sonu Thakran,INLD,,,,,False,35,2019,AE
1520868,Maman Yadav,SWARAJ,16613,513,0.226001145424908,11,35,76,HR,Maman Yadav,SWARAJ,,,,,False,35,2019,AE
1520869,Ravinder Yadav,IND,16584,436,0.192078946209084,12,35,76,HR,Ravinder Yadav,IND,,,,,False,35,2019,AE
1520870,Ram Kishan Prajapat,SUCI(C),16653,225,0.0991233093968897,13,35,76,HR,Ram Kishan Prajapat,SUCI(C),,,,,False,35,2019,AE
1520871,Gajender,IND,16584,182,0.0801797436010396,14,35,76,HR,Gajender,IND,,,,,False,35,2019,AE
1520872,Chander Pal,BSCP,16585,154,0.0678443984316489,15,35,76,HR,Chander Pal,BSCP,,,,,False,35,2019,AE
1520873,Sandeep Naruka,IND,16584,118,0.0519846689281466,16,35,76,HR,Sandeep Naruka,IND,,,,,False,35,2019,AE
1521019,Sudhir Singla,BJP,16577,81953,43.3347786543708,1,35,77,HR,Sudhir Singla,BJP,,,,,False,35,2019,AE
1521020,Mohit Grover,IND,16584,48638,25.7186065695128,2,35,77,HR,Mohit Grover,IND,,,,,False,35,2019,AE
1521021,Sukhbeer,INC,16578,23126,12.2284735294739,3,35,77,HR,Sukhbeer,INC,,,,,False,35,2019,AE
1521022,Sube Singh Bohra,JNJP,16599,9331,4.93400875653038,4,35,77,HR,Sube Singh Bohra,JNJP,,,,,False,35,2019,AE
1521023,Gaje Singh Kablana,IND,16584,8279,4.37773641574483,5,35,77,HR,Gaje Singh Kablana,IND,,,,,True,35,2019,AE
1521024,Ranbeer Singh Rathi(R S Rathee),AAAP,16580,5612,2.96749085217538,6,35,77,HR,Ranbeer Singh Rathi(R S Rathee),AAAP,,,,,False,35,2019,AE
1521025,Bhopal Singh Rao,IND,16584,4553,2.40751707946445,7,35,77,HR,Bhopal Singh Rao,IND,,,,,False,35,2019,AE
1521026,Narender Singh,BSP,16581,1858,0.982465788193489,8,35,77,HR,Narender Singh,BSP,,,,,False,35,2019,AE
1521027,Ashwani Sharma,IND,16584,1346,0.711732481651473,9,35,77,HR,Ashwani Sharma,IND,,,,,False,35,2019,AE
1521028,None Of The Above,NOTA,16583,1317,0.696397977960616,10,35,77,HR,None Of The Above,NOTA,,,,,True,35,2019,AE
1521029,Tarvinder Saini,LTSP,16617,766,0.405042407834345,11,35,77,HR,Tarvinder Saini,LTSP,,,,,False,35,2019,AE
1521030,Kuldeep Janghu,IND,16584,678,0.358510120772435,12,35,77,HR,Kuldeep Janghu,IND,,,,,False,35,2019,AE
1521031,Sheilza Bhatia,SWARAJ,16613,599,0.316736817614585,13,35,77,HR,Sheilza Bhatia,SWARAJ,,,,,False,35,2019,AE
1521032,Birham Parkash Jangra Advocate,INLD,16579,423,0.223672243490767,14,35,77,HR,Birham Parkash Jangra Advocate,INLD,,,,,False,35,2019,AE
1521033,Comrade Wazir Singh,SUCI(C),16653,293,0.154931364876583,15,35,77,HR,Comrade Wazir Singh,SUCI(C),,,,,False,35,2019,AE
1521034,Govnid Narayan,JD(U),16673,220,0.116330717654772,16,35,77,HR,Govnid Narayan,JD(U),,,,,False,35,2019,AE
1521035,Dinesh Kumar,IND,16584,124,0.0655682226781446,17,35,77,HR,Dinesh Kumar,IND,,,,,False,35,2019,AE
1521187,Sanjay Singh,BJP,16577,59117,36.1574076905669,1,35,78,HR,Sanjay Singh,BJP,,,,,False,35,2019,AE
1521188,Rohtas Singh,JNJP,16599,46664,28.540847344632,2,35,78,HR,Rohtas Singh,JNJP,,,,,False,35,2019,AE
1521189,Javed Aehmad,BSP,16581,39868,24.3842469984525,3,35,78,HR,Javed Aehmad,BSP,,,,,True,35,2019,AE
1521190,Shamsuddin,INC,16578,10735,6.56578939320729,4,35,78,HR,Shamsuddin,INC,,,,,False,35,2019,AE
1521191,Dharam Pal,IND,16584,1978,1.2097933320693,5,35,78,HR,Dharam Pal,IND,,,,,False,35,2019,AE
1521192,Rohtash,INLD,16579,1338,0.818353629074183,6,35,78,HR,Rohtash,INLD,,,,,False,35,2019,AE
1521193,Nihal Singh,IND,16584,815,0.498473996782854,7,35,78,HR,Nihal Singh,IND,,,,,False,35,2019,AE
1521194,Ombir,RPI(A),16587,714,0.436699918653936,8,35,78,HR,Ombir,RPI(A),,,,,False,35,2019,AE
1521195,None Of The Above,NOTA,16583,593,0.36269334980642,9,35,78,HR,None Of The Above,NOTA,,,,,True,35,2019,AE
1521196,Narender Kumar,AAAP,16580,570,0.348625985480033,10,35,78,HR,Narender Kumar,AAAP,,,,,False,35,2019,AE
1521197,Dayaram,LTSP,16617,551,0.337005119297365,11,35,78,HR,Dayaram,LTSP,,,,,False,35,2019,AE
1521198,Samay Singh,PPID,16590,385,0.235475446333005,12,35,78,HR,Samay Singh,PPID,,,,,False,35,2019,AE
1521199,Shokat,RasLP,16591,171,0.10458779564401,13,35,78,HR,Shokat,RasLP,,,,,False,35,2019,AE
1521328,Aftab Ahmed,INC,16578,52311,41.7706054266413,1,35,79,HR,Aftab Ahmed,INC,,,,,True,35,2019,AE
1521329,Zakir Hussain,BJP,16577,48273,38.5462414360317,2,35,79,HR,Zakir Hussain,BJP,,,,,False,35,2019,AE
1521330,Tayab Hussain,JNJP,16599,17745,14.1694747432805,3,35,79,HR,Tayab Hussain,JNJP,,,,,False,35,2019,AE
1521331,Nasir Husain,INLD,16579,3583,2.86104412539725,4,35,79,HR,Nasir Husain,INLD,,,,,False,35,2019,AE
1521332,Arjan,BSP,16581,1668,1.33190667071242,5,35,79,HR,Arjan,BSP,,,,,False,35,2019,AE
1521333,None Of The Above,NOTA,16583,376,0.300237954549084,6,35,79,HR,None Of The Above,NOTA,,,,,True,35,2019,AE
1521334,Vishnu Kumar,IND,16584,326,0.260312694635642,7,35,79,HR,Vishnu Kumar,IND,,,,,False,35,2019,AE
1521335,Wajid Ali,IND,16584,296,0.236357538687576,8,35,79,HR,Wajid Ali,IND,,,,,False,35,2019,AE
1521336,Pahlu Khan,IND,16584,241,0.19243975278279,9,35,79,HR,Pahlu Khan,IND,,,,,False,35,2019,AE
1521337,Anwar,LTSP,16617,159,0.126962326524745,10,35,79,HR,Anwar,LTSP,,,,,False,35,2019,AE
1521338,Rahis,BAHUMP,16619,106,0.0846415510164971,11,35,79,HR,Rahis,BAHUMP,,,,,False,35,2019,AE
1521339,Imtiyaz Khan,IND,16584,84,0.0670744366545826,12,35,79,HR,Imtiyaz Khan,IND,,,,,False,35,2019,AE
1521340,Jaikam Khan,IND,16584,66,0.0527013430857434,13,35,79,HR,Jaikam Khan,IND,,,,,False,35,2019,AE
1521469,Mamman Khan,INC,16578,84546,57.6177625122669,1,35,80,HR,Mamman Khan,INC,,,,,False,35,2019,AE
1521470,Naseem Ahmed,BJP,16577,47542,32.3996837858466,2,35,80,HR,Naseem Ahmed,BJP,,,,,False,35,2019,AE
1521471,Aman Ahmed,JNJP,16599,9818,6.69092792498091,3,35,80,HR,Aman Ahmed,JNJP,,,,,False,35,2019,AE
1521472,Raghubir,BSP,16581,1314,0.895485770363101,4,35,80,HR,Raghubir,BSP,,,,,False,35,2019,AE
1521473,Mavashi,SHPP,16600,1169,0.79666884745393,5,35,80,HR,Mavashi,SHPP,,,,,False,35,2019,AE
1521474,Ayyub Khan,INLD,16579,538,0.366644858794024,6,35,80,HR,Ayyub Khan,INLD,,,,,False,35,2019,AE
1521475,Mohd. Shakir Khan,VIP,16709,466,0.317577145349471,7,35,80,HR,Mohd. Shakir Khan,VIP,,,,,False,35,2019,AE
1521476,Raju Saini,LTSP,16617,432,0.29440628066732,8,35,80,HR,Raju Saini,LTSP,,,,,False,35,2019,AE
1521477,None Of The Above,NOTA,16583,417,0.284183840366372,9,35,80,HR,None Of The Above,NOTA,,,,,True,35,2019,AE
1521478,Yahooda Ahmed,IND,16584,245,0.166966524915494,10,35,80,HR,Yahooda Ahmed,IND,,,,,False,35,2019,AE
1521479,Pahlu,SWARAJ,16613,142,0.0967724348489804,11,35,80,HR,Pahlu,SWARAJ,,,,,False,35,2019,AE
1521480,Aarif Khan,SP,16610,107,0.0729200741467669,12,35,80,HR,Aarif Khan,SP,,,,,False,35,2019,AE
1521626,Mohammed Ilyas,INC,16578,35092,28.7606340256036,1,35,81,HR,Mohammed Ilyas,INC,,,,,False,35,2019,AE
1521627,Rahish Khan,IND,16584,34276,28.0918583113413,2,35,81,HR,Rahish Khan,IND,,,,,True,35,2019,AE
1521628,Nauksham Chaudhary,BJP,16577,21421,17.5561820774665,3,35,81,HR,Nauksham Chaudhary,BJP,,,,,False,35,2019,AE
1521629,Iqbal,JNJP,16599,17327,14.2008294130181,4,35,81,HR,Iqbal,JNJP,,,,,False,35,2019,AE
1521630,Subhan Khan,INLD,16579,10809,8.85881947973183,5,35,81,HR,Subhan Khan,INLD,,,,,False,35,2019,AE
1521631,Azmat,IND,16584,734,0.601570311603586,6,35,81,HR,Azmat,IND,,,,,False,35,2019,AE
1521632,Prahlad,IND,16584,702,0.575343813005064,7,35,81,HR,Prahlad,IND,,,,,False,35,2019,AE
1521633,None Of The Above,NOTA,16583,611,0.500762207615519,8,35,81,HR,None Of The Above,NOTA,,,,,True,35,2019,AE
1521634,Satbir,BSP,16581,327,0.268002032553641,9,35,81,HR,Satbir,BSP,,,,,False,35,2019,AE
1521635,Talim Hussain,SWARAJ,16613,252,0.206533676463356,10,35,81,HR,Talim Hussain,SWARAJ,,,,,False,35,2019,AE
1521636,Rakesh Kumar,SHPP,16600,191,0.156539413509925,11,35,81,HR,Rakesh Kumar,SHPP,,,,,False,35,2019,AE
1521637,Tofiq,LTSP,16617,146,0.119658399855754,12,35,81,HR,Tofiq,LTSP,,,,,False,35,2019,AE
1521638,Mohd Irshad,IND,16584,126,0.103266838231678,13,35,81,HR,Mohd Irshad,IND,,,,,False,35,2019,AE
1521781,Praveen Dagar,BJP,16577,46744,29.1852675087254,1,35,82,HR,Praveen Dagar,BJP,,,,,False,35,2019,AE
1521782,Mohammad Israil,INC,16578,43857,27.3827288449891,2,35,82,HR,Mohammad Israil,INC,,,,,False,35,2019,AE
1521783,Tayub Husain Urf Nazir Ahmed,BSP,16581,35233,21.9982143191623,3,35,82,HR,Tayub Husain Urf Nazir Ahmed,BSP,,,,,False,35,2019,AE
1521784,Harsh Kumar,JNJP,16599,30334,18.9394554297809,4,35,82,HR,Harsh Kumar,JNJP,,,,,False,35,2019,AE
1521785,Rani Devi,INLD,16579,1828,1.14133726266366,5,35,82,HR,Rani Devi,INLD,,,,,False,35,2019,AE
1521786,Jawahar Dutt,IND,16584,645,0.402714734364366,6,35,82,HR,Jawahar Dutt,IND,,,,,False,35,2019,AE
1521787,None Of The Above,NOTA,16583,570,0.355887439670835,7,35,82,HR,None Of The Above,NOTA,,,,,True,35,2019,AE
1521788,Surender,SWARAJ,16613,270,0.168578260896711,8,35,82,HR,Surender,SWARAJ,,,,,False,35,2019,AE
1521789,Priyankar,IND,16584,247,0.154217890524028,9,35,82,HR,Priyankar,IND,,,,,True,35,2019,AE
1521790,Dinesh Singla,SHPP,16600,243,0.15172043480704,10,35,82,HR,Dinesh Singla,SHPP,,,,,False,35,2019,AE
1521791,Yamin Khan,AAAP,16580,192,0.119877874415439,11,35,82,HR,Yamin Khan,AAAP,,,,,False,35,2019,AE
1521931,Jagdish Nayar,BJP,16577,55864,45.7972963002434,1,35,83,HR,Jagdish Nayar,BJP,,,,,False,35,2019,AE
1521932,Uday Bhan,INC,16578,52477,43.020634361089,2,35,83,HR,Uday Bhan,INC,,,,,True,35,2019,AE
1521933,Yashveer,JNJP,16599,8590,7.04208032398488,3,35,83,HR,Yashveer,JNJP,,,,,False,35,2019,AE
1521934,Ram Pal,INLD,16579,1724,1.4133348636263,4,35,83,HR,Ram Pal,INLD,,,,,False,35,2019,AE
1521935,Gaya Lal,BSP,16581,874,0.716505029471802,5,35,83,HR,Gaya Lal,BSP,,,,,False,35,2019,AE
1521936,None Of The Above,NOTA,16583,570,0.467285888785958,6,35,83,HR,None Of The Above,NOTA,,,,,True,35,2019,AE
1521937,Ravinder,IND,16584,353,0.289389331125339,7,35,83,HR,Ravinder,IND,,,,,True,35,2019,AE
1521938,Karan Singh,AAAP,16580,304,0.249219140685844,8,35,83,HR,Karan Singh,AAAP,,,,,False,35,2019,AE
1521939,Mahender Kumar,IND,16584,252,0.206589550831686,9,35,83,HR,Mahender Kumar,IND,,,,,False,35,2019,AE
1521940,Budh Ram,APoI,16771,249,0.204130151417023,10,35,83,HR,Budh Ram,APoI,,,,,False,35,2019,AE
1521941,Satveer,IND,16584,236,0.193472753953484,11,35,83,HR,Satveer,IND,,,,,False,35,2019,AE
1521942,Deen Dayal,PPID,16590,156,0.127888769562472,12,35,83,HR,Deen Dayal,PPID,,,,,False,35,2019,AE
1521943,Jagdish,IND,16584,149,0.122150170928259,13,35,83,HR,Jagdish,IND,,,,,True,35,2019,AE
1521944,Raju,ToP,16757,109,0.0893581787327534,14,35,83,HR,Raju,ToP,,,,,False,35,2019,AE
1521945,Dharmender,IND,16584,74,0.0606651855616858,15,35,83,HR,Dharmender,IND,,,,,False,35,2019,AE
1522093,Deepak Mangla,BJP,16577,89426,55.6028104209413,1,35,84,HR,Deepak Mangla,BJP,,,,,True,35,2019,AE
1522094,Karan Singh Dalal,INC,16578,61130,38.0090779083504,2,35,84,HR,Karan Singh Dalal,INC,,,,,True,35,2019,AE
1522095,Gaya Lal,JNJP,16599,6498,4.04029099048684,3,35,84,HR,Gaya Lal,JNJP,,,,,False,35,2019,AE
1522096,None Of The Above,NOTA,16583,910,0.565814835540632,4,35,84,HR,None Of The Above,NOTA,,,,,True,35,2019,AE
1522097,Satpal,INLD,16579,775,0.481875272026363,5,35,84,HR,Satpal,INLD,,,,,False,35,2019,AE
1522098,Dr. K.P. Singh,IND,16584,490,0.304669526829571,6,35,84,HR,Dr. K.P. Singh,IND,,,,,False,35,2019,AE
1522099,Kuldeep Kaushik,AAAP,16580,432,0.268606603245663,7,35,84,HR,Kuldeep Kaushik,AAAP,,,,,False,35,2019,AE
1522100,Puneet Bhardwaj,LTSP,16617,384,0.238761425107256,8,35,84,HR,Puneet Bhardwaj,LTSP,,,,,False,35,2019,AE
1522101,Sunil Kumar,BMUP,16588,320,0.198967854256046,9,35,84,HR,Sunil Kumar,BMUP,,,,,False,35,2019,AE
1522102,Deepak,IND,16584,255,0.158552508860287,10,35,84,HR,Deepak,IND,,,,,False,35,2019,AE
1522103,Karan Veer,IND,16584,108,0.0671516508114157,11,35,84,HR,Karan Veer,IND,,,,,False,35,2019,AE
1522104,Krishan,IND,16584,102,0.0634210035441149,12,35,84,HR,Krishan,IND,,,,,False,35,2019,AE
1522244,Nayan Pal,IND,16584,64625,43.950924584634,1,35,85,HR,Nayan Pal,IND,,,,,False,35,2019,AE
1522245,Raghubir Singh,INC,16578,48196,32.7776984337488,2,35,85,HR,Raghubir Singh,INC,,,,,True,35,2019,AE
1522246,Sohan Pal,BJP,16577,21322,14.5009147233047,3,35,85,HR,Sohan Pal,BJP,,,,,False,35,2019,AE
1522247,Surender,BSP,16581,8460,5.75357558198845,4,35,85,HR,Surender,BSP,,,,,False,35,2019,AE
1522248,Narender Singh,INLD,16579,1165,0.792306802957038,5,35,85,HR,Narender Singh,INLD,,,,,False,35,2019,AE
1522249,Kalyan Sharma,LTSP,16617,1026,0.69777405994328,6,35,85,HR,Kalyan Sharma,LTSP,,,,,False,35,2019,AE
1522250,Rajesh,IND,16584,747,0.508028482239405,7,35,85,HR,Rajesh,IND,,,,,False,35,2019,AE
1522251,None Of The Above,NOTA,16583,642,0.436618856221818,8,35,85,HR,None Of The Above,NOTA,,,,,True,35,2019,AE
1522252,Joginder Singh,IND,16584,420,0.285638504070348,9,35,85,HR,Joginder Singh,IND,,,,,False,35,2019,AE
1522253,Surender Kumar,IND,16584,327,0.222389978169057,10,35,85,HR,Surender Kumar,IND,,,,,True,35,2019,AE
1522254,Kali Charan,IND,16584,109,0.074129992723019,11,35,85,HR,Kali Charan,IND,,,,,False,35,2019,AE
1522404,Neeraj Sharma,INC,16578,61697,38.8630279361279,1,35,86,HR,Neeraj Sharma,INC,,,,,False,35,2019,AE
1522405,Nagender Singh Bhadana,BJP,16577,58455,36.8208875311013,2,35,86,HR,Nagender Singh Bhadana,BJP,,,,,False,35,2019,AE
1522406,Hazi Karamat Ali,BSP,16581,17574,11.0698875625964,3,35,86,HR,Hazi Karamat Ali,BSP,,,,,False,35,2019,AE
1522407,Chander Bhatia,IND,16584,6992,4.40427073163049,4,35,86,HR,Chander Bhatia,IND,,,,,False,35,2019,AE
1522408,Pradeep Rana,IND,16584,3928,2.47425277944001,5,35,86,HR,Pradeep Rana,IND,,,,,False,35,2019,AE
1522409,Santosh Kumar Yadav,AAAP,16580,3240,2.04088060218575,6,35,86,HR,Santosh Kumar Yadav,AAAP,,,,,False,35,2019,AE
1522410,None Of The Above,NOTA,16583,1384,0.871783565871941,7,35,86,HR,None Of The Above,NOTA,,,,,True,35,2019,AE
1522411,Jagjit Pannu,INLD,16579,1240,0.781077761330351,8,35,86,HR,Jagjit Pannu,INLD,,,,,False,35,2019,AE
1522412,Tejpal Dagar,JNJP,16599,1208,0.760920915876665,9,35,86,HR,Tejpal Dagar,JNJP,,,,,False,35,2019,AE
1522413,Virendra Singh Dangwal,CPIM,16656,733,0.461717741173506,10,35,86,HR,Virendra Singh Dangwal,CPIM,,,,,False,35,2019,AE
1522414,Nanak Chand Talan,IND,16584,406,0.255739976693647,11,35,86,HR,Nanak Chand Talan,IND,,,,,False,35,2019,AE
1522415,Hari Ram,IND,16584,357,0.224874807092689,12,35,86,HR,Hari Ram,IND,,,,,False,35,2019,AE
1522416,Ram Partap Gaur,LTSP,16617,334,0.210387074422852,13,35,86,HR,Ram Partap Gaur,LTSP,,,,,False,35,2019,AE
1522417,Jai Parkash Singh,JMBP,16652,256,0.161254763629491,14,35,86,HR,Jai Parkash Singh,JMBP,,,,,False,35,2019,AE
1522418,Dinesh Rai,IND,16584,233,0.146767030959654,15,35,86,HR,Dinesh Rai,IND,,,,,True,35,2019,AE
1522419,Desh Raj Singh Rana,AAAAP,16777,214,0.134798903971528,16,35,86,HR,Desh Raj Singh Rana,AAAAP,,,,,False,35,2019,AE
1522420,Jitender Kumar,IND,16584,209,0.131649396869389,17,35,86,HR,Jitender Kumar,IND,,,,,False,35,2019,AE
1522421,Manoj Sharma,ABHM,16724,160,0.100784227268432,18,35,86,HR,Manoj Sharma,ABHM,,,,,False,35,2019,AE
1522422,Ravinder Gupta,SP,16610,135,0.0850366917577399,19,35,86,HR,Ravinder Gupta,SP,,,,,False,35,2019,AE
1522568,Seema Trikha,BJP,16577,58550,43.2630140022906,1,35,87,HR,Seema Trikha,BJP,,,,,True,35,2019,AE
1522569,Vijay Pratap Singh,INC,16578,56005,41.3824952894668,2,35,87,HR,Vijay Pratap Singh,INC,,,,,False,35,2019,AE
1522570,Dharambir Bhadana,AAAP,16580,9481,7.00557874903018,3,35,87,HR,Dharambir Bhadana,AAAP,,,,,False,35,2019,AE
1522571,Manoj Choudhary,BSP,16581,4481,3.31104296745113,4,35,87,HR,Manoj Choudhary,BSP,,,,,False,35,2019,AE
1522572,Ajay Bhadana,INLD,16579,2362,1.74529870321794,5,35,87,HR,Ajay Bhadana,INLD,,,,,False,35,2019,AE
1522573,None Of The Above,NOTA,16583,2274,1.68027487346214,6,35,87,HR,None Of The Above,NOTA,,,,,True,35,2019,AE
1522574,Jagram Gautam,CPI,16582,951,0.702700705656334,7,35,87,HR,Jagram Gautam,CPI,,,,,False,35,2019,AE
1522575,Mukesh Pehlwan,SHS,16663,494,0.365020135220009,8,35,87,HR,Mukesh Pehlwan,SHS,,,,,False,35,2019,AE
1522576,Islamudeen Pappu,JNJP,16599,313,0.231277939926848,9,35,87,HR,Islamudeen Pappu,JNJP,,,,,False,35,2019,AE
1522577,Jamil,RasLP,16591,223,0.164776295858425,10,35,87,HR,Jamil,RasLP,,,,,False,35,2019,AE
1522578,Prem Kapoor,IND,16584,201,0.148520338419477,11,35,87,HR,Prem Kapoor,IND,,,,,False,35,2019,AE
1522721,Mool Chand Sharma,BJP,16577,66708,54.41686312578,1,35,88,HR,Mool Chand Sharma,BJP,,,,,True,35,2019,AE
1522722,Anand Kaushik,INC,16578,24995,20.389600854903,2,35,88,HR,Anand Kaushik,INC,,,,,False,35,2019,AE
1522723,Deepak Choudhary,IND,16584,18542,15.1255842789202,3,35,88,HR,Deepak Choudhary,IND,,,,,False,35,2019,AE
1522724,Arun Visala,BSP,16581,4066,3.31682804865116,4,35,88,HR,Arun Visala,BSP,,,,,False,35,2019,AE
1522725,Hariender Kumar,AAAP,16580,2461,2.00755381892044,5,35,88,HR,Hariender Kumar,AAAP,,,,,False,35,2019,AE
1522726,Rohtash,INLD,16579,2110,1.72122655746531,6,35,88,HR,Rohtash,INLD,,,,,False,35,2019,AE
1522727,None Of The Above,NOTA,16583,1512,1.23340974165286,7,35,88,HR,None Of The Above,NOTA,,,,,True,35,2019,AE
1522728,Kok Chand,LTSP,16617,787,0.641993033519051,8,35,88,HR,Kok Chand,LTSP,,,,,False,35,2019,AE
1522729,Adesh Kumar,SP,16610,499,0.407057844632791,9,35,88,HR,Adesh Kumar,SP,,,,,False,35,2019,AE
1522730,Shelendra Singh,IND,16584,346,0.282248525536965,10,35,88,HR,Shelendra Singh,IND,,,,,False,35,2019,AE
1522731,Atul,IND,16584,303,0.247171396640753,11,35,88,HR,Atul,IND,,,,,False,35,2019,AE
1522732,Deepak Gaur,AVIRP,16752,258,0.210462773377274,12,35,88,HR,Deepak Gaur,AVIRP,,,,,False,35,2019,AE
1522867,Narender Gupta,BJP,16577,65887,54.4062030354577,1,35,89,HR,Narender Gupta,BJP,,,,,False,35,2019,AE
1522868,Lakhan Kumar Singla,INC,16578,44174,36.4766890720219,2,35,89,HR,Lakhan Kumar Singla,INC,,,,,False,35,2019,AE
1522869,Kuldeep Tewatia,JNJP,16599,4045,3.34015953493749,3,35,89,HR,Kuldeep Tewatia,JNJP,,,,,False,35,2019,AE
1522870,Mahesh Chand Jain,BSP,16581,2776,2.29228253868639,4,35,89,HR,Mahesh Chand Jain,BSP,,,,,False,35,2019,AE
1522871,None Of The Above,NOTA,16583,1754,1.44836584036597,5,35,89,HR,None Of The Above,NOTA,,,,,True,35,2019,AE
1522872,Kumari Suman Lata Vashisth,AAAP,16580,1445,1.19320903040412,6,35,89,HR,Kumari Suman Lata Vashisth,AAAP,,,,,False,35,2019,AE
1522873,Renu Khatter,SWARAJ,16613,424,0.350118082277749,7,35,89,HR,Renu Khatter,SWARAJ,,,,,False,35,2019,AE
1522874,Pankaj Narwat,IND,16584,239,0.197354296378259,8,35,89,HR,Pankaj Narwat,IND,,,,,False,35,2019,AE
1522875,Satay Deo Yadav,RBJJP,16780,202,0.166801539198361,9,35,89,HR,Satay Deo Yadav,RBJJP,,,,,False,35,2019,AE
1522876,Sushila Gautam,IND,16584,156,0.128817030272002,10,35,89,HR,Sushila Gautam,IND,,,,,False,35,2019,AE
1523012,Rajesh Nagar,BJP,16577,97126,57.3817077565681,1,35,90,HR,Rajesh Nagar,BJP,,,,,True,35,2019,AE
1523013,Lalit Nagar,INC,16578,63285,37.3885609967919,2,35,90,HR,Lalit Nagar,INC,,,,,True,35,2019,AE
1523014,Pardeep Chaudhary,JNJP,16599,2693,1.59101516574797,3,35,90,HR,Pardeep Chaudhary,JNJP,,,,,False,35,2019,AE
1523015,None Of The Above,NOTA,16583,1569,0.926959819925205,4,35,90,HR,None Of The Above,NOTA,,,,,True,35,2019,AE
1523016,Umesh Bhati,INLD,16579,1538,0.908645126223687,5,35,90,HR,Umesh Bhati,INLD,,,,,False,35,2019,AE
1523017,Biresh Kumar Singh,JD(U),16673,854,0.504540271648263,6,35,90,HR,Biresh Kumar Singh,JD(U),,,,,False,35,2019,AE
1523018,Lalit Nagar S/O Sh. Vijay Pal Nagar,IND,16584,505,0.298352268363434,7,35,90,HR,Lalit Nagar S/O Sh. Vijay Pal Nagar,IND,,,,,False,35,2019,AE
1523019,Krishan Pal Singh,BSCP,16585,488,0.28830872665615,8,35,90,HR,Krishan Pal Singh,BSCP,,,,,False,35,2019,AE
1523020,Randhir Singh Aka Dheeru Khatana,ABKMP,16769,480,0.283582354088016,9,35,90,HR,Randhir Singh Aka Dheeru Khatana,ABKMP,,,,,False,35,2019,AE
1523021,Sonu Kumar,IND,16584,354,0.209141986139912,10,35,90,HR,Sonu Kumar,IND,,,,,False,35,2019,AE
1523022,Shyam Mandal,BMUP,16588,191,0.11284214506419,11,35,90,HR,Shyam Mandal,BMUP,,,,,False,35,2019,AE
1523023,Manoj Bhati,LTSP,16617,180,0.106343382783006,12,35,90,HR,Manoj Bhati,LTSP,,,,,False,35,2019,AE
