el_res_id,ca_full_name,party_abb,party_id,el_vote_count,el_vote_perc,el_rank,el_id,ac_no,state_abb,original_ca_full_name,original_party_abb,caste,caste_category,gender,age,incumbency,el_id,el_year,el_type
1255022,Babu Jandel,INC,14760,98580,55.1681683362247,1,32,1,MP,Babu Jandel,INC,,,,,False,32,2018,AE
1255023,Durga Lal Vijay (Vakil),BJP,14761,56870,31.8260674911858,2,32,1,MP,Durga Lal Vijay (Vakil),BJP,,,,,False,32,2018,AE
1255024,Tulsinarayan Meena,BSP,14762,14444,8.0832727069226,3,32,1,MP,Tulsinarayan Meena,BSP,,,,,False,32,2018,AE
1255025,Ad. Kuldeep Singh,AAAP,14772,2142,1.2,4,32,1,MP,Ad. Kuldeep Singh,AAAP,,,,,False,32,2018,AE
1255026,Nota,NOTA,14771,1794,1.00397336168783,5,32,1,MP,Nota,NOTA,,,,,False,32,2018,AE
1255027,Diptee Sayyad Zfar Ali,IND,14765,1062,0.594325367955677,6,32,1,MP,Diptee Sayyad Zfar Ali,IND,,,,,False,32,2018,AE
1255028,Mukesh Suman,BMUP,14773,937,0.524371817113436,7,32,1,MP,Mukesh Suman,BMUP,,,,,False,32,2018,AE
1255029,Hrvilash Adivasi,IND,14765,878,0.491353741115899,8,32,1,MP,Hrvilash Adivasi,IND,,,,,False,32,2018,AE
1255030,Tejpal Adiwasi,JPJD,14774,594,0.332419273602328,9,32,1,MP,Tejpal Adiwasi,JPJD,,,,,False,32,2018,AE
1255031,Murlidhar Prajapati,RKSP,14775,525,0.293804913537411,10,32,1,MP,Murlidhar Prajapati,RKSP,,,,,False,32,2018,AE
1255032,Ravindra Kumar,IVD,14776,466,0.260786837539873,11,32,1,MP,Ravindra Kumar,IVD,,,,,False,32,2018,AE
1255033,Bhure Singh Malee,JANADIP,14777,398,0.222732105881694,12,32,1,MP,Bhure Singh Malee,JANADIP,,,,,False,32,2018,AE
1255159,Seetaram,BJP,14761,63331,36.5009653900463,1,32,2,MP,Seetaram,BJP,,,,,False,32,2018,AE
1255160,Ramniwas Rawat,INC,14760,60491,34.8641249531713,2,32,2,MP,Ramniwas Rawat,INC,,,,,False,32,2018,AE
1255161,Babulal Mebra,BSP,14762,35628,20.5342785510504,3,32,2,MP,Babulal Mebra,BSP,,,,,False,32,2018,AE
1255162,Pannalal Solanki Rtd Collector,IND,14765,2615,1.50716117691132,4,32,2,MP,Pannalal Solanki Rtd Collector,IND,,,,,False,32,2018,AE
1255163,Mukesh Malhotra,IND,14765,2423,1.39650154174231,5,32,2,MP,Mukesh Malhotra,IND,,,,,False,32,2018,AE
1255164,Nota,NOTA,14771,1793,1.03339961384398,6,32,2,MP,Nota,NOTA,,,,,False,32,2018,AE
1255165,Arvind Dhakar,BMUP,14773,1360,0.783839082447191,7,32,2,MP,Arvind Dhakar,BMUP,,,,,False,32,2018,AE
1255166,Ramsingh Dhakad Urf Pappu Baba,IND,14765,1180,0.680095674476239,8,32,2,MP,Ramsingh Dhakad Urf Pappu Baba,IND,,,,,False,32,2018,AE
1255167,Ramcharan Mali (Bakil),IND,14765,979,0.564248868908676,9,32,2,MP,Ramcharan Mali (Bakil),IND,,,,,False,32,2018,AE
1255168,Durjan Lal Ray,IND,14765,802,0.462234517737241,10,32,2,MP,Durjan Lal Ray,IND,,,,,False,32,2018,AE
1255169,Kamlesh,IND,14765,719,0.414397279617302,11,32,2,MP,Kamlesh,IND,,,,,False,32,2018,AE
1255170,Murari Sahariya,IND,14765,543,0.312959280712371,12,32,2,MP,Murari Sahariya,IND,,,,,False,32,2018,AE
1255171,Ashutosh Chaturvedi (Bablu),AAAP,14772,474,0.27,13,32,2,MP,Ashutosh Chaturvedi (Bablu),AAAP,,,,,False,32,2018,AE
1255172,Amrat Singh Sikarwar,IND,14765,397,0.228811849802599,14,32,2,MP,Amrat Singh Sikarwar,IND,,,,,False,32,2018,AE
1255173,Ram Nivas Kushwah,BVD,14798,391,0.23,15,32,2,MP,Ram Nivas Kushwah,BVD,,,,,False,32,2018,AE
1255174,Girraj,IND,14765,379,0.218437509005504,16,32,2,MP,Girraj,IND,,,,,False,32,2018,AE
1255298,Baijnath Kushwah,INC,14760,54606,35.6040946730129,1,32,3,MP,Baijnath Kushwah,INC,,,,,False,32,2018,AE
1255299,Lal Singh Kewat,BSP,14762,45869,29.907413444611,2,32,3,MP,Lal Singh Kewat,BSP,,,,,False,32,2018,AE
1255300,Sarla Vijendra Rawat,BJP,14761,45100,29.4060116059203,3,32,3,MP,Sarla Vijendra Rawat,BJP,,,,,False,32,2018,AE
1255301,Col.Umesh Verma,AAAP,14772,1532,1.0,4,32,3,MP,Col.Umesh Verma,AAAP,,,,,False,32,2018,AE
1255302,Chandra Prakash Sharma,IND,14765,1433,0.934341787833344,5,32,3,MP,Chandra Prakash Sharma,IND,,,,,False,32,2018,AE
1255303,Nota,NOTA,14771,994,0.648105887722501,6,32,3,MP,Nota,NOTA,,,,,False,32,2018,AE
1255304,Arvind,SHS,14784,934,0.6089848079807,7,32,3,MP,Arvind,SHS,,,,,False,32,2018,AE
1255305,Dr.Rajendra Singh Rawat,SP,14763,845,0.550955206363695,8,32,3,MP,Dr.Rajendra Singh Rawat,SP,,,,,False,32,2018,AE
1255306,Patiram Shakya,IND,14765,559,0.364478059594444,9,32,3,MP,Patiram Shakya,IND,,,,,False,32,2018,AE
1255307,Dibai Chand Kevat,IND,14765,425,0.277107648171089,10,32,3,MP,Dibai Chand Kevat,IND,,,,,False,32,2018,AE
1255308,Naresh Shrivash,IND,14765,399,0.260155180282975,11,32,3,MP,Naresh Shrivash,IND,,,,,False,32,2018,AE
1255309,Shailendra Kumar Gaur,AIFB,14767,350,0.228206298493838,12,32,3,MP,Shailendra Kumar Gaur,AIFB,,,,,False,32,2018,AE
1255310,Ravi Sharma,BGSP,14801,230,0.149964139010236,13,32,3,MP,Ravi Sharma,BGSP,,,,,False,32,2018,AE
1255311,Usha Rawat,BYPP,14802,94,0.06,14,32,3,MP,Usha Rawat,BYPP,,,,,False,32,2018,AE
1255431,Banavareelal Sharma (Japthap),INC,14760,56187,34.4470943100097,1,32,4,MP,Banavareelal Sharma (Japthap),INC,,,,,False,32,2018,AE
1255432,Maneeram Dhakad,BSP,14762,41014,25.1448400169209,2,32,4,MP,Maneeram Dhakad,BSP,,,,,False,32,2018,AE
1255433,Subedar Singh Rajodha,BJP,14761,37988,23.2896616414588,3,32,4,MP,Subedar Singh Rajodha,BJP,,,,,False,32,2018,AE
1255434,Atar Singh Gurjar,MD,14803,17167,10.5247346898737,4,32,4,MP,Atar Singh Gurjar,MD,,,,,False,32,2018,AE
1255435,Soneram Kushwah,SP,14763,2742,1.68106381543856,5,32,4,MP,Soneram Kushwah,SP,,,,,False,32,2018,AE
1255436,Vidyaram Prajapati,SHS,14784,1303,0.798842506023505,6,32,4,MP,Vidyaram Prajapati,SHS,,,,,False,32,2018,AE
1255437,Maniram Shakya,BMUP,14773,1168,0.716076782068652,7,32,4,MP,Maniram Shakya,BMUP,,,,,False,32,2018,AE
1255438,Gayaram Singh Dhakad,CPM,14764,1110,0.680518174739901,8,32,4,MP,Gayaram Singh Dhakad,CPM,,,,,False,32,2018,AE
1255439,Shrikrishan Singh Kushwah,AAAP,14772,791,0.48,9,32,4,MP,Shrikrishan Singh Kushwah,AAAP,,,,,False,32,2018,AE
1255440,Dharmendra,IND,14765,499,0.305926638914604,10,32,4,MP,Dharmendra,IND,,,,,False,32,2018,AE
1255441,Surendra Sharma (Tyagi),SPAKP,14807,438,0.27,11,32,4,MP,Surendra Sharma (Tyagi),SPAKP,,,,,False,32,2018,AE
1255442,Ramlakhan Singh Sikarwar,IND,14765,429,0.263011078345421,12,32,4,MP,Ramlakhan Singh Sikarwar,IND,,,,,False,32,2018,AE
1255443,Kuladeep Singh,IND,14765,370,0.226839391579967,13,32,4,MP,Kuladeep Singh,IND,,,,,False,32,2018,AE
1255444,Nota,NOTA,14771,363,0.222547835523048,14,32,4,MP,Nota,NOTA,,,,,False,32,2018,AE
1255445,Ram Raj,IND,14765,360,0.22070859721294,15,32,4,MP,Ram Raj,IND,,,,,False,32,2018,AE
1255446,Gajendra Kori,JANADIP,14777,303,0.185763069320891,16,32,4,MP,Gajendra Kori,JANADIP,,,,,False,32,2018,AE
1255447,Vinay Singh,IND,14765,247,0.151430620865545,17,32,4,MP,Vinay Singh,IND,,,,,False,32,2018,AE
1255448,Sattar Khan,BASD,14808,202,0.123842046213927,18,32,4,MP,Sattar Khan,BASD,,,,,False,32,2018,AE
1255449,Puspendra Singh,RSPS,14809,199,0.12200280790382,19,32,4,MP,Puspendra Singh,RSPS,,,,,False,32,2018,AE
1255450,Pushpendra Parasar,IND,14765,130,0.0797003267713397,20,32,4,MP,Pushpendra Parasar,IND,,,,,False,32,2018,AE
1255451,Pradeep Yadav,BYPP,14802,101,0.06,21,32,4,MP,Pradeep Yadav,BYPP,,,,,False,32,2018,AE
1255585,Adal Singh Kansana,INC,14760,65455,41.071865568154,1,32,5,MP,Adal Singh Kansana,INC,,,,,False,32,2018,AE
1255586,Ajab Singh Kushwah,BJP,14761,52142,32.7181913445067,2,32,5,MP,Ajab Singh Kushwah,BJP,,,,,False,32,2018,AE
1255587,Gandhi Manvendra Singh,BSP,14762,31331,19.6596535041758,3,32,5,MP,Gandhi Manvendra Singh,BSP,,,,,False,32,2018,AE
1255588,Sobran Singh Ghaletha,SP,14763,6873,4.31268706821362,4,32,5,MP,Sobran Singh Ghaletha,SP,,,,,False,32,2018,AE
1255589,Nota,NOTA,14771,1086,0.68144597062127,5,32,5,MP,Nota,NOTA,,,,,False,32,2018,AE
1255590,Ramkishor Singh Sikarwar,IND,14765,631,0.395941443335194,6,32,5,MP,Ramkishor Singh Sikarwar,IND,,,,,False,32,2018,AE
1255591,Vinod Singh Parmar,AAAP,14772,420,0.26,7,32,5,MP,Vinod Singh Parmar,AAAP,,,,,False,32,2018,AE
1255592,Raj Kumar,IND,14765,385,0.241580753857448,8,32,5,MP,Raj Kumar,IND,,,,,False,32,2018,AE
1255593,Dr. Matadin Soni,JANADIP,14777,289,0.181342436012474,9,32,5,MP,Dr. Matadin Soni,JANADIP,,,,,False,32,2018,AE
1255594,Gyaprasad,IND,14765,250,0.156870619387953,10,32,5,MP,Gyaprasad,IND,,,,,False,32,2018,AE
1255595,Ravindra Singh,IND,14765,173,0.108554468616463,11,32,5,MP,Ravindra Singh,IND,,,,,False,32,2018,AE
1255596,Siromani Baghel,RSPS,14809,112,0.07,12,32,5,MP,Siromani Baghel,RSPS,,,,,False,32,2018,AE
1255597,Sushil Yadav,BYPP,14802,112,0.07,12,32,5,MP,Sushil Yadav,BYPP,,,,,False,32,2018,AE
1255598,Krishnapal Singh Sikarwar,IND,14765,108,0.0677681075755959,14,32,5,MP,Krishnapal Singh Sikarwar,IND,,,,,False,32,2018,AE
1255719,Raghuraj Singh Kansana,INC,14760,68965,45.6193153629899,1,32,6,MP,Raghuraj Singh Kansana,INC,,,,,False,32,2018,AE
1255720,Rustam Singh,BJP,14761,48116,31.8280138911857,2,32,6,MP,Rustam Singh,BJP,,,,,False,32,2018,AE
1255721,Balvir Singh Dandotiya,BSP,14762,21149,13.9897469819745,3,32,6,MP,Balvir Singh Dandotiya,BSP,,,,,False,32,2018,AE
1255722,Ram Prakash Rajoriya,AAAP,14772,7160,4.74,4,32,6,MP,Ram Prakash Rajoriya,AAAP,,,,,False,32,2018,AE
1255723,Bhageerath Singh,SP,14763,1281,0.847362328427319,5,32,6,MP,Bhageerath Singh,SP,,,,,False,32,2018,AE
1255724,Nota,NOTA,14771,1138,0.75276996857946,6,32,6,MP,Nota,NOTA,,,,,False,32,2018,AE
1255725,Kapil Mahor,RRSM,14813,702,0.46,7,32,6,MP,Kapil Mahor,RRSM,,,,,False,32,2018,AE
1255726,Ranjeet Kushwah,JANADIP,14777,604,0.399536960476269,8,32,6,MP,Ranjeet Kushwah,JANADIP,,,,,False,32,2018,AE
1255727,Vijay Shrivastava,IND,14765,545,0.360509343476103,9,32,6,MP,Vijay Shrivastava,IND,,,,,False,32,2018,AE
1255728,Raju Choudhri,IND,14765,363,0.240119067306102,10,32,6,MP,Raju Choudhri,IND,,,,,False,32,2018,AE
1255729,Vikash Vicky Kirad,BYPP,14802,338,0.22,11,32,6,MP,Vikash Vicky Kirad,BYPP,,,,,False,32,2018,AE
1255730,Sudharam Singh Bhadoriya,SHS,14784,304,0.201091450305936,12,32,6,MP,Sudharam Singh Bhadoriya,SHS,,,,,False,32,2018,AE
1255731,Mukesh Mourya,IND,14765,216,0.142880767322639,13,32,6,MP,Mukesh Mourya,IND,,,,,False,32,2018,AE
1255732,Manoj,IND,14765,150,0.0992227550851661,14,32,6,MP,Manoj,IND,,,,,False,32,2018,AE
1255733,Chatur Singh,IND,14765,144,0.0952538448817595,15,32,6,MP,Chatur Singh,IND,,,,,False,32,2018,AE
1255870,Girraj Dandotiya,INC,14760,69597,49.2307365829849,1,32,7,MP,Girraj Dandotiya,INC,,,,,False,32,2018,AE
1255871,Shiv Mangal Singh Tomar,BJP,14761,51120,36.160685864652,2,32,7,MP,Shiv Mangal Singh Tomar,BJP,,,,,False,32,2018,AE
1255872,Chhattar Singh Tomar,BSP,14762,14456,10.2257213391903,3,32,7,MP,Chhattar Singh Tomar,BSP,,,,,False,32,2018,AE
1255873,Jitendra Singh,IND,14765,1146,0.81064448358551,4,32,7,MP,Jitendra Singh,IND,,,,,False,32,2018,AE
1255874,Kishorilal,IND,14765,909,0.642998111325679,5,32,7,MP,Kishorilal,IND,,,,,False,32,2018,AE
1255875,Prabhu Singh,IND,14765,756,0.53477070644908,6,32,7,MP,Prabhu Singh,IND,,,,,False,32,2018,AE
1255876,Nota,NOTA,14771,436,0.308412735465342,7,32,7,MP,Nota,NOTA,,,,,False,32,2018,AE
1255877,Shyamkaran Khadiyahar,SAMSAMPA,14818,382,0.270214827861836,8,32,7,MP,Shyamkaran Khadiyahar,SAMSAMPA,,,,,False,32,2018,AE
1255878,Balveer Singh,JANADIP,14777,328,0.232016920258331,9,32,7,MP,Balveer Singh,JANADIP,,,,,False,32,2018,AE
1255879,Ajamer Singh,IND,14765,315,0.222821127687116,10,32,7,MP,Ajamer Singh,IND,,,,,False,32,2018,AE
1255880,Brajwashi Kushwah,SP,14763,306,0.216454809753199,11,32,7,MP,Brajwashi Kushwah,SP,,,,,False,32,2018,AE
1255881,Mukesh Singh Kushwah,BLSP,14819,297,0.21,12,32,7,MP,Mukesh Singh Kushwah,BLSP,,,,,False,32,2018,AE
1255882,Aroon Singh,BJYP,14820,286,0.202307436566715,13,32,7,MP,Aroon Singh,BJYP,,,,,False,32,2018,AE
1255883,Siyaram Singh Harsana,BVD,14798,275,0.19,14,32,7,MP,Siyaram Singh Harsana,BVD,,,,,False,32,2018,AE
1255884,Bishawnath,IND,14765,188,0.132985307952945,15,32,7,MP,Bishawnath,IND,,,,,False,32,2018,AE
1255885,Baijnath,RKSP,14775,178,0.125911621359704,16,32,7,MP,Baijnath,RKSP,,,,,False,32,2018,AE
1255886,Satyendra Singh Tomar,SHS,14784,159,0.112471616832544,17,32,7,MP,Satyendra Singh Tomar,SHS,,,,,False,32,2018,AE
1255887,Ghan Shyam Singh Tomar,AAAP,14772,138,0.1,18,32,7,MP,Ghan Shyam Singh Tomar,AAAP,,,,,False,32,2018,AE
1255888,Mahendra Singh Tomar,AIFB,14767,97,0.0686147599544454,19,32,7,MP,Mahendra Singh Tomar,AIFB,,,,,False,32,2018,AE
1256018,Kamlesh Jatav,INC,14760,37343,29.8944890966729,1,32,8,MP,Kamlesh Jatav,INC,,,,,False,32,2018,AE
1256019,Neha Kinnar,IND,14765,29796,23.8528291011559,2,32,8,MP,Neha Kinnar,IND,,,,,False,32,2018,AE
1256020,Gabbar Sakhwar,BJP,14761,29715,23.7879855262736,3,32,8,MP,Gabbar Sakhwar,BJP,,,,,False,32,2018,AE
1256021,Satyaprakash Sakhawar Advocate,BSP,14762,22179,17.7551314483332,4,32,8,MP,Satyaprakash Sakhawar Advocate,BSP,,,,,False,32,2018,AE
1256022,Nota,NOTA,14771,1255,1.00467514169521,5,32,8,MP,Nota,NOTA,,,,,False,32,2018,AE
1256023,Vijay Kumar Chhari,IND,14765,1042,0.83416055589356,6,32,8,MP,Vijay Kumar Chhari,IND,,,,,False,32,2018,AE
1256024,Gajendar Singh,IND,14765,784,0.627621761823945,7,32,8,MP,Gajendar Singh,IND,,,,,False,32,2018,AE
1256025,Sita Devi,IND,14765,687,0.549969579557462,8,32,8,MP,Sita Devi,IND,,,,,False,32,2018,AE
1256026,Seema Katheriya,RRSM,14813,601,0.48,9,32,8,MP,Seema Katheriya,RRSM,,,,,False,32,2018,AE
1256027,Rajkumar Shakhawar,HCP,14822,463,0.370649076179192,10,32,8,MP,Rajkumar Shakhawar,HCP,,,,,False,32,2018,AE
1256028,Rakesh Kumar Gour,IND,14765,375,0.3002017355663,11,32,8,MP,Rakesh Kumar Gour,IND,,,,,False,32,2018,AE
1256029,Suneel Kumar Mahor,AAAP,14772,359,0.29,12,32,8,MP,Suneel Kumar Mahor,AAAP,,,,,False,32,2018,AE
1256030,Rakesh Nagar,BYPP,14802,317,0.25,13,32,8,MP,Rakesh Nagar,BYPP,,,,,False,32,2018,AE
1256127,Arvind Singh Bhadoria,BJP,14761,58928,43.4482555224584,1,32,9,MP,Arvind Singh Bhadoria,BJP,,,,,False,32,2018,AE
1256128,Hemant Satyadev Katare,INC,14760,53950,39.7779219630164,2,32,9,MP,Hemant Satyadev Katare,INC,,,,,False,32,2018,AE
1256129,Sanjeev Baghel,BSP,14762,16585,12.2283009408086,3,32,9,MP,Sanjeev Baghel,BSP,,,,,False,32,2018,AE
1256130,Chatur Singh,IND,14765,695,0.512431061432742,4,32,9,MP,Chatur Singh,IND,,,,,False,32,2018,AE
1256131,Nand Kishor Yadav,SP,14763,645,0.475565517444775,5,32,9,MP,Nand Kishor Yadav,SP,,,,,False,32,2018,AE
1256132,Shyam Sundar Singh Yadav,LSWP,14795,636,0.468929719526941,6,32,9,MP,Shyam Sundar Singh Yadav,LSWP,,,,,False,32,2018,AE
1256133,Ashok Singh Bhadouria (Kanawar),AAAP,14772,520,0.38,7,32,9,MP,Ashok Singh Bhadouria (Kanawar),AAAP,,,,,False,32,2018,AE
1256134,Jalaluddin Khan,IND,14765,328,0.241837968561064,8,32,9,MP,Jalaluddin Khan,IND,,,,,False,32,2018,AE
1256135,Koshlendra Singh,IND,14765,297,0.218981331288524,9,32,9,MP,Koshlendra Singh,IND,,,,,False,32,2018,AE
1256136,Chandrveer Singh,IND,14765,293,0.216032087769487,10,32,9,MP,Chandrveer Singh,IND,,,,,False,32,2018,AE
1256137,Ganesh Shingh Bhadoria,IND,14765,270,0.199073937535022,11,32,9,MP,Ganesh Shingh Bhadoria,IND,,,,,False,32,2018,AE
1256138,Dinesh Singh,IND,14765,255,0.188014274338632,12,32,9,MP,Dinesh Singh,IND,,,,,False,32,2018,AE
1256139,Sonu,IND,14765,245,0.180641165541038,13,32,9,MP,Sonu,IND,,,,,False,32,2018,AE
1256140,Avdhesh Rajawat,IND,14765,220,0.162208393547055,14,32,9,MP,Avdhesh Rajawat,IND,,,,,False,32,2018,AE
1256141,Nota,NOTA,14771,195,0.143775621553071,15,32,9,MP,Nota,NOTA,,,,,False,32,2018,AE
1256142,Mithlesh Vijay Mishra (Raju Kheri),SSKP,14827,191,0.140826378034034,16,32,9,MP,Mithlesh Vijay Mishra (Raju Kheri),SSKP,,,,,False,32,2018,AE
1256143,Omprakash Laharia,IND,14765,133,0.0980623470079924,17,32,9,MP,Omprakash Laharia,IND,,,,,False,32,2018,AE
1256144,Jay Prakash,IND,14765,121,0.09,18,32,9,MP,Jay Prakash,IND,,,,,False,32,2018,AE
1256145,Shivcharan Singh Lodhi,RTKP,14828,121,0.09,18,32,9,MP,Shivcharan Singh Lodhi,RTKP,,,,,False,32,2018,AE
1256146,Santosh Sharma,IND,14765,117,0.0862653729318429,20,32,9,MP,Santosh Sharma,IND,,,,,False,32,2018,AE
1256147,Harendra Singh Bhadouriya,IND,14765,109,0.0803668858937682,21,32,9,MP,Harendra Singh Bhadouriya,IND,,,,,False,32,2018,AE
1256148,Umesh Garg,IND,14765,102,0.0752057097354528,22,32,9,MP,Umesh Garg,IND,,,,,False,32,2018,AE
1256149,Indal Singh,IND,14765,97,0.0715191553366561,23,32,9,MP,Indal Singh,IND,,,,,False,32,2018,AE
1256151,Ramnaresh Pavaiya (Jagnnath),IND,14765,96,0.0707818444568968,24,32,9,MP,Ramnaresh Pavaiya (Jagnnath),IND,,,,,False,32,2018,AE
1256150,Sarvesh Singh,IND,14765,96,0.0707818444568968,24,32,9,MP,Sarvesh Singh,IND,,,,,False,32,2018,AE
1256152,Arvind Tyagi,IND,14765,73,0.0538236942224319,26,32,9,MP,Arvind Tyagi,IND,,,,,False,32,2018,AE
1256153,Santosh Kumar Pachauri,IND,14765,69,0.0508744507033945,27,32,9,MP,Santosh Kumar Pachauri,IND,,,,,False,32,2018,AE
1256155,Mukesh Kumar Porsiya,IND,14765,37,0.03,28,32,9,MP,Mukesh Kumar Porsiya,IND,,,,,False,32,2018,AE
1256156,Bhuri Bai,IND,14765,37,0.03,28,32,9,MP,Bhuri Bai,IND,,,,,False,32,2018,AE
1256154,Mohit Singh Tomar,IND,14765,37,0.03,28,32,9,MP,Mohit Singh Tomar,IND,,,,,False,32,2018,AE
1256157,Vikrant Singh,IND,14765,36,0.0265431916713363,31,32,9,MP,Vikrant Singh,IND,,,,,False,32,2018,AE
1256158,Rajeev Singh Bhadoria,IND,14765,33,0.0243312590320582,32,32,9,MP,Rajeev Singh Bhadoria,IND,,,,,False,32,2018,AE
1256159,Virendra D Sharma,IND,14765,31,0.0228566372725395,33,32,9,MP,Virendra D Sharma,IND,,,,,False,32,2018,AE
1256160,Engineer Rahul Dixit,IND,14765,30,0.0221193263927802,34,32,9,MP,Engineer Rahul Dixit,IND,,,,,False,32,2018,AE
1256302,Sanjeev Singh (Sanju),BSP,14762,69107,46.7185408526115,1,32,10,MP,Sanjeev Singh (Sanju),BSP,,,,,False,32,2018,AE
1256303,Chaudhary Rakesh Singh Chaturvedi,BJP,14761,33211,22.4516975162585,2,32,10,MP,Chaudhary Rakesh Singh Chaturvedi,BJP,,,,,False,32,2018,AE
1256304,Narendra Singh Kushwah,SP,14763,30474,20.601398034099,3,32,10,MP,Narendra Singh Kushwah,SP,,,,,False,32,2018,AE
1256305,Dr. Ramesh Dubey,INC,14760,8297,5.60903719527859,4,32,10,MP,Dr. Ramesh Dubey,INC,,,,,False,32,2018,AE
1256306,Nota,NOTA,14771,942,0.636822108949311,5,32,10,MP,Nota,NOTA,,,,,False,32,2018,AE
1256307,Chunnilal Prajapati,BMUP,14773,729,0.492827300874785,6,32,10,MP,Chunnilal Prajapati,BMUP,,,,,False,32,2018,AE
1256308,Dr. Manoj Jain,SPAKP,14807,687,0.46,7,32,10,MP,Dr. Manoj Jain,SPAKP,,,,,False,32,2018,AE
1256309,Udayveer Singh,IND,14765,655,0.442800935628236,8,32,10,MP,Udayveer Singh,IND,,,,,False,32,2018,AE
1256310,Dalveer Singh Rathor,SHS,14784,600,0.40561917767472,9,32,10,MP,Dalveer Singh Rathor,SHS,,,,,False,32,2018,AE
1256311,Bhai Mukesh Garg - Parshad,BASD,14808,566,0.382634090939819,10,32,10,MP,Bhai Mukesh Garg - Parshad,BASD,,,,,False,32,2018,AE
1256312,Dr. Ramkumar Tripathi (Seeti),IND,14765,526,0.355592812428171,11,32,10,MP,Dr. Ramkumar Tripathi (Seeti),IND,,,,,False,32,2018,AE
1256313,Rekha Munna Shakya,AIFB,14767,448,0.302862319330457,12,32,10,MP,Rekha Munna Shakya,AIFB,,,,,False,32,2018,AE
1256314,Saket Saxena,AAAP,14772,427,0.29,13,32,10,MP,Saket Saxena,AAAP,,,,,False,32,2018,AE
1256315,Suresh,IND,14765,282,0.190641013507118,14,32,10,MP,Suresh,IND,,,,,False,32,2018,AE
1256316,Rekha - Rakesh Agrawal,BHSP,14832,234,0.16,15,32,10,MP,Rekha - Rakesh Agrawal,BHSP,,,,,False,32,2018,AE
1256317,Chau. Callectar Singh,IND,14765,204,0.137910520409404,16,32,10,MP,Chau. Callectar Singh,IND,,,,,False,32,2018,AE
1256318,Sunil,IND,14765,201,0.135882424521031,17,32,10,MP,Sunil,IND,,,,,False,32,2018,AE
1256319,Manoj Singh Kushwah (Fouzi),BJYP,14820,168,0.113573369748921,18,32,10,MP,Manoj Singh Kushwah (Fouzi),BJYP,,,,,False,32,2018,AE
1256320,Jasmant Singh,JANADIP,14777,164,0.110869241897756,19,32,10,MP,Jasmant Singh,JANADIP,,,,,False,32,2018,AE
1256428,Dr. Govind Singh,INC,14760,62113,40.1130162420485,1,32,11,MP,Dr. Govind Singh,INC,,,,,False,32,2018,AE
1256429,Rasal Singh,BJP,14761,53040,34.2536084471568,2,32,11,MP,Rasal Singh,BJP,,,,,False,32,2018,AE
1256430,Ambrish Sharma Guddu,BSP,14762,31367,20.2570312247731,3,32,11,MP,Ambrish Sharma Guddu,BSP,,,,,False,32,2018,AE
1256431,Ramkumar,IND,14765,1565,1.0106881074623,4,32,11,MP,Ramkumar,IND,,,,,False,32,2018,AE
1256432,Dhaneeram,JANADIP,14777,761,0.49145920113662,5,32,11,MP,Dhaneeram,JANADIP,,,,,False,32,2018,AE
1256433,Ramkumar,IND,14765,740,0.4778972520908,6,32,11,MP,Ramkumar,IND,,,,,False,32,2018,AE
1256434,Mohammad Vaseer Khan,IND,14765,639,0.41267073525138,7,32,11,MP,Mohammad Vaseer Khan,IND,,,,,False,32,2018,AE
1256435,Lal Singh Kushwah,BASD,14808,497,0.32096612741774,8,32,11,MP,Lal Singh Kushwah,BASD,,,,,False,32,2018,AE
1256436,Mahipal,IND,14765,450,0.290613193839,9,32,11,MP,Mahipal,IND,,,,,False,32,2018,AE
1256438,Rampratap,IND,14765,398,0.26,10,32,11,MP,Rampratap,IND,,,,,False,32,2018,AE
1256437,Avnish,IND,14765,398,0.26,10,32,11,MP,Avnish,IND,,,,,False,32,2018,AE
1256439,Shailendrasingh,IND,14765,393,0.25380218928606,12,32,11,MP,Shailendrasingh,IND,,,,,False,32,2018,AE
1256440,Shivnath Singh Rathoud,IND,14765,390,0.2518647679938,13,32,11,MP,Shivnath Singh Rathoud,IND,,,,,False,32,2018,AE
1256441,Nota,NOTA,14771,345,0.2228034486099,14,32,11,MP,Nota,NOTA,,,,,False,32,2018,AE
1256442,Yogendra Singh Kushwah (Mehdava),AAAP,14772,332,0.21,15,32,11,MP,Yogendra Singh Kushwah (Mehdava),AAAP,,,,,False,32,2018,AE
1256443,Prabal Kumar,IND,14765,216,0.13949433304272,16,32,11,MP,Prabal Kumar,IND,,,,,False,32,2018,AE
1256444,Onkar Singh,IND,14765,212,0.13691110465304,17,32,11,MP,Onkar Singh,IND,,,,,False,32,2018,AE
1256445,Ganesh Rathaur,IND,14765,194,0.12528657689948,18,32,11,MP,Ganesh Rathaur,IND,,,,,False,32,2018,AE
1256446,Chandrashekhar,IND,14765,188,0.12141173431496,19,32,11,MP,Chandrashekhar,IND,,,,,False,32,2018,AE
1256447,Sanjay Singh Urf Rajaji,IND,14765,187,0.12076592721754,20,32,11,MP,Sanjay Singh Urf Rajaji,IND,,,,,False,32,2018,AE
1256448,Kedar Singh Rajawat,IND,14765,151,0.09751687171042,21,32,11,MP,Kedar Singh Rajawat,IND,,,,,False,32,2018,AE
1256449,Subhash Agnihotri,IND,14765,145,0.0936420291259,22,32,11,MP,Subhash Agnihotri,IND,,,,,False,32,2018,AE
1256450,Hari Singh,IND,14765,124,0.08008008008008,23,32,11,MP,Hari Singh,IND,,,,,False,32,2018,AE
1256576,O.P.S. Bhadoria,INC,14760,61560,37.9040699464318,1,32,12,MP,O.P.S. Bhadoria,INC,,,,,False,32,2018,AE
1256577,Rakesh Shukla,BJP,14761,35746,22.0097284649959,2,32,12,MP,Rakesh Shukla,BJP,,,,,False,32,2018,AE
1256578,Ranjeet Singh Gurjar,BASD,14808,28160,17.3388338156517,3,32,12,MP,Ranjeet Singh Gurjar,BASD,,,,,False,32,2018,AE
1256579,Dr.Rajkumar Singh Kushwah,BLSP,14819,15307,9.42,4,32,12,MP,Dr.Rajkumar Singh Kushwah,BLSP,,,,,False,32,2018,AE
1256580,Kaushal Tiwari,BSP,14762,7597,4.67766763130349,5,32,12,MP,Kaushal Tiwari,BSP,,,,,False,32,2018,AE
1256581,Suresh Singh Sikarwar,SP,14763,6151,3.78732836647989,6,32,12,MP,Suresh Singh Sikarwar,SP,,,,,False,32,2018,AE
1256582,O.P.S. Narwariya,BMUP,14773,1141,0.702542946862877,7,32,12,MP,O.P.S. Narwariya,BMUP,,,,,False,32,2018,AE
1256583,Bhupendra Karana (Gurjar),AAAP,14772,1026,0.631734499107197,8,32,12,MP,Bhupendra Karana (Gurjar),AAAP,,,,,False,32,2018,AE
1256584,Ashish Tiwari,IND,14765,642,0.395295856166492,9,32,12,MP,Ashish Tiwari,IND,,,,,False,32,2018,AE
1256585,Sunil Kumar Sharma,RSYSP,14836,600,0.369435379594852,10,32,12,MP,Sunil Kumar Sharma,RSYSP,,,,,False,32,2018,AE
1256586,Akhilesh Singh Narwaria,IND,14765,307,0.189027769226032,11,32,12,MP,Akhilesh Singh Narwaria,IND,,,,,False,32,2018,AE
1256587,Rajendra Prashad Shastri,SPAKP,14807,301,0.19,12,32,12,MP,Rajendra Prashad Shastri,SPAKP,,,,,False,32,2018,AE
1256588,Beniram Kushwah,IND,14765,290,0.178560433470845,13,32,12,MP,Beniram Kushwah,IND,,,,,False,32,2018,AE
1256589,Nota,NOTA,14771,283,0.174250354042238,14,32,12,MP,Nota,NOTA,,,,,False,32,2018,AE
1256590,Santosh Tiwari,IND,14765,280,0.172403177144264,15,32,12,MP,Santosh Tiwari,IND,,,,,False,32,2018,AE
1256591,Amit Singh,IND,14765,272,0.167477372082999,16,32,12,MP,Amit Singh,IND,,,,,False,32,2018,AE
1256592,Abhilakh Singh,IND,14765,211,0.129918108490856,17,32,12,MP,Abhilakh Singh,IND,,,,,False,32,2018,AE
1256593,Rankendra Singh,IND,14765,201,0.123760852164275,18,32,12,MP,Rankendra Singh,IND,,,,,False,32,2018,AE
1256594,Pawan Sharma,IND,14765,198,0.121913675266301,19,32,12,MP,Pawan Sharma,IND,,,,,False,32,2018,AE
1256595,Dinesh Sharma (D.K.),IND,14765,197,0.121297949633643,20,32,12,MP,Dinesh Sharma (D.K.),IND,,,,,False,32,2018,AE
1256596,Latoori Singh Kushwah,JANADIP,14777,192,0.118219321470352,21,32,12,MP,Latoori Singh Kushwah,JANADIP,,,,,False,32,2018,AE
1256597,Upendra,IND,14765,174,0.107136260082507,22,32,12,MP,Upendra,IND,,,,,False,32,2018,AE
1256598,Anil Kumar,IND,14765,154,0.0948217474293454,23,32,12,MP,Anil Kumar,IND,,,,,False,32,2018,AE
1256599,Mukat Singh Narwaria Doniyapura,IND,14765,152,0.0935902961640293,24,32,12,MP,Mukat Singh Narwaria Doniyapura,IND,,,,,False,32,2018,AE
1256600,Brahmakishor,IND,14765,149,0.091743119266055,25,32,12,MP,Brahmakishor,IND,,,,,False,32,2018,AE
1256602,Saumya Sharma Advocate,IND,14765,146,0.0898959423680807,26,32,12,MP,Saumya Sharma Advocate,IND,,,,,False,32,2018,AE
1256601,Satendra Singh,IND,14765,146,0.0898959423680807,26,32,12,MP,Satendra Singh,IND,,,,,False,32,2018,AE
1256603,Bheekam Singh,IND,14765,140,0.0862015885721322,28,32,12,MP,Bheekam Singh,IND,,,,,False,32,2018,AE
1256604,Vikram Sharma,IND,14765,122,0.0751185271842866,29,32,12,MP,Vikram Sharma,IND,,,,,False,32,2018,AE
1256605,Brajendra Singh,IND,14765,115,0.07080844775568,30,32,12,MP,Brajendra Singh,IND,,,,,False,32,2018,AE
1256606,Manish Kumar Agrawal,IND,14765,114,0.0701927221230219,31,32,12,MP,Manish Kumar Agrawal,IND,,,,,False,32,2018,AE
1256607,Pramod Kumar Sharma,IND,14765,91,0.0560310325718859,32,32,12,MP,Pramod Kumar Sharma,IND,,,,,False,32,2018,AE
1256608,Rajveer Singh,IND,14765,83,0.0511052275106212,33,32,12,MP,Rajveer Singh,IND,,,,,False,32,2018,AE
1256609,Raheesh Khan,IND,14765,81,0.049873776245305,34,32,12,MP,Raheesh Khan,IND,,,,,False,32,2018,AE
1256610,Shrinivash,IND,14765,81,0.049873776245305,34,32,12,MP,Shrinivash,IND,,,,,False,32,2018,AE
1256735,Ranvir Jatav,INC,14760,62981,48.5754612204602,1,32,13,MP,Ranvir Jatav,INC,,,,,False,32,2018,AE
1256736,Lalsingh Arya,BJP,14761,38992,30.0734250632442,2,32,13,MP,Lalsingh Arya,BJP,,,,,False,32,2018,AE
1256737,Dr. Jagdish Singh Sagar,BSP,14762,15477,11.9369716789041,3,32,13,MP,Dr. Jagdish Singh Sagar,BSP,,,,,False,32,2018,AE
1256738,Gulab Singh Jatav,BASD,14808,4386,3.38279755661134,4,32,13,MP,Gulab Singh Jatav,BASD,,,,,False,32,2018,AE
1256739,Prem Narayan Mahore,CPM,14764,1734,1.33738508052076,5,32,13,MP,Prem Narayan Mahore,CPM,,,,,False,32,2018,AE
1256740,Guddu Valmik,AAAP,14772,1173,0.9,6,32,13,MP,Guddu Valmik,AAAP,,,,,False,32,2018,AE
1256741,Nota,NOTA,14771,982,0.757388782624791,7,32,13,MP,Nota,NOTA,,,,,False,32,2018,AE
1256742,Dr. P. S Bouddh,IND,14765,694,0.535262540877398,8,32,13,MP,Dr. P. S Bouddh,IND,,,,,False,32,2018,AE
1256743,Rakesh Sagar,BLSP,14819,685,0.53,9,32,13,MP,Rakesh Sagar,BLSP,,,,,False,32,2018,AE
1256744,Ramlakhan,IND,14765,657,0.50672548898624,10,32,13,MP,Ramlakhan,IND,,,,,False,32,2018,AE
1256745,Moharsingh,IND,14765,566,0.436539766767446,11,32,13,MP,Moharsingh,IND,,,,,False,32,2018,AE
1256746,Thakurdas Khatik,RSYSP,14836,312,0.240636761893009,12,32,13,MP,Thakurdas Khatik,RSYSP,,,,,False,32,2018,AE
1256747,Vidhyaram,IND,14765,291,0.224440056765595,13,32,13,MP,Vidhyaram,IND,,,,,False,32,2018,AE
1256748,Rajneesh Pawaiya,BMUP,14773,265,0.204386993274511,14,32,13,MP,Rajneesh Pawaiya,BMUP,,,,,False,32,2018,AE
1256749,Jitendra ( Banti Khatik),SP,14763,233,0.179706299747022,15,32,13,MP,Jitendra ( Banti Khatik),SP,,,,,False,32,2018,AE
1256750,Mahendra,JANADIP,14777,228,0.175849941383352,16,32,13,MP,Mahendra,JANADIP,,,,,False,32,2018,AE
1256870,Bharat Singh Kushwah,BJP,14761,51033,32.8389230650433,1,32,14,MP,Bharat Singh Kushwah,BJP,,,,,False,32,2018,AE
1256871,Sahab Singh Gurjar,BSP,14762,49516,31.8627577153741,2,32,14,MP,Sahab Singh Gurjar,BSP,,,,,False,32,2018,AE
1256872,Madan Kushwah,INC,14760,38199,24.580448379707,3,32,14,MP,Madan Kushwah,INC,,,,,False,32,2018,AE
1256873,Phool Singh Baraiya,BASD,14808,7698,4.95354044940928,4,32,14,MP,Phool Singh Baraiya,BASD,,,,,False,32,2018,AE
1256874,Balveer Singh Baghel,AAAP,14772,2689,1.73,5,32,14,MP,Balveer Singh Baghel,AAAP,,,,,False,32,2018,AE
1256875,Nota,NOTA,14771,1349,0.868060024195001,6,32,14,MP,Nota,NOTA,,,,,False,32,2018,AE
1256876,Monu Yadav,IND,14765,790,0.508352423361046,7,32,14,MP,Monu Yadav,IND,,,,,False,32,2018,AE
1256877,Bhagwandas,IND,14765,709,0.456230212864533,8,32,14,MP,Bhagwandas,IND,,,,,False,32,2018,AE
1256878,Ramsiya Parihar,RRSM,14813,602,0.39,9,32,14,MP,Ramsiya Parihar,RRSM,,,,,False,32,2018,AE
1256879,Dolee Sharma,AVIRP,14845,522,0.335898689866412,10,32,14,MP,Dolee Sharma,AVIRP,,,,,False,32,2018,AE
1256880,Suneel Sharma,RSYSP,14836,483,0.310802810738462,11,32,14,MP,Suneel Sharma,RSYSP,,,,,False,32,2018,AE
1256881,Ramu Verma,IND,14765,447,0.287637383851123,12,32,14,MP,Ramu Verma,IND,,,,,False,32,2018,AE
1256882,Ramveer Singh Rora,SP,14763,417,0.268332861445007,13,32,14,MP,Ramveer Singh Rora,SP,,,,,False,32,2018,AE
1256883,Alabel Singh,IND,14765,394,0.253532727600319,14,32,14,MP,Alabel Singh,IND,,,,,False,32,2018,AE
1256884,Bhagavan Lal,IND,14765,280,0.180175542457079,15,32,14,MP,Bhagavan Lal,IND,,,,,False,32,2018,AE
1256885,Ashutosh Goswami,IND,14765,276,0.177601606136264,16,32,14,MP,Ashutosh Goswami,IND,,,,,False,32,2018,AE
1257017,Pradhuman Singh Tomar,INC,14760,92055,52.4004417222614,1,32,15,MP,Pradhuman Singh Tomar,INC,,,,,False,32,2018,AE
1257018,Jai Bhan Singh Pawaiya,BJP,14761,71011,40.4215715294064,2,32,15,MP,Jai Bhan Singh Pawaiya,BJP,,,,,False,32,2018,AE
1257019,Eng. Savitri Katariya,BSP,14762,4596,2.61617978551424,3,32,15,MP,Eng. Savitri Katariya,BSP,,,,,False,32,2018,AE
1257020,Kuldeep Batham (Billu Bhaiya),AAAP,14772,1742,0.99,4,32,15,MP,Kuldeep Batham (Billu Bhaiya),AAAP,,,,,False,32,2018,AE
1257021,Nota,NOTA,14771,1109,0.631275757644755,5,32,15,MP,Nota,NOTA,,,,,False,32,2018,AE
1257022,Asha Ravindra Rathore,IND,14765,981,0.558414353696577,6,32,15,MP,Asha Ravindra Rathore,IND,,,,,False,32,2018,AE
1257023,Rajveer Singh Dhakar,IND,14765,762,0.433753045378993,7,32,15,MP,Rajveer Singh Dhakar,IND,,,,,False,32,2018,AE
1257024,Dheeraj Yadav,SP,14763,435,0.247614927480133,8,32,15,MP,Dheeraj Yadav,SP,,,,,False,32,2018,AE
1257025,Mahesh Koli,IND,14765,408,0.232245725084815,9,32,15,MP,Mahesh Koli,IND,,,,,False,32,2018,AE
1257026,Anil Kumar Gupta,SPAKP,14807,402,0.23,10,32,15,MP,Anil Kumar Gupta,SPAKP,,,,,False,32,2018,AE
1257027,Ram Singh Bhadauriya,IND,14765,389,0.221430360436257,11,32,15,MP,Ram Singh Bhadauriya,IND,,,,,False,32,2018,AE
1257028,Shri Ram Goyal,JLOKP,14855,280,0.16,12,32,15,MP,Shri Ram Goyal,JLOKP,,,,,False,32,2018,AE
1257029,Vikram Singh,IND,14765,257,0.146292037614699,13,32,15,MP,Vikram Singh,IND,,,,,False,32,2018,AE
1257030,Kiranlata / Badam Singh Rajput,BPAP,14856,170,0.096769052118673,14,32,15,MP,Kiranlata / Badam Singh Rajput,BPAP,,,,,False,32,2018,AE
1257031,Vishal Singh Bhadoria,IND,14765,165,0.0939229035269473,15,32,15,MP,Vishal Singh Bhadoria,IND,,,,,False,32,2018,AE
1257032,Krishna Kumar Sharma,RRSM,14813,163,0.09,16,32,15,MP,Krishna Kumar Sharma,RRSM,,,,,False,32,2018,AE
1257033,Chandrahas Singh Tomar,RPB,14857,152,0.09,17,32,15,MP,Chandrahas Singh Tomar,RPB,,,,,False,32,2018,AE
1257034,Shravan Kumar Sharma (Shashtri),BJYP,14820,143,0.0813998497233543,18,32,15,MP,Shravan Kumar Sharma (Shashtri),BJYP,,,,,False,32,2018,AE
1257035,Sameer Bhai,IND,14765,137,0.0779844714132835,19,32,15,MP,Sameer Bhai,IND,,,,,False,32,2018,AE
1257036,Kaustubh Sharma Advocate (Mahant),AVIRP,14845,119,0.0677383364830711,20,32,15,MP,Kaustubh Sharma Advocate (Mahant),AVIRP,,,,,False,32,2018,AE
1257037,Hariom Kushwah,RSMD,14793,111,0.06318449873631,21,32,15,MP,Hariom Kushwah,RSMD,,,,,False,32,2018,AE
1257038,Vishnu Kant Sharma (Anna),IND,14765,89,0.050661444932717,22,32,15,MP,Vishnu Kant Sharma (Anna),IND,,,,,False,32,2018,AE
1257177,Munnalal Goyal (Munna Bhaiya),INC,14760,90133,51.9175383622874,1,32,16,MP,Munnalal Goyal (Munna Bhaiya),INC,,,,,False,32,2018,AE
1257178,Satish Singh Sikarwar,BJP,14761,72314,41.6536104326989,2,32,16,MP,Satish Singh Sikarwar,BJP,,,,,False,32,2018,AE
1257179,Bhury Singh,BSP,14762,5446,3.13695221418367,3,32,16,MP,Bhury Singh,BSP,,,,,False,32,2018,AE
1257180,Nota,NOTA,14771,1873,1.07886733330261,4,32,16,MP,Nota,NOTA,,,,,False,32,2018,AE
1257181,Amit Dubey,SPAKP,14807,1219,0.7,5,32,16,MP,Amit Dubey,SPAKP,,,,,False,32,2018,AE
1257182,Maneeksha Singh Tomar,AAAP,14772,854,0.49,6,32,16,MP,Maneeksha Singh Tomar,AAAP,,,,,False,32,2018,AE
1257183,Bhuvnesh Lovely Tomar,IND,14765,437,0.251716510759872,7,32,16,MP,Bhuvnesh Lovely Tomar,IND,,,,,False,32,2018,AE
1257184,Dr. Anil Kumar Shrivastava,RRSM,14813,400,0.23,8,32,16,MP,Dr. Anil Kumar Shrivastava,RRSM,,,,,False,32,2018,AE
1257185,Smt Meenakshi Jain,IND,14765,340,0.19584350951569,9,32,16,MP,Smt Meenakshi Jain,IND,,,,,False,32,2018,AE
1257186,Naman Kumar Nayak,IND,14765,246,0.141698539237823,10,32,16,MP,Naman Kumar Nayak,IND,,,,,False,32,2018,AE
1257187,Naresh Kumar Singh,IND,14765,180,0.103681857978894,11,32,16,MP,Naresh Kumar Singh,IND,,,,,False,32,2018,AE
1257188,Brandavan Prjapti,BHAPP,14862,166,0.0956177134694253,12,32,16,MP,Brandavan Prjapti,BHAPP,,,,,False,32,2018,AE
1257319,Praveen Pathak,INC,14760,56369,36.9802532309912,1,32,17,MP,Praveen Pathak,INC,,,,,False,32,2018,AE
1257320,Narayan Singh Kushwah,BJP,14761,56248,36.9008725316538,2,32,17,MP,Narayan Singh Kushwah,BJP,,,,,False,32,2018,AE
1257321,Sameeksha Gupta,IND,14765,30745,20.1699140589122,3,32,17,MP,Sameeksha Gupta,IND,,,,,False,32,2018,AE
1257322,Aseem Shah,BSP,14762,3098,2.03240831857245,4,32,17,MP,Aseem Shah,BSP,,,,,False,32,2018,AE
1257323,Nota,NOTA,14771,1550,1.01686019812372,5,32,17,MP,Nota,NOTA,,,,,False,32,2018,AE
1257324,Comrade Rachna Agrawal,SUCI,14844,1147,0.752476546611559,6,32,17,MP,Comrade Rachna Agrawal,SUCI,,,,,False,32,2018,AE
1257325,Ku. Anupama Singh Dandotiya Advocate,SPAKP,14807,807,0.53,7,32,17,MP,Ku. Anupama Singh Dandotiya Advocate,SPAKP,,,,,False,32,2018,AE
1257326,Dileep Mishra,AAAP,14772,646,0.42,8,32,17,MP,Dileep Mishra,AAAP,,,,,False,32,2018,AE
1257327,Sameer Bhai,IND,14765,491,0.322115069212097,9,32,17,MP,Sameer Bhai,IND,,,,,False,32,2018,AE
1257328,Prem Singh Kushwah (Premu),JANADIP,14777,269,0.176474447287279,10,32,17,MP,Prem Singh Kushwah (Premu),JANADIP,,,,,False,32,2018,AE
1257329,Gajendra Singh Kushwah,RRSM,14813,250,0.16,11,32,17,MP,Gajendra Singh Kushwah,RRSM,,,,,False,32,2018,AE
1257330,Laxman Soni,ABHM,14842,179,0.117430951912353,12,32,17,MP,Laxman Soni,ABHM,,,,,False,32,2018,AE
1257331,Jagdish Tomar,IND,14765,178,0.116774913074854,13,32,17,MP,Jagdish Tomar,IND,,,,,False,32,2018,AE
1257332,Rakesh Dhakad,IND,14765,172,0.112838680049858,14,32,17,MP,Rakesh Dhakad,IND,,,,,False,32,2018,AE
1257333,Rashid Khan Abbasi,IND,14765,156,0.102342058649872,15,32,17,MP,Rashid Khan Abbasi,IND,,,,,False,32,2018,AE
1257334,Anand Singh Kushwah Ramayani,IND,14765,125,0.0820048546873974,16,32,17,MP,Anand Singh Kushwah Ramayani,IND,,,,,False,32,2018,AE
1257462,Lakhan Singh Yadav,INC,14760,66439,42.5653641879208,1,32,18,MP,Lakhan Singh Yadav,INC,,,,,False,32,2018,AE
1257463,Anoop Mishra,BJP,14761,54309,34.7940571604297,2,32,18,MP,Anoop Mishra,BJP,,,,,False,32,2018,AE
1257464,Vishvjit Beenu Patel,BSP,14762,18728,11.9984367692376,3,32,18,MP,Vishvjit Beenu Patel,BSP,,,,,False,32,2018,AE
1257465,Guddu Bhaiya Raghvendra Singh Tomar,IND,14765,9154,5.86467803212311,4,32,18,MP,Guddu Bhaiya Raghvendra Singh Tomar,IND,,,,,False,32,2018,AE
1257466,Nota,NOTA,14771,1325,0.848885557413493,5,32,18,MP,Nota,NOTA,,,,,False,32,2018,AE
1257467,Bhuri,BVD,14798,1029,0.66,6,32,18,MP,Bhuri,BVD,,,,,False,32,2018,AE
1257468,Hari Sahariya Adiwasi,IND,14765,1016,0.650919038741214,7,32,18,MP,Hari Sahariya Adiwasi,IND,,,,,False,32,2018,AE
1257469,Bagat Singh Rawat,IND,14765,775,0.496517967543741,8,32,18,MP,Bagat Singh Rawat,IND,,,,,False,32,2018,AE
1257470,Kalyan Singh Kushwah,RSMD,14793,735,0.470891233735032,9,32,18,MP,Kalyan Singh Kushwah,RSMD,,,,,False,32,2018,AE
1257471,Shakuntla Chaudhary,AAAP,14772,453,0.29,10,32,18,MP,Shakuntla Chaudhary,AAAP,,,,,False,32,2018,AE
1257472,Tara Singh,RRSM,14813,419,0.27,11,32,18,MP,Tara Singh,RRSM,,,,,False,32,2018,AE
1257473,Gurvinder Singh Gill,JSVP,14865,418,0.267799368301011,12,32,18,MP,Gurvinder Singh Gill,JSVP,,,,,False,32,2018,AE
1257474,Chhavi Ram Baghel,IND,14765,375,0.240250629456649,13,32,18,MP,Chhavi Ram Baghel,IND,,,,,False,32,2018,AE
1257475,Dhyanendra Sharma (Khaddar Pachoura),SPAKP,14807,331,0.21,14,32,18,MP,Dhyanendra Sharma (Khaddar Pachoura),SPAKP,,,,,False,32,2018,AE
1257476,Tejpal Singh Rawat Tony Bhaiya,SP,14763,329,0.210779885576633,15,32,18,MP,Tejpal Singh Rawat Tony Bhaiya,SP,,,,,False,32,2018,AE
1257477,Suresh Baghel,JANADIP,14777,252,0.161448422994868,16,32,18,MP,Suresh Baghel,JANADIP,,,,,False,32,2018,AE
1257613,Imarti Devi,INC,14760,90598,60.6051281365184,1,32,19,MP,Imarti Devi,INC,,,,,False,32,2018,AE
1257614,Kaptan Singh Sehsari,BJP,14761,33152,22.1768825799891,2,32,19,MP,Kaptan Singh Sehsari,BJP,,,,,False,32,2018,AE
1257615,P.S. Mandeliya,BSP,14762,13155,8.79997859374268,3,32,19,MP,P.S. Mandeliya,BSP,,,,,False,32,2018,AE
1257616,Smt. Satya Prakashi Parsediya,IND,14765,2963,1.98208563840817,4,32,19,MP,Smt. Satya Prakashi Parsediya,IND,,,,,False,32,2018,AE
1257617,Nota,NOTA,14771,2389,1.59811089779181,5,32,19,MP,Nota,NOTA,,,,,False,32,2018,AE
1257618,Dinesh Kumar,SHS,14784,2260,1.51181692298429,6,32,19,MP,Dinesh Kumar,SHS,,,,,False,32,2018,AE
1257619,Jitendra Arya,CPM,14764,1559,1.0428860986427,7,32,19,MP,Jitendra Arya,CPM,,,,,False,32,2018,AE
1257620,Ramvati Shakya,AAAP,14772,1387,0.93,8,32,19,MP,Ramvati Shakya,AAAP,,,,,False,32,2018,AE
1257621,Hardas Shakya Advocate,IND,14765,575,0.384643686157509,9,32,19,MP,Hardas Shakya Advocate,IND,,,,,False,32,2018,AE
1257622,Avtar Singh Bijoul,RRSM,14813,521,0.35,10,32,19,MP,Avtar Singh Bijoul,RRSM,,,,,False,32,2018,AE
1257623,Er. Satyendra Sengar Vidrohi,IND,14765,519,0.347182735853474,11,32,19,MP,Er. Satyendra Sengar Vidrohi,IND,,,,,False,32,2018,AE
1257624,Purushottam Baudhd,IND,14765,229,0.15318852892186,12,32,19,MP,Purushottam Baudhd,IND,,,,,False,32,2018,AE
1257625,Jay Prakash Mourya,IND,14765,182,0.121748088488116,13,32,19,MP,Jay Prakash Mourya,IND,,,,,False,32,2018,AE
1257730,Ghanshyam Singh,INC,14760,64810,52.710769881419,1,32,20,MP,Ghanshyam Singh,INC,,,,,False,32,2018,AE
1257731,Radhelal Baghel,BJP,14761,31542,25.653496429559,2,32,20,MP,Radhelal Baghel,BJP,,,,,False,32,2018,AE
1257732,Lakhan Singh Yadav,BSP,14762,18006,14.644501195569,3,32,20,MP,Lakhan Singh Yadav,BSP,,,,,False,32,2018,AE
1257733,Parineeta Raje (Beti Raja),AAAP,14772,2472,2.01,4,32,20,MP,Parineeta Raje (Beti Raja),AAAP,,,,,False,32,2018,AE
1257734,Nota,NOTA,14771,1753,1.42573645428371,5,32,20,MP,Nota,NOTA,,,,,False,32,2018,AE
1257735,Holkar Rishapal Singh Baghel,IND,14765,987,0.802739235811767,6,32,20,MP,Holkar Rishapal Singh Baghel,IND,,,,,False,32,2018,AE
1257736,Rudra Pratap Singh,RRSM,14813,757,0.62,7,32,20,MP,Rudra Pratap Singh,RRSM,,,,,False,32,2018,AE
1257737,Ram Kumar,IND,14765,450,0.365990533044878,8,32,20,MP,Ram Kumar,IND,,,,,False,32,2018,AE
1257738,Dr. Niraj Gupta,IND,14765,418,0.339964539583909,9,32,20,MP,Dr. Niraj Gupta,IND,,,,,False,32,2018,AE
1257739,Vaidh Ramkumar Gupta Uraf Vidhayak Ji,JANADIP,14777,409,0.332644728923011,10,32,20,MP,Vaidh Ramkumar Gupta Uraf Vidhayak Ji,JANADIP,,,,,False,32,2018,AE
1257740,Hardas Kushawa,SP,14763,314,0.255380060835759,11,32,20,MP,Hardas Kushawa,SP,,,,,False,32,2018,AE
1257741,Ramji Lal Kushwah,BSCP,14867,306,0.248873562470517,12,32,20,MP,Ramji Lal Kushwah,BSCP,,,,,False,32,2018,AE
1257742,Rajaram,IND,14765,282,0.22935406737479,13,32,20,MP,Rajaram,IND,,,,,False,32,2018,AE
1257743,Sonu Sharma Pandokhar Sarkar,SJVP,14868,256,0.21,14,32,20,MP,Sonu Sharma Pandokhar Sarkar,SJVP,,,,,False,32,2018,AE
1257744,Brajesh Kumar Banshkar,IND,14765,192,0.156155960765814,15,32,20,MP,Brajesh Kumar Banshkar,IND,,,,,False,32,2018,AE
1257865,Raksha Santram Saroniya,INC,14760,73578,62.12,1,32,21,MP,Raksha Santram Saroniya,INC,,,,,False,32,2018,AE
1257866,Rajni Prajapati,BJP,14761,33682,28.44,2,32,21,MP,Rajni Prajapati,BJP,,,,,False,32,2018,AE
1257867,Smt. Kiran Bala,BSP,14762,2642,2.23,3,32,21,MP,Smt. Kiran Bala,BSP,,,,,False,32,2018,AE
1257868,Narayan Singh (Babuji),BASD,14808,2323,1.96,4,32,21,MP,Narayan Singh (Babuji),BASD,,,,,False,32,2018,AE
1257869,Nota,NOTA,14771,1228,1.04,5,32,21,MP,Nota,NOTA,,,,,False,32,2018,AE
1257870,Karan Singh,BSCP,14867,1165,0.983562268356311,6,32,21,MP,Karan Singh,BSCP,,,,,False,32,2018,AE
1257871,Umesh Kumar Prajapati,IND,14765,1040,0.878029836129239,7,32,21,MP,Umesh Kumar Prajapati,IND,,,,,False,32,2018,AE
1257872,Ghanshyam (Kori),SJVP,14868,876,0.74,8,32,21,MP,Ghanshyam (Kori),SJVP,,,,,False,32,2018,AE
1257873,Khetaan Singh Parihar,IND,14765,809,0.68300590137361,9,32,21,MP,Khetaan Singh Parihar,IND,,,,,False,32,2018,AE
1257874,Uttam Singh,IND,14765,446,0.376539718186192,10,32,21,MP,Uttam Singh,IND,,,,,False,32,2018,AE
1257875,Ashok Dandotiya,IND,14765,345,0.291269512946718,11,32,21,MP,Ashok Dandotiya,IND,,,,,False,32,2018,AE
1257876,Ghanshyam Verma,AAAP,14772,313,0.26,12,32,21,MP,Ghanshyam Verma,AAAP,,,,,False,32,2018,AE
1257969,Dr.Narottam Mishra,BJP,14761,72209,48.998439302436,1,32,22,MP,Dr.Narottam Mishra,BJP,,,,,False,32,2018,AE
1257970,Bharti Rajendra,INC,14760,69553,47.1961728981475,2,32,22,MP,Bharti Rajendra,INC,,,,,False,32,2018,AE
1257971,Nota,NOTA,14771,2085,1.41480626993282,3,32,22,MP,Nota,NOTA,,,,,False,32,2018,AE
1257972,Ajad Khan (Murga Wale Chachaa),JANADIP,14777,983,0.667028567551061,4,32,22,MP,Ajad Khan (Murga Wale Chachaa),JANADIP,,,,,False,32,2018,AE
1257973,Pandit Mahesh Chandra Shastri,IND,14765,979,0.664314310918097,5,32,22,MP,Pandit Mahesh Chandra Shastri,IND,,,,,False,32,2018,AE
1257974,Ramgopal,RRSM,14813,445,0.3,6,32,22,MP,Ramgopal,RRSM,,,,,False,32,2018,AE
1257975,Hari Singh (Harikrishna),AAAP,14772,393,0.27,7,32,22,MP,Hari Singh (Harikrishna),AAAP,,,,,False,32,2018,AE
1257976,Sugreeb Singh,BPAP,14856,304,0.206283504105313,8,32,22,MP,Sugreeb Singh,BPAP,,,,,False,32,2018,AE
1257977,Mahant Ramdoot Das,SHS,14784,234,0.158784013028431,9,32,22,MP,Mahant Ramdoot Das,SHS,,,,,False,32,2018,AE
1257978,Ahir Ramsahay Yadav,BHAPP,14862,185,0.125534369274614,10,32,22,MP,Ahir Ramsahay Yadav,BHAPP,,,,,False,32,2018,AE
1258099,Jasmant Jatave Chitree,INC,14760,64201,37.013698314231,1,32,23,MP,Jasmant Jatave Chitree,INC,,,,,False,32,2018,AE
1258100,Rajkumar Omprakash Khatik,BJP,14761,49377,28.4672416576343,2,32,23,MP,Rajkumar Omprakash Khatik,BJP,,,,,False,32,2018,AE
1258101,Pragilal Jatav,BSP,14762,40026,23.0761248068629,3,32,23,MP,Pragilal Jatav,BSP,,,,,False,32,2018,AE
1258102,Khatik Ramesh Prasad,SPAKP,14807,9098,5.25,4,32,23,MP,Khatik Ramesh Prasad,SPAKP,,,,,False,32,2018,AE
1258103,Nota,NOTA,14771,1850,1.06657749694439,5,32,23,MP,Nota,NOTA,,,,,False,32,2018,AE
1258104,Shalikaram Parihar,IND,14765,1239,0.714318658764384,6,32,23,MP,Shalikaram Parihar,IND,,,,,False,32,2018,AE
1258105,Lachhi Ram Koli,RSOSP,14847,1161,0.669349445379701,7,32,23,MP,Lachhi Ram Koli,RSOSP,,,,,False,32,2018,AE
1258106,Karansingh,AABHAP,14848,1097,0.63,8,32,23,MP,Karansingh,AABHAP,,,,,False,32,2018,AE
1258107,Arjuna Lal,AAAP,14772,1056,0.61,9,32,23,MP,Arjuna Lal,AAAP,,,,,False,32,2018,AE
1258108,Santosh,IND,14765,1033,0.595553813158683,10,32,23,MP,Santosh,IND,,,,,False,32,2018,AE
1258109,Avitan Koli,RRSM,14813,809,0.47,11,32,23,MP,Avitan Koli,RRSM,,,,,False,32,2018,AE
1258110,Balram,IND,14765,701,0.404146392085418,12,32,23,MP,Balram,IND,,,,,False,32,2018,AE
1258111,Raju,IND,14765,539,0.310748795055692,13,32,23,MP,Raju,IND,,,,,False,32,2018,AE
1258112,Manisha Verma,SHS,14784,514,0.296335585637525,14,32,23,MP,Manisha Verma,SHS,,,,,False,32,2018,AE
1258113,Dharmaram Barar,BRMD,14846,488,0.28134584784263,15,32,23,MP,Dharmaram Barar,BRMD,,,,,False,32,2018,AE
1258114,Ashok Singh Kashyap,JANADIP,14777,263,0.151626963079122,16,32,23,MP,Ashok Singh Kashyap,JANADIP,,,,,False,32,2018,AE
1258241,Suresh Dhakad Rathkheda,INC,14760,60654,37.0596214241198,1,32,24,MP,Suresh Dhakad Rathkheda,INC,,,,,False,32,2018,AE
1258242,Kailash Kushwah,BSP,14762,52736,32.2217198440726,2,32,24,MP,Kailash Kushwah,BSP,,,,,False,32,2018,AE
1258243,Prahlad Bharti,BJP,14761,37268,22.7707648503659,3,32,24,MP,Prahlad Bharti,BJP,,,,,False,32,2018,AE
1258244,Rakesh Rajak,IND,14765,2271,1.38758202681069,4,32,24,MP,Rakesh Rajak,IND,,,,,False,32,2018,AE
1258245,Ajmer Singh Kotiya,JANADIP,14777,1404,0.857844634805029,5,32,24,MP,Ajmer Singh Kotiya,JANADIP,,,,,False,32,2018,AE
1258246,Rajendra Sehriya,IND,14765,1346,0.82240660858089,6,32,24,MP,Rajendra Sehriya,IND,,,,,False,32,2018,AE
1258247,Manoj,IND,14765,876,0.535236396074933,7,32,24,MP,Manoj,IND,,,,,False,32,2018,AE
1258248,Hanumant Singh,AABHAP,14848,773,0.47,8,32,24,MP,Hanumant Singh,AABHAP,,,,,False,32,2018,AE
1258249,Tarachand,IND,14765,761,0.464971344078794,9,32,24,MP,Tarachand,IND,,,,,False,32,2018,AE
1258250,Advocate Ranjeet Singh Rawat,SBIP,14874,686,0.419146310168269,10,32,24,MP,Advocate Ranjeet Singh Rawat,SBIP,,,,,False,32,2018,AE
1258251,Satendr,IND,14765,593,0.362323268119218,11,32,24,MP,Satendr,IND,,,,,False,32,2018,AE
1258252,Asha Ram,BASD,14808,589,0.359879266310657,12,32,24,MP,Asha Ram,BASD,,,,,False,32,2018,AE
1258253,Chandra Prakash,IND,14765,553,0.337883250033605,13,32,24,MP,Chandra Prakash,IND,,,,,False,32,2018,AE
1258254,Harkishan Kushwaha Dealar Singh,BLSP,14819,526,0.321386237825815,14,32,24,MP,Harkishan Kushwaha Dealar Singh,BLSP,,,,,False,32,2018,AE
1258255,Ram Kumar,IND,14765,473,0.289003213862378,15,32,24,MP,Ram Kumar,IND,,,,,False,32,2018,AE
1258256,Rajguru Yadav,SP,14763,436,0.266396197133185,16,32,24,MP,Rajguru Yadav,SP,,,,,False,32,2018,AE
1258257,Nota,NOTA,14771,428,0.261508193516063,17,32,24,MP,Nota,NOTA,,,,,False,32,2018,AE
1258258,Ajay Singh Kushwah,IND,14765,383,0.234013173169748,18,32,24,MP,Ajay Singh Kushwah,IND,,,,,False,32,2018,AE
1258259,Narendra Vyas,AAAP,14772,377,0.23,19,32,24,MP,Narendra Vyas,AAAP,,,,,False,32,2018,AE
1258260,Ramsahay Sharma,BRMD,14846,332,0.202852150110591,20,32,24,MP,Ramsahay Sharma,BRMD,,,,,False,32,2018,AE
1258261,Hari Singh,IND,14765,201,0.122811090880207,21,32,24,MP,Hari Singh,IND,,,,,False,32,2018,AE
1258403,Yashodhara Raje Scindia,BJP,14761,84570,51.5039494278353,1,32,25,MP,Yashodhara Raje Scindia,BJP,,,,,False,32,2018,AE
1258404,Siddharth Ladha,INC,14760,55822,33.9961388785695,2,32,25,MP,Siddharth Ladha,INC,,,,,False,32,2018,AE
1258405,Mohammad Irshad Rayeen,BSP,14762,13889,8.458535575301,3,32,25,MP,Mohammad Irshad Rayeen,BSP,,,,,False,32,2018,AE
1258406,Brajesh Singh Tomar (Patrkar),SPAKP,14807,2147,1.31,4,32,25,MP,Brajesh Singh Tomar (Patrkar),SPAKP,,,,,False,32,2018,AE
1258407,Nota,NOTA,14771,2018,1.2289815530965,5,32,25,MP,Nota,NOTA,,,,,False,32,2018,AE
1258408,Komal Prasad Koli,RRSM,14813,1522,0.93,6,32,25,MP,Komal Prasad Koli,RRSM,,,,,False,32,2018,AE
1258409,Hajari Lal Kotiya (Rathor),IND,14765,1040,0.633370076917923,7,32,25,MP,Hajari Lal Kotiya (Rathor),IND,,,,,False,32,2018,AE
1258410,Sishupal Jatav,IND,14765,758,0.461629344522871,8,32,25,MP,Sishupal Jatav,IND,,,,,False,32,2018,AE
1258411,Virendra Adivasi,IND,14765,590,0.359315716713052,9,32,25,MP,Virendra Adivasi,IND,,,,,False,32,2018,AE
1258412,Peeyush Sharma Ad.,AAAP,14772,576,0.35,10,32,25,MP,Peeyush Sharma Ad.,AAAP,,,,,False,32,2018,AE
1258413,Prem Narayan Kushwah,IND,14765,395,0.240558827290942,11,32,25,MP,Prem Narayan Kushwah,IND,,,,,False,32,2018,AE
1258414,Rajendra Singh Choudhary,BASD,14808,382,0.232641701329468,12,32,25,MP,Rajendra Singh Choudhary,BASD,,,,,False,32,2018,AE
1258415,Rajkumar,IND,14765,255,0.15529747078276,13,32,25,MP,Rajkumar,IND,,,,,False,32,2018,AE
1258416,Punjab Singh Jatav,IND,14765,237,0.144335296374565,14,32,25,MP,Punjab Singh Jatav,IND,,,,,False,32,2018,AE
1258527,K. P. Singh,INC,14760,91463,47.0641205740543,1,32,26,MP,K. P. Singh,INC,,,,,False,32,2018,AE
1258528,Preetam Lodhi,BJP,14761,88788,45.6876456876456,2,32,26,MP,Preetam Lodhi,BJP,,,,,False,32,2018,AE
1258529,Lalaram Yadav (Jamundhana),BSP,14762,4488,2.30939038886058,3,32,26,MP,Lalaram Yadav (Jamundhana),BSP,,,,,False,32,2018,AE
1258530,Sunil Sharma,IND,14765,2495,1.28385227722976,4,32,26,MP,Sunil Sharma,IND,,,,,False,32,2018,AE
1258531,Nota,NOTA,14771,2443,1.25709463457807,5,32,26,MP,Nota,NOTA,,,,,False,32,2018,AE
1258532,Jitendra Singh Majhi,PMSP,14877,1984,1.02090698117188,6,32,26,MP,Jitendra Singh Majhi,PMSP,,,,,False,32,2018,AE
1258533,Shankar Singh,IND,14765,721,0.371005006766596,7,32,26,MP,Shankar Singh,IND,,,,,False,32,2018,AE
1258534,Sanjay Sharma,IND,14765,586,0.30153804988242,8,32,26,MP,Sanjay Sharma,IND,,,,,False,32,2018,AE
1258535,Ramratan,IND,14765,288,0.14819617468624,9,32,26,MP,Ramratan,IND,,,,,False,32,2018,AE
1258536,Harigyan,BASD,14808,280,0.144079614278289,10,32,26,MP,Harigyan,BASD,,,,,False,32,2018,AE
1258537,Keshav Singh,IND,14765,185,0.09519545943387,11,32,26,MP,Keshav Singh,IND,,,,,False,32,2018,AE
1258538,Maharaj Kuar Yadav,IND,14765,179,0.0921080391279066,12,32,26,MP,Maharaj Kuar Yadav,IND,,,,,False,32,2018,AE
1258539,Dwaraka Prasad Yadav,IND,14765,160,0.0823312081590227,13,32,26,MP,Dwaraka Prasad Yadav,IND,,,,,False,32,2018,AE
1258540,K. P. Kushwaha,IND,14765,145,0.0746126573941143,14,32,26,MP,K. P. Kushwaha,IND,,,,,False,32,2018,AE
1258541,Krishna Pal Singh,IND,14765,132,0.0679232467311937,15,32,26,MP,Krishna Pal Singh,IND,,,,,False,32,2018,AE
1258670,Birendra Raghuvanshi,BJP,14761,72450,42.1110755906884,1,32,27,MP,Birendra Raghuvanshi,BJP,,,,,False,32,2018,AE
1258671,Mahendra Ramsingh Yadav,INC,14760,71730,41.6925804295387,2,32,27,MP,Mahendra Ramsingh Yadav,INC,,,,,False,32,2018,AE
1258672,Ashok Sharma (Guruji),BSP,14762,16483,9.58063297393123,3,32,27,MP,Ashok Sharma (Guruji),BSP,,,,,False,32,2018,AE
1258673,Dhaniram,BASD,14808,2018,1.1729489377779,4,32,27,MP,Dhaniram,BASD,,,,,False,32,2018,AE
1258674,Mahendra Singh Yadav,IND,14765,1688,0.981138655584294,5,32,27,MP,Mahendra Singh Yadav,IND,,,,,False,32,2018,AE
1258675,Nota,NOTA,14771,1674,0.97300124967305,6,32,27,MP,Nota,NOTA,,,,,False,32,2018,AE
1258676,Mangal Singh,IND,14765,1577,0.916620651573716,7,32,27,MP,Mangal Singh,IND,,,,,False,32,2018,AE
1258677,Bhanu Prakash,AABHAP,14848,1466,0.85,8,32,27,MP,Bhanu Prakash,AABHAP,,,,,False,32,2018,AE
1258678,Manish,IND,14765,852,0.495219274027144,9,32,27,MP,Manish,IND,,,,,False,32,2018,AE
1258679,Vinod Kumar Raghuwanshi,SPAKP,14807,850,0.49,10,32,27,MP,Vinod Kumar Raghuwanshi,SPAKP,,,,,False,32,2018,AE
1258680,Satyendra Kumar Bhargav,SHS,14784,386,0.224359905838588,11,32,27,MP,Satyendra Kumar Bhargav,SHS,,,,,False,32,2018,AE
1258681,Naval Singh,IND,14765,329,0.191229038914237,12,32,27,MP,Naval Singh,IND,,,,,False,32,2018,AE
1258682,Bhaiyalal Parihar,AAAP,14772,296,0.17,13,32,27,MP,Bhaiyalal Parihar,AAAP,,,,,False,32,2018,AE
1258683,Kamlesh Puri,IND,14765,246,0.142985846726147,14,32,27,MP,Kamlesh Puri,IND,,,,,False,32,2018,AE
1258805,Mahendra Singh Sisodiya (Sanju Bhaiya),INC,14760,64598,41.5434579890028,1,32,28,MP,Mahendra Singh Sisodiya (Sanju Bhaiya),INC,,,,,False,32,2018,AE
1258806,Brijmohan Singh Azad,BJP,14761,36678,23.5878967169362,2,32,28,MP,Brijmohan Singh Azad,BJP,,,,,False,32,2018,AE
1258807,Kanhaiyalal Rameshwar Agrawal,IND,14765,28488,18.3208463294639,3,32,28,MP,Kanhaiyalal Rameshwar Agrawal,IND,,,,,False,32,2018,AE
1258808,Dr Omprakash Tripathi,BSP,14762,7176,4.61493938711855,4,32,28,MP,Dr Omprakash Tripathi,BSP,,,,,False,32,2018,AE
1258809,Ramswaroop Bhil,IND,14765,4281,2.75314318788385,5,32,28,MP,Ramswaroop Bhil,IND,,,,,False,32,2018,AE
1258810,Shrimati Suman Devi Yogendra Sharma,CPI,14859,3383,2.17563265699861,6,32,28,MP,Shrimati Suman Devi Yogendra Sharma,CPI,,,,,False,32,2018,AE
1258811,Devendra Kumar Upadhyay (Mahidpur Wale),IND,14765,3111,2.00070741824495,7,32,28,MP,Devendra Kumar Upadhyay (Mahidpur Wale),IND,,,,,False,32,2018,AE
1258812,Guddi Bai Lodha,IND,14765,1644,1.05726872246696,8,32,28,MP,Guddi Bai Lodha,IND,,,,,False,32,2018,AE
1258813,Nota,NOTA,14771,1132,0.727997684813016,9,32,28,MP,Nota,NOTA,,,,,False,32,2018,AE
1258814,Sevak Ram Kushwah,PSPU,14880,1022,0.66,10,32,28,MP,Sevak Ram Kushwah,PSPU,,,,,False,32,2018,AE
1258815,Bachchhraj Singh Yadav (Gram Dumawan),SP,14763,777,0.499694523939676,11,32,28,MP,Bachchhraj Singh Yadav (Gram Dumawan),SP,,,,,False,32,2018,AE
1258816,Girraj Dhakad,AAAP,14772,652,0.42,12,32,28,MP,Girraj Dhakad,AAAP,,,,,False,32,2018,AE
1258817,Pt. Lakhan Shastri,SPAKP,14807,562,0.36,13,32,28,MP,Pt. Lakhan Shastri,SPAKP,,,,,False,32,2018,AE
1258818,Ramcharan Dhakad,RAJPA,14881,489,0.314479565259333,14,32,28,MP,Ramcharan Dhakad,RAJPA,,,,,False,32,2018,AE
1258819,Babulal Sen (Haripur),ABGP,14834,407,0.261744750635068,15,32,28,MP,Babulal Sen (Haripur),ABGP,,,,,False,32,2018,AE
1258820,Shyam-Sundar,IND,14765,398,0.255956783176307,16,32,28,MP,Shyam-Sundar,IND,,,,,False,32,2018,AE
1258821,Balakram Saheriya,BYPP,14802,369,0.24,17,32,28,MP,Balakram Saheriya,BYPP,,,,,False,32,2018,AE
1258822,Toransingh Gaur (Kherua),KRJAP,14882,328,0.21,18,32,28,MP,Toransingh Gaur (Kherua),KRJAP,,,,,False,32,2018,AE
1258931,Gopilal Jatav,BJP,14761,84149,56.807150427662,1,32,29,MP,Gopilal Jatav,BJP,,,,,False,32,2018,AE
1258932,Chandra Prakash Ahirwar (Banti),INC,14760,50482,34.079294678359,2,32,29,MP,Chandra Prakash Ahirwar (Banti),INC,,,,,False,32,2018,AE
1258933,Suresh Kumar Roshan (Mastar),BSP,14762,4169,2.81440076688876,3,32,29,MP,Suresh Kumar Roshan (Mastar),BSP,,,,,False,32,2018,AE
1258934,Jagdish Khatik,SPAKP,14807,2593,1.75,4,32,29,MP,Jagdish Khatik,SPAKP,,,,,False,32,2018,AE
1258935,Nota,NOTA,14771,2390,1.61343675530442,5,32,29,MP,Nota,NOTA,,,,,False,32,2018,AE
1258936,Ramesh Sendo Swaraj Manch,IND,14765,914,0.617021420229391,6,32,29,MP,Ramesh Sendo Swaraj Manch,IND,,,,,False,32,2018,AE
1258937,Seema Rai,SUCI,14844,826,0.557614543883454,7,32,29,MP,Seema Rai,SUCI,,,,,False,32,2018,AE
1258938,Narayan Lal Chidar (Maiyyar Babu Ji),IND,14765,574,0.38749485252918,8,32,29,MP,Narayan Lal Chidar (Maiyyar Babu Ji),IND,,,,,False,32,2018,AE
1258939,Kuldeep Alhapuriya (Baba),IND,14765,425,0.286908209625264,9,32,29,MP,Kuldeep Alhapuriya (Baba),IND,,,,,False,32,2018,AE
1258940,Pramod Pant Rinku Purwaiya,SHS,14784,421,0.284207897064085,10,32,29,MP,Pramod Pant Rinku Purwaiya,SHS,,,,,False,32,2018,AE
1258941,Komal Prasad Shakya,IND,14765,296,0.199823129527242,11,32,29,MP,Komal Prasad Shakya,IND,,,,,False,32,2018,AE
1258942,Naval Kishor Damle,IND,14765,287,0.19374742626459,12,32,29,MP,Naval Kishor Damle,IND,,,,,False,32,2018,AE
1258943,Ashok Jatav Thekedar,BLSP,14819,233,0.16,13,32,29,MP,Ashok Jatav Thekedar,BLSP,,,,,False,32,2018,AE
1258944,Harish Chand Chhirawat,BYPP,14802,197,0.13,14,32,29,MP,Harish Chand Chhirawat,BYPP,,,,,False,32,2018,AE
1258945,Vijay Ahirwar,AAAP,14772,175,0.12,15,32,29,MP,Vijay Ahirwar,AAAP,,,,,False,32,2018,AE
1259036,Lakshman Singh,INC,14760,81908,49.791491896755,1,32,30,MP,Lakshman Singh,INC,,,,,False,32,2018,AE
1259037,Mamta Meena,BJP,14761,72111,43.8359412043622,2,32,30,MP,Mamta Meena,BJP,,,,,False,32,2018,AE
1259038,Nota,NOTA,14771,2569,1.5616831406305,3,32,30,MP,Nota,NOTA,,,,,False,32,2018,AE
1259039,Ganeshram Lodhi,BYPP,14802,2327,1.41,4,32,30,MP,Ganeshram Lodhi,BYPP,,,,,False,32,2018,AE
1259040,Rahul Kumar Boddhy,BSP,14762,1997,1.21396700344068,5,32,30,MP,Rahul Kumar Boddhy,BSP,,,,,False,32,2018,AE
1259041,Mamta Bai,IND,14765,1414,0.859564017458754,6,32,30,MP,Mamta Bai,IND,,,,,False,32,2018,AE
1259042,Shivnarayan,IND,14765,872,0.530084740611056,7,32,30,MP,Shivnarayan,IND,,,,,False,32,2018,AE
1259043,Vikram Singh Lovewanshi (Lodha),AAAP,14772,655,0.4,8,32,30,MP,Vikram Singh Lovewanshi (Lodha),AAAP,,,,,False,32,2018,AE
1259044,Mamta,IND,14765,649,0.394524078734605,9,32,30,MP,Mamta,IND,,,,,False,32,2018,AE
1259121,Jaivardhan Singh,INC,14760,98268,61.6378553328148,1,32,31,MP,Jaivardhan Singh,INC,,,,,False,32,2018,AE
1259122,Bhupendra Singh Raghuwanshi,BJP,14761,51571,32.3475173746142,2,32,31,MP,Bhupendra Singh Raghuwanshi,BJP,,,,,False,32,2018,AE
1259123,Banwari Lal Ahirwar,BSP,14762,3630,2.27688988132573,3,32,31,MP,Banwari Lal Ahirwar,BSP,,,,,False,32,2018,AE
1259124,Nota,NOTA,14771,2683,1.68289133652808,4,32,31,MP,Nota,NOTA,,,,,False,32,2018,AE
1259125,Bhupendra Singh,IND,14765,1029,0.645432420904734,5,32,31,MP,Bhupendra Singh,IND,,,,,False,32,2018,AE
1259126,Smt. Ranjana Kushwaha,BLSP,14819,957,0.6,6,32,31,MP,Smt. Ranjana Kushwaha,BLSP,,,,,False,32,2018,AE
1259127,Bhoopendra Singh,IND,14765,458,0.287277015329804,7,32,31,MP,Bhoopendra Singh,IND,,,,,False,32,2018,AE
1259128,Roop Singh Dhakad,AAAP,14772,446,0.28,8,32,31,MP,Roop Singh Dhakad,AAAP,,,,,False,32,2018,AE
1259129,Doula,IND,14765,386,0.242115563138219,9,32,31,MP,Doula,IND,,,,,False,32,2018,AE
1259216,Jajpal Singh Jajji,INC,14760,65750,47.4842381217185,1,32,32,MP,Jajpal Singh Jajji,INC,,,,,False,32,2018,AE
1259217,Er. Ladduram Kori,BJP,14761,56020,40.4572930734398,2,32,32,MP,Er. Ladduram Kori,BJP,,,,,False,32,2018,AE
1259218,Balkrishn,BSP,14762,9559,6.90344991947539,3,32,32,MP,Balkrishn,BSP,,,,,False,32,2018,AE
1259219,Nota,NOTA,14771,2004,1.44727624632583,4,32,32,MP,Nota,NOTA,,,,,False,32,2018,AE
1259220,Devilal Thekedar,SPAKP,14807,1462,1.06,5,32,32,MP,Devilal Thekedar,SPAKP,,,,,False,32,2018,AE
1259221,Jagdish Bhandari (Ahirwar),BASD,14808,1090,0.787191171903774,6,32,32,MP,Jagdish Bhandari (Ahirwar),BASD,,,,,False,32,2018,AE
1259222,Jeevandas,IND,14765,613,0.442704759978911,7,32,32,MP,Jeevandas,IND,,,,,False,32,2018,AE
1259223,V P Singh Jatav,IND,14765,558,0.402984104515877,8,32,32,MP,V P Singh Jatav,IND,,,,,False,32,2018,AE
1259224,Shyam Shakya,SUCI,14844,520,0.375540742559599,9,32,32,MP,Shyam Shakya,SUCI,,,,,False,32,2018,AE
1259225,Raj Bai,MAHP,14852,345,0.25,10,32,32,MP,Raj Bai,MAHP,,,,,False,32,2018,AE
1259226,Dayaludas Shakya,BYPP,14802,287,0.21,11,32,32,MP,Dayaludas Shakya,BYPP,,,,,False,32,2018,AE
1259227,Lalliram,AAAP,14772,259,0.19,12,32,32,MP,Lalliram,AAAP,,,,,False,32,2018,AE
1259319,Gopal Singh Chauhan (Daggi Raja),INC,14760,45106,34.3327320195769,1,32,33,MP,Gopal Singh Chauhan (Daggi Raja),INC,,,,,False,32,2018,AE
1259320,Bhupendra Dwivedi,BJP,14761,40931,31.1549029905844,2,32,33,MP,Bhupendra Dwivedi,BJP,,,,,False,32,2018,AE
1259321,Rao Rajkumar Singh Yadav,BSP,14762,34302,26.1091955335327,3,32,33,MP,Rao Rajkumar Singh Yadav,BSP,,,,,False,32,2018,AE
1259322,Lalaram Rickwar,IND,14765,1719,1.30842828762587,4,32,33,MP,Lalaram Rickwar,IND,,,,,False,32,2018,AE
1259323,Ritesh Jain Azaad,AAAP,14772,1038,0.79,5,32,33,MP,Ritesh Jain Azaad,AAAP,,,,,False,32,2018,AE
1259324,Prakash Singh,SPAKP,14807,925,0.7,6,32,33,MP,Prakash Singh,SPAKP,,,,,False,32,2018,AE
1259325,Ramdayal Gwal,IND,14765,905,0.688846771554053,7,32,33,MP,Ramdayal Gwal,IND,,,,,False,32,2018,AE
1259326,Nota,NOTA,14771,884,0.672862481827384,8,32,33,MP,Nota,NOTA,,,,,False,32,2018,AE
1259327,Hargovind Lodhi,IND,14765,874,0.665250915290876,9,32,33,MP,Hargovind Lodhi,IND,,,,,False,32,2018,AE
1259328,Jaipal Singh Yadav Imlooda,SP,14763,835,0.635565805798491,10,32,33,MP,Jaipal Singh Yadav Imlooda,SP,,,,,False,32,2018,AE
1259329,Dhyanchand Simraiya,IND,14765,781,0.594463346501343,11,32,33,MP,Dhyanchand Simraiya,IND,,,,,False,32,2018,AE
1259330,M. Javed ( Japani ),IND,14765,619,0.471155968609899,12,32,33,MP,M. Javed ( Japani ),IND,,,,,False,32,2018,AE
1259331,Atal Lalu Udham Singh,RAVAP,14888,593,0.45,13,32,33,MP,Atal Lalu Udham Singh,RAVAP,,,,,False,32,2018,AE
1259332,Deependra Singh,RSYSP,14836,552,0.42015847281529,14,32,33,MP,Deependra Singh,RSYSP,,,,,False,32,2018,AE
1259333,Satyendra Singh Kushwah,AABHAP,14848,524,0.4,15,32,33,MP,Satyendra Singh Kushwah,AABHAP,,,,,False,32,2018,AE
1259334,Gajraj,IND,14765,322,0.245092442475585,16,32,33,MP,Gajraj,IND,,,,,False,32,2018,AE
1259335,Jaswant Singh Yadav,IND,14765,303,0.230630466056219,17,32,33,MP,Jaswant Singh Yadav,IND,,,,,False,32,2018,AE
1259336,Ravindra Singh Yadav Radhy,BYPP,14802,166,0.13,18,32,33,MP,Ravindra Singh Yadav Radhy,BYPP,,,,,False,32,2018,AE
1259435,Brajendra Singh Yadav,INC,14760,55346,39.9881508027108,1,32,34,MP,Brajendra Singh Yadav,INC,,,,,False,32,2018,AE
1259436,Dr.Krishna Pal Singh (Dr.K.P.),BJP,14761,53210,38.444865107004,2,32,34,MP,Dr.Krishna Pal Singh (Dr.K.P.),BJP,,,,,False,32,2018,AE
1259437,Kamal Singh (Kamalesh Dangi),BSP,14762,14202,10.2611158475788,3,32,34,MP,Kamal Singh (Kamalesh Dangi),BSP,,,,,False,32,2018,AE
1259438,Devendra Lodhi (Belai),AAAP,14772,3999,2.89,4,32,34,MP,Devendra Lodhi (Belai),AAAP,,,,,False,32,2018,AE
1259439,Malkeet Singh Sandhu,SPAKP,14807,3459,2.5,5,32,34,MP,Malkeet Singh Sandhu,SPAKP,,,,,False,32,2018,AE
1259440,Ganesh Ram Kewat Khair Khadi,RMGP,14889,1253,0.905307573371096,6,32,34,MP,Ganesh Ram Kewat Khair Khadi,RMGP,,,,,False,32,2018,AE
1259441,Lal Singh,IND,14765,992,0.716731933586694,7,32,34,MP,Lal Singh,IND,,,,,False,32,2018,AE
1259442,Yeshpal,IND,14765,890,0.643035706544513,8,32,34,MP,Yeshpal,IND,,,,,False,32,2018,AE
1259443,Nota,NOTA,14771,740,0.534658902070719,9,32,34,MP,Nota,NOTA,,,,,False,32,2018,AE
1259444,Rajendra,IND,14765,687,0.496365764489978,10,32,34,MP,Rajendra,IND,,,,,False,32,2018,AE
1259445,Rati Bhan Singh Yadav,SP,14763,654,0.472522867505743,11,32,34,MP,Rati Bhan Singh Yadav,SP,,,,,False,32,2018,AE
1259446,Sri Pal Yadav Singhara,IND,14765,595,0.429894657746051,12,32,34,MP,Sri Pal Yadav Singhara,IND,,,,,False,32,2018,AE
1259447,Kalpana Singh,IND,14765,516,0.372816207389853,13,32,34,MP,Kalpana Singh,IND,,,,,False,32,2018,AE
1259448,Malkhan,IND,14765,396,0.286114763810817,14,32,34,MP,Malkhan,IND,,,,,False,32,2018,AE
1259449,Choteram,IND,14765,392,0.283224715691516,15,32,34,MP,Choteram,IND,,,,,False,32,2018,AE
1259450,Vijay Pal Yadav,IND,14765,386,0.278889643512564,16,32,34,MP,Vijay Pal Yadav,IND,,,,,False,32,2018,AE
1259451,Manoj,IND,14765,301,0.217476120977414,17,32,34,MP,Manoj,IND,,,,,False,32,2018,AE
1259452,Suresh Kumar Kushawah,AABHAP,14848,217,0.16,18,32,34,MP,Suresh Kumar Kushawah,AABHAP,,,,,False,32,2018,AE
1259453,Ratan Lal Prajapati,BYPP,14802,171,0.12,19,32,34,MP,Ratan Lal Prajapati,BYPP,,,,,False,32,2018,AE
1259547,Mahesh Rai,BJP,14761,57929,45.71,1,32,35,MP,Mahesh Rai,BJP,,,,,False,32,2018,AE
1259548,Shashi Kathoria,INC,14760,57469,45.34,2,32,35,MP,Shashi Kathoria,INC,,,,,False,32,2018,AE
1259549,Ahirwar Surendra Kumar,BSP,14762,6896,5.44,3,32,35,MP,Ahirwar Surendra Kumar,BSP,,,,,False,32,2018,AE
1259550,Dasharath Ahirwar,RPI(A),14785,1563,1.23,4,32,35,MP,Dasharath Ahirwar,RPI(A),,,,,False,32,2018,AE
1259551,Nota,NOTA,14771,1531,1.21,5,32,35,MP,Nota,NOTA,,,,,False,32,2018,AE
1259552,Bablu Ahirwar,BASD,14808,771,0.61,6,32,35,MP,Bablu Ahirwar,BASD,,,,,False,32,2018,AE
1259553,Malkhan Parihar Khangar,AAAP,14772,585,0.46,7,32,35,MP,Malkhan Parihar Khangar,AAAP,,,,,False,32,2018,AE
1259628,Bhupendra Bhaiya,BJP,14761,78156,50.7111341811575,1,32,36,MP,Bhupendra Bhaiya,BJP,,,,,False,32,2018,AE
1259629,Arunodaya Choubey (Annu Bhaiya),INC,14760,62861,40.7870490526862,2,32,36,MP,Arunodaya Choubey (Annu Bhaiya),INC,,,,,False,32,2018,AE
1259630,Badal Singh,BSP,14762,3981,2.58305216714248,3,32,36,MP,Badal Singh,BSP,,,,,False,32,2018,AE
1259631,Dharmendra Banpuriya S/O Sundar Lal Banpuriya,IND,14765,1502,0.974565273812613,4,32,36,MP,Dharmendra Banpuriya S/O Sundar Lal Banpuriya,IND,,,,,False,32,2018,AE
1259632,Narendra Singh,IND,14765,1148,0.744874124059174,5,32,36,MP,Narendra Singh,IND,,,,,False,32,2018,AE
1259633,Aziz Khan Ajju Bhai,RSMD,14793,1042,0.676096548144303,6,32,36,MP,Aziz Khan Ajju Bhai,RSMD,,,,,False,32,2018,AE
1259634,Chintamani Chaudhary S/O Dilip Chaudhary,IND,14765,985,0.639112379963664,7,32,36,MP,Chintamani Chaudhary S/O Dilip Chaudhary,IND,,,,,False,32,2018,AE
1259635,Bhagwansingh,IND,14765,634,0.411367765377627,8,32,36,MP,Bhagwansingh,IND,,,,,False,32,2018,AE
1259636,Nota,NOTA,14771,630,0.408772385154425,9,32,36,MP,Nota,NOTA,,,,,False,32,2018,AE
1259637,Chandrakant,IND,14765,412,0.267324162989878,10,32,36,MP,Chandrakant,IND,,,,,False,32,2018,AE
1259638,Jasvinder Singh,IND,14765,358,0.232286529976641,11,32,36,MP,Jasvinder Singh,IND,,,,,False,32,2018,AE
1259639,Bhagwan Singh Thakur,GGP,14879,235,0.152478588113158,12,32,36,MP,Bhagwan Singh Thakur,GGP,,,,,False,32,2018,AE
1259640,Neelesh Yadav S/O Veer Singh Yadav,IND,14765,211,0.136906306773942,13,32,36,MP,Neelesh Yadav S/O Veer Singh Yadav,IND,,,,,False,32,2018,AE
1259641,Surendra,IND,14765,203,0.131715546327536,14,32,36,MP,Surendra,IND,,,,,False,32,2018,AE
1259642,Ahirwar Nirmal Kumar S/O Gouri Shanker Ahirwar,IND,14765,195,0.126524785881131,15,32,36,MP,Ahirwar Nirmal Kumar S/O Gouri Shanker Ahirwar,IND,,,,,False,32,2018,AE
1259643,Irshad,IND,14765,184,0.119387490267324,16,32,36,MP,Irshad,IND,,,,,False,32,2018,AE
1259644,Bhoopendra Singh (Bhoopendra Bhaiya),IND,14765,179,0.11614326498832,17,32,36,MP,Bhoopendra Singh (Bhoopendra Bhaiya),IND,,,,,False,32,2018,AE
1259645,Rajkumar Yadav,BSCP,14867,149,0.0966779133143005,18,32,36,MP,Rajkumar Yadav,BSCP,,,,,False,32,2018,AE
1259646,Harishankar Vishavkarma S/O Lt. Shri Dhannalal Vishvkarma,RPI(A),14785,136,0.0882429275888917,19,32,36,MP,Harishankar Vishavkarma S/O Lt. Shri Dhannalal Vishvkarma,RPI(A),,,,,False,32,2018,AE
1259647,Radhe Ahirwar S/O Umrao Ahirwar,IND,14765,133,0.0862963924214897,20,32,36,MP,Radhe Ahirwar S/O Umrao Ahirwar,IND,,,,,False,32,2018,AE
1259648,Harpal Singh,IND,14765,132,0.085647547365689,21,32,36,MP,Harpal Singh,IND,,,,,False,32,2018,AE
1259649,Sanman Singh Rajpoot,AAAP,14772,124,0.08,22,32,36,MP,Sanman Singh Rajpoot,AAAP,,,,,False,32,2018,AE
1259650,Anil Choubey Annu Bhaiya,IND,14765,116,0.0752660264728782,23,32,36,MP,Anil Choubey Annu Bhaiya,IND,,,,,False,32,2018,AE
1259651,Ajhar Saiyad,IND,14765,111,0.0720218011938749,24,32,36,MP,Ajhar Saiyad,IND,,,,,False,32,2018,AE
1259652,Ram Gopal Panday,IND,14765,89,0.05774720996626,25,32,36,MP,Ram Gopal Panday,IND,,,,,False,32,2018,AE
1259653,Rajkumar Ahirwar,IND,14765,82,0.0532052945756553,26,32,36,MP,Rajkumar Ahirwar,IND,,,,,False,32,2018,AE
1259654,Rajesh,IND,14765,68,0.0441214637944458,27,32,36,MP,Rajesh,IND,,,,,False,32,2018,AE
1259655,Rajeev Lochan Singh,IND,14765,64,0.0415260835712431,28,32,36,MP,Rajeev Lochan Singh,IND,,,,,False,32,2018,AE
1259747,Govind Singh Rajput,INC,14760,80806,55.3291428727935,1,32,37,MP,Govind Singh Rajput,INC,,,,,False,32,2018,AE
1259748,Sudheer Yadav,BJP,14761,59388,40.6639004149377,2,32,37,MP,Sudheer Yadav,BJP,,,,,False,32,2018,AE
1259749,Nota,NOTA,14771,2137,1.46323761006806,3,32,37,MP,Nota,NOTA,,,,,False,32,2018,AE
1259750,Deepak Goswami,RJBP,14893,1075,0.74,4,32,37,MP,Deepak Goswami,RJBP,,,,,False,32,2018,AE
1259751,Hapheej Bhai,IND,14765,950,0.650479985757911,5,32,37,MP,Hapheej Bhai,IND,,,,,False,32,2018,AE
1259752,Laxminarayan Dada,IND,14765,439,0.300590224997603,6,32,37,MP,Laxminarayan Dada,IND,,,,,False,32,2018,AE
1259753,Mukesh Shikari,SHS,14784,250,0.171178943620503,7,32,37,MP,Mukesh Shikari,SHS,,,,,False,32,2018,AE
1259754,Makhan Ahirwar,IND,14765,220,0.150637470386042,8,32,37,MP,Makhan Ahirwar,IND,,,,,False,32,2018,AE
1259755,Ramvishal Prajapati,IND,14765,202,0.138312586445366,9,32,37,MP,Ramvishal Prajapati,IND,,,,,False,32,2018,AE
1259756,Mahesh Vishwakarma,IND,14765,146,0.0999685030743738,10,32,37,MP,Mahesh Vishwakarma,IND,,,,,False,32,2018,AE
1259757,Saifuddin,AAAP,14772,132,0.09,11,32,37,MP,Saifuddin,AAAP,,,,,False,32,2018,AE
1259758,Govind Shing,IND,14765,105,0.0718951563206113,12,32,37,MP,Govind Shing,IND,,,,,False,32,2018,AE
1259759,Tahir,IND,14765,101,0.0691562932226832,13,32,37,MP,Tahir,IND,,,,,False,32,2018,AE
1259760,Atm Prakash Yadav,IND,14765,95,0.0650479985757911,14,32,37,MP,Atm Prakash Yadav,IND,,,,,False,32,2018,AE
1259860,Harsh Yadav,INC,14760,70099,47.4922256624277,1,32,38,MP,Harsh Yadav,INC,,,,,False,32,2018,AE
1259861,Teji Singh Rajpoot,BJP,14761,65795,44.5762562584264,2,32,38,MP,Teji Singh Rajpoot,BJP,,,,,False,32,2018,AE
1259862,Ajay Bhanu Shah,GGP,14879,4497,3.04672732569562,3,32,38,MP,Ajay Bhanu Shah,GGP,,,,,False,32,2018,AE
1259863,Nota,NOTA,14771,2218,1.502699846207,4,32,38,MP,Nota,NOTA,,,,,False,32,2018,AE
1259864,Satynam Singh,BSP,14762,1596,1.08129348717149,5,32,38,MP,Satynam Singh,BSP,,,,,False,32,2018,AE
1259865,Dr. Devendra Tiwari,IND,14765,1511,1.0237058014512,6,32,38,MP,Dr. Devendra Tiwari,IND,,,,,False,32,2018,AE
1259866,Mukesh,IND,14765,741,0.502029119043908,7,32,38,MP,Mukesh,IND,,,,,False,32,2018,AE
1259867,Rajendra Kumar Jain,AAAP,14772,593,0.4,8,32,38,MP,Rajendra Kumar Jain,AAAP,,,,,False,32,2018,AE
1259868,Kudrat Kha,IND,14765,551,0.373303703904445,9,32,38,MP,Kudrat Kha,IND,,,,,False,32,2018,AE
1259965,Gopal Bhargava,BJP,14761,94305,55.78,1,32,39,MP,Gopal Bhargava,BJP,,,,,False,32,2018,AE
1259966,Kamlesh Sahu,INC,14760,67063,39.67,2,32,39,MP,Kamlesh Sahu,INC,,,,,False,32,2018,AE
1259967,Nota,NOTA,14771,2131,1.26,3,32,39,MP,Nota,NOTA,,,,,False,32,2018,AE
1259968,Simarani,IND,14765,1716,1.01,4,32,39,MP,Simarani,IND,,,,,False,32,2018,AE
1259969,Er.Deepchand Ahirwal,BSP,14762,1105,0.65,5,32,39,MP,Er.Deepchand Ahirwal,BSP,,,,,False,32,2018,AE
1259970,Mahesh Lodhi,IND,14765,645,0.38,6,32,39,MP,Mahesh Lodhi,IND,,,,,False,32,2018,AE
1259971,Yamuna Prasad Raju,IND,14765,627,0.37,7,32,39,MP,Yamuna Prasad Raju,IND,,,,,False,32,2018,AE
1259972,Munnalal (Gopal),IND,14765,474,0.28,8,32,39,MP,Munnalal (Gopal),IND,,,,,False,32,2018,AE
1259973,Rajesh Singh Soyam,GGP,14879,204,0.12,9,32,39,MP,Rajesh Singh Soyam,GGP,,,,,False,32,2018,AE
1259974,Nandram Kurmi,IND,14765,188,0.11,10,32,39,MP,Nandram Kurmi,IND,,,,,False,32,2018,AE
1259976,Dashrath Ahirwar,IND,14765,130,0.08,11,32,39,MP,Dashrath Ahirwar,IND,,,,,False,32,2018,AE
1259975,Kamlesh Sahu,IND,14765,130,0.08,11,32,39,MP,Kamlesh Sahu,IND,,,,,False,32,2018,AE
1259977,Arun (Gopal),IND,14765,128,0.08,13,32,39,MP,Arun (Gopal),IND,,,,,False,32,2018,AE
1259978,Nanhebhai,IND,14765,127,0.08,14,32,39,MP,Nanhebhai,IND,,,,,False,32,2018,AE
1259979,Dinesh Patel,IND,14765,95,0.06,15,32,39,MP,Dinesh Patel,IND,,,,,False,32,2018,AE
1260074,Eng. Pradeep Lariya,BJP,14761,74360,50.3640489010802,1,32,40,MP,Eng. Pradeep Lariya,BJP,,,,,False,32,2018,AE
1260075,Advocate Surendra Choudhary,INC,14760,65460,44.3360763994717,2,32,40,MP,Advocate Surendra Choudhary,INC,,,,,False,32,2018,AE
1260076,Eng. Yogendra Suraj Choudhary,BSP,14762,2393,1.62077957262352,3,32,40,MP,Eng. Yogendra Suraj Choudhary,BSP,,,,,False,32,2018,AE
1260077,Nota,NOTA,14771,2069,1.40133428155372,4,32,40,MP,Nota,NOTA,,,,,False,32,2018,AE
1260078,Nandkishore Athya,BSCP,14867,1517,1.02746452639777,5,32,40,MP,Nandkishore Athya,BSCP,,,,,False,32,2018,AE
1260079,Babulal Ahirwar,AAAP,14772,716,0.48,6,32,40,MP,Babulal Ahirwar,AAAP,,,,,False,32,2018,AE
1260080,Ramsevak Pawar (Chadar),GGP,14879,712,0.482237800128687,7,32,40,MP,Ramsevak Pawar (Chadar),GGP,,,,,False,32,2018,AE
1260081,Suneel Kumar Balmik,IND,14765,418,0.283111517491279,8,32,40,MP,Suneel Kumar Balmik,IND,,,,,False,32,2018,AE
1260161,Shailendra Jain,BJP,14761,67227,50.9557954097565,1,32,41,MP,Shailendra Jain,BJP,,,,,False,32,2018,AE
1260162,Navy Jain,INC,14760,49861,37.7929539459721,2,32,41,MP,Navy Jain,INC,,,,,False,32,2018,AE
1260163,Santosh Prajapati,BSP,14762,5177,3.92399114695449,3,32,41,MP,Santosh Prajapati,BSP,,,,,False,32,2018,AE
1260164,Ankleshwar Dubey (Anni),IND,14765,1778,1.34766394809447,4,32,41,MP,Ankleshwar Dubey (Anni),IND,,,,,False,32,2018,AE
1260165,Jagdish Yadav,SP,14763,1748,1.32492496134372,5,32,41,MP,Jagdish Yadav,SP,,,,,False,32,2018,AE
1260166,Pankaj Soni,IND,14765,1142,0.865597428978564,6,32,41,MP,Pankaj Soni,IND,,,,,False,32,2018,AE
1260167,Lakhan Lucky Rajput,SPAKP,14807,840,0.64,7,32,41,MP,Lakhan Lucky Rajput,SPAKP,,,,,False,32,2018,AE
1260168,Nota,NOTA,14771,796,0.60334111511991,8,32,41,MP,Nota,NOTA,,,,,False,32,2018,AE
1260169,Dr. Vandana Ramanuj Gupta,IND,14765,614,0.465391262165357,9,32,41,MP,Dr. Vandana Ramanuj Gupta,IND,,,,,False,32,2018,AE
1260170,Indra Vikram Singh,AAAP,14772,394,0.3,10,32,41,MP,Indra Vikram Singh,AAAP,,,,,False,32,2018,AE
1260171,Satyendra Goswami Pt. Mangal Maharaj,IND,14765,367,0.278173604584179,11,32,41,MP,Satyendra Goswami Pt. Mangal Maharaj,IND,,,,,False,32,2018,AE
1260172,Peer Mohammad (Jhagdu Mistri),IND,14765,314,0.238001394657854,12,32,41,MP,Peer Mohammad (Jhagdu Mistri),IND,,,,,False,32,2018,AE
1260173,Arjun Ahirwar,BMUP,14773,287,0.217536306582178,13,32,41,MP,Arjun Ahirwar,BMUP,,,,,False,32,2018,AE
1260174,Damodar Kori,IND,14765,284,0.215262407907103,14,32,41,MP,Damodar Kori,IND,,,,,False,32,2018,AE
1260175,Harvansh Giri Goswami,SHS,14784,264,0.200103083406603,15,32,41,MP,Harvansh Giri Goswami,SHS,,,,,False,32,2018,AE
1260176,Aneet Patel (Kushwaha),BLSP,14819,197,0.15,16,32,41,MP,Aneet Patel (Kushwaha),BLSP,,,,,False,32,2018,AE
1260177,Mukesh Ahirwar,BSCP,14867,166,0.125822393354152,17,32,41,MP,Mukesh Ahirwar,BSCP,,,,,False,32,2018,AE
1260178,Ad. Sanjay Baba Sen,IND,14765,164,0.124306460904102,18,32,41,MP,Ad. Sanjay Baba Sen,IND,,,,,False,32,2018,AE
1260179,Smt. Sona Kushwaha,SUCI,14844,124,0.0939878119031015,19,32,41,MP,Smt. Sona Kushwaha,SUCI,,,,,False,32,2018,AE
1260180,Ram Gopal Yadav,BYPP,14802,112,0.08,20,32,41,MP,Ram Gopal Yadav,BYPP,,,,,False,32,2018,AE
1260181,Sita Devi Dubey,IND,14765,76,0.0576054331019009,21,32,41,MP,Sita Devi Dubey,IND,,,,,False,32,2018,AE
1260289,Tarbar Singh (Bantu Bhaiya),INC,14760,84456,51.9479880426625,1,32,42,MP,Tarbar Singh (Bantu Bhaiya),INC,,,,,False,32,2018,AE
1260290,Harvansh Singh Rathore (Sukku Bhaiya),BJP,14761,60292,37.0849684459151,2,32,42,MP,Harvansh Singh Rathore (Sukku Bhaiya),BJP,,,,,False,32,2018,AE
1260291,Aheer Ramakant Yadav,BSP,14762,7890,4.85305514891313,3,32,42,MP,Aheer Ramakant Yadav,BSP,,,,,False,32,2018,AE
1260292,Pushpend Singh,BSCP,14867,2789,1.71548425986295,4,32,42,MP,Pushpend Singh,BSCP,,,,,False,32,2018,AE
1260293,Nota,NOTA,14771,2273,1.39809814366027,5,32,42,MP,Nota,NOTA,,,,,False,32,2018,AE
1260294,Ramdas Ahirwar,IND,14765,1159,0.712888582711067,6,32,42,MP,Ramdas Ahirwar,IND,,,,,False,32,2018,AE
1260295,Suredra Ahirwar,IND,14765,654,0.402268449605727,7,32,42,MP,Suredra Ahirwar,IND,,,,,False,32,2018,AE
1260296,Rajesh Athiya,IND,14765,606,0.372744159726408,8,32,42,MP,Rajesh Athiya,IND,,,,,False,32,2018,AE
1260297,Imran Khan,IND,14765,537,0.330302993024886,9,32,42,MP,Imran Khan,IND,,,,,False,32,2018,AE
1260298,Ramesh Ahirwar,IND,14765,384,0.236194319034555,10,32,42,MP,Ramesh Ahirwar,IND,,,,,False,32,2018,AE
1260299,Bhagwan Das Yadav,AAAP,14772,339,0.21,11,32,42,MP,Bhagwan Das Yadav,AAAP,,,,,False,32,2018,AE
1260300,Tarvar (Bhaiya),IND,14765,279,0.171609934923544,12,32,42,MP,Tarvar (Bhaiya),IND,,,,,False,32,2018,AE
1260301,Moji Ahirwar,IND,14765,252,0.155002521866427,13,32,42,MP,Moji Ahirwar,IND,,,,,False,32,2018,AE
1260302,Chand Kha (Chandu),IND,14765,242,0.148851628141568,14,32,42,MP,Chand Kha (Chandu),IND,,,,,False,32,2018,AE
1260303,Ghuran Choudhari,IND,14765,225,0.138395108809309,15,32,42,MP,Ghuran Choudhari,IND,,,,,False,32,2018,AE
1260304,Javid Khan,IND,14765,201,0.12363296386965,16,32,42,MP,Javid Khan,IND,,,,,False,32,2018,AE
1260396,Rakesh Giri,BJP,14761,66958,44.6166557831469,1,32,43,MP,Rakesh Giri,BJP,,,,,False,32,2018,AE
1260397,Yadvendra Singh Jaggu Bhaiya,INC,14760,62783,41.8346948838572,2,32,43,MP,Yadvendra Singh Jaggu Bhaiya,INC,,,,,False,32,2018,AE
1260398,Dr. Vinod Kumar Rai,BSP,14762,9793,6.52544744592667,3,32,43,MP,Dr. Vinod Kumar Rai,BSP,,,,,False,32,2018,AE
1260399,Kushwaha Chhakkey Lal,SP,14763,2046,1.36332742513693,4,32,43,MP,Kushwaha Chhakkey Lal,SP,,,,,False,32,2018,AE
1260400,Santosh Kushwaha,IND,14765,1757,1.17075576049149,5,32,43,MP,Santosh Kushwaha,IND,,,,,False,32,2018,AE
1260401,Nota,NOTA,14771,1405,0.936204805629222,6,32,43,MP,Nota,NOTA,,,,,False,32,2018,AE
1260402,Vijay Kumar Jain,IND,14765,1165,0.776283700041312,7,32,43,MP,Vijay Kumar Jain,IND,,,,,False,32,2018,AE
1260403,Swami Prasad Lodhi,IND,14765,1114,0.742300465103882,8,32,43,MP,Swami Prasad Lodhi,IND,,,,,False,32,2018,AE
1260404,Raja Avadhesh Bhasker,IND,14765,595,0.396471074270026,9,32,43,MP,Raja Avadhesh Bhasker,IND,,,,,False,32,2018,AE
1260405,Parwat,IND,14765,384,0.255873768940655,10,32,43,MP,Parwat,IND,,,,,False,32,2018,AE
1260406,Ajay Pratap Singh,IND,14765,329,0.219225182243426,11,32,43,MP,Ajay Pratap Singh,IND,,,,,False,32,2018,AE
1260407,Birendra Kumar Badgaiyan,AAAP,14772,305,0.2,12,32,43,MP,Birendra Kumar Badgaiyan,AAAP,,,,,False,32,2018,AE
1260408,Kachhi Nathuram,JANADIP,14777,302,0.201234057864786,13,32,43,MP,Kachhi Nathuram,JANADIP,,,,,False,32,2018,AE
1260409,Asharam,IND,14765,267,0.177912229966549,14,32,43,MP,Asharam,IND,,,,,False,32,2018,AE
1260410,Bhagwan Das,IND,14765,264,0.1759132161467,15,32,43,MP,Bhagwan Das,IND,,,,,False,32,2018,AE
1260411,K. K. Khare,IND,14765,234,0.155923077948212,16,32,43,MP,K. K. Khare,IND,,,,,False,32,2018,AE
1260412,Khushiram Kushwaha,IND,14765,195,0.129935898290176,17,32,43,MP,Khushiram Kushwaha,IND,,,,,False,32,2018,AE
1260413,Ahirwar Jhunnilal,IND,14765,178,0.118608153311033,18,32,43,MP,Ahirwar Jhunnilal,IND,,,,,False,32,2018,AE
1260539,Khatik Harishankar,BJP,14761,63315,45.5556035227076,1,32,44,MP,Khatik Harishankar,BJP,,,,,False,32,2018,AE
1260540,R.R. Bansal,MD,14803,26600,19.138893685604,2,32,44,MP,R.R. Bansal,MD,,,,,False,32,2018,AE
1260541,Anita Prabhu Dayal Khatik,SP,14763,21040,15.1384332009439,3,32,44,MP,Anita Prabhu Dayal Khatik,SP,,,,,False,32,2018,AE
1260542,Dwarika Prasad Ahirwar,BSP,14762,18349,13.2022391066597,4,32,44,MP,Dwarika Prasad Ahirwar,BSP,,,,,False,32,2018,AE
1260543,Nota,NOTA,14771,2385,1.71602486617164,5,32,44,MP,Nota,NOTA,,,,,False,32,2018,AE
1260544,Dr. Vikram Choudhary,LJD,14904,1195,0.859811201289357,6,32,44,MP,Dr. Vikram Choudhary,LJD,,,,,False,32,2018,AE
1260545,Ahirwar Ramdeen,AAAP,14772,1025,0.74,7,32,44,MP,Ahirwar Ramdeen,AAAP,,,,,False,32,2018,AE
1260546,Har Prasad Ahirwar,IND,14765,1019,0.733177919760547,8,32,44,MP,Har Prasad Ahirwar,IND,,,,,False,32,2018,AE
1260547,Ahirwar Dinesh Kumar,IND,14765,989,0.711592701318137,9,32,44,MP,Ahirwar Dinesh Kumar,IND,,,,,False,32,2018,AE
1260548,Krishan Kumar,IND,14765,885,0.636763944051113,10,32,44,MP,Krishan Kumar,IND,,,,,False,32,2018,AE
1260549,Ahirwar Rajabai Kalicharan,IND,14765,879,0.632446900362631,11,32,44,MP,Ahirwar Rajabai Kalicharan,IND,,,,,False,32,2018,AE
1260550,Ram Sahay Ahirwar,IND,14765,694,0.499338053301099,12,32,44,MP,Ram Sahay Ahirwar,IND,,,,,False,32,2018,AE
1260551,Surendra,IND,14765,609,0.438179934380935,13,32,44,MP,Surendra,IND,,,,,False,32,2018,AE
1260658,Brajendra Singh Rathore,INC,14760,52436,35.3556739262355,1,32,45,MP,Brajendra Singh Rathore,INC,,,,,False,32,2018,AE
1260659,Dr. Shishupal Yadav,SP,14763,44816,30.2177870676286,2,32,45,MP,Dr. Shishupal Yadav,SP,,,,,False,32,2018,AE
1260660,Kushwaha Nandram,BSP,14762,30043,20.2568943429303,3,32,45,MP,Kushwaha Nandram,BSP,,,,,False,32,2018,AE
1260661,Abhay Akhand Pratap Singh Yadav,BJP,14761,10391,7.00627064931562,4,32,45,MP,Abhay Akhand Pratap Singh Yadav,BJP,,,,,False,32,2018,AE
1260662,Mukesh Bhadoriya,IND,14765,1418,0.956105454790641,5,32,45,MP,Mukesh Bhadoriya,IND,,,,,False,32,2018,AE
1260663,Bhaiya Lal Adiwasi,IND,14765,1052,0.709325062369361,6,32,45,MP,Bhaiya Lal Adiwasi,IND,,,,,False,32,2018,AE
1260664,Rakesh Kumhar T Farm,IND,14765,974,0.656732519722203,7,32,45,MP,Rakesh Kumhar T Farm,IND,,,,,False,32,2018,AE
1260665,Ayodhya Prasad (A.P.),AAAP,14772,972,0.66,8,32,45,MP,Ayodhya Prasad (A.P.),AAAP,,,,,False,32,2018,AE
1260666,Shishupal Yadav,IND,14765,768,0.517834266064324,9,32,45,MP,Shishupal Yadav,IND,,,,,False,32,2018,AE
1260667,Kammod Prasad,NINSHAD,14906,734,0.494909311577102,10,32,45,MP,Kammod Prasad,NINSHAD,,,,,False,32,2018,AE
1260668,Avdhesh Pratap Singh Bundela,IND,14765,715,0.482098307598948,11,32,45,MP,Avdhesh Pratap Singh Bundela,IND,,,,,False,32,2018,AE
1260669,Vijay Kumar Ghosh,IND,14765,543,0.366125008428292,12,32,45,MP,Vijay Kumar Ghosh,IND,,,,,False,32,2018,AE
1260670,Anil Sahu,IND,14765,500,0.337131683635628,13,32,45,MP,Anil Sahu,IND,,,,,False,32,2018,AE
1260671,Rahul Singh Ghosh,NBP,14907,483,0.33,14,32,45,MP,Rahul Singh Ghosh,NBP,,,,,False,32,2018,AE
1260672,Nandram Kushwaha,IND,14765,466,0.314206729148405,15,32,45,MP,Nandram Kushwaha,IND,,,,,False,32,2018,AE
1260673,Rajendra Kumar Kushawaha,IND,14765,453,0.305441305373879,16,32,45,MP,Rajendra Kumar Kushawaha,IND,,,,,False,32,2018,AE
1260674,Kevat Parbata,IND,14765,421,0.283864877621198,17,32,45,MP,Kevat Parbata,IND,,,,,False,32,2018,AE
1260675,Abhay Verma,IND,14765,388,0.261614186501247,18,32,45,MP,Abhay Verma,IND,,,,,False,32,2018,AE
1260676,Kewat Pyarelal,IND,14765,378,0.254871552828534,19,32,45,MP,Kewat Pyarelal,IND,,,,,False,32,2018,AE
1260677,Nota,NOTA,14771,359,0.24206054885038,20,32,45,MP,Nota,NOTA,,,,,False,32,2018,AE
1260789,Anil Jain,BJP,14761,49738,36.7140558335916,1,32,46,MP,Anil Jain,BJP,,,,,False,32,2018,AE
1260790,Meera Deepak Yadav,SP,14763,40901,30.1910329657351,2,32,46,MP,Meera Deepak Yadav,SP,,,,,False,32,2018,AE
1260791,Ganesh Prasad Kushwaha,BSP,14762,21444,15.8288675317773,3,32,46,MP,Ganesh Prasad Kushwaha,BSP,,,,,False,32,2018,AE
1260792,Ahir Captain Surendra,INC,14760,12221,9.02091914315662,4,32,46,MP,Ahir Captain Surendra,INC,,,,,False,32,2018,AE
1260793,Ramesh Nirala,IND,14765,2764,2.04024388443538,5,32,46,MP,Ramesh Nirala,IND,,,,,False,32,2018,AE
1260794,Ramprasad,IND,14765,1389,1.02528898534036,6,32,46,MP,Ramprasad,IND,,,,,False,32,2018,AE
1260795,Abhishek Sharan Yadav,IND,14765,911,0.672453754964052,7,32,46,MP,Abhishek Sharan Yadav,IND,,,,,False,32,2018,AE
1260796,Santosh Yadav,IND,14765,868,0.640713347210534,8,32,46,MP,Santosh Yadav,IND,,,,,False,32,2018,AE
1260797,Ahirwar Devendra Kumar,IND,14765,730,0.53884878279227,9,32,46,MP,Ahirwar Devendra Kumar,IND,,,,,False,32,2018,AE
1260798,Mahesh Kumar Raju Khare,SJVP,14868,637,0.47,10,32,46,MP,Mahesh Kumar Raju Khare,SJVP,,,,,False,32,2018,AE
1260799,Bhagban Das Kushwaha,JANADIP,14777,634,0.467986477109998,11,32,46,MP,Bhagban Das Kushwaha,JANADIP,,,,,False,32,2018,AE
1260800,Hindu Satyanath,IND,14765,497,0.366860061709257,12,32,46,MP,Hindu Satyanath,IND,,,,,False,32,2018,AE
1260801,Pawan,IND,14765,475,0.350620783323737,13,32,46,MP,Pawan,IND,,,,,False,32,2018,AE
1260802,Anil Tiwari (Putrikhera),BHAPP,14862,472,0.348406336271166,14,32,46,MP,Anil Tiwari (Putrikhera),BHAPP,,,,,False,32,2018,AE
1260803,Nota,NOTA,14771,456,0.336595951990787,15,32,46,MP,Nota,NOTA,,,,,False,32,2018,AE
1260804,Dheerendra Pratap Singh (Rajeev),IND,14765,417,0.307808140307365,16,32,46,MP,Dheerendra Pratap Singh (Rajeev),IND,,,,,False,32,2018,AE
1260805,Achchhe Lal,AABHAP,14848,335,0.25,17,32,46,MP,Achchhe Lal,AABHAP,,,,,False,32,2018,AE
1260806,Bhagban Das Kori,PMSP,14877,303,0.223659152309668,18,32,46,MP,Bhagban Das Kori,PMSP,,,,,False,32,2018,AE
1260807,Gopal Singh Thakur,AAAP,14772,282,0.21,19,32,46,MP,Gopal Singh Thakur,AAAP,,,,,False,32,2018,AE
1260920,Rahul Singh Lodhi,BJP,14761,63066,39.4900470253786,1,32,47,MP,Rahul Singh Lodhi,BJP,,,,,False,32,2018,AE
1260921,Chanda-Surendra Singh Gour,INC,14760,51401,32.1857721617272,2,32,47,MP,Chanda-Surendra Singh Gour,INC,,,,,False,32,2018,AE
1260922,Ajay Yadav,BSP,14762,15366,9.62173060907571,3,32,47,MP,Ajay Yadav,BSP,,,,,False,32,2018,AE
1260923,Pyare Lal Soni,IND,14765,13258,8.30176392132798,4,32,47,MP,Pyare Lal Soni,IND,,,,,False,32,2018,AE
1260924,Ashish Raikwar,SPAKP,14807,4009,2.51,5,32,47,MP,Ashish Raikwar,SPAKP,,,,,False,32,2018,AE
1260925,Pandit Ramkumar Pathak,BHAPP,14862,1679,1.05133969104764,6,32,47,MP,Pandit Ramkumar Pathak,BHAPP,,,,,False,32,2018,AE
1260926,Mukesh,IND,14765,1644,1.02942373560591,7,32,47,MP,Mukesh,IND,,,,,False,32,2018,AE
1260927,Jayram Rajak,JANADIP,14777,1356,0.849086730828235,8,32,47,MP,Jayram Rajak,JANADIP,,,,,False,32,2018,AE
1260928,Manoj Sharma,IND,14765,1243,0.778329503259215,9,32,47,MP,Manoj Sharma,IND,,,,,False,32,2018,AE
1260929,Nota,NOTA,14771,1092,0.68377780978203,10,32,47,MP,Nota,NOTA,,,,,False,32,2018,AE
1260930,Maya Singh Lodhi,IND,14765,969,0.60675888065823,11,32,47,MP,Maya Singh Lodhi,IND,,,,,False,32,2018,AE
1260931,Balwant Balmiki,IND,14765,914,0.572319522106937,12,32,47,MP,Balwant Balmiki,IND,,,,,False,32,2018,AE
1260932,Vaseem Akram,IND,14765,763,0.477767828629751,13,32,47,MP,Vaseem Akram,IND,,,,,False,32,2018,AE
1260933,Baldau Yadav,IND,14765,743,0.46524442552019,14,32,47,MP,Baldau Yadav,IND,,,,,False,32,2018,AE
1260934,Lakhan Singh,IND,14765,552,0.345645925823883,15,32,47,MP,Lakhan Singh,IND,,,,,False,32,2018,AE
1260935,Pramod Vyas,IND,14765,495,0.309954226961634,16,32,47,MP,Pramod Vyas,IND,,,,,False,32,2018,AE
1260936,Kishori,IND,14765,451,0.2824027401206,17,32,47,MP,Kishori,IND,,,,,False,32,2018,AE
1260937,Imran Beg,IND,14765,392,0.245458700947395,18,32,47,MP,Imran Beg,IND,,,,,False,32,2018,AE
1260938,Priyanka Raja Bundela,AAAP,14772,308,0.19,19,32,47,MP,Priyanka Raja Bundela,AAAP,,,,,False,32,2018,AE
1261048,Neeraj Vinod Dixit,INC,14760,52461,36.529422823839,1,32,48,MP,Neeraj Vinod Dixit,INC,,,,,False,32,2018,AE
1261049,Manavendra Singh,BJP,14761,38456,26.7775201409343,2,32,48,MP,Manavendra Singh,BJP,,,,,False,32,2018,AE
1261050,Rajesh Mahton,BSP,14762,27902,19.4286032601505,3,32,48,MP,Rajesh Mahton,BSP,,,,,False,32,2018,AE
1261051,Mahesh Matoul,RSMD,14793,9505,6.61848161378148,4,32,48,MP,Mahesh Matoul,RSMD,,,,,False,32,2018,AE
1261052,Aheer Preetam Bhumman Yadav,SP,14763,5440,3.78795791467346,5,32,48,MP,Aheer Preetam Bhumman Yadav,SP,,,,,False,32,2018,AE
1261053,Eng. Pankaj Ahirwar,IND,14765,1771,1.23317526964829,6,32,48,MP,Eng. Pankaj Ahirwar,IND,,,,,False,32,2018,AE
1261054,Nota,NOTA,14771,1191,0.829312109627958,7,32,48,MP,Nota,NOTA,,,,,False,32,2018,AE
1261055,Umashankar Kushwaha,SHS,14784,1130,0.786836846246509,8,32,48,MP,Umashankar Kushwaha,SHS,,,,,False,32,2018,AE
1261056,Tiwari Raja Bhaiya,IND,14765,887,0.617632108513853,9,32,48,MP,Tiwari Raja Bhaiya,IND,,,,,False,32,2018,AE
1261057,Pushpandra Agrwal,IND,14765,879,0.612061582168745,10,32,48,MP,Pushpandra Agrwal,IND,,,,,False,32,2018,AE
1261058,Ganapat Singh,IND,14765,685,0.476976318299875,11,32,48,MP,Ganapat Singh,IND,,,,,False,32,2018,AE
1261059,Rakesh Kumar Sahu,SJVP,14868,628,0.44,12,32,48,MP,Rakesh Kumar Sahu,SJVP,,,,,False,32,2018,AE
1261060,Anwari Khatun,AAAP,14772,607,0.42,13,32,48,MP,Anwari Khatun,AAAP,,,,,False,32,2018,AE
1261061,Gaurav Sharma Latoriya,SPAKP,14807,582,0.41,14,32,48,MP,Gaurav Sharma Latoriya,SPAKP,,,,,False,32,2018,AE
1261062,Abdul Hamid,IND,14765,542,0.377403159881069,15,32,48,MP,Abdul Hamid,IND,,,,,False,32,2018,AE
1261063,Chedilal,IND,14765,508,0.35372842291436,16,32,48,MP,Chedilal,IND,,,,,False,32,2018,AE
1261064,Purashotam Nayak,BUNKD,14912,439,0.305682633187803,17,32,48,MP,Purashotam Nayak,BUNKD,,,,,False,32,2018,AE
1261174,Rajesh Kumar Prajapati,BJP,14761,41227,31.1601049075256,1,32,49,MP,Rajesh Kumar Prajapati,BJP,,,,,False,32,2018,AE
1261175,Anuragi Harprasad (Gopi Master),INC,14760,40050,30.2705072293982,2,32,49,MP,Anuragi Harprasad (Gopi Master),INC,,,,,False,32,2018,AE
1261176,Ahirwar- Pushpendra Kumar,BSP,14762,25739,19.4539971430083,3,32,49,MP,Ahirwar- Pushpendra Kumar,BSP,,,,,False,32,2018,AE
1261177,Anitya Singh,SP,14763,15994,12.0885516261422,4,32,49,MP,Anitya Singh,SP,,,,,False,32,2018,AE
1261178,Nota,NOTA,14771,2695,2.03692926300195,5,32,49,MP,Nota,NOTA,,,,,False,32,2018,AE
1261179,Bhavaneedeen,IND,14765,1447,1.09366851338175,6,32,49,MP,Bhavaneedeen,IND,,,,,False,32,2018,AE
1261180,Ahirwar Rajkumar,IND,14765,1293,0.977272555495929,7,32,49,MP,Ahirwar Rajkumar,IND,,,,,False,32,2018,AE
1261181,Ahirwar Sanjay Kumar,ADAL,14916,1117,0.844248603626414,8,32,49,MP,Ahirwar Sanjay Kumar,ADAL,,,,,False,32,2018,AE
1261182,Jyotivrav,IND,14765,1022,0.772445902333209,9,32,49,MP,Jyotivrav,IND,,,,,False,32,2018,AE
1261183,Kamta Prasad Bansal,BYPP,14802,645,0.49,10,32,49,MP,Kamta Prasad Bansal,BYPP,,,,,False,32,2018,AE
1261184,Shriram Nagar,SPAKP,14807,563,0.43,11,32,49,MP,Shriram Nagar,SPAKP,,,,,False,32,2018,AE
1261185,Motilal Ahirwar,MPJVP,14903,515,0.389246222800003,12,32,49,MP,Motilal Ahirwar,MPJVP,,,,,False,32,2018,AE
1261294,Vikram Singh (Nati Raja),INC,14760,40362,28.0560537181465,1,32,50,MP,Vikram Singh (Nati Raja),INC,,,,,False,32,2018,AE
1261295,Arvind Pateriya,BJP,14761,39630,27.5472327647328,2,32,50,MP,Arvind Pateriya,BJP,,,,,False,32,2018,AE
1261296,Vinod Kumar Patel,BSP,14762,28972,20.1387440741822,3,32,50,MP,Vinod Kumar Patel,BSP,,,,,False,32,2018,AE
1261297,Chaturvedi Nitin - Banti Bhaiya,SP,14763,23783,16.5318152118001,4,32,50,MP,Chaturvedi Nitin - Banti Bhaiya,SP,,,,,False,32,2018,AE
1261298,Nota,NOTA,14771,2485,1.72734982135657,5,32,50,MP,Nota,NOTA,,,,,False,32,2018,AE
1261299,Rahul Sureha,IND,14765,1841,1.27969860004726,6,32,50,MP,Rahul Sureha,IND,,,,,False,32,2018,AE
1261300,Advocate Kuldeep Singh,SPAKP,14807,1145,0.8,7,32,50,MP,Advocate Kuldeep Singh,SPAKP,,,,,False,32,2018,AE
1261301,Muhammad Sattar,IND,14765,1140,0.79242607498853,8,32,50,MP,Muhammad Sattar,IND,,,,,False,32,2018,AE
1261302,Imran,IND,14765,1025,0.712488356897582,9,32,50,MP,Imran,IND,,,,,False,32,2018,AE
1261303,Suraj Patel,ADAL,14916,808,0.561649358412923,10,32,50,MP,Suraj Patel,ADAL,,,,,False,32,2018,AE
1261304,Ahirwar-Matadeen,IND,14765,780,0.542186261834257,11,32,50,MP,Ahirwar-Matadeen,IND,,,,,False,32,2018,AE
1261305,Gautam Pravin Urf Monu Gautam,JANADIP,14777,695,0.483101861506165,12,32,50,MP,Gautam Pravin Urf Monu Gautam,JANADIP,,,,,False,32,2018,AE
1261306,Babadeen Ahirwar,IND,14765,615,0.427493014138549,13,32,50,MP,Babadeen Ahirwar,IND,,,,,False,32,2018,AE
1261307,Iklakh Urf Rajju Sardar,BYPP,14802,581,0.4,14,32,50,MP,Iklakh Urf Rajju Sardar,BYPP,,,,,False,32,2018,AE
1261418,Alok Chaturvedi (Pajjan Bhaiya),INC,14760,65774,44.839998363852,1,32,51,MP,Alok Chaturvedi (Pajjan Bhaiya),INC,,,,,False,32,2018,AE
1261419,Archna Guddu Singh,BJP,14761,62279,42.4573578937321,2,32,51,MP,Archna Guddu Singh,BJP,,,,,False,32,2018,AE
1261420,Abdul Sameer (Bhaiya Thekedar),BSP,14762,9161,6.24531311781628,3,32,51,MP,Abdul Sameer (Bhaiya Thekedar),BSP,,,,,False,32,2018,AE
1261421,Pandit Vinod Kumar Dubey,IND,14765,1446,0.98577914729422,4,32,51,MP,Pandit Vinod Kumar Dubey,IND,,,,,False,32,2018,AE
1261422,Agrawal Vinod,SPAKP,14807,1180,0.8,5,32,51,MP,Agrawal Vinod,SPAKP,,,,,False,32,2018,AE
1261423,Gayatri Kushwaha,JANADIP,14777,1144,0.779897195369701,6,32,51,MP,Gayatri Kushwaha,JANADIP,,,,,False,32,2018,AE
1261424,Rakesh Patel,IND,14765,976,0.665366838007717,7,32,51,MP,Rakesh Patel,IND,,,,,False,32,2018,AE
1261425,Raju Raikwar (Pan Bale),IND,14765,848,0.578105613350967,8,32,51,MP,Raju Raikwar (Pan Bale),IND,,,,,False,32,2018,AE
1261426,Nota,NOTA,14771,762,0.519476978034713,9,32,51,MP,Nota,NOTA,,,,,False,32,2018,AE
1261427,Mohan Singh,SP,14763,640,0.436306123283748,10,32,51,MP,Mohan Singh,SP,,,,,False,32,2018,AE
1261428,Mohammad Nawab Khan,IND,14765,443,0.302005644710469,11,32,51,MP,Mohammad Nawab Khan,IND,,,,,False,32,2018,AE
1261429,Ahrwar Harishchandra,IND,14765,426,0.290416263310745,12,32,51,MP,Ahrwar Harishchandra,IND,,,,,False,32,2018,AE
1261430,Archana Singh W/O Balbeer Singh,IND,14765,392,0.267237500511296,13,32,51,MP,Archana Singh W/O Balbeer Singh,IND,,,,,False,32,2018,AE
1261431,Manju Ashutosh Dwivedi,BSCP,14867,327,0.22292515986529,14,32,51,MP,Manju Ashutosh Dwivedi,BSCP,,,,,False,32,2018,AE
1261432,Deepa Patel,ADAL,14916,313,0.213380963418458,15,32,51,MP,Deepa Patel,ADAL,,,,,False,32,2018,AE
1261433,Neha Singh,IND,14765,303,0.206563680242149,16,32,51,MP,Neha Singh,IND,,,,,False,32,2018,AE
1261434,Archana Singh W/O Rajendra Singh,IND,14765,272,0.185430102395593,17,32,51,MP,Archana Singh W/O Rajendra Singh,IND,,,,,False,32,2018,AE
1261536,Rajesh Shukla (Bablu Bhaiya),SP,14763,67623,46.7840019924866,1,32,52,MP,Rajesh Shukla (Bablu Bhaiya),SP,,,,,False,32,2018,AE
1261537,Guddan Bhaiya Pushpendra Nath Pathak,BJP,14761,30909,21.3839480293061,2,32,52,MP,Guddan Bhaiya Pushpendra Nath Pathak,BJP,,,,,False,32,2018,AE
1261538,Shankar Pratap Singh Munna Raja,INC,14760,23726,16.4144925731443,3,32,52,MP,Shankar Pratap Singh Munna Raja,INC,,,,,False,32,2018,AE
1261539,Anupama Yadav,BSP,14762,9318,6.44652456362466,4,32,52,MP,Anupama Yadav,BSP,,,,,False,32,2018,AE
1261540,Amit Bhatnagar,AAAP,14772,1943,1.34,5,32,52,MP,Amit Bhatnagar,AAAP,,,,,False,32,2018,AE
1261541,Deepak Bhaiya,IND,14765,1902,1.31587140158983,6,32,52,MP,Deepak Bhaiya,IND,,,,,False,32,2018,AE
1261542,Ram Prasad Patel,ABASP,14899,1254,0.867561901994562,7,32,52,MP,Ram Prasad Patel,ABASP,,,,,False,32,2018,AE
1261543,Chameli Adiwasi,IND,14765,1123,0.776931432168973,8,32,52,MP,Chameli Adiwasi,IND,,,,,False,32,2018,AE
1261544,Ahirwar Deshraj,IND,14765,958,0.662778550327584,9,32,52,MP,Ahirwar Deshraj,IND,,,,,False,32,2018,AE
1261545,Manoj Ahirwar,NBP,14907,919,0.64,10,32,52,MP,Manoj Ahirwar,NBP,,,,,False,32,2018,AE
1261546,Tarik Babu,IND,14765,877,0.606739862878174,11,32,52,MP,Tarik Babu,IND,,,,,False,32,2018,AE
1261547,Nota,NOTA,14771,663,0.458687034308129,12,32,52,MP,Nota,NOTA,,,,,False,32,2018,AE
1261548,Koushal Kishor,IND,14765,607,0.419944238046809,13,32,52,MP,Koushal Kishor,IND,,,,,False,32,2018,AE
1261549,Leela Dhar Rajpoot,SJVP,14868,527,0.36,14,32,52,MP,Leela Dhar Rajpoot,SJVP,,,,,False,32,2018,AE
1261550,Rajesh,IND,14765,487,0.33692396034398,15,32,52,MP,Rajesh,IND,,,,,False,32,2018,AE
1261551,Awadh Bihari Choracia,IND,14765,457,0.316168890918273,16,32,52,MP,Awadh Bihari Choracia,IND,,,,,False,32,2018,AE
1261552,Prashant Sharma,SPAKP,14807,441,0.31,17,32,52,MP,Prashant Sharma,SPAKP,,,,,False,32,2018,AE
1261553,Veer Singh,IND,14765,417,0.28849546501733,18,32,52,MP,Veer Singh,IND,,,,,False,32,2018,AE
1261554,Parvati Patel,JANADIP,14777,392,0.271199573829241,19,32,52,MP,Parvati Patel,JANADIP,,,,,False,32,2018,AE
1261665,Kunwar Pradyumna Singh Lodhi (Munna Bhaiya),INC,14760,67184,45.1560000537699,1,32,53,MP,Kunwar Pradyumna Singh Lodhi (Munna Bhaiya),INC,,,,,False,32,2018,AE
1261666,Lalita Yadav,BJP,14761,51405,34.5505504698148,2,32,53,MP,Lalita Yadav,BJP,,,,,False,32,2018,AE
1261667,Eng. Hari Krishna,BSP,14762,14922,10.0294390450457,3,32,53,MP,Eng. Hari Krishna,BSP,,,,,False,32,2018,AE
1261668,Sunil Kapoor Chandra Ghuwara,IND,14765,2685,1.80465378876476,4,32,53,MP,Sunil Kapoor Chandra Ghuwara,IND,,,,,False,32,2018,AE
1261669,Laxman Singh Thakur,IND,14765,2187,1.46993587934024,5,32,53,MP,Laxman Singh Thakur,IND,,,,,False,32,2018,AE
1261670,Raja Ram Vishvakarma Sendapa,CPI,14859,1902,1.27838044924789,6,32,53,MP,Raja Ram Vishvakarma Sendapa,CPI,,,,,False,32,2018,AE
1261671,Jagdish Singh Kisan Neta,AAAP,14772,1308,0.88,7,32,53,MP,Jagdish Singh Kisan Neta,AAAP,,,,,False,32,2018,AE
1261672,Manoj Kumar,IND,14765,995,0.66876369453294,8,32,53,MP,Manoj Kumar,IND,,,,,False,32,2018,AE
1261673,Nota,NOTA,14771,963,0.647255716417308,9,32,53,MP,Nota,NOTA,,,,,False,32,2018,AE
1261674,Krishna Rajput,PSPU,14880,937,0.63,10,32,53,MP,Krishna Rajput,PSPU,,,,,False,32,2018,AE
1261675,Dharmendra Kumar Sahu,IND,14765,838,0.56324017690312,11,32,53,MP,Dharmendra Kumar Sahu,IND,,,,,False,32,2018,AE
1261676,Rahul Kumar Rai,IND,14765,665,0.446962670215483,12,32,53,MP,Rahul Kumar Rai,IND,,,,,False,32,2018,AE
1261677,Mahesh Soni,BSCP,14867,631,0.424110443467623,13,32,53,MP,Mahesh Soni,BSCP,,,,,False,32,2018,AE
1261678,Tilak Singh Lodhi,IND,14765,443,0.297751072038284,14,32,53,MP,Tilak Singh Lodhi,IND,,,,,False,32,2018,AE
1261679,Acharya Jinendra Singhai,IND,14765,413,0.277587342554878,15,32,53,MP,Acharya Jinendra Singhai,IND,,,,,False,32,2018,AE
1261680,Engr. Sanjeev Kumar,BMM,14826,412,0.28,16,32,53,MP,Engr. Sanjeev Kumar,BMM,,,,,False,32,2018,AE
1261681,Uttam Lal,IND,14765,384,0.258095737387587,17,32,53,MP,Uttam Lal,IND,,,,,False,32,2018,AE
1261682,Sandhya Raja,IND,14765,256,0.172063824925058,18,32,53,MP,Sandhya Raja,IND,,,,,False,32,2018,AE
1261683,Ahirwar Raju,IND,14765,252,0.169375327660604,19,32,53,MP,Ahirwar Raju,IND,,,,,False,32,2018,AE
1261805,Rambai Govind Singh,BSP,14762,39267,23.9355574113243,1,32,54,MP,Rambai Govind Singh,BSP,,,,,False,32,2018,AE
1261806,Lakhan Patel,BJP,14761,37062,22.5914795828177,2,32,54,MP,Lakhan Patel,BJP,,,,,False,32,2018,AE
1261807,Brajendra Singh,IND,14765,27074,16.5032032331014,3,32,54,MP,Brajendra Singh,IND,,,,,False,32,2018,AE
1261808,Gourav Patel,INC,14760,25438,15.5059645358512,4,32,54,MP,Gourav Patel,INC,,,,,False,32,2018,AE
1261809,Dr. Ramkrishna Kusmaria Babaji,IND,14765,8755,5.33668997214314,5,32,54,MP,Dr. Ramkrishna Kusmaria Babaji,IND,,,,,False,32,2018,AE
1261810,Anurag Vardhan Singh Hazari,SP,14763,7827,4.77101912186915,6,32,54,MP,Anurag Vardhan Singh Hazari,SP,,,,,False,32,2018,AE
1261811,Choti Bahu Lodhi,BSCP,14867,3744,2.28218929248474,7,32,54,MP,Choti Bahu Lodhi,BSCP,,,,,False,32,2018,AE
1261812,Bhushan Singh,IND,14765,2577,1.57083381590095,8,32,54,MP,Bhushan Singh,IND,,,,,False,32,2018,AE
1261813,Chandra Mohan Guru Chanda Bhaiya,AAAP,14772,2279,1.39,9,32,54,MP,Chandra Mohan Guru Chanda Bhaiya,AAAP,,,,,False,32,2018,AE
1261814,Goopi Kushwaha Patel,PSPU,14880,1430,0.87,10,32,54,MP,Goopi Kushwaha Patel,PSPU,,,,,False,32,2018,AE
1261815,Rajesh Patel,IND,14765,1250,0.761948882373379,11,32,54,MP,Rajesh Patel,IND,,,,,False,32,2018,AE
1261816,Rajkishor Patel,IND,14765,1180,0.71927974496047,12,32,54,MP,Rajkishor Patel,IND,,,,,False,32,2018,AE
1261817,Bhagat Singh Lodhi,IND,14765,876,0.533973776767264,13,32,54,MP,Bhagat Singh Lodhi,IND,,,,,False,32,2018,AE
1261818,Deependra Singh (Golu Bhaia),IND,14765,860,0.524220831072884,14,32,54,MP,Deependra Singh (Golu Bhaia),IND,,,,,False,32,2018,AE
1261819,Chooraman Ahirwar,IND,14765,757,0.461436243165318,15,32,54,MP,Chooraman Ahirwar,IND,,,,,False,32,2018,AE
1261820,Ganesh Prasad Patel,GGP,14879,718,0.437663438035269,16,32,54,MP,Ganesh Prasad Patel,GGP,,,,,False,32,2018,AE
1261821,Ganesh Ahirwar,IND,14765,617,0.3760979683395,17,32,54,MP,Ganesh Ahirwar,IND,,,,,False,32,2018,AE
1261822,Lakhan Gourav Kusmaria,IND,14765,590,0.359639872480235,18,32,54,MP,Lakhan Gourav Kusmaria,IND,,,,,False,32,2018,AE
1261823,Ramkumar Dubey,IND,14765,565,0.344400894832767,19,32,54,MP,Ramkumar Dubey,IND,,,,,False,32,2018,AE
1261824,Rambhai Roshan Patel,IND,14765,517,0.315142057749629,20,32,54,MP,Rambhai Roshan Patel,IND,,,,,False,32,2018,AE
1261825,Nota,NOTA,14771,468,0.285273661560593,21,32,54,MP,Nota,NOTA,,,,,False,32,2018,AE
1261826,Lakhan Bhaiya,IND,14765,202,0.123130939391538,22,32,54,MP,Lakhan Bhaiya,IND,,,,,False,32,2018,AE
1261937,Rahul Singh,INC,14760,78997,45.0453892297516,1,32,55,MP,Rahul Singh,INC,,,,,False,32,2018,AE
1261938,Jayant Malaiya,BJP,14761,78199,44.5903564993271,2,32,55,MP,Jayant Malaiya,BJP,,,,,False,32,2018,AE
1261939,Komal Ahirwar,BSP,14762,5460,3.11338183974636,3,32,55,MP,Komal Ahirwar,BSP,,,,,False,32,2018,AE
1261940,Aarti Singh,BSCP,14867,3443,1.96325525169354,4,32,55,MP,Aarti Singh,BSCP,,,,,False,32,2018,AE
1261941,Rahul Singh,IND,14765,1755,1.00072987706133,5,32,55,MP,Rahul Singh,IND,,,,,False,32,2018,AE
1261942,Rahul Yadav,IND,14765,1570,0.895239833040622,6,32,55,MP,Rahul Yadav,IND,,,,,False,32,2018,AE
1261943,Nota,NOTA,14771,1299,0.740711173961635,7,32,55,MP,Nota,NOTA,,,,,False,32,2018,AE
1261944,Rihana Sabbo Bua,IND,14765,1283,0.731587710694979,8,32,55,MP,Rihana Sabbo Bua,IND,,,,,False,32,2018,AE
1261945,Dr. Ramkrishna Kusmaria Baba Ji,IND,14765,1133,0.646055242570079,9,32,55,MP,Dr. Ramkrishna Kusmaria Baba Ji,IND,,,,,False,32,2018,AE
1261946,Manoj Devaliya,SPAKP,14807,774,0.44,10,32,55,MP,Manoj Devaliya,SPAKP,,,,,False,32,2018,AE
1261947,Rahul Bhaiya,IND,14765,376,0.214401386766416,11,32,55,MP,Rahul Bhaiya,IND,,,,,False,32,2018,AE
1261948,Jujar Ali,GGP,14879,366,0.208699222224756,12,32,55,MP,Jujar Ali,GGP,,,,,False,32,2018,AE
1261949,Bhagwan Das,IND,14765,282,0.160801040074812,13,32,55,MP,Bhagwan Das,IND,,,,,False,32,2018,AE
1261950,Ramratan Patel,BLSP,14819,246,0.14,14,32,55,MP,Ramratan Patel,BLSP,,,,,False,32,2018,AE
1261951,Balram Singh,IND,14765,189,0.107770909837374,15,32,55,MP,Balram Singh,IND,,,,,False,32,2018,AE
1262066,Dharmendra Bhav Singh Lodhi,BJP,14761,48901,29.0492936829474,1,32,56,MP,Dharmendra Bhav Singh Lodhi,BJP,,,,,False,32,2018,AE
1262067,Pratap Singh,INC,14760,45416,26.9790540460264,2,32,56,MP,Pratap Singh,INC,,,,,False,32,2018,AE
1262068,Raghvendra Singh (Rishi Bhaiya),IND,14765,21751,12.9210279318989,3,32,56,MP,Raghvendra Singh (Rishi Bhaiya),IND,,,,,False,32,2018,AE
1262069,Aditya Ratnesh Solomon,IND,14765,13015,7.73146883056707,4,32,56,MP,Aditya Ratnesh Solomon,IND,,,,,False,32,2018,AE
1262070,Arvind Pratap Singh Judev,GGP,14879,10490,6.23151041357269,5,32,56,MP,Arvind Pratap Singh Judev,GGP,,,,,False,32,2018,AE
1262071,Delan Singh Dhurve,BSP,14762,10355,6.15131461702051,6,32,56,MP,Delan Singh Dhurve,BSP,,,,,False,32,2018,AE
1262072,Ashish Shukla Raju Bhaiya,BSCP,14867,8444,5.01609856360417,7,32,56,MP,Ashish Shukla Raju Bhaiya,BSCP,,,,,False,32,2018,AE
1262073,Uttam Bhaiya,IND,14765,3039,1.80529648683006,8,32,56,MP,Uttam Bhaiya,IND,,,,,False,32,2018,AE
1262074,Nota,NOTA,14771,2264,1.34491321032684,9,32,56,MP,Nota,NOTA,,,,,False,32,2018,AE
1262075,Basant Rai,AAAP,14772,1475,0.88,10,32,56,MP,Basant Rai,AAAP,,,,,False,32,2018,AE
1262076,Devi Singh / Makhun Singh,IND,14765,1337,0.794235407335242,11,32,56,MP,Devi Singh / Makhun Singh,IND,,,,,False,32,2018,AE
1262077,Keshav Prasad,IND,14765,1042,0.618992740795304,12,32,56,MP,Keshav Prasad,IND,,,,,False,32,2018,AE
1262078,Seetaram Singh Kulaste,BMUP,14773,481,0.285734652900711,13,32,56,MP,Seetaram Singh Kulaste,BMUP,,,,,False,32,2018,AE
1262079,Veerandra Dubey,SDP(MP),14930,328,0.19,14,32,56,MP,Veerandra Dubey,SDP(MP),,,,,False,32,2018,AE
1262176,Purusottam / Ramkali Tantuway Hatta,BJP,14761,76607,48.406093808251,1,32,57,MP,Purusottam / Ramkali Tantuway Hatta,BJP,,,,,False,32,2018,AE
1262177,Harishankar Choudhri,INC,14760,56702,35.8286100632507,2,32,57,MP,Harishankar Choudhri,INC,,,,,False,32,2018,AE
1262178,Pradeep Khatik,IND,14765,10011,6.32570659488559,3,32,57,MP,Pradeep Khatik,IND,,,,,False,32,2018,AE
1262179,Omvati Athya,BSCP,14867,4192,2.64882249982623,4,32,57,MP,Omvati Athya,BSCP,,,,,False,32,2018,AE
1262180,Roshni Ahirwar (Chandrakar),BSP,14762,4047,2.557200538358,5,32,57,MP,Roshni Ahirwar (Chandrakar),BSP,,,,,False,32,2018,AE
1262181,Nota,NOTA,14771,3327,2.10225010899854,6,32,57,MP,Nota,NOTA,,,,,False,32,2018,AE
1262182,Amol Choudhry,BLSP,14819,2109,1.33,7,32,57,MP,Amol Choudhry,BLSP,,,,,False,32,2018,AE
1262183,Munnalal Kori,PSPU,14880,1264,0.8,8,32,57,MP,Munnalal Kori,PSPU,,,,,False,32,2018,AE
1262275,Prahlad Lodhi,BJP,14761,79647,39.8322630978815,1,32,58,MP,Prahlad Lodhi,BJP,,,,,False,32,2018,AE
1262276,Pandit Mukesh Nayak,INC,14760,55967,27.9896577246994,2,32,58,MP,Pandit Mukesh Nayak,INC,,,,,False,32,2018,AE
1262277,Bhuwan Vikram Singh (Keshu Bhaiya Raja),SP,14763,22384,11.1944627818119,3,32,58,MP,Bhuwan Vikram Singh (Keshu Bhaiya Raja),SP,,,,,False,32,2018,AE
1262278,Sita Ram Patel Advocate,BSP,14762,14381,7.19208225809678,4,32,58,MP,Sita Ram Patel Advocate,BSP,,,,,False,32,2018,AE
1262279,Mahipal Singh,GGP,14879,9913,4.95759066994738,5,32,58,MP,Mahipal Singh,GGP,,,,,False,32,2018,AE
1262280,Anil Tiwari,AAAP,14772,3846,1.92,6,32,58,MP,Anil Tiwari,AAAP,,,,,False,32,2018,AE
1262281,Nota,NOTA,14771,3789,1.89491688171397,7,32,58,MP,Nota,NOTA,,,,,False,32,2018,AE
1262282,Mansukh Lal,IND,14765,2275,1.13775030506711,8,32,58,MP,Mansukh Lal,IND,,,,,False,32,2018,AE
1262283,P. Mukesh,IND,14765,1863,0.93170497509452,9,32,58,MP,P. Mukesh,IND,,,,,False,32,2018,AE
1262284,Prakash Lodhi,IND,14765,1516,0.758166796695272,10,32,58,MP,Prakash Lodhi,IND,,,,,False,32,2018,AE
1262285,Raju Prasad Lodhi,BSCP,14867,1243,0.621636760087219,11,32,58,MP,Raju Prasad Lodhi,BSCP,,,,,False,32,2018,AE
1262286,Kamlesh Kumar Gupta,IND,14765,1054,0.527115965512412,12,32,58,MP,Kamlesh Kumar Gupta,IND,,,,,False,32,2018,AE
1262287,Balman Kushwaha,BLSP,14819,805,0.4,13,32,58,MP,Balman Kushwaha,BLSP,,,,,False,32,2018,AE
1262288,Kuldeep Tiwari,SHS,14784,792,0.396087139170617,14,32,58,MP,Kuldeep Tiwari,SHS,,,,,False,32,2018,AE
1262289,Gangaram Kushwaha,JANADIP,14777,481,0.240552921642761,15,32,58,MP,Gangaram Kushwaha,JANADIP,,,,,False,32,2018,AE
1262403,Shivdayal Bagri,INC,14760,57658,37.5477829368516,1,32,59,MP,Shivdayal Bagri,INC,,,,,False,32,2018,AE
1262404,Rajesh Kumar Verma,BJP,14761,55674,36.255771397313,2,32,59,MP,Rajesh Kumar Verma,BJP,,,,,False,32,2018,AE
1262405,Jeevanlal Siddharth,BSP,14762,32793,21.355309685528,3,32,59,MP,Jeevanlal Siddharth,BSP,,,,,False,32,2018,AE
1262406,Nota,NOTA,14771,3734,2.43163865354684,4,32,59,MP,Nota,NOTA,,,,,False,32,2018,AE
1262407,Khilawan Prasad Urf Khillu,SPAKP,14807,3700,2.41,5,32,59,MP,Khilawan Prasad Urf Khillu,SPAKP,,,,,False,32,2018,AE
1262503,Brijendra Pratap Singh,BJP,14761,68359,40.2137785386113,1,32,60,MP,Brijendra Pratap Singh,BJP,,,,,False,32,2018,AE
1262504,Shivjeet Singh Bhaiya Raja,INC,14760,47651,28.0318138232473,2,32,60,MP,Shivjeet Singh Bhaiya Raja,INC,,,,,False,32,2018,AE
1262505,Anupama Charan Singh Yadav,BSP,14762,22818,13.4232215025678,3,32,60,MP,Anupama Charan Singh Yadav,BSP,,,,,False,32,2018,AE
1262506,Lodhi Mahendra Pal Verma,JANADIP,14777,10973,6.45512356681902,4,32,60,MP,Lodhi Mahendra Pal Verma,JANADIP,,,,,False,32,2018,AE
1262507,Pahalwan Dasrath Singh Yadav,SP,14763,3291,1.93600762402273,5,32,60,MP,Pahalwan Dasrath Singh Yadav,SP,,,,,False,32,2018,AE
1262508,Ram Bhagat Patel,IND,14765,3253,1.91365323638588,6,32,60,MP,Ram Bhagat Patel,IND,,,,,False,32,2018,AE
1262509,Shaligram Pandey,SPAKP,14807,1743,1.03,7,32,60,MP,Shaligram Pandey,SPAKP,,,,,False,32,2018,AE
1262510,Ram Bihari Goswami Patrkar,IND,14765,1734,1.02006600427086,8,32,60,MP,Ram Bihari Goswami Patrkar,IND,,,,,False,32,2018,AE
1262511,Udaya Aatmanand Ji,IND,14765,1590,0.935354640594391,9,32,60,MP,Udaya Aatmanand Ji,IND,,,,,False,32,2018,AE
1262512,Pramod Kumar Sen,IND,14765,1452,0.854172917071104,10,32,60,MP,Pramod Kumar Sen,IND,,,,,False,32,2018,AE
1262513,Advocate Pramod Kumar Singh,IND,14765,1049,0.617098753448752,11,32,60,MP,Advocate Pramod Kumar Singh,IND,,,,,False,32,2018,AE
1262514,Neelam W/O Kamlesh Kewat,RMGP,14889,933,0.548859043820482,12,32,60,MP,Neelam W/O Kamlesh Kewat,RMGP,,,,,False,32,2018,AE
1262515,Ikram,IND,14765,879,0.517092282441805,13,32,60,MP,Ikram,IND,,,,,False,32,2018,AE
1262516,Vishnu,IND,14765,728,0.428263005253281,14,32,60,MP,Vishnu,IND,,,,,False,32,2018,AE
1262517,Nota,NOTA,14771,680,0.40002588402779,15,32,60,MP,Nota,NOTA,,,,,False,32,2018,AE
1262518,Lokpal Singh,IND,14765,640,0.376494949673214,16,32,60,MP,Lokpal Singh,IND,,,,,False,32,2018,AE
1262519,Sadhu Singh,IND,14765,613,0.360611568983875,17,32,60,MP,Sadhu Singh,IND,,,,,False,32,2018,AE
1262520,Ankit Rai,IND,14765,576,0.338845454705892,18,32,60,MP,Ankit Rai,IND,,,,,False,32,2018,AE
1262521,Pushpendara Payasi,BBPSP,14923,520,0.305902146609486,19,32,60,MP,Pushpendara Payasi,BBPSP,,,,,False,32,2018,AE
1262522,Paramlal Ahirwar,AAAP,14772,507,0.3,20,32,60,MP,Paramlal Ahirwar,AAAP,,,,,False,32,2018,AE
1262642,Neelanshu Chaturvedi,INC,14760,58465,40.8997740421275,1,32,61,MP,Neelanshu Chaturvedi,INC,,,,,False,32,2018,AE
1262643,Surendra Singh Gaharwar,BJP,14761,48267,33.76566139898,2,32,61,MP,Surendra Singh Gaharwar,BJP,,,,,False,32,2018,AE
1262644,Ravendra Singh Patwari,BSP,14762,24010,16.7964350423583,3,32,61,MP,Ravendra Singh Patwari,BSP,,,,,False,32,2018,AE
1262645,Brijesh Pratap Singh,IND,14765,1791,1.25291191840332,4,32,61,MP,Brijesh Pratap Singh,IND,,,,,False,32,2018,AE
1262646,Abhay Lal Yadav,IND,14765,1339,0.936710808901201,5,32,61,MP,Abhay Lal Yadav,IND,,,,,False,32,2018,AE
1262647,Ajay Urf Golu Garg Baraundha,IND,14765,1098,0.76811685449852,6,32,61,MP,Ajay Urf Golu Garg Baraundha,IND,,,,,False,32,2018,AE
1262648,Awadh Bihari Mishra,IND,14765,1064,0.744331815288183,7,32,61,MP,Awadh Bihari Mishra,IND,,,,,False,32,2018,AE
1262649,Bhai Pushpraj Kushawaha,JANADIP,14777,887,0.620509699399077,8,32,61,MP,Bhai Pushpraj Kushawaha,JANADIP,,,,,False,32,2018,AE
1262650,Rajkumari Mishra (Moti Lal Mishra),IND,14765,881,0.61631233953843,9,32,61,MP,Rajkumari Mishra (Moti Lal Mishra),IND,,,,,False,32,2018,AE
1262651,Rajaram Singh Gond,AIFB,14767,832,0.582033900676474,10,32,61,MP,Rajaram Singh Gond,AIFB,,,,,False,32,2018,AE
1262652,Vidhya Shankar,SPAKP,14807,511,0.36,11,32,61,MP,Vidhya Shankar,SPAKP,,,,,False,32,2018,AE
1262653,Nota,NOTA,14771,449,0.314102429571799,12,32,61,MP,Nota,NOTA,,,,,False,32,2018,AE
1262654,Ramdeen Satnami,IND,14765,443,0.309905069711151,13,32,61,MP,Ramdeen Satnami,IND,,,,,False,32,2018,AE
1262655,Vishwanath Gupta,SSKP,14827,432,0.30220990996663,14,32,61,MP,Vishwanath Gupta,SSKP,,,,,False,32,2018,AE
1262656,Rama Bhaiya,RMGP,14889,388,0.271429270988548,15,32,61,MP,Rama Bhaiya,RMGP,,,,,False,32,2018,AE
1262657,Ramchandra,IND,14765,385,0.269330591058224,16,32,61,MP,Ramchandra,IND,,,,,False,32,2018,AE
1262658,Rajvant Singh (Raju),AAAP,14772,374,0.26,17,32,61,MP,Rajvant Singh (Raju),AAAP,,,,,False,32,2018,AE
1262659,Shripal Pal,IND,14765,367,0.256738511476281,18,32,61,MP,Shripal Pal,IND,,,,,False,32,2018,AE
1262660,Bipin Kumar Pandey,BHJMP,14929,365,0.26,19,32,61,MP,Bipin Kumar Pandey,BHJMP,,,,,False,32,2018,AE
1262661,Raj Bahadur,PPID,14830,325,0.227356992451747,20,32,61,MP,Raj Bahadur,PPID,,,,,False,32,2018,AE
1262662,Manoraj Dwivedi,JAC,14940,274,0.19,21,32,61,MP,Manoraj Dwivedi,JAC,,,,,False,32,2018,AE
1262800,Jugul Kishor Bagri,BJP,14761,65910,45.1259088855112,1,32,62,MP,Jugul Kishor Bagri,BJP,,,,,False,32,2018,AE
1262801,Kalpana Verma,INC,14760,48489,33.1984554081255,2,32,62,MP,Kalpana Verma,INC,,,,,False,32,2018,AE
1262802,Usha Chaudhary,BSP,14762,16677,11.4180667953826,3,32,62,MP,Usha Chaudhary,BSP,,,,,False,32,2018,AE
1262803,Devraj Ahirwar,IND,14765,2319,1.58772542414657,4,32,62,MP,Devraj Ahirwar,IND,,,,,False,32,2018,AE
1262804,Dr. Rajendra Kumar,IND,14765,1687,1.15502060825151,5,32,62,MP,Dr. Rajendra Kumar,IND,,,,,False,32,2018,AE
1262805,Upendra Kumar Dahayat,AAAP,14772,1578,1.08,6,32,62,MP,Upendra Kumar Dahayat,AAAP,,,,,False,32,2018,AE
1262806,Savitri Arjun Singh,IND,14765,1503,1.02904325678839,7,32,62,MP,Savitri Arjun Singh,IND,,,,,False,32,2018,AE
1262807,Dharbendra Ram Naresh Chaudhary,IND,14765,1416,0.969477878650946,8,32,62,MP,Dharbendra Ram Naresh Chaudhary,IND,,,,,False,32,2018,AE
1262808,Bimala Bagri -Dhirendra Singh Dhiru,SPAKP,14807,1181,0.81,9,32,62,MP,Bimala Bagri -Dhirendra Singh Dhiru,SPAKP,,,,,False,32,2018,AE
1262809,Advocate Raj Bahadur Bagri,IND,14765,1163,0.79625902038916,10,32,62,MP,Advocate Raj Bahadur Bagri,IND,,,,,False,32,2018,AE
1262810,Nota,NOTA,14771,1084,0.742170918402278,11,32,62,MP,Nota,NOTA,,,,,False,32,2018,AE
1262811,Avinash Kumar (Jeetu),IND,14765,657,0.449821303865587,12,32,62,MP,Avinash Kumar (Jeetu),IND,,,,,False,32,2018,AE
1262812,Gyanendra Arya (Sunil),RPB,14857,502,0.34,13,32,62,MP,Gyanendra Arya (Sunil),RPB,,,,,False,32,2018,AE
1262813,Bachcha Kanjar,JANADIP,14777,481,0.32932122855304,14,32,62,MP,Bachcha Kanjar,JANADIP,,,,,False,32,2018,AE
1262814,Santosh Kumar Prajapati,PPID,14830,427,0.29234961453669,15,32,62,MP,Santosh Kumar Prajapati,PPID,,,,,False,32,2018,AE
1262815,Ram Vishwas Prajapati,GGP,14879,348,0.238261512549808,16,32,62,MP,Ram Vishwas Prajapati,GGP,,,,,False,32,2018,AE
1262816,Ram Charit Varma,BASD,14808,334,0.22867627928631,17,32,62,MP,Ram Charit Varma,BASD,,,,,False,32,2018,AE
1262817,Rajendra Prasad Varma,ADAL,14916,302,0.206767174684029,18,32,62,MP,Rajendra Prasad Varma,ADAL,,,,,False,32,2018,AE
1262941,Dabbu Siddharth Sukhlal Kushwaha,INC,14760,60105,37.2427766796582,1,32,63,MP,Dabbu Siddharth Sukhlal Kushwaha,INC,,,,,False,32,2018,AE
1262942,Shankarlal Tiwari,BJP,14761,47547,29.4614807884154,2,32,63,MP,Shankarlal Tiwari,BJP,,,,,False,32,2018,AE
1262943,Pushkar Singh Tomar,BSP,14762,35064,21.7266570417691,3,32,63,MP,Pushkar Singh Tomar,BSP,,,,,False,32,2018,AE
1262944,Ramoram Gupta,SPAKP,14807,7984,4.95,4,32,63,MP,Ramoram Gupta,SPAKP,,,,,False,32,2018,AE
1262945,Phouji Sandeep Baba,RPB,14857,1109,0.69,5,32,63,MP,Phouji Sandeep Baba,RPB,,,,,False,32,2018,AE
1262946,Nota,NOTA,14771,973,0.602898622565634,6,32,63,MP,Nota,NOTA,,,,,False,32,2018,AE
1262947,Vijay Vishwakarma Ex.Army,IND,14765,928,0.575015335807716,7,32,63,MP,Vijay Vishwakarma Ex.Army,IND,,,,,False,32,2018,AE
1262948,Nishant Shrivastava,AAAP,14772,864,0.54,8,32,63,MP,Nishant Shrivastava,AAAP,,,,,False,32,2018,AE
1262949,Shashank Singh,AKSJP,14951,759,0.47,9,32,63,MP,Shashank Singh,AKSJP,,,,,False,32,2018,AE
1262950,Anil Kewat,AVVP,14952,678,0.42,10,32,63,MP,Anil Kewat,AVVP,,,,,False,32,2018,AE
1262951,Sudeep Shukla (Pinku) (Deaf),ADAL,14916,613,0.379832328502295,11,32,63,MP,Sudeep Shukla (Pinku) (Deaf),ADAL,,,,,False,32,2018,AE
1262952,Nandlal Sahu,ABHM,14842,506,0.313532068877914,12,32,63,MP,Nandlal Sahu,ABHM,,,,,False,32,2018,AE
1262953,Akbar Mastan Khan,IND,14765,460,0.285029153525376,13,32,63,MP,Akbar Mastan Khan,IND,,,,,False,32,2018,AE
1262954,Rakesh Garg (Khutha),SHS,14784,396,0.245372923469672,14,32,63,MP,Rakesh Garg (Khutha),SHS,,,,,False,32,2018,AE
1262955,Krishan Kumar Dwivedi (Lallu Badghiya),IND,14765,322,0.199520407467763,15,32,63,MP,Krishan Kumar Dwivedi (Lallu Badghiya),IND,,,,,False,32,2018,AE
1262956,Shyama Ahirwar (Shyamlal Saket),IND,14765,308,0.190845607143078,16,32,63,MP,Shyama Ahirwar (Shyamlal Saket),IND,,,,,False,32,2018,AE
1262957,Shobhit Kumar Pandey,IND,14765,275,0.170397863520605,17,32,63,MP,Shobhit Kumar Pandey,IND,,,,,False,32,2018,AE
1262958,Jitendra Kumar Roy,JAC,14940,273,0.17,18,32,63,MP,Jitendra Kumar Roy,JAC,,,,,False,32,2018,AE
1262959,Jitendra Singh (Jittu),IND,14765,259,0.160483806006679,19,32,63,MP,Jitendra Singh (Jittu),IND,,,,,False,32,2018,AE
1262960,Rashmi,IND,14765,237,0.146851976925031,20,32,63,MP,Rashmi,IND,,,,,False,32,2018,AE
1262961,Jagjeevanram (J.J.Kalakar),BASD,14808,221,0.136937919411104,21,32,63,MP,Jagjeevanram (J.J.Kalakar),BASD,,,,,False,32,2018,AE
1262962,Engineer Akash Jaiswal,PPID,14830,220,0.136318290816484,22,32,63,MP,Engineer Akash Jaiswal,PPID,,,,,False,32,2018,AE
1262963,Lal Pramod Singh,SDP(MP),14930,215,0.13,23,32,63,MP,Lal Pramod Singh,SDP(MP),,,,,False,32,2018,AE
1262964,Nirmala Tiwari,BSCP,14867,179,0.110913518437048,24,32,63,MP,Nirmala Tiwari,BSCP,,,,,False,32,2018,AE
1262965,Rajendra Kumar Verma,IND,14765,162,0.100379832328502,25,32,63,MP,Rajendra Kumar Verma,IND,,,,,False,32,2018,AE
1262966,ShivvaranG Bagha,IND,14765,148,0.0917050320038169,26,32,63,MP,ShivvaranG Bagha,IND,,,,,False,32,2018,AE
1262967,Ramsajjan Mallah,IND,14765,137,0.0848891174629926,27,32,63,MP,Ramsajjan Mallah,IND,,,,,False,32,2018,AE
1262968,Vinod Gupta,IND,14765,128,0.0793124601114092,28,32,63,MP,Vinod Gupta,IND,,,,,False,32,2018,AE
1262969,Tribhuwan Prasad Pandey,IND,14765,126,0.0780732029221684,29,32,63,MP,Tribhuwan Prasad Pandey,IND,,,,,False,32,2018,AE
1262970,Rabia Khan,IND,14765,125,0.077453574327548,30,32,63,MP,Rabia Khan,IND,,,,,False,32,2018,AE
1262971,Naushad Hussain (Munna Babu),IND,14765,66,0.0408954872449453,31,32,63,MP,Naushad Hussain (Munna Babu),IND,,,,,False,32,2018,AE
1263126,Nagendra Singh,BJP,14761,54637,32.5231853518578,1,32,64,MP,Nagendra Singh,BJP,,,,,False,32,2018,AE
1263127,Yadvendra Singh,INC,14760,53403,31.7886353084038,2,32,64,MP,Yadvendra Singh,INC,,,,,False,32,2018,AE
1263128,Dr. Rashmi Singh Arunendra Singh,IND,14765,25700,15.2981654106694,3,32,64,MP,Dr. Rashmi Singh Arunendra Singh,IND,,,,,False,32,2018,AE
1263129,Adv. Rambihari,BSP,14762,22428,13.3504768027429,4,32,64,MP,Adv. Rambihari,BSP,,,,,False,32,2018,AE
1263130,Nota,NOTA,14771,2301,1.36969177470623,5,32,64,MP,Nota,NOTA,,,,,False,32,2018,AE
1263131,Ramsajeevan Kol,GGP,14879,1934,1.15123159160446,6,32,64,MP,Ramsajeevan Kol,GGP,,,,,False,32,2018,AE
1263132,Premlal,IND,14765,1242,0.739312118289938,7,32,64,MP,Premlal,IND,,,,,False,32,2018,AE
1263133,Vivek Singh Lodhi,AAAP,14772,1172,0.7,8,32,64,MP,Vivek Singh Lodhi,AAAP,,,,,False,32,2018,AE
1263134,Avadhraj Singh,IND,14765,972,0.578592092574734,9,32,64,MP,Avadhraj Singh,IND,,,,,False,32,2018,AE
1263135,Prasanna Pratap Singh,IND,14765,943,0.561329571294212,10,32,64,MP,Prasanna Pratap Singh,IND,,,,,False,32,2018,AE
1263136,Birendra Bhai Patel,SP,14763,912,0.542876531304689,11,32,64,MP,Birendra Bhai Patel,SP,,,,,False,32,2018,AE
1263137,Suneel Kumar Sonu Bhaiya,SPAKP,14807,810,0.48,12,32,64,MP,Suneel Kumar Sonu Bhaiya,SPAKP,,,,,False,32,2018,AE
1263138,Gajendra Singh Lodhi,PSPU,14880,487,0.29,13,32,64,MP,Gajendra Singh Lodhi,PSPU,,,,,False,32,2018,AE
1263139,Sant Kumar Gupta (Pappu Bhaiya),BSCP,14867,424,0.25238996630832,14,32,64,MP,Sant Kumar Gupta (Pappu Bhaiya),BSCP,,,,,False,32,2018,AE
1263140,Rajendra Jaiswal,PPID,14830,357,0.212507589556769,15,32,64,MP,Rajendra Jaiswal,PPID,,,,,False,32,2018,AE
1263141,Phoolan Devi Bagari,AKBHAD,14920,272,0.16,16,32,64,MP,Phoolan Devi Bagari,AKBHAD,,,,,False,32,2018,AE
1263272,Narayan Tripathi,BJP,14761,54877,30.1657889818489,1,32,65,MP,Narayan Tripathi,BJP,,,,,False,32,2018,AE
1263273,Shrikant Chaturvedi,INC,14760,51893,28.525489506261,2,32,65,MP,Shrikant Chaturvedi,INC,,,,,False,32,2018,AE
1263274,Manish Patel,GGP,14879,33397,18.3582713090513,3,32,65,MP,Manish Patel,GGP,,,,,False,32,2018,AE
1263275,Nagendra Singh (Lallu Patel),BSP,14762,18418,10.1243417363867,4,32,65,MP,Nagendra Singh (Lallu Patel),BSP,,,,,False,32,2018,AE
1263276,Ramniwas Urmaliya,SP,14763,11202,6.15771941204278,5,32,65,MP,Ramniwas Urmaliya,SP,,,,,False,32,2018,AE
1263277,Nota,NOTA,14771,2166,1.19064633516199,6,32,65,MP,Nota,NOTA,,,,,False,32,2018,AE
1263278,Er. Pushpendra Singh,AAAP,14772,1795,0.99,7,32,65,MP,Er. Pushpendra Singh,AAAP,,,,,False,32,2018,AE
1263279,Noor Mohammad Urf Kallu Bhai,IND,14765,1580,0.868523180773755,8,32,65,MP,Noor Mohammad Urf Kallu Bhai,IND,,,,,False,32,2018,AE
1263280,Shivam Pandey Urf Shibbu,SAMSAMPA,14818,1424,0.782770259127738,9,32,65,MP,Shivam Pandey Urf Shibbu,SAMSAMPA,,,,,False,32,2018,AE
1263281,Ramnivas Kushwaha,BSCP,14867,1335,0.733847117932255,10,32,65,MP,Ramnivas Kushwaha,BSCP,,,,,False,32,2018,AE
1263282,Kamta Prasad Lodhi,PSPU,14880,971,0.53,11,32,65,MP,Kamta Prasad Lodhi,PSPU,,,,,False,32,2018,AE
1263283,Vipin Kumar Pandey,MPJVP,14903,906,0.49802658340571,12,32,65,MP,Vipin Kumar Pandey,MPJVP,,,,,False,32,2018,AE
1263284,Rajesh Kumar Gautam,SHS,14784,755,0.415022152838091,13,32,65,MP,Rajesh Kumar Gautam,SHS,,,,,False,32,2018,AE
1263285,Vijay Kumar Bhatt,SPAKP,14807,613,0.34,14,32,65,MP,Vijay Kumar Bhatt,SPAKP,,,,,False,32,2018,AE
1263286,Gorelal Kol,AIFB,14767,586,0.32212315438824,15,32,65,MP,Gorelal Kol,AIFB,,,,,False,32,2018,AE
1263432,Ramkhelawan Patel,BJP,14761,59836,35.7755270427015,1,32,66,MP,Ramkhelawan Patel,BJP,,,,,False,32,2018,AE
1263433,Dr. Rajendra Kumar Singh Dada Bhai,INC,14760,56089,33.5352218781015,2,32,66,MP,Dr. Rajendra Kumar Singh Dada Bhai,INC,,,,,False,32,2018,AE
1263434,Chhangelal Kol,BSP,14762,37918,22.6709077211905,3,32,66,MP,Chhangelal Kol,BSP,,,,,False,32,2018,AE
1263435,Nota,NOTA,14771,2380,1.42298539945232,4,32,66,MP,Nota,NOTA,,,,,False,32,2018,AE
1263436,Om Prakash Gautam,IND,14765,1908,1.14077989166178,5,32,66,MP,Om Prakash Gautam,IND,,,,,False,32,2018,AE
1263437,Rajiv Lochan Tiwari,IND,14765,1625,0.971576165592452,6,32,66,MP,Rajiv Lochan Tiwari,IND,,,,,False,32,2018,AE
1263438,Amit Kumar Tiwari,SP,14763,1495,0.893850072345056,7,32,66,MP,Amit Kumar Tiwari,SP,,,,,False,32,2018,AE
1263439,Com. Rajdhani Singh,CPI,14859,1427,0.853193346646418,8,32,66,MP,Com. Rajdhani Singh,CPI,,,,,False,32,2018,AE
1263440,Jitendra Chaurasiya,AAAP,14772,899,0.54,9,32,66,MP,Jitendra Chaurasiya,AAAP,,,,,False,32,2018,AE
1263441,Mo. Habeb,ADAL,14916,794,0.474727061834096,10,32,66,MP,Mo. Habeb,ADAL,,,,,False,32,2018,AE
1263442,Dr. Santosh Kumar Gupta,GGP,14879,750,0.448419768734977,11,32,66,MP,Dr. Santosh Kumar Gupta,GGP,,,,,False,32,2018,AE
1263443,Er. Virendra Kumar Patel,IND,14765,612,0.365910531287741,12,32,66,MP,Er. Virendra Kumar Patel,IND,,,,,False,32,2018,AE
1263444,Shivkumar Tripathi,BHJMP,14929,487,0.29,13,32,66,MP,Shivkumar Tripathi,BHJMP,,,,,False,32,2018,AE
1263445,Yogi Pradeep Tiwari Ad.,SPAKP,14807,397,0.24,14,32,66,MP,Yogi Pradeep Tiwari Ad.,SPAKP,,,,,False,32,2018,AE
1263446,Dinesh Kewat (Manjhi),RMGP,14889,376,0.224807777392468,15,32,66,MP,Dinesh Kewat (Manjhi),RMGP,,,,,False,32,2018,AE
1263447,Dadhibal Prasad Patel,AKBHAD,14920,261,0.16,16,32,66,MP,Dadhibal Prasad Patel,AKBHAD,,,,,False,32,2018,AE
1263578,Vikram Singh(Vikki),BJP,14761,68816,38.4558642734202,1,32,67,MP,Vikram Singh(Vikki),BJP,,,,,False,32,2018,AE
1263579,Ramlakhan Singh Patel M,BSP,14762,53129,29.6896305071864,2,32,67,MP,Ramlakhan Singh Patel M,BSP,,,,,False,32,2018,AE
1263580,Ramshankar Payasi,INC,14760,42501,23.7504749983235,3,32,67,MP,Ramshankar Payasi,INC,,,,,False,32,2018,AE
1263581,K.K. Shukla,CPM,14764,1948,1.08858439323155,4,32,67,MP,K.K. Shukla,CPM,,,,,False,32,2018,AE
1263582,Ashok Bauddh,IND,14765,1736,0.970114223126271,5,32,67,MP,Ashok Bauddh,IND,,,,,False,32,2018,AE
1263583,Lavkesh Singh,BSCP,14867,1419,0.792967789525448,6,32,67,MP,Lavkesh Singh,BSCP,,,,,False,32,2018,AE
1263584,Ambika Kol Bharti,IND,14765,993,0.554909806200683,7,32,67,MP,Ambika Kol Bharti,IND,,,,,False,32,2018,AE
1263585,Ramkushal Kewat,RMGP,14889,979,0.547086304401278,8,32,67,MP,Ramkushal Kewat,RMGP,,,,,False,32,2018,AE
1263586,Krishna Kumar Singh,SPAKP,14807,866,0.48,9,32,67,MP,Krishna Kumar Singh,SPAKP,,,,,False,32,2018,AE
1263587,Ramkrishn Kol,IND,14765,802,0.44817488879451,10,32,67,MP,Ramkrishn Kol,IND,,,,,False,32,2018,AE
1263588,Urmila Kol,IND,14765,762,0.425822026510494,11,32,67,MP,Urmila Kol,IND,,,,,False,32,2018,AE
1263589,Prashant Pandey,AAAP,14772,702,0.39,12,32,67,MP,Prashant Pandey,AAAP,,,,,False,32,2018,AE
1263590,Nota,NOTA,14771,590,0.329704718689228,13,32,67,MP,Nota,NOTA,,,,,False,32,2018,AE
1263591,Pankaj Singh,RSYSP,14836,582,0.325234146232425,14,32,67,MP,Pankaj Singh,RSYSP,,,,,False,32,2018,AE
1263592,Brajendra Prasad Pandey,IND,14765,450,0.251469700695174,15,32,67,MP,Brajendra Prasad Pandey,IND,,,,,False,32,2018,AE
1263593,Rajesh Pandey,SHS,14784,409,0.228558016854058,16,32,67,MP,Rajesh Pandey,SHS,,,,,False,32,2018,AE
1263594,Girja Singh Patel,BASD,14808,378,0.211234548583946,17,32,67,MP,Girja Singh Patel,BASD,,,,,False,32,2018,AE
1263595,Engineer R.N. Singh Kushwaha,IND,14765,360,0.201175760556139,18,32,67,MP,Engineer R.N. Singh Kushwaha,IND,,,,,False,32,2018,AE
1263596,Amit Singh Tiwari (Advocate),AIFB,14767,335,0.187205221628629,19,32,67,MP,Amit Singh Tiwari (Advocate),AIFB,,,,,False,32,2018,AE
1263597,Geeta Ramsingh Nahar (Kushwaha),JANADIP,14777,306,0.170999396472718,20,32,67,MP,Geeta Ramsingh Nahar (Kushwaha),JANADIP,,,,,False,32,2018,AE
1263598,Gorelal,LPSP,14957,300,0.167646467130116,21,32,67,MP,Gorelal,LPSP,,,,,False,32,2018,AE
1263599,Shyamlal Prajapati,IND,14765,208,0.11623488387688,22,32,67,MP,Shyamlal Prajapati,IND,,,,,False,32,2018,AE
1263600,Suneel Mishra,IND,14765,191,0.106734917406173,23,32,67,MP,Suneel Mishra,IND,,,,,False,32,2018,AE
1263601,Ram Prasad Yadav,IND,14765,186,0.103940809620671,24,32,67,MP,Ram Prasad Yadav,IND,,,,,False,32,2018,AE
1263728,Divyaraj Singh,BJP,14761,49443,38.9523524406768,1,32,68,MP,Divyaraj Singh,BJP,,,,,False,32,2018,AE
1263729,Dr. Aruna Vivek Tiwari,INC,14760,36042,28.3947310370907,2,32,68,MP,Dr. Aruna Vivek Tiwari,INC,,,,,False,32,2018,AE
1263730,Ramgarib Banvasi,BSP,14762,18466,14.5479469322156,3,32,68,MP,Ramgarib Banvasi,BSP,,,,,False,32,2018,AE
1263731,Pradeep Singh Patna,SP,14763,11144,8.77950398638641,4,32,68,MP,Pradeep Singh Patna,SP,,,,,False,32,2018,AE
1263732,Satish Shukla,SPAKP,14807,1564,1.23,5,32,68,MP,Satish Shukla,SPAKP,,,,,False,32,2018,AE
1263733,Lal Mani Kushwaha,BLSP,14819,1092,0.86,6,32,68,MP,Lal Mani Kushwaha,BLSP,,,,,False,32,2018,AE
1263734,Laxmi Kant Mishra,RSYSP,14836,1049,0.826426748180127,7,32,68,MP,Laxmi Kant Mishra,RSYSP,,,,,False,32,2018,AE
1263735,Vidyapal Gautam,IND,14765,1039,0.818548514165064,8,32,68,MP,Vidyapal Gautam,IND,,,,,False,32,2018,AE
1263736,Rajkumar Urmaliya,JD(S),14944,900,0.709041061355686,9,32,68,MP,Rajkumar Urmaliya,JD(S),,,,,False,32,2018,AE
1263737,Com. Gaya Prasad Mishra,CPI,14859,765,0.602684902152333,10,32,68,MP,Com. Gaya Prasad Mishra,CPI,,,,,False,32,2018,AE
1263738,Dileep Singh,PPID,14830,725,0.57117196609208,11,32,68,MP,Dileep Singh,PPID,,,,,False,32,2018,AE
1263739,Pramod Payasi,AAAP,14772,707,0.56,12,32,68,MP,Pramod Payasi,AAAP,,,,,False,32,2018,AE
1263740,Nota,NOTA,14771,651,0.512873034380613,13,32,68,MP,Nota,NOTA,,,,,False,32,2018,AE
1263741,Alind Dwivedi Tanu,AKSJP,14951,647,0.51,14,32,68,MP,Alind Dwivedi Tanu,AKSJP,,,,,False,32,2018,AE
1263742,Subhranshu Dwivedi - Padari,PUPP,14800,604,0.475845334509816,15,32,68,MP,Subhranshu Dwivedi - Padari,PUPP,,,,,False,32,2018,AE
1263743,Jokhulal Kol,CPM,14764,410,0.32300759461759,16,32,68,MP,Jokhulal Kol,CPM,,,,,False,32,2018,AE
1263744,Rajesh Tiwari,IND,14765,409,0.322219771216084,17,32,68,MP,Rajesh Tiwari,IND,,,,,False,32,2018,AE
1263745,Vishnu Chaturvedi,BSCP,14867,405,0.319068477610058,18,32,68,MP,Vishnu Chaturvedi,BSCP,,,,,False,32,2018,AE
1263746,Vinay Kumar Tiwari,SHS,14784,365,0.287555541549806,19,32,68,MP,Vinay Kumar Tiwari,SHS,,,,,False,32,2018,AE
1263747,Urmila Gautam,ABHKP,14935,364,0.286767718148299,20,32,68,MP,Urmila Gautam,ABHKP,,,,,False,32,2018,AE
1263748,Gautam Omkar Nath,IND,14765,141,0.11108309961239,21,32,68,MP,Gautam Omkar Nath,IND,,,,,False,32,2018,AE
1263886,K.P. Tripathi,BJP,14761,47889,35.1004881481155,1,32,69,MP,K.P. Tripathi,BJP,,,,,False,32,2018,AE
1263887,Triyugi Narayan Shukla (Bhagat),INC,14760,40113,29.4010290690003,2,32,69,MP,Triyugi Narayan Shukla (Bhagat),INC,,,,,False,32,2018,AE
1263888,Pankaj Singh,BSP,14762,38477,28.2019144787956,3,32,69,MP,Pankaj Singh,BSP,,,,,False,32,2018,AE
1263889,Ramrati Kewat,RSAD,14943,1485,1.08843836580324,4,32,69,MP,Ramrati Kewat,RSAD,,,,,False,32,2018,AE
1263890,Rajkumar Tiwari,SPAKP,14807,882,0.65,5,32,69,MP,Rajkumar Tiwari,SPAKP,,,,,False,32,2018,AE
1263891,Tirath Prasad Kol,IND,14765,806,0.590761833560549,6,32,69,MP,Tirath Prasad Kol,IND,,,,,False,32,2018,AE
1263892,Ramkishan Nirat,RPI(A),14785,758,0.555579987393171,7,32,69,MP,Ramkishan Nirat,RPI(A),,,,,False,32,2018,AE
1263893,Pramod Sharma,AAAP,14772,745,0.55,8,32,69,MP,Pramod Sharma,AAAP,,,,,False,32,2018,AE
1263894,Saukhilal Tiwari Babaiya,CPM,14764,711,0.521131096354281,9,32,69,MP,Saukhilal Tiwari Babaiya,CPM,,,,,False,32,2018,AE
1263895,Rakesh Yadav,AASAMP,14966,509,0.37,10,32,69,MP,Rakesh Yadav,AASAMP,,,,,False,32,2018,AE
1263896,Basant Lal Kol,BMUP,14773,489,0.358415057830159,11,32,69,MP,Basant Lal Kol,BMUP,,,,,False,32,2018,AE
1263897,Nota,NOTA,14771,452,0.331295718076139,12,32,69,MP,Nota,NOTA,,,,,False,32,2018,AE
1263898,Ramkalesh Saket,IND,14765,422,0.309307064221528,13,32,69,MP,Ramkalesh Saket,IND,,,,,False,32,2018,AE
1263899,Rajendra Singh,IND,14765,366,0.268261577026254,14,32,69,MP,Rajendra Singh,IND,,,,,False,32,2018,AE
1263900,Arun Pratap Singh,ADAL,14916,347,0.254335429585,15,32,69,MP,Arun Pratap Singh,ADAL,,,,,False,32,2018,AE
1263901,Ghanshyam Prasad Mishra,BSCP,14867,343,0.251403609071052,16,32,69,MP,Ghanshyam Prasad Mishra,BSCP,,,,,False,32,2018,AE
1263902,Babulal Sen,JAC,14940,327,0.24,17,32,69,MP,Babulal Sen,JAC,,,,,False,32,2018,AE
1263903,Ramsajivan Tiwari,IND,14765,276,0.202295615462421,18,32,69,MP,Ramsajivan Tiwari,IND,,,,,False,32,2018,AE
1263904,Rajneesh Prajapati,PPID,14830,272,0.199363794948473,19,32,69,MP,Rajneesh Prajapati,PPID,,,,,False,32,2018,AE
1263905,Vivek Singh (Neelu Bhaiya),IND,14765,258,0.189102423149654,20,32,69,MP,Vivek Singh (Neelu Bhaiya),IND,,,,,False,32,2018,AE
1263906,Yashwant Chudhri,JANADIP,14777,193,0.141460339797997,21,32,69,MP,Yashwant Chudhri,JANADIP,,,,,False,32,2018,AE
1263907,Gopal Prasad Satnami,SDP(MP),14930,162,0.12,22,32,69,MP,Gopal Prasad Satnami,SDP(MP),,,,,False,32,2018,AE
1263908,Ramlotan Chaudhari,IND,14765,152,0.111409179530029,23,32,69,MP,Ramlotan Chaudhari,IND,,,,,False,32,2018,AE
1264048,Shyam Lal Dwivedi,BJP,14761,52729,40.6257704635108,1,32,70,MP,Shyam Lal Dwivedi,BJP,,,,,False,32,2018,AE
1264049,Ramashankar Singh,INC,14760,47386,36.5091839250493,2,32,70,MP,Ramashankar Singh,INC,,,,,False,32,2018,AE
1264050,Geeta Rajmani Majhi,BSP,14762,17396,13.402983234714,3,32,70,MP,Geeta Rajmani Majhi,BSP,,,,,False,32,2018,AE
1264051,Ramashray Harijan,IND,14765,1450,1.11717209072978,4,32,70,MP,Ramashray Harijan,IND,,,,,False,32,2018,AE
1264052,Ranjan Tripathi,IND,14765,1308,1.00776627218934,5,32,70,MP,Ranjan Tripathi,IND,,,,,False,32,2018,AE
1264053,Dharmendra Kumar Gautam (Dadu),SPAKP,14807,1295,0.997750246548323,6,32,70,MP,Dharmendra Kumar Gautam (Dadu),SPAKP,,,,,False,32,2018,AE
1264054,Roshanlal Manjhi,IND,14765,1071,0.825166420118343,7,32,70,MP,Roshanlal Manjhi,IND,,,,,False,32,2018,AE
1264055,Indranath Tiwari,IND,14765,935,0.720383382642998,8,32,70,MP,Indranath Tiwari,IND,,,,,False,32,2018,AE
1264056,Ramasajeevan,IND,14765,883,0.680319280078895,9,32,70,MP,Ramasajeevan,IND,,,,,False,32,2018,AE
1264057,Radheshyam,BMUP,14773,746,0.574765779092702,10,32,70,MP,Radheshyam,BMUP,,,,,False,32,2018,AE
1264058,Sukhadeo Verma Madaro,IND,14765,633,0.487703402366863,11,32,70,MP,Sukhadeo Verma Madaro,IND,,,,,False,32,2018,AE
1264059,Shivcharan Kushwaha (Mathur),JANADIP,14777,557,0.429148175542406,12,32,70,MP,Shivcharan Kushwaha (Mathur),JANADIP,,,,,False,32,2018,AE
1264060,Jwala Shailendra Kumar Pandey,IND,14765,555,0.42760724852071,13,32,70,MP,Jwala Shailendra Kumar Pandey,IND,,,,,False,32,2018,AE
1264061,C.P. Singh,AAAP,14772,553,0.426066321499013,14,32,70,MP,C.P. Singh,AAAP,,,,,False,32,2018,AE
1264062,Bhagawat Prasad Tiwari,BSCP,14867,488,0.375986193293885,15,32,70,MP,Bhagawat Prasad Tiwari,BSCP,,,,,False,32,2018,AE
1264063,Shiv Kumar Tiwari,IND,14765,441,0.339774408284023,16,32,70,MP,Shiv Kumar Tiwari,IND,,,,,False,32,2018,AE
1264064,Yogendra Prasad Tiwa,AVVP,14952,316,0.243466469428007,17,32,70,MP,Yogendra Prasad Tiwa,AVVP,,,,,False,32,2018,AE
1264065,Nota,NOTA,14771,300,0.231139053254437,18,32,70,MP,Nota,NOTA,,,,,False,32,2018,AE
1264066,Sumit Kumar Shivadiya,IND,14765,295,0.227286735700197,19,32,70,MP,Sumit Kumar Shivadiya,IND,,,,,False,32,2018,AE
1264067,Indrapal Sethi,IND,14765,242,0.186452169625246,20,32,70,MP,Indrapal Sethi,IND,,,,,False,32,2018,AE
1264068,Rajpal Kori,PPID,14830,213,0.16410872781065,21,32,70,MP,Rajpal Kori,PPID,,,,,False,32,2018,AE
1264188,Pradeep Patel,BJP,14761,47753,35.3830764671013,1,32,71,MP,Pradeep Patel,BJP,,,,,False,32,2018,AE
1264189,Sukhendra Singh Banna,INC,14760,36661,27.1643449911084,2,32,71,MP,Sukhendra Singh Banna,INC,,,,,False,32,2018,AE
1264190,Mrigendra Singh,BSP,14762,28413,21.0529045643153,3,32,71,MP,Mrigendra Singh,BSP,,,,,False,32,2018,AE
1264191,Laxman Tiwari,IND,14765,10372,7.68524007113218,4,32,71,MP,Laxman Tiwari,IND,,,,,False,32,2018,AE
1264192,Heeramani Dipankar,IND,14765,2691,1.99392412566686,5,32,71,MP,Heeramani Dipankar,IND,,,,,False,32,2018,AE
1264193,Heeralal Yadav Radhe-Radhe Kailashpur,IND,14765,1220,0.903971547125074,6,32,71,MP,Heeralal Yadav Radhe-Radhe Kailashpur,IND,,,,,False,32,2018,AE
1264194,Vishwanath Dwivedi,IND,14765,1099,0.814315352697095,7,32,71,MP,Vishwanath Dwivedi,IND,,,,,False,32,2018,AE
1264195,Bhaiyalal Singh Gond,GGP,14879,980,0.726141078838174,8,32,71,MP,Bhaiyalal Singh Gond,GGP,,,,,False,32,2018,AE
1264196,Amrit Lal Patel,ADAL,14916,858,0.635743924125666,9,32,71,MP,Amrit Lal Patel,ADAL,,,,,False,32,2018,AE
1264197,Nota,NOTA,14771,776,0.574985180794309,10,32,71,MP,Nota,NOTA,,,,,False,32,2018,AE
1264198,Rammani Shukla (Garg-Gada),SPAKP,14807,672,0.5,11,32,71,MP,Rammani Shukla (Garg-Gada),SPAKP,,,,,False,32,2018,AE
1264199,Brahma Datta Mishra,IND,14765,666,0.493479549496147,12,32,71,MP,Brahma Datta Mishra,IND,,,,,False,32,2018,AE
1264200,Banshmani Prasad Shukla,AAAP,14772,649,0.48,13,32,71,MP,Banshmani Prasad Shukla,AAAP,,,,,False,32,2018,AE
1264201,Seth Nanhakuram Gupta,IND,14765,605,0.448280972139893,14,32,71,MP,Seth Nanhakuram Gupta,IND,,,,,False,32,2018,AE
1264202,Mukesh Prasad Mishra Advocate,SHS,14784,492,0.364552459988144,15,32,71,MP,Mukesh Prasad Mishra Advocate,SHS,,,,,False,32,2018,AE
1264203,Advocate Sukhchain Patel,SP,14763,465,0.344546532305868,16,32,71,MP,Advocate Sukhchain Patel,SP,,,,,False,32,2018,AE
1264204,Pushkar Kushwaha,JANADIP,14777,353,0.261558980438648,17,32,71,MP,Pushkar Kushwaha,JANADIP,,,,,False,32,2018,AE
1264205,Badri Prasad Verma,PPID,14830,235,0.174125666864256,18,32,71,MP,Badri Prasad Verma,PPID,,,,,False,32,2018,AE
1264326,Girish Gautam,BJP,14761,45043,33.2253924229906,1,32,72,MP,Girish Gautam,BJP,,,,,False,32,2018,AE
1264327,Seema Jaiveer Singh Sengar,BSP,14762,43963,32.4287442464298,2,32,72,MP,Seema Jaiveer Singh Sengar,BSP,,,,,False,32,2018,AE
1264328,Adv. Vidya Wati Patel,INC,14760,30383,22.4116310633777,3,32,72,MP,Adv. Vidya Wati Patel,INC,,,,,False,32,2018,AE
1264329,Ramyagya Sondhiya,SP,14763,2213,1.6323911247492,4,32,72,MP,Ramyagya Sondhiya,SP,,,,,False,32,2018,AE
1264330,Akhilesh Saket,IND,14765,2210,1.63017821314764,5,32,72,MP,Akhilesh Saket,IND,,,,,False,32,2018,AE
1264331,Ashok Kumar Pandey,IND,14765,1796,1.32479641213265,6,32,72,MP,Ashok Kumar Pandey,IND,,,,,False,32,2018,AE
1264332,Abhishek Master Buddhsen Patel,IND,14765,1759,1.29750383571344,7,32,72,MP,Abhishek Master Buddhsen Patel,IND,,,,,False,32,2018,AE
1264333,Asha Tiwari,IND,14765,844,0.622565797238286,8,32,72,MP,Asha Tiwari,IND,,,,,False,32,2018,AE
1264334,Parmashwar Prasad Dubay,IND,14765,775,0.571668830402454,9,32,72,MP,Parmashwar Prasad Dubay,IND,,,,,False,32,2018,AE
1264335,Rakesh Singh Tiwari (Bablu),SPAKP,14807,708,0.52,10,32,72,MP,Rakesh Singh Tiwari (Bablu),SPAKP,,,,,False,32,2018,AE
1264336,Angad Yadav,AAAP,14772,705,0.52,11,32,72,MP,Angad Yadav,AAAP,,,,,False,32,2018,AE
1264337,Nota,NOTA,14771,623,0.459547975923521,12,32,72,MP,Nota,NOTA,,,,,False,32,2018,AE
1264338,Rajprakash Mishra Panniha,BSCP,14867,573,0.422666115897556,13,32,72,MP,Rajprakash Mishra Panniha,BSCP,,,,,False,32,2018,AE
1264339,Mamta Patel,ADAL,14916,563,0.415289743892363,14,32,72,MP,Mamta Patel,ADAL,,,,,False,32,2018,AE
1264340,Rameshwar Prasad Gupta,JANADIP,14777,553,0.407913371887171,15,32,72,MP,Rameshwar Prasad Gupta,JANADIP,,,,,False,32,2018,AE
1264341,Gauri Shankar Saket,IND,14765,461,0.340050749439395,16,32,72,MP,Gauri Shankar Saket,IND,,,,,False,32,2018,AE
1264342,Rajesh Kumar Napit,JAC,14940,357,0.26,17,32,72,MP,Rajesh Kumar Napit,JAC,,,,,False,32,2018,AE
1264343,Pankaj Tiwari,IND,14765,352,0.26,18,32,72,MP,Pankaj Tiwari,IND,,,,,False,32,2018,AE
1264344,Motilal Saket,IND,14765,352,0.26,18,32,72,MP,Motilal Saket,IND,,,,,False,32,2018,AE
1264345,Nirupama Pushpendra Patel,PPID,14830,348,0.256697745780715,20,32,72,MP,Nirupama Pushpendra Patel,PPID,,,,,False,32,2018,AE
1264346,Girish Gautam,ABHKP,14935,309,0.227929894960462,21,32,72,MP,Girish Gautam,ABHKP,,,,,False,32,2018,AE
1264347,Ram Kushal Patel,PSPU,14880,282,0.21,22,32,72,MP,Ram Kushal Patel,PSPU,,,,,False,32,2018,AE
1264348,Pradeep Singh,IND,14765,206,0.151953263306975,23,32,72,MP,Pradeep Singh,IND,,,,,False,32,2018,AE
1264349,Banshroop Prasad Patel,IND,14765,190,0.140151068098666,24,32,72,MP,Banshroop Prasad Patel,IND,,,,,False,32,2018,AE
1264482,Panchu Lal Prajapati,BJP,14761,64488,48.5375803465249,1,32,73,MP,Panchu Lal Prajapati,BJP,,,,,False,32,2018,AE
1264483,Babita Saket,INC,14760,45958,34.5907784016498,2,32,73,MP,Babita Saket,INC,,,,,False,32,2018,AE
1264484,Dr. Sheela Tyagi,BSP,14762,11969,9.00859538468486,3,32,73,MP,Dr. Sheela Tyagi,BSP,,,,,False,32,2018,AE
1264485,Nota,NOTA,14771,2797,2.10519185320106,4,32,73,MP,Nota,NOTA,,,,,False,32,2018,AE
1264486,Mahendra Dahiya,IND,14765,1373,1.0334030798874,5,32,73,MP,Mahendra Dahiya,IND,,,,,False,32,2018,AE
1264487,Manindra Saket,JNSMP,14964,1315,0.99,6,32,73,MP,Manindra Saket,JNSMP,,,,,False,32,2018,AE
1264488,Babulal Saket,IND,14765,823,0.619439719408107,7,32,73,MP,Babulal Saket,IND,,,,,False,32,2018,AE
1264489,Julphi Lal Saket,IND,14765,739,0.556216224353088,8,32,73,MP,Julphi Lal Saket,IND,,,,,False,32,2018,AE
1264490,Kamlesh Paswan,SPAKP,14807,646,0.49,9,32,73,MP,Kamlesh Paswan,SPAKP,,,,,False,32,2018,AE
1264491,Dwarika Prasad Saket,ADAL,14916,588,0.442564465385136,10,32,73,MP,Dwarika Prasad Saket,ADAL,,,,,False,32,2018,AE
1264492,Siyasharan Kori,PPID,14830,499,0.375577667053032,11,32,73,MP,Siyasharan Kori,PPID,,,,,False,32,2018,AE
1264493,Maharathi Prasad Saket,AAAP,14772,490,0.37,12,32,73,MP,Maharathi Prasad Saket,AAAP,,,,,False,32,2018,AE
1264494,Dayanand Saket,IND,14765,441,0.331923349038852,13,32,73,MP,Dayanand Saket,IND,,,,,False,32,2018,AE
1264495,Teerath Prasad-T. P. Saket,BMUP,14773,369,0.277731781848835,14,32,73,MP,Teerath Prasad-T. P. Saket,BMUP,,,,,False,32,2018,AE
1264496,Nagendra Prasad Saket,BASD,14808,367,0.276226460538001,15,32,73,MP,Nagendra Prasad Saket,BASD,,,,,False,32,2018,AE
1264608,Rajendra Shukla,BJP,14761,69806,51.0359853192764,1,32,74,MP,Rajendra Shukla,BJP,,,,,False,32,2018,AE
1264609,Abhay Mishra,INC,14760,51717,37.8109052625422,2,32,74,MP,Abhay Mishra,INC,,,,,False,32,2018,AE
1264610,Kasim Khan,BSP,14762,6427,4.69885507903317,3,32,74,MP,Kasim Khan,BSP,,,,,False,32,2018,AE
1264611,Krishna Kumar Gupta,ADAL,14916,1603,1.17197210077644,4,32,74,MP,Krishna Kumar Gupta,ADAL,,,,,False,32,2018,AE
1264612,Somesh Pratap Singh,SPAKP,14807,867,0.63,5,32,74,MP,Somesh Pratap Singh,SPAKP,,,,,False,32,2018,AE
1264613,Eng. Suryabhan,PPID,14830,783,0.572460483411074,6,32,74,MP,Eng. Suryabhan,PPID,,,,,False,32,2018,AE
1264614,Ramayan Singh,SP,14763,751,0.549064908099255,7,32,74,MP,Ramayan Singh,SP,,,,,False,32,2018,AE
1264615,Shivendra Dwivedi,BSCP,14867,735,0.537367120443346,8,32,74,MP,Shivendra Dwivedi,BSCP,,,,,False,32,2018,AE
1264616,Nota,NOTA,14771,660,0.48253374080627,9,32,74,MP,Nota,NOTA,,,,,False,32,2018,AE
1264617,Gaurav Varma,AAAP,14772,478,0.35,10,32,74,MP,Gaurav Varma,AAAP,,,,,False,32,2018,AE
1264618,Ajij Khan (Munna),IND,14765,336,0.245653540774101,11,32,74,MP,Ajij Khan (Munna),IND,,,,,False,32,2018,AE
1264619,Subhranshu Dwivedi - Padri,PUPP,14800,268,0.195937943236485,12,32,74,MP,Subhranshu Dwivedi - Padri,PUPP,,,,,False,32,2018,AE
1264620,Rajendra Shukla,IND,14765,251,0.183509043852081,13,32,74,MP,Rajendra Shukla,IND,,,,,False,32,2018,AE
1264621,Advocate Vijay Mishra,AIFB,14767,235,0.171811256196171,14,32,74,MP,Advocate Vijay Mishra,AIFB,,,,,False,32,2018,AE
1264622,Rohit Patil,SHS,14784,223,0.163037915454239,15,32,74,MP,Rohit Patil,SHS,,,,,False,32,2018,AE
1264623,Chhotelal Rajak,BMUP,14773,219,0.160113468540262,16,32,74,MP,Chhotelal Rajak,BMUP,,,,,False,32,2018,AE
1264624,Shempoo Vishwakarma,IND,14765,199,0.145491233970375,17,32,74,MP,Shempoo Vishwakarma,IND,,,,,False,32,2018,AE
1264625,Komal Chandra Patel,SSD,14969,190,0.14,18,32,74,MP,Komal Chandra Patel,SSD,,,,,False,32,2018,AE
1264626,Advocate Deepak Gupta,AVVP,14952,175,0.13,19,32,74,MP,Advocate Deepak Gupta,AVVP,,,,,False,32,2018,AE
1264627,Adv. Devendra Shukla,IND,14765,156,0.114053429645118,20,32,74,MP,Adv. Devendra Shukla,IND,,,,,False,32,2018,AE
1264628,Prashant Singh Baghel,JD(S),14944,150,0.109666759274152,21,32,74,MP,Prashant Singh Baghel,JD(S),,,,,False,32,2018,AE
1264629,Deenanath Sen,JAC,14940,145,0.11,22,32,74,MP,Deenanath Sen,JAC,,,,,False,32,2018,AE
1264630,Himanshu Shukla,RKIVP,14970,131,0.0957756364327596,23,32,74,MP,Himanshu Shukla,RKIVP,,,,,False,32,2018,AE
1264631,Sushil Mishra (Sabke Maharj),IND,14765,112,0.081884513591367,24,32,74,MP,Sushil Mishra (Sabke Maharj),IND,,,,,False,32,2018,AE
1264632,Arvind Tripathi Bhaybhit,IND,14765,86,0.0628756086505139,25,32,74,MP,Arvind Tripathi Bhaybhit,IND,,,,,False,32,2018,AE
1264633,Uma Mishra,IND,14765,75,0.0548333796370761,26,32,74,MP,Uma Mishra,IND,,,,,False,32,2018,AE
1264763,Nagendra Singh,BJP,14761,42569,28.7745031769636,1,32,75,MP,Nagendra Singh,BJP,,,,,False,32,2018,AE
1264764,Kapidhwaj Singh Bhaiya,SP,14763,34741,23.4831688522373,2,32,75,MP,Kapidhwaj Singh Bhaiya,SP,,,,,False,32,2018,AE
1264765,Sunderlal Tiwari,INC,14760,32735,22.127213735298,3,32,75,MP,Sunderlal Tiwari,INC,,,,,False,32,2018,AE
1264766,Muniraj Patel,BSP,14762,27063,18.2932269839123,4,32,75,MP,Muniraj Patel,BSP,,,,,False,32,2018,AE
1264767,Balendra Kumar Shukla,AAAP,14772,1639,1.11,5,32,75,MP,Balendra Kumar Shukla,AAAP,,,,,False,32,2018,AE
1264768,Ramniwash Vishwakarma,IND,14765,1623,1.09706637826145,6,32,75,MP,Ramniwash Vishwakarma,IND,,,,,False,32,2018,AE
1264769,Jitendra Mishra,IND,14765,1177,0.795592807895092,7,32,75,MP,Jitendra Mishra,IND,,,,,False,32,2018,AE
1264770,Sheshmani Kol,IND,14765,832,0.562390158172231,8,32,75,MP,Sheshmani Kol,IND,,,,,False,32,2018,AE
1264771,Nota,NOTA,14771,831,0.56171420846289,9,32,75,MP,Nota,NOTA,,,,,False,32,2018,AE
1264772,Kamleshwar Tiwari,IND,14765,756,0.511017980262268,10,32,75,MP,Kamleshwar Tiwari,IND,,,,,False,32,2018,AE
1264773,Nandlal Sen,JNSMP,14964,728,0.49,11,32,75,MP,Nandlal Sen,JNSMP,,,,,False,32,2018,AE
1264774,Rannulal Saket,IND,14765,712,0.481276193051236,12,32,75,MP,Rannulal Saket,IND,,,,,False,32,2018,AE
1264775,Jai Prakash Kushwaha,JANADIP,14777,574,0.387995133162092,13,32,75,MP,Jai Prakash Kushwaha,JANADIP,,,,,False,32,2018,AE
1264776,Dhirendra Singh Patel,BSCP,14867,496,0.335271055833445,14,32,75,MP,Dhirendra Singh Patel,BSCP,,,,,False,32,2018,AE
1264777,Sanjay Chaurasiya,SHS,14784,440,0.297417872110314,15,32,75,MP,Sanjay Chaurasiya,SHS,,,,,False,32,2018,AE
1264778,Surendra Sen,RPI,14891,416,0.28,16,32,75,MP,Surendra Sen,RPI,,,,,False,32,2018,AE
1264779,Prabhudatta Dubey Mama,SPAKP,14807,337,0.227795052048127,17,32,75,MP,Prabhudatta Dubey Mama,SPAKP,,,,,False,32,2018,AE
1264780,Ramesh Kumar Bari,RSAD,14943,271,0.18318237123158,18,32,75,MP,Ramesh Kumar Bari,RSAD,,,,,False,32,2018,AE
1264909,Sharadendu Tiwari,BJP,14761,71909,45.4708713000259,1,32,76,MP,Sharadendu Tiwari,BJP,,,,,False,32,2018,AE
1264910,Ajay Arjun Singh,INC,14760,65507,41.4226364745831,2,32,76,MP,Ajay Arjun Singh,INC,,,,,False,32,2018,AE
1264911,Vivek Kol,BSP,14762,2997,1.8951202392771,3,32,76,MP,Vivek Kol,BSP,,,,,False,32,2018,AE
1264912,Dadan Singh,IND,14765,2248,1.42149826422921,4,32,76,MP,Dadan Singh,IND,,,,,False,32,2018,AE
1264913,Anand Pandey,CPI,14859,1961,1.24001694668749,5,32,76,MP,Anand Pandey,CPI,,,,,False,32,2018,AE
1264914,Shri Arjun Prasad Sondhiya,IND,14765,1692,1.06991773268497,6,32,76,MP,Shri Arjun Prasad Sondhiya,IND,,,,,False,32,2018,AE
1264915,Chotu Kol,JNSMP,14964,1646,1.04,7,32,76,MP,Chotu Kol,JNSMP,,,,,False,32,2018,AE
1264916,Rajiv Kumar Tiwari,IND,14765,1583,1.00099277236425,8,32,76,MP,Rajiv Kumar Tiwari,IND,,,,,False,32,2018,AE
1264917,Dharmendra Singh Baghel,IND,14765,1308,0.827099523848668,9,32,76,MP,Dharmendra Singh Baghel,IND,,,,,False,32,2018,AE
1264918,Arun Kumar Mishra,SamSP,14799,1204,0.761336258955502,10,32,76,MP,Arun Kumar Mishra,SamSP,,,,,False,32,2018,AE
1264919,Daddu Lal Pandey,BSCP,14867,895,0.565943481532537,11,32,76,MP,Daddu Lal Pandey,BSCP,,,,,False,32,2018,AE
1264920,Mulnivasi Hanuman Sahu,PPID,14830,817,0.516621032862662,12,32,76,MP,Mulnivasi Hanuman Sahu,PPID,,,,,False,32,2018,AE
1264921,Rakesh Kumar Dubey,SPAKP,14807,712,0.450225428883984,13,32,76,MP,Rakesh Kumar Dubey,SPAKP,,,,,False,32,2018,AE
1264922,Maneesh Kumar Sharma,AAAP,14772,572,0.36,14,32,76,MP,Maneesh Kumar Sharma,AAAP,,,,,False,32,2018,AE
1264923,Nota,NOTA,14771,524,0.331345680807876,15,32,76,MP,Nota,NOTA,,,,,False,32,2018,AE
1264924,Jagdish Prasad Tiwari,IND,14765,464,0.293405335677203,16,32,76,MP,Jagdish Prasad Tiwari,IND,,,,,False,32,2018,AE
1264925,Ashok Kumar Verma (Advocate),IND,14765,448,0.283287910309024,17,32,76,MP,Ashok Kumar Verma (Advocate),IND,,,,,False,32,2018,AE
1264926,Advocate-Raghunanda N Singh,ADAL,14916,339,0.214362949988301,18,32,76,MP,Advocate-Raghunanda N Singh,ADAL,,,,,False,32,2018,AE
1264927,Rajroop Bais,IND,14765,335,0.211833593646256,19,32,76,MP,Rajroop Bais,IND,,,,,False,32,2018,AE
1264928,Sandeep Pandey Deepu Bhai,IND,14765,260,0.164408162232915,20,32,76,MP,Sandeep Pandey Deepu Bhai,IND,,,,,False,32,2018,AE
1264929,Dinendra Prasad Dwivedi,VSP,14783,255,0.161246466805359,21,32,76,MP,Dinendra Prasad Dwivedi,VSP,,,,,False,32,2018,AE
1264930,Satya Narayan Patel,IND,14765,243,0.153658397779225,22,32,76,MP,Satya Narayan Patel,IND,,,,,False,32,2018,AE
1264931,Advocate Ranvijay,IND,14765,224,0.141643955154512,23,32,76,MP,Advocate Ranvijay,IND,,,,,False,32,2018,AE
1265052,Kedar Nath Shukl,BJP,14761,69297,45.2951173279299,1,32,77,MP,Kedar Nath Shukl,BJP,,,,,False,32,2018,AE
1265053,Kamleshwar Prasad Dwivedi,INC,14760,49311,32.2315183998954,2,32,77,MP,Kamleshwar Prasad Dwivedi,INC,,,,,False,32,2018,AE
1265054,Krishn Kumar Singh Bhanwar Sahab,SP,14763,9540,6.23570167984835,3,32,77,MP,Krishn Kumar Singh Bhanwar Sahab,SP,,,,,False,32,2018,AE
1265055,Manoj Kol,BSP,14762,7822,5.11275246748153,4,32,77,MP,Manoj Kol,BSP,,,,,False,32,2018,AE
1265056,Rampratap Singh Yadav,IND,14765,4710,3.07863259036538,5,32,77,MP,Rampratap Singh Yadav,IND,,,,,False,32,2018,AE
1265057,Chandra Shekhar Singh Olko,IND,14765,3532,2.30864762402771,6,32,77,MP,Chandra Shekhar Singh Olko,IND,,,,,False,32,2018,AE
1265058,Nota,NOTA,14771,2823,1.84521864174129,7,32,77,MP,Nota,NOTA,,,,,False,32,2018,AE
1265059,Shailendra Tiwari (Shailu Dutt),IND,14765,1721,1.12491012484476,8,32,77,MP,Shailendra Tiwari (Shailu Dutt),IND,,,,,False,32,2018,AE
1265060,Vishwanath Yadav,BSCP,14867,1124,0.734688541734753,9,32,77,MP,Vishwanath Yadav,BSCP,,,,,False,32,2018,AE
1265061,Anil Gupta,SHS,14784,878,0.573893718543695,10,32,77,MP,Anil Gupta,SHS,,,,,False,32,2018,AE
1265062,Arvind Shukla Mai Ke Lal,SPAKP,14807,778,0.51,11,32,77,MP,Arvind Shukla Mai Ke Lal,SPAKP,,,,,False,32,2018,AE
1265063,Raj Kumar Jayaswal,PPID,14830,760,0.496764494411399,12,32,77,MP,Raj Kumar Jayaswal,PPID,,,,,False,32,2018,AE
1265064,Ram Bishal Vishwakrma,AAAP,14772,694,0.45,13,32,77,MP,Ram Bishal Vishwakrma,AAAP,,,,,False,32,2018,AE
1265186,Kamleshwar Indrajeet Kumare,INC,14760,63918,42.7880013120636,1,32,78,MP,Kamleshwar Indrajeet Kumare,INC,,,,,False,32,2018,AE
1265187,Shiva Bahadur Singh Chandel,BJP,14761,32412,21.6972480134955,2,32,78,MP,Shiva Bahadur Singh Chandel,BJP,,,,,False,32,2018,AE
1265188,Vishwamitra Pathak,IND,14765,27121,18.155345655128,3,32,78,MP,Vishwamitra Pathak,IND,,,,,False,32,2018,AE
1265189,Nisar Alam Fakhruddin (Haji),BSP,14762,6977,4.67054484111311,4,32,78,MP,Nisar Alam Fakhruddin (Haji),BSP,,,,,False,32,2018,AE
1265190,Narendra Pratap Singh Nandji,SP,14763,3068,2.05378122008528,5,32,78,MP,Narendra Pratap Singh Nandji,SP,,,,,False,32,2018,AE
1265191,Nota,NOTA,14771,2478,1.66,6,32,78,MP,Nota,NOTA,,,,,False,32,2018,AE
1265192,Gaibi Prasad Vishwakarma,BMUP,14773,2291,1.53364171291244,7,32,78,MP,Gaibi Prasad Vishwakarma,BMUP,,,,,False,32,2018,AE
1265193,Sukhram Kushwaha,AAAP,14772,1915,1.28,8,32,78,MP,Sukhram Kushwaha,AAAP,,,,,False,32,2018,AE
1265194,Vinod Chaubey,SPAKP,14807,1841,1.23,9,32,78,MP,Vinod Chaubey,SPAKP,,,,,False,32,2018,AE
1265195,Bharat Patel,BSCP,14867,1397,0.935180040566865,10,32,78,MP,Bharat Patel,BSCP,,,,,False,32,2018,AE
1265196,Sheshmani Ahiwaran Sahu,IND,14765,1255,0.840122370015329,11,32,78,MP,Sheshmani Ahiwaran Sahu,IND,,,,,False,32,2018,AE
1265197,Bhai Lal Singh,IND,14765,1216,0.814014981624415,12,32,78,MP,Bhai Lal Singh,IND,,,,,False,32,2018,AE
1265198,Mahadev Saket,NINSHAD,14906,1119,0.749081220754704,13,32,78,MP,Mahadev Saket,NINSHAD,,,,,False,32,2018,AE
1265199,Markande Prasad Rawat,IND,14765,1060,0.709585428060756,14,32,78,MP,Markande Prasad Rawat,IND,,,,,False,32,2018,AE
1265200,Bhole Saket,IND,14765,761,0.509428783730411,15,32,78,MP,Bhole Saket,IND,,,,,False,32,2018,AE
1265201,Pradeep Patel,PPID,14830,554,0.370858799194018,16,32,78,MP,Pradeep Patel,PPID,,,,,False,32,2018,AE
1265312,Amar Singh,BJP,14761,86585,55.2309448934419,1,32,79,MP,Amar Singh,BJP,,,,,False,32,2018,AE
1265313,Saraswati Singh,INC,14760,27337,17.4377587405673,2,32,79,MP,Saraswati Singh,INC,,,,,False,32,2018,AE
1265314,Ashok Singh Paigam Advocate,BSP,14762,17491,11.1571803098826,3,32,79,MP,Ashok Singh Paigam Advocate,BSP,,,,,False,32,2018,AE
1265315,Nota,NOTA,14771,5420,3.45731617858122,4,32,79,MP,Nota,NOTA,,,,,False,32,2018,AE
1265316,Dal Pratap Singh Poya,GGP,14879,5169,3.29720799392737,5,32,79,MP,Dal Pratap Singh Poya,GGP,,,,,False,32,2018,AE
1265317,Dhanashah Baiga,SHS,14784,2387,1.52262245724601,6,32,79,MP,Dhanashah Baiga,SHS,,,,,False,32,2018,AE
1265318,Ramdhani,IND,14765,2081,1.32743080583533,7,32,79,MP,Ramdhani,IND,,,,,False,32,2018,AE
1265319,Surya Kamal,BSCP,14867,1953,1.245782010474,8,32,79,MP,Surya Kamal,BSCP,,,,,False,32,2018,AE
1265320,Sanjeev Kumar Panika,PPID,14830,1739,1.10927543072928,9,32,79,MP,Sanjeev Kumar Panika,PPID,,,,,False,32,2018,AE
1265321,Avadhesh,AAAP,14772,1424,0.91,10,32,79,MP,Avadhesh,AAAP,,,,,False,32,2018,AE
1265322,Babulal,RPI(A),14785,1349,0.860501757362743,11,32,79,MP,Babulal,RPI(A),,,,,False,32,2018,AE
1265323,Pavan Kumar Verma,NINSHAD,14906,1196,0.762905931657406,12,32,79,MP,Pavan Kumar Verma,NINSHAD,,,,,False,32,2018,AE
1265324,Shyam Narayan,JANKP,14977,1177,0.750786188595959,13,32,79,MP,Shyam Narayan,JANKP,,,,,False,32,2018,AE
1265325,Paras Kol,JANADIP,14777,750,0.47841091032028,14,32,79,MP,Paras Kol,JANADIP,,,,,False,32,2018,AE
1265326,Dhanesh,SADSP,14976,711,0.45,15,32,79,MP,Dhanesh,SADSP,,,,,False,32,2018,AE
1265428,Ramlallu Vaishya,BJP,14761,36706,24.6320889562935,1,32,80,MP,Ramlallu Vaishya,BJP,,,,,False,32,2018,AE
1265429,Renu Shah,INC,14760,32980,22.1317030942778,2,32,80,MP,Renu Shah,INC,,,,,False,32,2018,AE
1265430,Rani Agrawal,AAAP,14772,32167,21.59,3,32,80,MP,Rani Agrawal,AAAP,,,,,False,32,2018,AE
1265431,Suresh Shahwal,BSP,14762,15044,10.0954924605917,4,32,80,MP,Suresh Shahwal,BSP,,,,,False,32,2018,AE
1265432,Aravind Singh Chandel,IND,14765,13876,9.3116892703517,5,32,80,MP,Aravind Singh Chandel,IND,,,,,False,32,2018,AE
1265433,Shikha Singh W/O Omprakash Shingh,SP,14763,4680,3.1405812759618,6,32,80,MP,Shikha Singh W/O Omprakash Shingh,SP,,,,,False,32,2018,AE
1265434,Ashok Kumar Dubey,CPI,14859,1892,1.26965379788883,7,32,80,MP,Ashok Kumar Dubey,CPI,,,,,False,32,2018,AE
1265435,Pushpendra Kumar Gupta,IND,14765,1664,1.11665112034197,8,32,80,MP,Pushpendra Kumar Gupta,IND,,,,,False,32,2018,AE
1265436,Ashwani Kumar Tiwari,SPAKP,14807,1402,0.94,9,32,80,MP,Ashwani Kumar Tiwari,SPAKP,,,,,False,32,2018,AE
1265437,Shivprasad Shah,BSCP,14867,1071,0.718709945845104,10,32,80,MP,Shivprasad Shah,BSCP,,,,,False,32,2018,AE
1265438,Ajeet Deo Pandey,IND,14765,1031,0.691867370836884,11,32,80,MP,Ajeet Deo Pandey,IND,,,,,False,32,2018,AE
1265439,Rajeev Kumar Singh,JANADIP,14777,983,0.659656280827019,12,32,80,MP,Rajeev Kumar Singh,JANADIP,,,,,False,32,2018,AE
1265440,Nota,NOTA,14771,882,0.591878778931262,13,32,80,MP,Nota,NOTA,,,,,False,32,2018,AE
1265441,Narendra Kumar Dubey,SADSP,14976,879,0.59,14,32,80,MP,Narendra Kumar Dubey,SADSP,,,,,False,32,2018,AE
1265442,Lalan Kumar Panika,IND,14765,818,0.54893065891811,15,32,80,MP,Lalan Kumar Panika,IND,,,,,False,32,2018,AE
1265443,Rakesh Tiwari Urf Dabbu Bhaiya,JANKP,14977,811,0.544233208291671,16,32,80,MP,Rakesh Tiwari Urf Dabbu Bhaiya,JANKP,,,,,False,32,2018,AE
1265444,Vishwabharan Dwivedi,SHS,14784,701,0.470416127019064,17,32,80,MP,Vishwabharan Dwivedi,SHS,,,,,False,32,2018,AE
1265445,Laxmi Kant,IND,14765,529,0.354993054483716,18,32,80,MP,Laxmi Kant,IND,,,,,False,32,2018,AE
1265446,Nand Kishor Patel,PPID,14830,465,0.312044934470563,19,32,80,MP,Nand Kishor Patel,PPID,,,,,False,32,2018,AE
1265447,Ramlakhan Shrma,IND,14765,436,0.292584067589603,20,32,80,MP,Ramlakhan Shrma,IND,,,,,False,32,2018,AE
1265577,Subhash Ram Charitra,BJP,14761,63295,37.7664144728991,1,32,81,MP,Subhash Ram Charitra,BJP,,,,,False,32,2018,AE
1265578,Banshmani Prasad Verma,INC,14760,52617,31.3951406954819,2,32,81,MP,Banshmani Prasad Verma,INC,,,,,False,32,2018,AE
1265579,Surendra Prajapati,GGP,14879,18320,10.9310484737105,3,32,81,MP,Surendra Prajapati,GGP,,,,,False,32,2018,AE
1265580,Shiv Shankar Prasad,BSP,14762,14464,8.63027757225709,4,32,81,MP,Shiv Shankar Prasad,BSP,,,,,False,32,2018,AE
1265581,Nota,NOTA,14771,5307,3.16654335425666,5,32,81,MP,Nota,NOTA,,,,,False,32,2018,AE
1265582,Shiv Kali Saket,CPI,14859,2913,1.73810830807417,6,32,81,MP,Shiv Kali Saket,CPI,,,,,False,32,2018,AE
1265583,Subhash Chandra Verma,AAAP,14772,2585,1.54,7,32,81,MP,Subhash Chandra Verma,AAAP,,,,,False,32,2018,AE
1265584,Ad. Shyamlal Saket,BSCP,14867,2134,1.27330007876082,8,32,81,MP,Ad. Shyamlal Saket,BSCP,,,,,False,32,2018,AE
1265585,Janardan Prasad Prajapti,PPID,14830,2108,1.25778658201866,9,32,81,MP,Janardan Prasad Prajapti,PPID,,,,,False,32,2018,AE
1265586,Ramkripal Basor,RPI(A),14785,1603,0.956466741449676,10,32,81,MP,Ramkripal Basor,RPI(A),,,,,False,32,2018,AE
1265587,Nirmala Dr. H L Prajapati,SADSP,14976,1303,0.78,11,32,81,MP,Nirmala Dr. H L Prajapati,SADSP,,,,,False,32,2018,AE
1265588,Bhuwal Saket S/O Harbhukhan,SHS,14784,947,0.565049285185803,12,32,81,MP,Bhuwal Saket S/O Harbhukhan,SHS,,,,,False,32,2018,AE
1265696,Kunwar Singh Tekam,BJP,14761,57995,35.846735811504,1,32,82,MP,Kunwar Singh Tekam,BJP,,,,,False,32,2018,AE
1265697,Kamlesh Singh,INC,14760,54202,33.5022807906741,2,32,82,MP,Kamlesh Singh,INC,,,,,False,32,2018,AE
1265698,Rupnarayan Singh Poya,GGP,14879,19457,12.0263805273633,3,32,82,MP,Rupnarayan Singh Poya,GGP,,,,,False,32,2018,AE
1265699,Awadh Pratap Singh,BSP,14762,9062,5.60122631130011,4,32,82,MP,Awadh Pratap Singh,BSP,,,,,False,32,2018,AE
1265700,Nota,NOTA,14771,2810,1.7368622748569,5,32,82,MP,Nota,NOTA,,,,,False,32,2018,AE
1265701,Rajendra Kol,IND,14765,2485,1.53597962740904,6,32,82,MP,Rajendra Kol,IND,,,,,False,32,2018,AE
1265702,Mahipal Singh,IND,14765,2440,1.50816510699318,7,32,82,MP,Mahipal Singh,IND,,,,,False,32,2018,AE
1265703,Comread Balraj Singh,CPM,14764,2224,1.37465540899707,8,32,82,MP,Comread Balraj Singh,CPM,,,,,False,32,2018,AE
1265704,Revti Singh Maravi,IND,14765,1974,1.22013029557563,9,32,82,MP,Revti Singh Maravi,IND,,,,,False,32,2018,AE
1265705,Dharvend Baiga,SHS,14784,1871,1.156465948846,10,32,82,MP,Dharvend Baiga,SHS,,,,,False,32,2018,AE
1265706,Girdhari Baiga,AAAP,14772,1747,1.08,11,32,82,MP,Girdhari Baiga,AAAP,,,,,False,32,2018,AE
1265707,Kamalsay Panika,BSCP,14867,1589,0.982161620906629,12,32,82,MP,Kamalsay Panika,BSCP,,,,,False,32,2018,AE
1265708,Anurag Singh,PPID,14830,1116,0.689800106313278,13,32,82,MP,Anurag Singh,PPID,,,,,False,32,2018,AE
1265709,Deepak Kumar Panika (Bhaiyaji),IND,14765,1003,0.61995475504679,14,32,82,MP,Deepak Kumar Panika (Bhaiyaji),IND,,,,,False,32,2018,AE
1265710,Dr. Ajay Pratap Mauriya Sanjay,SPAKP,14807,918,0.57,15,32,82,MP,Dr. Ajay Pratap Mauriya Sanjay,SPAKP,,,,,False,32,2018,AE
1265711,Gulbasiya Devi W/O-Late Rangdev Singh,IND,14765,893,0.551963705141359,16,32,82,MP,Gulbasiya Devi W/O-Late Rangdev Singh,IND,,,,,False,32,2018,AE
1265820,Kol Sarad Juglal E,BJP,14761,78007,40.9560811697687,1,32,83,MP,Kol Sarad Juglal E,BJP,,,,,False,32,2018,AE
1265821,Tej Pratap Singh Uikey,GGP,14879,45557,23.918830231276,2,32,83,MP,Tej Pratap Singh Uikey,GGP,,,,,False,32,2018,AE
1265822,Rampal Singh,INC,14760,38557,20.2436143123408,3,32,83,MP,Rampal Singh,INC,,,,,False,32,2018,AE
1265823,Ram Vishal Kol,BSP,14762,5004,2.62725435119313,4,32,83,MP,Ram Vishal Kol,BSP,,,,,False,32,2018,AE
1265824,Ajeet Kumar (Ashok),NINSHAD,14906,4930,2.58840206862153,5,32,83,MP,Ajeet Kumar (Ashok),NINSHAD,,,,,False,32,2018,AE
1265825,Nota,NOTA,14771,4474,2.34898800304517,6,32,83,MP,Nota,NOTA,,,,,False,32,2018,AE
1265826,Devideen Baiga,SPAKP,14807,3151,1.65,7,32,83,MP,Devideen Baiga,SPAKP,,,,,False,32,2018,AE
1265827,Dashrath Singh Maravi,AAAP,14772,2549,1.34,8,32,83,MP,Dashrath Singh Maravi,AAAP,,,,,False,32,2018,AE
1265828,Keshav Kol,IND,14765,2317,1.21649646916756,9,32,83,MP,Keshav Kol,IND,,,,,False,32,2018,AE
1265829,Gopal Singh Netam,BSCP,14867,2252,1.18236946420602,10,32,83,MP,Gopal Singh Netam,BSCP,,,,,False,32,2018,AE
1265830,Ramadhar,IND,14765,1472,0.772845404667524,11,32,83,MP,Ramadhar,IND,,,,,False,32,2018,AE
1265831,Kalavati,IND,14765,1438,0.75499435591841,12,32,83,MP,Kalavati,IND,,,,,False,32,2018,AE
1265832,Arun Kumar Singh Maravi,PPID,14830,757,0.397448350090567,13,32,83,MP,Arun Kumar Singh Maravi,PPID,,,,,False,32,2018,AE
1265922,Jaisingh Maravi,BJP,14761,84669,46.1950176227316,1,32,84,MP,Jaisingh Maravi,BJP,,,,,False,32,2018,AE
1265923,Dhayan Singh Marco,INC,14760,67402,36.7742217081501,2,32,84,MP,Dhayan Singh Marco,INC,,,,,False,32,2018,AE
1265924,Neelam Singh Marabi,GGP,14879,8069,4.40240934932291,3,32,84,MP,Neelam Singh Marabi,GGP,,,,,False,32,2018,AE
1265925,Nota,NOTA,14771,4340,2.36788407188765,4,32,84,MP,Nota,NOTA,,,,,False,32,2018,AE
1265926,Sheshram Baiga,SPAKP,14807,3720,2.03,5,32,84,MP,Sheshram Baiga,SPAKP,,,,,False,32,2018,AE
1265927,Vijay Kumar Kol Birsa,BSP,14762,3125,1.70498565084076,6,32,84,MP,Vijay Kumar Kol Birsa,BSP,,,,,False,32,2018,AE
1265928,Hari Singh,CPI,14859,2284,1.24613991248649,7,32,84,MP,Hari Singh,CPI,,,,,False,32,2018,AE
1265929,Ayodhya Prasad Majhi,NINSHAD,14906,2091,1.14083999869057,8,32,84,MP,Ayodhya Prasad Majhi,NINSHAD,,,,,False,32,2018,AE
1265930,Sunder Singh (Shalu Mausi),IND,14765,1824,0.995166024682736,9,32,84,MP,Sunder Singh (Shalu Mausi),IND,,,,,False,32,2018,AE
1265931,Farsu Kol,AAAP,14772,1673,0.91,10,32,84,MP,Farsu Kol,AAAP,,,,,False,32,2018,AE
1265932,Narendar Singh Marvi,IND,14765,1304,0.711456412382833,11,32,84,MP,Narendar Singh Marvi,IND,,,,,False,32,2018,AE
1265933,Sawamideen Singh Marko,BSCP,14867,1266,0.690723786868609,12,32,84,MP,Sawamideen Singh Marko,BSCP,,,,,False,32,2018,AE
1265934,Baiga Visahu Lal,PPID,14830,954,0.520498019488667,13,32,84,MP,Baiga Visahu Lal,PPID,,,,,False,32,2018,AE
1265935,Ram Lal Kol,BLSP,14819,565,0.31,14,32,84,MP,Ram Lal Kol,BLSP,,,,,False,32,2018,AE
1266027,Manisha Singh,BJP,14761,74279,41.2571720571653,1,32,85,MP,Manisha Singh,BJP,,,,,False,32,2018,AE
1266028,Uma Dhurwey,INC,14760,70063,38.9154572064941,2,32,85,MP,Uma Dhurwey,INC,,,,,False,32,2018,AE
1266029,Bharat Singh Oladi,GGP,14879,11498,6.38639405906498,3,32,85,MP,Bharat Singh Oladi,GGP,,,,,False,32,2018,AE
1266030,Mohadal Singh Pav,BSP,14762,6141,3.41092763234632,4,32,85,MP,Mohadal Singh Pav,BSP,,,,,False,32,2018,AE
1266031,Sukh Lal Baiga,IND,14765,3953,2.19563539010992,5,32,85,MP,Sukh Lal Baiga,IND,,,,,False,32,2018,AE
1266032,Jankibai Singh,SPAKP,14807,2094,1.16,6,32,85,MP,Jankibai Singh,SPAKP,,,,,False,32,2018,AE
1266033,Nota,NOTA,14771,1973,1.09587367181555,7,32,85,MP,Nota,NOTA,,,,,False,32,2018,AE
1266034,Shiv Charan Pao,IND,14765,1875,1.04144102111209,8,32,85,MP,Shiv Charan Pao,IND,,,,,False,32,2018,AE
1266035,Bhai Bimal Baiga,IND,14765,1763,0.979232277450996,9,32,85,MP,Bhai Bimal Baiga,IND,,,,,False,32,2018,AE
1266036,Bahadur Paw,AAAP,14772,1466,0.81,10,32,85,MP,Bahadur Paw,AAAP,,,,,False,32,2018,AE
1266037,Sanjoo Bai Kol,NINSHAD,14906,838,0.465454707035697,11,32,85,MP,Sanjoo Bai Kol,NINSHAD,,,,,False,32,2018,AE
1266038,Munna Singh Paraste,IND,14765,809,0.449347085909164,12,32,85,MP,Munna Singh Paraste,IND,,,,,False,32,2018,AE
1266039,Mayaram,IND,14765,754,0.418798149289876,13,32,85,MP,Mayaram,IND,,,,,False,32,2018,AE
1266040,Advocate Ramratan Singh Pawley,PPID,14830,661,0.367142674642716,14,32,85,MP,Advocate Ramratan Singh Pawley,PPID,,,,,False,32,2018,AE
1266041,Mahendra Maravi,BLSP,14819,660,0.37,15,32,85,MP,Mahendra Maravi,BLSP,,,,,False,32,2018,AE
1266042,Krishanpal Singh Pawel,IND,14765,609,0.338260043657207,16,32,85,MP,Krishanpal Singh Pawel,IND,,,,,False,32,2018,AE
1266043,Fatebahadur,BSCP,14867,603,0.334927432389648,17,32,85,MP,Fatebahadur,BSCP,,,,,False,32,2018,AE
1266135,Suneel Saraf,INC,14760,48249,43.8726983405319,1,32,86,MP,Suneel Saraf,INC,,,,,False,32,2018,AE
1266136,Dilip Kumar Jaiswal,BJP,14761,36820,33.4803364401,2,32,86,MP,Dilip Kumar Jaiswal,BJP,,,,,False,32,2018,AE
1266137,Ramkhelawn Tiwari,GGP,14879,5766,5.24300977494885,3,32,86,MP,Ramkhelawn Tiwari,GGP,,,,,False,32,2018,AE
1266138,Santosh Kumar Kewat,CPI,14859,5044,4.5864969311207,4,32,86,MP,Santosh Kumar Kewat,CPI,,,,,False,32,2018,AE
1266139,Kishori Lal Chaturvedi Baba Ji,SPAKP,14807,4392,3.99,5,32,86,MP,Kishori Lal Chaturvedi Baba Ji,SPAKP,,,,,False,32,2018,AE
1266140,Sudhir Pandey,BSP,14762,2419,2.19959081609456,6,32,86,MP,Sudhir Pandey,BSP,,,,,False,32,2018,AE
1266141,Nirmla Prajapati,IND,14765,1348,1.2257331211639,7,32,86,MP,Nirmla Prajapati,IND,,,,,False,32,2018,AE
1266142,Rampal Sahu,IND,14765,754,0.68561036599227,8,32,86,MP,Rampal Sahu,IND,,,,,False,32,2018,AE
1266143,Dinesh Kumar Singh,IND,14765,617,0.561036599227097,9,32,86,MP,Dinesh Kumar Singh,IND,,,,,False,32,2018,AE
1266144,Acharya Laxman Das Balyogi,RSAD,14943,597,0.542850647874516,10,32,86,MP,Acharya Laxman Das Balyogi,RSAD,,,,,False,32,2018,AE
1266145,Abdul Ali (Pappu Bhai),IND,14765,596,0.541941350306887,11,32,86,MP,Abdul Ali (Pappu Bhai),IND,,,,,False,32,2018,AE
1266146,Arjun Singh Rathore,IND,14765,497,0.451920891111616,12,32,86,MP,Arjun Singh Rathore,IND,,,,,False,32,2018,AE
1266147,Anil Gupta,IND,14765,491,0.446465105705842,13,32,86,MP,Anil Gupta,IND,,,,,False,32,2018,AE
1266148,Nota,NOTA,14771,491,0.446465105705842,13,32,86,MP,Nota,NOTA,,,,,False,32,2018,AE
1266149,Savitri Gupta,SHS,14784,447,0.406456012730165,15,32,86,MP,Savitri Gupta,SHS,,,,,False,32,2018,AE
1266150,Ramkishor Singh Rana (Advocate),BSCP,14867,402,0.36553762218686,16,32,86,MP,Ramkishor Singh Rana (Advocate),BSCP,,,,,False,32,2018,AE
1266151,Satish Chandra Dwivedi,SAMSAMPA,14818,391,0.355535348942941,17,32,86,MP,Satish Chandra Dwivedi,SAMSAMPA,,,,,False,32,2018,AE
1266152,Shriprasad,BMUP,14773,337,0.306433280290975,18,32,86,MP,Shriprasad,BMUP,,,,,False,32,2018,AE
1266153,Shabnam Mausi,IND,14765,317,0.288247328938395,19,32,86,MP,Shabnam Mausi,IND,,,,,False,32,2018,AE
1266263,Bisahulal Singh E,INC,14760,62770,49.9145163214186,1,32,87,MP,Bisahulal Singh E,INC,,,,,False,32,2018,AE
1266264,Ramlal Rautel,BJP,14761,51209,40.7212436881237,2,32,87,MP,Ramlal Rautel,BJP,,,,,False,32,2018,AE
1266265,Nota,NOTA,14771,2730,2.17088783746173,3,32,87,MP,Nota,NOTA,,,,,False,32,2018,AE
1266266,Besahu Lal Rautel,SPAKP,14807,2274,1.81,4,32,87,MP,Besahu Lal Rautel,SPAKP,,,,,False,32,2018,AE
1266267,Birendra Singh Maravi,GGP,14879,1721,1.36853405431195,5,32,87,MP,Birendra Singh Maravi,GGP,,,,,False,32,2018,AE
1266268,Kamla Prasad Baiga,BSCP,14867,1294,1.02898493101665,6,32,87,MP,Kamla Prasad Baiga,BSCP,,,,,False,32,2018,AE
1266269,Govind Singh (Advoket),AAAP,14772,1074,0.85,7,32,87,MP,Govind Singh (Advoket),AAAP,,,,,False,32,2018,AE
1266270,Santram Kol,IND,14765,1036,0.823824102421374,8,32,87,MP,Santram Kol,IND,,,,,False,32,2018,AE
1266271,Punya Pratap Singh Dhurwe,IND,14765,646,0.51369726849827,9,32,87,MP,Punya Pratap Singh Dhurwe,IND,,,,,False,32,2018,AE
1266272,Ajeet Singh Maravi,IND,14765,517,0.411116854200628,10,32,87,MP,Ajeet Singh Maravi,IND,,,,,False,32,2018,AE
1266273,Deepa J. P. Singh,IND,14765,484,0.384875352868673,11,32,87,MP,Deepa J. P. Singh,IND,,,,,False,32,2018,AE
1266345,Phundelal Singh Marko,INC,14760,62352,42.2218761215355,1,32,88,MP,Phundelal Singh Marko,INC,,,,,False,32,2018,AE
1266346,Narendra Singh Maravi,BJP,14761,40951,27.7301136940755,2,32,88,MP,Narendra Singh Maravi,BJP,,,,,False,32,2018,AE
1266347,Anil Singh Dhurwey,GGP,14879,19579,13.2579887186223,3,32,88,MP,Anil Singh Dhurwey,GGP,,,,,False,32,2018,AE
1266348,Sudama Singh Singram,IND,14765,5157,3.49208068961314,4,32,88,MP,Sudama Singh Singram,IND,,,,,False,32,2018,AE
1266349,Nota,NOTA,14771,4072,2.75736912315391,5,32,88,MP,Nota,NOTA,,,,,False,32,2018,AE
1266350,Amit Padawar (Adhivakta),BSCP,14867,3596,2.43504404883631,6,32,88,MP,Amit Padawar (Adhivakta),BSCP,,,,,False,32,2018,AE
1266351,Vishambhar Singh Marko,CPM,14764,2656,1.7985197424108,7,32,88,MP,Vishambhar Singh Marko,CPM,,,,,False,32,2018,AE
1266352,Prakash Singh Dhurwey,IND,14765,1798,1.21752202441815,8,32,88,MP,Prakash Singh Dhurwey,IND,,,,,False,32,2018,AE
1266353,Nayan Singh Dhurwey,BSP,14762,1713,1.15996397543287,9,32,88,MP,Nayan Singh Dhurwey,BSP,,,,,False,32,2018,AE
1266354,Hublal Tandiya,AAAP,14772,1586,1.07,10,32,88,MP,Hublal Tandiya,AAAP,,,,,False,32,2018,AE
1266355,Sahdev Singh Paraste Swai.Se.Ni.Shikshak,IND,14765,1554,1.05229656615451,11,32,88,MP,Sahdev Singh Paraste Swai.Se.Ni.Shikshak,IND,,,,,False,32,2018,AE
1266356,Narayan Singh Tilgam,RAPTY,14985,1011,0.68,12,32,88,MP,Narayan Singh Tilgam,RAPTY,,,,,False,32,2018,AE
1266357,Narbada Prasad Singh Dhurwey (Vakil),RSJNP,14986,884,0.598603709446968,13,32,88,MP,Narbada Prasad Singh Dhurwey (Vakil),RSJNP,,,,,False,32,2018,AE
1266358,Anup Singh Tekam,PPID,14830,768,0.52005390141999,14,32,88,MP,Anup Singh Tekam,PPID,,,,,False,32,2018,AE
1266449,Shivnarayan Singh (Lallu Bhaiya),BJP,14761,59158,36.6598500340831,1,32,89,MP,Shivnarayan Singh (Lallu Bhaiya),BJP,,,,,False,32,2018,AE
1266450,Dhyan Singh,INC,14760,55255,34.2411848546817,2,32,89,MP,Dhyan Singh,INC,,,,,False,32,2018,AE
1266451,Satilal Bega,IND,14765,18663,11.5653467187209,3,32,89,MP,Satilal Bega,IND,,,,,False,32,2018,AE
1266452,Ram Milan Baiga,GGP,14879,9854,6.1064634070769,4,32,89,MP,Ram Milan Baiga,GGP,,,,,False,32,2018,AE
1266453,Shivprasad Kol,BSP,14762,6936,4.29819669083472,5,32,89,MP,Shivprasad Kol,BSP,,,,,False,32,2018,AE
1266454,Nota,NOTA,14771,5037,3.12139802937348,6,32,89,MP,Nota,NOTA,,,,,False,32,2018,AE
1266455,Saraju Kol,SPAKP,14807,2981,1.85,7,32,89,MP,Saraju Kol,SPAKP,,,,,False,32,2018,AE
1266456,Jhamua Kol,IND,14765,1203,0.745491727086819,8,32,89,MP,Jhamua Kol,IND,,,,,False,32,2018,AE
1266457,Krishn Kumar,AAAP,14772,1151,0.71,9,32,89,MP,Krishn Kumar,AAAP,,,,,False,32,2018,AE
1266458,Vijay Singh,BSCP,14867,1132,0.701493462229658,10,32,89,MP,Vijay Singh,BSCP,,,,,False,32,2018,AE
1266537,Meena Singh,BJP,14761,82287,46.8976011763297,1,32,90,MP,Meena Singh,BJP,,,,,False,32,2018,AE
1266538,Gyanvati Singh,INC,14760,63632,36.2656088817458,2,32,90,MP,Gyanvati Singh,INC,,,,,False,32,2018,AE
1266539,Rekha Kol,BSP,14762,9243,5.26783729717715,3,32,90,MP,Rekha Kol,BSP,,,,,False,32,2018,AE
1266540,Nota,NOTA,14771,5320,3.03201281196391,4,32,90,MP,Nota,NOTA,,,,,False,32,2018,AE
1266541,Devlal Singh Tekam,GGP,14879,5291,3.01548492257538,5,32,90,MP,Devlal Singh Tekam,GGP,,,,,False,32,2018,AE
1266542,Ramprasad Baiga,IND,14765,2523,1.43792637680168,6,32,90,MP,Ramprasad Baiga,IND,,,,,False,32,2018,AE
1266543,Annu Kol,SPAKP,14807,2277,1.3,7,32,90,MP,Annu Kol,SPAKP,,,,,False,32,2018,AE
1266544,Shyamlal Baiga,IND,14765,2158,1.22990294139438,8,32,90,MP,Shyamlal Baiga,IND,,,,,False,32,2018,AE
1266545,Lakshyapat Singh,PPID,14830,1123,0.640028268390126,9,32,90,MP,Lakshyapat Singh,PPID,,,,,False,32,2018,AE
1266546,Ram Karan Kol- Karan,AAAP,14772,985,0.56,10,32,90,MP,Ram Karan Kol- Karan,AAAP,,,,,False,32,2018,AE
1266547,Muneeshwar Singh Marko,BSCP,14867,622,0.354494731022848,11,32,90,MP,Muneeshwar Singh Marko,BSCP,,,,,False,32,2018,AE
1266630,Vijayraghvendra Singh (Basant Singh),INC,14760,84236,48.9809683853073,1,32,91,MP,Vijayraghvendra Singh (Basant Singh),INC,,,,,False,32,2018,AE
1266631,Moti Kashyap,BJP,14761,62876,36.560702884688,2,32,91,MP,Moti Kashyap,BJP,,,,,False,32,2018,AE
1266632,Ajay Gotiya,BSP,14762,5942,3.45511318373968,3,32,91,MP,Ajay Gotiya,BSP,,,,,False,32,2018,AE
1266633,Arvind Singh Tekam,GGP,14879,4938,2.87131418736226,4,32,91,MP,Arvind Singh Tekam,GGP,,,,,False,32,2018,AE
1266634,Nota,NOTA,14771,3783,2.19971275228664,5,32,91,MP,Nota,NOTA,,,,,False,32,2018,AE
1266635,Ratan Lal Bhattar,IND,14765,2024,1.17690156241823,6,32,91,MP,Ratan Lal Bhattar,IND,,,,,False,32,2018,AE
1266636,Baniya Prasad,IND,14765,1877,1.09142501613587,7,32,91,MP,Baniya Prasad,IND,,,,,False,32,2018,AE
1266637,Anjan Kol,CPI,14859,1745,1.01467056641295,8,32,91,MP,Anjan Kol,CPI,,,,,False,32,2018,AE
1266638,Suresh Kol,IND,14765,1433,0.833250957976938,9,32,91,MP,Suresh Kol,IND,,,,,False,32,2018,AE
1266639,Prem Chand Majhi,IND,14765,1276,0.741959680654971,10,32,91,MP,Prem Chand Majhi,IND,,,,,False,32,2018,AE
1266640,Alka Goud,AAAP,14772,1081,0.63,11,32,91,MP,Alka Goud,AAAP,,,,,False,32,2018,AE
1266641,Lal Singh Barkade,PSPU,14880,766,0.45,12,32,91,MP,Lal Singh Barkade,PSPU,,,,,False,32,2018,AE
1266728,Sanjay Satyendra Pathak,BJP,14761,79939,47.830431400706,1,32,92,MP,Sanjay Satyendra Pathak,BJP,,,,,False,32,2018,AE
1266729,Padma Shukla,INC,14760,66201,39.6104828576557,2,32,92,MP,Padma Shukla,INC,,,,,False,32,2018,AE
1266730,Ram Sarovar Kushwaha,BSP,14762,7482,4.47675462215042,3,32,92,MP,Ram Sarovar Kushwaha,BSP,,,,,False,32,2018,AE
1266731,Nota,NOTA,14771,3974,2.37778974451026,4,32,92,MP,Nota,NOTA,,,,,False,32,2018,AE
1266732,Rajendra,IND,14765,3376,2.01998444324777,5,32,92,MP,Rajendra,IND,,,,,False,32,2018,AE
1266733,Pandit Ramgopal Dubey,IND,14765,1623,0.971100341051875,6,32,92,MP,Pandit Ramgopal Dubey,IND,,,,,False,32,2018,AE
1266734,Yogendra Patel (Yogi Bhai),SHS,14784,1152,0.68928379106085,7,32,92,MP,Yogendra Patel (Yogi Bhai),SHS,,,,,False,32,2018,AE
1266735,Ramakant Patel,AAAP,14772,926,0.55,8,32,92,MP,Ramakant Patel,AAAP,,,,,False,32,2018,AE
1266736,Rajkumar,IND,14765,903,0.540297971638844,9,32,92,MP,Rajkumar,IND,,,,,False,32,2018,AE
1266737,Didi Padma,IND,14765,436,0.260874768144558,10,32,92,MP,Didi Padma,IND,,,,,False,32,2018,AE
1266738,Padma Didi,IND,14765,264,0.157960868784778,11,32,92,MP,Padma Didi,IND,,,,,False,32,2018,AE
1266739,Gul Mohammad (Raju Bhaijaan),IND,14765,244,0.145994136301082,12,32,92,MP,Gul Mohammad (Raju Bhaijaan),IND,,,,,False,32,2018,AE
1266740,Shiv Narayan Soni,JPJD,14774,225,0.134625740441572,13,32,92,MP,Shiv Narayan Soni,JPJD,,,,,False,32,2018,AE
1266741,Narendra,IND,14765,215,0.128642374199724,14,32,92,MP,Narendra,IND,,,,,False,32,2018,AE
1266742,Amit,IND,14765,170,0.10171722611141,15,32,92,MP,Amit,IND,,,,,False,32,2018,AE
1266851,Sandip Shree Prasad Jaiswal,BJP,14761,79553,48.7525815525472,1,32,93,MP,Sandip Shree Prasad Jaiswal,BJP,,,,,False,32,2018,AE
1266852,Mithlesh Jain Advocate,INC,14760,63473,38.8982515918297,2,32,93,MP,Mithlesh Jain Advocate,INC,,,,,False,32,2018,AE
1266853,Promod Gupta,BSP,14762,4252,2.60575939011012,3,32,93,MP,Promod Gupta,BSP,,,,,False,32,2018,AE
1266854,Sunil Mishra Advocate,AAAP,14772,2895,1.77,4,32,93,MP,Sunil Mishra Advocate,AAAP,,,,,False,32,2018,AE
1266855,Nota,NOTA,14771,2099,1.28633324549415,5,32,93,MP,Nota,NOTA,,,,,False,32,2018,AE
1266856,Shashi Kant Shekhar Bhardwaj,SPAKP,14807,1797,1.1,6,32,93,MP,Shashi Kant Shekhar Bhardwaj,SPAKP,,,,,False,32,2018,AE
1266857,Sandeep Jaiswal,IND,14765,1704,1.04426481673275,7,32,93,MP,Sandeep Jaiswal,IND,,,,,False,32,2018,AE
1266858,Sandeep Nayak Advocate,IND,14765,1568,0.960919737463,8,32,93,MP,Sandeep Nayak Advocate,IND,,,,,False,32,2018,AE
1266859,Omprakash Ahuja(Toni),RPI(A),14785,1419,0.869607849145406,9,32,93,MP,Omprakash Ahuja(Toni),RPI(A),,,,,False,32,2018,AE
1266860,Ajay Kumar Sharma,IND,14765,1244,0.762362342732125,10,32,93,MP,Ajay Kumar Sharma,IND,,,,,False,32,2018,AE
1266861,Amresh Singh (Munnu Bhaya),BYPP,14802,746,0.46,11,32,93,MP,Amresh Singh (Munnu Bhaya),BYPP,,,,,False,32,2018,AE
1266862,Vinod Kumar Badgaiyan,IND,14765,656,0.4020174411835,12,32,93,MP,Vinod Kumar Badgaiyan,IND,,,,,False,32,2018,AE
1266863,Gyani Rai (Munna Bhaiya),SHS,14784,650,0.398340452392187,13,32,93,MP,Gyani Rai (Munna Bhaiya),SHS,,,,,False,32,2018,AE
1266864,Smt. Gunjan Goenka,IND,14765,528,0.3235750136355,14,32,93,MP,Smt. Gunjan Goenka,IND,,,,,False,32,2018,AE
1266865,Amit Kumar Gautam,JAC,14940,319,0.2,15,32,93,MP,Amit Kumar Gautam,JAC,,,,,False,32,2018,AE
1266866,Rohit Vishvkarma,IPBP,14988,274,0.167915821469937,16,32,93,MP,Rohit Vishvkarma,IPBP,,,,,False,32,2018,AE
1266983,Pranay Prabhat Pandey (Guddu Bhaiya),BJP,14761,89041,49.775554126953,1,32,94,MP,Pranay Prabhat Pandey (Guddu Bhaiya),BJP,,,,,False,32,2018,AE
1266984,Kunwar Saurabh Singh,INC,14760,72606,40.5880873186684,2,32,94,MP,Kunwar Saurabh Singh,INC,,,,,False,32,2018,AE
1266985,Choudhari Govind Patel,BSP,14762,5143,2.87503144478296,3,32,94,MP,Choudhari Govind Patel,BSP,,,,,False,32,2018,AE
1266986,Nota,NOTA,14771,2735,1.52891522486513,4,32,94,MP,Nota,NOTA,,,,,False,32,2018,AE
1266987,Satyendra Singh Dabbu Rajput,IND,14765,2727,1.52444307795511,5,32,94,MP,Satyendra Singh Dabbu Rajput,IND,,,,,False,32,2018,AE
1266988,Anil Singh Sengar (Advocate),AAAP,14772,1662,0.93,6,32,94,MP,Anil Singh Sengar (Advocate),AAAP,,,,,False,32,2018,AE
1266989,A.K.Khan,PSPU,14880,1220,0.68,7,32,94,MP,A.K.Khan,PSPU,,,,,False,32,2018,AE
1266990,Satyendra Singh,IND,14765,864,0.482991866282807,8,32,94,MP,Satyendra Singh,IND,,,,,False,32,2018,AE
1266991,Hans Ram Yadav (Lalu Yadav),IND,14765,771,0.431003158453755,9,32,94,MP,Hans Ram Yadav (Lalu Yadav),IND,,,,,False,32,2018,AE
1266992,Virendra Urf Guddan Tamrakar,IND,14765,447,0.249881208597702,10,32,94,MP,Virendra Urf Guddan Tamrakar,IND,,,,,False,32,2018,AE
1266993,Udaybhan Singh Maravi,IND,14765,365,0.204041702769935,11,32,94,MP,Udaybhan Singh Maravi,IND,,,,,False,32,2018,AE
1266994,Radha Charan (Pappu Bhaiya),BSCP,14867,358,0.200128574223663,12,32,94,MP,Radha Charan (Pappu Bhaiya),BSCP,,,,,False,32,2018,AE
1266995,Ramtahl,IND,14765,254,0.141990664393325,13,32,94,MP,Ramtahl,IND,,,,,False,32,2018,AE
1266996,Narayan Alas Sanjay Patel,SHS,14784,235,0.131369315482013,14,32,94,MP,Narayan Alas Sanjay Patel,SHS,,,,,False,32,2018,AE
1266997,Ashok Kumar Raikwar,IND,14765,232,0.129692260390753,15,32,94,MP,Ashok Kumar Raikwar,IND,,,,,False,32,2018,AE
1266998,Rajkumar Bakshi,IND,14765,225,0.125779131844481,16,32,94,MP,Rajkumar Bakshi,IND,,,,,False,32,2018,AE
1267116,Ajay Vishnoi,BJP,14761,100443,53.955489662063,1,32,95,MP,Ajay Vishnoi,BJP,,,,,False,32,2018,AE
1267117,Neelesh Awasthi,INC,14760,73731,39.6064654408328,2,32,95,MP,Neelesh Awasthi,INC,,,,,False,32,2018,AE
1267118,Nota,NOTA,14771,3180,1.70821716919407,3,32,95,MP,Nota,NOTA,,,,,False,32,2018,AE
1267119,Saket Shrivastava,IND,14765,2442,1.31178186389054,4,32,95,MP,Saket Shrivastava,IND,,,,,False,32,2018,AE
1267120,Rajkumar Patel,BSP,14762,1691,0.908363280851315,5,32,95,MP,Rajkumar Patel,BSP,,,,,False,32,2018,AE
1267121,Indra Kumar Goswami,GGP,14879,847,0.454987403241315,6,32,95,MP,Indra Kumar Goswami,GGP,,,,,False,32,2018,AE
1267122,Ramraj Patel (Ramu Bhaiya),AAAP,14772,702,0.38,7,32,95,MP,Ramraj Patel (Ramu Bhaiya),AAAP,,,,,False,32,2018,AE
1267123,Liyakat Khan,IND,14765,659,0.353998463678898,8,32,95,MP,Liyakat Khan,IND,,,,,False,32,2018,AE
1267124,Vinod Kumar Patel (Lallu Baba),SPAKP,14807,452,0.24,9,32,95,MP,Vinod Kumar Patel (Lallu Baba),SPAKP,,,,,False,32,2018,AE
1267125,Gayatri Narayan Singh,BSCP,14867,382,0.205200930387464,10,32,95,MP,Gayatri Narayan Singh,BSCP,,,,,False,32,2018,AE
1267126,Ramdayal Kumhar (Prajapati),IND,14765,379,0.203589404756149,11,32,95,MP,Ramdayal Kumhar (Prajapati),IND,,,,,False,32,2018,AE
1267127,Kushwaha Shri Ram Patel,RSMD,14793,350,0.188011323653436,12,32,95,MP,Kushwaha Shri Ram Patel,RSMD,,,,,False,32,2018,AE
1267128,Kashiram,NINSHAD,14906,284,0.152557759764502,13,32,95,MP,Kashiram,NINSHAD,,,,,False,32,2018,AE
1267129,Ajay Kumar,IND,14765,260,0.139665554713981,14,32,95,MP,Ajay Kumar,IND,,,,,False,32,2018,AE
1267130,Ajay (Ajju),IND,14765,184,0.0988402387206635,15,32,95,MP,Ajay (Ajju),IND,,,,,False,32,2018,AE
1267131,Ajay,IND,14765,173,0.0929313114058412,16,32,95,MP,Ajay,IND,,,,,False,32,2018,AE
1267251,Sanjay Yadav Seoni Tola,INC,14760,86901,50.128347860196,1,32,96,MP,Sanjay Yadav Seoni Tola,INC,,,,,False,32,2018,AE
1267252,Pratibha Singh,BJP,14761,69338,39.9972311472856,2,32,96,MP,Pratibha Singh,BJP,,,,,False,32,2018,AE
1267253,Shanker Singh,IND,14765,3281,1.89262619911512,3,32,96,MP,Shanker Singh,IND,,,,,False,32,2018,AE
1267254,Nota,NOTA,14771,3091,1.78302577917245,4,32,96,MP,Nota,NOTA,,,,,False,32,2018,AE
1267255,Advocate Siddharth Gupta,GGP,14879,2376,1.37058209359875,5,32,96,MP,Advocate Siddharth Gupta,GGP,,,,,False,32,2018,AE
1267256,Ram Manohar,BSP,14762,1895,1.09311997784917,6,32,96,MP,Ram Manohar,BSP,,,,,False,32,2018,AE
1267257,Aneeta,BSCP,14867,1655,0.954677342132131,7,32,96,MP,Aneeta,BSCP,,,,,False,32,2018,AE
1267258,Shiv Prasad,IND,14765,1043,0.601648621053663,8,32,96,MP,Shiv Prasad,IND,,,,,False,32,2018,AE
1267259,Sarju Masram,IND,14765,899,0.518583039623436,9,32,96,MP,Sarju Masram,IND,,,,,False,32,2018,AE
1267260,Smt. Jyoti Nitin Singh,SP,14763,527,0.303996954262014,10,32,96,MP,Smt. Jyoti Nitin Singh,SP,,,,,False,32,2018,AE
1267261,Vinod Meadhto,IND,14765,456,0.263041007862388,11,32,96,MP,Vinod Meadhto,IND,,,,,False,32,2018,AE
1267262,Dr. Anuja Patel (Lodhi),IND,14765,448,0.258426253338486,12,32,96,MP,Dr. Anuja Patel (Lodhi),IND,,,,,False,32,2018,AE
1267263,Indal Singh,NINSHAD,14906,390,0.2249692830402,13,32,96,MP,Indal Singh,NINSHAD,,,,,False,32,2018,AE
1267264,Suresh Shing Satnami,BYPP,14802,389,0.22,14,32,96,MP,Suresh Shing Satnami,BYPP,,,,,False,32,2018,AE
1267265,Advocate Abhay Sahu,IND,14765,347,0.200164977474229,15,32,96,MP,Advocate Abhay Sahu,IND,,,,,False,32,2018,AE
1267266,Smt. Vimlawati Patel (Vimla Hardware),SHS,14784,321,0.185167025271549,16,32,96,MP,Smt. Vimlawati Patel (Vimla Hardware),SHS,,,,,False,32,2018,AE
1267378,Lakhan Ghanghoriya,INC,14760,90206,57.6381434340336,1,32,97,MP,Lakhan Ghanghoriya,INC,,,,,False,32,2018,AE
1267379,Anchal Sonker,BJP,14761,55070,35.1875990390021,2,32,97,MP,Anchal Sonker,BJP,,,,,False,32,2018,AE
1267380,Bal Kishan Choudhary,BSP,14762,5935,3.79223534222767,3,32,97,MP,Bal Kishan Choudhary,BSP,,,,,False,32,2018,AE
1267381,Nota,NOTA,14771,2148,1.3724888820733,4,32,97,MP,Nota,NOTA,,,,,False,32,2018,AE
1267382,Usha Bai Choudhary,MPJVP,14903,812,0.51883657925676,5,32,97,MP,Usha Bai Choudhary,MPJVP,,,,,False,32,2018,AE
1267383,Pradeep Kumar,IND,14765,698,0.445994990543372,6,32,97,MP,Pradeep Kumar,IND,,,,,False,32,2018,AE
1267384,Rajkumar Banshkar,AAAP,14772,604,0.39,7,32,97,MP,Rajkumar Banshkar,AAAP,,,,,False,32,2018,AE
1267385,Vishnu Malik,IND,14765,301,0.192327352655523,8,32,97,MP,Vishnu Malik,IND,,,,,False,32,2018,AE
1267386,Rajesh Samundre,SHS,14784,223,0.142488370904258,9,32,97,MP,Rajesh Samundre,SHS,,,,,False,32,2018,AE
1267387,Sunil Vanshkar,IUML,14992,193,0.123319531769156,10,32,97,MP,Sunil Vanshkar,IUML,,,,,False,32,2018,AE
1267388,Channu Lal Ahirvar,BSCP,14867,187,0.119485763942135,11,32,97,MP,Channu Lal Ahirvar,BSCP,,,,,False,32,2018,AE
1267389,Vishnu Prasad Ahirwar M,BSKRP,14806,127,0.0811480856719317,12,32,97,MP,Vishnu Prasad Ahirwar M,BSKRP,,,,,False,32,2018,AE
1267486,Vinay Saxena,INC,14760,50045,35.2295605896349,1,32,98,MP,Vinay Saxena,INC,,,,,False,32,2018,AE
1267487,Sharad Jain,BJP,14761,49467,34.8226730679882,2,32,98,MP,Sharad Jain,BJP,,,,,False,32,2018,AE
1267488,Pn. Dheeraj Pateria,IND,14765,29479,20.7519675616314,3,32,98,MP,Pn. Dheeraj Pateria,IND,,,,,False,32,2018,AE
1267489,Sitaram Sen,IND,14765,5424,3.8182662930998,4,32,98,MP,Sitaram Sen,IND,,,,,False,32,2018,AE
1267490,Aftab Alam,BSP,14762,1779,1.25234065918594,5,32,98,MP,Aftab Alam,BSP,,,,,False,32,2018,AE
1267491,Nota,NOTA,14771,1209,0.851084798738507,6,32,98,MP,Nota,NOTA,,,,,False,32,2018,AE
1267492,Abhishek Kumar Sharma,AAAP,14772,558,0.39,7,32,98,MP,Abhishek Kumar Sharma,AAAP,,,,,False,32,2018,AE
1267493,Sanju Thakur,IND,14765,504,0.354794655553521,8,32,98,MP,Sanju Thakur,IND,,,,,False,32,2018,AE
1267494,Devendra Kumar Shukla,BSKRP,14806,480,0.337899671955735,9,32,98,MP,Devendra Kumar Shukla,BSKRP,,,,,False,32,2018,AE
1267495,Rakesh Chakravarty,IND,14765,306,0.215411040871781,10,32,98,MP,Rakesh Chakravarty,IND,,,,,False,32,2018,AE
1267496,Shyam Krishna Tiwari,IND,14765,294,0.206963549072887,11,32,98,MP,Shyam Krishna Tiwari,IND,,,,,False,32,2018,AE
1267497,Dr. Dhai Akshar (Rakesh Sonkar),IND,14765,265,0.186548777225562,12,32,98,MP,Dr. Dhai Akshar (Rakesh Sonkar),IND,,,,,False,32,2018,AE
1267498,Amit Khampariya,SSKP,14827,242,0.170357751277683,13,32,98,MP,Amit Khampariya,SSKP,,,,,False,32,2018,AE
1267499,Raju Bhaia,IND,14765,241,0.169653793627775,14,32,98,MP,Raju Bhaia,IND,,,,,False,32,2018,AE
1267500,Prince (Dhanuk M.),IND,14765,226,0.159094428879158,15,32,98,MP,Prince (Dhanuk M.),IND,,,,,False,32,2018,AE
1267501,Mrs. Shubha Sharma,RSYSP,14836,203,0.142903402931279,16,32,98,MP,Mrs. Shubha Sharma,RSYSP,,,,,False,32,2018,AE
1267502,Jai Kumar Shrivastava,IND,14765,190,0.133751953482478,17,32,98,MP,Jai Kumar Shrivastava,IND,,,,,False,32,2018,AE
1267503,Advocate Rajneesh Naveria,SP,14763,185,0.130232165232939,18,32,98,MP,Advocate Rajneesh Naveria,SP,,,,,False,32,2018,AE
1267504,Amaresh Pandey,SHS,14784,159,0.111929266335337,19,32,98,MP,Amaresh Pandey,SHS,,,,,False,32,2018,AE
1267505,Adv. Reenu Agrawal / Renu Gupta,JLOKP,14855,153,0.11,20,32,98,MP,Adv. Reenu Agrawal / Renu Gupta,JLOKP,,,,,False,32,2018,AE
1267506,Subhash Jaiswal,IND,14765,148,0.104185732186351,21,32,98,MP,Subhash Jaiswal,IND,,,,,False,32,2018,AE
1267507,Sakhwat Khan Sahab,GGP,14879,145,0.102073859236628,22,32,98,MP,Sakhwat Khan Sahab,GGP,,,,,False,32,2018,AE
1267508,Dr. Suneel Dubey,AVIRP,14845,136,0.0957382403874582,23,32,98,MP,Dr. Suneel Dubey,AVIRP,,,,,False,32,2018,AE
1267509,Brijesh Mishra,BSCP,14867,117,0.0823630450392104,24,32,98,MP,Brijesh Mishra,BSCP,,,,,False,32,2018,AE
1267510,Ram Kumar Jaiswal (Insaan),IND,14765,99,0.0696918073408703,25,32,98,MP,Ram Kumar Jaiswal (Insaan),IND,,,,,False,32,2018,AE
1267617,Ashok Ishwardas Rohani,BJP,14761,71898,56.8579381899851,1,32,99,MP,Ashok Ishwardas Rohani,BJP,,,,,False,32,2018,AE
1267618,Pt. Alok Mishra,INC,14760,45313,35.8341505077025,2,32,99,MP,Pt. Alok Mishra,INC,,,,,False,32,2018,AE
1267619,Rajesh Kumar Singh,BSP,14762,3392,2.68244076803846,3,32,99,MP,Rajesh Kumar Singh,BSP,,,,,False,32,2018,AE
1267620,Nota,NOTA,14771,2256,1.78407617119539,4,32,99,MP,Nota,NOTA,,,,,False,32,2018,AE
1267621,Yuvraj Vishwakarma,AAAP,14772,816,0.65,5,32,99,MP,Yuvraj Vishwakarma,AAAP,,,,,False,32,2018,AE
1267622,Surendra Yadeo,IND,14765,703,0.555942175687217,6,32,99,MP,Surendra Yadeo,IND,,,,,False,32,2018,AE
1267623,Yogesh Agarwal,IND,14765,573,0.453136367949894,7,32,99,MP,Yogesh Agarwal,IND,,,,,False,32,2018,AE
1267624,Comred Vidya Khangar,CPM,14764,372,0.294182772909878,8,32,99,MP,Comred Vidya Khangar,CPM,,,,,False,32,2018,AE
1267625,Kanhaiya Tiwari,SHS,14784,328,0.259386961060323,9,32,99,MP,Kanhaiya Tiwari,SHS,,,,,False,32,2018,AE
1267626,Lalit Keshwani,BJSPP,14991,194,0.15,10,32,99,MP,Lalit Keshwani,BJSPP,,,,,False,32,2018,AE
1267627,Anil Raidas (Advocate),IND,14765,189,0.149463828171954,11,32,99,MP,Anil Raidas (Advocate),IND,,,,,False,32,2018,AE
1267628,Pradeep Gayakvar,IND,14765,134,0.10596906336001,12,32,99,MP,Pradeep Gayakvar,IND,,,,,False,32,2018,AE
1267629,Advocate- Ved Prakash Patel,SWBI,14994,121,0.1,13,32,99,MP,Advocate- Ved Prakash Patel,SWBI,,,,,False,32,2018,AE
1267630,Ashish Paroche,IND,14765,87,0.0688008097934394,14,32,99,MP,Ashish Paroche,IND,,,,,False,32,2018,AE
1267631,Dharmendra Kumar,BSCP,14867,76,0.0601018568310505,15,32,99,MP,Dharmendra Kumar,BSCP,,,,,False,32,2018,AE
1267736,Tarun Bhanot,INC,14760,82359,53.2062380484779,1,32,100,MP,Tarun Bhanot,INC,,,,,False,32,2018,AE
1267737,Harendrajeet Singh Babbu,BJP,14761,63676,41.1364928420073,2,32,100,MP,Harendrajeet Singh Babbu,BJP,,,,,False,32,2018,AE
1267738,Nota,NOTA,14771,2632,1.70034627112512,3,32,100,MP,Nota,NOTA,,,,,False,32,2018,AE
1267739,Adv. Dinesh Kushwaha,BSP,14762,1527,0.986485089668716,4,32,100,MP,Adv. Dinesh Kushwaha,BSP,,,,,False,32,2018,AE
1267740,Ashish Singrha,AAAP,14772,1195,0.77,5,32,100,MP,Ashish Singrha,AAAP,,,,,False,32,2018,AE
1267741,Praveen Pandey (Advocate),SPAKP,14807,851,0.55,6,32,100,MP,Praveen Pandey (Advocate),SPAKP,,,,,False,32,2018,AE
1267742,Ajay Pandey,SSKP,14827,616,0.397953382603752,7,32,100,MP,Ajay Pandey,SSKP,,,,,False,32,2018,AE
1267743,Vishnu Kumar,IND,14765,506,0.326890278567367,8,32,100,MP,Vishnu Kumar,IND,,,,,False,32,2018,AE
1267744,Piyush Verma,IND,14765,388,0.250658948782882,9,32,100,MP,Piyush Verma,IND,,,,,False,32,2018,AE
1267745,Amin Khan,IND,14765,229,0.147940462039381,10,32,100,MP,Amin Khan,IND,,,,,False,32,2018,AE
1267746,Pankaj Burman,BSCP,14867,219,0.141480179854256,11,32,100,MP,Pankaj Burman,BSCP,,,,,False,32,2018,AE
1267747,Advocate Uday Kumar Sahu,BMUP,14773,181,0.116931107550777,12,32,100,MP,Advocate Uday Kumar Sahu,BMUP,,,,,False,32,2018,AE
1267748,Angelina Prasad,IND,14765,171,0.110470825365651,13,32,100,MP,Angelina Prasad,IND,,,,,False,32,2018,AE
1267749,Mo. Waseem Ansari,GGP,14879,131,0.0846296966251485,14,32,100,MP,Mo. Waseem Ansari,GGP,,,,,False,32,2018,AE
1267750,Sanjay Chakrawarty,SBIP,14874,111,0.0717091322548968,15,32,100,MP,Sanjay Chakrawarty,SBIP,,,,,False,32,2018,AE
1267857,Susheel Kumar Tiwari (Indu Bhaiya),BJP,14761,84302,46.1407945004542,1,32,101,MP,Susheel Kumar Tiwari (Indu Bhaiya),BJP,,,,,False,32,2018,AE
1267858,Bharat Singh Yadav,IND,14765,42569,23.2991801035543,2,32,101,MP,Bharat Singh Yadav,IND,,,,,False,32,2018,AE
1267859,Sammati Saini,INC,14760,40629,22.2373649469639,3,32,101,MP,Sammati Saini,INC,,,,,False,32,2018,AE
1267860,Jawahar Ahirwar,BSP,14762,7209,3.94568322879379,4,32,101,MP,Jawahar Ahirwar,BSP,,,,,False,32,2018,AE
1267861,Nota,NOTA,14771,1785,0.9769794095432,5,32,101,MP,Nota,NOTA,,,,,False,32,2018,AE
1267862,Ram Kripal Choudhary,IND,14765,1089,0.596039538931397,6,32,101,MP,Ram Kripal Choudhary,IND,,,,,False,32,2018,AE
1267863,Amaresh Patel,AAAP,14772,1053,0.58,7,32,101,MP,Amaresh Patel,AAAP,,,,,False,32,2018,AE
1267864,Gauri Shankar Tiwari Retired Forest Adhikari,IND,14765,974,0.533096887896401,8,32,101,MP,Gauri Shankar Tiwari Retired Forest Adhikari,IND,,,,,False,32,2018,AE
1267865,Purshotam Gontiya,IND,14765,906,0.495878624675708,9,32,101,MP,Purshotam Gontiya,IND,,,,,False,32,2018,AE
1267866,Smt. Rashmi Pathak,SPAKP,14807,632,0.35,10,32,101,MP,Smt. Rashmi Pathak,SPAKP,,,,,False,32,2018,AE
1267867,Mahendra Yadav,BSCP,14867,402,0.220025614922334,11,32,101,MP,Mahendra Yadav,BSCP,,,,,False,32,2018,AE
1267868,Anil Kumar Ahirwar,IND,14765,353,0.193206572307422,12,32,101,MP,Anil Kumar Ahirwar,IND,,,,,False,32,2018,AE
1267869,Chhote Bhai Patel,PHSP,14998,316,0.172955458496163,13,32,101,MP,Chhote Bhai Patel,PHSP,,,,,False,32,2018,AE
1267870,Raghvendra Singh Sengar (Ravi),SAMSAMPA,14818,252,0.137926504876687,14,32,101,MP,Raghvendra Singh Sengar (Ravi),SAMSAMPA,,,,,False,32,2018,AE
1267871,Pratik Pathariya,MPJVP,14903,235,0.128621939071513,15,32,101,MP,Pratik Pathariya,MPJVP,,,,,False,32,2018,AE
1267980,Smt. Nandni Maravi,BJP,14761,73312,45.3994872493528,1,32,102,MP,Smt. Nandni Maravi,BJP,,,,,False,32,2018,AE
1267981,Khiladi Singh Aarmo,INC,14760,66489,41.1742485230552,2,32,102,MP,Khiladi Singh Aarmo,INC,,,,,False,32,2018,AE
1267982,Smt. Babita Gautiya,BSP,14762,6028,3.73292379336396,3,32,102,MP,Smt. Babita Gautiya,BSP,,,,,False,32,2018,AE
1267983,Maahu Singh Paraste,GGP,14879,5937,3.67657076330488,4,32,102,MP,Maahu Singh Paraste,GGP,,,,,False,32,2018,AE
1267984,Nota,NOTA,14771,4620,2.86099998761471,5,32,102,MP,Nota,NOTA,,,,,False,32,2018,AE
1267985,Sanjay Kumar Kol,SPAKP,14807,2464,1.53,6,32,102,MP,Sanjay Kumar Kol,SPAKP,,,,,False,32,2018,AE
1267986,Anod Singh Baiga,BSCP,14867,1408,0.871923805749247,7,32,102,MP,Anod Singh Baiga,BSCP,,,,,False,32,2018,AE
1267987,Priya Singh Thakur,AAAP,14772,1224,0.76,8,32,102,MP,Priya Singh Thakur,AAAP,,,,,False,32,2018,AE
1268077,Bhoopendra Maravi (Bablu),INC,14760,88687,45.5864135658735,1,32,103,MP,Bhoopendra Maravi (Bablu),INC,,,,,False,32,2018,AE
1268078,Omprakash Dhurwey,BJP,14761,54727,28.1304774681696,2,32,103,MP,Omprakash Dhurwey,BJP,,,,,False,32,2018,AE
1268079,Ranjeet Singh Maravi,GGP,14879,30955,15.9113221997769,3,32,103,MP,Ranjeet Singh Maravi,GGP,,,,,False,32,2018,AE
1268080,Nota,NOTA,14771,6543,3.36319758207528,4,32,103,MP,Nota,NOTA,,,,,False,32,2018,AE
1268081,Amar Singh Marko,AAAP,14772,6130,3.15,5,32,103,MP,Amar Singh Marko,AAAP,,,,,False,32,2018,AE
1268082,Anek Singh Maravi,IND,14765,2931,1.50657681691313,6,32,103,MP,Anek Singh Maravi,IND,,,,,False,32,2018,AE
1268083,Gawlu Singh Markam,BSP,14762,2586,1.3292417770513,7,32,103,MP,Gawlu Singh Markam,BSP,,,,,False,32,2018,AE
1268084,Shambhu Singh Maravi,IND,14765,1988,1.02186104129079,8,32,103,MP,Shambhu Singh Maravi,IND,,,,,False,32,2018,AE
1268165,Omkar Singh Markam,INC,14760,85039,45.8021393254553,1,32,104,MP,Omkar Singh Markam,INC,,,,,False,32,2018,AE
1268166,Jay Singh Maravi,BJP,14761,52989,28.5399588508396,2,32,104,MP,Jay Singh Maravi,BJP,,,,,False,32,2018,AE
1268167,Ganga Singh Patta,GGP,14879,28274,15.2284209279027,3,32,104,MP,Ganga Singh Patta,GGP,,,,,False,32,2018,AE
1268168,Bhudeshwar Banwasi,BSCP,14867,7341,3.95387416112804,4,32,104,MP,Bhudeshwar Banwasi,BSCP,,,,,False,32,2018,AE
1268169,Nota,NOTA,14771,4940,2.66069177986276,5,32,104,MP,Nota,NOTA,,,,,False,32,2018,AE
1268170,Sunaram Nawasiya,SHS,14784,2376,1.2797173418935,6,32,104,MP,Sunaram Nawasiya,SHS,,,,,False,32,2018,AE
1268171,Pankaj Kumar Patta,AAAP,14772,1930,1.04,7,32,104,MP,Pankaj Kumar Patta,AAAP,,,,,False,32,2018,AE
1268172,Sitar Markam,BSP,14762,1528,0.822983206402895,8,32,104,MP,Sitar Markam,BSP,,,,,False,32,2018,AE
1268173,Kehar Singh Varme,SPAKP,14807,1249,0.67,9,32,104,MP,Kehar Singh Varme,SPAKP,,,,,False,32,2018,AE
1268253,Narayan Singh Patta,INC,14760,76544,40.9146791246619,1,32,105,MP,Narayan Singh Patta,INC,,,,,False,32,2018,AE
1268254,Dr. Shivraj Shah Shiva Bhaiya,BJP,14761,55156,29.4822591163233,2,32,105,MP,Dr. Shivraj Shah Shiva Bhaiya,BJP,,,,,False,32,2018,AE
1268255,Engineer Kamlesh Tekam,GGP,14879,32417,17.3276958766743,3,32,105,MP,Engineer Kamlesh Tekam,GGP,,,,,False,32,2018,AE
1268256,Nota,NOTA,14771,5915,3.16171518371623,4,32,105,MP,Nota,NOTA,,,,,False,32,2018,AE
1268257,Savitri Dhumketi,IND,14765,4777,2.55342577051774,5,32,105,MP,Savitri Dhumketi,IND,,,,,False,32,2018,AE
1268258,Sunder Lal Kumhare,BSP,14762,1992,1.06477373558118,6,32,105,MP,Sunder Lal Kumhare,BSP,,,,,False,32,2018,AE
1268259,Ashok Shah Dhurwey (Panda),AAAP,14772,1903,1.02,7,32,105,MP,Ashok Shah Dhurwey (Panda),AAAP,,,,,False,32,2018,AE
1268260,Naresh Dhurwey,IND,14765,1880,1.00490693920313,8,32,105,MP,Naresh Dhurwey,IND,,,,,False,32,2018,AE
1268261,Samaru,IND,14765,1493,0.79804577671823,9,32,105,MP,Samaru,IND,,,,,False,32,2018,AE
1268262,Amar Singh Pattavi,IND,14765,1171,0.625928737131311,10,32,105,MP,Amar Singh Pattavi,IND,,,,,False,32,2018,AE
1268263,Lal Singh,IND,14765,1026,0.548422616820431,11,32,105,MP,Lal Singh,IND,,,,,False,32,2018,AE
1268264,Sonu Lal Marawi,SPAKP,14807,1010,0.54,12,32,105,MP,Sonu Lal Marawi,SPAKP,,,,,False,32,2018,AE
1268265,Pooran Singh,SHS,14784,969,0.517954693663741,13,32,105,MP,Pooran Singh,SHS,,,,,False,32,2018,AE
1268266,Chandra Prakash Sirsam Bunty Singh,RGOP,14925,829,0.443121198191167,14,32,105,MP,Chandra Prakash Sirsam Bunty Singh,RGOP,,,,,False,32,2018,AE
1268344,Dr Ashok Marskole,INC,14760,91007,47.9390430838763,1,32,106,MP,Dr Ashok Marskole,INC,,,,,False,32,2018,AE
1268345,Rampyare Kulaste,BJP,14761,62692,33.0237727758785,2,32,106,MP,Rampyare Kulaste,BJP,,,,,False,32,2018,AE
1268346,Rammu Lal Kulaste,GGP,14879,21852,11.5108065255295,3,32,106,MP,Rammu Lal Kulaste,GGP,,,,,False,32,2018,AE
1268347,Nota,NOTA,14771,5327,2.80606197883469,4,32,106,MP,Nota,NOTA,,,,,False,32,2018,AE
1268348,Anita Uikey,BSP,14762,3715,1.95692139128419,5,32,106,MP,Anita Uikey,BSP,,,,,False,32,2018,AE
1268349,Rajkumar Marawi,SPAKP,14807,2763,1.46,6,32,106,MP,Rajkumar Marawi,SPAKP,,,,,False,32,2018,AE
1268350,Ghanshyam Kudape,IND,14765,2483,1.30795042114633,7,32,106,MP,Ghanshyam Kudape,IND,,,,,False,32,2018,AE
1268442,Deosingh Saiyam,BJP,14761,88873,46.0026605794265,1,32,107,MP,Deosingh Saiyam,BJP,,,,,False,32,2018,AE
1268443,Prof. Sanjeev Chhotelal Uikey,INC,14760,76668,39.6850784974455,2,32,107,MP,Prof. Sanjeev Chhotelal Uikey,INC,,,,,False,32,2018,AE
1268444,Kishan Lal Uikey,GGP,14879,16746,8.66810565709582,3,32,107,MP,Kishan Lal Uikey,GGP,,,,,False,32,2018,AE
1268445,Nota,NOTA,14771,3642,1.88518098669192,4,32,107,MP,Nota,NOTA,,,,,False,32,2018,AE
1268446,Manoj Gontiya,SPAKP,14807,2580,1.34,5,32,107,MP,Manoj Gontiya,SPAKP,,,,,False,32,2018,AE
1268447,Premlal Workade (Ret. S.D.M.),AAAP,14772,2465,1.28,6,32,107,MP,Premlal Workade (Ret. S.D.M.),AAAP,,,,,False,32,2018,AE
1268448,Laxman(Lachhi Ram) Uikey,BSP,14762,2217,1.14756898613289,7,32,107,MP,Laxman(Lachhi Ram) Uikey,BSP,,,,,False,32,2018,AE
1268540,Sanjay Uikey,INC,14760,79399,45.7185795968192,1,32,108,MP,Sanjay Uikey,INC,,,,,False,32,2018,AE
1268541,Anupama Netam,BJP,14761,62919,36.2292637143071,2,32,108,MP,Anupama Netam,BJP,,,,,False,32,2018,AE
1268542,Thakur Gopal Singh Kushare,GGP,14879,16994,9.78528119583805,3,32,108,MP,Thakur Gopal Singh Kushare,GGP,,,,,False,32,2018,AE
1268543,Nota,NOTA,14771,5249,3.02241620554042,4,32,108,MP,Nota,NOTA,,,,,False,32,2018,AE
1268544,Ashok Masih Dhurwey,CPI,14859,1900,1.09403520490127,5,32,108,MP,Ashok Masih Dhurwey,CPI,,,,,False,32,2018,AE
1268545,Dilan Singh Kodape,AAAP,14772,1777,1.02,6,32,108,MP,Dilan Singh Kodape,AAAP,,,,,False,32,2018,AE
1268546,Bairagsingh Tekam,BSP,14762,1575,0.906897604062901,7,32,108,MP,Bairagsingh Tekam,BSP,,,,,False,32,2018,AE
1268547,Dharamsingh Markam,PPID,14830,1535,0.883865283959716,8,32,108,MP,Dharamsingh Markam,PPID,,,,,False,32,2018,AE
1268548,Sunil Tekam,IND,14765,1312,0.755460099384461,9,32,108,MP,Sunil Tekam,IND,,,,,False,32,2018,AE
1268549,Smt. Urmila Nandlal Uikey,IND,14765,1009,0.580990274602836,10,32,108,MP,Smt. Urmila Nandlal Uikey,IND,,,,,False,32,2018,AE
1268659,Hina Likhiram Kawre,INC,14760,90382,48.0180634878469,1,32,109,MP,Hina Likhiram Kawre,INC,,,,,False,32,2018,AE
1268660,Ramesh Deelip Bhatere,BJP,14761,71686,38.0852702882188,2,32,109,MP,Ramesh Deelip Bhatere,BJP,,,,,False,32,2018,AE
1268661,Mira Nanaji Samrite,BSP,14762,5608,2.97941293664497,3,32,109,MP,Mira Nanaji Samrite,BSP,,,,,False,32,2018,AE
1268662,Anaram Dhok,GGP,14879,4671,2.48160446274405,4,32,109,MP,Anaram Dhok,GGP,,,,,False,32,2018,AE
1268663,Vijay Bisen (Manish),IND,14765,2668,1.41745251693451,5,32,109,MP,Vijay Bisen (Manish),IND,,,,,False,32,2018,AE
1268664,Kamalprasad Mandalwar,IND,14765,2585,1.37335635542568,6,32,109,MP,Kamalprasad Mandalwar,IND,,,,,False,32,2018,AE
1268665,Chunnelal Sudharam Harade,IND,14765,2530,1.3441360074379,7,32,109,MP,Chunnelal Sudharam Harade,IND,,,,,False,32,2018,AE
1268666,Narendra Jamre,PPID,14830,2198,1.16775136140257,8,32,109,MP,Narendra Jamre,PPID,,,,,False,32,2018,AE
1268667,Nota,NOTA,14771,1769,0.939832647097888,9,32,109,MP,Nota,NOTA,,,,,False,32,2018,AE
1268668,Gautam Bhimte,IND,14765,1122,0.596095098950723,10,32,109,MP,Gautam Bhimte,IND,,,,,False,32,2018,AE
1268669,Heeralal Panche,AAAP,14772,910,0.48,11,32,109,MP,Heeralal Panche,AAAP,,,,,False,32,2018,AE
1268670,Amrutlal Awasre (Amit Awasare),IND,14765,557,0.295922433258068,12,32,109,MP,Amrutlal Awasre (Amit Awasare),IND,,,,,False,32,2018,AE
1268671,Rajkumar Nageshwar,BRPP,15004,539,0.286359410280249,13,32,109,MP,Rajkumar Nageshwar,BRPP,,,,,False,32,2018,AE
1268672,Ajay Sari Seller,IND,14765,536,0.284765573117279,14,32,109,MP,Ajay Sari Seller,IND,,,,,False,32,2018,AE
1268673,Karan Singh Nagpure,BMUP,14773,464,0.246513481206003,15,32,109,MP,Karan Singh Nagpure,BMUP,,,,,False,32,2018,AE
1268789,Ram Kishor (Nano) Kawre,BJP,14761,57395,33.6481527079156,1,32,110,MP,Ram Kishor (Nano) Kawre,BJP,,,,,False,32,2018,AE
1268790,Kankar Munjare,SP,14763,47787,28.0154068029125,2,32,110,MP,Kankar Munjare,SP,,,,,False,32,2018,AE
1268791,Madhu Bhagat,INC,14760,47476,27.8330812433313,3,32,110,MP,Madhu Bhagat,INC,,,,,False,32,2018,AE
1268792,Mukesh Bouddh,BSP,14762,3886,2.27819011103685,4,32,110,MP,Mukesh Bouddh,BSP,,,,,False,32,2018,AE
1268793,Shiv Jaiswal,IND,14765,3207,1.88012241021492,5,32,110,MP,Shiv Jaiswal,IND,,,,,False,32,2018,AE
1268794,Ashok Kumar Mandlekar,SJVP,14868,2341,1.37,6,32,110,MP,Ashok Kumar Mandlekar,SJVP,,,,,False,32,2018,AE
1268795,Nota,NOTA,14771,2110,1.23699977722278,7,32,110,MP,Nota,NOTA,,,,,False,32,2018,AE
1268796,Narasram Saiyyam,AAAP,14772,1437,0.84,8,32,110,MP,Narasram Saiyyam,AAAP,,,,,False,32,2018,AE
1268797,Dinesh Dhurwey (D.C.),RGOP,14925,792,0.464314608322487,9,32,110,MP,Dinesh Dhurwey (D.C.),RGOP,,,,,False,32,2018,AE
1268798,Domeshwar (Munna) Bisen,IND,14765,752,0.440864375578927,10,32,110,MP,Domeshwar (Munna) Bisen,IND,,,,,False,32,2018,AE
1268799,Akash Bhardwaj,BSCP,14867,750,0.439691863941749,11,32,110,MP,Akash Bhardwaj,BSCP,,,,,False,32,2018,AE
1268800,Mohan Lal Barman Urf Rangopath Baba,IND,14765,693,0.406275282282176,12,32,110,MP,Mohan Lal Barman Urf Rangopath Baba,IND,,,,,False,32,2018,AE
1268801,Samim Khan S/O Hanif Khan,IND,14765,678,0.397481445003341,13,32,110,MP,Samim Khan S/O Hanif Khan,IND,,,,,False,32,2018,AE
1268802,Ruplal Samaj Sevak,IND,14765,629,0.36875490989248,14,32,110,MP,Ruplal Samaj Sevak,IND,,,,,False,32,2018,AE
1268803,Gendlal Sivne (Daharwal),IND,14765,337,0.197568210864492,15,32,110,MP,Gendlal Sivne (Daharwal),IND,,,,,False,32,2018,AE
1268804,Vishnu Armo (Guruji),IPBP,14988,304,0.178221768851055,16,32,110,MP,Vishnu Armo (Guruji),IPBP,,,,,False,32,2018,AE
1268925,Gaurishanker Chaturbhuj Bisen,BJP,14761,73476,41.9110852527465,1,32,111,MP,Gaurishanker Chaturbhuj Bisen,BJP,,,,,False,32,2018,AE
1268926,Anubha Munjare,SP,14763,45822,26.1371025702453,2,32,111,MP,Anubha Munjare,SP,,,,,False,32,2018,AE
1268927,Vishveshwar Bhagat,INC,14760,28701,16.3711968239843,3,32,111,MP,Vishveshwar Bhagat,INC,,,,,False,32,2018,AE
1268928,Anurag Chaturmohta (Montu Bhaiya),IND,14765,17113,9.76134250544736,4,32,111,MP,Anurag Chaturmohta (Montu Bhaiya),IND,,,,,False,32,2018,AE
1268929,Yogesh Samrite,BSP,14762,2704,1.54237539500553,5,32,111,MP,Yogesh Samrite,BSP,,,,,False,32,2018,AE
1268930,Manorama Nageshwar,IND,14765,1486,0.847621981130999,6,32,111,MP,Manorama Nageshwar,IND,,,,,False,32,2018,AE
1268931,Nota,NOTA,14771,861,0.49111879256648,7,32,111,MP,Nota,NOTA,,,,,False,32,2018,AE
1268932,Shyam Mohan Mathre (Kaka),IND,14765,855,0.487696361956261,8,32,111,MP,Shyam Mohan Mathre (Kaka),IND,,,,,False,32,2018,AE
1268933,Manisha Nanu Vaidya,SPAKP,14807,728,0.42,9,32,111,MP,Manisha Nanu Vaidya,SPAKP,,,,,False,32,2018,AE
1268934,Babulal Pita Sukhlal Bhagat,IND,14765,677,0.386164253853086,10,32,111,MP,Babulal Pita Sukhlal Bhagat,IND,,,,,False,32,2018,AE
1268935,Deepak Kumar Patle,IND,14765,545,0.31087078042826,11,32,111,MP,Deepak Kumar Patle,IND,,,,,False,32,2018,AE
1268936,Deepak Kumar Pincha,IND,14765,518,0.295469842682272,12,32,111,MP,Deepak Kumar Pincha,IND,,,,,False,32,2018,AE
1268937,Afsana Khan,AAAP,14772,503,0.29,13,32,111,MP,Afsana Khan,AAAP,,,,,False,32,2018,AE
1268938,Advocate Satyaprakash Shulke,MPJVP,14903,377,0.215042723342117,14,32,111,MP,Advocate Satyaprakash Shulke,MPJVP,,,,,False,32,2018,AE
1268939,Kiran Madavi,IND,14765,329,0.187663278460362,15,32,111,MP,Kiran Madavi,IND,,,,,False,32,2018,AE
1268940,Jitendra Goyal (Jitu),BMUP,14773,173,0.0986800825946587,16,32,111,MP,Jitendra Goyal (Jitu),BMUP,,,,,False,32,2018,AE
1268941,Shankar Kansare,PPID,14830,171,0.0975392723912522,17,32,111,MP,Shankar Kansare,PPID,,,,,False,32,2018,AE
1268942,Harichand Mahure,IND,14765,142,0.0809975244418586,18,32,111,MP,Harichand Mahure,IND,,,,,False,32,2018,AE
1268943,Shabana Samim Ansari,SamSP,14799,133,0.0758638785265295,19,32,111,MP,Shabana Samim Ansari,SamSP,,,,,False,32,2018,AE
1269078,Pradeep Amratlal Jaiswal (Gudda),IND,14765,57783,37.2303548877606,1,32,112,MP,Pradeep Amratlal Jaiswal (Gudda),IND,,,,,False,32,2018,AE
1269079,Dr Yogendra Nirmal,BJP,14761,53921,34.7420169583258,2,32,112,MP,Dr Yogendra Nirmal,BJP,,,,,False,32,2018,AE
1269080,Ajay Ramkumar Nagpure,BSP,14762,21394,13.7844385453983,3,32,112,MP,Ajay Ramkumar Nagpure,BSP,,,,,False,32,2018,AE
1269081,Sanjay Singh Masani,INC,14760,11785,7.59323213319244,4,32,112,MP,Sanjay Singh Masani,INC,,,,,False,32,2018,AE
1269082,Ganiram Nagpure,IND,14765,2799,1.80343290121388,5,32,112,MP,Ganiram Nagpure,IND,,,,,False,32,2018,AE
1269083,Nota,NOTA,14771,1560,1.00512873379552,6,32,112,MP,Nota,NOTA,,,,,False,32,2018,AE
1269084,Mr Ganesh Kumar Shriram Kumare,GGP,14879,1500,0.966469936341846,7,32,112,MP,Mr Ganesh Kumar Shriram Kumare,GGP,,,,,False,32,2018,AE
1269085,Mukesh Bansod,IND,14765,1294,0.833741398417566,8,32,112,MP,Mukesh Bansod,IND,,,,,False,32,2018,AE
1269086,Santosh Kumar Mandalwar,CPM,14764,776,0.499987113734182,9,32,112,MP,Santosh Kumar Mandalwar,CPM,,,,,False,32,2018,AE
1269087,Dhanendra Kanoje Dhannu Bhaiya,IND,14765,693,0.446509110589933,10,32,112,MP,Dhanendra Kanoje Dhannu Bhaiya,IND,,,,,False,32,2018,AE
1269088,Gauravsingh Pardhi,IND,14765,579,0.373057395427952,11,32,112,MP,Gauravsingh Pardhi,IND,,,,,False,32,2018,AE
1269089,Dhi Santosh Choure,APOI,14831,499,0.32,12,32,112,MP,Dhi Santosh Choure,APOI,,,,,False,32,2018,AE
1269090,Nirdosh Bisen Advocate,AAAP,14772,373,0.24,13,32,112,MP,Nirdosh Bisen Advocate,AAAP,,,,,False,32,2018,AE
1269091,Dr. A. R. Singade,PPID,14830,248,0.159789696141852,14,32,112,MP,Dr. A. R. Singade,PPID,,,,,False,32,2018,AE
1269202,Tamlal Raghuji Sahare,INC,14760,69967,45.7429212131514,1,32,113,MP,Tamlal Raghuji Sahare,INC,,,,,False,32,2018,AE
1269203,K.D. Deshmukh,BJP,14761,58217,38.0610236863955,2,32,113,MP,K.D. Deshmukh,BJP,,,,,False,32,2018,AE
1269204,Ajabshastri,BSP,14762,10104,6.60577809449714,3,32,113,MP,Ajabshastri,BSP,,,,,False,32,2018,AE
1269205,Udaysingh Pancheshwar Guruji,IND,14765,3297,2.15550775708205,4,32,113,MP,Udaysingh Pancheshwar Guruji,IND,,,,,False,32,2018,AE
1269206,Bhounendra Mishrilal Daharwal,IND,14765,2239,1.46381009041756,5,32,113,MP,Bhounendra Mishrilal Daharwal,IND,,,,,False,32,2018,AE
1269207,Anju Vijay Sharma,SHS,14784,1318,0.861680080022489,6,32,113,MP,Anju Vijay Sharma,SHS,,,,,False,32,2018,AE
1269208,Mishrilal Urf Sanjay Bisen,IND,14765,1176,0.768843531188503,7,32,113,MP,Mishrilal Urf Sanjay Bisen,IND,,,,,False,32,2018,AE
1269209,Sadashiv Harinkhede,IND,14765,1052,0.687774995586995,8,32,113,MP,Sadashiv Harinkhede,IND,,,,,False,32,2018,AE
1269210,Neeraj Kumar Mankar,IND,14765,955,0.624358479834201,9,32,113,MP,Neeraj Kumar Mankar,IND,,,,,False,32,2018,AE
1269211,Nota,NOTA,14771,913,0.596899782291755,10,32,113,MP,Nota,NOTA,,,,,False,32,2018,AE
1269212,Gunaram Baghele,IND,14765,807,0.527599259922723,11,32,113,MP,Gunaram Baghele,IND,,,,,False,32,2018,AE
1269213,Pradip Nagpure,APOI,14831,646,0.42,12,32,113,MP,Pradip Nagpure,APOI,,,,,False,32,2018,AE
1269214,Dharmendra Singh Thakur,IND,14765,509,0.332773263073935,13,32,113,MP,Dharmendra Singh Thakur,IND,,,,,False,32,2018,AE
1269215,G.L.G. Tandekar,IND,14765,391,0.255627398549919,14,32,113,MP,G.L.G. Tandekar,IND,,,,,False,32,2018,AE
1269216,Ramcharan Nagre,IND,14765,344,0.224899808442895,15,32,113,MP,Ramcharan Nagre,IND,,,,,False,32,2018,AE
1269217,Alka Anand Mulkraj,IND,14765,286,0.186980654693802,16,32,113,MP,Alka Anand Mulkraj,IND,,,,,False,32,2018,AE
1269218,Sandeep Bopche,BRPP,15004,267,0.17455886294841,17,32,113,MP,Sandeep Bopche,BRPP,,,,,False,32,2018,AE
1269219,Deepak Kumar Choudhary,PBI,14996,259,0.169328634845087,18,32,113,MP,Deepak Kumar Choudhary,PBI,,,,,False,32,2018,AE
1269220,Shrimati Rukhmani Nag (Uikey),AAAP,14772,210,0.14,19,32,113,MP,Shrimati Rukhmani Nag (Uikey),AAAP,,,,,False,32,2018,AE
1269328,Arjun Singh,INC,14760,90053,47.8870318474047,1,32,114,MP,Arjun Singh,INC,,,,,False,32,2018,AE
1269329,Naresh Warkade,BJP,14761,82526,43.8844368342967,2,32,114,MP,Naresh Warkade,BJP,,,,,False,32,2018,AE
1269330,Shrishyam Dhurvey,GGP,14879,6320,3.36075468086124,3,32,114,MP,Shrishyam Dhurvey,GGP,,,,,False,32,2018,AE
1269331,Nota,NOTA,14771,2372,1.26134653528526,4,32,114,MP,Nota,NOTA,,,,,False,32,2018,AE
1269332,Shashi/Kishori Bhalavi,BSP,14762,2359,1.25443359053032,5,32,114,MP,Shashi/Kishori Bhalavi,BSP,,,,,False,32,2018,AE
1269333,Anil Sallam,CPM,14764,1755,0.933247541916374,6,32,114,MP,Anil Sallam,CPM,,,,,False,32,2018,AE
1269334,Nepal Singh Uikey,IND,14765,1602,0.851887499800588,7,32,114,MP,Nepal Singh Uikey,IND,,,,,False,32,2018,AE
1269335,Narendra Kunjam,AAAP,14772,1066,0.57,8,32,114,MP,Narendra Kunjam,AAAP,,,,,False,32,2018,AE
1269443,Dinesh Rai Munmun E,BJP,14761,99576,49.5977924658932,1,32,115,MP,Dinesh Rai Munmun E,BJP,,,,,False,32,2018,AE
1269444,Mohan Singh Chandel,INC,14760,77568,38.6358315858681,2,32,115,MP,Mohan Singh Chandel,INC,,,,,False,32,2018,AE
1269445,Gaya Prasad Kumre,GGP,14879,6066,3.02141288159906,3,32,115,MP,Gaya Prasad Kumre,GGP,,,,,False,32,2018,AE
1269446,Makbool Shah,IND,14765,2536,1.26315579751652,4,32,115,MP,Makbool Shah,IND,,,,,False,32,2018,AE
1269447,Tanvir Khan,IND,14765,2314,1.15257985625127,5,32,115,MP,Tanvir Khan,IND,,,,,False,32,2018,AE
1269448,D.D. Wasnik,CPI,14859,2038,1.01510706440799,6,32,115,MP,D.D. Wasnik,CPI,,,,,False,32,2018,AE
1269449,Ahmad Shaeed Qureshi,BSP,14762,1392,0.693341037122634,7,32,115,MP,Ahmad Shaeed Qureshi,BSP,,,,,False,32,2018,AE
1269450,M. Rahman,IND,14765,1210,0.602688688878152,8,32,115,MP,M. Rahman,IND,,,,,False,32,2018,AE
1269451,Hemant Kumar Shrivas (Jittu Bhaiya),IND,14765,1143,0.56931667056837,9,32,115,MP,Hemant Kumar Shrivas (Jittu Bhaiya),IND,,,,,False,32,2018,AE
1269452,Rajendra Gupta Takshak,IND,14765,1030,0.513032520284708,10,32,115,MP,Rajendra Gupta Takshak,IND,,,,,False,32,2018,AE
1269453,Govind Shrivas Bhaiya Sarkar,IND,14765,984,0.490120388310827,11,32,115,MP,Govind Shrivas Bhaiya Sarkar,IND,,,,,False,32,2018,AE
1269454,Kamleshwar Prasad Dixit,SPAKP,14807,832,0.41,12,32,115,MP,Kamleshwar Prasad Dixit,SPAKP,,,,,False,32,2018,AE
1269455,Nota,NOTA,14771,769,0.383031075824214,13,32,115,MP,Nota,NOTA,,,,,False,32,2018,AE
1269456,Raghuvir Singh Sanodiya,AAAP,14772,675,0.34,14,32,115,MP,Raghuvir Singh Sanodiya,AAAP,,,,,False,32,2018,AE
1269457,Umesh Kumar Jain,SHS,14784,569,0.283413110720387,15,32,115,MP,Umesh Kumar Jain,SHS,,,,,False,32,2018,AE
1269458,Kunwar Singh Bhalavi,IND,14765,502,0.250041092410605,16,32,115,MP,Kunwar Singh Bhalavi,IND,,,,,False,32,2018,AE
1269459,Suleman Kadri,BMUP,14773,477,0.237588846772626,17,32,115,MP,Suleman Kadri,BMUP,,,,,False,32,2018,AE
1269460,Oamkar,IND,14765,470,0.234102217993993,18,32,115,MP,Oamkar,IND,,,,,False,32,2018,AE
1269461,Naresh Chourasiya(Bablu),IPBP,14988,309,0.153909756085412,19,32,115,MP,Naresh Chourasiya(Bablu),IPBP,,,,,False,32,2018,AE
1269462,Rajaram Yadav,IND,14765,307,0.152913576434374,20,32,115,MP,Rajaram Yadav,IND,,,,,False,32,2018,AE
1269582,Rakesh Pal Singh,BJP,14761,85839,43.1143769839675,1,32,116,MP,Rakesh Pal Singh,BJP,,,,,False,32,2018,AE
1269583,Rajneesh Harvansh Singh,INC,14760,79160,39.759713906859,2,32,116,MP,Rajneesh Harvansh Singh,INC,,,,,False,32,2018,AE
1269584,Rajendra Rai,GGP,14879,21694,10.8962510547675,3,32,116,MP,Rajendra Rai,GGP,,,,,False,32,2018,AE
1269585,Nota,NOTA,14771,2125,1.06732430586249,4,32,116,MP,Nota,NOTA,,,,,False,32,2018,AE
1269586,Sheakh Mustufa (Ehsan) Ansari,IND,14765,2014,1.01157230682685,5,32,116,MP,Sheakh Mustufa (Ehsan) Ansari,IND,,,,,False,32,2018,AE
1269587,Swarn Rekha,IND,14765,1790,0.89906376823241,6,32,116,MP,Swarn Rekha,IND,,,,,False,32,2018,AE
1269588,Mohan Gadkari,BMUP,14773,1449,0.727789609032828,7,32,116,MP,Mohan Gadkari,BMUP,,,,,False,32,2018,AE
1269589,Chandrakala Mohan Marar,BSP,14762,1435,0.720757825370675,8,32,116,MP,Chandrakala Mohan Marar,BSP,,,,,False,32,2018,AE
1269590,Shravan Kapoor (Devi Prasad Sahu),AAAP,14772,1006,0.51,9,32,116,MP,Shravan Kapoor (Devi Prasad Sahu),AAAP,,,,,False,32,2018,AE
1269591,Tarik Bhai,IND,14765,789,0.396291236388475,10,32,116,MP,Tarik Bhai,IND,,,,,False,32,2018,AE
1269592,Deepak Kumar,IND,14765,771,0.387250371679993,11,32,116,MP,Deepak Kumar,IND,,,,,False,32,2018,AE
1269593,Shireen Kachwaha (Renu),SPAKP,14807,524,0.26,12,32,116,MP,Shireen Kachwaha (Renu),SPAKP,,,,,False,32,2018,AE
1269594,Chamaru,IND,14765,500,0.251135130791176,13,32,116,MP,Chamaru,IND,,,,,False,32,2018,AE
1269692,Yogendra Singh Baba,INC,14760,82951,39.4600765882548,1,32,117,MP,Yogendra Singh Baba,INC,,,,,False,32,2018,AE
1269693,Vijay Kumar Uikey,BJP,14761,70675,33.6203410793711,2,32,117,MP,Vijay Kumar Uikey,BJP,,,,,False,32,2018,AE
1269694,Inder Singh Uikey,GGP,14879,40022,19.0386033346811,3,32,117,MP,Inder Singh Uikey,GGP,,,,,False,32,2018,AE
1269695,Nota,NOTA,14771,3917,1.86333039982874,4,32,117,MP,Nota,NOTA,,,,,False,32,2018,AE
1269696,Santram Kanhairiya,AAAP,14772,3331,1.58,5,32,117,MP,Santram Kanhairiya,AAAP,,,,,False,32,2018,AE
1269697,Shobharam Bhalavi,APOI,14831,3294,1.57,6,32,117,MP,Shobharam Bhalavi,APOI,,,,,False,32,2018,AE
1269698,Kamlesh Jalso Uikey,BSP,14762,2843,1.35242489831838,7,32,117,MP,Kamlesh Jalso Uikey,BSP,,,,,False,32,2018,AE
1269699,Ravindra Singh Uikey,BSKRP,14806,1685,0.801560307304426,8,32,117,MP,Ravindra Singh Uikey,BSKRP,,,,,False,32,2018,AE
1269700,Jabab Singh Uikey,BMUP,14773,1497,0.71212805936779,9,32,117,MP,Jabab Singh Uikey,BMUP,,,,,False,32,2018,AE
1269790,Narmada Prasad Prajapati (N.P.),INC,14760,79289,49.7443425997377,1,32,118,MP,Narmada Prasad Prajapati (N.P.),INC,,,,,False,32,2018,AE
1269791,Dr. Kailash Jatav,BJP,14761,66706,41.8500185077136,2,32,118,MP,Dr. Kailash Jatav,BJP,,,,,False,32,2018,AE
1269792,Nota,NOTA,14771,3121,1.95805336495329,3,32,118,MP,Nota,NOTA,,,,,False,32,2018,AE
1269793,Suresh Kumar Mehra,GGP,14879,2584,1.62115023871813,4,32,118,MP,Suresh Kumar Mehra,GGP,,,,,False,32,2018,AE
1269794,Mahesh Prasad Choudhary,AAAP,14772,2109,1.32,5,32,118,MP,Mahesh Prasad Choudhary,AAAP,,,,,False,32,2018,AE
1269795,Jagdish Choudhary (Bedu Wale),BSP,14762,2071,1.29930423544321,6,32,118,MP,Jagdish Choudhary (Bedu Wale),BSP,,,,,False,32,2018,AE
1269796,Pramod Jhariya (Tiger),IND,14765,1704,1.06905573017635,7,32,118,MP,Pramod Jhariya (Tiger),IND,,,,,False,32,2018,AE
1269797,Virendra Singh,SPAKP,14807,914,0.57,8,32,118,MP,Virendra Singh,SPAKP,,,,,False,32,2018,AE
1269798,Balaram Ahirwar,IND,14765,895,0.561505210391924,9,32,118,MP,Balaram Ahirwar,IND,,,,,False,32,2018,AE
1269874,Jalam Singh Patel Munna Bhaiya,BJP,14761,87837,50.9267902386984,1,32,119,MP,Jalam Singh Patel Munna Bhaiya,BJP,,,,,False,32,2018,AE
1269875,Lakhan Singh Patel,INC,14760,72934,42.2862178725279,2,32,119,MP,Lakhan Singh Patel,INC,,,,,False,32,2018,AE
1269876,Nota,NOTA,14771,3293,1.90924007258938,3,32,119,MP,Nota,NOTA,,,,,False,32,2018,AE
1269877,Amar Noriya Patrkar,NINSHAD,14906,2154,1.24886216712953,4,32,119,MP,Amar Noriya Patrkar,NINSHAD,,,,,False,32,2018,AE
1269878,Jhabbulal Ahirwar (Major),BSP,14762,1529,0.886495010928993,5,32,119,MP,Jhabbulal Ahirwar (Major),BSP,,,,,False,32,2018,AE
1269879,Amita Raghuwanshi,IND,14765,1385,0.803005618140389,6,32,119,MP,Amita Raghuwanshi,IND,,,,,False,32,2018,AE
1269880,Jalam Singh Patel,IND,14765,811,0.470207621885816,7,32,119,MP,Jalam Singh Patel,IND,,,,,False,32,2018,AE
1269881,Devendra Dubey,SPAKP,14807,778,0.45,8,32,119,MP,Devendra Dubey,SPAKP,,,,,False,32,2018,AE
1269882,Er. Yogesh Singh Kushwaha,BLSP,14819,558,0.32,9,32,119,MP,Er. Yogesh Singh Kushwaha,BLSP,,,,,False,32,2018,AE
1269883,Babulal Patel,AAAP,14772,517,0.3,10,32,119,MP,Babulal Patel,AAAP,,,,,False,32,2018,AE
1269884,Mukesh Bhalavi,GGP,14879,406,0.235393704667868,11,32,119,MP,Mukesh Bhalavi,GGP,,,,,False,32,2018,AE
1269885,Mastram Alias Kailash Lodhi,BSCP,14867,275,0.159441548728236,12,32,119,MP,Mastram Alias Kailash Lodhi,BSCP,,,,,False,32,2018,AE
1269958,Sanjay Sharma Sanju Bhaiya,INC,14760,70127,50.29,1,32,120,MP,Sanjay Sharma Sanju Bhaiya,INC,,,,,False,32,2018,AE
1269959,Vishwanath Singh Mulam Bhaiya,BJP,14761,61484,44.09,2,32,120,MP,Vishwanath Singh Mulam Bhaiya,BJP,,,,,False,32,2018,AE
1269960,Chandramohan Bablu Kahar,NINSHAD,14906,2120,1.52,3,32,120,MP,Chandramohan Bablu Kahar,NINSHAD,,,,,False,32,2018,AE
1269961,Naresh Jatav,IND,14765,2007,1.44,4,32,120,MP,Naresh Jatav,IND,,,,,False,32,2018,AE
1269962,Mukesh Mishra,IND,14765,1634,1.17,5,32,120,MP,Mukesh Mishra,IND,,,,,False,32,2018,AE
1269963,Kundanlal Suryavanshi,BSP,14762,1344,0.96,6,32,120,MP,Kundanlal Suryavanshi,BSP,,,,,False,32,2018,AE
1269964,Premnarayan Kourav,AAAP,14772,727,0.52,7,32,120,MP,Premnarayan Kourav,AAAP,,,,,False,32,2018,AE
1269965,Nota,NOTA,14771,9,0.01,8,32,120,MP,Nota,NOTA,,,,,False,32,2018,AE
1270038,Suneeta Patel,INC,14760,79342,50.7522452217076,1,32,121,MP,Suneeta Patel,INC,,,,,False,32,2018,AE
1270039,Gautam Singh Patel,BJP,14761,63979,40.9250825166952,2,32,121,MP,Gautam Singh Patel,BJP,,,,,False,32,2018,AE
1270040,Nota,NOTA,14771,3759,2.40449811938694,3,32,121,MP,Nota,NOTA,,,,,False,32,2018,AE
1270041,Arya Ravi Parihar,IND,14765,2224,1.42261341248112,4,32,121,MP,Arya Ravi Parihar,IND,,,,,False,32,2018,AE
1270042,Omshankar Singh Rajput,BSCP,14867,1708,1.09254663152777,5,32,121,MP,Omshankar Singh Rajput,BSCP,,,,,False,32,2018,AE
1270043,Rewaram Paranchey,GGP,14879,1634,1.04521147301895,6,32,121,MP,Rewaram Paranchey,GGP,,,,,False,32,2018,AE
1270044,Rajaram Baghel,BSP,14762,1141,0.729856971061586,7,32,121,MP,Rajaram Baghel,BSP,,,,,False,32,2018,AE
1270045,Rakesh Chouksey,IND,14765,813,0.520047079292787,8,32,121,MP,Rakesh Chouksey,IND,,,,,False,32,2018,AE
1270046,Chhela Babu (Tejram),NINSHAD,14906,523,0.334544431082567,9,32,121,MP,Chhela Babu (Tejram),NINSHAD,,,,,False,32,2018,AE
1270047,Reena Lamaniya,AAAP,14772,493,0.32,10,32,121,MP,Reena Lamaniya,AAAP,,,,,False,32,2018,AE
1270048,Kapil Dubey Bablu Maharaj,SHS,14784,404,0.25842437888596,11,32,121,MP,Kapil Dubey Bablu Maharaj,SHS,,,,,False,32,2018,AE
1270049,Rajesh Ahirwar,BASD,14808,312,0.199575262902029,12,32,121,MP,Rajesh Ahirwar,BASD,,,,,False,32,2018,AE
1270146,Sunil Uikey,INC,14760,78573,45.6997784020519,1,32,122,MP,Sunil Uikey,INC,,,,,False,32,2018,AE
1270147,Ashish Jhanak Lal Thakur,BJP,14761,55885,32.503940488446,2,32,122,MP,Ashish Jhanak Lal Thakur,BJP,,,,,False,32,2018,AE
1270148,Jhamak Lal Saryam,GGP,14879,19369,11.2654347914594,3,32,122,MP,Jhamak Lal Saryam,GGP,,,,,False,32,2018,AE
1270149,Nota,NOTA,14771,6245,3.6322288333246,4,32,122,MP,Nota,NOTA,,,,,False,32,2018,AE
1270150,Kalang Sing Uike,AAAP,14772,3482,2.03,5,32,122,MP,Kalang Sing Uike,AAAP,,,,,False,32,2018,AE
1270151,Mohan Uikey,IND,14765,2398,1.39472934224378,6,32,122,MP,Mohan Uikey,IND,,,,,False,32,2018,AE
1270152,Rajusingh Kayda,BSP,14762,2109,1.22664061000506,7,32,122,MP,Rajusingh Kayda,BSP,,,,,False,32,2018,AE
1270153,Sagan Ahake,IND,14765,1532,0.891044767438478,8,32,122,MP,Sagan Ahake,IND,,,,,False,32,2018,AE
1270154,Ganesh Kumre,IND,14765,1342,0.78053660437496,9,32,122,MP,Ganesh Kumre,IND,,,,,False,32,2018,AE
1270155,Dinesh Ivnati Ji,IND,14765,998,0.580458667038904,10,32,122,MP,Dinesh Ivnati Ji,IND,,,,,False,32,2018,AE
1270261,Kamlesh Pratap Shah,INC,14760,71662,35.5342886894431,1,32,123,MP,Kamlesh Pratap Shah,INC,,,,,False,32,2018,AE
1270262,Manmohan Shah Batti,GGP,14879,61269,30.380820151733,2,32,123,MP,Manmohan Shah Batti,GGP,,,,,False,32,2018,AE
1270263,Premnarayan Thakur,BJP,14761,53499,26.5279912728715,3,32,123,MP,Premnarayan Thakur,BJP,,,,,False,32,2018,AE
1270264,Nota,NOTA,14771,5910,2.93053007388307,4,32,123,MP,Nota,NOTA,,,,,False,32,2018,AE
1270265,Kallulal Uikey,IND,14765,3408,1.68988942331531,5,32,123,MP,Kallulal Uikey,IND,,,,,False,32,2018,AE
1270266,Vinita Amodiya,IND,14765,2294,1.13750185947339,6,32,123,MP,Vinita Amodiya,IND,,,,,False,32,2018,AE
1270267,Sumran Uikey,BSP,14762,2099,1.04080924282243,7,32,123,MP,Sumran Uikey,BSP,,,,,False,32,2018,AE
1270268,Galiram Badiva,IND,14765,1529,0.758169286458075,8,32,123,MP,Galiram Badiva,IND,,,,,False,32,2018,AE
1270375,Choudhary Sujeet Mer Singh,INC,14760,78415,45.955623798584,1,32,124,MP,Choudhary Sujeet Mer Singh,INC,,,,,False,32,2018,AE
1270376,Pt. Ramesh Dubey,BJP,14761,65411,38.3345445168549,2,32,124,MP,Pt. Ramesh Dubey,BJP,,,,,False,32,2018,AE
1270377,Jay Pal Uike,GGP,14879,12551,7.35559566787003,3,32,124,MP,Jay Pal Uike,GGP,,,,,False,32,2018,AE
1270378,Rajendra Singh Raghuwanshi,IND,14765,2582,1.51319799334239,4,32,124,MP,Rajendra Singh Raghuwanshi,IND,,,,,False,32,2018,AE
1270379,Nota,NOTA,14771,2331,1.36609780111585,5,32,124,MP,Nota,NOTA,,,,,False,32,2018,AE
1270380,Lodhi Vipin Verma,IND,14765,1900,1.11350743119696,6,32,124,MP,Lodhi Vipin Verma,IND,,,,,False,32,2018,AE
1270381,Ashok Sevatkar,BSP,14762,1596,0.935346242205447,7,32,124,MP,Ashok Sevatkar,BSP,,,,,False,32,2018,AE
1270382,Prashant Sharma,AAAP,14772,1549,0.91,8,32,124,MP,Prashant Sharma,AAAP,,,,,False,32,2018,AE
1270383,Anil Jain Gullu Seth,SPAKP,14807,1479,0.866777626705424,9,32,124,MP,Anil Jain Gullu Seth,SPAKP,,,,,False,32,2018,AE
1270384,Ravishankar,IND,14765,922,0.540344132401894,10,32,124,MP,Ravishankar,IND,,,,,False,32,2018,AE
1270385,Ratan Dhurve,IND,14765,725,0.424890993483051,11,32,124,MP,Ratan Dhurve,IND,,,,,False,32,2018,AE
1270386,Madanlal Badiwa,IND,14765,485,0.284237423226592,12,32,124,MP,Madanlal Badiwa,IND,,,,,False,32,2018,AE
1270387,Nanho Verma,IND,14765,410,0.240283182521449,13,32,124,MP,Nanho Verma,IND,,,,,False,32,2018,AE
1270388,Daduaa Uikey,IND,14765,276,0.161751605794927,14,32,124,MP,Daduaa Uikey,IND,,,,,False,32,2018,AE
1270507,Vijay Revnath Chore,INC,14760,86700,51.1193787845733,1,32,125,MP,Vijay Revnath Chore,INC,,,,,False,32,2018,AE
1270508,Nanabhau Mohod,BJP,14761,66228,39.0488375795239,2,32,125,MP,Nanabhau Mohod,BJP,,,,,False,32,2018,AE
1270509,Anil Gurve,BSP,14762,2596,1.53063330247696,3,32,125,MP,Anil Gurve,BSP,,,,,False,32,2018,AE
1270510,Praveen Leeladhar Balang,IND,14765,2325,1.37084839301191,4,32,125,MP,Praveen Leeladhar Balang,IND,,,,,False,32,2018,AE
1270511,Kawdeti Rameshwar,GGP,14879,1892,1.11554630519507,5,32,125,MP,Kawdeti Rameshwar,GGP,,,,,False,32,2018,AE
1270512,Matin Mustak Khan,IND,14765,1766,1.041255166477,6,32,125,MP,Matin Mustak Khan,IND,,,,,False,32,2018,AE
1270513,Keshawrao Charpe,RAPTY,14985,1116,0.66,7,32,125,MP,Keshawrao Charpe,RAPTY,,,,,False,32,2018,AE
1270514,Sukhram Tekam,IND,14765,1110,0.65446955537343,8,32,125,MP,Sukhram Tekam,IND,,,,,False,32,2018,AE
1270515,Youvaraj Vishwnath Bhutange,IND,14765,1051,0.61968243486259,9,32,125,MP,Youvaraj Vishwnath Bhutange,IND,,,,,False,32,2018,AE
1270516,Dharmendra Sahu,IND,14765,660,0.389144059951769,10,32,125,MP,Dharmendra Sahu,IND,,,,,False,32,2018,AE
1270517,Shamrav Jhadane,IND,14765,620,0.365559571469844,11,32,125,MP,Shamrav Jhadane,IND,,,,,False,32,2018,AE
1270518,Nota,NOTA,14771,577,0.340206246351774,12,32,125,MP,Nota,NOTA,,,,,False,32,2018,AE
1270519,Gajanan Madke,IND,14765,520,0.30659835026503,13,32,125,MP,Gajanan Madke,IND,,,,,False,32,2018,AE
1270520,Gopal Kothe,AAAP,14772,506,0.3,14,32,125,MP,Gopal Kothe,AAAP,,,,,False,32,2018,AE
1270521,Charansing Vithathalsing Parmar (Thakur),IND,14765,480,0.283013861783105,15,32,125,MP,Charansing Vithathalsing Parmar (Thakur),IND,,,,,False,32,2018,AE
1270522,Gajju Ghorse-Rajendra Ghorse,IND,14765,399,0.235255272607206,16,32,125,MP,Gajju Ghorse-Rajendra Ghorse,IND,,,,,False,32,2018,AE
1270523,Ravikant Kapase,SHS,14784,274,0.161553746101189,17,32,125,MP,Ravikant Kapase,SHS,,,,,False,32,2018,AE
1270524,Vijay Ghatod,BMUP,14773,250,0.147403053012033,18,32,125,MP,Vijay Ghatod,BMUP,,,,,False,32,2018,AE
1270525,Sandip Dongre,IND,14765,219,0.129125074438541,19,32,125,MP,Sandip Dongre,IND,,,,,False,32,2018,AE
1270526,Dilip Bagde,BASD,14808,160,0.0943379539277017,20,32,125,MP,Dilip Bagde,BASD,,,,,False,32,2018,AE
1270527,Fogal Bansod,RPI(A),14785,154,0.0908002806554129,21,32,125,MP,Fogal Bansod,RPI(A),,,,,False,32,2018,AE
1270647,Deepak Saxena,INC,14760,104034,50.4715608080572,1,32,126,MP,Deepak Saxena,INC,,,,,False,32,2018,AE
1270648,Choudhary Chandrabhan Singh Kuber Singh,BJP,14761,89487,43.4141584677184,2,32,126,MP,Choudhary Chandrabhan Singh Kuber Singh,BJP,,,,,False,32,2018,AE
1270649,Nota,NOTA,14771,2800,1.3584056199181,3,32,126,MP,Nota,NOTA,,,,,False,32,2018,AE
1270650,Santosh Suryawanshi,IND,14765,2326,1.12844695426054,4,32,126,MP,Santosh Suryawanshi,IND,,,,,False,32,2018,AE
1270651,Ku. Pushpa Devi Masram,GGP,14879,2211,1.07265529487104,5,32,126,MP,Ku. Pushpa Devi Masram,GGP,,,,,False,32,2018,AE
1270652,Purushottam Mandraha,BSP,14762,1714,0.831538297335584,6,32,126,MP,Purushottam Mandraha,BSP,,,,,False,32,2018,AE
1270653,Animesh Pandey,AAAP,14772,864,0.42,7,32,126,MP,Animesh Pandey,AAAP,,,,,False,32,2018,AE
1270654,Subhash,IND,14765,773,0.375016980070248,8,32,126,MP,Subhash,IND,,,,,False,32,2018,AE
1270655,Ramkrishnan Nag,IND,14765,317,0.1537909219693,9,32,126,MP,Ramkrishnan Nag,IND,,,,,False,32,2018,AE
1270656,Ravishankar Singh Thakur,IND,14765,310,0.150394907919504,10,32,126,MP,Ravishankar Singh Thakur,IND,,,,,False,32,2018,AE
1270657,Deepamala Nath,RAPTY,14985,271,0.13,11,32,126,MP,Deepamala Nath,RAPTY,,,,,False,32,2018,AE
1270658,Ayushman Kapil Soni,IND,14765,266,0.12904853389222,12,32,126,MP,Ayushman Kapil Soni,IND,,,,,False,32,2018,AE
1270659,Dinesh Kumar Rajput,SPAKP,14807,236,0.11,13,32,126,MP,Dinesh Kumar Rajput,SPAKP,,,,,False,32,2018,AE
1270660,Ashish Pandey,SHS,14784,234,0.113523898236013,14,32,126,MP,Ashish Pandey,SHS,,,,,False,32,2018,AE
1270661,Patrakar Rajesh Tantrik,ANSP,15010,159,0.08,15,32,126,MP,Patrakar Rajesh Tantrik,ANSP,,,,,False,32,2018,AE
1270662,Prabhu Kripashankar,SDP(MP),14930,122,0.06,16,32,126,MP,Prabhu Kripashankar,SDP(MP),,,,,False,32,2018,AE
1270780,Sohanlal Balmik,INC,14760,79553,48.3375663818979,1,32,127,MP,Sohanlal Balmik,INC,,,,,False,32,2018,AE
1270781,Tarachand Bawaria,BJP,14761,66819,40.6002017280559,2,32,127,MP,Tarachand Bawaria,BJP,,,,,False,32,2018,AE
1270782,Satish Nagwanshi,GGP,14879,4717,2.86611819319714,3,32,127,MP,Satish Nagwanshi,GGP,,,,,False,32,2018,AE
1270783,Nota,NOTA,14771,3186,1.93586020002673,4,32,127,MP,Nota,NOTA,,,,,False,32,2018,AE
1270784,Durga Bai Amrawanshi,AAAP,14772,2232,1.36,5,32,127,MP,Durga Bai Amrawanshi,AAAP,,,,,False,32,2018,AE
1270785,Tulsidas Mahalgavaiya,IND,14765,2187,1.32885318815394,6,32,127,MP,Tulsidas Mahalgavaiya,IND,,,,,False,32,2018,AE
1270786,Govind Prasad Barkhania,BSP,14762,2135,1.29725722757598,7,32,127,MP,Govind Prasad Barkhania,BSP,,,,,False,32,2018,AE
1270787,Santosh Dehariya,IND,14765,1714,1.04145146981978,8,32,127,MP,Santosh Dehariya,IND,,,,,False,32,2018,AE
1270788,Ajay Kumar Madke,IND,14765,954,0.579664353680321,9,32,127,MP,Ajay Kumar Madke,IND,,,,,False,32,2018,AE
1270789,Ravishankar Belwanshi Mothar,SJVP,14868,599,0.36,10,32,127,MP,Ravishankar Belwanshi Mothar,SJVP,,,,,False,32,2018,AE
1270790,Shakun Nandekar,RAPTY,14985,482,0.29,11,32,127,MP,Shakun Nandekar,RAPTY,,,,,False,32,2018,AE
1270900,Nilesh Pusaram Uikey,INC,14760,80125,48.1697016334112,1,32,128,MP,Nilesh Pusaram Uikey,INC,,,,,False,32,2018,AE
1270901,Tikaram Korachi,BJP,14761,58776,35.3350687451529,2,32,128,MP,Tikaram Korachi,BJP,,,,,False,32,2018,AE
1270902,Jitendra Uikey,IND,14765,6593,3.96359242270303,3,32,128,MP,Jitendra Uikey,IND,,,,,False,32,2018,AE
1270903,Madanlal Batti,GGP,14879,4230,2.54299953708991,4,32,128,MP,Madanlal Batti,GGP,,,,,False,32,2018,AE
1270904,Nota,NOTA,14771,4224,2.53939244554794,5,32,128,MP,Nota,NOTA,,,,,False,32,2018,AE
1270905,Jagdish Uikey,BSP,14762,3139,1.88711005837476,6,32,128,MP,Jagdish Uikey,BSP,,,,,False,32,2018,AE
1270906,Ramrao Kavdeti,IND,14765,2615,1.57209073037591,7,32,128,MP,Ramrao Kavdeti,IND,,,,,False,32,2018,AE
1270907,Shubhash Kumre,IND,14765,1998,1.20116148347651,8,32,128,MP,Shubhash Kumre,IND,,,,,False,32,2018,AE
1270908,Arvind Masram,AAAP,14772,1985,1.19,9,32,128,MP,Arvind Masram,AAAP,,,,,False,32,2018,AE
1270909,Dada Ramrao Uikey,IND,14765,1234,0.741858493798808,10,32,128,MP,Dada Ramrao Uikey,IND,,,,,False,32,2018,AE
1270910,Bhagan Lal Vanraj,IND,14765,885,0.532046002440798,11,32,128,MP,Bhagan Lal Vanraj,IND,,,,,False,32,2018,AE
1270911,Praveen Dhurve,SHS,14784,535,0.321632329159126,12,32,128,MP,Praveen Dhurve,SHS,,,,,False,32,2018,AE
1271005,Sukhdev Panse,INC,14760,88219,51.3145802068427,1,32,129,MP,Sukhdev Panse,INC,,,,,False,32,2018,AE
1271006,Raja Pawar,BJP,14761,70969,41.2807268581533,2,32,129,MP,Raja Pawar,BJP,,,,,False,32,2018,AE
1271007,Jagdish Sahu,BSP,14762,2636,1.53328912621133,3,32,129,MP,Jagdish Sahu,BSP,,,,,False,32,2018,AE
1271008,Nota,NOTA,14771,1916,1.1144848125269,4,32,129,MP,Nota,NOTA,,,,,False,32,2018,AE
1271009,Sanju Salam,IND,14765,1746,1.01560046068474,5,32,129,MP,Sanju Salam,IND,,,,,False,32,2018,AE
1271010,Kishor Chourasiya,GGP,14879,1578,0.917879454158377,6,32,129,MP,Kishor Chourasiya,GGP,,,,,False,32,2018,AE
1271011,Jagdish Dodke,SP,14763,1539,0.895194220500471,7,32,129,MP,Jagdish Dodke,SP,,,,,False,32,2018,AE
1271012,Gyaneshwar Kose,IND,14765,1269,0.738142602868809,8,32,129,MP,Gyaneshwar Kose,IND,,,,,False,32,2018,AE
1271013,Tulsidas Patel,IND,14765,752,0.437417838737072,9,32,129,MP,Tulsidas Patel,IND,,,,,False,32,2018,AE
1271014,Ku. Rupali,IND,14765,741,0.431019439500226,10,32,129,MP,Ku. Rupali,IND,,,,,False,32,2018,AE
1271015,Aniruddh Guruji,IND,14765,277,0.161123326236926,11,32,129,MP,Aniruddh Guruji,IND,,,,,False,32,2018,AE
1271016,Uttamchand Khakre,IND,14765,276,0.160541653579031,12,32,129,MP,Uttamchand Khakre,IND,,,,,False,32,2018,AE
1271098,Dr. Yogesh Pandagre,BJP,14761,73481,46.2188256753781,1,32,130,MP,Dr. Yogesh Pandagre,BJP,,,,,False,32,2018,AE
1271099,Manoj Malve,INC,14760,54284,34.1441016448092,2,32,130,MP,Manoj Malve,INC,,,,,False,32,2018,AE
1271100,Rakesh Mahale (Adv),GGP,14879,15827,9.95502720382426,3,32,130,MP,Rakesh Mahale (Adv),GGP,,,,,False,32,2018,AE
1271101,Nota,NOTA,14771,3081,1.93791867157278,4,32,130,MP,Nota,NOTA,,,,,False,32,2018,AE
1271102,Prabhu Mastakar,BSP,14762,2916,1.83413529578262,5,32,130,MP,Prabhu Mastakar,BSP,,,,,False,32,2018,AE
1271103,Manoj Dehariya,IND,14765,2391,1.50391546372299,6,32,130,MP,Manoj Dehariya,IND,,,,,False,32,2018,AE
1271104,Dr. Suresh Bhumarkar,AAAP,14772,1454,0.91,7,32,130,MP,Dr. Suresh Bhumarkar,AAAP,,,,,False,32,2018,AE
1271105,Sadaram Jharbade,IND,14765,1444,0.908261785703053,8,32,130,MP,Sadaram Jharbade,IND,,,,,False,32,2018,AE
1271106,Santosh Karosiya,IND,14765,1404,0.883102179450891,9,32,130,MP,Santosh Karosiya,IND,,,,,False,32,2018,AE
1271107,Manoj Bihare,IND,14765,1067,0.671132496776425,10,32,130,MP,Manoj Bihare,IND,,,,,False,32,2018,AE
1271108,Namdeo Urfe Aakash Binjhare,IND,14765,448,0.281787590024216,11,32,130,MP,Namdeo Urfe Aakash Binjhare,IND,,,,,False,32,2018,AE
1271109,Sandeep Mankar,RPI(A),14785,443,0.278642639242695,12,32,130,MP,Sandeep Mankar,RPI(A),,,,,False,32,2018,AE
1271110,Panjabrao Solanki,IND,14765,421,0.264804855804006,13,32,130,MP,Panjabrao Solanki,IND,,,,,False,32,2018,AE
1271111,Aakesh Mohabe,IND,14765,324,0.203792810642513,14,32,130,MP,Aakesh Mohabe,IND,,,,,False,32,2018,AE
1271195,Nilay Vinod Daga,INC,14760,96717,51.4438445786016,1,32,131,MP,Nilay Vinod Daga,INC,,,,,False,32,2018,AE
1271196,Hemant Vijay Khandelwal,BJP,14761,75072,39.9308529028483,2,32,131,MP,Hemant Vijay Khandelwal,BJP,,,,,False,32,2018,AE
1271197,Nota,NOTA,14771,4635,2.46535996383074,3,32,131,MP,Nota,NOTA,,,,,False,32,2018,AE
1271198,Lata-Raju Mhaski,SPAKP,14807,3916,2.08,4,32,131,MP,Lata-Raju Mhaski,SPAKP,,,,,False,32,2018,AE
1271199,Rakesh Choukikar,BSP,14762,2296,1.22124411584798,5,32,131,MP,Rakesh Choukikar,BSP,,,,,False,32,2018,AE
1271200,Raju Charpe,IND,14765,1321,0.702640887210446,6,32,131,MP,Raju Charpe,IND,,,,,False,32,2018,AE
1271201,Ajay,AAAP,14772,1004,0.53,7,32,131,MP,Ajay,AAAP,,,,,False,32,2018,AE
1271202,Rekha Galfat,IND,14765,862,0.458498444190314,8,32,131,MP,Rekha Galfat,IND,,,,,False,32,2018,AE
1271203,Kallusingh Uikey,GGP,14879,850,0.452115635222467,9,32,131,MP,Kallusingh Uikey,GGP,,,,,False,32,2018,AE
1271204,Raj Rane,IND,14765,486,0.258503763197787,10,32,131,MP,Raj Rane,IND,,,,,False,32,2018,AE
1271205,Gulabchand Maywad,IND,14765,353,0.187760963804154,11,32,131,MP,Gulabchand Maywad,IND,,,,,False,32,2018,AE
1271206,Aazad Chandra Shekher Pandole Samaj Sevak,IND,14765,228,0.121273370389085,12,32,131,MP,Aazad Chandra Shekher Pandole Samaj Sevak,IND,,,,,False,32,2018,AE
1271207,Ashok Kumar Soni,IND,14765,139,0.0739342038775564,13,32,131,MP,Ashok Kumar Soni,IND,,,,,False,32,2018,AE
1271208,Kanhaiya Yadav,IND,14765,126,0.0670194941623892,14,32,131,MP,Kanhaiya Yadav,IND,,,,,False,32,2018,AE
1271288,Bramha Bhalavi,INC,14760,92106,46.9236686722129,1,32,132,MP,Bramha Bhalavi,INC,,,,,False,32,2018,AE
1271289,Geeta Ramjilal Uikey,BJP,14761,74179,37.7907065602249,2,32,132,MP,Geeta Ramjilal Uikey,BJP,,,,,False,32,2018,AE
1271290,Kaushal Parte,GGP,14879,8305,4.23100632231047,3,32,132,MP,Kaushal Parte,GGP,,,,,False,32,2018,AE
1271291,Nota,NOTA,14771,5542,2.82338796366581,4,32,132,MP,Nota,NOTA,,,,,False,32,2018,AE
1271292,Pratap Singh Uike,SP,14763,3962,2.01845238398483,5,32,132,MP,Pratap Singh Uike,SP,,,,,False,32,2018,AE
1271293,Ashok Bhalavi,BSP,14762,3331,1.69698760501097,6,32,132,MP,Ashok Bhalavi,BSP,,,,,False,32,2018,AE
1271294,Shyamlal Bete,IND,14765,2498,1.2726133405336,7,32,132,MP,Shyamlal Bete,IND,,,,,False,32,2018,AE
1271295,Shrimati Mangeetabai Uikay,IND,14765,2243,1.14270285140787,8,32,132,MP,Shrimati Mangeetabai Uikay,IND,,,,,False,32,2018,AE
1271296,Durga Tukdu Singh Dhurve,IND,14765,1185,0.603701684760735,9,32,132,MP,Durga Tukdu Singh Dhurve,IND,,,,,False,32,2018,AE
1271297,Kamalsingh Marskole,IND,14765,1078,0.549190224617782,10,32,132,MP,Kamalsingh Marskole,IND,,,,,False,32,2018,AE
1271298,Kallusinh Kumre,IND,14765,708,0.360692652160844,11,32,132,MP,Kallusinh Kumre,IND,,,,,False,32,2018,AE
1271299,Sunil Varkade,AAAP,14772,698,0.36,12,32,132,MP,Sunil Varkade,AAAP,,,,,False,32,2018,AE
1271300,Ashish Parte,IND,14765,454,0.231291615933648,13,32,132,MP,Ashish Parte,IND,,,,,False,32,2018,AE
1271372,Dharmu Singh Sirsam,INC,14760,104592,52.1008821961753,1,32,133,MP,Dharmu Singh Sirsam,INC,,,,,False,32,2018,AE
1271373,Mahendra Singh Chouhan,BJP,14761,73712,36.7184892577298,2,32,133,MP,Mahendra Singh Chouhan,BJP,,,,,False,32,2018,AE
1271374,Nota,NOTA,14771,7948,3.95917289749886,3,32,133,MP,Nota,NOTA,,,,,False,32,2018,AE
1271375,Sevaram Ewaney,GGP,14879,5693,2.83587963078271,4,32,133,MP,Sevaram Ewaney,GGP,,,,,False,32,2018,AE
1271376,Narbadi Uikey,BSP,14762,3128,1.55816467329849,5,32,133,MP,Narbadi Uikey,BSP,,,,,False,32,2018,AE
1271377,Rangilal Meshram,BMUP,14773,2410,1.20050411210018,6,32,133,MP,Rangilal Meshram,BMUP,,,,,False,32,2018,AE
1271378,Yogendra Singh Chouhan,IND,14765,1951,0.971860382866166,7,32,133,MP,Yogendra Singh Chouhan,IND,,,,,False,32,2018,AE
1271379,Sunil Kawde,AAAP,14772,1315,0.66,8,32,133,MP,Sunil Kawde,AAAP,,,,,False,32,2018,AE
1271452,Sanjay Shah Makrai,BJP,14761,64033,45.15,1,32,134,MP,Sanjay Shah Makrai,BJP,,,,,False,32,2018,AE
1271453,Abhijeet Shah (Makdai) Nandkishor Bete Amakhal,INC,14760,61820,45.4244860170176,2,32,134,MP,Abhijeet Shah (Makdai) Nandkishor Bete Amakhal,INC,,,,,False,32,2018,AE
2001077,NANDKISHOR BETE AMAKHAL,GGP,14879,5722,4.03,3,32,134,MP,NANDKISHOR BETE AMAKHAL,GGP,,,,,,32,2018,AE
1271454,Nota,NOTA,14771,4084,2.88,4,32,134,MP,Nota,NOTA,,,,,False,32,2018,AE
1271455,Bhagirath Evane,BSP,14762,1799,1.27,5,32,134,MP,Bhagirath Evane,BSP,,,,,False,32,2018,AE
1271456,Nanakram,IND,14765,1590,1.12,6,32,134,MP,Nanakram,IND,,,,,False,32,2018,AE
1271457,Mangeelal-Kajle,IND,14765,1240,0.87,7,32,134,MP,Mangeelal-Kajle,IND,,,,,False,32,2018,AE
1271458,Dr. Ramesh Chandar Bhilala,AAAP,14772,808,0.57,8,32,134,MP,Dr. Ramesh Chandar Bhilala,AAAP,,,,,False,32,2018,AE
1271459,Rahul Bhilala,SHS,14784,720,0.51,9,32,134,MP,Rahul Bhilala,SHS,,,,,False,32,2018,AE
1271529,Kamal Patel,BJP,14761,85651,49.0044741449348,1,32,135,MP,Kamal Patel,BJP,,,,,False,32,2018,AE
1271530,Dr. Ramkishore Dogne,INC,14760,78984,45.1900081244064,2,32,135,MP,Dr. Ramkishore Dogne,INC,,,,,False,32,2018,AE
1271531,Nota,NOTA,14771,3110,1.77935943060498,3,32,135,MP,Nota,NOTA,,,,,False,32,2018,AE
1271532,Vinod Parte,GGP,14879,1459,0.834754150885102,4,32,135,MP,Vinod Parte,GGP,,,,,False,32,2018,AE
1271533,Prem Gannore,BSP,14762,1436,0.821594901076769,5,32,135,MP,Prem Gannore,BSP,,,,,False,32,2018,AE
1271534,Yogita Dudhwal,IND,14765,1168,0.668261033744893,6,32,135,MP,Yogita Dudhwal,IND,,,,,False,32,2018,AE
1271535,Baseem Mustufa Khan,RSMD,14793,861,0.492613655868453,7,32,135,MP,Baseem Mustufa Khan,RSMD,,,,,False,32,2018,AE
1271536,Mo. Shamim. Kaji,IND,14765,671,0.383906809625705,8,32,135,MP,Mo. Shamim. Kaji,IND,,,,,False,32,2018,AE
1271537,Devkishan Saraf,IND,14765,450,0.257463583206508,9,32,135,MP,Devkishan Saraf,IND,,,,,False,32,2018,AE
1271538,Harish Chandra Vishwari (Gupta),AAAP,14772,347,0.2,10,32,135,MP,Harish Chandra Vishwari (Gupta),AAAP,,,,,False,32,2018,AE
1271539,Kamal Patel,IND,14765,234,0.133881063267384,11,32,135,MP,Kamal Patel,IND,,,,,False,32,2018,AE
1271540,Sures,BYPP,14802,224,0.13,12,32,135,MP,Sures,BYPP,,,,,False,32,2018,AE
1271541,Kamal,IND,14765,187,0.106990422354704,13,32,135,MP,Kamal,IND,,,,,False,32,2018,AE
1271624,Premshanker Kunjilal Verma (Baghwada),BJP,14761,88022,46.5786479693081,1,32,136,MP,Premshanker Kunjilal Verma (Baghwada),BJP,,,,,False,32,2018,AE
1271625,Omprakash Hazarilal Raghuwanshi,INC,14760,76418,40.438153194867,2,32,136,MP,Omprakash Hazarilal Raghuwanshi,INC,,,,,False,32,2018,AE
1271626,Laxman Singh Parte,GGP,14879,9682,5.1234290250033,3,32,136,MP,Laxman Singh Parte,GGP,,,,,False,32,2018,AE
1271627,Nota,NOTA,14771,3897,2.0621775367112,4,32,136,MP,Nota,NOTA,,,,,False,32,2018,AE
1271628,Ram Mohan Gour (Patel),IND,14765,2091,1.10649556819685,5,32,136,MP,Ram Mohan Gour (Patel),IND,,,,,False,32,2018,AE
1271629,Meghraj Guldar Hariyale,BSP,14762,1796,0.950390263262336,6,32,136,MP,Meghraj Guldar Hariyale,BSP,,,,,False,32,2018,AE
1271630,Rajshri D/O Shankar Singh,AAAP,14772,1764,0.93,7,32,136,MP,Rajshri D/O Shankar Singh,AAAP,,,,,False,32,2018,AE
1271631,Fagram,SWJP,15013,1545,0.817568461436697,8,32,136,MP,Fagram,SWJP,,,,,False,32,2018,AE
1271632,Eng. Badamilal Bhagirath Uikey,IND,14765,830,0.439211535917449,9,32,136,MP,Eng. Badamilal Bhagirath Uikey,IND,,,,,False,32,2018,AE
1271633,Umashankar Chandryan,SPAKP,14807,688,0.36,10,32,136,MP,Umashankar Chandryan,SPAKP,,,,,False,32,2018,AE
1271634,Deepak Ashware,BASD,14808,633,0.334964942452705,11,32,136,MP,Deepak Ashware,BASD,,,,,False,32,2018,AE
1271635,Badamilal Dauaa Korku,IND,14765,451,0.238655906865987,12,32,136,MP,Badamilal Dauaa Korku,IND,,,,,False,32,2018,AE
1271636,Gopal Krishn Yaduwanshi,IND,14765,447,0.23653922476518,13,32,136,MP,Gopal Krishn Yaduwanshi,IND,,,,,False,32,2018,AE
1271637,Dinesh Katare Rajalya,APOI,14831,436,0.23,14,32,136,MP,Dinesh Katare Rajalya,APOI,,,,,False,32,2018,AE
1271638,Bhartiya Narendra Raghuwanshi,NBP,14907,275,0.15,15,32,136,MP,Bhartiya Narendra Raghuwanshi,NBP,,,,,False,32,2018,AE
1271722,Dr.Sitasaran Sharma,BJP,14761,82216,52.3385428271318,1,32,137,MP,Dr.Sitasaran Sharma,BJP,,,,,False,32,2018,AE
1271723,Sartaj Singh,INC,14760,66999,42.6514307540503,2,32,137,MP,Sartaj Singh,INC,,,,,False,32,2018,AE
1271724,Jitendra Singh Rathor,SPAKP,14807,1553,0.99,3,32,137,MP,Jitendra Singh Rathor,SPAKP,,,,,False,32,2018,AE
1271725,Nota,NOTA,14771,1369,0.871502689626635,4,32,137,MP,Nota,NOTA,,,,,False,32,2018,AE
1271726,Vinod Longre,BSP,14762,1325,0.843492376738708,5,32,137,MP,Vinod Longre,BSP,,,,,False,32,2018,AE
1271727,Mukesh Babu Ahirwar,IND,14765,728,0.463443358691154,6,32,137,MP,Mukesh Babu Ahirwar,IND,,,,,False,32,2018,AE
1271728,Manjulata Jat,IND,14765,667,0.424610879460164,7,32,137,MP,Manjulata Jat,IND,,,,,False,32,2018,AE
1271729,V.S.Awasthy (Vidhashan Kar Awasthy),PSS,15016,494,0.314479421968997,8,32,137,MP,V.S.Awasthy (Vidhashan Kar Awasthy),PSS,,,,,False,32,2018,AE
1271730,Kinnar Panchi Deshmukh,ABHM,14842,441,0.280739726899449,9,32,137,MP,Kinnar Panchi Deshmukh,ABHM,,,,,False,32,2018,AE
1271731,Pandit Dinesh Chaturvedi Shikshak,IND,14765,374,0.238087659547378,10,32,137,MP,Pandit Dinesh Chaturvedi Shikshak,IND,,,,,False,32,2018,AE
1271732,P.Kailash Sonkiya,AAAP,14772,274,0.17,11,32,137,MP,P.Kailash Sonkiya,AAAP,,,,,False,32,2018,AE
1271733,Sarjerao Sahare (Retired Deputy Collector),BMUP,14773,203,0.129229398096571,12,32,137,MP,Sarjerao Sahare (Retired Deputy Collector),BMUP,,,,,False,32,2018,AE
1271734,Krushna Mohan Patel (Daari Patel),IND,14765,161,0.102492281249005,13,32,137,MP,Krushna Mohan Patel (Daari Patel),IND,,,,,False,32,2018,AE
1271735,R.P Magraiya,BASD,14808,156,0.0993092911481045,14,32,137,MP,R.P Magraiya,BASD,,,,,False,32,2018,AE
1271736,Dhaneeram (Chatak),BYPP,14802,125,0.08,15,32,137,MP,Dhaneeram (Chatak),BYPP,,,,,False,32,2018,AE
1271807,Vijaypal Singh,BJP,14761,87488,48.0864465562633,1,32,138,MP,Vijaypal Singh,BJP,,,,,False,32,2018,AE
1271808,Satpal Paliya,INC,14760,76071,41.8112664134682,2,32,138,MP,Satpal Paliya,INC,,,,,False,32,2018,AE
1271809,Rameshwar Prasad Maurya,GGP,14879,4207,2.31231346770071,3,32,138,MP,Rameshwar Prasad Maurya,GGP,,,,,False,32,2018,AE
1271810,Nota,NOTA,14771,2618,1.43894382183039,4,32,138,MP,Nota,NOTA,,,,,False,32,2018,AE
1271811,Shavir Shah,IND,14765,2448,1.34550591132192,5,32,138,MP,Shavir Shah,IND,,,,,False,32,2018,AE
1271812,Yashwant Singh Meena (Motu Bhai),BSP,14762,2256,1.23997603592412,6,32,138,MP,Yashwant Singh Meena (Motu Bhai),BSP,,,,,False,32,2018,AE
1271813,Thakur Heera Lal,IND,14765,1886,1.03661117187628,7,32,138,MP,Thakur Heera Lal,IND,,,,,False,32,2018,AE
1271814,Mukesh Kumar Tiwari Urf Dileep Tiwari,AAAP,14772,1741,0.96,8,32,138,MP,Mukesh Kumar Tiwari Urf Dileep Tiwari,AAAP,,,,,False,32,2018,AE
1271815,Rameshwar Ahirwar,IND,14765,823,0.45234941381452,9,32,138,MP,Rameshwar Ahirwar,IND,,,,,False,32,2018,AE
1271816,Jeevan Singh Uikey,IND,14765,769,0.422669136358889,10,32,138,MP,Jeevan Singh Uikey,IND,,,,,False,32,2018,AE
1271817,Bhagwan Singh,IND,14765,615,0.338025382133572,11,32,138,MP,Bhagwan Singh,IND,,,,,False,32,2018,AE
1271818,Bhagwan Das,IND,14765,398,0.218754637543352,12,32,138,MP,Bhagwan Das,IND,,,,,False,32,2018,AE
1271819,Thakur Ganesh Singh,IND,14765,323,0.177532029966087,13,32,138,MP,Thakur Ganesh Singh,IND,,,,,False,32,2018,AE
1271820,Devendra Kumar,IND,14765,296,0.162691891238272,14,32,138,MP,Devendra Kumar,IND,,,,,False,32,2018,AE
1271898,Thakurdas Nagwanshi,BJP,14761,84521,49.9671894675234,1,32,139,MP,Thakurdas Nagwanshi,BJP,,,,,False,32,2018,AE
1271899,Harish Tularam Beman (Mehra),INC,14760,66391,39.2490821918618,2,32,139,MP,Harish Tularam Beman (Mehra),INC,,,,,False,32,2018,AE
1271900,Nanhelal Rohar Vanshkar,GGP,14879,5353,3.16459063687903,3,32,139,MP,Nanhelal Rohar Vanshkar,GGP,,,,,False,32,2018,AE
1271901,Nota,NOTA,14771,3842,2.27131650044634,4,32,139,MP,Nota,NOTA,,,,,False,32,2018,AE
1271902,Brajesh Arya,BSP,14762,2491,1.47263128646846,5,32,139,MP,Brajesh Arya,BSP,,,,,False,32,2018,AE
1271903,Sanjay Kori,AAAP,14772,2026,1.2,6,32,139,MP,Sanjay Kori,AAAP,,,,,False,32,2018,AE
1271904,Kadhorilal Goliya,RPI(A),14785,1632,0.964807009039153,7,32,139,MP,Kadhorilal Goliya,RPI(A),,,,,False,32,2018,AE
1271905,Sanjay Ahirwar,BASD,14808,1217,0.719466991421967,8,32,139,MP,Sanjay Ahirwar,BASD,,,,,False,32,2018,AE
1271906,Mahendr Kumar Belwanshi Katiya,IND,14765,929,0.549206931003292,9,32,139,MP,Mahendr Kumar Belwanshi Katiya,IND,,,,,False,32,2018,AE
1271907,Ramlal Mehra Choudhary,ABHM,14842,751,0.443976754772306,10,32,139,MP,Ramlal Mehra Choudhary,ABHM,,,,,False,32,2018,AE
1271979,Devendra Singh Patel,INC,14760,86441,48.944012864358,1,32,140,MP,Devendra Singh Patel,INC,,,,,False,32,2018,AE
1271980,Ramkishan Patel,BJP,14761,78440,44.4137431205127,2,32,140,MP,Ramkishan Patel,BJP,,,,,False,32,2018,AE
1271981,Nota,NOTA,14771,2973,1.68335107467216,3,32,140,MP,Nota,NOTA,,,,,False,32,2018,AE
1271982,Haribabu Dhakar,BSP,14762,2007,1.13638937331551,4,32,140,MP,Haribabu Dhakar,BSP,,,,,False,32,2018,AE
1271983,Mohan Singh Chouhan,IND,14765,1644,0.930854075600751,5,32,140,MP,Mohan Singh Chouhan,IND,,,,,False,32,2018,AE
1271984,Devendra Kumar Noriya (Pappu Bhaiya) Gram Thala,NINSHAD,14906,1597,0.904242067356691,6,32,140,MP,Devendra Kumar Noriya (Pappu Bhaiya) Gram Thala,NINSHAD,,,,,False,32,2018,AE
1271985,Netram Kaurav,IND,14765,1554,0.879894910878083,7,32,140,MP,Netram Kaurav,IND,,,,,False,32,2018,AE
1271986,Bhaktraj Raghuwanshi,AAAP,14772,706,0.4,8,32,140,MP,Bhaktraj Raghuwanshi,AAAP,,,,,False,32,2018,AE
1271987,Kirar Kalyan Singh,IND,14765,552,0.312549543632369,9,32,140,MP,Kirar Kalyan Singh,IND,,,,,False,32,2018,AE
1271988,Kamlesh Kumar Gour,JPJD,14774,391,0.221389260072928,10,32,140,MP,Kamlesh Kumar Gour,JPJD,,,,,False,32,2018,AE
1271989,Narendra Patel Dhakad,AIDP,15019,307,0.173827372998437,11,32,140,MP,Narendra Patel Dhakad,AIDP,,,,,False,32,2018,AE
1272057,Surendra Patwa,BJP,14761,92458,52.8059854931749,1,32,141,MP,Surendra Patwa,BJP,,,,,False,32,2018,AE
1272058,Suresh Pachouri,INC,14760,62972,35.9655034553658,2,32,141,MP,Suresh Pachouri,INC,,,,,False,32,2018,AE
1272059,Ravi Dhurvey,GGP,14879,10772,6.15226454966017,3,32,141,MP,Ravi Dhurvey,GGP,,,,,False,32,2018,AE
1272060,Nota,NOTA,14771,1848,1.05545719344337,4,32,141,MP,Nota,NOTA,,,,,False,32,2018,AE
1272061,Pohap Singh Choudhry,BSP,14762,1642,0.937803415386372,5,32,141,MP,Pohap Singh Choudhry,BSP,,,,,False,32,2018,AE
1272062,Arpit Shrivastava Man Singh,AAAP,14772,1406,0.803015591981266,6,32,141,MP,Arpit Shrivastava Man Singh,AAAP,,,,,False,32,2018,AE
1272063,Raghuwanshi,IND,14765,1002,0.572277114626763,7,32,141,MP,Raghuwanshi,IND,,,,,False,32,2018,AE
1272064,Pappu Singh,IND,14765,869,0.496316180250157,8,32,141,MP,Pappu Singh,IND,,,,,False,32,2018,AE
1272065,Ku. Seema Sharma,SPAKP,14807,457,0.26,9,32,141,MP,Ku. Seema Sharma,SPAKP,,,,,False,32,2018,AE
1272066,Manoj Meena,JLOKP,14855,450,0.26,10,32,141,MP,Manoj Meena,JLOKP,,,,,False,32,2018,AE
1272067,Anil Mandloi,IND,14765,434,0.24787252270261,11,32,141,MP,Anil Mandloi,IND,,,,,False,32,2018,AE
1272068,Dr. Dharmendra Ahirwar,BASD,14808,399,0.227882803129818,12,32,141,MP,Dr. Dharmendra Ahirwar,BASD,,,,,False,32,2018,AE
1272069,Ravindra Kumar Sahu,AIDP,15019,381,0.217602375920954,13,32,141,MP,Ravindra Kumar Sahu,AIDP,,,,,False,32,2018,AE
1272160,Dr. Prabhuram Choudhary,INC,14760,89567,50.7019371200199,1,32,142,MP,Dr. Prabhuram Choudhary,INC,,,,,False,32,2018,AE
1272161,Mudit Shejwar,BJP,14761,78754,44.5809322177816,2,32,142,MP,Mudit Shejwar,BJP,,,,,False,32,2018,AE
1272162,Nota,NOTA,14771,2519,1.42595129462112,3,32,142,MP,Nota,NOTA,,,,,False,32,2018,AE
1272163,Rajendra Kumar (Rajju Bhaiya),IND,14765,1483,0.839494152410927,4,32,142,MP,Rajendra Kumar (Rajju Bhaiya),IND,,,,,False,32,2018,AE
1272164,Smt. Shiv Kumari,BSP,14762,1029,0.582494593952019,5,32,142,MP,Smt. Shiv Kumari,BSP,,,,,False,32,2018,AE
1272165,Manohar Lal Mehra,IND,14765,882,0.499281080530302,6,32,142,MP,Manohar Lal Mehra,IND,,,,,False,32,2018,AE
1272166,Deewan Singh Malviya,SHS,14784,763,0.431917760141293,7,32,142,MP,Deewan Singh Malviya,SHS,,,,,False,32,2018,AE
1272167,Mr. Arun Kumar,IND,14765,436,0.246810148652167,8,32,142,MP,Mr. Arun Kumar,IND,,,,,False,32,2018,AE
1272168,Anita Swaraj,SPAKP,14807,420,0.24,9,32,142,MP,Anita Swaraj,SPAKP,,,,,False,32,2018,AE
1272169,Chhagan Lal Rajak,IND,14765,279,0.157935852004483,10,32,142,MP,Chhagan Lal Rajak,IND,,,,,False,32,2018,AE
1272170,Pramoda Kumar Beldar,AAAP,14772,187,0.11,11,32,142,MP,Pramoda Kumar Beldar,AAAP,,,,,False,32,2018,AE
1272171,Munna Arjun Singh,IND,14765,179,0.101328019744811,12,32,142,MP,Munna Arjun Singh,IND,,,,,False,32,2018,AE
1272172,Komal Singh Dhapliwala,BYPP,14802,156,0.09,13,32,142,MP,Komal Singh Dhapliwala,BYPP,,,,,False,32,2018,AE
1272262,Rampal Singh,BJP,14761,64222,41.4153790595093,1,32,143,MP,Rampal Singh,BJP,,,,,False,32,2018,AE
1272263,Devendra Patel,INC,14760,57150,36.8547991848737,2,32,143,MP,Devendra Patel,INC,,,,,False,32,2018,AE
1272264,Neelmani Shah (Baba Sahab),IND,14765,16892,10.8932855263497,3,32,143,MP,Neelmani Shah (Baba Sahab),IND,,,,,False,32,2018,AE
1272265,Gori Singh Yadav,SP,14763,3606,2.3254314236335,4,32,143,MP,Gori Singh Yadav,SP,,,,,False,32,2018,AE
1272266,Ramrishi,IND,14765,2018,1.30136456264348,5,32,143,MP,Ramrishi,IND,,,,,False,32,2018,AE
1272267,Dinesh,IND,14765,1892,1.22010988727525,6,32,143,MP,Dinesh,IND,,,,,False,32,2018,AE
1272268,Babu Lal Pahalwan,BSP,14762,1278,0.824154564449144,7,32,143,MP,Babu Lal Pahalwan,BSP,,,,,False,32,2018,AE
1272269,Rampal Singh,IND,14765,1175,0.7577320917275,8,32,143,MP,Rampal Singh,IND,,,,,False,32,2018,AE
1272270,Prabhat (Pratap Giri),IND,14765,1081,0.6971135243893,9,32,143,MP,Prabhat (Pratap Giri),IND,,,,,False,32,2018,AE
1272271,Pancham Ahirvar,IND,14765,791,0.510098795367193,10,32,143,MP,Pancham Ahirvar,IND,,,,,False,32,2018,AE
1272272,Harinarayan,IND,14765,764,0.492687079216859,11,32,143,MP,Harinarayan,IND,,,,,False,32,2018,AE
1272273,Nota,NOTA,14771,675,0.435292903758351,12,32,143,MP,Nota,NOTA,,,,,False,32,2018,AE
1272274,Munshi Lal Silawat,BASD,14808,606,0.390796295818608,13,32,143,MP,Munshi Lal Silawat,BASD,,,,,False,32,2018,AE
1272275,Khangar Nirbay Singh,IND,14765,555,0.357907498645755,14,32,143,MP,Khangar Nirbay Singh,IND,,,,,False,32,2018,AE
1272276,Mohd Talat Khan Talat,IND,14765,453,0.292129904300049,15,32,143,MP,Mohd Talat Khan Talat,IND,,,,,False,32,2018,AE
1272277,Munna,IND,14765,449,0.289550390796295,16,32,143,MP,Munna,IND,,,,,False,32,2018,AE
1272278,Abdul Baheed Khan,SPAKP,14807,447,0.29,17,32,143,MP,Abdul Baheed Khan,SPAKP,,,,,False,32,2018,AE
1272279,Sangharsh Kumar Sharma,SHS,14784,412,0.265689890886578,18,32,143,MP,Sangharsh Kumar Sharma,SHS,,,,,False,32,2018,AE
1272280,Santosh Kumar Raghuwanshi,AAAP,14772,356,0.23,19,32,143,MP,Santosh Kumar Raghuwanshi,AAAP,,,,,False,32,2018,AE
1272281,Suneel Kumar,IND,14765,246,0.158640080480821,20,32,143,MP,Suneel Kumar,IND,,,,,False,32,2018,AE
1272378,Shashank Shrikrishan Bhargava,INC,14760,80332,52.5066342470946,1,32,144,MP,Shashank Shrikrishan Bhargava,INC,,,,,False,32,2018,AE
1272379,Mukesh Tandon,BJP,14761,64878,42.4055845327267,2,32,144,MP,Mukesh Tandon,BJP,,,,,False,32,2018,AE
1272380,Rakesh Sharma,SPAKP,14807,2569,1.68,3,32,144,MP,Rakesh Sharma,SPAKP,,,,,False,32,2018,AE
1272381,Nota,NOTA,14771,1492,0.975201641894453,4,32,144,MP,Nota,NOTA,,,,,False,32,2018,AE
1272382,Shailendra Jain,BSP,14762,1028,0.671921774710119,5,32,144,MP,Shailendra Jain,BSP,,,,,False,32,2018,AE
1272383,Sanjay Saini,IND,14765,917,0.599369909931108,6,32,144,MP,Sanjay Saini,IND,,,,,False,32,2018,AE
1272384,Anuma Acharya,AAAP,14772,607,0.4,7,32,144,MP,Anuma Acharya,AAAP,,,,,False,32,2018,AE
1272385,Manoj Shrivastava,IND,14765,253,0.165365962063871,8,32,144,MP,Manoj Shrivastava,IND,,,,,False,32,2018,AE
1272386,Chandra Kumar (Ballu Maharaj),IND,14765,246,0.16079061923997,9,32,144,MP,Chandra Kumar (Ballu Maharaj),IND,,,,,False,32,2018,AE
1272387,Dileep Kushwah,IND,14765,152,0.0993503013190059,10,32,144,MP,Dileep Kushwah,IND,,,,,False,32,2018,AE
1272388,Nisha Singh Patel,BASD,14808,141,0.0921604768814463,11,32,144,MP,Nisha Singh Patel,BASD,,,,,False,32,2018,AE
1272389,Th. Tulsiram Singh Karakhedi,IND,14765,132,0.0862778932507157,12,32,144,MP,Th. Tulsiram Singh Karakhedi,IND,,,,,False,32,2018,AE
1272390,Ramkrishna Ahirwar,BMUP,14773,89,0.0581722159038916,13,32,144,MP,Ramkrishna Ahirwar,BMUP,,,,,False,32,2018,AE
1272391,Daryav Singh Ahirwar Mooch Wale,PRBP,14932,83,0.0542504934834045,14,32,144,MP,Daryav Singh Ahirwar Mooch Wale,PRBP,,,,,False,32,2018,AE
1272392,Mokam Singh Panthi,RAJPA,14881,75,0.0490215302560884,15,32,144,MP,Mokam Singh Panthi,RAJPA,,,,,False,32,2018,AE
1272477,Leena Sanjay Jain Tappu,BJP,14761,73520,50.276617133166,1,32,145,MP,Leena Sanjay Jain Tappu,BJP,,,,,False,32,2018,AE
1272478,Nishank Kumar Jain,INC,14760,63294,43.2835718828428,2,32,145,MP,Nishank Kumar Jain,INC,,,,,False,32,2018,AE
1272479,Ravindra Singh Raghuwanshi,SPAKP,14807,2529,1.73,3,32,145,MP,Ravindra Singh Raghuwanshi,SPAKP,,,,,False,32,2018,AE
1272480,Chetan Kumar Ahirwar,BSP,14762,1690,1.15570569851809,4,32,145,MP,Chetan Kumar Ahirwar,BSP,,,,,False,32,2018,AE
1272481,Nota,NOTA,14771,1220,0.834296421415431,5,32,145,MP,Nota,NOTA,,,,,False,32,2018,AE
1272482,Mashkur Ali,IND,14765,1003,0.685901074327604,6,32,145,MP,Mashkur Ali,IND,,,,,False,32,2018,AE
1272483,Maharaj Singh,BASD,14808,803,0.549131169177534,7,32,145,MP,Maharaj Singh,BASD,,,,,False,32,2018,AE
1272484,Neeraj Sahu,IND,14765,751,0.513570993838515,8,32,145,MP,Neeraj Sahu,IND,,,,,False,32,2018,AE
1272485,Rajendra Tiwari,AAAP,14772,398,0.27,9,32,145,MP,Rajendra Tiwari,AAAP,,,,,False,32,2018,AE
1272486,Himmat Singh Kushwah,BLSP,14819,318,0.22,10,32,145,MP,Himmat Singh Kushwah,BLSP,,,,,False,32,2018,AE
1272487,Roshan,ADAL,14916,263,0.179852425272343,11,32,145,MP,Roshan,ADAL,,,,,False,32,2018,AE
1272488,Devendra Singh,IND,14765,257,0.17574932811784,12,32,145,MP,Devendra Singh,IND,,,,,False,32,2018,AE
1272489,Mahesh Kumar Rajoriya,BYPP,14802,185,0.13,13,32,145,MP,Mahesh Kumar Rajoriya,BYPP,,,,,False,32,2018,AE
1272573,Hari Singh Sapre,BJP,14761,80264,52.0647111480131,1,32,146,MP,Hari Singh Sapre,BJP,,,,,False,32,2018,AE
1272574,Subhash Bohat Advocate,INC,14760,63569,41.2351941464174,2,32,146,MP,Subhash Bohat Advocate,INC,,,,,False,32,2018,AE
1272575,Ad. Emrat Lal Ahirwar,BSP,14762,5212,3.38085909627534,3,32,146,MP,Ad. Emrat Lal Ahirwar,BSP,,,,,False,32,2018,AE
1272576,Khilan Singh Jatav,SPAKP,14807,1309,0.85,4,32,146,MP,Khilan Singh Jatav,SPAKP,,,,,False,32,2018,AE
1272577,Nota,NOTA,14771,1308,0.848458115488901,5,32,146,MP,Nota,NOTA,,,,,False,32,2018,AE
1272578,Ramcharan Ahirwar,AAAP,14772,1044,0.68,6,32,146,MP,Ramcharan Ahirwar,AAAP,,,,,False,32,2018,AE
1272579,Umakar,IND,14765,666,0.432013077152605,7,32,146,MP,Umakar,IND,,,,,False,32,2018,AE
1272580,Mansingh Ahirwar,BASD,14808,395,0.26,8,32,146,MP,Mansingh Ahirwar,BASD,,,,,False,32,2018,AE
1272581,Babu Lal Panthi,VSP,14783,395,0.26,8,32,146,MP,Babu Lal Panthi,VSP,,,,,False,32,2018,AE
1272651,Umakant Sharma,BJP,14761,83617,55.0032232176921,1,32,147,MP,Umakant Sharma,BJP,,,,,False,32,2018,AE
1272652,Masarrat Shahid,INC,14760,48883,32.1552143768665,2,32,147,MP,Masarrat Shahid,INC,,,,,False,32,2018,AE
1272653,Isem Singh Morye,BSP,14762,11408,7.50417702700924,3,32,147,MP,Isem Singh Morye,BSP,,,,,False,32,2018,AE
1272654,Himmat Singh,IND,14765,1735,1.14128218284195,4,32,147,MP,Himmat Singh,IND,,,,,False,32,2018,AE
1272655,Nota,NOTA,14771,1224,0.805146623515017,5,32,147,MP,Nota,NOTA,,,,,False,32,2018,AE
1272656,Shishu Pal Yadav,IND,14765,1101,0.724237281446106,6,32,147,MP,Shishu Pal Yadav,IND,,,,,False,32,2018,AE
1272657,Kanchedilal,BLSP,14819,967,0.64,7,32,147,MP,Kanchedilal,BLSP,,,,,False,32,2018,AE
1272658,Harioum Singh Kushawaha,MAHP,14852,518,0.34,8,32,147,MP,Harioum Singh Kushawaha,MAHP,,,,,False,32,2018,AE
1272659,Rajkumari Kushwah,IND,14765,478,0.314428174869426,9,32,147,MP,Rajkumari Kushwah,IND,,,,,False,32,2018,AE
1272660,Dhannalal Ahirwar,IND,14765,439,0.28877399323782,10,32,147,MP,Dhannalal Ahirwar,IND,,,,,False,32,2018,AE
1272661,Manoj Bhargava,SPAKP,14807,426,0.28,11,32,147,MP,Manoj Bhargava,SPAKP,,,,,False,32,2018,AE
1272662,Chainsingh Sahu,SHS,14784,305,0.200628856349738,12,32,147,MP,Chainsingh Sahu,SHS,,,,,False,32,2018,AE
1272663,Kasheeram,IND,14765,269,0.176948073305179,13,32,147,MP,Kasheeram,IND,,,,,False,32,2018,AE
1272664,Rajjan Singh Yadav,AIDP,15019,240,0.157871886963728,14,32,147,MP,Rajjan Singh Yadav,AIDP,,,,,False,32,2018,AE
1272665,Udham Singh,IND,14765,217,0.142742497796371,15,32,147,MP,Udham Singh,IND,,,,,False,32,2018,AE
1272666,Jasman Singh Yadav,BYPP,14802,195,0.13,16,32,147,MP,Jasman Singh Yadav,BYPP,,,,,False,32,2018,AE
1272756,Rajshri - Rudra Pratap Singh.,BJP,14761,62607,47.3732000575073,1,32,148,MP,Rajshri - Rudra Pratap Singh.,BJP,,,,,False,32,2018,AE
1272757,Jyotsna Yadav,INC,14760,55267,41.8191998910386,2,32,148,MP,Jyotsna Yadav,INC,,,,,False,32,2018,AE
1272758,Narayan Singh Kushwah,IND,14765,6027,4.56048487783469,3,32,148,MP,Narayan Singh Kushwah,IND,,,,,False,32,2018,AE
1272759,Maharaj Singh Ahirwar,BSP,14762,1995,1.50956816513692,4,32,148,MP,Maharaj Singh Ahirwar,BSP,,,,,False,32,2018,AE
1272760,Nota,NOTA,14771,1769,1.33855944066526,5,32,148,MP,Nota,NOTA,,,,,False,32,2018,AE
1272761,Arvind Tiwari,SPAKP,14807,1393,1.05,6,32,148,MP,Arvind Tiwari,SPAKP,,,,,False,32,2018,AE
1272762,Thakur Mool Chand Dangi,IND,14765,831,0.628797566530717,7,32,148,MP,Thakur Mool Chand Dangi,IND,,,,,False,32,2018,AE
1272763,Hukam Singh Dhakad,IND,14765,813,0.615177402634745,8,32,148,MP,Hukam Singh Dhakad,IND,,,,,False,32,2018,AE
1272764,Naveen Sharma,AAAP,14772,389,0.29,9,32,148,MP,Naveen Sharma,AAAP,,,,,False,32,2018,AE
1272765,Mukesh Kumar Ahirwar,BASD,14808,235,0.177818806419637,10,32,148,MP,Mukesh Kumar Ahirwar,BASD,,,,,False,32,2018,AE
1272766,Babulal Yadav,GGP,14879,220,0.16646866983966,11,32,148,MP,Babulal Yadav,GGP,,,,,False,32,2018,AE
1272767,Dwarka Prasad Dhakad,AIDP,15019,215,0.162685290979668,12,32,148,MP,Dwarka Prasad Dhakad,AIDP,,,,,False,32,2018,AE
1272768,Pista Bai Soudan Singh Yadav,SP,14763,210,0.158901912119675,13,32,148,MP,Pista Bai Soudan Singh Yadav,SP,,,,,False,32,2018,AE
1272769,Rajesh Malviya,BYPP,14802,186,0.14,14,32,148,MP,Rajesh Malviya,BYPP,,,,,False,32,2018,AE
1272871,Vishnu Khatri,BJP,14761,77814,47.7664896718946,1,32,149,MP,Vishnu Khatri,BJP,,,,,False,32,2018,AE
1272872,Jayshree Harikaran,INC,14760,64035,39.3081857524323,2,32,149,MP,Jayshree Harikaran,INC,,,,,False,32,2018,AE
1272873,Brahamanand Ratnakar Brahamma Bhaiya,IND,14765,11815,7.25269328749884,3,32,149,MP,Brahamanand Ratnakar Brahamma Bhaiya,IND,,,,,False,32,2018,AE
1272874,Anita Ahirwar,BSP,14762,3199,1.96372118719499,4,32,149,MP,Anita Ahirwar,BSP,,,,,False,32,2018,AE
1272875,Nota,NOTA,14771,1835,1.12642337558699,5,32,149,MP,Nota,NOTA,,,,,False,32,2018,AE
1272876,Toran Singh Ahirwar,BLSP,14819,1540,0.95,6,32,149,MP,Toran Singh Ahirwar,BLSP,,,,,False,32,2018,AE
1272877,Daya Ram Mehar,IND,14765,1096,0.672784751849237,7,32,149,MP,Daya Ram Mehar,IND,,,,,False,32,2018,AE
1272878,Sardar Sing Chouhan,BVD,14798,871,0.53,8,32,149,MP,Sardar Sing Chouhan,BVD,,,,,False,32,2018,AE
1272879,Shivnarayan Ahirwar (Shibbu Bhaiya),AAAP,14772,700,0.43,9,32,149,MP,Shivnarayan Ahirwar (Shibbu Bhaiya),AAAP,,,,,False,32,2018,AE
1273009,Arif Aqueel,INC,14760,90403,58.7719412300091,1,32,150,MP,Arif Aqueel,INC,,,,,False,32,2018,AE
1273010,Fatima Rasool Siddiqui (Gudiya),BJP,14761,55546,36.111038876609,2,32,150,MP,Fatima Rasool Siddiqui (Gudiya),BJP,,,,,False,32,2018,AE
1273011,Shubham Arya Urf Bhanu Hindu,IND,14765,4491,2.91964633987777,3,32,150,MP,Shubham Arya Urf Bhanu Hindu,IND,,,,,False,32,2018,AE
1273012,Nota,NOTA,14771,1368,0.889351189702249,4,32,150,MP,Nota,NOTA,,,,,False,32,2018,AE
1273013,Prakash Narware,BSP,14762,773,0.502535431023273,5,32,150,MP,Prakash Narware,BSP,,,,,False,32,2018,AE
1273014,Munna Singh Chouhan,AAAP,14772,696,0.45,6,32,150,MP,Munna Singh Chouhan,AAAP,,,,,False,32,2018,AE
1273015,Munez Uddin,IND,14765,218,0.141724093095826,7,32,150,MP,Munez Uddin,IND,,,,,False,32,2018,AE
1273016,Girish Nagpal,IND,14765,114,0.0741125991418541,8,32,150,MP,Girish Nagpal,IND,,,,,False,32,2018,AE
1273017,Yogendra Kailashia,BLSP,14819,107,0.07,9,32,150,MP,Yogendra Kailashia,BLSP,,,,,False,32,2018,AE
1273018,Arjumand Khanam,IND,14765,104,0.0676114939539721,10,32,150,MP,Arjumand Khanam,IND,,,,,False,32,2018,AE
1273159,Vishvas Sarang,BJP,14761,108654,53.2372338236302,1,32,151,MP,Vishvas Sarang,BJP,,,,,False,32,2018,AE
1273160,Dr. Mahendra Singh Chouhan,INC,14760,85503,41.8939312277675,2,32,151,MP,Dr. Mahendra Singh Chouhan,INC,,,,,False,32,2018,AE
1273161,Meharban Singh Titoriya,BSP,14762,2297,1.1254617970151,3,32,151,MP,Meharban Singh Titoriya,BSP,,,,,False,32,2018,AE
1273162,Colonel Keshari Singh (Retd),SPAKP,14807,1451,0.71,4,32,151,MP,Colonel Keshari Singh (Retd),SPAKP,,,,,False,32,2018,AE
1273163,Nota,NOTA,14771,1135,0.556116299352259,5,32,151,MP,Nota,NOTA,,,,,False,32,2018,AE
1273164,Rehan Jafri,AAAP,14772,762,0.37,6,32,151,MP,Rehan Jafri,AAAP,,,,,False,32,2018,AE
1273165,Gopal Sharma,IND,14765,708,0.346898977921937,7,32,151,MP,Gopal Sharma,IND,,,,,False,32,2018,AE
1273166,Moh. Javed,IND,14765,490,0.24008545082168,8,32,151,MP,Moh. Javed,IND,,,,,False,32,2018,AE
1273167,Mohd. Ateek,IND,14765,366,0.179329132654561,9,32,151,MP,Mohd. Ateek,IND,,,,,False,32,2018,AE
1273168,Vipin Kumar Yadav,SP,14763,320,0.156790498495791,10,32,151,MP,Vipin Kumar Yadav,SP,,,,,False,32,2018,AE
1273169,Samrat Singh Sahu,BMUP,14773,224,0.109753348947053,11,32,151,MP,Samrat Singh Sahu,BMUP,,,,,False,32,2018,AE
1273170,Dr. Mahendra Singh,IND,14765,222,0.108773408331455,12,32,151,MP,Dr. Mahendra Singh,IND,,,,,False,32,2018,AE
1273171,Pt. Dhanraj Dubey,SHS,14784,202,0.0989740021754681,13,32,151,MP,Pt. Dhanraj Dubey,SHS,,,,,False,32,2018,AE
1273172,Balram Singh Tomar,BSCP,14867,167,0.081825041402491,14,32,151,MP,Balram Singh Tomar,BSCP,,,,,False,32,2018,AE
1273173,Ibrahim Khan,IND,14765,151,0.0739855164777014,15,32,151,MP,Ibrahim Khan,IND,,,,,False,32,2018,AE
1273174,Santosh Kumar Sahoo,IND,14765,136,0.0666359618607112,16,32,151,MP,Santosh Kumar Sahoo,IND,,,,,False,32,2018,AE
1273175,Dr.Mahendra Singh Chouhan,IND,14765,130,0.0636961400139151,17,32,151,MP,Dr.Mahendra Singh Chouhan,IND,,,,,False,32,2018,AE
1273176,Harish Gupta,IND,14765,110,0.0538967338579282,18,32,151,MP,Harish Gupta,IND,,,,,False,32,2018,AE
1273177,Mo. Azahar,IND,14765,109,0.0534067635501288,19,32,151,MP,Mo. Azahar,IND,,,,,False,32,2018,AE
1273178,Shahjahan,IND,14765,105,0.0514468823189314,20,32,151,MP,Shahjahan,IND,,,,,False,32,2018,AE
1273179,Virendra Kumar,SAJPCS,15034,95,0.05,21,32,151,MP,Virendra Kumar,SAJPCS,,,,,False,32,2018,AE
1273180,Sanjay Kumar Saroj,BYPP,14802,91,0.04,22,32,151,MP,Sanjay Kumar Saroj,BYPP,,,,,False,32,2018,AE
1273181,Mo. Sufiyan Siddqui,IND,14765,89,0.0436073573941419,23,32,151,MP,Mo. Sufiyan Siddqui,IND,,,,,False,32,2018,AE
1273182,Mohommad. Akram Ali,IND,14765,82,0.0401775652395464,24,32,151,MP,Mohommad. Akram Ali,IND,,,,,False,32,2018,AE
1273183,Zahid Khan,IND,14765,80,0.0391976246239477,25,32,151,MP,Zahid Khan,IND,,,,,False,32,2018,AE
1273184,Shadab Miyan,IND,14765,71,0.0347878918537536,26,32,151,MP,Shadab Miyan,IND,,,,,False,32,2018,AE
1273185,Sharjeel Khan,IND,14765,68,0.0333179809303556,27,32,151,MP,Sharjeel Khan,IND,,,,,False,32,2018,AE
1273186,Meharban Singh Gurjar,IND,14765,62,0.03,28,32,151,MP,Meharban Singh Gurjar,IND,,,,,False,32,2018,AE
1273188,Sana Naaz,IND,14765,58,0.0284182778523621,29,32,151,MP,Sana Naaz,IND,,,,,False,32,2018,AE
1273187,Ravi Soni,IND,14765,58,0.03,29,32,151,MP,Ravi Soni,IND,,,,,False,32,2018,AE
1273189,Shivcharan,IND,14765,54,0.0264583966211647,31,32,151,MP,Shivcharan,IND,,,,,False,32,2018,AE
1273190,Santosh Kumar Kurale,IND,14765,44,0.0215586935431712,32,32,151,MP,Santosh Kumar Kurale,IND,,,,,False,32,2018,AE
1273350,P.C.Sharma,INC,14760,67323,48.9721543296089,1,32,152,MP,P.C.Sharma,INC,,,,,False,32,2018,AE
1273351,Umashankar Gupta,BJP,14761,60736,44.1806331471135,2,32,152,MP,Umashankar Gupta,BJP,,,,,False,32,2018,AE
1273352,Randheer Bhojane,BSP,14762,2154,1.56686452513966,3,32,152,MP,Randheer Bhojane,BSP,,,,,False,32,2018,AE
1273353,Dr.Kanti Lal Sahu (Retd. Director Health),SPAKP,14807,2152,1.57,4,32,152,MP,Dr.Kanti Lal Sahu (Retd. Director Health),SPAKP,,,,,False,32,2018,AE
1273354,Alok Agarwal,AAAP,14772,1654,1.2,5,32,152,MP,Alok Agarwal,AAAP,,,,,False,32,2018,AE
1273355,Nota,NOTA,14771,1128,0.820530726256983,6,32,152,MP,Nota,NOTA,,,,,False,32,2018,AE
1273356,Pradeep Khandelwal,IND,14765,482,0.350616852886405,7,32,152,MP,Pradeep Khandelwal,IND,,,,,False,32,2018,AE
1273357,Qazee Mohd.Yousuf Jamei Alim Sahib,IND,14765,320,0.232774674115456,8,32,152,MP,Qazee Mohd.Yousuf Jamei Alim Sahib,IND,,,,,False,32,2018,AE
1273358,Shibu S Das,GGP,14879,293,0.213134310986964,9,32,152,MP,Shibu S Das,GGP,,,,,False,32,2018,AE
1273359,Social Worker Shivraj Kushwaha,BLSP,14819,268,0.19,10,32,152,MP,Social Worker Shivraj Kushwaha,BLSP,,,,,False,32,2018,AE
1273360,Dr. Devendra Pratap Singh,IND,14765,184,0.133845437616387,11,32,152,MP,Dr. Devendra Pratap Singh,IND,,,,,False,32,2018,AE
1273361,Advocate Rajkumar Pandey,SHS,14784,135,0.0982018156424581,12,32,152,MP,Advocate Rajkumar Pandey,SHS,,,,,False,32,2018,AE
1273362,Pushplata Tiwari,IND,14765,131,0.0952921322160148,13,32,152,MP,Pushplata Tiwari,IND,,,,,False,32,2018,AE
1273363,Sharad Singh Kumre,RAPTY,14985,121,0.09,14,32,152,MP,Sharad Singh Kumre,RAPTY,,,,,False,32,2018,AE
1273364,Rakesh Purohit Paliwal,SSKP,14827,94,0.0683775605214152,15,32,152,MP,Rakesh Purohit Paliwal,SSKP,,,,,False,32,2018,AE
1273365,Dinesh Kumar Jain,RTJAWP,15035,81,0.06,16,32,152,MP,Dinesh Kumar Jain,RTJAWP,,,,,False,32,2018,AE
1273366,Shailendra Maheshwari,IND,14765,76,0.0552839851024208,17,32,152,MP,Shailendra Maheshwari,IND,,,,,False,32,2018,AE
1273367,Janrel Singh Maan,DAVP,14950,73,0.05,18,32,152,MP,Janrel Singh Maan,DAVP,,,,,False,32,2018,AE
1273368,Rani Yadav,ADAL,14916,67,0.0487371973929236,19,32,152,MP,Rani Yadav,ADAL,,,,,False,32,2018,AE
1273518,Arif Masood,INC,14760,76647,53.2015909043583,1,32,153,MP,Arif Masood,INC,,,,,False,32,2018,AE
1273519,Surendra Nath Singh (Mamma),BJP,14761,61890,42.9585823459592,2,32,153,MP,Surendra Nath Singh (Mamma),BJP,,,,,False,32,2018,AE
1273520,Nota,NOTA,14771,1517,1.05296767521118,3,32,153,MP,Nota,NOTA,,,,,False,32,2018,AE
1273521,P. K. Manjure,SPAKP,14807,961,0.67,4,32,153,MP,P. K. Manjure,SPAKP,,,,,False,32,2018,AE
1273522,Gokul Shakya-Bouddh,BSP,14762,781,0.542101354212217,5,32,153,MP,Gokul Shakya-Bouddh,BSP,,,,,False,32,2018,AE
1273523,Fida Husain,CPI,14859,473,0.328314904663737,6,32,153,MP,Fida Husain,CPI,,,,,False,32,2018,AE
1273524,Faraz Khan,AAAP,14772,451,0.31,7,32,153,MP,Faraz Khan,AAAP,,,,,False,32,2018,AE
1273525,Upendra Tiwari,RSGP,15037,322,0.223504015437047,8,32,153,MP,Upendra Tiwari,RSGP,,,,,False,32,2018,AE
1273526,Raees Bablu,IND,14765,233,0.161728060859726,9,32,153,MP,Raees Bablu,IND,,,,,False,32,2018,AE
1273527,Jitendra Kumar Sahu,SP,14763,217,0.150622271272792,10,32,153,MP,Jitendra Kumar Sahu,SP,,,,,False,32,2018,AE
1273528,Shamshul Hasan,RKSP,14775,112,0.0777405271085382,11,32,153,MP,Shamshul Hasan,RKSP,,,,,False,32,2018,AE
1273529,Devendra Prakash Mishra,IND,14765,107,0.0742699678626213,12,32,153,MP,Devendra Prakash Mishra,IND,,,,,False,32,2018,AE
1273530,Krishna Kumar Mishra,IND,14765,96,0.0666347375216042,13,32,153,MP,Krishna Kumar Mishra,IND,,,,,False,32,2018,AE
1273531,Javed Khan,IND,14765,94,0.0652465138232374,14,32,153,MP,Javed Khan,IND,,,,,False,32,2018,AE
1273532,Sita Ramji Pateriya,BSCP,14867,86,0.0596936190297704,15,32,153,MP,Sita Ramji Pateriya,BSCP,,,,,False,32,2018,AE
1273533,Rajkumar Godiya,KRJAP,14882,82,0.06,16,32,153,MP,Rajkumar Godiya,KRJAP,,,,,False,32,2018,AE
1273679,Krishna Gaur,BJP,14761,125487,58.0031893503432,1,32,154,MP,Krishna Gaur,BJP,,,,,False,32,2018,AE
1273680,Girish Sharma,INC,14760,79128,36.5749150662136,2,32,154,MP,Girish Sharma,INC,,,,,False,32,2018,AE
1273681,Babulal Valmiki,BSP,14762,3414,1.57803508285377,3,32,154,MP,Babulal Valmiki,BSP,,,,,False,32,2018,AE
1273682,Nota,NOTA,14771,2043,0.944325036400194,4,32,154,MP,Nota,NOTA,,,,,False,32,2018,AE
1273683,Shailendra Vyas,SPAKP,14807,1182,0.55,5,32,154,MP,Shailendra Vyas,SPAKP,,,,,False,32,2018,AE
1273684,Manoj Kumar Pal,AAAP,14772,1003,0.46,6,32,154,MP,Manoj Kumar Pal,AAAP,,,,,False,32,2018,AE
1273685,Himansu Sinha,IND,14765,824,0.380873142434537,7,32,154,MP,Himansu Sinha,IND,,,,,False,32,2018,AE
1273686,Rahul Kumar Saxena,IND,14765,784,0.362384154937715,8,32,154,MP,Rahul Kumar Saxena,IND,,,,,False,32,2018,AE
1273687,Manoj Singh,IND,14765,602,0.278259261827174,9,32,154,MP,Manoj Singh,IND,,,,,False,32,2018,AE
1273688,Komal Singh Meena,SHS,14784,373,0.172409808407867,10,32,154,MP,Komal Singh Meena,SHS,,,,,False,32,2018,AE
1273689,Maya Charde,IND,14765,272,0.12572511497839,11,32,154,MP,Maya Charde,IND,,,,,False,32,2018,AE
1273690,Manish Mishra,IND,14765,253,0.1169428459174,12,32,154,MP,Manish Mishra,IND,,,,,False,32,2018,AE
1273691,M .R. Banjare,IND,14765,218,0.100764981857681,13,32,154,MP,M .R. Banjare,IND,,,,,False,32,2018,AE
1273692,Jolly Sarkar,SUCI,14844,209,0.096604959670896,14,32,154,MP,Jolly Sarkar,SUCI,,,,,False,32,2018,AE
1273693,Jitendra Mohan Rai,IND,14765,196,0.0905960387344288,15,32,154,MP,Jitendra Mohan Rai,IND,,,,,False,32,2018,AE
1273694,Manoj Kumar Rai,BSCP,14867,131,0.0605514340520927,16,32,154,MP,Manoj Kumar Rai,BSCP,,,,,False,32,2018,AE
1273695,Nagsen Tayde,INCP,15038,117,0.0540802884282049,17,32,154,MP,Nagsen Tayde,INCP,,,,,False,32,2018,AE
1273696,A. Tahir Khan,IND,14765,109,0.0503824909288405,18,32,154,MP,A. Tahir Khan,IND,,,,,False,32,2018,AE
1273853,Rameshwar Sharma,BJP,14761,107288,51.3477295351864,1,32,155,MP,Rameshwar Sharma,BJP,,,,,False,32,2018,AE
1273854,Naresh Gyanchandani,INC,14760,91563,43.8217895704112,2,32,155,MP,Naresh Gyanchandani,INC,,,,,False,32,2018,AE
1273855,Nota,NOTA,14771,2605,1.24674553947469,3,32,155,MP,Nota,NOTA,,,,,False,32,2018,AE
1273856,D.K.Siraswal,BSP,14762,2316,1.10843096714909,4,32,155,MP,D.K.Siraswal,BSP,,,,,False,32,2018,AE
1273857,Dr Sambhav Kumar Jain,SPAKP,14807,1372,0.66,5,32,155,MP,Dr Sambhav Kumar Jain,SPAKP,,,,,False,32,2018,AE
1273858,Reena Saxena,AAAP,14772,956,0.46,6,32,155,MP,Reena Saxena,AAAP,,,,,False,32,2018,AE
1273859,Sunil Kumar Dodeja,IND,14765,595,0.284765295964468,7,32,155,MP,Sunil Kumar Dodeja,IND,,,,,False,32,2018,AE
1273860,Radha,GGP,14879,475,0.2273336396355,8,32,155,MP,Radha,GGP,,,,,False,32,2018,AE
1273861,Raju Patidar,BYPP,14802,363,0.17,9,32,155,MP,Raju Patidar,BYPP,,,,,False,32,2018,AE
1273862,Rajiv Varma (Vanshkar),SHS,14784,356,0.170380580442606,10,32,155,MP,Rajiv Varma (Vanshkar),SHS,,,,,False,32,2018,AE
1273863,Praveen Kumar Shrivastava,IND,14765,336,0.160808637721111,11,32,155,MP,Praveen Kumar Shrivastava,IND,,,,,False,32,2018,AE
1273864,Ramsushil Sharma,SVSP,14769,286,0.136878780917374,12,32,155,MP,Ramsushil Sharma,SVSP,,,,,False,32,2018,AE
1273865,Ismel Panwar,IND,14765,242,0.115820506930086,13,32,155,MP,Ismel Panwar,IND,,,,,False,32,2018,AE
1273866,Kavita Singh,IND,14765,191,0.0914120529902749,14,32,155,MP,Kavita Singh,IND,,,,,False,32,2018,AE
1273981,Shivraj Singh Chouhan,BJP,14761,123492,60.2546962673822,1,32,156,MP,Shivraj Singh Chouhan,BJP,,,,,False,32,2018,AE
1273982,Arun Subhashchandra,INC,14760,64493,31.4676750426933,2,32,156,MP,Arun Subhashchandra,INC,,,,,False,32,2018,AE
1273983,Revaram Sallam,GGP,14879,8152,3.97755550134179,3,32,156,MP,Revaram Sallam,GGP,,,,,False,32,2018,AE
1273984,Nota,NOTA,14771,1764,0.860697731153939,4,32,156,MP,Nota,NOTA,,,,,False,32,2018,AE
1273985,Sanjeev Kumar,BSP,14762,1683,0.821175896560136,5,32,156,MP,Sanjeev Kumar,BSP,,,,,False,32,2018,AE
1273986,Hemraj Pethari,IND,14765,1386,0.676262503049524,6,32,156,MP,Hemraj Pethari,IND,,,,,False,32,2018,AE
1273987,Prem Singh,IND,14765,672,0.327884849963405,7,32,156,MP,Prem Singh,IND,,,,,False,32,2018,AE
1273988,Shekhar Chouhan,IND,14765,628,0.306416199072944,8,32,156,MP,Shekhar Chouhan,IND,,,,,False,32,2018,AE
1273989,Vimlesh R B,AAAP,14772,535,0.26,9,32,156,MP,Vimlesh R B,AAAP,,,,,False,32,2018,AE
1273990,Veena,SHS,14784,380,0.185411075872163,10,32,156,MP,Veena,SHS,,,,,False,32,2018,AE
1273991,Gundesh Kumar Khambra,IND,14765,335,0.163454501097828,11,32,156,MP,Gundesh Kumar Khambra,IND,,,,,False,32,2018,AE
1273992,Abdul Rashid,IND,14765,328,0.160039033910709,12,32,156,MP,Abdul Rashid,IND,,,,,False,32,2018,AE
1273993,Radheshyam Sharma Bholu,BRSP,15039,307,0.149792632349353,13,32,156,MP,Radheshyam Sharma Bholu,BRSP,,,,,False,32,2018,AE
1273994,Premnarayan,IND,14765,302,0.147353012929982,14,32,156,MP,Premnarayan,IND,,,,,False,32,2018,AE
1273995,Brijesh Gupta,JLOKP,14855,260,0.13,15,32,156,MP,Brijesh Gupta,JLOKP,,,,,False,32,2018,AE
1273996,Amar Singh,IND,14765,233,0.113686264942668,16,32,156,MP,Amar Singh,IND,,,,,False,32,2018,AE
1274081,Raghunath Singh Malviya,BJP,14761,92292,44.7398272301561,1,32,157,MP,Raghunath Singh Malviya,BJP,,,,,False,32,2018,AE
1274082,Gopal Singh Engineer,INC,14760,86248,41.8099143907002,2,32,157,MP,Gopal Singh Engineer,INC,,,,,False,32,2018,AE
1274083,Kamal Singh Chauhan,PRSP,14890,17577,8.52069456967511,3,32,157,MP,Kamal Singh Chauhan,PRSP,,,,,False,32,2018,AE
1274084,Shailesh Vaidya,BSP,14762,4487,2.17513549150208,4,32,157,MP,Shailesh Vaidya,BSP,,,,,False,32,2018,AE
1274085,Nota,NOTA,14771,2108,1.02188224116033,5,32,157,MP,Nota,NOTA,,,,,False,32,2018,AE
1274086,Jagannath Singh,IND,14765,1181,0.572506132262974,6,32,157,MP,Jagannath Singh,IND,,,,,False,32,2018,AE
1274087,Urmila,IND,14765,1013,0.491065801847919,7,32,157,MP,Urmila,IND,,,,,False,32,2018,AE
1274088,Ram Prasad,SHS,14784,641,0.310733641643155,8,32,157,MP,Ram Prasad,SHS,,,,,False,32,2018,AE
1274089,Gajpal Singh,IND,14765,431,0.208933228624337,9,32,157,MP,Gajpal Singh,IND,,,,,False,32,2018,AE
1274090,Sobhal Sisodiya,BYPP,14802,308,0.15,10,32,157,MP,Sobhal Sisodiya,BYPP,,,,,False,32,2018,AE
1274159,Karan Singh Verma,BJP,14761,87134,50.42,1,32,158,MP,Karan Singh Verma,BJP,,,,,False,32,2018,AE
1274160,Shailendra Patel,INC,14760,71173,41.18,2,32,158,MP,Shailendra Patel,INC,,,,,False,32,2018,AE
1274161,Kunvar Tulasiram Patel,IND,14765,5193,3.0,3,32,158,MP,Kunvar Tulasiram Patel,IND,,,,,False,32,2018,AE
1274162,Rajesh Jangde,BSP,14762,2307,1.33,4,32,158,MP,Rajesh Jangde,BSP,,,,,False,32,2018,AE
1274163,Nota,NOTA,14771,1723,1.0,5,32,158,MP,Nota,NOTA,,,,,False,32,2018,AE
1274164,Dinesh Nagar Reporter,AAAP,14772,1118,0.65,6,32,158,MP,Dinesh Nagar Reporter,AAAP,,,,,False,32,2018,AE
1274165,Santosh Kumar Verma,IND,14765,1074,0.62,7,32,158,MP,Santosh Kumar Verma,IND,,,,,False,32,2018,AE
1274166,Brijendra Tiwari,SPAKP,14807,508,0.29,8,32,158,MP,Brijendra Tiwari,SPAKP,,,,,False,32,2018,AE
1274167,Haridev Tamoliya,IND,14765,493,0.29,9,32,158,MP,Haridev Tamoliya,IND,,,,,False,32,2018,AE
1274168,Anil Malviya Patrakar,IND,14765,428,0.25,10,32,158,MP,Anil Malviya Patrakar,IND,,,,,False,32,2018,AE
1274169,Naveen Jatav,IND,14765,403,0.23,11,32,158,MP,Naveen Jatav,IND,,,,,False,32,2018,AE
1274170,Parmanand,IND,14765,381,0.22,12,32,158,MP,Parmanand,IND,,,,,False,32,2018,AE
1274171,Rajendra,IND,14765,359,0.21,13,32,158,MP,Rajendra,IND,,,,,False,32,2018,AE
1274172,Padam Singh Malviya,IND,14765,279,0.16,14,32,158,MP,Padam Singh Malviya,IND,,,,,False,32,2018,AE
1274173,Ghanshyam Verma,IND,14765,253,0.15,15,32,158,MP,Ghanshyam Verma,IND,,,,,False,32,2018,AE
1274291,Sudesh Rai,BJP,14761,60117,38.0037550494035,1,32,159,MP,Sudesh Rai,BJP,,,,,False,32,2018,AE
1274292,Surendra Singh Thakur,INC,14760,39473,24.9533779640552,2,32,159,MP,Surendra Singh Thakur,INC,,,,,False,32,2018,AE
1274293,Usha Ramesh Saxena,IND,14765,26397,16.6872119706423,3,32,159,MP,Usha Ramesh Saxena,IND,,,,,False,32,2018,AE
1274294,Gaurav Sunny Mahajan,IND,14765,25916,16.3831414718023,4,32,159,MP,Gaurav Sunny Mahajan,IND,,,,,False,32,2018,AE
1274295,Sunil Jatav,BSP,14762,1261,0.797157794256165,5,32,159,MP,Sunil Jatav,BSP,,,,,False,32,2018,AE
1274296,Nota,NOTA,14771,1140,0.720666047146731,6,32,159,MP,Nota,NOTA,,,,,False,32,2018,AE
1274297,Kailashnarayan Shrivastav,IND,14765,1061,0.670725154405861,7,32,159,MP,Kailashnarayan Shrivastav,IND,,,,,False,32,2018,AE
1274298,Makhan Singh Solanki,CPI,14859,941,0.594865570495679,8,32,159,MP,Makhan Singh Solanki,CPI,,,,,False,32,2018,AE
1274299,Kamalsingh,PRSP,14890,610,0.385619551543426,9,32,159,MP,Kamalsingh,PRSP,,,,,False,32,2018,AE
1274300,Mo. Akram Qureshi,IND,14765,494,0.31228862043025,10,32,159,MP,Mo. Akram Qureshi,IND,,,,,False,32,2018,AE
1274301,Engg. Krishnapal Singh Baghel,AAAP,14772,416,0.26,11,32,159,MP,Engg. Krishnapal Singh Baghel,AAAP,,,,,False,32,2018,AE
1274302,Nilesh Jain (Jain Saab),SHS,14784,361,0.228210914929798,12,32,159,MP,Nilesh Jain (Jain Saab),SHS,,,,,False,32,2018,AE
1274420,Rajyavardhan Singh,BJP,14761,85335,49.6431002286252,1,32,160,MP,Rajyavardhan Singh,BJP,,,,,False,32,2018,AE
1274421,Girish Bhandari,INC,14760,75801,44.0967556152812,2,32,160,MP,Girish Bhandari,INC,,,,,False,32,2018,AE
1274422,Pankaj Yadav,IND,14765,3459,2.01225152271418,3,32,160,MP,Pankaj Yadav,IND,,,,,False,32,2018,AE
1274423,Dr. Shivnarayan Verma,BSP,14762,2605,1.51544238701082,4,32,160,MP,Dr. Shivnarayan Verma,BSP,,,,,False,32,2018,AE
1274424,Nota,NOTA,14771,1581,0.919736819141695,5,32,160,MP,Nota,NOTA,,,,,False,32,2018,AE
1274425,Ganga Ram Patel S/O Bharat Singh,IND,14765,1183,0.68820281913006,6,32,160,MP,Ganga Ram Patel S/O Bharat Singh,IND,,,,,False,32,2018,AE
1274426,Hemraj,IND,14765,666,0.387441316602383,7,32,160,MP,Hemraj,IND,,,,,False,32,2018,AE
1274427,Mamata Didi,SP,14763,359,0.208845994985369,8,32,160,MP,Mamata Didi,SP,,,,,False,32,2018,AE
1274428,Bhagwan Singh Meena Patrakar,AAAP,14772,314,0.18,9,32,160,MP,Bhagwan Singh Meena Patrakar,AAAP,,,,,False,32,2018,AE
1274429,Pankaj Bhaiya,IND,14765,237,0.13787326131346,10,32,160,MP,Pankaj Bhaiya,IND,,,,,False,32,2018,AE
1274430,Radheshyam Meghwal,BASD,14808,189,0.109949562819595,11,32,160,MP,Radheshyam Meghwal,BASD,,,,,False,32,2018,AE
1274431,Ganga Ram Patel S/O Kishanlal,IND,14765,168,0.0977329447285292,12,32,160,MP,Ganga Ram Patel S/O Kishanlal,IND,,,,,False,32,2018,AE
1274506,Govardhan Dangi,INC,14760,75569,42.860464852479,1,32,161,MP,Govardhan Dangi,INC,,,,,False,32,2018,AE
1274507,Narayan Singh Panwar,BJP,14761,74743,42.3919824857923,2,32,161,MP,Narayan Singh Panwar,BJP,,,,,False,32,2018,AE
1274508,Motilal Lodha (Anna Sahab),IND,14765,13238,7.50819560556734,3,32,161,MP,Motilal Lodha (Anna Sahab),IND,,,,,False,32,2018,AE
1274509,Gopal Singh Bhilala,BSP,14762,5664,3.21245051442313,4,32,161,MP,Gopal Singh Bhilala,BSP,,,,,False,32,2018,AE
1274510,Nota,NOTA,14771,1481,0.839978674410426,5,32,161,MP,Nota,NOTA,,,,,False,32,2018,AE
1274511,Kaluram Asheya,AAAP,14772,1446,0.82,6,32,161,MP,Kaluram Asheya,AAAP,,,,,False,32,2018,AE
1274512,Radheshyam Dangi,IND,14765,1365,0.774186961897523,7,32,161,MP,Radheshyam Dangi,IND,,,,,False,32,2018,AE
1274513,Yogesh Sharma (Banti),IND,14765,823,0.466780856880338,8,32,161,MP,Yogesh Sharma (Banti),IND,,,,,False,32,2018,AE
1274514,Balveer Choudhry Ptarkar,IND,14765,784,0.444661229397552,9,32,161,MP,Balveer Choudhry Ptarkar,IND,,,,,False,32,2018,AE
1274515,Hokam Singh Dangi,IND,14765,673,0.381705366561929,10,32,161,MP,Hokam Singh Dangi,IND,,,,,False,32,2018,AE
1274516,Usman Khan,IND,14765,528,0.2994657259208,11,32,161,MP,Usman Khan,IND,,,,,False,32,2018,AE
1274592,Bapusingh Tanwar,INC,14760,81921,47.0186132203798,1,32,162,MP,Bapusingh Tanwar,INC,,,,,False,32,2018,AE
1274593,Amar Singh Yadav,BJP,14761,50738,29.121109331864,2,32,162,MP,Amar Singh Yadav,BJP,,,,,False,32,2018,AE
1274594,Pratap Singh Mandloi,IND,14765,33494,19.223903897699,3,32,162,MP,Pratap Singh Mandloi,IND,,,,,False,32,2018,AE
1274595,Gordhansingh Tawar,AAAP,14772,2125,1.22,4,32,162,MP,Gordhansingh Tawar,AAAP,,,,,False,32,2018,AE
1274596,Nota,NOTA,14771,1608,0.922912684883861,5,32,162,MP,Nota,NOTA,,,,,False,32,2018,AE
1274597,Thakur J.S. Parmar,BSP,14762,1233,0.707681181879229,6,32,162,MP,Thakur J.S. Parmar,BSP,,,,,False,32,2018,AE
1274598,Fakirmohmmad,IND,14765,963,0.552714499715894,7,32,162,MP,Fakirmohmmad,IND,,,,,False,32,2018,AE
1274599,Manish Kumar Yadav,IND,14765,723,0.41496633779293,8,32,162,MP,Manish Kumar Yadav,IND,,,,,False,32,2018,AE
1274600,Sanjay Gupta Patrakar,SPAKP,14807,515,0.3,9,32,162,MP,Sanjay Gupta Patrakar,SPAKP,,,,,False,32,2018,AE
1274601,Jashvant,IND,14765,381,0.218675207052705,10,32,162,MP,Jashvant,IND,,,,,False,32,2018,AE
1274602,Imamuddin Khan,IND,14765,281,0.161280139584804,11,32,162,MP,Imamuddin Khan,IND,,,,,False,32,2018,AE
1274603,Amar Singh,IND,14765,249,0.142913717995075,12,32,162,MP,Amar Singh,IND,,,,,False,32,2018,AE
1274688,Priyavrat Singh,INC,14760,101854,56.3754005900227,1,32,163,MP,Priyavrat Singh,INC,,,,,False,32,2018,AE
1274689,Hajarilal Dangi,BJP,14761,72098,39.9056849189964,2,32,163,MP,Hajarilal Dangi,BJP,,,,,False,32,2018,AE
1274690,Indersingh Varma,BSP,14762,1746,0.966397484931173,3,32,163,MP,Indersingh Varma,BSP,,,,,False,32,2018,AE
1274691,Nota,NOTA,14771,1230,0.680795479075225,4,32,163,MP,Nota,NOTA,,,,,False,32,2018,AE
1274692,Irshad Mohammad,JAC,14940,1134,0.63,5,32,163,MP,Irshad Mohammad,JAC,,,,,False,32,2018,AE
1274693,Kamalsingh,IND,14765,866,0.479324296649711,6,32,163,MP,Kamalsingh,IND,,,,,False,32,2018,AE
1274694,Santosh Bai,IND,14765,790,0.437258884934494,7,32,163,MP,Santosh Bai,IND,,,,,False,32,2018,AE
1274695,Bharat Singh Choudhary,SHS,14784,533,0.29501137426593,8,32,163,MP,Bharat Singh Choudhary,SHS,,,,,False,32,2018,AE
1274696,Babu Ali,AAAP,14772,214,0.12,9,32,163,MP,Babu Ali,AAAP,,,,,False,32,2018,AE
1274697,Ishak,RAJPA,14881,206,0.114019405438614,10,32,163,MP,Ishak,RAJPA,,,,,False,32,2018,AE
1274766,Kunwarji Kothar,BJP,14761,75005,49.5907383899291,1,32,164,MP,Kunwarji Kothar,BJP,,,,,False,32,2018,AE
1274767,Kala Mahesh Malviya,INC,14760,70624,46.6941711625938,2,32,164,MP,Kala Mahesh Malviya,INC,,,,,False,32,2018,AE
1274768,Durgesh Ahirwar,BSP,14762,1999,1.32167036919496,3,32,164,MP,Durgesh Ahirwar,BSP,,,,,False,32,2018,AE
1274769,Nota,NOTA,14771,1590,1.05125357029514,4,32,164,MP,Nota,NOTA,,,,,False,32,2018,AE
1274770,Mohanlal Rampuria,IND,14765,1142,0.755051306463556,5,32,164,MP,Mohanlal Rampuria,IND,,,,,False,32,2018,AE
1274771,Banshilal,IND,14765,327,0.216201205966359,6,32,164,MP,Banshilal,IND,,,,,False,32,2018,AE
1274772,Balram Verma,BASD,14808,295,0.19504390140696,7,32,164,MP,Balram Verma,BASD,,,,,False,32,2018,AE
1274773,Eng. Satyendra Jatav,AAAP,14772,266,0.18,8,32,164,MP,Eng. Satyendra Jatav,AAAP,,,,,False,32,2018,AE
1274846,Vikaram Singh Rana Guddu Bhai,IND,14765,75804,42.0974298598307,1,32,165,MP,Vikaram Singh Rana Guddu Bhai,IND,,,,,False,32,2018,AE
1274847,Mahendra Bhairu Singh Bapu,INC,14760,48742,27.0686629495523,2,32,165,MP,Mahendra Bhairu Singh Bapu,INC,,,,,False,32,2018,AE
1274848,Murlidhar Patidar,BJP,14761,43880,24.368571872848,3,32,165,MP,Murlidhar Patidar,BJP,,,,,False,32,2018,AE
1274849,Phool Chand Malviya,BSP,14762,4598,2.55347979652131,4,32,165,MP,Phool Chand Malviya,BSP,,,,,False,32,2018,AE
1274850,Nota,NOTA,14771,2842,1.57829264500077,5,32,165,MP,Nota,NOTA,,,,,False,32,2018,AE
1274851,Govind Singh,AAAP,14772,1567,0.87,6,32,165,MP,Govind Singh,AAAP,,,,,False,32,2018,AE
1274852,Mahendra Singh Parihar,IND,14765,1293,0.718062065441944,7,32,165,MP,Mahendra Singh Parihar,IND,,,,,False,32,2018,AE
1274853,Ajab Singh,IND,14765,511,0.283781682475509,8,32,165,MP,Ajab Singh,IND,,,,,False,32,2018,AE
1274854,Hariom Soni,SHS,14784,485,0.269342692760512,9,32,165,MP,Hariom Soni,SHS,,,,,False,32,2018,AE
1274855,Mohsin Bhanej,JAC,14940,346,0.19,10,32,165,MP,Mohsin Bhanej,JAC,,,,,False,32,2018,AE
1274919,Manohar Untwal,BJP,14761,82146,47.6886012017067,1,32,166,MP,Manohar Untwal,BJP,,,,,False,32,2018,AE
1274920,Vipin Wankhede,INC,14760,79656,46.2430698673478,2,32,166,MP,Vipin Wankhede,INC,,,,,False,32,2018,AE
1274921,Nota,NOTA,14771,2160,1.25395489245595,3,32,166,MP,Nota,NOTA,,,,,False,32,2018,AE
1274922,Babulal Malviya,AAAP,14772,2039,1.18,4,32,166,MP,Babulal Malviya,AAAP,,,,,False,32,2018,AE
1274923,Govind Suryavanshi,BSP,14762,1978,1.14829758207308,5,32,166,MP,Govind Suryavanshi,BSP,,,,,False,32,2018,AE
1274924,Sunil Tulseeram Astay,BASD,14808,1699,0.986328408464195,6,32,166,MP,Sunil Tulseeram Astay,BASD,,,,,False,32,2018,AE
1274925,Amit Phatrod,IND,14765,1066,0.618849960813909,7,32,166,MP,Amit Phatrod,IND,,,,,False,32,2018,AE
1274926,Madhu Gehlot,IND,14765,1046,0.607239267365243,8,32,166,MP,Madhu Gehlot,IND,,,,,False,32,2018,AE
1274927,Rajesh Goyal,PRSP,14890,465,0.269948622681489,9,32,166,MP,Rajesh Goyal,PRSP,,,,,False,32,2018,AE
1274991,Karada Hukumsingh,INC,14760,89940,48.8472505091649,1,32,167,MP,Karada Hukumsingh,INC,,,,,False,32,2018,AE
1274992,Arun Bhimawad,BJP,14761,44961,24.4187372708757,2,32,167,MP,Arun Bhimawad,BJP,,,,,False,32,2018,AE
1274993,J.P. Mandloi,IND,14765,37841,20.5517990495587,3,32,167,MP,J.P. Mandloi,IND,,,,,False,32,2018,AE
1274994,Choukhutiya Rajendrasingh,BSP,14762,4150,2.25390359809911,4,32,167,MP,Choukhutiya Rajendrasingh,BSP,,,,,False,32,2018,AE
1274995,Nota,NOTA,14771,2072,1.12532247114731,5,32,167,MP,Nota,NOTA,,,,,False,32,2018,AE
1274996,Shankarlal Patidar,IND,14765,1519,0.824983027834351,6,32,167,MP,Shankarlal Patidar,IND,,,,,False,32,2018,AE
1274997,Jiyaur Rahman (Jiya Lala),AAAP,14772,1233,0.67,7,32,167,MP,Jiyaur Rahman (Jiya Lala),AAAP,,,,,False,32,2018,AE
1274998,Kohli Bherulal,PRSP,14890,587,0.318805159538357,8,32,167,MP,Kohli Bherulal,PRSP,,,,,False,32,2018,AE
1274999,Mukesh Kumar,IND,14765,530,0.28784792939579,9,32,167,MP,Mukesh Kumar,IND,,,,,False,32,2018,AE
1275000,Bahmanand,IND,14765,452,0.245485403937542,10,32,167,MP,Bahmanand,IND,,,,,False,32,2018,AE
1275001,Arun Patidar,IND,14765,312,0.169450101832993,11,32,167,MP,Arun Patidar,IND,,,,,False,32,2018,AE
1275002,Omprakash Verma,IND,14765,288,0.156415478615071,12,32,167,MP,Omprakash Verma,IND,,,,,False,32,2018,AE
1275003,Bhagwati Sadhvi,SHS,14784,240,0.130346232179226,13,32,167,MP,Bhagwati Sadhvi,SHS,,,,,False,32,2018,AE
1275075,Inder Singh Parmar,BJP,14761,78952,49.1108028588667,1,32,168,MP,Inder Singh Parmar,BJP,,,,,False,32,2018,AE
1275076,Ramveer Singh Sikarwar,INC,14760,73329,45.6131074936397,2,32,168,MP,Ramveer Singh Sikarwar,INC,,,,,False,32,2018,AE
1275077,Jay Shingh Mistree,BSP,14762,2046,1.27268090294408,3,32,168,MP,Jay Shingh Mistree,BSP,,,,,False,32,2018,AE
1275078,Nota,NOTA,14771,1881,1.17004534625504,4,32,168,MP,Nota,NOTA,,,,,False,32,2018,AE
1275079,Govind Singh,BASD,14808,1553,0.966018300230774,5,32,168,MP,Govind Singh,BASD,,,,,False,32,2018,AE
1275080,Navin Kumar Varma (Pandit),IND,14765,990,0.615813340134234,6,32,168,MP,Navin Kumar Varma (Pandit),IND,,,,,False,32,2018,AE
1275081,Shri Suraj Shingh Ji Parmar ( Jiyaji ),AAAP,14772,489,0.3,7,32,168,MP,Shri Suraj Shingh Ji Parmar ( Jiyaji ),AAAP,,,,,False,32,2018,AE
1275082,Ramesh Yadva (Bhanej),IND,14765,446,0.277427019898857,8,32,168,MP,Ramesh Yadva (Bhanej),IND,,,,,False,32,2018,AE
1275083,Sant Preetam Maharaj,SHS,14784,434,0.269962615776018,9,32,168,MP,Sant Preetam Maharaj,SHS,,,,,False,32,2018,AE
1275084,Rajendra Mahajan,SPAKP,14807,376,0.23,10,32,168,MP,Rajendra Mahajan,SPAKP,,,,,False,32,2018,AE
1275085,Dinesh Shindal,PRSP,14890,267,0.166082991733172,11,32,168,MP,Dinesh Shindal,PRSP,,,,,False,32,2018,AE
1275151,Kunal Choudhary,INC,14760,86249,52.1044396517872,1,32,169,MP,Kunal Choudhary,INC,,,,,False,32,2018,AE
1275152,Babulal Verma,BJP,14761,72550,43.8286484102675,2,32,169,MP,Babulal Verma,BJP,,,,,False,32,2018,AE
1275153,Nota,NOTA,14771,1809,1.09284665712162,3,32,169,MP,Nota,NOTA,,,,,False,32,2018,AE
1275154,Rajesh Badodiya,BSP,14762,1393,0.841534214135116,4,32,169,MP,Rajesh Badodiya,BSP,,,,,False,32,2018,AE
1275155,Dr. Subhash Sharma,SPAKP,14807,1268,0.77,5,32,169,MP,Dr. Subhash Sharma,SPAKP,,,,,False,32,2018,AE
1275156,Rakesh Purbiya,BASD,14808,745,0.450066754867668,6,32,169,MP,Rakesh Purbiya,BASD,,,,,False,32,2018,AE
1275157,Sunil Patel,SHS,14784,713,0.43073502848409,7,32,169,MP,Sunil Patel,SHS,,,,,False,32,2018,AE
1275158,Anil Kumar Malviya,PRSP,14890,487,0.294204710900073,8,32,169,MP,Anil Kumar Malviya,PRSP,,,,,False,32,2018,AE
1275159,Makhan Singh Parmar,AAAP,14772,317,0.19,9,32,169,MP,Makhan Singh Parmar,AAAP,,,,,False,32,2018,AE
1275228,Sajjan Singh Verma,INC,14760,86396,48.9235194853732,1,32,170,MP,Sajjan Singh Verma,INC,,,,,False,32,2018,AE
1275229,Rajendra Phulchand Verma,BJP,14761,76578,43.3638741973113,2,32,170,MP,Rajendra Phulchand Verma,BJP,,,,,False,32,2018,AE
1275230,Babulal Chouhan,BSP,14762,3657,2.07085178431883,3,32,170,MP,Babulal Chouhan,BSP,,,,,False,32,2018,AE
1275231,Dharmraj Pradhan,IND,14765,2263,1.28147049163618,4,32,170,MP,Dharmraj Pradhan,IND,,,,,False,32,2018,AE
1275232,Nota,NOTA,14771,1975,1.1183845430762,5,32,170,MP,Nota,NOTA,,,,,False,32,2018,AE
1275233,Prahlad Rathore,AAAP,14772,1332,0.75,6,32,170,MP,Prahlad Rathore,AAAP,,,,,False,32,2018,AE
1275234,Rajendra Verma,IND,14765,1249,0.707272047747941,7,32,170,MP,Rajendra Verma,IND,,,,,False,32,2018,AE
1275235,Sagar (Sajjan Bhaiya),IND,14765,903,0.511342401214084,8,32,170,MP,Sagar (Sajjan Bhaiya),IND,,,,,False,32,2018,AE
1275236,Dharmendra Solanky,IND,14765,614,0.347690181999388,9,32,170,MP,Dharmendra Solanky,IND,,,,,False,32,2018,AE
1275237,Akhilesh Bagri Balon,IND,14765,563,0.318810378608559,10,32,170,MP,Akhilesh Bagri Balon,IND,,,,,False,32,2018,AE
1275238,Madanlal Solanki,PRSP,14890,514,0.291063116527175,11,32,170,MP,Madanlal Solanki,PRSP,,,,,False,32,2018,AE
1275239,Mohanlal Rekwal,BASD,14808,305,0.172712549690249,12,32,170,MP,Mohanlal Rekwal,BASD,,,,,False,32,2018,AE
1275240,Deepak Malviya,IND,14765,245,0.138736310406922,13,32,170,MP,Deepak Malviya,IND,,,,,False,32,2018,AE
1275313,Gayatri Raje Puar,BJP,14761,103456,55.0666936350958,1,32,171,MP,Gayatri Raje Puar,BJP,,,,,False,32,2018,AE
1275314,Thakur Jaysingh,INC,14760,75469,40.1700075582571,2,32,171,MP,Thakur Jaysingh,INC,,,,,False,32,2018,AE
1275315,Dilip Bangar,IND,14765,2362,1.25722558736174,3,32,171,MP,Dilip Bangar,IND,,,,,False,32,2018,AE
1275316,Nota,NOTA,14771,1871,0.995880217592641,4,32,171,MP,Nota,NOTA,,,,,False,32,2018,AE
1275317,Shaikh Qutubuddin,BSP,14762,1827,0.972460265922905,5,32,171,MP,Shaikh Qutubuddin,BSP,,,,,False,32,2018,AE
1275318,Sadhana Prajapati,IND,14765,770,0.409849154220381,6,32,171,MP,Sadhana Prajapati,IND,,,,,False,32,2018,AE
1275319,Ishwar Singh,SPAKP,14807,496,0.26,7,32,171,MP,Ishwar Singh,SPAKP,,,,,False,32,2018,AE
1275320,Munni Shath Rajandr Sharma,IND,14765,424,0.225683170635638,8,32,171,MP,Munni Shath Rajandr Sharma,IND,,,,,False,32,2018,AE
1275321,Himanshu Shrivastava,SUCI,14844,398,0.21184410828534,9,32,171,MP,Himanshu Shrivastava,SUCI,,,,,False,32,2018,AE
1275322,Ku. Sunil Singh Thakur,AAAP,14772,247,0.13,10,32,171,MP,Ku. Sunil Singh Thakur,AAAP,,,,,False,32,2018,AE
1275323,Ramparsad,BASD,14808,234,0.124551561152687,11,32,171,MP,Ramparsad,BASD,,,,,False,32,2018,AE
1275324,Seshan Kalyane,PRSP,14890,173,0.0920829917923714,12,32,171,MP,Seshan Kalyane,PRSP,,,,,False,32,2018,AE
1275325,Alakhnath Urf Bhagwan Nath,IND,14765,147,0.0782439294420728,13,32,171,MP,Alakhnath Urf Bhagwan Nath,IND,,,,,False,32,2018,AE
1275393,Manoj Narayan Singh Choudhary,INC,14760,83337,52.1478765276048,1,32,172,MP,Manoj Narayan Singh Choudhary,INC,,,,,False,32,2018,AE
1275394,Deepak Kailash Joshi,BJP,14761,69818,43.6884030311183,2,32,172,MP,Deepak Kailash Joshi,BJP,,,,,False,32,2018,AE
1275395,Santosh- Khangode,BSP,14762,2347,1.46862817488376,3,32,172,MP,Santosh- Khangode,BSP,,,,,False,32,2018,AE
1275396,Nota,NOTA,14771,1847,1.15575468215181,4,32,172,MP,Nota,NOTA,,,,,False,32,2018,AE
1275397,Hamid Ali,IND,14765,772,0.483076672778128,5,32,172,MP,Hamid Ali,IND,,,,,False,32,2018,AE
1275398,Ishvar Choudhary,IND,14765,484,0.302861540964526,6,32,172,MP,Ishvar Choudhary,IND,,,,,False,32,2018,AE
1275399,Radheshyam Ganguli,BASD,14808,440,0.275328673604114,7,32,172,MP,Radheshyam Ganguli,BASD,,,,,False,32,2018,AE
1275400,C.A. Mahendra Singh,AAAP,14772,404,0.25,8,32,172,MP,C.A. Mahendra Singh,AAAP,,,,,False,32,2018,AE
1275401,Bablu Khan,IND,14765,360,0.225268914767003,9,32,172,MP,Bablu Khan,IND,,,,,False,32,2018,AE
1275470,Aashish Govind Sharma,BJP,14761,71984,41.7676275356264,1,32,173,MP,Aashish Govind Sharma,BJP,,,,,False,32,2018,AE
1275471,Om Patel,INC,14760,64212,37.258042055424,2,32,173,MP,Om Patel,INC,,,,,False,32,2018,AE
1275472,Mohan Patel Uikey,GGP,14879,19004,11.0267836420182,3,32,173,MP,Mohan Patel Uikey,GGP,,,,,False,32,2018,AE
1275473,Kamal Patel,IND,14765,8404,4.87629392378034,4,32,173,MP,Kamal Patel,IND,,,,,False,32,2018,AE
1275474,Shriniwas Bakliwal,BSP,14762,2474,1.43550109084157,5,32,173,MP,Shriniwas Bakliwal,BSP,,,,,False,32,2018,AE
1275475,Nota,NOTA,14771,2052,1.19064197187021,6,32,173,MP,Nota,NOTA,,,,,False,32,2018,AE
1275476,Sandeep Yadav,SHS,14784,1134,0.657986352875644,7,32,173,MP,Sandeep Yadav,SHS,,,,,False,32,2018,AE
1275477,Prahlad Harisingh Karma,IND,14765,1117,0.6481223599313,8,32,173,MP,Prahlad Harisingh Karma,IND,,,,,False,32,2018,AE
1275478,Revaram Jat (Munchh),AAAP,14772,750,0.44,9,32,173,MP,Revaram Jat (Munchh),AAAP,,,,,False,32,2018,AE
1275479,Dalchand Jat,SPAKP,14807,571,0.33,10,32,173,MP,Dalchand Jat,SPAKP,,,,,False,32,2018,AE
1275480,Ashok Gurjar,BVD,14798,339,0.2,11,32,173,MP,Ashok Gurjar,BVD,,,,,False,32,2018,AE
1275481,Akhtar Ramjan Kha,RSMD,14793,303,0.175811168360952,12,32,173,MP,Akhtar Ramjan Kha,RSMD,,,,,False,32,2018,AE
1275563,Kannoje Pahadsingh,BJP,14761,89417,48.3309010323766,1,32,174,MP,Kannoje Pahadsingh,BJP,,,,,False,32,2018,AE
1275564,Kamal Waskale,INC,14760,77574,41.9296254256526,2,32,174,MP,Kamal Waskale,INC,,,,,False,32,2018,AE
1275565,Tersingh Devda,IND,14765,8234,4.45057023944651,3,32,174,MP,Tersingh Devda,IND,,,,,False,32,2018,AE
1275566,Nota,NOTA,14771,3086,1.66801794497594,4,32,174,MP,Nota,NOTA,,,,,False,32,2018,AE
1275567,Mukesh Kumar Bhilala,BSP,14762,2136,1.15453218744932,5,32,174,MP,Mukesh Kumar Bhilala,BSP,,,,,False,32,2018,AE
1275568,Suresh Morya,IND,14765,1934,1.04534890005945,6,32,174,MP,Suresh Morya,IND,,,,,False,32,2018,AE
1275569,Mojeelal Akhadiya,AAAP,14772,1102,0.6,7,32,174,MP,Mojeelal Akhadiya,AAAP,,,,,False,32,2018,AE
1275570,Prahlad Harisingh Karma,IND,14765,571,0.308631965839684,8,32,174,MP,Prahlad Harisingh Karma,IND,,,,,False,32,2018,AE
1275571,Bhimsingh,BASD,14808,479,0.258904924058159,9,32,174,MP,Bhimsingh,BASD,,,,,False,32,2018,AE
1275572,Dashrath Singh Thakur,IND,14765,477,0.257823901410734,10,32,174,MP,Dashrath Singh Thakur,IND,,,,,False,32,2018,AE
1275647,Narayan Patel,INC,14760,71228,47.2237139580059,1,32,175,MP,Narayan Patel,INC,,,,,False,32,2018,AE
1275648,Ku.Narendra Singh Tomar,BJP,14761,69992,46.4042537674615,2,32,175,MP,Ku.Narendra Singh Tomar,BJP,,,,,False,32,2018,AE
1275649,Bliram Devra,GGP,14879,3305,2.19119411792005,3,32,175,MP,Bliram Devra,GGP,,,,,False,32,2018,AE
1275650,Dr.Bhaktprahlad Mishra,AAAP,14772,1891,1.25,4,32,175,MP,Dr.Bhaktprahlad Mishra,AAAP,,,,,False,32,2018,AE
1275651,Anil Ghanshyam,BSP,14762,1794,1.18941066491636,5,32,175,MP,Anil Ghanshyam,BSP,,,,,False,32,2018,AE
1275652,Nota,NOTA,14771,1575,1.04421504863058,6,32,175,MP,Nota,NOTA,,,,,False,32,2018,AE
1275653,Pranay Naval Kishor Gupta,IND,14765,1046,0.693491391027043,7,32,175,MP,Pranay Naval Kishor Gupta,IND,,,,,False,32,2018,AE
1275732,Kunwar Vijay Shah,BJP,14761,80556,51.998786462603,1,32,176,MP,Kunwar Vijay Shah,BJP,,,,,False,32,2018,AE
1275733,Sukhram Salve,INC,14760,61607,39.7672331992847,2,32,176,MP,Sukhram Salve,INC,,,,,False,32,2018,AE
1275734,Nota,NOTA,14771,4385,2.83051142855298,3,32,176,MP,Nota,NOTA,,,,,False,32,2018,AE
1275735,Vijay Singh S/O Ramsingh Uikey,BSP,14762,1981,1.27873275711823,4,32,176,MP,Vijay Singh S/O Ramsingh Uikey,BSP,,,,,False,32,2018,AE
1275736,Dayaram,SHS,14784,1749,1.12897707834416,5,32,176,MP,Dayaram,SHS,,,,,False,32,2018,AE
1275737,Bindiyabai,IND,14765,1616,1.04312576249523,6,32,176,MP,Bindiyabai,IND,,,,,False,32,2018,AE
1275738,Bhaiyalal Maikal,IND,14765,1607,1.03731627495659,7,32,176,MP,Bhaiyalal Maikal,IND,,,,,False,32,2018,AE
1275740,Pramila Chohan,AAAP,14772,709,0.46,8,32,176,MP,Pramila Chohan,AAAP,,,,,False,32,2018,AE
1275739,Radhe Shyam Darsheema,GGP,14879,709,0.457658518322478,8,32,176,MP,Radhe Shyam Darsheema,GGP,,,,,False,32,2018,AE
1275804,Devendra Verma,BJP,14761,77123,45.4847308885455,1,32,177,MP,Devendra Verma,BJP,,,,,False,32,2018,AE
1275805,Kundan Malviya,INC,14760,57986,34.1983274159874,2,32,177,MP,Kundan Malviya,INC,,,,,False,32,2018,AE
1275806,Kaushal Mehra,IND,14765,26492,15.6241522075042,3,32,177,MP,Kaushal Mehra,IND,,,,,False,32,2018,AE
1275807,Nota,NOTA,14771,2581,1.522192995907,4,32,177,MP,Nota,NOTA,,,,,False,32,2018,AE
1275808,Bhaiyya Rajkumar Kaithvas,IND,14765,2207,1.3016195048302,5,32,177,MP,Bhaiyya Rajkumar Kaithvas,IND,,,,,False,32,2018,AE
1275809,Sampat Pachore Advocate,BSP,14762,1216,0.717158730345958,6,32,177,MP,Sampat Pachore Advocate,BSP,,,,,False,32,2018,AE
1275810,Sanjay Medhekar,AAAP,14772,1203,0.71,7,32,177,MP,Sanjay Medhekar,AAAP,,,,,False,32,2018,AE
1275811,Pannalal Ginare,IND,14765,750,0.442326519539036,8,32,177,MP,Pannalal Ginare,IND,,,,,False,32,2018,AE
1275883,Ram Dangore,BJP,14761,91844,46.17,1,32,178,MP,Ram Dangore,BJP,,,,,False,32,2018,AE
1275886,Chhaya More,INC,14760,68094,34.23,2,32,178,MP,Chhaya More,INC,,,,,False,32,2018,AE
1275887,Rupali Nandu Bare,IND,14765,25456,12.8,3,32,178,MP,Rupali Nandu Bare,IND,,,,,False,32,2018,AE
1275888,Nota,NOTA,14771,5477,2.75,4,32,178,MP,Nota,NOTA,,,,,False,32,2018,AE
1275891,Prem Dodwe,IND,14765,2591,1.3,5,32,178,MP,Prem Dodwe,IND,,,,,False,32,2018,AE
1275893,Bahadur Singh Davar,BSP,14762,1988,1.0,6,32,178,MP,Bahadur Singh Davar,BSP,,,,,False,32,2018,AE
1275894,Rekha More,BASD,14808,1737,0.87,7,32,178,MP,Rekha More,BASD,,,,,False,32,2018,AE
1275898,Dara Sing,IND,14765,935,0.47,8,32,178,MP,Dara Sing,IND,,,,,False,32,2018,AE
1275899,Sundersing Sisodiya,AAAP,14772,817,0.41,9,32,178,MP,Sundersing Sisodiya,AAAP,,,,,False,32,2018,AE
1275967,Sumitra Devi Kasdekar,INC,14760,85320,46.6864750398082,1,32,179,MP,Sumitra Devi Kasdekar,INC,,,,,False,32,2018,AE
1275968,Manju Rajendra Dadu,BJP,14761,84056,45.994823557737,2,32,179,MP,Manju Rajendra Dadu,BJP,,,,,False,32,2018,AE
1275969,Gansingh Patel,SHS,14784,3721,2.03610376961001,3,32,179,MP,Gansingh Patel,SHS,,,,,False,32,2018,AE
1275970,Ashok Totaram Marko,BSP,14762,2918,1.59670808914862,4,32,179,MP,Ashok Totaram Marko,BSP,,,,,False,32,2018,AE
1275971,Nota,NOTA,14771,2551,1.39588839459154,5,32,179,MP,Nota,NOTA,,,,,False,32,2018,AE
1275972,Anarsingh Kanase,IND,14765,1625,0.889188020858982,6,32,179,MP,Anarsingh Kanase,IND,,,,,False,32,2018,AE
1275973,Devidas (Ajju Bhaiya),IND,14765,1611,0.88152732406389,7,32,179,MP,Devidas (Ajju Bhaiya),IND,,,,,False,32,2018,AE
1275974,Ratansingh Sutar,AAAP,14772,949,0.52,8,32,179,MP,Ratansingh Sutar,AAAP,,,,,False,32,2018,AE
1276048,Thakur Surendra Singh Naval Singh Shera Bhaiya,IND,14765,98561,44.866734949357,1,32,180,MP,Thakur Surendra Singh Naval Singh Shera Bhaiya,IND,,,,,False,32,2018,AE
1276049,Archana Didi,BJP,14761,93441,42.5360191191532,2,32,180,MP,Archana Didi,BJP,,,,,False,32,2018,AE
1276050,Ravindra Suka Mahajan,INC,14760,15369,6.99624445203141,3,32,180,MP,Ravindra Suka Mahajan,INC,,,,,False,32,2018,AE
1276051,Nota,NOTA,14771,5726,2.60657789916922,4,32,180,MP,Nota,NOTA,,,,,False,32,2018,AE
1276052,Manoj Pawar,BSP,14762,3559,1.62012063275293,5,32,180,MP,Manoj Pawar,BSP,,,,,False,32,2018,AE
1276053,Shoukat Ali Akbar Ali,IND,14765,1205,0.548537612381927,6,32,180,MP,Shoukat Ali Akbar Ali,IND,,,,,False,32,2018,AE
1276054,Ashish Sharma,SHS,14784,518,0.23580289063389,7,32,180,MP,Ashish Sharma,SHS,,,,,False,32,2018,AE
1276055,Shaikh Sharif Rajgeer,IND,14765,487,0.221691134630704,8,32,180,MP,Shaikh Sharif Rajgeer,IND,,,,,False,32,2018,AE
1276056,Vijay Shah Ganjewala,IND,14765,410,0.186639353590531,9,32,180,MP,Vijay Shah Ganjewala,IND,,,,,False,32,2018,AE
1276057,Swami Pushkaranand Maharaj,IND,14765,208,0.0946853306020257,10,32,180,MP,Swami Pushkaranand Maharaj,IND,,,,,False,32,2018,AE
1276058,Dayashankar Yadav S/O Rajpat Yadav,IND,14765,191,0.0869466256970524,11,32,180,MP,Dayashankar Yadav S/O Rajpat Yadav,IND,,,,,False,32,2018,AE
1276152,Jhuma Dr. Dhyansingh Solanki,INC,14760,91635,55.3923435431514,1,32,181,MP,Jhuma Dr. Dhyansingh Solanki,INC,,,,,False,32,2018,AE
1276153,Dhool Singh Dawar,BJP,14761,64378,38.9157886464888,2,32,181,MP,Dhool Singh Dawar,BJP,,,,,False,32,2018,AE
1276154,Nota,NOTA,14771,3885,2.34843951181473,3,32,181,MP,Nota,NOTA,,,,,False,32,2018,AE
1276155,Rajendra Tukaram Vikas,IND,14765,2275,1.37521232673835,4,32,181,MP,Rajendra Tukaram Vikas,IND,,,,,False,32,2018,AE
1276156,Babalu S/O Bhangi,BSP,14762,1354,0.818478017759884,5,32,181,MP,Babalu S/O Bhangi,BSP,,,,,False,32,2018,AE
1276157,Bansingh Dawar,IND,14765,618,0.373574161724969,6,32,181,MP,Bansingh Dawar,IND,,,,,False,32,2018,AE
1276158,Godavari Tukaram Bhaskare,IND,14765,533,0.322192602264415,7,32,181,MP,Godavari Tukaram Bhaskare,IND,,,,,False,32,2018,AE
1276159,Ramu Sirsate,AAAP,14772,414,0.25,8,32,181,MP,Ramu Sirsate,AAAP,,,,,False,32,2018,AE
1276160,Krishna Ghoshle,IND,14765,337,0.203712771037726,9,32,181,MP,Krishna Ghoshle,IND,,,,,False,32,2018,AE
1276230,Sachin Birla,INC,14760,96230,56.5264128666169,1,32,182,MP,Sachin Birla,INC,,,,,False,32,2018,AE
1276231,Hitendrasingh Solanki,BJP,14761,65722,38.6057248926509,2,32,182,MP,Hitendrasingh Solanki,BJP,,,,,False,32,2018,AE
1276232,Subodh Subhashchandra Sharma,IND,14765,1599,0.939267735360287,3,32,182,MP,Subodh Subhashchandra Sharma,IND,,,,,False,32,2018,AE
1276233,Nota,NOTA,14771,1553,0.912246899946545,4,32,182,MP,Nota,NOTA,,,,,False,32,2018,AE
1276234,Keshrilal Piplode,BSP,14762,1497,0.879351969877642,5,32,182,MP,Keshrilal Piplode,BSP,,,,,False,32,2018,AE
1276235,Moh. Rafeek Munda,IND,14765,1050,0.616779938791933,6,32,182,MP,Moh. Rafeek Munda,IND,,,,,False,32,2018,AE
1276236,Aakash Birla,MPJVP,14903,814,0.478151304930127,7,32,182,MP,Aakash Birla,MPJVP,,,,,False,32,2018,AE
1276237,Hemendra Pagare,SPAKP,14807,496,0.29,8,32,182,MP,Hemendra Pagare,SPAKP,,,,,False,32,2018,AE
1276238,Parmanannd Kewat,IND,14765,351,0.20618072239616,9,32,182,MP,Parmanannd Kewat,IND,,,,,False,32,2018,AE
1276239,Mahavir Mandloi,AAAP,14772,336,0.2,10,32,182,MP,Mahavir Mandloi,AAAP,,,,,False,32,2018,AE
1276240,Anokchand,IND,14765,228,0.133929358137677,11,32,182,MP,Anokchand,IND,,,,,False,32,2018,AE
1276241,Chetan Mandloi,IND,14765,208,0.122181168827354,12,32,182,MP,Chetan Mandloi,IND,,,,,False,32,2018,AE
1276242,Smt. Kavita Karma,SJVP,14868,155,0.09,13,32,182,MP,Smt. Kavita Karma,SJVP,,,,,False,32,2018,AE
1276314,Dr. Vijaylaxmi Sadho,INC,14760,83087,49.0492635555949,1,32,183,MP,Dr. Vijaylaxmi Sadho,INC,,,,,False,32,2018,AE
1276315,Mev Rajkumar,IND,14765,47251,27.893975619115,2,32,183,MP,Mev Rajkumar,IND,,,,,False,32,2018,AE
1276316,Bhupendra Arya,BJP,14761,32601,19.2455503409191,3,32,183,MP,Bhupendra Arya,BJP,,,,,False,32,2018,AE
1276317,Nota,NOTA,14771,1689,0.997077835827503,4,32,183,MP,Nota,NOTA,,,,,False,32,2018,AE
1276318,Gajendra Aarya,SPAKP,14807,1153,0.68,5,32,183,MP,Gajendra Aarya,SPAKP,,,,,False,32,2018,AE
1276319,Raju Pipalde,BSP,14762,1017,0.600371911803772,6,32,183,MP,Raju Pipalde,BSP,,,,,False,32,2018,AE
1276320,Barjorsingh,AAAP,14772,979,0.58,7,32,183,MP,Barjorsingh,AAAP,,,,,False,32,2018,AE
1276321,Roshan Dariyav Varma,IND,14765,817,0.482304672510995,8,32,183,MP,Roshan Dariyav Varma,IND,,,,,False,32,2018,AE
1276322,Govind Khede Advocate,IND,14765,801,0.472859293367572,9,32,183,MP,Govind Khede Advocate,IND,,,,,False,32,2018,AE
1276390,Sachin Subhashchandra Yadav,INC,14760,86070,49.0698562738379,1,32,184,MP,Sachin Subhashchandra Yadav,INC,,,,,False,32,2018,AE
1276391,Atmaram - Patel,BJP,14761,80531,45.9119855418664,2,32,184,MP,Atmaram - Patel,BJP,,,,,False,32,2018,AE
1276392,Nota,NOTA,14771,2793,1.59233308438282,3,32,184,MP,Nota,NOTA,,,,,False,32,2018,AE
1276393,Ajay Jagdish Patidar (Patel),IND,14765,1666,0.949812717000279,4,32,184,MP,Ajay Jagdish Patidar (Patel),IND,,,,,False,32,2018,AE
1276394,Gajanand Sawner,BSP,14762,1659,0.945821907264984,5,32,184,MP,Gajanand Sawner,BSP,,,,,False,32,2018,AE
1276395,Ibrahim Ismile,JAC,14940,1070,0.61,6,32,184,MP,Ibrahim Ismile,JAC,,,,,False,32,2018,AE
1276396,Shailesh Choubey,AAAP,14772,601,0.34,7,32,184,MP,Shailesh Choubey,AAAP,,,,,False,32,2018,AE
1276397,Rajsingh,IND,14765,574,0.327246398294213,8,32,184,MP,Rajsingh,IND,,,,,False,32,2018,AE
1276398,Jeetendra Jagdish Sharma,SPAKP,14807,439,0.25,9,32,184,MP,Jeetendra Jagdish Sharma,SPAKP,,,,,False,32,2018,AE
1276460,Ravi Rameshchandra Joshi,INC,14760,88208,49.9165303801121,1,32,185,MP,Ravi Rameshchandra Joshi,INC,,,,,False,32,2018,AE
1276461,Balkrishan Patidar,BJP,14761,78696,44.5337302148706,2,32,185,MP,Balkrishan Patidar,BJP,,,,,False,32,2018,AE
1276462,Kamlesh Bhandari,SPAKP,14807,3526,2.0,3,32,185,MP,Kamlesh Bhandari,SPAKP,,,,,False,32,2018,AE
1276463,Nota,NOTA,14771,2480,1.4034214055718,4,32,185,MP,Nota,NOTA,,,,,False,32,2018,AE
1276464,Bhagavan Dandir,IND,14765,1384,0.783199687625558,5,32,185,MP,Bhagavan Dandir,IND,,,,,False,32,2018,AE
1276465,Suresh Tanwar (Dewa),BSP,14762,1094,0.619089926490144,6,32,185,MP,Suresh Tanwar (Dewa),BSP,,,,,False,32,2018,AE
1276466,Jogendra Singh Rana,IND,14765,346,0.195799921906389,7,32,185,MP,Jogendra Singh Rana,IND,,,,,False,32,2018,AE
1276467,Noshad Khan,IND,14765,288,0.162977969679306,8,32,185,MP,Noshad Khan,IND,,,,,False,32,2018,AE
1276468,Azizuddin Sheikh Patrakar,IND,14765,277,0.156753116670722,9,32,185,MP,Azizuddin Sheikh Patrakar,IND,,,,,False,32,2018,AE
1276469,Dongar Singh Bhaware,IND,14765,224,0.126760643083905,10,32,185,MP,Dongar Singh Bhaware,IND,,,,,False,32,2018,AE
1276470,A. Sattar Khatree,JAC,14940,188,0.11,11,32,185,MP,A. Sattar Khatree,JAC,,,,,False,32,2018,AE
1276540,Kedar Chidabhai Dawar,IND,14765,73758,43.3605323801909,1,32,186,MP,Kedar Chidabhai Dawar,IND,,,,,False,32,2018,AE
1276541,Jamnasingh Solanki,BJP,14761,64042,37.6487325400931,2,32,186,MP,Jamnasingh Solanki,BJP,,,,,False,32,2018,AE
1276542,Vijay Singh Solanki,INC,14760,20112,11.8233551239241,3,32,186,MP,Vijay Singh Solanki,INC,,,,,False,32,2018,AE
1276543,Nota,NOTA,14771,4371,2.56960447726096,4,32,186,MP,Nota,NOTA,,,,,False,32,2018,AE
1276544,Bhai Kiransingh Badole (Kiresh),CPI,14859,2809,1.6513427079904,5,32,186,MP,Bhai Kiransingh Badole (Kiresh),CPI,,,,,False,32,2018,AE
1276545,Rakesh S/O Tukaram Chouhan,BSP,14762,1577,0.927079904058693,6,32,186,MP,Rakesh S/O Tukaram Chouhan,BSP,,,,,False,32,2018,AE
1276546,Amit Balke,IND,14765,1456,0.855946950101114,7,32,186,MP,Amit Balke,IND,,,,,False,32,2018,AE
1276547,Parsram Babulal,SPAKP,14807,1037,0.61,8,32,186,MP,Parsram Babulal,SPAKP,,,,,False,32,2018,AE
1276548,Bhurelal Bilwale,AAAP,14772,942,0.55,9,32,186,MP,Bhurelal Bilwale,AAAP,,,,,False,32,2018,AE
1276606,Gyarsilal Rawat,INC,14760,94722,51.0718830202514,1,32,187,MP,Gyarsilal Rawat,INC,,,,,False,32,2018,AE
1276607,Antarsingh Arya,BJP,14761,78844,42.5108374490478,2,32,187,MP,Antarsingh Arya,BJP,,,,,False,32,2018,AE
1276608,Nota,NOTA,14771,3782,2.0391657860116,3,32,187,MP,Nota,NOTA,,,,,False,32,2018,AE
1276609,Babulal More,CPI,14859,3080,1.66066383419242,4,32,187,MP,Babulal More,CPI,,,,,False,32,2018,AE
1276610,Kamalesh Thakur,BSP,14762,1555,0.838419565639355,5,32,187,MP,Kamalesh Thakur,BSP,,,,,False,32,2018,AE
1276611,Gaffar S/O Nur Mohammad Munda,RSMD,14793,1490,0.80337308861906,6,32,187,MP,Gaffar S/O Nur Mohammad Munda,RSMD,,,,,False,32,2018,AE
1276612,Indas Barde,AAAP,14772,1001,0.54,7,32,187,MP,Indas Barde,AAAP,,,,,False,32,2018,AE
1276613,Sultana Munda Adiwasi,IND,14765,994,0.535941510125735,8,32,187,MP,Sultana Munda Adiwasi,IND,,,,,False,32,2018,AE
1276667,Bala Bachchan,INC,14760,85513,47.9935569324712,1,32,188,MP,Bala Bachchan,INC,,,,,False,32,2018,AE
1276668,Antersingh Devisingh Patel,BJP,14761,84581,47.4704786278735,2,32,188,MP,Antersingh Devisingh Patel,BJP,,,,,False,32,2018,AE
1276669,Nota,NOTA,14771,3358,1.88465337643678,3,32,188,MP,Nota,NOTA,,,,,False,32,2018,AE
1276670,Vijay Chouhan,CPI,14859,2411,1.3531564295977,4,32,188,MP,Vijay Chouhan,CPI,,,,,False,32,2018,AE
1276671,Umrawsingh Baghel,AAAP,14772,1510,0.85,5,32,188,MP,Umrawsingh Baghel,AAAP,,,,,False,32,2018,AE
1276672,Vinit Sengar,BSP,14762,803,0.450677981321839,6,32,188,MP,Vinit Sengar,BSP,,,,,False,32,2018,AE
1276731,Sushri Chandrabhaga Kirade,INC,14760,94634,54.6013685826053,1,32,189,MP,Sushri Chandrabhaga Kirade,INC,,,,,False,32,2018,AE
1276732,Diwansingh S/O Viththal Patel,BJP,14761,69412,40.0489274051166,2,32,189,MP,Diwansingh S/O Viththal Patel,BJP,,,,,False,32,2018,AE
1276733,Nota,NOTA,14771,3994,2.3044346230628,3,32,189,MP,Nota,NOTA,,,,,False,32,2018,AE
1276734,Shreemati Durgabai Ratan Wasave,BSP,14762,1641,0.946814525900368,4,32,189,MP,Shreemati Durgabai Ratan Wasave,BSP,,,,,False,32,2018,AE
1276735,Mohan Moti Patel,IND,14765,1548,0.893155933024844,5,32,189,MP,Mohan Moti Patel,IND,,,,,False,32,2018,AE
1276736,Mansharam Alawe,SHS,14784,822,0.474272724125595,6,32,189,MP,Mansharam Alawe,SHS,,,,,False,32,2018,AE
1276737,Parmanand Dudwe,AAAP,14772,810,0.47,7,32,189,MP,Parmanand Dudwe,AAAP,,,,,False,32,2018,AE
1276738,Aarif S/O Naim Mohammad Munda,RSMD,14793,457,0.263677171442089,8,32,189,MP,Aarif S/O Naim Mohammad Munda,RSMD,,,,,False,32,2018,AE
1276788,Premsingh Patel,BJP,14761,88151,48.1425856343935,1,32,190,MP,Premsingh Patel,BJP,,,,,False,32,2018,AE
1276789,Rajan Mandloi,IND,14765,49364,26.9595421181405,2,32,190,MP,Rajan Mandloi,IND,,,,,False,32,2018,AE
1276790,Ramesh Patel,INC,14760,34084,18.6145578469066,3,32,190,MP,Ramesh Patel,INC,,,,,False,32,2018,AE
1276791,Nota,NOTA,14771,4611,2.51824099965047,4,32,190,MP,Nota,NOTA,,,,,False,32,2018,AE
1276792,Sumer Singh Badole,BSP,14762,1928,1.05295351275777,5,32,190,MP,Sumer Singh Badole,BSP,,,,,False,32,2018,AE
1276793,Rana Durgeshsingh,IND,14765,1839,1.00434725620412,6,32,190,MP,Rana Durgeshsingh,IND,,,,,False,32,2018,AE
1276794,Sanjay Mandloi,IND,14765,1756,0.959017825934987,7,32,190,MP,Sanjay Mandloi,IND,,,,,False,32,2018,AE
1276795,Chandan S/O Jagan,AAAP,14772,1371,0.75,8,32,190,MP,Chandan S/O Jagan,AAAP,,,,,False,32,2018,AE
1276856,Mukesh Rawat (Patel),INC,14760,82017,52.5965780833162,1,32,191,MP,Mukesh Rawat (Patel),INC,,,,,False,32,2018,AE
1276857,Chouhan Nagar Singh,BJP,14761,60055,38.5125949107326,2,32,191,MP,Chouhan Nagar Singh,BJP,,,,,False,32,2018,AE
1276858,Nota,NOTA,14771,4843,3.10576133798481,3,32,191,MP,Nota,NOTA,,,,,False,32,2018,AE
1276859,Jalm Singh Patel,IND,14765,4680,3.00123127436897,4,32,191,MP,Jalm Singh Patel,IND,,,,,False,32,2018,AE
1276860,Bhadiya Dawar,BSP,14762,2687,1.7231428278268,5,32,191,MP,Bhadiya Dawar,BSP,,,,,False,32,2018,AE
1276861,Shamsher Singh Chouhan (Patel),IND,14765,1654,1.06069156577057,6,32,191,MP,Shamsher Singh Chouhan (Patel),IND,,,,,False,32,2018,AE
1276927,Kalawati Bhuriya,INC,14760,46067,33.5342461764684,1,32,192,MP,Kalawati Bhuriya,INC,,,,,False,32,2018,AE
1276928,Madhosingh Dawar,BJP,14761,44011,32.0375910841286,2,32,192,MP,Madhosingh Dawar,BJP,,,,,False,32,2018,AE
1276929,Vishal Rawat,IND,14765,31229,22.7329970227046,3,32,192,MP,Vishal Rawat,IND,,,,,False,32,2018,AE
1276930,Nota,NOTA,14771,5139,3.74090978576576,4,32,192,MP,Nota,NOTA,,,,,False,32,2018,AE
1276931,Madhu Singh Chouhan,BSP,14762,2699,1.96472378123794,5,32,192,MP,Madhu Singh Chouhan,BSP,,,,,False,32,2018,AE
1276932,Chandrasingh Raiychand Bamaniya,IND,14765,2649,1.92832652704679,6,32,192,MP,Chandrasingh Raiychand Bamaniya,IND,,,,,False,32,2018,AE
1276933,Vikram Singh Vasuniya,IND,14765,2020,1.47044906932221,7,32,192,MP,Vikram Singh Vasuniya,IND,,,,,False,32,2018,AE
1276934,Savesingh,IND,14765,1821,1.32558799764145,8,32,192,MP,Savesingh,IND,,,,,False,32,2018,AE
1276935,Mohansingh Ningwal,IND,14765,1738,1.26516855568415,9,32,192,MP,Mohansingh Ningwal,IND,,,,,False,32,2018,AE
1277003,Gumansingh Damor,BJP,14761,66598,37.807335751713,1,32,193,MP,Gumansingh Damor,BJP,,,,,False,32,2018,AE
1277004,Dr. Vikrant Bhuriya,INC,14760,56161,31.8823055219669,2,32,193,MP,Dr. Vikrant Bhuriya,INC,,,,,False,32,2018,AE
1277005,Jevier Meda,IND,14765,35943,20.4046528262683,3,32,193,MP,Jevier Meda,IND,,,,,False,32,2018,AE
1277006,Nota,NOTA,14771,6188,3.51289518651611,4,32,193,MP,Nota,NOTA,,,,,False,32,2018,AE
1277007,Dilipsingh Virsingh,AAAP,14772,2802,1.59,5,32,193,MP,Dilipsingh Virsingh,AAAP,,,,,False,32,2018,AE
1277008,Balu Ninama,BSP,14762,2277,1.29264097280174,6,32,193,MP,Balu Ninama,BSP,,,,,False,32,2018,AE
1277009,Joseph Urph Ramsingh,IND,14765,2263,1.28469324613541,7,32,193,MP,Joseph Urph Ramsingh,IND,,,,,False,32,2018,AE
1277010,Ravji,BMUP,14773,1510,0.857219090439452,8,32,193,MP,Ravji,BMUP,,,,,False,32,2018,AE
1277011,Keramsingh Masaniya,IND,14765,1300,0.738003190444561,9,32,193,MP,Keramsingh Masaniya,IND,,,,,False,32,2018,AE
1277012,Mansingh Raymal,AINHCP,15048,1109,0.629573490925399,10,32,193,MP,Mansingh Raymal,AINHCP,,,,,False,32,2018,AE
1277092,Bhuriya Veersingh,INC,14760,95720,47.6095736426397,1,32,194,MP,Bhuriya Veersingh,INC,,,,,False,32,2018,AE
1277093,Kalsingh Bhabar,BJP,14761,64569,32.1155720908023,2,32,194,MP,Kalsingh Bhabar,BJP,,,,,False,32,2018,AE
1277094,Dilipsingh Katara,IND,14765,26052,12.9578417523824,3,32,194,MP,Dilipsingh Katara,IND,,,,,False,32,2018,AE
1277095,Nota,NOTA,14771,4568,2.27204902214352,4,32,194,MP,Nota,NOTA,,,,,False,32,2018,AE
1277096,Iliyas Machar,IND,14765,3539,1.76024113164753,5,32,194,MP,Iliyas Machar,IND,,,,,False,32,2018,AE
1277097,Narendra Muniya,IND,14765,2588,1.2872291745419,6,32,194,MP,Narendra Muniya,IND,,,,,False,32,2018,AE
1277098,Smt. Ratani Katara,BSP,14762,2225,1.10667886914828,7,32,194,MP,Smt. Ratani Katara,BSP,,,,,False,32,2018,AE
1277099,Rukhaman Singh Katara,BMUP,14773,1054,0.524242484531365,8,32,194,MP,Rukhaman Singh Katara,BMUP,,,,,False,32,2018,AE
1277100,Raliya Rathod,AAAP,14772,737,0.37,9,32,194,MP,Raliya Rathod,AAAP,,,,,False,32,2018,AE
1277180,Maida Valsingh,INC,14760,93425,46.8991586514327,1,32,195,MP,Maida Valsingh,INC,,,,,False,32,2018,AE
1277181,Nirmala Dilipsingh Bhuriya,BJP,14761,88425,44.3891688921909,2,32,195,MP,Nirmala Dilipsingh Bhuriya,BJP,,,,,False,32,2018,AE
1277182,Sachin Babulal Gamad,IND,14765,6579,3.30264452521033,3,32,195,MP,Sachin Babulal Gamad,IND,,,,,False,32,2018,AE
1277183,Nota,NOTA,14771,5148,2.58428545611533,4,32,195,MP,Nota,NOTA,,,,,False,32,2018,AE
1277184,Ramchandra Solanki,BSP,14762,2675,1.34284452119435,5,32,195,MP,Ramchandra Solanki,BSP,,,,,False,32,2018,AE
1277185,Kehar Singh Maida,IND,14765,1437,0.721371056806088,6,32,195,MP,Kehar Singh Maida,IND,,,,,False,32,2018,AE
1277186,Rallu Singh Meda,AAAP,14772,763,0.38,7,32,195,MP,Rallu Singh Meda,AAAP,,,,,False,32,2018,AE
1277187,Rameshwar Singar,BHBP,14766,752,0.377502459789964,8,32,195,MP,Rameshwar Singar,BHBP,,,,,False,32,2018,AE
1277257,Pratap Grewal,INC,14760,96419,58.6130175500452,1,32,196,MP,Pratap Grewal,INC,,,,,False,32,2018,AE
1277258,Sanjay Singh Baghel,BJP,14761,60214,36.6040328022322,2,32,196,MP,Sanjay Singh Baghel,BJP,,,,,False,32,2018,AE
1277259,Nota,NOTA,14771,3298,2.00485103434021,3,32,196,MP,Nota,NOTA,,,,,False,32,2018,AE
1277260,Mehtabsingh Dawar,BSP,14762,1659,1.00850450757138,4,32,196,MP,Mehtabsingh Dawar,BSP,,,,,False,32,2018,AE
1277261,Karan Singh Vasunia,SPAKP,14807,1160,0.71,5,32,196,MP,Karan Singh Vasunia,SPAKP,,,,,False,32,2018,AE
1277262,Bherulal Kaluram Emliyar,BMUP,14773,971,0.59026996796372,6,32,196,MP,Bherulal Kaluram Emliyar,BMUP,,,,,False,32,2018,AE
1277263,Vijaysingh Devisingh Bhabor,AAAP,14772,780,0.47,7,32,196,MP,Vijaysingh Devisingh Bhabor,AAAP,,,,,False,32,2018,AE
1277320,Umang Singhar,INC,14760,96899,57.5303833617326,1,32,197,MP,Umang Singhar,INC,,,,,False,32,2018,AE
1277321,Sardarsingh Mehda,BJP,14761,58068,34.4758387707726,2,32,197,MP,Sardarsingh Mehda,BJP,,,,,False,32,2018,AE
1277322,Nota,NOTA,14771,5126,3.04338275020631,3,32,197,MP,Nota,NOTA,,,,,False,32,2018,AE
1277323,Aadiwasi Arvind Muzalda,GGP,14879,3218,1.91057465668433,4,32,197,MP,Aadiwasi Arvind Muzalda,GGP,,,,,False,32,2018,AE
1277324,Bhuwan Singh Gahlot,BSP,14762,2056,1.22067790371131,5,32,197,MP,Bhuwan Singh Gahlot,BSP,,,,,False,32,2018,AE
1277325,Govind Rawat,AAAP,14772,1646,0.98,6,32,197,MP,Govind Rawat,AAAP,,,,,False,32,2018,AE
1277326,Kavita Chauhan,IND,14765,1418,0.841887776003229,7,32,197,MP,Kavita Chauhan,IND,,,,,False,32,2018,AE
1277382,Surendra Singh Honey Baghel,INC,14760,108391,65.6282733608219,1,32,198,MP,Surendra Singh Honey Baghel,INC,,,,,False,32,2018,AE
1277383,Virendra Singh Baghel,BJP,14761,45461,27.5255965463583,2,32,198,MP,Virendra Singh Baghel,BJP,,,,,False,32,2018,AE
1277384,Smt. Samoti Bondar Singh Muzalda,AAAP,14772,4140,2.51,3,32,198,MP,Smt. Samoti Bondar Singh Muzalda,AAAP,,,,,False,32,2018,AE
1277385,Nota,NOTA,14771,3016,1.82611907313558,4,32,198,MP,Nota,NOTA,,,,,False,32,2018,AE
1277386,Ajay Rawat,BSP,14762,2634,1.59482680326231,5,32,198,MP,Ajay Rawat,BSP,,,,,False,32,2018,AE
1277387,Sunil Ajrawat,BMUP,14773,1517,0.918508830884178,6,32,198,MP,Sunil Ajrawat,BMUP,,,,,False,32,2018,AE
1277443,Dr. Hiralal Alawa,INC,14760,101500,58.4320633714437,1,32,199,MP,Dr. Hiralal Alawa,INC,,,,,False,32,2018,AE
1277444,Ranjna Baghel,BJP,14761,61999,35.6919162262673,2,32,199,MP,Ranjna Baghel,BJP,,,,,False,32,2018,AE
1277445,Jagadish Muwel,SHS,14784,4619,2.65909064741574,3,32,199,MP,Jagadish Muwel,SHS,,,,,False,32,2018,AE
1277446,Nota,NOTA,14771,2278,1.31141123507535,4,32,199,MP,Nota,NOTA,,,,,False,32,2018,AE
1277447,Amichand Muwel,BSP,14762,1916,1.10301313713976,5,32,199,MP,Amichand Muwel,BSP,,,,,False,32,2018,AE
1277448,Ramkunwar Rawat,AAAP,14772,1394,0.8,6,32,199,MP,Ramkunwar Rawat,AAAP,,,,,False,32,2018,AE
1277507,Panchilal Meda,INC,14760,78504,50.6526438042391,1,32,200,MP,Panchilal Meda,INC,,,,,False,32,2018,AE
1277508,Gopal Kannoj,BJP,14761,64532,41.6375778301125,2,32,200,MP,Gopal Kannoj,BJP,,,,,False,32,2018,AE
1277509,Nota,NOTA,14771,3832,2.4724973384521,3,32,200,MP,Nota,NOTA,,,,,False,32,2018,AE
1277510,Shriram Dawar,IND,14765,2456,1.58466948414362,4,32,200,MP,Shriram Dawar,IND,,,,,False,32,2018,AE
1277511,Rupendra Singh Thakur (Chintu Bhaiya),IND,14765,1917,1.23689389295738,5,32,200,MP,Rupendra Singh Thakur (Chintu Bhaiya),IND,,,,,False,32,2018,AE
1277512,Punja Bundela,BSP,14762,1811,1.16850017743652,6,32,200,MP,Punja Bundela,BSP,,,,,False,32,2018,AE
1277513,Jamsingh Ninama,BTP,15049,539,0.347775591186243,7,32,200,MP,Jamsingh Ninama,BTP,,,,,False,32,2018,AE
1277514,Mukesh,IND,14765,409,0.263896506113494,8,32,200,MP,Mukesh,IND,,,,,False,32,2018,AE
1277515,Dr. Mohabbat Singh Waskel,AAAP,14772,347,0.22,9,32,200,MP,Dr. Mohabbat Singh Waskel,AAAP,,,,,False,32,2018,AE
1277516,Ajay Singh Solanki,SPAKP,14807,347,0.22,9,32,200,MP,Ajay Singh Solanki,SPAKP,,,,,False,32,2018,AE
1277517,Jagdish Waskel (Fouji),BASD,14808,291,0.187760105816691,11,32,200,MP,Jagdish Waskel (Fouji),BASD,,,,,False,32,2018,AE
1277574,Neena Vikram Verma,BJP,14761,93180,49.4698896244896,1,32,201,MP,Neena Vikram Verma,BJP,,,,,False,32,2018,AE
1277575,Prabha Balmukundsingh Goutam,INC,14760,87462,46.4341649102502,2,32,201,MP,Prabha Balmukundsingh Goutam,INC,,,,,False,32,2018,AE
1277576,Nota,NOTA,14771,1615,0.857414378016213,3,32,201,MP,Nota,NOTA,,,,,False,32,2018,AE
1277577,Abdul Salam,BSP,14762,1249,0.663102512781579,4,32,201,MP,Abdul Salam,BSP,,,,,False,32,2018,AE
1277578,Rajesh Kumar Rathor,IND,14765,1184,0.628593574966685,5,32,201,MP,Rajesh Kumar Rathor,IND,,,,,False,32,2018,AE
1277579,Sanjay Jayswal,IND,14765,956,0.507546839246749,6,32,201,MP,Sanjay Jayswal,IND,,,,,False,32,2018,AE
1277580,Amit Jain,SSKP,14827,945,0.501706865154998,7,32,201,MP,Amit Jain,SSKP,,,,,False,32,2018,AE
1277581,Sunil Trivedi,SPAKP,14807,582,0.31,8,32,201,MP,Sunil Trivedi,SPAKP,,,,,False,32,2018,AE
1277582,Jameela Bi,IND,14765,429,0.2277589895783,9,32,201,MP,Jameela Bi,IND,,,,,False,32,2018,AE
1277583,Nanda Thakur,AAAP,14772,214,0.11,10,32,201,MP,Nanda Thakur,AAAP,,,,,False,32,2018,AE
1277584,Omprakash Joshi,BPAP,14856,200,0.11,11,32,201,MP,Omprakash Joshi,BPAP,,,,,False,32,2018,AE
1277585,Sharif Patel Advocate,BMUP,14773,193,0.102464999973454,12,32,201,MP,Sharif Patel Advocate,BMUP,,,,,False,32,2018,AE
1277586,Dhannalal Malviya,PRSP,14890,148,0.0785741968708357,13,32,201,MP,Dhannalal Malviya,PRSP,,,,,False,32,2018,AE
1277665,Rajvardhan Singh - Premsingh Dattigaw,INC,14760,84499,50.4035312714366,1,32,202,MP,Rajvardhan Singh - Premsingh Dattigaw,INC,,,,,False,32,2018,AE
1277666,Bhanwarsingh Shekhawat,BJP,14761,42993,25.6452623102388,2,32,202,MP,Bhanwarsingh Shekhawat,BJP,,,,,False,32,2018,AE
1277667,Rajesh Agrawal,IND,14765,30976,18.4771391929374,3,32,202,MP,Rajesh Agrawal,IND,,,,,False,32,2018,AE
1277668,Nota,NOTA,14771,2656,1.58430015807211,4,32,202,MP,Nota,NOTA,,,,,False,32,2018,AE
1277669,Vikram Solanki,GGP,14879,2605,1.55387873184407,5,32,202,MP,Vikram Solanki,GGP,,,,,False,32,2018,AE
1277670,Samrath Kashyap Dharsikheda,BSP,14762,2099,1.25205046377762,6,32,202,MP,Samrath Kashyap Dharsikheda,BSP,,,,,False,32,2018,AE
1277671,Mukesh Kumar Mandloi,IND,14765,1010,0.602463539025917,7,32,202,MP,Mukesh Kumar Mandloi,IND,,,,,False,32,2018,AE
1277672,Sandip Panwar,PRSP,14890,409,0.243967908377822,8,32,202,MP,Sandip Panwar,PRSP,,,,,False,32,2018,AE
1277673,Shailendra Kumar,AAAP,14772,398,0.24,9,32,202,MP,Shailendra Kumar,AAAP,,,,,False,32,2018,AE
1277743,Vishal Jagdish Patel,INC,14760,94981,50.4630244555544,1,32,203,MP,Vishal Jagdish Patel,INC,,,,,False,32,2018,AE
1277744,Manoj Nirbhaysingh Patel,BJP,14761,85937,45.6579835191983,2,32,203,MP,Manoj Nirbhaysingh Patel,BJP,,,,,False,32,2018,AE
1277745,Nota,NOTA,14771,1957,1.03974625303502,3,32,203,MP,Nota,NOTA,,,,,False,32,2018,AE
1277746,Brajesh Kannoji (Ahirwar),BSP,14762,1340,0.711936627014275,4,32,203,MP,Brajesh Kannoji (Ahirwar),BSP,,,,,False,32,2018,AE
1277747,Bahadur Singh Mandloi,AAAP,14772,1192,0.63,5,32,203,MP,Bahadur Singh Mandloi,AAAP,,,,,False,32,2018,AE
1277748,Sheikh Azij,IND,14765,715,0.37987663307105,6,32,203,MP,Sheikh Azij,IND,,,,,False,32,2018,AE
1277749,Sohan Panchal,IND,14765,616,0.327278330030443,7,32,203,MP,Sohan Panchal,IND,,,,,False,32,2018,AE
1277750,Ramcharan Patel,SHS,14784,400,0.212518396123664,8,32,203,MP,Ramcharan Patel,SHS,,,,,False,32,2018,AE
1277751,Rajesh Gupta,IND,14765,289,0.153544541199347,9,32,203,MP,Rajesh Gupta,IND,,,,,False,32,2018,AE
1277752,Sohan Solanki (Malvi),PRSP,14890,280,0.148762877286565,10,32,203,MP,Sohan Solanki (Malvi),PRSP,,,,,False,32,2018,AE
1277753,Rakesh Patel,IND,14765,180,0.095633278255649,11,32,203,MP,Rakesh Patel,IND,,,,,False,32,2018,AE
1277754,Gajraj Singh Choudhary,IND,14765,179,0.0951019822653398,12,32,203,MP,Gajraj Singh Choudhary,IND,,,,,False,32,2018,AE
1277755,Nilesh Neema,IND,14765,153,0.0812882865173016,13,32,203,MP,Nilesh Neema,IND,,,,,False,32,2018,AE
1277868,Sanjay Shukla,INC,14760,114555,50.2405564595001,1,32,204,MP,Sanjay Shukla,INC,,,,,False,32,2018,AE
1277869,Sudarshan Gupta,BJP,14761,106392,46.6604974277782,2,32,204,MP,Sudarshan Gupta,BJP,,,,,False,32,2018,AE
1277870,Nota,NOTA,14771,2409,1.05651870726669,3,32,204,MP,Nota,NOTA,,,,,False,32,2018,AE
1277871,Dharamdas Ahirwar,BSP,14762,1365,0.598650076969295,4,32,204,MP,Dharamdas Ahirwar,BSP,,,,,False,32,2018,AE
1277872,Satish Kumar Malik,AAAP,14772,847,0.37,5,32,204,MP,Satish Kumar Malik,AAAP,,,,,False,32,2018,AE
1277873,Arvind Soni,ABHM,14842,762,0.334191471538903,6,32,204,MP,Arvind Soni,ABHM,,,,,False,32,2018,AE
1277874,Sunil Singh Solanki,IND,14765,463,0.203058597536105,7,32,204,MP,Sunil Singh Solanki,IND,,,,,False,32,2018,AE
1277875,Santosh Radheshyam,IND,14765,462,0.202620026051146,8,32,204,MP,Santosh Radheshyam,IND,,,,,False,32,2018,AE
1277876,Vanshika Jain Sanwala,SJVP,14868,228,0.1,9,32,204,MP,Vanshika Jain Sanwala,SJVP,,,,,False,32,2018,AE
1277877,Vinay Jagdish Karotiya,IND,14765,182,0.0798200102625727,10,32,204,MP,Vinay Jagdish Karotiya,IND,,,,,False,32,2018,AE
1277878,Manish Kholwal,RPI(A),14785,175,0.0767500098678584,11,32,204,MP,Manish Kholwal,RPI(A),,,,,False,32,2018,AE
1277879,Bharat Prajapati,BSCP,14867,173,0.07587286689794,12,32,204,MP,Bharat Prajapati,BSCP,,,,,False,32,2018,AE
1277988,Ramesh Mendola,BJP,14761,138794,63.9403320618423,1,32,205,MP,Ramesh Mendola,BJP,,,,,False,32,2018,AE
1277989,Advocate Mohan Singh Sengar,INC,14760,67783,31.2266202296054,2,32,205,MP,Advocate Mohan Singh Sengar,INC,,,,,False,32,2018,AE
1277990,Nota,NOTA,14771,2951,1.35948182136473,3,32,205,MP,Nota,NOTA,,,,,False,32,2018,AE
1277991,Jayesh Sharma (Lalu Bhaiya),BSP,14762,1902,0.87622311902261,4,32,205,MP,Jayesh Sharma (Lalu Bhaiya),BSP,,,,,False,32,2018,AE
1277992,Advocate Rudrapal Yadav,CPI,14859,1621,0.746770597232203,5,32,205,MP,Advocate Rudrapal Yadav,CPI,,,,,False,32,2018,AE
1277993,Satish Sharma,AAAP,14772,1453,0.67,6,32,205,MP,Satish Sharma,AAAP,,,,,False,32,2018,AE
1277994,Bala Vaishwara (Kinnar),IND,14765,1067,0.491551034698804,7,32,205,MP,Bala Vaishwara (Kinnar),IND,,,,,False,32,2018,AE
1277995,Raghuraj Singh Tomar,SPAKP,14807,974,0.45,8,32,205,MP,Raghuraj Singh Tomar,SPAKP,,,,,False,32,2018,AE
1277996,Navin Choukse,IND,14765,325,0.149722667551182,9,32,205,MP,Navin Choukse,IND,,,,,False,32,2018,AE
1277997,Amjad Khan,IND,14765,198,0.0912156559234894,10,32,205,MP,Amjad Khan,IND,,,,,False,32,2018,AE
1278104,Akash Kailash Vijayvargiya,BJP,14761,67075,50.9591642924976,1,32,206,MP,Akash Kailash Vijayvargiya,BJP,,,,,False,32,2018,AE
1278105,Ashwin Joshi,INC,14760,61324,46.5899335232668,2,32,206,MP,Ashwin Joshi,INC,,,,,False,32,2018,AE
1278106,Nota,NOTA,14771,1447,1.09933523266856,3,32,206,MP,Nota,NOTA,,,,,False,32,2018,AE
1278107,Abhay Kumar Agrawal,SPAKP,14807,535,0.41,4,32,206,MP,Abhay Kumar Agrawal,SPAKP,,,,,False,32,2018,AE
1278108,Suresh Goliya (Ahirwar),BSP,14762,461,0.350237416904083,5,32,206,MP,Suresh Goliya (Ahirwar),BSP,,,,,False,32,2018,AE
1278109,Mohammad Maksood Chauhan,AAAP,14772,309,0.23,6,32,206,MP,Mohammad Maksood Chauhan,AAAP,,,,,False,32,2018,AE
1278110,Syed Nizam Ahmed,IND,14765,206,0.156505223171889,7,32,206,MP,Syed Nizam Ahmed,IND,,,,,False,32,2018,AE
1278111,Akbar Ahmad,SP(I),14971,91,0.0691358024691358,8,32,206,MP,Akbar Ahmad,SP(I),,,,,False,32,2018,AE
1278112,Bheru Lal Chouhan (Sagar),SHS,14784,63,0.0478632478632478,9,32,206,MP,Bheru Lal Chouhan (Sagar),SHS,,,,,False,32,2018,AE
1278113,Advocate Deepak Pawar,SWBI,14994,59,0.04,10,32,206,MP,Advocate Deepak Pawar,SWBI,,,,,False,32,2018,AE
1278114,Navin Chandra Chutele,BMUP,14773,55,0.0417853751187084,11,32,206,MP,Navin Chandra Chutele,BMUP,,,,,False,32,2018,AE
1278223,Malini Lakshman Singh Gaur,BJP,14761,102673,61.1174275118606,1,32,207,MP,Malini Lakshman Singh Gaur,BJP,,,,,False,32,2018,AE
1278224,Surjeet Singh Ujagar Singh Chadda,INC,14760,59583,35.4675492431232,2,32,207,MP,Surjeet Singh Ujagar Singh Chadda,INC,,,,,False,32,2018,AE
1278225,Nota,NOTA,14771,2098,1.24886155970784,3,32,207,MP,Nota,NOTA,,,,,False,32,2018,AE
1278226,Satish Sharma ( Satya ),SPAKP,14807,909,0.541093974153684,4,32,207,MP,Satish Sharma ( Satya ),SPAKP,,,,,False,32,2018,AE
1278227,Rajendra Jaiswal,AAAP,14772,838,0.5,5,32,207,MP,Rajendra Jaiswal,AAAP,,,,,False,32,2018,AE
1278228,Rinku Garg,BSP,14762,636,0.378587203038221,6,32,207,MP,Rinku Garg,BSP,,,,,False,32,2018,AE
1278229,Abdul Raheem,BMUP,14773,349,0.207746751352734,7,32,207,MP,Abdul Raheem,BMUP,,,,,False,32,2018,AE
1278230,Sunny Pariyani,IND,14765,318,0.18929360151911,8,32,207,MP,Sunny Pariyani,IND,,,,,False,32,2018,AE
1278231,Vijay Singh Varma,IND,14765,221,0.131553100426803,9,32,207,MP,Vijay Singh Varma,IND,,,,,False,32,2018,AE
1278232,Nirmala Parmar (Bhawani),SHS,14784,159,0.0946468007595554,10,32,207,MP,Nirmala Parmar (Bhawani),SHS,,,,,False,32,2018,AE
1278233,Dr. B. P. Tiwari Atal,IND,14765,127,0.0755983880280725,11,32,207,MP,Dr. B. P. Tiwari Atal,IND,,,,,False,32,2018,AE
1278234,Dharmpal Arjundas Banhani,RPI(A),14785,82,0.0488115576244248,12,32,207,MP,Dharmpal Arjundas Banhani,RPI(A),,,,,False,32,2018,AE
1278338,Mahendra Hardia,BJP,14761,117836,48.3035388544326,1,32,208,MP,Mahendra Hardia,BJP,,,,,False,32,2018,AE
1278339,Satyanarayan Patel,INC,14760,116704,47.84,2,32,208,MP,Satyanarayan Patel,INC,,,,,False,32,2018,AE
1278340,Nota,NOTA,14771,2786,1.14204198418521,3,32,208,MP,Nota,NOTA,,,,,False,32,2018,AE
1278341,Dongar Singh Goyal,BSP,14762,1422,0.582908722724831,4,32,208,MP,Dongar Singh Goyal,BSP,,,,,False,32,2018,AE
1278342,Shailendra Kumari Ranawat,AAAP,14772,878,0.36,5,32,208,MP,Shailendra Kumari Ranawat,AAAP,,,,,False,32,2018,AE
1278343,Kailash Kumawat,SHS,14784,850,0.348433484047895,6,32,208,MP,Kailash Kumawat,SHS,,,,,False,32,2018,AE
1278344,Mukesh Kumar Dwivedi,SPAKP,14807,847,0.35,7,32,208,MP,Mukesh Kumar Dwivedi,SPAKP,,,,,False,32,2018,AE
1278345,Chhotelal,CPM,14764,689,0.282436082951764,8,32,208,MP,Chhotelal,CPM,,,,,False,32,2018,AE
1278346,Zaheerudeen,MNDP,14900,582,0.238574456136323,9,32,208,MP,Zaheerudeen,MNDP,,,,,False,32,2018,AE
1278347,Santosh Meena,IMPI,15053,387,0.16,10,32,208,MP,Santosh Meena,IMPI,,,,,False,32,2018,AE
1278348,Mohammad Imtiyaz Khan,IND,14765,350,0.143472611078545,11,32,208,MP,Mohammad Imtiyaz Khan,IND,,,,,False,32,2018,AE
1278349,Ashok Balkishan,IND,14765,296,0.121336836797855,12,32,208,MP,Ashok Balkishan,IND,,,,,False,32,2018,AE
1278350,Bhupendra Chaurasia,SAMSAMPA,14818,191,0.0782950534742917,13,32,208,MP,Bhupendra Chaurasia,SAMSAMPA,,,,,False,32,2018,AE
1278351,Prabhudayal,PRSP,14890,131,0.0536997487179697,14,32,208,MP,Prabhudayal,PRSP,,,,,False,32,2018,AE
1278458,Usha Thakur,BJP,14761,97009,49.8589174937168,1,32,209,MP,Usha Thakur,BJP,,,,,False,32,2018,AE
1278459,Antar Singh Darbar,INC,14760,89852,46.1804930949235,2,32,209,MP,Antar Singh Darbar,INC,,,,,False,32,2018,AE
1278460,Nota,NOTA,14771,2073,1.06544275236807,3,32,209,MP,Nota,NOTA,,,,,False,32,2018,AE
1278461,Pradeep,BSP,14762,1426,0.732909486192417,4,32,209,MP,Pradeep,BSP,,,,,False,32,2018,AE
1278462,Arjun,CPM,14764,1075,0.552508904387691,5,32,209,MP,Arjun,CPM,,,,,False,32,2018,AE
1278463,Chhaganlal,BTP,15049,990,0.508822153808199,6,32,209,MP,Chhaganlal,BTP,,,,,False,32,2018,AE
1278464,Rajkapoor Verma,IND,14765,852,0.437895429337965,7,32,209,MP,Rajkapoor Verma,IND,,,,,False,32,2018,AE
1278465,Usha Thakur,IND,14765,392,0.201473014437186,8,32,209,MP,Usha Thakur,IND,,,,,False,32,2018,AE
1278466,Shailendra Sharma,IND,14765,307,0.157786263857694,9,32,209,MP,Shailendra Sharma,IND,,,,,False,32,2018,AE
1278467,Amit Singhal,AAAP,14772,218,0.11,10,32,209,MP,Amit Singhal,AAAP,,,,,False,32,2018,AE
1278468,Smt. Maya Verma,JAC,14940,203,0.1,11,32,209,MP,Smt. Maya Verma,JAC,,,,,False,32,2018,AE
1278469,Ashok Mishra,SPAKP,14807,170,0.09,12,32,209,MP,Ashok Mishra,SPAKP,,,,,False,32,2018,AE
1278553,Jitu Patwari,INC,14760,107740,49.9520137977717,1,32,210,MP,Jitu Patwari,INC,,,,,False,32,2018,AE
1278554,Madhu Verma,BJP,14761,102037,47.3079045097757,2,32,210,MP,Madhu Verma,BJP,,,,,False,32,2018,AE
1278555,Nota,NOTA,14771,2475,1.14749614024025,3,32,210,MP,Nota,NOTA,,,,,False,32,2018,AE
1278556,Raju Yadav,BSP,14762,1172,0.543379990449123,4,32,210,MP,Raju Yadav,BSP,,,,,False,32,2018,AE
1278557,Virendra Chandeva,IND,14765,531,0.246190080997,5,32,210,MP,Virendra Chandeva,IND,,,,,False,32,2018,AE
1278558,Vijay Jat,AAAP,14772,494,0.23,6,32,210,MP,Vijay Jat,AAAP,,,,,False,32,2018,AE
1278559,Madhu Verma,IND,14765,488,0.226253784419088,7,32,210,MP,Madhu Verma,IND,,,,,False,32,2018,AE
1278560,Jitendra Sharma,SPAKP,14807,456,0.21,8,32,210,MP,Jitendra Sharma,SPAKP,,,,,False,32,2018,AE
1278561,Pankaj Gupte,IND,14765,106,0.0491452892385725,9,32,210,MP,Pankaj Gupte,IND,,,,,False,32,2018,AE
1278562,Mamta Dwivedi,SJVP,14868,101,0.05,10,32,210,MP,Mamta Dwivedi,SJVP,,,,,False,32,2018,AE
1278563,Narendra,IND,14765,87,0.0403362279599604,11,32,210,MP,Narendra,IND,,,,,False,32,2018,AE
1278669,Tulsiram Silawat,INC,14760,96535,48.3773165084742,1,32,211,MP,Tulsiram Silawat,INC,,,,,False,32,2018,AE
1278670,Dr.Rajesh Sonkar,BJP,14761,93590,46.9014663285658,2,32,211,MP,Dr.Rajesh Sonkar,BJP,,,,,False,32,2018,AE
1278671,Kamal Chouhan,BSP,14762,2844,1.42523528409489,3,32,211,MP,Kamal Chouhan,BSP,,,,,False,32,2018,AE
1278672,Nota,NOTA,14771,2591,1.29844747576999,4,32,211,MP,Nota,NOTA,,,,,False,32,2018,AE
1278673,Anil Chouhan,BASD,14808,996,0.4991330319826,5,32,211,MP,Anil Chouhan,BASD,,,,,False,32,2018,AE
1278674,Rahul Khare,SAMSAMPA,14818,785,0.3933930021148,6,32,211,MP,Rahul Khare,SAMSAMPA,,,,,False,32,2018,AE
1278675,Rahul Silawat,IND,14765,690,0.345784931795175,7,32,211,MP,Rahul Silawat,IND,,,,,False,32,2018,AE
1278676,Narendra Bourasi,IND,14765,555,0.278131358183075,8,32,211,MP,Narendra Bourasi,IND,,,,,False,32,2018,AE
1278677,Bramhanand Malviya,AAAP,14772,538,0.27,9,32,211,MP,Bramhanand Malviya,AAAP,,,,,False,32,2018,AE
1278678,Subhash Chouhan,PRSP,14890,422,0.211480059735599,10,32,211,MP,Subhash Chouhan,PRSP,,,,,False,32,2018,AE
1278769,Dilip Gurjar,INC,14760,83823,49.8916731146955,1,32,212,MP,Dilip Gurjar,INC,,,,,False,32,2018,AE
1278770,Dilipsingh Shekhawat,BJP,14761,78706,46.8460210701743,2,32,212,MP,Dilipsingh Shekhawat,BJP,,,,,False,32,2018,AE
1278771,Nota,NOTA,14771,1318,0.784477114457472,3,32,212,MP,Nota,NOTA,,,,,False,32,2018,AE
1278772,Kailash Chandra Rathore,BSP,14762,895,0.532706386524611,4,32,212,MP,Kailash Chandra Rathore,BSP,,,,,False,32,2018,AE
1278773,Jitendra Chaturvedi,SHS,14784,892,0.530920778525087,5,32,212,MP,Jitendra Chaturvedi,SHS,,,,,False,32,2018,AE
1278774,Riyaj Mohammed,IND,14765,821,0.488661389203023,6,32,212,MP,Riyaj Mohammed,IND,,,,,False,32,2018,AE
1278775,Rashid Mohhmad Shekh,IND,14765,632,0.376168085233021,7,32,212,MP,Rashid Mohhmad Shekh,IND,,,,,False,32,2018,AE
1278776,Ratansingh,AAAP,14772,289,0.17,8,32,212,MP,Ratansingh,AAAP,,,,,False,32,2018,AE
1278777,Mahesh,IND,14765,201,0.119635735968097,9,32,212,MP,Mahesh,IND,,,,,False,32,2018,AE
1278778,Jagdish Chawda,IND,14765,165,0.098208439973811,10,32,212,MP,Jagdish Chawda,IND,,,,,False,32,2018,AE
1278779,Ramchandra Parmar,BMUP,14773,160,0.0952324266412713,11,32,212,MP,Ramchandra Parmar,BMUP,,,,,False,32,2018,AE
1278780,Kailashchandra Ahirwar,IND,14765,108,0.0642818879828581,12,32,212,MP,Kailashchandra Ahirwar,IND,,,,,False,32,2018,AE
1278857,Bahadursingh Chouhan,BJP,14761,70241,44.69,1,32,213,MP,Bahadursingh Chouhan,BJP,,,,,False,32,2018,AE
1278858,Dinesh Jain Boss,IND,14765,55052,35.02,2,32,213,MP,Dinesh Jain Boss,IND,,,,,False,32,2018,AE
1278859,Sardarsingh Chouhan,INC,14760,22393,14.25,3,32,213,MP,Sardarsingh Chouhan,INC,,,,,False,32,2018,AE
1278860,Shakir Kha,IND,14765,4238,2.7,4,32,213,MP,Shakir Kha,IND,,,,,False,32,2018,AE
1278861,Nota,NOTA,14771,2225,1.42,5,32,213,MP,Nota,NOTA,,,,,False,32,2018,AE
1278862,Rameshchandra Bamanawat,BSP,14762,1515,0.96,6,32,213,MP,Rameshchandra Bamanawat,BSP,,,,,False,32,2018,AE
1278863,Babulal Thawliya,BASD,14808,864,0.55,7,32,213,MP,Babulal Thawliya,BASD,,,,,False,32,2018,AE
1278864,Bhagvati Prasad Purohit Advocate,AAAP,14772,659,0.42,8,32,213,MP,Bhagvati Prasad Purohit Advocate,AAAP,,,,,False,32,2018,AE
1278937,Mahesh Parmar,INC,14760,67778,48.3848630435248,1,32,214,MP,Mahesh Parmar,INC,,,,,False,32,2018,AE
1278938,Anil Firojiya,BJP,14761,65569,46.8079182758546,2,32,214,MP,Anil Firojiya,BJP,,,,,False,32,2018,AE
1278939,Nota,NOTA,14771,1940,1.38491301461297,3,32,214,MP,Nota,NOTA,,,,,False,32,2018,AE
1278940,Kailash Narvariya,BSP,14762,1347,0.961586510661688,4,32,214,MP,Kailash Narvariya,BSP,,,,,False,32,2018,AE
1278941,Jasavant Singh,AAAP,14772,1241,0.89,5,32,214,MP,Jasavant Singh,AAAP,,,,,False,32,2018,AE
1278942,Banesingh Parmar,IND,14765,946,0.67532356279581,6,32,214,MP,Banesingh Parmar,IND,,,,,False,32,2018,AE
1278943,Mahesh Parmar,IND,14765,402,0.286976820553822,7,32,214,MP,Mahesh Parmar,IND,,,,,False,32,2018,AE
1278944,Bhurelal Dewda,BASD,14808,307,0.219158915199063,8,32,214,MP,Bhurelal Dewda,BASD,,,,,False,32,2018,AE
1278945,Ahirwar Tilakraj,IND,14765,264,0.188462389617435,9,32,214,MP,Ahirwar Tilakraj,IND,,,,,False,32,2018,AE
1278946,Balram Malviya,NBP,14907,162,0.12,10,32,214,MP,Balram Malviya,NBP,,,,,False,32,2018,AE
1278947,Anil,IND,14765,125,0.0892340859931039,11,32,214,MP,Anil,IND,,,,,False,32,2018,AE
1279013,Ramlal Malviya,INC,14760,79639,48.4728782197984,1,32,215,MP,Ramlal Malviya,INC,,,,,False,32,2018,AE
1279014,Ajit Premchand Guddu,BJP,14761,75011,45.6560111019136,2,32,215,MP,Ajit Premchand Guddu,BJP,,,,,False,32,2018,AE
1279015,Nathulal Dholpure,BSP,14762,2618,1.59346545259775,3,32,215,MP,Nathulal Dholpure,BSP,,,,,False,32,2018,AE
1279016,Nota,NOTA,14771,2256,1.37313142133709,4,32,215,MP,Nota,NOTA,,,,,False,32,2018,AE
1279017,Nirbhay Singh,BASD,14808,1800,1.09558358085406,5,32,215,MP,Nirbhay Singh,BASD,,,,,False,32,2018,AE
1279018,Champalal Parmar,IND,14765,993,0.604396942104494,6,32,215,MP,Champalal Parmar,IND,,,,,False,32,2018,AE
1279019,Bablu,IND,14765,619,0.376759020304815,7,32,215,MP,Bablu,IND,,,,,False,32,2018,AE
1279020,Er. Deepak Ambaram Sonavaniya,IND,14765,496,0.301894142279787,8,32,215,MP,Er. Deepak Ambaram Sonavaniya,IND,,,,,False,32,2018,AE
1279021,Shantilal Deshwal (Bairwa),IND,14765,463,0.281808443297463,9,32,215,MP,Shantilal Deshwal (Bairwa),IND,,,,,False,32,2018,AE
1279022,Akash Ashok Parmar,IND,14765,401,0.244071675512489,10,32,215,MP,Akash Ashok Parmar,IND,,,,,False,32,2018,AE
1279091,Paras Jain,BJP,14761,77271,52.4913896757627,1,32,216,MP,Paras Jain,BJP,,,,,False,32,2018,AE
1279092,Mhanat Rajendra Bharti,INC,14760,51547,35.0166771960572,2,32,216,MP,Mhanat Rajendra Bharti,INC,,,,,False,32,2018,AE
1279093,Maya Rajesh Trivedi,IND,14765,13072,8.88001249940559,3,32,216,MP,Maya Rajesh Trivedi,IND,,,,,False,32,2018,AE
1279094,Jiyalal Sharma,SPAKP,14807,1655,1.12,4,32,216,MP,Jiyalal Sharma,SPAKP,,,,,False,32,2018,AE
1279095,Nota,NOTA,14771,1446,0.982290244349793,5,32,216,MP,Nota,NOTA,,,,,False,32,2018,AE
1279096,Abdul Rajjak Lala,BSP,14762,1123,0.762871330847038,6,32,216,MP,Abdul Rajjak Lala,BSP,,,,,False,32,2018,AE
1279097,Virendra Bhaiya,IND,14765,483,0.328109396971611,7,32,216,MP,Virendra Bhaiya,IND,,,,,False,32,2018,AE
1279098,Vinod Sharma,AAAP,14772,287,0.19,8,32,216,MP,Vinod Sharma,AAAP,,,,,False,32,2018,AE
1279099,Dinesh Mangilal Panwar,IND,14765,191,0.129749264640947,9,32,216,MP,Dinesh Mangilal Panwar,IND,,,,,False,32,2018,AE
1279100,Pankaj Jain,AVIRP,14845,132,0.0896696488618068,10,32,216,MP,Pankaj Jain,AVIRP,,,,,False,32,2018,AE
1279170,Dr. Mohan Yadav,BJP,14761,78178,46.7074525923359,1,32,217,MP,Dr. Mohan Yadav,BJP,,,,,False,32,2018,AE
1279171,Rajendra Vashishtha (Raju Bhaiya),INC,14760,59218,35.379799017792,2,32,217,MP,Rajendra Vashishtha (Raju Bhaiya),INC,,,,,False,32,2018,AE
1279172,Jay Singh Darbar,IND,14765,19560,11.6861236243711,3,32,217,MP,Jay Singh Darbar,IND,,,,,False,32,2018,AE
1279173,Dr. Radheshyam Mishra Pandit Ji,SPAKP,14807,3172,1.9,4,32,217,MP,Dr. Radheshyam Mishra Pandit Ji,SPAKP,,,,,False,32,2018,AE
1279174,Nota,NOTA,14771,2039,1.21820071932989,5,32,217,MP,Nota,NOTA,,,,,False,32,2018,AE
1279175,Indar Lal Makwana,BSP,14762,1900,1.13515515778656,6,32,217,MP,Indar Lal Makwana,BSP,,,,,False,32,2018,AE
1279176,Pankaj Mandloi,SHS,14784,1616,0.965479334201627,7,32,217,MP,Pankaj Mandloi,SHS,,,,,False,32,2018,AE
1279177,Kajee Hiphajurarahman,IND,14765,591,0.353092999079926,8,32,217,MP,Kajee Hiphajurarahman,IND,,,,,False,32,2018,AE
1279178,Ishan Vishwakarma,IND,14765,356,0.212692229564219,9,32,217,MP,Ishan Vishwakarma,IND,,,,,False,32,2018,AE
1279179,Shailendra Singh Rupawat,AAAP,14772,351,0.21,10,32,217,MP,Shailendra Singh Rupawat,AAAP,,,,,False,32,2018,AE
1279180,Ajay Sonartiya,IND,14765,219,0.130841568186977,11,32,217,MP,Ajay Sonartiya,IND,,,,,False,32,2018,AE
1279181,Savita Bhandari,SJVP,14868,178,0.11,12,32,217,MP,Savita Bhandari,SJVP,,,,,False,32,2018,AE
1279254,Murli Morwal,INC,14760,76802,49.3938477963071,1,32,218,MP,Murli Morwal,INC,,,,,False,32,2018,AE
1279255,Sanjay Sharma,BJP,14761,71421,45.9331528275312,2,32,218,MP,Sanjay Sharma,BJP,,,,,False,32,2018,AE
1279256,Nota,NOTA,14771,1442,0.927396793342294,3,32,218,MP,Nota,NOTA,,,,,False,32,2018,AE
1279257,Dashrath Sarvate,BSP,14762,1415,0.910032220928811,4,32,218,MP,Dashrath Sarvate,BSP,,,,,False,32,2018,AE
1279258,Dr. Anand Verma,BASD,14808,1388,0.892667648515329,5,32,218,MP,Dr. Anand Verma,BASD,,,,,False,32,2018,AE
1279259,Prabhat Puraniya,SHS,14784,879,0.565313301905601,6,32,218,MP,Prabhat Puraniya,SHS,,,,,False,32,2018,AE
1279260,Dilip Garwal,GGP,14879,646,0.415463473300362,7,32,218,MP,Dilip Garwal,GGP,,,,,False,32,2018,AE
1279261,Mamta Rajput,IND,14765,609,0.391667577770774,8,32,218,MP,Mamta Rajput,IND,,,,,False,32,2018,AE
1279262,Munnalal Gurjarwadiya,IND,14765,597,0.383949990031449,9,32,218,MP,Munnalal Gurjarwadiya,IND,,,,,False,32,2018,AE
1279263,Gopal Panchal,AAAP,14772,290,0.19,10,32,218,MP,Gopal Panchal,AAAP,,,,,False,32,2018,AE
1279332,Dilip Kumar Makwana,BJP,14761,79806,49.2955223511825,1,32,219,MP,Dilip Kumar Makwana,BJP,,,,,False,32,2018,AE
1279333,Thawarlal Bhuriya,INC,14760,74201,45.8333590704971,2,32,219,MP,Thawarlal Bhuriya,INC,,,,,False,32,2018,AE
1279334,Nota,NOTA,14771,2320,1.43304528299555,3,32,219,MP,Nota,NOTA,,,,,False,32,2018,AE
1279335,Kaluram Makwana,BSP,14762,2149,1.32741996256786,4,32,219,MP,Kaluram Makwana,BSP,,,,,False,32,2018,AE
1279336,Kailash Damer,SHS,14784,1341,0.828324881248726,5,32,219,MP,Kailash Damer,SHS,,,,,False,32,2018,AE
1279337,Pappu Lal Charpota,AINHCP,15048,1101,0.680078817490564,6,32,219,MP,Pappu Lal Charpota,AINHCP,,,,,False,32,2018,AE
1279338,Kailashchandra Ninama M,BHJJGP,15056,975,0.60224963401753,7,32,219,MP,Kailashchandra Ninama M,BHJJGP,,,,,False,32,2018,AE
1279404,Chetanya Kasyap,BJP,14761,91986,63.6638590323004,1,32,220,MP,Chetanya Kasyap,BJP,,,,,False,32,2018,AE
1279405,Premlata Dave,INC,14760,48551,33.6023310055575,2,32,220,MP,Premlata Dave,INC,,,,,False,32,2018,AE
1279406,Nota,NOTA,14771,1529,1.05822669167468,3,32,220,MP,Nota,NOTA,,,,,False,32,2018,AE
1279407,Hemant Mehta,SPAKP,14807,1156,0.8,4,32,220,MP,Hemant Mehta,SPAKP,,,,,False,32,2018,AE
1279408,Shankar Lal,BSP,14762,708,0.490009481821894,5,32,220,MP,Shankar Lal,BSP,,,,,False,32,2018,AE
1279409,Radheshyam Mehta,AAAP,14772,236,0.16,6,32,220,MP,Radheshyam Mehta,AAAP,,,,,False,32,2018,AE
1279410,Jahir Uddin,AINHCP,15048,164,0.113505021212981,7,32,220,MP,Jahir Uddin,AINHCP,,,,,False,32,2018,AE
1279411,Vijay Singh Yadav,SWBI,14994,157,0.11,8,32,220,MP,Vijay Singh Yadav,SWBI,,,,,False,32,2018,AE
1279490,Harsh Vijay Gehlot Guddu,INC,14760,73597,44.7343787989302,1,32,221,MP,Harsh Vijay Gehlot Guddu,INC,,,,,False,32,2018,AE
1279491,Narayan Maida,BJP,14761,45099,27.4124726477024,2,32,221,MP,Narayan Maida,BJP,,,,,False,32,2018,AE
1279492,Kamleshwar Dodiyar,IND,14765,18726,11.3822027716994,3,32,221,MP,Kamleshwar Dodiyar,IND,,,,,False,32,2018,AE
1279493,Vijay Hari Vijay,LJD,14904,11525,7.00522732798443,4,32,221,MP,Vijay Hari Vijay,LJD,,,,,False,32,2018,AE
1279494,Nota,NOTA,14771,3477,2.11342086068563,5,32,221,MP,Nota,NOTA,,,,,False,32,2018,AE
1279495,Kalusingh Bhabhar,SHS,14784,2704,1.64356917092146,6,32,221,MP,Kalusingh Bhabhar,SHS,,,,,False,32,2018,AE
1279496,Pavan Charapota,IND,14765,2455,1.49221979090688,7,32,221,MP,Pavan Charapota,IND,,,,,False,32,2018,AE
1279497,Jalam Sih Ninama,BSP,14762,1543,0.937879893022124,8,32,221,MP,Jalam Sih Ninama,BSP,,,,,False,32,2018,AE
1279498,Suraj Bhabhar,IND,14765,1537,0.934232920009725,9,32,221,MP,Suraj Bhabhar,IND,,,,,False,32,2018,AE
1279499,Dhyanveer Damor,BTP,15049,1305,0.793216630196936,10,32,221,MP,Dhyanveer Damor,BTP,,,,,False,32,2018,AE
1279500,Vijay Vasuniya,AINHCP,15048,999,0.607221006564551,11,32,221,MP,Vijay Vasuniya,AINHCP,,,,,False,32,2018,AE
1279501,Jagdish Makwana,BMUP,14773,806,0.48991004133236,12,32,221,MP,Jagdish Makwana,BMUP,,,,,False,32,2018,AE
1279502,Pawan Singh Dodiyar,AAAP,14772,747,0.45,13,32,221,MP,Pawan Singh Dodiyar,AAAP,,,,,False,32,2018,AE
1279576,Rajendra Pandey Raju Bhaiya,BJP,14761,64503,36.4881376641889,1,32,222,MP,Rajendra Pandey Raju Bhaiya,BJP,,,,,False,32,2018,AE
1279577,K.K. Sing Kalukheda,INC,14760,63992,36.1990745454751,2,32,222,MP,K.K. Sing Kalukheda,INC,,,,,False,32,2018,AE
1279578,Shyambihari Patel,IND,14765,23672,13.3908065483261,3,32,222,MP,Shyambihari Patel,IND,,,,,False,32,2018,AE
1279579,Dr. Hamirsingh Rathore,IND,14765,16593,9.3863489800767,4,32,222,MP,Dr. Hamirsingh Rathore,IND,,,,,False,32,2018,AE
1279580,Raghunath Parihar Foujji,BASD,14808,3436,1.94368077475703,5,32,222,MP,Raghunath Parihar Foujji,BASD,,,,,False,32,2018,AE
1279581,Nota,NOTA,14771,1510,0.854178687393227,6,32,222,MP,Nota,NOTA,,,,,False,32,2018,AE
1279582,Jakir Hussein,AAAP,14772,1241,0.7,7,32,222,MP,Jakir Hussein,AAAP,,,,,False,32,2018,AE
1279583,Bhanwar Singh Jhala,BSP,14762,880,0.497799499937775,8,32,222,MP,Bhanwar Singh Jhala,BSP,,,,,False,32,2018,AE
1279584,Prakash Solanki,SHS,14784,562,0.31791286246026,9,32,222,MP,Prakash Solanki,SHS,,,,,False,32,2018,AE
1279585,Basantilal Gayari,AINHCP,15048,389,0.220050006222493,10,32,222,MP,Basantilal Gayari,AINHCP,,,,,False,32,2018,AE
1279659,Manoj Chawla,INC,14760,80821,49.4151814374369,1,32,223,MP,Manoj Chawla,INC,,,,,False,32,2018,AE
1279660,Jitendra Thawarchand Gehlot,BJP,14761,75373,46.0841918620647,2,32,223,MP,Jitendra Thawarchand Gehlot,BJP,,,,,False,32,2018,AE
1279661,Nota,NOTA,14771,2450,1.49796704472501,3,32,223,MP,Nota,NOTA,,,,,False,32,2018,AE
1279662,Mukesh Panchola Tal,BASD,14808,1687,1.03145730793922,4,32,223,MP,Mukesh Panchola Tal,BASD,,,,,False,32,2018,AE
1279663,Advocate Vinod Katariya,BSP,14762,1565,0.956864663263122,5,32,223,MP,Advocate Vinod Katariya,BSP,,,,,False,32,2018,AE
1279664,Sunil Kalyane,SHS,14784,1174,0.717801351227415,6,32,223,MP,Sunil Kalyane,SHS,,,,,False,32,2018,AE
1279665,Purnima Chouhan,AAAP,14772,485,0.3,7,32,223,MP,Purnima Chouhan,AAAP,,,,,False,32,2018,AE
1279738,Yashpal Singh Sisodiya,BJP,14761,102626,52.5169511040605,1,32,224,MP,Yashpal Singh Sisodiya,BJP,,,,,False,32,2018,AE
1279739,Narendra Nahata,INC,14760,84256,43.1164444899316,2,32,224,MP,Narendra Nahata,INC,,,,,False,32,2018,AE
1279740,Sunil Bansal,SPAKP,14807,2543,1.3,3,32,224,MP,Sunil Bansal,SPAKP,,,,,False,32,2018,AE
1279741,Nota,NOTA,14771,1815,0.928792569659442,4,32,224,MP,Nota,NOTA,,,,,False,32,2018,AE
1279742,Ishwar Makwana (Advocate),BSP,14762,1160,0.593608474272701,5,32,224,MP,Ishwar Makwana (Advocate),BSP,,,,,False,32,2018,AE
1279743,Chen Singh Nandwel,AAAP,14772,957,0.49,6,32,224,MP,Chen Singh Nandwel,AAAP,,,,,False,32,2018,AE
1279744,Abdul Habib,IND,14765,726,0.371517027863777,7,32,224,MP,Abdul Habib,IND,,,,,False,32,2018,AE
1279745,Suresh Pandit,IND,14765,698,0.357188547450298,8,32,224,MP,Suresh Pandit,IND,,,,,False,32,2018,AE
1279746,Anil Soni,IND,14765,634,0.324437735076631,9,32,224,MP,Anil Soni,IND,,,,,False,32,2018,AE
1279831,Jagdish Dewda,BJP,14761,99839,51.0288675812156,1,32,225,MP,Jagdish Dewda,BJP,,,,,False,32,2018,AE
1279832,Parshuram Sisodiya,INC,14760,87967,44.9609510764009,2,32,225,MP,Parshuram Sisodiya,INC,,,,,False,32,2018,AE
1279833,Nota,NOTA,14771,1848,0.944534172919264,3,32,225,MP,Nota,NOTA,,,,,False,32,2018,AE
1279834,Keshar Bai Sunarthi,BSP,14762,1379,0.704822848731421,4,32,225,MP,Keshar Bai Sunarthi,BSP,,,,,False,32,2018,AE
1279835,Jitendra Meghwal,BASD,14808,1283,0.6557561384499,5,32,225,MP,Jitendra Meghwal,BASD,,,,,False,32,2018,AE
1279836,Lalchand Meghwal,IND,14765,1121,0.572956064849835,6,32,225,MP,Lalchand Meghwal,IND,,,,,False,32,2018,AE
1279837,Sukhalal Malviya Paldi,IND,14765,1083,0.5535338253634,7,32,225,MP,Sukhalal Malviya Paldi,IND,,,,,False,32,2018,AE
1279838,Pirulal Bhati,IND,14765,397,0.202911291476703,8,32,225,MP,Pirulal Bhati,IND,,,,,False,32,2018,AE
1279839,Tulsiram Meghwal,AAAP,14772,368,0.19,9,32,225,MP,Tulsiram Meghwal,AAAP,,,,,False,32,2018,AE
1279840,Mohannath Rathore,SHS,14784,367,0.187577944513728,10,32,225,MP,Mohannath Rathore,SHS,,,,,False,32,2018,AE
1279917,Dang Hardeepsingh,INC,14760,93169,45.0320210734913,1,32,226,MP,Dang Hardeepsingh,INC,,,,,False,32,2018,AE
1279918,Radheshyam Nanalal Patidar,BJP,14761,92819,44.8628531380652,2,32,226,MP,Radheshyam Nanalal Patidar,BJP,,,,,False,32,2018,AE
1279919,Om Singh Bhati,IND,14765,10273,4.96532057323763,3,32,226,MP,Om Singh Bhati,IND,,,,,False,32,2018,AE
1279920,Nota,NOTA,14771,2976,1.43841078808091,4,32,226,MP,Nota,NOTA,,,,,False,32,2018,AE
1279921,Sunil Sharma,SPAKP,14807,2230,1.08,5,32,226,MP,Sunil Sharma,SPAKP,,,,,False,32,2018,AE
1279922,Shaymu Mehra,BSP,14762,1688,0.815872785712559,6,32,226,MP,Shaymu Mehra,BSP,,,,,False,32,2018,AE
1279923,Bantiy Urf Shakil,IND,14765,1598,0.772372459460112,7,32,226,MP,Bantiy Urf Shakil,IND,,,,,False,32,2018,AE
1279924,Banshi Lal Solanki,BASD,14808,1036,0.500737088861499,8,32,226,MP,Banshi Lal Solanki,BASD,,,,,False,32,2018,AE
1279925,Vinod Kumar Meena,AAAP,14772,423,0.2,9,32,226,MP,Vinod Kumar Meena,AAAP,,,,,False,32,2018,AE
1279926,Jitendra Singh Suri,SHS,14784,360,0.174001305009787,10,32,226,MP,Jitendra Singh Suri,SHS,,,,,False,32,2018,AE
1279927,Yusuf Shah S/O Husain Shah,RPI,14891,323,0.156117837550448,11,32,226,MP,Yusuf Shah S/O Husain Shah,RPI,,,,,False,32,2018,AE
1280005,Devilal Dhakad (Advocate),BJP,14761,75946,41.9250663825511,1,32,227,MP,Devilal Dhakad (Advocate),BJP,,,,,False,32,2018,AE
1280006,Subhash Kumar Sojatia,INC,14760,73838,40.7613705995683,2,32,227,MP,Subhash Kumar Sojatia,INC,,,,,False,32,2018,AE
1280007,Tufansingh Sisodiya Barkhedi Mitthu,IND,14765,18148,10.0183828603289,3,32,227,MP,Tufansingh Sisodiya Barkhedi Mitthu,IND,,,,,False,32,2018,AE
1280008,Nota,NOTA,14771,2474,1.36574163524651,4,32,227,MP,Nota,NOTA,,,,,False,32,2018,AE
1280009,Jagdish Rangotha,BSP,14762,1696,0.936256189724367,5,32,227,MP,Jagdish Rangotha,BSP,,,,,False,32,2018,AE
1280010,Ramkaran Ralotiya,BASD,14808,1673,0.923559319226926,6,32,227,MP,Ramkaran Ralotiya,BASD,,,,,False,32,2018,AE
1280011,Saeed Ahamad,IND,14765,1497,0.826400658029114,7,32,227,MP,Saeed Ahamad,IND,,,,,False,32,2018,AE
1280012,Amrlalpnnalalmina,IND,14765,1427,0.787758008689075,8,32,227,MP,Amrlalpnnalalmina,IND,,,,,False,32,2018,AE
1280013,Banshilal Gwala,IND,14765,1330,0.734210337460736,9,32,227,MP,Banshilal Gwala,IND,,,,,False,32,2018,AE
1280014,Army Man Rajesh Vishwakarma,SHS,14784,1302,0.71875327772472,10,32,227,MP,Army Man Rajesh Vishwakarma,SHS,,,,,False,32,2018,AE
1280015,Fulchand,IND,14765,791,0.436661937542437,11,32,227,MP,Fulchand,IND,,,,,False,32,2018,AE
1280016,Jagdish,IND,14765,718,0.396363174659254,12,32,227,MP,Jagdish,IND,,,,,False,32,2018,AE
1280017,Ahasas Hussain,IND,14765,307,0.169475619248455,13,32,227,MP,Ahasas Hussain,IND,,,,,False,32,2018,AE
1280096,Anirudha (Madhav) Maroo,BJP,14761,87004,56.6369607530416,1,32,228,MP,Anirudha (Madhav) Maroo,BJP,,,,,False,32,2018,AE
1280097,Umrao Singh Shivlal,INC,14760,61050,39.7416952550824,2,32,228,MP,Umrao Singh Shivlal,INC,,,,,False,32,2018,AE
1280098,Nota,NOTA,14771,2117,1.37810268394774,3,32,228,MP,Nota,NOTA,,,,,False,32,2018,AE
1280099,Karulal Banjara,BSP,14762,1698,1.10534641348288,4,32,228,MP,Karulal Banjara,BSP,,,,,False,32,2018,AE
1280100,Samrath Meghwal,BASD,14808,937,0.609958533235253,5,32,228,MP,Samrath Meghwal,BASD,,,,,False,32,2018,AE
1280101,Rajender Kaur,AAAP,14772,419,0.27,6,32,228,MP,Rajender Kaur,AAAP,,,,,False,32,2018,AE
1280102,Kamlesh Vishwkrma,SHS,14784,392,0.255180090745164,7,32,228,MP,Kamlesh Vishwkrma,SHS,,,,,False,32,2018,AE
1280176,Dilip Singh Parihar,BJP,14761,87197,51.9332705983252,1,32,229,MP,Dilip Singh Parihar,BJP,,,,,False,32,2018,AE
1280177,Satya Narayan,INC,14760,72340,43.0846565258305,2,32,229,MP,Satya Narayan,INC,,,,,False,32,2018,AE
1280178,Nota,NOTA,14771,2147,1.27872211170802,3,32,229,MP,Nota,NOTA,,,,,False,32,2018,AE
1280179,Naveen Kumar Agrawal,AAAP,14772,2046,1.22,4,32,229,MP,Naveen Kumar Agrawal,AAAP,,,,,False,32,2018,AE
1280180,Prem Chand,BSP,14762,1407,0.837988826815642,5,32,229,MP,Prem Chand,BSP,,,,,False,32,2018,AE
1280181,Bhupendra Gaurh Baba,SPAKP,14807,1122,0.67,6,32,229,MP,Bhupendra Gaurh Baba,SPAKP,,,,,False,32,2018,AE
1280182,Parmanad Sharma,IND,14765,586,0.349013114793153,7,32,229,MP,Parmanad Sharma,IND,,,,,False,32,2018,AE
1280183,Rashma / Mohummd Ashik,IND,14765,457,0.272182582697049,8,32,229,MP,Rashma / Mohummd Ashik,IND,,,,,False,32,2018,AE
1280184,Anwar Ali,IND,14765,317,0.188800609879572,9,32,229,MP,Anwar Ali,IND,,,,,False,32,2018,AE
1280185,Snehlata Vijay Kumar Sharma,SHS,14784,283,0.168550702195328,10,32,229,MP,Snehlata Vijay Kumar Sharma,SHS,,,,,False,32,2018,AE
1280268,Om Prakash Sakhlecha,BJP,14761,52316,37.3982228767093,1,32,230,MP,Om Prakash Sakhlecha,BJP,,,,,False,32,2018,AE
1280269,Rajkumar Rameshchandra Ahir,INC,14760,48045,34.3450878911136,2,32,230,MP,Rajkumar Rameshchandra Ahir,INC,,,,,False,32,2018,AE
1280270,Samandar Patel,IND,14765,33712,24.0991071492397,3,32,230,MP,Samandar Patel,IND,,,,,False,32,2018,AE
1280271,Nota,NOTA,14771,1941,1.38752868345616,4,32,230,MP,Nota,NOTA,,,,,False,32,2018,AE
1280272,Pappu,SHS,14784,1131,0.808498166403362,5,32,230,MP,Pappu,SHS,,,,,False,32,2018,AE
1280273,Balchand Verma (Mer),BSP,14762,1039,0.742731737306006,6,32,230,MP,Balchand Verma (Mer),BSP,,,,,False,32,2018,AE
1280274,Hement Soni,IND,14765,821,0.586893894444881,7,32,230,MP,Hement Soni,IND,,,,,False,32,2018,AE
1280275,Gopal Singh,IND,14765,544,0.388879754662625,8,32,230,MP,Gopal Singh,IND,,,,,False,32,2018,AE
1280276,Satyanarayan Ojha (Dada),AAAP,14772,340,0.24,9,32,230,MP,Satyanarayan Ojha (Dada),AAAP,,,,,False,32,2018,AE
