el_res_id,ca_full_name,party_abb,party_id,el_vote_count,el_vote_perc,el_rank,el_id,ac_no,state_abb,original_ca_full_name,original_party_abb,caste,caste_category,gender,age,incumbency,el_id,el_year,el_type
1486838,Jaspal Rana,BJP,16057,12743,36.0827953335598,1,6,1,UK,Jaspal Rana,BJP,,,,,False,6,2009,GE
1486839,Vijay Bahuguna,INC,16058,11842,33.531543776192,2,6,1,UK,Vijay Bahuguna,INC,,,,,False,6,2009,GE
1486840,Munna Singh Chauhan,BSP,16062,7802,22.0919696454864,3,6,1,UK,Munna Singh Chauhan,BSP,,,,,False,6,2009,GE
1486841,Shailesh,UKKD,16063,442,1.25155736776531,4,6,1,UK,Shailesh,UKKD,,,,,False,6,2009,GE
1486842,Bachi Ram,CPM,16060,414,1.17227319062181,5,6,1,UK,Bachi Ram,CPM,,,,,False,6,2009,GE
1486843,Shiv Narain,IND,16059,399,1.12979952429493,6,6,1,UK,Shiv Narain,IND,,,,,False,6,2009,GE
1486844,Sanjay,IND,16059,359,1.01653641408993,7,6,1,UK,Sanjay,IND,,,,,False,6,2009,GE
1486845,Ram Singh Rawat,IND,16059,227,0.64276815041341,8,6,1,UK,Ram Singh Rawat,IND,,,,,False,6,2009,GE
1486846,Barhm Dev Jha,IND,16059,223,0.631441839392909,9,6,1,UK,Barhm Dev Jha,IND,,,,,False,6,2009,GE
1486847,Harish Walia,IND,16059,161,0.45588401857515,10,6,1,UK,Harish Walia,IND,,,,,False,6,2009,GE
1486848,Vijay Nath,IND,16059,140,0.396420885717521,11,6,1,UK,Vijay Nath,IND,,,,,False,6,2009,GE
1486849,Dr. Nagendra Dutt Jagoodi,IND,16059,121,0.342620908370143,12,6,1,UK,Dr. Nagendra Dutt Jagoodi,IND,,,,,False,6,2009,GE
1486850,Anjana Walia,RJSD,16067,98,0.277494620002265,13,6,1,UK,Anjana Walia,RJSD,,,,,False,6,2009,GE
1486851,Kedar Singh,IND,16059,90,0.254841997961264,14,6,1,UK,Kedar Singh,IND,,,,,False,6,2009,GE
1486852,Sudesh Sharma,AD,16068,73,0.206705176124136,15,6,1,UK,Sudesh Sharma,AD,,,,,False,6,2009,GE
1486853,Sunder Lal Thapliyal,VVS,16069,67,0.189715709593385,16,6,1,UK,Sunder Lal Thapliyal,VVS,,,,,False,6,2009,GE
1486854,Shailesh Kumar Verma,LJP,16070,58,0.164231509797259,17,6,1,UK,Shailesh Kumar Verma,LJP,,,,,False,6,2009,GE
1486855,Bano Rani,NLHP,16071,57,0.161399932042133,18,6,1,UK,Bano Rani,NLHP,,,,,False,6,2009,GE
1486906,Jaspal Rana,BJP,16057,13517,44.1760899405189,1,6,2,UK,Jaspal Rana,BJP,,,,,False,6,2009,GE
1486907,Vijay Bahuguna,INC,16058,8884,29.034577423361,2,6,2,UK,Vijay Bahuguna,INC,,,,,False,6,2009,GE
1486908,Munna Singh Chauhan,BSP,16062,5524,18.0534675468984,3,6,2,UK,Munna Singh Chauhan,BSP,,,,,False,6,2009,GE
1486909,Shailesh,UKKD,16063,580,1.89554872867507,4,6,2,UK,Shailesh,UKKD,,,,,False,6,2009,GE
1486910,Shiv Narain,IND,16059,397,1.29747042290345,5,6,2,UK,Shiv Narain,IND,,,,,False,6,2009,GE
1486911,Sanjay,IND,16059,381,1.24517942349173,6,6,2,UK,Sanjay,IND,,,,,False,6,2009,GE
1486912,Bachi Ram,CPM,16060,327,1.06869730047715,7,6,2,UK,Bachi Ram,CPM,,,,,False,6,2009,GE
1486913,Ram Singh Rawat,IND,16059,182,0.594810118308386,8,6,2,UK,Ram Singh Rawat,IND,,,,,False,6,2009,GE
1486914,Barhm Dev Jha,IND,16059,145,0.473887182168769,9,6,2,UK,Barhm Dev Jha,IND,,,,,False,6,2009,GE
1486915,Vijay Nath,IND,16059,139,0.454278057389371,10,6,2,UK,Vijay Nath,IND,,,,,False,6,2009,GE
1486916,Harish Walia,IND,16059,134,0.437937120073207,11,6,2,UK,Harish Walia,IND,,,,,False,6,2009,GE
1486917,Dr. Nagendra Dutt Jagoodi,IND,16059,83,0.271259559448329,12,6,2,UK,Dr. Nagendra Dutt Jagoodi,IND,,,,,False,6,2009,GE
1486918,Kedar Singh,IND,16059,63,0.205895810183672,13,6,2,UK,Kedar Singh,IND,,,,,False,6,2009,GE
1486919,Anjana Walia,RJSD,16067,57,0.186286685404274,14,6,2,UK,Anjana Walia,RJSD,,,,,False,6,2009,GE
1486920,Sunder Lal Thapliyal,VVS,16069,51,0.166677560624877,15,6,2,UK,Sunder Lal Thapliyal,VVS,,,,,False,6,2009,GE
1486921,Sudesh Sharma,AD,16068,47,0.153604810771945,16,6,2,UK,Sudesh Sharma,AD,,,,,False,6,2009,GE
1486922,Bano Rani,NLHP,16071,44,0.143800248382247,17,6,2,UK,Bano Rani,NLHP,,,,,False,6,2009,GE
1486923,Shailesh Kumar Verma,LJP,16070,43,0.140532060919014,18,6,2,UK,Shailesh Kumar Verma,LJP,,,,,False,6,2009,GE
1486982,Jaspal Rana,BJP,16057,15874,42.662868200387,1,6,3,UK,Jaspal Rana,BJP,,,,,False,6,2009,GE
1486983,Vijay Bahuguna,INC,16058,14128,37.9703289615136,2,6,3,UK,Vijay Bahuguna,INC,,,,,False,6,2009,GE
1486984,Munna Singh Chauhan,BSP,16062,3965,10.6563104708664,3,6,3,UK,Munna Singh Chauhan,BSP,,,,,False,6,2009,GE
1486985,Sanjay,IND,16059,589,1.58299290475166,4,6,3,UK,Sanjay,IND,,,,,False,6,2009,GE
1486986,Bachi Ram,CPM,16060,469,1.26048161685658,5,6,3,UK,Bachi Ram,CPM,,,,,False,6,2009,GE
1486987,Shailesh,UKKD,16063,461,1.23898086433025,6,6,3,UK,Shailesh,UKKD,,,,,False,6,2009,GE
1486988,Shiv Narain,IND,16059,389,1.0454740915932,7,6,3,UK,Shiv Narain,IND,,,,,False,6,2009,GE
1486989,Harish Walia,IND,16059,219,0.588583100408514,8,6,3,UK,Harish Walia,IND,,,,,False,6,2009,GE
1486990,Dr. Nagendra Dutt Jagoodi,IND,16059,208,0.559019565684798,9,6,3,UK,Dr. Nagendra Dutt Jagoodi,IND,,,,,False,6,2009,GE
1486991,Barhm Dev Jha,IND,16059,196,0.526768436895291,10,6,3,UK,Barhm Dev Jha,IND,,,,,False,6,2009,GE
1486992,Vijay Nath,IND,16059,148,0.39776392173726,11,6,3,UK,Vijay Nath,IND,,,,,False,6,2009,GE
1486993,Ram Singh Rawat,IND,16059,145,0.389701139539883,12,6,3,UK,Ram Singh Rawat,IND,,,,,False,6,2009,GE
1486994,Kedar Singh,IND,16059,82,0.220382713394968,13,6,3,UK,Kedar Singh,IND,,,,,False,6,2009,GE
1486995,Anjana Walia,RJSD,16067,81,0.217695119329176,14,6,3,UK,Anjana Walia,RJSD,,,,,False,6,2009,GE
1486996,Sudesh Sharma,AD,16068,69,0.185443990539668,15,6,3,UK,Sudesh Sharma,AD,,,,,False,6,2009,GE
1486997,Sunder Lal Thapliyal,VVS,16069,67,0.180068802408084,16,6,3,UK,Sunder Lal Thapliyal,VVS,,,,,False,6,2009,GE
1486998,Shailesh Kumar Verma,LJP,16070,63,0.169318426144915,17,6,3,UK,Shailesh Kumar Verma,LJP,,,,,False,6,2009,GE
1486999,Bano Rani,NLHP,16071,55,0.147817673618576,18,6,3,UK,Bano Rani,NLHP,,,,,False,6,2009,GE
1487057,Satpal Maharaj,INC,16058,19070,46.8988244552653,1,6,4,UK,Satpal Maharaj,INC,,,,,False,6,2009,GE
1487058,Lt. Gen(Retd) Tejpal Singh Rawat,BJP,16057,15310,37.6518616890462,2,6,4,UK,Lt. Gen(Retd) Tejpal Singh Rawat,BJP,,,,,False,6,2009,GE
1487059,Rajeev Agarwal,BSP,16062,2824,6.94505926909645,3,6,4,UK,Rajeev Agarwal,BSP,,,,,False,6,2009,GE
1487060,Lalita Prasad Bhatt,CPI,16084,815,2.00432836555014,4,6,4,UK,Lalita Prasad Bhatt,CPI,,,,,False,6,2009,GE
1487061,Indresh Maikhuri,CPI(ML)(L),16088,564,1.38704441493286,5,6,4,UK,Indresh Maikhuri,CPI(ML)(L),,,,,False,6,2009,GE
1487062,Shiv Singh,IND,16059,443,1.08946928336038,6,6,4,UK,Shiv Singh,IND,,,,,False,6,2009,GE
1487063,Anand Prakash,UKKD,16063,424,1.04274260980768,7,6,4,UK,Anand Prakash,UKKD,,,,,False,6,2009,GE
1487064,Om Parkash,IND,16059,366,0.900103290541537,8,6,4,UK,Om Parkash,IND,,,,,False,6,2009,GE
1487065,Mahadev,JKM,16089,227,0.558260784024396,9,6,4,UK,Mahadev,JKM,,,,,False,6,2009,GE
1487066,Abbdul Kadir,IND,16059,195,0.479563228567212,10,6,4,UK,Abbdul Kadir,IND,,,,,False,6,2009,GE
1487067,Ganesh Pant,LJP,16070,145,0.356598298165363,11,6,4,UK,Ganesh Pant,LJP,,,,,False,6,2009,GE
1487068,R. P. Dhyani,ABHM,16090,143,0.351679700949289,12,6,4,UK,R. P. Dhyani,ABHM,,,,,False,6,2009,GE
1487069,Rashid Khan,ANC,16091,136,0.33446461069303,13,6,4,UK,Rashid Khan,ANC,,,,,False,6,2009,GE
1487122,Satpal Maharaj,INC,16058,17203,45.609523304523,1,6,5,UK,Satpal Maharaj,INC,,,,,False,6,2009,GE
1487123,Lt. Gen(Retd) Tejpal Singh Rawat,BJP,16057,14408,38.199268253884,2,6,5,UK,Lt. Gen(Retd) Tejpal Singh Rawat,BJP,,,,,False,6,2009,GE
1487124,Rajeev Agarwal,BSP,16062,2204,5.84336391112996,3,6,5,UK,Rajeev Agarwal,BSP,,,,,False,6,2009,GE
1487125,Indresh Maikhuri,CPI(ML)(L),16088,685,1.81610901956625,4,6,5,UK,Indresh Maikhuri,CPI(ML)(L),,,,,False,6,2009,GE
1487126,Lalita Prasad Bhatt,CPI,16084,635,1.68354631740813,5,6,5,UK,Lalita Prasad Bhatt,CPI,,,,,False,6,2009,GE
1487127,Shiv Singh,IND,16059,548,1.452887215653,6,6,5,UK,Shiv Singh,IND,,,,,False,6,2009,GE
1487128,Om Parkash,IND,16059,471,1.24874065432949,7,6,5,UK,Om Parkash,IND,,,,,False,6,2009,GE
1487129,Anand Prakash,UKKD,16063,463,1.22753062198419,8,6,5,UK,Anand Prakash,UKKD,,,,,False,6,2009,GE
1487130,Mahadev,JKM,16089,317,0.840447531682485,9,6,5,UK,Mahadev,JKM,,,,,False,6,2009,GE
1487131,Abbdul Kadir,IND,16059,231,0.612439683970518,10,6,5,UK,Abbdul Kadir,IND,,,,,False,6,2009,GE
1487132,Ganesh Pant,LJP,16070,194,0.514343284373508,11,6,5,UK,Ganesh Pant,LJP,,,,,False,6,2009,GE
1487133,R. P. Dhyani,ABHM,16090,193,0.511692030330346,12,6,5,UK,R. P. Dhyani,ABHM,,,,,False,6,2009,GE
1487134,Rashid Khan,ANC,16091,166,0.440108171164961,13,6,5,UK,Rashid Khan,ANC,,,,,False,6,2009,GE
1487190,Satpal Maharaj,INC,16058,17648,47.577710080069,1,6,6,UK,Satpal Maharaj,INC,,,,,False,6,2009,GE
1487191,Lt. Gen(Retd) Tejpal Singh Rawat,BJP,16057,14432,38.9076106003828,2,6,6,UK,Lt. Gen(Retd) Tejpal Singh Rawat,BJP,,,,,False,6,2009,GE
1487192,Rajeev Agarwal,BSP,16062,1651,4.45097457741352,3,6,6,UK,Rajeev Agarwal,BSP,,,,,False,6,2009,GE
1487193,Indresh Maikhuri,CPI(ML)(L),16088,588,1.58520475561426,4,6,6,UK,Indresh Maikhuri,CPI(ML)(L),,,,,False,6,2009,GE
1487194,Lalita Prasad Bhatt,CPI,16084,529,1.42614509476181,5,6,6,UK,Lalita Prasad Bhatt,CPI,,,,,False,6,2009,GE
1487195,Anand Prakash,UKKD,16063,473,1.27517321327474,6,6,6,UK,Anand Prakash,UKKD,,,,,False,6,2009,GE
1487196,Shiv Singh,IND,16059,459,1.23743024290297,7,6,6,UK,Shiv Singh,IND,,,,,False,6,2009,GE
1487197,Om Parkash,IND,16059,439,1.18351171380044,8,6,6,UK,Om Parkash,IND,,,,,False,6,2009,GE
1487198,Mahadev,JKM,16089,247,0.665893834416197,9,6,6,UK,Mahadev,JKM,,,,,False,6,2009,GE
1487199,Abbdul Kadir,IND,16059,207,0.558056776211144,10,6,6,UK,Abbdul Kadir,IND,,,,,False,6,2009,GE
1487200,R. P. Dhyani,ABHM,16090,158,0.425956379909956,11,6,6,UK,R. P. Dhyani,ABHM,,,,,False,6,2009,GE
1487201,Ganesh Pant,LJP,16070,132,0.355862292076672,12,6,6,UK,Ganesh Pant,LJP,,,,,False,6,2009,GE
1487202,Rashid Khan,ANC,16091,130,0.350470439166419,13,6,6,UK,Rashid Khan,ANC,,,,,False,6,2009,GE
1487257,Satpal Maharaj,INC,16058,18174,49.759062534224,1,6,7,UK,Satpal Maharaj,INC,,,,,False,6,2009,GE
1487258,Lt. Gen(Retd) Tejpal Singh Rawat,BJP,16057,14350,39.289234475961,2,6,7,UK,Lt. Gen(Retd) Tejpal Singh Rawat,BJP,,,,,False,6,2009,GE
1487259,Rajeev Agarwal,BSP,16062,1057,2.89398751505859,3,6,7,UK,Rajeev Agarwal,BSP,,,,,False,6,2009,GE
1487260,Anand Prakash,UKKD,16063,520,1.42372138867593,4,6,7,UK,Anand Prakash,UKKD,,,,,False,6,2009,GE
1487261,Indresh Maikhuri,CPI(ML)(L),16088,482,1.31968021027269,5,6,7,UK,Indresh Maikhuri,CPI(ML)(L),,,,,False,6,2009,GE
1487262,Lalita Prasad Bhatt,CPI,16084,457,1.25123206658635,6,6,7,UK,Lalita Prasad Bhatt,CPI,,,,,False,6,2009,GE
1487263,Om Parkash,IND,16059,375,1.02672215529514,7,6,7,UK,Om Parkash,IND,,,,,False,6,2009,GE
1487264,Shiv Singh,IND,16059,373,1.02124630380024,8,6,7,UK,Shiv Singh,IND,,,,,False,6,2009,GE
1487265,Mahadev,JKM,16089,213,0.583178184207644,9,6,7,UK,Mahadev,JKM,,,,,False,6,2009,GE
1487266,Abbdul Kadir,IND,16059,162,0.443543971087504,10,6,7,UK,Abbdul Kadir,IND,,,,,False,6,2009,GE
1487267,R. P. Dhyani,ABHM,16090,130,0.355930347168984,11,6,7,UK,R. P. Dhyani,ABHM,,,,,False,6,2009,GE
1487268,Rashid Khan,ANC,16091,127,0.347716569926623,12,6,7,UK,Rashid Khan,ANC,,,,,False,6,2009,GE
1487269,Ganesh Pant,LJP,16070,104,0.284744277735187,13,6,7,UK,Ganesh Pant,LJP,,,,,False,6,2009,GE
1487324,Satpal Maharaj,INC,16058,16296,42.7974892980014,1,6,8,UK,Satpal Maharaj,INC,,,,,False,6,2009,GE
1487325,Lt. Gen(Retd) Tejpal Singh Rawat,BJP,16057,15902,41.7627439136486,2,6,8,UK,Lt. Gen(Retd) Tejpal Singh Rawat,BJP,,,,,False,6,2009,GE
1487326,Rajeev Agarwal,BSP,16062,1747,4.58807153924941,3,6,8,UK,Rajeev Agarwal,BSP,,,,,False,6,2009,GE
1487327,Lalita Prasad Bhatt,CPI,16084,808,2.12201591511936,4,6,8,UK,Lalita Prasad Bhatt,CPI,,,,,False,6,2009,GE
1487328,Shiv Singh,IND,16059,618,1.62302702418782,5,6,8,UK,Shiv Singh,IND,,,,,False,6,2009,GE
1487329,Anand Prakash,UKKD,16063,549,1.44181526906006,6,6,8,UK,Anand Prakash,UKKD,,,,,False,6,2009,GE
1487330,Om Parkash,IND,16059,541,1.42080521049452,7,6,8,UK,Om Parkash,IND,,,,,False,6,2009,GE
1487331,Indresh Maikhuri,CPI(ML)(L),16088,508,1.33413871891167,8,6,8,UK,Indresh Maikhuri,CPI(ML)(L),,,,,False,6,2009,GE
1487332,Mahadev,JKM,16089,313,0.822018541376684,9,6,8,UK,Mahadev,JKM,,,,,False,6,2009,GE
1487333,Abbdul Kadir,IND,16059,302,0.793129710849068,10,6,8,UK,Abbdul Kadir,IND,,,,,False,6,2009,GE
1487334,Rashid Khan,ANC,16091,168,0.441211229876303,11,6,8,UK,Rashid Khan,ANC,,,,,False,6,2009,GE
1487335,R. P. Dhyani,ABHM,16090,165,0.433332457914226,12,6,8,UK,R. P. Dhyani,ABHM,,,,,False,6,2009,GE
1487336,Ganesh Pant,LJP,16070,160,0.420201171310765,13,6,8,UK,Ganesh Pant,LJP,,,,,False,6,2009,GE
1487400,Jaspal Rana,BJP,16057,11628,43.8527681399909,1,6,9,UK,Jaspal Rana,BJP,,,,,False,6,2009,GE
1487401,Vijay Bahuguna,INC,16058,8543,32.2182833006486,2,6,9,UK,Vijay Bahuguna,INC,,,,,False,6,2009,GE
1487402,Munna Singh Chauhan,BSP,16062,3289,12.4038316488158,3,6,9,UK,Munna Singh Chauhan,BSP,,,,,False,6,2009,GE
1487403,Shiv Narain,IND,16059,517,1.94976617891084,4,6,9,UK,Shiv Narain,IND,,,,,False,6,2009,GE
1487404,Bachi Ram,CPM,16060,445,1.67823201086136,5,6,9,UK,Bachi Ram,CPM,,,,,False,6,2009,GE
1487405,Sanjay,IND,16059,406,1.53115100316789,6,6,9,UK,Sanjay,IND,,,,,False,6,2009,GE
1487406,Shailesh,UKKD,16063,390,1.47081007693468,7,6,9,UK,Shailesh,UKKD,,,,,False,6,2009,GE
1487407,Ram Singh Rawat,IND,16059,232,0.874943430381656,8,6,9,UK,Ram Singh Rawat,IND,,,,,False,6,2009,GE
1487408,Barhm Dev Jha,IND,16059,196,0.739176346356916,9,6,9,UK,Barhm Dev Jha,IND,,,,,False,6,2009,GE
1487409,Vijay Nath,IND,16059,178,0.671292804344546,10,6,9,UK,Vijay Nath,IND,,,,,False,6,2009,GE
1487410,Harish Walia,IND,16059,172,0.64866495700709,11,6,9,UK,Harish Walia,IND,,,,,False,6,2009,GE
1487411,Dr. Nagendra Dutt Jagoodi,IND,16059,114,0.429929099411675,12,6,9,UK,Dr. Nagendra Dutt Jagoodi,IND,,,,,False,6,2009,GE
1487412,Anjana Walia,RJSD,16067,91,0.343189017951425,13,6,9,UK,Anjana Walia,RJSD,,,,,False,6,2009,GE
1487413,Kedar Singh,IND,16059,69,0.260220244380751,14,6,9,UK,Kedar Singh,IND,,,,,False,6,2009,GE
1487414,Shailesh Kumar Verma,LJP,16070,64,0.24136370493287,15,6,9,UK,Shailesh Kumar Verma,LJP,,,,,False,6,2009,GE
1487415,Sunder Lal Thapliyal,VVS,16069,63,0.237592397043294,16,6,9,UK,Sunder Lal Thapliyal,VVS,,,,,False,6,2009,GE
1487416,Bano Rani,NLHP,16071,60,0.226278473374566,17,6,9,UK,Bano Rani,NLHP,,,,,False,6,2009,GE
1487417,Sudesh Sharma,AD,16068,59,0.22250716548499,18,6,9,UK,Sudesh Sharma,AD,,,,,False,6,2009,GE
1487470,Lt. Gen(Retd) Tejpal Singh Rawat,BJP,16057,13312,46.3784273420896,1,6,10,UK,Lt. Gen(Retd) Tejpal Singh Rawat,BJP,,,,,False,6,2009,GE
1487471,Satpal Maharaj,INC,16058,10062,35.0555691042748,2,6,10,UK,Satpal Maharaj,INC,,,,,False,6,2009,GE
1487472,Rajeev Agarwal,BSP,16062,1887,6.57422569069435,3,6,10,UK,Rajeev Agarwal,BSP,,,,,False,6,2009,GE
1487473,Lalita Prasad Bhatt,CPI,16084,630,2.19489251994565,4,6,10,UK,Lalita Prasad Bhatt,CPI,,,,,False,6,2009,GE
1487474,Om Parkash,IND,16059,528,1.8395289690973,5,6,10,UK,Om Parkash,IND,,,,,False,6,2009,GE
1487475,Shiv Singh,IND,16059,453,1.57823224053234,6,6,10,UK,Shiv Singh,IND,,,,,False,6,2009,GE
1487476,Anand Prakash,UKKD,16063,415,1.44584189805943,7,6,10,UK,Anand Prakash,UKKD,,,,,False,6,2009,GE
1487477,Mahadev,JKM,16089,404,1.4075183778699,8,6,10,UK,Mahadev,JKM,,,,,False,6,2009,GE
1487478,Indresh Maikhuri,CPI(ML)(L),16088,367,1.27861199177786,9,6,10,UK,Indresh Maikhuri,CPI(ML)(L),,,,,False,6,2009,GE
1487479,Abbdul Kadir,IND,16059,224,0.780406229314008,10,6,10,UK,Abbdul Kadir,IND,,,,,False,6,2009,GE
1487480,R. P. Dhyani,ABHM,16090,170,0.592272584747238,11,6,10,UK,R. P. Dhyani,ABHM,,,,,False,6,2009,GE
1487481,Rashid Khan,ANC,16091,131,0.45639828589346,12,6,10,UK,Rashid Khan,ANC,,,,,False,6,2009,GE
1487482,Ganesh Pant,LJP,16070,120,0.418074765703933,13,6,10,UK,Ganesh Pant,LJP,,,,,False,6,2009,GE
1487537,Lt. Gen(Retd) Tejpal Singh Rawat,BJP,16057,15983,49.5320441304078,1,6,11,UK,Lt. Gen(Retd) Tejpal Singh Rawat,BJP,,,,,False,6,2009,GE
1487538,Satpal Maharaj,INC,16058,12685,39.3113920912358,2,6,11,UK,Satpal Maharaj,INC,,,,,False,6,2009,GE
1487539,Rajeev Agarwal,BSP,16062,920,2.85112185446882,3,6,11,UK,Rajeev Agarwal,BSP,,,,,False,6,2009,GE
1487540,Lalita Prasad Bhatt,CPI,16084,508,1.57431511094582,4,6,11,UK,Lalita Prasad Bhatt,CPI,,,,,False,6,2009,GE
1487541,Om Parkash,IND,16059,422,1.30779719846287,5,6,11,UK,Om Parkash,IND,,,,,False,6,2009,GE
1487542,Anand Prakash,UKKD,16063,372,1.15284492376348,6,6,11,UK,Anand Prakash,UKKD,,,,,False,6,2009,GE
1487543,Shiv Singh,IND,16059,355,1.10016115036568,7,6,11,UK,Shiv Singh,IND,,,,,False,6,2009,GE
1487544,Indresh Maikhuri,CPI(ML)(L),16088,328,1.01648692202801,8,6,11,UK,Indresh Maikhuri,CPI(ML)(L),,,,,False,6,2009,GE
1487545,Ganesh Pant,LJP,16070,155,0.480352051568117,9,6,11,UK,Ganesh Pant,LJP,,,,,False,6,2009,GE
1487546,Abbdul Kadir,IND,16059,151,0.467955869592165,10,6,11,UK,Abbdul Kadir,IND,,,,,False,6,2009,GE
1487547,Mahadev,JKM,16089,148,0.458658733110202,11,6,11,UK,Mahadev,JKM,,,,,False,6,2009,GE
1487548,R. P. Dhyani,ABHM,16090,140,0.433866369158299,12,6,11,UK,R. P. Dhyani,ABHM,,,,,False,6,2009,GE
1487549,Rashid Khan,ANC,16091,101,0.313003594892773,13,6,11,UK,Rashid Khan,ANC,,,,,False,6,2009,GE
1487599,Vijay Bahuguna,INC,16058,10492,39.3755160249193,1,6,12,UK,Vijay Bahuguna,INC,,,,,False,6,2009,GE
1487600,Jaspal Rana,BJP,16057,9618,36.095473992344,2,6,12,UK,Jaspal Rana,BJP,,,,,False,6,2009,GE
1487601,Munna Singh Chauhan,BSP,16062,3006,11.2812429632965,3,6,12,UK,Munna Singh Chauhan,BSP,,,,,False,6,2009,GE
1487602,Bachi Ram,CPM,16060,621,2.3305561810403,4,6,12,UK,Bachi Ram,CPM,,,,,False,6,2009,GE
1487603,Shailesh,UKKD,16063,550,2.06409967724986,5,6,12,UK,Shailesh,UKKD,,,,,False,6,2009,GE
1487604,Shiv Narain,IND,16059,482,1.8089018989717,6,6,12,UK,Shiv Narain,IND,,,,,False,6,2009,GE
1487605,Sanjay,IND,16059,405,1.51992794415672,7,6,12,UK,Sanjay,IND,,,,,False,6,2009,GE
1487606,Barhm Dev Jha,IND,16059,249,0.934474217518576,8,6,12,UK,Barhm Dev Jha,IND,,,,,False,6,2009,GE
1487607,Ram Singh Rawat,IND,16059,218,0.818134053891766,9,6,12,UK,Ram Singh Rawat,IND,,,,,False,6,2009,GE
1487608,Harish Walia,IND,16059,206,0.773099151842678,10,6,12,UK,Harish Walia,IND,,,,,False,6,2009,GE
1487609,Vijay Nath,IND,16059,168,0.630488628687232,11,6,12,UK,Vijay Nath,IND,,,,,False,6,2009,GE
1487610,Dr. Nagendra Dutt Jagoodi,IND,16059,134,0.502889739548149,12,6,12,UK,Dr. Nagendra Dutt Jagoodi,IND,,,,,False,6,2009,GE
1487611,Anjana Walia,RJSD,16067,103,0.386549575921339,13,6,12,UK,Anjana Walia,RJSD,,,,,False,6,2009,GE
1487612,Sunder Lal Thapliyal,VVS,16069,88,0.330255948359978,14,6,12,UK,Sunder Lal Thapliyal,VVS,,,,,False,6,2009,GE
1487613,Kedar Singh,IND,16059,86,0.322750131351797,15,6,12,UK,Kedar Singh,IND,,,,,False,6,2009,GE
1487614,Bano Rani,NLHP,16071,75,0.2814681378068,16,6,12,UK,Bano Rani,NLHP,,,,,False,6,2009,GE
1487615,Sudesh Sharma,AD,16068,74,0.277715229302709,17,6,12,UK,Sudesh Sharma,AD,,,,,False,6,2009,GE
1487616,Shailesh Kumar Verma,LJP,16070,71,0.266456503790437,18,6,12,UK,Shailesh Kumar Verma,LJP,,,,,False,6,2009,GE
1487673,Jaspal Rana,BJP,16057,13094,45.9068120464186,1,6,13,UK,Jaspal Rana,BJP,,,,,False,6,2009,GE
1487674,Vijay Bahuguna,INC,16058,10930,38.319952319181,2,6,13,UK,Vijay Bahuguna,INC,,,,,False,6,2009,GE
1487675,Munna Singh Chauhan,BSP,16062,1883,6.60168986432002,3,6,13,UK,Munna Singh Chauhan,BSP,,,,,False,6,2009,GE
1487676,Bachi Ram,CPM,16060,430,1.50755530624408,4,6,13,UK,Bachi Ram,CPM,,,,,False,6,2009,GE
1487677,Shiv Narain,IND,16059,400,1.40237702906426,5,6,13,UK,Shiv Narain,IND,,,,,False,6,2009,GE
1487678,Sanjay,IND,16059,395,1.38484731620096,6,6,13,UK,Sanjay,IND,,,,,False,6,2009,GE
1487679,Shailesh,UKKD,16063,274,0.96062826490902,7,6,13,UK,Shailesh,UKKD,,,,,False,6,2009,GE
1487680,Vijay Nath,IND,16059,154,0.539915156189741,8,6,13,UK,Vijay Nath,IND,,,,,False,6,2009,GE
1487681,Harish Walia,IND,16059,154,0.539915156189741,8,6,13,UK,Harish Walia,IND,,,,,False,6,2009,GE
1487682,Ram Singh Rawat,IND,16059,141,0.494337902745153,10,6,13,UK,Ram Singh Rawat,IND,,,,,False,6,2009,GE
1487683,Barhm Dev Jha,IND,16059,139,0.487326017599831,11,6,13,UK,Barhm Dev Jha,IND,,,,,False,6,2009,GE
1487684,Sunder Lal Thapliyal,VVS,16069,118,0.413701223573957,12,6,13,UK,Sunder Lal Thapliyal,VVS,,,,,False,6,2009,GE
1487685,Kedar Singh,IND,16059,114,0.399677453283315,13,6,13,UK,Kedar Singh,IND,,,,,False,6,2009,GE
1487686,Dr. Nagendra Dutt Jagoodi,IND,16059,79,0.276969463240192,14,6,13,UK,Dr. Nagendra Dutt Jagoodi,IND,,,,,False,6,2009,GE
1487687,Anjana Walia,RJSD,16067,78,0.273463520667531,15,6,13,UK,Anjana Walia,RJSD,,,,,False,6,2009,GE
1487688,Bano Rani,NLHP,16071,51,0.178803071205693,16,6,13,UK,Bano Rani,NLHP,,,,,False,6,2009,GE
1487689,Shailesh Kumar Verma,LJP,16070,49,0.171791186060372,17,6,13,UK,Shailesh Kumar Verma,LJP,,,,,False,6,2009,GE
1487690,Sudesh Sharma,AD,16068,40,0.140237702906426,18,6,13,UK,Sudesh Sharma,AD,,,,,False,6,2009,GE
1487754,Jaspal Rana,BJP,16057,16245,48.4000715051841,1,6,14,UK,Jaspal Rana,BJP,,,,,False,6,2009,GE
1487755,Vijay Bahuguna,INC,16058,12909,38.460850911691,2,6,14,UK,Vijay Bahuguna,INC,,,,,False,6,2009,GE
1487756,Munna Singh Chauhan,BSP,16062,1494,4.4511977118341,3,6,14,UK,Munna Singh Chauhan,BSP,,,,,False,6,2009,GE
1487757,Sanjay,IND,16059,520,1.54927898939339,4,6,14,UK,Sanjay,IND,,,,,False,6,2009,GE
1487758,Shiv Narain,IND,16059,506,1.50756763198665,5,6,14,UK,Shiv Narain,IND,,,,,False,6,2009,GE
1487759,Bachi Ram,CPM,16060,437,1.30199022762483,6,6,14,UK,Bachi Ram,CPM,,,,,False,6,2009,GE
1487760,Shailesh,UKKD,16063,384,1.14408294601358,7,6,14,UK,Shailesh,UKKD,,,,,False,6,2009,GE
1487761,Barhm Dev Jha,IND,16059,197,0.586938386366344,8,6,14,UK,Barhm Dev Jha,IND,,,,,False,6,2009,GE
1487762,Harish Walia,IND,16059,192,0.572041473006792,9,6,14,UK,Harish Walia,IND,,,,,False,6,2009,GE
1487763,Ram Singh Rawat,IND,16059,136,0.405196043379811,10,6,14,UK,Ram Singh Rawat,IND,,,,,False,6,2009,GE
1487764,Vijay Nath,IND,16059,127,0.378381599332618,11,6,14,UK,Vijay Nath,IND,,,,,False,6,2009,GE
1487765,Dr. Nagendra Dutt Jagoodi,IND,16059,102,0.303897032534858,12,6,14,UK,Dr. Nagendra Dutt Jagoodi,IND,,,,,False,6,2009,GE
1487766,Anjana Walia,RJSD,16067,75,0.223453700393278,13,6,14,UK,Anjana Walia,RJSD,,,,,False,6,2009,GE
1487767,Sudesh Sharma,AD,16068,54,0.16088666428316,14,6,14,UK,Sudesh Sharma,AD,,,,,False,6,2009,GE
1487768,Bano Rani,NLHP,16071,51,0.151948516267429,15,6,14,UK,Bano Rani,NLHP,,,,,False,6,2009,GE
1487769,Sunder Lal Thapliyal,VVS,16069,49,0.145989750923608,16,6,14,UK,Sunder Lal Thapliyal,VVS,,,,,False,6,2009,GE
1487770,Kedar Singh,IND,16059,45,0.134072220235967,17,6,14,UK,Kedar Singh,IND,,,,,False,6,2009,GE
1487771,Shailesh Kumar Verma,LJP,16070,41,0.122154689548325,18,6,14,UK,Shailesh Kumar Verma,LJP,,,,,False,6,2009,GE
1487835,Vijay Bahuguna,INC,16058,20586,45.0854139290407,1,6,15,UK,Vijay Bahuguna,INC,,,,,False,6,2009,GE
1487836,Munna Singh Chauhan,BSP,16062,17704,38.7735435830048,2,6,15,UK,Munna Singh Chauhan,BSP,,,,,False,6,2009,GE
1487837,Jaspal Rana,BJP,16057,4702,10.2978537012702,3,6,15,UK,Jaspal Rana,BJP,,,,,False,6,2009,GE
1487838,Shailesh,UKKD,16063,497,1.08848007008322,4,6,15,UK,Shailesh,UKKD,,,,,False,6,2009,GE
1487839,Ram Singh Rawat,IND,16059,334,0.73149364870784,5,6,15,UK,Ram Singh Rawat,IND,,,,,False,6,2009,GE
1487840,Barhm Dev Jha,IND,16059,317,0.694261936049058,6,6,15,UK,Barhm Dev Jha,IND,,,,,False,6,2009,GE
1487841,Shiv Narain,IND,16059,302,0.661410424879544,7,6,15,UK,Shiv Narain,IND,,,,,False,6,2009,GE
1487842,Bachi Ram,CPM,16060,201,0.440210249671484,8,6,15,UK,Bachi Ram,CPM,,,,,False,6,2009,GE
1487843,Harish Walia,IND,16059,158,0.346035917652212,9,6,15,UK,Harish Walia,IND,,,,,False,6,2009,GE
1487844,Sanjay,IND,16059,148,0.324134910205869,10,6,15,UK,Sanjay,IND,,,,,False,6,2009,GE
1487845,Vijay Nath,IND,16059,128,0.280332895313184,11,6,15,UK,Vijay Nath,IND,,,,,False,6,2009,GE
1487846,Dr. Nagendra Dutt Jagoodi,IND,16059,117,0.256241787122207,12,6,15,UK,Dr. Nagendra Dutt Jagoodi,IND,,,,,False,6,2009,GE
1487847,Anjana Walia,RJSD,16067,109,0.238720981165133,13,6,15,UK,Anjana Walia,RJSD,,,,,False,6,2009,GE
1487848,Sudesh Sharma,AD,16068,91,0.199299167761717,14,6,15,UK,Sudesh Sharma,AD,,,,,False,6,2009,GE
1487849,Kedar Singh,IND,16059,76,0.166447656592203,15,6,15,UK,Kedar Singh,IND,,,,,False,6,2009,GE
1487850,Bano Rani,NLHP,16071,75,0.164257555847568,16,6,15,UK,Bano Rani,NLHP,,,,,False,6,2009,GE
1487851,Shailesh Kumar Verma,LJP,16070,63,0.137976346911957,17,6,15,UK,Shailesh Kumar Verma,LJP,,,,,False,6,2009,GE
1487852,Sunder Lal Thapliyal,VVS,16069,52,0.113885238720981,18,6,15,UK,Sunder Lal Thapliyal,VVS,,,,,False,6,2009,GE
1487910,Vijay Bahuguna,INC,16058,27065,52.0671014409111,1,6,16,UK,Vijay Bahuguna,INC,,,,,False,6,2009,GE
1487911,Jaspal Rana,BJP,16057,13088,25.1784305804043,2,6,16,UK,Jaspal Rana,BJP,,,,,False,6,2009,GE
1487912,Munna Singh Chauhan,BSP,16062,9294,17.8796098574479,3,6,16,UK,Munna Singh Chauhan,BSP,,,,,False,6,2009,GE
1487913,Shailesh,UKKD,16063,481,0.925338104307343,4,6,16,UK,Shailesh,UKKD,,,,,False,6,2009,GE
1487914,Shiv Narain,IND,16059,370,0.711798541774879,5,6,16,UK,Shiv Narain,IND,,,,,False,6,2009,GE
1487915,Bachi Ram,CPM,16060,225,0.432850464592831,6,6,16,UK,Bachi Ram,CPM,,,,,False,6,2009,GE
1487916,Barhm Dev Jha,IND,16059,218,0.419384005694388,7,6,16,UK,Barhm Dev Jha,IND,,,,,False,6,2009,GE
1487917,Sanjay,IND,16059,217,0.417460225851753,8,6,16,UK,Sanjay,IND,,,,,False,6,2009,GE
1487918,Ram Singh Rawat,IND,16059,185,0.355899270887439,9,6,16,UK,Ram Singh Rawat,IND,,,,,False,6,2009,GE
1487919,Harish Walia,IND,16059,163,0.313576114349473,10,6,16,UK,Harish Walia,IND,,,,,False,6,2009,GE
1487920,Vijay Nath,IND,16059,116,0.223158461745637,11,6,16,UK,Vijay Nath,IND,,,,,False,6,2009,GE
1487921,Kedar Singh,IND,16059,95,0.182759085050306,12,6,16,UK,Kedar Singh,IND,,,,,False,6,2009,GE
1487922,Dr. Nagendra Dutt Jagoodi,IND,16059,91,0.175063965679767,13,6,16,UK,Dr. Nagendra Dutt Jagoodi,IND,,,,,False,6,2009,GE
1487923,Anjana Walia,RJSD,16067,91,0.175063965679767,13,6,16,UK,Anjana Walia,RJSD,,,,,False,6,2009,GE
1487924,Bano Rani,NLHP,16071,79,0.151978607568149,15,6,16,UK,Bano Rani,NLHP,,,,,False,6,2009,GE
1487925,Sudesh Sharma,AD,16068,74,0.142359708354975,16,6,16,UK,Sudesh Sharma,AD,,,,,False,6,2009,GE
1487926,Sunder Lal Thapliyal,VVS,16069,68,0.130817029299167,17,6,16,UK,Sunder Lal Thapliyal,VVS,,,,,False,6,2009,GE
1487927,Shailesh Kumar Verma,LJP,16070,61,0.117350570400723,18,6,16,UK,Shailesh Kumar Verma,LJP,,,,,False,6,2009,GE
1488003,Vijay Bahuguna,INC,16058,30596,52.1128919623239,1,6,17,UK,Vijay Bahuguna,INC,,,,,False,6,2009,GE
1488004,Jaspal Rana,BJP,16057,16221,27.6285534226976,2,6,17,UK,Jaspal Rana,BJP,,,,,False,6,2009,GE
1488005,Munna Singh Chauhan,BSP,16062,8638,14.7127454821072,3,6,17,UK,Munna Singh Chauhan,BSP,,,,,False,6,2009,GE
1488006,Bachi Ram,CPM,16060,643,1.09519510824206,4,6,17,UK,Bachi Ram,CPM,,,,,False,6,2009,GE
1488007,Shiv Narain,IND,16059,474,0.807344449932721,5,6,17,UK,Shiv Narain,IND,,,,,False,6,2009,GE
1488008,Shailesh,UKKD,16063,432,0.735807599938682,6,6,17,UK,Shailesh,UKKD,,,,,False,6,2009,GE
1488009,Sanjay,IND,16059,307,0.522900308289758,7,6,17,UK,Sanjay,IND,,,,,False,6,2009,GE
1488011,Harish Walia,IND,16059,199,0.338948408305087,8,6,17,UK,Harish Walia,IND,,,,,False,6,2009,GE
1488010,Barhm Dev Jha,IND,16059,199,0.338948408305087,8,6,17,UK,Barhm Dev Jha,IND,,,,,False,6,2009,GE
1488012,Ram Singh Rawat,IND,16059,180,0.306586499974451,10,6,17,UK,Ram Singh Rawat,IND,,,,,False,6,2009,GE
1488013,Vijay Nath,IND,16059,137,0.233346391647221,11,6,17,UK,Vijay Nath,IND,,,,,False,6,2009,GE
1488014,Dr. Nagendra Dutt Jagoodi,IND,16059,127,0.216313808315307,12,6,17,UK,Dr. Nagendra Dutt Jagoodi,IND,,,,,False,6,2009,GE
1488015,Anjana Walia,RJSD,16067,119,0.202687741649776,13,6,17,UK,Anjana Walia,RJSD,,,,,False,6,2009,GE
1488016,Kedar Singh,IND,16059,100,0.170325833319139,14,6,17,UK,Kedar Singh,IND,,,,,False,6,2009,GE
1488017,Sudesh Sharma,AD,16068,96,0.163512799986373,15,6,17,UK,Sudesh Sharma,AD,,,,,False,6,2009,GE
1488019,Sunder Lal Thapliyal,VVS,16069,85,0.144776958321268,16,6,17,UK,Sunder Lal Thapliyal,VVS,,,,,False,6,2009,GE
1488018,Bano Rani,NLHP,16071,85,0.144776958321268,16,6,17,UK,Bano Rani,NLHP,,,,,False,6,2009,GE
1488020,Shailesh Kumar Verma,LJP,16070,73,0.124337858322971,18,6,17,UK,Shailesh Kumar Verma,LJP,,,,,False,6,2009,GE
1488104,Harish Rawat,INC,16058,28479,53.3264675592173,1,6,18,UK,Harish Rawat,INC,,,,,False,6,2009,GE
1488105,Swami Yatindranand Giri,BJP,16057,18064,33.8245482632712,2,6,18,UK,Swami Yatindranand Giri,BJP,,,,,False,6,2009,GE
1488106,Shahzad,BSP,16062,4170,7.80825765377773,3,6,18,UK,Shahzad,BSP,,,,,False,6,2009,GE
1488107,Ambrish Kumar,SP,16079,1060,1.9848328808164,4,6,18,UK,Ambrish Kumar,SP,,,,,False,6,2009,GE
1488108,Rajkumar Saini,UKKD,16063,233,0.436288737009643,5,6,18,UK,Rajkumar Saini,UKKD,,,,,False,6,2009,GE
1488109,Asif Khan,AD,16068,224,0.419436382361202,6,6,18,UK,Asif Khan,AD,,,,,False,6,2009,GE
1488110,Sanjay,IND,16059,212,0.39696657616328,7,6,18,UK,Sanjay,IND,,,,,False,6,2009,GE
1488111,Randhir Bharat,IND,16059,170,0.318322254470555,8,6,18,UK,Randhir Bharat,IND,,,,,False,6,2009,GE
1488112,Shahida Begam,IND,16059,110,0.205973223480947,9,6,18,UK,Shahida Begam,IND,,,,,False,6,2009,GE
1488113,Ramsharan Bhatt,IND,16059,107,0.200355771931467,10,6,18,UK,Ramsharan Bhatt,IND,,,,,False,6,2009,GE
1488114,Mohd. Mursaleen Qureshi,IND,16059,89,0.166651062634584,11,6,18,UK,Mohd. Mursaleen Qureshi,IND,,,,,False,6,2009,GE
1488115,Rajeev Gupta,RJSD,16067,69,0.129201385638048,12,6,18,UK,Rajeev Gupta,RJSD,,,,,False,6,2009,GE
1488116,V.K.Kampani,IND,16059,68,0.127328901788222,13,6,18,UK,V.K.Kampani,IND,,,,,False,6,2009,GE
1488117,Sumer Chand,IND,16059,62,0.116093998689261,14,6,18,UK,Sumer Chand,IND,,,,,False,6,2009,GE
1488118,Kulveer Singh,IND,16059,57,0.106731579440127,15,6,18,UK,Kulveer Singh,IND,,,,,False,6,2009,GE
1488119,Natthu Ram,IND,16059,47,0.0880067409418593,16,6,18,UK,Natthu Ram,IND,,,,,False,6,2009,GE
1488120,Pt. Shivam Maharaj,IND,16059,45,0.0842617732422057,17,6,18,UK,Pt. Shivam Maharaj,IND,,,,,False,6,2009,GE
1488121,Subhash,MKD,16105,42,0.0786443216927254,18,6,18,UK,Subhash,MKD,,,,,False,6,2009,GE
1488122,Abbas,IND,16059,38,0.0711543862934182,19,6,18,UK,Abbas,IND,,,,,False,6,2009,GE
1488123,Ajay Kathuria,IND,16059,34,0.063664450894111,20,6,18,UK,Ajay Kathuria,IND,,,,,False,6,2009,GE
1488124,Riasat Ali,RPI(A),16115,25,0.0468120962456698,21,6,18,UK,Riasat Ali,RPI(A),,,,,False,6,2009,GE
1488224,Vijay Bahuguna,INC,16058,27300,48.4910922041244,1,6,19,UK,Vijay Bahuguna,INC,,,,,False,6,2009,GE
1488225,Jaspal Rana,BJP,16057,23116,41.0593438604593,2,6,19,UK,Jaspal Rana,BJP,,,,,False,6,2009,GE
1488226,Munna Singh Chauhan,BSP,16062,3735,6.63422085649833,3,6,19,UK,Munna Singh Chauhan,BSP,,,,,False,6,2009,GE
1488227,Bachi Ram,CPM,16060,536,0.952059539245812,4,6,19,UK,Bachi Ram,CPM,,,,,False,6,2009,GE
1488228,Shailesh,UKKD,16063,449,0.797527487166734,5,6,19,UK,Shailesh,UKKD,,,,,False,6,2009,GE
1488229,Shiv Narain,IND,16059,231,0.410309241727206,6,6,19,UK,Shiv Narain,IND,,,,,False,6,2009,GE
1488230,Sanjay,IND,16059,209,0.37123217108652,7,6,19,UK,Sanjay,IND,,,,,False,6,2009,GE
1488231,Vijay Nath,IND,16059,135,0.23979111529512,8,6,19,UK,Vijay Nath,IND,,,,,False,6,2009,GE
1488232,Harish Walia,IND,16059,90,0.15986074353008,9,6,19,UK,Harish Walia,IND,,,,,False,6,2009,GE
1488233,Ram Singh Rawat,IND,16059,76,0.134993516758734,10,6,19,UK,Ram Singh Rawat,IND,,,,,False,6,2009,GE
1488234,Barhm Dev Jha,IND,16059,75,0.133217286275067,11,6,19,UK,Barhm Dev Jha,IND,,,,,False,6,2009,GE
1488235,Anjana Walia,RJSD,16067,69,0.122559903373061,12,6,19,UK,Anjana Walia,RJSD,,,,,False,6,2009,GE
1488236,Kedar Singh,IND,16059,56,0.0994689070853833,13,6,19,UK,Kedar Singh,IND,,,,,False,6,2009,GE
1488237,Shailesh Kumar Verma,LJP,16070,54,0.0959164461180482,14,6,19,UK,Shailesh Kumar Verma,LJP,,,,,False,6,2009,GE
1488238,Dr. Nagendra Dutt Jagoodi,IND,16059,46,0.0817066022487077,15,6,19,UK,Dr. Nagendra Dutt Jagoodi,IND,,,,,False,6,2009,GE
1488239,Sunder Lal Thapliyal,VVS,16069,45,0.0799303717650402,16,6,19,UK,Sunder Lal Thapliyal,VVS,,,,,False,6,2009,GE
1488240,Sudesh Sharma,AD,16068,41,0.0728254498303699,17,6,19,UK,Sudesh Sharma,AD,,,,,False,6,2009,GE
1488241,Bano Rani,NLHP,16071,36,0.0639442974120321,18,6,19,UK,Bano Rani,NLHP,,,,,False,6,2009,GE
1488333,Vijay Bahuguna,INC,16058,27543,53.9381952060159,1,6,20,UK,Vijay Bahuguna,INC,,,,,False,6,2009,GE
1488334,Jaspal Rana,BJP,16057,19240,37.6782077393075,2,6,20,UK,Jaspal Rana,BJP,,,,,False,6,2009,GE
1488335,Munna Singh Chauhan,BSP,16062,2886,5.65173116089613,3,6,20,UK,Munna Singh Chauhan,BSP,,,,,False,6,2009,GE
1488336,Shailesh,UKKD,16063,402,0.78724737584208,4,6,20,UK,Shailesh,UKKD,,,,,False,6,2009,GE
1488337,Sanjay,IND,16059,181,0.354457151809493,5,6,20,UK,Sanjay,IND,,,,,False,6,2009,GE
1488338,Bachi Ram,CPM,16060,167,0.327040576531411,6,6,20,UK,Bachi Ram,CPM,,,,,False,6,2009,GE
1488339,Shiv Narain,IND,16059,143,0.280040733197556,7,6,20,UK,Shiv Narain,IND,,,,,False,6,2009,GE
1488340,Harish Walia,IND,16059,69,0.135124549584834,8,6,20,UK,Harish Walia,IND,,,,,False,6,2009,GE
1488341,Barhm Dev Jha,IND,16059,67,0.13120789597368,9,6,20,UK,Barhm Dev Jha,IND,,,,,False,6,2009,GE
1488342,Ram Singh Rawat,IND,16059,54,0.105749647501174,10,6,20,UK,Ram Singh Rawat,IND,,,,,False,6,2009,GE
1488343,Kedar Singh,IND,16059,51,0.099874667084443,11,6,20,UK,Kedar Singh,IND,,,,,False,6,2009,GE
1488344,Sudesh Sharma,AD,16068,50,0.0979163402788657,12,6,20,UK,Sudesh Sharma,AD,,,,,False,6,2009,GE
1488345,Dr. Nagendra Dutt Jagoodi,IND,16059,43,0.0842080526398245,13,6,20,UK,Dr. Nagendra Dutt Jagoodi,IND,,,,,False,6,2009,GE
1488346,Anjana Walia,RJSD,16067,43,0.0842080526398245,13,6,20,UK,Anjana Walia,RJSD,,,,,False,6,2009,GE
1488347,Shailesh Kumar Verma,LJP,16070,36,0.0704997650007833,15,6,20,UK,Shailesh Kumar Verma,LJP,,,,,False,6,2009,GE
1488348,Bano Rani,NLHP,16071,33,0.0646247845840513,16,6,20,UK,Bano Rani,NLHP,,,,,False,6,2009,GE
1488349,Vijay Nath,IND,16059,30,0.0587498041673194,17,6,20,UK,Vijay Nath,IND,,,,,False,6,2009,GE
1488350,Sunder Lal Thapliyal,VVS,16069,26,0.0509164969450101,18,6,20,UK,Sunder Lal Thapliyal,VVS,,,,,False,6,2009,GE
1488412,Vijay Bahuguna,INC,16058,25191,50.4930847865303,1,6,21,UK,Vijay Bahuguna,INC,,,,,False,6,2009,GE
1488413,Jaspal Rana,BJP,16057,20596,41.2828222088594,2,6,21,UK,Jaspal Rana,BJP,,,,,False,6,2009,GE
1488414,Munna Singh Chauhan,BSP,16062,2337,4.68430547203848,3,6,21,UK,Munna Singh Chauhan,BSP,,,,,False,6,2009,GE
1488415,Sanjay,IND,16059,397,0.795750651433152,4,6,21,UK,Sanjay,IND,,,,,False,6,2009,GE
1488416,Bachi Ram,CPM,16060,381,0.763680096211665,5,6,21,UK,Bachi Ram,CPM,,,,,False,6,2009,GE
1488417,Shailesh,UKKD,16063,261,0.523150932050511,6,6,21,UK,Shailesh,UKKD,,,,,False,6,2009,GE
1488418,Shiv Narain,IND,16059,155,0.310683503708157,7,6,21,UK,Shiv Narain,IND,,,,,False,6,2009,GE
1488420,Barhm Dev Jha,IND,16059,81,0.162357185808779,8,6,21,UK,Barhm Dev Jha,IND,,,,,False,6,2009,GE
1488419,Harish Walia,IND,16059,81,0.162357185808779,8,6,21,UK,Harish Walia,IND,,,,,False,6,2009,GE
1488421,Ram Singh Rawat,IND,16059,70,0.140308679094006,10,6,21,UK,Ram Singh Rawat,IND,,,,,False,6,2009,GE
1488422,Anjana Walia,RJSD,16067,62,0.124273401483263,11,6,21,UK,Anjana Walia,RJSD,,,,,False,6,2009,GE
1488423,Vijay Nath,IND,16059,58,0.116255762677891,12,6,21,UK,Vijay Nath,IND,,,,,False,6,2009,GE
1488424,Kedar Singh,IND,16059,53,0.106233714171176,13,6,21,UK,Kedar Singh,IND,,,,,False,6,2009,GE
1488425,Bano Rani,NLHP,16071,44,0.0881940268590899,14,6,21,UK,Bano Rani,NLHP,,,,,False,6,2009,GE
1488426,Dr. Nagendra Dutt Jagoodi,IND,16059,40,0.0801763880537181,15,6,21,UK,Dr. Nagendra Dutt Jagoodi,IND,,,,,False,6,2009,GE
1488427,Shailesh Kumar Verma,LJP,16070,35,0.0701543395470034,16,6,21,UK,Shailesh Kumar Verma,LJP,,,,,False,6,2009,GE
1488428,Sunder Lal Thapliyal,VVS,16069,25,0.0501102425335738,17,6,21,UK,Sunder Lal Thapliyal,VVS,,,,,False,6,2009,GE
1488429,Sudesh Sharma,AD,16068,23,0.0461014231308879,18,6,21,UK,Sudesh Sharma,AD,,,,,False,6,2009,GE
1488503,Vijay Bahuguna,INC,16058,26609,53.3374759461193,1,6,22,UK,Vijay Bahuguna,INC,,,,,False,6,2009,GE
1488504,Jaspal Rana,BJP,16057,18911,37.906911481719,2,6,22,UK,Jaspal Rana,BJP,,,,,False,6,2009,GE
1488505,Munna Singh Chauhan,BSP,16062,2664,5.33996151379089,3,6,22,UK,Munna Singh Chauhan,BSP,,,,,False,6,2009,GE
1488506,Shailesh,UKKD,16063,355,0.711593970493906,4,6,22,UK,Shailesh,UKKD,,,,,False,6,2009,GE
1488507,Bachi Ram,CPM,16060,251,0.503127004490057,5,6,22,UK,Bachi Ram,CPM,,,,,False,6,2009,GE
1488508,Sanjay,IND,16059,246,0.493104554201411,6,6,22,UK,Sanjay,IND,,,,,False,6,2009,GE
1488509,Shiv Narain,IND,16059,202,0.404906991661321,7,6,22,UK,Shiv Narain,IND,,,,,False,6,2009,GE
1488510,Harish Walia,IND,16059,87,0.17439063502245,8,6,22,UK,Harish Walia,IND,,,,,False,6,2009,GE
1488511,Barhm Dev Jha,IND,16059,83,0.166372674791533,9,6,22,UK,Barhm Dev Jha,IND,,,,,False,6,2009,GE
1488512,Ram Singh Rawat,IND,16059,79,0.158354714560615,10,6,22,UK,Ram Singh Rawat,IND,,,,,False,6,2009,GE
1488513,Vijay Nath,IND,16059,73,0.146327774214239,11,6,22,UK,Vijay Nath,IND,,,,,False,6,2009,GE
1488514,Anjana Walia,RJSD,16067,65,0.130291853752405,12,6,22,UK,Anjana Walia,RJSD,,,,,False,6,2009,GE
1488515,Kedar Singh,IND,16059,56,0.112251443232841,13,6,22,UK,Kedar Singh,IND,,,,,False,6,2009,GE
1488516,Sudesh Sharma,AD,16068,52,0.104233483001924,14,6,22,UK,Sudesh Sharma,AD,,,,,False,6,2009,GE
1488517,Shailesh Kumar Verma,LJP,16070,45,0.0902020525978191,15,6,22,UK,Shailesh Kumar Verma,LJP,,,,,False,6,2009,GE
1488518,Bano Rani,NLHP,16071,41,0.0821840923669018,16,6,22,UK,Bano Rani,NLHP,,,,,False,6,2009,GE
1488519,Dr. Nagendra Dutt Jagoodi,IND,16059,39,0.0781751122514432,17,6,22,UK,Dr. Nagendra Dutt Jagoodi,IND,,,,,False,6,2009,GE
1488520,Sunder Lal Thapliyal,VVS,16069,30,0.0601347017318794,18,6,22,UK,Sunder Lal Thapliyal,VVS,,,,,False,6,2009,GE
1488590,Harish Rawat,INC,16058,24505,47.4958328487808,1,6,23,UK,Harish Rawat,INC,,,,,False,6,2009,GE
1488591,Swami Yatindranand Giri,BJP,16057,18726,36.2949180137225,2,6,23,UK,Swami Yatindranand Giri,BJP,,,,,False,6,2009,GE
1488592,Shahzad,BSP,16062,5258,10.1911074931193,3,6,23,UK,Shahzad,BSP,,,,,False,6,2009,GE
1488593,Ambrish Kumar,SP,16079,865,1.67655153700042,4,6,23,UK,Ambrish Kumar,SP,,,,,False,6,2009,GE
1488594,Rajkumar Saini,UKKD,16063,330,0.639609256890336,5,6,23,UK,Rajkumar Saini,UKKD,,,,,False,6,2009,GE
1488595,Randhir Bharat,IND,16059,303,0.58727759041749,6,6,23,UK,Randhir Bharat,IND,,,,,False,6,2009,GE
1488596,Asif Khan,AD,16068,243,0.470984998255611,7,6,23,UK,Asif Khan,AD,,,,,False,6,2009,GE
1488597,Sanjay,IND,16059,228,0.441911850215141,8,6,23,UK,Sanjay,IND,,,,,False,6,2009,GE
1488598,Mohd. Mursaleen Qureshi,IND,16059,168,0.325619258053262,9,6,23,UK,Mohd. Mursaleen Qureshi,IND,,,,,False,6,2009,GE
1488599,Shahida Begam,IND,16059,166,0.321742838314532,10,6,23,UK,Shahida Begam,IND,,,,,False,6,2009,GE
1488600,Ramsharan Bhatt,IND,16059,106,0.205450246152653,11,6,23,UK,Ramsharan Bhatt,IND,,,,,False,6,2009,GE
1488601,Sumer Chand,IND,16059,105,0.203512036283288,12,6,23,UK,Sumer Chand,IND,,,,,False,6,2009,GE
1488602,V.K.Kampani,IND,16059,93,0.180253517850912,13,6,23,UK,V.K.Kampani,IND,,,,,False,6,2009,GE
1488603,Natthu Ram,IND,16059,88,0.170562468504089,14,6,23,UK,Natthu Ram,IND,,,,,False,6,2009,GE
1488604,Kulveer Singh,IND,16059,87,0.168624258634724,15,6,23,UK,Kulveer Singh,IND,,,,,False,6,2009,GE
1488605,Rajeev Gupta,RJSD,16067,75,0.145365740202349,16,6,23,UK,Rajeev Gupta,RJSD,,,,,False,6,2009,GE
1488606,Pt. Shivam Maharaj,IND,16059,55,0.106601542815056,17,6,23,UK,Pt. Shivam Maharaj,IND,,,,,False,6,2009,GE
1488607,Abbas,IND,16059,53,0.102725123076326,18,6,23,UK,Abbas,IND,,,,,False,6,2009,GE
1488608,Ajay Kathuria,IND,16059,52,0.100786913206962,19,6,23,UK,Ajay Kathuria,IND,,,,,False,6,2009,GE
1488610,Subhash,MKD,16105,44,0.0852812342520448,20,6,23,UK,Subhash,MKD,,,,,False,6,2009,GE
1488609,Riasat Ali,RPI(A),16115,44,0.0852812342520448,20,6,23,UK,Riasat Ali,RPI(A),,,,,False,6,2009,GE
1488697,Harish Rawat,INC,16058,25294,45.1356174161313,1,6,24,UK,Harish Rawat,INC,,,,,False,6,2009,GE
1488698,Swami Yatindranand Giri,BJP,16057,22374,39.9250535331905,2,6,24,UK,Swami Yatindranand Giri,BJP,,,,,False,6,2009,GE
1488699,Shahzad,BSP,16062,4767,8.50642398286937,3,6,24,UK,Shahzad,BSP,,,,,False,6,2009,GE
1488700,Ambrish Kumar,SP,16079,864,1.54175588865096,4,6,24,UK,Ambrish Kumar,SP,,,,,False,6,2009,GE
1488701,Rajkumar Saini,UKKD,16063,438,0.781584582441113,5,6,24,UK,Rajkumar Saini,UKKD,,,,,False,6,2009,GE
1488702,Randhir Bharat,IND,16059,321,0.572805139186295,6,6,24,UK,Randhir Bharat,IND,,,,,False,6,2009,GE
1488703,Asif Khan,AD,16068,254,0.453247680228408,7,6,24,UK,Asif Khan,AD,,,,,False,6,2009,GE
1488704,Sanjay,IND,16059,232,0.413990007137758,8,6,24,UK,Sanjay,IND,,,,,False,6,2009,GE
1488705,Mohd. Mursaleen Qureshi,IND,16059,231,0.41220556745182,9,6,24,UK,Mohd. Mursaleen Qureshi,IND,,,,,False,6,2009,GE
1488706,Shahida Begam,IND,16059,186,0.331905781584582,10,6,24,UK,Shahida Begam,IND,,,,,False,6,2009,GE
1488707,Ramsharan Bhatt,IND,16059,150,0.267665952890792,11,6,24,UK,Ramsharan Bhatt,IND,,,,,False,6,2009,GE
1488708,Natthu Ram,IND,16059,130,0.231977159172019,12,6,24,UK,Natthu Ram,IND,,,,,False,6,2009,GE
1488709,Ajay Kathuria,IND,16059,122,0.217701641684511,13,6,24,UK,Ajay Kathuria,IND,,,,,False,6,2009,GE
1488710,Kulveer Singh,IND,16059,111,0.198072805139186,14,6,24,UK,Kulveer Singh,IND,,,,,False,6,2009,GE
1488711,V.K.Kampani,IND,16059,105,0.187366167023554,15,6,24,UK,V.K.Kampani,IND,,,,,False,6,2009,GE
1488712,Sumer Chand,IND,16059,102,0.182012847965738,16,6,24,UK,Sumer Chand,IND,,,,,False,6,2009,GE
1488713,Rajeev Gupta,RJSD,16067,96,0.171306209850107,17,6,24,UK,Rajeev Gupta,RJSD,,,,,False,6,2009,GE
1488714,Abbas,IND,16059,84,0.149892933618843,18,6,24,UK,Abbas,IND,,,,,False,6,2009,GE
1488715,Pt. Shivam Maharaj,IND,16059,64,0.114204139900071,19,6,24,UK,Pt. Shivam Maharaj,IND,,,,,False,6,2009,GE
1488716,Subhash,MKD,16105,60,0.107066381156316,20,6,24,UK,Subhash,MKD,,,,,False,6,2009,GE
1488717,Riasat Ali,RPI(A),16115,55,0.0981441827266238,21,6,24,UK,Riasat Ali,RPI(A),,,,,False,6,2009,GE
1488803,Harish Rawat,INC,16058,20847,38.118486012068,1,6,25,UK,Harish Rawat,INC,,,,,False,6,2009,GE
1488804,Swami Yatindranand Giri,BJP,16057,17407,31.8284878405558,2,6,25,UK,Swami Yatindranand Giri,BJP,,,,,False,6,2009,GE
1488805,Ambrish Kumar,SP,16079,9672,17.6851343938562,3,6,25,UK,Ambrish Kumar,SP,,,,,False,6,2009,GE
1488806,Shahzad,BSP,16062,5188,9.4861949168038,4,6,25,UK,Shahzad,BSP,,,,,False,6,2009,GE
1488807,Randhir Bharat,IND,16059,357,0.652770159078442,5,6,25,UK,Randhir Bharat,IND,,,,,False,6,2009,GE
1488808,Asif Khan,AD,16068,214,0.391296397878954,6,6,25,UK,Asif Khan,AD,,,,,False,6,2009,GE
1488809,Rajkumar Saini,UKKD,16063,187,0.341927226183945,7,6,25,UK,Rajkumar Saini,UKKD,,,,,False,6,2009,GE
1488810,Ramsharan Bhatt,IND,16059,118,0.215761565185591,8,6,25,UK,Ramsharan Bhatt,IND,,,,,False,6,2009,GE
1488811,Sanjay,IND,16059,109,0.199305174620588,9,6,25,UK,Sanjay,IND,,,,,False,6,2009,GE
1488812,Mohd. Mursaleen Qureshi,IND,16059,91,0.166392393490583,10,6,25,UK,Mohd. Mursaleen Qureshi,IND,,,,,False,6,2009,GE
1488813,Shahida Begam,IND,16059,87,0.159078442128359,11,6,25,UK,Shahida Begam,IND,,,,,False,6,2009,GE
1488814,Sumer Chand,IND,16059,69,0.126165660998354,12,6,25,UK,Sumer Chand,IND,,,,,False,6,2009,GE
1488815,Rajeev Gupta,RJSD,16067,53,0.0969098555494605,13,6,25,UK,Rajeev Gupta,RJSD,,,,,False,6,2009,GE
1488816,V.K.Kampani,IND,16059,44,0.0804534649844578,14,6,25,UK,V.K.Kampani,IND,,,,,False,6,2009,GE
1488817,Natthu Ram,IND,16059,43,0.0786249771439019,15,6,25,UK,Natthu Ram,IND,,,,,False,6,2009,GE
1488818,Ajay Kathuria,IND,16059,42,0.0767964893033461,16,6,25,UK,Ajay Kathuria,IND,,,,,False,6,2009,GE
1488819,Subhash,MKD,16105,36,0.0658255622600109,17,6,25,UK,Subhash,MKD,,,,,False,6,2009,GE
1488820,Pt. Shivam Maharaj,IND,16059,36,0.0658255622600109,17,6,25,UK,Pt. Shivam Maharaj,IND,,,,,False,6,2009,GE
1488821,Kulveer Singh,IND,16059,34,0.0621685865788992,19,6,25,UK,Kulveer Singh,IND,,,,,False,6,2009,GE
1488822,Abbas,IND,16059,32,0.0585116108977875,20,6,25,UK,Abbas,IND,,,,,False,6,2009,GE
1488823,Riasat Ali,RPI(A),16115,24,0.0438837081733406,21,6,25,UK,Riasat Ali,RPI(A),,,,,False,6,2009,GE
1488902,Harish Rawat,INC,16058,22925,38.8289493741637,1,6,26,UK,Harish Rawat,INC,,,,,False,6,2009,GE
1488903,Swami Yatindranand Giri,BJP,16057,16774,28.410765400315,2,6,26,UK,Swami Yatindranand Giri,BJP,,,,,False,6,2009,GE
1488904,Shahzad,BSP,16062,12576,21.3004522281126,3,6,26,UK,Shahzad,BSP,,,,,False,6,2009,GE
1488905,Ambrish Kumar,SP,16079,4720,7.99444453854101,4,6,26,UK,Ambrish Kumar,SP,,,,,False,6,2009,GE
1488906,Rajkumar Saini,UKKD,16063,320,0.541996239901085,5,6,26,UK,Rajkumar Saini,UKKD,,,,,False,6,2009,GE
1488907,Randhir Bharat,IND,16059,274,0.464084280415304,6,6,26,UK,Randhir Bharat,IND,,,,,False,6,2009,GE
1488908,Abbas,IND,16059,191,0.32350400569096,7,6,26,UK,Abbas,IND,,,,,False,6,2009,GE
1488909,Sanjay,IND,16059,176,0.298097931945597,8,6,26,UK,Sanjay,IND,,,,,False,6,2009,GE
1488910,Asif Khan,AD,16068,171,0.289629240697142,9,6,26,UK,Asif Khan,AD,,,,,False,6,2009,GE
1488911,Ramsharan Bhatt,IND,16059,129,0.218492234210125,10,6,26,UK,Ramsharan Bhatt,IND,,,,,False,6,2009,GE
1488912,Sumer Chand,IND,16059,122,0.206636066462288,11,6,26,UK,Sumer Chand,IND,,,,,False,6,2009,GE
1488913,Mohd. Mursaleen Qureshi,IND,16059,117,0.198167375213834,12,6,26,UK,Mohd. Mursaleen Qureshi,IND,,,,,False,6,2009,GE
1488914,Shahida Begam,IND,16059,105,0.177842516217543,13,6,26,UK,Shahida Begam,IND,,,,,False,6,2009,GE
1488915,Kulveer Singh,IND,16059,90,0.15243644247218,14,6,26,UK,Kulveer Singh,IND,,,,,False,6,2009,GE
1488916,V.K.Kampani,IND,16059,74,0.125336630477126,15,6,26,UK,V.K.Kampani,IND,,,,,False,6,2009,GE
1488917,Natthu Ram,IND,16059,62,0.105011771480835,16,6,26,UK,Natthu Ram,IND,,,,,False,6,2009,GE
1488918,Rajeev Gupta,RJSD,16067,58,0.0982368184820717,17,6,26,UK,Rajeev Gupta,RJSD,,,,,False,6,2009,GE
1488919,Pt. Shivam Maharaj,IND,16059,47,0.0796056977354719,18,6,26,UK,Pt. Shivam Maharaj,IND,,,,,False,6,2009,GE
1488920,Subhash,MKD,16105,44,0.0745244829863992,19,6,26,UK,Subhash,MKD,,,,,False,6,2009,GE
1488921,Ajay Kathuria,IND,16059,36,0.0609745769888721,20,6,26,UK,Ajay Kathuria,IND,,,,,False,6,2009,GE
1488922,Riasat Ali,RPI(A),16115,30,0.0508121474907267,21,6,26,UK,Riasat Ali,RPI(A),,,,,False,6,2009,GE
1489016,Harish Rawat,INC,16058,21100,35.4729161763222,1,6,27,UK,Harish Rawat,INC,,,,,False,6,2009,GE
1489017,Shahzad,BSP,16062,18251,30.683231902088,2,6,27,UK,Shahzad,BSP,,,,,False,6,2009,GE
1489018,Swami Yatindranand Giri,BJP,16057,13814,23.2238324198917,3,6,27,UK,Swami Yatindranand Giri,BJP,,,,,False,6,2009,GE
1489019,Ambrish Kumar,SP,16079,3197,5.37473521401432,4,6,27,UK,Ambrish Kumar,SP,,,,,False,6,2009,GE
1489020,Rajkumar Saini,UKKD,16063,659,1.10789818768703,5,6,27,UK,Rajkumar Saini,UKKD,,,,,False,6,2009,GE
1489021,Sanjay,IND,16059,312,0.524528428768366,6,6,27,UK,Sanjay,IND,,,,,False,6,2009,GE
1489022,Randhir Bharat,IND,16059,307,0.516122524461181,7,6,27,UK,Randhir Bharat,IND,,,,,False,6,2009,GE
1489023,Sumer Chand,IND,16059,261,0.438788204835076,8,6,27,UK,Sumer Chand,IND,,,,,False,6,2009,GE
1489024,Asif Khan,AD,16068,237,0.398439864160586,9,6,27,UK,Asif Khan,AD,,,,,False,6,2009,GE
1489025,Mohd. Mursaleen Qureshi,IND,16059,181,0.30429373592011,10,6,27,UK,Mohd. Mursaleen Qureshi,IND,,,,,False,6,2009,GE
1489026,Shahida Begam,IND,16059,166,0.279076022998554,11,6,27,UK,Shahida Begam,IND,,,,,False,6,2009,GE
1489027,Ramsharan Bhatt,IND,16059,163,0.274032480414242,12,6,27,UK,Ramsharan Bhatt,IND,,,,,False,6,2009,GE
1489028,Kulveer Singh,IND,16059,145,0.243771224908375,13,6,27,UK,Kulveer Singh,IND,,,,,False,6,2009,GE
1489029,Abbas,IND,16059,134,0.225278235432567,14,6,27,UK,Abbas,IND,,,,,False,6,2009,GE
1489030,V.K.Kampani,IND,16059,113,0.189973437342389,15,6,27,UK,V.K.Kampani,IND,,,,,False,6,2009,GE
1489031,Natthu Ram,IND,16059,104,0.174842809589455,16,6,27,UK,Natthu Ram,IND,,,,,False,6,2009,GE
1489032,Pt. Shivam Maharaj,IND,16059,100,0.168118086143707,17,6,27,UK,Pt. Shivam Maharaj,IND,,,,,False,6,2009,GE
1489033,Rajeev Gupta,RJSD,16067,86,0.144581554083588,18,6,27,UK,Rajeev Gupta,RJSD,,,,,False,6,2009,GE
1489034,Riasat Ali,RPI(A),16115,55,0.092464947379039,19,6,27,UK,Riasat Ali,RPI(A),,,,,False,6,2009,GE
1489035,Ajay Kathuria,IND,16059,50,0.0840590430718536,20,6,27,UK,Ajay Kathuria,IND,,,,,False,6,2009,GE
1489036,Subhash,MKD,16105,47,0.0790155004875424,21,6,27,UK,Subhash,MKD,,,,,False,6,2009,GE
1489107,Harish Rawat,INC,16058,23122,36.873076371059,1,6,28,UK,Harish Rawat,INC,,,,,False,6,2009,GE
1489108,Shahzad,BSP,16062,22500,35.8811615928046,2,6,28,UK,Shahzad,BSP,,,,,False,6,2009,GE
1489109,Swami Yatindranand Giri,BJP,16057,11682,18.6294990989841,3,6,28,UK,Swami Yatindranand Giri,BJP,,,,,False,6,2009,GE
1489110,Ambrish Kumar,SP,16079,2482,3.9580908032596,4,6,28,UK,Ambrish Kumar,SP,,,,,False,6,2009,GE
1489111,Rajkumar Saini,UKKD,16063,595,0.948857384343055,5,6,28,UK,Rajkumar Saini,UKKD,,,,,False,6,2009,GE
1489112,Kulveer Singh,IND,16059,299,0.476820769611048,6,6,28,UK,Kulveer Singh,IND,,,,,False,6,2009,GE
1489113,Randhir Bharat,IND,16059,297,0.473631333025021,7,6,28,UK,Randhir Bharat,IND,,,,,False,6,2009,GE
1489114,Sanjay,IND,16059,285,0.454494713508858,8,6,28,UK,Sanjay,IND,,,,,False,6,2009,GE
1489115,Sumer Chand,IND,16059,236,0.376353517151195,9,6,28,UK,Sumer Chand,IND,,,,,False,6,2009,GE
1489116,Asif Khan,AD,16068,223,0.355622179342019,10,6,28,UK,Asif Khan,AD,,,,,False,6,2009,GE
1489117,Ramsharan Bhatt,IND,16059,136,0.216881687849841,11,6,28,UK,Ramsharan Bhatt,IND,,,,,False,6,2009,GE
1489118,Mohd. Mursaleen Qureshi,IND,16059,125,0.199339786626692,12,6,28,UK,Mohd. Mursaleen Qureshi,IND,,,,,False,6,2009,GE
1489119,Shahida Begam,IND,16059,115,0.183392603696557,13,6,28,UK,Shahida Begam,IND,,,,,False,6,2009,GE
1489120,Subhash,MKD,16105,110,0.175419012231489,14,6,28,UK,Subhash,MKD,,,,,False,6,2009,GE
1489121,V.K.Kampani,IND,16059,108,0.172229575645462,15,6,28,UK,V.K.Kampani,IND,,,,,False,6,2009,GE
1489122,Rajeev Gupta,RJSD,16067,91,0.145119364664232,16,6,28,UK,Rajeev Gupta,RJSD,,,,,False,6,2009,GE
1489123,Natthu Ram,IND,16059,77,0.122793308562042,17,6,28,UK,Natthu Ram,IND,,,,,False,6,2009,GE
1489124,Pt. Shivam Maharaj,IND,16059,72,0.114819717096974,18,6,28,UK,Pt. Shivam Maharaj,IND,,,,,False,6,2009,GE
1489125,Abbas,IND,16059,66,0.105251407338893,19,6,28,UK,Abbas,IND,,,,,False,6,2009,GE
1489126,Riasat Ali,RPI(A),16115,46,0.0733570414786228,20,6,28,UK,Riasat Ali,RPI(A),,,,,False,6,2009,GE
1489127,Ajay Kathuria,IND,16059,40,0.0637887317205415,21,6,28,UK,Ajay Kathuria,IND,,,,,False,6,2009,GE
1489190,Harish Rawat,INC,16058,24453,41.1715185291195,1,6,29,UK,Harish Rawat,INC,,,,,False,6,2009,GE
1489191,Shahzad,BSP,16062,21924,36.913440977893,2,6,29,UK,Shahzad,BSP,,,,,False,6,2009,GE
1489192,Swami Yatindranand Giri,BJP,16057,8714,14.6717626656339,3,6,29,UK,Swami Yatindranand Giri,BJP,,,,,False,6,2009,GE
1489193,Ambrish Kumar,SP,16079,1738,2.92627077264997,4,6,29,UK,Ambrish Kumar,SP,,,,,False,6,2009,GE
1489194,Rajkumar Saini,UKKD,16063,782,1.31665347768255,5,6,29,UK,Rajkumar Saini,UKKD,,,,,False,6,2009,GE
1489195,Randhir Bharat,IND,16059,224,0.37714882225178,6,6,29,UK,Randhir Bharat,IND,,,,,False,6,2009,GE
1489196,Sumer Chand,IND,16059,211,0.355260720960382,7,6,29,UK,Sumer Chand,IND,,,,,False,6,2009,GE
1489197,Sanjay,IND,16059,195,0.328321519370969,8,6,29,UK,Sanjay,IND,,,,,False,6,2009,GE
1489198,Asif Khan,AD,16068,189,0.318219318774939,9,6,29,UK,Asif Khan,AD,,,,,False,6,2009,GE
1489199,Kulveer Singh,IND,16059,150,0.252555014900745,10,6,29,UK,Kulveer Singh,IND,,,,,False,6,2009,GE
1489200,Shahida Begam,IND,16059,106,0.17847221052986,11,6,29,UK,Shahida Begam,IND,,,,,False,6,2009,GE
1489201,Mohd. Mursaleen Qureshi,IND,16059,103,0.173421110231845,12,6,29,UK,Mohd. Mursaleen Qureshi,IND,,,,,False,6,2009,GE
1489202,Ramsharan Bhatt,IND,16059,97,0.163318909635815,13,6,29,UK,Ramsharan Bhatt,IND,,,,,False,6,2009,GE
1489203,Pt. Shivam Maharaj,IND,16059,82,0.138063408145741,14,6,29,UK,Pt. Shivam Maharaj,IND,,,,,False,6,2009,GE
1489204,Subhash,MKD,16105,73,0.122910107251696,15,6,29,UK,Subhash,MKD,,,,,False,6,2009,GE
1489205,Natthu Ram,IND,16059,72,0.121226407152358,16,6,29,UK,Natthu Ram,IND,,,,,False,6,2009,GE
1489206,V.K.Kampani,IND,16059,70,0.117859006953681,17,6,29,UK,V.K.Kampani,IND,,,,,False,6,2009,GE
1489207,Abbas,IND,16059,69,0.116175306854343,18,6,29,UK,Abbas,IND,,,,,False,6,2009,GE
1489208,Rajeev Gupta,RJSD,16067,68,0.114491606755004,19,6,29,UK,Rajeev Gupta,RJSD,,,,,False,6,2009,GE
1489209,Riasat Ali,RPI(A),16115,37,0.0622969036755173,20,6,29,UK,Riasat Ali,RPI(A),,,,,False,6,2009,GE
1489210,Ajay Kathuria,IND,16059,36,0.060613203576179,21,6,29,UK,Ajay Kathuria,IND,,,,,False,6,2009,GE
1489287,Harish Rawat,INC,16058,23915,44.4046270679763,1,6,30,UK,Harish Rawat,INC,,,,,False,6,2009,GE
1489288,Shahzad,BSP,16062,17222,31.9772731492656,2,6,30,UK,Shahzad,BSP,,,,,False,6,2009,GE
1489289,Swami Yatindranand Giri,BJP,16057,9626,17.8732569582412,3,6,30,UK,Swami Yatindranand Giri,BJP,,,,,False,6,2009,GE
1489290,Ambrish Kumar,SP,16079,782,1.45199324136138,4,6,30,UK,Ambrish Kumar,SP,,,,,False,6,2009,GE
1489291,Rajkumar Saini,UKKD,16063,568,1.05464470728039,5,6,30,UK,Rajkumar Saini,UKKD,,,,,False,6,2009,GE
1489292,Sanjay,IND,16059,247,0.458621906158902,6,6,30,UK,Sanjay,IND,,,,,False,6,2009,GE
1489293,Randhir Bharat,IND,16059,245,0.45490836845721,7,6,30,UK,Randhir Bharat,IND,,,,,False,6,2009,GE
1489294,Asif Khan,AD,16068,213,0.395491765230146,8,6,30,UK,Asif Khan,AD,,,,,False,6,2009,GE
1489295,Sumer Chand,IND,16059,184,0.341645468555619,9,6,30,UK,Sumer Chand,IND,,,,,False,6,2009,GE
1489297,Ramsharan Bhatt,IND,16059,111,0.206101342443879,10,6,30,UK,Ramsharan Bhatt,IND,,,,,False,6,2009,GE
1489296,Mohd. Mursaleen Qureshi,IND,16059,111,0.206101342443879,10,6,30,UK,Mohd. Mursaleen Qureshi,IND,,,,,False,6,2009,GE
1489299,Shahida Begam,IND,16059,88,0.163395658874426,12,6,30,UK,Shahida Begam,IND,,,,,False,6,2009,GE
1489298,Abbas,IND,16059,88,0.163395658874426,12,6,30,UK,Abbas,IND,,,,,False,6,2009,GE
1489301,Kulveer Singh,IND,16059,76,0.141114432664277,14,6,30,UK,Kulveer Singh,IND,,,,,False,6,2009,GE
1489300,V.K.Kampani,IND,16059,76,0.141114432664277,14,6,30,UK,V.K.Kampani,IND,,,,,False,6,2009,GE
1489302,Natthu Ram,IND,16059,75,0.139257663813431,16,6,30,UK,Natthu Ram,IND,,,,,False,6,2009,GE
1489303,Rajeev Gupta,RJSD,16067,57,0.105835824498208,17,6,30,UK,Rajeev Gupta,RJSD,,,,,False,6,2009,GE
1489304,Pt. Shivam Maharaj,IND,16059,54,0.10026551794567,18,6,30,UK,Pt. Shivam Maharaj,IND,,,,,False,6,2009,GE
1489305,Subhash,MKD,16105,42,0.0779842917355218,19,6,30,UK,Subhash,MKD,,,,,False,6,2009,GE
1489306,Ajay Kathuria,IND,16059,41,0.076127522884676,20,6,30,UK,Ajay Kathuria,IND,,,,,False,6,2009,GE
1489307,Riasat Ali,RPI(A),16115,36,0.0668436786304472,21,6,30,UK,Riasat Ali,RPI(A),,,,,False,6,2009,GE
1489388,Harish Rawat,INC,16058,19669,44.6495051303005,1,6,31,UK,Harish Rawat,INC,,,,,False,6,2009,GE
1489389,Swami Yatindranand Giri,BJP,16057,16352,37.1197675474439,2,6,31,UK,Swami Yatindranand Giri,BJP,,,,,False,6,2009,GE
1489390,Shahzad,BSP,16062,6188,14.0470353218923,3,6,31,UK,Shahzad,BSP,,,,,False,6,2009,GE
1489391,Ambrish Kumar,SP,16079,614,1.39380731862344,4,6,31,UK,Ambrish Kumar,SP,,,,,False,6,2009,GE
1489392,Subhash,MKD,16105,273,0.619722146554072,5,6,31,UK,Subhash,MKD,,,,,False,6,2009,GE
1489393,Rajkumar Saini,UKKD,16063,236,0.535730500317806,6,6,31,UK,Rajkumar Saini,UKKD,,,,,False,6,2009,GE
1489394,Asif Khan,AD,16068,110,0.249704894215926,7,6,31,UK,Asif Khan,AD,,,,,False,6,2009,GE
1489395,Randhir Bharat,IND,16059,91,0.206574048851357,8,6,31,UK,Randhir Bharat,IND,,,,,False,6,2009,GE
1489396,Sanjay,IND,16059,89,0.202033959865613,9,6,31,UK,Sanjay,IND,,,,,False,6,2009,GE
1489397,Shahida Begam,IND,16059,63,0.143012803050939,10,6,31,UK,Shahida Begam,IND,,,,,False,6,2009,GE
1489398,Sumer Chand,IND,16059,51,0.115772269136475,11,6,31,UK,Sumer Chand,IND,,,,,False,6,2009,GE
1489399,Mohd. Mursaleen Qureshi,IND,16059,47,0.106692091164986,12,6,31,UK,Mohd. Mursaleen Qureshi,IND,,,,,False,6,2009,GE
1489400,Ramsharan Bhatt,IND,16059,47,0.106692091164986,12,6,31,UK,Ramsharan Bhatt,IND,,,,,False,6,2009,GE
1489401,Rajeev Gupta,RJSD,16067,39,0.0885317352220103,14,6,31,UK,Rajeev Gupta,RJSD,,,,,False,6,2009,GE
1489402,Kulveer Singh,IND,16059,38,0.0862616907291382,15,6,31,UK,Kulveer Singh,IND,,,,,False,6,2009,GE
1489403,Abbas,IND,16059,31,0.0703713792790338,16,6,31,UK,Abbas,IND,,,,,False,6,2009,GE
1489404,Natthu Ram,IND,16059,31,0.0703713792790338,16,6,31,UK,Natthu Ram,IND,,,,,False,6,2009,GE
1489405,Pt. Shivam Maharaj,IND,16059,26,0.0590211568146735,18,6,31,UK,Pt. Shivam Maharaj,IND,,,,,False,6,2009,GE
1489406,Ajay Kathuria,IND,16059,22,0.0499409788431853,19,6,31,UK,Ajay Kathuria,IND,,,,,False,6,2009,GE
1489407,V.K.Kampani,IND,16059,18,0.040860800871697,20,6,31,UK,V.K.Kampani,IND,,,,,False,6,2009,GE
1489408,Riasat Ali,RPI(A),16115,17,0.038590756378825,21,6,31,UK,Riasat Ali,RPI(A),,,,,False,6,2009,GE
1489482,Harish Rawat,INC,16058,28466,43.0885202228142,1,6,32,UK,Harish Rawat,INC,,,,,False,6,2009,GE
1489483,Shahzad,BSP,16062,16706,25.2875999031242,2,6,32,UK,Shahzad,BSP,,,,,False,6,2009,GE
1489484,Swami Yatindranand Giri,BJP,16057,15680,23.7345604262533,3,6,32,UK,Swami Yatindranand Giri,BJP,,,,,False,6,2009,GE
1489485,Ambrish Kumar,SP,16079,2112,3.19689997578106,4,6,32,UK,Ambrish Kumar,SP,,,,,False,6,2009,GE
1489486,Rajkumar Saini,UKKD,16063,597,0.903669169290385,5,6,32,UK,Rajkumar Saini,UKKD,,,,,False,6,2009,GE
1489487,Asif Khan,AD,16068,338,0.511625090821022,6,6,32,UK,Asif Khan,AD,,,,,False,6,2009,GE
1489488,Sanjay,IND,16059,332,0.502542988617098,7,6,32,UK,Sanjay,IND,,,,,False,6,2009,GE
1489489,Randhir Bharat,IND,16059,319,0.482865100508597,8,6,32,UK,Randhir Bharat,IND,,,,,False,6,2009,GE
1489490,Sumer Chand,IND,16059,260,0.393557762170016,9,6,32,UK,Sumer Chand,IND,,,,,False,6,2009,GE
1489491,Shahida Begam,IND,16059,161,0.243703075805279,10,6,32,UK,Shahida Begam,IND,,,,,False,6,2009,GE
1489492,Mohd. Mursaleen Qureshi,IND,16059,158,0.239162024703317,11,6,32,UK,Mohd. Mursaleen Qureshi,IND,,,,,False,6,2009,GE
1489493,Ramsharan Bhatt,IND,16059,138,0.208888350690239,12,6,32,UK,Ramsharan Bhatt,IND,,,,,False,6,2009,GE
1489494,V.K.Kampani,IND,16059,116,0.175587309275853,13,6,32,UK,V.K.Kampani,IND,,,,,False,6,2009,GE
1489496,Kulveer Singh,IND,16059,115,0.174073625575199,14,6,32,UK,Kulveer Singh,IND,,,,,False,6,2009,GE
1489495,Subhash,MKD,16105,115,0.174073625575199,14,6,32,UK,Subhash,MKD,,,,,False,6,2009,GE
1489497,Rajeev Gupta,RJSD,16067,100,0.151368370065391,16,6,32,UK,Rajeev Gupta,RJSD,,,,,False,6,2009,GE
1489498,Pt. Shivam Maharaj,IND,16059,96,0.145313635262775,17,6,32,UK,Pt. Shivam Maharaj,IND,,,,,False,6,2009,GE
1489499,Natthu Ram,IND,16059,71,0.107471542746427,18,6,32,UK,Natthu Ram,IND,,,,,False,6,2009,GE
1489500,Abbas,IND,16059,70,0.105957859045773,19,6,32,UK,Abbas,IND,,,,,False,6,2009,GE
1489501,Riasat Ali,RPI(A),16115,66,0.0999031242431581,20,6,32,UK,Riasat Ali,RPI(A),,,,,False,6,2009,GE
1489502,Ajay Kathuria,IND,16059,48,0.0726568176313877,21,6,32,UK,Ajay Kathuria,IND,,,,,False,6,2009,GE
1489582,Harish Rawat,INC,16058,25069,46.6973399895685,1,6,33,UK,Harish Rawat,INC,,,,,False,6,2009,GE
1489583,Shahzad,BSP,16062,16878,31.4395350570002,2,6,33,UK,Shahzad,BSP,,,,,False,6,2009,GE
1489584,Swami Yatindranand Giri,BJP,16057,9424,17.5545786454064,3,6,33,UK,Swami Yatindranand Giri,BJP,,,,,False,6,2009,GE
1489585,Ambrish Kumar,SP,16079,469,0.873630876983831,4,6,33,UK,Ambrish Kumar,SP,,,,,False,6,2009,GE
1489586,Rajkumar Saini,UKKD,16063,276,0.514119663214365,5,6,33,UK,Rajkumar Saini,UKKD,,,,,False,6,2009,GE
1489587,Randhir Bharat,IND,16059,182,0.339020937337009,6,6,33,UK,Randhir Bharat,IND,,,,,False,6,2009,GE
1489589,Asif Khan,AD,16068,175,0.325981670516354,7,6,33,UK,Asif Khan,AD,,,,,False,6,2009,GE
1489588,Sanjay,IND,16059,175,0.325981670516354,7,6,33,UK,Sanjay,IND,,,,,False,6,2009,GE
1489590,Sumer Chand,IND,16059,136,0.253334326801281,9,6,33,UK,Sumer Chand,IND,,,,,False,6,2009,GE
1489591,Mohd. Mursaleen Qureshi,IND,16059,119,0.221667535951121,10,6,33,UK,Mohd. Mursaleen Qureshi,IND,,,,,False,6,2009,GE
1489592,Pt. Shivam Maharaj,IND,16059,111,0.206765516727516,11,6,33,UK,Pt. Shivam Maharaj,IND,,,,,False,6,2009,GE
1489593,Kulveer Singh,IND,16059,107,0.199314507115714,12,6,33,UK,Kulveer Singh,IND,,,,,False,6,2009,GE
1489594,Ramsharan Bhatt,IND,16059,104,0.193726249906862,13,6,33,UK,Ramsharan Bhatt,IND,,,,,False,6,2009,GE
1489595,Shahida Begam,IND,16059,82,0.152745697041949,14,6,33,UK,Shahida Begam,IND,,,,,False,6,2009,GE
1489596,Rajeev Gupta,RJSD,16067,78,0.145294687430146,15,6,33,UK,Rajeev Gupta,RJSD,,,,,False,6,2009,GE
1489597,V.K.Kampani,IND,16059,73,0.135980925415393,16,6,33,UK,V.K.Kampani,IND,,,,,False,6,2009,GE
1489598,Subhash,MKD,16105,69,0.128529915803591,17,6,33,UK,Subhash,MKD,,,,,False,6,2009,GE
1489599,Natthu Ram,IND,16059,52,0.0968631249534311,18,6,33,UK,Natthu Ram,IND,,,,,False,6,2009,GE
1489600,Abbas,IND,16059,48,0.0894121153416287,19,6,33,UK,Abbas,IND,,,,,False,6,2009,GE
1489601,Riasat Ali,RPI(A),16115,32,0.0596080768944191,20,6,33,UK,Riasat Ali,RPI(A),,,,,False,6,2009,GE
1489602,Ajay Kathuria,IND,16059,25,0.0465688100737649,21,6,33,UK,Ajay Kathuria,IND,,,,,False,6,2009,GE
1489675,Harish Rawat,INC,16058,20717,39.2003632992109,1,6,34,UK,Harish Rawat,INC,,,,,False,6,2009,GE
1489676,Shahzad,BSP,16062,14323,27.1017427009025,2,6,34,UK,Shahzad,BSP,,,,,False,6,2009,GE
1489677,Swami Yatindranand Giri,BJP,16057,13139,24.8613975666521,3,6,34,UK,Swami Yatindranand Giri,BJP,,,,,False,6,2009,GE
1489678,Ambrish Kumar,SP,16079,2433,4.60368218887774,4,6,34,UK,Ambrish Kumar,SP,,,,,False,6,2009,GE
1489679,Rajkumar Saini,UKKD,16063,515,0.974474446063312,5,6,34,UK,Rajkumar Saini,UKKD,,,,,False,6,2009,GE
1489680,Randhir Bharat,IND,16059,250,0.473045847603549,6,6,34,UK,Randhir Bharat,IND,,,,,False,6,2009,GE
1489681,Asif Khan,AD,16068,228,0.431417813014437,7,6,34,UK,Asif Khan,AD,,,,,False,6,2009,GE
1489682,Sanjay,IND,16059,179,0.338700826884141,8,6,34,UK,Sanjay,IND,,,,,False,6,2009,GE
1489683,Sumer Chand,IND,16059,154,0.291396242123786,9,6,34,UK,Sumer Chand,IND,,,,,False,6,2009,GE
1489684,Shahida Begam,IND,16059,126,0.238415107192189,10,6,34,UK,Shahida Begam,IND,,,,,False,6,2009,GE
1489685,Mohd. Mursaleen Qureshi,IND,16059,115,0.217601089897632,11,6,34,UK,Mohd. Mursaleen Qureshi,IND,,,,,False,6,2009,GE
1489686,Ramsharan Bhatt,IND,16059,103,0.194894889212662,12,6,34,UK,Ramsharan Bhatt,IND,,,,,False,6,2009,GE
1489687,Kulveer Singh,IND,16059,98,0.185433972260591,13,6,34,UK,Kulveer Singh,IND,,,,,False,6,2009,GE
1489688,Rajeev Gupta,RJSD,16067,77,0.145698121061893,14,6,34,UK,Rajeev Gupta,RJSD,,,,,False,6,2009,GE
1489689,Pt. Shivam Maharaj,IND,16059,67,0.126776287157751,15,6,34,UK,Pt. Shivam Maharaj,IND,,,,,False,6,2009,GE
1489690,V.K.Kampani,IND,16059,66,0.124884103767337,16,6,34,UK,V.K.Kampani,IND,,,,,False,6,2009,GE
1489691,Abbas,IND,16059,59,0.111638820034437,17,6,34,UK,Abbas,IND,,,,,False,6,2009,GE
1489692,Natthu Ram,IND,16059,53,0.100285719691952,18,6,34,UK,Natthu Ram,IND,,,,,False,6,2009,GE
1489693,Subhash,MKD,16105,53,0.100285719691952,18,6,34,UK,Subhash,MKD,,,,,False,6,2009,GE
1489695,Ajay Kathuria,IND,16059,47,0.0889326193494673,20,6,34,UK,Ajay Kathuria,IND,,,,,False,6,2009,GE
1489694,Riasat Ali,RPI(A),16115,47,0.0889326193494673,20,6,34,UK,Riasat Ali,RPI(A),,,,,False,6,2009,GE
1489775,Harish Rawat,INC,16058,23494,38.7875385910749,1,6,35,UK,Harish Rawat,INC,,,,,False,6,2009,GE
1489776,Shahzad,BSP,16062,15319,25.2909808324115,2,6,35,UK,Shahzad,BSP,,,,,False,6,2009,GE
1489777,Swami Yatindranand Giri,BJP,16057,12740,21.0331676875072,3,6,35,UK,Swami Yatindranand Giri,BJP,,,,,False,6,2009,GE
1489778,Ambrish Kumar,SP,16079,5755,9.50124647108352,4,6,35,UK,Ambrish Kumar,SP,,,,,False,6,2009,GE
1489779,Randhir Bharat,IND,16059,537,0.886562876624127,5,6,35,UK,Randhir Bharat,IND,,,,,False,6,2009,GE
1489780,Asif Khan,AD,16068,371,0.612504333757078,6,6,35,UK,Asif Khan,AD,,,,,False,6,2009,GE
1489781,Rajkumar Saini,UKKD,16063,362,0.597645738059467,7,6,35,UK,Rajkumar Saini,UKKD,,,,,False,6,2009,GE
1489782,Sanjay,IND,16059,293,0.483729837711115,8,6,35,UK,Sanjay,IND,,,,,False,6,2009,GE
1489783,Mohd. Mursaleen Qureshi,IND,16059,221,0.364861072130227,9,6,35,UK,Mohd. Mursaleen Qureshi,IND,,,,,False,6,2009,GE
1489784,Sumer Chand,IND,16059,208,0.343398656122566,10,6,35,UK,Sumer Chand,IND,,,,,False,6,2009,GE
1489785,Ramsharan Bhatt,IND,16059,153,0.252596126859388,11,6,35,UK,Ramsharan Bhatt,IND,,,,,False,6,2009,GE
1489786,V.K.Kampani,IND,16059,151,0.249294216704363,12,6,35,UK,V.K.Kampani,IND,,,,,False,6,2009,GE
1489787,Kulveer Singh,IND,16059,149,0.245992306549338,13,6,35,UK,Kulveer Singh,IND,,,,,False,6,2009,GE
1489788,Shahida Begam,IND,16059,147,0.242690396394314,14,6,35,UK,Shahida Begam,IND,,,,,False,6,2009,GE
1489789,Natthu Ram,IND,16059,116,0.191510788991431,15,6,35,UK,Natthu Ram,IND,,,,,False,6,2009,GE
1489790,Rajeev Gupta,RJSD,16067,113,0.186557923758894,16,6,35,UK,Rajeev Gupta,RJSD,,,,,False,6,2009,GE
1489791,Subhash,MKD,16105,98,0.161793597596209,17,6,35,UK,Subhash,MKD,,,,,False,6,2009,GE
1489792,Ajay Kathuria,IND,16059,94,0.15518977728616,18,6,35,UK,Ajay Kathuria,IND,,,,,False,6,2009,GE
1489793,Abbas,IND,16059,94,0.15518977728616,18,6,35,UK,Abbas,IND,,,,,False,6,2009,GE
1489794,Pt. Shivam Maharaj,IND,16059,81,0.133727361278499,20,6,35,UK,Pt. Shivam Maharaj,IND,,,,,False,6,2009,GE
1489795,Riasat Ali,RPI(A),16115,75,0.123821630813425,21,6,35,UK,Riasat Ali,RPI(A),,,,,False,6,2009,GE
1489872,Lt. Gen(Retd) Tejpal Singh Rawat,BJP,16057,14131,45.0304324272649,1,6,36,UK,Lt. Gen(Retd) Tejpal Singh Rawat,BJP,,,,,False,6,2009,GE
1489873,Satpal Maharaj,INC,16058,13667,43.5518307255982,2,6,36,UK,Satpal Maharaj,INC,,,,,False,6,2009,GE
1489874,Rajeev Agarwal,BSP,16062,1308,4.1681272107326,3,6,36,UK,Rajeev Agarwal,BSP,,,,,False,6,2009,GE
1489875,Anand Prakash,UKKD,16063,455,1.44992192728083,4,6,36,UK,Anand Prakash,UKKD,,,,,False,6,2009,GE
1489876,Lalita Prasad Bhatt,CPI,16084,399,1.27146999776935,5,6,36,UK,Lalita Prasad Bhatt,CPI,,,,,False,6,2009,GE
1489877,Om Parkash,IND,16059,295,0.94005927153373,6,6,36,UK,Om Parkash,IND,,,,,False,6,2009,GE
1489878,Shiv Singh,IND,16059,293,0.933685988336891,7,6,36,UK,Shiv Singh,IND,,,,,False,6,2009,GE
1489879,Indresh Maikhuri,CPI(ML)(L),16088,257,0.818966890793792,8,6,36,UK,Indresh Maikhuri,CPI(ML)(L),,,,,False,6,2009,GE
1489880,Mahadev,JKM,16089,176,0.560848921321818,9,6,36,UK,Mahadev,JKM,,,,,False,6,2009,GE
1489881,Abbdul Kadir,IND,16059,130,0.414263407794525,10,6,36,UK,Abbdul Kadir,IND,,,,,False,6,2009,GE
1489882,Rashid Khan,ANC,16091,93,0.296357668653006,11,6,36,UK,Rashid Khan,ANC,,,,,False,6,2009,GE
1489883,R. P. Dhyani,ABHM,16090,91,0.289984385456167,12,6,36,UK,R. P. Dhyani,ABHM,,,,,False,6,2009,GE
1489884,Ganesh Pant,LJP,16070,86,0.27405117746407,13,6,36,UK,Ganesh Pant,LJP,,,,,False,6,2009,GE
1489933,Satpal Maharaj,INC,16058,20472,52.0201250190577,1,6,37,UK,Satpal Maharaj,INC,,,,,False,6,2009,GE
1489934,Lt. Gen(Retd) Tejpal Singh Rawat,BJP,16057,15005,38.1282715861157,2,6,37,UK,Lt. Gen(Retd) Tejpal Singh Rawat,BJP,,,,,False,6,2009,GE
1489935,Rajeev Agarwal,BSP,16062,1060,2.69350002541037,3,6,37,UK,Rajeev Agarwal,BSP,,,,,False,6,2009,GE
1489936,Om Parkash,IND,16059,452,1.14854906743914,4,6,37,UK,Om Parkash,IND,,,,,False,6,2009,GE
1489937,Lalita Prasad Bhatt,CPI,16084,442,1.12313868984093,5,6,37,UK,Lalita Prasad Bhatt,CPI,,,,,False,6,2009,GE
1489938,Shiv Singh,IND,16059,424,1.07740001016415,6,6,37,UK,Shiv Singh,IND,,,,,False,6,2009,GE
1489939,Indresh Maikhuri,CPI(ML)(L),16088,359,0.912232555775778,7,6,37,UK,Indresh Maikhuri,CPI(ML)(L),,,,,False,6,2009,GE
1489940,Anand Prakash,UKKD,16063,310,0.787721705544544,8,6,37,UK,Anand Prakash,UKKD,,,,,False,6,2009,GE
1489941,Mahadev,JKM,16089,264,0.670833968592773,9,6,37,UK,Mahadev,JKM,,,,,False,6,2009,GE
1489942,Abbdul Kadir,IND,16059,183,0.465009910047263,10,6,37,UK,Abbdul Kadir,IND,,,,,False,6,2009,GE
1489943,R. P. Dhyani,ABHM,16090,145,0.368450475174061,11,6,37,UK,R. P. Dhyani,ABHM,,,,,False,6,2009,GE
1489944,Rashid Khan,ANC,16091,138,0.350663210855313,12,6,37,UK,Rashid Khan,ANC,,,,,False,6,2009,GE
1489945,Ganesh Pant,LJP,16070,100,0.254103775982111,13,6,37,UK,Ganesh Pant,LJP,,,,,False,6,2009,GE
1489993,Satpal Maharaj,INC,16058,20737,48.687546957175,1,6,38,UK,Satpal Maharaj,INC,,,,,False,6,2009,GE
1489994,Lt. Gen(Retd) Tejpal Singh Rawat,BJP,16057,16476,38.6833208114199,2,6,38,UK,Lt. Gen(Retd) Tejpal Singh Rawat,BJP,,,,,False,6,2009,GE
1489995,Rajeev Agarwal,BSP,16062,1603,3.76361758076634,3,6,38,UK,Rajeev Agarwal,BSP,,,,,False,6,2009,GE
1489996,Indresh Maikhuri,CPI(ML)(L),16088,664,1.55897821187077,4,6,38,UK,Indresh Maikhuri,CPI(ML)(L),,,,,False,6,2009,GE
1489997,Shiv Singh,IND,16059,592,1.38993238166791,5,6,38,UK,Shiv Singh,IND,,,,,False,6,2009,GE
1489998,Om Parkash,IND,16059,496,1.16453794139744,6,6,38,UK,Om Parkash,IND,,,,,False,6,2009,GE
1489999,Lalita Prasad Bhatt,CPI,16084,477,1.11992862509391,7,6,38,UK,Lalita Prasad Bhatt,CPI,,,,,False,6,2009,GE
1490000,Anand Prakash,UKKD,16063,431,1.01192712246431,8,6,38,UK,Anand Prakash,UKKD,,,,,False,6,2009,GE
1490001,Mahadev,JKM,16089,378,0.887490608564988,9,6,38,UK,Mahadev,JKM,,,,,False,6,2009,GE
1490002,Abbdul Kadir,IND,16059,251,0.589312546957175,10,6,38,UK,Abbdul Kadir,IND,,,,,False,6,2009,GE
1490003,R. P. Dhyani,ABHM,16090,203,0.476615326821938,11,6,38,UK,R. P. Dhyani,ABHM,,,,,False,6,2009,GE
1490004,Rashid Khan,ANC,16091,156,0.366265965439519,12,6,38,UK,Rashid Khan,ANC,,,,,False,6,2009,GE
1490005,Ganesh Pant,LJP,16070,128,0.300525920360631,13,6,38,UK,Ganesh Pant,LJP,,,,,False,6,2009,GE
1490050,Satpal Maharaj,INC,16058,18746,50.4833975170333,1,6,39,UK,Satpal Maharaj,INC,,,,,False,6,2009,GE
1490051,Lt. Gen(Retd) Tejpal Singh Rawat,BJP,16057,13765,37.0694530471548,2,6,39,UK,Lt. Gen(Retd) Tejpal Singh Rawat,BJP,,,,,False,6,2009,GE
1490052,Rajeev Agarwal,BSP,16062,1522,4.0987800608623,3,6,39,UK,Rajeev Agarwal,BSP,,,,,False,6,2009,GE
1490053,Om Parkash,IND,16059,510,1.37344141329814,4,6,39,UK,Om Parkash,IND,,,,,False,6,2009,GE
1490054,Anand Prakash,UKKD,16063,445,1.1983949586621,5,6,39,UK,Anand Prakash,UKKD,,,,,False,6,2009,GE
1490055,Shiv Singh,IND,16059,434,1.16877171249293,6,6,39,UK,Shiv Singh,IND,,,,,False,6,2009,GE
1490056,Indresh Maikhuri,CPI(ML)(L),16088,414,1.11491126491261,7,6,39,UK,Indresh Maikhuri,CPI(ML)(L),,,,,False,6,2009,GE
1490057,Lalita Prasad Bhatt,CPI,16084,377,1.01526943688902,8,6,39,UK,Lalita Prasad Bhatt,CPI,,,,,False,6,2009,GE
1490058,Mahadev,JKM,16089,305,0.82137182559987,9,6,39,UK,Mahadev,JKM,,,,,False,6,2009,GE
1490059,Abbdul Kadir,IND,16059,218,0.587078878625481,10,6,39,UK,Abbdul Kadir,IND,,,,,False,6,2009,GE
1490060,R. P. Dhyani,ABHM,16090,156,0.420111491126491,11,6,39,UK,R. P. Dhyani,ABHM,,,,,False,6,2009,GE
1490061,Rashid Khan,ANC,16091,125,0.336627797376996,12,6,39,UK,Rashid Khan,ANC,,,,,False,6,2009,GE
1490062,Ganesh Pant,LJP,16070,116,0.312390595965852,13,6,39,UK,Ganesh Pant,LJP,,,,,False,6,2009,GE
1490119,Lt. Gen(Retd) Tejpal Singh Rawat,BJP,16057,16316,50.1228803145736,1,6,40,UK,Lt. Gen(Retd) Tejpal Singh Rawat,BJP,,,,,False,6,2009,GE
1490120,Satpal Maharaj,INC,16058,12226,37.5583681494224,2,6,40,UK,Satpal Maharaj,INC,,,,,False,6,2009,GE
1490121,Rajeev Agarwal,BSP,16062,1536,4.71860407962644,3,6,40,UK,Rajeev Agarwal,BSP,,,,,False,6,2009,GE
1490122,Anand Prakash,UKKD,16063,582,1.78790857704595,4,6,40,UK,Anand Prakash,UKKD,,,,,False,6,2009,GE
1490123,Lalita Prasad Bhatt,CPI,16084,405,1.24416318505775,5,6,40,UK,Lalita Prasad Bhatt,CPI,,,,,False,6,2009,GE
1490124,Om Parkash,IND,16059,358,1.09977881543376,6,6,40,UK,Om Parkash,IND,,,,,False,6,2009,GE
1490125,Shiv Singh,IND,16059,353,1.08441877611206,7,6,40,UK,Shiv Singh,IND,,,,,False,6,2009,GE
1490126,Indresh Maikhuri,CPI(ML)(L),16088,223,0.685057753747849,8,6,40,UK,Indresh Maikhuri,CPI(ML)(L),,,,,False,6,2009,GE
1490127,Mahadev,JKM,16089,162,0.497665274023101,9,6,40,UK,Mahadev,JKM,,,,,False,6,2009,GE
1490128,Abbdul Kadir,IND,16059,121,0.371712951585156,10,6,40,UK,Abbdul Kadir,IND,,,,,False,6,2009,GE
1490129,Rashid Khan,ANC,16091,107,0.328704841484394,11,6,40,UK,Rashid Khan,ANC,,,,,False,6,2009,GE
1490130,R. P. Dhyani,ABHM,16090,94,0.288768739247972,12,6,40,UK,R. P. Dhyani,ABHM,,,,,False,6,2009,GE
1490131,Ganesh Pant,LJP,16070,69,0.211968542639469,13,6,40,UK,Ganesh Pant,LJP,,,,,False,6,2009,GE
1490177,Satpal Maharaj,INC,16058,19367,46.7147474552559,1,6,41,UK,Satpal Maharaj,INC,,,,,False,6,2009,GE
1490178,Lt. Gen(Retd) Tejpal Singh Rawat,BJP,16057,17814,42.9687876887452,2,6,41,UK,Lt. Gen(Retd) Tejpal Singh Rawat,BJP,,,,,False,6,2009,GE
1490179,Rajeev Agarwal,BSP,16062,2775,6.69352115393892,3,6,41,UK,Rajeev Agarwal,BSP,,,,,False,6,2009,GE
1490180,Lalita Prasad Bhatt,CPI,16084,343,0.827343335423802,4,6,41,UK,Lalita Prasad Bhatt,CPI,,,,,False,6,2009,GE
1490181,Anand Prakash,UKKD,16063,266,0.641613198900091,5,6,41,UK,Anand Prakash,UKKD,,,,,False,6,2009,GE
1490182,Shiv Singh,IND,16059,223,0.537893772010227,6,6,41,UK,Shiv Singh,IND,,,,,False,6,2009,GE
1490183,Indresh Maikhuri,CPI(ML)(L),16088,206,0.496888417193304,7,6,41,UK,Indresh Maikhuri,CPI(ML)(L),,,,,False,6,2009,GE
1490184,Om Parkash,IND,16059,121,0.291861643108688,8,6,41,UK,Om Parkash,IND,,,,,False,6,2009,GE
1490185,Mahadev,JKM,16089,84,0.202614694389502,9,6,41,UK,Mahadev,JKM,,,,,False,6,2009,GE
1490186,Abbdul Kadir,IND,16059,72,0.173669738048145,10,6,41,UK,Abbdul Kadir,IND,,,,,False,6,2009,GE
1490187,R. P. Dhyani,ABHM,16090,68,0.164021419267692,11,6,41,UK,R. P. Dhyani,ABHM,,,,,False,6,2009,GE
1490188,Ganesh Pant,LJP,16070,66,0.159197259877466,12,6,41,UK,Ganesh Pant,LJP,,,,,False,6,2009,GE
1490189,Rashid Khan,ANC,16091,53,0.127840223840995,13,6,41,UK,Rashid Khan,ANC,,,,,False,6,2009,GE
1490240,Ajay Tamta,BJP,16057,12452,39.5439677347645,1,6,42,UK,Ajay Tamta,BJP,,,,,False,6,2009,GE
1490241,Pradeep Tamta,INC,16058,10098,32.0683413255422,2,6,42,UK,Pradeep Tamta,INC,,,,,False,6,2009,GE
1490242,Ranjit Vishwakarma,UKKD,16063,3519,11.1753310679919,3,6,42,UK,Ranjit Vishwakarma,UKKD,,,,,False,6,2009,GE
1490243,Bahadur Ram Dhauni,BSP,16062,2755,8.74908698275588,4,6,42,UK,Bahadur Ram Dhauni,BSP,,,,,False,6,2009,GE
1490244,Sushama,CPI(ML)(L),16088,863,2.7406395884277,5,6,42,UK,Sushama,CPI(ML)(L),,,,,False,6,2009,GE
1490245,Hari Rama,IND,16059,846,2.68665248181904,6,6,42,UK,Hari Rama,IND,,,,,False,6,2009,GE
1490246,Champee Arya,NCP,16093,322,1.02257931341103,7,6,42,UK,Champee Arya,NCP,,,,,False,6,2009,GE
1490247,Yashpal Arya,LJP,16070,247,0.784400901902251,8,6,42,UK,Yashpal Arya,LJP,,,,,False,6,2009,GE
1490248,Kiran Arya,IND,16059,207,0.657372415764235,9,6,42,UK,Kiran Arya,IND,,,,,False,6,2009,GE
1490249,Gopal Ram,RPI(A),16115,180,0.571628187621074,10,6,42,UK,Gopal Ram,RPI(A),,,,,False,6,2009,GE
1490296,Ajay Tamta,BJP,16057,15415,49.5197404349641,1,6,43,UK,Ajay Tamta,BJP,,,,,False,6,2009,GE
1490297,Pradeep Tamta,INC,16058,12093,38.8480195316264,2,6,43,UK,Pradeep Tamta,INC,,,,,False,6,2009,GE
1490298,Bahadur Ram Dhauni,BSP,16062,1362,4.37534132159722,3,6,43,UK,Bahadur Ram Dhauni,BSP,,,,,False,6,2009,GE
1490299,Ranjit Vishwakarma,UKKD,16063,830,2.66632400655337,4,6,43,UK,Ranjit Vishwakarma,UKKD,,,,,False,6,2009,GE
1490300,Hari Rama,IND,16059,705,2.26476918628931,5,6,43,UK,Hari Rama,IND,,,,,False,6,2009,GE
1490301,Champee Arya,NCP,16093,283,0.909120113077837,6,6,43,UK,Champee Arya,NCP,,,,,False,6,2009,GE
1490302,Sushama,CPI(ML)(L),16088,165,0.530052362748562,7,6,43,UK,Sushama,CPI(ML)(L),,,,,False,6,2009,GE
1490303,Kiran Arya,IND,16059,125,0.401554820264062,8,6,43,UK,Kiran Arya,IND,,,,,False,6,2009,GE
1490304,Yashpal Arya,LJP,16070,82,0.263419962093224,9,6,43,UK,Yashpal Arya,LJP,,,,,False,6,2009,GE
1490305,Gopal Ram,RPI(A),16115,69,0.221658260785762,10,6,43,UK,Gopal Ram,RPI(A),,,,,False,6,2009,GE
1490345,Pradeep Tamta,INC,16058,19019,54.7026000920386,1,6,44,UK,Pradeep Tamta,INC,,,,,False,6,2009,GE
1490346,Ajay Tamta,BJP,16057,12304,35.3888633225954,2,6,44,UK,Ajay Tamta,BJP,,,,,False,6,2009,GE
1490347,Bahadur Ram Dhauni,BSP,16062,1665,4.78888633225954,3,6,44,UK,Bahadur Ram Dhauni,BSP,,,,,False,6,2009,GE
1490348,Hari Rama,IND,16059,504,1.44960883571099,4,6,44,UK,Hari Rama,IND,,,,,False,6,2009,GE
1490349,Ranjit Vishwakarma,UKKD,16063,458,1.31730326737229,5,6,44,UK,Ranjit Vishwakarma,UKKD,,,,,False,6,2009,GE
1490350,Sushama,CPI(ML)(L),16088,254,0.730556833870225,6,6,44,UK,Sushama,CPI(ML)(L),,,,,False,6,2009,GE
1490351,Champee Arya,NCP,16093,247,0.710423377818683,7,6,44,UK,Champee Arya,NCP,,,,,False,6,2009,GE
1490352,Kiran Arya,IND,16059,144,0.414173953060285,8,6,44,UK,Kiran Arya,IND,,,,,False,6,2009,GE
1490353,Yashpal Arya,LJP,16070,103,0.296249424758398,9,6,44,UK,Yashpal Arya,LJP,,,,,False,6,2009,GE
1490354,Gopal Ram,RPI(A),16115,70,0.201334560515416,10,6,44,UK,Gopal Ram,RPI(A),,,,,False,6,2009,GE
1490396,Pradeep Tamta,INC,16058,16159,46.0974496491127,1,6,45,UK,Pradeep Tamta,INC,,,,,False,6,2009,GE
1490397,Ajay Tamta,BJP,16057,12561,35.8332857876419,2,6,45,UK,Ajay Tamta,BJP,,,,,False,6,2009,GE
1490398,Bahadur Ram Dhauni,BSP,16062,3457,9.86192731214697,3,6,45,UK,Bahadur Ram Dhauni,BSP,,,,,False,6,2009,GE
1490399,Hari Rama,IND,16059,903,2.5760255605637,4,6,45,UK,Hari Rama,IND,,,,,False,6,2009,GE
1490400,Ranjit Vishwakarma,UKKD,16063,604,1.72305585667826,5,6,45,UK,Ranjit Vishwakarma,UKKD,,,,,False,6,2009,GE
1490401,Sushama,CPI(ML)(L),16088,427,1.21812061390996,6,6,45,UK,Sushama,CPI(ML)(L),,,,,False,6,2009,GE
1490402,Champee Arya,NCP,16093,341,0.972784846237233,7,6,45,UK,Champee Arya,NCP,,,,,False,6,2009,GE
1490403,Kiran Arya,IND,16059,275,0.784503908255833,8,6,45,UK,Kiran Arya,IND,,,,,False,6,2009,GE
1490404,Yashpal Arya,LJP,16070,214,0.610486677697267,9,6,45,UK,Yashpal Arya,LJP,,,,,False,6,2009,GE
1490405,Gopal Ram,RPI(A),16115,113,0.322359787756033,10,6,45,UK,Gopal Ram,RPI(A),,,,,False,6,2009,GE
1490445,Ajay Tamta,BJP,16057,16120,41.6515942328561,1,6,46,UK,Ajay Tamta,BJP,,,,,False,6,2009,GE
1490446,Pradeep Tamta,INC,16058,13507,34.9000051676915,2,6,46,UK,Pradeep Tamta,INC,,,,,False,6,2009,GE
1490447,Bahadur Ram Dhauni,BSP,16062,5944,15.3583794119166,3,6,46,UK,Bahadur Ram Dhauni,BSP,,,,,False,6,2009,GE
1490448,Hari Rama,IND,16059,1074,2.77505038499302,4,6,46,UK,Hari Rama,IND,,,,,False,6,2009,GE
1490449,Champee Arya,NCP,16093,504,1.30225828122577,5,6,46,UK,Champee Arya,NCP,,,,,False,6,2009,GE
1490450,Ranjit Vishwakarma,UKKD,16063,459,1.18598522040204,6,6,46,UK,Ranjit Vishwakarma,UKKD,,,,,False,6,2009,GE
1490451,Sushama,CPI(ML)(L),16088,325,0.839749883726939,7,6,46,UK,Sushama,CPI(ML)(L),,,,,False,6,2009,GE
1490452,Kiran Arya,IND,16059,300,0.775153738824866,8,6,46,UK,Kiran Arya,IND,,,,,False,6,2009,GE
1490453,Yashpal Arya,LJP,16070,280,0.723476822903209,9,6,46,UK,Yashpal Arya,LJP,,,,,False,6,2009,GE
1490454,Gopal Ram,RPI(A),16115,189,0.488346855459666,10,6,46,UK,Gopal Ram,RPI(A),,,,,False,6,2009,GE
1490498,Ajay Tamta,BJP,16057,18614,39.3780410408292,1,6,47,UK,Ajay Tamta,BJP,,,,,False,6,2009,GE
1490499,Pradeep Tamta,INC,16058,17973,38.0220012693039,2,6,47,UK,Pradeep Tamta,INC,,,,,False,6,2009,GE
1490500,Bahadur Ram Dhauni,BSP,16062,7167,15.1618362597842,3,6,47,UK,Bahadur Ram Dhauni,BSP,,,,,False,6,2009,GE
1490501,Hari Rama,IND,16059,1132,2.39475354347366,4,6,47,UK,Hari Rama,IND,,,,,False,6,2009,GE
1490502,Ranjit Vishwakarma,UKKD,16063,620,1.31161413158451,5,6,47,UK,Ranjit Vishwakarma,UKKD,,,,,False,6,2009,GE
1490503,Champee Arya,NCP,16093,546,1.15506663845991,6,6,47,UK,Champee Arya,NCP,,,,,False,6,2009,GE
1490504,Sushama,CPI(ML)(L),16088,391,0.827163105563782,7,6,47,UK,Sushama,CPI(ML)(L),,,,,False,6,2009,GE
1490505,Kiran Arya,IND,16059,376,0.795430505606092,8,6,47,UK,Kiran Arya,IND,,,,,False,6,2009,GE
1490506,Yashpal Arya,LJP,16070,283,0.598688385868415,9,6,47,UK,Yashpal Arya,LJP,,,,,False,6,2009,GE
1490507,Gopal Ram,RPI(A),16115,168,0.355405119526126,10,6,47,UK,Gopal Ram,RPI(A),,,,,False,6,2009,GE
1490548,Ajay Tamta,BJP,16057,11596,40.2401360308151,1,6,48,UK,Ajay Tamta,BJP,,,,,False,6,2009,GE
1490549,Pradeep Tamta,INC,16058,11545,40.0631571641739,2,6,48,UK,Pradeep Tamta,INC,,,,,False,6,2009,GE
1490550,Ranjit Vishwakarma,UKKD,16063,1884,6.53780754415796,3,6,48,UK,Ranjit Vishwakarma,UKKD,,,,,False,6,2009,GE
1490551,Bahadur Ram Dhauni,BSP,16062,1766,6.12832702918416,4,6,48,UK,Bahadur Ram Dhauni,BSP,,,,,False,6,2009,GE
1490552,Hari Rama,IND,16059,765,2.65468299961828,5,6,48,UK,Hari Rama,IND,,,,,False,6,2009,GE
1490553,Sushama,CPI(ML)(L),16088,354,1.2284415449214,6,6,48,UK,Sushama,CPI(ML)(L),,,,,False,6,2009,GE
1490554,Champee Arya,NCP,16093,313,1.08616441683728,7,6,48,UK,Champee Arya,NCP,,,,,False,6,2009,GE
1490555,Kiran Arya,IND,16059,260,0.902245202484644,8,6,48,UK,Kiran Arya,IND,,,,,False,6,2009,GE
1490556,Yashpal Arya,LJP,16070,177,0.6142207724607,9,6,48,UK,Yashpal Arya,LJP,,,,,False,6,2009,GE
1490557,Gopal Ram,RPI(A),16115,157,0.544817295346496,10,6,48,UK,Gopal Ram,RPI(A),,,,,False,6,2009,GE
1490606,Ajay Tamta,BJP,16057,13230,44.2889662560257,1,6,49,UK,Ajay Tamta,BJP,,,,,False,6,2009,GE
1490607,Pradeep Tamta,INC,16058,12360,41.3765399035886,2,6,49,UK,Pradeep Tamta,INC,,,,,False,6,2009,GE
1490608,Bahadur Ram Dhauni,BSP,16062,2041,6.83248527048741,3,6,49,UK,Bahadur Ram Dhauni,BSP,,,,,False,6,2009,GE
1490609,Hari Rama,IND,16059,771,2.5810123192287,4,6,49,UK,Hari Rama,IND,,,,,False,6,2009,GE
1490610,Sushama,CPI(ML)(L),16088,411,1.37587038028923,5,6,49,UK,Sushama,CPI(ML)(L),,,,,False,6,2009,GE
1490611,Champee Arya,NCP,16093,334,1.11810391001606,6,6,49,UK,Champee Arya,NCP,,,,,False,6,2009,GE
1490612,Ranjit Vishwakarma,UKKD,16063,257,0.860337439742903,7,6,49,UK,Ranjit Vishwakarma,UKKD,,,,,False,6,2009,GE
1490613,Kiran Arya,IND,16059,209,0.699651847884306,8,6,49,UK,Kiran Arya,IND,,,,,False,6,2009,GE
1490614,Yashpal Arya,LJP,16070,173,0.579137653990358,9,6,49,UK,Yashpal Arya,LJP,,,,,False,6,2009,GE
1490615,Gopal Ram,RPI(A),16115,86,0.287895018746652,10,6,49,UK,Gopal Ram,RPI(A),,,,,False,6,2009,GE
1490663,Pradeep Tamta,INC,16058,12069,42.131536689241,1,6,50,UK,Pradeep Tamta,INC,,,,,False,6,2009,GE
1490664,Ajay Tamta,BJP,16057,11292,39.4191161069608,2,6,50,UK,Ajay Tamta,BJP,,,,,False,6,2009,GE
1490665,Bahadur Ram Dhauni,BSP,16062,3444,12.0226209592962,3,6,50,UK,Bahadur Ram Dhauni,BSP,,,,,False,6,2009,GE
1490666,Hari Rama,IND,16059,586,2.0456608252461,4,6,50,UK,Hari Rama,IND,,,,,False,6,2009,GE
1490667,Sushama,CPI(ML)(L),16088,341,1.19039307407665,5,6,50,UK,Sushama,CPI(ML)(L),,,,,False,6,2009,GE
1490668,Ranjit Vishwakarma,UKKD,16063,267,0.932067304335683,6,6,50,UK,Ranjit Vishwakarma,UKKD,,,,,False,6,2009,GE
1490669,Champee Arya,NCP,16093,252,0.879703972631431,7,6,50,UK,Champee Arya,NCP,,,,,False,6,2009,GE
1490670,Kiran Arya,IND,16059,184,0.642323535572156,8,6,50,UK,Kiran Arya,IND,,,,,False,6,2009,GE
1490671,Yashpal Arya,LJP,16070,128,0.446833763876282,9,6,50,UK,Yashpal Arya,LJP,,,,,False,6,2009,GE
1490672,Gopal Ram,RPI(A),16115,83,0.289743768763527,10,6,50,UK,Gopal Ram,RPI(A),,,,,False,6,2009,GE
1490711,Pradeep Tamta,INC,16058,15693,46.3768544240203,1,6,51,UK,Pradeep Tamta,INC,,,,,False,6,2009,GE
1490712,Ajay Tamta,BJP,16057,12935,38.2262545067675,2,6,51,UK,Ajay Tamta,BJP,,,,,False,6,2009,GE
1490713,Bahadur Ram Dhauni,BSP,16062,2451,7.24333589455641,3,6,51,UK,Bahadur Ram Dhauni,BSP,,,,,False,6,2009,GE
1490714,Hari Rama,IND,16059,981,2.89910751226431,4,6,51,UK,Hari Rama,IND,,,,,False,6,2009,GE
1490715,Sushama,CPI(ML)(L),16088,492,1.45398664223653,5,6,51,UK,Sushama,CPI(ML)(L),,,,,False,6,2009,GE
1490716,Champee Arya,NCP,16093,404,1.19392399077959,6,6,51,UK,Champee Arya,NCP,,,,,False,6,2009,GE
1490717,Kiran Arya,IND,16059,303,0.895442993084697,7,6,51,UK,Kiran Arya,IND,,,,,False,6,2009,GE
1490718,Ranjit Vishwakarma,UKKD,16063,249,0.735859093327028,8,6,51,UK,Ranjit Vishwakarma,UKKD,,,,,False,6,2009,GE
1490719,Yashpal Arya,LJP,16070,200,0.591051480583958,9,6,51,UK,Yashpal Arya,LJP,,,,,False,6,2009,GE
1490720,Gopal Ram,RPI(A),16115,130,0.384183462379573,10,6,51,UK,Gopal Ram,RPI(A),,,,,False,6,2009,GE
1490759,Pradeep Tamta,INC,16058,15996,43.413124898225,1,6,52,UK,Pradeep Tamta,INC,,,,,False,6,2009,GE
1490760,Ajay Tamta,BJP,16057,15358,41.6815936600987,2,6,52,UK,Ajay Tamta,BJP,,,,,False,6,2009,GE
1490761,Bahadur Ram Dhauni,BSP,16062,3371,9.14888997448841,3,6,52,UK,Bahadur Ram Dhauni,BSP,,,,,False,6,2009,GE
1490762,Hari Rama,IND,16059,687,1.86451717961244,4,6,52,UK,Hari Rama,IND,,,,,False,6,2009,GE
1490763,Ranjit Vishwakarma,UKKD,16063,322,0.873907615480649,5,6,52,UK,Ranjit Vishwakarma,UKKD,,,,,False,6,2009,GE
1490764,Champee Arya,NCP,16093,298,0.808771644140476,6,6,52,UK,Champee Arya,NCP,,,,,False,6,2009,GE
1490765,Sushama,CPI(ML)(L),16088,279,0.757205666829506,7,6,52,UK,Sushama,CPI(ML)(L),,,,,False,6,2009,GE
1490766,Kiran Arya,IND,16059,274,0.743635672800303,8,6,52,UK,Kiran Arya,IND,,,,,False,6,2009,GE
1490767,Yashpal Arya,LJP,16070,161,0.436953807740324,9,6,52,UK,Yashpal Arya,LJP,,,,,False,6,2009,GE
1490768,Gopal Ram,RPI(A),16115,100,0.271399880584052,10,6,52,UK,Gopal Ram,RPI(A),,,,,False,6,2009,GE
1490818,Pradeep Tamta,INC,16058,15313,42.4265092954312,1,6,53,UK,Pradeep Tamta,INC,,,,,False,6,2009,GE
1490819,Ajay Tamta,BJP,16057,14711,40.7585958496107,2,6,53,UK,Ajay Tamta,BJP,,,,,False,6,2009,GE
1490820,Bahadur Ram Dhauni,BSP,16062,2443,6.76862549524838,3,6,53,UK,Bahadur Ram Dhauni,BSP,,,,,False,6,2009,GE
1490821,Hari Rama,IND,16059,1219,3.37738619676945,4,6,53,UK,Hari Rama,IND,,,,,False,6,2009,GE
1490822,Ranjit Vishwakarma,UKKD,16063,574,1.59033607624747,5,6,53,UK,Ranjit Vishwakarma,UKKD,,,,,False,6,2009,GE
1490823,Champee Arya,NCP,16093,504,1.39639265231485,6,6,53,UK,Champee Arya,NCP,,,,,False,6,2009,GE
1490824,Sushama,CPI(ML)(L),16088,483,1.33820962513506,7,6,53,UK,Sushama,CPI(ML)(L),,,,,False,6,2009,GE
1490825,Kiran Arya,IND,16059,426,1.18028426564707,8,6,53,UK,Kiran Arya,IND,,,,,False,6,2009,GE
1490826,Yashpal Arya,LJP,16070,241,0.667719502396586,9,6,53,UK,Yashpal Arya,LJP,,,,,False,6,2009,GE
1490827,Gopal Ram,RPI(A),16115,179,0.495941041199124,10,6,53,UK,Gopal Ram,RPI(A),,,,,False,6,2009,GE
1490864,Ajay Tamta,BJP,16057,15499,43.3853991714253,1,6,54,UK,Ajay Tamta,BJP,,,,,False,6,2009,GE
1490865,Pradeep Tamta,INC,16058,14425,40.3790169074011,2,6,54,UK,Pradeep Tamta,INC,,,,,False,6,2009,GE
1490866,Bahadur Ram Dhauni,BSP,16062,2865,8.01981860933825,3,6,54,UK,Bahadur Ram Dhauni,BSP,,,,,False,6,2009,GE
1490867,Hari Rama,IND,16059,1013,2.83562870899115,4,6,54,UK,Hari Rama,IND,,,,,False,6,2009,GE
1490868,Ranjit Vishwakarma,UKKD,16063,491,1.37442615608554,5,6,54,UK,Ranjit Vishwakarma,UKKD,,,,,False,6,2009,GE
1490869,Champee Arya,NCP,16093,397,1.11129772701825,6,6,54,UK,Champee Arya,NCP,,,,,False,6,2009,GE
1490870,Sushama,CPI(ML)(L),16088,380,1.06371067069757,7,6,54,UK,Sushama,CPI(ML)(L),,,,,False,6,2009,GE
1490871,Kiran Arya,IND,16059,303,0.848169297950957,8,6,54,UK,Kiran Arya,IND,,,,,False,6,2009,GE
1490872,Yashpal Arya,LJP,16070,204,0.571044675848169,9,6,54,UK,Yashpal Arya,LJP,,,,,False,6,2009,GE
1490873,Gopal Ram,RPI(A),16115,147,0.411488075243533,10,6,54,UK,Gopal Ram,RPI(A),,,,,False,6,2009,GE
1490909,Pradeep Tamta,INC,16058,14060,45.8264072227111,1,6,55,UK,Pradeep Tamta,INC,,,,,False,6,2009,GE
1490910,Ajay Tamta,BJP,16057,10900,35.5268733092141,2,6,55,UK,Ajay Tamta,BJP,,,,,False,6,2009,GE
1490911,Bahadur Ram Dhauni,BSP,16062,3761,12.2584009647664,3,6,55,UK,Bahadur Ram Dhauni,BSP,,,,,False,6,2009,GE
1490912,Hari Rama,IND,16059,532,1.73397216518366,4,6,55,UK,Hari Rama,IND,,,,,False,6,2009,GE
1490913,Ranjit Vishwakarma,UKKD,16063,525,1.71115674195756,5,6,55,UK,Ranjit Vishwakarma,UKKD,,,,,False,6,2009,GE
1490914,Champee Arya,NCP,16093,243,0.792021120563215,6,6,55,UK,Champee Arya,NCP,,,,,False,6,2009,GE
1490915,Sushama,CPI(ML)(L),16088,196,0.638831850330823,7,6,55,UK,Sushama,CPI(ML)(L),,,,,False,6,2009,GE
1490916,Kiran Arya,IND,16059,196,0.638831850330823,7,6,55,UK,Kiran Arya,IND,,,,,False,6,2009,GE
1490917,Yashpal Arya,LJP,16070,153,0.498679964799061,9,6,55,UK,Yashpal Arya,LJP,,,,,False,6,2009,GE
1490918,Gopal Ram,RPI(A),16115,115,0.374824810143085,10,6,55,UK,Gopal Ram,RPI(A),,,,,False,6,2009,GE
1490962,K.C. Singh Baba,INC,16058,18990,39.3697522545869,1,6,56,UK,K.C. Singh Baba,INC,,,,,False,6,2009,GE
1490963,Bachi Singh Rawat,BJP,16057,17396,36.0650979579143,2,6,56,UK,Bachi Singh Rawat,BJP,,,,,False,6,2009,GE
1490964,Narayan Pal,BSP,16062,7738,16.0422929408106,3,6,56,UK,Narayan Pal,BSP,,,,,False,6,2009,GE
1490965,Prem Prakash Singh,SP,16079,705,1.46159427801389,4,6,56,UK,Prem Prakash Singh,SP,,,,,False,6,2009,GE
1490966,Bahadur Singh Jangi,CPI(ML)(L),16088,675,1.3993987768218,5,6,56,UK,Bahadur Singh Jangi,CPI(ML)(L),,,,,False,6,2009,GE
1490967,Dr. Narayan Singh Jantwal,UKKD,16063,600,1.2439100238416,6,6,56,UK,Dr. Narayan Singh Jantwal,UKKD,,,,,False,6,2009,GE
1490968,Sitaram,IND,16059,580,1.20244635638022,7,6,56,UK,Sitaram,IND,,,,,False,6,2009,GE
1490969,Bindu Gupta,IND,16059,327,0.677930962993676,8,6,56,UK,Bindu Gupta,IND,,,,,False,6,2009,GE
1490970,Rishi Pal Singh,ABRS,16150,284,0.588784077951694,9,6,56,UK,Rishi Pal Singh,ABRS,,,,,False,6,2009,GE
1490971,Moualana Yade Ilahi,IND,16059,238,0.493417642790504,10,6,56,UK,Moualana Yade Ilahi,IND,,,,,False,6,2009,GE
1490972,Mahesh Chandra Kandpal,IND,16059,220,0.456100342075256,11,6,56,UK,Mahesh Chandra Kandpal,IND,,,,,False,6,2009,GE
1490973,Sheeshpal Singh Arya,ANC,16091,218,0.451953975329117,12,6,56,UK,Sheeshpal Singh Arya,ANC,,,,,False,6,2009,GE
1490974,Rais Ahmad Ansari,JD(S),16106,135,0.279879755364361,13,6,56,UK,Rais Ahmad Ansari,JD(S),,,,,False,6,2009,GE
1490975,Madan Singh Mer,LJP,16070,129,0.267440655125945,14,6,56,UK,Madan Singh Mer,LJP,,,,,False,6,2009,GE
1491039,Bachi Singh Rawat,BJP,16057,13925,34.4379868925435,1,6,57,UK,Bachi Singh Rawat,BJP,,,,,False,6,2009,GE
1491040,K.C. Singh Baba,INC,16058,12164,30.0828490169407,2,6,57,UK,K.C. Singh Baba,INC,,,,,False,6,2009,GE
1491041,Narayan Pal,BSP,16062,10514,26.0022257944849,3,6,57,UK,Narayan Pal,BSP,,,,,False,6,2009,GE
1491042,Dr. Narayan Singh Jantwal,UKKD,16063,1065,2.63385680722146,4,6,57,UK,Dr. Narayan Singh Jantwal,UKKD,,,,,False,6,2009,GE
1491043,Sitaram,IND,16059,719,1.7781624829974,5,6,57,UK,Sitaram,IND,,,,,False,6,2009,GE
1491044,Rishi Pal Singh,ABRS,16150,326,0.806232224557932,6,6,57,UK,Rishi Pal Singh,ABRS,,,,,False,6,2009,GE
1491045,Moualana Yade Ilahi,IND,16059,302,0.746877704958575,7,6,57,UK,Moualana Yade Ilahi,IND,,,,,False,6,2009,GE
1491046,Prem Prakash Singh,SP,16079,292,0.72214665512551,8,6,57,UK,Prem Prakash Singh,SP,,,,,False,6,2009,GE
1491047,Bindu Gupta,IND,16059,254,0.628168665759861,9,6,57,UK,Bindu Gupta,IND,,,,,False,6,2009,GE
1491048,Mahesh Chandra Kandpal,IND,16059,251,0.620749350809941,10,6,57,UK,Mahesh Chandra Kandpal,IND,,,,,False,6,2009,GE
1491049,Sheeshpal Singh Arya,ANC,16091,206,0.509459626561147,11,6,57,UK,Sheeshpal Singh Arya,ANC,,,,,False,6,2009,GE
1491050,Madan Singh Mer,LJP,16070,180,0.445158896995177,12,6,57,UK,Madan Singh Mer,LJP,,,,,False,6,2009,GE
1491051,Rais Ahmad Ansari,JD(S),16106,123,0.304191912946704,13,6,57,UK,Rais Ahmad Ansari,JD(S),,,,,False,6,2009,GE
1491052,Bahadur Singh Jangi,CPI(ML)(L),16088,114,0.281933968096945,14,6,57,UK,Bahadur Singh Jangi,CPI(ML)(L),,,,,False,6,2009,GE
1491111,K.C. Singh Baba,INC,16058,17458,38.4732353394891,1,6,58,UK,K.C. Singh Baba,INC,,,,,False,6,2009,GE
1491112,Bachi Singh Rawat,BJP,16057,15768,34.7488815919959,2,6,58,UK,Bachi Singh Rawat,BJP,,,,,False,6,2009,GE
1491113,Narayan Pal,BSP,16062,7358,16.2152632390858,3,6,58,UK,Narayan Pal,BSP,,,,,False,6,2009,GE
1491114,Dr. Narayan Singh Jantwal,UKKD,16063,2237,4.92981025629724,4,6,58,UK,Dr. Narayan Singh Jantwal,UKKD,,,,,False,6,2009,GE
1491115,Sitaram,IND,16059,538,1.1856226722789,5,6,58,UK,Sitaram,IND,,,,,False,6,2009,GE
1491116,Rishi Pal Singh,ABRS,16150,339,0.747074509112546,6,6,58,UK,Rishi Pal Singh,ABRS,,,,,False,6,2009,GE
1491117,Prem Prakash Singh,SP,16079,330,0.727240672587434,7,6,58,UK,Prem Prakash Singh,SP,,,,,False,6,2009,GE
1491118,Mahesh Chandra Kandpal,IND,16059,285,0.628071489961874,8,6,58,UK,Mahesh Chandra Kandpal,IND,,,,,False,6,2009,GE
1491119,Bindu Gupta,IND,16059,262,0.577385018842144,9,6,58,UK,Bindu Gupta,IND,,,,,False,6,2009,GE
1491120,Sheeshpal Singh Arya,ANC,16091,251,0.55314366308923,10,6,58,UK,Sheeshpal Singh Arya,ANC,,,,,False,6,2009,GE
1491121,Moualana Yade Ilahi,IND,16059,207,0.456178240077572,11,6,58,UK,Moualana Yade Ilahi,IND,,,,,False,6,2009,GE
1491122,Bahadur Singh Jangi,CPI(ML)(L),16088,144,0.317341384401789,12,6,58,UK,Bahadur Singh Jangi,CPI(ML)(L),,,,,False,6,2009,GE
1491123,Rais Ahmad Ansari,JD(S),16106,108,0.238006038301342,13,6,58,UK,Rais Ahmad Ansari,JD(S),,,,,False,6,2009,GE
1491124,Madan Singh Mer,LJP,16070,92,0.202745884478921,14,6,58,UK,Madan Singh Mer,LJP,,,,,False,6,2009,GE
1491167,K.C. Singh Baba,INC,16058,26529,47.2786569717707,1,6,59,UK,K.C. Singh Baba,INC,,,,,False,6,2009,GE
1491168,Bachi Singh Rawat,BJP,16057,19055,33.958867978329,2,6,59,UK,Bachi Singh Rawat,BJP,,,,,False,6,2009,GE
1491169,Narayan Pal,BSP,16062,7766,13.8401767892785,3,6,59,UK,Narayan Pal,BSP,,,,,False,6,2009,GE
1491170,Prem Prakash Singh,SP,16079,1228,2.18848018249215,4,6,59,UK,Prem Prakash Singh,SP,,,,,False,6,2009,GE
1491171,Dr. Narayan Singh Jantwal,UKKD,16063,496,0.883946392928428,5,6,59,UK,Dr. Narayan Singh Jantwal,UKKD,,,,,False,6,2009,GE
1491172,Sitaram,IND,16059,223,0.397419446820644,6,6,59,UK,Sitaram,IND,,,,,False,6,2009,GE
1491173,Bindu Gupta,IND,16059,145,0.258411747932706,7,6,59,UK,Bindu Gupta,IND,,,,,False,6,2009,GE
1491174,Rishi Pal Singh,ABRS,16150,137,0.244154548046763,8,6,59,UK,Rishi Pal Singh,ABRS,,,,,False,6,2009,GE
1491175,Mahesh Chandra Kandpal,IND,16059,115,0.204947248360422,9,6,59,UK,Mahesh Chandra Kandpal,IND,,,,,False,6,2009,GE
1491176,Moualana Yade Ilahi,IND,16059,107,0.190690048474479,10,6,59,UK,Moualana Yade Ilahi,IND,,,,,False,6,2009,GE
1491177,Madan Singh Mer,LJP,16070,88,0.156829198745366,11,6,59,UK,Madan Singh Mer,LJP,,,,,False,6,2009,GE
1491178,Bahadur Singh Jangi,CPI(ML)(L),16088,83,0.147918448816652,12,6,59,UK,Bahadur Singh Jangi,CPI(ML)(L),,,,,False,6,2009,GE
1491179,Rais Ahmad Ansari,JD(S),16106,75,0.13366124893071,13,6,59,UK,Rais Ahmad Ansari,JD(S),,,,,False,6,2009,GE
1491180,Sheeshpal Singh Arya,ANC,16091,65,0.115839749073282,14,6,59,UK,Sheeshpal Singh Arya,ANC,,,,,False,6,2009,GE
1491242,Bachi Singh Rawat,BJP,16057,24212,45.8951758127191,1,6,60,UK,Bachi Singh Rawat,BJP,,,,,False,6,2009,GE
1491243,K.C. Singh Baba,INC,16058,17139,32.4879158373613,2,6,60,UK,K.C. Singh Baba,INC,,,,,False,6,2009,GE
1491244,Narayan Pal,BSP,16062,7670,14.538906264809,3,6,60,UK,Narayan Pal,BSP,,,,,False,6,2009,GE
1491245,Dr. Narayan Singh Jantwal,UKKD,16063,1715,3.25087669415221,4,6,60,UK,Dr. Narayan Singh Jantwal,UKKD,,,,,False,6,2009,GE
1491246,Sitaram,IND,16059,450,0.852999715666761,5,6,60,UK,Sitaram,IND,,,,,False,6,2009,GE
1491247,Prem Prakash Singh,SP,16079,264,0.500426499857833,6,6,60,UK,Prem Prakash Singh,SP,,,,,False,6,2009,GE
1491248,Bindu Gupta,IND,16059,259,0.490948725239313,7,6,60,UK,Bindu Gupta,IND,,,,,False,6,2009,GE
1491249,Rishi Pal Singh,ABRS,16150,201,0.381006539664486,8,6,60,UK,Rishi Pal Singh,ABRS,,,,,False,6,2009,GE
1491250,Mahesh Chandra Kandpal,IND,16059,188,0.356364325656335,9,6,60,UK,Mahesh Chandra Kandpal,IND,,,,,False,6,2009,GE
1491251,Moualana Yade Ilahi,IND,16059,158,0.299497677945218,10,6,60,UK,Moualana Yade Ilahi,IND,,,,,False,6,2009,GE
1491252,Madan Singh Mer,LJP,16070,142,0.269168799165955,11,6,60,UK,Madan Singh Mer,LJP,,,,,False,6,2009,GE
1491253,Sheeshpal Singh Arya,ANC,16091,133,0.25210880485262,12,6,60,UK,Sheeshpal Singh Arya,ANC,,,,,False,6,2009,GE
1491254,Bahadur Singh Jangi,CPI(ML)(L),16088,125,0.236944365462989,13,6,60,UK,Bahadur Singh Jangi,CPI(ML)(L),,,,,False,6,2009,GE
1491255,Rais Ahmad Ansari,JD(S),16106,99,0.187659937446687,14,6,60,UK,Rais Ahmad Ansari,JD(S),,,,,False,6,2009,GE
1491315,Satpal Maharaj,INC,16058,19640,40.2030623106525,1,6,61,UK,Satpal Maharaj,INC,,,,,False,6,2009,GE
1491316,Lt. Gen(Retd) Tejpal Singh Rawat,BJP,16057,14318,29.3089331040694,2,6,61,UK,Lt. Gen(Retd) Tejpal Singh Rawat,BJP,,,,,False,6,2009,GE
1491317,Rajeev Agarwal,BSP,16062,12488,25.5629247523131,3,6,61,UK,Rajeev Agarwal,BSP,,,,,False,6,2009,GE
1491318,Lalita Prasad Bhatt,CPI,16084,480,0.98255956767379,4,6,61,UK,Lalita Prasad Bhatt,CPI,,,,,False,6,2009,GE
1491319,Shiv Singh,IND,16059,408,0.835175632522721,5,6,61,UK,Shiv Singh,IND,,,,,False,6,2009,GE
1491320,Anand Prakash,UKKD,16063,333,0.681650700073691,6,6,61,UK,Anand Prakash,UKKD,,,,,False,6,2009,GE
1491321,Indresh Maikhuri,CPI(ML)(L),16088,303,0.62024072709408,7,6,61,UK,Indresh Maikhuri,CPI(ML)(L),,,,,False,6,2009,GE
1491322,Om Parkash,IND,16059,215,0.440104806353885,8,6,61,UK,Om Parkash,IND,,,,,False,6,2009,GE
1491323,Abbdul Kadir,IND,16059,209,0.427822811757962,9,6,61,UK,Abbdul Kadir,IND,,,,,False,6,2009,GE
1491324,Rashid Khan,ANC,16091,165,0.337754851387865,10,6,61,UK,Rashid Khan,ANC,,,,,False,6,2009,GE
1491325,Mahadev,JKM,16089,122,0.249733890117088,11,6,61,UK,Mahadev,JKM,,,,,False,6,2009,GE
1491326,R. P. Dhyani,ABHM,16090,86,0.176041922541554,12,6,61,UK,R. P. Dhyani,ABHM,,,,,False,6,2009,GE
1491327,Ganesh Pant,LJP,16070,85,0.173994923442233,13,6,61,UK,Ganesh Pant,LJP,,,,,False,6,2009,GE
1491383,K.C. Singh Baba,INC,16058,29562,53.4092140921409,1,6,62,UK,K.C. Singh Baba,INC,,,,,False,6,2009,GE
1491384,Bachi Singh Rawat,BJP,16057,13111,23.687443541102,2,6,62,UK,Bachi Singh Rawat,BJP,,,,,False,6,2009,GE
1491385,Narayan Pal,BSP,16062,9855,17.8048780487804,3,6,62,UK,Narayan Pal,BSP,,,,,False,6,2009,GE
1491386,Prem Prakash Singh,SP,16079,592,1.06955736224028,4,6,62,UK,Prem Prakash Singh,SP,,,,,False,6,2009,GE
1491387,Dr. Narayan Singh Jantwal,UKKD,16063,553,0.999096657633242,5,6,62,UK,Dr. Narayan Singh Jantwal,UKKD,,,,,False,6,2009,GE
1491388,Sitaram,IND,16059,433,0.782294489611562,6,6,62,UK,Sitaram,IND,,,,,False,6,2009,GE
1491389,Rishi Pal Singh,ABRS,16150,297,0.536585365853658,7,6,62,UK,Rishi Pal Singh,ABRS,,,,,False,6,2009,GE
1491390,Bindu Gupta,IND,16059,206,0.372177055103884,8,6,62,UK,Bindu Gupta,IND,,,,,False,6,2009,GE
1491391,Mahesh Chandra Kandpal,IND,16059,175,0.31616982836495,9,6,62,UK,Mahesh Chandra Kandpal,IND,,,,,False,6,2009,GE
1491392,Moualana Yade Ilahi,IND,16059,169,0.305329719963866,10,6,62,UK,Moualana Yade Ilahi,IND,,,,,False,6,2009,GE
1491393,Sheeshpal Singh Arya,ANC,16091,123,0.222222222222222,11,6,62,UK,Sheeshpal Singh Arya,ANC,,,,,False,6,2009,GE
1491394,Rais Ahmad Ansari,JD(S),16106,95,0.17163504968383,12,6,62,UK,Rais Ahmad Ansari,JD(S),,,,,False,6,2009,GE
1491395,Bahadur Singh Jangi,CPI(ML)(L),16088,92,0.166214995483288,13,6,62,UK,Bahadur Singh Jangi,CPI(ML)(L),,,,,False,6,2009,GE
1491396,Madan Singh Mer,LJP,16070,87,0.157181571815718,14,6,62,UK,Madan Singh Mer,LJP,,,,,False,6,2009,GE
1491455,K.C. Singh Baba,INC,16058,32734,56.4359849660356,1,6,63,UK,K.C. Singh Baba,INC,,,,,False,6,2009,GE
1491456,Bachi Singh Rawat,BJP,16057,16155,27.8524878452467,2,6,63,UK,Bachi Singh Rawat,BJP,,,,,False,6,2009,GE
1491457,Narayan Pal,BSP,16062,7164,12.3512982310954,3,6,63,UK,Narayan Pal,BSP,,,,,False,6,2009,GE
1491458,Prem Prakash Singh,SP,16079,484,0.834453984345367,4,6,63,UK,Prem Prakash Singh,SP,,,,,False,6,2009,GE
1491459,Sitaram,IND,16059,323,0.556877349056929,5,6,63,UK,Sitaram,IND,,,,,False,6,2009,GE
1491460,Rishi Pal Singh,ABRS,16150,219,0.377573187131478,6,6,63,UK,Rishi Pal Singh,ABRS,,,,,False,6,2009,GE
1491461,Dr. Narayan Singh Jantwal,UKKD,16063,203,0.349987931450639,7,6,63,UK,Dr. Narayan Singh Jantwal,UKKD,,,,,False,6,2009,GE
1491462,Bindu Gupta,IND,16059,145,0.249991379607599,8,6,63,UK,Bindu Gupta,IND,,,,,False,6,2009,GE
1491463,Moualana Yade Ilahi,IND,16059,129,0.222406123926761,9,6,63,UK,Moualana Yade Ilahi,IND,,,,,False,6,2009,GE
1491464,Mahesh Chandra Kandpal,IND,16059,122,0.210337574566394,10,6,63,UK,Mahesh Chandra Kandpal,IND,,,,,False,6,2009,GE
1491465,Rais Ahmad Ansari,JD(S),16106,112,0.19309678976587,11,6,63,UK,Rais Ahmad Ansari,JD(S),,,,,False,6,2009,GE
1491466,Sheeshpal Singh Arya,ANC,16091,76,0.131029964483983,12,6,63,UK,Sheeshpal Singh Arya,ANC,,,,,False,6,2009,GE
1491467,Madan Singh Mer,LJP,16070,70,0.120685493603668,13,6,63,UK,Madan Singh Mer,LJP,,,,,False,6,2009,GE
1491468,Bahadur Singh Jangi,CPI(ML)(L),16088,66,0.113789179683459,14,6,63,UK,Bahadur Singh Jangi,CPI(ML)(L),,,,,False,6,2009,GE
1491528,K.C. Singh Baba,INC,16058,29779,48.47000227872,1,6,64,UK,K.C. Singh Baba,INC,,,,,False,6,2009,GE
1491529,Bachi Singh Rawat,BJP,16057,16969,27.6197141834044,2,6,64,UK,Bachi Singh Rawat,BJP,,,,,False,6,2009,GE
1491530,Narayan Pal,BSP,16062,11894,19.3593541456427,3,6,64,UK,Narayan Pal,BSP,,,,,False,6,2009,GE
1491531,Prem Prakash Singh,SP,16079,554,0.901722061265015,4,6,64,UK,Prem Prakash Singh,SP,,,,,False,6,2009,GE
1491532,Sitaram,IND,16059,526,0.856147661056675,5,6,64,UK,Sitaram,IND,,,,,False,6,2009,GE
1491533,Dr. Narayan Singh Jantwal,UKKD,16063,373,0.607116117061102,6,6,64,UK,Dr. Narayan Singh Jantwal,UKKD,,,,,False,6,2009,GE
1491534,Rishi Pal Singh,ABRS,16150,259,0.421563201927146,7,6,64,UK,Rishi Pal Singh,ABRS,,,,,False,6,2009,GE
1491535,Bindu Gupta,IND,16059,247,0.402031316123571,8,6,64,UK,Bindu Gupta,IND,,,,,False,6,2009,GE
1491536,Moualana Yade Ilahi,IND,16059,195,0.317393144308082,9,6,64,UK,Moualana Yade Ilahi,IND,,,,,False,6,2009,GE
1491537,Mahesh Chandra Kandpal,IND,16059,192,0.312510172857189,10,6,64,UK,Mahesh Chandra Kandpal,IND,,,,,False,6,2009,GE
1491538,Sheeshpal Singh Arya,ANC,16091,146,0.237637943943487,11,6,64,UK,Sheeshpal Singh Arya,ANC,,,,,False,6,2009,GE
1491539,Rais Ahmad Ansari,JD(S),16106,127,0.206712458087828,12,6,64,UK,Rais Ahmad Ansari,JD(S),,,,,False,6,2009,GE
1491540,Bahadur Singh Jangi,CPI(ML)(L),16088,94,0.152999772127998,13,6,64,UK,Bahadur Singh Jangi,CPI(ML)(L),,,,,False,6,2009,GE
1491541,Madan Singh Mer,LJP,16070,83,0.135095543474722,14,6,64,UK,Madan Singh Mer,LJP,,,,,False,6,2009,GE
1491587,K.C. Singh Baba,INC,16058,28130,43.672664606977,1,6,65,UK,K.C. Singh Baba,INC,,,,,False,6,2009,GE
1491588,Bachi Singh Rawat,BJP,16057,19868,30.8456630078713,2,6,65,UK,Bachi Singh Rawat,BJP,,,,,False,6,2009,GE
1491589,Narayan Pal,BSP,16062,12879,19.9950319044883,3,6,65,UK,Narayan Pal,BSP,,,,,False,6,2009,GE
1491590,Prem Prakash Singh,SP,16079,1181,1.83353774976323,4,6,65,UK,Prem Prakash Singh,SP,,,,,False,6,2009,GE
1491591,Sitaram,IND,16059,464,0.72037384918725,5,6,65,UK,Sitaram,IND,,,,,False,6,2009,GE
1491592,Rishi Pal Singh,ABRS,16150,343,0.532517737653506,6,6,65,UK,Rishi Pal Singh,ABRS,,,,,False,6,2009,GE
1491593,Dr. Narayan Singh Jantwal,UKKD,16063,298,0.462653894521122,7,6,65,UK,Dr. Narayan Singh Jantwal,UKKD,,,,,False,6,2009,GE
1491594,Mahesh Chandra Kandpal,IND,16059,259,0.402105230473055,8,6,65,UK,Mahesh Chandra Kandpal,IND,,,,,False,6,2009,GE
1491595,Bindu Gupta,IND,16059,215,0.333793917188057,9,6,65,UK,Bindu Gupta,IND,,,,,False,6,2009,GE
1491596,Moualana Yade Ilahi,IND,16059,197,0.305848379935104,10,6,65,UK,Moualana Yade Ilahi,IND,,,,,False,6,2009,GE
1491597,Bahadur Singh Jangi,CPI(ML)(L),16088,175,0.271692723292605,11,6,65,UK,Bahadur Singh Jangi,CPI(ML)(L),,,,,False,6,2009,GE
1491598,Sheeshpal Singh Arya,ANC,16091,165,0.256167424818742,12,6,65,UK,Sheeshpal Singh Arya,ANC,,,,,False,6,2009,GE
1491599,Rais Ahmad Ansari,JD(S),16106,124,0.192513701075903,13,6,65,UK,Rais Ahmad Ansari,JD(S),,,,,False,6,2009,GE
1491600,Madan Singh Mer,LJP,16070,113,0.175435872754653,14,6,65,UK,Madan Singh Mer,LJP,,,,,False,6,2009,GE
1491649,K.C. Singh Baba,INC,16058,32251,47.4789111840652,1,6,66,UK,K.C. Singh Baba,INC,,,,,False,6,2009,GE
1491650,Bachi Singh Rawat,BJP,16057,19934,29.3462099018063,2,6,66,UK,Bachi Singh Rawat,BJP,,,,,False,6,2009,GE
1491651,Narayan Pal,BSP,16062,12472,18.3608874232632,3,6,66,UK,Narayan Pal,BSP,,,,,False,6,2009,GE
1491652,Prem Prakash Singh,SP,16079,990,1.45744696512432,4,6,66,UK,Prem Prakash Singh,SP,,,,,False,6,2009,GE
1491653,Sitaram,IND,16059,473,0.696335772226066,5,6,66,UK,Sitaram,IND,,,,,False,6,2009,GE
1491654,Rishi Pal Singh,ABRS,16150,291,0.428401077627453,6,6,66,UK,Rishi Pal Singh,ABRS,,,,,False,6,2009,GE
1491655,Mahesh Chandra Kandpal,IND,16059,265,0.390124692684793,7,6,66,UK,Mahesh Chandra Kandpal,IND,,,,,False,6,2009,GE
1491656,Dr. Narayan Singh Jantwal,UKKD,16063,261,0.384236018078231,8,6,66,UK,Dr. Narayan Singh Jantwal,UKKD,,,,,False,6,2009,GE
1491657,Bindu Gupta,IND,16059,229,0.337126621225727,9,6,66,UK,Bindu Gupta,IND,,,,,False,6,2009,GE
1491658,Moualana Yade Ilahi,IND,16059,203,0.298850236283068,10,6,66,UK,Moualana Yade Ilahi,IND,,,,,False,6,2009,GE
1491659,Bahadur Singh Jangi,CPI(ML)(L),16088,158,0.232602646959235,11,6,66,UK,Bahadur Singh Jangi,CPI(ML)(L),,,,,False,6,2009,GE
1491660,Madan Singh Mer,LJP,16070,152,0.223769635049391,12,6,66,UK,Madan Singh Mer,LJP,,,,,False,6,2009,GE
1491661,Sheeshpal Singh Arya,ANC,16091,142,0.209047948532983,13,6,66,UK,Sheeshpal Singh Arya,ANC,,,,,False,6,2009,GE
1491662,Rais Ahmad Ansari,JD(S),16106,106,0.156049877073917,14,6,66,UK,Rais Ahmad Ansari,JD(S),,,,,False,6,2009,GE
1491722,K.C. Singh Baba,INC,16058,25186,46.4463541474569,1,6,67,UK,K.C. Singh Baba,INC,,,,,False,6,2009,GE
1491723,Bachi Singh Rawat,BJP,16057,13574,25.0322723416811,2,6,67,UK,Bachi Singh Rawat,BJP,,,,,False,6,2009,GE
1491724,Narayan Pal,BSP,16062,10603,19.5533507911334,3,6,67,UK,Narayan Pal,BSP,,,,,False,6,2009,GE
1491725,Prem Prakash Singh,SP,16079,2721,5.01788809796038,4,6,67,UK,Prem Prakash Singh,SP,,,,,False,6,2009,GE
1491726,Sitaram,IND,16059,506,0.933131708036735,5,6,67,UK,Sitaram,IND,,,,,False,6,2009,GE
1491727,Dr. Narayan Singh Jantwal,UKKD,16063,389,0.717368052225869,6,6,67,UK,Dr. Narayan Singh Jantwal,UKKD,,,,,False,6,2009,GE
1491728,Rishi Pal Singh,ABRS,16150,245,0.451812783535573,7,6,67,UK,Rishi Pal Singh,ABRS,,,,,False,6,2009,GE
1491729,Bindu Gupta,IND,16059,200,0.368826762069855,8,6,67,UK,Bindu Gupta,IND,,,,,False,6,2009,GE
1491730,Mahesh Chandra Kandpal,IND,16059,171,0.315346881569726,9,6,67,UK,Mahesh Chandra Kandpal,IND,,,,,False,6,2009,GE
1491731,Moualana Yade Ilahi,IND,16059,169,0.311658613949028,10,6,67,UK,Moualana Yade Ilahi,IND,,,,,False,6,2009,GE
1491732,Sheeshpal Singh Arya,ANC,16091,141,0.260022867259248,11,6,67,UK,Sheeshpal Singh Arya,ANC,,,,,False,6,2009,GE
1491733,Madan Singh Mer,LJP,16070,131,0.241581529155755,12,6,67,UK,Madan Singh Mer,LJP,,,,,False,6,2009,GE
1491734,Bahadur Singh Jangi,CPI(ML)(L),16088,105,0.193634050086674,13,6,67,UK,Bahadur Singh Jangi,CPI(ML)(L),,,,,False,6,2009,GE
1491735,Rais Ahmad Ansari,JD(S),16106,85,0.156751373879688,14,6,67,UK,Rais Ahmad Ansari,JD(S),,,,,False,6,2009,GE
1491791,K.C. Singh Baba,INC,16058,18405,33.0727762803234,1,6,68,UK,K.C. Singh Baba,INC,,,,,False,6,2009,GE
1491792,Bachi Singh Rawat,BJP,16057,16398,29.466307277628,2,6,68,UK,Bachi Singh Rawat,BJP,,,,,False,6,2009,GE
1491793,Narayan Pal,BSP,16062,11627,20.8930817610062,3,6,68,UK,Narayan Pal,BSP,,,,,False,6,2009,GE
1491794,Prem Prakash Singh,SP,16079,7322,13.1572327044025,4,6,68,UK,Prem Prakash Singh,SP,,,,,False,6,2009,GE
1491795,Sitaram,IND,16059,422,0.758310871518418,5,6,68,UK,Sitaram,IND,,,,,False,6,2009,GE
1491796,Dr. Narayan Singh Jantwal,UKKD,16063,337,0.605570530098831,6,6,68,UK,Dr. Narayan Singh Jantwal,UKKD,,,,,False,6,2009,GE
1491797,Rishi Pal Singh,ABRS,16150,208,0.373764600179694,7,6,68,UK,Rishi Pal Singh,ABRS,,,,,False,6,2009,GE
1491798,Bindu Gupta,IND,16059,193,0.34681042228212,8,6,68,UK,Bindu Gupta,IND,,,,,False,6,2009,GE
1491799,Moualana Yade Ilahi,IND,16059,171,0.307277628032345,9,6,68,UK,Moualana Yade Ilahi,IND,,,,,False,6,2009,GE
1491800,Mahesh Chandra Kandpal,IND,16059,169,0.303683737646001,10,6,68,UK,Mahesh Chandra Kandpal,IND,,,,,False,6,2009,GE
1491801,Sheeshpal Singh Arya,ANC,16091,132,0.237196765498652,11,6,68,UK,Sheeshpal Singh Arya,ANC,,,,,False,6,2009,GE
1491802,Madan Singh Mer,LJP,16070,107,0.192273135669362,12,6,68,UK,Madan Singh Mer,LJP,,,,,False,6,2009,GE
1491803,Bahadur Singh Jangi,CPI(ML)(L),16088,80,0.143755615453728,13,6,68,UK,Bahadur Singh Jangi,CPI(ML)(L),,,,,False,6,2009,GE
1491804,Rais Ahmad Ansari,JD(S),16106,79,0.141958670260557,14,6,68,UK,Rais Ahmad Ansari,JD(S),,,,,False,6,2009,GE
1491859,K.C. Singh Baba,INC,16058,17555,37.3081990904067,1,6,69,UK,K.C. Singh Baba,INC,,,,,False,6,2009,GE
1491860,Bachi Singh Rawat,BJP,16057,12867,27.3451778807327,2,6,69,UK,Bachi Singh Rawat,BJP,,,,,False,6,2009,GE
1491861,Narayan Pal,BSP,16062,12455,26.4695881327836,3,6,69,UK,Narayan Pal,BSP,,,,,False,6,2009,GE
1491862,Prem Prakash Singh,SP,16079,2195,4.66485314744761,4,6,69,UK,Prem Prakash Singh,SP,,,,,False,6,2009,GE
1491863,Sitaram,IND,16059,485,1.03073064989161,5,6,69,UK,Sitaram,IND,,,,,False,6,2009,GE
1491864,Dr. Narayan Singh Jantwal,UKKD,16063,342,0.726824499511199,6,6,69,UK,Dr. Narayan Singh Jantwal,UKKD,,,,,False,6,2009,GE
1491865,Bindu Gupta,IND,16059,215,0.456921834488035,7,6,69,UK,Bindu Gupta,IND,,,,,False,6,2009,GE
1491866,Moualana Yade Ilahi,IND,16059,185,0.393165299443192,8,6,69,UK,Moualana Yade Ilahi,IND,,,,,False,6,2009,GE
1491867,Rishi Pal Singh,ABRS,16150,177,0.376163556764568,9,6,69,UK,Rishi Pal Singh,ABRS,,,,,False,6,2009,GE
1491868,Mahesh Chandra Kandpal,IND,16059,152,0.323033110893866,10,6,69,UK,Mahesh Chandra Kandpal,IND,,,,,False,6,2009,GE
1491869,Sheeshpal Singh Arya,ANC,16091,138,0.293280061206273,11,6,69,UK,Sheeshpal Singh Arya,ANC,,,,,False,6,2009,GE
1491870,Madan Singh Mer,LJP,16070,108,0.229523526161431,12,6,69,UK,Madan Singh Mer,LJP,,,,,False,6,2009,GE
1491871,Rais Ahmad Ansari,JD(S),16106,93,0.19764525863901,13,6,69,UK,Rais Ahmad Ansari,JD(S),,,,,False,6,2009,GE
1491872,Bahadur Singh Jangi,CPI(ML)(L),16088,87,0.184893951630042,14,6,69,UK,Bahadur Singh Jangi,CPI(ML)(L),,,,,False,6,2009,GE
1491921,K.C. Singh Baba,INC,16058,15323,33.1874986463364,1,6,70,UK,K.C. Singh Baba,INC,,,,,False,6,2009,GE
1491922,Narayan Pal,BSP,16062,13487,29.2109765870351,2,6,70,UK,Narayan Pal,BSP,,,,,False,6,2009,GE
1491923,Bachi Singh Rawat,BJP,16057,13462,29.1568300448333,3,6,70,UK,Bachi Singh Rawat,BJP,,,,,False,6,2009,GE
1491924,Prem Prakash Singh,SP,16079,1684,3.64731108271425,4,6,70,UK,Prem Prakash Singh,SP,,,,,False,6,2009,GE
1491925,Sitaram,IND,16059,562,1.2172142686968,5,6,70,UK,Sitaram,IND,,,,,False,6,2009,GE
1491926,Dr. Narayan Singh Jantwal,UKKD,16063,399,0.864178813540967,6,6,70,UK,Dr. Narayan Singh Jantwal,UKKD,,,,,False,6,2009,GE
1491927,Rishi Pal Singh,ABRS,16150,235,0.50897749669706,7,6,70,UK,Rishi Pal Singh,ABRS,,,,,False,6,2009,GE
1491928,Moualana Yade Ilahi,IND,16059,210,0.454830954495245,8,6,70,UK,Moualana Yade Ilahi,IND,,,,,False,6,2009,GE
1491929,Bindu Gupta,IND,16059,205,0.444001646054882,9,6,70,UK,Bindu Gupta,IND,,,,,False,6,2009,GE
1491930,Mahesh Chandra Kandpal,IND,16059,160,0.346537870091615,10,6,70,UK,Mahesh Chandra Kandpal,IND,,,,,False,6,2009,GE
1491931,Sheeshpal Singh Arya,ANC,16091,134,0.290225466201728,11,6,70,UK,Sheeshpal Singh Arya,ANC,,,,,False,6,2009,GE
1491932,Rais Ahmad Ansari,JD(S),16106,107,0.231747200623768,12,6,70,UK,Rais Ahmad Ansari,JD(S),,,,,False,6,2009,GE
1491933,Madan Singh Mer,LJP,16070,105,0.227415477247622,13,6,70,UK,Madan Singh Mer,LJP,,,,,False,6,2009,GE
1491934,Bahadur Singh Jangi,CPI(ML)(L),16088,98,0.212254445431114,14,6,70,UK,Bahadur Singh Jangi,CPI(ML)(L),,,,,False,6,2009,GE
