el_res_id,ca_full_name,party_abb,party_id,el_vote_count,el_vote_perc,el_rank,el_id,ac_no,state_abb,original_ca_full_name,original_party_abb,caste,caste_category,gender,age,incumbency,el_id,el_year,el_type
1291595,Jadeja Pradhyumansinh Mahipatsinh,BJP,15159,80195,49.147525310715,1,45,1,GJ,Jadeja Pradhyumansinh Mahipatsinh,BJP,,,,,False,45,2022,AE
1291596,Jat Mamad Jung,INC,15160,70764,43.3677346603583,2,45,1,GJ,Jat Mamad Jung,INC,,,,,False,45,2022,AE
1291597,Hakumatsinh Juvansinh Jadeja,IND,15162,3502,2.14620155418821,3,45,1,GJ,Hakumatsinh Juvansinh Jadeja,IND,,,,,False,45,2022,AE
1291598,Nota,NOTA,15161,2942,1.80300541759615,4,45,1,GJ,Nota,NOTA,,,,,True,45,2022,AE
1291599,Mamubhai Mandabhai Rabari,IND,15162,1735,1.06329517319147,5,45,1,GJ,Mamubhai Mandabhai Rabari,IND,,,,,False,45,2022,AE
1291600,Vasantbhai Valji Khetani,AAAP,15172,1704,1.04429681563013,6,45,1,GJ,Vasantbhai Valji Khetani,AAAP,,,,,False,45,2022,AE
1291601,Meghwal Nagshi Khamubhai,BSP,15163,1042,0.638589954158801,7,45,1,GJ,Meghwal Nagshi Khamubhai,BSP,,,,,False,45,2022,AE
1291602,Uthar Razak Alimamad,IND,15162,450,0.275782609761478,8,45,1,GJ,Uthar Razak Alimamad,IND,,,,,False,45,2022,AE
1291603,Bhanushali Suresh Manji Mange,IND,15162,337,0.206530532199151,9,45,1,GJ,Bhanushali Suresh Manji Mange,IND,,,,,False,45,2022,AE
1291604,K. D. Jadeja,PRJVJP,15178,304,0.19,10,45,1,GJ,K. D. Jadeja,PRJVJP,,,,,False,45,2022,AE
1291605,Joshi Jagdishchandra Kakulal,SP,15176,197,0.120731498051136,11,45,1,GJ,Joshi Jagdishchandra Kakulal,SP,,,,,False,45,2022,AE
1291672,Aniruddha Bhailal Dave,BJP,15159,90303,53.2993755385832,1,45,2,GJ,Aniruddha Bhailal Dave,BJP,,,,,False,45,2022,AE
1291673,Rajendrasinh A. Jadeja,INC,15160,42006,24.7931250221335,2,45,2,GJ,Rajendrasinh A. Jadeja,INC,,,,,False,45,2022,AE
1291674,Kailasdan K. Gadhvi,AAAP,15172,22791,13.4518905008676,3,45,2,GJ,Kailasdan K. Gadhvi,AAAP,,,,,False,45,2022,AE
1291675,Advocate Mahamadiqbal Manjaliya,AIMIM,15185,8494,5.01339817973628,4,45,2,GJ,Advocate Mahamadiqbal Manjaliya,AIMIM,,,,,False,45,2022,AE
1291676,Nota,NOTA,15161,2427,1.43248379823639,5,45,2,GJ,Nota,NOTA,,,,,True,45,2022,AE
1291677,Kishorbhai Dheda,BSP,15163,1846,1.08956122436934,6,45,2,GJ,Kishorbhai Dheda,BSP,,,,,False,45,2022,AE
1291678,Sameja Abdulkarim Amad,IND,15162,663,0.391321284808707,7,45,2,GJ,Sameja Abdulkarim Amad,IND,,,,,False,45,2022,AE
1291679,Sangar Shivji Budhiya,IND,15162,517,0.305147970205281,8,45,2,GJ,Sangar Shivji Budhiya,IND,,,,,False,45,2022,AE
1291680,Vachhiya Lakhmir Rabari,PRJVJP,15178,379,0.22,9,45,2,GJ,Vachhiya Lakhmir Rabari,PRJVJP,,,,,False,45,2022,AE
1291756,Keshubhai Shivdas Patel,BJP,15159,96582,53.5896795672076,1,45,3,GJ,Keshubhai Shivdas Patel,BJP,,,,,False,45,2022,AE
1291757,Arjan Bhudia,INC,15160,36768,20.4011652101539,2,45,3,GJ,Arjan Bhudia,INC,,,,,False,45,2022,AE
1291758,Sakil Mahamad Sama,AIMIM,15185,31295,17.3644056041059,3,45,3,GJ,Sakil Mahamad Sama,AIMIM,,,,,False,45,2022,AE
1291759,Rajesh Kesara Pindoria,AAAP,15172,8060,4.47218754334859,4,45,3,GJ,Rajesh Kesara Pindoria,AAAP,,,,,False,45,2022,AE
1291760,Nota,NOTA,15161,3462,1.92093216812317,5,45,3,GJ,Nota,NOTA,,,,,True,45,2022,AE
1291761,Bhupendra Babulal Joshi,IND,15162,1116,0.619225967540574,6,45,3,GJ,Bhupendra Babulal Joshi,IND,,,,,False,45,2022,AE
1291762,Saiyad Jusabsha Mamadsha,BSP,15163,1043,0.578721043140518,7,45,3,GJ,Saiyad Jusabsha Mamadsha,BSP,,,,,False,45,2022,AE
1291763,Osman Ishabhai Kumbhar,IND,15162,545,0.302399778055208,8,45,3,GJ,Osman Ishabhai Kumbhar,IND,,,,,False,45,2022,AE
1291764,Theba Husen Mamad,IND,15162,467,0.259120543764738,9,45,3,GJ,Theba Husen Mamad,IND,,,,,False,45,2022,AE
1291765,Node Kasam Mohamad,RTORP,15166,448,0.25,10,45,3,GJ,Node Kasam Mohamad,RTORP,,,,,False,45,2022,AE
1291766,Mehulraj Bharatsinh Rathod,PRJVJP,15178,439,0.24,11,45,3,GJ,Mehulraj Bharatsinh Rathod,PRJVJP,,,,,False,45,2022,AE
1291837,Chhanga Trikam Bijal,BJP,15159,99076,56.5247405564842,1,45,4,GJ,Chhanga Trikam Bijal,BJP,,,,,False,45,2022,AE
1291838,Dangar Rameshbhai Shamjibhai,INC,15160,61367,35.0110395426719,2,45,4,GJ,Dangar Rameshbhai Shamjibhai,INC,,,,,False,45,2022,AE
1291839,Arjanbhai Chanabhai Rabari,AAAP,15172,7335,4.18475687332766,3,45,4,GJ,Arjanbhai Chanabhai Rabari,AAAP,,,,,False,45,2022,AE
1291840,Nota,NOTA,15161,2485,1.4177397178213,4,45,4,GJ,Nota,NOTA,,,,,True,45,2022,AE
1291841,Chavda Sudha Bakul,BSP,15163,2359,1.34585432367825,5,45,4,GJ,Chavda Sudha Bakul,BSP,,,,,False,45,2022,AE
1291842,Ramesh Jakharabhai Kodecha,IND,15162,1062,0.605891179205723,6,45,4,GJ,Ramesh Jakharabhai Kodecha,IND,,,,,False,45,2022,AE
1291843,Roshanali Ibrahim Sandhani,SDPI,15187,957,0.545986684086513,7,45,4,GJ,Roshanali Ibrahim Sandhani,SDPI,,,,,False,45,2022,AE
1291844,Kakal Ganibhai Adambhai,GSSP,15167,638,0.36,8,45,4,GJ,Kakal Ganibhai Adambhai,GSSP,,,,,False,45,2022,AE
1291913,Malti Kishor Maheshwari,BJP,15159,83760,55.2269805162694,1,45,5,GJ,Malti Kishor Maheshwari,BJP,,,,,False,45,2022,AE
1291914,Bharatbhai Veljibhai Solanki,INC,15160,45929,30.283189925164,2,45,5,GJ,Bharatbhai Veljibhai Solanki,INC,,,,,False,45,2022,AE
1291915,Budhabhai Thavar Maheshwari,AAAP,15172,14827,9.77615138627897,3,45,5,GJ,Budhabhai Thavar Maheshwari,AAAP,,,,,False,45,2022,AE
1291916,Nota,NOTA,15161,3105,2.0472752447829,4,45,5,GJ,Nota,NOTA,,,,,True,45,2022,AE
1291917,Maurya K. D.,BSP,15163,1010,0.665941383971252,5,45,5,GJ,Maurya K. D.,BSP,,,,,False,45,2022,AE
1291918,Laljibhai Karabhai Baliya,SP,15176,968,0.638248771964527,6,45,5,GJ,Laljibhai Karabhai Baliya,SP,,,,,False,45,2022,AE
1291919,Sondarva Jignasha Maheshbhai,IND,15162,793,0.522862888603171,7,45,5,GJ,Sondarva Jignasha Maheshbhai,IND,,,,,False,45,2022,AE
1291920,Samirbhai Jumabhai Maheshwari,IND,15162,559,0.368575478851415,8,45,5,GJ,Samirbhai Jumabhai Maheshwari,IND,,,,,False,45,2022,AE
1291921,Arvind Ashok Sanghela,GSSP,15167,429,0.28,9,45,5,GJ,Arvind Ashok Sanghela,GSSP,,,,,False,45,2022,AE
1291922,Maheshwari Vanita Dahyalal,SANVP,15189,285,0.19,10,45,5,GJ,Maheshwari Vanita Dahyalal,SANVP,,,,,False,45,2022,AE
1291992,Virendrasinh Bahadursinh Jadeja,BJP,15159,66961,46.169174124688,1,45,6,GJ,Virendrasinh Bahadursinh Jadeja,BJP,,,,,False,45,2022,AE
1291993,Bhachubhai Dharamshi Aarethiya,INC,15160,66384,45.7713363762979,2,45,6,GJ,Bhachubhai Dharamshi Aarethiya,INC,,,,,False,45,2022,AE
1291994,Nota,NOTA,15161,3942,2.71798336941682,3,45,6,GJ,Nota,NOTA,,,,,True,45,2022,AE
1291995,Amba Paravant Patel,AAAP,15172,2434,1.67822717431774,4,45,6,GJ,Amba Paravant Patel,AAAP,,,,,False,45,2022,AE
1291996,Saiyad Hasamsha Umarsha,IND,15162,1732,1.19420273866817,5,45,6,GJ,Saiyad Hasamsha Umarsha,IND,,,,,False,45,2022,AE
1291997,Vaniya Tejabhai Gelabhai,IND,15162,941,0.64881338168981,6,45,6,GJ,Vaniya Tejabhai Gelabhai,IND,,,,,False,45,2022,AE
1291998,Rathod Ambabhai Mayajar,IND,15162,697,0.48057696815919,7,45,6,GJ,Rathod Ambabhai Mayajar,IND,,,,,False,45,2022,AE
1291999,Mansukh Vajeram Makvana,GSSP,15167,589,0.41,8,45,6,GJ,Mansukh Vajeram Makvana,GSSP,,,,,False,45,2022,AE
1292000,Rajeshbhai Babubhai Dudasna,IND,15162,495,0.341299281547775,9,45,6,GJ,Rajeshbhai Babubhai Dudasna,IND,,,,,False,45,2022,AE
1292001,Rameshbhai Punjabhai Patani,IND,15162,354,0.244080698319014,10,45,6,GJ,Rameshbhai Punjabhai Patani,IND,,,,,False,45,2022,AE
1292002,Goshwami Sanjaygiri Rameshgiri,IND,15162,279,0.192368685963291,11,45,6,GJ,Goshwami Sanjaygiri Rameshgiri,IND,,,,,False,45,2022,AE
1292003,Navinchandra Manji Josarfal,IND,15162,226,0.155825530565246,12,45,6,GJ,Navinchandra Manji Josarfal,IND,,,,,False,45,2022,AE
1292086,Thakor Geniben Nagaji,INC,15160,102513,45.2592030092449,1,45,7,GJ,Thakor Geniben Nagaji,INC,,,,,True,45,2022,AE
1292087,Thakor Swarupji Sardarji,BJP,15159,86912,38.3714051090056,2,45,7,GJ,Thakor Swarupji Sardarji,BJP,,,,,False,45,2022,AE
1292088,Amirambhai Shankarlal Ashal,IND,15162,27346,12.0731825767542,3,45,7,GJ,Amirambhai Shankarlal Ashal,IND,,,,,False,45,2022,AE
1292089,Nota,NOTA,15161,3997,1.76466432967479,4,45,7,GJ,Nota,NOTA,,,,,True,45,2022,AE
1292090,Shantibhai Hajabhai Rathod,IND,15162,2289,1.01058710298363,5,45,7,GJ,Shantibhai Hajabhai Rathod,IND,,,,,False,45,2022,AE
1292091,Parmar Nayanaben Ranabhai,BSP,15163,1849,0.816328332641654,6,45,7,GJ,Parmar Nayanaben Ranabhai,BSP,,,,,False,45,2022,AE
1292092,Bhemajibhai Patel,AAAP,15172,1596,0.704629539695013,7,45,7,GJ,Bhemajibhai Patel,AAAP,,,,,False,45,2022,AE
1292166,Shankarbhai Lagdhirbhai Chaudhary,BJP,15159,117891,54.268129885195,1,45,8,GJ,Shankarbhai Lagdhirbhai Chaudhary,BJP,,,,,False,45,2022,AE
1292167,Gulabsinh Pirabhai Rajput,INC,15160,91385,42.0667654830186,2,45,8,GJ,Gulabsinh Pirabhai Rajput,INC,,,,,False,45,2022,AE
1292168,Nota,NOTA,15161,3466,1.59548513611799,3,45,8,GJ,Nota,NOTA,,,,,True,45,2022,AE
1292169,Sartanbhai Vakhatabhai Hadiyal,IND,15162,1878,0.864489638092783,4,45,8,GJ,Sartanbhai Vakhatabhai Hadiyal,IND,,,,,False,45,2022,AE
1292170,Hadiyal Maheshkumar Ranchhodbhai,BSP,15163,720,0.331433727064325,5,45,8,GJ,Hadiyal Maheshkumar Ranchhodbhai,BSP,,,,,False,45,2022,AE
1292171,Varan Manubhai Valabhai,IND,15162,476,0.219114519559193,6,45,8,GJ,Varan Manubhai Valabhai,IND,,,,,False,45,2022,AE
1292172,Virchandbhai Chelabhai Chavda,AAAP,15172,278,0.127970244616503,7,45,8,GJ,Virchandbhai Chelabhai Chavda,AAAP,,,,,False,45,2022,AE
1292173,Bochiya Mohanbhai Ishvarbhai,IND,15162,211,0.0971284950146843,8,45,8,GJ,Bochiya Mohanbhai Ishvarbhai,IND,,,,,False,45,2022,AE
1292174,Parmar Sedhabhai Vaghabhai,IND,15162,207,0.0952871965309936,9,45,8,GJ,Parmar Sedhabhai Vaghabhai,IND,,,,,False,45,2022,AE
1292175,Brahmkshatriya Bhagavtiben Khetsinhbhai,IND,15162,190,0.0874616779753081,10,45,8,GJ,Brahmkshatriya Bhagavtiben Khetsinhbhai,IND,,,,,False,45,2022,AE
1292176,Thakor Laxmiben Shureshbhai,IND,15162,166,0.0764138870731639,11,45,8,GJ,Thakor Laxmiben Shureshbhai,IND,,,,,False,45,2022,AE
1292177,Prakashbhai Manjibhai Daraji,SVPP,15200,137,0.06,12,45,8,GJ,Prakashbhai Manjibhai Daraji,SVPP,,,,,False,45,2022,AE
1292178,Kamleshbhai Kalubhai Desai,IND,15162,91,0.0418895405039633,13,45,8,GJ,Kamleshbhai Kalubhai Desai,IND,,,,,False,45,2022,AE
1292179,Bharatkumar Khemabhai Charamta,PRJVJP,15178,74,0.03,14,45,8,GJ,Bharatkumar Khemabhai Charamta,PRJVJP,,,,,False,45,2022,AE
1292180,Rameshji Vanaji Makvana,GAGUP,15196,68,0.03,15,45,8,GJ,Rameshji Vanaji Makvana,GAGUP,,,,,False,45,2022,AE
1292253,Mavjibhai Maganbhai Desai,IND,15162,96053,46.9556758130826,1,45,9,GJ,Mavjibhai Maganbhai Desai,IND,,,,,False,45,2022,AE
1292254,Patel Bhagvanbhai Hajabhai,BJP,15159,60357,29.5056242392244,2,45,9,GJ,Patel Bhagvanbhai Hajabhai,BJP,,,,,False,45,2022,AE
1292255,Patel Nathabhai Hegolabhai,INC,15160,38260,18.7034674253645,3,45,9,GJ,Patel Nathabhai Hegolabhai,INC,,,,,True,45,2022,AE
1292256,Nota,NOTA,15161,3811,1.8630139664941,4,45,9,GJ,Nota,NOTA,,,,,True,45,2022,AE
1292257,Prakashbhai Revabhai Solanki,BSP,15163,2154,1.05298663968205,5,45,9,GJ,Prakashbhai Revabhai Solanki,BSP,,,,,False,45,2022,AE
1292258,Dineshbhai Pataji Chauhan,IND,15162,1395,0.681948171938932,6,45,9,GJ,Dineshbhai Pataji Chauhan,IND,,,,,False,45,2022,AE
1292259,Devda Sureshkumar Trikamaji,AAAP,15172,1130,0.552402461857343,7,45,9,GJ,Devda Sureshkumar Trikamaji,AAAP,,,,,False,45,2022,AE
1292260,Dalpatji Kesarji Chauhan,IND,15162,974,0.47614159101686,8,45,9,GJ,Dalpatji Kesarji Chauhan,IND,,,,,False,45,2022,AE
1292261,Lashabhai Lavajibhai Bajag,JD(S),15202,427,0.21,9,45,9,GJ,Lashabhai Lavajibhai Bajag,JD(S),,,,,False,45,2022,AE
1292332,Kantibhai Kalabhai Kharadi,INC,15160,85134,46.4155449058702,1,45,10,GJ,Kantibhai Kalabhai Kharadi,INC,,,,,True,45,2022,AE
1292333,Parghi Latubhai Chandabhai,BJP,15159,78807,42.9660282307528,2,45,10,GJ,Parghi Latubhai Chandabhai,BJP,,,,,False,45,2022,AE
1292334,Bumbadiya Mahendrabhai Kesharabhai,AAAP,15172,12181,6.64115103834431,3,45,10,GJ,Bumbadiya Mahendrabhai Kesharabhai,AAAP,,,,,False,45,2022,AE
1292335,Nota,NOTA,15161,5213,2.84215748812814,4,45,10,GJ,Nota,NOTA,,,,,True,45,2022,AE
1292336,Dhrangi Kalabhai Mavabhai,IND,15162,2082,1.13511833690443,5,45,10,GJ,Dhrangi Kalabhai Mavabhai,IND,,,,,False,45,2022,AE
1292409,Jignesh Mevani,INC,15160,94765,48.001722216594,1,45,11,GJ,Jignesh Mevani,INC,,,,,False,45,2022,AE
1292410,Manibhai Jethabhai Vaghela,BJP,15159,89837,45.5055212237868,2,45,11,GJ,Manibhai Jethabhai Vaghela,BJP,,,,,False,45,2022,AE
1292411,Dalpatbhai Dahyabhai Bhatiya,AAAP,15172,4493,2.27585857562556,3,45,11,GJ,Dalpatbhai Dahyabhai Bhatiya,AAAP,,,,,False,45,2022,AE
1292412,Nota,NOTA,15161,2877,1.45729915915307,4,45,11,GJ,Nota,NOTA,,,,,True,45,2022,AE
1292413,Sundhiya Kalpeshkumar Rameshbhai,AIMIM,15185,2234,1.13159760915814,5,45,11,GJ,Sundhiya Kalpeshkumar Rameshbhai,AIMIM,,,,,False,45,2022,AE
1292414,Maheswari Manjulaben Vanrajbhai,IND,15162,1195,0.605308479384054,6,45,11,GJ,Maheswari Manjulaben Vanrajbhai,IND,,,,,False,45,2022,AE
1292415,Solanki Rajanikant Hirabhai,BSP,15163,648,0.328234221456792,7,45,11,GJ,Solanki Rajanikant Hirabhai,BSP,,,,,False,45,2022,AE
1292416,Bhatiya Piyushbhai Bhikhabhai,IND,15162,459,0.232499240198561,8,45,11,GJ,Bhatiya Piyushbhai Bhikhabhai,IND,,,,,False,45,2022,AE
1292417,Dattulbhai Somalal Joshi,IND,15162,290,0.146894944787762,9,45,11,GJ,Dattulbhai Somalal Joshi,IND,,,,,False,45,2022,AE
1292418,Dineshkumar Aljibhai Solanki,IND,15162,224,0.113463681491236,10,45,11,GJ,Dineshkumar Aljibhai Solanki,IND,,,,,False,45,2022,AE
1292419,Jayshriben Dahyabhai Parmar,PPSP,15206,220,0.11,11,45,11,GJ,Jayshriben Dahyabhai Parmar,PPSP,,,,,False,45,2022,AE
1292420,Dabhi Sharmishtaben Laljibhai,JD(S),15202,178,0.09,12,45,11,GJ,Dabhi Sharmishtaben Laljibhai,JD(S),,,,,False,45,2022,AE
1292498,Aniket Girishbhai Thaker,BJP,15159,95588,52.9271385303677,1,45,12,GJ,Aniket Girishbhai Thaker,BJP,,,,,False,45,2022,AE
1292499,Maheshkumar Amrutlal Patel,INC,15160,68608,37.9882947680824,2,45,12,GJ,Maheshkumar Amrutlal Patel,INC,,,,,False,45,2022,AE
1292500,Rameshkumar Khemrajbhai Nabhani,AAAP,15172,9606,5.31884852411089,3,45,12,GJ,Rameshkumar Khemrajbhai Nabhani,AAAP,,,,,False,45,2022,AE
1292501,Nota,NOTA,15161,2702,1.49609917886192,4,45,12,GJ,Nota,NOTA,,,,,True,45,2022,AE
1292502,Shaileshbhai Karshanbhai Parmar,BSP,15163,1267,0.701538734129554,5,45,12,GJ,Shaileshbhai Karshanbhai Parmar,BSP,,,,,False,45,2022,AE
1292503,Manish Brahmbhatt (krantikari),IND,15162,964,0.533767434649479,6,45,12,GJ,Manish Brahmbhatt (krantikari),IND,,,,,False,45,2022,AE
1292504,Shrimali Ashokbhai Balchandbhai,IND,15162,879,0.486702878689722,7,45,12,GJ,Shrimali Ashokbhai Balchandbhai,IND,,,,,True,45,2022,AE
1292505,Parmar Chhaganchandaraj Dhanabhai,IND,15162,346,0.191580427789128,8,45,12,GJ,Parmar Chhaganchandaraj Dhanabhai,IND,,,,,False,45,2022,AE
1292506,Chunara Gulshanben Ahemadbhai,IND,15162,333,0.184382319230577,9,45,12,GJ,Chunara Gulshanben Ahemadbhai,IND,,,,,False,45,2022,AE
1292507,Javidkhan Jafarkhan Parmar,IND,15162,310,0.171647204088525,10,45,12,GJ,Javidkhan Jafarkhan Parmar,IND,,,,,False,45,2022,AE
1292595,Pravinkumar Gordhanji Mali,BJP,15159,98006,45.508831887665,1,45,13,GJ,Pravinkumar Gordhanji Mali,BJP,,,,,False,45,2022,AE
1292596,Sanjaykumar Govabhai Rabari,INC,15160,55359,25.7058080573561,2,45,13,GJ,Sanjaykumar Govabhai Rabari,INC,,,,,False,45,2022,AE
1292597,Lebjibhai Thakor,IND,15162,45058,20.9225654265495,3,45,13,GJ,Lebjibhai Thakor,IND,,,,,False,45,2022,AE
1292598,Dr.rameshbhai Patel,AAAP,15172,9328,4.33143260461747,4,45,13,GJ,Dr.rameshbhai Patel,AAAP,,,,,False,45,2022,AE
1292599,Nota,NOTA,15161,2851,1.32385445494901,5,45,13,GJ,Nota,NOTA,,,,,True,45,2022,AE
1292600,Vaghela Gajubha Mohansing,IND,15162,1236,0.573933394008061,6,45,13,GJ,Vaghela Gajubha Mohansing,IND,,,,,False,45,2022,AE
1292601,Ashokbhai Popatbhai Parmar,GAGUP,15196,944,0.44,7,45,13,GJ,Ashokbhai Popatbhai Parmar,GAGUP,,,,,False,45,2022,AE
1292602,Jayantibhai Navabhai Chaudhary,IND,15162,934,0.433700477349133,8,45,13,GJ,Jayantibhai Navabhai Chaudhary,IND,,,,,False,45,2022,AE
1292603,Patel Jayantibhai Sagthabhai,IND,15162,534,0.247961514886977,9,45,13,GJ,Patel Jayantibhai Sagthabhai,IND,,,,,False,45,2022,AE
1292604,Soni Nitinkumar,PRJVJP,15178,450,0.21,10,45,13,GJ,Soni Nitinkumar,PRJVJP,,,,,False,45,2022,AE
1292605,Dineshbhai Sagthabhai Patel,IND,15162,332,0.154163338843589,11,45,13,GJ,Dineshbhai Sagthabhai Patel,IND,,,,,False,45,2022,AE
1292606,Jashvantkumar Padhiyar,NMSP,15209,324,0.15,12,45,13,GJ,Jashvantkumar Padhiyar,NMSP,,,,,False,45,2022,AE
1292688,Keshaji Shivaji Chauhan,BJP,15159,109123,56.6569575759463,1,45,14,GJ,Keshaji Shivaji Chauhan,BJP,,,,,False,45,2022,AE
1292689,Shivabhai Amarabhai Bhuriya,INC,15160,70709,36.7123045850791,2,45,14,GJ,Shivabhai Amarabhai Bhuriya,INC,,,,,False,45,2022,AE
1292690,Bhemabhai Ragnathbhai Chaudhary,AAAP,15172,5065,2.62976173787531,3,45,14,GJ,Bhemabhai Ragnathbhai Chaudhary,AAAP,,,,,False,45,2022,AE
1292691,Nota,NOTA,15161,3071,1.59447152951927,4,45,14,GJ,Nota,NOTA,,,,,True,45,2022,AE
1292692,Mansungbhai Mashrubhai Parmar,BSP,15163,2466,1.28035388856871,5,45,14,GJ,Mansungbhai Mashrubhai Parmar,BSP,,,,,False,45,2022,AE
1292693,Nayansinh Narsinhbhai Padhar,PRJVJP,15178,2169,1.13,6,45,14,GJ,Nayansinh Narsinhbhai Padhar,PRJVJP,,,,,False,45,2022,AE
1292762,Amrutji Motiji Thakor,INC,15160,96624,47.8128340129052,1,45,15,GJ,Amrutji Motiji Thakor,INC,,,,,False,45,2022,AE
1292763,Vaghela Kirtisinh Prabhatsinh,BJP,15159,91329,45.1926883337951,2,45,15,GJ,Vaghela Kirtisinh Prabhatsinh,BJP,,,,,False,45,2022,AE
1292764,Mukeshkumar Somalal Thakkar,AAAP,15172,5061,2.50435453861684,3,45,15,GJ,Mukeshkumar Somalal Thakkar,AAAP,,,,,False,45,2022,AE
1292765,Nota,NOTA,15161,3811,1.88581212145204,4,45,15,GJ,Nota,NOTA,,,,,True,45,2022,AE
1292766,Maheshbhai Vershibhai Makvana,BSP,15163,2139,1.0584497842524,5,45,15,GJ,Maheshbhai Vershibhai Makvana,BSP,,,,,False,45,2022,AE
1292767,Chaudhari Babubhai Mahdevbhai,IND,15162,1242,0.614583745694944,6,45,15,GJ,Chaudhari Babubhai Mahdevbhai,IND,,,,,False,45,2022,AE
1292768,Thakor Gandaji Manaji,IND,15162,1051,0.520070464352163,7,45,15,GJ,Thakor Gandaji Manaji,IND,,,,,False,45,2022,AE
1292769,Rathod Mavji Bhemaji,JSDP,15211,831,0.41,8,45,15,GJ,Rathod Mavji Bhemaji,JSDP,,,,,False,45,2022,AE
1292837,Lavingji Muljiji Solanki,BJP,15159,104512,52.7018577162797,1,45,16,GJ,Lavingji Muljiji Solanki,BJP,,,,,False,45,2022,AE
1292838,Raghubhai Merajbhai Desai,INC,15160,82045,41.3725114468402,2,45,16,GJ,Raghubhai Merajbhai Desai,INC,,,,,False,45,2022,AE
1292839,Nota,NOTA,15161,3571,1.80073421142868,3,45,16,GJ,Nota,NOTA,,,,,True,45,2022,AE
1292840,Thakor Lalabhai Raghubhai,AAAP,15172,2639,1.33075821449462,4,45,16,GJ,Thakor Lalabhai Raghubhai,AAAP,,,,,False,45,2022,AE
1292841,Sadhu Mayaram Karsandas,IND,15162,1559,0.786150836073179,5,45,16,GJ,Sadhu Mayaram Karsandas,IND,,,,,False,45,2022,AE
1292842,Sadhu Devendarkumar Sitaramdas,GNNS,15212,1152,0.58,6,45,16,GJ,Sadhu Devendarkumar Sitaramdas,GNNS,,,,,False,45,2022,AE
1292843,Thakor Versiji Dhamaji,IND,15162,785,0.395848881537809,7,45,16,GJ,Thakor Versiji Dhamaji,IND,,,,,False,45,2022,AE
1292844,Patel Pankajkumar Atmaram,IND,15162,671,0.338362547148879,8,45,16,GJ,Patel Pankajkumar Atmaram,IND,,,,,False,45,2022,AE
1292845,Tanna Girdharibhai Chunilal,IND,15162,453,0.228432539282328,9,45,16,GJ,Tanna Girdharibhai Chunilal,IND,,,,,False,45,2022,AE
1292846,Dolsangji D Thakor,JSDP,15211,348,0.18,10,45,16,GJ,Dolsangji D Thakor,JSDP,,,,,False,45,2022,AE
1292847,Kishan Kalubhai Thakor,IND,15162,301,0.151784093430421,11,45,16,GJ,Kishan Kalubhai Thakor,IND,,,,,False,45,2022,AE
1292848,Raval Bhurabhai Motibhai,SP,15176,272,0.137160376787623,12,45,16,GJ,Raval Bhurabhai Motibhai,SP,,,,,False,45,2022,AE
1292932,Thakor Dineshbhai Ataji,INC,15160,86406,46.425386045412,1,45,17,GJ,Thakor Dineshbhai Ataji,INC,,,,,False,45,2022,AE
1292933,Dilipkumar Virajibhai Thakor,BJP,15159,85002,45.6710259082947,2,45,17,GJ,Dilipkumar Virajibhai Thakor,BJP,,,,,False,45,2022,AE
1292934,Vishnubhai Jorabhai Patel,AAAP,15172,7586,4.07590883203129,3,45,17,GJ,Vishnubhai Jorabhai Patel,AAAP,,,,,False,45,2022,AE
1292935,Nota,NOTA,15161,3293,1.76930764353797,4,45,17,GJ,Nota,NOTA,,,,,True,45,2022,AE
1292936,Thakor Diwanji Hemaji,GAGUP,15196,1458,0.78,5,45,17,GJ,Thakor Diwanji Hemaji,GAGUP,,,,,False,45,2022,AE
1292937,Baloch Jalamkhan Kayamkhan,IND,15162,1052,0.565232809293029,6,45,17,GJ,Baloch Jalamkhan Kayamkhan,IND,,,,,False,45,2022,AE
1292938,Shankarbhai Sagarambhai Rabari,JSDP,15211,745,0.4,7,45,17,GJ,Shankarbhai Sagarambhai Rabari,JSDP,,,,,False,45,2022,AE
1292939,Shivanandji Sarswati Gurushree Madhvanandji,GNNS,15212,576,0.31,8,45,17,GJ,Shivanandji Sarswati Gurushree Madhvanandji,GNNS,,,,,False,45,2022,AE
1293019,Kiritkumar Chimanlal Patel,INC,15160,103505,50.1594363030162,1,45,18,GJ,Kiritkumar Chimanlal Patel,INC,,,,,True,45,2022,AE
1293020,Dr. Rajulben Desai,BJP,15159,86328,41.8353105373342,2,45,18,GJ,Dr. Rajulben Desai,BJP,,,,,False,45,2022,AE
1293021,Laleshbhai Thakkar,AAAP,15172,6808,3.2992168721408,3,45,18,GJ,Laleshbhai Thakkar,AAAP,,,,,False,45,2022,AE
1293022,Nota,NOTA,15161,2481,1.20231449174226,4,45,18,GJ,Nota,NOTA,,,,,True,45,2022,AE
1293023,Shabbirhusen Aajambhai Malek,IND,15162,2333,1.13059238582616,5,45,18,GJ,Shabbirhusen Aajambhai Malek,IND,,,,,False,45,2022,AE
1293024,Rohit Senma Alias Nagji,IND,15162,1041,0.504477785531518,6,45,18,GJ,Rohit Senma Alias Nagji,IND,,,,,False,45,2022,AE
1293025,Sarvakar Hasumatiben Parashottambhai,BSP,15163,913,0.442447856090563,7,45,18,GJ,Sarvakar Hasumatiben Parashottambhai,BSP,,,,,False,45,2022,AE
1293026,Mansuri Tofikbhai Umarbhai,IND,15162,647,0.313541908971078,8,45,18,GJ,Mansuri Tofikbhai Umarbhai,IND,,,,,False,45,2022,AE
1293027,Prhladji Pradhanji Thakor,IND,15162,487,0.236004497169884,9,45,18,GJ,Prhladji Pradhanji Thakor,IND,,,,,False,45,2022,AE
1293028,Pravinbhai Dahyalal Jadav,IND,15162,323,0.15652865007366,10,45,18,GJ,Pravinbhai Dahyalal Jadav,IND,,,,,False,45,2022,AE
1293029,Bhartji Kantiji Thakor,NMSP,15209,279,0.14,11,45,18,GJ,Bhartji Kantiji Thakor,NMSP,,,,,False,45,2022,AE
1293030,Parmar Hitendrakumar Ganeshbhai,IND,15162,274,0.132782817709544,12,45,18,GJ,Parmar Hitendrakumar Ganeshbhai,IND,,,,,False,45,2022,AE
1293031,Thakor Jayntiji Hiraji,GAGUP,15196,231,0.11,13,45,18,GJ,Thakor Jayntiji Hiraji,GAGUP,,,,,False,45,2022,AE
1293032,Pratapji Punjaji Thakor,IND,15162,212,0.102737070636582,14,45,18,GJ,Pratapji Punjaji Thakor,IND,,,,,False,45,2022,AE
1293033,Patel Jayeshkumar Gordhanbhai,IND,15162,202,0.0978909823990075,15,45,18,GJ,Patel Jayeshkumar Gordhanbhai,IND,,,,,False,45,2022,AE
1293034,Thakor Prahladsang Dhudaji,JSDP,15211,146,0.07,16,45,18,GJ,Thakor Prahladsang Dhudaji,JSDP,,,,,False,45,2022,AE
1293035,Thakor Sarjiji Kanjiji,IND,15162,142,0.0688144529735597,17,45,18,GJ,Thakor Sarjiji Kanjiji,IND,,,,,False,45,2022,AE
1293117,Balvantsinh Chandansinh Rajput,BJP,15159,91187,48.1920133603923,1,45,19,GJ,Balvantsinh Chandansinh Rajput,BJP,,,,,False,45,2022,AE
1293118,Chandanji Talaji Thakor,INC,15160,88373,46.7048241163537,2,45,19,GJ,Chandanji Talaji Thakor,INC,,,,,False,45,2022,AE
1293119,Rajput Mahendrasinh Dalpatsinh,AAAP,15172,2082,1.10032978183663,3,45,19,GJ,Rajput Mahendrasinh Dalpatsinh,AAAP,,,,,False,45,2022,AE
1293120,Govindbhai Rathod,BSP,15163,2040,1.07813292744799,4,45,19,GJ,Govindbhai Rathod,BSP,,,,,False,45,2022,AE
1293121,Nota,NOTA,15161,1857,0.981418061897513,5,45,19,GJ,Nota,NOTA,,,,,True,45,2022,AE
1293122,Abbasbhai Mohammadsharif Nodsola,AIMIM,15185,1137,0.600900558092338,6,45,19,GJ,Abbasbhai Mohammadsharif Nodsola,AIMIM,,,,,False,45,2022,AE
1293123,Baloch Hasankhan Dayamkhan,IND,15162,991,0.523740064265178,7,45,19,GJ,Baloch Hasankhan Dayamkhan,IND,,,,,False,45,2022,AE
1293124,Patel Dilipkumar,IND,15162,938,0.495729748012853,8,45,19,GJ,Patel Dilipkumar,IND,,,,,False,45,2022,AE
1293125,Kaji Sohil Hanifbhai,IND,15162,358,0.189201758836462,9,45,19,GJ,Kaji Sohil Hanifbhai,IND,,,,,False,45,2022,AE
1293126,Thakor Sanjayji,PPSP,15206,253,0.13,10,45,19,GJ,Thakor Sanjayji,PPSP,,,,,False,45,2022,AE
1293206,Sardarbhai Shamalbhai Chaudhary,BJP,15159,55460,36.2988997755044,1,45,20,GJ,Sardarbhai Shamalbhai Chaudhary,BJP,,,,,False,45,2022,AE
1293207,Desai Mukeshkumar Monghjibhai,INC,15160,51496,33.704438204821,2,45,20,GJ,Desai Mukeshkumar Monghjibhai,INC,,,,,False,45,2022,AE
1293208,Ramsinhji Shankarji Thakor,IND,15162,36384,23.8135443460503,3,45,20,GJ,Ramsinhji Shankarji Thakor,IND,,,,,False,45,2022,AE
1293209,Nota,NOTA,15161,2648,1.7331317455019,4,45,20,GJ,Nota,NOTA,,,,,True,45,2022,AE
1293210,Thakor Dineshji Hajurji,AAAP,15172,2600,1.70171546008495,5,45,20,GJ,Thakor Dineshji Hajurji,AAAP,,,,,False,45,2022,AE
1293211,Alok Hiralal Rai,IND,15162,2061,1.34893675509041,6,45,20,GJ,Alok Hiralal Rai,IND,,,,,False,45,2022,AE
1293212,Chauhan Mukeshsinh Dhirusinh,GAGUP,15196,963,0.63,7,45,20,GJ,Chauhan Mukeshsinh Dhirusinh,GAGUP,,,,,False,45,2022,AE
1293213,Rameshji Jivanji Thakor,IND,15162,824,0.539312899657693,8,45,20,GJ,Rameshji Jivanji Thakor,IND,,,,,False,45,2022,AE
1293214,Valjibhai Savjibhai Parmar,LGP,15217,351,0.23,9,45,20,GJ,Valjibhai Savjibhai Parmar,LGP,,,,,False,45,2022,AE
1293278,Patel Kiritkumar Keshavlal (k K Patel),BJP,15159,88561,59.7505026380061,1,45,21,GJ,Patel Kiritkumar Keshavlal (k K Patel),BJP,,,,,False,45,2022,AE
1293279,Patel Arvind Amrutlal (bhuro),INC,15160,37093,25.0259752526683,2,45,21,GJ,Patel Arvind Amrutlal (bhuro),INC,,,,,False,45,2022,AE
1293280,Urvishkumar Babubhai Patel,AAAP,15172,18461,12.4553023249537,3,45,21,GJ,Urvishkumar Babubhai Patel,AAAP,,,,,False,45,2022,AE
1293281,Nota,NOTA,15161,1775,1.19756035029483,4,45,21,GJ,Nota,NOTA,,,,,True,45,2022,AE
1293282,Arvindji Alkhaji Thakor,IND,15162,812,0.547841692641919,5,45,21,GJ,Arvindji Alkhaji Thakor,IND,,,,,False,45,2022,AE
1293283,Rabari Rameshbhai Sukhabhai,GAGUP,15196,556,0.38,6,45,21,GJ,Rabari Rameshbhai Sukhabhai,GAGUP,,,,,False,45,2022,AE
1293284,Parmar Hasmukhbhai Virabhai,BTJP,15223,534,0.36,7,45,21,GJ,Parmar Hasmukhbhai Virabhai,BTJP,,,,,False,45,2022,AE
1293285,Dr. Hiteshkumar Mahendrabhai Parmar,NIRBHP,15224,426,0.29,8,45,21,GJ,Dr. Hiteshkumar Mahendrabhai Parmar,NIRBHP,,,,,False,45,2022,AE
1293354,Rushikesh Ganeshbhai Patel,BJP,15159,88356,55.1071194686125,1,45,22,GJ,Rushikesh Ganeshbhai Patel,BJP,,,,,False,45,2022,AE
1293355,Kiritbhai Ishvarbhai Patel,INC,15160,53951,33.6489225683724,2,45,22,GJ,Kiritbhai Ishvarbhai Patel,INC,,,,,False,45,2022,AE
1293356,Jayantilal Mohanlal Patel (advocate),AAAP,15172,12831,8.00261951538965,3,45,22,GJ,Jayantilal Mohanlal Patel (advocate),AAAP,,,,,False,45,2022,AE
1293357,Nota,NOTA,15161,2325,1.450088876415,4,45,22,GJ,Nota,NOTA,,,,,True,45,2022,AE
1293358,Parmar Vijaykumar Kodarbhai,IND,15162,776,0.483986652945395,5,45,22,GJ,Parmar Vijaykumar Kodarbhai,IND,,,,,False,45,2022,AE
1293359,Thakor Vishnuji Nenaji (master),RTORP,15166,580,0.36,6,45,22,GJ,Thakor Vishnuji Nenaji (master),RTORP,,,,,False,45,2022,AE
1293360,Patel Upendrakumar Shankarlal,IND,15162,478,0.298125799108117,7,45,22,GJ,Patel Upendrakumar Shankarlal,IND,,,,,False,45,2022,AE
1293361,Prajapati Jagdish Kumar Bhikhabhai,BTJP,15223,421,0.26,8,45,22,GJ,Prajapati Jagdish Kumar Bhikhabhai,BTJP,,,,,False,45,2022,AE
1293362,Thakor Shankarji Mafaji,IND,15162,253,0.157794617519568,9,45,22,GJ,Thakor Shankarji Mafaji,IND,,,,,False,45,2022,AE
1293363,Khokhar Abdulrashid Shermohmad,IND,15162,210,0.130975769482645,10,45,22,GJ,Khokhar Abdulrashid Shermohmad,IND,,,,,False,45,2022,AE
1293364,Thakor Sanjayji Amratji,RSTHNDEKD,15225,154,0.1,11,45,22,GJ,Thakor Sanjayji Amratji,RSTHNDEKD,,,,,False,45,2022,AE
1293432,Thakor Sukhaji Somaji,BJP,15159,69872,42.9569152075545,1,45,23,GJ,Thakor Sukhaji Somaji,BJP,,,,,False,45,2022,AE
1293433,Thakor Amrutji(bhopaji) Babuji,INC,15160,58586,36.0183454652764,2,45,23,GJ,Thakor Amrutji(bhopaji) Babuji,INC,,,,,False,45,2022,AE
1293434,Bhaveshkumar Narotambhai Patel,IND,15162,17178,10.5609384221916,3,45,23,GJ,Bhaveshkumar Narotambhai Patel,IND,,,,,False,45,2022,AE
1293435,Sagarbhai Harjibhai Rabari,AAAP,15172,10763,6.61703226441078,4,45,23,GJ,Sagarbhai Harjibhai Rabari,AAAP,,,,,False,45,2022,AE
1293436,Nota,NOTA,15161,2466,1.51608302183749,5,45,23,GJ,Nota,NOTA,,,,,True,45,2022,AE
1293437,Zala Narendrasinh Vajesinh,GAGUP,15196,877,0.54,6,45,23,GJ,Zala Narendrasinh Vajesinh,GAGUP,,,,,False,45,2022,AE
1293438,Thakor Shaileshsinh Kirtisinh,IND,15162,759,0.466628959276018,7,45,23,GJ,Thakor Shaileshsinh Kirtisinh,IND,,,,,False,45,2022,AE
1293439,Dineshkumar Revabhai Rathod,BSP,15163,732,0.450029510131811,8,45,23,GJ,Dineshkumar Revabhai Rathod,BSP,,,,,False,45,2022,AE
1293440,Amitkumar Puskarray Patel(netaji),RWJD,15227,516,0.32,9,45,23,GJ,Amitkumar Puskarray Patel(netaji),RWJD,,,,,False,45,2022,AE
1293441,Dr. P. C. Patel,BRP,15220,458,0.28,10,45,23,GJ,Dr. P. C. Patel,BRP,,,,,False,45,2022,AE
1293442,Siddharajsinh Vajubha Zala,JSDP,15211,449,0.28,11,45,23,GJ,Siddharajsinh Vajubha Zala,JSDP,,,,,False,45,2022,AE
1293513,Karsanbhai Punjabhai Solanki,BJP,15159,107052,53.4514352478292,1,45,24,GJ,Karsanbhai Punjabhai Solanki,BJP,,,,,False,45,2022,AE
1293514,Pravinbhai Ganapatbhai Parmar,INC,15160,78858,39.3740731679307,2,45,24,GJ,Pravinbhai Ganapatbhai Parmar,INC,,,,,False,45,2022,AE
1293515,Haragovan Karsandas Dabhi,AAAP,15172,7253,3.62144807992849,3,45,24,GJ,Haragovan Karsandas Dabhi,AAAP,,,,,False,45,2022,AE
1293516,Nota,NOTA,15161,2505,1.25075519650088,4,45,24,GJ,Nota,NOTA,,,,,True,45,2022,AE
1293517,Mangalbhai Kacharabhai Makwana,IND,15162,1499,0.7484559040139,5,45,24,GJ,Mangalbhai Kacharabhai Makwana,IND,,,,,False,45,2022,AE
1293518,Bhupendrakumar Bhikhabhai Ravat,RSTHNDEKD,15225,1078,0.54,6,45,24,GJ,Bhupendrakumar Bhikhabhai Ravat,RSTHNDEKD,,,,,False,45,2022,AE
1293519,Laxmichand Pujabhai Chavada,IND,15162,863,0.430898896040024,7,45,24,GJ,Laxmichand Pujabhai Chavada,IND,,,,,False,45,2022,AE
1293520,Senama Mahendrabhai Somabhai,IND,15162,836,0.417417702305284,8,45,24,GJ,Senama Mahendrabhai Somabhai,IND,,,,,False,45,2022,AE
1293521,Kusumben Sureshkumar Rathod,IND,15162,335,0.167266663005107,9,45,24,GJ,Kusumben Sureshkumar Rathod,IND,,,,,False,45,2022,AE
1293585,Patel Mukeshkumar D.,BJP,15159,98816,56.0747239277729,1,45,25,GJ,Patel Mukeshkumar D.,BJP,,,,,False,45,2022,AE
1293586,P.k. Patel,INC,15160,53022,30.0881842221743,2,45,25,GJ,P.k. Patel,INC,,,,,False,45,2022,AE
1293587,Patel Dishantbhai Dhanjibhai(bhagat),AAAP,15172,15211,8.63172589120541,3,45,25,GJ,Patel Dishantbhai Dhanjibhai(bhagat),AAAP,,,,,False,45,2022,AE
1293588,Raval Anandkumar Manilal,IND,15162,2722,1.54464255314319,4,45,25,GJ,Raval Anandkumar Manilal,IND,,,,,False,45,2022,AE
1293589,Nota,NOTA,15161,2449,1.38972432499914,5,45,25,GJ,Nota,NOTA,,,,,True,45,2022,AE
1293590,Vasudev Tribhovandas Parmar,BSP,15163,819,0.464754684432136,6,45,25,GJ,Vasudev Tribhovandas Parmar,BSP,,,,,False,45,2022,AE
1293591,Nimesh Atmaram Patel,GSNJP,15229,817,0.46,7,45,25,GJ,Nimesh Atmaram Patel,GSNJP,,,,,False,45,2022,AE
1293592,Snehal Ganpatbhai Vaghela,IND,15162,564,0.320050844956929,8,45,25,GJ,Snehal Ganpatbhai Vaghela,IND,,,,,False,45,2022,AE
1293593,Thakor Arjanji Mohanji,IND,15162,470,0.266709037464107,9,45,25,GJ,Thakor Arjanji Mohanji,IND,,,,,False,45,2022,AE
1293594,Seta Mahomadjubed Ayubbhai (jakhami),IND,15162,449,0.254792250683796,10,45,25,GJ,Seta Mahomadjubed Ayubbhai (jakhami),IND,,,,,False,45,2022,AE
1293595,Parmar Devangkumar Prabhudas,IND,15162,235,0.133354518732053,11,45,25,GJ,Parmar Devangkumar Prabhudas,IND,,,,,True,45,2022,AE
1293596,Thakor Kamleshbhai Nenaji,IND,15162,230,0.130517188546265,12,45,25,GJ,Thakor Kamleshbhai Nenaji,IND,,,,,False,45,2022,AE
1293597,Taraben Rameshbhai Makwana,IND,15162,218,0.123707596100373,13,45,25,GJ,Taraben Rameshbhai Makwana,IND,,,,,False,45,2022,AE
1293598,Thakor Pratapji Kadavaji,IND,15162,200,0.113493207431535,14,45,25,GJ,Thakor Pratapji Kadavaji,IND,,,,,False,45,2022,AE
1293695,Dr. C. J. Chavda,INC,15160,78749,49.5164616816318,1,45,26,GJ,Dr. C. J. Chavda,INC,,,,,False,45,2022,AE
1293696,Ramanbhai D. Patel(starline),BJP,15159,71696,45.0816167408637,2,45,26,GJ,Ramanbhai D. Patel(starline),BJP,,,,,False,45,2022,AE
1293697,Chiragbhai Patel(k.k.group),AAAP,15172,5019,3.15588923262657,3,45,26,GJ,Chiragbhai Patel(k.k.group),AAAP,,,,,False,45,2022,AE
1293698,Nota,NOTA,15161,2059,1.29467541940189,4,45,26,GJ,Nota,NOTA,,,,,True,45,2022,AE
1293699,Urvashiben Dipakbhai Patel,RSTHNDEKD,15225,552,0.35,5,45,26,GJ,Urvashiben Dipakbhai Patel,RSTHNDEKD,,,,,False,45,2022,AE
1293700,Parmar Ajitkumar Hamirji,IND,15162,511,0.321310898161422,6,45,26,GJ,Parmar Ajitkumar Hamirji,IND,,,,,False,45,2022,AE
1293701,Chaudhari Shankarbhai Devjibhai,IND,15162,267,0.167886516260469,7,45,26,GJ,Chaudhari Shankarbhai Devjibhai,IND,,,,,False,45,2022,AE
1293702,Ujaskumar Rameshbhai Patel,IND,15162,183,0.115068286425714,8,45,26,GJ,Ujaskumar Rameshbhai Patel,IND,,,,,False,45,2022,AE
1293786,Vinendrasinh Dilipsinh Zala,BJP,15159,98792,48.349238976166,1,45,27,GJ,Vinendrasinh Dilipsinh Zala,BJP,,,,,False,45,2022,AE
1293787,Kamleshkumar Jayantibhai Patel,INC,15160,89932,44.013116037782,2,45,27,GJ,Kamleshkumar Jayantibhai Patel,INC,,,,,True,45,2022,AE
1293788,Nirmalsinh Ajabsinh Parmar,AAAP,15172,10011,4.89942739685802,3,45,27,GJ,Nirmalsinh Ajabsinh Parmar,AAAP,,,,,False,45,2022,AE
1293789,Nota,NOTA,15161,2456,1.20197719375519,4,45,27,GJ,Nota,NOTA,,,,,True,45,2022,AE
1293790,Parmar Anilkumar Ramanlal,BSP,15163,1181,0.577986590319581,5,45,27,GJ,Parmar Anilkumar Ramanlal,BSP,,,,,False,45,2022,AE
1293791,Sanghani Sikandarbhai Mustakbhai,IND,15162,736,0.360201634610678,6,45,27,GJ,Sanghani Sikandarbhai Mustakbhai,IND,,,,,False,45,2022,AE
1293792,Solanki Maganbhai Lakhabhai,IND,15162,579,0.283365144618998,7,45,27,GJ,Solanki Maganbhai Lakhabhai,IND,,,,,False,45,2022,AE
1293793,Sanghani Salmankhan Mustakbhai,IND,15162,327,0.160035237116429,8,45,27,GJ,Sanghani Salmankhan Mustakbhai,IND,,,,,False,45,2022,AE
1293794,Pathan Usmangani Mahmdkhan,IND,15162,316,0.154651788773063,9,45,27,GJ,Pathan Usmangani Mahmdkhan,IND,,,,,False,45,2022,AE
1293884,Ramanlal Ishwarlal Vora,BJP,15159,113921,55.157404448576,1,45,28,GJ,Ramanlal Ishwarlal Vora,BJP,,,,,False,45,2022,AE
1293885,Ramabhai Virchandbhai Solanki,INC,15160,74481,36.0616448304912,2,45,28,GJ,Ramabhai Virchandbhai Solanki,INC,,,,,False,45,2022,AE
1293886,Jayantibhai Pranami,AAAP,15172,14568,7.05342358306945,3,45,28,GJ,Jayantibhai Pranami,AAAP,,,,,False,45,2022,AE
1293887,Nota,NOTA,15161,3568,1.72752713786325,4,45,28,GJ,Nota,NOTA,,,,,True,45,2022,AE
1293965,Dr.tushar Amarsinh Chaudhary,INC,15160,67349,32.6660975680735,1,45,29,GJ,Dr.tushar Amarsinh Chaudhary,INC,,,,,False,45,2022,AE
1293966,Ashvin Kotval,BJP,15159,65685,31.8590122905895,2,45,29,GJ,Ashvin Kotval,BJP,,,,,False,45,2022,AE
1293967,Gameti Bipinchandra Rupasibhai,AAAP,15172,55590,26.9626626053721,3,45,29,GJ,Gameti Bipinchandra Rupasibhai,AAAP,,,,,False,45,2022,AE
1293968,Nota,NOTA,15161,7331,3.55573447670414,4,45,29,GJ,Nota,NOTA,,,,,True,45,2022,AE
1293969,Shantilal Asari,IND,15162,2592,1.25719052838864,5,45,29,GJ,Shantilal Asari,IND,,,,,False,45,2022,AE
1293970,Dabhi Savjibhai Lakhmabhai,BTJP,15223,2188,1.06,6,45,29,GJ,Dabhi Savjibhai Lakhmabhai,BTJP,,,,,False,45,2022,AE
1293971,Rameshkumar Ramjibhai Modiya,IND,15162,1886,0.914761318109945,7,45,29,GJ,Rameshkumar Ramjibhai Modiya,IND,,,,,False,45,2022,AE
1293972,Pandor Ravajibhai Veljibhai,BTP,15232,1539,0.75,8,45,29,GJ,Pandor Ravajibhai Veljibhai,BTP,,,,,False,45,2022,AE
1293973,Parmar Rakeshkumar Babubhai,IND,15162,1321,0.640720944444983,9,45,29,GJ,Parmar Rakeshkumar Babubhai,IND,,,,,False,45,2022,AE
1293974,Robinsonbhai Simonbhai Chauhan,LoRP,15238,693,0.34,10,45,29,GJ,Robinsonbhai Simonbhai Chauhan,LoRP,,,,,False,45,2022,AE
1294052,P.c.baranda,BJP,15159,90396,43.6225708536214,1,45,30,GJ,P.c.baranda,BJP,,,,,False,45,2022,AE
1294053,Rupsibhai Babubhai Bhagora,AAAP,15172,61628,29.7399419948557,2,45,30,GJ,Rupsibhai Babubhai Bhagora,AAAP,,,,,False,45,2022,AE
1294054,Parghi Rajendrakumar Kantibhai,INC,15160,42831,20.6690377033437,3,45,30,GJ,Parghi Rajendrakumar Kantibhai,INC,,,,,False,45,2022,AE
1294055,Asari Amrutbhai Dharmabhai,GNNS,15212,3546,1.71,4,45,30,GJ,Asari Amrutbhai Dharmabhai,GNNS,,,,,False,45,2022,AE
1294056,Nota,NOTA,15161,2916,1.40717970495553,5,45,30,GJ,Nota,NOTA,,,,,True,45,2022,AE
1294057,Dr.mark Katara,BTP,15232,2611,1.26,6,45,30,GJ,Dr.mark Katara,BTP,,,,,False,45,2022,AE
1294058,Varunkumar Kalyansinh Katara,GSNJP,15229,1893,0.91,7,45,30,GJ,Varunkumar Kalyansinh Katara,GSNJP,,,,,False,45,2022,AE
1294059,Pandor Kaushikkumar Shankarbhai,IND,15162,1402,0.676565825222103,8,45,30,GJ,Pandor Kaushikkumar Shankarbhai,IND,,,,,False,45,2022,AE
1294136,Bhikhusinhji Chatursinhji Parmar,BJP,15159,98475,53.0162319308729,1,45,31,GJ,Bhikhusinhji Chatursinhji Parmar,BJP,,,,,False,45,2022,AE
1294137,Thakor Rajendrasinh Shivsinh,INC,15160,63687,34.287329403214,2,45,31,GJ,Thakor Rajendrasinh Shivsinh,INC,,,,,True,45,2022,AE
1294138,Professor Rajendrasinh Himmatsinh Parmar,AAAP,15172,14771,7.95230019650596,3,45,31,GJ,Professor Rajendrasinh Himmatsinh Parmar,AAAP,,,,,False,45,2022,AE
1294139,Nota,NOTA,15161,2585,1.39169291232603,4,45,31,GJ,Nota,NOTA,,,,,True,45,2022,AE
1294140,Rahulkumar Kacharabhai Solanki,IND,15162,1843,0.992220517375972,5,45,31,GJ,Rahulkumar Kacharabhai Solanki,IND,,,,,False,45,2022,AE
1294141,Dahyabhai Ramabhai Jadav,CPI(M),15239,1044,0.56,6,45,31,GJ,Dahyabhai Ramabhai Jadav,CPI(M),,,,,False,45,2022,AE
1294142,Patala Ashokbhai Sukhabhai,ISP,15231,993,0.53,7,45,31,GJ,Patala Ashokbhai Sukhabhai,ISP,,,,,False,45,2022,AE
1294143,Vaghela Dhanjibhai Hirabhai,IND,15162,703,0.37847586745269,8,45,31,GJ,Vaghela Dhanjibhai Hirabhai,IND,,,,,False,45,2022,AE
1294144,Patel Pravinbhai Karsanbhai,RaJPa,15216,564,0.3,9,45,31,GJ,Patel Pravinbhai Karsanbhai,RaJPa,,,,,False,45,2022,AE
1294145,Mahamad Hanifbhai Ahemadbhai Patel,IND,15162,465,0.250343212468707,10,45,31,GJ,Mahamad Hanifbhai Ahemadbhai Patel,IND,,,,,False,45,2022,AE
1294146,Natvarbhai Maganbhai Parmar,IND,15162,257,0.138361732482704,11,45,31,GJ,Natvarbhai Maganbhai Parmar,IND,,,,,False,45,2022,AE
1294147,Bakroliya Mohamadadnan Abdulmajidbhai,IND,15162,180,0.0969070499878866,12,45,31,GJ,Bakroliya Mohamadadnan Abdulmajidbhai,IND,,,,,False,45,2022,AE
1294148,Ninama Hardikkumar Virjibhai,IND,15162,178,0.0958303049880212,13,45,31,GJ,Ninama Hardikkumar Virjibhai,IND,,,,,False,45,2022,AE
1294223,Dhavalsinh Narendrasinh Zala,IND,15162,67078,38.8677714683045,1,45,32,GJ,Dhavalsinh Narendrasinh Zala,IND,,,,,False,45,2022,AE
1294224,Bhikhiben Girvatsinh Parmar,BJP,15159,61260,35.496581295631,2,45,32,GJ,Bhikhiben Girvatsinh Parmar,BJP,,,,,False,45,2022,AE
1294225,Mahendrasinh Shankersinh Vaghela,INC,15160,29874,17.3102329354502,3,45,32,GJ,Mahendrasinh Shankersinh Vaghela,INC,,,,,False,45,2022,AE
1294226,Chunibhai Bababhai Patel,AAAP,15172,5947,3.4459381156565,4,45,32,GJ,Chunibhai Bababhai Patel,AAAP,,,,,False,45,2022,AE
1294227,Nota,NOTA,15161,2304,1.33503302816085,5,45,32,GJ,Nota,NOTA,,,,,True,45,2022,AE
1294228,Kantibhai Nathabhai Khant,RSTHNDEKD,15225,1664,0.96,6,45,32,GJ,Kantibhai Nathabhai Khant,RSTHNDEKD,,,,,False,45,2022,AE
1294229,Hasmukh M Saxena (jannayak),IND,15162,1662,0.963031637501448,7,45,32,GJ,Hasmukh M Saxena (jannayak),IND,,,,,False,45,2022,AE
1294230,Mangalsinh Ramanbhai Khant,GAGUP,15196,765,0.44,8,45,32,GJ,Mangalsinh Ramanbhai Khant,GAGUP,,,,,False,45,2022,AE
1294231,Ramsibhai Lakhabhai Bharvad,IND,15162,762,0.441534360876115,9,45,32,GJ,Ramsibhai Lakhabhai Bharvad,IND,,,,,False,45,2022,AE
1294232,Khant Bhupatbhai Danlabhai,GNNS,15212,561,0.33,10,45,32,GJ,Khant Bhupatbhai Danlabhai,GNNS,,,,,False,45,2022,AE
1294233,Thakor Pokarsinh Pratapsinh,LGP,15217,377,0.22,11,45,32,GJ,Thakor Pokarsinh Pratapsinh,LGP,,,,,False,45,2022,AE
1294234,Pagi Laxmanbhai Revabhai,ISP,15231,326,0.19,12,45,32,GJ,Pagi Laxmanbhai Revabhai,ISP,,,,,False,45,2022,AE
1294305,Gajendrasinh Udesinh Parmar,BJP,15159,105324,57.2325950398852,1,45,33,GJ,Gajendrasinh Udesinh Parmar,BJP,,,,,False,45,2022,AE
1294306,Bahecharsinh Harisinh Rathod,INC,15160,40702,22.1172864998804,2,45,33,GJ,Bahecharsinh Harisinh Rathod,INC,,,,,False,45,2022,AE
1294307,Alpeshkumar Nareshbhai Patel,AAAP,15172,32139,17.4641902319212,3,45,33,GJ,Alpeshkumar Nareshbhai Patel,AAAP,,,,,False,45,2022,AE
1294308,Nota,NOTA,15161,3114,1.69213380572521,4,45,33,GJ,Nota,NOTA,,,,,True,45,2022,AE
1294309,Nadiya Chandubhai Motibhai,IND,15162,1110,0.603169082965635,5,45,33,GJ,Nadiya Chandubhai Motibhai,IND,,,,,False,45,2022,AE
1294310,Chauhan Vijaysinh Karansinh,IND,15162,1018,0.553176690503619,6,45,33,GJ,Chauhan Vijaysinh Karansinh,IND,,,,,False,45,2022,AE
1294311,Jyotiben Ashokbhai Rathod,RTORP,15166,621,0.34,7,45,33,GJ,Jyotiben Ashokbhai Rathod,RTORP,,,,,False,45,2022,AE
1294411,Chauhan Balrajsinh Kalyansinh,BJP,15159,75133,49.2565591933601,1,45,34,GJ,Chauhan Balrajsinh Kalyansinh,BJP,,,,,True,45,2022,AE
1294412,Chauhan Vakhatsinh Amarasinh,INC,15160,58960,38.6536772129492,2,45,34,GJ,Chauhan Vakhatsinh Amarasinh,INC,,,,,False,45,2022,AE
1294413,Suhag Panchal,AAAP,15172,12394,8.1254015498184,3,45,34,GJ,Suhag Panchal,AAAP,,,,,False,45,2022,AE
1294414,Nota,NOTA,15161,2689,1.76288565172355,4,45,34,GJ,Nota,NOTA,,,,,True,45,2022,AE
1294415,Amrutbhai Purshottambhai Patel,IND,15162,1092,0.715905961949467,5,45,34,GJ,Amrutbhai Purshottambhai Patel,IND,,,,,False,45,2022,AE
1294416,Rupalba Mohabatsinh Chauhan,GAGUP,15196,985,0.65,6,45,34,GJ,Rupalba Mohabatsinh Chauhan,GAGUP,,,,,False,45,2022,AE
1294417,Ashokbhai Natubhai Rathod,RTORP,15166,891,0.58,7,45,34,GJ,Ashokbhai Natubhai Rathod,RTORP,,,,,False,45,2022,AE
1294418,Jayendra K. Rathod,VPP,15183,390,0.26,8,45,34,GJ,Jayendra K. Rathod,VPP,,,,,False,45,2022,AE
1294512,Alpesh Khodaji Thakor,BJP,15159,134051,54.5850265898966,1,45,35,GJ,Alpesh Khodaji Thakor,BJP,,,,,False,45,2022,AE
1294513,Dr. Himanshu Patel (adalaj),INC,15160,90987,37.0495394613611,2,45,35,GJ,Dr. Himanshu Patel (adalaj),INC,,,,,False,45,2022,AE
1294514,Devendrabhai(dolatbhai) Pravinchandra Patel,AAAP,15172,11195,4.55855885203312,3,45,35,GJ,Devendrabhai(dolatbhai) Pravinchandra Patel,AAAP,,,,,False,45,2022,AE
1294515,Nota,NOTA,15161,4442,1.80876448599653,4,45,35,GJ,Nota,NOTA,,,,,True,45,2022,AE
1294516,Rajeshkumar Mangabhai Parmar,BSP,15163,1693,0.689382772353022,5,45,35,GJ,Rajeshkumar Mangabhai Parmar,BSP,,,,,False,45,2022,AE
1294517,Solanki Vinodkumar Kacharabhai,IND,15162,803,0.326978361606306,6,45,35,GJ,Solanki Vinodkumar Kacharabhai,IND,,,,,False,45,2022,AE
1294518,Chaudhari Kishorsinh Shrichand,JSDP,15211,583,0.24,7,45,35,GJ,Chaudhari Kishorsinh Shrichand,JSDP,,,,,False,45,2022,AE
1294519,Solanki Dharmendrakumar Chimanbhai,IND,15162,578,0.235359269001799,8,45,35,GJ,Solanki Dharmendrakumar Chimanbhai,IND,,,,,False,45,2022,AE
1294520,Rajveer,IND,15162,436,0.177537441669177,9,45,35,GJ,Rajveer,IND,,,,,False,45,2022,AE
1294521,Acharya Keyur Chimanbhai,IND,15162,307,0.12500916190926,10,45,35,GJ,Acharya Keyur Chimanbhai,IND,,,,,False,45,2022,AE
1294522,Rajendra Sureshbhai Parmar,BTJP,15223,300,0.12,11,45,35,GJ,Rajendra Sureshbhai Parmar,BTJP,,,,,False,45,2022,AE
1294523,Kishorpuri Chandanpuri Gauswami,IND,15162,207,0.0842895651961462,12,45,35,GJ,Kishorpuri Chandanpuri Gauswami,IND,,,,,False,45,2022,AE
1294613,Ritaben Ketankumar Patel,BJP,15159,80623,51.2454950517075,1,45,36,GJ,Ritaben Ketankumar Patel,BJP,,,,,False,45,2022,AE
1294614,Virendrasinh Mafaji Vaghela (ajitsinh-vasan),INC,15160,54512,34.6488523902445,2,45,36,GJ,Virendrasinh Mafaji Vaghela (ajitsinh-vasan),INC,,,,,False,45,2022,AE
1294615,Patel Mukeshbhai Karshanbhai,AAAP,15172,16620,10.5639845671753,3,45,36,GJ,Patel Mukeshbhai Karshanbhai,AAAP,,,,,False,45,2022,AE
1294616,Nota,NOTA,15161,2613,1.66087194187901,4,45,36,GJ,Nota,NOTA,,,,,True,45,2022,AE
1294617,Thakor Dharmesh (dhambha Thakor),GAGUP,15196,1051,0.67,5,45,36,GJ,Thakor Dharmesh (dhambha Thakor),GAGUP,,,,,False,45,2022,AE
1294618,Alkeshbhai Baldevbhai Parmar,IND,15162,519,0.329886160671721,6,45,36,GJ,Alkeshbhai Baldevbhai Parmar,IND,,,,,False,45,2022,AE
1294619,Shrimali Mrugeshkumar Amrutbhai,IND,15162,502,0.319080640958004,7,45,36,GJ,Shrimali Mrugeshkumar Amrutbhai,IND,,,,,False,45,2022,AE
1294620,Raj Prajapati,IND,15162,320,0.20339801814056,8,45,36,GJ,Raj Prajapati,IND,,,,,True,45,2022,AE
1294621,Patni Mahendrabhai Somabhai,IND,15162,279,0.177337647066301,9,45,36,GJ,Patni Mahendrabhai Somabhai,IND,,,,,False,45,2022,AE
1294622,Mahamdfarukh Bismillakhan Pathan,IND,15162,158,0.100427771456901,10,45,36,GJ,Mahamdfarukh Bismillakhan Pathan,IND,,,,,False,45,2022,AE
1294623,Pathan Mohammad Izharkhan Aldadkhan,IND,15162,130,0.0826304448696028,11,45,36,GJ,Pathan Mohammad Izharkhan Aldadkhan,IND,,,,,False,45,2022,AE
1294692,Jayantibhai Somabhai Patel (j.s. Patel),BJP,15159,98144,59.2882557977974,1,45,37,GJ,Jayantibhai Somabhai Patel (j.s. Patel),BJP,,,,,False,45,2022,AE
1294693,Babusinhji Mohansinhji Thakor,INC,15160,58878,35.5678790844342,2,45,37,GJ,Babusinhji Mohansinhji Thakor,INC,,,,,False,45,2022,AE
1294694,Bhaskarbhai Babubhai Patel,AAAP,15172,2965,1.79114034928747,3,45,37,GJ,Bhaskarbhai Babubhai Patel,AAAP,,,,,False,45,2022,AE
1294695,Nota,NOTA,15161,2232,1.34833904202685,4,45,37,GJ,Nota,NOTA,,,,,True,45,2022,AE
1294696,Nareshbhai Muljibhai Parmar,BSP,15163,990,0.598053607350622,5,45,37,GJ,Nareshbhai Muljibhai Parmar,BSP,,,,,False,45,2022,AE
1294697,Bharatkumar Amaraji Thakor,IND,15162,669,0.404139255876329,6,45,37,GJ,Bharatkumar Amaraji Thakor,IND,,,,,False,45,2022,AE
1294698,Mahipalsinh Rajendrasinh Vaghela,IND,15162,525,0.317149640261693,7,45,37,GJ,Mahipalsinh Rajendrasinh Vaghela,IND,,,,,False,45,2022,AE
1294699,Chavda Rajendrakumar Gandaji,RSTHNDEKD,15225,510,0.31,8,45,37,GJ,Chavda Rajendrakumar Gandaji,RSTHNDEKD,,,,,False,45,2022,AE
1294700,Thakor Aswinbhai Talaji,IND,15162,331,0.199955297003086,9,45,37,GJ,Thakor Aswinbhai Talaji,IND,,,,,False,45,2022,AE
1294701,Arvindji Jivanji Thakor,IND,15162,168,0.101487884883742,10,45,37,GJ,Arvindji Jivanji Thakor,IND,,,,,False,45,2022,AE
1294702,Rahul Ramaaniwas Mishra,NYP,15253,125,0.08,11,45,37,GJ,Rahul Ramaaniwas Mishra,NYP,,,,,False,45,2022,AE
1294793,Thakor Laxmanji Punjaji (bakaji),BJP,15159,86102,49.4134796382167,1,45,38,GJ,Thakor Laxmanji Punjaji (bakaji),BJP,,,,,False,45,2022,AE
1294794,Baldevji Chanduji Thakor,INC,15160,80369,46.1233414443781,2,45,38,GJ,Baldevji Chanduji Thakor,INC,,,,,True,45,2022,AE
1294795,Nota,NOTA,15161,2394,1.37390386116339,3,45,38,GJ,Nota,NOTA,,,,,True,45,2022,AE
1294796,Kantiji Atmaram Thakor (jagirdar),AAAP,15172,2069,1.18738809053762,4,45,38,GJ,Kantiji Atmaram Thakor (jagirdar),AAAP,,,,,False,45,2022,AE
1294797,Mahendrabhai Valjibhai Solanki,BSP,15163,940,0.539460998117625,5,45,38,GJ,Mahendrabhai Valjibhai Solanki,BSP,,,,,False,45,2022,AE
1294798,Vaghela Rameshbhai Devjibhai,IND,15162,905,0.519374684357926,6,45,38,GJ,Vaghela Rameshbhai Devjibhai,IND,,,,,False,45,2022,AE
1294799,Prajapati Kanaiyalal Keshavlal (kanubhai),IND,15162,322,0.184794086589229,7,45,38,GJ,Prajapati Kanaiyalal Keshavlal (kanubhai),IND,,,,,False,45,2022,AE
1294800,Patel Rajnikant Ambalal (bachukaka),IND,15162,286,0.164133878150681,8,45,38,GJ,Patel Rajnikant Ambalal (bachukaka),IND,,,,,False,45,2022,AE
1294801,Upasak Mahendrasheel Somabhai (b.r.p.),IND,15162,233,0.133717460171709,9,45,38,GJ,Upasak Mahendrasheel Somabhai (b.r.p.),IND,,,,,False,45,2022,AE
1294802,Thakor Bhupatsinh Khodaji,GAGUP,15196,177,0.1,10,45,38,GJ,Thakor Bhupatsinh Khodaji,GAGUP,,,,,False,45,2022,AE
1294803,Thakor Popatji Amaji,IND,15162,173,0.099283779440797,11,45,38,GJ,Thakor Popatji Amaji,IND,,,,,False,45,2022,AE
1294804,Thakor Ramsangji Kantiji,IND,15162,170,0.0975620954042514,12,45,38,GJ,Thakor Ramsangji Kantiji,IND,,,,,False,45,2022,AE
1294805,Hitendra Parejiya (patel),ABTP,15244,108,0.061980625315642,13,45,38,GJ,Hitendra Parejiya (patel),ABTP,,,,,False,45,2022,AE
1294915,Patel Hardik Bharatbhai,BJP,15159,99157,49.64,1,45,39,GJ,Patel Hardik Bharatbhai,BJP,,,,,False,45,2022,AE
1294916,Amarsinh Anadaji Thakor,AAAP,15172,47449,23.75,2,45,39,GJ,Amarsinh Anadaji Thakor,AAAP,,,,,False,45,2022,AE
1294917,Bharwad Lakhabhai Bhikhabhai,INC,15160,42724,21.3879864034802,3,45,39,GJ,Bharwad Lakhabhai Bhikhabhai,INC,,,,,True,45,2022,AE
1294918,Nota,NOTA,15161,3253,1.62847860150082,4,45,39,GJ,Nota,NOTA,,,,,True,45,2022,AE
1294919,Hardikkumar Jagdishchandra Patel,IND,15162,1218,0.609740835114664,5,45,39,GJ,Hardikkumar Jagdishchandra Patel,IND,,,,,False,45,2022,AE
1294920,Kirit Rathod,IND,15162,977,0.489094249513158,6,45,39,GJ,Kirit Rathod,IND,,,,,False,45,2022,AE
1294921,Chetanji Meruji Thakor,GAGUP,15196,964,0.48,7,45,39,GJ,Chetanji Meruji Thakor,GAGUP,,,,,False,45,2022,AE
1294922,Ko.pa.sukhabhai Karmanbhai,IND,15162,963,0.482085734167012,8,45,39,GJ,Ko.pa.sukhabhai Karmanbhai,IND,,,,,False,45,2022,AE
1294923,Ashok Mahendraprasad Nimbark (maharaj),GNNS,15212,734,0.37,9,45,39,GJ,Ashok Mahendraprasad Nimbark (maharaj),GNNS,,,,,False,45,2022,AE
1294924,Virambhai Talpadakoli,IND,15162,479,0.23979134648598,10,45,39,GJ,Virambhai Talpadakoli,IND,,,,,False,45,2022,AE
1294925,Mirza Abid Alibhai,IND,15162,456,0.228277356988741,11,45,39,GJ,Mirza Abid Alibhai,IND,,,,,False,45,2022,AE
1294926,Devipujak Rajeshbhai Laghrabhai,IND,15162,407,0.203747553277231,12,45,39,GJ,Devipujak Rajeshbhai Laghrabhai,IND,,,,,False,45,2022,AE
1294927,Mahendra K Chauhan (mama),IND,15162,395,0.197740254409107,13,45,39,GJ,Mahendra K Chauhan (mama),IND,,,,,False,45,2022,AE
1294928,Nareshbhai Rajabhai Bhamani,VPP,15183,371,0.19,14,45,39,GJ,Nareshbhai Rajabhai Bhamani,VPP,,,,,False,45,2022,AE
1294929,Trentiya Rakeshkumar Arvindbhai,PPSP,15206,210,0.11,15,45,39,GJ,Trentiya Rakeshkumar Arvindbhai,PPSP,,,,,False,45,2022,AE
1295029,Kanubhai Karamshibhai Patel,BJP,15159,100083,51.3952509089415,1,45,40,GJ,Kanubhai Karamshibhai Patel,BJP,,,,,True,45,2022,AE
1295030,Patel Rameshbhai Balabhai,INC,15160,64714,33.2323398311525,2,45,40,GJ,Patel Rameshbhai Balabhai,INC,,,,,False,45,2022,AE
1295031,Kuldipsinh Dilipsinh Vaghela,AAAP,15172,15871,8.15017562598853,3,45,40,GJ,Kuldipsinh Dilipsinh Vaghela,AAAP,,,,,False,45,2022,AE
1295032,Milind Bauddh (manubhai),IND,15162,3596,1.84664051106135,4,45,40,GJ,Milind Bauddh (manubhai),IND,,,,,False,45,2022,AE
1295033,Nota,NOTA,15161,2528,1.29819444159152,5,45,40,GJ,Nota,NOTA,,,,,True,45,2022,AE
1295034,Chauhan Kalubhai Mapabhai,BSP,15163,1888,0.969537620935439,6,45,40,GJ,Chauhan Kalubhai Mapabhai,BSP,,,,,False,45,2022,AE
1295035,Vaghela Bhailalbhai Chhelabhai,IND,15162,1303,0.66912474580449,7,45,40,GJ,Vaghela Bhailalbhai Chhelabhai,IND,,,,,False,45,2022,AE
1295036,Solanki Maheshbhai Ramanbhai,IND,15162,789,0.405172236715075,8,45,40,GJ,Solanki Maheshbhai Ramanbhai,IND,,,,,True,45,2022,AE
1295037,Mahant Devendra Mohandas,GSNJP,15229,746,0.38,9,45,40,GJ,Mahant Devendra Mohandas,GSNJP,,,,,False,45,2022,AE
1295038,Ansoyaben Patel,ABTP,15244,689,0.35,10,45,40,GJ,Ansoyaben Patel,ABTP,,,,,False,45,2022,AE
1295039,Chunara Prakashbhai Bhailalbhai,IND,15162,564,0.289628823203171,11,45,40,GJ,Chunara Prakashbhai Bhailalbhai,IND,,,,,False,45,2022,AE
1295040,Vaghari Kanubhai Govindbhai,IND,15162,466,0.239303247540209,12,45,40,GJ,Vaghari Kanubhai Govindbhai,IND,,,,,False,45,2022,AE
1295041,Prajapati Vijaykumar Amrutbhai,GAGUP,15196,408,0.21,13,45,40,GJ,Prajapati Vijaykumar Amrutbhai,GAGUP,,,,,False,45,2022,AE
1295042,Pagi Ganapatbhai Mavjibhai,PRJVJP,15178,406,0.21,14,45,40,GJ,Pagi Ganapatbhai Mavjibhai,PRJVJP,,,,,False,45,2022,AE
1295043,Vaghela Alpeshsinh Surubha,IND,15162,389,0.199761723805024,15,45,40,GJ,Vaghela Alpeshsinh Surubha,IND,,,,,False,45,2022,AE
1295044,Patel Navghanbhai Mangabhai,IND,15162,292,0.149949674424337,16,45,40,GJ,Patel Navghanbhai Mangabhai,IND,,,,,False,45,2022,AE
1295139,Patel Bhupendrabhai Rajnikant,BJP,15159,213530,82.9529429589256,1,45,41,GJ,Patel Bhupendrabhai Rajnikant,BJP,,,,,True,45,2022,AE
1295140,Dr.amee Yajnik,INC,15160,21267,8.26188469024245,2,45,41,GJ,Dr.amee Yajnik,INC,,,,,False,45,2022,AE
1295141,Vijay Patel,AAAP,15172,16194,6.29110644067269,3,45,41,GJ,Vijay Patel,AAAP,,,,,False,45,2022,AE
1295142,Nota,NOTA,15161,3993,1.55121576001025,4,45,41,GJ,Nota,NOTA,,,,,True,45,2022,AE
1295143,Nimesh Atmaram Patel,GSNJP,15229,779,0.3,5,45,41,GJ,Nimesh Atmaram Patel,GSNJP,,,,,False,45,2022,AE
1295144,Jayendra K. Rathod,VPP,15183,525,0.2,6,45,41,GJ,Jayendra K. Rathod,VPP,,,,,False,45,2022,AE
1295145,Naresh Narayanbhai Priyadarshi,IND,15162,375,0.145681419985936,7,45,41,GJ,Naresh Narayanbhai Priyadarshi,IND,,,,,False,45,2022,AE
1295146,Sanjuben Sohanlal Regar,JSDP,15211,291,0.11,8,45,41,GJ,Sanjuben Sohanlal Regar,JSDP,,,,,False,45,2022,AE
1295147,Hitendra Patel,ABTP,15244,276,0.11,9,45,41,GJ,Hitendra Patel,ABTP,,,,,False,45,2022,AE
1295148,Rahul Chimanbhai Mehta,RTORP,15166,181,0.07,10,45,41,GJ,Rahul Chimanbhai Mehta,RTORP,,,,,False,45,2022,AE
1295243,Amit Thaker,BJP,15159,128049,56.1758860767823,1,45,42,GJ,Amit Thaker,BJP,,,,,False,45,2022,AE
1295244,Rajendra Patel (rajubhai Makaraba),INC,15160,68398,30.0066244631333,2,45,42,GJ,Rajendra Patel (rajubhai Makaraba),INC,,,,,False,45,2022,AE
1295245,Kalpesh Patel (bholabhai),AAAP,15172,22194,9.73664468748766,3,45,42,GJ,Kalpesh Patel (bholabhai),AAAP,,,,,False,45,2022,AE
1295246,Nota,NOTA,15161,2890,1.26786082485533,4,45,42,GJ,Nota,NOTA,,,,,True,45,2022,AE
1295247,Saiyed Pirhusen (yasin Bapu),IND,15162,2315,1.01560477838757,5,45,42,GJ,Saiyed Pirhusen (yasin Bapu),IND,,,,,False,45,2022,AE
1295248,Zainab Shaikh,AIMIM,15185,2313,1.01472736605203,6,45,42,GJ,Zainab Shaikh,AIMIM,,,,,False,45,2022,AE
1295249,Solanki Vinodbhai (savaj),IND,15162,373,0.163637400578214,7,45,42,GJ,Solanki Vinodbhai (savaj),IND,,,,,False,45,2022,AE
1295250,Mohamad Faruk Shaikh,IND,15162,275,0.120644196136753,8,45,42,GJ,Mohamad Faruk Shaikh,IND,,,,,False,45,2022,AE
1295251,Shah Ankit,BHYUJEP,15194,205,0.09,9,45,42,GJ,Shah Ankit,BHYUJEP,,,,,False,45,2022,AE
1295252,Mansuri Suhana Ahemadbhai,IND,15162,186,0.0815993472052223,10,45,42,GJ,Mansuri Suhana Ahemadbhai,IND,,,,,False,45,2022,AE
1295253,Sabiralikhan Sahebdalikhan Pathan,IND,15162,171,0.0750187546886721,11,45,42,GJ,Sabiralikhan Sahebdalikhan Pathan,IND,,,,,False,45,2022,AE
1295254,Meman Muhammadhusen Abdullahbhai,SDPI,15187,140,0.0614188634878017,12,45,42,GJ,Meman Muhammadhusen Abdullahbhai,SDPI,,,,,False,45,2022,AE
1295255,Parthiv Vijaykumar Dave,RTORP,15166,132,0.06,13,45,42,GJ,Parthiv Vijaykumar Dave,RTORP,,,,,False,45,2022,AE
1295256,Shaikh Arif (fauji),IND,15162,129,0.0565930956423316,14,45,42,GJ,Shaikh Arif (fauji),IND,,,,,False,45,2022,AE
1295257,Tanveeruddin Ilmuddin Shaikh,IND,15162,97,0.0425544982736912,15,45,42,GJ,Tanveeruddin Ilmuddin Shaikh,IND,,,,,False,45,2022,AE
1295258,Shaikh Shaukatali Abdulkarim,JSDP,15211,76,0.03,16,45,42,GJ,Shaikh Shaukatali Abdulkarim,JSDP,,,,,False,45,2022,AE
1295365,Babusinh Sarabhai Jadav,BJP,15159,151710,64.0897281541093,1,45,43,GJ,Babusinh Sarabhai Jadav,BJP,,,,,False,45,2022,AE
1295366,Balvantsinh Hemantsang Gadhavi,INC,15160,51664,21.8254018545508,2,45,43,GJ,Balvantsinh Hemantsang Gadhavi,INC,,,,,False,45,2022,AE
1295367,Bipin Patel,AAAP,15172,24947,10.5388336184863,3,45,43,GJ,Bipin Patel,AAAP,,,,,False,45,2022,AE
1295368,Nota,NOTA,15161,2742,1.15835498384132,4,45,43,GJ,Nota,NOTA,,,,,True,45,2022,AE
1295369,Kalpeshbhai Narayanbhai Shete,GSNJP,15229,1612,0.68,5,45,43,GJ,Kalpeshbhai Narayanbhai Shete,GSNJP,,,,,False,45,2022,AE
1295370,Sujith Diwakar Pandey,IND,15162,805,0.340071393870265,6,45,43,GJ,Sujith Diwakar Pandey,IND,,,,,False,45,2022,AE
1295371,Rakesh Ramdev Yadav,SP,15176,558,0.235726506558519,7,45,43,GJ,Rakesh Ramdev Yadav,SP,,,,,False,45,2022,AE
1295372,Kartik Pandey,PRJVJP,15178,537,0.23,8,45,43,GJ,Kartik Pandey,PRJVJP,,,,,False,45,2022,AE
1295373,Patel Nikhil Bhikhabhai,BNJD,15175,478,0.2,9,45,43,GJ,Patel Nikhil Bhikhabhai,BNJD,,,,,False,45,2022,AE
1295374,Sharma Deepakkumar Vasudev,NMSP,15209,384,0.16,10,45,43,GJ,Sharma Deepakkumar Vasudev,NMSP,,,,,False,45,2022,AE
1295375,Jignaba Omkarsinh Zala,PPSP,15206,382,0.16,11,45,43,GJ,Jignaba Omkarsinh Zala,PPSP,,,,,False,45,2022,AE
1295376,Vishal Motilal Saroj,JSVP,15248,322,0.14,12,45,43,GJ,Vishal Motilal Saroj,JSVP,,,,,False,45,2022,AE
1295377,Mahendra Kunjadvala,JNMNP,15261,208,0.09,13,45,43,GJ,Mahendra Kunjadvala,JNMNP,,,,,False,45,2022,AE
1295378,Chaudhari Jagbirsingh,JSDP,15211,197,0.08,14,45,43,GJ,Chaudhari Jagbirsingh,JSDP,,,,,False,45,2022,AE
1295379,Mundra Anilkumar Niranjankumar,LGP,15217,169,0.07,15,45,43,GJ,Mundra Anilkumar Niranjankumar,LGP,,,,,False,45,2022,AE
1295461,Amit Shah,BJP,15159,119323,80.3884580922032,1,45,44,GJ,Amit Shah,BJP,,,,,False,45,2022,AE
1295462,Bhikhubhai Hargovindbhai Dave (bhikhu Dave -108),INC,15160,14527,9.78690722413479,2,45,44,GJ,Bhikhubhai Hargovindbhai Dave (bhikhu Dave -108),INC,,,,,False,45,2022,AE
1295463,Paras Rupeshkumar Shah,AAAP,15172,9467,6.37796177399904,3,45,44,GJ,Paras Rupeshkumar Shah,AAAP,,,,,False,45,2022,AE
1295464,Nota,NOTA,15161,3056,2.05884136276973,4,45,44,GJ,Nota,NOTA,,,,,True,45,2022,AE
1295465,Moradiya Pravinbhai Mavjibhai,BSP,15163,1077,0.725579891264072,5,45,44,GJ,Moradiya Pravinbhai Mavjibhai,BSP,,,,,False,45,2022,AE
1295466,Meenakshi Joshi,SUCI,15265,308,0.207501027399567,6,45,44,GJ,Meenakshi Joshi,SUCI,,,,,True,45,2022,AE
1295467,Gajjar Miteshkumar Narendrabhai,IND,15162,219,0.147541314936705,7,45,44,GJ,Gajjar Miteshkumar Narendrabhai,IND,,,,,False,45,2022,AE
1295468,Amiraj,IND,15162,188,0.126656471269865,8,45,44,GJ,Amiraj,IND,,,,,False,45,2022,AE
1295469,Mehta Ushabh Kaushikkumar (rushabh),BNJD,15175,145,0.1,9,45,44,GJ,Mehta Ushabh Kaushikkumar (rushabh),BNJD,,,,,False,45,2022,AE
1295470,Surendrabhai Keshavlal Shah,RTORP,15166,123,0.08,10,45,44,GJ,Surendrabhai Keshavlal Shah,RTORP,,,,,False,45,2022,AE
1295558,Jitendrakumar Ramanlal Patel (jitu Bhagat),BJP,15159,108160,77.4846155499358,1,45,45,GJ,Jitendrakumar Ramanlal Patel (jitu Bhagat),BJP,,,,,False,45,2022,AE
1295559,Sonal Ramanbhai Patel,INC,15160,15360,11.0037323857897,2,45,45,GJ,Sonal Ramanbhai Patel,INC,,,,,False,45,2022,AE
1295560,Pankajbhai Jayantilal Patel (bhemabhai),AAAP,15172,11785,8.44264232855024,3,45,45,GJ,Pankajbhai Jayantilal Patel (bhemabhai),AAAP,,,,,False,45,2022,AE
1295561,Nota,NOTA,15161,2637,1.889117337326,4,45,45,GJ,Nota,NOTA,,,,,True,45,2022,AE
1295562,Senma Shaileshkumar Bhikhalal (girish Ravat),BSP,15163,1032,0.739313269670246,5,45,45,GJ,Senma Shaileshkumar Bhikhalal (girish Ravat),BSP,,,,,False,45,2022,AE
1295563,Pujabhai Virabhai Salat,BTJP,15223,615,0.44,6,45,45,GJ,Pujabhai Virabhai Salat,BTJP,,,,,False,45,2022,AE
1295664,Jagdish Vishwakarma,BJP,15159,93714,61.7282649505654,1,45,46,GJ,Jagdish Vishwakarma,BJP,,,,,False,45,2022,AE
1295665,Ranjitsinh Barad,INC,15160,38516,25.3700178504383,2,45,46,GJ,Ranjitsinh Barad,INC,,,,,False,45,2022,AE
1295666,Ashokbhai Gajera,AAAP,15172,14811,9.7558244465376,3,45,46,GJ,Ashokbhai Gajera,AAAP,,,,,False,45,2022,AE
1295667,Nota,NOTA,15161,1939,1.27719557098348,4,45,46,GJ,Nota,NOTA,,,,,True,45,2022,AE
1295668,Kalpesh N. Shete (advocate),GSNJP,15229,716,0.47,5,45,46,GJ,Kalpesh N. Shete (advocate),GSNJP,,,,,False,45,2022,AE
1295669,Kazi Mohmmed Salim,SP,15176,445,0.293116054196829,6,45,46,GJ,Kazi Mohmmed Salim,SP,,,,,False,45,2022,AE
1295670,Maheriya Alpeshbhai (lalabhai),IND,15162,393,0.258864290560345,7,45,46,GJ,Maheriya Alpeshbhai (lalabhai),IND,,,,,False,45,2022,AE
1295671,Hafiz Ansari,IND,15162,392,0.258205602798105,8,45,46,GJ,Hafiz Ansari,IND,,,,,False,45,2022,AE
1295672,Amjadhussain Shaikh,IND,15162,235,0.154791624126415,9,45,46,GJ,Amjadhussain Shaikh,IND,,,,,False,45,2022,AE
1295673,Geetaben Patel,IND,15162,199,0.131078864685773,10,45,46,GJ,Geetaben Patel,IND,,,,,False,45,2022,AE
1295674,Kalpeshbhai Khamar,RMNMP,15267,193,0.13,11,45,46,GJ,Kalpeshbhai Khamar,RMNMP,,,,,False,45,2022,AE
1295675,Samir Rajeshkumar Upadhyay,SSJPS,15268,140,0.09,12,45,46,GJ,Samir Rajeshkumar Upadhyay,SSJPS,,,,,False,45,2022,AE
1295676,Dharmendra Kumar Pandey,JSVP,15248,124,0.08,13,45,46,GJ,Dharmendra Kumar Pandey,JSVP,,,,,False,45,2022,AE
1295785,Kukrani Payal Manojkumar,BJP,15159,112767,71.4850807295133,1,45,47,GJ,Kukrani Payal Manojkumar,BJP,,,,,False,45,2022,AE
1295786,Omprakash Darogaprasad Tiwari,AAAP,15172,29254,18.5446500453251,2,45,47,GJ,Omprakash Darogaprasad Tiwari,AAAP,,,,,False,45,2022,AE
1295787,Meghraj Dodwani,NCP,15192,8027,5.08846331830946,3,45,47,GJ,Meghraj Dodwani,NCP,,,,,False,45,2022,AE
1295788,Nota,NOTA,15161,1485,0.941368883479451,4,45,47,GJ,Nota,NOTA,,,,,True,45,2022,AE
1295789,Sharma Brijeshkumar Ujagarlal,IND,15162,1316,0.834236667110409,5,45,47,GJ,Sharma Brijeshkumar Ujagarlal,IND,,,,,False,45,2022,AE
1295790,Suthar Amit,IND,15162,905,0.573696188248419,6,45,47,GJ,Suthar Amit,IND,,,,,False,45,2022,AE
1295791,Gohil Mahendrasinh Laxmansinh,IND,15162,706,0.447546418677772,7,45,47,GJ,Gohil Mahendrasinh Laxmansinh,IND,,,,,False,45,2022,AE
1295792,Gautambhai B Trivedi,BHNGSRP,15269,541,0.34,8,45,47,GJ,Gautambhai B Trivedi,BHNGSRP,,,,,False,45,2022,AE
1295793,Prajapati Nitaben Mukeshkumar,GAGUP,15196,526,0.33,9,45,47,GJ,Prajapati Nitaben Mukeshkumar,GAGUP,,,,,False,45,2022,AE
1295794,Dipaben Nileshbhai Santwani,IND,15162,378,0.239621170340224,10,45,47,GJ,Dipaben Nileshbhai Santwani,IND,,,,,False,45,2022,AE
1295795,Prakashsingh Sundersingh Rajput,JNMNP,15261,272,0.17,11,45,47,GJ,Prakashsingh Sundersingh Rajput,JNMNP,,,,,False,45,2022,AE
1295796,Pandey Jyotiben Manojbhai,SWNTRABYKT,15195,265,0.17,12,45,47,GJ,Pandey Jyotiben Manojbhai,SWNTRABYKT,,,,,False,45,2022,AE
1295797,Patel Mittal Kanubhai,BTJP,15223,261,0.17,13,45,47,GJ,Patel Mittal Kanubhai,BTJP,,,,,False,45,2022,AE
1295798,Gulwani Ramkumar Baliramji,IND,15162,256,0.162283120653696,14,45,47,GJ,Gulwani Ramkumar Baliramji,IND,,,,,False,45,2022,AE
1295799,Vishram Dhruvsinh Sikarvar,PPSP,15206,205,0.13,15,45,47,GJ,Vishram Dhruvsinh Sikarvar,PPSP,,,,,False,45,2022,AE
1295800,Selukar Rakesh Sureshbhai,JSVP,15248,203,0.13,16,45,47,GJ,Selukar Rakesh Sureshbhai,JSVP,,,,,False,45,2022,AE
1295801,Tatad Archanaben Gautambhai,JSDP,15211,194,0.12,17,45,47,GJ,Tatad Archanaben Gautambhai,JSDP,,,,,False,45,2022,AE
1295802,Patel Satyamkumar K,SVPP,15200,188,0.12,18,45,47,GJ,Patel Satyamkumar K,SVPP,,,,,False,45,2022,AE
1295901,Kanchanben Vinubhai Radadiya,BJP,15159,89409,65.662730237067,1,45,48,GJ,Kanchanben Vinubhai Radadiya,BJP,,,,,False,45,2022,AE
1295902,Vijaykumar C. Brahmabhatt (vijay Barot),INC,15160,25610,18.8082018742105,2,45,48,GJ,Vijaykumar C. Brahmabhatt (vijay Barot),INC,,,,,False,45,2022,AE
1295903,Sanjay Mori,AAAP,15172,17456,12.8198349049675,3,45,48,GJ,Sanjay Mori,AAAP,,,,,False,45,2022,AE
1295904,Nota,NOTA,15161,1910,1.40272024911136,4,45,48,GJ,Nota,NOTA,,,,,True,45,2022,AE
1295905,Shaikh Usmanbhai Ibrahimbhai,IND,15162,460,0.337827913398548,5,45,48,GJ,Shaikh Usmanbhai Ibrahimbhai,IND,,,,,False,45,2022,AE
1295906,Hitendrakumar Madhabhai Patel,SWNTRABYKT,15195,290,0.21,6,45,48,GJ,Hitendrakumar Madhabhai Patel,SWNTRABYKT,,,,,False,45,2022,AE
1295907,Radhna Vinaysinh,SVPP,15200,277,0.2,7,45,48,GJ,Radhna Vinaysinh,SVPP,,,,,False,45,2022,AE
1295908,Kshatriya Ranjitsinh Ramanandsinh,GAGUP,15196,261,0.19,8,45,48,GJ,Kshatriya Ranjitsinh Ramanandsinh,GAGUP,,,,,False,45,2022,AE
1295909,Desai Parth Raghunath,IND,15162,247,0.181398901324872,9,45,48,GJ,Desai Parth Raghunath,IND,,,,,False,45,2022,AE
1295910,Parmar Arvindkumar Babubhai,IND,15162,244,0.179195675802708,10,45,48,GJ,Parmar Arvindkumar Babubhai,IND,,,,,False,45,2022,AE
1296011,Dineshsinh Rajendrasinh Kushwaha,BJP,15159,59465,48.8523216456902,1,45,49,GJ,Dineshsinh Rajendrasinh Kushwaha,BJP,,,,,False,45,2022,AE
1296012,Himmatsinh Patel,INC,15160,47395,38.936446386908,2,45,49,GJ,Himmatsinh Patel,INC,,,,,False,45,2022,AE
1296013,Rajeshbhai Dixit,AAAP,15172,6384,5.24465183529953,3,45,49,GJ,Rajeshbhai Dixit,AAAP,,,,,False,45,2022,AE
1296014,Altafkhan Jabbarkhan Pathan,SP,15176,3671,3.01583911143242,4,45,49,GJ,Altafkhan Jabbarkhan Pathan,SP,,,,,False,45,2022,AE
1296015,Nota,NOTA,15161,871,0.715553218757188,5,45,49,GJ,Nota,NOTA,,,,,True,45,2022,AE
1296016,Nandoliya Harshad Babubhai,IND,15162,637,0.523315040583615,6,45,49,GJ,Nandoliya Harshad Babubhai,IND,,,,,False,45,2022,AE
1296017,Jayesh Ganpatbhai Makwana,IND,15162,615,0.505241365712595,7,45,49,GJ,Jayesh Ganpatbhai Makwana,IND,,,,,False,45,2022,AE
1296018,Naginkumar Chimanlal Solanki,BSP,15163,524,0.43048207420065,8,45,49,GJ,Naginkumar Chimanlal Solanki,BSP,,,,,False,45,2022,AE
1296019,Parmar Saurabh Bharatbhai,IND,15162,245,0.201275015609082,9,45,49,GJ,Parmar Saurabh Bharatbhai,IND,,,,,False,45,2022,AE
1296020,Vinodbhai Muljibhai Parmar,IND,15162,173,0.142124806940291,10,45,49,GJ,Vinodbhai Muljibhai Parmar,IND,,,,,False,45,2022,AE
1296021,Ansari Almasjaha Nisharahmed,IND,15162,145,0.119121948013538,11,45,49,GJ,Ansari Almasjaha Nisharahmed,IND,,,,,False,45,2022,AE
1296022,Prahladbhai Shakrabhai Parmar,IND,15162,140,0.115014294633761,12,45,49,GJ,Prahladbhai Shakrabhai Parmar,IND,,,,,False,45,2022,AE
1296023,Manjulaben Ranchhodbhai Parmar,IND,15162,129,0.105977457198251,13,45,49,GJ,Manjulaben Ranchhodbhai Parmar,IND,,,,,False,45,2022,AE
1296024,Vishal Dineshbhai Makwana,IND,15162,126,0.103512865170385,14,45,49,GJ,Vishal Dineshbhai Makwana,IND,,,,,False,45,2022,AE
1296025,Mohammadhusain Liyakatahusain Ansari,LoRP,15238,121,0.1,15,45,49,GJ,Mohammadhusain Liyakatahusain Ansari,LoRP,,,,,False,45,2022,AE
1296026,Parmar Vipulbhai Mansukhbhai,IND,15162,109,0.0895468436791429,16,45,49,GJ,Parmar Vipulbhai Mansukhbhai,IND,,,,,False,45,2022,AE
1296027,Gafurkhan Pathan,IND,15162,105,0.0862607209753212,17,45,49,GJ,Gafurkhan Pathan,IND,,,,,False,45,2022,AE
1296028,Shakilabanu Moyusuf Ansari,IND,15162,102,0.08,18,45,49,GJ,Shakilabanu Moyusuf Ansari,IND,,,,,False,45,2022,AE
1296029,Laxmiben Kanubhai Vaghela,IND,15162,102,0.08,18,45,49,GJ,Laxmiben Kanubhai Vaghela,IND,,,,,False,45,2022,AE
1296030,Vijay Naranbhai Sengal,BSDL,15249,82,0.07,20,45,49,GJ,Vijay Naranbhai Sengal,BSDL,,,,,False,45,2022,AE
1296031,Salmankhan Samikhan Pathan,IND,15162,77,0.0632578620485688,21,45,49,GJ,Salmankhan Samikhan Pathan,IND,,,,,False,45,2022,AE
1296032,Shaikh Mohammedjaved Ilyas,LSWP,15198,74,0.06,22,45,49,GJ,Shaikh Mohammedjaved Ilyas,LSWP,,,,,False,45,2022,AE
1296033,Istiyakahmed Siddiqui,JSDP,15211,67,0.06,23,45,49,GJ,Istiyakahmed Siddiqui,JSDP,,,,,False,45,2022,AE
1296034,Kiritbhai Govindbhai Chauhan,RTORP,15166,66,0.05,24,45,49,GJ,Kiritbhai Govindbhai Chauhan,RTORP,,,,,False,45,2022,AE
1296035,Tiwari Akash Rammilan,JSVP,15248,59,0.05,25,45,49,GJ,Tiwari Akash Rammilan,JSVP,,,,,False,45,2022,AE
1296036,Chavada Jyotsanaben Somabhai,SVPP,15200,58,0.05,26,45,49,GJ,Chavada Jyotsanaben Somabhai,SVPP,,,,,False,45,2022,AE
1296037,Mahendrabhai Chavda,IND,15162,56,0.0460057178535046,27,45,49,GJ,Mahendrabhai Chavda,IND,,,,,False,45,2022,AE
1296038,Rasulbhai Dolubhai Rathod,IND,15162,49,0.0402550031218165,28,45,49,GJ,Rasulbhai Dolubhai Rathod,IND,,,,,False,45,2022,AE
1296039,Rakesh Kanubhai Mahida,IND,15162,47,0.0386119417699056,29,45,49,GJ,Rakesh Kanubhai Mahida,IND,,,,,False,45,2022,AE
1296040,Pathan Emtiazkhan Sidkhan,JD(U),15182,30,0.02,30,45,49,GJ,Pathan Emtiazkhan Sidkhan,JD(U),,,,,False,45,2022,AE
1296121,Dr. Hasmukh Patel,BJP,15159,93994,58.9818085980886,1,45,50,GJ,Dr. Hasmukh Patel,BJP,,,,,False,45,2022,AE
1296122,Dharmendrabhai Shantilal Patel (dhambhai),INC,15160,50722,31.828364530845,2,45,50,GJ,Dharmendrabhai Shantilal Patel (dhambhai),INC,,,,,False,45,2022,AE
1296123,Vinay Nandlal Gupta,AAAP,15172,7787,4.88639002014294,3,45,50,GJ,Vinay Nandlal Gupta,AAAP,,,,,False,45,2022,AE
1296124,Rathod Yalpeshkumar Pravinbhai,BSP,15163,1529,0.959456830717678,4,45,50,GJ,Rathod Yalpeshkumar Pravinbhai,BSP,,,,,False,45,2022,AE
1296125,Nota,NOTA,15161,1224,0.76806746945614,5,45,50,GJ,Nota,NOTA,,,,,True,45,2022,AE
1296126,Parmar Rameshbhai Kishorbhai,CPI,15271,687,0.431096692415333,6,45,50,GJ,Parmar Rameshbhai Kishorbhai,CPI,,,,,False,45,2022,AE
1296127,Sanjaybhai Dahyabhai Patel,IND,15162,667,0.418546570365396,7,45,50,GJ,Sanjaybhai Dahyabhai Patel,IND,,,,,False,45,2022,AE
1296128,Solanki Vinodbhai Bodhabhai,IND,15162,630,0.395328844573013,8,45,50,GJ,Solanki Vinodbhai Bodhabhai,IND,,,,,False,45,2022,AE
1296129,Gautambhai Sadabhai Parmar,GAGUP,15196,470,0.29,9,45,50,GJ,Gautambhai Sadabhai Parmar,GAGUP,,,,,False,45,2022,AE
1296130,Bharwad Anilkumar Jitubhai (anil Amdavadi),BARESP,15237,461,0.29,10,45,50,GJ,Bharwad Anilkumar Jitubhai (anil Amdavadi),BARESP,,,,,False,45,2022,AE
1296131,Gyanendra Dayanand Vishwakarma,SP,15176,328,0.205822001618965,11,45,50,GJ,Gyanendra Dayanand Vishwakarma,SP,,,,,False,45,2022,AE
1296132,Baghel Rajesh Vishvanathsingh,VINPA,15274,200,0.13,12,45,50,GJ,Baghel Rajesh Vishvanathsingh,VINPA,,,,,False,45,2022,AE
1296133,Satish Hiralal Soni,APNJNTP,15275,163,0.1,13,45,50,GJ,Satish Hiralal Soni,APNJNTP,,,,,False,45,2022,AE
1296134,Bharat Jain,JSDP,15211,130,0.08,14,45,50,GJ,Bharat Jain,JSDP,,,,,False,45,2022,AE
1296135,Parmar Bakulaben Ukabhai,RaNP,15219,127,0.08,15,45,50,GJ,Parmar Bakulaben Ukabhai,RaNP,,,,,False,45,2022,AE
1296136,Neeraj Shivsagar Shukla,JSVP,15248,103,0.06,16,45,50,GJ,Neeraj Shivsagar Shukla,JSVP,,,,,False,45,2022,AE
1296137,Patel Maheshkumar Somabhai,PPSP,15206,71,0.04,17,45,50,GJ,Patel Maheshkumar Somabhai,PPSP,,,,,False,45,2022,AE
1296138,Bhatt Sunilkumar Narendrabhai,RTORP,15166,68,0.04,18,45,50,GJ,Bhatt Sunilkumar Narendrabhai,RTORP,,,,,False,45,2022,AE
1296208,Kaushikbhai Sukhlal Jain (kaushik Jain),BJP,15159,61490,49.0483863248408,1,45,51,GJ,Kaushikbhai Sukhlal Jain (kaushik Jain),BJP,,,,,False,45,2022,AE
1296209,Gyasuddin Habibuddeen Shaikh,INC,15160,56005,44.6731968795367,2,45,51,GJ,Gyasuddin Habibuddeen Shaikh,INC,,,,,False,45,2022,AE
1296210,Tajmohammed Habibbhai Kureshi,AAAP,15172,4359,3.47701928752612,3,45,51,GJ,Tajmohammed Habibbhai Kureshi,AAAP,,,,,False,45,2022,AE
1296211,Hasankhan Samsherkhan Pathan (hasanlala),AIMIM,15185,1772,1.41346138506453,4,45,51,GJ,Hasankhan Samsherkhan Pathan (hasanlala),AIMIM,,,,,False,45,2022,AE
1296212,Nota,NOTA,15161,1290,1.02898712569596,5,45,51,GJ,Nota,NOTA,,,,,True,45,2022,AE
1296213,Solanki Dipeshbhai Parmanandbhai,IND,15162,212,0.169104860967088,6,45,51,GJ,Solanki Dipeshbhai Parmanandbhai,IND,,,,,False,45,2022,AE
1296214,Mo. Tahir Alimiya,DHBHP,15276,142,0.11,7,45,51,GJ,Mo. Tahir Alimiya,DHBHP,,,,,False,45,2022,AE
1296215,Gulamrashul Gulamnabi Bagban (bataka Wala),IND,15162,96,0.0765757860983041,8,45,51,GJ,Gulamrashul Gulamnabi Bagban (bataka Wala),IND,,,,,False,45,2022,AE
1296293,Imran Khedawala,INC,15160,58487,45.8807932473563,1,45,52,GJ,Imran Khedawala,INC,,,,,False,45,2022,AE
1296294,Bhushan Ashok Bhatt,BJP,15159,44829,35.1666195989833,2,45,52,GJ,Bhushan Ashok Bhatt,BJP,,,,,True,45,2022,AE
1296295,Sabirbhai Kabliwala,AIMIM,15185,15677,12.2980011923813,3,45,52,GJ,Sabirbhai Kabliwala,AIMIM,,,,,False,45,2022,AE
1296296,Harunbhai. F. Nagori,AAAP,15172,5887,4.61812419592707,4,45,52,GJ,Harunbhai. F. Nagori,AAAP,,,,,False,45,2022,AE
1296297,Nota,NOTA,15161,1534,1.20336377043521,5,45,52,GJ,Nota,NOTA,,,,,True,45,2022,AE
1296298,Bukeliya Hiteshbhai Sanjaybhai,RPWP,15164,432,0.34,6,45,52,GJ,Bukeliya Hiteshbhai Sanjaybhai,RPWP,,,,,False,45,2022,AE
1296299,Sarfrajhusen Sabirhusen Ansari,IND,15162,243,0.190624117480937,7,45,52,GJ,Sarfrajhusen Sabirhusen Ansari,IND,,,,,False,45,2022,AE
1296300,Mehbub Mohamadbhai Rangrej,IND,15162,194,0.152185509429225,8,45,52,GJ,Mehbub Mohamadbhai Rangrej,IND,,,,,False,45,2022,AE
1296301,Sanjuben Sohanlal Regar,JSDP,15211,193,0.15,9,45,52,GJ,Sanjuben Sohanlal Regar,JSDP,,,,,False,45,2022,AE
1296372,Amul Bhatt,BJP,15159,113083,73.2849014296268,1,45,53,GJ,Amul Bhatt,BJP,,,,,False,45,2022,AE
1296373,C.m. Rajput,INC,15160,22355,14.4874470208546,2,45,53,GJ,C.m. Rajput,INC,,,,,False,45,2022,AE
1296374,Vipulbhai Patel,AAAP,15172,14184,9.19212473915466,3,45,53,GJ,Vipulbhai Patel,AAAP,,,,,False,45,2022,AE
1296375,Nota,NOTA,15161,2660,1.72384742006143,4,45,53,GJ,Nota,NOTA,,,,,True,45,2022,AE
1296376,Solanki Hareshkumar Hiralal,BSP,15163,723,0.468549505527976,5,45,53,GJ,Solanki Hareshkumar Hiralal,BSP,,,,,False,45,2022,AE
1296377,Jigar Laxmanbhai Patel,GSNJP,15229,605,0.39,6,45,53,GJ,Jigar Laxmanbhai Patel,GSNJP,,,,,False,45,2022,AE
1296378,Rajendrakumar Patel,JSDP,15211,243,0.16,7,45,53,GJ,Rajendrakumar Patel,JSDP,,,,,False,45,2022,AE
1296379,Ajay Rameshbhai Koshti,JSVP,15248,206,0.13,8,45,53,GJ,Ajay Rameshbhai Koshti,JSVP,,,,,False,45,2022,AE
1296380,Bhatt Sunilkumar Narendrabhai,RTORP,15166,128,0.08,9,45,53,GJ,Bhatt Sunilkumar Narendrabhai,RTORP,,,,,False,45,2022,AE
1296381,Mevada Dhaval Maheshbhai,AINHCP,15190,119,0.08,10,45,53,GJ,Mevada Dhaval Maheshbhai,AINHCP,,,,,False,45,2022,AE
1296449,Shailesh Manubhai Parmar,INC,15160,69130,44.1305083339185,1,45,54,GJ,Shailesh Manubhai Parmar,INC,,,,,False,45,2022,AE
1296450,Nareshbhai Shankarbhai Vyas( Satish Vyas),BJP,15159,55643,35.5208140492438,2,45,54,GJ,Nareshbhai Shankarbhai Vyas( Satish Vyas),BJP,,,,,False,45,2022,AE
1296451,Kapadiya Dineshbhai Somabhai,AAAP,15172,23251,14.8427375853021,3,45,54,GJ,Kapadiya Dineshbhai Somabhai,AAAP,,,,,False,45,2022,AE
1296452,Kaushikabahen Dilipbhai Parmar,AIMIM,15185,2470,1.57677355106001,4,45,54,GJ,Kaushikabahen Dilipbhai Parmar,AIMIM,,,,,False,45,2022,AE
1296453,Nota,NOTA,15161,2181,1.3922846618874,5,45,54,GJ,Nota,NOTA,,,,,True,45,2022,AE
1296454,Jamnaben Sureshbhai Vegda,IND,15162,1501,0.958193157951854,6,45,54,GJ,Jamnaben Sureshbhai Vegda,IND,,,,,False,45,2022,AE
1296455,Sindhav Parsotambhai Gorabhai,IND,15162,738,0.471116955741817,7,45,54,GJ,Sindhav Parsotambhai Gorabhai,IND,,,,,False,45,2022,AE
1296456,Nileshkumar Keshavbhai Parmar,JSDP,15211,517,0.33,8,45,54,GJ,Nileshkumar Keshavbhai Parmar,JSDP,,,,,False,45,2022,AE
1296457,Vaghela Vasantbhai Khodidas,SWNTRABYKT,15195,416,0.27,9,45,54,GJ,Vaghela Vasantbhai Khodidas,SWNTRABYKT,,,,,False,45,2022,AE
1296458,Vaghela Vikrambhai Mangalbhai,RPWP,15164,271,0.17,10,45,54,GJ,Vaghela Vikrambhai Mangalbhai,RPWP,,,,,False,45,2022,AE
1296459,Chhanabhai Pashabhai Parmar,GAGUP,15196,243,0.16,11,45,54,GJ,Chhanabhai Pashabhai Parmar,GAGUP,,,,,False,45,2022,AE
1296460,Rathod Kankuben Muljibhai,SDPI,15187,193,0.123205382734648,12,45,54,GJ,Rathod Kankuben Muljibhai,SDPI,,,,,False,45,2022,AE
1296461,Parmar Kasturbhai Ranchhodbhai,PRJVJP,15178,95,0.06,13,45,54,GJ,Parmar Kasturbhai Ranchhodbhai,PRJVJP,,,,,False,45,2022,AE
1296548,Patel Harshadbhai Ranchhodbhai (harshad Patel),BJP,15159,120202,76.7544027687317,1,45,55,GJ,Patel Harshadbhai Ranchhodbhai (harshad Patel),BJP,,,,,False,45,2022,AE
1296549,Dineshsinh Ganpatsinh Mahida,INC,15160,21518,13.7402142957485,2,45,55,GJ,Dineshsinh Ganpatsinh Mahida,INC,,,,,False,45,2022,AE
1296550,Jashwantsinh Visaji Thakor,AAAP,15172,10590,6.76219301942454,3,45,55,GJ,Jashwantsinh Visaji Thakor,AAAP,,,,,False,45,2022,AE
1296551,Nota,NOTA,15161,2275,1.45269019066957,4,45,55,GJ,Nota,NOTA,,,,,True,45,2022,AE
1296552,Solanki Dipakbhai Mulajibhai,BSP,15163,665,0.424632517272646,5,45,55,GJ,Solanki Dipakbhai Mulajibhai,BSP,,,,,False,45,2022,AE
1296553,Shivabhai Bababhai Vaghela,IND,15162,364,0.232430430507132,6,45,55,GJ,Shivabhai Bababhai Vaghela,IND,,,,,False,45,2022,AE
1296554,Jiwanbhai Ramabhai Parmar,DBSP,15262,295,0.19,7,45,55,GJ,Jiwanbhai Ramabhai Parmar,DBSP,,,,,False,45,2022,AE
1296555,Ganpatbhai Zinabhai Shah,JD(S),15202,295,0.19,7,45,55,GJ,Ganpatbhai Zinabhai Shah,JD(S),,,,,False,45,2022,AE
1296556,Gita Dahyaji Thakor,GAGUP,15196,239,0.15,9,45,55,GJ,Gita Dahyaji Thakor,GAGUP,,,,,False,45,2022,AE
1296557,Nikhilkumar Thakkar,SaSP,15278,163,0.1,10,45,55,GJ,Nikhilkumar Thakkar,SaSP,,,,,False,45,2022,AE
1296624,Darshna M. Vaghela,BJP,15159,80155,64.1291303304264,1,45,56,GJ,Darshna M. Vaghela,BJP,,,,,False,45,2022,AE
1296625,Vipul Parmar,INC,15160,25982,20.7872629810384,2,45,56,GJ,Vipul Parmar,INC,,,,,False,45,2022,AE
1296626,Mevada Jayantibhai Jethalal (j. J. Mevada),AAAP,15172,15465,12.3729898391871,3,45,56,GJ,Mevada Jayantibhai Jethalal (j. J. Mevada),AAAP,,,,,False,45,2022,AE
1296627,Nota,NOTA,15161,1726,1.38091047283782,4,45,56,GJ,Nota,NOTA,,,,,True,45,2022,AE
1296628,Ravat Harishbhai Shakrabhai,GAGUP,15196,537,0.43,5,45,56,GJ,Ravat Harishbhai Shakrabhai,GAGUP,,,,,False,45,2022,AE
1296629,Falguni R. Hadiyel,NIUP,15255,487,0.39,6,45,56,GJ,Falguni R. Hadiyel,NIUP,,,,,False,45,2022,AE
1296630,Jagdish Shankarlal Koitiya,IND,15162,352,0.281622529802384,7,45,56,GJ,Jagdish Shankarlal Koitiya,IND,,,,,False,45,2022,AE
1296631,Vankar Vasantkumar Nagjibhai (upesh),BTJP,15223,286,0.23,8,45,56,GJ,Vankar Vasantkumar Nagjibhai (upesh),BTJP,,,,,False,45,2022,AE
1296696,Babubhai Jamnadas Patel (b.j.p.),BJP,15159,159107,62.9326677768065,1,45,57,GJ,Babubhai Jamnadas Patel (b.j.p.),BJP,,,,,False,45,2022,AE
1296697,Umedji Budhaji Zala,INC,15160,67470,26.6868654107055,2,45,57,GJ,Umedji Budhaji Zala,INC,,,,,False,45,2022,AE
1296698,Kirankumar Sureshchandra Patel,AAAP,15172,19644,7.7699241756025,3,45,57,GJ,Kirankumar Sureshchandra Patel,AAAP,,,,,False,45,2022,AE
1296699,Nota,NOTA,15161,4189,1.65690350089589,4,45,57,GJ,Nota,NOTA,,,,,True,45,2022,AE
1296700,Kanani Dhruvinbhai Narsinhbhai,IND,15162,1111,0.439441343875706,5,45,57,GJ,Kanani Dhruvinbhai Narsinhbhai,IND,,,,,False,45,2022,AE
1296701,Parihar Rajeshsing Jesingbhai,GAGUP,15196,742,0.29,6,45,57,GJ,Parihar Rajeshsing Jesingbhai,GAGUP,,,,,False,45,2022,AE
1296702,Goswami Vishnugiri Somgiri,PRJVJP,15178,558,0.22,7,45,57,GJ,Goswami Vishnugiri Somgiri,PRJVJP,,,,,False,45,2022,AE
1296772,Kiritsinh Sardarsang Dabhi,BJP,15159,84773,49.7695663149984,1,45,58,GJ,Kiritsinh Sardarsang Dabhi,BJP,,,,,False,45,2022,AE
1296773,Ashvinbhai Kamshubhai Rathod,INC,15160,71368,41.8995954934803,2,45,58,GJ,Ashvinbhai Kamshubhai Rathod,INC,,,,,False,45,2022,AE
1296774,Jatubha Bhurubha Gol,AAAP,15172,4632,2.7194110291139,3,45,58,GJ,Jatubha Bhurubha Gol,AAAP,,,,,False,45,2022,AE
1296775,Nota,NOTA,15161,2325,1.36498934427673,4,45,58,GJ,Nota,NOTA,,,,,True,45,2022,AE
1296776,Thakor Arvindkumar Ranchhodbhai,GAGUP,15196,2076,1.22,5,45,58,GJ,Thakor Arvindkumar Ranchhodbhai,GAGUP,,,,,False,45,2022,AE
1296777,Vhora Salimbhai Ismailbhai,IND,15162,1273,0.747368359253453,6,45,58,GJ,Vhora Salimbhai Ismailbhai,IND,,,,,False,45,2022,AE
1296778,Vidhyaben Bhailalbhai Pandav,BSP,15163,1229,0.721536302845635,7,45,58,GJ,Vidhyaben Bhailalbhai Pandav,BSP,,,,,False,45,2022,AE
1296779,Vhora Ikramudinbhai Bachubhai,IND,15162,579,0.339926378639237,8,45,58,GJ,Vhora Ikramudinbhai Bachubhai,IND,,,,,False,45,2022,AE
1296780,Rathod Manubhai Kanjibhai,IND,15162,378,0.221920848230797,9,45,58,GJ,Rathod Manubhai Kanjibhai,IND,,,,,False,45,2022,AE
1296781,Rathod Hasmukhbhai Kanubhai,IND,15162,376,0.220746663848624,10,45,58,GJ,Rathod Hasmukhbhai Kanubhai,IND,,,,,False,45,2022,AE
1296782,Parmar Vijaykumar Vajubhai,IND,15162,303,0.17788893389929,11,45,58,GJ,Parmar Vijaykumar Vajubhai,IND,,,,,False,45,2022,AE
1296783,Vaghela Ramanbhai Kaljibhai,IND,15162,295,0.173192196370596,12,45,58,GJ,Vaghela Ramanbhai Kaljibhai,IND,,,,,True,45,2022,AE
1296784,Rathod Bharatbhai Ravjibhai,IND,15162,234,0.137379572714303,13,45,58,GJ,Rathod Bharatbhai Ravjibhai,IND,,,,,False,45,2022,AE
1296785,Patel Yogeshkumar Nabhubhai,IND,15162,196,0.115070069453006,14,45,58,GJ,Patel Yogeshkumar Nabhubhai,IND,,,,,False,45,2022,AE
1296786,Jogadia Vinodbhai Mavdas,PRJVJP,15178,155,0.09,15,45,58,GJ,Jogadia Vinodbhai Mavdas,PRJVJP,,,,,False,45,2022,AE
1296787,Jadav Vijaykumar Govindbhai,LGP,15217,139,0.08,16,45,58,GJ,Jadav Vijaykumar Govindbhai,LGP,,,,,False,45,2022,AE
1296896,Kalubhai Rupabhai Dabhi,BJP,15159,91528,55.1048176377801,1,45,59,GJ,Kalubhai Rupabhai Dabhi,BJP,,,,,False,45,2022,AE
1296897,Harpalsinh Jagdevsinh Chudasama,INC,15160,57202,34.4387048609856,2,45,59,GJ,Harpalsinh Jagdevsinh Chudasama,INC,,,,,False,45,2022,AE
1296898,Chandubhai Mansangbhai Bamroliya,AAAP,15172,9866,5.93986682560897,3,45,59,GJ,Chandubhai Mansangbhai Bamroliya,AAAP,,,,,False,45,2022,AE
1296899,Nota,NOTA,15161,2893,1.7417428265241,4,45,59,GJ,Nota,NOTA,,,,,True,45,2022,AE
1296900,Jiniya Pravinbhai Mohanbhai,BSP,15163,993,0.597839829498248,5,45,59,GJ,Jiniya Pravinbhai Mohanbhai,BSP,,,,,False,45,2022,AE
1296901,Gohel Hareshkumar Arvindbhai,BTP,15232,648,0.39,6,45,59,GJ,Gohel Hareshkumar Arvindbhai,BTP,,,,,False,45,2022,AE
1296902,Ashokbhai V. Patel,JSDP,15211,634,0.38,7,45,59,GJ,Ashokbhai V. Patel,JSDP,,,,,False,45,2022,AE
1296903,Vaghela Rameshbhai Virsangbhai,IND,15162,626,0.37688593480957,8,45,59,GJ,Vaghela Rameshbhai Virsangbhai,IND,,,,,True,45,2022,AE
1296904,Gorahawa Roshaniben Prithviraj,CPI(M),15239,489,0.29,9,45,59,GJ,Gorahawa Roshaniben Prithviraj,CPI(M),,,,,False,45,2022,AE
1296905,Ghoghari Gullammayudin Latifbhai,IND,15162,467,0.281159315584775,10,45,59,GJ,Ghoghari Gullammayudin Latifbhai,IND,,,,,False,45,2022,AE
1296906,Ravjibhai Vallabhbhai Kaliya,VPP,15183,382,0.23,11,45,59,GJ,Ravjibhai Vallabhbhai Kaliya,VPP,,,,,False,45,2022,AE
1296907,Tulashibhai Puranbhai Solanki,RTORP,15166,370,0.22,12,45,59,GJ,Tulashibhai Puranbhai Solanki,RTORP,,,,,False,45,2022,AE
1297019,P.k.parmar,BJP,15159,76344,45.5556616383425,1,45,60,GJ,P.k.parmar,BJP,,,,,False,45,2022,AE
1297020,Naushad Solanki,INC,15160,74165,44.2554181783463,2,45,60,GJ,Naushad Solanki,INC,,,,,False,45,2022,AE
1297021,Arvindbhai Kalubhai Solanki,AAAP,15172,10324,6.16049264846286,3,45,60,GJ,Arvindbhai Kalubhai Solanki,AAAP,,,,,False,45,2022,AE
1297022,Nota,NOTA,15161,3147,1.87786423524918,4,45,60,GJ,Nota,NOTA,,,,,True,45,2022,AE
1297023,R.b.vaghela,IND,15162,1054,0.628938323467634,5,45,60,GJ,R.b.vaghela,IND,,,,,False,45,2022,AE
1297024,Solanki Kisanbhai Vajubhai,BSP,15163,1041,0.621181019667748,6,45,60,GJ,Solanki Kisanbhai Vajubhai,BSP,,,,,False,45,2022,AE
1297025,Maurya Mitvardhan Naranbhai,IND,15162,501,0.298954554134046,7,45,60,GJ,Maurya Mitvardhan Naranbhai,IND,,,,,False,45,2022,AE
1297026,Maheshbhai Virjibhai Rathod,ABTP,15244,436,0.26,8,45,60,GJ,Maheshbhai Virjibhai Rathod,ABTP,,,,,False,45,2022,AE
1297027,Anand P Rathod,IND,15162,312,0.18617529119725,9,45,60,GJ,Anand P Rathod,IND,,,,,False,45,2022,AE
1297028,Makwana Ukabhai Amarabhai,IND,15162,260,0.155146075997708,10,45,60,GJ,Makwana Ukabhai Amarabhai,IND,,,,,False,45,2022,AE
1297132,Kiritsinh Jitubha Rana,BJP,15159,81765,44.4950533842687,1,45,61,GJ,Kiritsinh Jitubha Rana,BJP,,,,,True,45,2022,AE
1297133,Mayurbhai Merabhai Sakariya,AAAP,15172,58619,31.8994133716437,2,45,61,GJ,Mayurbhai Merabhai Sakariya,AAAP,,,,,False,45,2022,AE
1297134,Kalpanaben Bijalbhai Dhoriya,INC,15160,32929,17.9193739728561,3,45,61,GJ,Kalpanaben Bijalbhai Dhoriya,INC,,,,,False,45,2022,AE
1297135,Nota,NOTA,15161,2645,1.43936178317606,4,45,61,GJ,Nota,NOTA,,,,,True,45,2022,AE
1297136,Rajesh Dalal,GAGUP,15196,1613,0.88,5,45,61,GJ,Rajesh Dalal,GAGUP,,,,,False,45,2022,AE
1297137,Jayesh Hansrajbhai Thakor (tamboliya),IND,15162,1602,0.87177980213537,6,45,61,GJ,Jayesh Hansrajbhai Thakor (tamboliya),IND,,,,,False,45,2022,AE
1297138,Gabu Nagjibhai Mohanbhai,RaNP,15219,848,0.46,7,45,61,GJ,Gabu Nagjibhai Mohanbhai,RaNP,,,,,False,45,2022,AE
1297139,Rahulbhai Madhabhai Zarmariya,IND,15162,751,0.408680793635245,8,45,61,GJ,Rahulbhai Madhabhai Zarmariya,IND,,,,,False,45,2022,AE
1297140,Lakhmanbhai Chaturbhai Velani,IND,15162,715,0.389090236283888,9,45,61,GJ,Lakhmanbhai Chaturbhai Velani,IND,,,,,False,45,2022,AE
1297141,Makwana Prakashbhai Pitambarbhai,IND,15162,598,0.325420924891979,10,45,61,GJ,Makwana Prakashbhai Pitambarbhai,IND,,,,,False,45,2022,AE
1297142,Rathod Yogeshbhai Jethabhai,IND,15162,500,0.272091074324397,11,45,61,GJ,Rathod Yogeshbhai Jethabhai,IND,,,,,False,45,2022,AE
1297143,Mavjibhai Viththalbhai Panchala,IND,15162,289,0.157268640959501,12,45,61,GJ,Mavjibhai Viththalbhai Panchala,IND,,,,,False,45,2022,AE
1297144,Chavda Mahendrakumar Maganbhai,IND,15162,269,0.146384997986526,13,45,61,GJ,Chavda Mahendrakumar Maganbhai,IND,,,,,True,45,2022,AE
1297145,Parmar Dilipbhai Mohanbhai,IND,15162,243,0.132236262121657,14,45,61,GJ,Parmar Dilipbhai Mohanbhai,IND,,,,,False,45,2022,AE
1297146,Makvana Maheshbhai Merabhai,IND,15162,239,0.130059533527062,15,45,61,GJ,Makvana Maheshbhai Merabhai,IND,,,,,False,45,2022,AE
1297147,Dhoriya Rameshbhai Bhavabhai,IND,15162,137,0.074552954364885,16,45,61,GJ,Dhoriya Rameshbhai Bhavabhai,IND,,,,,False,45,2022,AE
1297262,Jagdishbhai Prabhubhai Makwana,BJP,15159,105903,60.1147768039598,1,45,62,GJ,Jagdishbhai Prabhubhai Makwana,BJP,,,,,False,45,2022,AE
1297263,bajrang Hitendrakumar Bhagvanajibhai Patel,AAAP,15172,40414,22.9406021524908,2,45,62,GJ,bajrang Hitendrakumar Bhagvanajibhai Patel,AAAP,,,,,False,45,2022,AE
1297264,Gadhvi Tarunbhai Biharidan,INC,15160,22385,12.7066209527269,3,45,62,GJ,Gadhvi Tarunbhai Biharidan,INC,,,,,False,45,2022,AE
1297265,Nota,NOTA,15161,2875,1.63196494255483,4,45,62,GJ,Nota,NOTA,,,,,True,45,2022,AE
1297266,Solanki Pravinbhai Motibhai,BSP,15163,1005,0.570478179919168,5,45,62,GJ,Solanki Pravinbhai Motibhai,BSP,,,,,False,45,2022,AE
1297267,Katiya Salimbhai Harunbhai,IND,15162,876,0.497252622496707,6,45,62,GJ,Katiya Salimbhai Harunbhai,IND,,,,,False,45,2022,AE
1297268,Parmar Balvantray Lagharbhai,IND,15162,752,0.426865264974342,7,45,62,GJ,Parmar Balvantray Lagharbhai,IND,,,,,False,45,2022,AE
1297269,Bhavanbhai Devjibhai Vora,IND,15162,524,0.297443349529994,8,45,62,GJ,Bhavanbhai Devjibhai Vora,IND,,,,,False,45,2022,AE
1297270,Satrotiya Vinodbhai Babubhai,IND,15162,482,0.273602470369193,9,45,62,GJ,Satrotiya Vinodbhai Babubhai,IND,,,,,False,45,2022,AE
1297271,Vaghela Tulshibhai Shivabhai,IND,15162,425,0.241246991508105,10,45,62,GJ,Vaghela Tulshibhai Shivabhai,IND,,,,,False,45,2022,AE
1297272,Satvara Chohan Jayesh Laljibhai Patrakar,VPP,15183,306,0.17,11,45,62,GJ,Satvara Chohan Jayesh Laljibhai Patrakar,VPP,,,,,False,45,2022,AE
1297273,Chavda Nileshbhai Mansukhbhai,RaNP,15219,221,0.13,12,45,62,GJ,Chavda Nileshbhai Mansukhbhai,RaNP,,,,,False,45,2022,AE
1297391,Chauhan Shamajibhai Bhimajibhai,BJP,15159,71039,42.5182099485871,1,45,63,GJ,Chauhan Shamajibhai Bhimajibhai,BJP,,,,,False,45,2022,AE
1297392,Karpada Rajubhai Merambhai,AAAP,15172,45397,27.170978997959,2,45,63,GJ,Karpada Rajubhai Merambhai,AAAP,,,,,False,45,2022,AE
1297393,Makwana Rutvikbhai Lavjibhai,INC,15160,43332,25.9350367191568,3,45,63,GJ,Makwana Rutvikbhai Lavjibhai,INC,,,,,True,45,2022,AE
1297394,Nota,NOTA,15161,2582,1.54537673795031,4,45,63,GJ,Nota,NOTA,,,,,True,45,2022,AE
1297395,Bhimabhai Popatbhai Dabhi,BSP,15163,1332,0.797227658772197,5,45,63,GJ,Bhimabhai Popatbhai Dabhi,BSP,,,,,False,45,2022,AE
1297396,Jayesh Hansrajbhai Thakor(tamboliya),IND,15162,923,0.552433280065118,6,45,63,GJ,Jayesh Hansrajbhai Thakor(tamboliya),IND,,,,,False,45,2022,AE
1297397,Raydhanbhai Gandabhai Kumarkhaniya,IND,15162,742,0.444101293400128,7,45,63,GJ,Raydhanbhai Gandabhai Kumarkhaniya,IND,,,,,False,45,2022,AE
1297398,Madhar Vinubhai Ramjibhai,IND,15162,727,0.43512350444999,8,45,63,GJ,Madhar Vinubhai Ramjibhai,IND,,,,,False,45,2022,AE
1297399,Rathod Valjibhai Becharbhai,IND,15162,519,0.310631497674752,9,45,63,GJ,Rathod Valjibhai Becharbhai,IND,,,,,False,45,2022,AE
1297400,Jigneshkumar Malakiya,IND,15162,486,0.29088036198445,10,45,63,GJ,Jigneshkumar Malakiya,IND,,,,,False,45,2022,AE
1297505,Prakashbhai Parsotambhai Varmora,BJP,15159,102844,48.8848749881167,1,45,64,GJ,Prakashbhai Parsotambhai Varmora,BJP,,,,,False,45,2022,AE
1297506,Gunjariya Chhatrasinh Shankarbhai,INC,15160,69871,33.2118072060081,2,45,64,GJ,Gunjariya Chhatrasinh Shankarbhai,INC,,,,,False,45,2022,AE
1297507,Vaghjibhai Karshanbhai Kaila,AAAP,15172,28127,13.3696168837341,3,45,64,GJ,Vaghjibhai Karshanbhai Kaila,AAAP,,,,,False,45,2022,AE
1297508,Nota,NOTA,15161,3613,1.71736857115695,4,45,64,GJ,Nota,NOTA,,,,,True,45,2022,AE
1297509,Samrat Jayraj Prabhubhai,BSP,15163,1524,0.724403460404981,5,45,64,GJ,Samrat Jayraj Prabhubhai,BSP,,,,,False,45,2022,AE
1297510,Surela Laljibhai Khodabhai,IND,15162,1480,0.703488924802737,6,45,64,GJ,Surela Laljibhai Khodabhai,IND,,,,,False,45,2022,AE
1297511,Vijaykumar Dilipbhai Chavda,IND,15162,667,0.317045346515828,7,45,64,GJ,Vijaykumar Dilipbhai Chavda,IND,,,,,False,45,2022,AE
1297512,Parmar Kanjibhai Govindbhai,IND,15162,631,0.299933453750356,8,45,64,GJ,Parmar Kanjibhai Govindbhai,IND,,,,,False,45,2022,AE
1297513,Makwana Shantilal Pamabhai,IND,15162,338,0.160661659853598,9,45,64,GJ,Makwana Shantilal Pamabhai,IND,,,,,False,45,2022,AE
1297514,Chauhan Jerambhai Govindbhai,IND,15162,333,0.158285008080616,10,45,64,GJ,Chauhan Jerambhai Govindbhai,IND,,,,,False,45,2022,AE
1297515,Makwana Govindbhai Lalabhai,IND,15162,316,0.150204392052476,11,45,64,GJ,Makwana Govindbhai Lalabhai,IND,,,,,False,45,2022,AE
1297516,Makwana Ukabhai Amrabhai,IND,15162,256,0.121684570776689,12,45,64,GJ,Makwana Ukabhai Amrabhai,IND,,,,,False,45,2022,AE
1297517,Parmar Rajuben Ravindrabhai,IND,15162,194,0.0922140887917102,13,45,64,GJ,Parmar Rajuben Ravindrabhai,IND,,,,,False,45,2022,AE
1297518,Bobda Nazirhusen Gulabbhai,IND,15162,186,0.0884114459549386,14,45,64,GJ,Bobda Nazirhusen Gulabbhai,IND,,,,,False,45,2022,AE
1297590,Amrutiya Kantilal Shivlal,BJP,15159,114538,59.2080640992504,1,45,65,GJ,Amrutiya Kantilal Shivlal,BJP,,,,,True,45,2022,AE
1297591,Patel Jayantilal Jerajbhai,INC,15160,52459,27.1176014474024,2,45,65,GJ,Patel Jayantilal Jerajbhai,INC,,,,,False,45,2022,AE
1297592,Pankaj Kantilal Ransariya,AAAP,15172,17544,9.06901008012406,3,45,65,GJ,Pankaj Kantilal Ransariya,AAAP,,,,,False,45,2022,AE
1297593,Siraj Amirali Popatiya,IND,15162,2244,1.15998966141121,4,45,65,GJ,Siraj Amirali Popatiya,IND,,,,,False,45,2022,AE
1297594,Hasan Alubhai Movar,IND,15162,1439,0.743861462910312,5,45,65,GJ,Hasan Alubhai Movar,IND,,,,,False,45,2022,AE
1297595,Nota,NOTA,15161,1176,0.607909020418712,6,45,65,GJ,Nota,NOTA,,,,,True,45,2022,AE
1297596,Kasambhai Hajibhai Sumara,BSP,15163,1043,0.539157405014215,7,45,65,GJ,Kasambhai Hajibhai Sumara,BSP,,,,,False,45,2022,AE
1297597,Vivek Jayantilal Mirani Alias(bablubhai),IND,15162,510,0.263634013957094,8,45,65,GJ,Vivek Jayantilal Mirani Alias(bablubhai),IND,,,,,False,45,2022,AE
1297598,Ekbalbhai Hushenbhai Katiya,IND,15162,459,0.237270612561385,9,45,65,GJ,Ekbalbhai Hushenbhai Katiya,IND,,,,,False,45,2022,AE
1297599,Shahmadar Daudsha Rahemansha,IND,15162,425,0.219695011630912,10,45,65,GJ,Shahmadar Daudsha Rahemansha,IND,,,,,False,45,2022,AE
1297600,Ashvinkumar Haribhai Tundiya,IND,15162,280,0.144740242956836,11,45,65,GJ,Ashvinkumar Haribhai Tundiya,IND,,,,,False,45,2022,AE
1297601,Madhu Nirupaben Natavarlal,IND,15162,279,0.144223313517704,12,45,65,GJ,Madhu Nirupaben Natavarlal,IND,,,,,False,45,2022,AE
1297602,Gulam Hanifbhai Movar,IND,15162,235,0.121478418195916,13,45,65,GJ,Gulam Hanifbhai Movar,IND,,,,,False,45,2022,AE
1297603,Arifkhan Mahmadhusen Khoram,IND,15162,195,0.100801240630653,14,45,65,GJ,Arifkhan Mahmadhusen Khoram,IND,,,,,False,45,2022,AE
1297604,Jeda Akbar Husen,IND,15162,178,0.0920134401654174,15,45,65,GJ,Jeda Akbar Husen,IND,,,,,False,45,2022,AE
1297606,Balvantbhai Nathubhai Shekhva,IND,15162,166,0.0858102868958387,16,45,65,GJ,Balvantbhai Nathubhai Shekhva,IND,,,,,False,45,2022,AE
1297605,Jadav Maheshbhai Dhanjibhai,IND,15162,166,0.0858102868958387,16,45,65,GJ,Jadav Maheshbhai Dhanjibhai,IND,,,,,False,45,2022,AE
1297607,Gopal Vinubhai Sitapara,IND,15162,114,0.0589299560609976,18,45,65,GJ,Gopal Vinubhai Sitapara,IND,,,,,False,45,2022,AE
1297689,Durlabhjibhai Harakhjibhai Dethariya,BJP,15159,83274,46.6001488536589,1,45,66,GJ,Durlabhjibhai Harakhjibhai Dethariya,BJP,,,,,False,45,2022,AE
1297690,Kagathara Lalitbhai,INC,15160,73018,40.860888980912,2,45,66,GJ,Kagathara Lalitbhai,INC,,,,,True,45,2022,AE
1297691,Sanjay Bhatasana (patel),AAAP,15172,17834,9.97991035204449,3,45,66,GJ,Sanjay Bhatasana (patel),AAAP,,,,,False,45,2022,AE
1297692,Nota,NOTA,15161,1993,1.11528324165216,4,45,66,GJ,Nota,NOTA,,,,,True,45,2022,AE
1297693,Chanani Mushabhai Abharambhai,BSP,15163,1670,0.934532370074818,5,45,66,GJ,Chanani Mushabhai Abharambhai,BSP,,,,,False,45,2022,AE
1297694,Parmar Shailesh Manubhai,VPP,15183,910,0.51,6,45,66,GJ,Parmar Shailesh Manubhai,VPP,,,,,False,45,2022,AE
1297784,Jitendra Kantilal Somani (jitu Somani),BJP,15159,80680,39.7481500458177,1,45,67,GJ,Jitendra Kantilal Somani (jitu Somani),BJP,,,,,False,45,2022,AE
1297785,Mahmadjavid Abdulmutlib Pirzada,INC,15160,60724,29.92,2,45,67,GJ,Mahmadjavid Abdulmutlib Pirzada,INC,,,,,False,45,2022,AE
1297786,Vikram Sorani,AAAP,15172,53486,26.35,3,45,67,GJ,Vikram Sorani,AAAP,,,,,False,45,2022,AE
1297787,Nota,NOTA,15161,2473,1.21835863985259,4,45,67,GJ,Nota,NOTA,,,,,True,45,2022,AE
1297788,Ajadia Prakash Naranbhai,RaJPa,15216,1757,0.87,5,45,67,GJ,Ajadia Prakash Naranbhai,RaJPa,,,,,False,45,2022,AE
1297789,Bhupendra Kanubhai Sagathiya,BSP,15163,939,0.462611711614066,6,45,67,GJ,Bhupendra Kanubhai Sagathiya,BSP,,,,,False,45,2022,AE
1297790,Hinaben Pravinbhai Raiyani,IND,15162,538,0.265053355536067,7,45,67,GJ,Hinaben Pravinbhai Raiyani,IND,,,,,False,45,2022,AE
1297791,Rameshbhai Lavajibhai Dabhi,IND,15162,524,0.258156056321374,8,45,67,GJ,Rameshbhai Lavajibhai Dabhi,IND,,,,,False,45,2022,AE
1297792,Vallabhbhai Karshanbhai Vaghela,IND,15162,427,0.210367626048143,9,45,67,GJ,Vallabhbhai Karshanbhai Vaghela,IND,,,,,False,45,2022,AE
1297793,Merambhai Karmanbhai Varu,IND,15162,414,0.20396299106307,10,45,67,GJ,Merambhai Karmanbhai Varu,IND,,,,,False,45,2022,AE
1297794,Navinbhai Amrutbhai Vora,IND,15162,342,0.168491166530362,11,45,67,GJ,Navinbhai Amrutbhai Vora,IND,,,,,False,45,2022,AE
1297795,Jeeteshbhai Rupabhai Santola,IND,15162,287,0.14139463390121,12,45,67,GJ,Jeeteshbhai Rupabhai Santola,IND,,,,,False,45,2022,AE
1297796,Mahebubbhai Jamalbhai Piparvadiya,IND,15162,194,0.0955768605464631,13,45,67,GJ,Mahebubbhai Jamalbhai Piparvadiya,IND,,,,,False,45,2022,AE
1297797,Narendrabhai Virabhai Dengada,IND,15162,193,0.0950841963168422,14,45,67,GJ,Narendrabhai Virabhai Dengada,IND,,,,,False,45,2022,AE
1297884,Uday Kangad,BJP,15159,86194,46.3787611381343,1,45,68,GJ,Uday Kangad,BJP,,,,,False,45,2022,AE
1297885,Indranil Rajguru,INC,15160,57559,30.97100856614,2,45,68,GJ,Indranil Rajguru,INC,,,,,False,45,2022,AE
1297886,Rahul Bhuva,AAAP,15172,35446,19.0725754379923,3,45,68,GJ,Rahul Bhuva,AAAP,,,,,False,45,2022,AE
1297887,Nota,NOTA,15161,2794,1.50337910550557,4,45,68,GJ,Nota,NOTA,,,,,True,45,2022,AE
1297888,Sagthiya Sureshkumar Govindbhai,CPI,15271,1540,0.828634152640867,5,45,68,GJ,Sagthiya Sureshkumar Govindbhai,CPI,,,,,False,45,2022,AE
1297889,Lunagariya Babulal Parshotambhai,IND,15162,1074,0.577891610348241,6,45,68,GJ,Lunagariya Babulal Parshotambhai,IND,,,,,False,45,2022,AE
1297890,Ranchhodbhai Maganbhai Ughreja,IND,15162,553,0.297554991175584,7,45,68,GJ,Ranchhodbhai Maganbhai Ughreja,IND,,,,,False,45,2022,AE
1297891,Rajesh Samsuddin Gilani,IND,15162,425,0.228681503163875,8,45,68,GJ,Rajesh Samsuddin Gilani,IND,,,,,False,45,2022,AE
1297892,Parghi Surajbhai Nanjibhai,IND,15162,263,0.141513494899057,9,45,68,GJ,Parghi Surajbhai Nanjibhai,IND,,,,,False,45,2022,AE
1297977,Dr. Darshita Shah,BJP,15159,138687,67.9798247161931,1,45,69,GJ,Dr. Darshita Shah,BJP,,,,,False,45,2022,AE
1297978,Kalariya Mansukhbhai Jadavbhai,INC,15160,32712,16.034350920534,2,45,69,GJ,Kalariya Mansukhbhai Jadavbhai,INC,,,,,False,45,2022,AE
1297979,Dineshkumar Mohanbhai Joshi,AAAP,15172,26319,12.9007117228398,3,45,69,GJ,Dineshkumar Mohanbhai Joshi,AAAP,,,,,False,45,2022,AE
1297980,Nota,NOTA,15161,3419,1.67588181087387,4,45,69,GJ,Nota,NOTA,,,,,True,45,2022,AE
1297981,Chamanbhai Savsani,BSP,15163,805,0.394584632276532,5,45,69,GJ,Chamanbhai Savsani,BSP,,,,,False,45,2022,AE
1297982,Mehul Nathwani,IND,15162,617,0.302433190204497,6,45,69,GJ,Mehul Nathwani,IND,,,,,False,45,2022,AE
1297983,Vegada Ramjibhai Govindbhai,IND,15162,245,0.120090975040683,7,45,69,GJ,Vegada Ramjibhai Govindbhai,IND,,,,,False,45,2022,AE
1297984,Prafulaben R. Shiyaliya,LGP,15217,226,0.11,8,45,69,GJ,Prafulaben R. Shiyaliya,LGP,,,,,False,45,2022,AE
1297985,Dengada Pravinbhai Meghjibhai,IND,15162,218,0.106856459423955,9,45,69,GJ,Dengada Pravinbhai Meghjibhai,IND,,,,,False,45,2022,AE
1297986,Prashant Chimanbhai Maru,IND,15162,196,0.0960727800325471,10,45,69,GJ,Prashant Chimanbhai Maru,IND,,,,,False,45,2022,AE
1297987,Bhupendra Bhavanbhai Patoliya,IND,15162,169,0.0828382644158186,11,45,69,GJ,Bhupendra Bhavanbhai Patoliya,IND,,,,,False,45,2022,AE
1297988,Mahajan Narendrabhai,IND,15162,160,0.0784267592102425,12,45,69,GJ,Mahajan Narendrabhai,IND,,,,,False,45,2022,AE
1297989,Kirtikumar Bavanjibhai Marvaniya,IND,15162,123,0.0602905711428739,13,45,69,GJ,Kirtikumar Bavanjibhai Marvaniya,IND,,,,,False,45,2022,AE
1297990,Belim Sikandar Husenbhai,IND,15162,116,0.0568594004274258,14,45,69,GJ,Belim Sikandar Husenbhai,IND,,,,,False,45,2022,AE
1298084,Rameshbhai Virjibhai Tilala,BJP,15159,101734,66.3735116620453,1,45,70,GJ,Rameshbhai Virjibhai Tilala,BJP,,,,,False,45,2022,AE
1298085,Shivlal Barasia,AAAP,15172,22870,14.9208938183004,2,45,70,GJ,Shivlal Barasia,AAAP,,,,,False,45,2022,AE
1298086,Hitesh Maganbhai Vora,INC,15160,22507,14.6840645897895,3,45,70,GJ,Hitesh Maganbhai Vora,INC,,,,,False,45,2022,AE
1298087,Parekh Punitaben Hasmukhbhai,IND,15162,2842,1.85418365682596,4,45,70,GJ,Parekh Punitaben Hasmukhbhai,IND,,,,,False,45,2022,AE
1298088,Nota,NOTA,15161,2353,1.53514924155928,5,45,70,GJ,Nota,NOTA,,,,,True,45,2022,AE
1298089,Rakesh Patel,IND,15162,295,0.192464524547382,6,45,70,GJ,Rakesh Patel,IND,,,,,False,45,2022,AE
1298090,Pravinbhai Meghajibhai Dengada,IND,15162,274,0.178763660088076,7,45,70,GJ,Pravinbhai Meghajibhai Dengada,IND,,,,,False,45,2022,AE
1298091,Bhumika Pareshbhai Patel,IND,15162,232,0.151361931169466,8,45,70,GJ,Bhumika Pareshbhai Patel,IND,,,,,False,45,2022,AE
1298092,Amardas Desani,IND,15162,168,0.109606915674441,9,45,70,GJ,Amardas Desani,IND,,,,,False,45,2022,AE
1298173,Bhanuben Manoharbhai Babariya,BJP,15159,119695,52.5372099249876,1,45,71,GJ,Bhanuben Manoharbhai Babariya,BJP,,,,,False,45,2022,AE
1298174,Vashrambhai Sagathiya,AAAP,15172,71201,31.2519477327293,2,45,71,GJ,Vashrambhai Sagathiya,AAAP,,,,,False,45,2022,AE
1298175,Bathwar Sureshkumar Karshanbhai,INC,15160,29175,12.8056568742346,3,45,71,GJ,Bathwar Sureshkumar Karshanbhai,INC,,,,,False,45,2022,AE
1298176,Nota,NOTA,15161,3038,1.33345623252527,4,45,71,GJ,Nota,NOTA,,,,,True,45,2022,AE
1298177,Rahul Chavda,BSP,15163,1626,0.713693164610299,5,45,71,GJ,Rahul Chavda,BSP,,,,,False,45,2022,AE
1298178,Solanki Ramjibhai Khimabhai,IND,15162,709,0.311198311013962,6,45,71,GJ,Solanki Ramjibhai Khimabhai,IND,,,,,False,45,2022,AE
1298179,Babubhai Bhalabhai Babariya,IND,15162,515,0.226046728028477,7,45,71,GJ,Babubhai Bhalabhai Babariya,IND,,,,,False,45,2022,AE
1298180,Makwana Ranjitbhai Girdharbhai,VPP,15183,453,0.2,8,45,71,GJ,Makwana Ranjitbhai Girdharbhai,VPP,,,,,False,45,2022,AE
1298181,Bharatbhai Mavjibhai Chavda,IND,15162,397,0.174253497140399,9,45,71,GJ,Bharatbhai Mavjibhai Chavda,IND,,,,,False,45,2022,AE
1298182,Rathod Sukhdevbhai Mohanbhai,IND,15162,391,0.171619943027446,10,45,71,GJ,Rathod Sukhdevbhai Mohanbhai,IND,,,,,False,45,2022,AE
1298183,Dengada Sanjay Pravinbhai,IND,15162,378,0.165913909116047,11,45,71,GJ,Dengada Sanjay Pravinbhai,IND,,,,,False,45,2022,AE
1298184,Babubhai Virabhai Parmar,IND,15162,251,0.110170347058539,12,45,71,GJ,Babubhai Virabhai Parmar,IND,,,,,False,45,2022,AE
1298272,Kunvarjibhai Mohanbhai Bavaliya,BJP,15159,63808,39.5443671835297,1,45,72,GJ,Kunvarjibhai Mohanbhai Bavaliya,BJP,,,,,False,45,2022,AE
1298273,Tejasbhai Bhikhabhai Gajipara,AAAP,15172,47636,29.5219325970822,2,45,72,GJ,Tejasbhai Bhikhabhai Gajipara,AAAP,,,,,False,45,2022,AE
1298274,Bholabhai Bhikhabhai Gohel,INC,15160,45795,28.3809913360353,3,45,72,GJ,Bholabhai Bhikhabhai Gohel,INC,,,,,False,45,2022,AE
1298275,Nota,NOTA,15161,2073,1.28472093109731,4,45,72,GJ,Nota,NOTA,,,,,True,45,2022,AE
1298276,Ramaben Prakashbhai Gorasva,IND,15162,791,0.49021430607717,5,45,72,GJ,Ramaben Prakashbhai Gorasva,IND,,,,,False,45,2022,AE
1298277,Shamjibhai Ambabhai Dangar (koli),RSTHNDEKD,15225,707,0.44,6,45,72,GJ,Shamjibhai Ambabhai Dangar (koli),RSTHNDEKD,,,,,False,45,2022,AE
1298278,Devrajbhai Mashrubhai Makvana,IND,15162,548,0.339617496498469,7,45,72,GJ,Devrajbhai Mashrubhai Makvana,IND,,,,,False,45,2022,AE
1298364,Geetaba Jayrajsinh Jadeja,BJP,15159,86062,59.4901358992437,1,45,73,GJ,Geetaba Jayrajsinh Jadeja,BJP,,,,,False,45,2022,AE
1298365,Desai Yatish Govindlal,INC,15160,42749,29.5501361757427,2,45,73,GJ,Desai Yatish Govindlal,INC,,,,,False,45,2022,AE
1298366,Nimishaben Khunt,AAAP,15172,13075,9.03806008322618,3,45,73,GJ,Nimishaben Khunt,AAAP,,,,,False,45,2022,AE
1298367,Nota,NOTA,15161,2164,1.49585942792363,4,45,73,GJ,Nota,NOTA,,,,,True,45,2022,AE
1298368,Mukesh Dholumal Vardhani,IND,15162,616,0.425808413863658,5,45,73,GJ,Mukesh Dholumal Vardhani,IND,,,,,False,45,2022,AE
1298441,Jayeshbhai Vitthalbhai Radadiya,BJP,15159,106471,60.7908965816504,1,45,74,GJ,Jayeshbhai Vitthalbhai Radadiya,BJP,,,,,False,45,2022,AE
1298442,Rohitbhai Vinubhai Bhuva,AAAP,15172,29545,16.8690727005932,2,45,74,GJ,Rohitbhai Vinubhai Bhuva,AAAP,,,,,False,45,2022,AE
1298443,Rajubhai Arjanbhai Sarvaiya,SP,15176,20788,11.8691583448953,3,45,74,GJ,Rajubhai Arjanbhai Sarvaiya,SP,,,,,False,45,2022,AE
1298444,Deepakbhai Keshavlal Vekariya (d.k. Vekariya),INC,15160,12244,6.9908588981575,4,45,74,GJ,Deepakbhai Keshavlal Vekariya (d.k. Vekariya),INC,,,,,False,45,2022,AE
1298445,Nota,NOTA,15161,2287,1.30579012578293,5,45,74,GJ,Nota,NOTA,,,,,True,45,2022,AE
1298446,Jayendrasinh Govubha Chauhan,IND,15162,1923,1.09795995272434,6,45,74,GJ,Jayendrasinh Govubha Chauhan,IND,,,,,False,45,2022,AE
1298447,Boricha Devshibhai Kumbhabhai,BSP,15163,1065,0.608074544800534,7,45,74,GJ,Boricha Devshibhai Kumbhabhai,BSP,,,,,False,45,2022,AE
1298448,Chavda Bharatkumar Nanjibhai,IND,15162,434,0.247797514031391,8,45,74,GJ,Chavda Bharatkumar Nanjibhai,IND,,,,,False,45,2022,AE
1298449,Alpeshkumar V. Vadoliya (),RTORP,15166,386,0.220391337364325,9,45,74,GJ,Alpeshkumar V. Vadoliya (),RTORP,,,,,False,45,2022,AE
1298532,Dr. Mahendrabhai Padalia,BJP,15159,66430,42.8445201194461,1,45,75,GJ,Dr. Mahendrabhai Padalia,BJP,,,,,False,45,2022,AE
1298533,Lalit Vasoya,INC,15160,54182,34.945081877342,2,45,75,GJ,Lalit Vasoya,INC,,,,,True,45,2022,AE
1298534,Vipul Sakhiya,AAAP,15172,29794,19.2158607923946,3,45,75,GJ,Vipul Sakhiya,AAAP,,,,,False,45,2022,AE
1298535,Nota,NOTA,15161,1620,1.04483098891318,4,45,75,GJ,Nota,NOTA,,,,,True,45,2022,AE
1298536,Prabhat Govind Solanki,BSP,15163,1577,1.01709782068894,5,45,75,GJ,Prabhat Govind Solanki,BSP,,,,,False,45,2022,AE
1298537,Sirajbhai Ababhai Khebhar,IND,15162,529,0.341182464898193,6,45,75,GJ,Sirajbhai Ababhai Khebhar,IND,,,,,False,45,2022,AE
1298538,Parmar Sahid (hedli),IND,15162,467,0.301195106063244,7,45,75,GJ,Parmar Sahid (hedli),IND,,,,,False,45,2022,AE
1298539,Jafar Gani Pinjara,IND,15162,450,0.290230830253661,8,45,75,GJ,Jafar Gani Pinjara,IND,,,,,False,45,2022,AE
1298667,Chavda Meghjibhai Amarabhai,BJP,15159,59292,45.2199910005414,1,45,76,GJ,Chavda Meghjibhai Amarabhai,BJP,,,,,False,45,2022,AE
1298668,Dr. Jignesh Solanki,AAAP,15172,43442,33.1317352938933,2,45,76,GJ,Dr. Jignesh Solanki,AAAP,,,,,False,45,2022,AE
1298669,Pravin Narashibhai Musadiya,INC,15160,24337,18.561001838025,3,45,76,GJ,Pravin Narashibhai Musadiya,INC,,,,,False,45,2022,AE
1298670,Nota,NOTA,15161,2127,1.62219052921392,4,45,76,GJ,Nota,NOTA,,,,,True,45,2022,AE
1298671,Chouhan Mahendra Dineshbhai,BSP,15163,1256,0.957908464829658,5,45,76,GJ,Chouhan Mahendra Dineshbhai,BSP,,,,,False,45,2022,AE
1298672,Chauhan Pravinbhai Danabhai,IND,15162,665,0.507172873496594,6,45,76,GJ,Chauhan Pravinbhai Danabhai,IND,,,,,False,45,2022,AE
1298782,Patel Raghavjibhai Hansrajbhai,BJP,15159,79439,48.8014498095589,1,45,77,GJ,Patel Raghavjibhai Hansrajbhai,BJP,,,,,False,45,2022,AE
1298783,Prakash Dhirubhai Donga,AAAP,15172,31939,19.6209608059958,2,45,77,GJ,Prakash Dhirubhai Donga,AAAP,,,,,False,45,2022,AE
1298784,Kasam Nurmamad Khafi,BSP,15163,29162,17.9149772699348,3,45,77,GJ,Kasam Nurmamad Khafi,BSP,,,,,False,45,2022,AE
1298785,Ahir Jivanbhai K. Kumbharvadiya,INC,15160,18737,11.5106278412581,4,45,77,GJ,Ahir Jivanbhai K. Kumbharvadiya,INC,,,,,False,45,2022,AE
1298786,Nota,NOTA,15161,2285,1.40373510259245,5,45,77,GJ,Nota,NOTA,,,,,True,45,2022,AE
1298787,Chandra Dharmendra Dhirajlal,IND,15162,660,0.405455215628455,6,45,77,GJ,Chandra Dharmendra Dhirajlal,IND,,,,,False,45,2022,AE
1298788,Bhuralal Meghajibhai Parmar,IND,15162,558,0.34279395503133,7,45,77,GJ,Bhuralal Meghajibhai Parmar,IND,,,,,False,45,2022,AE
1298925,Rivasinh Hardevsinh Solanki (rivaba Ravindrasinh Jadeja),BJP,15159,88835,57.7878823361044,1,45,78,GJ,Rivasinh Hardevsinh Solanki (rivaba Ravindrasinh Jadeja),BJP,,,,,False,45,2022,AE
1298926,Karshanbhai Karmur (ahir Karshanbhai Parbatbhai Karmur),AAAP,15172,35265,22.9401662698567,2,45,78,GJ,Karshanbhai Karmur (ahir Karshanbhai Parbatbhai Karmur),AAAP,,,,,False,45,2022,AE
1298927,Bipendrasinh Chatursinh Jadeja,INC,15160,23274,15.1399242808633,3,45,78,GJ,Bipendrasinh Chatursinh Jadeja,INC,,,,,False,45,2022,AE
1298928,Nota,NOTA,15161,2444,1.58984166634141,4,45,78,GJ,Nota,NOTA,,,,,True,45,2022,AE
1298929,Advocate Jagdish Manshibhai Gadhavi,BSP,15163,2088,1.35826080168611,5,45,78,GJ,Advocate Jagdish Manshibhai Gadhavi,BSP,,,,,False,45,2022,AE
1298930,Malek Aadil Rasidbhai,IND,15162,398,0.258902202620246,6,45,78,GJ,Malek Aadil Rasidbhai,IND,,,,,False,45,2022,AE
1298931,Hinaben Depabhai Makwana,IND,15162,377,0.245241533637771,7,45,78,GJ,Hinaben Depabhai Makwana,IND,,,,,False,45,2022,AE
1298932,Miya Aamin Rahimbhai,IND,15162,328,0.213366639345328,8,45,78,GJ,Miya Aamin Rahimbhai,IND,,,,,False,45,2022,AE
1298933,Anvar Daud Kakal,IND,15162,293,0.190598857707869,9,45,78,GJ,Anvar Daud Kakal,IND,,,,,False,45,2022,AE
1298934,Jahid Aavadbhai Jami,IND,15162,179,0.116440940374432,10,45,78,GJ,Jahid Aavadbhai Jami,IND,,,,,False,45,2022,AE
1298935,Chavda Ashok Nathabhai,IND,15162,131,0.0852165541287745,11,45,78,GJ,Chavda Ashok Nathabhai,IND,,,,,False,45,2022,AE
1298936,Ker Rahim Osmanbhai,IND,15162,114,0.0741579173334374,12,45,78,GJ,Ker Rahim Osmanbhai,IND,,,,,False,45,2022,AE
1299067,Akbari Divyeshbhai Ranchhodbhai,BJP,15159,86492,65.1221624063547,1,45,79,GJ,Akbari Divyeshbhai Ranchhodbhai,BJP,,,,,False,45,2022,AE
1299068,Kathiriya Manojbhai Gordhanbhai,INC,15160,23795,17.9158980536836,2,45,79,GJ,Kathiriya Manojbhai Gordhanbhai,INC,,,,,False,45,2022,AE
1299069,Vishal Rajbal Tyagi,AAAP,15172,16585,12.4872943568121,3,45,79,GJ,Vishal Rajbal Tyagi,AAAP,,,,,False,45,2022,AE
1299070,Nota,NOTA,15161,2182,1.64288672213228,4,45,79,GJ,Nota,NOTA,,,,,True,45,2022,AE
1299071,Chauhan Juned Abdul Rajak,IND,15162,1109,0.83499604713323,5,45,79,GJ,Chauhan Juned Abdul Rajak,IND,,,,,False,45,2022,AE
1299072,Makuben Kishorbhai Rathod (meenaben),BSP,15163,866,0.652034785227572,6,45,79,GJ,Makuben Kishorbhai Rathod (meenaben),BSP,,,,,False,45,2022,AE
1299073,Parmar Arjunbhai Karshanbhai,IND,15162,383,0.288371042427436,7,45,79,GJ,Parmar Arjunbhai Karshanbhai,IND,,,,,False,45,2022,AE
1299074,Abjal Mamadbhai Bhaya,IND,15162,277,0.208560780032375,8,45,79,GJ,Abjal Mamadbhai Bhaya,IND,,,,,False,45,2022,AE
1299075,Gohel Mukesh Vajubhai,GNNS,15212,260,0.2,9,45,79,GJ,Gohel Mukesh Vajubhai,GNNS,,,,,False,45,2022,AE
1299076,Pattani Chandrakant Mohanlal,IND,15162,205,0.154350035764032,10,45,79,GJ,Pattani Chandrakant Mohanlal,IND,,,,,False,45,2022,AE
1299077,Kamleshkumar Jentilal Hirpara,BNJD,15175,200,0.15,11,45,79,GJ,Kamleshkumar Jentilal Hirpara,BNJD,,,,,False,45,2022,AE
1299078,Chauhan Bharatbhai Mohanbhai,IND,15162,166,0.12498588261868,12,45,79,GJ,Chauhan Bharatbhai Mohanbhai,IND,,,,,False,45,2022,AE
1299079,Jitesh Babubhai Rathod,IND,15162,121,0.0911041674509656,13,45,79,GJ,Jitesh Babubhai Rathod,IND,,,,,False,45,2022,AE
1299080,Kadari Mahmad Hushen Aarifmiya,IND,15162,91,0.0685163573391559,14,45,79,GJ,Kadari Mahmad Hushen Aarifmiya,IND,,,,,False,45,2022,AE
1299081,Alimamad Ishak Palani,IND,15162,83,0.06249294130934,15,45,79,GJ,Alimamad Ishak Palani,IND,,,,,False,45,2022,AE
1299199,Ahir Hemantbhai Hardasbhai,AAAP,15172,71397,47.4546868457259,1,45,80,GJ,Ahir Hemantbhai Hardasbhai,AAAP,,,,,False,45,2022,AE
1299200,Chimanbhai Sapariya,BJP,15159,60994,40.540235156494,2,45,80,GJ,Chimanbhai Sapariya,BJP,,,,,False,45,2022,AE
1299201,Kalaria Chiragbhai Rameshbhai,INC,15160,13514,8.982207067988,3,45,80,GJ,Kalaria Chiragbhai Rameshbhai,INC,,,,,False,45,2022,AE
1299202,Nota,NOTA,15161,1543,1.02556944693691,4,45,80,GJ,Nota,NOTA,,,,,True,45,2022,AE
1299203,Pravinbhai Vallabhbhai Patel,IND,15162,887,0.589552883624786,5,45,80,GJ,Pravinbhai Vallabhbhai Patel,IND,,,,,False,45,2022,AE
1299204,Basirbhai Sidikbhai Sama,IND,15162,802,0.533056835024891,6,45,80,GJ,Basirbhai Sidikbhai Sama,IND,,,,,False,45,2022,AE
1299205,Juneja Sabbirbhai Ibrahimbhai,SP,15176,473,0.314383893973533,7,45,80,GJ,Juneja Sabbirbhai Ibrahimbhai,SP,,,,,False,45,2022,AE
1299206,Joshi Amit Babubhai,IND,15162,386,0.256558526583052,8,45,80,GJ,Joshi Amit Babubhai,IND,,,,,False,45,2022,AE
1299207,Ambalal Manjibhai Vavecha,IND,15162,260,0.172811442776149,9,45,80,GJ,Ambalal Manjibhai Vavecha,IND,,,,,False,45,2022,AE
1299208,Abu Umar Shida,IND,15162,197,0.130937900872697,10,45,80,GJ,Abu Umar Shida,IND,,,,,False,45,2022,AE
1299324,Ayar Mulubhai Hardasbhai Bera,BJP,15159,77834,40.961598172795,1,45,81,GJ,Ayar Mulubhai Hardasbhai Bera,BJP,,,,,False,45,2022,AE
1299325,Isudan Gadhvi,AAAP,15172,59089,31.0966913486688,2,45,81,GJ,Isudan Gadhvi,AAAP,,,,,False,45,2022,AE
1299326,Ahir Vikrambhai Arjanbhai Maadam,INC,15160,44715,23.5321050221822,3,45,81,GJ,Ahir Vikrambhai Arjanbhai Maadam,INC,,,,,False,45,2022,AE
1299327,Nota,NOTA,15161,2582,1.35882578927148,4,45,81,GJ,Nota,NOTA,,,,,True,45,2022,AE
1299328,Manjuben Karabhai Pingal,IND,15162,1250,0.657835877842508,5,45,81,GJ,Manjuben Karabhai Pingal,IND,,,,,False,45,2022,AE
1299329,Solanki Govind Hamirbhai,BSP,15163,1000,0.526268702274007,6,45,81,GJ,Solanki Govind Hamirbhai,BSP,,,,,False,45,2022,AE
1299330,Chetariya Lakhubhai Lagdhirbhai,GNNS,15212,923,0.49,7,45,81,GJ,Chetariya Lakhubhai Lagdhirbhai,GNNS,,,,,False,45,2022,AE
1299331,Vala Hamir Makvana,IND,15162,797,0.419436155712383,8,45,81,GJ,Vala Hamir Makvana,IND,,,,,False,45,2022,AE
1299332,Bukhari Yakub Mohammad Hushen,AIMIM,15185,737,0.387860033575943,9,45,81,GJ,Bukhari Yakub Mohammad Hushen,AIMIM,,,,,False,45,2022,AE
1299333,Nurmamad Jusab Pariyani,IND,15162,613,0.322602714493966,10,45,81,GJ,Nurmamad Jusab Pariyani,IND,,,,,False,45,2022,AE
1299334,Nangesh Karsan Jeshabhai,IND,15162,248,0.130514638163953,11,45,81,GJ,Nangesh Karsan Jeshabhai,IND,,,,,False,45,2022,AE
1299335,Ibrahimbhai Amadbhai Ghavda,IND,15162,229,0.120515532820747,12,45,81,GJ,Ibrahimbhai Amadbhai Ghavda,IND,,,,,False,45,2022,AE
1299466,Pabubha Virambha Manek,BJP,15159,74018,41.075243755584,1,45,82,GJ,Pabubha Virambha Manek,BJP,,,,,True,45,2022,AE
1299467,Ahir Mulubhai Ranmalbhai Kandoriya,INC,15160,68691,38.1191003379559,2,45,82,GJ,Ahir Mulubhai Ranmalbhai Kandoriya,INC,,,,,False,45,2022,AE
1299468,Lakhmanbhai Boghabhai Nakum,AAAP,15172,28381,15.7496351296607,3,45,82,GJ,Lakhmanbhai Boghabhai Nakum,AAAP,,,,,False,45,2022,AE
1299469,Nota,NOTA,15161,2919,1.61985782542827,4,45,82,GJ,Nota,NOTA,,,,,True,45,2022,AE
1299470,Parmani Kishankumar Himantlal,GAGUP,15196,1391,0.77,5,45,82,GJ,Parmani Kishankumar Himantlal,GAGUP,,,,,False,45,2022,AE
1299471,Bhagvanji H. Thobhani,IND,15162,1151,0.638731194610462,6,45,82,GJ,Bhagvanji H. Thobhani,IND,,,,,False,45,2022,AE
1299472,Hathal Chandrasinh Sadurbha,BSP,15163,821,0.455602355147862,7,45,82,GJ,Hathal Chandrasinh Sadurbha,BSP,,,,,False,45,2022,AE
1299473,Madam Nathabhai Fogabhai,GNNS,15212,598,0.33,8,45,82,GJ,Madam Nathabhai Fogabhai,GNNS,,,,,False,45,2022,AE
1299474,Nagash Karashanbhai Jeshabhai,IND,15162,526,0.291896271385841,9,45,82,GJ,Nagash Karashanbhai Jeshabhai,IND,,,,,False,45,2022,AE
1299475,Asharafmiya Sidikmiya Kadri,IND,15162,486,0.269698836299465,10,45,82,GJ,Asharafmiya Sidikmiya Kadri,IND,,,,,False,45,2022,AE
1299476,Hamir Dadu Der,SP,15176,394,0.218644735600801,11,45,82,GJ,Hamir Dadu Der,SP,,,,,False,45,2022,AE
1299477,Devendra Fogabha Manek,IND,15162,330,0.1831288394626,12,45,82,GJ,Devendra Fogabha Manek,IND,,,,,False,45,2022,AE
1299478,Ghediya Amit Jagdishbhai,IND,15162,289,0.160376468499064,13,45,82,GJ,Ghediya Amit Jagdishbhai,IND,,,,,False,45,2022,AE
1299479,Kishor Khimabhai Chavada,IND,15162,206,0.114316790694835,14,45,82,GJ,Kishor Khimabhai Chavada,IND,,,,,False,45,2022,AE
1299563,Arjunbhai Devabhai Modhwadia,INC,15160,82056,49.3620400281532,1,45,83,GJ,Arjunbhai Devabhai Modhwadia,INC,,,,,False,45,2022,AE
1299564,Babubhai Bhimabhai Bokhiriya,BJP,15159,73875,44.4406345310497,2,45,83,GJ,Babubhai Bhimabhai Bokhiriya,BJP,,,,,True,45,2022,AE
1299565,Jivan Jungi,AAAP,15172,5319,3.19972568623558,3,45,83,GJ,Jivan Jungi,AAAP,,,,,False,45,2022,AE
1299566,Nota,NOTA,15161,2769,1.66573424049376,4,45,83,GJ,Nota,NOTA,,,,,True,45,2022,AE
1299567,Mukesh Ramji Panjari,IND,15162,674,0.405454993894112,5,45,83,GJ,Mukesh Ramji Panjari,IND,,,,,False,45,2022,AE
1299568,Manoj Babu Buddhecha,IND,15162,347,0.208743149675455,6,45,83,GJ,Manoj Babu Buddhecha,IND,,,,,False,45,2022,AE
1299569,Odedara Lakhanshi Deva,IND,15162,309,0.185883669307538,7,45,83,GJ,Odedara Lakhanshi Deva,IND,,,,,False,45,2022,AE
1299570,Rameshbhai Rajabhai Daki,SP,15176,231,0.138961578026023,8,45,83,GJ,Rameshbhai Rajabhai Daki,SP,,,,,False,45,2022,AE
1299571,Prakashbhai Vallabhdas Unadkat,IND,15162,225,0.135352186388984,9,45,83,GJ,Prakashbhai Vallabhdas Unadkat,IND,,,,,False,45,2022,AE
1299572,Jethabhai Bhanabhai Chavda,BARESP,15237,219,0.13,10,45,83,GJ,Jethabhai Bhanabhai Chavda,BARESP,,,,,False,45,2022,AE
1299573,Rajesh Gaurishankar Pandya,RTORP,15166,128,0.08,11,45,83,GJ,Rajesh Gaurishankar Pandya,RTORP,,,,,False,45,2022,AE
1299574,Odedara Ranmalbhai Rambhai,IND,15162,81,0.0487267871000342,12,45,83,GJ,Odedara Ranmalbhai Rambhai,IND,,,,,False,45,2022,AE
1299648,Kandhalbhai Sarmanbhai Jadeja,SP,15176,60744,46.942450212904,1,45,84,GJ,Kandhalbhai Sarmanbhai Jadeja,SP,,,,,False,45,2022,AE
1299649,Dheliben Maldebhai Odedara,BJP,15159,34032,26.29964219751,2,45,84,GJ,Dheliben Maldebhai Odedara,BJP,,,,,False,45,2022,AE
1299650,Bhimabhai Danabhai Makvana,AAAP,15172,19557,15.113484439842,3,45,84,GJ,Bhimabhai Danabhai Makvana,AAAP,,,,,False,45,2022,AE
1299651,Nathabhai Bhurabhai Odedara,INC,15160,8841,6.8322501371705,4,45,84,GJ,Nathabhai Bhurabhai Odedara,INC,,,,,False,45,2022,AE
1299652,Nota,NOTA,15161,1963,1.51698982233522,5,45,84,GJ,Nota,NOTA,,,,,True,45,2022,AE
1299653,Butani Rajeshbhai Maganbhai,RSTHNDEKD,15225,1126,0.87,6,45,84,GJ,Butani Rajeshbhai Maganbhai,RSTHNDEKD,,,,,False,45,2022,AE
1299654,Mukeshbhai Lakhaman Vaghasiya,IND,15162,788,0.608959745287903,7,45,84,GJ,Mukeshbhai Lakhaman Vaghasiya,IND,,,,,False,45,2022,AE
1299655,Rajeshbhai Laxmidas Madlani,IND,15162,484,0.374031112588001,8,45,84,GJ,Rajeshbhai Laxmidas Madlani,IND,,,,,False,45,2022,AE
1299656,Nimeshbhai Mansukhbhai Bhundiya,IND,15162,430,0.332300368621571,9,45,84,GJ,Nimeshbhai Mansukhbhai Bhundiya,IND,,,,,False,45,2022,AE
1299657,Prakashbhai Madhavjibhai Jungi,IND,15162,356,0.275113793556464,10,45,84,GJ,Prakashbhai Madhavjibhai Jungi,IND,,,,,False,45,2022,AE
1299658,Chandulal Mohanbhai Rathod,IND,15162,347,0.268158669562059,11,45,84,GJ,Chandulal Mohanbhai Rathod,IND,,,,,False,45,2022,AE
1299659,Milankumar Madhavji Chauhan,IND,15162,336,0.259657962457786,12,45,84,GJ,Milankumar Madhavji Chauhan,IND,,,,,False,45,2022,AE
1299660,Ajay Karabhai Odedara,IND,15162,242,0.187015556294,13,45,84,GJ,Ajay Karabhai Odedara,IND,,,,,False,45,2022,AE
1299661,Anand Krashnakant Buch,IND,15162,155,0.119782691014752,14,45,84,GJ,Anand Krashnakant Buch,IND,,,,,False,45,2022,AE
1299740,Arvindbhai Jinabhai Ladani,INC,15160,64690,42.1441461396639,1,45,85,GJ,Arvindbhai Jinabhai Ladani,INC,,,,,False,45,2022,AE
1299741,Jawaharbhai Pethaljibhai Chavda,BJP,15159,61237,39.894590773761,2,45,85,GJ,Jawaharbhai Pethaljibhai Chavda,BJP,,,,,False,45,2022,AE
1299742,Karshan Parbat Bhadarka (bapu),AAAP,15172,23297,15.1774953256415,3,45,85,GJ,Karshan Parbat Bhadarka (bapu),AAAP,,,,,False,45,2022,AE
1299743,Nota,NOTA,15161,1568,1.02151833586324,4,45,85,GJ,Nota,NOTA,,,,,True,45,2022,AE
1299744,Muchhadiya Devdanbhai Kanabhai,BSP,15163,1370,0.892525586819286,5,45,85,GJ,Muchhadiya Devdanbhai Kanabhai,BSP,,,,,False,45,2022,AE
1299745,Rathod Bhavinkumar Shantilal,IND,15162,731,0.476230805813794,6,45,85,GJ,Rathod Bhavinkumar Shantilal,IND,,,,,False,45,2022,AE
1299746,Karangiya Parbatbhai Bhayabhai,IND,15162,336,0.218896786256408,7,45,85,GJ,Karangiya Parbatbhai Bhayabhai,IND,,,,,False,45,2022,AE
1299747,Mahesh Parmar,IND,15162,268,0.174596246180707,8,45,85,GJ,Mahesh Parmar,IND,,,,,False,45,2022,AE
1299817,Sanjay Sukhabhai Koradia,BJP,15159,84616,52.0051380702735,1,45,86,GJ,Sanjay Sukhabhai Koradia,BJP,,,,,False,45,2022,AE
1299818,Joshi Bhikhabhai Galabhai,INC,15160,44360,27.2637317386467,2,45,86,GJ,Joshi Bhikhabhai Galabhai,INC,,,,,True,45,2022,AE
1299819,Chetankumar Harsukhbhai Gajera,AAAP,15172,28306,17.3969159286324,3,45,86,GJ,Chetankumar Harsukhbhai Gajera,AAAP,,,,,False,45,2022,AE
1299820,Nota,NOTA,15161,2002,1.23043261814181,4,45,86,GJ,Nota,NOTA,,,,,True,45,2022,AE
1299821,Mayurbhai Harilal Ranva,BSP,15163,900,0.553141536627188,5,45,86,GJ,Mayurbhai Harilal Ranva,BSP,,,,,False,45,2022,AE
1299822,Gorfad Dilipkumar Ranchhodbhai,BTJP,15223,845,0.52,6,45,86,GJ,Gorfad Dilipkumar Ranchhodbhai,BTJP,,,,,False,45,2022,AE
1299823,Ghanshyamkumar Himantbhai Mashru,IND,15162,760,0.467097297596292,7,45,86,GJ,Ghanshyamkumar Himantbhai Mashru,IND,,,,,False,45,2022,AE
1299824,Haresh Manubhai Sardhara,IND,15162,381,0.234163250505509,8,45,86,GJ,Haresh Manubhai Sardhara,IND,,,,,False,45,2022,AE
1299825,Shashikant Karshanbhai Ravat,IND,15162,347,0.213266792455149,9,45,86,GJ,Shashikant Karshanbhai Ravat,IND,,,,,False,45,2022,AE
1299826,Mamtaben Jayantilal Botvadiya,IND,15162,190,0.116774324399073,10,45,86,GJ,Mamtaben Jayantilal Botvadiya,IND,,,,,False,45,2022,AE
1299903,Bhupendrabhai Gandubhai Bhayani,AAAP,15172,66210,45.1754206410938,1,45,87,GJ,Bhupendrabhai Gandubhai Bhayani,AAAP,,,,,False,45,2022,AE
1299904,Harshadkumar Madhavjibhai Ribadiya,BJP,15159,59147,40.3562997229841,2,45,87,GJ,Harshadkumar Madhavjibhai Ribadiya,BJP,,,,,False,45,2022,AE
1299905,Karashanbhai Naranbhai Vadadoriya,INC,15160,16963,11.573941403638,3,45,87,GJ,Karashanbhai Naranbhai Vadadoriya,INC,,,,,False,45,2022,AE
1299906,Vaghela Mansukhbhai Nathabhai,BSP,15163,1842,1.25680599336799,4,45,87,GJ,Vaghela Mansukhbhai Nathabhai,BSP,,,,,False,45,2022,AE
1299907,Nota,NOTA,15161,1765,1.20426850070277,5,45,87,GJ,Nota,NOTA,,,,,True,45,2022,AE
1299908,Ikbalbhai Habibbhai Sama,IND,15162,635,0.433263738213179,6,45,87,GJ,Ikbalbhai Habibbhai Sama,IND,,,,,False,45,2022,AE
1299985,Devabhai Punjabhai Malam,BJP,15159,55802,36.0858009402665,1,45,88,GJ,Devabhai Punjabhai Malam,BJP,,,,,True,45,2022,AE
1299986,Hirabhai Arjanbhai Jotva,INC,15160,51594,33.3645893285565,2,45,88,GJ,Hirabhai Arjanbhai Jotva,INC,,,,,False,45,2022,AE
1299987,Chudasama Ramajibhai Babubhai,AAAP,15172,24497,15.8416161720674,3,45,88,GJ,Chudasama Ramajibhai Babubhai,AAAP,,,,,False,45,2022,AE
1299988,Arvindbhai Keshavbhai Ladani,IND,15162,19274,12.4640286606698,4,45,88,GJ,Arvindbhai Keshavbhai Ladani,IND,,,,,False,45,2022,AE
1299989,Nota,NOTA,15161,1719,1.11163563700796,5,45,88,GJ,Nota,NOTA,,,,,True,45,2022,AE
1299990,Antroliya Dhanabhai Munabhai,VPP,15183,762,0.49,6,45,88,GJ,Antroliya Dhanabhai Munabhai,VPP,,,,,False,45,2022,AE
1299991,Lalitkumar L. Dedaniya,IND,15162,611,0.395118891339071,7,45,88,GJ,Lalitkumar L. Dedaniya,IND,,,,,False,45,2022,AE
1299992,Alpeshkumar Chandulal Trambadiya,IND,15162,378,0.244443438504368,8,45,88,GJ,Alpeshkumar Chandulal Trambadiya,IND,,,,,False,45,2022,AE
1300065,Kargatiya Bhagvanjibhai Lakhabhai,BJP,15159,60896,41.2111040428786,1,45,89,GJ,Kargatiya Bhagvanjibhai Lakhabhai,BJP,,,,,True,45,2022,AE
1300066,Babubhai Kalabhai Vaja,INC,15160,38395,25.9836498247228,2,45,89,GJ,Babubhai Kalabhai Vaja,INC,,,,,False,45,2022,AE
1300067,Piyush Parmar,AAAP,15172,34314,23.2218507640458,3,45,89,GJ,Piyush Parmar,AAAP,,,,,False,45,2022,AE
1300068,Sulemanbhai Mohmadbhai Patel,AIMIM,15185,10789,7.30140898447545,4,45,89,GJ,Sulemanbhai Mohmadbhai Patel,AIMIM,,,,,False,45,2022,AE
1300069,Nota,NOTA,15161,1760,1.19107237118146,5,45,89,GJ,Nota,NOTA,,,,,True,45,2022,AE
1300070,Hansaben Vijay Makadiya,BSP,15163,947,0.64087814517548,6,45,89,GJ,Hansaben Vijay Makadiya,BSP,,,,,False,45,2022,AE
1300071,Hamirbhai Lakhmanbhai Dhama,IND,15162,665,0.450035867520268,7,45,89,GJ,Hamirbhai Lakhmanbhai Dhama,IND,,,,,False,45,2022,AE
1300136,Chudasama Vimalbhai Kanabhai,INC,15160,73819,38.1961368704821,1,45,90,GJ,Chudasama Vimalbhai Kanabhai,INC,,,,,True,45,2022,AE
1300137,Mansinghbhai Meramanbhai Parmar,BJP,15159,72897,37.7190667639434,2,45,90,GJ,Mansinghbhai Meramanbhai Parmar,BJP,,,,,False,45,2022,AE
1300138,Jagmalbhai Jadavbhai Vala,AAAP,15172,33235,17.1967733089106,3,45,90,GJ,Jagmalbhai Jadavbhai Vala,AAAP,,,,,False,45,2022,AE
1300139,Ishwarlal Kanjibhai Soneri,IND,15162,7381,3.81914800039324,4,45,90,GJ,Ishwarlal Kanjibhai Soneri,IND,,,,,False,45,2022,AE
1300140,Nota,NOTA,15161,1530,0.791667313453687,5,45,90,GJ,Nota,NOTA,,,,,True,45,2022,AE
1300141,Ambechada Hamirbhai Karasanbhai,BSP,15163,1469,0.760104106838867,6,45,90,GJ,Ambechada Hamirbhai Karasanbhai,BSP,,,,,False,45,2022,AE
1300142,Shah Uday Navinbhai,IND,15162,1197,0.619363251113767,7,45,90,GJ,Shah Uday Navinbhai,IND,,,,,False,45,2022,AE
1300143,Motivarash Devendrabhai Dhanjibhai,IND,15162,878,0.454303203406756,8,45,90,GJ,Motivarash Devendrabhai Dhanjibhai,IND,,,,,False,45,2022,AE
1300144,Asatarbhai Aganibhai Panja,IND,15162,496,0.256645089851652,9,45,90,GJ,Asatarbhai Aganibhai Panja,IND,,,,,False,45,2022,AE
1300145,Irfanbhai Arahemanbhai Mugal,IND,15162,361,0.186792091605739,10,45,90,GJ,Irfanbhai Arahemanbhai Mugal,IND,,,,,False,45,2022,AE
1300225,Bhagabhai Dhanabhai Barad,BJP,15159,64788,43.1701271355846,1,45,91,GJ,Bhagabhai Dhanabhai Barad,BJP,,,,,False,45,2022,AE
1300226,Solanki Devendrabhai Kanjibhai,AAAP,15172,44733,29.8068978384285,2,45,91,GJ,Solanki Devendrabhai Kanjibhai,AAAP,,,,,False,45,2022,AE
1300227,Dodiya Mansingbhai Jesingbhai,INC,15160,34413,22.9303819398171,3,45,91,GJ,Dodiya Mansingbhai Jesingbhai,INC,,,,,False,45,2022,AE
1300228,Daki Jaysukhlal Jadavbhai,IND,15162,1630,1.08611636770702,4,45,91,GJ,Daki Jaysukhlal Jadavbhai,IND,,,,,True,45,2022,AE
1300229,Nota,NOTA,15161,1486,0.990164983075241,5,45,91,GJ,Nota,NOTA,,,,,True,45,2022,AE
1300230,Parmar Faridaben Muradbhai,BSP,15163,1068,0.711639436019083,6,45,91,GJ,Parmar Faridaben Muradbhai,BSP,,,,,False,45,2022,AE
1300231,Faijal Ibrahimbhai Dhamlot,IND,15162,581,0.387137183826861,7,45,91,GJ,Faijal Ibrahimbhai Dhamlot,IND,,,,,False,45,2022,AE
1300232,Rafai Mahmadsha Ikbalsha,IND,15162,435,0.289853141075188,8,45,91,GJ,Rafai Mahmadsha Ikbalsha,IND,,,,,False,45,2022,AE
1300233,Jayeshbhai Bhagvanbhai Kamaliya,IND,15162,404,0.269196940216956,9,45,91,GJ,Jayeshbhai Bhagvanbhai Kamaliya,IND,,,,,False,45,2022,AE
1300234,Abdulbhai Ismailbhai Majgul,IND,15162,354,0.235880487219808,10,45,91,GJ,Abdulbhai Ismailbhai Majgul,IND,,,,,False,45,2022,AE
1300235,Chandapa Karshanbhai Govindbhai,IND,15162,184,0.122604547029505,11,45,91,GJ,Chandapa Karshanbhai Govindbhai,IND,,,,,False,45,2022,AE
1300299,Pradyuman Ganubhai Vaja,BJP,15159,77794,51.3786795057227,1,45,92,GJ,Pradyuman Ganubhai Vaja,BJP,,,,,False,45,2022,AE
1300300,Makvana Maheshbhai Jethabhai,INC,15160,58408,38.5752874588047,2,45,92,GJ,Makvana Maheshbhai Jethabhai,INC,,,,,False,45,2022,AE
1300301,Valjibhai Karshanbhai Makvana,AAAP,15172,10738,7.09186133291064,3,45,92,GJ,Valjibhai Karshanbhai Makvana,AAAP,,,,,False,45,2022,AE
1300302,Nota,NOTA,15161,2025,1.3374016762101,4,45,92,GJ,Nota,NOTA,,,,,True,45,2022,AE
1300303,Vadhel Dipsinh Govindbhai,IND,15162,1353,0.893582453290008,5,45,92,GJ,Vadhel Dipsinh Govindbhai,IND,,,,,False,45,2022,AE
1300304,Sosa Balubhai Pithabhai,BSP,15163,1095,0.723187573061758,6,45,92,GJ,Sosa Balubhai Pithabhai,BSP,,,,,False,45,2022,AE
1300370,Kalubhai Chanabhai Rathod,BJP,15159,95860,56.4636308482503,1,45,93,GJ,Kalubhai Chanabhai Rathod,BJP,,,,,False,45,2022,AE
1300371,Vansh Punjabhai Bhimabhai,INC,15160,52334,30.8258674818728,2,45,93,GJ,Vansh Punjabhai Bhimabhai,INC,,,,,True,45,2022,AE
1300372,Sejalben Mansukhbhai Khunt,AAAP,15172,12922,7.61133984791456,3,45,93,GJ,Sejalben Mansukhbhai Khunt,AAAP,,,,,False,45,2022,AE
1300373,Nota,NOTA,15161,3092,1.82125544108898,4,45,93,GJ,Nota,NOTA,,,,,True,45,2022,AE
1300374,Vansh Balubhai Karshanbhai,IND,15162,1142,0.672662908707509,5,45,93,GJ,Vansh Balubhai Karshanbhai,IND,,,,,False,45,2022,AE
1300375,Panchabhai Bhayabhai Damaniya,BHHITP,15299,1127,0.66,6,45,93,GJ,Panchabhai Bhayabhai Damaniya,BHHITP,,,,,False,45,2022,AE
1300376,Ishwar Rambhai Solanki,RTORP,15166,1078,0.63,7,45,93,GJ,Ishwar Rambhai Solanki,RTORP,,,,,False,45,2022,AE
1300377,Vala Bhanajibhai Khetabhai,IND,15162,806,0.474751580051009,8,45,93,GJ,Vala Bhanajibhai Khetabhai,IND,,,,,False,45,2022,AE
1300378,Gohil Mansinh Balubhai,IND,15162,687,0.404657984485165,9,45,93,GJ,Gohil Mansinh Balubhai,IND,,,,,False,45,2022,AE
1300379,Nilesh Anilbhai Khorasee,IND,15162,369,0.217349048435263,10,45,93,GJ,Nilesh Anilbhai Khorasee,IND,,,,,False,45,2022,AE
1300380,Shantilal Danabhai Kidecha,RTSMJD,15300,356,0.21,11,45,93,GJ,Shantilal Danabhai Kidecha,RTSMJD,,,,,False,45,2022,AE
1300449,Kakadiya Jaysukhbhai Vallabhbhai (kakadiya J.v.),BJP,15159,46466,38.9988837318606,1,45,94,GJ,Kakadiya Jaysukhbhai Vallabhbhai (kakadiya J.v.),BJP,,,,,False,45,2022,AE
1300450,Satasiya Kantibhai Shambhubhai,AAAP,15172,37749,31.6827112726296,2,45,94,GJ,Satasiya Kantibhai Shambhubhai,AAAP,,,,,False,45,2022,AE
1300451,Kirtikumar Kanubhai Borisagar,INC,15160,17978,15.0889237664397,3,45,94,GJ,Kirtikumar Kanubhai Borisagar,INC,,,,,False,45,2022,AE
1300452,Vala Upendrabhai Valkubhai,IND,15162,9625,8.07825627166441,4,45,94,GJ,Vala Upendrabhai Valkubhai,IND,,,,,False,45,2022,AE
1300453,Payal Bhavin Patel,JD(S),15202,2242,1.88,5,45,94,GJ,Payal Bhavin Patel,JD(S),,,,,False,45,2022,AE
1300454,Nota,NOTA,15161,1845,1.54850730610086,6,45,94,GJ,Nota,NOTA,,,,,True,45,2022,AE
1300455,Bhupatbhai Chhaganbhai Unava,VPP,15183,881,0.74,7,45,94,GJ,Bhupatbhai Chhaganbhai Unava,VPP,,,,,False,45,2022,AE
1300456,Parmar Imranbhai Valibhai,IND,15162,682,0.572402158677935,8,45,94,GJ,Parmar Imranbhai Valibhai,IND,,,,,False,45,2022,AE
1300457,Chaturbhai Parshotambhai Rudani,IND,15162,668,0.560651967737332,9,45,94,GJ,Chaturbhai Parshotambhai Rudani,IND,,,,,False,45,2022,AE
1300458,Sureshbhai Dilubhai Parmar,RPWP,15164,377,0.32,10,45,94,GJ,Sureshbhai Dilubhai Parmar,RPWP,,,,,False,45,2022,AE
1300459,Vijaybhai Amrutbhai Chavda,LGP,15217,374,0.31,11,45,94,GJ,Vijaybhai Amrutbhai Chavda,LGP,,,,,False,45,2022,AE
1300460,Sojitra Hiteshbhai Gobarbhai,RSTHNDEKD,15225,260,0.22,12,45,94,GJ,Sojitra Hiteshbhai Gobarbhai,RSTHNDEKD,,,,,False,45,2022,AE
1300536,Kaushik Kantibhai Vekariya,BJP,15159,89034,54.8864161760626,1,45,95,GJ,Kaushik Kantibhai Vekariya,BJP,,,,,False,45,2022,AE
1300537,Dhanani Pareshkumar Dhirajlal,INC,15160,42377,26.1239712726936,2,45,95,GJ,Dhanani Pareshkumar Dhirajlal,INC,,,,,False,45,2022,AE
1300538,Ravi Dhanani,AAAP,15172,26445,16.3024381222451,3,45,95,GJ,Ravi Dhanani,AAAP,,,,,False,45,2022,AE
1300539,Nota,NOTA,15161,2138,1.31800388373454,4,45,95,GJ,Nota,NOTA,,,,,True,45,2022,AE
1300540,Vinubhai Chavada,IND,15162,1385,0.853805135160126,5,45,95,GJ,Vinubhai Chavada,IND,,,,,False,45,2022,AE
1300541,Gohil Mukeshbhai Khimajibhai,VPP,15183,836,0.52,6,45,95,GJ,Gohil Mukeshbhai Khimajibhai,VPP,,,,,False,45,2022,AE
1300617,Janakbhai Talaviya,BJP,15159,64866,49.118582462517,1,45,96,GJ,Janakbhai Talaviya,BJP,,,,,False,45,2022,AE
1300618,Virjibhai Thummar,INC,15160,35592,26.9513857337573,2,45,96,GJ,Virjibhai Thummar,INC,,,,,False,45,2022,AE
1300619,Jayshukhbhai Ravajibhai Detroja (doli),AAAP,15172,26643,20.174920490686,3,45,96,GJ,Jayshukhbhai Ravajibhai Detroja (doli),AAAP,,,,,False,45,2022,AE
1300620,Nota,NOTA,15161,2040,1.54475238527941,4,45,96,GJ,Nota,NOTA,,,,,True,45,2022,AE
1300621,Jagdishchandra Mayani,VPP,15183,939,0.71,5,45,96,GJ,Jagdishchandra Mayani,VPP,,,,,False,45,2022,AE
1300622,Munabhai Nakubhai Bavaliya,IND,15162,799,0.605028017567772,6,45,96,GJ,Munabhai Nakubhai Bavaliya,IND,,,,,False,45,2022,AE
1300623,Dilabhai Koreja,IND,15162,779,0.589883386339542,7,45,96,GJ,Dilabhai Koreja,IND,,,,,False,45,2022,AE
1300624,J.r.parmar,RTORP,15166,402,0.3,8,45,96,GJ,J.r.parmar,RTORP,,,,,False,45,2022,AE
1300701,Kaswala Mahesh,BJP,15159,63757,46.0066963963573,1,45,97,GJ,Kaswala Mahesh,BJP,,,,,False,45,2022,AE
1300702,Pratap Dudhat,INC,15160,60265,43.4868886291148,2,45,97,GJ,Pratap Dudhat,INC,,,,,True,45,2022,AE
1300703,Bharat Nakarani,AAAP,15172,7895,5.69698806482804,3,45,97,GJ,Bharat Nakarani,AAAP,,,,,False,45,2022,AE
1300704,Nota,NOTA,15161,2520,1.81841797636056,4,45,97,GJ,Nota,NOTA,,,,,True,45,2022,AE
1300705,Geetaben Najabhai Maru,BSP,15163,958,0.69128746879104,5,45,97,GJ,Geetaben Najabhai Maru,BSP,,,,,False,45,2022,AE
1300706,Saiyad Naushad Rahimmiya Kadri,IND,15162,886,0.639332669466453,6,45,97,GJ,Saiyad Naushad Rahimmiya Kadri,IND,,,,,False,45,2022,AE
1300707,Haku Vala,IND,15162,655,0.472644354966734,7,45,97,GJ,Haku Vala,IND,,,,,False,45,2022,AE
1300708,Nanalal Kalidas Maheta,RTSMJD,15300,539,0.39,8,45,97,GJ,Nanalal Kalidas Maheta,RTSMJD,,,,,False,45,2022,AE
1300709,Shabbirbhai Alarakhbhai Malek (pintubhai Malek),IND,15162,379,0.273484290889148,9,45,97,GJ,Shabbirbhai Alarakhbhai Malek (pintubhai Malek),IND,,,,,False,45,2022,AE
1300710,Kishor Bagada,IND,15162,268,0.193387308597076,10,45,97,GJ,Kishor Bagada,IND,,,,,False,45,2022,AE
1300711,Yunusbhai Dolabhai Jadav,IND,15162,235,0.169574692239973,11,45,97,GJ,Yunusbhai Dolabhai Jadav,IND,,,,,False,45,2022,AE
1300712,Makvana Bharatbhai Kalubhai,VPP,15183,225,0.16,12,45,97,GJ,Makvana Bharatbhai Kalubhai,VPP,,,,,False,45,2022,AE
1300787,Hirabhai Odhavjibhai Solanki,BJP,15159,78482,43.6931093803063,1,45,98,GJ,Hirabhai Odhavjibhai Solanki,BJP,,,,,False,45,2022,AE
1300788,Ambarishkumar Jivabhai Der,INC,15160,68019,37.8680666514494,2,45,98,GJ,Ambarishkumar Jivabhai Der,INC,,,,,False,45,2022,AE
1300789,Karanbhai Baraiya,IND,15162,19186,10.6813791260487,3,45,98,GJ,Karanbhai Baraiya,IND,,,,,False,45,2022,AE
1300790,Bharatkumar Baldaniya,AAAP,15172,5294,2.94731685047962,4,45,98,GJ,Bharatkumar Baldaniya,AAAP,,,,,False,45,2022,AE
1300791,Nota,NOTA,15161,2829,1.57498288062086,5,45,98,GJ,Nota,NOTA,,,,,True,45,2022,AE
1300792,Shwetaben Budhabhai Vaghela,IND,15162,1496,0.832864754121177,6,45,98,GJ,Shwetaben Budhabhai Vaghela,IND,,,,,False,45,2022,AE
1300793,Gaha Majidbhai,SDPI,15187,978,0.544479765728951,7,45,98,GJ,Gaha Majidbhai,SDPI,,,,,False,45,2022,AE
1300794,Vagh Harsurbhai Valerabhai,IND,15162,624,0.347398132735036,8,45,98,GJ,Vagh Harsurbhai Valerabhai,IND,,,,,False,45,2022,AE
1300795,Champubhai Dhakhada,GNNS,15212,598,0.33,9,45,98,GJ,Champubhai Dhakhada,GNNS,,,,,False,45,2022,AE
1300796,Vijyaben Girishbhai Parmar,IND,15162,563,0.313437738349079,10,45,98,GJ,Vijyaben Girishbhai Parmar,IND,,,,,False,45,2022,AE
1300797,Vagh Shivabhai Bhanabhai,IND,15162,364,0.202648910762104,11,45,98,GJ,Vagh Shivabhai Bhanabhai,IND,,,,,False,45,2022,AE
1300798,Rajeshbhai Natubhai Joshi,IND,15162,354,0.197081632993914,12,45,98,GJ,Rajeshbhai Natubhai Joshi,IND,,,,,False,45,2022,AE
1300799,Muktaben Narendrabhai Parmar,IND,15162,229,0.127490660891543,13,45,98,GJ,Muktaben Narendrabhai Parmar,IND,,,,,False,45,2022,AE
1300800,Puspaben Kamleshbhai Parmar,IND,15162,227,0.126377205337905,14,45,98,GJ,Puspaben Kamleshbhai Parmar,IND,,,,,False,45,2022,AE
1300801,Gitaben Bharatkumar Parmar,IND,15162,212,0.118026288685621,15,45,98,GJ,Gitaben Bharatkumar Parmar,IND,,,,,False,45,2022,AE
1300802,Champaben Narshibhai Rathod,IND,15162,166,0.0924168109519488,16,45,98,GJ,Champaben Narshibhai Rathod,IND,,,,,False,45,2022,AE
1300874,Gohil Shivabhai Jerambhai,BJP,15159,86463,55.9243759984994,1,45,99,GJ,Gohil Shivabhai Jerambhai,BJP,,,,,False,45,2022,AE
1300875,Dr. Kanubhai V. Kalsaria,INC,15160,55991,36.2150484777532,2,45,99,GJ,Dr. Kanubhai V. Kalsaria,INC,,,,,False,45,2022,AE
1300876,Ashokbhai Mangalbhai Joliya,AAAP,15172,6077,3.93061116249587,3,45,99,GJ,Ashokbhai Mangalbhai Joliya,AAAP,,,,,False,45,2022,AE
1300877,Nota,NOTA,15161,2619,1.69397245920301,4,45,99,GJ,Nota,NOTA,,,,,True,45,2022,AE
1300878,Hojefa Ikbalbhai Hingora,IND,15162,1025,0.662971275556734,5,45,99,GJ,Hojefa Ikbalbhai Hingora,IND,,,,,False,45,2022,AE
1300879,Mahebubbhai Alarakhbhai Shekh,IND,15162,540,0.34927267200062,6,45,99,GJ,Mahebubbhai Alarakhbhai Shekh,IND,,,,,False,45,2022,AE
1300880,Sankhat Savjibhai Bhagvanbhai (koli Savaram Sankhat),VPP,15183,516,0.33,7,45,99,GJ,Sankhat Savjibhai Bhagvanbhai (koli Savaram Sankhat),VPP,,,,,False,45,2022,AE
1300881,Nanjibhai Harasurbhai Baraiya (nanjibhai Baraiya),IND,15162,406,0.262601305244911,8,45,99,GJ,Nanjibhai Harasurbhai Baraiya (nanjibhai Baraiya),IND,,,,,False,45,2022,AE
1300882,Solanki Arvindbhai Nathabhai,RSTHNDEKD,15225,368,0.24,9,45,99,GJ,Solanki Arvindbhai Nathabhai,RSTHNDEKD,,,,,False,45,2022,AE
1300883,Gopalbhai Gabhabhai Joliya,IND,15162,358,0.231554845511522,10,45,99,GJ,Gopalbhai Gabhabhai Joliya,IND,,,,,False,45,2022,AE
1300884,Alimahamad Hanifbhai Halari,IND,15162,244,0.157819503644725,11,45,99,GJ,Alimahamad Hanifbhai Halari,IND,,,,,False,45,2022,AE
1300958,Gautambhai Gopabhai Chauhan,BJP,15159,90255,57.6193820224719,1,45,100,GJ,Gautambhai Gopabhai Chauhan,BJP,,,,,False,45,2022,AE
1300959,Kanubhai Mathurambhai Baraiya (kanubhai Baraiya),INC,15160,46949,29.9725485188968,2,45,100,GJ,Kanubhai Mathurambhai Baraiya (kanubhai Baraiya),INC,,,,,False,45,2022,AE
1300960,Laluben Narashibhai Chauhan,AAAP,15172,12727,8.125,3,45,100,GJ,Laluben Narashibhai Chauhan,AAAP,,,,,False,45,2022,AE
1300961,Nota,NOTA,15161,2482,1.58452502553626,4,45,100,GJ,Nota,NOTA,,,,,True,45,2022,AE
1300962,Haribhai Bhimabhai Rathod,IND,15162,1684,1.07507660878447,5,45,100,GJ,Haribhai Bhimabhai Rathod,IND,,,,,False,45,2022,AE
1300963,Jilubhai Gigabhai Bhammar (ahir),IND,15162,545,0.347931562819203,6,45,100,GJ,Jilubhai Gigabhai Bhammar (ahir),IND,,,,,False,45,2022,AE
1300964,Jayantibhai Rajabhai Makvana,IND,15162,498,0.317926455566905,7,45,100,GJ,Jayantibhai Rajabhai Makvana,IND,,,,,False,45,2022,AE
1300965,Karmashi Mavjibhai Jabucha,IND,15162,424,0.270684371807967,8,45,100,GJ,Karmashi Mavjibhai Jabucha,IND,,,,,False,45,2022,AE
1300966,Chauhan Sunilbhai Khodabhai,IND,15162,369,0.235572012257405,9,45,100,GJ,Chauhan Sunilbhai Khodabhai,IND,,,,,False,45,2022,AE
1300967,Anopsinh Gulabsinh Gohil,IND,15162,364,0.23237997957099,10,45,100,GJ,Anopsinh Gulabsinh Gohil,IND,,,,,False,45,2022,AE
1300968,Kachalia Nazirbhai Ibrahimbhai,IND,15162,343,0.218973442288049,11,45,100,GJ,Kachalia Nazirbhai Ibrahimbhai,IND,,,,,False,45,2022,AE
1301043,Sudhirbhai Vaghani (sudhir Vaghani),AAAP,15172,60944,43.4628194065082,1,45,101,GJ,Sudhirbhai Vaghani (sudhir Vaghani),AAAP,,,,,False,45,2022,AE
1301044,Nakrani Keshubhai Hirjibhai,BJP,15159,56125,40.0261016538179,2,45,101,GJ,Nakrani Keshubhai Hirjibhai,BJP,,,,,True,45,2022,AE
1301045,Chavada Divyeshbhai Manubhai,INC,15160,15099,10.768001939795,3,45,101,GJ,Chavada Divyeshbhai Manubhai,INC,,,,,False,45,2022,AE
1301046,Chavada Ghanshyambhai Ashokbhai,RSTHNDEKD,15225,2316,1.65,4,45,101,GJ,Chavada Ghanshyambhai Ashokbhai,RSTHNDEKD,,,,,False,45,2022,AE
1301047,Nota,NOTA,15161,1491,1.06332147110632,5,45,101,GJ,Nota,NOTA,,,,,True,45,2022,AE
1301048,Kantariya Kishorbhai Paljibhai,BSP,15163,916,0.653254505387923,6,45,101,GJ,Kantariya Kishorbhai Paljibhai,BSP,,,,,False,45,2022,AE
1301049,Bambhaniya Vallabhbhai Ratnabhai,IND,15162,864,0.616170188488172,7,45,101,GJ,Bambhaniya Vallabhbhai Ratnabhai,IND,,,,,False,45,2022,AE
1301050,Gauswami Piyushgiri Hasmukhgiri,IND,15162,763,0.544141034509809,8,45,101,GJ,Gauswami Piyushgiri Hasmukhgiri,IND,,,,,False,45,2022,AE
1301051,Rahulbhai Viththalbhai Raval,IND,15162,656,0.467832920889167,9,45,101,GJ,Rahulbhai Viththalbhai Raval,IND,,,,,False,45,2022,AE
1301052,Bhupatbhai Mohanbhai Vala,RTORP,15166,564,0.4,10,45,101,GJ,Bhupatbhai Mohanbhai Vala,RTORP,,,,,False,45,2022,AE
1301053,Sonrat Lakhubhai Jethsurbhai,RPWP,15164,483,0.34,11,45,101,GJ,Sonrat Lakhubhai Jethsurbhai,RPWP,,,,,False,45,2022,AE
1301140,Bhikhabhai Ravajibhai Baraiya,BJP,15159,81568,48.7686466772293,1,45,102,GJ,Bhikhabhai Ravajibhai Baraiya,BJP,,,,,False,45,2022,AE
1301141,Rathod Pravinbhai Jinabhai,INC,15160,53991,32.2806493079429,2,45,102,GJ,Rathod Pravinbhai Jinabhai,INC,,,,,True,45,2022,AE
1301142,Kheni Jinabhai Parshottambhai (dr.z.p. Kheni),AAAP,15172,25019,14.9585961555708,3,45,102,GJ,Kheni Jinabhai Parshottambhai (dr.z.p. Kheni),AAAP,,,,,False,45,2022,AE
1301143,Nota,NOTA,15161,1930,1.15392663896445,4,45,102,GJ,Nota,NOTA,,,,,True,45,2022,AE
1301144,Narshibhai Ukabhai Chauhan,IND,15162,1557,0.930913874024692,5,45,102,GJ,Narshibhai Ukabhai Chauhan,IND,,,,,False,45,2022,AE
1301145,Parmar Nareshbhai Ravjibhai,BSP,15163,1395,0.834055783085707,6,45,102,GJ,Parmar Nareshbhai Ravjibhai,BSP,,,,,False,45,2022,AE
1301146,Ibrahimbhai Hasanali Saiyad,IND,15162,909,0.543481510268751,7,45,102,GJ,Ibrahimbhai Hasanali Saiyad,IND,,,,,False,45,2022,AE
1301147,Gohil Sanjaybhai Valajibhai,VPP,15183,886,0.53,8,45,102,GJ,Gohil Sanjaybhai Valajibhai,VPP,,,,,False,45,2022,AE
1301228,Parshottambhai O. Solanki,BJP,15159,116034,63.6126903024554,1,45,103,GJ,Parshottambhai O. Solanki,BJP,,,,,False,45,2022,AE
1301229,Gohil Revatsinh Batukbha(hoidad),INC,15160,42550,23.3269556541141,2,45,103,GJ,Gohil Revatsinh Batukbha(hoidad),INC,,,,,False,45,2022,AE
1301230,Gohil Khumansinh Natubha,AAAP,15172,17236,9.44919876978405,3,45,103,GJ,Gohil Khumansinh Natubha,AAAP,,,,,False,45,2022,AE
1301231,Nota,NOTA,15161,2917,1.59917108444303,4,45,103,GJ,Nota,NOTA,,,,,True,45,2022,AE
1301232,Parmar Rajeshkumar P.,RSTHNDEKD,15225,1421,0.78,5,45,103,GJ,Parmar Rajeshkumar P.,RSTHNDEKD,,,,,False,45,2022,AE
1301233,Makwana Ashokbhai Gobarbhai,BSP,15163,1255,0.688021841267056,6,45,103,GJ,Makwana Ashokbhai Gobarbhai,BSP,,,,,False,45,2022,AE
1301234,Hemantsinh Karansinh Gohil(hembha),IND,15162,994,0.544935227266497,7,45,103,GJ,Hemantsinh Karansinh Gohil(hembha),IND,,,,,False,45,2022,AE
1301318,Sejalben Rajivkumar Pandya,BJP,15159,98707,60.7069054589288,1,45,104,GJ,Sejalben Rajivkumar Pandya,BJP,,,,,False,45,2022,AE
1301319,Baldev Mavjibhai Solanki,INC,15160,36153,22.2348643263056,2,45,104,GJ,Baldev Mavjibhai Solanki,INC,,,,,False,45,2022,AE
1301320,Hamir Rathod (master),AAAP,15172,19811,12.1841865728554,3,45,104,GJ,Hamir Rathod (master),AAAP,,,,,False,45,2022,AE
1301321,Nota,NOTA,15161,2796,1.71959949814263,4,45,104,GJ,Nota,NOTA,,,,,True,45,2022,AE
1301322,Arun Mehta,CPI(M),15239,1799,1.11,5,45,104,GJ,Arun Mehta,CPI(M),,,,,False,45,2022,AE
1301323,Dharamshibhai Ramjibhai Dhapa,VPP,15183,1781,1.1,6,45,104,GJ,Dharamshibhai Ramjibhai Dhapa,VPP,,,,,False,45,2022,AE
1301324,Kishorsinh Bharatsinh Gohil,BSP,15163,541,0.332726512337326,7,45,104,GJ,Kishorsinh Bharatsinh Gohil,BSP,,,,,False,45,2022,AE
1301325,Mrudangrajsinh Mulrajsinh Chudasama,RTORP,15166,515,0.32,8,45,104,GJ,Mrudangrajsinh Mulrajsinh Chudasama,RTORP,,,,,False,45,2022,AE
1301326,Harsh Jagdishbhai Goklani,IND,15162,493,0.303205490909985,9,45,104,GJ,Harsh Jagdishbhai Goklani,IND,,,,,False,45,2022,AE
1301400,Jitendrabhai Savajibhai Vaghani (jitu Vaghani),BJP,15159,85188,52.6990411382616,1,45,105,GJ,Jitendrabhai Savajibhai Vaghani (jitu Vaghani),BJP,,,,,False,45,2022,AE
1301401,Kishorsinh Kumbhajibhai Gohil (k. K. Gohil),INC,15160,43266,26.7652335292298,2,45,105,GJ,Kishorsinh Kumbhajibhai Gohil (k. K. Gohil),INC,,,,,False,45,2022,AE
1301402,Rajenbhai Shankarbhai Solanki (raju Solanki),AAAP,15172,26408,16.3365295391277,3,45,105,GJ,Rajenbhai Shankarbhai Solanki (raju Solanki),AAAP,,,,,False,45,2022,AE
1301403,Nota,NOTA,15161,2417,1.49520569130838,4,45,105,GJ,Nota,NOTA,,,,,True,45,2022,AE
1301404,Solanki Savitaben Rameshbhai,IND,15162,686,0.424373646767708,5,45,105,GJ,Solanki Savitaben Rameshbhai,IND,,,,,False,45,2022,AE
1301405,Dineshbhai Lakhabhai Rathod,BSP,15163,674,0.416950201051654,6,45,105,GJ,Dineshbhai Lakhabhai Rathod,BSP,,,,,False,45,2022,AE
1301406,Mansukhbhai Malubhai Solanki (manalal),IND,15162,512,0.316733683884936,7,45,105,GJ,Mansukhbhai Malubhai Solanki (manalal),IND,,,,,False,45,2022,AE
1301407,Shekh Yunusbhai Mohamed Zakariya,CPI,15271,461,0.28518403959171,8,45,105,GJ,Shekh Yunusbhai Mohamed Zakariya,CPI,,,,,False,45,2022,AE
1301408,Solanki Rajeshbhai Shantilal (rajubhai Solanki),IND,15162,371,0.229508196721311,9,45,105,GJ,Solanki Rajeshbhai Shantilal (rajubhai Solanki),IND,,,,,False,45,2022,AE
1301409,Yasminben Dilavrbhai Malek,IND,15162,301,0.186204763377667,10,45,105,GJ,Yasminben Dilavrbhai Malek,IND,,,,,False,45,2022,AE
1301410,Baraiya Gobarbhai Kanjibhai,VPP,15183,286,0.18,11,45,105,GJ,Baraiya Gobarbhai Kanjibhai,VPP,,,,,False,45,2022,AE
1301411,Manharbhai Kanjibhai Rathod,CPI(M),15239,251,0.16,12,45,105,GJ,Manharbhai Kanjibhai Rathod,CPI(M),,,,,False,45,2022,AE
1301412,Rathod Ashokbhai Gambhirbhai,IND,15162,224,0.138570986699659,13,45,105,GJ,Rathod Ashokbhai Gambhirbhai,IND,,,,,False,45,2022,AE
1301413,Sarfraj Rustambhai Kureshi,IND,15162,216,0.133622022888957,14,45,105,GJ,Sarfraj Rustambhai Kureshi,IND,,,,,False,45,2022,AE
1301414,Gopal Najabhai Boliya,IND,15162,204,0.126198577172904,15,45,105,GJ,Gopal Najabhai Boliya,IND,,,,,False,45,2022,AE
1301415,Jayaben Mehulbhai Boricha,IND,15162,185,0.114444788122486,16,45,105,GJ,Jayaben Mehulbhai Boricha,IND,,,,,False,45,2022,AE
1301498,Mahant Shambhunath Tundiya,BJP,15159,64386,47.2200831664869,1,45,106,GJ,Mahant Shambhunath Tundiya,BJP,,,,,False,45,2022,AE
1301499,Parmar Rameshbhai Parbhubhai,AAAP,15172,37692,27.6429561505797,2,45,106,GJ,Parmar Rameshbhai Parbhubhai,AAAP,,,,,False,45,2022,AE
1301500,Jagdishkumar Motilal Chavda,INC,15160,29899,21.9276436895411,3,45,106,GJ,Jagdishkumar Motilal Chavda,INC,,,,,False,45,2022,AE
1301501,Nota,NOTA,15161,2031,1.48951618226221,4,45,106,GJ,Nota,NOTA,,,,,True,45,2022,AE
1301502,Solanki Babubhai Khimjibhai,BSP,15163,1388,1.01794606645985,5,45,106,GJ,Solanki Babubhai Khimjibhai,BSP,,,,,False,45,2022,AE
1301503,Rajeshbhai Polabhai Parmar,BTP,15232,957,0.7,6,45,106,GJ,Rajeshbhai Polabhai Parmar,BTP,,,,,False,45,2022,AE
1301581,Makwana Umeshbhai Naranbhai,AAAP,15172,80581,43.0419571081377,1,45,107,GJ,Makwana Umeshbhai Naranbhai,AAAP,,,,,False,45,2022,AE
1301582,Ghanshyambhai Pragjibhai Virani,BJP,15159,77802,41.5575675026039,2,45,107,GJ,Ghanshyambhai Pragjibhai Virani,BJP,,,,,False,45,2022,AE
1301583,Manharbhai Nagajibhai Patel,INC,15160,19058,10.1797398712709,3,45,107,GJ,Manharbhai Nagajibhai Patel,INC,,,,,False,45,2022,AE
1301584,Nota,NOTA,15161,2433,1.29957535453889,4,45,107,GJ,Nota,NOTA,,,,,True,45,2022,AE
1301585,Chauhan Champaben Zaverbhai,IND,15162,2033,1.08591726090323,5,45,107,GJ,Chauhan Champaben Zaverbhai,IND,,,,,False,45,2022,AE
1301586,Chauhan Mulshankarbhai Raghurambhai,BSP,15163,1057,0.56459151243223,6,45,107,GJ,Chauhan Mulshankarbhai Raghurambhai,BSP,,,,,False,45,2022,AE
1301587,Meghjibhai Vithalbhai Talsaniya,IND,15162,782,0.417701573057714,7,45,107,GJ,Meghjibhai Vithalbhai Talsaniya,IND,,,,,False,45,2022,AE
1301588,Mithapara Mukeshkumar Babubhai,IND,15162,586,0.313009107176241,8,45,107,GJ,Mithapara Mukeshkumar Babubhai,IND,,,,,False,45,2022,AE
1301589,Bavaliya Jayeshbhai Bhagvanbhai,IND,15162,558,0.298053040621745,9,45,107,GJ,Bavaliya Jayeshbhai Bhagvanbhai,IND,,,,,False,45,2022,AE
1301590,Dhadhal Amirajsinh Jagubhai,PRJVJP,15178,477,0.25,10,45,107,GJ,Dhadhal Amirajsinh Jagubhai,PRJVJP,,,,,False,45,2022,AE
1301591,Chauhan Kamleshbhai Arjanbhai,VPP,15183,457,0.24,11,45,107,GJ,Chauhan Kamleshbhai Arjanbhai,VPP,,,,,True,45,2022,AE
1301592,Patel Sanjaybhai Jadavbhai,IND,15162,391,0.208850786528857,12,45,107,GJ,Patel Sanjaybhai Jadavbhai,IND,,,,,False,45,2022,AE
1301593,Moradiya Niteshbhai Purushotambhai,RTORP,15166,369,0.2,13,45,107,GJ,Moradiya Niteshbhai Purushotambhai,RTORP,,,,,False,45,2022,AE
1301594,Alpabala Dilipkumar Sabva,IND,15162,362,0.193360574740271,14,45,107,GJ,Alpabala Dilipkumar Sabva,IND,,,,,False,45,2022,AE
1301595,Khambhaliya Kishorbhai Ramnikbhai,IND,15162,269,0.143685067969981,15,45,107,GJ,Khambhaliya Kishorbhai Ramnikbhai,IND,,,,,False,45,2022,AE
1301685,Chiragkumar Arvindbhai Patel,INC,15160,69069,43.5329858375509,1,45,108,GJ,Chiragkumar Arvindbhai Patel,INC,,,,,False,45,2022,AE
1301686,Maheshkumar Kanaiyalal Raval (mayur Raval),BJP,15159,65358,41.1940072734606,2,45,108,GJ,Maheshkumar Kanaiyalal Raval (mayur Raval),BJP,,,,,False,45,2022,AE
1301687,Chauhan Mahipatsinh Kesarisinh,IND,15162,9514,5.99650823464158,3,45,108,GJ,Chauhan Mahipatsinh Kesarisinh,IND,,,,,False,45,2022,AE
1301688,Amarsinh Ramsinh Zala (notary Advocate),IND,15162,3968,2.50096118089739,4,45,108,GJ,Amarsinh Ramsinh Zala (notary Advocate),IND,,,,,False,45,2022,AE
1301689,Nota,NOTA,15161,2590,1.63243181918454,5,45,108,GJ,Nota,NOTA,,,,,True,45,2022,AE
1301690,Ambaliya Ranjitbhai Kehubhai,IND,15162,2579,1.62549871107217,6,45,108,GJ,Ambaliya Ranjitbhai Kehubhai,IND,,,,,False,45,2022,AE
1301691,Arunkumar Kabhaibhai Gohil,AAAP,15172,2514,1.58453034495364,7,45,108,GJ,Arunkumar Kabhaibhai Gohil,AAAP,,,,,False,45,2022,AE
1301692,Vishnubhai Ratilal Chunara,IND,15162,1040,0.655493857896494,8,45,108,GJ,Vishnubhai Ratilal Chunara,IND,,,,,False,45,2022,AE
1301693,Bhailalbhai Kalubhai Pandav,BSP,15163,1022,0.64414877189444,9,45,108,GJ,Bhailalbhai Kalubhai Pandav,BSP,,,,,False,45,2022,AE
1301694,Sindha Rajendrasinh Mahobatsinh (bapu),IND,15162,627,0.395187162404906,10,45,108,GJ,Sindha Rajendrasinh Mahobatsinh (bapu),IND,,,,,False,45,2022,AE
1301695,Patel Ronitkumar Ashokbhai,PPSP,15206,196,0.12,11,45,108,GJ,Patel Ronitkumar Ashokbhai,PPSP,,,,,False,45,2022,AE
1301696,Patel Krunalkumar Jasvantbhai,RSTHNDEKD,15225,182,0.11,12,45,108,GJ,Patel Krunalkumar Jasvantbhai,RSTHNDEKD,,,,,False,45,2022,AE
1301759,Solanki Ramanbhai Bhikhabhai,BJP,15159,91772,50.3539016976307,1,45,109,GJ,Solanki Ramanbhai Bhikhabhai,BJP,,,,,False,45,2022,AE
1301760,Parmar Rajendrasinh Dhirsinh,INC,15160,80607,44.2278358774018,2,45,109,GJ,Parmar Rajendrasinh Dhirsinh,INC,,,,,True,45,2022,AE
1301761,Nota,NOTA,15161,2093,1.14839729169181,3,45,109,GJ,Nota,NOTA,,,,,True,45,2022,AE
1301762,Ahir Ankurbhai Kanubhai,BSP,15163,2031,1.11437883393505,4,45,109,GJ,Ahir Ankurbhai Kanubhai,BSP,,,,,False,45,2022,AE
1301763,Patel Manishbhai Ramanbhai,AAAP,15172,2003,1.09901565946426,5,45,109,GJ,Patel Manishbhai Ramanbhai,AAAP,,,,,False,45,2022,AE
1301764,Bhoi Ashishkumar Thakorbhai,IND,15162,1760,0.965685252449877,6,45,109,GJ,Bhoi Ashishkumar Thakorbhai,IND,,,,,False,45,2022,AE
1301765,Parmar Kesharisinh Bharatsinh,IND,15162,884,0.485037365435052,7,45,109,GJ,Parmar Kesharisinh Bharatsinh,IND,,,,,False,45,2022,AE
1301766,Sureshbhai Ravjibhai Thakor,LGP,15217,746,0.41,8,45,109,GJ,Sureshbhai Ravjibhai Thakor,LGP,,,,,False,45,2022,AE
1301767,Patel Dipenkumar Niranjanbhai,IND,15162,358,0.196429159305145,9,45,109,GJ,Patel Dipenkumar Niranjanbhai,IND,,,,,False,45,2022,AE
1301832,Amit Chavda,INC,15160,81512,48.7051709508956,1,45,110,GJ,Amit Chavda,INC,,,,,True,45,2022,AE
1301833,Gulabsinh Ratansinh Padhiyar,BJP,15159,78783,47.0745348295271,2,45,110,GJ,Gulabsinh Ratansinh Padhiyar,BJP,,,,,False,45,2022,AE
1301834,Nota,NOTA,15161,2692,1.60852782657536,3,45,110,GJ,Nota,NOTA,,,,,True,45,2022,AE
1301835,Gajendrasinh Harisinh Raj,AAAP,15172,1603,0.957826933878272,4,45,110,GJ,Gajendrasinh Harisinh Raj,AAAP,,,,,False,45,2022,AE
1301836,Raj Ajitsinh Chandrasinh,IND,15162,1353,0.808446563653963,5,45,110,GJ,Raj Ajitsinh Chandrasinh,IND,,,,,False,45,2022,AE
1301837,Bipinbhai Manilal Bhetasiya,BSP,15163,788,0.470846926947023,6,45,110,GJ,Bipinbhai Manilal Bhetasiya,BSP,,,,,False,45,2022,AE
1301838,Keyur Pravinbhai Patel,IND,15162,398,0.2378135493971,7,45,110,GJ,Keyur Pravinbhai Patel,IND,,,,,False,45,2022,AE
1301839,Raj Yusufbhai Abhesang (garasiya),RSTHNDEKD,15225,229,0.14,8,45,110,GJ,Raj Yusufbhai Abhesang (garasiya),RSTHNDEKD,,,,,False,45,2022,AE
1301906,Govindbhai Raijibhai Parmar,BJP,15159,95639,51.3247218808528,1,45,111,GJ,Govindbhai Raijibhai Parmar,BJP,,,,,True,45,2022,AE
1301907,Jayant Patel(boskey),NCP,15192,68922,36.9870291562243,2,45,111,GJ,Jayant Patel(boskey),NCP,,,,,False,45,2022,AE
1301908,Jagdishbhai Ravjibhai Thakor,IND,15162,5415,2.90596272425284,3,45,111,GJ,Jagdishbhai Ravjibhai Thakor,IND,,,,,False,45,2022,AE
1301909,Amrishbhai Hemendrabhai Patel(thamna),AAAP,15172,3948,2.11869636848573,4,45,111,GJ,Amrishbhai Hemendrabhai Patel(thamna),AAAP,,,,,False,45,2022,AE
1301910,Nota,NOTA,15161,3857,2.0698611685029,5,45,111,GJ,Nota,NOTA,,,,,True,45,2022,AE
1301911,Zala Rameshbhai Ramabhai (lalabhai),IND,15162,2423,1.30030428086143,6,45,111,GJ,Zala Rameshbhai Ramabhai (lalabhai),IND,,,,,False,45,2022,AE
1301912,Baldevsinh Udesinh Parmar (b.u.),IND,15162,2135,1.14574892267402,7,45,111,GJ,Baldevsinh Udesinh Parmar (b.u.),IND,,,,,False,45,2022,AE
1301913,Hidayatullakhan Fakirmahamadkhan Pathan,IND,15162,1741,0.934308606264858,8,45,111,GJ,Hidayatullakhan Fakirmahamadkhan Pathan,IND,,,,,False,45,2022,AE
1301914,Harshitkumar Ghanshyambhai Patel (bhurabhai),IND,15162,1054,0.565629678921976,9,45,111,GJ,Harshitkumar Ghanshyambhai Patel (bhurabhai),IND,,,,,False,45,2022,AE
1301915,Vipulkumar A. Zala,LGP,15217,487,0.26,10,45,111,GJ,Vipulkumar A. Zala,LGP,,,,,False,45,2022,AE
1301916,Sadru U. Belim,IND,15162,320,0.171728175763787,11,45,111,GJ,Sadru U. Belim,IND,,,,,False,45,2022,AE
1301917,Najimkhan Fakirmahmnad Pathan,IND,15162,203,0.108940061500152,12,45,111,GJ,Najimkhan Fakirmahmnad Pathan,IND,,,,,False,45,2022,AE
1301918,Darji Ghanshyambhai Natvarbhai,IND,15162,197,0.105720158204581,13,45,111,GJ,Darji Ghanshyambhai Natvarbhai,IND,,,,,False,45,2022,AE
1301989,Yogesh R. Patel (bapji),BJP,15159,111859,57.6818753738577,1,45,112,GJ,Yogesh R. Patel (bapji),BJP,,,,,False,45,2022,AE
1301990,Kantibhai Sodha Parmar (bhagat),INC,15160,70236,36.218312328541,2,45,112,GJ,Kantibhai Sodha Parmar (bhagat),INC,,,,,False,45,2022,AE
1301991,Sedaliya Girishkumar Himmatlal,AAAP,15172,5071,2.61494193601617,3,45,112,GJ,Sedaliya Girishkumar Himmatlal,AAAP,,,,,False,45,2022,AE
1301992,Nota,NOTA,15161,2157,1.11229141313091,4,45,112,GJ,Nota,NOTA,,,,,True,45,2022,AE
1301993,Alpeshkumar Jayantibhai Makwana (appu),BSP,15163,1344,0.693055011241517,5,45,112,GJ,Alpeshkumar Jayantibhai Makwana (appu),BSP,,,,,False,45,2022,AE
1301994,Vipulkumar Bipinbhai Macwan,IND,15162,624,0.321775540933561,6,45,112,GJ,Vipulkumar Bipinbhai Macwan,IND,,,,,False,45,2022,AE
1301995,Arvindkumar Amarshibhai Gol,RSTHNDEKD,15225,581,0.3,7,45,112,GJ,Arvindkumar Amarshibhai Gol,RSTHNDEKD,,,,,False,45,2022,AE
1301996,Sarfaraj Husenkhan Pathan (s.k),IND,15162,548,0.282584930178832,8,45,112,GJ,Sarfaraj Husenkhan Pathan (s.k),IND,,,,,False,45,2022,AE
1301997,Tosifbhai Mustufabhai Vhora (hafeji),IND,15162,309,0.15934077267383,9,45,112,GJ,Tosifbhai Mustufabhai Vhora (hafeji),IND,,,,,False,45,2022,AE
1301998,Vijaybhai Shantilal Jadav,IND,15162,236,0.121697159712052,10,45,112,GJ,Vijaybhai Shantilal Jadav,IND,,,,,False,45,2022,AE
1301999,Tofikmiya Fakrumiya Malek,IND,15162,213,0.109836843299436,11,45,112,GJ,Tofikmiya Fakrumiya Malek,IND,,,,,False,45,2022,AE
1302000,Maulik Vinubhai Shah,BNJD,15175,210,0.11,12,45,112,GJ,Maulik Vinubhai Shah,BNJD,,,,,False,45,2022,AE
1302001,Parmar Pratimaben Shaileshbhai,IND,15162,187,0.0964295290938718,13,45,112,GJ,Parmar Pratimaben Shaileshbhai,IND,,,,,False,45,2022,AE
1302002,Dave Jatinkumar Dineshchandra,IND,15162,129,0.066520905096842,14,45,112,GJ,Dave Jatinkumar Dineshchandra,IND,,,,,False,45,2022,AE
1302003,Jankiben Dineshbhai Patel,IND,15162,122,0.0629112435799591,15,45,112,GJ,Jankiben Dineshbhai Patel,IND,,,,,False,45,2022,AE
1302004,Vaghari Ganpatbhai Jesangbhai,LGP,15217,98,0.05,16,45,112,GJ,Vaghari Ganpatbhai Jesangbhai,LGP,,,,,False,45,2022,AE
1302068,Kamleshbhai Rameshbhai Patel (master),BJP,15159,89166,52.3044434667839,1,45,113,GJ,Kamleshbhai Rameshbhai Patel (master),BJP,,,,,False,45,2022,AE
1302069,Dr. Prakash Budhabhai Parmar (doctor),INC,15160,71212,41.7726939433934,2,45,113,GJ,Dr. Prakash Budhabhai Parmar (doctor),INC,,,,,False,45,2022,AE
1302070,Arjunbhai Sidhabhai Bharwad,AAAP,15172,4596,2.69599648042234,3,45,113,GJ,Arjunbhai Sidhabhai Bharwad,AAAP,,,,,False,45,2022,AE
1302071,Nota,NOTA,15161,2434,1.42777533362663,4,45,113,GJ,Nota,NOTA,,,,,True,45,2022,AE
1302072,Pathan Riyajkhan Akbarkhan,IND,15162,929,0.544947939580583,5,45,113,GJ,Pathan Riyajkhan Akbarkhan,IND,,,,,False,45,2022,AE
1302073,Thakor Sanjaykumar Viththalbhai,IND,15162,845,0.495673852471036,6,45,113,GJ,Thakor Sanjaykumar Viththalbhai,IND,,,,,False,45,2022,AE
1302074,Harshadbhai Ishvarbhai Gohel,BSP,15163,755,0.442880187710808,7,45,113,GJ,Harshadbhai Ishvarbhai Gohel,BSP,,,,,False,45,2022,AE
1302075,Shah Yatrikbhai Harishbhai (maharaj),RSTHNDEKD,15225,313,0.18,8,45,113,GJ,Shah Yatrikbhai Harishbhai (maharaj),RSTHNDEKD,,,,,False,45,2022,AE
1302076,Talpada Somabhai Zenabhai,RTORP,15166,225,0.13,9,45,113,GJ,Talpada Somabhai Zenabhai,RTORP,,,,,False,45,2022,AE
1302141,Patel Vipulkumar Vinubhai,BJP,15159,87300,56.4668443248557,1,45,114,GJ,Patel Vipulkumar Vinubhai,BJP,,,,,True,45,2022,AE
1302142,Poonambhai Madhabhai Parmar,INC,15160,57781,37.3735479030296,2,45,114,GJ,Poonambhai Madhabhai Parmar,INC,,,,,False,45,2022,AE
1302143,Manubhai Ranchhodbhai Thakor,AAAP,15172,3460,2.2379757315464,3,45,114,GJ,Manubhai Ranchhodbhai Thakor,AAAP,,,,,False,45,2022,AE
1302144,Nota,NOTA,15161,2766,1.78908695764663,4,45,114,GJ,Nota,NOTA,,,,,True,45,2022,AE
1302145,Mukeshbhai Ranchhodbhai Jadava,BSP,15163,1288,0.833096168275076,5,45,114,GJ,Mukeshbhai Ranchhodbhai Jadava,BSP,,,,,False,45,2022,AE
1302146,Manubhai Jethabhai Vankar,IND,15162,908,0.587306926082119,6,45,114,GJ,Manubhai Jethabhai Vankar,IND,,,,,False,45,2022,AE
1302147,Devangkumar Narharilal Shelat (devo),IND,15162,575,0.371917932265659,7,45,114,GJ,Devangkumar Narharilal Shelat (devo),IND,,,,,False,45,2022,AE
1302148,Javedbhai Rajakbhai Vahora (mukhi Gasvala),IND,15162,314,0.203099531706812,8,45,114,GJ,Javedbhai Rajakbhai Vahora (mukhi Gasvala),IND,,,,,False,45,2022,AE
1302149,Gohil Yuvrajsinh Mahipatsinh,IND,15162,212,0.13712452459186,9,45,114,GJ,Gohil Yuvrajsinh Mahipatsinh,IND,,,,,False,45,2022,AE
1302210,Kalpeshbhai Ashabhai Parmar,BJP,15159,84295,47.4508435267693,1,45,115,GJ,Kalpeshbhai Ashabhai Parmar,BJP,,,,,False,45,2022,AE
1302211,Sanjaybhai Haribhai Patel,INC,15160,68444,38.5280922278451,2,45,115,GJ,Sanjaybhai Haribhai Patel,INC,,,,,False,45,2022,AE
1302212,Chauhan Mahipatsinh Kesarisinh,IND,15162,17674,9.9489436917032,3,45,115,GJ,Chauhan Mahipatsinh Kesarisinh,IND,,,,,False,45,2022,AE
1302213,Nota,NOTA,15161,2777,1.56321243814981,4,45,115,GJ,Nota,NOTA,,,,,True,45,2022,AE
1302214,Laljibhai Melabhai Parmar,AAAP,15172,1554,0.874768501578974,5,45,115,GJ,Laljibhai Melabhai Parmar,AAAP,,,,,False,45,2022,AE
1302215,Bamba Togabhai Punambhai,GNNS,15212,1391,0.78,6,45,115,GJ,Bamba Togabhai Punambhai,GNNS,,,,,False,45,2022,AE
1302216,Rajeshbhai Dashrathbhai Raval,IND,15162,1045,0.58824522789577,7,45,115,GJ,Rajeshbhai Dashrathbhai Raval,IND,,,,,False,45,2022,AE
1302217,Aayshabanu Aabidhusen Malek,IND,15162,467,0.262880881748636,8,45,115,GJ,Aayshabanu Aabidhusen Malek,IND,,,,,False,45,2022,AE
1302284,Desai Pankajbhai Vinubhai (gotiyo),BJP,15159,104369,63.0369395052183,1,45,116,GJ,Desai Pankajbhai Vinubhai (gotiyo),BJP,,,,,False,45,2022,AE
1302285,Dhruval Patel,INC,15160,50498,30.499855044453,2,45,116,GJ,Dhruval Patel,INC,,,,,False,45,2022,AE
1302286,Harshadkumar Sureshbhai Vaghela,AAAP,15172,4646,2.80609779667568,3,45,116,GJ,Harshadkumar Sureshbhai Vaghela,AAAP,,,,,False,45,2022,AE
1302287,Nota,NOTA,15161,3672,2.21781986857363,4,45,116,GJ,Nota,NOTA,,,,,True,45,2022,AE
1302288,Siddharth Joseph Macwan,IND,15162,771,0.465669694626981,5,45,116,GJ,Siddharth Joseph Macwan,IND,,,,,False,45,2022,AE
1302289,Muzffarbeg Harunbeg Mirza,LGP,15217,393,0.24,6,45,116,GJ,Muzffarbeg Harunbeg Mirza,LGP,,,,,False,45,2022,AE
1302290,Sajidhusen Sabbirmiya Malek,IND,15162,346,0.208977580208735,7,45,116,GJ,Sajidhusen Sabbirmiya Malek,IND,,,,,False,45,2022,AE
1302291,Malhotra Dipakkumar Jonbhai,IND,15162,226,0.136499806725937,8,45,116,GJ,Malhotra Dipakkumar Jonbhai,IND,,,,,False,45,2022,AE
1302292,Vahora Aiyubbhai Hajibhai,IND,15162,204,0.123212214920757,9,45,116,GJ,Vahora Aiyubbhai Hajibhai,IND,,,,,False,45,2022,AE
1302293,Vankawala Imranbhai Bilalbhai,RTORP,15166,163,0.1,10,45,116,GJ,Vankawala Imranbhai Bilalbhai,RTORP,,,,,False,45,2022,AE
1302294,Rafikbhai Faridbhai Chhipa,IND,15162,152,0.0918051797448782,11,45,116,GJ,Rafikbhai Faridbhai Chhipa,IND,,,,,False,45,2022,AE
1302295,Anvarbhai Gulamrasul Kasai,IND,15162,128,0.0773096250483185,12,45,116,GJ,Anvarbhai Gulamrasul Kasai,IND,,,,,False,45,2022,AE
1302366,Arjunsinh Udesinh Chauhan,BJP,15159,108541,59.539769610532,1,45,117,GJ,Arjunsinh Udesinh Chauhan,BJP,,,,,False,45,2022,AE
1302367,Juvansinh Gandabhai Chauhan,INC,15160,62937,34.5238617663192,2,45,117,GJ,Juvansinh Gandabhai Chauhan,INC,,,,,False,45,2022,AE
1302368,Pramodbhai Somabhai Chauhan,AAAP,15172,4363,2.39330773450356,3,45,117,GJ,Pramodbhai Somabhai Chauhan,AAAP,,,,,False,45,2022,AE
1302369,Nota,NOTA,15161,3535,1.93911135490948,4,45,117,GJ,Nota,NOTA,,,,,True,45,2022,AE
1302370,Pravinsinh Ratansinh Chauhan,IND,15162,1233,0.676357652221612,5,45,117,GJ,Pravinsinh Ratansinh Chauhan,IND,,,,,False,45,2022,AE
1302371,Patel Bhavikkumar Vajendrakumar,IND,15162,1216,0.667032364234777,6,45,117,GJ,Patel Bhavikkumar Vajendrakumar,IND,,,,,False,45,2022,AE
1302372,Punambhai Mohanbhai Chauhan,IND,15162,475,0.26055951727921,7,45,117,GJ,Punambhai Mohanbhai Chauhan,IND,,,,,False,45,2022,AE
1302429,Sanjaysinh Vijaysinh Mahida,BJP,15159,91900,52.3903451263867,1,45,118,GJ,Sanjaysinh Vijaysinh Mahida,BJP,,,,,False,45,2022,AE
1302430,Indrajitsinh Natvarsinh Parmar,INC,15160,66211,37.7455619277822,2,45,118,GJ,Indrajitsinh Natvarsinh Parmar,INC,,,,,True,45,2022,AE
1302431,Ravjibhai Somabhai Vaghela,AAAP,15172,12105,6.90081749461274,3,45,118,GJ,Ravjibhai Somabhai Vaghela,AAAP,,,,,False,45,2022,AE
1302432,Nota,NOTA,15161,2533,1.44401245054556,4,45,118,GJ,Nota,NOTA,,,,,True,45,2022,AE
1302433,Shekh Irshadmahammad Najirmohammad,IND,15162,1147,0.653881674210724,5,45,118,GJ,Shekh Irshadmahammad Najirmohammad,IND,,,,,False,45,2022,AE
1302434,Vajidhusen Abbasmiya Malek,IND,15162,800,0.456063940164411,6,45,118,GJ,Vajidhusen Abbasmiya Malek,IND,,,,,False,45,2022,AE
1302435,Arifbhai Gulamnabi Vahora,IND,15162,384,0.218910691278917,7,45,118,GJ,Arifbhai Gulamnabi Vahora,IND,,,,,False,45,2022,AE
1302436,Pujamiya Fakirmiya Malek,IND,15162,334,0.190406695018641,8,45,118,GJ,Pujamiya Fakirmiya Malek,IND,,,,,False,45,2022,AE
1302488,Yogendrasinh Parmar (bakabhai),BJP,15159,121348,61.7556502134892,1,45,119,GJ,Yogendrasinh Parmar (bakabhai),BJP,,,,,False,45,2022,AE
1302489,Parmar Kantibhai Shabhaibhai,INC,15160,59429,30.2442276472414,2,45,119,GJ,Parmar Kantibhai Shabhaibhai,INC,,,,,False,45,2022,AE
1302490,Maheshkumar Ramsinh Parmar,IND,15162,5655,2.87790653292416,3,45,119,GJ,Maheshkumar Ramsinh Parmar,IND,,,,,False,45,2022,AE
1302491,Rathod Natvarsinh Punjabhai,AAAP,15172,3213,1.63513946777813,4,45,119,GJ,Rathod Natvarsinh Punjabhai,AAAP,,,,,False,45,2022,AE
1302492,Nota,NOTA,15161,2714,1.38119157035476,5,45,119,GJ,Nota,NOTA,,,,,True,45,2022,AE
1302493,Rafiq Ahmedkhan,IND,15162,2325,1.18322417136139,6,45,119,GJ,Rafiq Ahmedkhan,IND,,,,,False,45,2022,AE
1302494,Jiteshkumar Ghanshyambhai Sevak (jitubhai Sevak),GAGUP,15196,1177,0.6,7,45,119,GJ,Jiteshkumar Ghanshyambhai Sevak (jitubhai Sevak),GAGUP,,,,,False,45,2022,AE
1302495,Majarali Amirali Kazi,IND,15162,346,0.176084113243459,8,45,119,GJ,Majarali Amirali Kazi,IND,,,,,False,45,2022,AE
1302496,Dipak I Sevak (ram),IND,15162,290,0.147584950406367,9,45,119,GJ,Dipak I Sevak (ram),IND,,,,,False,45,2022,AE
1302558,Zala Rajeshkumar Maganbhai,BJP,15159,112036,53.9729643796548,1,45,120,GJ,Zala Rajeshkumar Maganbhai,BJP,,,,,False,45,2022,AE
1302559,Kalabhai Raijibhai Dabhi,INC,15160,80158,38.615845609843,2,45,120,GJ,Kalabhai Raijibhai Dabhi,INC,,,,,False,45,2022,AE
1302560,Manubhai Ramabhai Patel,AAAP,15172,8901,4.28802666949291,3,45,120,GJ,Manubhai Ramabhai Patel,AAAP,,,,,False,45,2022,AE
1302561,Nota,NOTA,15161,3223,1.55266935802445,4,45,120,GJ,Nota,NOTA,,,,,True,45,2022,AE
1302562,Ajaykumar Pravinsinh Solanki,GAGUP,15196,2444,1.18,5,45,120,GJ,Ajaykumar Pravinsinh Solanki,GAGUP,,,,,False,45,2022,AE
1302563,Parmar Rahulkumar Hasmukhbhai,PRJVJP,15178,816,0.39,6,45,120,GJ,Parmar Rahulkumar Hasmukhbhai,PRJVJP,,,,,False,45,2022,AE
1302612,Mansinh Kohyabhai Chauhan,BJP,15159,92501,50.7569563714381,1,45,121,GJ,Mansinh Kohyabhai Chauhan,BJP,,,,,False,45,2022,AE
1302613,Ajitsinh Parvatsinh Chauhan,INC,15160,41079,22.540783459447,2,45,121,GJ,Ajitsinh Parvatsinh Chauhan,INC,,,,,True,45,2022,AE
1302614,Udesinh Rayjibhai Chauhan,AAAP,15172,39569,21.7122193993733,3,45,121,GJ,Udesinh Rayjibhai Chauhan,AAAP,,,,,False,45,2022,AE
1302615,Khant Ashvinbhai Ramanbhai (a.k.),GAGUP,15196,3049,1.67,4,45,121,GJ,Khant Ashvinbhai Ramanbhai (a.k.),GAGUP,,,,,False,45,2022,AE
1302616,Nota,NOTA,15161,2724,1.49470761565601,5,45,121,GJ,Nota,NOTA,,,,,True,45,2022,AE
1302617,Chavda Natvarsinh Fulsinh,IND,15162,1427,0.783020472665616,6,45,121,GJ,Chavda Natvarsinh Fulsinh,IND,,,,,False,45,2022,AE
1302618,Zala Chandrasinh Fatesinh,IND,15162,658,0.361056391740697,7,45,121,GJ,Zala Chandrasinh Fatesinh,IND,,,,,False,45,2022,AE
1302619,Magansinh Bhemsinh Parmar,JASP,15287,636,0.35,8,45,121,GJ,Magansinh Bhemsinh Parmar,JASP,,,,,False,45,2022,AE
1302620,Zala Kiritsinh Prabhatsinh,IND,15162,600,0.32923075234714,9,45,121,GJ,Zala Kiritsinh Prabhatsinh,IND,,,,,False,45,2022,AE
1302671,Gulabsinh Somsinh Chauhan,INC,15160,72087,39.1862361382909,1,45,122,GJ,Gulabsinh Somsinh Chauhan,INC,,,,,False,45,2022,AE
1302672,Sevak Jigneshkumar Ambalal,BJP,15159,45467,24.7156990650141,2,45,122,GJ,Sevak Jigneshkumar Ambalal,BJP,,,,,False,45,2022,AE
1302673,Jayprakash Purushottambhai Patel (j.p.),IND,15162,43749,23.7818003913894,3,45,122,GJ,Jayprakash Purushottambhai Patel (j.p.),IND,,,,,False,45,2022,AE
1302674,Khant Shakanbhai Motibhai,IND,15162,9580,5.20765383779082,4,45,122,GJ,Khant Shakanbhai Motibhai,IND,,,,,False,45,2022,AE
1302675,Natvarsinh Motisinh Solanki,AAAP,15172,5917,3.21646010002174,5,45,122,GJ,Natvarsinh Motisinh Solanki,AAAP,,,,,False,45,2022,AE
1302676,Nota,NOTA,15161,3288,1.7873450750163,6,45,122,GJ,Nota,NOTA,,,,,True,45,2022,AE
1302677,Pushpa Vikramsinh Malivad (damor),IND,15162,1491,0.810502283105022,7,45,122,GJ,Pushpa Vikramsinh Malivad (damor),IND,,,,,False,45,2022,AE
1302678,Makwana Rameshbhai Sundarbhai,BSP,15163,1376,0.747988693194172,8,45,122,GJ,Makwana Rameshbhai Sundarbhai,BSP,,,,,False,45,2022,AE
1302679,Nat Parvatiben Prabhatbhai,PRJVJP,15178,1005,0.55,9,45,122,GJ,Nat Parvatiben Prabhatbhai,PRJVJP,,,,,False,45,2022,AE
1302733,Dr. Kuberbhai Mansukhbhai Dindor,BJP,15159,49964,34.9868354714021,1,45,123,GJ,Dr. Kuberbhai Mansukhbhai Dindor,BJP,,,,,False,45,2022,AE
1302734,Gendalbhai Motibhai Damor,INC,15160,34387,24.0791832390342,2,45,123,GJ,Gendalbhai Motibhai Damor,INC,,,,,False,45,2022,AE
1302735,Babubhai Hirabhai Damor,IND,15162,28631,20.0485967172707,3,45,123,GJ,Babubhai Hirabhai Damor,IND,,,,,False,45,2022,AE
1302736,Parvatbhai Akhamabhai Vagadiya,AAAP,15172,24554,17.1937146378354,4,45,123,GJ,Parvatbhai Akhamabhai Vagadiya,AAAP,,,,,False,45,2022,AE
1302737,Nota,NOTA,15161,3039,2.12803204302279,5,45,123,GJ,Nota,NOTA,,,,,True,45,2022,AE
1302738,Ramanbhai Punjabhai Khant,BTJP,15223,1184,0.83,6,45,123,GJ,Ramanbhai Punjabhai Khant,BTJP,,,,,False,45,2022,AE
1302739,Prabhubhai Jagjivan Ganasva,GNNS,15212,1049,0.73,7,45,123,GJ,Prabhubhai Jagjivan Ganasva,GNNS,,,,,False,45,2022,AE
1302786,Ahir(bharvad) Jethabhai Ghelabhai,BJP,15159,107775,59.4545243913875,1,45,124,GJ,Ahir(bharvad) Jethabhai Ghelabhai,BJP,,,,,False,45,2022,AE
1302787,Khatubhai Gulabbhai Pagi,INC,15160,60494,33.3717652380663,2,45,124,GJ,Khatubhai Gulabbhai Pagi,INC,,,,,False,45,2022,AE
1302788,Takhatsinh Ravsinh Solanki,AAAP,15172,6461,3.56423736574117,3,45,124,GJ,Takhatsinh Ravsinh Solanki,AAAP,,,,,False,45,2022,AE
1302789,Nota,NOTA,15161,4708,2.59718766722015,4,45,124,GJ,Nota,NOTA,,,,,True,45,2022,AE
1302790,Sureshbhai Mithabhai Parmar,BTJP,15223,1835,1.01,5,45,124,GJ,Sureshbhai Mithabhai Parmar,BTJP,,,,,False,45,2022,AE
1302838,Suthar Nimishaben Manharsinh,BJP,15159,81897,57.8834655018871,1,45,125,GJ,Suthar Nimishaben Manharsinh,BJP,,,,,False,45,2022,AE
1302839,Bhanabhai Mansukhbhai Damor,AAAP,15172,33020,23.3379981058196,2,45,125,GJ,Bhanabhai Mansukhbhai Damor,AAAP,,,,,False,45,2022,AE
1302840,Khant Snehlattaben Govindkumar,INC,15160,22184,15.6792898237281,3,45,125,GJ,Khant Snehlattaben Govindkumar,INC,,,,,False,45,2022,AE
1302841,Nota,NOTA,15161,2574,1.81926126966625,4,45,125,GJ,Nota,NOTA,,,,,True,45,2022,AE
1302842,Machhar Chandrakantbhai Hirabhai,PRJVJP,15178,1811,1.28,5,45,125,GJ,Machhar Chandrakantbhai Hirabhai,PRJVJP,,,,,False,45,2022,AE
1302887,C.k.raulji,BJP,15159,96223,51.6486583683569,1,45,126,GJ,C.k.raulji,BJP,,,,,False,45,2022,AE
1302888,Rashmitaben Dushyantsinh Chauhan,INC,15160,61025,32.7557795633994,2,45,126,GJ,Rashmitaben Dushyantsinh Chauhan,INC,,,,,False,45,2022,AE
1302889,Rajeshbhai Somabhai Patel,AAAP,15172,11827,6.34826062919008,3,45,126,GJ,Rajeshbhai Somabhai Patel,AAAP,,,,,False,45,2022,AE
1302890,Hasan Shabbir Kachaba,AIMIM,15185,9508,5.10351416778044,4,45,126,GJ,Hasan Shabbir Kachaba,AIMIM,,,,,False,45,2022,AE
1302891,Nota,NOTA,15161,3548,1.9044245127561,5,45,126,GJ,Nota,NOTA,,,,,True,45,2022,AE
1302892,Husnain Jakkiuddin Presswala,IND,15162,2289,1.22864366113267,6,45,126,GJ,Husnain Jakkiuddin Presswala,IND,,,,,False,45,2022,AE
1302893,Saiyed Safikali Rashidali,IND,15162,707,0.379489326527216,7,45,126,GJ,Saiyed Safikali Rashidali,IND,,,,,False,45,2022,AE
1302894,Rathod Narvarsinh Hathisinh,PRJVJP,15178,330,0.18,8,45,126,GJ,Rathod Narvarsinh Hathisinh,PRJVJP,,,,,False,45,2022,AE
1302895,Badam Mo.said Yusuf,IND,15162,316,0.169616162917398,9,45,126,GJ,Badam Mo.said Yusuf,IND,,,,,False,45,2022,AE
1302896,Patel Mayurkumar Jashavantlal,IND,15162,311,0.166932362871236,10,45,126,GJ,Patel Mayurkumar Jashavantlal,IND,,,,,False,45,2022,AE
1302897,Kalandar Mohammedhanif Ahmedsaeed,IND,15162,219,0.117550442021867,11,45,126,GJ,Kalandar Mohammedhanif Ahmedsaeed,IND,,,,,False,45,2022,AE
1302952,Fatesinh Vakhatsinh Chauhan,BJP,15159,141686,75.0284627971383,1,45,127,GJ,Fatesinh Vakhatsinh Chauhan,BJP,,,,,False,45,2022,AE
1302953,Prabhatsinh Pratapsinh Chauhan,INC,15160,26007,13.7717574916729,2,45,127,GJ,Prabhatsinh Pratapsinh Chauhan,INC,,,,,False,45,2022,AE
1302954,Dineshbhai Kanubhai Baria,AAAP,15172,9393,4.97397308875626,3,45,127,GJ,Dineshbhai Kanubhai Baria,AAAP,,,,,False,45,2022,AE
1302955,Nota,NOTA,15161,3992,2.11392532421111,4,45,127,GJ,Nota,NOTA,,,,,True,45,2022,AE
1302956,Vankar Dahyabhai Jesingbhai,IND,15162,2477,1.31167160021817,5,45,127,GJ,Vankar Dahyabhai Jesingbhai,IND,,,,,False,45,2022,AE
1302957,Vaghela Satishkumar Rameshbhai,BSP,15163,1507,0.798017400697934,6,45,127,GJ,Vaghela Satishkumar Rameshbhai,BSP,,,,,False,45,2022,AE
1302959,Jadav Devendrasinh Vaghsinh,IND,15162,876,0.46,7,45,127,GJ,Jadav Devendrasinh Vaghsinh,IND,,,,,False,45,2022,AE
1302958,Punamchand Madabhai Harijan,IND,15162,876,0.46,7,45,127,GJ,Punamchand Madabhai Harijan,IND,,,,,False,45,2022,AE
1302960,Chauhan Vijaysinh Magansinh,GAGUP,15196,858,0.45,9,45,127,GJ,Chauhan Vijaysinh Magansinh,GAGUP,,,,,False,45,2022,AE
1302961,Thakor Ramendrasinh Jashvantsinh,PRJVJP,15178,412,0.22,10,45,127,GJ,Thakor Ramendrasinh Jashvantsinh,PRJVJP,,,,,False,45,2022,AE
1302962,Jadav Mahendrasinh Ramsinh,LJPRV,15307,411,0.22,11,45,127,GJ,Jadav Mahendrasinh Ramsinh,LJPRV,,,,,False,45,2022,AE
1302963,Jayeshkumar Shantubhai Rathod,PPSP,15206,348,0.18,12,45,127,GJ,Jayeshkumar Shantubhai Rathod,PPSP,,,,,False,45,2022,AE
1303005,Jaydrathsinhji Parmar,BJP,15159,100753,50.7037929837098,1,45,128,GJ,Jaydrathsinhji Parmar,BJP,,,,,True,45,2022,AE
1303006,Ramchandra Baria,IND,15162,58048,29.2125671207645,2,45,128,GJ,Ramchandra Baria,IND,,,,,False,45,2022,AE
1303007,Bharatkumar Rathava,AAAP,15172,21788,10.964777639664,3,45,128,GJ,Bharatkumar Rathava,AAAP,,,,,False,45,2022,AE
1303008,Anishbhai Gordhanbhai Baria,INC,15160,6964,3.50462233718653,4,45,128,GJ,Anishbhai Gordhanbhai Baria,INC,,,,,False,45,2022,AE
1303009,Nota,NOTA,15161,3460,1.7412397022782,5,45,128,GJ,Nota,NOTA,,,,,True,45,2022,AE
1303010,Solanki Ishvarbhai,IND,15162,2727,1.37235857459903,6,45,128,GJ,Solanki Ishvarbhai,IND,,,,,False,45,2022,AE
1303011,Nayak Somabhai Meghabhai,BSP,15163,1933,0.972779290319009,7,45,128,GJ,Nayak Somabhai Meghabhai,BSP,,,,,False,45,2022,AE
1303012,Jadav Muktiben Rajendrasinh,IND,15162,1255,0.631576828427499,8,45,128,GJ,Jadav Muktiben Rajendrasinh,IND,,,,,False,45,2022,AE
1303013,Parmar Rekhaben Rajendrasinh,IND,15162,985,0.495699741833535,9,45,128,GJ,Parmar Rekhaben Rajendrasinh,IND,,,,,False,45,2022,AE
1303014,Rathava Sevajibhai Bhilabhai,PRJVJP,15178,796,0.4,10,45,128,GJ,Rathava Sevajibhai Bhilabhai,PRJVJP,,,,,False,45,2022,AE
1303060,Katara Rameshbhai Bhurabhai,BJP,15159,59581,42.7818506896824,1,45,129,GJ,Katara Rameshbhai Bhurabhai,BJP,,,,,True,45,2022,AE
1303061,Govindbhai Dalabhai Parmar,AAAP,15172,40050,28.757710010268,2,45,129,GJ,Govindbhai Dalabhai Parmar,AAAP,,,,,False,45,2022,AE
1303062,Machhar Raghubhai Ditabhai,INC,15160,29479,21.1672542669835,3,45,129,GJ,Machhar Raghubhai Ditabhai,INC,,,,,True,45,2022,AE
1303063,Nota,NOTA,15161,4327,3.10698155341897,4,45,129,GJ,Nota,NOTA,,,,,True,45,2022,AE
1303064,Kanubhai Kuberbhai Katara,CPI(M),15239,1710,1.23,5,45,129,GJ,Kanubhai Kuberbhai Katara,CPI(M),,,,,False,45,2022,AE
1303065,Alkeshbhai Fulsingbhai Katara,BTP,15232,1546,1.11,6,45,129,GJ,Alkeshbhai Fulsingbhai Katara,BTP,,,,,False,45,2022,AE
1303066,Machhar Virabhai Makanbhai,BTJP,15223,1414,1.02,7,45,129,GJ,Machhar Virabhai Makanbhai,BTJP,,,,,False,45,2022,AE
1303067,Kishori Rakeshbhai Ambalal,GNNS,15212,1160,0.83,8,45,129,GJ,Kishori Rakeshbhai Ambalal,GNNS,,,,,False,45,2022,AE
1303114,Maheshbhai Somjibhai Bhuriya,BJP,15159,82745,51.4094176560859,1,45,130,GJ,Maheshbhai Somjibhai Bhuriya,BJP,,,,,False,45,2022,AE
1303115,Anilbhai Somabhai Garasiya,AAAP,15172,47523,29.5260106987754,2,45,130,GJ,Anilbhai Somabhai Garasiya,AAAP,,,,,False,45,2022,AE
1303116,Miteshbhai Kalabhai Garasiya,INC,15160,21996,13.6661012842258,3,45,130,GJ,Miteshbhai Kalabhai Garasiya,INC,,,,,False,45,2022,AE
1303117,Nota,NOTA,15161,4646,2.88655694519518,4,45,130,GJ,Nota,NOTA,,,,,True,45,2022,AE
1303118,Mansukhbhai Ratanbhai Katara,BTP,15232,1525,0.95,5,45,130,GJ,Mansukhbhai Ratanbhai Katara,BTP,,,,,False,45,2022,AE
1303119,Harichandra Shashikantbhai Mahida,IND,15162,1308,0.812659596279659,6,45,130,GJ,Harichandra Shashikantbhai Mahida,IND,,,,,False,45,2022,AE
1303120,Mohanbhai Parsingbhai Sangada,IND,15162,1210,0.751772256497238,7,45,130,GJ,Mohanbhai Parsingbhai Sangada,IND,,,,,False,45,2022,AE
1303166,Bhabhor Shaileshbhai Sumanbhai,BJP,15159,69417,46.1279304662165,1,45,131,GJ,Bhabhor Shaileshbhai Sumanbhai,BJP,,,,,True,45,2022,AE
1303167,Baria Nareshbhai Punabhai,AAAP,15172,65754,43.6938493434692,2,45,131,GJ,Baria Nareshbhai Punabhai,AAAP,,,,,False,45,2022,AE
1303168,Gondiya Rameshkumar Badiyabhai,INC,15160,8093,5.37783743554303,3,45,131,GJ,Gondiya Rameshkumar Badiyabhai,INC,,,,,False,45,2022,AE
1303169,Laxmansinh Lalsingbhai Vadkiya,IND,15162,2840,1.88719366328212,4,45,131,GJ,Laxmansinh Lalsingbhai Vadkiya,IND,,,,,False,45,2022,AE
1303170,Nota,NOTA,15161,2357,1.56623783956195,5,45,131,GJ,Nota,NOTA,,,,,True,45,2022,AE
1303171,Nisarata Nileshbhai Lalsingbhai,CPI(M),15239,2027,1.35,6,45,131,GJ,Nisarata Nileshbhai Lalsingbhai,CPI(M),,,,,False,45,2022,AE
1303220,Kanaiyalal Bachubhai Kishori,BJP,15159,72660,43.5366160557,1,45,132,GJ,Kanaiyalal Bachubhai Kishori,BJP,,,,,False,45,2022,AE
1303221,Harshadbhai Valchandbhai Ninama,INC,15160,43310,25.9506033769937,2,45,132,GJ,Harshadbhai Valchandbhai Ninama,INC,,,,,False,45,2022,AE
1303222,Pro. Dr. Dineshbhai Bhurabhai Muniya,AAAP,15172,34010,20.3782041295672,3,45,132,GJ,Pro. Dr. Dineshbhai Bhurabhai Muniya,AAAP,,,,,False,45,2022,AE
1303223,Kishanbhai Meghjibhai Palas,IND,15162,10808,6.47596678131029,4,45,132,GJ,Kishanbhai Meghjibhai Palas,IND,,,,,False,45,2022,AE
1303224,Nota,NOTA,15161,3046,1.82511054921087,5,45,132,GJ,Nota,NOTA,,,,,True,45,2022,AE
1303225,Meda Devendrabhai Laxmanbhai (devabhai),BTP,15232,1614,0.97,6,45,132,GJ,Meda Devendrabhai Laxmanbhai (devabhai),BTP,,,,,False,45,2022,AE
1303226,Mandod Vinodkumar Pratapsinh (khannasir),BSP,15163,1446,0.866418205567605,7,45,132,GJ,Mandod Vinodkumar Pratapsinh (khannasir),BSP,,,,,False,45,2022,AE
1303278,Bhabhor Mahendrabhai Rameshbhai,BJP,15159,62427,42.551581702554,1,45,133,GJ,Bhabhor Mahendrabhai Rameshbhai,BJP,,,,,True,45,2022,AE
1303279,Chandrikaben Chhaganbhai Bariya,INC,15160,34602,23.5854651043903,2,45,133,GJ,Chandrikaben Chhaganbhai Bariya,INC,,,,,False,45,2022,AE
1303280,Shaileshbhai Kanubhai Bhabhor,AAAP,15172,33595,22.8990723132186,3,45,133,GJ,Shaileshbhai Kanubhai Bhabhor,AAAP,,,,,False,45,2022,AE
1303281,Bamanya Ketankumar Kasnabhai,IND,15162,6219,4.23900374210171,4,45,133,GJ,Bamanya Ketankumar Kasnabhai,IND,,,,,False,45,2022,AE
1303282,Nota,NOTA,15161,4152,2.83009222338097,5,45,133,GJ,Nota,NOTA,,,,,True,45,2022,AE
1303283,Bhabhor Dhulabhai Ditabhai,BSP,15163,2222,1.51456284208876,6,45,133,GJ,Bhabhor Dhulabhai Ditabhai,BSP,,,,,False,45,2022,AE
1303284,Jagdishbhai Manilal Meda,BNJD,15175,2130,1.45,7,45,133,GJ,Jagdishbhai Manilal Meda,BNJD,,,,,True,45,2022,AE
1303285,Bhabhor Ramasubhai Jogadabhai,BTP,15232,1362,0.93,8,45,133,GJ,Bhabhor Ramasubhai Jogadabhai,BTP,,,,,False,45,2022,AE
1303335,Khabad Bachubhai Maganbhai,BJP,15159,113527,58.2670820523611,1,45,134,GJ,Khabad Bachubhai Maganbhai,BJP,,,,,True,45,2022,AE
1303336,Vakhala Bharatsinh Pratapbhai,AAAP,15172,69326,35.58117214726,2,45,134,GJ,Vakhala Bharatsinh Pratapbhai,AAAP,,,,,False,45,2022,AE
1303337,Chauhan Samatsinh Mansukhbhai,PRJVJP,15178,5181,2.66,3,45,134,GJ,Chauhan Samatsinh Mansukhbhai,PRJVJP,,,,,False,45,2022,AE
1303338,Nota,NOTA,15161,4821,2.47435061768947,4,45,134,GJ,Nota,NOTA,,,,,True,45,2022,AE
1303339,Patel Bhimsing Maganbhai,IND,15162,1984,1.01827662839575,5,45,134,GJ,Patel Bhimsing Maganbhai,IND,,,,,False,45,2022,AE
1303398,Inamdar Ketanbhai Mahendrabhai,BJP,15159,102004,58.4038064046996,1,45,135,GJ,Inamdar Ketanbhai Mahendrabhai,BJP,,,,,True,45,2022,AE
1303399,Kuldipsinh Udesinh Raulji(vakil),INC,15160,65078,37.2613124309344,2,45,135,GJ,Kuldipsinh Udesinh Raulji(vakil),INC,,,,,False,45,2022,AE
1303400,Anilbhai Lallubhai Parmar,BSP,15163,2090,1.19665851717405,3,45,135,GJ,Anilbhai Lallubhai Parmar,BSP,,,,,False,45,2022,AE
1303401,Vijaykumar Narvatsinh Chavda,AAAP,15172,2032,1.16344981191276,4,45,135,GJ,Vijaykumar Narvatsinh Chavda,AAAP,,,,,False,45,2022,AE
1303402,Nota,NOTA,15161,1594,0.912666830801646,5,45,135,GJ,Nota,NOTA,,,,,True,45,2022,AE
1303403,Vijaysinh Dalpatsinh Mahida,IND,15162,967,0.55366927564943,6,45,135,GJ,Vijaysinh Dalpatsinh Mahida,IND,,,,,False,45,2022,AE
1303404,Parmar Rajeshkumar Bachubhai,IND,15162,888,0.508436728828018,7,45,135,GJ,Parmar Rajeshkumar Bachubhai,IND,,,,,False,45,2022,AE
1303468,Dharmendrasinh Ranubha Vaghela (bapu),IND,15162,77905,42.6505127040003,1,45,136,GJ,Dharmendrasinh Ranubha Vaghela (bapu),IND,,,,,False,45,2022,AE
1303469,Ashvinbhai Natvarbhai Patel (kaka),BJP,15159,63899,34.9826726304206,2,45,136,GJ,Ashvinbhai Natvarbhai Patel (kaka),BJP,,,,,False,45,2022,AE
1303470,Satyajitsinh Duleepsinh Gaekwad,INC,15160,18870,10.3307255596494,3,45,136,GJ,Satyajitsinh Duleepsinh Gaekwad,INC,,,,,False,45,2022,AE
1303471,Madhubhai Babubhai Shrivastav,IND,15162,14645,8.01767227456626,4,45,136,GJ,Madhubhai Babubhai Shrivastav,IND,,,,,False,45,2022,AE
1303472,Gautamkumar Sampatbhai Solanki (rajput),AAAP,15172,2995,1.63966735830153,5,45,136,GJ,Gautamkumar Sampatbhai Solanki (rajput),AAAP,,,,,False,45,2022,AE
1303473,Nota,NOTA,15161,2622,1.43546170733443,6,45,136,GJ,Nota,NOTA,,,,,True,45,2022,AE
1303474,Mansukhbhai Harjibhai Chauhan,BSP,15163,1084,0.593455564740855,7,45,136,GJ,Mansukhbhai Harjibhai Chauhan,BSP,,,,,False,45,2022,AE
1303475,Nimeshbhai Arunkumar Bendre,LGP,15217,639,0.35,8,45,136,GJ,Nimeshbhai Arunkumar Bendre,LGP,,,,,False,45,2022,AE
1303517,Rajendrasinh Mohansinh Rathva,BJP,15159,75129,43.2272727272727,1,45,137,GJ,Rajendrasinh Mohansinh Rathva,BJP,,,,,False,45,2022,AE
1303518,Rathwa Sangramsinh Naranbhai,INC,15160,45679,26.2825086306098,2,45,137,GJ,Rathwa Sangramsinh Naranbhai,INC,,,,,False,45,2022,AE
1303519,Prof. Arjun Rathva,AAAP,15172,43880,25.247410817031,3,45,137,GJ,Prof. Arjun Rathva,AAAP,,,,,False,45,2022,AE
1303520,Nota,NOTA,15161,5093,2.93037974683544,4,45,137,GJ,Nota,NOTA,,,,,True,45,2022,AE
1303521,Rathva Girmaabhai Mathurbhai,BTP,15232,2013,1.16,5,45,137,GJ,Rathva Girmaabhai Mathurbhai,BTP,,,,,False,45,2022,AE
1303522,Rathva Devlabhai Bhulabhai,PRJVJP,15178,2006,1.15,6,45,137,GJ,Rathva Devlabhai Bhulabhai,PRJVJP,,,,,False,45,2022,AE
1303559,Rathwa Jayantibhai Savjibhai,BJP,15159,86041,47.5343631220719,1,45,138,GJ,Rathwa Jayantibhai Savjibhai,BJP,,,,,False,45,2022,AE
1303560,Rathwa Radhikaben Amarsinghbhai,AAAP,15172,48262,26.662909926633,2,45,138,GJ,Rathwa Radhikaben Amarsinghbhai,AAAP,,,,,False,45,2022,AE
1303561,Sukhrambhai Hariyabhai Rathwa,INC,15160,33672,18.6024927075046,3,45,138,GJ,Sukhrambhai Hariyabhai Rathwa,INC,,,,,False,45,2022,AE
1303562,Nota,NOTA,15161,4598,2.54021921683019,4,45,138,GJ,Nota,NOTA,,,,,True,45,2022,AE
1303563,Rathwa Namalabhai (narendrabhai) Gurjibhai,BTP,15232,4326,2.39,5,45,138,GJ,Rathwa Namalabhai (narendrabhai) Gurjibhai,BTP,,,,,False,45,2022,AE
1303564,Varsanbhai Fuljibhai Rathwa,IND,15162,2944,1.62644744983647,6,45,138,GJ,Varsanbhai Fuljibhai Rathwa,IND,,,,,False,45,2022,AE
1303565,Rathwa Nevsingbhai Chhaganbhai,PPSP,15206,1165,0.64,7,45,138,GJ,Rathwa Nevsingbhai Chhaganbhai,PPSP,,,,,False,45,2022,AE
1303607,Abhesinh Motibhai Tadvi,BJP,15159,99387,51.0346916978186,1,45,139,GJ,Abhesinh Motibhai Tadvi,BJP,,,,,True,45,2022,AE
1303608,Dhirubhai Chunilal Bhil,INC,15160,68713,35.2837571375754,2,45,139,GJ,Dhirubhai Chunilal Bhil,INC,,,,,False,45,2022,AE
1303609,Tadvi Ranjanbhai Kanchanbhai,AAAP,15172,18344,9.41954565994331,3,45,139,GJ,Tadvi Ranjanbhai Kanchanbhai,AAAP,,,,,False,45,2022,AE
1303610,Nota,NOTA,15161,4143,2.12740828985745,4,45,139,GJ,Nota,NOTA,,,,,True,45,2022,AE
1303611,Satishkumar Chandubhai Tadvi,IND,15162,2018,1.03623218173602,5,45,139,GJ,Satishkumar Chandubhai Tadvi,IND,,,,,False,45,2022,AE
1303612,Rathva Furkanbhai Baljibhai,BTP,15232,1100,0.56,6,45,139,GJ,Rathva Furkanbhai Baljibhai,BTP,,,,,False,45,2022,AE
1303613,Rathva Hirubhai Darjibhai,PPSP,15206,1039,0.53,7,45,139,GJ,Rathva Hirubhai Darjibhai,PPSP,,,,,False,45,2022,AE
1303654,Shaileshbhai Kanaiyalal Mehta (shailesh Sotta),BJP,15159,88846,52.0111695868774,1,45,140,GJ,Shaileshbhai Kanaiyalal Mehta (shailesh Sotta),BJP,,,,,False,45,2022,AE
1303655,Balkrishnabhai Naranbhai Patel (dholar),INC,15160,68370,40.0243529776783,2,45,140,GJ,Balkrishnabhai Naranbhai Patel (dholar),INC,,,,,False,45,2022,AE
1303656,Ajitsinh Parsottamdas Thakor,AAAP,15172,7911,4.63116361571469,3,45,140,GJ,Ajitsinh Parsottamdas Thakor,AAAP,,,,,False,45,2022,AE
1303657,Nota,NOTA,15161,2655,1.55425855134907,4,45,140,GJ,Nota,NOTA,,,,,True,45,2022,AE
1303658,Hemantkumar Arvindbhai Parmar,IND,15162,906,0.530379754245672,5,45,140,GJ,Hemantkumar Arvindbhai Parmar,IND,,,,,False,45,2022,AE
1303659,Shaukatali Abdal,BSP,15163,776,0.454276699000708,6,45,140,GJ,Shaukatali Abdal,BSP,,,,,False,45,2022,AE
1303660,Rohit Navinbhai Krushnkant,IND,15162,391,0.228894573852161,7,45,140,GJ,Rohit Navinbhai Krushnkant,IND,,,,,False,45,2022,AE
1303661,Pruthvisinh Ranvirsinh Gohil (bapu),RSPS,15204,330,0.193184678698754,8,45,140,GJ,Pruthvisinh Ranvirsinh Gohil (bapu),RSPS,,,,,False,45,2022,AE
1303662,Yusufbhai Gulamhusen Fatiya (patrkar),IND,15162,319,0.186745189408796,9,45,140,GJ,Yusufbhai Gulamhusen Fatiya (patrkar),IND,,,,,False,45,2022,AE
1303663,Patel Jayeshbhai Chimanbhai,BTP,15232,317,0.19,10,45,140,GJ,Patel Jayeshbhai Chimanbhai,BTP,,,,,False,45,2022,AE
1303727,Manisha Vakil,BJP,15159,130705,70.5708624217784,1,45,141,GJ,Manisha Vakil,BJP,,,,,True,45,2022,AE
1303728,Gunvantray Parmar,INC,15160,32108,17.3359033750695,2,45,141,GJ,Gunvantray Parmar,INC,,,,,False,45,2022,AE
1303729,Solanki Jigarbhai Bhanuprasad,AAAP,15172,15902,8.58588312789197,3,45,141,GJ,Solanki Jigarbhai Bhanuprasad,AAAP,,,,,False,45,2022,AE
1303730,Nota,NOTA,15161,4022,2.17157728212687,4,45,141,GJ,Nota,NOTA,,,,,True,45,2022,AE
1303731,Nayna Kanjibhai Parmar,RSPS,15204,808,0.436259185469545,5,45,141,GJ,Nayna Kanjibhai Parmar,RSPS,,,,,False,45,2022,AE
1303732,Dilipsinh Valjibhai Kataria,BSP,15163,796,0.429780088655641,6,45,141,GJ,Dilipsinh Valjibhai Kataria,BSP,,,,,False,45,2022,AE
1303733,Rajwadi Ankitbhai,IND,15162,485,0.261863496228625,7,45,141,GJ,Rajwadi Ankitbhai,IND,,,,,False,45,2022,AE
1303734,Vasaikar Nilesh Jagannathbhai,STWDRKSKP,15310,385,0.21,8,45,141,GJ,Vasaikar Nilesh Jagannathbhai,STWDRKSKP,,,,,False,45,2022,AE
1303795,Keyur Narayandas Rokadia,BJP,15159,122066,68.4472007895209,1,45,142,GJ,Keyur Narayandas Rokadia,BJP,,,,,False,45,2022,AE
1303796,Ami Ravat,INC,15160,38053,21.3378117710389,2,45,142,GJ,Ami Ravat,INC,,,,,False,45,2022,AE
1303797,Swejal Bharatbhai Vyas,AAAP,15172,13080,7.33446976493809,3,45,142,GJ,Swejal Bharatbhai Vyas,AAAP,,,,,False,45,2022,AE
1303798,Nota,NOTA,15161,3432,1.92445720437825,4,45,142,GJ,Nota,NOTA,,,,,True,45,2022,AE
1303799,Neha Parmar,BSP,15163,1251,0.701484837609904,5,45,142,GJ,Neha Parmar,BSP,,,,,False,45,2022,AE
1303800,Dhaval Anil Chavan,IND,15162,454,0.254575632513906,6,45,142,GJ,Dhaval Anil Chavan,IND,,,,,False,45,2022,AE
1303863,Chaitanya Makarandbhai Desai,BJP,15159,113312,68.7597849436265,1,45,143,GJ,Chaitanya Makarandbhai Desai,BJP,,,,,False,45,2022,AE
1303864,Rutvij Dilipbhai Joshi,INC,15160,35559,21.577848708084,2,45,143,GJ,Rutvij Dilipbhai Joshi,INC,,,,,False,45,2022,AE
1303865,Shashank Rajesh Khare,AAAP,15172,10018,6.07910482177749,3,45,143,GJ,Shashank Rajesh Khare,AAAP,,,,,False,45,2022,AE
1303866,Nota,NOTA,15161,2839,1.72275689648894,4,45,143,GJ,Nota,NOTA,,,,,True,45,2022,AE
1303867,Jatin Shah,IND,15162,921,0.558879570858162,5,45,143,GJ,Jatin Shah,IND,,,,,False,45,2022,AE
1303868,Narendrabhai Lalubhai Parmar,ABHM,15272,429,0.26,6,45,143,GJ,Narendrabhai Lalubhai Parmar,ABHM,,,,,False,45,2022,AE
1303869,Bharti Parmar,SUCI,15265,343,0.208138645824483,7,45,143,GJ,Bharti Parmar,SUCI,,,,,False,45,2022,AE
1303870,Mukesh Shivprasad Nayak,RSPS,15204,326,0.197822736264669,8,45,143,GJ,Mukesh Shivprasad Nayak,RSPS,,,,,False,45,2022,AE
1303871,Dr. Rahul Vasudevbhai Vyas,IND,15162,291,0.17658409893564,9,45,143,GJ,Dr. Rahul Vasudevbhai Vyas,IND,,,,,False,45,2022,AE
1303872,Rajeshbhai Bhikhabhai Mali,GNNS,15212,283,0.17,10,45,143,GJ,Rajeshbhai Bhikhabhai Mali,GNNS,,,,,False,45,2022,AE
1303873,Deepak Harishchandra Palkar,IND,15162,248,0.150490915931405,11,45,143,GJ,Deepak Harishchandra Palkar,IND,,,,,False,45,2022,AE
1303874,Dineshbhai Vyas,IND,15162,225,0.136534097115186,12,45,143,GJ,Dineshbhai Vyas,IND,,,,,False,45,2022,AE
1303938,Balkrushna Khanderao Shukla (balu Shukla),BJP,15159,119301,68.9605142226255,1,45,144,GJ,Balkrushna Khanderao Shukla (balu Shukla),BJP,,,,,False,45,2022,AE
1303939,Patel Sanjaybhai Ishwarbhai Sp(sanjay Patel),INC,15160,38266,22.1192030011734,2,45,144,GJ,Patel Sanjaybhai Ishwarbhai Sp(sanjay Patel),INC,,,,,False,45,2022,AE
1303940,Hiren Rameshraoraje Shirke,AAAP,15172,10437,6.03298284961184,3,45,144,GJ,Hiren Rameshraoraje Shirke,AAAP,,,,,False,45,2022,AE
1303941,Nota,NOTA,15161,3183,1.83989502829496,4,45,144,GJ,Nota,NOTA,,,,,True,45,2022,AE
1303942,Rohit Maheshkumar Govindbhai,BSP,15163,696,0.402314464245458,5,45,144,GJ,Rohit Maheshkumar Govindbhai,BSP,,,,,True,45,2022,AE
1303943,Hardik Bipinbhai Doshi,IND,15162,450,0.260117110503528,6,45,144,GJ,Hardik Bipinbhai Doshi,IND,,,,,False,45,2022,AE
1303944,Imran Gulammaiyudeen Mansuri,IND,15162,403,0.232949323406493,7,45,144,GJ,Imran Gulammaiyudeen Mansuri,IND,,,,,False,45,2022,AE
1303945,Husenbhai Aehmadbhai Multani,RSPS,15204,263,0.152024000138729,8,45,144,GJ,Husenbhai Aehmadbhai Multani,RSPS,,,,,False,45,2022,AE
1304007,Yogeshbhai Narandas Patel,BJP,15159,120133,75.8535122336227,1,45,145,GJ,Yogeshbhai Narandas Patel,BJP,,,,,False,45,2022,AE
1304008,Dr.tashveen Singh,INC,15160,19379,12.2361483820047,2,45,145,GJ,Dr.tashveen Singh,INC,,,,,False,45,2022,AE
1304009,Chauhan Vinay Subhash (fouji),AAAP,15172,11021,6.95880031570639,3,45,145,GJ,Chauhan Vinay Subhash (fouji),AAAP,,,,,False,45,2022,AE
1304010,Nota,NOTA,15161,3234,2.04198895027624,4,45,145,GJ,Nota,NOTA,,,,,True,45,2022,AE
1304011,Bharat Rohit (baba),BSP,15163,2240,1.41436464088397,5,45,145,GJ,Bharat Rohit (baba),BSP,,,,,False,45,2022,AE
1304012,Chetan Arunbhai Pandit,ABHM,15272,845,0.53,6,45,145,GJ,Chetan Arunbhai Pandit,ABHM,,,,,False,45,2022,AE
1304013,Prakashbhai Somabhai Patel,RSPS,15204,635,0.400947119179163,7,45,145,GJ,Prakashbhai Somabhai Patel,RSPS,,,,,False,45,2022,AE
1304014,Piyush Patel,IND,15162,467,0.294869771112865,8,45,145,GJ,Piyush Patel,IND,,,,,False,45,2022,AE
1304015,Tribhuvan Bhila Patil,BTJP,15223,421,0.27,9,45,145,GJ,Tribhuvan Bhila Patil,BTJP,,,,,False,45,2022,AE
1304062,Chaitanyasinh Pratapsinh Zala,BJP,15159,66226,36.086333444129,1,45,146,GJ,Chaitanyasinh Pratapsinh Zala,BJP,,,,,False,45,2022,AE
1304063,Jashpalsinh Mahendrasinh Padhiyar,INC,15160,60048,32.71996120335,2,45,146,GJ,Jashpalsinh Mahendrasinh Padhiyar,INC,,,,,False,45,2022,AE
1304064,Dineshbhai Balubhai Patel (dinumama),IND,15162,51109,27.8491289825142,3,45,146,GJ,Dineshbhai Balubhai Patel (dinumama),IND,,,,,False,45,2022,AE
1304065,Nota,NOTA,15161,2071,1.12848120923491,4,45,146,GJ,Nota,NOTA,,,,,True,45,2022,AE
1304066,Sandipsinh Vikramsinh Raj,AAAP,15172,1999,1.0892486418448,5,45,146,GJ,Sandipsinh Vikramsinh Raj,AAAP,,,,,False,45,2022,AE
1304067,Makwana Savitaben Satishkumar,BSP,15163,1172,0.638619013627868,6,45,146,GJ,Makwana Savitaben Satishkumar,BSP,,,,,False,45,2022,AE
1304068,Laxmanbhai Shanabhai Solanki,IND,15162,896,0.488227505299121,7,45,146,GJ,Laxmanbhai Shanabhai Solanki,IND,,,,,False,45,2022,AE
1304150,Akshaykumar Ishvarbhai Patel,BJP,15159,83748,54.6804301412257,1,45,147,GJ,Akshaykumar Ishvarbhai Patel,BJP,,,,,False,45,2022,AE
1304151,Priteshkumar Janakbhai Patel (pintu Patel Vemardi),INC,15160,57442,37.5048152573469,2,45,147,GJ,Priteshkumar Janakbhai Patel (pintu Patel Vemardi),INC,,,,,False,45,2022,AE
1304152,Paresh Patel(vakil),AAAP,15172,6587,4.30075934159925,3,45,147,GJ,Paresh Patel(vakil),AAAP,,,,,False,45,2022,AE
1304153,Nota,NOTA,15161,2293,1.49713696224185,4,45,147,GJ,Nota,NOTA,,,,,True,45,2022,AE
1304154,Ghansham Melsangbhai Vasava,BTP,15232,1508,0.98,5,45,147,GJ,Ghansham Melsangbhai Vasava,BTP,,,,,False,45,2022,AE
1304155,Yusuf Vali Hasanali,BSP,15163,806,0.52625049784864,6,45,147,GJ,Yusuf Vali Hasanali,BSP,,,,,False,45,2022,AE
1304156,Ramanbhai Chimanbhai Vasava,IND,15162,775,0.506010094085231,7,45,147,GJ,Ramanbhai Chimanbhai Vasava,IND,,,,,True,45,2022,AE
1304204,Dr. Darshna Chandubhai Deshmukh(vasava),BJP,15159,70543,39.7387292484663,1,45,148,GJ,Dr. Darshna Chandubhai Deshmukh(vasava),BJP,,,,,False,45,2022,AE
1304205,Hareshbhai Jayantibhai Vasava,INC,15160,42341,23.8518001092853,2,45,148,GJ,Hareshbhai Jayantibhai Vasava,INC,,,,,False,45,2022,AE
1304206,Harshadbhai Chunilal Vasava,IND,15162,35362,19.9203456570356,3,45,148,GJ,Harshadbhai Chunilal Vasava,IND,,,,,False,45,2022,AE
1304207,Dr. Prafulbhai Devjibhai Vasava,AAAP,15172,24463,13.7806519938935,4,45,148,GJ,Dr. Prafulbhai Devjibhai Vasava,AAAP,,,,,False,45,2022,AE
1304208,Nota,NOTA,15161,3104,1.74856492617608,5,45,148,GJ,Nota,NOTA,,,,,True,45,2022,AE
1304209,Maheshbhai Saradbhai Vasava (manabhai),BTP,15232,1704,0.96,6,45,148,GJ,Maheshbhai Saradbhai Vasava (manabhai),BTP,,,,,False,45,2022,AE
1304289,Chaitarbhai Damjibhai Vasava,AAAP,15172,103433,55.8686587157549,1,45,149,GJ,Chaitarbhai Damjibhai Vasava,AAAP,,,,,False,45,2022,AE
1304290,Hiteshkumar Devjibhai Vasava,BJP,15159,63151,34.1105997753003,2,45,149,GJ,Hiteshkumar Devjibhai Vasava,BJP,,,,,False,45,2022,AE
1304291,Jermaben Suklal Vasava,INC,15160,12587,6.79878575749719,3,45,149,GJ,Jermaben Suklal Vasava,INC,,,,,False,45,2022,AE
1304292,Bahadursing Devjibhai Vasava,BTP,15232,2991,1.62,4,45,149,GJ,Bahadursing Devjibhai Vasava,BTP,,,,,False,45,2022,AE
1304293,Nota,NOTA,15161,2974,1.60638665629591,5,45,149,GJ,Nota,NOTA,,,,,True,45,2022,AE
1304376,D.k.swami,BJP,15159,91533,55.7424470333177,1,45,150,GJ,D.k.swami,BJP,,,,,False,45,2022,AE
1304377,Sanjaybhai Jesangbhai Solanki,INC,15160,64153,39.0683710195058,2,45,150,GJ,Sanjaybhai Jesangbhai Solanki,INC,,,,,True,45,2022,AE
1304378,Sajidkhan Rehan,AAAP,15172,3418,2.08151905826182,3,45,150,GJ,Sajidkhan Rehan,AAAP,,,,,False,45,2022,AE
1304379,Nota,NOTA,15161,2273,1.38422844336721,4,45,150,GJ,Nota,NOTA,,,,,True,45,2022,AE
1304380,Jambu Pramodbhai Bhagubhai,BARESP,15237,827,0.5,5,45,150,GJ,Jambu Pramodbhai Bhagubhai,BARESP,,,,,False,45,2022,AE
1304381,Ismail Ahmad Patel,IND,15162,821,0.499978685439719,6,45,150,GJ,Ismail Ahmad Patel,IND,,,,,False,45,2022,AE
1304382,Sureshbhai Dahyabhai Parmar,IND,15162,664,0.404367657895217,7,45,150,GJ,Sureshbhai Dahyabhai Parmar,IND,,,,,False,45,2022,AE
1304383,M.b.pandya,BTP,15232,518,0.315455492153196,8,45,150,GJ,M.b.pandya,BTP,,,,,False,45,2022,AE
1304465,Arunsinh Ajitsinh Rana,BJP,15159,83036,51.8391809214633,1,45,151,GJ,Arunsinh Ajitsinh Rana,BJP,,,,,True,45,2022,AE
1304466,Suleman Patel,INC,15160,69584,43.4411287301785,2,45,151,GJ,Suleman Patel,INC,,,,,False,45,2022,AE
1304467,Nota,NOTA,15161,2421,1.51142464727181,3,45,151,GJ,Nota,NOTA,,,,,True,45,2022,AE
1304468,Jayendrasinh Laxmansinh Raj,AAAP,15172,1924,1.20114870770383,4,45,151,GJ,Jayendrasinh Laxmansinh Raj,AAAP,,,,,False,45,2022,AE
1304469,Kamleshbhai S. Madhiwala,IND,15162,1340,0.836558871269821,5,45,151,GJ,Kamleshbhai S. Madhiwala,IND,,,,,False,45,2022,AE
1304470,Mubarak Ismail Dashu,IND,15162,690,0.430765388937445,6,45,151,GJ,Mubarak Ismail Dashu,IND,,,,,False,45,2022,AE
1304471,Ilyas Yusuf Mansuri,BTP,15232,533,0.33,7,45,151,GJ,Ilyas Yusuf Mansuri,BTP,,,,,False,45,2022,AE
1304472,Talati Mustak Ismail,IND,15162,257,0.16044449993757,8,45,151,GJ,Talati Mustak Ismail,IND,,,,,False,45,2022,AE
1304473,Ikbal Mohmedbhai Bhomli,IND,15162,210,0.131102509676613,9,45,151,GJ,Ikbal Mohmedbhai Bhomli,IND,,,,,False,45,2022,AE
1304474,Gohil Chetanbhai Chhaganbhai,IND,15162,185,0.115495068048445,10,45,151,GJ,Gohil Chetanbhai Chhaganbhai,IND,,,,,False,45,2022,AE
1304557,Riteshkumar Ramanbhai Vasava (kalabhai),BJP,15159,89933,45.5458431245442,1,45,152,GJ,Riteshkumar Ramanbhai Vasava (kalabhai),BJP,,,,,False,45,2022,AE
1304558,Chhotubhai Amarsinh Vasava,IND,15162,66433,33.6444574993922,2,45,152,GJ,Chhotubhai Amarsinh Vasava,IND,,,,,False,45,2022,AE
1304559,Bhagat Urmilaben Mukeshbhai,AAAP,15172,19722,9.98804797018069,3,45,152,GJ,Bhagat Urmilaben Mukeshbhai,AAAP,,,,,False,45,2022,AE
1304560,Fatesingbhai Chimanbhai Vasava,INC,15160,15219,7.70753990762498,4,45,152,GJ,Fatesingbhai Chimanbhai Vasava,INC,,,,,False,45,2022,AE
1304561,Vasava Ranjitsinh Ganpatsinh,IND,15162,3137,1.5887083704724,5,45,152,GJ,Vasava Ranjitsinh Ganpatsinh,IND,,,,,False,45,2022,AE
1304562,Nota,NOTA,15161,3012,1.52540312778543,6,45,152,GJ,Nota,NOTA,,,,,True,45,2022,AE
1304634,Rameshbhai Narandas Mistry,BJP,15159,108655,63.2380586547471,1,45,153,GJ,Rameshbhai Narandas Mistry,BJP,,,,,False,45,2022,AE
1304635,Jaykantbhai Bahecharbhai Patel,INC,15160,44182,25.7142690854911,2,45,153,GJ,Jaykantbhai Bahecharbhai Patel,INC,,,,,False,45,2022,AE
1304636,Manharbhai Maganbhai Parmar,AAAP,15172,14514,8.44726136224748,3,45,153,GJ,Manharbhai Maganbhai Parmar,AAAP,,,,,False,45,2022,AE
1304637,Nota,NOTA,15161,2722,1.58422526030299,4,45,153,GJ,Nota,NOTA,,,,,True,45,2022,AE
1304638,Vasava Bhagatsinh Jesingbhai,IND,15162,611,0.355606772242883,5,45,153,GJ,Vasava Bhagatsinh Jesingbhai,IND,,,,,False,45,2022,AE
1304639,Vasava Sureshbhai Gordhandas,IND,15162,607,0.353278741000704,6,45,153,GJ,Vasava Sureshbhai Gordhandas,IND,,,,,False,45,2022,AE
1304640,Mansuri Sahilhushen Ismailbhai,IND,15162,315,0.183332460321617,7,45,153,GJ,Mansuri Sahilhushen Ismailbhai,IND,,,,,False,45,2022,AE
1304641,Mirza Abidbeg Yasinbeg,IND,15162,213,0.123967663646046,8,45,153,GJ,Mirza Abidbeg Yasinbeg,IND,,,,,False,45,2022,AE
1304726,Ishwarsinh Thakorbhai Patel,BJP,15159,96405,59.9951458727471,1,45,154,GJ,Ishwarsinh Thakorbhai Patel,BJP,,,,,True,45,2022,AE
1304727,Vijaysinh Thakorbhai Patel (vallabhdas),INC,15160,55964,34.8277407149258,2,45,154,GJ,Vijaysinh Thakorbhai Patel (vallabhdas),INC,,,,,False,45,2022,AE
1304728,Ankurkumar Laxmanbhai Patel,AAAP,15172,5356,3.33316738026486,3,45,154,GJ,Ankurkumar Laxmanbhai Patel,AAAP,,,,,False,45,2022,AE
1304729,Nota,NOTA,15161,2327,1.44814796375584,4,45,154,GJ,Nota,NOTA,,,,,True,45,2022,AE
1304730,Jitendrasingh Rajawat,PRJVJP,15178,636,0.4,5,45,154,GJ,Jitendrasingh Rajawat,PRJVJP,,,,,False,45,2022,AE
1304791,Mukeshbhai Zinabhai Patel,BJP,15159,172424,58.393784840049,1,45,155,GJ,Mukeshbhai Zinabhai Patel,BJP,,,,,False,45,2022,AE
1304792,Darshankumar Amrutlal Nayak,INC,15160,57288,19.401377684758,2,45,155,GJ,Darshankumar Amrutlal Nayak,INC,,,,,False,45,2022,AE
1304793,Dharmikbhai Nanubhai Malaviya,AAAP,15172,52450,17.7629217212254,3,45,155,GJ,Dharmikbhai Nanubhai Malaviya,AAAP,,,,,False,45,2022,AE
1304794,Nota,NOTA,15161,3123,1.05764736959746,4,45,155,GJ,Nota,NOTA,,,,,True,45,2022,AE
1304795,Vijaybhai Rameshbhai Vasava,BTP,15232,2267,0.77,5,45,155,GJ,Vijaybhai Rameshbhai Vasava,BTP,,,,,False,45,2022,AE
1304796,Bhaliya Khimjibhai Hakabhai,BSP,15163,1469,0.497497273755579,6,45,155,GJ,Bhaliya Khimjibhai Hakabhai,BSP,,,,,False,45,2022,AE
1304797,Dhameliya Dineshbhai Chhaganbhai,REALDP,15184,1377,0.47,7,45,155,GJ,Dhameliya Dineshbhai Chhaganbhai,REALDP,,,,,False,45,2022,AE
1304798,Dipakbhai Pravinbhai Rathod,CPI(M),15239,1017,0.34,8,45,155,GJ,Dipakbhai Pravinbhai Rathod,CPI(M),,,,,False,45,2022,AE
1304799,Jigneshkumar Manjibhai Dhameliya,IND,15162,898,0.304120185045956,9,45,155,GJ,Jigneshkumar Manjibhai Dhameliya,IND,,,,,False,45,2022,AE
1304800,Malek Asifbhai Yusufbhai,IND,15162,863,0.292266948435034,10,45,155,GJ,Malek Asifbhai Yusufbhai,IND,,,,,False,45,2022,AE
1304801,Sajid Mehmud Kola,IND,15162,556,0.188297130162084,11,45,155,GJ,Sajid Mehmud Kola,IND,,,,,False,45,2022,AE
1304802,Patel Sarfaraj Abdulla,IND,15162,415,0.140545519815224,12,45,155,GJ,Patel Sarfaraj Abdulla,IND,,,,,False,45,2022,AE
1304803,Shehnazbibi Khalidbhai Shekh,IND,15162,355,0.120225685625071,13,45,155,GJ,Shehnazbibi Khalidbhai Shekh,IND,,,,,False,45,2022,AE
1304804,Khalifa Abdulrazak Aziz,IND,15162,271,0.0917779177588577,14,45,155,GJ,Khalifa Abdulrazak Aziz,IND,,,,,False,45,2022,AE
1304805,Natvarbhai Dahyabhai Mahyavanshi,IND,15162,262,0.0887299426303348,15,45,155,GJ,Natvarbhai Dahyabhai Mahyavanshi,IND,,,,,False,45,2022,AE
1304806,Dholariya Viral Govindbhai,IND,15162,243,0.0822953284701196,16,45,155,GJ,Dholariya Viral Govindbhai,IND,,,,,False,45,2022,AE
1304875,Ganpatsinh Vestabhai Vasava,BJP,15159,93669,55.6933651233448,1,45,156,GJ,Ganpatsinh Vestabhai Vasava,BJP,,,,,False,45,2022,AE
1304876,Snehalkumar Ramsing Vasava,AAAP,15172,42246,25.118469322837,2,45,156,GJ,Snehalkumar Ramsing Vasava,AAAP,,,,,False,45,2022,AE
1304877,Chaudhari Anilbhai Sumanbhai,INC,15160,26718,15.8858889212602,3,45,156,GJ,Chaudhari Anilbhai Sumanbhai,INC,,,,,False,45,2022,AE
1304878,Nota,NOTA,15161,3111,1.84972679220153,4,45,156,GJ,Nota,NOTA,,,,,True,45,2022,AE
1304879,Sahdev Vasava (advocate),BSP,15163,1261,0.749760683049224,5,45,156,GJ,Sahdev Vasava (advocate),BSP,,,,,False,45,2022,AE
1304880,Vasava Subhashbhai Kanjibhai,BTP,15232,1182,0.7,6,45,156,GJ,Vasava Subhashbhai Kanjibhai,BTP,,,,,False,45,2022,AE
1304934,Kunvarjibhai Narsinhbhai Halpati,BJP,15159,74502,39.2938893049651,1,45,157,GJ,Kunvarjibhai Narsinhbhai Halpati,BJP,,,,,False,45,2022,AE
1304935,Anandbhai Mohanbhai Chaudhari,INC,15160,56393,29.7428297169861,2,45,157,GJ,Anandbhai Mohanbhai Chaudhari,INC,,,,,False,45,2022,AE
1304936,Saynaben Rustambhai Gamit,AAAP,15172,49108,25.9005706690857,3,45,157,GJ,Saynaben Rustambhai Gamit,AAAP,,,,,False,45,2022,AE
1304937,Nota,NOTA,15161,2902,1.53057457199818,4,45,157,GJ,Nota,NOTA,,,,,True,45,2022,AE
1304938,Ashokbhai Chhotubhai Chaudhary,BSP,15163,2292,1.2088480079324,5,45,157,GJ,Ashokbhai Chhotubhai Chaudhary,BSP,,,,,False,45,2022,AE
1304939,Chaudhari Pradipbhai Thagabhai,IND,15162,1720,0.907163426546133,6,45,157,GJ,Chaudhari Pradipbhai Thagabhai,IND,,,,,False,45,2022,AE
1304940,Bachubhai Gumanbhai Chaudhari,BTP,15232,1651,0.87,7,45,157,GJ,Bachubhai Gumanbhai Chaudhari,BTP,,,,,False,45,2022,AE
1304941,Sureshkumar Jivanbhai Gamit,IND,15162,1034,0.545352897121338,8,45,157,GJ,Sureshkumar Jivanbhai Gamit,IND,,,,,False,45,2022,AE
1304996,Praful Pansheriya,BJP,15159,185585,56.0728885612334,1,45,158,GJ,Praful Pansheriya,BJP,,,,,False,45,2022,AE
1304997,Ram Dhaduk,AAAP,15172,110888,33.5038417263143,2,45,158,GJ,Ram Dhaduk,AAAP,,,,,True,45,2022,AE
1304998,Nilesh Kumbhani,INC,15160,27511,8.31220862250771,3,45,158,GJ,Nilesh Kumbhani,INC,,,,,False,45,2022,AE
1304999,Nota,NOTA,15161,2291,0.692205661523215,4,45,158,GJ,Nota,NOTA,,,,,True,45,2022,AE
1305000,Hemendrasinh Rathod,BTP,15232,1392,0.42,5,45,158,GJ,Hemendrasinh Rathod,BTP,,,,,False,45,2022,AE
1305001,Arunbhai Dhanjibhai Sakariya,BSP,15163,1097,0.33144897891356,6,45,158,GJ,Arunbhai Dhanjibhai Sakariya,BSP,,,,,False,45,2022,AE
1305002,Khushwah Sumanben Raveebhai,SVPP,15200,901,0.27,7,45,158,GJ,Khushwah Sumanben Raveebhai,SVPP,,,,,False,45,2022,AE
1305003,Dr. Dineshbhai Chhaganbhai Dhameliya,REALDP,15184,731,0.22,8,45,158,GJ,Dr. Dineshbhai Chhaganbhai Dhameliya,REALDP,,,,,False,45,2022,AE
1305004,Viradiya Piyush Hasmukhbhai,IND,15162,575,0.173731233250043,9,45,158,GJ,Viradiya Piyush Hasmukhbhai,IND,,,,,False,45,2022,AE
1305066,Arvind Shantilal Rana,BJP,15159,73142,52.4465796644199,1,45,159,GJ,Arvind Shantilal Rana,BJP,,,,,True,45,2022,AE
1305067,Aslam Firozbhai Cyclewala,INC,15160,59125,42.3956690090348,2,45,159,GJ,Aslam Firozbhai Cyclewala,INC,,,,,False,45,2022,AE
1305068,Wasim Ikbalbhai Khokar (kureshi),AIMIM,15185,1671,1.19819303025957,3,45,159,GJ,Wasim Ikbalbhai Khokar (kureshi),AIMIM,,,,,False,45,2022,AE
1305069,Nota,NOTA,15161,1494,1.07127491753907,4,45,159,GJ,Nota,NOTA,,,,,True,45,2022,AE
1305070,Mansur Ahmad Chashmawala,SP,15176,1015,0.727807256561021,5,45,159,GJ,Mansur Ahmad Chashmawala,SP,,,,,False,45,2022,AE
1305071,Kher Paresh Anandbhai,IND,15162,668,0.47899039151011,6,45,159,GJ,Kher Paresh Anandbhai,IND,,,,,False,45,2022,AE
1305072,Karimkhan Rahimkhan Pathan,BBC,15293,604,0.43,7,45,159,GJ,Karimkhan Rahimkhan Pathan,BBC,,,,,False,45,2022,AE
1305073,Abdulsamad Abdulmajid Munshi,BSP,15163,544,0.390076007457335,8,45,159,GJ,Abdulsamad Abdulmajid Munshi,BSP,,,,,False,45,2022,AE
1305074,Shahabudin Jainudin Malbari,IND,15162,476,0.341316506525168,9,45,159,GJ,Shahabudin Jainudin Malbari,IND,,,,,False,45,2022,AE
1305075,Samir Fakruddin Shaikh,IND,15162,211,0.151297863186576,10,45,159,GJ,Samir Fakruddin Shaikh,IND,,,,,False,45,2022,AE
1305076,Mohamad Faiz Mohamad Faruq Mulla,IND,15162,155,0.111142980065968,11,45,159,GJ,Mohamad Faiz Mohamad Faruq Mulla,IND,,,,,False,45,2022,AE
1305077,Patel Minhaj Yunusbhai,IND,15162,122,0.0874802810841818,12,45,159,GJ,Patel Minhaj Yunusbhai,IND,,,,,False,45,2022,AE
1305078,Ibrahim Yakub Nagori,IND,15162,106,0.0760074573354366,13,45,159,GJ,Ibrahim Yakub Nagori,IND,,,,,False,45,2022,AE
1305079,Pathan Riyazkhan Abdulkhan,IND,15162,68,0.0487595009321669,14,45,159,GJ,Pathan Riyazkhan Abdulkhan,IND,,,,,False,45,2022,AE
1305080,Nurubhai Shakurbhai Shaikh,IND,15162,59,0.0423060375734977,15,45,159,GJ,Nurubhai Shakurbhai Shaikh,IND,,,,,False,45,2022,AE
1305150,Kantibhai Himmatbhai Balar,BJP,15159,57117,59.1022443890274,1,45,160,GJ,Kantibhai Himmatbhai Balar,BJP,,,,,False,45,2022,AE
1305151,Mahendra Navadiya,AAAP,15172,22824,23.6173052845065,2,45,160,GJ,Mahendra Navadiya,AAAP,,,,,False,45,2022,AE
1305152,Ashok Patel (adhevada),INC,15160,14854,15.3702879730135,3,45,160,GJ,Ashok Patel (adhevada),INC,,,,,False,45,2022,AE
1305153,Nota,NOTA,15161,831,0.859883486304984,4,45,160,GJ,Nota,NOTA,,,,,True,45,2022,AE
1305154,Achchha Saeedbhai Yusufbhai,BSP,15163,342,0.35388706656595,5,45,160,GJ,Achchha Saeedbhai Yusufbhai,BSP,,,,,False,45,2022,AE
1305155,Anish Ahmad Moriswala,LGP,15217,232,0.24,6,45,160,GJ,Anish Ahmad Moriswala,LGP,,,,,False,45,2022,AE
1305156,Mohammad Imtiyaz Yusuf Bhai Shaikh,IND,15162,177,0.183152078310447,7,45,160,GJ,Mohammad Imtiyaz Yusuf Bhai Shaikh,IND,,,,,False,45,2022,AE
1305157,Aarjubi Rauf Shah,IND,15162,125,0.12934468807235,8,45,160,GJ,Aarjubi Rauf Shah,IND,,,,,False,45,2022,AE
1305158,Sirajkhan Pathan,IND,15162,83,0.0858848728800405,9,45,160,GJ,Sirajkhan Pathan,IND,,,,,False,45,2022,AE
1305159,Mohammad Juned Memon,IND,15162,56,0.0579464202564129,10,45,160,GJ,Mohammad Juned Memon,IND,,,,,False,45,2022,AE
1305227,Kishor Kanani (kumar),BJP,15159,67206,55.1284575253469,1,45,161,GJ,Kishor Kanani (kumar),BJP,,,,,False,45,2022,AE
1305228,Alpesh Kathiriya,AAAP,15172,50372,41.3196836959018,2,45,161,GJ,Alpesh Kathiriya,AAAP,,,,,False,45,2022,AE
1305229,Prafulbhai Togadiya (papanbhai),INC,15160,2940,2.41165469042228,3,45,161,GJ,Prafulbhai Togadiya (papanbhai),INC,,,,,False,45,2022,AE
1305230,Nota,NOTA,15161,878,0.720215244282573,4,45,161,GJ,Nota,NOTA,,,,,True,45,2022,AE
1305231,Pyarelal Bharti,BSP,15163,284,0.232962561931948,5,45,161,GJ,Pyarelal Bharti,BSP,,,,,False,45,2022,AE
1305232,Mahajan Pratibhaben Pankajbhai,SVPP,15200,228,0.19,6,45,161,GJ,Mahajan Pratibhaben Pankajbhai,SVPP,,,,,False,45,2022,AE
1305285,Pravinbhai Manjibhai Ghoghari,BJP,15159,60493,67.6738748615601,1,45,162,GJ,Pravinbhai Manjibhai Ghoghari,BJP,,,,,False,45,2022,AE
1305286,Manoj Sorathiya,AAAP,15172,24519,27.4295494971417,2,45,162,GJ,Manoj Sorathiya,AAAP,,,,,False,45,2022,AE
1305287,Bharti Prakashbhai Patel,INC,15160,2954,3.30465717258275,3,45,162,GJ,Bharti Prakashbhai Patel,INC,,,,,False,45,2022,AE
1305288,Nota,NOTA,15161,756,0.845741646063833,4,45,162,GJ,Nota,NOTA,,,,,True,45,2022,AE
1305289,Ladumor Maheshbhai Kababhai (ahir),RTORP,15166,218,0.24,5,45,162,GJ,Ladumor Maheshbhai Kababhai (ahir),RTORP,,,,,False,45,2022,AE
1305290,Rameshbhai Parshotambhai Baraiya,IND,15162,149,0.166687176274485,6,45,162,GJ,Rameshbhai Parshotambhai Baraiya,IND,,,,,False,45,2022,AE
1305291,Arunbhai Mansukhlal Parmar,IND,15162,116,0.12976988220027,7,45,162,GJ,Arunbhai Mansukhlal Parmar,IND,,,,,False,45,2022,AE
1305292,Vaghela Dinesh,NMSP,15209,93,0.1,8,45,162,GJ,Vaghela Dinesh,NMSP,,,,,False,45,2022,AE
1305293,Anwar Hamid Shaikh,IND,15162,91,0.10180223517435,9,45,162,GJ,Anwar Hamid Shaikh,IND,,,,,False,45,2022,AE
1305388,Sangitaben Rajendra Patil,BJP,15159,95696,53.4444338953517,1,45,163,GJ,Sangitaben Rajendra Patil,BJP,,,,,False,45,2022,AE
1305389,Pankajbhai Tayade,AAAP,15172,37687,21.0474876715235,2,45,163,GJ,Pankajbhai Tayade,AAAP,,,,,False,45,2022,AE
1305390,Gopal D. Patil,INC,15160,29436,16.4394578262787,3,45,163,GJ,Gopal D. Patil,INC,,,,,False,45,2022,AE
1305391,Abdul Bashir Shaikh,AIMIM,15185,5216,2.91303886471905,4,45,163,GJ,Abdul Bashir Shaikh,AIMIM,,,,,False,45,2022,AE
1305392,Nota,NOTA,15161,1069,0.597016592481723,5,45,163,GJ,Nota,NOTA,,,,,True,45,2022,AE
1305393,Ayaz Kazi,BSP,15163,972,0.542843898870192,6,45,163,GJ,Ayaz Kazi,BSP,,,,,False,45,2022,AE
1305394,Wasim Karim Shaikh,IND,15162,950,0.530557308566545,7,45,163,GJ,Wasim Karim Shaikh,IND,,,,,False,45,2022,AE
1305395,Anishaben Kureshi,IND,15162,870,0.485878798371468,8,45,163,GJ,Anishaben Kureshi,IND,,,,,False,45,2022,AE
1305396,Irfankhan Pathan,IND,15162,733,0.409366849662398,9,45,163,GJ,Irfankhan Pathan,IND,,,,,False,45,2022,AE
1305397,Bharatbhai B. Patel,CPI(M),15239,540,0.3,10,45,163,GJ,Bharatbhai B. Patel,CPI(M),,,,,False,45,2022,AE
1305398,Shah Samir Shaikhlal,IND,15162,312,0.174246189760802,11,45,163,GJ,Shah Samir Shaikhlal,IND,,,,,False,45,2022,AE
1305399,Imrankhan Shokat Khan,IND,15162,279,0.155816304305332,12,45,163,GJ,Imrankhan Shokat Khan,IND,,,,,False,45,2022,AE
1305400,Nasirshaha Naththushaha,IND,15162,270,0.150789971908386,13,45,163,GJ,Nasirshaha Naththushaha,IND,,,,,False,45,2022,AE
1305401,Sabirabibi Mohammad Yusuf Shaikh,IND,15162,269,0.150231490530948,14,45,163,GJ,Sabirabibi Mohammad Yusuf Shaikh,IND,,,,,False,45,2022,AE
1305402,Vasim Shaikh,IND,15162,255,0.142412751246809,15,45,163,GJ,Vasim Shaikh,IND,,,,,False,45,2022,AE
1305403,Khalik Yusuf Shaikh,IND,15162,254,0.141854269869371,16,45,163,GJ,Khalik Yusuf Shaikh,IND,,,,,False,45,2022,AE
1305404,Shaikh Subhan Abudulla,SP,15176,249,0.139061862982178,17,45,163,GJ,Shaikh Subhan Abudulla,SP,,,,,False,45,2022,AE
1305405,Akram Vahidulla Ansari,IND,15162,245,0.136827937472424,18,45,163,GJ,Akram Vahidulla Ansari,IND,,,,,False,45,2022,AE
1305406,Javid Shaikh,IND,15162,244,0.136269456094986,19,45,163,GJ,Javid Shaikh,IND,,,,,False,45,2022,AE
1305407,Shami Akhtar Isaf Mohammad Shaikh,IND,15162,239,0.133477049207794,20,45,163,GJ,Shami Akhtar Isaf Mohammad Shaikh,IND,,,,,False,45,2022,AE
1305408,Hameed Madhavsang Rana,IND,15162,227,0.126775272678532,21,45,163,GJ,Hameed Madhavsang Rana,IND,,,,,False,45,2022,AE
1305409,Pathan Bashirkhan,IND,15162,216,0.120631977526709,22,45,163,GJ,Pathan Bashirkhan,IND,,,,,False,45,2022,AE
1305410,Shah Aiyub,IND,15162,183,0.102202092071239,23,45,163,GJ,Shah Aiyub,IND,,,,,False,45,2022,AE
1305411,Ram Murat Maurya (comrade),SUCI,15265,182,0.101643610693801,24,45,163,GJ,Ram Murat Maurya (comrade),SUCI,,,,,False,45,2022,AE
1305412,Nasrinbano Shaikh,IND,15162,176,0.0982927224291705,25,45,163,GJ,Nasrinbano Shaikh,IND,,,,,False,45,2022,AE
1305413,Shaikh Salman,IND,15162,159,0.0887985390127166,26,45,163,GJ,Shaikh Salman,IND,,,,,False,45,2022,AE
1305414,Ajim Saiyad,IND,15162,153,0.0854476507480858,27,45,163,GJ,Ajim Saiyad,IND,,,,,False,45,2022,AE
1305415,Saiyad Mehmud,IND,15162,148,0.0826552438608934,28,45,163,GJ,Saiyad Mehmud,IND,,,,,False,45,2022,AE
1305416,Patel Aamin Abdul Ghafar,IND,15162,147,0.0820967624834549,29,45,163,GJ,Patel Aamin Abdul Ghafar,IND,,,,,False,45,2022,AE
1305417,Raybole Panjab,IND,15162,144,0.0804213183511395,30,45,163,GJ,Raybole Panjab,IND,,,,,False,45,2022,AE
1305418,Ramzan Mansuri (varisht Partrakar),LGP,15217,139,0.08,31,45,163,GJ,Ramzan Mansuri (varisht Partrakar),LGP,,,,,False,45,2022,AE
1305419,Arun Pathak (gabbar),IND,15162,139,0.0776289114639472,31,45,163,GJ,Arun Pathak (gabbar),IND,,,,,False,45,2022,AE
1305420,Rani Aziz Shaikh,RSPS,15204,136,0.0759534673316318,33,45,163,GJ,Rani Aziz Shaikh,RSPS,,,,,False,45,2022,AE
1305421,Shah Firoj Supadubhai,IND,15162,128,0.071485616312124,34,45,163,GJ,Shah Firoj Supadubhai,IND,,,,,False,45,2022,AE
1305422,Hamid Shaikh,IND,15162,123,0.0686932094249317,35,45,163,GJ,Hamid Shaikh,IND,,,,,False,45,2022,AE
1305424,Sayarabanu Hamid Rana,IND,15162,113,0.063108395650547,36,45,163,GJ,Sayarabanu Hamid Rana,IND,,,,,False,45,2022,AE
1305423,Rekhaben Satishbhai Patel,IND,15162,113,0.063108395650547,36,45,163,GJ,Rekhaben Satishbhai Patel,IND,,,,,False,45,2022,AE
1305425,Shaikh Yusuf,IND,15162,100,0.0558481377438469,38,45,163,GJ,Shaikh Yusuf,IND,,,,,False,45,2022,AE
1305426,Ramjubhai Shaikh,IND,15162,90,0.0502633239694622,39,45,163,GJ,Ramjubhai Shaikh,IND,,,,,False,45,2022,AE
1305427,Saiyad Suraiya Latif,IND,15162,87,0.0485878798371468,40,45,163,GJ,Saiyad Suraiya Latif,IND,,,,,False,45,2022,AE
1305428,Farukhasha Shabbirsha,IND,15162,84,0.0469124357048314,41,45,163,GJ,Farukhasha Shabbirsha,IND,,,,,False,45,2022,AE
1305429,Faruk Khan,IND,15162,77,0.0430030660627621,42,45,163,GJ,Faruk Khan,IND,,,,,False,45,2022,AE
1305431,Mohammad Nafis Islam Khan,IND,15162,74,0.04,43,45,163,GJ,Mohammad Nafis Islam Khan,IND,,,,,False,45,2022,AE
1305430,Rashid Dadamiya Shaikh,IND,15162,74,0.04,43,45,163,GJ,Rashid Dadamiya Shaikh,IND,,,,,False,45,2022,AE
1305432,Mohshin Shah,IND,15162,60,0.0335088826463081,45,45,163,GJ,Mohshin Shah,IND,,,,,False,45,2022,AE
1305545,Manubhai M. Patel (fogwa),BJP,15159,93999,63.1582130066988,1,45,164,GJ,Manubhai M. Patel (fogwa),BJP,,,,,False,45,2022,AE
1305546,Dhansukhbhai Bhagvatiprasad Rajput,INC,15160,24103,16.194878755098,2,45,164,GJ,Dhansukhbhai Bhagvatiprasad Rajput,INC,,,,,False,45,2022,AE
1305547,Mahendrabhai Ravanbhai Patil,AAAP,15172,21741,14.6078437959833,3,45,164,GJ,Mahendrabhai Ravanbhai Patil,AAAP,,,,,False,45,2022,AE
1305548,Suresh Mohan Sonvane,BSP,15163,5434,3.65112107020714,4,45,164,GJ,Suresh Mohan Sonvane,BSP,,,,,False,45,2022,AE
1305549,Nota,NOTA,15161,1820,1.22286351633732,5,45,164,GJ,Nota,NOTA,,,,,True,45,2022,AE
1305550,Ashaben Vinodbhai Mangale,IND,15162,476,0.319825842734376,6,45,164,GJ,Ashaben Vinodbhai Mangale,IND,,,,,False,45,2022,AE
1305551,Pathan Badshahkhan Altafkhan,BBC,15293,306,0.21,7,45,164,GJ,Pathan Badshahkhan Altafkhan,BBC,,,,,False,45,2022,AE
1305552,Shaikh Iqbal Hamid,IND,15162,293,0.196867588069689,8,45,164,GJ,Shaikh Iqbal Hamid,IND,,,,,False,45,2022,AE
1305553,Mohammad Baldar Shah,IND,15162,281,0.188804751698234,9,45,164,GJ,Mohammad Baldar Shah,IND,,,,,False,45,2022,AE
1305554,Faimida Yunus Shaikh,IND,15162,195,0.131021091036141,10,45,164,GJ,Faimida Yunus Shaikh,IND,,,,,False,45,2022,AE
1305555,Ejaz Aslambhai Mistry,IND,15162,183,0.122958254664686,11,45,164,GJ,Ejaz Aslambhai Mistry,IND,,,,,False,45,2022,AE
1305653,Harsh Ramesh Sanghvi,BJP,15159,133335,81.9710932552978,1,45,165,GJ,Harsh Ramesh Sanghvi,BJP,,,,,False,45,2022,AE
1305654,P V S Sarma,AAAP,15172,16660,10.2421600752485,2,45,165,GJ,P V S Sarma,AAAP,,,,,False,45,2022,AE
1305655,Balwant Shantilal Jain,INC,15160,9447,5.80778428756739,3,45,165,GJ,Balwant Shantilal Jain,INC,,,,,False,45,2022,AE
1305656,Nota,NOTA,15161,2315,1.42320531657865,4,45,165,GJ,Nota,NOTA,,,,,True,45,2022,AE
1305657,Rameshprasad Kashiram Chamar,BSP,15163,904,0.555757065307602,5,45,165,GJ,Rameshprasad Kashiram Chamar,BSP,,,,,False,45,2022,AE
1305714,Vinodbhai Amarshibhai Moradiya,BJP,15159,120505,58.2518405367648,1,45,166,GJ,Vinodbhai Amarshibhai Moradiya,BJP,,,,,False,45,2022,AE
1305715,Gopal Italia,AAAP,15172,55878,27.0112970043844,2,45,166,GJ,Gopal Italia,AAAP,,,,,False,45,2022,AE
1305716,Variya Kalpesh Harjivanbhai,INC,15160,26840,12.974394423524,3,45,166,GJ,Variya Kalpesh Harjivanbhai,INC,,,,,False,45,2022,AE
1305717,Nota,NOTA,15161,1529,0.739115092159772,4,45,166,GJ,Nota,NOTA,,,,,True,45,2022,AE
1305718,Amitkumar Bikaram Singh,BSP,15163,620,0.299706577592582,5,45,166,GJ,Amitkumar Bikaram Singh,BSP,,,,,False,45,2022,AE
1305719,Amarkumar Sureshbhai Lavne,SABHP,15247,589,0.28,6,45,166,GJ,Amarkumar Sureshbhai Lavne,SABHP,,,,,False,45,2022,AE
1305720,Sarakar Rajubhai Lakhabhai,IND,15162,318,0.153720470442647,7,45,166,GJ,Sarakar Rajubhai Lakhabhai,IND,,,,,False,45,2022,AE
1305721,Akbar Liyakat Shahfakir,IND,15162,302,0.145986107149935,8,45,166,GJ,Akbar Liyakat Shahfakir,IND,,,,,False,45,2022,AE
1305722,Bapubhai Nanabhai Khalane,IND,15162,288,0.139218539268812,9,45,166,GJ,Bapubhai Nanabhai Khalane,IND,,,,,False,45,2022,AE
1305785,Purnesh Modi,BJP,15159,122981,75.7281493614453,1,45,167,GJ,Purnesh Modi,BJP,,,,,True,45,2022,AE
1305786,Sanjay R. Shah (patva),INC,15160,18669,11.4958312294486,2,45,167,GJ,Sanjay R. Shah (patva),INC,,,,,False,45,2022,AE
1305787,Moxesh Rameshchandra Sanghavi,AAAP,15172,16955,10.4403995123092,3,45,167,GJ,Moxesh Rameshchandra Sanghavi,AAAP,,,,,False,45,2022,AE
1305788,Nota,NOTA,15161,2441,1.50309732878483,4,45,167,GJ,Nota,NOTA,,,,,True,45,2022,AE
1305789,Vimal Raju Uttpure,BSP,15163,454,0.279560093104594,5,45,167,GJ,Vimal Raju Uttpure,BSP,,,,,False,45,2022,AE
1305790,Mohammed Zakir Nizamuddin Shaikh,SP,15176,301,0.185347110186086,6,45,167,GJ,Mohammed Zakir Nizamuddin Shaikh,SP,,,,,False,45,2022,AE
1305791,Amish Narayanbhai Chunawala,IND,15162,141,0.0868237293562728,7,45,167,GJ,Amish Narayanbhai Chunawala,IND,,,,,False,45,2022,AE
1305792,Mohamad Asfaq Iqbal Shekh,IND,15162,130,0.0800502469242232,8,45,167,GJ,Mohamad Asfaq Iqbal Shekh,IND,,,,,False,45,2022,AE
1305793,Mohammad Umarji Khadakiwala,IND,15162,126,0.0775871624034778,9,45,167,GJ,Mohammad Umarji Khadakiwala,IND,,,,,False,45,2022,AE
1305794,Farzan Allarakha Meman,IND,15162,115,0.0708136799714282,10,45,167,GJ,Farzan Allarakha Meman,IND,,,,,False,45,2022,AE
1305795,Kamalshah Fakir,IND,15162,85,0.0523405460658382,11,45,167,GJ,Kamalshah Fakir,IND,,,,,False,45,2022,AE
1305892,Sandip Desai,BJP,15159,236033,73.1239060055454,1,45,168,GJ,Sandip Desai,BJP,,,,,False,45,2022,AE
1305893,Prakashbhai Vinodbhai Contractor,AAAP,15172,49615,15.3709125269141,2,45,168,GJ,Prakashbhai Vinodbhai Contractor,AAAP,,,,,False,45,2022,AE
1305894,Kantilal Nanubhai Patel,INC,15160,25840,8.00532862431649,3,45,168,GJ,Kantilal Nanubhai Patel,INC,,,,,False,45,2022,AE
1305895,Nota,NOTA,15161,4169,1.29157178927149,4,45,168,GJ,Nota,NOTA,,,,,True,45,2022,AE
1305896,Malkhan Ramkishor Varma,BSP,15163,2061,0.638505506761466,5,45,168,GJ,Malkhan Ramkishor Varma,BSP,,,,,False,45,2022,AE
1305897,Chavada Hiteshbhai,SABHP,15247,1060,0.33,6,45,168,GJ,Chavada Hiteshbhai,SABHP,,,,,False,45,2022,AE
1305898,Juber Kashim Ansari,SP,15176,774,0.239788094242297,7,45,168,GJ,Juber Kashim Ansari,SP,,,,,False,45,2022,AE
1305899,Prajapati Roshanlal Pyarelal,NMSP,15209,621,0.19,8,45,168,GJ,Prajapati Roshanlal Pyarelal,NMSP,,,,,False,45,2022,AE
1305900,Vasava Vinodkumar,GNASURKP,15321,541,0.17,9,45,168,GJ,Vasava Vinodkumar,GNASURKP,,,,,False,45,2022,AE
1305901,Shekh Sheru,IND,15162,515,0.159548925755533,10,45,168,GJ,Shekh Sheru,IND,,,,,False,45,2022,AE
1305902,Sattar Pinjari,IND,15162,509,0.157690103319547,11,45,168,GJ,Sattar Pinjari,IND,,,,,False,45,2022,AE
1305903,Rabari Motibhai Varshibhai,RSPS,15204,501,0.155211673404897,12,45,168,GJ,Rabari Motibhai Varshibhai,RSPS,,,,,False,45,2022,AE
1305904,Arun Pathak (gabbar),IND,15162,318,0.0985175891073005,13,45,168,GJ,Arun Pathak (gabbar),IND,,,,,False,45,2022,AE
1305905,Mansuri Aaisha,LGP,15217,228,0.07,14,45,168,GJ,Mansuri Aaisha,LGP,,,,,False,45,2022,AE
1305973,Ishvarbhai Alias Anilbhai Ramanbhai Parmar,BJP,15159,118527,66.144513767202,1,45,169,GJ,Ishvarbhai Alias Anilbhai Ramanbhai Parmar,BJP,,,,,False,45,2022,AE
1305974,Pannaben Anilbhai Patel,INC,15160,28579,15.9486366731028,2,45,169,GJ,Pannaben Anilbhai Patel,INC,,,,,False,45,2022,AE
1305975,Rajendraprasad Solanki Alias Raju Morthana,AAAP,15172,24710,13.7895242028192,3,45,169,GJ,Rajendraprasad Solanki Alias Raju Morthana,AAAP,,,,,False,45,2022,AE
1305976,Nota,NOTA,15161,4211,2.34996707479045,4,45,169,GJ,Nota,NOTA,,,,,True,45,2022,AE
1305977,Rathod Dineshkumar Lallubhai,IND,15162,2074,1.15740482382222,5,45,169,GJ,Rathod Dineshkumar Lallubhai,IND,,,,,False,45,2022,AE
1305978,Sushilaben Rameshbhai Wagh,BSP,15163,1093,0.609953458263111,6,45,169,GJ,Sushilaben Rameshbhai Wagh,BSP,,,,,False,45,2022,AE
1306031,Mohanbhai Dhanjibhai Dhodiya,BJP,15159,81383,47.87798564537,1,45,170,GJ,Mohanbhai Dhanjibhai Dhodiya,BJP,,,,,False,45,2022,AE
1306032,Garasiya Hemangini Dipakkumar,INC,15160,49875,29.3416872573243,2,45,170,GJ,Garasiya Hemangini Dipakkumar,INC,,,,,False,45,2022,AE
1306033,Kunjankumar Rameshchandra Patel,AAAP,15172,35591,20.9383456877279,3,45,170,GJ,Kunjankumar Rameshchandra Patel,AAAP,,,,,False,45,2022,AE
1306034,Nota,NOTA,15161,3131,1.84198140957759,4,45,170,GJ,Nota,NOTA,,,,,True,45,2022,AE
1306087,Kokani Mohanbhai Dhedabhai,BJP,15159,69633,40.6677802177264,1,45,171,GJ,Kokani Mohanbhai Dhedabhai,BJP,,,,,False,45,2022,AE
1306088,Bipinchandra Khushalbhai Chaudhari,AAAP,15172,47513,27.7490305097416,2,45,171,GJ,Bipinchandra Khushalbhai Chaudhari,AAAP,,,,,False,45,2022,AE
1306089,Gamit Punabhai Dhedabhai,INC,15160,45904,26.8093257954492,3,45,171,GJ,Gamit Punabhai Dhedabhai,INC,,,,,True,45,2022,AE
1306090,Nota,NOTA,15161,3779,2.20705041349343,4,45,171,GJ,Nota,NOTA,,,,,True,45,2022,AE
1306091,Rakeshbhai Sureshbhai Gamit,BSP,15163,1291,0.753983086483203,5,45,171,GJ,Rakeshbhai Sureshbhai Gamit,BSP,,,,,False,45,2022,AE
1306092,Jimikumar Rajenbhai Patel,IND,15162,1218,0.711348876325748,6,45,171,GJ,Jimikumar Rajenbhai Patel,IND,,,,,False,45,2022,AE
1306093,Sunilbhai Nagajibhai Gamit,BTP,15232,1136,0.66,7,45,171,GJ,Sunilbhai Nagajibhai Gamit,BTP,,,,,False,45,2022,AE
1306094,Umedbhai Bhimsingbhai Gamit,IND,15162,750,0.438022707097135,8,45,171,GJ,Umedbhai Bhimsingbhai Gamit,IND,,,,,False,45,2022,AE
1306154,Dr.jayrambhai Chemabhai Gamit,BJP,15159,97461,43.7918716721709,1,45,172,GJ,Dr.jayrambhai Chemabhai Gamit,BJP,,,,,False,45,2022,AE
1306155,Sunilbhai Ratanjibhai Gamit,INC,15160,74301,33.3854552807171,2,45,172,GJ,Sunilbhai Ratanjibhai Gamit,INC,,,,,True,45,2022,AE
1306156,Arvindbhai Singabhai Gamit,AAAP,15172,35781,16.0773741322369,3,45,172,GJ,Arvindbhai Singabhai Gamit,AAAP,,,,,False,45,2022,AE
1306157,Manishbhai Prakashbhai Vasava,IND,15162,5276,2.37064995169733,4,45,172,GJ,Manishbhai Prakashbhai Vasava,IND,,,,,False,45,2022,AE
1306158,Nota,NOTA,15161,4465,2.0062456471434,5,45,172,GJ,Nota,NOTA,,,,,True,45,2022,AE
1306159,Samirbhai Janakbhai Naik,BTP,15232,3607,1.62,6,45,172,GJ,Samirbhai Janakbhai Naik,BTP,,,,,False,45,2022,AE
1306160,Vinabhai Bablabhai Gamit,IND,15162,1664,0.747680348677854,7,45,172,GJ,Vinabhai Bablabhai Gamit,IND,,,,,False,45,2022,AE
1306213,Vijaybhai Rameshbhai Patel,BJP,15159,62533,47.5384287908044,1,45,173,GJ,Vijaybhai Rameshbhai Patel,BJP,,,,,False,45,2022,AE
1306214,Patel Mukeshbhai Chandarbhai,INC,15160,42859,32.5819890225175,2,45,173,GJ,Patel Mukeshbhai Chandarbhai,INC,,,,,False,45,2022,AE
1306215,Gamit Sunilbhai Chandubhai,AAAP,15172,20822,15.8291648294841,3,45,173,GJ,Gamit Sunilbhai Chandubhai,AAAP,,,,,False,45,2022,AE
1306216,Nota,NOTA,15161,1910,1.45200772376883,4,45,173,GJ,Nota,NOTA,,,,,True,45,2022,AE
1306217,Sangitaben Maheshbhai Ahire,BSP,15163,1468,1.11599337093855,5,45,173,GJ,Sangitaben Maheshbhai Ahire,BSP,,,,,False,45,2022,AE
1306218,Aestarben Kesharbhai Pawar,IND,15162,1103,0.838515455139803,6,45,173,GJ,Aestarben Kesharbhai Pawar,IND,,,,,False,45,2022,AE
1306219,Nileshbhai Shivajibhai Zambare,BTP,15232,847,0.64,7,45,173,GJ,Nileshbhai Shivajibhai Zambare,BTP,,,,,False,45,2022,AE
1306308,R.c.patel,BJP,15159,106244,66.8306337474445,1,45,174,GJ,R.c.patel,BJP,,,,,False,45,2022,AE
1306309,Ranjit (munnabhai) Panchal,INC,15160,37545,23.6169208995125,2,45,174,GJ,Ranjit (munnabhai) Panchal,INC,,,,,False,45,2022,AE
1306310,Pradipkumar (bankwala),AAAP,15172,10396,6.5393929863186,3,45,174,GJ,Pradipkumar (bankwala),AAAP,,,,,False,45,2022,AE
1306311,Nota,NOTA,15161,3549,2.23242648215128,4,45,174,GJ,Nota,NOTA,,,,,True,45,2022,AE
1306312,Nausrka Mahammad Shaukatali,SDPI,15187,1241,0.780625884573046,5,45,174,GJ,Nausrka Mahammad Shaukatali,SDPI,,,,,False,45,2022,AE
1306401,Desai Rakesh Gunvantbhai,BJP,15159,106875,64.6536078981754,1,45,175,GJ,Desai Rakesh Gunvantbhai,BJP,,,,,False,45,2022,AE
1306402,Dipak Barot,INC,15160,34562,20.9081449934665,2,45,175,GJ,Dipak Barot,INC,,,,,False,45,2022,AE
1306403,Upeshkumar Mohanbhai Patel,AAAP,15172,18435,11.1521802255238,3,45,175,GJ,Upeshkumar Mohanbhai Patel,AAAP,,,,,False,45,2022,AE
1306404,Nota,NOTA,15161,3064,1.85355466292406,4,45,175,GJ,Nota,NOTA,,,,,True,45,2022,AE
1306405,Mahendrakumar Solanki (rakeshkumar),BSP,15163,895,0.541426704737937,5,45,175,GJ,Mahendrakumar Solanki (rakeshkumar),BSP,,,,,False,45,2022,AE
1306406,Govindbhai Laxmanbhai Rathod,IND,15162,818,0.49484585974931,6,45,175,GJ,Govindbhai Laxmanbhai Rathod,IND,,,,,False,45,2022,AE
1306407,Kalpanaben Percy Munshi,IND,15162,655,0.396239655422736,7,45,175,GJ,Kalpanaben Percy Munshi,IND,,,,,False,45,2022,AE
1306505,Nareshbhai Maganbhai Patel,BJP,15159,131116,62.2408726899871,1,45,176,GJ,Nareshbhai Maganbhai Patel,BJP,,,,,False,45,2022,AE
1306506,Ashokbhai Lallubhai Patel (karate),INC,15160,37950,18.0148961117255,2,45,176,GJ,Ashokbhai Lallubhai Patel (karate),INC,,,,,False,45,2022,AE
1306507,Pankajbhai Lallubhai Patel,AAAP,15172,37818,17.9522356035108,3,45,176,GJ,Pankajbhai Lallubhai Patel,AAAP,,,,,False,45,2022,AE
1306508,Nota,NOTA,15161,3775,1.79199559477639,4,45,176,GJ,Nota,NOTA,,,,,True,45,2022,AE
1306553,Anantkumar Hasmukhbhai Patel,INC,15160,124477,52.5736272369037,1,45,177,GJ,Anantkumar Hasmukhbhai Patel,INC,,,,,True,45,2022,AE
1306554,Piyushkumar Kantilal Patel,BJP,15159,89444,37.7772240219287,2,45,177,GJ,Piyushkumar Kantilal Patel,BJP,,,,,False,45,2022,AE
1306555,Pankajbhai Chandubhai Patel,AAAP,15172,16178,6.83287789261172,3,45,177,GJ,Pankajbhai Chandubhai Patel,AAAP,,,,,False,45,2022,AE
1306556,Nota,NOTA,15161,3803,1.60622046146633,4,45,177,GJ,Nota,NOTA,,,,,True,45,2022,AE
1306557,Manakbhai Jatrubhai Sanakar,BSP,15163,1807,0.763197573986239,5,45,177,GJ,Manakbhai Jatrubhai Sanakar,BSP,,,,,False,45,2022,AE
1306558,Alpeshkumar Chhotubhai Patel,BARESP,15237,1058,0.45,6,45,177,GJ,Alpeshkumar Chhotubhai Patel,BARESP,,,,,False,45,2022,AE
1306607,Arvind Chhotubhai Patel,BJP,15159,83544,42.2361755695089,1,45,178,GJ,Arvind Chhotubhai Patel,BJP,,,,,True,45,2022,AE
1306608,Kamleshbhai Ghelabhai Patel,AAAP,15172,50217,25.387508720842,2,45,178,GJ,Kamleshbhai Ghelabhai Patel,AAAP,,,,,False,45,2022,AE
1306609,Kishanbhai V. Patel,INC,15160,33507,16.9396669396669,3,45,178,GJ,Kishanbhai V. Patel,INC,,,,,False,45,2022,AE
1306610,Kalpesh Patel,IND,15162,19490,9.8532876310654,4,45,178,GJ,Kalpesh Patel,IND,,,,,False,45,2022,AE
1306611,Nota,NOTA,15161,4189,2.11777433999656,5,45,178,GJ,Nota,NOTA,,,,,True,45,2022,AE
1306612,Janubhai Dhakalbhai Kakad,IND,15162,1945,0.983306538862094,6,45,178,GJ,Janubhai Dhakalbhai Kakad,IND,,,,,False,45,2022,AE
1306613,Ganvit Kalpeshbhai Maganbhai,IND,15162,1677,0.847817514484181,7,45,178,GJ,Ganvit Kalpeshbhai Maganbhai,IND,,,,,False,45,2022,AE
1306614,Ratilal Vajirbhai Thakrya,BSP,15163,1461,0.738617405284071,8,45,178,GJ,Ratilal Vajirbhai Thakrya,BSP,,,,,False,45,2022,AE
1306615,Barat Anandbhai Dubiyabhai,CPI(ML)(L),15234,890,0.45,9,45,178,GJ,Barat Anandbhai Dubiyabhai,CPI(ML)(L),,,,,False,45,2022,AE
1306616,Sureshbhai Ballubhai Patel,BTP,15232,882,0.45,10,45,178,GJ,Sureshbhai Ballubhai Patel,BTP,,,,,False,45,2022,AE
1306663,Bharatbhai Kikubhai Patel,BJP,15159,126323,71.754862310279,1,45,179,GJ,Bharatbhai Kikubhai Patel,BJP,,,,,True,45,2022,AE
1306664,Rajeshbhai Mangubhai Patel,AAAP,15172,22547,12.8073025538489,2,45,179,GJ,Rajeshbhai Mangubhai Patel,AAAP,,,,,False,45,2022,AE
1306665,Kamalbhai Shantilal Patel,INC,15160,21522,12.225074979551,3,45,179,GJ,Kamalbhai Shantilal Patel,INC,,,,,False,45,2022,AE
1306666,Nota,NOTA,15161,2815,1.59899572843769,4,45,179,GJ,Nota,NOTA,,,,,True,45,2022,AE
1306667,Hemantkumar Gopalbhai Tandel,RSPS,15204,880,0.499863673543579,5,45,179,GJ,Hemantkumar Gopalbhai Tandel,RSPS,,,,,False,45,2022,AE
1306668,Mahesh Vinayakray Acharya,PRJVJP,15178,819,0.47,6,45,179,GJ,Mahesh Vinayakray Acharya,PRJVJP,,,,,False,45,2022,AE
1306669,Kamleshbhai Bharatbhai Yogi,SP,15176,807,0.458397709715532,7,45,179,GJ,Kamleshbhai Bharatbhai Yogi,SP,,,,,False,45,2022,AE
1306670,Rajeshbhai Thakorbhai Gohil,BRPP,15323,335,0.19,8,45,179,GJ,Rajeshbhai Thakorbhai Gohil,BRPP,,,,,False,45,2022,AE
1306723,Kanubhai Mohanlal Desai,BJP,15159,121968,73.4340004334946,1,45,180,GJ,Kanubhai Mohanlal Desai,BJP,,,,,False,45,2022,AE
1306724,Jayshreeben Patel,INC,15160,24804,14.9338920598222,2,45,180,GJ,Jayshreeben Patel,INC,,,,,False,45,2022,AE
1306725,Ketanbhai Kishorbhai Patel,AAAP,15172,15306,9.215374611661,3,45,180,GJ,Ketanbhai Kishorbhai Patel,AAAP,,,,,False,45,2022,AE
1306726,Nota,NOTA,15161,2316,1.39440791850299,4,45,180,GJ,Nota,NOTA,,,,,True,45,2022,AE
1306727,Pravinkumar Bholaprasad Singh,IND,15162,784,0.472027550995833,5,45,180,GJ,Pravinkumar Bholaprasad Singh,IND,,,,,False,45,2022,AE
1306728,Patel Navinkumar Shankarbhai,IND,15162,460,0.27695494063531,6,45,180,GJ,Patel Navinkumar Shankarbhai,IND,,,,,True,45,2022,AE
1306729,Sanjaybhai Parsottambhai Parmar,RSPS,15204,454,0.273342484887893,7,45,180,GJ,Sanjaybhai Parsottambhai Parmar,RSPS,,,,,False,45,2022,AE
1306789,Jitubhai Harjibhai Chaudhari,BJP,15159,90999,42.6444538169548,1,45,181,GJ,Jitubhai Harjibhai Chaudhari,BJP,,,,,False,45,2022,AE
1306790,Vasantbhai Barjulbhai Patel,INC,15160,58031,27.1948076292234,2,45,181,GJ,Vasantbhai Barjulbhai Patel,INC,,,,,False,45,2022,AE
1306791,Jayendrabhai Laxmanbhai Ganvit,AAAP,15172,53168,24.9158817189184,3,45,181,GJ,Jayendrabhai Laxmanbhai Ganvit,AAAP,,,,,False,45,2022,AE
1306792,Nota,NOTA,15161,4020,1.88387459581048,4,45,181,GJ,Nota,NOTA,,,,,True,45,2022,AE
1306793,Vaichandbhai Lallubhai Patel,BSP,15163,2545,1.19265195182529,5,45,181,GJ,Vaichandbhai Lallubhai Patel,BSP,,,,,False,45,2022,AE
1306794,Gaurangkumar Rameshbhai Patel,IND,15162,1964,0.920380523923332,6,45,181,GJ,Gaurangkumar Rameshbhai Patel,IND,,,,,False,45,2022,AE
1306795,Gurav Kamleshbhai Shravanbhai,CPI(ML)(L),15234,1464,0.69,7,45,181,GJ,Gurav Kamleshbhai Shravanbhai,CPI(ML)(L),,,,,True,45,2022,AE
1306796,Subhashbhai Radkabhai Patel,RSPS,15204,1199,0.561882000093725,8,45,181,GJ,Subhashbhai Radkabhai Patel,RSPS,,,,,False,45,2022,AE
1306846,Patkar Ramanlal Nanubhai,BJP,15159,110088,63.5472586845842,1,45,182,GJ,Patkar Ramanlal Nanubhai,BJP,,,,,True,45,2022,AE
1306847,Nareshbhai Vajirbhai Vadvi,INC,15160,45302,26.150151814267,2,45,182,GJ,Nareshbhai Vajirbhai Vadvi,INC,,,,,False,45,2022,AE
1306848,Ashokbhai Mohanbhai Patel,AAAP,15172,10676,6.16262021034645,3,45,182,GJ,Ashokbhai Mohanbhai Patel,AAAP,,,,,False,45,2022,AE
1306849,Nota,NOTA,15161,2772,1.60011083018737,4,45,182,GJ,Nota,NOTA,,,,,True,45,2022,AE
1306850,Vaghat Ravindrabhai Somabhai,BTP,15232,1858,1.07,5,45,182,GJ,Vaghat Ravindrabhai Somabhai,BTP,,,,,False,45,2022,AE
1306851,Bochal Hasmukhbhai Ramanbhai,CPI(M),15239,1778,1.03,6,45,182,GJ,Bochal Hasmukhbhai Ramanbhai,CPI(M),,,,,False,45,2022,AE
1306852,Mohanbhai Raviyabhai Kohkeriya,CPI(ML)(L),15234,764,0.44,7,45,182,GJ,Mohanbhai Raviyabhai Kohkeriya,CPI(ML)(L),,,,,False,45,2022,AE
