el_res_id,ca_full_name,party_abb,party_id,el_vote_count,el_vote_perc,el_rank,el_id,ac_no,state_abb,original_ca_full_name,original_party_abb,caste,caste_category,gender,age,incumbency,el_id,el_year,el_type
1503574,Yogender Chandoliya,BJP,16207,90136,56.43,1,53,1,DL,Yogender Chandoliya,BJP,,,,,True,53,2024,GE
1503575,Udit Raj,INC,16205,64170,40.17,2,53,1,DL,Udit Raj,INC,,,,,False,53,2024,GE
1503576,Vijay Bauddh,BSP,16206,1615,1.01,3,53,1,DL,Vijay Bauddh,BSP,,,,,False,53,2024,GE
1503577,None Of The Above,NOTA,16294,799,0.5,4,53,1,DL,None Of The Above,NOTA,,,,,False,53,2024,GE
1503578,Suresh Kumar,PPID,16397,389,0.24,5,53,1,DL,Suresh Kumar,PPID,,,,,False,53,2024,GE
1503579,Sanjay Kumar Siwal,RJSPS,16404,360,0.23,6,53,1,DL,Sanjay Kumar Siwal,RJSPS,,,,,False,53,2024,GE
1503580,Subhash,ASSP,16359,258,0.16,7,53,1,DL,Subhash,ASSP,,,,,False,53,2024,GE
1503581,Rajender Sood,AJPty,16460,201,0.13,8,53,1,DL,Rajender Sood,AJPty,,,,,False,53,2024,GE
1503582,Praveen Gautam,NRCP,16461,190,0.12,9,53,1,DL,Praveen Gautam,NRCP,,,,,False,53,2024,GE
1503583,Parmendra Manjhi,IND,16208,160,0.1,10,53,1,DL,Parmendra Manjhi,IND,,,,,False,53,2024,GE
1503584,K M Kajal,PuPP,16462,149,0.09,11,53,1,DL,K M Kajal,PuPP,,,,,False,53,2024,GE
1503585,Naresh Kumar,IND,16208,144,0.09,12,53,1,DL,Naresh Kumar,IND,,,,,False,53,2024,GE
1503586,Advocate Satish Chandra,APoI,16435,137,0.09,13,53,1,DL,Advocate Satish Chandra,APoI,,,,,False,53,2024,GE
1503587,Advocate Dr. Mahender Singh Churiyana,BHUDRP,16430,130,0.08,14,53,1,DL,Advocate Dr. Mahender Singh Churiyana,BHUDRP,,,,,False,53,2024,GE
1503588,Chander Pal Soni,IND,16208,120,0.08,15,53,1,DL,Chander Pal Soni,IND,,,,,False,53,2024,GE
1503589,Aditi,IND,16208,112,0.07,16,53,1,DL,Aditi,IND,,,,,False,53,2024,GE
1503590,Pooja (Bhagtani),BJJP,16463,89,0.06,17,53,1,DL,Pooja (Bhagtani),BJJP,,,,,False,53,2024,GE
1503591,Adv. Krupal,PRCP,16464,81,0.05,18,53,1,DL,Adv. Krupal,PRCP,,,,,False,53,2024,GE
1503592,Nand Ram Bagri,VPI,16408,70,0.04,19,53,1,DL,Nand Ram Bagri,VPI,,,,,False,53,2024,GE
1503593,Naresh Kumar,RSPS,16424,63,0.04,20,53,1,DL,Naresh Kumar,RSPS,,,,,False,53,2024,GE
1503594,Shyam Bharteey,GaAP,16465,62,0.04,21,53,1,DL,Shyam Bharteey,GaAP,,,,,False,53,2024,GE
1503595,Preeti,SamAP,16466,60,0.04,22,53,1,DL,Preeti,SamAP,,,,,False,53,2024,GE
1503596,Hari Kishan (Mechanic),IND,16208,58,0.04,23,53,1,DL,Hari Kishan (Mechanic),IND,,,,,False,53,2024,GE
1503597,Pushpa Nagra,IND,16208,49,0.03,24,53,1,DL,Pushpa Nagra,IND,,,,,False,53,2024,GE
1503598,Pradeep Kumar,IND,16208,48,0.03,25,53,1,DL,Pradeep Kumar,IND,,,,,False,53,2024,GE
1503599,Satya Prakash Uttrakhandi,IND,16208,47,0.03,26,53,1,DL,Satya Prakash Uttrakhandi,IND,,,,,False,53,2024,GE
1503600,Khilkhilakar,BSSSSP,16467,41,0.03,27,53,1,DL,Khilkhilakar,BSSSSP,,,,,False,53,2024,GE
1503601,Manoj Tiwari,BJP,16207,146951,63.41,1,53,2,DL,Manoj Tiwari,BJP,,,,,True,53,2024,GE
1503602,Kanhaiya Kumar,INC,16205,76735,33.11,2,53,2,DL,Kanhaiya Kumar,INC,,,,,False,53,2024,GE
1503603,Ashok Kumar,BSP,16206,1696,0.73,3,53,2,DL,Ashok Kumar,BSP,,,,,False,53,2024,GE
1503604,None Of The Above,NOTA,16294,1295,0.56,4,53,2,DL,None Of The Above,NOTA,,,,,False,53,2024,GE
1503605,Akeshan Dut,IND,16208,816,0.35,5,53,2,DL,Akeshan Dut,IND,,,,,False,53,2024,GE
1503606,Sunita,NRCP,16461,500,0.22,6,53,2,DL,Sunita,NRCP,,,,,False,53,2024,GE
1503607,Ajay Tiwari,RTORP,16385,411,0.18,7,53,2,DL,Ajay Tiwari,RTORP,,,,,False,53,2024,GE
1503608,Sushil Choudhary,AAPP,16382,365,0.16,8,53,2,DL,Sushil Choudhary,AAPP,,,,,False,53,2024,GE
1503609,Akash Srivastav,JIHNDNTLP,16468,313,0.14,9,53,2,DL,Akash Srivastav,JIHNDNTLP,,,,,False,53,2024,GE
1503611,Sanjeev Kumar Pandey,BHLBP,16469,267,0.12,10,53,2,DL,Sanjeev Kumar Pandey,BHLBP,,,,,False,53,2024,GE
1503610,Subhash,RJ,16337,267,0.12,10,53,2,DL,Subhash,RJ,,,,,False,53,2024,GE
1503612,Saroj Kumar Ray,IND,16208,226,0.1,12,53,2,DL,Saroj Kumar Ray,IND,,,,,False,53,2024,GE
1503613,Sanjeev Kumar,PuPP,16462,196,0.08,13,53,2,DL,Sanjeev Kumar,PuPP,,,,,False,53,2024,GE
1503614,Prakash Devi,SUCI,16299,178,0.08,14,53,2,DL,Prakash Devi,SUCI,,,,,False,53,2024,GE
1503615,Adv. Bhim Kishor,PPID,16397,161,0.07,15,53,2,DL,Adv. Bhim Kishor,PPID,,,,,False,53,2024,GE
1503616,Nivedita Sharma “Prem”,RSTJLKPS,16470,152,0.07,16,53,2,DL,Nivedita Sharma “Prem”,RSTJLKPS,,,,,False,53,2024,GE
1503617,Vijay Kumar Jha,IND,16208,148,0.06,17,53,2,DL,Vijay Kumar Jha,IND,,,,,False,53,2024,GE
1503618,Lakshya Vashist (Shyam),JDKRP,16455,135,0.06,18,53,2,DL,Lakshya Vashist (Shyam),JDKRP,,,,,False,53,2024,GE
1503619,Dr. Rajesh Kumar Singh,IND,16208,123,0.05,19,53,2,DL,Dr. Rajesh Kumar Singh,IND,,,,,False,53,2024,GE
1503620,Manoj Kumar,IND,16208,117,0.05,20,53,2,DL,Manoj Kumar,IND,,,,,False,53,2024,GE
1503621,Babita Yadav,ASPKR,16471,111,0.05,21,53,2,DL,Babita Yadav,ASPKR,,,,,False,53,2024,GE
1503622,Adv. K.T. Paluskar,PRCP,16464,100,0.04,22,53,2,DL,Adv. K.T. Paluskar,PRCP,,,,,False,53,2024,GE
1503623,Kanhi Lal,SWAJANPA,16472,89,0.04,23,53,2,DL,Kanhi Lal,SWAJANPA,,,,,False,53,2024,GE
1503624,Ravi Kiran Thilak Thatikonda,IND,16208,82,0.04,24,53,2,DL,Ravi Kiran Thilak Thatikonda,IND,,,,,False,53,2024,GE
1503625,Ishwar Chand,BDPty,16473,78,0.03,25,53,2,DL,Ishwar Chand,BDPty,,,,,False,53,2024,GE
1503626,Yogesh Swamy,IND,16208,66,0.03,26,53,2,DL,Yogesh Swamy,IND,,,,,False,53,2024,GE
1503627,Jagdish,RSPS,16424,66,0.03,26,53,2,DL,Jagdish,RSPS,,,,,False,53,2024,GE
1503628,Ashok Mishra,IND,16208,61,0.03,28,53,2,DL,Ashok Mishra,IND,,,,,False,53,2024,GE
1503629,Birpal Singh Koli,IND,16208,48,0.02,29,53,2,DL,Birpal Singh Koli,IND,,,,,False,53,2024,GE
1503630,Manoj Tiwari,BJP,16207,63429,54.47,1,53,3,DL,Manoj Tiwari,BJP,,,,,True,53,2024,GE
1503631,Kanhaiya Kumar,INC,16205,49860,42.82,2,53,3,DL,Kanhaiya Kumar,INC,,,,,False,53,2024,GE
1503632,None Of The Above,NOTA,16294,791,0.68,3,53,3,DL,None Of The Above,NOTA,,,,,False,53,2024,GE
1503633,Ashok Kumar,BSP,16206,536,0.46,4,53,3,DL,Ashok Kumar,BSP,,,,,False,53,2024,GE
1503634,Akeshan Dut,IND,16208,327,0.28,5,53,3,DL,Akeshan Dut,IND,,,,,False,53,2024,GE
1503635,Sunita,NRCP,16461,183,0.16,6,53,3,DL,Sunita,NRCP,,,,,False,53,2024,GE
1503636,Ajay Tiwari,RTORP,16385,159,0.14,7,53,3,DL,Ajay Tiwari,RTORP,,,,,False,53,2024,GE
1503637,Akash Srivastav,JIHNDNTLP,16468,153,0.13,8,53,3,DL,Akash Srivastav,JIHNDNTLP,,,,,False,53,2024,GE
1503638,Sushil Choudhary,AAPP,16382,117,0.1,9,53,3,DL,Sushil Choudhary,AAPP,,,,,False,53,2024,GE
1503639,Subhash,RJ,16337,106,0.09,10,53,3,DL,Subhash,RJ,,,,,False,53,2024,GE
1503640,Sanjeev Kumar Pandey,BHLBP,16469,89,0.08,11,53,3,DL,Sanjeev Kumar Pandey,BHLBP,,,,,False,53,2024,GE
1503641,Saroj Kumar Ray,IND,16208,69,0.06,12,53,3,DL,Saroj Kumar Ray,IND,,,,,False,53,2024,GE
1503642,Sanjeev Kumar,PuPP,16462,58,0.05,13,53,3,DL,Sanjeev Kumar,PuPP,,,,,False,53,2024,GE
1503643,Babita Yadav,ASPKR,16471,58,0.05,13,53,3,DL,Babita Yadav,ASPKR,,,,,False,53,2024,GE
1503644,Adv. Bhim Kishor,PPID,16397,54,0.05,15,53,3,DL,Adv. Bhim Kishor,PPID,,,,,False,53,2024,GE
1503645,Prakash Devi,SUCI,16299,54,0.05,15,53,3,DL,Prakash Devi,SUCI,,,,,False,53,2024,GE
1503646,Lakshya Vashist (Shyam),JDKRP,16455,46,0.04,17,53,3,DL,Lakshya Vashist (Shyam),JDKRP,,,,,False,53,2024,GE
1503648,Kanhi Lal,SWAJANPA,16472,46,0.04,17,53,3,DL,Kanhi Lal,SWAJANPA,,,,,False,53,2024,GE
1503647,Dr. Rajesh Kumar Singh,IND,16208,46,0.04,17,53,3,DL,Dr. Rajesh Kumar Singh,IND,,,,,False,53,2024,GE
1503649,Vijay Kumar Jha,IND,16208,39,0.03,20,53,3,DL,Vijay Kumar Jha,IND,,,,,False,53,2024,GE
1503650,Manoj Kumar,IND,16208,33,0.03,21,53,3,DL,Manoj Kumar,IND,,,,,False,53,2024,GE
1503651,Ishwar Chand,BDPty,16473,28,0.02,22,53,3,DL,Ishwar Chand,BDPty,,,,,False,53,2024,GE
1503652,Jagdish,RSPS,16424,28,0.02,22,53,3,DL,Jagdish,RSPS,,,,,False,53,2024,GE
1503654,Ravi Kiran Thilak Thatikonda,IND,16208,27,0.02,24,53,3,DL,Ravi Kiran Thilak Thatikonda,IND,,,,,False,53,2024,GE
1503653,Nivedita Sharma “Prem”,RSTJLKPS,16470,27,0.02,24,53,3,DL,Nivedita Sharma “Prem”,RSTJLKPS,,,,,False,53,2024,GE
1503656,Adv. K.T. Paluskar,PRCP,16464,25,0.02,26,53,3,DL,Adv. K.T. Paluskar,PRCP,,,,,False,53,2024,GE
1503655,Ashok Mishra,IND,16208,25,0.02,26,53,3,DL,Ashok Mishra,IND,,,,,False,53,2024,GE
1503657,Birpal Singh Koli,IND,16208,20,0.02,28,53,3,DL,Birpal Singh Koli,IND,,,,,False,53,2024,GE
1503658,Yogesh Swamy,IND,16208,16,0.01,29,53,3,DL,Yogesh Swamy,IND,,,,,False,53,2024,GE
1503659,Praveen Khandelwal,BJP,16207,58240,62.57,1,53,4,DL,Praveen Khandelwal,BJP,,,,,True,53,2024,GE
1503660,Jai Prakash Agarwal,INC,16205,32511,34.93,2,53,4,DL,Jai Prakash Agarwal,INC,,,,,False,53,2024,GE
1503661,Abul Kalam Azad,BSP,16206,658,0.71,3,53,4,DL,Abul Kalam Azad,BSP,,,,,False,53,2024,GE
1503662,None Of The Above,NOTA,16294,480,0.52,4,53,4,DL,None Of The Above,NOTA,,,,,False,53,2024,GE
1503663,Umesh Rathor,ATBP,16316,194,0.21,5,53,4,DL,Umesh Rathor,ATBP,,,,,False,53,2024,GE
1503665,Satya Dev Chaudhary,SatBP,16378,108,0.12,6,53,4,DL,Satya Dev Chaudhary,SatBP,,,,,False,53,2024,GE
1503664,Md Nazir,AaSaP,16474,108,0.12,6,53,4,DL,Md Nazir,AaSaP,,,,,False,53,2024,GE
1503666,Shaik Jaleel,NRCP,16461,101,0.11,8,53,4,DL,Shaik Jaleel,NRCP,,,,,False,53,2024,GE
1503667,Seema Rizvi,AZSP,16475,83,0.09,9,53,4,DL,Seema Rizvi,AZSP,,,,,False,53,2024,GE
1503669,Vinod Kumar Gupta,AKBRPRVP,16476,67,0.07,10,53,4,DL,Vinod Kumar Gupta,AKBRPRVP,,,,,False,53,2024,GE
1503668,Ritu Kaushik,SUCI,16299,67,0.07,10,53,4,DL,Ritu Kaushik,SUCI,,,,,False,53,2024,GE
1503670,Soharsh Gulgulia Jain,SBNP,16477,62,0.07,12,53,4,DL,Soharsh Gulgulia Jain,SBNP,,,,,False,53,2024,GE
1503671,Guljar Singh,PPID,16397,51,0.05,13,53,4,DL,Guljar Singh,PPID,,,,,False,53,2024,GE
1503672,Sameer Mirza,RTPP,16433,47,0.05,14,53,4,DL,Sameer Mirza,RTPP,,,,,False,53,2024,GE
1503673,Shyam Bharteey,GaAP,16465,38,0.04,15,53,4,DL,Shyam Bharteey,GaAP,,,,,False,53,2024,GE
1503674,Yogender Singh,BHLBP,16469,37,0.04,16,53,4,DL,Yogender Singh,BHLBP,,,,,False,53,2024,GE
1503675,Manoj Kumar Nigam,ABSPARTY,16301,37,0.04,16,53,4,DL,Manoj Kumar Nigam,ABSPARTY,,,,,False,53,2024,GE
1503676,Shivam Saini,RTORP,16385,36,0.04,18,53,4,DL,Shivam Saini,RTORP,,,,,False,53,2024,GE
1503677,Rahul Sharma,RMGLMP,16478,32,0.03,19,53,4,DL,Rahul Sharma,RMGLMP,,,,,False,53,2024,GE
1503678,Sunil Kumar,IND,16208,29,0.03,20,53,4,DL,Sunil Kumar,IND,,,,,False,53,2024,GE
1503679,Pyush Narula,IND,16208,22,0.02,21,53,4,DL,Pyush Narula,IND,,,,,False,53,2024,GE
1503680,Mohd Hamid,BHRJWNKP,16479,17,0.02,22,53,4,DL,Mohd Hamid,BHRJWNKP,,,,,False,53,2024,GE
1503681,Subhash Chander,IND,16208,16,0.02,23,53,4,DL,Subhash Chander,IND,,,,,False,53,2024,GE
1503682,Ashok Kumar Gupta,IND,16208,16,0.02,23,53,4,DL,Ashok Kumar Gupta,IND,,,,,False,53,2024,GE
1503683,Rajesh Gupta,BLokSP,16388,14,0.02,25,53,4,DL,Rajesh Gupta,BLokSP,,,,,False,53,2024,GE
1503684,Heena,PuPP,16462,13,0.01,26,53,4,DL,Heena,PuPP,,,,,False,53,2024,GE
1503685,Yogender Chandoliya,BJP,16207,75623,57.18,1,53,5,DL,Yogender Chandoliya,BJP,,,,,True,53,2024,GE
1503686,Udit Raj,INC,16205,52704,39.85,2,53,5,DL,Udit Raj,INC,,,,,False,53,2024,GE
1503687,Vijay Bauddh,BSP,16206,1070,0.81,3,53,5,DL,Vijay Bauddh,BSP,,,,,False,53,2024,GE
1503688,None Of The Above,NOTA,16294,566,0.43,4,53,5,DL,None Of The Above,NOTA,,,,,False,53,2024,GE
1503689,Suresh Kumar,PPID,16397,270,0.2,5,53,5,DL,Suresh Kumar,PPID,,,,,False,53,2024,GE
1503690,Sanjay Kumar Siwal,RJSPS,16404,225,0.17,6,53,5,DL,Sanjay Kumar Siwal,RJSPS,,,,,False,53,2024,GE
1503691,Subhash,ASSP,16359,224,0.17,7,53,5,DL,Subhash,ASSP,,,,,False,53,2024,GE
1503692,Praveen Gautam,NRCP,16461,164,0.12,8,53,5,DL,Praveen Gautam,NRCP,,,,,False,53,2024,GE
1503693,Advocate Satish Chandra,APoI,16435,154,0.12,9,53,5,DL,Advocate Satish Chandra,APoI,,,,,False,53,2024,GE
1503694,K M Kajal,PuPP,16462,133,0.1,10,53,5,DL,K M Kajal,PuPP,,,,,False,53,2024,GE
1503695,Parmendra Manjhi,IND,16208,121,0.09,11,53,5,DL,Parmendra Manjhi,IND,,,,,False,53,2024,GE
1503696,Rajender Sood,AJPty,16460,118,0.09,12,53,5,DL,Rajender Sood,AJPty,,,,,False,53,2024,GE
1503697,Advocate Dr. Mahender Singh Churiyana,BHUDRP,16430,109,0.08,13,53,5,DL,Advocate Dr. Mahender Singh Churiyana,BHUDRP,,,,,False,53,2024,GE
1503698,Naresh Kumar,IND,16208,104,0.08,14,53,5,DL,Naresh Kumar,IND,,,,,False,53,2024,GE
1503699,Chander Pal Soni,IND,16208,82,0.06,15,53,5,DL,Chander Pal Soni,IND,,,,,False,53,2024,GE
1503700,Shyam Bharteey,GaAP,16465,76,0.06,16,53,5,DL,Shyam Bharteey,GaAP,,,,,False,53,2024,GE
1503701,Adv. Krupal,PRCP,16464,73,0.06,17,53,5,DL,Adv. Krupal,PRCP,,,,,False,53,2024,GE
1503702,Aditi,IND,16208,67,0.05,18,53,5,DL,Aditi,IND,,,,,False,53,2024,GE
1503703,Preeti,SamAP,16466,56,0.04,19,53,5,DL,Preeti,SamAP,,,,,False,53,2024,GE
1503704,Nand Ram Bagri,VPI,16408,55,0.04,20,53,5,DL,Nand Ram Bagri,VPI,,,,,False,53,2024,GE
1503705,Hari Kishan (Mechanic),IND,16208,46,0.03,21,53,5,DL,Hari Kishan (Mechanic),IND,,,,,False,53,2024,GE
1503706,Pooja (Bhagtani),BJJP,16463,45,0.03,22,53,5,DL,Pooja (Bhagtani),BJJP,,,,,False,53,2024,GE
1503707,Satya Prakash Uttrakhandi,IND,16208,41,0.03,23,53,5,DL,Satya Prakash Uttrakhandi,IND,,,,,False,53,2024,GE
1503708,Naresh Kumar,RSPS,16424,35,0.03,24,53,5,DL,Naresh Kumar,RSPS,,,,,False,53,2024,GE
1503709,Pushpa Nagra,IND,16208,34,0.03,25,53,5,DL,Pushpa Nagra,IND,,,,,False,53,2024,GE
1503711,Pradeep Kumar,IND,16208,27,0.02,26,53,5,DL,Pradeep Kumar,IND,,,,,False,53,2024,GE
1503710,Khilkhilakar,BSSSSP,16467,27,0.02,26,53,5,DL,Khilkhilakar,BSSSSP,,,,,False,53,2024,GE
1503712,Yogender Chandoliya,BJP,16207,110084,64.8,1,53,6,DL,Yogender Chandoliya,BJP,,,,,True,53,2024,GE
1503713,Udit Raj,INC,16205,55324,32.56,2,53,6,DL,Udit Raj,INC,,,,,False,53,2024,GE
1503714,None Of The Above,NOTA,16294,1285,0.76,3,53,6,DL,None Of The Above,NOTA,,,,,False,53,2024,GE
1503715,Vijay Bauddh,BSP,16206,975,0.57,4,53,6,DL,Vijay Bauddh,BSP,,,,,False,53,2024,GE
1503716,Sanjay Kumar Siwal,RJSPS,16404,286,0.17,5,53,6,DL,Sanjay Kumar Siwal,RJSPS,,,,,False,53,2024,GE
1503717,Suresh Kumar,PPID,16397,261,0.15,6,53,6,DL,Suresh Kumar,PPID,,,,,False,53,2024,GE
1503718,Subhash,ASSP,16359,204,0.12,7,53,6,DL,Subhash,ASSP,,,,,False,53,2024,GE
1503719,K M Kajal,PuPP,16462,150,0.09,8,53,6,DL,K M Kajal,PuPP,,,,,False,53,2024,GE
1503720,Naresh Kumar,IND,16208,126,0.07,9,53,6,DL,Naresh Kumar,IND,,,,,False,53,2024,GE
1503721,Rajender Sood,AJPty,16460,124,0.07,10,53,6,DL,Rajender Sood,AJPty,,,,,False,53,2024,GE
1503722,Praveen Gautam,NRCP,16461,102,0.06,11,53,6,DL,Praveen Gautam,NRCP,,,,,False,53,2024,GE
1503723,Advocate Satish Chandra,APoI,16435,101,0.06,12,53,6,DL,Advocate Satish Chandra,APoI,,,,,False,53,2024,GE
1503724,Hari Kishan (Mechanic),IND,16208,98,0.06,13,53,6,DL,Hari Kishan (Mechanic),IND,,,,,False,53,2024,GE
1503725,Parmendra Manjhi,IND,16208,89,0.05,14,53,6,DL,Parmendra Manjhi,IND,,,,,False,53,2024,GE
1503726,Advocate Dr. Mahender Singh Churiyana,BHUDRP,16430,86,0.05,15,53,6,DL,Advocate Dr. Mahender Singh Churiyana,BHUDRP,,,,,False,53,2024,GE
1503727,Chander Pal Soni,IND,16208,77,0.05,16,53,6,DL,Chander Pal Soni,IND,,,,,False,53,2024,GE
1503728,Adv. Krupal,PRCP,16464,63,0.04,17,53,6,DL,Adv. Krupal,PRCP,,,,,False,53,2024,GE
1503729,Aditi,IND,16208,61,0.04,18,53,6,DL,Aditi,IND,,,,,False,53,2024,GE
1503730,Shyam Bharteey,GaAP,16465,59,0.03,19,53,6,DL,Shyam Bharteey,GaAP,,,,,False,53,2024,GE
1503731,Pooja (Bhagtani),BJJP,16463,53,0.03,20,53,6,DL,Pooja (Bhagtani),BJJP,,,,,False,53,2024,GE
1503732,Nand Ram Bagri,VPI,16408,50,0.03,21,53,6,DL,Nand Ram Bagri,VPI,,,,,False,53,2024,GE
1503733,Khilkhilakar,BSSSSP,16467,47,0.03,22,53,6,DL,Khilkhilakar,BSSSSP,,,,,False,53,2024,GE
1503734,Satya Prakash Uttrakhandi,IND,16208,46,0.03,23,53,6,DL,Satya Prakash Uttrakhandi,IND,,,,,False,53,2024,GE
1503735,Preeti,SamAP,16466,42,0.02,24,53,6,DL,Preeti,SamAP,,,,,False,53,2024,GE
1503736,Naresh Kumar,RSPS,16424,36,0.02,25,53,6,DL,Naresh Kumar,RSPS,,,,,False,53,2024,GE
1503737,Pushpa Nagra,IND,16208,34,0.02,26,53,6,DL,Pushpa Nagra,IND,,,,,False,53,2024,GE
1503738,Pradeep Kumar,IND,16208,30,0.02,27,53,6,DL,Pradeep Kumar,IND,,,,,False,53,2024,GE
1503739,Yogender Chandoliya,BJP,16207,117586,56.79,1,53,7,DL,Yogender Chandoliya,BJP,,,,,True,53,2024,GE
1503740,Udit Raj,INC,16205,82896,40.03,2,53,7,DL,Udit Raj,INC,,,,,False,53,2024,GE
1503741,Vijay Bauddh,BSP,16206,1967,0.95,3,53,7,DL,Vijay Bauddh,BSP,,,,,False,53,2024,GE
1503742,None Of The Above,NOTA,16294,1244,0.6,4,53,7,DL,None Of The Above,NOTA,,,,,False,53,2024,GE
1503743,Sanjay Kumar Siwal,RJSPS,16404,415,0.2,5,53,7,DL,Sanjay Kumar Siwal,RJSPS,,,,,False,53,2024,GE
1503744,Suresh Kumar,PPID,16397,366,0.18,6,53,7,DL,Suresh Kumar,PPID,,,,,False,53,2024,GE
1503745,Subhash,ASSP,16359,315,0.15,7,53,7,DL,Subhash,ASSP,,,,,False,53,2024,GE
1503746,Naresh Kumar,IND,16208,210,0.1,8,53,7,DL,Naresh Kumar,IND,,,,,False,53,2024,GE
1503747,Rajender Sood,AJPty,16460,208,0.1,9,53,7,DL,Rajender Sood,AJPty,,,,,False,53,2024,GE
1503748,Praveen Gautam,NRCP,16461,200,0.1,10,53,7,DL,Praveen Gautam,NRCP,,,,,False,53,2024,GE
1503749,Parmendra Manjhi,IND,16208,174,0.08,11,53,7,DL,Parmendra Manjhi,IND,,,,,False,53,2024,GE
1503750,Advocate Satish Chandra,APoI,16435,169,0.08,12,53,7,DL,Advocate Satish Chandra,APoI,,,,,False,53,2024,GE
1503751,K M Kajal,PuPP,16462,165,0.08,13,53,7,DL,K M Kajal,PuPP,,,,,False,53,2024,GE
1503752,Aditi,IND,16208,145,0.07,14,53,7,DL,Aditi,IND,,,,,False,53,2024,GE
1503753,Advocate Dr. Mahender Singh Churiyana,BHUDRP,16430,142,0.07,15,53,7,DL,Advocate Dr. Mahender Singh Churiyana,BHUDRP,,,,,False,53,2024,GE
1503754,Naresh Kumar,RSPS,16424,142,0.07,15,53,7,DL,Naresh Kumar,RSPS,,,,,False,53,2024,GE
1503755,Chander Pal Soni,IND,16208,114,0.06,17,53,7,DL,Chander Pal Soni,IND,,,,,False,53,2024,GE
1503756,Adv. Krupal,PRCP,16464,81,0.04,18,53,7,DL,Adv. Krupal,PRCP,,,,,False,53,2024,GE
1503757,Hari Kishan (Mechanic),IND,16208,74,0.04,19,53,7,DL,Hari Kishan (Mechanic),IND,,,,,False,53,2024,GE
1503758,Shyam Bharteey,GaAP,16465,72,0.03,20,53,7,DL,Shyam Bharteey,GaAP,,,,,False,53,2024,GE
1503759,Pooja (Bhagtani),BJJP,16463,70,0.03,21,53,7,DL,Pooja (Bhagtani),BJJP,,,,,False,53,2024,GE
1503760,Nand Ram Bagri,VPI,16408,69,0.03,22,53,7,DL,Nand Ram Bagri,VPI,,,,,False,53,2024,GE
1503761,Preeti,SamAP,16466,55,0.03,23,53,7,DL,Preeti,SamAP,,,,,False,53,2024,GE
1503762,Pushpa Nagra,IND,16208,52,0.03,24,53,7,DL,Pushpa Nagra,IND,,,,,False,53,2024,GE
1503763,Satya Prakash Uttrakhandi,IND,16208,48,0.02,25,53,7,DL,Satya Prakash Uttrakhandi,IND,,,,,False,53,2024,GE
1503764,Khilkhilakar,BSSSSP,16467,46,0.02,26,53,7,DL,Khilkhilakar,BSSSSP,,,,,False,53,2024,GE
1503765,Pradeep Kumar,IND,16208,39,0.02,27,53,7,DL,Pradeep Kumar,IND,,,,,False,53,2024,GE
1503766,Yogender Chandoliya,BJP,16207,95515,57.15,1,53,8,DL,Yogender Chandoliya,BJP,,,,,True,53,2024,GE
1503767,Udit Raj,INC,16205,66781,39.96,2,53,8,DL,Udit Raj,INC,,,,,False,53,2024,GE
1503768,Vijay Bauddh,BSP,16206,1091,0.65,3,53,8,DL,Vijay Bauddh,BSP,,,,,False,53,2024,GE
1503769,None Of The Above,NOTA,16294,997,0.6,4,53,8,DL,None Of The Above,NOTA,,,,,False,53,2024,GE
1503770,Sanjay Kumar Siwal,RJSPS,16404,331,0.2,5,53,8,DL,Sanjay Kumar Siwal,RJSPS,,,,,False,53,2024,GE
1503771,Suresh Kumar,PPID,16397,306,0.18,6,53,8,DL,Suresh Kumar,PPID,,,,,False,53,2024,GE
1503772,Subhash,ASSP,16359,263,0.16,7,53,8,DL,Subhash,ASSP,,,,,False,53,2024,GE
1503773,Rajender Sood,AJPty,16460,186,0.11,8,53,8,DL,Rajender Sood,AJPty,,,,,False,53,2024,GE
1503774,Naresh Kumar,IND,16208,172,0.1,9,53,8,DL,Naresh Kumar,IND,,,,,False,53,2024,GE
1503776,Advocate Satish Chandra,APoI,16435,143,0.09,10,53,8,DL,Advocate Satish Chandra,APoI,,,,,False,53,2024,GE
1503775,K M Kajal,PuPP,16462,143,0.09,10,53,8,DL,K M Kajal,PuPP,,,,,False,53,2024,GE
1503777,Praveen Gautam,NRCP,16461,140,0.08,12,53,8,DL,Praveen Gautam,NRCP,,,,,False,53,2024,GE
1503778,Parmendra Manjhi,IND,16208,136,0.08,13,53,8,DL,Parmendra Manjhi,IND,,,,,False,53,2024,GE
1503779,Chander Pal Soni,IND,16208,111,0.07,14,53,8,DL,Chander Pal Soni,IND,,,,,False,53,2024,GE
1503780,Advocate Dr. Mahender Singh Churiyana,BHUDRP,16430,101,0.06,15,53,8,DL,Advocate Dr. Mahender Singh Churiyana,BHUDRP,,,,,False,53,2024,GE
1503781,Aditi,IND,16208,94,0.06,16,53,8,DL,Aditi,IND,,,,,False,53,2024,GE
1503782,Adv. Krupal,PRCP,16464,77,0.05,17,53,8,DL,Adv. Krupal,PRCP,,,,,False,53,2024,GE
1503783,Shyam Bharteey,GaAP,16465,72,0.04,18,53,8,DL,Shyam Bharteey,GaAP,,,,,False,53,2024,GE
1503784,Naresh Kumar,RSPS,16424,64,0.04,19,53,8,DL,Naresh Kumar,RSPS,,,,,False,53,2024,GE
1503785,Preeti,SamAP,16466,62,0.04,20,53,8,DL,Preeti,SamAP,,,,,False,53,2024,GE
1503786,Nand Ram Bagri,VPI,16408,61,0.04,21,53,8,DL,Nand Ram Bagri,VPI,,,,,False,53,2024,GE
1503787,Pradeep Kumar,IND,16208,59,0.04,22,53,8,DL,Pradeep Kumar,IND,,,,,False,53,2024,GE
1503788,Hari Kishan (Mechanic),IND,16208,57,0.03,23,53,8,DL,Hari Kishan (Mechanic),IND,,,,,False,53,2024,GE
1503789,Pooja (Bhagtani),BJJP,16463,53,0.03,24,53,8,DL,Pooja (Bhagtani),BJJP,,,,,False,53,2024,GE
1503790,Satya Prakash Uttrakhandi,IND,16208,45,0.03,25,53,8,DL,Satya Prakash Uttrakhandi,IND,,,,,False,53,2024,GE
1503791,Khilkhilakar,BSSSSP,16467,42,0.03,26,53,8,DL,Khilkhilakar,BSSSSP,,,,,False,53,2024,GE
1503792,Pushpa Nagra,IND,16208,32,0.02,27,53,8,DL,Pushpa Nagra,IND,,,,,False,53,2024,GE
1503793,Yogender Chandoliya,BJP,16207,103799,58.0,1,53,9,DL,Yogender Chandoliya,BJP,,,,,True,53,2024,GE
1503794,Udit Raj,INC,16205,68994,38.56,2,53,9,DL,Udit Raj,INC,,,,,False,53,2024,GE
1503795,Vijay Bauddh,BSP,16206,1798,1.0,3,53,9,DL,Vijay Bauddh,BSP,,,,,False,53,2024,GE
1503796,None Of The Above,NOTA,16294,822,0.46,4,53,9,DL,None Of The Above,NOTA,,,,,False,53,2024,GE
1503797,Suresh Kumar,PPID,16397,457,0.26,5,53,9,DL,Suresh Kumar,PPID,,,,,False,53,2024,GE
1503798,Sanjay Kumar Siwal,RJSPS,16404,447,0.25,6,53,9,DL,Sanjay Kumar Siwal,RJSPS,,,,,False,53,2024,GE
1503799,Subhash,ASSP,16359,417,0.23,7,53,9,DL,Subhash,ASSP,,,,,False,53,2024,GE
1503800,Advocate Satish Chandra,APoI,16435,231,0.13,8,53,9,DL,Advocate Satish Chandra,APoI,,,,,False,53,2024,GE
1503801,Rajender Sood,AJPty,16460,199,0.11,9,53,9,DL,Rajender Sood,AJPty,,,,,False,53,2024,GE
1503802,K M Kajal,PuPP,16462,190,0.11,10,53,9,DL,K M Kajal,PuPP,,,,,False,53,2024,GE
1503803,Praveen Gautam,NRCP,16461,174,0.1,11,53,9,DL,Praveen Gautam,NRCP,,,,,False,53,2024,GE
1503804,Advocate Dr. Mahender Singh Churiyana,BHUDRP,16430,156,0.09,12,53,9,DL,Advocate Dr. Mahender Singh Churiyana,BHUDRP,,,,,False,53,2024,GE
1503805,Parmendra Manjhi,IND,16208,132,0.07,13,53,9,DL,Parmendra Manjhi,IND,,,,,False,53,2024,GE
1503806,Chander Pal Soni,IND,16208,130,0.07,14,53,9,DL,Chander Pal Soni,IND,,,,,False,53,2024,GE
1503807,Naresh Kumar,IND,16208,125,0.07,15,53,9,DL,Naresh Kumar,IND,,,,,False,53,2024,GE
1503808,Aditi,IND,16208,105,0.06,16,53,9,DL,Aditi,IND,,,,,False,53,2024,GE
1503809,Shyam Bharteey,GaAP,16465,104,0.06,17,53,9,DL,Shyam Bharteey,GaAP,,,,,False,53,2024,GE
1503810,Adv. Krupal,PRCP,16464,83,0.05,18,53,9,DL,Adv. Krupal,PRCP,,,,,False,53,2024,GE
1503811,Nand Ram Bagri,VPI,16408,79,0.04,19,53,9,DL,Nand Ram Bagri,VPI,,,,,False,53,2024,GE
1503812,Satya Prakash Uttrakhandi,IND,16208,74,0.04,20,53,9,DL,Satya Prakash Uttrakhandi,IND,,,,,False,53,2024,GE
1503813,Hari Kishan (Mechanic),IND,16208,73,0.04,21,53,9,DL,Hari Kishan (Mechanic),IND,,,,,False,53,2024,GE
1503814,Preeti,SamAP,16466,68,0.04,22,53,9,DL,Preeti,SamAP,,,,,False,53,2024,GE
1503815,Pooja (Bhagtani),BJJP,16463,65,0.04,23,53,9,DL,Pooja (Bhagtani),BJJP,,,,,False,53,2024,GE
1503818,Pushpa Nagra,IND,16208,62,0.03,24,53,9,DL,Pushpa Nagra,IND,,,,,False,53,2024,GE
1503816,Khilkhilakar,BSSSSP,16467,62,0.03,24,53,9,DL,Khilkhilakar,BSSSSP,,,,,False,53,2024,GE
1503817,Pradeep Kumar,IND,16208,62,0.03,24,53,9,DL,Pradeep Kumar,IND,,,,,False,53,2024,GE
1503819,Naresh Kumar,RSPS,16424,41,0.02,27,53,9,DL,Naresh Kumar,RSPS,,,,,False,53,2024,GE
1503820,Udit Raj,INC,16205,54957,52.29,1,53,10,DL,Udit Raj,INC,,,,,False,53,2024,GE
1503821,Yogender Chandoliya,BJP,16207,46775,44.51,2,53,10,DL,Yogender Chandoliya,BJP,,,,,True,53,2024,GE
1503822,Vijay Bauddh,BSP,16206,983,0.94,3,53,10,DL,Vijay Bauddh,BSP,,,,,False,53,2024,GE
1503823,None Of The Above,NOTA,16294,366,0.35,4,53,10,DL,None Of The Above,NOTA,,,,,False,53,2024,GE
1503824,Suresh Kumar,PPID,16397,288,0.27,5,53,10,DL,Suresh Kumar,PPID,,,,,False,53,2024,GE
1503825,Sanjay Kumar Siwal,RJSPS,16404,229,0.22,6,53,10,DL,Sanjay Kumar Siwal,RJSPS,,,,,False,53,2024,GE
1503826,Praveen Gautam,NRCP,16461,166,0.16,7,53,10,DL,Praveen Gautam,NRCP,,,,,False,53,2024,GE
1503827,Subhash,ASSP,16359,141,0.13,8,53,10,DL,Subhash,ASSP,,,,,False,53,2024,GE
1503828,Nand Ram Bagri,VPI,16408,131,0.12,9,53,10,DL,Nand Ram Bagri,VPI,,,,,False,53,2024,GE
1503829,Rajender Sood,AJPty,16460,119,0.11,10,53,10,DL,Rajender Sood,AJPty,,,,,False,53,2024,GE
1503830,K M Kajal,PuPP,16462,101,0.1,11,53,10,DL,K M Kajal,PuPP,,,,,False,53,2024,GE
1503831,Naresh Kumar,IND,16208,98,0.09,12,53,10,DL,Naresh Kumar,IND,,,,,False,53,2024,GE
1503832,Parmendra Manjhi,IND,16208,86,0.08,13,53,10,DL,Parmendra Manjhi,IND,,,,,False,53,2024,GE
1503833,Chander Pal Soni,IND,16208,81,0.08,14,53,10,DL,Chander Pal Soni,IND,,,,,False,53,2024,GE
1503834,Advocate Dr. Mahender Singh Churiyana,BHUDRP,16430,77,0.07,15,53,10,DL,Advocate Dr. Mahender Singh Churiyana,BHUDRP,,,,,False,53,2024,GE
1503835,Advocate Satish Chandra,APoI,16435,64,0.06,16,53,10,DL,Advocate Satish Chandra,APoI,,,,,False,53,2024,GE
1503836,Aditi,IND,16208,63,0.06,17,53,10,DL,Aditi,IND,,,,,False,53,2024,GE
1503837,Adv. Krupal,PRCP,16464,55,0.05,18,53,10,DL,Adv. Krupal,PRCP,,,,,False,53,2024,GE
1503838,Hari Kishan (Mechanic),IND,16208,45,0.04,19,53,10,DL,Hari Kishan (Mechanic),IND,,,,,False,53,2024,GE
1503839,Satya Prakash Uttrakhandi,IND,16208,44,0.04,20,53,10,DL,Satya Prakash Uttrakhandi,IND,,,,,False,53,2024,GE
1503840,Shyam Bharteey,GaAP,16465,41,0.04,21,53,10,DL,Shyam Bharteey,GaAP,,,,,False,53,2024,GE
1503841,Preeti,SamAP,16466,39,0.04,22,53,10,DL,Preeti,SamAP,,,,,False,53,2024,GE
1503842,Pooja (Bhagtani),BJJP,16463,38,0.04,23,53,10,DL,Pooja (Bhagtani),BJJP,,,,,False,53,2024,GE
1503843,Pradeep Kumar,IND,16208,33,0.03,24,53,10,DL,Pradeep Kumar,IND,,,,,False,53,2024,GE
1503844,Khilkhilakar,BSSSSP,16467,27,0.03,25,53,10,DL,Khilkhilakar,BSSSSP,,,,,False,53,2024,GE
1503845,Pushpa Nagra,IND,16208,25,0.02,26,53,10,DL,Pushpa Nagra,IND,,,,,False,53,2024,GE
1503846,Naresh Kumar,RSPS,16424,22,0.02,27,53,10,DL,Naresh Kumar,RSPS,,,,,False,53,2024,GE
1503847,Yogender Chandoliya,BJP,16207,85913,61.52,1,53,11,DL,Yogender Chandoliya,BJP,,,,,True,53,2024,GE
1503848,Udit Raj,INC,16205,49544,35.48,2,53,11,DL,Udit Raj,INC,,,,,False,53,2024,GE
1503849,Vijay Bauddh,BSP,16206,1040,0.74,3,53,11,DL,Vijay Bauddh,BSP,,,,,False,53,2024,GE
1503850,None Of The Above,NOTA,16294,848,0.61,4,53,11,DL,None Of The Above,NOTA,,,,,False,53,2024,GE
1503851,Sanjay Kumar Siwal,RJSPS,16404,268,0.19,5,53,11,DL,Sanjay Kumar Siwal,RJSPS,,,,,False,53,2024,GE
1503852,Suresh Kumar,PPID,16397,260,0.19,6,53,11,DL,Suresh Kumar,PPID,,,,,False,53,2024,GE
1503853,Subhash,ASSP,16359,197,0.14,7,53,11,DL,Subhash,ASSP,,,,,False,53,2024,GE
1503854,Rajender Sood,AJPty,16460,168,0.12,8,53,11,DL,Rajender Sood,AJPty,,,,,False,53,2024,GE
1503855,K M Kajal,PuPP,16462,147,0.11,9,53,11,DL,K M Kajal,PuPP,,,,,False,53,2024,GE
1503856,Naresh Kumar,IND,16208,146,0.1,10,53,11,DL,Naresh Kumar,IND,,,,,False,53,2024,GE
1503857,Praveen Gautam,NRCP,16461,130,0.09,11,53,11,DL,Praveen Gautam,NRCP,,,,,False,53,2024,GE
1503858,Parmendra Manjhi,IND,16208,111,0.08,12,53,11,DL,Parmendra Manjhi,IND,,,,,False,53,2024,GE
1503859,Advocate Satish Chandra,APoI,16435,109,0.08,13,53,11,DL,Advocate Satish Chandra,APoI,,,,,False,53,2024,GE
1503860,Advocate Dr. Mahender Singh Churiyana,BHUDRP,16430,102,0.07,14,53,11,DL,Advocate Dr. Mahender Singh Churiyana,BHUDRP,,,,,False,53,2024,GE
1503861,Chander Pal Soni,IND,16208,90,0.06,15,53,11,DL,Chander Pal Soni,IND,,,,,False,53,2024,GE
1503862,Adv. Krupal,PRCP,16464,75,0.05,16,53,11,DL,Adv. Krupal,PRCP,,,,,False,53,2024,GE
1503863,Aditi,IND,16208,70,0.05,17,53,11,DL,Aditi,IND,,,,,False,53,2024,GE
1503864,Shyam Bharteey,GaAP,16465,59,0.04,18,53,11,DL,Shyam Bharteey,GaAP,,,,,False,53,2024,GE
1503865,Nand Ram Bagri,VPI,16408,53,0.04,19,53,11,DL,Nand Ram Bagri,VPI,,,,,False,53,2024,GE
1503866,Preeti,SamAP,16466,53,0.04,19,53,11,DL,Preeti,SamAP,,,,,False,53,2024,GE
1503867,Pradeep Kumar,IND,16208,45,0.03,21,53,11,DL,Pradeep Kumar,IND,,,,,False,53,2024,GE
1503869,Satya Prakash Uttrakhandi,IND,16208,42,0.03,22,53,11,DL,Satya Prakash Uttrakhandi,IND,,,,,False,53,2024,GE
1503868,Pooja (Bhagtani),BJJP,16463,42,0.03,22,53,11,DL,Pooja (Bhagtani),BJJP,,,,,False,53,2024,GE
1503870,Hari Kishan (Mechanic),IND,16208,40,0.03,24,53,11,DL,Hari Kishan (Mechanic),IND,,,,,False,53,2024,GE
1503871,Naresh Kumar,RSPS,16424,38,0.03,25,53,11,DL,Naresh Kumar,RSPS,,,,,False,53,2024,GE
1503872,Pushpa Nagra,IND,16208,29,0.02,26,53,11,DL,Pushpa Nagra,IND,,,,,False,53,2024,GE
1503873,Khilkhilakar,BSSSSP,16467,26,0.02,27,53,11,DL,Khilkhilakar,BSSSSP,,,,,False,53,2024,GE
1503874,Yogender Chandoliya,BJP,16207,62374,53.81,1,53,12,DL,Yogender Chandoliya,BJP,,,,,True,53,2024,GE
1503875,Udit Raj,INC,16205,50053,43.18,2,53,12,DL,Udit Raj,INC,,,,,False,53,2024,GE
1503876,Vijay Bauddh,BSP,16206,1041,0.9,3,53,12,DL,Vijay Bauddh,BSP,,,,,False,53,2024,GE
1503877,None Of The Above,NOTA,16294,735,0.63,4,53,12,DL,None Of The Above,NOTA,,,,,False,53,2024,GE
1503878,Sanjay Kumar Siwal,RJSPS,16404,218,0.19,5,53,12,DL,Sanjay Kumar Siwal,RJSPS,,,,,False,53,2024,GE
1503879,Suresh Kumar,PPID,16397,199,0.17,6,53,12,DL,Suresh Kumar,PPID,,,,,False,53,2024,GE
1503880,Subhash,ASSP,16359,173,0.15,7,53,12,DL,Subhash,ASSP,,,,,False,53,2024,GE
1503881,Praveen Gautam,NRCP,16461,146,0.13,8,53,12,DL,Praveen Gautam,NRCP,,,,,False,53,2024,GE
1503882,K M Kajal,PuPP,16462,89,0.08,9,53,12,DL,K M Kajal,PuPP,,,,,False,53,2024,GE
1503883,Rajender Sood,AJPty,16460,84,0.07,10,53,12,DL,Rajender Sood,AJPty,,,,,False,53,2024,GE
1503885,Advocate Satish Chandra,APoI,16435,82,0.07,11,53,12,DL,Advocate Satish Chandra,APoI,,,,,False,53,2024,GE
1503884,Naresh Kumar,IND,16208,82,0.07,11,53,12,DL,Naresh Kumar,IND,,,,,False,53,2024,GE
1503886,Advocate Dr. Mahender Singh Churiyana,BHUDRP,16430,69,0.06,13,53,12,DL,Advocate Dr. Mahender Singh Churiyana,BHUDRP,,,,,False,53,2024,GE
1503887,Parmendra Manjhi,IND,16208,58,0.05,14,53,12,DL,Parmendra Manjhi,IND,,,,,False,53,2024,GE
1503889,Adv. Krupal,PRCP,16464,55,0.05,15,53,12,DL,Adv. Krupal,PRCP,,,,,False,53,2024,GE
1503888,Chander Pal Soni,IND,16208,55,0.05,15,53,12,DL,Chander Pal Soni,IND,,,,,False,53,2024,GE
1503890,Shyam Bharteey,GaAP,16465,52,0.04,17,53,12,DL,Shyam Bharteey,GaAP,,,,,False,53,2024,GE
1503891,Nand Ram Bagri,VPI,16408,48,0.04,18,53,12,DL,Nand Ram Bagri,VPI,,,,,False,53,2024,GE
1503892,Aditi,IND,16208,45,0.04,19,53,12,DL,Aditi,IND,,,,,False,53,2024,GE
1503893,Naresh Kumar,RSPS,16424,40,0.03,20,53,12,DL,Naresh Kumar,RSPS,,,,,False,53,2024,GE
1503894,Preeti,SamAP,16466,40,0.03,20,53,12,DL,Preeti,SamAP,,,,,False,53,2024,GE
1503895,Hari Kishan (Mechanic),IND,16208,37,0.03,22,53,12,DL,Hari Kishan (Mechanic),IND,,,,,False,53,2024,GE
1503896,Pooja (Bhagtani),BJJP,16463,33,0.03,23,53,12,DL,Pooja (Bhagtani),BJJP,,,,,False,53,2024,GE
1503898,Khilkhilakar,BSSSSP,16467,31,0.03,24,53,12,DL,Khilkhilakar,BSSSSP,,,,,False,53,2024,GE
1503897,Satya Prakash Uttrakhandi,IND,16208,31,0.03,24,53,12,DL,Satya Prakash Uttrakhandi,IND,,,,,False,53,2024,GE
1503899,Pushpa Nagra,IND,16208,23,0.02,26,53,12,DL,Pushpa Nagra,IND,,,,,False,53,2024,GE
1503900,Pradeep Kumar,IND,16208,18,0.02,27,53,12,DL,Pradeep Kumar,IND,,,,,False,53,2024,GE
1503901,Yogender Chandoliya,BJP,16207,75450,70.54,1,53,13,DL,Yogender Chandoliya,BJP,,,,,True,53,2024,GE
1503902,Udit Raj,INC,16205,29028,27.14,2,53,13,DL,Udit Raj,INC,,,,,False,53,2024,GE
1503903,None Of The Above,NOTA,16294,1255,1.17,3,53,13,DL,None Of The Above,NOTA,,,,,False,53,2024,GE
1503904,Vijay Bauddh,BSP,16206,375,0.35,4,53,13,DL,Vijay Bauddh,BSP,,,,,False,53,2024,GE
1503905,Sanjay Kumar Siwal,RJSPS,16404,87,0.08,5,53,13,DL,Sanjay Kumar Siwal,RJSPS,,,,,False,53,2024,GE
1503906,Suresh Kumar,PPID,16397,73,0.07,6,53,13,DL,Suresh Kumar,PPID,,,,,False,53,2024,GE
1503907,K M Kajal,PuPP,16462,67,0.06,7,53,13,DL,K M Kajal,PuPP,,,,,False,53,2024,GE
1503908,Naresh Kumar,IND,16208,63,0.06,8,53,13,DL,Naresh Kumar,IND,,,,,False,53,2024,GE
1503909,Rajender Sood,AJPty,16460,61,0.06,9,53,13,DL,Rajender Sood,AJPty,,,,,False,53,2024,GE
1503910,Subhash,ASSP,16359,58,0.05,10,53,13,DL,Subhash,ASSP,,,,,False,53,2024,GE
1503911,Advocate Satish Chandra,APoI,16435,46,0.04,11,53,13,DL,Advocate Satish Chandra,APoI,,,,,False,53,2024,GE
1503913,Advocate Dr. Mahender Singh Churiyana,BHUDRP,16430,43,0.04,12,53,13,DL,Advocate Dr. Mahender Singh Churiyana,BHUDRP,,,,,False,53,2024,GE
1503912,Praveen Gautam,NRCP,16461,43,0.04,12,53,13,DL,Praveen Gautam,NRCP,,,,,False,53,2024,GE
1503914,Parmendra Manjhi,IND,16208,35,0.03,14,53,13,DL,Parmendra Manjhi,IND,,,,,False,53,2024,GE
1503915,Shyam Bharteey,GaAP,16465,32,0.03,15,53,13,DL,Shyam Bharteey,GaAP,,,,,False,53,2024,GE
1503916,Chander Pal Soni,IND,16208,31,0.03,16,53,13,DL,Chander Pal Soni,IND,,,,,False,53,2024,GE
1503917,Adv. Krupal,PRCP,16464,30,0.03,17,53,13,DL,Adv. Krupal,PRCP,,,,,False,53,2024,GE
1503918,Aditi,IND,16208,28,0.03,18,53,13,DL,Aditi,IND,,,,,False,53,2024,GE
1503919,Khilkhilakar,BSSSSP,16467,23,0.02,19,53,13,DL,Khilkhilakar,BSSSSP,,,,,False,53,2024,GE
1503920,Nand Ram Bagri,VPI,16408,22,0.02,20,53,13,DL,Nand Ram Bagri,VPI,,,,,False,53,2024,GE
1503921,Preeti,SamAP,16466,20,0.02,21,53,13,DL,Preeti,SamAP,,,,,False,53,2024,GE
1503922,Hari Kishan (Mechanic),IND,16208,19,0.02,22,53,13,DL,Hari Kishan (Mechanic),IND,,,,,False,53,2024,GE
1503923,Naresh Kumar,RSPS,16424,18,0.02,23,53,13,DL,Naresh Kumar,RSPS,,,,,False,53,2024,GE
1503924,Pooja (Bhagtani),BJJP,16463,16,0.01,24,53,13,DL,Pooja (Bhagtani),BJJP,,,,,False,53,2024,GE
1503925,Satya Prakash Uttrakhandi,IND,16208,15,0.01,25,53,13,DL,Satya Prakash Uttrakhandi,IND,,,,,False,53,2024,GE
1503926,Pushpa Nagra,IND,16208,13,0.01,26,53,13,DL,Pushpa Nagra,IND,,,,,False,53,2024,GE
1503927,Pradeep Kumar,IND,16208,10,0.01,27,53,13,DL,Pradeep Kumar,IND,,,,,False,53,2024,GE
1503928,Praveen Khandelwal,BJP,16207,72134,66.14,1,53,14,DL,Praveen Khandelwal,BJP,,,,,True,53,2024,GE
1503929,Jai Prakash Agarwal,INC,16205,33903,31.09,2,53,14,DL,Jai Prakash Agarwal,INC,,,,,False,53,2024,GE
1503930,None Of The Above,NOTA,16294,944,0.87,3,53,14,DL,None Of The Above,NOTA,,,,,False,53,2024,GE
1503931,Abul Kalam Azad,BSP,16206,850,0.78,4,53,14,DL,Abul Kalam Azad,BSP,,,,,False,53,2024,GE
1503932,Umesh Rathor,ATBP,16316,197,0.18,5,53,14,DL,Umesh Rathor,ATBP,,,,,False,53,2024,GE
1503933,Md Nazir,AaSaP,16474,110,0.1,6,53,14,DL,Md Nazir,AaSaP,,,,,False,53,2024,GE
1503934,Ritu Kaushik,SUCI,16299,93,0.09,7,53,14,DL,Ritu Kaushik,SUCI,,,,,False,53,2024,GE
1503935,Shaik Jaleel,NRCP,16461,88,0.08,8,53,14,DL,Shaik Jaleel,NRCP,,,,,False,53,2024,GE
1503936,Seema Rizvi,AZSP,16475,83,0.08,9,53,14,DL,Seema Rizvi,AZSP,,,,,False,53,2024,GE
1503937,Satya Dev Chaudhary,SatBP,16378,77,0.07,10,53,14,DL,Satya Dev Chaudhary,SatBP,,,,,False,53,2024,GE
1503938,Shyam Bharteey,GaAP,16465,64,0.06,11,53,14,DL,Shyam Bharteey,GaAP,,,,,False,53,2024,GE
1503940,Manoj Kumar Nigam,ABSPARTY,16301,60,0.06,12,53,14,DL,Manoj Kumar Nigam,ABSPARTY,,,,,False,53,2024,GE
1503939,Soharsh Gulgulia Jain,SBNP,16477,60,0.06,12,53,14,DL,Soharsh Gulgulia Jain,SBNP,,,,,False,53,2024,GE
1503941,Sameer Mirza,RTPP,16433,47,0.04,14,53,14,DL,Sameer Mirza,RTPP,,,,,False,53,2024,GE
1503942,Vinod Kumar Gupta,AKBRPRVP,16476,45,0.04,15,53,14,DL,Vinod Kumar Gupta,AKBRPRVP,,,,,False,53,2024,GE
1503943,Yogender Singh,BHLBP,16469,43,0.04,16,53,14,DL,Yogender Singh,BHLBP,,,,,False,53,2024,GE
1503944,Guljar Singh,PPID,16397,42,0.04,17,53,14,DL,Guljar Singh,PPID,,,,,False,53,2024,GE
1503945,Shivam Saini,RTORP,16385,34,0.03,18,53,14,DL,Shivam Saini,RTORP,,,,,False,53,2024,GE
1503946,Sunil Kumar,IND,16208,32,0.03,19,53,14,DL,Sunil Kumar,IND,,,,,False,53,2024,GE
1503947,Rajesh Gupta,BLokSP,16388,29,0.03,20,53,14,DL,Rajesh Gupta,BLokSP,,,,,False,53,2024,GE
1503948,Rahul Sharma,RMGLMP,16478,26,0.02,21,53,14,DL,Rahul Sharma,RMGLMP,,,,,False,53,2024,GE
1503949,Mohd Hamid,BHRJWNKP,16479,25,0.02,22,53,14,DL,Mohd Hamid,BHRJWNKP,,,,,False,53,2024,GE
1503950,Subhash Chander,IND,16208,24,0.02,23,53,14,DL,Subhash Chander,IND,,,,,False,53,2024,GE
1503951,Heena,PuPP,16462,19,0.02,24,53,14,DL,Heena,PuPP,,,,,False,53,2024,GE
1503952,Pyush Narula,IND,16208,17,0.02,25,53,14,DL,Pyush Narula,IND,,,,,False,53,2024,GE
1503953,Ashok Kumar Gupta,IND,16208,16,0.01,26,53,14,DL,Ashok Kumar Gupta,IND,,,,,False,53,2024,GE
1503954,Praveen Khandelwal,BJP,16207,63264,66.32,1,53,15,DL,Praveen Khandelwal,BJP,,,,,True,53,2024,GE
1503955,Jai Prakash Agarwal,INC,16205,29934,31.38,2,53,15,DL,Jai Prakash Agarwal,INC,,,,,False,53,2024,GE
1503956,None Of The Above,NOTA,16294,919,0.96,3,53,15,DL,None Of The Above,NOTA,,,,,False,53,2024,GE
1503957,Abul Kalam Azad,BSP,16206,354,0.37,4,53,15,DL,Abul Kalam Azad,BSP,,,,,False,53,2024,GE
1503958,Umesh Rathor,ATBP,16316,164,0.17,5,53,15,DL,Umesh Rathor,ATBP,,,,,False,53,2024,GE
1503959,Md Nazir,AaSaP,16474,85,0.09,6,53,15,DL,Md Nazir,AaSaP,,,,,False,53,2024,GE
1503960,Ritu Kaushik,SUCI,16299,72,0.08,7,53,15,DL,Ritu Kaushik,SUCI,,,,,False,53,2024,GE
1503962,Satya Dev Chaudhary,SatBP,16378,55,0.06,8,53,15,DL,Satya Dev Chaudhary,SatBP,,,,,False,53,2024,GE
1503961,Seema Rizvi,AZSP,16475,55,0.06,8,53,15,DL,Seema Rizvi,AZSP,,,,,False,53,2024,GE
1503963,Shaik Jaleel,NRCP,16461,52,0.05,10,53,15,DL,Shaik Jaleel,NRCP,,,,,False,53,2024,GE
1503964,Guljar Singh,PPID,16397,52,0.05,10,53,15,DL,Guljar Singh,PPID,,,,,False,53,2024,GE
1503965,Sameer Mirza,RTPP,16433,45,0.05,12,53,15,DL,Sameer Mirza,RTPP,,,,,False,53,2024,GE
1503966,Yogender Singh,BHLBP,16469,41,0.04,13,53,15,DL,Yogender Singh,BHLBP,,,,,False,53,2024,GE
1503967,Shyam Bharteey,GaAP,16465,39,0.04,14,53,15,DL,Shyam Bharteey,GaAP,,,,,False,53,2024,GE
1503968,Rajesh Gupta,BLokSP,16388,35,0.04,15,53,15,DL,Rajesh Gupta,BLokSP,,,,,False,53,2024,GE
1503969,Soharsh Gulgulia Jain,SBNP,16477,33,0.03,16,53,15,DL,Soharsh Gulgulia Jain,SBNP,,,,,False,53,2024,GE
1503970,Sunil Kumar,IND,16208,27,0.03,17,53,15,DL,Sunil Kumar,IND,,,,,False,53,2024,GE
1503973,Subhash Chander,IND,16208,26,0.03,18,53,15,DL,Subhash Chander,IND,,,,,False,53,2024,GE
1503972,Manoj Kumar Nigam,ABSPARTY,16301,26,0.03,18,53,15,DL,Manoj Kumar Nigam,ABSPARTY,,,,,False,53,2024,GE
1503971,Shivam Saini,RTORP,16385,26,0.03,18,53,15,DL,Shivam Saini,RTORP,,,,,False,53,2024,GE
1503974,Rahul Sharma,RMGLMP,16478,23,0.02,21,53,15,DL,Rahul Sharma,RMGLMP,,,,,False,53,2024,GE
1503975,Vinod Kumar Gupta,AKBRPRVP,16476,22,0.02,22,53,15,DL,Vinod Kumar Gupta,AKBRPRVP,,,,,False,53,2024,GE
1503976,Heena,PuPP,16462,14,0.01,23,53,15,DL,Heena,PuPP,,,,,False,53,2024,GE
1503977,Ashok Kumar Gupta,IND,16208,13,0.01,24,53,15,DL,Ashok Kumar Gupta,IND,,,,,False,53,2024,GE
1503978,Pyush Narula,IND,16208,12,0.01,25,53,15,DL,Pyush Narula,IND,,,,,False,53,2024,GE
1503979,Mohd Hamid,BHRJWNKP,16479,7,0.01,26,53,15,DL,Mohd Hamid,BHRJWNKP,,,,,False,53,2024,GE
1503980,Praveen Khandelwal,BJP,16207,64991,61.07,1,53,16,DL,Praveen Khandelwal,BJP,,,,,True,53,2024,GE
1503981,Jai Prakash Agarwal,INC,16205,39080,36.73,2,53,16,DL,Jai Prakash Agarwal,INC,,,,,False,53,2024,GE
1503982,None Of The Above,NOTA,16294,741,0.7,3,53,16,DL,None Of The Above,NOTA,,,,,False,53,2024,GE
1503983,Abul Kalam Azad,BSP,16206,455,0.43,4,53,16,DL,Abul Kalam Azad,BSP,,,,,False,53,2024,GE
1503984,Umesh Rathor,ATBP,16316,176,0.17,5,53,16,DL,Umesh Rathor,ATBP,,,,,False,53,2024,GE
1503985,Md Nazir,AaSaP,16474,129,0.12,6,53,16,DL,Md Nazir,AaSaP,,,,,False,53,2024,GE
1503986,Shaik Jaleel,NRCP,16461,97,0.09,7,53,16,DL,Shaik Jaleel,NRCP,,,,,False,53,2024,GE
1503987,Seema Rizvi,AZSP,16475,80,0.08,8,53,16,DL,Seema Rizvi,AZSP,,,,,False,53,2024,GE
1503988,Ritu Kaushik,SUCI,16299,67,0.06,9,53,16,DL,Ritu Kaushik,SUCI,,,,,False,53,2024,GE
1503989,Satya Dev Chaudhary,SatBP,16378,66,0.06,10,53,16,DL,Satya Dev Chaudhary,SatBP,,,,,False,53,2024,GE
1503990,Yogender Singh,BHLBP,16469,59,0.06,11,53,16,DL,Yogender Singh,BHLBP,,,,,False,53,2024,GE
1503991,Guljar Singh,PPID,16397,52,0.05,12,53,16,DL,Guljar Singh,PPID,,,,,False,53,2024,GE
1503992,Shyam Bharteey,GaAP,16465,50,0.05,13,53,16,DL,Shyam Bharteey,GaAP,,,,,False,53,2024,GE
1503993,Sameer Mirza,RTPP,16433,48,0.05,14,53,16,DL,Sameer Mirza,RTPP,,,,,False,53,2024,GE
1503994,Soharsh Gulgulia Jain,SBNP,16477,41,0.04,15,53,16,DL,Soharsh Gulgulia Jain,SBNP,,,,,False,53,2024,GE
1503996,Rahul Sharma,RMGLMP,16478,37,0.03,16,53,16,DL,Rahul Sharma,RMGLMP,,,,,False,53,2024,GE
1503995,Manoj Kumar Nigam,ABSPARTY,16301,37,0.03,16,53,16,DL,Manoj Kumar Nigam,ABSPARTY,,,,,False,53,2024,GE
1503997,Vinod Kumar Gupta,AKBRPRVP,16476,35,0.03,18,53,16,DL,Vinod Kumar Gupta,AKBRPRVP,,,,,False,53,2024,GE
1503998,Shivam Saini,RTORP,16385,30,0.03,19,53,16,DL,Shivam Saini,RTORP,,,,,False,53,2024,GE
1503999,Rajesh Gupta,BLokSP,16388,26,0.02,20,53,16,DL,Rajesh Gupta,BLokSP,,,,,False,53,2024,GE
1504000,Pyush Narula,IND,16208,22,0.02,21,53,16,DL,Pyush Narula,IND,,,,,False,53,2024,GE
1504001,Sunil Kumar,IND,16208,21,0.02,22,53,16,DL,Sunil Kumar,IND,,,,,False,53,2024,GE
1504002,Subhash Chander,IND,16208,20,0.02,23,53,16,DL,Subhash Chander,IND,,,,,False,53,2024,GE
1504003,Mohd Hamid,BHRJWNKP,16479,20,0.02,23,53,16,DL,Mohd Hamid,BHRJWNKP,,,,,False,53,2024,GE
1504004,Ashok Kumar Gupta,IND,16208,17,0.02,25,53,16,DL,Ashok Kumar Gupta,IND,,,,,False,53,2024,GE
1504005,Heena,PuPP,16462,15,0.01,26,53,16,DL,Heena,PuPP,,,,,False,53,2024,GE
1504006,Praveen Khandelwal,BJP,16207,59895,59.35,1,53,17,DL,Praveen Khandelwal,BJP,,,,,True,53,2024,GE
1504007,Jai Prakash Agarwal,INC,16205,37960,37.62,2,53,17,DL,Jai Prakash Agarwal,INC,,,,,False,53,2024,GE
1504008,Abul Kalam Azad,BSP,16206,1112,1.1,3,53,17,DL,Abul Kalam Azad,BSP,,,,,False,53,2024,GE
1504009,None Of The Above,NOTA,16294,650,0.64,4,53,17,DL,None Of The Above,NOTA,,,,,False,53,2024,GE
1504010,Umesh Rathor,ATBP,16316,176,0.17,5,53,17,DL,Umesh Rathor,ATBP,,,,,False,53,2024,GE
1504011,Shaik Jaleel,NRCP,16461,137,0.14,6,53,17,DL,Shaik Jaleel,NRCP,,,,,False,53,2024,GE
1504012,Seema Rizvi,AZSP,16475,105,0.1,7,53,17,DL,Seema Rizvi,AZSP,,,,,False,53,2024,GE
1504013,Ritu Kaushik,SUCI,16299,102,0.1,8,53,17,DL,Ritu Kaushik,SUCI,,,,,False,53,2024,GE
1504014,Satya Dev Chaudhary,SatBP,16378,92,0.09,9,53,17,DL,Satya Dev Chaudhary,SatBP,,,,,False,53,2024,GE
1504015,Md Nazir,AaSaP,16474,82,0.08,10,53,17,DL,Md Nazir,AaSaP,,,,,False,53,2024,GE
1504016,Rajesh Gupta,BLokSP,16388,59,0.06,11,53,17,DL,Rajesh Gupta,BLokSP,,,,,False,53,2024,GE
1504017,Soharsh Gulgulia Jain,SBNP,16477,56,0.06,12,53,17,DL,Soharsh Gulgulia Jain,SBNP,,,,,False,53,2024,GE
1504018,Shyam Bharteey,GaAP,16465,49,0.05,13,53,17,DL,Shyam Bharteey,GaAP,,,,,False,53,2024,GE
1504019,Shivam Saini,RTORP,16385,47,0.05,14,53,17,DL,Shivam Saini,RTORP,,,,,False,53,2024,GE
1504020,Sameer Mirza,RTPP,16433,44,0.04,15,53,17,DL,Sameer Mirza,RTPP,,,,,False,53,2024,GE
1504021,Vinod Kumar Gupta,AKBRPRVP,16476,43,0.04,16,53,17,DL,Vinod Kumar Gupta,AKBRPRVP,,,,,False,53,2024,GE
1504022,Pyush Narula,IND,16208,42,0.04,17,53,17,DL,Pyush Narula,IND,,,,,False,53,2024,GE
1504023,Guljar Singh,PPID,16397,37,0.04,18,53,17,DL,Guljar Singh,PPID,,,,,False,53,2024,GE
1504024,Yogender Singh,BHLBP,16469,36,0.04,19,53,17,DL,Yogender Singh,BHLBP,,,,,False,53,2024,GE
1504025,Manoj Kumar Nigam,ABSPARTY,16301,33,0.03,20,53,17,DL,Manoj Kumar Nigam,ABSPARTY,,,,,False,53,2024,GE
1504026,Mohd Hamid,BHRJWNKP,16479,31,0.03,21,53,17,DL,Mohd Hamid,BHRJWNKP,,,,,False,53,2024,GE
1504027,Sunil Kumar,IND,16208,29,0.03,22,53,17,DL,Sunil Kumar,IND,,,,,False,53,2024,GE
1504028,Rahul Sharma,RMGLMP,16478,28,0.03,23,53,17,DL,Rahul Sharma,RMGLMP,,,,,False,53,2024,GE
1504029,Subhash Chander,IND,16208,25,0.02,24,53,17,DL,Subhash Chander,IND,,,,,False,53,2024,GE
1504030,Heena,PuPP,16462,25,0.02,24,53,17,DL,Heena,PuPP,,,,,False,53,2024,GE
1504031,Ashok Kumar Gupta,IND,16208,17,0.02,26,53,17,DL,Ashok Kumar Gupta,IND,,,,,False,53,2024,GE
1504032,Praveen Khandelwal,BJP,16207,57110,62.08,1,53,18,DL,Praveen Khandelwal,BJP,,,,,True,53,2024,GE
1504033,Jai Prakash Agarwal,INC,16205,32322,35.14,2,53,18,DL,Jai Prakash Agarwal,INC,,,,,False,53,2024,GE
1504034,None Of The Above,NOTA,16294,661,0.72,3,53,18,DL,None Of The Above,NOTA,,,,,False,53,2024,GE
1504035,Abul Kalam Azad,BSP,16206,641,0.7,4,53,18,DL,Abul Kalam Azad,BSP,,,,,False,53,2024,GE
1504036,Umesh Rathor,ATBP,16316,173,0.19,5,53,18,DL,Umesh Rathor,ATBP,,,,,False,53,2024,GE
1504037,Satya Dev Chaudhary,SatBP,16378,129,0.14,6,53,18,DL,Satya Dev Chaudhary,SatBP,,,,,False,53,2024,GE
1504038,Shaik Jaleel,NRCP,16461,113,0.12,7,53,18,DL,Shaik Jaleel,NRCP,,,,,False,53,2024,GE
1504039,Seema Rizvi,AZSP,16475,106,0.12,8,53,18,DL,Seema Rizvi,AZSP,,,,,False,53,2024,GE
1504040,Md Nazir,AaSaP,16474,102,0.11,9,53,18,DL,Md Nazir,AaSaP,,,,,False,53,2024,GE
1504041,Ritu Kaushik,SUCI,16299,68,0.07,10,53,18,DL,Ritu Kaushik,SUCI,,,,,False,53,2024,GE
1504042,Soharsh Gulgulia Jain,SBNP,16477,64,0.07,11,53,18,DL,Soharsh Gulgulia Jain,SBNP,,,,,False,53,2024,GE
1504043,Shyam Bharteey,GaAP,16465,59,0.06,12,53,18,DL,Shyam Bharteey,GaAP,,,,,False,53,2024,GE
1504044,Sameer Mirza,RTPP,16433,57,0.06,13,53,18,DL,Sameer Mirza,RTPP,,,,,False,53,2024,GE
1504045,Guljar Singh,PPID,16397,51,0.06,14,53,18,DL,Guljar Singh,PPID,,,,,False,53,2024,GE
1504046,Yogender Singh,BHLBP,16469,41,0.04,15,53,18,DL,Yogender Singh,BHLBP,,,,,False,53,2024,GE
1504047,Vinod Kumar Gupta,AKBRPRVP,16476,40,0.04,16,53,18,DL,Vinod Kumar Gupta,AKBRPRVP,,,,,False,53,2024,GE
1504049,Subhash Chander,IND,16208,35,0.04,17,53,18,DL,Subhash Chander,IND,,,,,False,53,2024,GE
1504048,Shivam Saini,RTORP,16385,35,0.04,17,53,18,DL,Shivam Saini,RTORP,,,,,False,53,2024,GE
1504050,Rajesh Gupta,BLokSP,16388,30,0.03,19,53,18,DL,Rajesh Gupta,BLokSP,,,,,False,53,2024,GE
1504051,Rahul Sharma,RMGLMP,16478,29,0.03,20,53,18,DL,Rahul Sharma,RMGLMP,,,,,False,53,2024,GE
1504052,Manoj Kumar Nigam,ABSPARTY,16301,27,0.03,21,53,18,DL,Manoj Kumar Nigam,ABSPARTY,,,,,False,53,2024,GE
1504054,Mohd Hamid,BHRJWNKP,16479,25,0.03,22,53,18,DL,Mohd Hamid,BHRJWNKP,,,,,False,53,2024,GE
1504053,Sunil Kumar,IND,16208,25,0.03,22,53,18,DL,Sunil Kumar,IND,,,,,False,53,2024,GE
1504055,Heena,PuPP,16462,19,0.02,24,53,18,DL,Heena,PuPP,,,,,False,53,2024,GE
1504056,Ashok Kumar Gupta,IND,16208,16,0.02,25,53,18,DL,Ashok Kumar Gupta,IND,,,,,False,53,2024,GE
1504057,Pyush Narula,IND,16208,15,0.02,26,53,18,DL,Pyush Narula,IND,,,,,False,53,2024,GE
1504058,Praveen Khandelwal,BJP,16207,60455,53.23,1,53,19,DL,Praveen Khandelwal,BJP,,,,,True,53,2024,GE
1504059,Jai Prakash Agarwal,INC,16205,50078,44.09,2,53,19,DL,Jai Prakash Agarwal,INC,,,,,False,53,2024,GE
1504060,Abul Kalam Azad,BSP,16206,1048,0.92,3,53,19,DL,Abul Kalam Azad,BSP,,,,,False,53,2024,GE
1504061,None Of The Above,NOTA,16294,536,0.47,4,53,19,DL,None Of The Above,NOTA,,,,,False,53,2024,GE
1504062,Umesh Rathor,ATBP,16316,266,0.23,5,53,19,DL,Umesh Rathor,ATBP,,,,,False,53,2024,GE
1504063,Md Nazir,AaSaP,16474,157,0.14,6,53,19,DL,Md Nazir,AaSaP,,,,,False,53,2024,GE
1504064,Seema Rizvi,AZSP,16475,129,0.11,7,53,19,DL,Seema Rizvi,AZSP,,,,,False,53,2024,GE
1504065,Shaik Jaleel,NRCP,16461,111,0.1,8,53,19,DL,Shaik Jaleel,NRCP,,,,,False,53,2024,GE
1504066,Satya Dev Chaudhary,SatBP,16378,93,0.08,9,53,19,DL,Satya Dev Chaudhary,SatBP,,,,,False,53,2024,GE
1504067,Ritu Kaushik,SUCI,16299,89,0.08,10,53,19,DL,Ritu Kaushik,SUCI,,,,,False,53,2024,GE
1504068,Sameer Mirza,RTPP,16433,86,0.08,11,53,19,DL,Sameer Mirza,RTPP,,,,,False,53,2024,GE
1504069,Soharsh Gulgulia Jain,SBNP,16477,61,0.05,12,53,19,DL,Soharsh Gulgulia Jain,SBNP,,,,,False,53,2024,GE
1504070,Yogender Singh,BHLBP,16469,59,0.05,13,53,19,DL,Yogender Singh,BHLBP,,,,,False,53,2024,GE
1504072,Shivam Saini,RTORP,16385,45,0.04,14,53,19,DL,Shivam Saini,RTORP,,,,,False,53,2024,GE
1504071,Guljar Singh,PPID,16397,45,0.04,14,53,19,DL,Guljar Singh,PPID,,,,,False,53,2024,GE
1504073,Shyam Bharteey,GaAP,16465,43,0.04,16,53,19,DL,Shyam Bharteey,GaAP,,,,,False,53,2024,GE
1504074,Vinod Kumar Gupta,AKBRPRVP,16476,42,0.04,17,53,19,DL,Vinod Kumar Gupta,AKBRPRVP,,,,,False,53,2024,GE
1504075,Rahul Sharma,RMGLMP,16478,38,0.03,18,53,19,DL,Rahul Sharma,RMGLMP,,,,,False,53,2024,GE
1504076,Manoj Kumar Nigam,ABSPARTY,16301,36,0.03,19,53,19,DL,Manoj Kumar Nigam,ABSPARTY,,,,,False,53,2024,GE
1504077,Sunil Kumar,IND,16208,32,0.03,20,53,19,DL,Sunil Kumar,IND,,,,,False,53,2024,GE
1504078,Subhash Chander,IND,16208,28,0.02,21,53,19,DL,Subhash Chander,IND,,,,,False,53,2024,GE
1504079,Heena,PuPP,16462,27,0.02,22,53,19,DL,Heena,PuPP,,,,,False,53,2024,GE
1504080,Rajesh Gupta,BLokSP,16388,22,0.02,23,53,19,DL,Rajesh Gupta,BLokSP,,,,,False,53,2024,GE
1504081,Mohd Hamid,BHRJWNKP,16479,16,0.01,24,53,19,DL,Mohd Hamid,BHRJWNKP,,,,,False,53,2024,GE
1504082,Ashok Kumar Gupta,IND,16208,14,0.01,25,53,19,DL,Ashok Kumar Gupta,IND,,,,,False,53,2024,GE
1504083,Pyush Narula,IND,16208,13,0.01,26,53,19,DL,Pyush Narula,IND,,,,,False,53,2024,GE
1504084,Jai Prakash Agarwal,INC,16205,42512,59.94,1,53,20,DL,Jai Prakash Agarwal,INC,,,,,False,53,2024,GE
1504085,Praveen Khandelwal,BJP,16207,27134,38.26,2,53,20,DL,Praveen Khandelwal,BJP,,,,,True,53,2024,GE
1504086,None Of The Above,NOTA,16294,287,0.4,3,53,20,DL,None Of The Above,NOTA,,,,,False,53,2024,GE
1504087,Abul Kalam Azad,BSP,16206,204,0.29,4,53,20,DL,Abul Kalam Azad,BSP,,,,,False,53,2024,GE
1504088,Seema Rizvi,AZSP,16475,105,0.15,5,53,20,DL,Seema Rizvi,AZSP,,,,,False,53,2024,GE
1504089,Umesh Rathor,ATBP,16316,86,0.12,6,53,20,DL,Umesh Rathor,ATBP,,,,,False,53,2024,GE
1504090,Satya Dev Chaudhary,SatBP,16378,72,0.1,7,53,20,DL,Satya Dev Chaudhary,SatBP,,,,,False,53,2024,GE
1504091,Shaik Jaleel,NRCP,16461,68,0.1,8,53,20,DL,Shaik Jaleel,NRCP,,,,,False,53,2024,GE
1504092,Shyam Bharteey,GaAP,16465,50,0.07,9,53,20,DL,Shyam Bharteey,GaAP,,,,,False,53,2024,GE
1504093,Md Nazir,AaSaP,16474,47,0.07,10,53,20,DL,Md Nazir,AaSaP,,,,,False,53,2024,GE
1504094,Sameer Mirza,RTPP,16433,43,0.06,11,53,20,DL,Sameer Mirza,RTPP,,,,,False,53,2024,GE
1504095,Shivam Saini,RTORP,16385,36,0.05,12,53,20,DL,Shivam Saini,RTORP,,,,,False,53,2024,GE
1504096,Ritu Kaushik,SUCI,16299,35,0.05,13,53,20,DL,Ritu Kaushik,SUCI,,,,,False,53,2024,GE
1504098,Guljar Singh,PPID,16397,30,0.04,14,53,20,DL,Guljar Singh,PPID,,,,,False,53,2024,GE
1504097,Soharsh Gulgulia Jain,SBNP,16477,30,0.04,14,53,20,DL,Soharsh Gulgulia Jain,SBNP,,,,,False,53,2024,GE
1504099,Vinod Kumar Gupta,AKBRPRVP,16476,21,0.03,16,53,20,DL,Vinod Kumar Gupta,AKBRPRVP,,,,,False,53,2024,GE
1504100,Sunil Kumar,IND,16208,21,0.03,16,53,20,DL,Sunil Kumar,IND,,,,,False,53,2024,GE
1504102,Manoj Kumar Nigam,ABSPARTY,16301,20,0.03,18,53,20,DL,Manoj Kumar Nigam,ABSPARTY,,,,,False,53,2024,GE
1504103,Subhash Chander,IND,16208,20,0.03,18,53,20,DL,Subhash Chander,IND,,,,,False,53,2024,GE
1504101,Yogender Singh,BHLBP,16469,20,0.03,18,53,20,DL,Yogender Singh,BHLBP,,,,,False,53,2024,GE
1504104,Mohd Hamid,BHRJWNKP,16479,20,0.03,18,53,20,DL,Mohd Hamid,BHRJWNKP,,,,,False,53,2024,GE
1504105,Rahul Sharma,RMGLMP,16478,17,0.02,22,53,20,DL,Rahul Sharma,RMGLMP,,,,,False,53,2024,GE
1504106,Rajesh Gupta,BLokSP,16388,15,0.02,23,53,20,DL,Rajesh Gupta,BLokSP,,,,,False,53,2024,GE
1504107,Heena,PuPP,16462,13,0.02,24,53,20,DL,Heena,PuPP,,,,,False,53,2024,GE
1504108,Ashok Kumar Gupta,IND,16208,11,0.02,25,53,20,DL,Ashok Kumar Gupta,IND,,,,,False,53,2024,GE
1504109,Pyush Narula,IND,16208,9,0.01,26,53,20,DL,Pyush Narula,IND,,,,,False,53,2024,GE
1504110,Jai Prakash Agarwal,INC,16205,65912,77.3,1,53,21,DL,Jai Prakash Agarwal,INC,,,,,False,53,2024,GE
1504111,Praveen Khandelwal,BJP,16207,18299,21.46,2,53,21,DL,Praveen Khandelwal,BJP,,,,,True,53,2024,GE
1504112,Abul Kalam Azad,BSP,16206,214,0.25,3,53,21,DL,Abul Kalam Azad,BSP,,,,,False,53,2024,GE
1504113,Seema Rizvi,AZSP,16475,157,0.18,4,53,21,DL,Seema Rizvi,AZSP,,,,,False,53,2024,GE
1504114,None Of The Above,NOTA,16294,156,0.18,5,53,21,DL,None Of The Above,NOTA,,,,,False,53,2024,GE
1504115,Shaik Jaleel,NRCP,16461,77,0.09,6,53,21,DL,Shaik Jaleel,NRCP,,,,,False,53,2024,GE
1504116,Umesh Rathor,ATBP,16316,63,0.07,7,53,21,DL,Umesh Rathor,ATBP,,,,,False,53,2024,GE
1504117,Satya Dev Chaudhary,SatBP,16378,61,0.07,8,53,21,DL,Satya Dev Chaudhary,SatBP,,,,,False,53,2024,GE
1504118,Sameer Mirza,RTPP,16433,47,0.06,9,53,21,DL,Sameer Mirza,RTPP,,,,,False,53,2024,GE
1504119,Md Nazir,AaSaP,16474,43,0.05,10,53,21,DL,Md Nazir,AaSaP,,,,,False,53,2024,GE
1504120,Soharsh Gulgulia Jain,SBNP,16477,40,0.05,11,53,21,DL,Soharsh Gulgulia Jain,SBNP,,,,,False,53,2024,GE
1504121,Yogender Singh,BHLBP,16469,26,0.03,12,53,21,DL,Yogender Singh,BHLBP,,,,,False,53,2024,GE
1504122,Shyam Bharteey,GaAP,16465,25,0.03,13,53,21,DL,Shyam Bharteey,GaAP,,,,,False,53,2024,GE
1504123,Ritu Kaushik,SUCI,16299,17,0.02,14,53,21,DL,Ritu Kaushik,SUCI,,,,,False,53,2024,GE
1504124,Vinod Kumar Gupta,AKBRPRVP,16476,17,0.02,14,53,21,DL,Vinod Kumar Gupta,AKBRPRVP,,,,,False,53,2024,GE
1504126,Shivam Saini,RTORP,16385,16,0.02,16,53,21,DL,Shivam Saini,RTORP,,,,,False,53,2024,GE
1504125,Guljar Singh,PPID,16397,16,0.02,16,53,21,DL,Guljar Singh,PPID,,,,,False,53,2024,GE
1504128,Mohd Hamid,BHRJWNKP,16479,13,0.02,18,53,21,DL,Mohd Hamid,BHRJWNKP,,,,,False,53,2024,GE
1504127,Rajesh Gupta,BLokSP,16388,13,0.02,18,53,21,DL,Rajesh Gupta,BLokSP,,,,,False,53,2024,GE
1504129,Manoj Kumar Nigam,ABSPARTY,16301,12,0.01,20,53,21,DL,Manoj Kumar Nigam,ABSPARTY,,,,,False,53,2024,GE
1504130,Rahul Sharma,RMGLMP,16478,12,0.01,20,53,21,DL,Rahul Sharma,RMGLMP,,,,,False,53,2024,GE
1504131,Sunil Kumar,IND,16208,11,0.01,22,53,21,DL,Sunil Kumar,IND,,,,,False,53,2024,GE
1504132,Subhash Chander,IND,16208,9,0.01,23,53,21,DL,Subhash Chander,IND,,,,,False,53,2024,GE
1504133,Ashok Kumar Gupta,IND,16208,7,0.01,24,53,21,DL,Ashok Kumar Gupta,IND,,,,,False,53,2024,GE
1504134,Heena,PuPP,16462,6,0.01,25,53,21,DL,Heena,PuPP,,,,,False,53,2024,GE
1504135,Pyush Narula,IND,16208,4,0.0,26,53,21,DL,Pyush Narula,IND,,,,,False,53,2024,GE
1504136,Jai Prakash Agarwal,INC,16205,62330,64.08,1,53,22,DL,Jai Prakash Agarwal,INC,,,,,False,53,2024,GE
1504137,Praveen Khandelwal,BJP,16207,33436,34.37,2,53,22,DL,Praveen Khandelwal,BJP,,,,,True,53,2024,GE
1504138,Abul Kalam Azad,BSP,16206,284,0.29,3,53,22,DL,Abul Kalam Azad,BSP,,,,,False,53,2024,GE
1504139,Seema Rizvi,AZSP,16475,186,0.19,4,53,22,DL,Seema Rizvi,AZSP,,,,,False,53,2024,GE
1504140,None Of The Above,NOTA,16294,170,0.17,5,53,22,DL,None Of The Above,NOTA,,,,,False,53,2024,GE
1504141,Umesh Rathor,ATBP,16316,119,0.12,6,53,22,DL,Umesh Rathor,ATBP,,,,,False,53,2024,GE
1504142,Shaik Jaleel,NRCP,16461,103,0.11,7,53,22,DL,Shaik Jaleel,NRCP,,,,,False,53,2024,GE
1504143,Satya Dev Chaudhary,SatBP,16378,89,0.09,8,53,22,DL,Satya Dev Chaudhary,SatBP,,,,,False,53,2024,GE
1504144,Md Nazir,AaSaP,16474,82,0.08,9,53,22,DL,Md Nazir,AaSaP,,,,,False,53,2024,GE
1504145,Soharsh Gulgulia Jain,SBNP,16477,56,0.06,10,53,22,DL,Soharsh Gulgulia Jain,SBNP,,,,,False,53,2024,GE
1504146,Sameer Mirza,RTPP,16433,49,0.05,11,53,22,DL,Sameer Mirza,RTPP,,,,,False,53,2024,GE
1504147,Guljar Singh,PPID,16397,48,0.05,12,53,22,DL,Guljar Singh,PPID,,,,,False,53,2024,GE
1504148,Shyam Bharteey,GaAP,16465,45,0.05,13,53,22,DL,Shyam Bharteey,GaAP,,,,,False,53,2024,GE
1504149,Manoj Kumar Nigam,ABSPARTY,16301,33,0.03,14,53,22,DL,Manoj Kumar Nigam,ABSPARTY,,,,,False,53,2024,GE
1504150,Ritu Kaushik,SUCI,16299,32,0.03,15,53,22,DL,Ritu Kaushik,SUCI,,,,,False,53,2024,GE
1504151,Yogender Singh,BHLBP,16469,27,0.03,16,53,22,DL,Yogender Singh,BHLBP,,,,,False,53,2024,GE
1504152,Vinod Kumar Gupta,AKBRPRVP,16476,25,0.03,17,53,22,DL,Vinod Kumar Gupta,AKBRPRVP,,,,,False,53,2024,GE
1504153,Shivam Saini,RTORP,16385,25,0.03,17,53,22,DL,Shivam Saini,RTORP,,,,,False,53,2024,GE
1504154,Sunil Kumar,IND,16208,20,0.02,19,53,22,DL,Sunil Kumar,IND,,,,,False,53,2024,GE
1504156,Heena,PuPP,16462,18,0.02,20,53,22,DL,Heena,PuPP,,,,,False,53,2024,GE
1504155,Rajesh Gupta,BLokSP,16388,18,0.02,20,53,22,DL,Rajesh Gupta,BLokSP,,,,,False,53,2024,GE
1504157,Subhash Chander,IND,16208,17,0.02,22,53,22,DL,Subhash Chander,IND,,,,,False,53,2024,GE
1504158,Pyush Narula,IND,16208,16,0.02,23,53,22,DL,Pyush Narula,IND,,,,,False,53,2024,GE
1504159,Mohd Hamid,BHRJWNKP,16479,15,0.02,24,53,22,DL,Mohd Hamid,BHRJWNKP,,,,,False,53,2024,GE
1504160,Rahul Sharma,RMGLMP,16478,14,0.01,25,53,22,DL,Rahul Sharma,RMGLMP,,,,,False,53,2024,GE
1504161,Ashok Kumar Gupta,IND,16208,12,0.01,26,53,22,DL,Ashok Kumar Gupta,IND,,,,,False,53,2024,GE
1504162,Bansuri Swaraj,BJP,16207,52562,52.5,1,53,23,DL,Bansuri Swaraj,BJP,,,,,True,53,2024,GE
1504163,Somnath Bharti,AAAP,16293,45416,45.36,2,53,23,DL,Somnath Bharti,AAAP,,,,,False,53,2024,GE
1504164,Raaj Kumar Anand,BSP,16206,731,0.73,3,53,23,DL,Raaj Kumar Anand,BSP,,,,,False,53,2024,GE
1504165,None Of The Above,NOTA,16294,411,0.41,4,53,23,DL,None Of The Above,NOTA,,,,,False,53,2024,GE
1504166,Sanjay Rawat,IND,16208,146,0.15,5,53,23,DL,Sanjay Rawat,IND,,,,,False,53,2024,GE
1504167,Hira Lal,IND,16208,126,0.13,6,53,23,DL,Hira Lal,IND,,,,,False,53,2024,GE
1504168,Achla Jethmalani,JDKRP,16455,110,0.11,7,53,23,DL,Achla Jethmalani,JDKRP,,,,,False,53,2024,GE
1504169,Prem Singh,NRCP,16461,104,0.1,8,53,23,DL,Prem Singh,NRCP,,,,,False,53,2024,GE
1504170,Upen‍Dra,AnAP,16400,81,0.08,9,53,23,DL,Upen‍Dra,AnAP,,,,,False,53,2024,GE
1504171,Punam Pandey,RLPI,16480,76,0.08,10,53,23,DL,Punam Pandey,RLPI,,,,,False,53,2024,GE
1504172,Lukman Khan,LGP,16481,61,0.06,11,53,23,DL,Lukman Khan,LGP,,,,,False,53,2024,GE
1504174,Sandhya Thakkar,RTPP,16433,57,0.06,12,53,23,DL,Sandhya Thakkar,RTPP,,,,,False,53,2024,GE
1504173,Dilip Singh,IND,16208,57,0.06,12,53,23,DL,Dilip Singh,IND,,,,,False,53,2024,GE
1504175,Prithvi Nath Singh,BSKRP,16275,51,0.05,14,53,23,DL,Prithvi Nath Singh,BSKRP,,,,,False,53,2024,GE
1504176,Ravinder Singh,IND,16208,39,0.04,15,53,23,DL,Ravinder Singh,IND,,,,,False,53,2024,GE
1504177,Dinesh Kumar,PPID,16397,36,0.04,16,53,23,DL,Dinesh Kumar,PPID,,,,,False,53,2024,GE
1504178,Mahesh Kumar Denwal,APoI,16435,34,0.03,17,53,23,DL,Mahesh Kumar Denwal,APoI,,,,,False,53,2024,GE
1504179,Manoj Kumar Sharma,LOKJANP,16482,17,0.02,18,53,23,DL,Manoj Kumar Sharma,LOKJANP,,,,,False,53,2024,GE
1504180,Bansuri Swaraj,BJP,16207,58092,51.56,1,53,24,DL,Bansuri Swaraj,BJP,,,,,True,53,2024,GE
1504181,Somnath Bharti,AAAP,16293,51534,45.74,2,53,24,DL,Somnath Bharti,AAAP,,,,,False,53,2024,GE
1504182,Raaj Kumar Anand,BSP,16206,1179,1.05,3,53,24,DL,Raaj Kumar Anand,BSP,,,,,False,53,2024,GE
1504183,None Of The Above,NOTA,16294,479,0.43,4,53,24,DL,None Of The Above,NOTA,,,,,False,53,2024,GE
1504184,Sanjay Rawat,IND,16208,177,0.16,5,53,24,DL,Sanjay Rawat,IND,,,,,False,53,2024,GE
1504185,Hira Lal,IND,16208,161,0.14,6,53,24,DL,Hira Lal,IND,,,,,False,53,2024,GE
1504186,Prem Singh,NRCP,16461,139,0.12,7,53,24,DL,Prem Singh,NRCP,,,,,False,53,2024,GE
1504188,Lukman Khan,LGP,16481,122,0.11,8,53,24,DL,Lukman Khan,LGP,,,,,False,53,2024,GE
1504187,Upen‍Dra,AnAP,16400,122,0.11,8,53,24,DL,Upen‍Dra,AnAP,,,,,False,53,2024,GE
1504189,Ravinder Singh,IND,16208,115,0.1,10,53,24,DL,Ravinder Singh,IND,,,,,False,53,2024,GE
1504190,Achla Jethmalani,JDKRP,16455,113,0.1,11,53,24,DL,Achla Jethmalani,JDKRP,,,,,False,53,2024,GE
1504191,Dilip Singh,IND,16208,105,0.09,12,53,24,DL,Dilip Singh,IND,,,,,False,53,2024,GE
1504192,Punam Pandey,RLPI,16480,99,0.09,13,53,24,DL,Punam Pandey,RLPI,,,,,False,53,2024,GE
1504193,Sandhya Thakkar,RTPP,16433,67,0.06,14,53,24,DL,Sandhya Thakkar,RTPP,,,,,False,53,2024,GE
1504194,Dinesh Kumar,PPID,16397,60,0.05,15,53,24,DL,Dinesh Kumar,PPID,,,,,False,53,2024,GE
1504195,Prithvi Nath Singh,BSKRP,16275,43,0.04,16,53,24,DL,Prithvi Nath Singh,BSKRP,,,,,False,53,2024,GE
1504196,Mahesh Kumar Denwal,APoI,16435,40,0.04,17,53,24,DL,Mahesh Kumar Denwal,APoI,,,,,False,53,2024,GE
1504197,Manoj Kumar Sharma,LOKJANP,16482,28,0.02,18,53,24,DL,Manoj Kumar Sharma,LOKJANP,,,,,False,53,2024,GE
1504198,Bansuri Swaraj,BJP,16207,59648,58.22,1,53,25,DL,Bansuri Swaraj,BJP,,,,,True,53,2024,GE
1504199,Somnath Bharti,AAAP,16293,40259,39.29,2,53,25,DL,Somnath Bharti,AAAP,,,,,False,53,2024,GE
1504200,Raaj Kumar Anand,BSP,16206,803,0.78,3,53,25,DL,Raaj Kumar Anand,BSP,,,,,False,53,2024,GE
1504201,None Of The Above,NOTA,16294,556,0.54,4,53,25,DL,None Of The Above,NOTA,,,,,False,53,2024,GE
1504202,Sanjay Rawat,IND,16208,166,0.16,5,53,25,DL,Sanjay Rawat,IND,,,,,False,53,2024,GE
1504203,Hira Lal,IND,16208,155,0.15,6,53,25,DL,Hira Lal,IND,,,,,False,53,2024,GE
1504204,Dilip Singh,IND,16208,124,0.12,7,53,25,DL,Dilip Singh,IND,,,,,False,53,2024,GE
1504205,Upen‍Dra,AnAP,16400,114,0.11,8,53,25,DL,Upen‍Dra,AnAP,,,,,False,53,2024,GE
1504206,Achla Jethmalani,JDKRP,16455,107,0.1,9,53,25,DL,Achla Jethmalani,JDKRP,,,,,False,53,2024,GE
1504207,Prem Singh,NRCP,16461,87,0.08,10,53,25,DL,Prem Singh,NRCP,,,,,False,53,2024,GE
1504208,Punam Pandey,RLPI,16480,73,0.07,11,53,25,DL,Punam Pandey,RLPI,,,,,False,53,2024,GE
1504209,Lukman Khan,LGP,16481,70,0.07,12,53,25,DL,Lukman Khan,LGP,,,,,False,53,2024,GE
1504210,Sandhya Thakkar,RTPP,16433,64,0.06,13,53,25,DL,Sandhya Thakkar,RTPP,,,,,False,53,2024,GE
1504211,Ravinder Singh,IND,16208,59,0.06,14,53,25,DL,Ravinder Singh,IND,,,,,False,53,2024,GE
1504212,Dinesh Kumar,PPID,16397,53,0.05,15,53,25,DL,Dinesh Kumar,PPID,,,,,False,53,2024,GE
1504213,Prithvi Nath Singh,BSKRP,16275,46,0.04,16,53,25,DL,Prithvi Nath Singh,BSKRP,,,,,False,53,2024,GE
1504214,Mahesh Kumar Denwal,APoI,16435,41,0.04,17,53,25,DL,Mahesh Kumar Denwal,APoI,,,,,False,53,2024,GE
1504215,Manoj Kumar Sharma,LOKJANP,16482,32,0.03,18,53,25,DL,Manoj Kumar Sharma,LOKJANP,,,,,False,53,2024,GE
1504216,Kamaljeet Sehrawat,BJP,16207,59258,55.29,1,53,26,DL,Kamaljeet Sehrawat,BJP,,,,,True,53,2024,GE
1504217,Mahabal Mishra,AAAP,16293,45240,42.21,2,53,26,DL,Mahabal Mishra,AAAP,,,,,False,53,2024,GE
1504218,None Of The Above,NOTA,16294,635,0.59,3,53,26,DL,None Of The Above,NOTA,,,,,False,53,2024,GE
1504219,Vishakha,BSP,16206,478,0.45,4,53,26,DL,Vishakha,BSP,,,,,False,53,2024,GE
1504220,Sabir Khan,IND,16208,242,0.23,5,53,26,DL,Sabir Khan,IND,,,,,False,53,2024,GE
1504221,Aj Rajan,NRCP,16461,195,0.18,6,53,26,DL,Aj Rajan,NRCP,,,,,False,53,2024,GE
1504222,Sunil Meghwal,APoI,16435,159,0.15,7,53,26,DL,Sunil Meghwal,APoI,,,,,False,53,2024,GE
1504223,Om Prakash Narayan,AAPP,16382,102,0.1,8,53,26,DL,Om Prakash Narayan,AAPP,,,,,False,53,2024,GE
1504224,Anju Sharma,IND,16208,99,0.09,9,53,26,DL,Anju Sharma,IND,,,,,False,53,2024,GE
1504225,Kapil Marwah,IND,16208,81,0.08,10,53,26,DL,Kapil Marwah,IND,,,,,False,53,2024,GE
1504226,Rajiv Kant Mishra,IND,16208,68,0.06,11,53,26,DL,Rajiv Kant Mishra,IND,,,,,False,53,2024,GE
1504227,Charanjeet Singh,AIFB,16231,67,0.06,12,53,26,DL,Charanjeet Singh,AIFB,,,,,False,53,2024,GE
1504228,Uma Shankar Tiwari,BTMSP,16483,65,0.06,13,53,26,DL,Uma Shankar Tiwari,BTMSP,,,,,False,53,2024,GE
1504229,Madhu,AKBRPRVP,16476,63,0.06,14,53,26,DL,Madhu,AKBRPRVP,,,,,False,53,2024,GE
1504230,Ramesh Kumar Jain Nirbhik,GaAP,16465,61,0.06,15,53,26,DL,Ramesh Kumar Jain Nirbhik,GaAP,,,,,False,53,2024,GE
1504231,Jarnail Singh,IND,16208,54,0.05,16,53,26,DL,Jarnail Singh,IND,,,,,False,53,2024,GE
1504232,Pramod Kureel,BNPA,16484,48,0.04,17,53,26,DL,Pramod Kureel,BNPA,,,,,False,53,2024,GE
1504233,Amit Kumar Singh,RSTRSURKP,16485,47,0.04,18,53,26,DL,Amit Kumar Singh,RSTRSURKP,,,,,False,53,2024,GE
1504234,Jaya Raman,SRVLKTSP,16486,37,0.03,19,53,26,DL,Jaya Raman,SRVLKTSP,,,,,False,53,2024,GE
1504235,Deepak Sharma,BJJP,16463,37,0.03,19,53,26,DL,Deepak Sharma,BJJP,,,,,False,53,2024,GE
1504236,Ravi,IND,16208,33,0.03,21,53,26,DL,Ravi,IND,,,,,False,53,2024,GE
1504237,Umesh Chauhan,RRP,16392,30,0.03,22,53,26,DL,Umesh Chauhan,RRP,,,,,False,53,2024,GE
1504238,Ram Narayan Mohanty,IND,16208,28,0.03,23,53,26,DL,Ram Narayan Mohanty,IND,,,,,False,53,2024,GE
1504239,Meena Ujjainwal,PPID,16397,27,0.03,24,53,26,DL,Meena Ujjainwal,PPID,,,,,False,53,2024,GE
1504240,Chaman Lal Verma,SMJVKP,16487,27,0.03,24,53,26,DL,Chaman Lal Verma,SMJVKP,,,,,False,53,2024,GE
1504241,Mahabal Mishra,AAAP,16293,51863,50.0,1,53,27,DL,Mahabal Mishra,AAAP,,,,,False,53,2024,GE
1504242,Kamaljeet Sehrawat,BJP,16207,49417,47.64,2,53,27,DL,Kamaljeet Sehrawat,BJP,,,,,True,53,2024,GE
1504243,None Of The Above,NOTA,16294,652,0.63,3,53,27,DL,None Of The Above,NOTA,,,,,False,53,2024,GE
1504244,Vishakha,BSP,16206,323,0.31,4,53,27,DL,Vishakha,BSP,,,,,False,53,2024,GE
1504245,Sabir Khan,IND,16208,216,0.21,5,53,27,DL,Sabir Khan,IND,,,,,False,53,2024,GE
1504246,Aj Rajan,NRCP,16461,133,0.13,6,53,27,DL,Aj Rajan,NRCP,,,,,False,53,2024,GE
1504247,Sunil Meghwal,APoI,16435,125,0.12,7,53,27,DL,Sunil Meghwal,APoI,,,,,False,53,2024,GE
1504248,Jarnail Singh,IND,16208,121,0.12,8,53,27,DL,Jarnail Singh,IND,,,,,False,53,2024,GE
1504249,Om Prakash Narayan,AAPP,16382,104,0.1,9,53,27,DL,Om Prakash Narayan,AAPP,,,,,False,53,2024,GE
1504250,Anju Sharma,IND,16208,85,0.08,10,53,27,DL,Anju Sharma,IND,,,,,False,53,2024,GE
1504251,Kapil Marwah,IND,16208,77,0.07,11,53,27,DL,Kapil Marwah,IND,,,,,False,53,2024,GE
1504252,Madhu,AKBRPRVP,16476,69,0.07,12,53,27,DL,Madhu,AKBRPRVP,,,,,False,53,2024,GE
1504253,Charanjeet Singh,AIFB,16231,68,0.07,13,53,27,DL,Charanjeet Singh,AIFB,,,,,False,53,2024,GE
1504254,Rajiv Kant Mishra,IND,16208,66,0.06,14,53,27,DL,Rajiv Kant Mishra,IND,,,,,False,53,2024,GE
1504255,Jaya Raman,SRVLKTSP,16486,61,0.06,15,53,27,DL,Jaya Raman,SRVLKTSP,,,,,False,53,2024,GE
1504256,Meena Ujjainwal,PPID,16397,60,0.06,16,53,27,DL,Meena Ujjainwal,PPID,,,,,False,53,2024,GE
1504257,Uma Shankar Tiwari,BTMSP,16483,55,0.05,17,53,27,DL,Uma Shankar Tiwari,BTMSP,,,,,False,53,2024,GE
1504258,Ramesh Kumar Jain Nirbhik,GaAP,16465,53,0.05,18,53,27,DL,Ramesh Kumar Jain Nirbhik,GaAP,,,,,False,53,2024,GE
1504259,Umesh Chauhan,RRP,16392,37,0.04,19,53,27,DL,Umesh Chauhan,RRP,,,,,False,53,2024,GE
1504260,Amit Kumar Singh,RSTRSURKP,16485,36,0.03,20,53,27,DL,Amit Kumar Singh,RSTRSURKP,,,,,False,53,2024,GE
1504261,Pramod Kureel,BNPA,16484,29,0.03,21,53,27,DL,Pramod Kureel,BNPA,,,,,False,53,2024,GE
1504262,Ram Narayan Mohanty,IND,16208,24,0.02,22,53,27,DL,Ram Narayan Mohanty,IND,,,,,False,53,2024,GE
1504263,Chaman Lal Verma,SMJVKP,16487,22,0.02,23,53,27,DL,Chaman Lal Verma,SMJVKP,,,,,False,53,2024,GE
1504264,Deepak Sharma,BJJP,16463,20,0.02,24,53,27,DL,Deepak Sharma,BJJP,,,,,False,53,2024,GE
1504265,Ravi,IND,16208,17,0.02,25,53,27,DL,Ravi,IND,,,,,False,53,2024,GE
1504266,Kamaljeet Sehrawat,BJP,16207,53645,53.79,1,53,28,DL,Kamaljeet Sehrawat,BJP,,,,,True,53,2024,GE
1504267,Mahabal Mishra,AAAP,16293,43799,43.92,2,53,28,DL,Mahabal Mishra,AAAP,,,,,False,53,2024,GE
1504268,None Of The Above,NOTA,16294,683,0.68,3,53,28,DL,None Of The Above,NOTA,,,,,False,53,2024,GE
1504269,Vishakha,BSP,16206,475,0.48,4,53,28,DL,Vishakha,BSP,,,,,False,53,2024,GE
1504270,Sabir Khan,IND,16208,164,0.16,5,53,28,DL,Sabir Khan,IND,,,,,False,53,2024,GE
1504271,Aj Rajan,NRCP,16461,116,0.12,6,53,28,DL,Aj Rajan,NRCP,,,,,False,53,2024,GE
1504272,Om Prakash Narayan,AAPP,16382,97,0.1,7,53,28,DL,Om Prakash Narayan,AAPP,,,,,False,53,2024,GE
1504273,Sunil Meghwal,APoI,16435,96,0.1,8,53,28,DL,Sunil Meghwal,APoI,,,,,False,53,2024,GE
1504274,Kapil Marwah,IND,16208,75,0.08,9,53,28,DL,Kapil Marwah,IND,,,,,False,53,2024,GE
1504275,Anju Sharma,IND,16208,68,0.07,10,53,28,DL,Anju Sharma,IND,,,,,False,53,2024,GE
1504276,Ramesh Kumar Jain Nirbhik,GaAP,16465,67,0.07,11,53,28,DL,Ramesh Kumar Jain Nirbhik,GaAP,,,,,False,53,2024,GE
1504277,Jarnail Singh,IND,16208,57,0.06,12,53,28,DL,Jarnail Singh,IND,,,,,False,53,2024,GE
1504279,Charanjeet Singh,AIFB,16231,46,0.05,13,53,28,DL,Charanjeet Singh,AIFB,,,,,False,53,2024,GE
1504278,Uma Shankar Tiwari,BTMSP,16483,46,0.05,13,53,28,DL,Uma Shankar Tiwari,BTMSP,,,,,False,53,2024,GE
1504280,Madhu,AKBRPRVP,16476,43,0.04,15,53,28,DL,Madhu,AKBRPRVP,,,,,False,53,2024,GE
1504281,Meena Ujjainwal,PPID,16397,39,0.04,16,53,28,DL,Meena Ujjainwal,PPID,,,,,False,53,2024,GE
1504282,Rajiv Kant Mishra,IND,16208,38,0.04,17,53,28,DL,Rajiv Kant Mishra,IND,,,,,False,53,2024,GE
1504283,Amit Kumar Singh,RSTRSURKP,16485,30,0.03,18,53,28,DL,Amit Kumar Singh,RSTRSURKP,,,,,False,53,2024,GE
1504284,Pramod Kureel,BNPA,16484,26,0.03,19,53,28,DL,Pramod Kureel,BNPA,,,,,False,53,2024,GE
1504285,Jaya Raman,SRVLKTSP,16486,25,0.03,20,53,28,DL,Jaya Raman,SRVLKTSP,,,,,False,53,2024,GE
1504286,Umesh Chauhan,RRP,16392,21,0.02,21,53,28,DL,Umesh Chauhan,RRP,,,,,False,53,2024,GE
1504287,Ram Narayan Mohanty,IND,16208,21,0.02,21,53,28,DL,Ram Narayan Mohanty,IND,,,,,False,53,2024,GE
1504288,Deepak Sharma,BJJP,16463,20,0.02,23,53,28,DL,Deepak Sharma,BJJP,,,,,False,53,2024,GE
1504289,Chaman Lal Verma,SMJVKP,16487,19,0.02,24,53,28,DL,Chaman Lal Verma,SMJVKP,,,,,False,53,2024,GE
1504290,Ravi,IND,16208,8,0.01,25,53,28,DL,Ravi,IND,,,,,False,53,2024,GE
1504291,Mahabal Mishra,AAAP,16293,45780,50.06,1,53,29,DL,Mahabal Mishra,AAAP,,,,,False,53,2024,GE
1504292,Kamaljeet Sehrawat,BJP,16207,43616,47.69,2,53,29,DL,Kamaljeet Sehrawat,BJP,,,,,True,53,2024,GE
1504293,None Of The Above,NOTA,16294,555,0.61,3,53,29,DL,None Of The Above,NOTA,,,,,False,53,2024,GE
1504294,Vishakha,BSP,16206,246,0.27,4,53,29,DL,Vishakha,BSP,,,,,False,53,2024,GE
1504295,Sabir Khan,IND,16208,195,0.21,5,53,29,DL,Sabir Khan,IND,,,,,False,53,2024,GE
1504296,Jarnail Singh,IND,16208,127,0.14,6,53,29,DL,Jarnail Singh,IND,,,,,False,53,2024,GE
1504297,Aj Rajan,NRCP,16461,112,0.12,7,53,29,DL,Aj Rajan,NRCP,,,,,False,53,2024,GE
1504298,Sunil Meghwal,APoI,16435,102,0.11,8,53,29,DL,Sunil Meghwal,APoI,,,,,False,53,2024,GE
1504299,Anju Sharma,IND,16208,99,0.11,9,53,29,DL,Anju Sharma,IND,,,,,False,53,2024,GE
1504300,Om Prakash Narayan,AAPP,16382,82,0.09,10,53,29,DL,Om Prakash Narayan,AAPP,,,,,False,53,2024,GE
1504302,Charanjeet Singh,AIFB,16231,58,0.06,11,53,29,DL,Charanjeet Singh,AIFB,,,,,False,53,2024,GE
1504301,Meena Ujjainwal,PPID,16397,58,0.06,11,53,29,DL,Meena Ujjainwal,PPID,,,,,False,53,2024,GE
1504303,Kapil Marwah,IND,16208,57,0.06,13,53,29,DL,Kapil Marwah,IND,,,,,False,53,2024,GE
1504304,Rajiv Kant Mishra,IND,16208,49,0.05,14,53,29,DL,Rajiv Kant Mishra,IND,,,,,False,53,2024,GE
1504305,Madhu,AKBRPRVP,16476,47,0.05,15,53,29,DL,Madhu,AKBRPRVP,,,,,False,53,2024,GE
1504306,Uma Shankar Tiwari,BTMSP,16483,43,0.05,16,53,29,DL,Uma Shankar Tiwari,BTMSP,,,,,False,53,2024,GE
1504307,Umesh Chauhan,RRP,16392,39,0.04,17,53,29,DL,Umesh Chauhan,RRP,,,,,False,53,2024,GE
1504308,Ramesh Kumar Jain Nirbhik,GaAP,16465,36,0.04,18,53,29,DL,Ramesh Kumar Jain Nirbhik,GaAP,,,,,False,53,2024,GE
1504309,Amit Kumar Singh,RSTRSURKP,16485,34,0.04,19,53,29,DL,Amit Kumar Singh,RSTRSURKP,,,,,False,53,2024,GE
1504310,Ram Narayan Mohanty,IND,16208,27,0.03,20,53,29,DL,Ram Narayan Mohanty,IND,,,,,False,53,2024,GE
1504311,Pramod Kureel,BNPA,16484,25,0.03,21,53,29,DL,Pramod Kureel,BNPA,,,,,False,53,2024,GE
1504312,Chaman Lal Verma,SMJVKP,16487,21,0.02,22,53,29,DL,Chaman Lal Verma,SMJVKP,,,,,False,53,2024,GE
1504313,Jaya Raman,SRVLKTSP,16486,19,0.02,23,53,29,DL,Jaya Raman,SRVLKTSP,,,,,False,53,2024,GE
1504315,Ravi,IND,16208,15,0.02,24,53,29,DL,Ravi,IND,,,,,False,53,2024,GE
1504314,Deepak Sharma,BJJP,16463,15,0.02,24,53,29,DL,Deepak Sharma,BJJP,,,,,False,53,2024,GE
1504316,Kamaljeet Sehrawat,BJP,16207,65864,55.3,1,53,30,DL,Kamaljeet Sehrawat,BJP,,,,,True,53,2024,GE
1504317,Mahabal Mishra,AAAP,16293,50389,42.31,2,53,30,DL,Mahabal Mishra,AAAP,,,,,False,53,2024,GE
1504318,None Of The Above,NOTA,16294,741,0.62,3,53,30,DL,None Of The Above,NOTA,,,,,False,53,2024,GE
1504319,Vishakha,BSP,16206,536,0.45,4,53,30,DL,Vishakha,BSP,,,,,False,53,2024,GE
1504320,Sabir Khan,IND,16208,202,0.17,5,53,30,DL,Sabir Khan,IND,,,,,False,53,2024,GE
1504321,Aj Rajan,NRCP,16461,163,0.14,6,53,30,DL,Aj Rajan,NRCP,,,,,False,53,2024,GE
1504322,Sunil Meghwal,APoI,16435,143,0.12,7,53,30,DL,Sunil Meghwal,APoI,,,,,False,53,2024,GE
1504323,Om Prakash Narayan,AAPP,16382,142,0.12,8,53,30,DL,Om Prakash Narayan,AAPP,,,,,False,53,2024,GE
1504324,Rajiv Kant Mishra,IND,16208,98,0.08,9,53,30,DL,Rajiv Kant Mishra,IND,,,,,False,53,2024,GE
1504325,Anju Sharma,IND,16208,92,0.08,10,53,30,DL,Anju Sharma,IND,,,,,False,53,2024,GE
1504326,Kapil Marwah,IND,16208,90,0.08,11,53,30,DL,Kapil Marwah,IND,,,,,False,53,2024,GE
1504327,Ramesh Kumar Jain Nirbhik,GaAP,16465,89,0.07,12,53,30,DL,Ramesh Kumar Jain Nirbhik,GaAP,,,,,False,53,2024,GE
1504328,Madhu,AKBRPRVP,16476,87,0.07,13,53,30,DL,Madhu,AKBRPRVP,,,,,False,53,2024,GE
1504329,Jarnail Singh,IND,16208,63,0.05,14,53,30,DL,Jarnail Singh,IND,,,,,False,53,2024,GE
1504330,Meena Ujjainwal,PPID,16397,50,0.04,15,53,30,DL,Meena Ujjainwal,PPID,,,,,False,53,2024,GE
1504331,Pramod Kureel,BNPA,16484,46,0.04,16,53,30,DL,Pramod Kureel,BNPA,,,,,False,53,2024,GE
1504333,Amit Kumar Singh,RSTRSURKP,16485,45,0.04,17,53,30,DL,Amit Kumar Singh,RSTRSURKP,,,,,False,53,2024,GE
1504332,Charanjeet Singh,AIFB,16231,45,0.04,17,53,30,DL,Charanjeet Singh,AIFB,,,,,False,53,2024,GE
1504334,Chaman Lal Verma,SMJVKP,16487,41,0.03,19,53,30,DL,Chaman Lal Verma,SMJVKP,,,,,False,53,2024,GE
1504335,Uma Shankar Tiwari,BTMSP,16483,37,0.03,20,53,30,DL,Uma Shankar Tiwari,BTMSP,,,,,False,53,2024,GE
1504336,Umesh Chauhan,RRP,16392,34,0.03,21,53,30,DL,Umesh Chauhan,RRP,,,,,False,53,2024,GE
1504337,Deepak Sharma,BJJP,16463,33,0.03,22,53,30,DL,Deepak Sharma,BJJP,,,,,False,53,2024,GE
1504338,Ram Narayan Mohanty,IND,16208,30,0.03,23,53,30,DL,Ram Narayan Mohanty,IND,,,,,False,53,2024,GE
1504339,Jaya Raman,SRVLKTSP,16486,27,0.02,24,53,30,DL,Jaya Raman,SRVLKTSP,,,,,False,53,2024,GE
1504340,Ravi,IND,16208,17,0.01,25,53,30,DL,Ravi,IND,,,,,False,53,2024,GE
1504341,Kamaljeet Sehrawat,BJP,16207,136876,53.89,1,53,31,DL,Kamaljeet Sehrawat,BJP,,,,,True,53,2024,GE
1504342,Mahabal Mishra,AAAP,16293,109365,43.06,2,53,31,DL,Mahabal Mishra,AAAP,,,,,False,53,2024,GE
1504343,Vishakha,BSP,16206,1874,0.74,3,53,31,DL,Vishakha,BSP,,,,,False,53,2024,GE
1504344,None Of The Above,NOTA,16294,1215,0.48,4,53,31,DL,None Of The Above,NOTA,,,,,False,53,2024,GE
1504345,Sabir Khan,IND,16208,699,0.28,5,53,31,DL,Sabir Khan,IND,,,,,False,53,2024,GE
1504346,Aj Rajan,NRCP,16461,582,0.23,6,53,31,DL,Aj Rajan,NRCP,,,,,False,53,2024,GE
1504347,Om Prakash Narayan,AAPP,16382,405,0.16,7,53,31,DL,Om Prakash Narayan,AAPP,,,,,False,53,2024,GE
1504348,Sunil Meghwal,APoI,16435,336,0.13,8,53,31,DL,Sunil Meghwal,APoI,,,,,False,53,2024,GE
1504349,Madhu,AKBRPRVP,16476,253,0.1,9,53,31,DL,Madhu,AKBRPRVP,,,,,False,53,2024,GE
1504350,Kapil Marwah,IND,16208,227,0.09,10,53,31,DL,Kapil Marwah,IND,,,,,False,53,2024,GE
1504351,Rajiv Kant Mishra,IND,16208,218,0.09,11,53,31,DL,Rajiv Kant Mishra,IND,,,,,False,53,2024,GE
1504352,Anju Sharma,IND,16208,217,0.09,12,53,31,DL,Anju Sharma,IND,,,,,False,53,2024,GE
1504353,Ramesh Kumar Jain Nirbhik,GaAP,16465,217,0.09,12,53,31,DL,Ramesh Kumar Jain Nirbhik,GaAP,,,,,False,53,2024,GE
1504354,Jarnail Singh,IND,16208,213,0.08,14,53,31,DL,Jarnail Singh,IND,,,,,False,53,2024,GE
1504355,Umesh Chauhan,RRP,16392,170,0.07,15,53,31,DL,Umesh Chauhan,RRP,,,,,False,53,2024,GE
1504356,Meena Ujjainwal,PPID,16397,165,0.06,16,53,31,DL,Meena Ujjainwal,PPID,,,,,False,53,2024,GE
1504357,Uma Shankar Tiwari,BTMSP,16483,161,0.06,17,53,31,DL,Uma Shankar Tiwari,BTMSP,,,,,False,53,2024,GE
1504358,Pramod Kureel,BNPA,16484,137,0.05,18,53,31,DL,Pramod Kureel,BNPA,,,,,False,53,2024,GE
1504359,Amit Kumar Singh,RSTRSURKP,16485,131,0.05,19,53,31,DL,Amit Kumar Singh,RSTRSURKP,,,,,False,53,2024,GE
1504360,Charanjeet Singh,AIFB,16231,111,0.04,20,53,31,DL,Charanjeet Singh,AIFB,,,,,False,53,2024,GE
1504361,Chaman Lal Verma,SMJVKP,16487,94,0.04,21,53,31,DL,Chaman Lal Verma,SMJVKP,,,,,False,53,2024,GE
1504362,Ram Narayan Mohanty,IND,16208,90,0.04,22,53,31,DL,Ram Narayan Mohanty,IND,,,,,False,53,2024,GE
1504363,Deepak Sharma,BJJP,16463,90,0.04,22,53,31,DL,Deepak Sharma,BJJP,,,,,False,53,2024,GE
1504364,Jaya Raman,SRVLKTSP,16486,89,0.04,24,53,31,DL,Jaya Raman,SRVLKTSP,,,,,False,53,2024,GE
1504365,Ravi,IND,16208,47,0.02,25,53,31,DL,Ravi,IND,,,,,False,53,2024,GE
1504366,Kamaljeet Sehrawat,BJP,16207,109667,59.82,1,53,32,DL,Kamaljeet Sehrawat,BJP,,,,,True,53,2024,GE
1504367,Mahabal Mishra,AAAP,16293,69288,37.79,2,53,32,DL,Mahabal Mishra,AAAP,,,,,False,53,2024,GE
1504368,Vishakha,BSP,16206,1046,0.57,3,53,32,DL,Vishakha,BSP,,,,,False,53,2024,GE
1504369,None Of The Above,NOTA,16294,981,0.54,4,53,32,DL,None Of The Above,NOTA,,,,,False,53,2024,GE
1504370,Sabir Khan,IND,16208,309,0.17,5,53,32,DL,Sabir Khan,IND,,,,,False,53,2024,GE
1504371,Aj Rajan,NRCP,16461,242,0.13,6,53,32,DL,Aj Rajan,NRCP,,,,,False,53,2024,GE
1504372,Sunil Meghwal,APoI,16435,222,0.12,7,53,32,DL,Sunil Meghwal,APoI,,,,,False,53,2024,GE
1504373,Om Prakash Narayan,AAPP,16382,206,0.11,8,53,32,DL,Om Prakash Narayan,AAPP,,,,,False,53,2024,GE
1504374,Kapil Marwah,IND,16208,158,0.09,9,53,32,DL,Kapil Marwah,IND,,,,,False,53,2024,GE
1504375,Anju Sharma,IND,16208,127,0.07,10,53,32,DL,Anju Sharma,IND,,,,,False,53,2024,GE
1504376,Jarnail Singh,IND,16208,123,0.07,11,53,32,DL,Jarnail Singh,IND,,,,,False,53,2024,GE
1504377,Madhu,AKBRPRVP,16476,118,0.06,12,53,32,DL,Madhu,AKBRPRVP,,,,,False,53,2024,GE
1504378,Rajiv Kant Mishra,IND,16208,116,0.06,13,53,32,DL,Rajiv Kant Mishra,IND,,,,,False,53,2024,GE
1504379,Ramesh Kumar Jain Nirbhik,GaAP,16465,115,0.06,14,53,32,DL,Ramesh Kumar Jain Nirbhik,GaAP,,,,,False,53,2024,GE
1504380,Uma Shankar Tiwari,BTMSP,16483,90,0.05,15,53,32,DL,Uma Shankar Tiwari,BTMSP,,,,,False,53,2024,GE
1504381,Meena Ujjainwal,PPID,16397,83,0.05,16,53,32,DL,Meena Ujjainwal,PPID,,,,,False,53,2024,GE
1504382,Pramod Kureel,BNPA,16484,69,0.04,17,53,32,DL,Pramod Kureel,BNPA,,,,,False,53,2024,GE
1504383,Umesh Chauhan,RRP,16392,68,0.04,18,53,32,DL,Umesh Chauhan,RRP,,,,,False,53,2024,GE
1504384,Amit Kumar Singh,RSTRSURKP,16485,55,0.03,19,53,32,DL,Amit Kumar Singh,RSTRSURKP,,,,,False,53,2024,GE
1504386,Chaman Lal Verma,SMJVKP,16487,47,0.03,20,53,32,DL,Chaman Lal Verma,SMJVKP,,,,,False,53,2024,GE
1504385,Charanjeet Singh,AIFB,16231,47,0.03,20,53,32,DL,Charanjeet Singh,AIFB,,,,,False,53,2024,GE
1504387,Ram Narayan Mohanty,IND,16208,43,0.02,22,53,32,DL,Ram Narayan Mohanty,IND,,,,,False,53,2024,GE
1504389,Ravi,IND,16208,40,0.02,23,53,32,DL,Ravi,IND,,,,,False,53,2024,GE
1504388,Jaya Raman,SRVLKTSP,16486,40,0.02,23,53,32,DL,Jaya Raman,SRVLKTSP,,,,,False,53,2024,GE
1504390,Deepak Sharma,BJJP,16463,39,0.02,25,53,32,DL,Deepak Sharma,BJJP,,,,,False,53,2024,GE
1504391,Kamaljeet Sehrawat,BJP,16207,72572,54.65,1,53,33,DL,Kamaljeet Sehrawat,BJP,,,,,True,53,2024,GE
1504392,Mahabal Mishra,AAAP,16293,57196,43.07,2,53,33,DL,Mahabal Mishra,AAAP,,,,,False,53,2024,GE
1504393,None Of The Above,NOTA,16294,704,0.53,3,53,33,DL,None Of The Above,NOTA,,,,,False,53,2024,GE
1504394,Vishakha,BSP,16206,541,0.41,4,53,33,DL,Vishakha,BSP,,,,,False,53,2024,GE
1504395,Sabir Khan,IND,16208,264,0.2,5,53,33,DL,Sabir Khan,IND,,,,,False,53,2024,GE
1504396,Aj Rajan,NRCP,16461,187,0.14,6,53,33,DL,Aj Rajan,NRCP,,,,,False,53,2024,GE
1504397,Sunil Meghwal,APoI,16435,153,0.12,7,53,33,DL,Sunil Meghwal,APoI,,,,,False,53,2024,GE
1504398,Om Prakash Narayan,AAPP,16382,147,0.11,8,53,33,DL,Om Prakash Narayan,AAPP,,,,,False,53,2024,GE
1504399,Anju Sharma,IND,16208,111,0.08,9,53,33,DL,Anju Sharma,IND,,,,,False,53,2024,GE
1504400,Ramesh Kumar Jain Nirbhik,GaAP,16465,99,0.07,10,53,33,DL,Ramesh Kumar Jain Nirbhik,GaAP,,,,,False,53,2024,GE
1504401,Madhu,AKBRPRVP,16476,93,0.07,11,53,33,DL,Madhu,AKBRPRVP,,,,,False,53,2024,GE
1504402,Kapil Marwah,IND,16208,89,0.07,12,53,33,DL,Kapil Marwah,IND,,,,,False,53,2024,GE
1504403,Rajiv Kant Mishra,IND,16208,83,0.06,13,53,33,DL,Rajiv Kant Mishra,IND,,,,,False,53,2024,GE
1504404,Jarnail Singh,IND,16208,74,0.06,14,53,33,DL,Jarnail Singh,IND,,,,,False,53,2024,GE
1504405,Meena Ujjainwal,PPID,16397,70,0.05,15,53,33,DL,Meena Ujjainwal,PPID,,,,,False,53,2024,GE
1504406,Uma Shankar Tiwari,BTMSP,16483,67,0.05,16,53,33,DL,Uma Shankar Tiwari,BTMSP,,,,,False,53,2024,GE
1504407,Pramod Kureel,BNPA,16484,57,0.04,17,53,33,DL,Pramod Kureel,BNPA,,,,,False,53,2024,GE
1504408,Umesh Chauhan,RRP,16392,44,0.03,18,53,33,DL,Umesh Chauhan,RRP,,,,,False,53,2024,GE
1504409,Amit Kumar Singh,RSTRSURKP,16485,43,0.03,19,53,33,DL,Amit Kumar Singh,RSTRSURKP,,,,,False,53,2024,GE
1504410,Ram Narayan Mohanty,IND,16208,42,0.03,20,53,33,DL,Ram Narayan Mohanty,IND,,,,,False,53,2024,GE
1504411,Charanjeet Singh,AIFB,16231,40,0.03,21,53,33,DL,Charanjeet Singh,AIFB,,,,,False,53,2024,GE
1504412,Jaya Raman,SRVLKTSP,16486,31,0.02,22,53,33,DL,Jaya Raman,SRVLKTSP,,,,,False,53,2024,GE
1504413,Chaman Lal Verma,SMJVKP,16487,28,0.02,23,53,33,DL,Chaman Lal Verma,SMJVKP,,,,,False,53,2024,GE
1504414,Deepak Sharma,BJJP,16463,27,0.02,24,53,33,DL,Deepak Sharma,BJJP,,,,,False,53,2024,GE
1504415,Ravi,IND,16208,23,0.02,25,53,33,DL,Ravi,IND,,,,,False,53,2024,GE
1504416,Kamaljeet Sehrawat,BJP,16207,153497,58.3,1,53,34,DL,Kamaljeet Sehrawat,BJP,,,,,True,53,2024,GE
1504417,Mahabal Mishra,AAAP,16293,103828,39.43,2,53,34,DL,Mahabal Mishra,AAAP,,,,,False,53,2024,GE
1504418,None Of The Above,NOTA,16294,1584,0.6,3,53,34,DL,None Of The Above,NOTA,,,,,False,53,2024,GE
1504419,Vishakha,BSP,16206,1261,0.48,4,53,34,DL,Vishakha,BSP,,,,,False,53,2024,GE
1504420,Sabir Khan,IND,16208,414,0.16,5,53,34,DL,Sabir Khan,IND,,,,,False,53,2024,GE
1504421,Aj Rajan,NRCP,16461,357,0.14,6,53,34,DL,Aj Rajan,NRCP,,,,,False,53,2024,GE
1504422,Sunil Meghwal,APoI,16435,277,0.11,7,53,34,DL,Sunil Meghwal,APoI,,,,,False,53,2024,GE
1504423,Om Prakash Narayan,AAPP,16382,263,0.1,8,53,34,DL,Om Prakash Narayan,AAPP,,,,,False,53,2024,GE
1504424,Anju Sharma,IND,16208,204,0.08,9,53,34,DL,Anju Sharma,IND,,,,,False,53,2024,GE
1504425,Madhu,AKBRPRVP,16476,181,0.07,10,53,34,DL,Madhu,AKBRPRVP,,,,,False,53,2024,GE
1504426,Kapil Marwah,IND,16208,155,0.06,11,53,34,DL,Kapil Marwah,IND,,,,,False,53,2024,GE
1504427,Ramesh Kumar Jain Nirbhik,GaAP,16465,141,0.05,12,53,34,DL,Ramesh Kumar Jain Nirbhik,GaAP,,,,,False,53,2024,GE
1504428,Jarnail Singh,IND,16208,129,0.05,13,53,34,DL,Jarnail Singh,IND,,,,,False,53,2024,GE
1504429,Rajiv Kant Mishra,IND,16208,126,0.05,14,53,34,DL,Rajiv Kant Mishra,IND,,,,,False,53,2024,GE
1504430,Meena Ujjainwal,PPID,16397,117,0.04,15,53,34,DL,Meena Ujjainwal,PPID,,,,,False,53,2024,GE
1504431,Umesh Chauhan,RRP,16392,112,0.04,16,53,34,DL,Umesh Chauhan,RRP,,,,,False,53,2024,GE
1504432,Uma Shankar Tiwari,BTMSP,16483,101,0.04,17,53,34,DL,Uma Shankar Tiwari,BTMSP,,,,,False,53,2024,GE
1504433,Pramod Kureel,BNPA,16484,89,0.03,18,53,34,DL,Pramod Kureel,BNPA,,,,,False,53,2024,GE
1504434,Amit Kumar Singh,RSTRSURKP,16485,87,0.03,19,53,34,DL,Amit Kumar Singh,RSTRSURKP,,,,,False,53,2024,GE
1504435,Charanjeet Singh,AIFB,16231,85,0.03,20,53,34,DL,Charanjeet Singh,AIFB,,,,,False,53,2024,GE
1504436,Chaman Lal Verma,SMJVKP,16487,68,0.03,21,53,34,DL,Chaman Lal Verma,SMJVKP,,,,,False,53,2024,GE
1504437,Jaya Raman,SRVLKTSP,16486,61,0.02,22,53,34,DL,Jaya Raman,SRVLKTSP,,,,,False,53,2024,GE
1504438,Ram Narayan Mohanty,IND,16208,61,0.02,22,53,34,DL,Ram Narayan Mohanty,IND,,,,,False,53,2024,GE
1504439,Ravi,IND,16208,50,0.02,24,53,34,DL,Ravi,IND,,,,,False,53,2024,GE
1504440,Deepak Sharma,BJJP,16463,41,0.02,25,53,34,DL,Deepak Sharma,BJJP,,,,,False,53,2024,GE
1504441,Kamaljeet Sehrawat,BJP,16207,93920,57.45,1,53,35,DL,Kamaljeet Sehrawat,BJP,,,,,True,53,2024,GE
1504442,Mahabal Mishra,AAAP,16293,65011,39.77,2,53,35,DL,Mahabal Mishra,AAAP,,,,,False,53,2024,GE
1504443,Vishakha,BSP,16206,1119,0.68,3,53,35,DL,Vishakha,BSP,,,,,False,53,2024,GE
1504444,None Of The Above,NOTA,16294,874,0.53,4,53,35,DL,None Of The Above,NOTA,,,,,False,53,2024,GE
1504445,Sabir Khan,IND,16208,391,0.24,5,53,35,DL,Sabir Khan,IND,,,,,False,53,2024,GE
1504446,Aj Rajan,NRCP,16461,294,0.18,6,53,35,DL,Aj Rajan,NRCP,,,,,False,53,2024,GE
1504447,Sunil Meghwal,APoI,16435,261,0.16,7,53,35,DL,Sunil Meghwal,APoI,,,,,False,53,2024,GE
1504448,Om Prakash Narayan,AAPP,16382,222,0.14,8,53,35,DL,Om Prakash Narayan,AAPP,,,,,False,53,2024,GE
1504449,Anju Sharma,IND,16208,161,0.1,9,53,35,DL,Anju Sharma,IND,,,,,False,53,2024,GE
1504450,Kapil Marwah,IND,16208,145,0.09,10,53,35,DL,Kapil Marwah,IND,,,,,False,53,2024,GE
1504451,Rajiv Kant Mishra,IND,16208,133,0.08,11,53,35,DL,Rajiv Kant Mishra,IND,,,,,False,53,2024,GE
1504452,Jarnail Singh,IND,16208,122,0.07,12,53,35,DL,Jarnail Singh,IND,,,,,False,53,2024,GE
1504453,Madhu,AKBRPRVP,16476,102,0.06,13,53,35,DL,Madhu,AKBRPRVP,,,,,False,53,2024,GE
1504454,Ramesh Kumar Jain Nirbhik,GaAP,16465,93,0.06,14,53,35,DL,Ramesh Kumar Jain Nirbhik,GaAP,,,,,False,53,2024,GE
1504455,Uma Shankar Tiwari,BTMSP,16483,88,0.05,15,53,35,DL,Uma Shankar Tiwari,BTMSP,,,,,False,53,2024,GE
1504456,Meena Ujjainwal,PPID,16397,83,0.05,16,53,35,DL,Meena Ujjainwal,PPID,,,,,False,53,2024,GE
1504457,Ram Narayan Mohanty,IND,16208,67,0.04,17,53,35,DL,Ram Narayan Mohanty,IND,,,,,False,53,2024,GE
1504458,Amit Kumar Singh,RSTRSURKP,16485,63,0.04,18,53,35,DL,Amit Kumar Singh,RSTRSURKP,,,,,False,53,2024,GE
1504459,Pramod Kureel,BNPA,16484,59,0.04,19,53,35,DL,Pramod Kureel,BNPA,,,,,False,53,2024,GE
1504460,Umesh Chauhan,RRP,16392,56,0.03,20,53,35,DL,Umesh Chauhan,RRP,,,,,False,53,2024,GE
1504461,Chaman Lal Verma,SMJVKP,16487,51,0.03,21,53,35,DL,Chaman Lal Verma,SMJVKP,,,,,False,53,2024,GE
1504462,Jaya Raman,SRVLKTSP,16486,49,0.03,22,53,35,DL,Jaya Raman,SRVLKTSP,,,,,False,53,2024,GE
1504463,Charanjeet Singh,AIFB,16231,47,0.03,23,53,35,DL,Charanjeet Singh,AIFB,,,,,False,53,2024,GE
1504464,Deepak Sharma,BJJP,16463,40,0.02,24,53,35,DL,Deepak Sharma,BJJP,,,,,False,53,2024,GE
1504465,Ravi,IND,16208,30,0.02,25,53,35,DL,Ravi,IND,,,,,False,53,2024,GE
1504466,Ramvir Singh Bidhuri,BJP,16207,72603,59.0,1,53,36,DL,Ramvir Singh Bidhuri,BJP,,,,,True,53,2024,GE
1504467,Sahi Ram,AAAP,16293,47527,38.62,2,53,36,DL,Sahi Ram,AAAP,,,,,False,53,2024,GE
1504468,None Of The Above,NOTA,16294,656,0.53,3,53,36,DL,None Of The Above,NOTA,,,,,False,53,2024,GE
1504469,Abdul Basit,BSP,16206,641,0.52,4,53,36,DL,Abdul Basit,BSP,,,,,False,53,2024,GE
1504470,Ram Gopal,HRJSP,16488,342,0.28,5,53,36,DL,Ram Gopal,HRJSP,,,,,False,53,2024,GE
1504471,Chandrashekhar Singh Kushwaha,IND,16208,147,0.12,6,53,36,DL,Chandrashekhar Singh Kushwaha,IND,,,,,False,53,2024,GE
1504472,Surinder Kumar,BHRJWNKP,16479,128,0.1,7,53,36,DL,Surinder Kumar,BHRJWNKP,,,,,False,53,2024,GE
1504473,Naveen Kumar,HSVP,16489,127,0.1,8,53,36,DL,Naveen Kumar,HSVP,,,,,False,53,2024,GE
1504474,Deepak Kapila,IND,16208,117,0.1,9,53,36,DL,Deepak Kapila,IND,,,,,False,53,2024,GE
1504475,Omaprakash,SMJVKP,16487,114,0.09,10,53,36,DL,Omaprakash,SMJVKP,,,,,False,53,2024,GE
1504476,Jagdish Kumar Verma,IND,16208,96,0.08,11,53,36,DL,Jagdish Kumar Verma,IND,,,,,False,53,2024,GE
1504477,Lakhan Singh,NRCP,16461,75,0.06,12,53,36,DL,Lakhan Singh,NRCP,,,,,False,53,2024,GE
1504478,Poonam Srivastava,IND,16208,69,0.06,13,53,36,DL,Poonam Srivastava,IND,,,,,False,53,2024,GE
1504479,Arun Kumar,IND,16208,57,0.05,14,53,36,DL,Arun Kumar,IND,,,,,False,53,2024,GE
1504480,Kamlesh Kumar Jha,IND,16208,52,0.04,15,53,36,DL,Kamlesh Kumar Jha,IND,,,,,False,53,2024,GE
1504481,Rinki Sanyal,BSKRP,16275,49,0.04,16,53,36,DL,Rinki Sanyal,BSKRP,,,,,False,53,2024,GE
1504483,Shankar Dey,IND,16208,48,0.04,17,53,36,DL,Shankar Dey,IND,,,,,False,53,2024,GE
1504482,Surjeet Singh,DJP,16306,48,0.04,17,53,36,DL,Surjeet Singh,DJP,,,,,False,53,2024,GE
1504484,Bihari Lal Jalandhari,INGRP,16490,45,0.04,19,53,36,DL,Bihari Lal Jalandhari,INGRP,,,,,False,53,2024,GE
1504485,Bhim Singh,APoI,16435,43,0.03,20,53,36,DL,Bhim Singh,APoI,,,,,False,53,2024,GE
1504486,Gautam Anand,AIFB,16231,38,0.03,21,53,36,DL,Gautam Anand,AIFB,,,,,False,53,2024,GE
1504487,Virender,IND,16208,22,0.02,22,53,36,DL,Virender,IND,,,,,False,53,2024,GE
1504488,Rajan Singh,IND,16208,21,0.02,23,53,36,DL,Rajan Singh,IND,,,,,False,53,2024,GE
1504489,Ramvir Singh Bidhuri,BJP,16207,88263,57.28,1,53,37,DL,Ramvir Singh Bidhuri,BJP,,,,,True,53,2024,GE
1504490,Sahi Ram,AAAP,16293,61836,40.13,2,53,37,DL,Sahi Ram,AAAP,,,,,False,53,2024,GE
1504491,Abdul Basit,BSP,16206,1059,0.69,3,53,37,DL,Abdul Basit,BSP,,,,,False,53,2024,GE
1504492,None Of The Above,NOTA,16294,955,0.62,4,53,37,DL,None Of The Above,NOTA,,,,,False,53,2024,GE
1504493,Ram Gopal,HRJSP,16488,427,0.28,5,53,37,DL,Ram Gopal,HRJSP,,,,,False,53,2024,GE
1504494,Chandrashekhar Singh Kushwaha,IND,16208,197,0.13,6,53,37,DL,Chandrashekhar Singh Kushwaha,IND,,,,,False,53,2024,GE
1504495,Deepak Kapila,IND,16208,191,0.12,7,53,37,DL,Deepak Kapila,IND,,,,,False,53,2024,GE
1504496,Jagdish Kumar Verma,IND,16208,142,0.09,8,53,37,DL,Jagdish Kumar Verma,IND,,,,,False,53,2024,GE
1504497,Omaprakash,SMJVKP,16487,126,0.08,9,53,37,DL,Omaprakash,SMJVKP,,,,,False,53,2024,GE
1504498,Rinki Sanyal,BSKRP,16275,103,0.07,10,53,37,DL,Rinki Sanyal,BSKRP,,,,,False,53,2024,GE
1504499,Poonam Srivastava,IND,16208,94,0.06,11,53,37,DL,Poonam Srivastava,IND,,,,,False,53,2024,GE
1504500,Arun Kumar,IND,16208,85,0.06,12,53,37,DL,Arun Kumar,IND,,,,,False,53,2024,GE
1504501,Lakhan Singh,NRCP,16461,83,0.05,13,53,37,DL,Lakhan Singh,NRCP,,,,,False,53,2024,GE
1504502,Kamlesh Kumar Jha,IND,16208,78,0.05,14,53,37,DL,Kamlesh Kumar Jha,IND,,,,,False,53,2024,GE
1504503,Bhim Singh,APoI,16435,71,0.05,15,53,37,DL,Bhim Singh,APoI,,,,,False,53,2024,GE
1504504,Bihari Lal Jalandhari,INGRP,16490,67,0.04,16,53,37,DL,Bihari Lal Jalandhari,INGRP,,,,,False,53,2024,GE
1504505,Shankar Dey,IND,16208,56,0.04,17,53,37,DL,Shankar Dey,IND,,,,,False,53,2024,GE
1504506,Surjeet Singh,DJP,16306,55,0.04,18,53,37,DL,Surjeet Singh,DJP,,,,,False,53,2024,GE
1504507,Gautam Anand,AIFB,16231,55,0.04,18,53,37,DL,Gautam Anand,AIFB,,,,,False,53,2024,GE
1504508,Virender,IND,16208,48,0.03,20,53,37,DL,Virender,IND,,,,,False,53,2024,GE
1504509,Surinder Kumar,BHRJWNKP,16479,43,0.03,21,53,37,DL,Surinder Kumar,BHRJWNKP,,,,,False,53,2024,GE
1504510,Naveen Kumar,HSVP,16489,38,0.02,22,53,37,DL,Naveen Kumar,HSVP,,,,,False,53,2024,GE
1504511,Rajan Singh,IND,16208,23,0.01,23,53,37,DL,Rajan Singh,IND,,,,,False,53,2024,GE
1504512,Somnath Bharti,AAAP,16293,20211,50.0,1,53,38,DL,Somnath Bharti,AAAP,,,,,False,53,2024,GE
1504513,Bansuri Swaraj,BJP,16207,19029,47.08,2,53,38,DL,Bansuri Swaraj,BJP,,,,,True,53,2024,GE
1504514,Raaj Kumar Anand,BSP,16206,327,0.81,3,53,38,DL,Raaj Kumar Anand,BSP,,,,,False,53,2024,GE
1504515,None Of The Above,NOTA,16294,244,0.6,4,53,38,DL,None Of The Above,NOTA,,,,,False,53,2024,GE
1504516,Sanjay Rawat,IND,16208,110,0.27,5,53,38,DL,Sanjay Rawat,IND,,,,,False,53,2024,GE
1504517,Achla Jethmalani,JDKRP,16455,70,0.17,6,53,38,DL,Achla Jethmalani,JDKRP,,,,,False,53,2024,GE
1504518,Hira Lal,IND,16208,66,0.16,7,53,38,DL,Hira Lal,IND,,,,,False,53,2024,GE
1504519,Dilip Singh,IND,16208,60,0.15,8,53,38,DL,Dilip Singh,IND,,,,,False,53,2024,GE
1504520,Prem Singh,NRCP,16461,55,0.14,9,53,38,DL,Prem Singh,NRCP,,,,,False,53,2024,GE
1504521,Upen‍Dra,AnAP,16400,54,0.13,10,53,38,DL,Upen‍Dra,AnAP,,,,,False,53,2024,GE
1504522,Lukman Khan,LGP,16481,39,0.1,11,53,38,DL,Lukman Khan,LGP,,,,,False,53,2024,GE
1504523,Punam Pandey,RLPI,16480,32,0.08,12,53,38,DL,Punam Pandey,RLPI,,,,,False,53,2024,GE
1504524,Sandhya Thakkar,RTPP,16433,31,0.08,13,53,38,DL,Sandhya Thakkar,RTPP,,,,,False,53,2024,GE
1504525,Ravinder Singh,IND,16208,24,0.06,14,53,38,DL,Ravinder Singh,IND,,,,,False,53,2024,GE
1504526,Prithvi Nath Singh,BSKRP,16275,22,0.05,15,53,38,DL,Prithvi Nath Singh,BSKRP,,,,,False,53,2024,GE
1504527,Mahesh Kumar Denwal,APoI,16435,21,0.05,16,53,38,DL,Mahesh Kumar Denwal,APoI,,,,,False,53,2024,GE
1504528,Dinesh Kumar,PPID,16397,13,0.03,17,53,38,DL,Dinesh Kumar,PPID,,,,,False,53,2024,GE
1504529,Manoj Kumar Sharma,LOKJANP,16482,10,0.02,18,53,38,DL,Manoj Kumar Sharma,LOKJANP,,,,,False,53,2024,GE
1504530,Bansuri Swaraj,BJP,16207,48179,53.67,1,53,39,DL,Bansuri Swaraj,BJP,,,,,True,53,2024,GE
1504531,Somnath Bharti,AAAP,16293,39777,44.31,2,53,39,DL,Somnath Bharti,AAAP,,,,,False,53,2024,GE
1504532,Raaj Kumar Anand,BSP,16206,491,0.55,3,53,39,DL,Raaj Kumar Anand,BSP,,,,,False,53,2024,GE
1504533,None Of The Above,NOTA,16294,439,0.49,4,53,39,DL,None Of The Above,NOTA,,,,,False,53,2024,GE
1504534,Sanjay Rawat,IND,16208,133,0.15,5,53,39,DL,Sanjay Rawat,IND,,,,,False,53,2024,GE
1504535,Achla Jethmalani,JDKRP,16455,119,0.13,6,53,39,DL,Achla Jethmalani,JDKRP,,,,,False,53,2024,GE
1504536,Hira Lal,IND,16208,111,0.12,7,53,39,DL,Hira Lal,IND,,,,,False,53,2024,GE
1504537,Dilip Singh,IND,16208,89,0.1,8,53,39,DL,Dilip Singh,IND,,,,,False,53,2024,GE
1504538,Upen‍Dra,AnAP,16400,76,0.08,9,53,39,DL,Upen‍Dra,AnAP,,,,,False,53,2024,GE
1504539,Lukman Khan,LGP,16481,67,0.07,10,53,39,DL,Lukman Khan,LGP,,,,,False,53,2024,GE
1504540,Punam Pandey,RLPI,16480,61,0.07,11,53,39,DL,Punam Pandey,RLPI,,,,,False,53,2024,GE
1504541,Prem Singh,NRCP,16461,54,0.06,12,53,39,DL,Prem Singh,NRCP,,,,,False,53,2024,GE
1504542,Sandhya Thakkar,RTPP,16433,49,0.05,13,53,39,DL,Sandhya Thakkar,RTPP,,,,,False,53,2024,GE
1504543,Ravinder Singh,IND,16208,38,0.04,14,53,39,DL,Ravinder Singh,IND,,,,,False,53,2024,GE
1504544,Dinesh Kumar,PPID,16397,27,0.03,15,53,39,DL,Dinesh Kumar,PPID,,,,,False,53,2024,GE
1504545,Prithvi Nath Singh,BSKRP,16275,26,0.03,16,53,39,DL,Prithvi Nath Singh,BSKRP,,,,,False,53,2024,GE
1504546,Manoj Kumar Sharma,LOKJANP,16482,21,0.02,17,53,39,DL,Manoj Kumar Sharma,LOKJANP,,,,,False,53,2024,GE
1504547,Mahesh Kumar Denwal,APoI,16435,17,0.02,18,53,39,DL,Mahesh Kumar Denwal,APoI,,,,,False,53,2024,GE
1504548,Somnath Bharti,AAAP,16293,29257,50.73,1,53,40,DL,Somnath Bharti,AAAP,,,,,False,53,2024,GE
1504549,Bansuri Swaraj,BJP,16207,26995,46.81,2,53,40,DL,Bansuri Swaraj,BJP,,,,,True,53,2024,GE
1504550,None Of The Above,NOTA,16294,427,0.74,3,53,40,DL,None Of The Above,NOTA,,,,,False,53,2024,GE
1504551,Raaj Kumar Anand,BSP,16206,316,0.55,4,53,40,DL,Raaj Kumar Anand,BSP,,,,,False,53,2024,GE
1504552,Sanjay Rawat,IND,16208,105,0.18,5,53,40,DL,Sanjay Rawat,IND,,,,,False,53,2024,GE
1504553,Achla Jethmalani,JDKRP,16455,90,0.16,6,53,40,DL,Achla Jethmalani,JDKRP,,,,,False,53,2024,GE
1504554,Prem Singh,NRCP,16461,58,0.1,7,53,40,DL,Prem Singh,NRCP,,,,,False,53,2024,GE
1504555,Punam Pandey,RLPI,16480,57,0.1,8,53,40,DL,Punam Pandey,RLPI,,,,,False,53,2024,GE
1504556,Hira Lal,IND,16208,56,0.1,9,53,40,DL,Hira Lal,IND,,,,,False,53,2024,GE
1504557,Dilip Singh,IND,16208,54,0.09,10,53,40,DL,Dilip Singh,IND,,,,,False,53,2024,GE
1504558,Upen‍Dra,AnAP,16400,53,0.09,11,53,40,DL,Upen‍Dra,AnAP,,,,,False,53,2024,GE
1504559,Lukman Khan,LGP,16481,48,0.08,12,53,40,DL,Lukman Khan,LGP,,,,,False,53,2024,GE
1504560,Sandhya Thakkar,RTPP,16433,35,0.06,13,53,40,DL,Sandhya Thakkar,RTPP,,,,,False,53,2024,GE
1504561,Ravinder Singh,IND,16208,26,0.05,14,53,40,DL,Ravinder Singh,IND,,,,,False,53,2024,GE
1504562,Prithvi Nath Singh,BSKRP,16275,25,0.04,15,53,40,DL,Prithvi Nath Singh,BSKRP,,,,,False,53,2024,GE
1504563,Dinesh Kumar,PPID,16397,24,0.04,16,53,40,DL,Dinesh Kumar,PPID,,,,,False,53,2024,GE
1504564,Mahesh Kumar Denwal,APoI,16435,23,0.04,17,53,40,DL,Mahesh Kumar Denwal,APoI,,,,,False,53,2024,GE
1504565,Manoj Kumar Sharma,LOKJANP,16482,19,0.03,18,53,40,DL,Manoj Kumar Sharma,LOKJANP,,,,,False,53,2024,GE
1504566,Kuldeep Kumar (Monu),AAAP,16293,40803,50.29,1,53,41,DL,Kuldeep Kumar (Monu),AAAP,,,,,False,53,2024,GE
1504567,Harsh Malhotra,BJP,16207,38312,47.22,2,53,41,DL,Harsh Malhotra,BJP,,,,,True,53,2024,GE
1504568,None Of The Above,NOTA,16294,454,0.56,3,53,41,DL,None Of The Above,NOTA,,,,,False,53,2024,GE
1504569,Mohd. Waqar Choudhary,BSP,16206,364,0.45,4,53,41,DL,Mohd. Waqar Choudhary,BSP,,,,,False,53,2024,GE
1504570,A. Gopala Krishna,NRCP,16461,241,0.3,5,53,41,DL,A. Gopala Krishna,NRCP,,,,,False,53,2024,GE
1504571,Kuldeep Kumar,IND,16208,150,0.18,6,53,41,DL,Kuldeep Kumar,IND,,,,,False,53,2024,GE
1504572,Yogesh Chaudhary,BVD,16491,142,0.18,7,53,41,DL,Yogesh Chaudhary,BVD,,,,,False,53,2024,GE
1504573,Rodash Gupta,IND,16208,95,0.12,8,53,41,DL,Rodash Gupta,IND,,,,,False,53,2024,GE
1504574,Manoj Kumar Gupta (Swaraji),IND,16208,92,0.11,9,53,41,DL,Manoj Kumar Gupta (Swaraji),IND,,,,,False,53,2024,GE
1504575,Jyoti Prakash (Monu),ESBD,16492,68,0.08,10,53,41,DL,Jyoti Prakash (Monu),ESBD,,,,,False,53,2024,GE
1504576,Arunima Gautam,IND,16208,62,0.08,11,53,41,DL,Arunima Gautam,IND,,,,,False,53,2024,GE
1504577,Mohammad Irfan,IND,16208,59,0.07,12,53,41,DL,Mohammad Irfan,IND,,,,,False,53,2024,GE
1504578,Jai Ram Lal,RTPP,16433,54,0.07,13,53,41,DL,Jai Ram Lal,RTPP,,,,,False,53,2024,GE
1504579,Advocate Manjeet Singh,RaNP,16394,48,0.06,14,53,41,DL,Advocate Manjeet Singh,RaNP,,,,,False,53,2024,GE
1504580,Om Shankar,IND,16208,42,0.05,15,53,41,DL,Om Shankar,IND,,,,,False,53,2024,GE
1504581,Vimal Kumar Saxena,IND,16208,31,0.04,16,53,41,DL,Vimal Kumar Saxena,IND,,,,,False,53,2024,GE
1504582,Amit Gupta,IND,16208,31,0.04,16,53,41,DL,Amit Gupta,IND,,,,,False,53,2024,GE
1504583,Sanjaya Kumar Yadav,RTORP,16385,29,0.04,18,53,41,DL,Sanjaya Kumar Yadav,RTORP,,,,,False,53,2024,GE
1504584,Lal Singh,BHUDRP,16430,23,0.03,19,53,41,DL,Lal Singh,BHUDRP,,,,,False,53,2024,GE
1504585,Surendra Singh Basoya,PPID,16397,21,0.03,20,53,41,DL,Surendra Singh Basoya,PPID,,,,,False,53,2024,GE
1504586,Sanjay,PuPP,16462,15,0.02,21,53,41,DL,Sanjay,PuPP,,,,,False,53,2024,GE
1504587,Bansuri Swaraj,BJP,16207,48610,60.25,1,53,42,DL,Bansuri Swaraj,BJP,,,,,True,53,2024,GE
1504588,Somnath Bharti,AAAP,16293,30389,37.67,2,53,42,DL,Somnath Bharti,AAAP,,,,,False,53,2024,GE
1504589,None Of The Above,NOTA,16294,470,0.58,3,53,42,DL,None Of The Above,NOTA,,,,,False,53,2024,GE
1504590,Raaj Kumar Anand,BSP,16206,369,0.46,4,53,42,DL,Raaj Kumar Anand,BSP,,,,,False,53,2024,GE
1504591,Sanjay Rawat,IND,16208,125,0.15,5,53,42,DL,Sanjay Rawat,IND,,,,,False,53,2024,GE
1504592,Achla Jethmalani,JDKRP,16455,87,0.11,6,53,42,DL,Achla Jethmalani,JDKRP,,,,,False,53,2024,GE
1504593,Hira Lal,IND,16208,84,0.1,7,53,42,DL,Hira Lal,IND,,,,,False,53,2024,GE
1504595,Punam Pandey,RLPI,16480,74,0.09,8,53,42,DL,Punam Pandey,RLPI,,,,,False,53,2024,GE
1504594,Prem Singh,NRCP,16461,74,0.09,8,53,42,DL,Prem Singh,NRCP,,,,,False,53,2024,GE
1504596,Upen‍Dra,AnAP,16400,68,0.08,10,53,42,DL,Upen‍Dra,AnAP,,,,,False,53,2024,GE
1504597,Lukman Khan,LGP,16481,66,0.08,11,53,42,DL,Lukman Khan,LGP,,,,,False,53,2024,GE
1504598,Dilip Singh,IND,16208,56,0.07,12,53,42,DL,Dilip Singh,IND,,,,,False,53,2024,GE
1504599,Sandhya Thakkar,RTPP,16433,46,0.06,13,53,42,DL,Sandhya Thakkar,RTPP,,,,,False,53,2024,GE
1504601,Prithvi Nath Singh,BSKRP,16275,36,0.04,14,53,42,DL,Prithvi Nath Singh,BSKRP,,,,,False,53,2024,GE
1504600,Dinesh Kumar,PPID,16397,36,0.04,14,53,42,DL,Dinesh Kumar,PPID,,,,,False,53,2024,GE
1504602,Mahesh Kumar Denwal,APoI,16435,34,0.04,16,53,42,DL,Mahesh Kumar Denwal,APoI,,,,,False,53,2024,GE
1504603,Ravinder Singh,IND,16208,32,0.04,17,53,42,DL,Ravinder Singh,IND,,,,,False,53,2024,GE
1504604,Manoj Kumar Sharma,LOKJANP,16482,19,0.02,18,53,42,DL,Manoj Kumar Sharma,LOKJANP,,,,,False,53,2024,GE
1504605,Bansuri Swaraj,BJP,16207,43623,51.39,1,53,43,DL,Bansuri Swaraj,BJP,,,,,True,53,2024,GE
1504606,Somnath Bharti,AAAP,16293,39700,46.77,2,53,43,DL,Somnath Bharti,AAAP,,,,,False,53,2024,GE
1504607,None Of The Above,NOTA,16294,524,0.62,3,53,43,DL,None Of The Above,NOTA,,,,,False,53,2024,GE
1504608,Raaj Kumar Anand,BSP,16206,380,0.45,4,53,43,DL,Raaj Kumar Anand,BSP,,,,,False,53,2024,GE
1504609,Achla Jethmalani,JDKRP,16455,99,0.12,5,53,43,DL,Achla Jethmalani,JDKRP,,,,,False,53,2024,GE
1504610,Sanjay Rawat,IND,16208,78,0.09,6,53,43,DL,Sanjay Rawat,IND,,,,,False,53,2024,GE
1504611,Hira Lal,IND,16208,77,0.09,7,53,43,DL,Hira Lal,IND,,,,,False,53,2024,GE
1504612,Upen‍Dra,AnAP,16400,63,0.07,8,53,43,DL,Upen‍Dra,AnAP,,,,,False,53,2024,GE
1504613,Prem Singh,NRCP,16461,62,0.07,9,53,43,DL,Prem Singh,NRCP,,,,,False,53,2024,GE
1504614,Punam Pandey,RLPI,16480,46,0.05,10,53,43,DL,Punam Pandey,RLPI,,,,,False,53,2024,GE
1504615,Dilip Singh,IND,16208,45,0.05,11,53,43,DL,Dilip Singh,IND,,,,,False,53,2024,GE
1504616,Lukman Khan,LGP,16481,44,0.05,12,53,43,DL,Lukman Khan,LGP,,,,,False,53,2024,GE
1504617,Sandhya Thakkar,RTPP,16433,36,0.04,13,53,43,DL,Sandhya Thakkar,RTPP,,,,,False,53,2024,GE
1504618,Dinesh Kumar,PPID,16397,25,0.03,14,53,43,DL,Dinesh Kumar,PPID,,,,,False,53,2024,GE
1504619,Mahesh Kumar Denwal,APoI,16435,25,0.03,14,53,43,DL,Mahesh Kumar Denwal,APoI,,,,,False,53,2024,GE
1504620,Prithvi Nath Singh,BSKRP,16275,22,0.03,16,53,43,DL,Prithvi Nath Singh,BSKRP,,,,,False,53,2024,GE
1504621,Ravinder Singh,IND,16208,21,0.02,17,53,43,DL,Ravinder Singh,IND,,,,,False,53,2024,GE
1504622,Manoj Kumar Sharma,LOKJANP,16482,12,0.01,18,53,43,DL,Manoj Kumar Sharma,LOKJANP,,,,,False,53,2024,GE
1504623,Somnath Bharti,AAAP,16293,35965,49.32,1,53,44,DL,Somnath Bharti,AAAP,,,,,False,53,2024,GE
1504624,Bansuri Swaraj,BJP,16207,35053,48.07,2,53,44,DL,Bansuri Swaraj,BJP,,,,,True,53,2024,GE
1504625,Raaj Kumar Anand,BSP,16206,524,0.72,3,53,44,DL,Raaj Kumar Anand,BSP,,,,,False,53,2024,GE
1504626,None Of The Above,NOTA,16294,476,0.65,4,53,44,DL,None Of The Above,NOTA,,,,,False,53,2024,GE
1504627,Sanjay Rawat,IND,16208,122,0.17,5,53,44,DL,Sanjay Rawat,IND,,,,,False,53,2024,GE
1504628,Achla Jethmalani,JDKRP,16455,107,0.15,6,53,44,DL,Achla Jethmalani,JDKRP,,,,,False,53,2024,GE
1504629,Prem Singh,NRCP,16461,91,0.12,7,53,44,DL,Prem Singh,NRCP,,,,,False,53,2024,GE
1504630,Dilip Singh,IND,16208,85,0.12,8,53,44,DL,Dilip Singh,IND,,,,,False,53,2024,GE
1504631,Hira Lal,IND,16208,84,0.12,9,53,44,DL,Hira Lal,IND,,,,,False,53,2024,GE
1504632,Upen‍Dra,AnAP,16400,74,0.1,10,53,44,DL,Upen‍Dra,AnAP,,,,,False,53,2024,GE
1504633,Punam Pandey,RLPI,16480,68,0.09,11,53,44,DL,Punam Pandey,RLPI,,,,,False,53,2024,GE
1504634,Lukman Khan,LGP,16481,56,0.08,12,53,44,DL,Lukman Khan,LGP,,,,,False,53,2024,GE
1504635,Sandhya Thakkar,RTPP,16433,54,0.07,13,53,44,DL,Sandhya Thakkar,RTPP,,,,,False,53,2024,GE
1504636,Dinesh Kumar,PPID,16397,42,0.06,14,53,44,DL,Dinesh Kumar,PPID,,,,,False,53,2024,GE
1504637,Prithvi Nath Singh,BSKRP,16275,38,0.05,15,53,44,DL,Prithvi Nath Singh,BSKRP,,,,,False,53,2024,GE
1504638,Ravinder Singh,IND,16208,27,0.04,16,53,44,DL,Ravinder Singh,IND,,,,,False,53,2024,GE
1504639,Manoj Kumar Sharma,LOKJANP,16482,25,0.03,17,53,44,DL,Manoj Kumar Sharma,LOKJANP,,,,,False,53,2024,GE
1504640,Mahesh Kumar Denwal,APoI,16435,24,0.03,18,53,44,DL,Mahesh Kumar Denwal,APoI,,,,,False,53,2024,GE
1504641,Ramvir Singh Bidhuri,BJP,16207,60713,54.03,1,53,45,DL,Ramvir Singh Bidhuri,BJP,,,,,True,53,2024,GE
1504642,Sahi Ram,AAAP,16293,48765,43.39,2,53,45,DL,Sahi Ram,AAAP,,,,,False,53,2024,GE
1504643,None Of The Above,NOTA,16294,743,0.66,3,53,45,DL,None Of The Above,NOTA,,,,,False,53,2024,GE
1504644,Abdul Basit,BSP,16206,547,0.49,4,53,45,DL,Abdul Basit,BSP,,,,,False,53,2024,GE
1504645,Ram Gopal,HRJSP,16488,326,0.29,5,53,45,DL,Ram Gopal,HRJSP,,,,,False,53,2024,GE
1504646,Chandrashekhar Singh Kushwaha,IND,16208,137,0.12,6,53,45,DL,Chandrashekhar Singh Kushwaha,IND,,,,,False,53,2024,GE
1504647,Omaprakash,SMJVKP,16487,110,0.1,7,53,45,DL,Omaprakash,SMJVKP,,,,,False,53,2024,GE
1504648,Deepak Kapila,IND,16208,100,0.09,8,53,45,DL,Deepak Kapila,IND,,,,,False,53,2024,GE
1504649,Jagdish Kumar Verma,IND,16208,96,0.09,9,53,45,DL,Jagdish Kumar Verma,IND,,,,,False,53,2024,GE
1504650,Lakhan Singh,NRCP,16461,92,0.08,10,53,45,DL,Lakhan Singh,NRCP,,,,,False,53,2024,GE
1504651,Surinder Kumar,BHRJWNKP,16479,83,0.07,11,53,45,DL,Surinder Kumar,BHRJWNKP,,,,,False,53,2024,GE
1504652,Poonam Srivastava,IND,16208,81,0.07,12,53,45,DL,Poonam Srivastava,IND,,,,,False,53,2024,GE
1504653,Rinki Sanyal,BSKRP,16275,79,0.07,13,53,45,DL,Rinki Sanyal,BSKRP,,,,,False,53,2024,GE
1504654,Surjeet Singh,DJP,16306,75,0.07,14,53,45,DL,Surjeet Singh,DJP,,,,,False,53,2024,GE
1504655,Arun Kumar,IND,16208,63,0.06,15,53,45,DL,Arun Kumar,IND,,,,,False,53,2024,GE
1504657,Shankar Dey,IND,16208,63,0.06,15,53,45,DL,Shankar Dey,IND,,,,,False,53,2024,GE
1504656,Gautam Anand,AIFB,16231,63,0.06,15,53,45,DL,Gautam Anand,AIFB,,,,,False,53,2024,GE
1504658,Bihari Lal Jalandhari,INGRP,16490,50,0.04,18,53,45,DL,Bihari Lal Jalandhari,INGRP,,,,,False,53,2024,GE
1504659,Kamlesh Kumar Jha,IND,16208,47,0.04,19,53,45,DL,Kamlesh Kumar Jha,IND,,,,,False,53,2024,GE
1504660,Naveen Kumar,HSVP,16489,44,0.04,20,53,45,DL,Naveen Kumar,HSVP,,,,,False,53,2024,GE
1504661,Virender,IND,16208,37,0.03,21,53,45,DL,Virender,IND,,,,,False,53,2024,GE
1504662,Bhim Singh,APoI,16435,32,0.03,22,53,45,DL,Bhim Singh,APoI,,,,,False,53,2024,GE
1504663,Rajan Singh,IND,16208,30,0.03,23,53,45,DL,Rajan Singh,IND,,,,,False,53,2024,GE
1504664,Ramvir Singh Bidhuri,BJP,16207,84595,58.54,1,53,46,DL,Ramvir Singh Bidhuri,BJP,,,,,True,53,2024,GE
1504665,Sahi Ram,AAAP,16293,56458,39.07,2,53,46,DL,Sahi Ram,AAAP,,,,,False,53,2024,GE
1504666,Abdul Basit,BSP,16206,889,0.62,3,53,46,DL,Abdul Basit,BSP,,,,,False,53,2024,GE
1504667,None Of The Above,NOTA,16294,619,0.43,4,53,46,DL,None Of The Above,NOTA,,,,,False,53,2024,GE
1504668,Ram Gopal,HRJSP,16488,423,0.29,5,53,46,DL,Ram Gopal,HRJSP,,,,,False,53,2024,GE
1504669,Chandrashekhar Singh Kushwaha,IND,16208,194,0.13,6,53,46,DL,Chandrashekhar Singh Kushwaha,IND,,,,,False,53,2024,GE
1504670,Deepak Kapila,IND,16208,145,0.1,7,53,46,DL,Deepak Kapila,IND,,,,,False,53,2024,GE
1504671,Jagdish Kumar Verma,IND,16208,140,0.1,8,53,46,DL,Jagdish Kumar Verma,IND,,,,,False,53,2024,GE
1504672,Omaprakash,SMJVKP,16487,132,0.09,9,53,46,DL,Omaprakash,SMJVKP,,,,,False,53,2024,GE
1504673,Lakhan Singh,NRCP,16461,106,0.07,10,53,46,DL,Lakhan Singh,NRCP,,,,,False,53,2024,GE
1504674,Poonam Srivastava,IND,16208,92,0.06,11,53,46,DL,Poonam Srivastava,IND,,,,,False,53,2024,GE
1504675,Kamlesh Kumar Jha,IND,16208,90,0.06,12,53,46,DL,Kamlesh Kumar Jha,IND,,,,,False,53,2024,GE
1504676,Gautam Anand,AIFB,16231,73,0.05,13,53,46,DL,Gautam Anand,AIFB,,,,,False,53,2024,GE
1504677,Rinki Sanyal,BSKRP,16275,72,0.05,14,53,46,DL,Rinki Sanyal,BSKRP,,,,,False,53,2024,GE
1504678,Surinder Kumar,BHRJWNKP,16479,72,0.05,14,53,46,DL,Surinder Kumar,BHRJWNKP,,,,,False,53,2024,GE
1504679,Bhim Singh,APoI,16435,70,0.05,16,53,46,DL,Bhim Singh,APoI,,,,,False,53,2024,GE
1504680,Arun Kumar,IND,16208,63,0.04,17,53,46,DL,Arun Kumar,IND,,,,,False,53,2024,GE
1504681,Surjeet Singh,DJP,16306,62,0.04,18,53,46,DL,Surjeet Singh,DJP,,,,,False,53,2024,GE
1504682,Bihari Lal Jalandhari,INGRP,16490,54,0.04,19,53,46,DL,Bihari Lal Jalandhari,INGRP,,,,,False,53,2024,GE
1504683,Naveen Kumar,HSVP,16489,43,0.03,20,53,46,DL,Naveen Kumar,HSVP,,,,,False,53,2024,GE
1504684,Shankar Dey,IND,16208,40,0.03,21,53,46,DL,Shankar Dey,IND,,,,,False,53,2024,GE
1504685,Virender,IND,16208,36,0.02,22,53,46,DL,Virender,IND,,,,,False,53,2024,GE
1504686,Rajan Singh,IND,16208,36,0.02,22,53,46,DL,Rajan Singh,IND,,,,,False,53,2024,GE
1504687,Ramvir Singh Bidhuri,BJP,16207,73833,49.29,1,53,47,DL,Ramvir Singh Bidhuri,BJP,,,,,True,53,2024,GE
1504688,Sahi Ram,AAAP,16293,71513,47.75,2,53,47,DL,Sahi Ram,AAAP,,,,,False,53,2024,GE
1504689,Abdul Basit,BSP,16206,1245,0.83,3,53,47,DL,Abdul Basit,BSP,,,,,False,53,2024,GE
1504690,Ram Gopal,HRJSP,16488,600,0.4,4,53,47,DL,Ram Gopal,HRJSP,,,,,False,53,2024,GE
1504691,None Of The Above,NOTA,16294,557,0.37,5,53,47,DL,None Of The Above,NOTA,,,,,False,53,2024,GE
1504692,Chandrashekhar Singh Kushwaha,IND,16208,339,0.23,6,53,47,DL,Chandrashekhar Singh Kushwaha,IND,,,,,False,53,2024,GE
1504693,Deepak Kapila,IND,16208,180,0.12,7,53,47,DL,Deepak Kapila,IND,,,,,False,53,2024,GE
1504694,Omaprakash,SMJVKP,16487,171,0.11,8,53,47,DL,Omaprakash,SMJVKP,,,,,False,53,2024,GE
1504695,Jagdish Kumar Verma,IND,16208,163,0.11,9,53,47,DL,Jagdish Kumar Verma,IND,,,,,False,53,2024,GE
1504696,Lakhan Singh,NRCP,16461,157,0.1,10,53,47,DL,Lakhan Singh,NRCP,,,,,False,53,2024,GE
1504697,Poonam Srivastava,IND,16208,118,0.08,11,53,47,DL,Poonam Srivastava,IND,,,,,False,53,2024,GE
1504698,Arun Kumar,IND,16208,97,0.06,12,53,47,DL,Arun Kumar,IND,,,,,False,53,2024,GE
1504699,Rinki Sanyal,BSKRP,16275,96,0.06,13,53,47,DL,Rinki Sanyal,BSKRP,,,,,False,53,2024,GE
1504700,Kamlesh Kumar Jha,IND,16208,95,0.06,14,53,47,DL,Kamlesh Kumar Jha,IND,,,,,False,53,2024,GE
1504701,Bhim Singh,APoI,16435,90,0.06,15,53,47,DL,Bhim Singh,APoI,,,,,False,53,2024,GE
1504702,Gautam Anand,AIFB,16231,90,0.06,15,53,47,DL,Gautam Anand,AIFB,,,,,False,53,2024,GE
1504703,Surjeet Singh,DJP,16306,88,0.06,17,53,47,DL,Surjeet Singh,DJP,,,,,False,53,2024,GE
1504704,Shankar Dey,IND,16208,72,0.05,18,53,47,DL,Shankar Dey,IND,,,,,False,53,2024,GE
1504705,Bihari Lal Jalandhari,INGRP,16490,70,0.05,19,53,47,DL,Bihari Lal Jalandhari,INGRP,,,,,False,53,2024,GE
1504706,Naveen Kumar,HSVP,16489,64,0.04,20,53,47,DL,Naveen Kumar,HSVP,,,,,False,53,2024,GE
1504707,Surinder Kumar,BHRJWNKP,16479,50,0.03,21,53,47,DL,Surinder Kumar,BHRJWNKP,,,,,False,53,2024,GE
1504708,Virender,IND,16208,49,0.03,22,53,47,DL,Virender,IND,,,,,False,53,2024,GE
1504709,Rajan Singh,IND,16208,42,0.03,23,53,47,DL,Rajan Singh,IND,,,,,False,53,2024,GE
1504710,Sahi Ram,AAAP,16293,46327,49.11,1,53,48,DL,Sahi Ram,AAAP,,,,,False,53,2024,GE
1504711,Ramvir Singh Bidhuri,BJP,16207,45523,48.26,2,53,48,DL,Ramvir Singh Bidhuri,BJP,,,,,True,53,2024,GE
1504712,Abdul Basit,BSP,16206,636,0.67,3,53,48,DL,Abdul Basit,BSP,,,,,False,53,2024,GE
1504713,None Of The Above,NOTA,16294,461,0.49,4,53,48,DL,None Of The Above,NOTA,,,,,False,53,2024,GE
1504714,Ram Gopal,HRJSP,16488,312,0.33,5,53,48,DL,Ram Gopal,HRJSP,,,,,False,53,2024,GE
1504715,Jagdish Kumar Verma,IND,16208,125,0.13,6,53,48,DL,Jagdish Kumar Verma,IND,,,,,False,53,2024,GE
1504716,Omaprakash,SMJVKP,16487,117,0.12,7,53,48,DL,Omaprakash,SMJVKP,,,,,False,53,2024,GE
1504717,Chandrashekhar Singh Kushwaha,IND,16208,115,0.12,8,53,48,DL,Chandrashekhar Singh Kushwaha,IND,,,,,False,53,2024,GE
1504718,Deepak Kapila,IND,16208,97,0.1,9,53,48,DL,Deepak Kapila,IND,,,,,False,53,2024,GE
1504719,Lakhan Singh,NRCP,16461,81,0.09,10,53,48,DL,Lakhan Singh,NRCP,,,,,False,53,2024,GE
1504720,Poonam Srivastava,IND,16208,65,0.07,11,53,48,DL,Poonam Srivastava,IND,,,,,False,53,2024,GE
1504721,Rinki Sanyal,BSKRP,16275,63,0.07,12,53,48,DL,Rinki Sanyal,BSKRP,,,,,False,53,2024,GE
1504722,Surjeet Singh,DJP,16306,56,0.06,13,53,48,DL,Surjeet Singh,DJP,,,,,False,53,2024,GE
1504723,Arun Kumar,IND,16208,50,0.05,14,53,48,DL,Arun Kumar,IND,,,,,False,53,2024,GE
1504724,Bhim Singh,APoI,16435,48,0.05,15,53,48,DL,Bhim Singh,APoI,,,,,False,53,2024,GE
1504725,Gautam Anand,AIFB,16231,45,0.05,16,53,48,DL,Gautam Anand,AIFB,,,,,False,53,2024,GE
1504726,Kamlesh Kumar Jha,IND,16208,39,0.04,17,53,48,DL,Kamlesh Kumar Jha,IND,,,,,False,53,2024,GE
1504727,Virender,IND,16208,33,0.03,18,53,48,DL,Virender,IND,,,,,False,53,2024,GE
1504728,Bihari Lal Jalandhari,INGRP,16490,31,0.03,19,53,48,DL,Bihari Lal Jalandhari,INGRP,,,,,False,53,2024,GE
1504729,Shankar Dey,IND,16208,30,0.03,20,53,48,DL,Shankar Dey,IND,,,,,False,53,2024,GE
1504730,Rajan Singh,IND,16208,28,0.03,21,53,48,DL,Rajan Singh,IND,,,,,False,53,2024,GE
1504731,Naveen Kumar,HSVP,16489,27,0.03,22,53,48,DL,Naveen Kumar,HSVP,,,,,False,53,2024,GE
1504732,Surinder Kumar,BHRJWNKP,16479,25,0.03,23,53,48,DL,Surinder Kumar,BHRJWNKP,,,,,False,53,2024,GE
1504733,Sahi Ram,AAAP,16293,58151,49.51,1,53,49,DL,Sahi Ram,AAAP,,,,,False,53,2024,GE
1504734,Ramvir Singh Bidhuri,BJP,16207,56313,47.94,2,53,49,DL,Ramvir Singh Bidhuri,BJP,,,,,True,53,2024,GE
1504735,Abdul Basit,BSP,16206,918,0.78,3,53,49,DL,Abdul Basit,BSP,,,,,False,53,2024,GE
1504736,None Of The Above,NOTA,16294,333,0.28,4,53,49,DL,None Of The Above,NOTA,,,,,False,53,2024,GE
1504737,Ram Gopal,HRJSP,16488,294,0.25,5,53,49,DL,Ram Gopal,HRJSP,,,,,False,53,2024,GE
1504738,Chandrashekhar Singh Kushwaha,IND,16208,172,0.15,6,53,49,DL,Chandrashekhar Singh Kushwaha,IND,,,,,False,53,2024,GE
1504739,Omaprakash,SMJVKP,16487,148,0.13,7,53,49,DL,Omaprakash,SMJVKP,,,,,False,53,2024,GE
1504740,Deepak Kapila,IND,16208,146,0.12,8,53,49,DL,Deepak Kapila,IND,,,,,False,53,2024,GE
1504741,Jagdish Kumar Verma,IND,16208,139,0.12,9,53,49,DL,Jagdish Kumar Verma,IND,,,,,False,53,2024,GE
1504742,Lakhan Singh,NRCP,16461,100,0.09,10,53,49,DL,Lakhan Singh,NRCP,,,,,False,53,2024,GE
1504743,Poonam Srivastava,IND,16208,98,0.08,11,53,49,DL,Poonam Srivastava,IND,,,,,False,53,2024,GE
1504744,Arun Kumar,IND,16208,88,0.07,12,53,49,DL,Arun Kumar,IND,,,,,False,53,2024,GE
1504745,Rinki Sanyal,BSKRP,16275,69,0.06,13,53,49,DL,Rinki Sanyal,BSKRP,,,,,False,53,2024,GE
1504746,Kamlesh Kumar Jha,IND,16208,68,0.06,14,53,49,DL,Kamlesh Kumar Jha,IND,,,,,False,53,2024,GE
1504747,Surjeet Singh,DJP,16306,66,0.06,15,53,49,DL,Surjeet Singh,DJP,,,,,False,53,2024,GE
1504748,Bhim Singh,APoI,16435,62,0.05,16,53,49,DL,Bhim Singh,APoI,,,,,False,53,2024,GE
1504749,Rajan Singh,IND,16208,55,0.05,17,53,49,DL,Rajan Singh,IND,,,,,False,53,2024,GE
1504750,Shankar Dey,IND,16208,50,0.04,18,53,49,DL,Shankar Dey,IND,,,,,False,53,2024,GE
1504751,Surinder Kumar,BHRJWNKP,16479,47,0.04,19,53,49,DL,Surinder Kumar,BHRJWNKP,,,,,False,53,2024,GE
1504752,Bihari Lal Jalandhari,INGRP,16490,42,0.04,20,53,49,DL,Bihari Lal Jalandhari,INGRP,,,,,False,53,2024,GE
1504753,Gautam Anand,AIFB,16231,35,0.03,21,53,49,DL,Gautam Anand,AIFB,,,,,False,53,2024,GE
1504754,Naveen Kumar,HSVP,16489,34,0.03,22,53,49,DL,Naveen Kumar,HSVP,,,,,False,53,2024,GE
1504755,Virender,IND,16208,29,0.02,23,53,49,DL,Virender,IND,,,,,False,53,2024,GE
1504756,Bansuri Swaraj,BJP,16207,59673,57.76,1,53,50,DL,Bansuri Swaraj,BJP,,,,,True,53,2024,GE
1504757,Somnath Bharti,AAAP,16293,41524,40.19,2,53,50,DL,Somnath Bharti,AAAP,,,,,False,53,2024,GE
1504758,None Of The Above,NOTA,16294,765,0.74,3,53,50,DL,None Of The Above,NOTA,,,,,False,53,2024,GE
1504759,Raaj Kumar Anand,BSP,16206,481,0.47,4,53,50,DL,Raaj Kumar Anand,BSP,,,,,False,53,2024,GE
1504760,Achla Jethmalani,JDKRP,16455,134,0.13,5,53,50,DL,Achla Jethmalani,JDKRP,,,,,False,53,2024,GE
1504761,Sanjay Rawat,IND,16208,109,0.11,6,53,50,DL,Sanjay Rawat,IND,,,,,False,53,2024,GE
1504762,Hira Lal,IND,16208,85,0.08,7,53,50,DL,Hira Lal,IND,,,,,False,53,2024,GE
1504763,Lukman Khan,LGP,16481,81,0.08,8,53,50,DL,Lukman Khan,LGP,,,,,False,53,2024,GE
1504765,Upen‍Dra,AnAP,16400,76,0.07,9,53,50,DL,Upen‍Dra,AnAP,,,,,False,53,2024,GE
1504764,Prem Singh,NRCP,16461,76,0.07,9,53,50,DL,Prem Singh,NRCP,,,,,False,53,2024,GE
1504766,Punam Pandey,RLPI,16480,54,0.05,11,53,50,DL,Punam Pandey,RLPI,,,,,False,53,2024,GE
1504767,Dilip Singh,IND,16208,50,0.05,12,53,50,DL,Dilip Singh,IND,,,,,False,53,2024,GE
1504768,Sandhya Thakkar,RTPP,16433,46,0.04,13,53,50,DL,Sandhya Thakkar,RTPP,,,,,False,53,2024,GE
1504769,Dinesh Kumar,PPID,16397,44,0.04,14,53,50,DL,Dinesh Kumar,PPID,,,,,False,53,2024,GE
1504770,Ravinder Singh,IND,16208,33,0.03,15,53,50,DL,Ravinder Singh,IND,,,,,False,53,2024,GE
1504771,Mahesh Kumar Denwal,APoI,16435,28,0.03,16,53,50,DL,Mahesh Kumar Denwal,APoI,,,,,False,53,2024,GE
1504772,Prithvi Nath Singh,BSKRP,16275,26,0.03,17,53,50,DL,Prithvi Nath Singh,BSKRP,,,,,False,53,2024,GE
1504773,Manoj Kumar Sharma,LOKJANP,16482,25,0.02,18,53,50,DL,Manoj Kumar Sharma,LOKJANP,,,,,False,53,2024,GE
1504774,Ramvir Singh Bidhuri,BJP,16207,55755,54.68,1,53,51,DL,Ramvir Singh Bidhuri,BJP,,,,,True,53,2024,GE
1504775,Sahi Ram,AAAP,16293,43606,42.76,2,53,51,DL,Sahi Ram,AAAP,,,,,False,53,2024,GE
1504776,None Of The Above,NOTA,16294,620,0.61,3,53,51,DL,None Of The Above,NOTA,,,,,False,53,2024,GE
1504777,Abdul Basit,BSP,16206,581,0.57,4,53,51,DL,Abdul Basit,BSP,,,,,False,53,2024,GE
1504778,Ram Gopal,HRJSP,16488,281,0.28,5,53,51,DL,Ram Gopal,HRJSP,,,,,False,53,2024,GE
1504779,Deepak Kapila,IND,16208,139,0.14,6,53,51,DL,Deepak Kapila,IND,,,,,False,53,2024,GE
1504780,Omaprakash,SMJVKP,16487,131,0.13,7,53,51,DL,Omaprakash,SMJVKP,,,,,False,53,2024,GE
1504781,Chandrashekhar Singh Kushwaha,IND,16208,116,0.11,8,53,51,DL,Chandrashekhar Singh Kushwaha,IND,,,,,False,53,2024,GE
1504782,Jagdish Kumar Verma,IND,16208,95,0.09,9,53,51,DL,Jagdish Kumar Verma,IND,,,,,False,53,2024,GE
1504783,Poonam Srivastava,IND,16208,87,0.09,10,53,51,DL,Poonam Srivastava,IND,,,,,False,53,2024,GE
1504784,Lakhan Singh,NRCP,16461,77,0.08,11,53,51,DL,Lakhan Singh,NRCP,,,,,False,53,2024,GE
1504785,Rinki Sanyal,BSKRP,16275,66,0.06,12,53,51,DL,Rinki Sanyal,BSKRP,,,,,False,53,2024,GE
1504786,Arun Kumar,IND,16208,56,0.05,13,53,51,DL,Arun Kumar,IND,,,,,False,53,2024,GE
1504787,Gautam Anand,AIFB,16231,54,0.05,14,53,51,DL,Gautam Anand,AIFB,,,,,False,53,2024,GE
1504788,Kamlesh Kumar Jha,IND,16208,44,0.04,15,53,51,DL,Kamlesh Kumar Jha,IND,,,,,False,53,2024,GE
1504790,Surinder Kumar,BHRJWNKP,16479,38,0.04,16,53,51,DL,Surinder Kumar,BHRJWNKP,,,,,False,53,2024,GE
1504789,Bhim Singh,APoI,16435,38,0.04,16,53,51,DL,Bhim Singh,APoI,,,,,False,53,2024,GE
1504792,Virender,IND,16208,36,0.04,18,53,51,DL,Virender,IND,,,,,False,53,2024,GE
1504791,Bihari Lal Jalandhari,INGRP,16490,36,0.04,18,53,51,DL,Bihari Lal Jalandhari,INGRP,,,,,False,53,2024,GE
1504793,Surjeet Singh,DJP,16306,35,0.03,20,53,51,DL,Surjeet Singh,DJP,,,,,False,53,2024,GE
1504794,Shankar Dey,IND,16208,33,0.03,21,53,51,DL,Shankar Dey,IND,,,,,False,53,2024,GE
1504796,Rajan Singh,IND,16208,24,0.02,22,53,51,DL,Rajan Singh,IND,,,,,False,53,2024,GE
1504795,Naveen Kumar,HSVP,16489,24,0.02,22,53,51,DL,Naveen Kumar,HSVP,,,,,False,53,2024,GE
1504797,Sahi Ram,AAAP,16293,53736,50.72,1,53,52,DL,Sahi Ram,AAAP,,,,,False,53,2024,GE
1504798,Ramvir Singh Bidhuri,BJP,16207,48608,45.88,2,53,52,DL,Ramvir Singh Bidhuri,BJP,,,,,True,53,2024,GE
1504799,Abdul Basit,BSP,16206,1510,1.43,3,53,52,DL,Abdul Basit,BSP,,,,,False,53,2024,GE
1504800,Ram Gopal,HRJSP,16488,340,0.32,4,53,52,DL,Ram Gopal,HRJSP,,,,,False,53,2024,GE
1504801,None Of The Above,NOTA,16294,307,0.29,5,53,52,DL,None Of The Above,NOTA,,,,,False,53,2024,GE
1504802,Chandrashekhar Singh Kushwaha,IND,16208,186,0.18,6,53,52,DL,Chandrashekhar Singh Kushwaha,IND,,,,,False,53,2024,GE
1504803,Deepak Kapila,IND,16208,166,0.16,7,53,52,DL,Deepak Kapila,IND,,,,,False,53,2024,GE
1504804,Arun Kumar,IND,16208,146,0.14,8,53,52,DL,Arun Kumar,IND,,,,,False,53,2024,GE
1504805,Poonam Srivastava,IND,16208,129,0.12,9,53,52,DL,Poonam Srivastava,IND,,,,,False,53,2024,GE
1504806,Jagdish Kumar Verma,IND,16208,122,0.12,10,53,52,DL,Jagdish Kumar Verma,IND,,,,,False,53,2024,GE
1504807,Omaprakash,SMJVKP,16487,117,0.11,11,53,52,DL,Omaprakash,SMJVKP,,,,,False,53,2024,GE
1504808,Kamlesh Kumar Jha,IND,16208,91,0.09,12,53,52,DL,Kamlesh Kumar Jha,IND,,,,,False,53,2024,GE
1504809,Rinki Sanyal,BSKRP,16275,69,0.07,13,53,52,DL,Rinki Sanyal,BSKRP,,,,,False,53,2024,GE
1504810,Lakhan Singh,NRCP,16461,63,0.06,14,53,52,DL,Lakhan Singh,NRCP,,,,,False,53,2024,GE
1504811,Surjeet Singh,DJP,16306,54,0.05,15,53,52,DL,Surjeet Singh,DJP,,,,,False,53,2024,GE
1504812,Bhim Singh,APoI,16435,54,0.05,15,53,52,DL,Bhim Singh,APoI,,,,,False,53,2024,GE
1504813,Shankar Dey,IND,16208,54,0.05,15,53,52,DL,Shankar Dey,IND,,,,,False,53,2024,GE
1504814,Surinder Kumar,BHRJWNKP,16479,47,0.04,18,53,52,DL,Surinder Kumar,BHRJWNKP,,,,,False,53,2024,GE
1504815,Virender,IND,16208,44,0.04,19,53,52,DL,Virender,IND,,,,,False,53,2024,GE
1504816,Bihari Lal Jalandhari,INGRP,16490,38,0.04,20,53,52,DL,Bihari Lal Jalandhari,INGRP,,,,,False,53,2024,GE
1504817,Gautam Anand,AIFB,16231,31,0.03,21,53,52,DL,Gautam Anand,AIFB,,,,,False,53,2024,GE
1504818,Rajan Singh,IND,16208,24,0.02,22,53,52,DL,Rajan Singh,IND,,,,,False,53,2024,GE
1504819,Naveen Kumar,HSVP,16489,20,0.02,23,53,52,DL,Naveen Kumar,HSVP,,,,,False,53,2024,GE
1504820,Ramvir Singh Bidhuri,BJP,16207,104978,55.27,1,53,53,DL,Ramvir Singh Bidhuri,BJP,,,,,True,53,2024,GE
1504821,Sahi Ram,AAAP,16293,79797,42.01,2,53,53,DL,Sahi Ram,AAAP,,,,,False,53,2024,GE
1504822,Abdul Basit,BSP,16206,1803,0.95,3,53,53,DL,Abdul Basit,BSP,,,,,False,53,2024,GE
1504823,None Of The Above,NOTA,16294,676,0.36,4,53,53,DL,None Of The Above,NOTA,,,,,False,53,2024,GE
1504824,Ram Gopal,HRJSP,16488,611,0.32,5,53,53,DL,Ram Gopal,HRJSP,,,,,False,53,2024,GE
1504825,Chandrashekhar Singh Kushwaha,IND,16208,285,0.15,6,53,53,DL,Chandrashekhar Singh Kushwaha,IND,,,,,False,53,2024,GE
1504826,Deepak Kapila,IND,16208,219,0.12,7,53,53,DL,Deepak Kapila,IND,,,,,False,53,2024,GE
1504827,Omaprakash,SMJVKP,16487,198,0.1,8,53,53,DL,Omaprakash,SMJVKP,,,,,False,53,2024,GE
1504828,Jagdish Kumar Verma,IND,16208,177,0.09,9,53,53,DL,Jagdish Kumar Verma,IND,,,,,False,53,2024,GE
1504829,Arun Kumar,IND,16208,137,0.07,10,53,53,DL,Arun Kumar,IND,,,,,False,53,2024,GE
1504830,Lakhan Singh,NRCP,16461,133,0.07,11,53,53,DL,Lakhan Singh,NRCP,,,,,False,53,2024,GE
1504831,Poonam Srivastava,IND,16208,118,0.06,12,53,53,DL,Poonam Srivastava,IND,,,,,False,53,2024,GE
1504832,Kamlesh Kumar Jha,IND,16208,110,0.06,13,53,53,DL,Kamlesh Kumar Jha,IND,,,,,False,53,2024,GE
1504833,Surjeet Singh,DJP,16306,98,0.05,14,53,53,DL,Surjeet Singh,DJP,,,,,False,53,2024,GE
1504834,Rinki Sanyal,BSKRP,16275,96,0.05,15,53,53,DL,Rinki Sanyal,BSKRP,,,,,False,53,2024,GE
1504835,Bhim Singh,APoI,16435,93,0.05,16,53,53,DL,Bhim Singh,APoI,,,,,False,53,2024,GE
1504836,Bihari Lal Jalandhari,INGRP,16490,78,0.04,17,53,53,DL,Bihari Lal Jalandhari,INGRP,,,,,False,53,2024,GE
1504837,Shankar Dey,IND,16208,76,0.04,18,53,53,DL,Shankar Dey,IND,,,,,False,53,2024,GE
1504838,Surinder Kumar,BHRJWNKP,16479,59,0.03,19,53,53,DL,Surinder Kumar,BHRJWNKP,,,,,False,53,2024,GE
1504839,Gautam Anand,AIFB,16231,55,0.03,20,53,53,DL,Gautam Anand,AIFB,,,,,False,53,2024,GE
1504840,Naveen Kumar,HSVP,16489,54,0.03,21,53,53,DL,Naveen Kumar,HSVP,,,,,False,53,2024,GE
1504841,Virender,IND,16208,47,0.02,22,53,53,DL,Virender,IND,,,,,False,53,2024,GE
1504842,Rajan Singh,IND,16208,40,0.02,23,53,53,DL,Rajan Singh,IND,,,,,False,53,2024,GE
1504843,Kuldeep Kumar (Monu),AAAP,16293,133989,67.7,1,53,54,DL,Kuldeep Kumar (Monu),AAAP,,,,,False,53,2024,GE
1504844,Harsh Malhotra,BJP,16207,60171,30.4,2,53,54,DL,Harsh Malhotra,BJP,,,,,True,53,2024,GE
1504845,Mohd. Waqar Choudhary,BSP,16206,1121,0.57,3,53,54,DL,Mohd. Waqar Choudhary,BSP,,,,,False,53,2024,GE
1504846,None Of The Above,NOTA,16294,497,0.25,4,53,54,DL,None Of The Above,NOTA,,,,,False,53,2024,GE
1504847,A. Gopala Krishna,NRCP,16461,382,0.19,5,53,54,DL,A. Gopala Krishna,NRCP,,,,,False,53,2024,GE
1504848,Kuldeep Kumar,IND,16208,290,0.15,6,53,54,DL,Kuldeep Kumar,IND,,,,,False,53,2024,GE
1504849,Manoj Kumar Gupta (Swaraji),IND,16208,223,0.11,7,53,54,DL,Manoj Kumar Gupta (Swaraji),IND,,,,,False,53,2024,GE
1504850,Rodash Gupta,IND,16208,171,0.09,8,53,54,DL,Rodash Gupta,IND,,,,,False,53,2024,GE
1504851,Jai Ram Lal,RTPP,16433,128,0.06,9,53,54,DL,Jai Ram Lal,RTPP,,,,,False,53,2024,GE
1504852,Jyoti Prakash (Monu),ESBD,16492,122,0.06,10,53,54,DL,Jyoti Prakash (Monu),ESBD,,,,,False,53,2024,GE
1504853,Mohammad Irfan,IND,16208,114,0.06,11,53,54,DL,Mohammad Irfan,IND,,,,,False,53,2024,GE
1504854,Om Shankar,IND,16208,102,0.05,12,53,54,DL,Om Shankar,IND,,,,,False,53,2024,GE
1504855,Arunima Gautam,IND,16208,99,0.05,13,53,54,DL,Arunima Gautam,IND,,,,,False,53,2024,GE
1504856,Lal Singh,BHUDRP,16430,99,0.05,13,53,54,DL,Lal Singh,BHUDRP,,,,,False,53,2024,GE
1504857,Vimal Kumar Saxena,IND,16208,71,0.04,15,53,54,DL,Vimal Kumar Saxena,IND,,,,,False,53,2024,GE
1504858,Yogesh Chaudhary,BVD,16491,65,0.03,16,53,54,DL,Yogesh Chaudhary,BVD,,,,,False,53,2024,GE
1504859,Surendra Singh Basoya,PPID,16397,62,0.03,17,53,54,DL,Surendra Singh Basoya,PPID,,,,,False,53,2024,GE
1504860,Amit Gupta,IND,16208,61,0.03,18,53,54,DL,Amit Gupta,IND,,,,,False,53,2024,GE
1504861,Advocate Manjeet Singh,RaNP,16394,59,0.03,19,53,54,DL,Advocate Manjeet Singh,RaNP,,,,,False,53,2024,GE
1504862,Sanjaya Kumar Yadav,RTORP,16385,46,0.02,20,53,54,DL,Sanjaya Kumar Yadav,RTORP,,,,,False,53,2024,GE
1504863,Sanjay,PuPP,16462,32,0.02,21,53,54,DL,Sanjay,PuPP,,,,,False,53,2024,GE
1504864,Harsh Malhotra,BJP,16207,62731,51.75,1,53,55,DL,Harsh Malhotra,BJP,,,,,True,53,2024,GE
1504865,Kuldeep Kumar (Monu),AAAP,16293,55244,45.57,2,53,55,DL,Kuldeep Kumar (Monu),AAAP,,,,,False,53,2024,GE
1504866,Mohd. Waqar Choudhary,BSP,16206,1260,1.04,3,53,55,DL,Mohd. Waqar Choudhary,BSP,,,,,False,53,2024,GE
1504867,None Of The Above,NOTA,16294,453,0.37,4,53,55,DL,None Of The Above,NOTA,,,,,False,53,2024,GE
1504868,A. Gopala Krishna,NRCP,16461,297,0.25,5,53,55,DL,A. Gopala Krishna,NRCP,,,,,False,53,2024,GE
1504869,Kuldeep Kumar,IND,16208,157,0.13,6,53,55,DL,Kuldeep Kumar,IND,,,,,False,53,2024,GE
1504870,Rodash Gupta,IND,16208,134,0.11,7,53,55,DL,Rodash Gupta,IND,,,,,False,53,2024,GE
1504871,Manoj Kumar Gupta (Swaraji),IND,16208,132,0.11,8,53,55,DL,Manoj Kumar Gupta (Swaraji),IND,,,,,False,53,2024,GE
1504872,Arunima Gautam,IND,16208,120,0.1,9,53,55,DL,Arunima Gautam,IND,,,,,False,53,2024,GE
1504873,Jyoti Prakash (Monu),ESBD,16492,112,0.09,10,53,55,DL,Jyoti Prakash (Monu),ESBD,,,,,False,53,2024,GE
1504874,Jai Ram Lal,RTPP,16433,84,0.07,11,53,55,DL,Jai Ram Lal,RTPP,,,,,False,53,2024,GE
1504875,Mohammad Irfan,IND,16208,75,0.06,12,53,55,DL,Mohammad Irfan,IND,,,,,False,53,2024,GE
1504876,Om Shankar,IND,16208,68,0.06,13,53,55,DL,Om Shankar,IND,,,,,False,53,2024,GE
1504877,Lal Singh,BHUDRP,16430,61,0.05,14,53,55,DL,Lal Singh,BHUDRP,,,,,False,53,2024,GE
1504878,Amit Gupta,IND,16208,51,0.04,15,53,55,DL,Amit Gupta,IND,,,,,False,53,2024,GE
1504879,Surendra Singh Basoya,PPID,16397,46,0.04,16,53,55,DL,Surendra Singh Basoya,PPID,,,,,False,53,2024,GE
1504880,Yogesh Chaudhary,BVD,16491,45,0.04,17,53,55,DL,Yogesh Chaudhary,BVD,,,,,False,53,2024,GE
1504881,Sanjaya Kumar Yadav,RTORP,16385,40,0.03,18,53,55,DL,Sanjaya Kumar Yadav,RTORP,,,,,False,53,2024,GE
1504882,Sanjay,PuPP,16462,39,0.03,19,53,55,DL,Sanjay,PuPP,,,,,False,53,2024,GE
1504883,Advocate Manjeet Singh,RaNP,16394,36,0.03,20,53,55,DL,Advocate Manjeet Singh,RaNP,,,,,False,53,2024,GE
1504884,Vimal Kumar Saxena,IND,16208,33,0.03,21,53,55,DL,Vimal Kumar Saxena,IND,,,,,False,53,2024,GE
1504885,Harsh Malhotra,BJP,16207,59551,48.82,1,53,56,DL,Harsh Malhotra,BJP,,,,,True,53,2024,GE
1504886,Kuldeep Kumar (Monu),AAAP,16293,57985,47.53,2,53,56,DL,Kuldeep Kumar (Monu),AAAP,,,,,False,53,2024,GE
1504887,Mohd. Waqar Choudhary,BSP,16206,2536,2.08,3,53,56,DL,Mohd. Waqar Choudhary,BSP,,,,,False,53,2024,GE
1504888,None Of The Above,NOTA,16294,528,0.43,4,53,56,DL,None Of The Above,NOTA,,,,,False,53,2024,GE
1504889,A. Gopala Krishna,NRCP,16461,261,0.21,5,53,56,DL,A. Gopala Krishna,NRCP,,,,,False,53,2024,GE
1504890,Kuldeep Kumar,IND,16208,157,0.13,6,53,56,DL,Kuldeep Kumar,IND,,,,,False,53,2024,GE
1504891,Manoj Kumar Gupta (Swaraji),IND,16208,149,0.12,7,53,56,DL,Manoj Kumar Gupta (Swaraji),IND,,,,,False,53,2024,GE
1504892,Rodash Gupta,IND,16208,122,0.1,8,53,56,DL,Rodash Gupta,IND,,,,,False,53,2024,GE
1504893,Arunima Gautam,IND,16208,82,0.07,9,53,56,DL,Arunima Gautam,IND,,,,,False,53,2024,GE
1504894,Jyoti Prakash (Monu),ESBD,16492,79,0.06,10,53,56,DL,Jyoti Prakash (Monu),ESBD,,,,,False,53,2024,GE
1504895,Surendra Singh Basoya,PPID,16397,70,0.06,11,53,56,DL,Surendra Singh Basoya,PPID,,,,,False,53,2024,GE
1504896,Om Shankar,IND,16208,67,0.05,12,53,56,DL,Om Shankar,IND,,,,,False,53,2024,GE
1504897,Jai Ram Lal,RTPP,16433,62,0.05,13,53,56,DL,Jai Ram Lal,RTPP,,,,,False,53,2024,GE
1504898,Mohammad Irfan,IND,16208,61,0.05,14,53,56,DL,Mohammad Irfan,IND,,,,,False,53,2024,GE
1504899,Advocate Manjeet Singh,RaNP,16394,58,0.05,15,53,56,DL,Advocate Manjeet Singh,RaNP,,,,,False,53,2024,GE
1504900,Lal Singh,BHUDRP,16430,50,0.04,16,53,56,DL,Lal Singh,BHUDRP,,,,,False,53,2024,GE
1504901,Yogesh Chaudhary,BVD,16491,40,0.03,17,53,56,DL,Yogesh Chaudhary,BVD,,,,,False,53,2024,GE
1504902,Vimal Kumar Saxena,IND,16208,37,0.03,18,53,56,DL,Vimal Kumar Saxena,IND,,,,,False,53,2024,GE
1504904,Sanjaya Kumar Yadav,RTORP,16385,33,0.03,19,53,56,DL,Sanjaya Kumar Yadav,RTORP,,,,,False,53,2024,GE
1504903,Amit Gupta,IND,16208,33,0.03,19,53,56,DL,Amit Gupta,IND,,,,,False,53,2024,GE
1504905,Sanjay,PuPP,16462,30,0.02,21,53,56,DL,Sanjay,PuPP,,,,,False,53,2024,GE
1504906,Harsh Malhotra,BJP,16207,79044,59.98,1,53,57,DL,Harsh Malhotra,BJP,,,,,True,53,2024,GE
1504907,Kuldeep Kumar (Monu),AAAP,16293,49845,37.82,2,53,57,DL,Kuldeep Kumar (Monu),AAAP,,,,,False,53,2024,GE
1504908,Mohd. Waqar Choudhary,BSP,16206,944,0.72,3,53,57,DL,Mohd. Waqar Choudhary,BSP,,,,,False,53,2024,GE
1504909,None Of The Above,NOTA,16294,622,0.47,4,53,57,DL,None Of The Above,NOTA,,,,,False,53,2024,GE
1504910,A. Gopala Krishna,NRCP,16461,282,0.21,5,53,57,DL,A. Gopala Krishna,NRCP,,,,,False,53,2024,GE
1504911,Kuldeep Kumar,IND,16208,156,0.12,6,53,57,DL,Kuldeep Kumar,IND,,,,,False,53,2024,GE
1504912,Manoj Kumar Gupta (Swaraji),IND,16208,128,0.1,7,53,57,DL,Manoj Kumar Gupta (Swaraji),IND,,,,,False,53,2024,GE
1504913,Rodash Gupta,IND,16208,113,0.09,8,53,57,DL,Rodash Gupta,IND,,,,,False,53,2024,GE
1504914,Jyoti Prakash (Monu),ESBD,16492,90,0.07,9,53,57,DL,Jyoti Prakash (Monu),ESBD,,,,,False,53,2024,GE
1504915,Arunima Gautam,IND,16208,88,0.07,10,53,57,DL,Arunima Gautam,IND,,,,,False,53,2024,GE
1504916,Jai Ram Lal,RTPP,16433,69,0.05,11,53,57,DL,Jai Ram Lal,RTPP,,,,,False,53,2024,GE
1504917,Om Shankar,IND,16208,62,0.05,12,53,57,DL,Om Shankar,IND,,,,,False,53,2024,GE
1504918,Advocate Manjeet Singh,RaNP,16394,47,0.04,13,53,57,DL,Advocate Manjeet Singh,RaNP,,,,,False,53,2024,GE
1504919,Surendra Singh Basoya,PPID,16397,45,0.03,14,53,57,DL,Surendra Singh Basoya,PPID,,,,,False,53,2024,GE
1504920,Mohammad Irfan,IND,16208,41,0.03,15,53,57,DL,Mohammad Irfan,IND,,,,,False,53,2024,GE
1504921,Vimal Kumar Saxena,IND,16208,40,0.03,16,53,57,DL,Vimal Kumar Saxena,IND,,,,,False,53,2024,GE
1504922,Yogesh Chaudhary,BVD,16491,39,0.03,17,53,57,DL,Yogesh Chaudhary,BVD,,,,,False,53,2024,GE
1504923,Amit Gupta,IND,16208,37,0.03,18,53,57,DL,Amit Gupta,IND,,,,,False,53,2024,GE
1504924,Lal Singh,BHUDRP,16430,34,0.03,19,53,57,DL,Lal Singh,BHUDRP,,,,,False,53,2024,GE
1504925,Sanjaya Kumar Yadav,RTORP,16385,33,0.03,20,53,57,DL,Sanjaya Kumar Yadav,RTORP,,,,,False,53,2024,GE
1504926,Sanjay,PuPP,16462,29,0.02,21,53,57,DL,Sanjay,PuPP,,,,,False,53,2024,GE
1504927,Harsh Malhotra,BJP,16207,76087,61.11,1,53,58,DL,Harsh Malhotra,BJP,,,,,True,53,2024,GE
1504928,Kuldeep Kumar (Monu),AAAP,16293,46127,37.05,2,53,58,DL,Kuldeep Kumar (Monu),AAAP,,,,,False,53,2024,GE
1504929,None Of The Above,NOTA,16294,610,0.49,3,53,58,DL,None Of The Above,NOTA,,,,,False,53,2024,GE
1504930,Mohd. Waqar Choudhary,BSP,16206,583,0.47,4,53,58,DL,Mohd. Waqar Choudhary,BSP,,,,,False,53,2024,GE
1504931,A. Gopala Krishna,NRCP,16461,272,0.22,5,53,58,DL,A. Gopala Krishna,NRCP,,,,,False,53,2024,GE
1504932,Kuldeep Kumar,IND,16208,106,0.09,6,53,58,DL,Kuldeep Kumar,IND,,,,,False,53,2024,GE
1504933,Rodash Gupta,IND,16208,90,0.07,7,53,58,DL,Rodash Gupta,IND,,,,,False,53,2024,GE
1504934,Jai Ram Lal,RTPP,16433,88,0.07,8,53,58,DL,Jai Ram Lal,RTPP,,,,,False,53,2024,GE
1504935,Jyoti Prakash (Monu),ESBD,16492,79,0.06,9,53,58,DL,Jyoti Prakash (Monu),ESBD,,,,,False,53,2024,GE
1504936,Manoj Kumar Gupta (Swaraji),IND,16208,76,0.06,10,53,58,DL,Manoj Kumar Gupta (Swaraji),IND,,,,,False,53,2024,GE
1504937,Advocate Manjeet Singh,RaNP,16394,56,0.04,11,53,58,DL,Advocate Manjeet Singh,RaNP,,,,,False,53,2024,GE
1504938,Arunima Gautam,IND,16208,48,0.04,12,53,58,DL,Arunima Gautam,IND,,,,,False,53,2024,GE
1504939,Vimal Kumar Saxena,IND,16208,43,0.03,13,53,58,DL,Vimal Kumar Saxena,IND,,,,,False,53,2024,GE
1504940,Mohammad Irfan,IND,16208,41,0.03,14,53,58,DL,Mohammad Irfan,IND,,,,,False,53,2024,GE
1504941,Om Shankar,IND,16208,40,0.03,15,53,58,DL,Om Shankar,IND,,,,,False,53,2024,GE
1504942,Lal Singh,BHUDRP,16430,32,0.03,16,53,58,DL,Lal Singh,BHUDRP,,,,,False,53,2024,GE
1504943,Yogesh Chaudhary,BVD,16491,28,0.02,17,53,58,DL,Yogesh Chaudhary,BVD,,,,,False,53,2024,GE
1504944,Sanjaya Kumar Yadav,RTORP,16385,26,0.02,18,53,58,DL,Sanjaya Kumar Yadav,RTORP,,,,,False,53,2024,GE
1504945,Surendra Singh Basoya,PPID,16397,25,0.02,19,53,58,DL,Surendra Singh Basoya,PPID,,,,,False,53,2024,GE
1504946,Amit Gupta,IND,16208,24,0.02,20,53,58,DL,Amit Gupta,IND,,,,,False,53,2024,GE
1504947,Sanjay,PuPP,16462,23,0.02,21,53,58,DL,Sanjay,PuPP,,,,,False,53,2024,GE
1504948,Harsh Malhotra,BJP,16207,80016,65.64,1,53,59,DL,Harsh Malhotra,BJP,,,,,True,53,2024,GE
1504949,Kuldeep Kumar (Monu),AAAP,16293,39102,32.08,2,53,59,DL,Kuldeep Kumar (Monu),AAAP,,,,,False,53,2024,GE
1504950,None Of The Above,NOTA,16294,843,0.69,3,53,59,DL,None Of The Above,NOTA,,,,,False,53,2024,GE
1504951,Mohd. Waqar Choudhary,BSP,16206,741,0.61,4,53,59,DL,Mohd. Waqar Choudhary,BSP,,,,,False,53,2024,GE
1504952,A. Gopala Krishna,NRCP,16461,211,0.17,5,53,59,DL,A. Gopala Krishna,NRCP,,,,,False,53,2024,GE
1504953,Kuldeep Kumar,IND,16208,162,0.13,6,53,59,DL,Kuldeep Kumar,IND,,,,,False,53,2024,GE
1504954,Sanjay,PuPP,16462,125,0.1,7,53,59,DL,Sanjay,PuPP,,,,,False,53,2024,GE
1504955,Manoj Kumar Gupta (Swaraji),IND,16208,87,0.07,8,53,59,DL,Manoj Kumar Gupta (Swaraji),IND,,,,,False,53,2024,GE
1504956,Rodash Gupta,IND,16208,85,0.07,9,53,59,DL,Rodash Gupta,IND,,,,,False,53,2024,GE
1504957,Arunima Gautam,IND,16208,63,0.05,10,53,59,DL,Arunima Gautam,IND,,,,,False,53,2024,GE
1504958,Advocate Manjeet Singh,RaNP,16394,62,0.05,11,53,59,DL,Advocate Manjeet Singh,RaNP,,,,,False,53,2024,GE
1504959,Jyoti Prakash (Monu),ESBD,16492,59,0.05,12,53,59,DL,Jyoti Prakash (Monu),ESBD,,,,,False,53,2024,GE
1504960,Om Shankar,IND,16208,56,0.05,13,53,59,DL,Om Shankar,IND,,,,,False,53,2024,GE
1504961,Mohammad Irfan,IND,16208,48,0.04,14,53,59,DL,Mohammad Irfan,IND,,,,,False,53,2024,GE
1504962,Vimal Kumar Saxena,IND,16208,46,0.04,15,53,59,DL,Vimal Kumar Saxena,IND,,,,,False,53,2024,GE
1504963,Lal Singh,BHUDRP,16430,43,0.04,16,53,59,DL,Lal Singh,BHUDRP,,,,,False,53,2024,GE
1504964,Jai Ram Lal,RTPP,16433,42,0.03,17,53,59,DL,Jai Ram Lal,RTPP,,,,,False,53,2024,GE
1504965,Yogesh Chaudhary,BVD,16491,37,0.03,18,53,59,DL,Yogesh Chaudhary,BVD,,,,,False,53,2024,GE
1504966,Surendra Singh Basoya,PPID,16397,34,0.03,19,53,59,DL,Surendra Singh Basoya,PPID,,,,,False,53,2024,GE
1504967,Amit Gupta,IND,16208,28,0.02,20,53,59,DL,Amit Gupta,IND,,,,,False,53,2024,GE
1504968,Sanjaya Kumar Yadav,RTORP,16385,18,0.01,21,53,59,DL,Sanjaya Kumar Yadav,RTORP,,,,,False,53,2024,GE
1504969,Harsh Malhotra,BJP,16207,83176,59.56,1,53,60,DL,Harsh Malhotra,BJP,,,,,True,53,2024,GE
1504970,Kuldeep Kumar (Monu),AAAP,16293,54215,38.82,2,53,60,DL,Kuldeep Kumar (Monu),AAAP,,,,,False,53,2024,GE
1504971,None Of The Above,NOTA,16294,539,0.39,3,53,60,DL,None Of The Above,NOTA,,,,,False,53,2024,GE
1504972,Mohd. Waqar Choudhary,BSP,16206,509,0.36,4,53,60,DL,Mohd. Waqar Choudhary,BSP,,,,,False,53,2024,GE
1504973,A. Gopala Krishna,NRCP,16461,288,0.21,5,53,60,DL,A. Gopala Krishna,NRCP,,,,,False,53,2024,GE
1504974,Advocate Manjeet Singh,RaNP,16394,145,0.1,6,53,60,DL,Advocate Manjeet Singh,RaNP,,,,,False,53,2024,GE
1504975,Kuldeep Kumar,IND,16208,111,0.08,7,53,60,DL,Kuldeep Kumar,IND,,,,,False,53,2024,GE
1504976,Rodash Gupta,IND,16208,102,0.07,8,53,60,DL,Rodash Gupta,IND,,,,,False,53,2024,GE
1504977,Manoj Kumar Gupta (Swaraji),IND,16208,94,0.07,9,53,60,DL,Manoj Kumar Gupta (Swaraji),IND,,,,,False,53,2024,GE
1504978,Jyoti Prakash (Monu),ESBD,16492,78,0.06,10,53,60,DL,Jyoti Prakash (Monu),ESBD,,,,,False,53,2024,GE
1504979,Mohammad Irfan,IND,16208,53,0.04,11,53,60,DL,Mohammad Irfan,IND,,,,,False,53,2024,GE
1504980,Arunima Gautam,IND,16208,52,0.04,12,53,60,DL,Arunima Gautam,IND,,,,,False,53,2024,GE
1504981,Lal Singh,BHUDRP,16430,47,0.03,13,53,60,DL,Lal Singh,BHUDRP,,,,,False,53,2024,GE
1504982,Om Shankar,IND,16208,42,0.03,14,53,60,DL,Om Shankar,IND,,,,,False,53,2024,GE
1504983,Vimal Kumar Saxena,IND,16208,41,0.03,15,53,60,DL,Vimal Kumar Saxena,IND,,,,,False,53,2024,GE
1504984,Jai Ram Lal,RTPP,16433,34,0.02,16,53,60,DL,Jai Ram Lal,RTPP,,,,,False,53,2024,GE
1504985,Sanjay,PuPP,16462,29,0.02,17,53,60,DL,Sanjay,PuPP,,,,,False,53,2024,GE
1504986,Amit Gupta,IND,16208,28,0.02,18,53,60,DL,Amit Gupta,IND,,,,,False,53,2024,GE
1504987,Sanjaya Kumar Yadav,RTORP,16385,23,0.02,19,53,60,DL,Sanjaya Kumar Yadav,RTORP,,,,,False,53,2024,GE
1504988,Yogesh Chaudhary,BVD,16491,22,0.02,20,53,60,DL,Yogesh Chaudhary,BVD,,,,,False,53,2024,GE
1504989,Surendra Singh Basoya,PPID,16397,21,0.02,21,53,60,DL,Surendra Singh Basoya,PPID,,,,,False,53,2024,GE
1504990,Harsh Malhotra,BJP,16207,55381,54.83,1,53,61,DL,Harsh Malhotra,BJP,,,,,True,53,2024,GE
1504991,Kuldeep Kumar (Monu),AAAP,16293,43843,43.41,2,53,61,DL,Kuldeep Kumar (Monu),AAAP,,,,,False,53,2024,GE
1504992,None Of The Above,NOTA,16294,350,0.35,3,53,61,DL,None Of The Above,NOTA,,,,,False,53,2024,GE
1504993,Mohd. Waqar Choudhary,BSP,16206,313,0.31,4,53,61,DL,Mohd. Waqar Choudhary,BSP,,,,,False,53,2024,GE
1504994,A. Gopala Krishna,NRCP,16461,272,0.27,5,53,61,DL,A. Gopala Krishna,NRCP,,,,,False,53,2024,GE
1504995,Kuldeep Kumar,IND,16208,134,0.13,6,53,61,DL,Kuldeep Kumar,IND,,,,,False,53,2024,GE
1504996,Manoj Kumar Gupta (Swaraji),IND,16208,118,0.12,7,53,61,DL,Manoj Kumar Gupta (Swaraji),IND,,,,,False,53,2024,GE
1504997,Rodash Gupta,IND,16208,78,0.08,8,53,61,DL,Rodash Gupta,IND,,,,,False,53,2024,GE
1504998,Jyoti Prakash (Monu),ESBD,16492,66,0.07,9,53,61,DL,Jyoti Prakash (Monu),ESBD,,,,,False,53,2024,GE
1504999,Advocate Manjeet Singh,RaNP,16394,58,0.06,10,53,61,DL,Advocate Manjeet Singh,RaNP,,,,,False,53,2024,GE
1505000,Arunima Gautam,IND,16208,56,0.06,11,53,61,DL,Arunima Gautam,IND,,,,,False,53,2024,GE
1505001,Jai Ram Lal,RTPP,16433,56,0.06,11,53,61,DL,Jai Ram Lal,RTPP,,,,,False,53,2024,GE
1505002,Vimal Kumar Saxena,IND,16208,49,0.05,13,53,61,DL,Vimal Kumar Saxena,IND,,,,,False,53,2024,GE
1505003,Mohammad Irfan,IND,16208,46,0.05,14,53,61,DL,Mohammad Irfan,IND,,,,,False,53,2024,GE
1505004,Om Shankar,IND,16208,37,0.04,15,53,61,DL,Om Shankar,IND,,,,,False,53,2024,GE
1505005,Lal Singh,BHUDRP,16430,37,0.04,15,53,61,DL,Lal Singh,BHUDRP,,,,,False,53,2024,GE
1505006,Surendra Singh Basoya,PPID,16397,28,0.03,17,53,61,DL,Surendra Singh Basoya,PPID,,,,,False,53,2024,GE
1505007,Amit Gupta,IND,16208,25,0.02,18,53,61,DL,Amit Gupta,IND,,,,,False,53,2024,GE
1505008,Yogesh Chaudhary,BVD,16491,24,0.02,19,53,61,DL,Yogesh Chaudhary,BVD,,,,,False,53,2024,GE
1505009,Sanjaya Kumar Yadav,RTORP,16385,18,0.02,20,53,61,DL,Sanjaya Kumar Yadav,RTORP,,,,,False,53,2024,GE
1505010,Sanjay,PuPP,16462,17,0.02,21,53,61,DL,Sanjay,PuPP,,,,,False,53,2024,GE
1505011,Harsh Malhotra,BJP,16207,68951,57.09,1,53,62,DL,Harsh Malhotra,BJP,,,,,True,53,2024,GE
1505012,Kuldeep Kumar (Monu),AAAP,16293,49341,40.85,2,53,62,DL,Kuldeep Kumar (Monu),AAAP,,,,,False,53,2024,GE
1505013,Mohd. Waqar Choudhary,BSP,16206,787,0.65,3,53,62,DL,Mohd. Waqar Choudhary,BSP,,,,,False,53,2024,GE
1505014,None Of The Above,NOTA,16294,475,0.39,4,53,62,DL,None Of The Above,NOTA,,,,,False,53,2024,GE
1505015,A. Gopala Krishna,NRCP,16461,301,0.25,5,53,62,DL,A. Gopala Krishna,NRCP,,,,,False,53,2024,GE
1505016,Kuldeep Kumar,IND,16208,156,0.13,6,53,62,DL,Kuldeep Kumar,IND,,,,,False,53,2024,GE
1505017,Rodash Gupta,IND,16208,107,0.09,7,53,62,DL,Rodash Gupta,IND,,,,,False,53,2024,GE
1505018,Manoj Kumar Gupta (Swaraji),IND,16208,92,0.08,8,53,62,DL,Manoj Kumar Gupta (Swaraji),IND,,,,,False,53,2024,GE
1505019,Arunima Gautam,IND,16208,79,0.07,9,53,62,DL,Arunima Gautam,IND,,,,,False,53,2024,GE
1505020,Jyoti Prakash (Monu),ESBD,16492,71,0.06,10,53,62,DL,Jyoti Prakash (Monu),ESBD,,,,,False,53,2024,GE
1505021,Lal Singh,BHUDRP,16430,50,0.04,11,53,62,DL,Lal Singh,BHUDRP,,,,,False,53,2024,GE
1505022,Advocate Manjeet Singh,RaNP,16394,45,0.04,12,53,62,DL,Advocate Manjeet Singh,RaNP,,,,,False,53,2024,GE
1505023,Mohammad Irfan,IND,16208,44,0.04,13,53,62,DL,Mohammad Irfan,IND,,,,,False,53,2024,GE
1505027,Amit Gupta,IND,16208,40,0.03,14,53,62,DL,Amit Gupta,IND,,,,,False,53,2024,GE
1505024,Jai Ram Lal,RTPP,16433,40,0.03,14,53,62,DL,Jai Ram Lal,RTPP,,,,,False,53,2024,GE
1505026,Surendra Singh Basoya,PPID,16397,40,0.03,14,53,62,DL,Surendra Singh Basoya,PPID,,,,,False,53,2024,GE
1505025,Om Shankar,IND,16208,40,0.03,14,53,62,DL,Om Shankar,IND,,,,,False,53,2024,GE
1505028,Sanjay,PuPP,16462,39,0.03,18,53,62,DL,Sanjay,PuPP,,,,,False,53,2024,GE
1505029,Vimal Kumar Saxena,IND,16208,36,0.03,19,53,62,DL,Vimal Kumar Saxena,IND,,,,,False,53,2024,GE
1505030,Yogesh Chaudhary,BVD,16491,26,0.02,20,53,62,DL,Yogesh Chaudhary,BVD,,,,,False,53,2024,GE
1505031,Sanjaya Kumar Yadav,RTORP,16385,23,0.02,21,53,62,DL,Sanjaya Kumar Yadav,RTORP,,,,,False,53,2024,GE
1505032,Kanhaiya Kumar,INC,16205,66604,50.58,1,53,63,DL,Kanhaiya Kumar,INC,,,,,False,53,2024,GE
1505033,Manoj Tiwari,BJP,16207,61017,46.34,2,53,63,DL,Manoj Tiwari,BJP,,,,,True,53,2024,GE
1505034,Ashok Kumar,BSP,16206,1238,0.94,3,53,63,DL,Ashok Kumar,BSP,,,,,False,53,2024,GE
1505035,None Of The Above,NOTA,16294,455,0.35,4,53,63,DL,None Of The Above,NOTA,,,,,False,53,2024,GE
1505036,Sunita,NRCP,16461,333,0.25,5,53,63,DL,Sunita,NRCP,,,,,False,53,2024,GE
1505037,Akeshan Dut,IND,16208,330,0.25,6,53,63,DL,Akeshan Dut,IND,,,,,False,53,2024,GE
1505038,Sushil Choudhary,AAPP,16382,218,0.17,7,53,63,DL,Sushil Choudhary,AAPP,,,,,False,53,2024,GE
1505039,Subhash,RJ,16337,172,0.13,8,53,63,DL,Subhash,RJ,,,,,False,53,2024,GE
1505040,Ajay Tiwari,RTORP,16385,161,0.12,9,53,63,DL,Ajay Tiwari,RTORP,,,,,False,53,2024,GE
1505041,Sanjeev Kumar Pandey,BHLBP,16469,123,0.09,10,53,63,DL,Sanjeev Kumar Pandey,BHLBP,,,,,False,53,2024,GE
1505042,Akash Srivastav,JIHNDNTLP,16468,117,0.09,11,53,63,DL,Akash Srivastav,JIHNDNTLP,,,,,False,53,2024,GE
1505043,Adv. Bhim Kishor,PPID,16397,103,0.08,12,53,63,DL,Adv. Bhim Kishor,PPID,,,,,False,53,2024,GE
1505044,Saroj Kumar Ray,IND,16208,85,0.06,13,53,63,DL,Saroj Kumar Ray,IND,,,,,False,53,2024,GE
1505045,Sanjeev Kumar,PuPP,16462,74,0.06,14,53,63,DL,Sanjeev Kumar,PuPP,,,,,False,53,2024,GE
1505046,Babita Yadav,ASPKR,16471,68,0.05,15,53,63,DL,Babita Yadav,ASPKR,,,,,False,53,2024,GE
1505048,Manoj Kumar,IND,16208,67,0.05,16,53,63,DL,Manoj Kumar,IND,,,,,False,53,2024,GE
1505047,Lakshya Vashist (Shyam),JDKRP,16455,67,0.05,16,53,63,DL,Lakshya Vashist (Shyam),JDKRP,,,,,False,53,2024,GE
1505049,Dr. Rajesh Kumar Singh,IND,16208,61,0.05,18,53,63,DL,Dr. Rajesh Kumar Singh,IND,,,,,False,53,2024,GE
1505050,Prakash Devi,SUCI,16299,57,0.04,19,53,63,DL,Prakash Devi,SUCI,,,,,False,53,2024,GE
1505051,Kanhi Lal,SWAJANPA,16472,46,0.03,20,53,63,DL,Kanhi Lal,SWAJANPA,,,,,False,53,2024,GE
1505052,Vijay Kumar Jha,IND,16208,46,0.03,20,53,63,DL,Vijay Kumar Jha,IND,,,,,False,53,2024,GE
1505053,Nivedita Sharma “Prem”,RSTJLKPS,16470,42,0.03,22,53,63,DL,Nivedita Sharma “Prem”,RSTJLKPS,,,,,False,53,2024,GE
1505054,Ashok Mishra,IND,16208,35,0.03,23,53,63,DL,Ashok Mishra,IND,,,,,False,53,2024,GE
1505055,Birpal Singh Koli,IND,16208,32,0.02,24,53,63,DL,Birpal Singh Koli,IND,,,,,False,53,2024,GE
1505057,Ravi Kiran Thilak Thatikonda,IND,16208,30,0.02,25,53,63,DL,Ravi Kiran Thilak Thatikonda,IND,,,,,False,53,2024,GE
1505056,Adv. K.T. Paluskar,PRCP,16464,30,0.02,25,53,63,DL,Adv. K.T. Paluskar,PRCP,,,,,False,53,2024,GE
1505058,Yogesh Swamy,IND,16208,28,0.02,27,53,63,DL,Yogesh Swamy,IND,,,,,False,53,2024,GE
1505059,Jagdish,RSPS,16424,23,0.02,28,53,63,DL,Jagdish,RSPS,,,,,False,53,2024,GE
1505060,Ishwar Chand,BDPty,16473,20,0.02,29,53,63,DL,Ishwar Chand,BDPty,,,,,False,53,2024,GE
1505061,Manoj Tiwari,BJP,16207,88287,63.78,1,53,64,DL,Manoj Tiwari,BJP,,,,,True,53,2024,GE
1505062,Kanhaiya Kumar,INC,16205,46416,33.53,2,53,64,DL,Kanhaiya Kumar,INC,,,,,False,53,2024,GE
1505063,Ashok Kumar,BSP,16206,1154,0.83,3,53,64,DL,Ashok Kumar,BSP,,,,,False,53,2024,GE
1505064,None Of The Above,NOTA,16294,724,0.52,4,53,64,DL,None Of The Above,NOTA,,,,,False,53,2024,GE
1505065,Akeshan Dut,IND,16208,347,0.25,5,53,64,DL,Akeshan Dut,IND,,,,,False,53,2024,GE
1505066,Sunita,NRCP,16461,213,0.15,6,53,64,DL,Sunita,NRCP,,,,,False,53,2024,GE
1505067,Ajay Tiwari,RTORP,16385,178,0.13,7,53,64,DL,Ajay Tiwari,RTORP,,,,,False,53,2024,GE
1505068,Sushil Choudhary,AAPP,16382,144,0.1,8,53,64,DL,Sushil Choudhary,AAPP,,,,,False,53,2024,GE
1505069,Akash Srivastav,JIHNDNTLP,16468,116,0.08,9,53,64,DL,Akash Srivastav,JIHNDNTLP,,,,,False,53,2024,GE
1505070,Subhash,RJ,16337,104,0.08,10,53,64,DL,Subhash,RJ,,,,,False,53,2024,GE
1505071,Sanjeev Kumar Pandey,BHLBP,16469,76,0.05,11,53,64,DL,Sanjeev Kumar Pandey,BHLBP,,,,,False,53,2024,GE
1505072,Saroj Kumar Ray,IND,16208,65,0.05,12,53,64,DL,Saroj Kumar Ray,IND,,,,,False,53,2024,GE
1505073,Sanjeev Kumar,PuPP,16462,60,0.04,13,53,64,DL,Sanjeev Kumar,PuPP,,,,,False,53,2024,GE
1505074,Prakash Devi,SUCI,16299,53,0.04,14,53,64,DL,Prakash Devi,SUCI,,,,,False,53,2024,GE
1505075,Dr. Rajesh Kumar Singh,IND,16208,51,0.04,15,53,64,DL,Dr. Rajesh Kumar Singh,IND,,,,,False,53,2024,GE
1505076,Kanhi Lal,SWAJANPA,16472,44,0.03,16,53,64,DL,Kanhi Lal,SWAJANPA,,,,,False,53,2024,GE
1505077,Adv. Bhim Kishor,PPID,16397,41,0.03,17,53,64,DL,Adv. Bhim Kishor,PPID,,,,,False,53,2024,GE
1505079,Manoj Kumar,IND,16208,40,0.03,18,53,64,DL,Manoj Kumar,IND,,,,,False,53,2024,GE
1505078,Lakshya Vashist (Shyam),JDKRP,16455,40,0.03,18,53,64,DL,Lakshya Vashist (Shyam),JDKRP,,,,,False,53,2024,GE
1505080,Adv. K.T. Paluskar,PRCP,16464,36,0.03,20,53,64,DL,Adv. K.T. Paluskar,PRCP,,,,,False,53,2024,GE
1505081,Babita Yadav,ASPKR,16471,35,0.03,21,53,64,DL,Babita Yadav,ASPKR,,,,,False,53,2024,GE
1505082,Vijay Kumar Jha,IND,16208,33,0.02,22,53,64,DL,Vijay Kumar Jha,IND,,,,,False,53,2024,GE
1505083,Ishwar Chand,BDPty,16473,33,0.02,22,53,64,DL,Ishwar Chand,BDPty,,,,,False,53,2024,GE
1505084,Nivedita Sharma “Prem”,RSTJLKPS,16470,31,0.02,24,53,64,DL,Nivedita Sharma “Prem”,RSTJLKPS,,,,,False,53,2024,GE
1505085,Ravi Kiran Thilak Thatikonda,IND,16208,25,0.02,25,53,64,DL,Ravi Kiran Thilak Thatikonda,IND,,,,,False,53,2024,GE
1505086,Birpal Singh Koli,IND,16208,23,0.02,26,53,64,DL,Birpal Singh Koli,IND,,,,,False,53,2024,GE
1505088,Ashok Mishra,IND,16208,21,0.02,27,53,64,DL,Ashok Mishra,IND,,,,,False,53,2024,GE
1505087,Yogesh Swamy,IND,16208,21,0.02,27,53,64,DL,Yogesh Swamy,IND,,,,,False,53,2024,GE
1505089,Jagdish,RSPS,16424,11,0.01,29,53,64,DL,Jagdish,RSPS,,,,,False,53,2024,GE
1505090,Kanhaiya Kumar,INC,16205,88708,69.08,1,53,65,DL,Kanhaiya Kumar,INC,,,,,False,53,2024,GE
1505091,Manoj Tiwari,BJP,16207,37697,29.36,2,53,65,DL,Manoj Tiwari,BJP,,,,,True,53,2024,GE
1505092,Ashok Kumar,BSP,16206,427,0.33,3,53,65,DL,Ashok Kumar,BSP,,,,,False,53,2024,GE
1505093,Sunita,NRCP,16461,338,0.26,4,53,65,DL,Sunita,NRCP,,,,,False,53,2024,GE
1505094,None Of The Above,NOTA,16294,202,0.16,5,53,65,DL,None Of The Above,NOTA,,,,,False,53,2024,GE
1505095,Sushil Choudhary,AAPP,16382,166,0.13,6,53,65,DL,Sushil Choudhary,AAPP,,,,,False,53,2024,GE
1505096,Subhash,RJ,16337,158,0.12,7,53,65,DL,Subhash,RJ,,,,,False,53,2024,GE
1505097,Akeshan Dut,IND,16208,133,0.1,8,53,65,DL,Akeshan Dut,IND,,,,,False,53,2024,GE
1505098,Ajay Tiwari,RTORP,16385,78,0.06,9,53,65,DL,Ajay Tiwari,RTORP,,,,,False,53,2024,GE
1505099,Sanjeev Kumar Pandey,BHLBP,16469,64,0.05,10,53,65,DL,Sanjeev Kumar Pandey,BHLBP,,,,,False,53,2024,GE
1505100,Akash Srivastav,JIHNDNTLP,16468,45,0.04,11,53,65,DL,Akash Srivastav,JIHNDNTLP,,,,,False,53,2024,GE
1505101,Saroj Kumar Ray,IND,16208,38,0.03,12,53,65,DL,Saroj Kumar Ray,IND,,,,,False,53,2024,GE
1505102,Adv. Bhim Kishor,PPID,16397,37,0.03,13,53,65,DL,Adv. Bhim Kishor,PPID,,,,,False,53,2024,GE
1505103,Sanjeev Kumar,PuPP,16462,34,0.03,14,53,65,DL,Sanjeev Kumar,PuPP,,,,,False,53,2024,GE
1505104,Manoj Kumar,IND,16208,29,0.02,15,53,65,DL,Manoj Kumar,IND,,,,,False,53,2024,GE
1505105,Babita Yadav,ASPKR,16471,27,0.02,16,53,65,DL,Babita Yadav,ASPKR,,,,,False,53,2024,GE
1505107,Lakshya Vashist (Shyam),JDKRP,16455,25,0.02,17,53,65,DL,Lakshya Vashist (Shyam),JDKRP,,,,,False,53,2024,GE
1505106,Prakash Devi,SUCI,16299,25,0.02,17,53,65,DL,Prakash Devi,SUCI,,,,,False,53,2024,GE
1505109,Dr. Rajesh Kumar Singh,IND,16208,22,0.02,19,53,65,DL,Dr. Rajesh Kumar Singh,IND,,,,,False,53,2024,GE
1505108,Nivedita Sharma “Prem”,RSTJLKPS,16470,22,0.02,19,53,65,DL,Nivedita Sharma “Prem”,RSTJLKPS,,,,,False,53,2024,GE
1505110,Ashok Mishra,IND,16208,21,0.02,21,53,65,DL,Ashok Mishra,IND,,,,,False,53,2024,GE
1505111,Kanhi Lal,SWAJANPA,16472,20,0.02,22,53,65,DL,Kanhi Lal,SWAJANPA,,,,,False,53,2024,GE
1505112,Vijay Kumar Jha,IND,16208,19,0.01,23,53,65,DL,Vijay Kumar Jha,IND,,,,,False,53,2024,GE
1505113,Adv. K.T. Paluskar,PRCP,16464,17,0.01,24,53,65,DL,Adv. K.T. Paluskar,PRCP,,,,,False,53,2024,GE
1505115,Ishwar Chand,BDPty,16473,15,0.01,25,53,65,DL,Ishwar Chand,BDPty,,,,,False,53,2024,GE
1505114,Yogesh Swamy,IND,16208,15,0.01,25,53,65,DL,Yogesh Swamy,IND,,,,,False,53,2024,GE
1505116,Ravi Kiran Thilak Thatikonda,IND,16208,13,0.01,27,53,65,DL,Ravi Kiran Thilak Thatikonda,IND,,,,,False,53,2024,GE
1505117,Jagdish,RSPS,16424,12,0.01,28,53,65,DL,Jagdish,RSPS,,,,,False,53,2024,GE
1505118,Birpal Singh Koli,IND,16208,8,0.01,29,53,65,DL,Birpal Singh Koli,IND,,,,,False,53,2024,GE
1505119,Manoj Tiwari,BJP,16207,95348,70.39,1,53,66,DL,Manoj Tiwari,BJP,,,,,True,53,2024,GE
1505120,Kanhaiya Kumar,INC,16205,37083,27.38,2,53,66,DL,Kanhaiya Kumar,INC,,,,,False,53,2024,GE
1505121,Ashok Kumar,BSP,16206,848,0.63,3,53,66,DL,Ashok Kumar,BSP,,,,,False,53,2024,GE
1505122,None Of The Above,NOTA,16294,465,0.34,4,53,66,DL,None Of The Above,NOTA,,,,,False,53,2024,GE
1505123,Sunita,NRCP,16461,248,0.18,5,53,66,DL,Sunita,NRCP,,,,,False,53,2024,GE
1505124,Akeshan Dut,IND,16208,214,0.16,6,53,66,DL,Akeshan Dut,IND,,,,,False,53,2024,GE
1505125,Ajay Tiwari,RTORP,16385,211,0.16,7,53,66,DL,Ajay Tiwari,RTORP,,,,,False,53,2024,GE
1505126,Sushil Choudhary,AAPP,16382,164,0.12,8,53,66,DL,Sushil Choudhary,AAPP,,,,,False,53,2024,GE
1505127,Subhash,RJ,16337,105,0.08,9,53,66,DL,Subhash,RJ,,,,,False,53,2024,GE
1505128,Sanjeev Kumar Pandey,BHLBP,16469,80,0.06,10,53,66,DL,Sanjeev Kumar Pandey,BHLBP,,,,,False,53,2024,GE
1505129,Saroj Kumar Ray,IND,16208,77,0.06,11,53,66,DL,Saroj Kumar Ray,IND,,,,,False,53,2024,GE
1505130,Akash Srivastav,JIHNDNTLP,16468,75,0.06,12,53,66,DL,Akash Srivastav,JIHNDNTLP,,,,,False,53,2024,GE
1505131,Lakshya Vashist (Shyam),JDKRP,16455,65,0.05,13,53,66,DL,Lakshya Vashist (Shyam),JDKRP,,,,,False,53,2024,GE
1505132,Adv. Bhim Kishor,PPID,16397,57,0.04,14,53,66,DL,Adv. Bhim Kishor,PPID,,,,,False,53,2024,GE
1505133,Sanjeev Kumar,PuPP,16462,55,0.04,15,53,66,DL,Sanjeev Kumar,PuPP,,,,,False,53,2024,GE
1505134,Prakash Devi,SUCI,16299,43,0.03,16,53,66,DL,Prakash Devi,SUCI,,,,,False,53,2024,GE
1505135,Babita Yadav,ASPKR,16471,38,0.03,17,53,66,DL,Babita Yadav,ASPKR,,,,,False,53,2024,GE
1505136,Nivedita Sharma “Prem”,RSTJLKPS,16470,38,0.03,17,53,66,DL,Nivedita Sharma “Prem”,RSTJLKPS,,,,,False,53,2024,GE
1505137,Manoj Kumar,IND,16208,35,0.03,19,53,66,DL,Manoj Kumar,IND,,,,,False,53,2024,GE
1505138,Kanhi Lal,SWAJANPA,16472,34,0.03,20,53,66,DL,Kanhi Lal,SWAJANPA,,,,,False,53,2024,GE
1505139,Dr. Rajesh Kumar Singh,IND,16208,30,0.02,21,53,66,DL,Dr. Rajesh Kumar Singh,IND,,,,,False,53,2024,GE
1505140,Ashok Mishra,IND,16208,24,0.02,22,53,66,DL,Ashok Mishra,IND,,,,,False,53,2024,GE
1505141,Vijay Kumar Jha,IND,16208,23,0.02,23,53,66,DL,Vijay Kumar Jha,IND,,,,,False,53,2024,GE
1505142,Ishwar Chand,BDPty,16473,23,0.02,23,53,66,DL,Ishwar Chand,BDPty,,,,,False,53,2024,GE
1505143,Adv. K.T. Paluskar,PRCP,16464,17,0.01,25,53,66,DL,Adv. K.T. Paluskar,PRCP,,,,,False,53,2024,GE
1505144,Birpal Singh Koli,IND,16208,16,0.01,26,53,66,DL,Birpal Singh Koli,IND,,,,,False,53,2024,GE
1505145,Ravi Kiran Thilak Thatikonda,IND,16208,15,0.01,27,53,66,DL,Ravi Kiran Thilak Thatikonda,IND,,,,,False,53,2024,GE
1505146,Jagdish,RSPS,16424,14,0.01,28,53,66,DL,Jagdish,RSPS,,,,,False,53,2024,GE
1505147,Yogesh Swamy,IND,16208,13,0.01,29,53,66,DL,Yogesh Swamy,IND,,,,,False,53,2024,GE
1505148,Kanhaiya Kumar,INC,16205,75047,55.03,1,53,67,DL,Kanhaiya Kumar,INC,,,,,False,53,2024,GE
1505149,Manoj Tiwari,BJP,16207,59132,43.36,2,53,67,DL,Manoj Tiwari,BJP,,,,,True,53,2024,GE
1505150,Ashok Kumar,BSP,16206,388,0.28,3,53,67,DL,Ashok Kumar,BSP,,,,,False,53,2024,GE
1505151,None Of The Above,NOTA,16294,375,0.27,4,53,67,DL,None Of The Above,NOTA,,,,,False,53,2024,GE
1505152,Sunita,NRCP,16461,322,0.24,5,53,67,DL,Sunita,NRCP,,,,,False,53,2024,GE
1505153,Sushil Choudhary,AAPP,16382,158,0.12,6,53,67,DL,Sushil Choudhary,AAPP,,,,,False,53,2024,GE
1505154,Akeshan Dut,IND,16208,130,0.1,7,53,67,DL,Akeshan Dut,IND,,,,,False,53,2024,GE
1505155,Ajay Tiwari,RTORP,16385,119,0.09,8,53,67,DL,Ajay Tiwari,RTORP,,,,,False,53,2024,GE
1505156,Subhash,RJ,16337,103,0.08,9,53,67,DL,Subhash,RJ,,,,,False,53,2024,GE
1505157,Sanjeev Kumar Pandey,BHLBP,16469,75,0.05,10,53,67,DL,Sanjeev Kumar Pandey,BHLBP,,,,,False,53,2024,GE
1505158,Akash Srivastav,JIHNDNTLP,16468,70,0.05,11,53,67,DL,Akash Srivastav,JIHNDNTLP,,,,,False,53,2024,GE
1505159,Saroj Kumar Ray,IND,16208,57,0.04,12,53,67,DL,Saroj Kumar Ray,IND,,,,,False,53,2024,GE
1505160,Sanjeev Kumar,PuPP,16462,49,0.04,13,53,67,DL,Sanjeev Kumar,PuPP,,,,,False,53,2024,GE
1505162,Nivedita Sharma “Prem”,RSTJLKPS,16470,35,0.03,14,53,67,DL,Nivedita Sharma “Prem”,RSTJLKPS,,,,,False,53,2024,GE
1505161,Adv. Bhim Kishor,PPID,16397,35,0.03,14,53,67,DL,Adv. Bhim Kishor,PPID,,,,,False,53,2024,GE
1505163,Manoj Kumar,IND,16208,32,0.02,16,53,67,DL,Manoj Kumar,IND,,,,,False,53,2024,GE
1505164,Babita Yadav,ASPKR,16471,28,0.02,17,53,67,DL,Babita Yadav,ASPKR,,,,,False,53,2024,GE
1505165,Lakshya Vashist (Shyam),JDKRP,16455,27,0.02,18,53,67,DL,Lakshya Vashist (Shyam),JDKRP,,,,,False,53,2024,GE
1505166,Vijay Kumar Jha,IND,16208,25,0.02,19,53,67,DL,Vijay Kumar Jha,IND,,,,,False,53,2024,GE
1505167,Kanhi Lal,SWAJANPA,16472,24,0.02,20,53,67,DL,Kanhi Lal,SWAJANPA,,,,,False,53,2024,GE
1505169,Ashok Mishra,IND,16208,23,0.02,21,53,67,DL,Ashok Mishra,IND,,,,,False,53,2024,GE
1505168,Prakash Devi,SUCI,16299,23,0.02,21,53,67,DL,Prakash Devi,SUCI,,,,,False,53,2024,GE
1505170,Dr. Rajesh Kumar Singh,IND,16208,22,0.02,23,53,67,DL,Dr. Rajesh Kumar Singh,IND,,,,,False,53,2024,GE
1505171,Adv. K.T. Paluskar,PRCP,16464,19,0.01,24,53,67,DL,Adv. K.T. Paluskar,PRCP,,,,,False,53,2024,GE
1505172,Ravi Kiran Thilak Thatikonda,IND,16208,18,0.01,25,53,67,DL,Ravi Kiran Thilak Thatikonda,IND,,,,,False,53,2024,GE
1505173,Ishwar Chand,BDPty,16473,14,0.01,26,53,67,DL,Ishwar Chand,BDPty,,,,,False,53,2024,GE
1505174,Jagdish,RSPS,16424,13,0.01,27,53,67,DL,Jagdish,RSPS,,,,,False,53,2024,GE
1505175,Birpal Singh Koli,IND,16208,12,0.01,28,53,67,DL,Birpal Singh Koli,IND,,,,,False,53,2024,GE
1505176,Yogesh Swamy,IND,16208,10,0.01,29,53,67,DL,Yogesh Swamy,IND,,,,,False,53,2024,GE
1505177,Manoj Tiwari,BJP,16207,80757,51.16,1,53,68,DL,Manoj Tiwari,BJP,,,,,True,53,2024,GE
1505178,Kanhaiya Kumar,INC,16205,70159,44.45,2,53,68,DL,Kanhaiya Kumar,INC,,,,,False,53,2024,GE
1505179,Ashok Kumar,BSP,16206,3417,2.16,3,53,68,DL,Ashok Kumar,BSP,,,,,False,53,2024,GE
1505180,None Of The Above,NOTA,16294,493,0.31,4,53,68,DL,None Of The Above,NOTA,,,,,False,53,2024,GE
1505181,Akeshan Dut,IND,16208,478,0.3,5,53,68,DL,Akeshan Dut,IND,,,,,False,53,2024,GE
1505182,Sunita,NRCP,16461,398,0.25,6,53,68,DL,Sunita,NRCP,,,,,False,53,2024,GE
1505183,Ajay Tiwari,RTORP,16385,218,0.14,7,53,68,DL,Ajay Tiwari,RTORP,,,,,False,53,2024,GE
1505184,Subhash,RJ,16337,207,0.13,8,53,68,DL,Subhash,RJ,,,,,False,53,2024,GE
1505185,Sushil Choudhary,AAPP,16382,201,0.13,9,53,68,DL,Sushil Choudhary,AAPP,,,,,False,53,2024,GE
1505186,Akash Srivastav,JIHNDNTLP,16468,168,0.11,10,53,68,DL,Akash Srivastav,JIHNDNTLP,,,,,False,53,2024,GE
1505187,Adv. Bhim Kishor,PPID,16397,120,0.08,11,53,68,DL,Adv. Bhim Kishor,PPID,,,,,False,53,2024,GE
1505188,Saroj Kumar Ray,IND,16208,115,0.07,12,53,68,DL,Saroj Kumar Ray,IND,,,,,False,53,2024,GE
1505189,Sanjeev Kumar Pandey,BHLBP,16469,104,0.07,13,53,68,DL,Sanjeev Kumar Pandey,BHLBP,,,,,False,53,2024,GE
1505190,Babita Yadav,ASPKR,16471,93,0.06,14,53,68,DL,Babita Yadav,ASPKR,,,,,False,53,2024,GE
1505191,Sanjeev Kumar,PuPP,16462,90,0.06,15,53,68,DL,Sanjeev Kumar,PuPP,,,,,False,53,2024,GE
1505192,Prakash Devi,SUCI,16299,86,0.05,16,53,68,DL,Prakash Devi,SUCI,,,,,False,53,2024,GE
1505193,Lakshya Vashist (Shyam),JDKRP,16455,86,0.05,16,53,68,DL,Lakshya Vashist (Shyam),JDKRP,,,,,False,53,2024,GE
1505194,Dr. Rajesh Kumar Singh,IND,16208,78,0.05,18,53,68,DL,Dr. Rajesh Kumar Singh,IND,,,,,False,53,2024,GE
1505195,Manoj Kumar,IND,16208,76,0.05,19,53,68,DL,Manoj Kumar,IND,,,,,False,53,2024,GE
1505196,Nivedita Sharma “Prem”,RSTJLKPS,16470,72,0.05,20,53,68,DL,Nivedita Sharma “Prem”,RSTJLKPS,,,,,False,53,2024,GE
1505197,Kanhi Lal,SWAJANPA,16472,68,0.04,21,53,68,DL,Kanhi Lal,SWAJANPA,,,,,False,53,2024,GE
1505198,Jagdish,RSPS,16424,56,0.04,22,53,68,DL,Jagdish,RSPS,,,,,False,53,2024,GE
1505199,Ashok Mishra,IND,16208,55,0.03,23,53,68,DL,Ashok Mishra,IND,,,,,False,53,2024,GE
1505200,Ravi Kiran Thilak Thatikonda,IND,16208,48,0.03,24,53,68,DL,Ravi Kiran Thilak Thatikonda,IND,,,,,False,53,2024,GE
1505201,Ishwar Chand,BDPty,16473,46,0.03,25,53,68,DL,Ishwar Chand,BDPty,,,,,False,53,2024,GE
1505202,Vijay Kumar Jha,IND,16208,44,0.03,26,53,68,DL,Vijay Kumar Jha,IND,,,,,False,53,2024,GE
1505203,Adv. K.T. Paluskar,PRCP,16464,44,0.03,26,53,68,DL,Adv. K.T. Paluskar,PRCP,,,,,False,53,2024,GE
1505205,Birpal Singh Koli,IND,16208,37,0.02,28,53,68,DL,Birpal Singh Koli,IND,,,,,False,53,2024,GE
1505204,Yogesh Swamy,IND,16208,37,0.02,28,53,68,DL,Yogesh Swamy,IND,,,,,False,53,2024,GE
1505206,Kanhaiya Kumar,INC,16205,103689,55.63,1,53,69,DL,Kanhaiya Kumar,INC,,,,,False,53,2024,GE
1505207,Manoj Tiwari,BJP,16207,78502,42.12,2,53,69,DL,Manoj Tiwari,BJP,,,,,True,53,2024,GE
1505208,Ashok Kumar,BSP,16206,1200,0.64,3,53,69,DL,Ashok Kumar,BSP,,,,,False,53,2024,GE
1505209,Sunita,NRCP,16461,586,0.31,4,53,69,DL,Sunita,NRCP,,,,,False,53,2024,GE
1505210,None Of The Above,NOTA,16294,340,0.18,5,53,69,DL,None Of The Above,NOTA,,,,,False,53,2024,GE
1505211,Sushil Choudhary,AAPP,16382,292,0.16,6,53,69,DL,Sushil Choudhary,AAPP,,,,,False,53,2024,GE
1505212,Ajay Tiwari,RTORP,16385,205,0.11,7,53,69,DL,Ajay Tiwari,RTORP,,,,,False,53,2024,GE
1505213,Subhash,RJ,16337,197,0.11,8,53,69,DL,Subhash,RJ,,,,,False,53,2024,GE
1505214,Akeshan Dut,IND,16208,180,0.1,9,53,69,DL,Akeshan Dut,IND,,,,,False,53,2024,GE
1505215,Sanjeev Kumar Pandey,BHLBP,16469,139,0.07,10,53,69,DL,Sanjeev Kumar Pandey,BHLBP,,,,,False,53,2024,GE
1505216,Adv. Bhim Kishor,PPID,16397,110,0.06,11,53,69,DL,Adv. Bhim Kishor,PPID,,,,,False,53,2024,GE
1505217,Akash Srivastav,JIHNDNTLP,16468,103,0.06,12,53,69,DL,Akash Srivastav,JIHNDNTLP,,,,,False,53,2024,GE
1505218,Babita Yadav,ASPKR,16471,100,0.05,13,53,69,DL,Babita Yadav,ASPKR,,,,,False,53,2024,GE
1505219,Sanjeev Kumar,PuPP,16462,90,0.05,14,53,69,DL,Sanjeev Kumar,PuPP,,,,,False,53,2024,GE
1505220,Saroj Kumar Ray,IND,16208,88,0.05,15,53,69,DL,Saroj Kumar Ray,IND,,,,,False,53,2024,GE
1505221,Lakshya Vashist (Shyam),JDKRP,16455,73,0.04,16,53,69,DL,Lakshya Vashist (Shyam),JDKRP,,,,,False,53,2024,GE
1505222,Prakash Devi,SUCI,16299,69,0.04,17,53,69,DL,Prakash Devi,SUCI,,,,,False,53,2024,GE
1505223,Nivedita Sharma “Prem”,RSTJLKPS,16470,55,0.03,18,53,69,DL,Nivedita Sharma “Prem”,RSTJLKPS,,,,,False,53,2024,GE
1505224,Kanhi Lal,SWAJANPA,16472,53,0.03,19,53,69,DL,Kanhi Lal,SWAJANPA,,,,,False,53,2024,GE
1505225,Vijay Kumar Jha,IND,16208,49,0.03,20,53,69,DL,Vijay Kumar Jha,IND,,,,,False,53,2024,GE
1505226,Manoj Kumar,IND,16208,48,0.03,21,53,69,DL,Manoj Kumar,IND,,,,,False,53,2024,GE
1505227,Dr. Rajesh Kumar Singh,IND,16208,46,0.02,22,53,69,DL,Dr. Rajesh Kumar Singh,IND,,,,,False,53,2024,GE
1505228,Yogesh Swamy,IND,16208,35,0.02,23,53,69,DL,Yogesh Swamy,IND,,,,,False,53,2024,GE
1505229,Ashok Mishra,IND,16208,30,0.02,24,53,69,DL,Ashok Mishra,IND,,,,,False,53,2024,GE
1505230,Adv. K.T. Paluskar,PRCP,16464,24,0.01,25,53,69,DL,Adv. K.T. Paluskar,PRCP,,,,,False,53,2024,GE
1505231,Jagdish,RSPS,16424,23,0.01,26,53,69,DL,Jagdish,RSPS,,,,,False,53,2024,GE
1505232,Ravi Kiran Thilak Thatikonda,IND,16208,20,0.01,27,53,69,DL,Ravi Kiran Thilak Thatikonda,IND,,,,,False,53,2024,GE
1505233,Birpal Singh Koli,IND,16208,20,0.01,27,53,69,DL,Birpal Singh Koli,IND,,,,,False,53,2024,GE
1505234,Ishwar Chand,BDPty,16473,19,0.01,29,53,69,DL,Ishwar Chand,BDPty,,,,,False,53,2024,GE
1505235,Manoj Tiwari,BJP,16207,110447,59.48,1,53,70,DL,Manoj Tiwari,BJP,,,,,True,53,2024,GE
1505236,Kanhaiya Kumar,INC,16205,70200,37.81,2,53,70,DL,Kanhaiya Kumar,INC,,,,,False,53,2024,GE
1505237,Ashok Kumar,BSP,16206,1149,0.62,3,53,70,DL,Ashok Kumar,BSP,,,,,False,53,2024,GE
1505238,None Of The Above,NOTA,16294,705,0.38,4,53,70,DL,None Of The Above,NOTA,,,,,False,53,2024,GE
1505239,Sunita,NRCP,16461,397,0.21,5,53,70,DL,Sunita,NRCP,,,,,False,53,2024,GE
1505240,Akeshan Dut,IND,16208,370,0.2,6,53,70,DL,Akeshan Dut,IND,,,,,False,53,2024,GE
1505241,Ajay Tiwari,RTORP,16385,300,0.16,7,53,70,DL,Ajay Tiwari,RTORP,,,,,False,53,2024,GE
1505242,Sushil Choudhary,AAPP,16382,241,0.13,8,53,70,DL,Sushil Choudhary,AAPP,,,,,False,53,2024,GE
1505243,Subhash,RJ,16337,220,0.12,9,53,70,DL,Subhash,RJ,,,,,False,53,2024,GE
1505244,Yogesh Swamy,IND,16208,169,0.09,10,53,70,DL,Yogesh Swamy,IND,,,,,False,53,2024,GE
1505245,Akash Srivastav,JIHNDNTLP,16468,157,0.08,11,53,70,DL,Akash Srivastav,JIHNDNTLP,,,,,False,53,2024,GE
1505246,Sanjeev Kumar Pandey,BHLBP,16469,146,0.08,12,53,70,DL,Sanjeev Kumar Pandey,BHLBP,,,,,False,53,2024,GE
1505247,Saroj Kumar Ray,IND,16208,111,0.06,13,53,70,DL,Saroj Kumar Ray,IND,,,,,False,53,2024,GE
1505248,Adv. Bhim Kishor,PPID,16397,108,0.06,14,53,70,DL,Adv. Bhim Kishor,PPID,,,,,False,53,2024,GE
1505249,Sanjeev Kumar,PuPP,16462,93,0.05,15,53,70,DL,Sanjeev Kumar,PuPP,,,,,False,53,2024,GE
1505250,Lakshya Vashist (Shyam),JDKRP,16455,89,0.05,16,53,70,DL,Lakshya Vashist (Shyam),JDKRP,,,,,False,53,2024,GE
1505251,Prakash Devi,SUCI,16299,88,0.05,17,53,70,DL,Prakash Devi,SUCI,,,,,False,53,2024,GE
1505252,Babita Yadav,ASPKR,16471,88,0.05,17,53,70,DL,Babita Yadav,ASPKR,,,,,False,53,2024,GE
1505253,Manoj Kumar,IND,16208,82,0.04,19,53,70,DL,Manoj Kumar,IND,,,,,False,53,2024,GE
1505254,Kanhi Lal,SWAJANPA,16472,72,0.04,20,53,70,DL,Kanhi Lal,SWAJANPA,,,,,False,53,2024,GE
1505255,Nivedita Sharma “Prem”,RSTJLKPS,16470,67,0.04,21,53,70,DL,Nivedita Sharma “Prem”,RSTJLKPS,,,,,False,53,2024,GE
1505256,Dr. Rajesh Kumar Singh,IND,16208,60,0.03,22,53,70,DL,Dr. Rajesh Kumar Singh,IND,,,,,False,53,2024,GE
1505257,Vijay Kumar Jha,IND,16208,60,0.03,22,53,70,DL,Vijay Kumar Jha,IND,,,,,False,53,2024,GE
1505258,Ashok Mishra,IND,16208,57,0.03,24,53,70,DL,Ashok Mishra,IND,,,,,False,53,2024,GE
1505259,Birpal Singh Koli,IND,16208,53,0.03,25,53,70,DL,Birpal Singh Koli,IND,,,,,False,53,2024,GE
1505260,Ravi Kiran Thilak Thatikonda,IND,16208,46,0.02,26,53,70,DL,Ravi Kiran Thilak Thatikonda,IND,,,,,False,53,2024,GE
1505261,Adv. K.T. Paluskar,PRCP,16464,37,0.02,27,53,70,DL,Adv. K.T. Paluskar,PRCP,,,,,False,53,2024,GE
1505262,Ishwar Chand,BDPty,16473,34,0.02,28,53,70,DL,Ishwar Chand,BDPty,,,,,False,53,2024,GE
1505263,Jagdish,RSPS,16424,30,0.02,29,53,70,DL,Jagdish,RSPS,,,,,False,53,2024,GE
