el_res_id,ca_full_name,party_abb,party_id,el_vote_count,el_vote_perc,el_rank,el_id,ac_no,state_abb,original_ca_full_name,original_party_abb,caste,caste_category,gender,age,incumbency,el_id,el_year,el_type
1291614,Jadeja Pradhyumansinh Mahipatsinh,INC,15160,73312,48.7897724625817,1,29,1,GJ,Jadeja Pradhyumansinh Mahipatsinh,INC,,,,,False,29,2017,AE
1291615,Chhabilbhai Naranbhai Patel,BJP,15159,63566,42.3037248520906,2,29,1,GJ,Chhabilbhai Naranbhai Patel,BJP,,,,,False,29,2017,AE
1291616,Rajesh Shamji Maheshwari,BMUP,15169,4122,2.74322678539341,3,29,1,GJ,Rajesh Shamji Maheshwari,BMUP,,,,,False,29,2017,AE
1291617,Nota,NOTA,15161,3251,2.163568723754,4,29,1,GJ,Nota,NOTA,,,,,False,29,2017,AE
1291618,Soni Kaushikbhai Babulal,IND,15162,1851,1.23185656956895,5,29,1,GJ,Soni Kaushikbhai Babulal,IND,,,,,False,29,2017,AE
1291619,Vaghela Laxmanbhai Kanji,BSP,15163,1400,0.931712154185051,6,29,1,GJ,Vaghela Laxmanbhai Kanji,BSP,,,,,False,29,2017,AE
1291620,Ram Mangal Gadhavi,IND,15162,733,0.48781786358403,7,29,1,GJ,Ram Mangal Gadhavi,IND,,,,,False,29,2017,AE
1291621,Dharamshi Sharad Shivji,IND,15162,655,0.435908186422291,8,29,1,GJ,Dharamshi Sharad Shivji,IND,,,,,False,29,2017,AE
1291622,Umar Osman Sangar,IND,15162,453,0.30147543274702,9,29,1,GJ,Umar Osman Sangar,IND,,,,,False,29,2017,AE
1291623,Koli Shankarbhai Alibhai,VPP,15183,331,0.220283373596608,10,29,1,GJ,Koli Shankarbhai Alibhai,VPP,,,,,False,29,2017,AE
1291624,Khetani Vasantbhai Valjibhai,REALDP,15184,310,0.206307691283832,11,29,1,GJ,Khetani Vasantbhai Valjibhai,REALDP,,,,,False,29,2017,AE
1291625,Amrut Ladhabhai Patel,IND,15162,277,0.184345904792328,12,29,1,GJ,Amrut Ladhabhai Patel,IND,,,,,False,29,2017,AE
1291692,Jadeja Virendrasinh Bahadursinh,BJP,15159,79469,49.6495064350868,1,29,2,GJ,Jadeja Virendrasinh Bahadursinh,BJP,,,,,False,29,2017,AE
1291693,Gohil Shaktisinhji Harichandrasinhji,INC,15160,70423,43.9978757965762,2,29,2,GJ,Gohil Shaktisinhji Harichandrasinhji,INC,,,,,False,29,2017,AE
1291694,Nota,NOTA,15161,1685,1.05273022616518,3,29,2,GJ,Nota,NOTA,,,,,False,29,2017,AE
1291695,Rangani Maheshbhai Karshanbhai,IND,15162,1282,0.800949643883543,4,29,2,GJ,Rangani Maheshbhai Karshanbhai,IND,,,,,False,29,2017,AE
1291696,Keneeya Bhanjibhai Khimjibhai,BSP,15163,1154,0.72097963263776,5,29,2,GJ,Keneeya Bhanjibhai Khimjibhai,BSP,,,,,False,29,2017,AE
1291697,Rangani Varshaben Maheshbhai,IND,15162,1110,0.693489941272022,6,29,2,GJ,Rangani Varshaben Maheshbhai,IND,,,,,False,29,2017,AE
1291698,Sameja Abdulkarim Amad,BMUP,15169,1105,0.690366112707734,7,29,2,GJ,Sameja Abdulkarim Amad,BMUP,,,,,False,29,2017,AE
1291699,Shah Vijaykumar Chimanlal,IND,15162,1099,0.686617518430588,8,29,2,GJ,Shah Vijaykumar Chimanlal,IND,,,,,False,29,2017,AE
1291700,Saiyad Imamsha Latifsha,IND,15162,559,0.349244033487442,9,29,2,GJ,Saiyad Imamsha Latifsha,IND,,,,,False,29,2017,AE
1291701,Joshi Shaileshbhai Bhavanisankar,SP,15176,541,0.337998250656003,10,29,2,GJ,Joshi Shaileshbhai Bhavanisankar,SP,,,,,False,29,2017,AE
1291702,Rambhai Dhanrajbhai Gadhavi,IND,15162,434,0.271148319380232,11,29,2,GJ,Rambhai Dhanrajbhai Gadhavi,IND,,,,,False,29,2017,AE
1291703,Vora Jayeshbhai Praveenchandra,SHS,15186,221,0.138073222541546,12,29,2,GJ,Vora Jayeshbhai Praveenchandra,SHS,,,,,False,29,2017,AE
1291704,Boda Vasantbhai Morarjibhai,IND,15162,211,0.13182556541297,13,29,2,GJ,Boda Vasantbhai Morarjibhai,IND,,,,,False,29,2017,AE
1291705,Dhruiya Gulamhusen Salemamad,IND,15162,179,0.111833062601524,14,29,2,GJ,Dhruiya Gulamhusen Salemamad,IND,,,,,False,29,2017,AE
1291706,Jat Amin Kasam,IND,15162,178,0.111208296888666,15,29,2,GJ,Jat Amin Kasam,IND,,,,,False,29,2017,AE
1291707,Anvarsha Bhachhamiya Saiyad,IND,15162,176,0.109958765462951,16,29,2,GJ,Anvarsha Bhachhamiya Saiyad,IND,,,,,False,29,2017,AE
1291708,Joshi Prateek Yogeshbhai,IND,15162,120,0.0749718855429214,17,29,2,GJ,Joshi Prateek Yogeshbhai,IND,,,,,False,29,2017,AE
1291709,Kaneriya Bhavin Girdharbhai,IND,15162,114,0.0712232912657753,18,29,2,GJ,Kaneriya Bhavin Girdharbhai,IND,,,,,False,29,2017,AE
1291777,Acharya Dr.Nimaben Bhaveshbhai,BJP,15159,86532,50.7254277825651,1,29,3,GJ,Acharya Dr.Nimaben Bhaveshbhai,BJP,,,,,False,29,2017,AE
1291778,Chaki Adambhai Budhabhai,INC,15160,72510,42.5056715263,2,29,3,GJ,Chaki Adambhai Budhabhai,INC,,,,,False,29,2017,AE
1291779,Nota,NOTA,15161,4581,2.68540175509558,3,29,3,GJ,Nota,NOTA,,,,,False,29,2017,AE
1291780,Sindhal Prakash Harilal,IND,15162,1977,1.15892583929796,4,29,3,GJ,Sindhal Prakash Harilal,IND,,,,,False,29,2017,AE
1291781,Node Kasam Mahamad,BSP,15163,1148,0.672962500512928,5,29,3,GJ,Node Kasam Mahamad,BSP,,,,,False,29,2017,AE
1291782,Malshi Rana,IND,15162,840,0.492411585741167,6,29,3,GJ,Malshi Rana,IND,,,,,False,29,2017,AE
1291783,Sodha Madhubha Ranaji,SHS,15186,716,0.419722256417471,7,29,3,GJ,Sodha Madhubha Ranaji,SHS,,,,,False,29,2017,AE
1291784,Shah Paresh Vrajlal,IND,15162,607,0.355825991124867,8,29,3,GJ,Shah Paresh Vrajlal,IND,,,,,False,29,2017,AE
1291785,Koka Rajesh Kantilal,IND,15162,378,0.221585213583525,9,29,3,GJ,Koka Rajesh Kantilal,IND,,,,,False,29,2017,AE
1291786,Gohil Jignaba Karubha,RKSP,15174,337,0.197550838565206,10,29,3,GJ,Gohil Jignaba Karubha,RKSP,,,,,False,29,2017,AE
1291787,Makwana Sikandar Ismail,IND,15162,274,0.160619969634618,11,29,3,GJ,Makwana Sikandar Ismail,IND,,,,,False,29,2017,AE
1291788,Tejas Alias Sachin Rajgor,IND,15162,267,0.156516539753442,12,29,3,GJ,Tejas Alias Sachin Rajgor,IND,,,,,False,29,2017,AE
1291789,Babu Sama,IND,15162,226,0.132482164735123,13,29,3,GJ,Babu Sama,IND,,,,,False,29,2017,AE
1291790,Khatri Munaf Abubakar,IND,15162,196,0.114896036672939,14,29,3,GJ,Khatri Munaf Abubakar,IND,,,,,False,29,2017,AE
1291854,Ahir Vasanbhai Gopalbhai,BJP,15159,75331,48.2365371069987,1,29,4,GJ,Ahir Vasanbhai Gopalbhai,BJP,,,,,True,29,2017,AE
1291855,V. K. Humbal,INC,15160,64018,40.99250816418,2,29,4,GJ,V. K. Humbal,INC,,,,,True,29,2017,AE
1291856,Veera Haribhai Samantbhai,IND,15162,4677,2.99481334443234,3,29,4,GJ,Veera Haribhai Samantbhai,IND,,,,,False,29,2017,AE
1291857,Nota,NOTA,15161,3601,2.30582058013703,4,29,4,GJ,Nota,NOTA,,,,,False,29,2017,AE
1291858,Hadiya Prakashbhai Hirjibhai (Ahir),IND,15162,2410,1.54319011333802,5,29,4,GJ,Hadiya Prakashbhai Hirjibhai (Ahir),IND,,,,,False,29,2017,AE
1291859,Mangalbhai Karamshibhai Rabari,BMUP,15169,1534,0.98226291861433,6,29,4,GJ,Mangalbhai Karamshibhai Rabari,BMUP,,,,,False,29,2017,AE
1291860,Kochara Jagdishbhai Kanjibhai,BSP,15163,1466,0.938720624959979,7,29,4,GJ,Kochara Jagdishbhai Kanjibhai,BSP,,,,,False,29,2017,AE
1291861,Sheikh Mustafa Nursha,JD(U),15182,999,0.639687520010245,8,29,4,GJ,Sheikh Mustafa Nursha,JD(U),,,,,False,29,2017,AE
1291862,Hussen Alimamad Khara,IND,15162,944,0.604469488378049,9,29,4,GJ,Hussen Alimamad Khara,IND,,,,,False,29,2017,AE
1291863,Malsattar Dhanji Shivji,IND,15162,349,0.223474418902478,10,29,4,GJ,Malsattar Dhanji Shivji,IND,,,,,False,29,2017,AE
1291864,Jadeja Jayendrasinh Balwantsinh,IND,15162,317,0.202983927771018,11,29,4,GJ,Jadeja Jayendrasinh Balwantsinh,IND,,,,,False,29,2017,AE
1291865,Dataniya Mulji Reva,IND,15162,286,0.183133764487417,12,29,4,GJ,Dataniya Mulji Reva,IND,,,,,False,29,2017,AE
1291866,Chauhan Viral Premji,IND,15162,238,0.152398027790228,13,29,4,GJ,Chauhan Viral Premji,IND,,,,,False,29,2017,AE
1291931,Maheshwari Malti Kishor,BJP,15159,79713,52.6339073477365,1,29,5,GJ,Maheshwari Malti Kishor,BJP,,,,,False,29,2017,AE
1291932,Kishor Gangjibhai Pingol,INC,15160,59443,39.2497755005018,2,29,5,GJ,Kishor Gangjibhai Pingol,INC,,,,,False,29,2017,AE
1291933,Nota,NOTA,15161,3578,2.3625270719983,3,29,5,GJ,Nota,NOTA,,,,,False,29,2017,AE
1291934,Bhanjibhai Myajarbhai Dungariya,BMUP,15169,1965,1.29747504093814,4,29,5,GJ,Bhanjibhai Myajarbhai Dungariya,BMUP,,,,,False,29,2017,AE
1291935,Bharya Jumabhai Savali,BSP,15163,1233,0.814140827214621,5,29,5,GJ,Bharya Jumabhai Savali,BSP,,,,,False,29,2017,AE
1291936,Danicha Govindbhai Punamchand,AAAP,15172,1101,0.726982198510379,6,29,5,GJ,Danicha Govindbhai Punamchand,AAAP,,,,,False,29,2017,AE
1291937,Sondarva Baluben Maheshbhai,IND,15162,1087,0.717738101526596,7,29,5,GJ,Sondarva Baluben Maheshbhai,IND,,,,,False,29,2017,AE
1291938,Vaghela Somabhai Rupabhai,IND,15162,1037,0.684723469441656,8,29,5,GJ,Vaghela Somabhai Rupabhai,IND,,,,,False,29,2017,AE
1291939,Rajesh Ladhabhai Chavda,IND,15162,561,0.370424171993027,9,29,5,GJ,Rajesh Ladhabhai Chavda,IND,,,,,False,29,2017,AE
1291940,Ramesh Mavabhai Solanki,IND,15162,436,0.287887591780677,10,29,5,GJ,Ramesh Mavabhai Solanki,IND,,,,,False,29,2017,AE
1291941,Advocate Govind Dafda,IND,15162,371,0.244968570070255,11,29,5,GJ,Advocate Govind Dafda,IND,,,,,False,29,2017,AE
1291942,Bharat Umar Maru,IND,15162,331,0.218556864402303,12,29,5,GJ,Bharat Umar Maru,IND,,,,,False,29,2017,AE
1291943,Vankar Rameshbhai Magabhai,AINHCP,15190,219,0.144604088532037,13,29,5,GJ,Vankar Rameshbhai Magabhai,AINHCP,,,,,False,29,2017,AE
1291944,Baliya Laljibhai Karabhai,ASAPA,15191,196,0.129417357772964,14,29,5,GJ,Baliya Laljibhai Karabhai,ASAPA,,,,,False,29,2017,AE
1291945,Vanjara Hiraben Dalpatbhai,RKSP,15174,177,0.116871797580687,15,29,5,GJ,Vanjara Hiraben Dalpatbhai,RKSP,,,,,False,29,2017,AE
1292014,Aarethiya Santokben Bhachubhai,INC,15160,63814,49.0454377766847,1,29,6,GJ,Aarethiya Santokben Bhachubhai,INC,,,,,False,29,2017,AE
1292015,Pankajbhai Anopchand Maheta,BJP,15159,48605,37.3562776684702,2,29,6,GJ,Pankajbhai Anopchand Maheta,BJP,,,,,False,29,2017,AE
1292016,Nota,NOTA,15161,4614,3.54617560255779,3,29,6,GJ,Nota,NOTA,,,,,False,29,2017,AE
1292017,Gada Babulal Meghji,NCP,15192,2756,2.11817511067388,4,29,6,GJ,Gada Babulal Meghji,NCP,,,,,False,29,2017,AE
1292018,Mahadevbhai Khumannbhai Bagada,BMUP,15169,2590,1.99059272011805,5,29,6,GJ,Mahadevbhai Khumannbhai Bagada,BMUP,,,,,False,29,2017,AE
1292019,Parmar Valjibhai Devjibhai,IND,15162,1720,1.32193802262666,6,29,6,GJ,Parmar Valjibhai Devjibhai,IND,,,,,False,29,2017,AE
1292020,Chavada Sudha Bakul,BSP,15163,1208,0.928430890309886,7,29,6,GJ,Chavada Sudha Bakul,BSP,,,,,False,29,2017,AE
1292021,Koli Meghabhai Jivabhai,VPP,15183,1020,0.783939990162321,8,29,6,GJ,Koli Meghabhai Jivabhai,VPP,,,,,False,29,2017,AE
1292022,Jadeja Narendrasinh Tapubha,IND,15162,971,0.746280127889818,9,29,6,GJ,Jadeja Narendrasinh Tapubha,IND,,,,,False,29,2017,AE
1292023,Dabhi Mohanbhai Tulshibhai,IND,15162,959,0.737057304476143,10,29,6,GJ,Dabhi Mohanbhai Tulshibhai,IND,,,,,False,29,2017,AE
1292024,Gami Rudiben Babubhai,IND,15162,700,0.537998032464338,11,29,6,GJ,Gami Rudiben Babubhai,IND,,,,,False,29,2017,AE
1292025,Koli Ramesh Ravabhai,IND,15162,444,0.341244466305951,12,29,6,GJ,Koli Ramesh Ravabhai,IND,,,,,False,29,2017,AE
1292026,Indrasinh Govubha Jadeja,IND,15162,393,0.302047466797835,13,29,6,GJ,Indrasinh Govubha Jadeja,IND,,,,,False,29,2017,AE
1292027,Makavana Rameshbhai Kumbhabhai,AINHCP,15190,318,0.24440482046237,14,29,6,GJ,Makavana Rameshbhai Kumbhabhai,AINHCP,,,,,False,29,2017,AE
1292100,Thakor Geniben Nagaji,INC,15160,102328,49.0020304179596,1,29,7,GJ,Thakor Geniben Nagaji,INC,,,,,True,29,2017,AE
1292101,Chaudhary Shankarbhai Lagdhirbhai,BJP,15159,95673,45.8151361912423,2,29,7,GJ,Chaudhary Shankarbhai Lagdhirbhai,BJP,,,,,False,29,2017,AE
1292102,Nota,NOTA,15161,3765,1.80295368348465,3,29,7,GJ,Nota,NOTA,,,,,False,29,2017,AE
1292103,Brahmkshatriya Bhagvatiben Khetsinhbhai,IND,15162,2643,1.26565911964142,4,29,7,GJ,Brahmkshatriya Bhagvatiben Khetsinhbhai,IND,,,,,False,29,2017,AE
1292104,Parmar Vajrambhai Navabhai,BSP,15163,2373,1.13636363636363,5,29,7,GJ,Parmar Vajrambhai Navabhai,BSP,,,,,False,29,2017,AE
1292105,Thakor Bhavsingji Ramchandji,IND,15162,791,0.378787878787878,6,29,7,GJ,Thakor Bhavsingji Ramchandji,IND,,,,,False,29,2017,AE
1292106,Gohil Ranaji Nagji,SHS,15186,691,0.330900662759069,7,29,7,GJ,Gohil Ranaji Nagji,SHS,,,,,False,29,2017,AE
1292107,Kalal Nagjibhai Shankarbhai,IND,15162,560,0.26816840976133,8,29,7,GJ,Kalal Nagjibhai Shankarbhai,IND,,,,,False,29,2017,AE
1292187,Patel Parbatbhai Savabhai,BJP,15159,69789,38.7454058915623,1,29,8,GJ,Patel Parbatbhai Savabhai,BJP,,,,,False,29,2017,AE
1292188,Rajput Damraji Devjibhai,INC,15160,58056,32.231487547329,2,29,8,GJ,Rajput Damraji Devjibhai,INC,,,,,False,29,2017,AE
1292189,Patel Mavjibhai Chatrabhai,IND,15162,42982,23.8627152707609,3,29,8,GJ,Patel Mavjibhai Chatrabhai,IND,,,,,False,29,2017,AE
1292190,Nota,NOTA,15161,2725,1.51286350362532,4,29,8,GJ,Nota,NOTA,,,,,False,29,2017,AE
1292191,Patel Maghabhai Arjanbhai,IND,15162,2191,1.21639777484149,5,29,8,GJ,Patel Maghabhai Arjanbhai,IND,,,,,False,29,2017,AE
1292192,Parjapati Ganeshbhai Damrabhai,YuS,15201,1820,1.01042626664149,6,29,8,GJ,Parjapati Ganeshbhai Damrabhai,YuS,,,,,False,29,2017,AE
1292193,Galsar Nilabhai Hemabhai,BSP,15163,1757,0.975449972796215,7,29,8,GJ,Galsar Nilabhai Hemabhai,BSP,,,,,False,29,2017,AE
1292194,Patel Padmabhai Dhanabhai,IND,15162,802,0.445253772443121,8,29,8,GJ,Patel Padmabhai Dhanabhai,IND,,,,,False,29,2017,AE
1292268,Patel Nathabhai Hegolabhai,INC,15160,82909,47.7878197516917,1,29,9,GJ,Patel Nathabhai Hegolabhai,INC,,,,,False,29,2017,AE
1292269,Desai Mavjibhai Maganbhai,BJP,15159,80816,46.5814379748002,2,29,9,GJ,Desai Mavjibhai Maganbhai,BJP,,,,,False,29,2017,AE
1292270,Rabari Tejabhai Nethibhai,AINHCP,15190,2802,1.61504144235535,3,29,9,GJ,Rabari Tejabhai Nethibhai,AINHCP,,,,,False,29,2017,AE
1292271,Dabhi Rupabhai Chenabhai,BSP,15163,2790,1.60812477664933,4,29,9,GJ,Dabhi Rupabhai Chenabhai,BSP,,,,,True,29,2017,AE
1292272,Nota,NOTA,15161,2341,1.34932620148247,5,29,9,GJ,Nota,NOTA,,,,,False,29,2017,AE
1292273,Rajput Narsinhji Babuji,IND,15162,1836,1.05824985302085,6,29,9,GJ,Rajput Narsinhji Babuji,IND,,,,,False,29,2017,AE
1292344,Kantibhai Kalabhai Kharadi,INC,15160,86129,52.8788064833005,1,29,10,GJ,Kantibhai Kalabhai Kharadi,INC,,,,,False,29,2017,AE
1292345,Kodarvi Maljibhai Narayanbhai,BJP,15159,61477,37.7437377210216,2,29,10,GJ,Kodarvi Maljibhai Narayanbhai,BJP,,,,,False,29,2017,AE
1292346,Nota,NOTA,15161,6461,3.96672396856581,3,29,10,GJ,Nota,NOTA,,,,,False,29,2017,AE
1292347,Bhil Kaluram Mangalji,IND,15162,2569,1.57723477406679,4,29,10,GJ,Bhil Kaluram Mangalji,IND,,,,,False,29,2017,AE
1292348,Dhrangi Manharbhai Bhoylabhai,NCP,15192,2285,1.40287328094302,5,29,10,GJ,Dhrangi Manharbhai Bhoylabhai,NCP,,,,,False,29,2017,AE
1292349,Kanabhai Chunabhai Manchhatar,GJCP,15203,1197,0.734896856581532,6,29,10,GJ,Kanabhai Chunabhai Manchhatar,GJCP,,,,,False,29,2017,AE
1292350,Parmar Bhurabhai Manabhai,IND,15162,1109,0.680869351669941,7,29,10,GJ,Parmar Bhurabhai Manabhai,IND,,,,,False,29,2017,AE
1292351,Nisarta Rasilaben Khatarabhai,IND,15162,896,0.550098231827111,8,29,10,GJ,Nisarta Rasilaben Khatarabhai,IND,,,,,False,29,2017,AE
1292352,Dungaisa Virmabhai Keshrabhai,IND,15162,396,0.243123772102161,9,29,10,GJ,Dungaisa Virmabhai Keshrabhai,IND,,,,,False,29,2017,AE
1292353,Solanki Somabhai Bharmabhai,JD(U),15182,361,0.221635559921414,10,29,10,GJ,Solanki Somabhai Bharmabhai,JD(U),,,,,False,29,2017,AE
1292429,Jigneshkumar Natvarlal Mevani,IND,15162,95497,50.7946554897184,1,29,11,GJ,Jigneshkumar Natvarlal Mevani,IND,,,,,False,29,2017,AE
1292430,Chakravarti Vijaykumar Harkhabhai,BJP,15159,75801,40.3183940938055,2,29,11,GJ,Chakravarti Vijaykumar Harkhabhai,BJP,,,,,False,29,2017,AE
1292431,Nota,NOTA,15161,4255,2.26322564173483,3,29,11,GJ,Nota,NOTA,,,,,False,29,2017,AE
1292432,Makwana Narendrakumar Pujabhai,IND,15162,3711,1.97387317426039,4,29,11,GJ,Makwana Narendrakumar Pujabhai,IND,,,,,False,29,2017,AE
1292433,Ashvinbhai Dolatbhai Parmar,IND,15162,3175,1.68877589013116,5,29,11,GJ,Ashvinbhai Dolatbhai Parmar,IND,,,,,False,29,2017,AE
1292434,Jadav Pushpaben Rajeshbhai,BSP,15163,1263,0.671787070625405,6,29,11,GJ,Jadav Pushpaben Rajeshbhai,BSP,,,,,False,29,2017,AE
1292435,Chauhan Ganeshbhai Lavjibhai,IND,15162,1121,0.596257566247885,7,29,11,GJ,Chauhan Ganeshbhai Lavjibhai,IND,,,,,False,29,2017,AE
1292436,Vansola Nileshkumar Pravinbhai,BMUP,15169,1119,0.595193770411582,8,29,11,GJ,Vansola Nileshkumar Pravinbhai,BMUP,,,,,False,29,2017,AE
1292437,Shekhaliya Vikrambhai Dahyabhai,IND,15162,1038,0.552110039041307,9,29,11,GJ,Shekhaliya Vikrambhai Dahyabhai,IND,,,,,False,29,2017,AE
1292438,Solanki Tarunchandra Premjibhai,GJCP,15203,548,0.291480059147048,10,29,11,GJ,Solanki Tarunchandra Premjibhai,GJCP,,,,,False,29,2017,AE
1292439,Bhatiya Arvindkumar Khemabhai,NBNM,15207,478,0.25424720487644,11,29,11,GJ,Bhatiya Arvindkumar Khemabhai,NBNM,,,,,False,29,2017,AE
1292522,Patel Maheshkumar Amrutlal,INC,15160,91512,52.0957981566767,1,29,12,GJ,Patel Maheshkumar Amrutlal,INC,,,,,True,29,2017,AE
1292523,Prajapati Laljibhai Kanjibhai,BJP,15159,73919,42.0804845697109,2,29,12,GJ,Prajapati Laljibhai Kanjibhai,BJP,,,,,False,29,2017,AE
1292524,Nota,NOTA,15161,3659,2.08298939434478,3,29,12,GJ,Nota,NOTA,,,,,False,29,2017,AE
1292525,Foshi Shivrambhai Maganbhai,NCP,15192,1057,0.601727190440678,4,29,12,GJ,Foshi Shivrambhai Maganbhai,NCP,,,,,False,29,2017,AE
1292526,Vadnathani Jayantibhai Umedbhai,IND,15162,1056,0.601157912114812,5,29,12,GJ,Vadnathani Jayantibhai Umedbhai,IND,,,,,False,29,2017,AE
1292527,Parmar Amaratbhai Dharmabhai,BSP,15163,974,0.554477089393775,6,29,12,GJ,Parmar Amaratbhai Dharmabhai,BSP,,,,,False,29,2017,AE
1292528,Shrimali Ashokbhai Balchandbhai,IND,15162,846,0.481609463682889,7,29,12,GJ,Shrimali Ashokbhai Balchandbhai,IND,,,,,True,29,2017,AE
1292529,Parmar Sureshbhai Ramjibhai,IND,15162,571,0.325057924069656,8,29,12,GJ,Parmar Sureshbhai Ramjibhai,IND,,,,,False,29,2017,AE
1292530,Patani Shantaben Naranbhai,IND,15162,505,0.287485554562481,9,29,12,GJ,Patani Shantaben Naranbhai,IND,,,,,False,29,2017,AE
1292531,Nabhani Rameshkumar Khemrajbhai,AAAP,15172,484,0.275530709719288,10,29,12,GJ,Nabhani Rameshkumar Khemrajbhai,AAAP,,,,,False,29,2017,AE
1292532,Patani Maheshkumar Naranbhai,IND,15162,358,0.203801640660135,11,29,12,GJ,Patani Maheshkumar Naranbhai,IND,,,,,False,29,2017,AE
1292533,Dave Nileshkumar Kanaiyalal,IND,15162,227,0.129226179971649,12,29,12,GJ,Dave Nileshkumar Kanaiyalal,IND,,,,,False,29,2017,AE
1292534,Parmar Chhaganchandraraj Dhanabhai,IND,15162,203,0.115563500150858,13,29,12,GJ,Parmar Chhaganchandraraj Dhanabhai,IND,,,,,True,29,2017,AE
1292535,Prajapati Amarabhai Pujabhai,YuS,15201,195,0.111009273543928,14,29,12,GJ,Prajapati Amarabhai Pujabhai,YuS,,,,,False,29,2017,AE
1292536,Mejiyatar Govindbhai Umabhai,RSP(S),15208,95,0.0540814409572984,15,29,12,GJ,Mejiyatar Govindbhai Umabhai,RSP(S),,,,,False,29,2017,AE
1292620,Pandya Shashikant Mahobatram,BJP,15159,85411,47.5067719023066,1,29,13,GJ,Pandya Shashikant Mahobatram,BJP,,,,,False,29,2017,AE
1292621,Govabhai Hamirabhai Rabari,INC,15160,70880,39.424430019968,2,29,13,GJ,Govabhai Hamirabhai Rabari,INC,,,,,False,29,2017,AE
1292622,Vaghela Bahadursinh Dadubha,IND,15162,15912,8.85047305978741,3,29,13,GJ,Vaghela Bahadursinh Dadubha,IND,,,,,False,29,2017,AE
1292623,Nota,NOTA,15161,3531,1.96399072235478,4,29,13,GJ,Nota,NOTA,,,,,False,29,2017,AE
1292624,Thervadiya Shivaji Pathuji,IND,15162,1113,0.619065894641993,5,29,13,GJ,Thervadiya Shivaji Pathuji,IND,,,,,False,29,2017,AE
1292625,Solanki Dineshkumar Aljibhai,BSP,15163,977,0.543420825754921,6,29,13,GJ,Solanki Dineshkumar Aljibhai,BSP,,,,,False,29,2017,AE
1292626,Prajapati Kanubhai Lilabhai,YuS,15201,791,0.439965069777013,7,29,13,GJ,Prajapati Kanubhai Lilabhai,YuS,,,,,False,29,2017,AE
1292627,Thakor Parbatji Valjibhai,IND,15162,472,0.262532886137484,8,29,13,GJ,Thakor Parbatji Valjibhai,IND,,,,,False,29,2017,AE
1292628,Thakor Ramanbhai Sardarji,IND,15162,439,0.244177832657533,9,29,13,GJ,Thakor Ramanbhai Sardarji,IND,,,,,True,29,2017,AE
1292629,Purohit Shyamaben Naranbhai,LVM,15210,261,0.14517178661416,10,29,13,GJ,Purohit Shyamaben Naranbhai,LVM,,,,,False,29,2017,AE
1292702,Bhuriya Shivabhai Amrabhai,INC,15160,80432,48.2709781186609,1,29,14,GJ,Bhuriya Shivabhai Amrabhai,INC,,,,,False,29,2017,AE
1292703,Chauhan Keshaji Shivaji,BJP,15159,79460,47.687635783131,2,29,14,GJ,Chauhan Keshaji Shivaji,BJP,,,,,True,29,2017,AE
1292704,Nota,NOTA,15161,2988,1.79323754996219,3,29,14,GJ,Nota,NOTA,,,,,False,29,2017,AE
1292705,Hiraji Prahladji Vaghela,BMUP,15169,2049,1.22970004681142,4,29,14,GJ,Hiraji Prahladji Vaghela,BMUP,,,,,False,29,2017,AE
1292706,Jivanbhai Karsanbhai Joshi,IND,15162,1697,1.01844850143434,5,29,14,GJ,Jivanbhai Karsanbhai Joshi,IND,,,,,False,29,2017,AE
1292776,Kirtisinh Prabhatsinh Vaghela,BJP,15159,95131,49.6542040952674,1,29,15,GJ,Kirtisinh Prabhatsinh Vaghela,BJP,,,,,False,29,2017,AE
1292777,Jalera Dineshji Dharsiji,INC,15160,86543,45.171645257768,2,29,15,GJ,Jalera Dineshji Dharsiji,INC,,,,,False,29,2017,AE
1292778,Nota,NOTA,15161,3881,2.02571155662962,3,29,15,GJ,Nota,NOTA,,,,,False,29,2017,AE
1292779,Thakor Lebuji Bhudarji,IND,15162,3037,1.58518062290238,4,29,15,GJ,Thakor Lebuji Bhudarji,IND,,,,,False,29,2017,AE
1292780,Makvana Vaghabhai Maganbhai,BSP,15163,1952,1.01885827326488,5,29,15,GJ,Makvana Vaghabhai Maganbhai,BSP,,,,,False,29,2017,AE
1292781,Desai Ishvarbhai Mahadevbhai,AINHCP,15190,1043,0.544400194167662,6,29,15,GJ,Desai Ishvarbhai Mahadevbhai,AINHCP,,,,,False,29,2017,AE
1292859,Alpesh Khodaji Thakor,INC,15160,85777,48.3332394207471,1,29,16,GJ,Alpesh Khodaji Thakor,INC,,,,,False,29,2017,AE
1292860,Solanki Lavingji Muljiji Thakor,BJP,15159,70920,39.9616836648447,2,29,16,GJ,Solanki Lavingji Muljiji Thakor,BJP,,,,,False,29,2017,AE
1292861,Ratilal Kamabhai,IND,15162,5117,2.88330422043162,3,29,16,GJ,Ratilal Kamabhai,IND,,,,,False,29,2017,AE
1292862,Dr.Vishnu Zula,IND,15162,4769,2.68721474051952,4,29,16,GJ,Dr.Vishnu Zula,IND,,,,,False,29,2017,AE
1292863,Sonaji Velaji Thakor,BSP,15163,1773,0.999042091621119,5,29,16,GJ,Sonaji Velaji Thakor,BSP,,,,,False,29,2017,AE
1292864,Nota,NOTA,15161,1632,0.9195920437257,6,29,16,GJ,Nota,NOTA,,,,,False,29,2017,AE
1292865,Nathalal K Nirashrit Thakor,IND,15162,1492,0.840705471347269,7,29,16,GJ,Nathalal K Nirashrit Thakor,IND,,,,,False,29,2017,AE
1292866,Kariya Kalpeshbhai Karshanbhai,AKHP,15213,1250,0.704344396235983,8,29,16,GJ,Kariya Kalpeshbhai Karshanbhai,AKHP,,,,,False,29,2017,AE
1292867,Parmar Mohanbhai Maghabhai,IND,15162,1009,0.568546796641685,9,29,16,GJ,Parmar Mohanbhai Maghabhai,IND,,,,,False,29,2017,AE
1292868,Thakor Meraji Kacharaji,IND,15162,731,0.411900602918803,10,29,16,GJ,Thakor Meraji Kacharaji,IND,,,,,False,29,2017,AE
1292869,Chhaganbhai Naranbhai Prajapati,IND,15162,523,0.294697695385135,11,29,16,GJ,Chhaganbhai Naranbhai Prajapati,IND,,,,,False,29,2017,AE
1292870,Gohil Harchanbhai Aalabhai,BMUP,15169,439,0.247365751958077,12,29,16,GJ,Gohil Harchanbhai Aalabhai,BMUP,,,,,False,29,2017,AE
1292871,Chaudhari Prakashbhai Rugnathbhai,IND,15162,430,0.242294472305178,13,29,16,GJ,Chaudhari Prakashbhai Rugnathbhai,IND,,,,,False,29,2017,AE
1292872,Thakkar Kirtikumar Ishvarlal,IND,15162,390,0.219755451625626,14,29,16,GJ,Thakkar Kirtikumar Ishvarlal,IND,,,,,False,29,2017,AE
1292873,Theba Gulamhusen Rasulkhan,GJCP,15203,382,0.215247647489716,15,29,16,GJ,Theba Gulamhusen Rasulkhan,GJCP,,,,,False,29,2017,AE
1292874,Chandi Ashvinkumar Shivprasad,SHS,15186,344,0.193835577844142,16,29,16,GJ,Chandi Ashvinkumar Shivprasad,SHS,,,,,False,29,2017,AE
1292875,Gauswami Lalgiri Khengargiri,IND,15162,255,0.14368625683214,17,29,16,GJ,Gauswami Lalgiri Khengargiri,IND,,,,,False,29,2017,AE
1292876,Atulkumar Mayarambhai Pujara,IND,15162,237,0.133543697526342,18,29,16,GJ,Atulkumar Mayarambhai Pujara,IND,,,,,False,29,2017,AE
1292949,Dilipkumar Viraji Thakor,BJP,15159,73771,41.3215780069344,1,29,17,GJ,Dilipkumar Viraji Thakor,BJP,,,,,False,29,2017,AE
1292950,Desai Raghubhai Merajbhai,INC,15160,65537,36.709442163458,2,29,17,GJ,Desai Raghubhai Merajbhai,INC,,,,,False,29,2017,AE
1292951,Thakor Dineshbhai Aataji,IND,15162,27633,15.4781576102481,3,29,17,GJ,Thakor Dineshbhai Aataji,IND,,,,,False,29,2017,AE
1292952,Nota,NOTA,15161,3779,2.11674293812209,4,29,17,GJ,Nota,NOTA,,,,,False,29,2017,AE
1292953,Belim Babubhai Lalakhamiya,IND,15162,2052,1.14939309579956,5,29,17,GJ,Belim Babubhai Lalakhamiya,IND,,,,,False,29,2017,AE
1292954,Pandya Pravinkumar Tulsidas,IND,15162,1416,0.793148452072212,6,29,17,GJ,Pandya Pravinkumar Tulsidas,IND,,,,,False,29,2017,AE
1292955,Patel Vipulbhai Nagarbhai,NCP,15192,1366,0.765141797691131,7,29,17,GJ,Patel Vipulbhai Nagarbhai,NCP,,,,,False,29,2017,AE
1292956,Darbar Jabbarsang Arjansinh,IND,15162,566,0.317035327593836,8,29,17,GJ,Darbar Jabbarsang Arjansinh,IND,,,,,False,29,2017,AE
1292957,Thakor Ashokji Popatji,IND,15162,517,0.289588806300376,9,29,17,GJ,Thakor Ashokji Popatji,IND,,,,,False,29,2017,AE
1292958,Parmar Rohitbhai Ramabhai,BSP,15163,417,0.233575497538215,10,29,17,GJ,Parmar Rohitbhai Ramabhai,BSP,,,,,False,29,2017,AE
1292959,Mitulkumar Bhagavanbhai Patel,GJCP,15203,387,0.216771504909566,11,29,17,GJ,Mitulkumar Bhagavanbhai Patel,GJCP,,,,,False,29,2017,AE
1292960,Patel Maheshkumar Jayantibhai,BhaRP,15214,368,0.206128976244755,12,29,17,GJ,Patel Maheshkumar Jayantibhai,BhaRP,,,,,False,29,2017,AE
1292961,Patel Ashishbhai Dashrathbhai,AINHCP,15190,313,0.175321656425566,13,29,17,GJ,Patel Ashishbhai Dashrathbhai,AINHCP,,,,,False,29,2017,AE
1292962,Thakor Rameshji Ramaji,BMUP,15169,238,0.133311674853945,14,29,17,GJ,Thakor Rameshji Ramaji,BMUP,,,,,False,29,2017,AE
1292963,Patel Bhanumatiben Anilkumar,NBNM,15207,169,0.0946624918080535,15,29,17,GJ,Patel Bhanumatiben Anilkumar,NBNM,,,,,False,29,2017,AE
1293051,Kiritkumar Chimanlal Patel,INC,15160,103273,54.1041922065403,1,29,18,GJ,Kiritkumar Chimanlal Patel,INC,,,,,False,29,2017,AE
1293052,Desai Ranchhodbhai Mahijibhai,BJP,15159,77994,40.8606544494389,2,29,18,GJ,Desai Ranchhodbhai Mahijibhai,BJP,,,,,True,29,2017,AE
1293053,Nota,NOTA,15161,3893,2.0395226270183,3,29,18,GJ,Nota,NOTA,,,,,False,29,2017,AE
1293054,Maheshwari Kanubhai Bhurabhai,IND,15162,1758,0.921007135447772,4,29,18,GJ,Maheshwari Kanubhai Bhurabhai,IND,,,,,False,29,2017,AE
1293055,Joshi Mukeshbhai Gopalbhai,SHS,15186,1097,0.57471264367816,5,29,18,GJ,Joshi Mukeshbhai Gopalbhai,SHS,,,,,False,29,2017,AE
1293056,Parmar Maganbhai Amarabhai,BSP,15163,1014,0.531229371640524,6,29,18,GJ,Parmar Maganbhai Amarabhai,BSP,,,,,True,29,2017,AE
1293057,Bhojak Ketankumar Bhanuprasad,IND,15162,747,0.391349448338729,7,29,18,GJ,Bhojak Ketankumar Bhanuprasad,IND,,,,,False,29,2017,AE
1293058,Patni Anandbhai Chelabhai,IND,15162,396,0.207462358155471,8,29,18,GJ,Patni Anandbhai Chelabhai,IND,,,,,False,29,2017,AE
1293059,Patel Mulchandbhai Ramjidas,IND,15162,380,0.199080040654239,9,29,18,GJ,Patel Mulchandbhai Ramjidas,IND,,,,,False,29,2017,AE
1293060,Thakor Rameshbhai Varvaji,IND,15162,173,0.0906338079820618,10,29,18,GJ,Thakor Rameshbhai Varvaji,IND,,,,,False,29,2017,AE
1293061,Patel Nanjibhai Jivanbhai,JD(U),15182,153,0.0801559111055228,11,29,18,GJ,Patel Nanjibhai Jivanbhai,JD(U),,,,,False,29,2017,AE
1293137,Thakor Chandanjii Talaji,INC,15160,88268,52.240095640543,1,29,19,GJ,Thakor Chandanjii Talaji,INC,,,,,False,29,2017,AE
1293138,Jaynarayan Vyas,BJP,15159,71008,42.0250227856491,2,29,19,GJ,Jaynarayan Vyas,BJP,,,,,True,29,2017,AE
1293139,Nota,NOTA,15161,3973,2.35136062876555,3,29,19,GJ,Nota,NOTA,,,,,False,29,2017,AE
1293140,Rajput Rajendrasinh Samantsinh,IND,15162,1909,1.12981309849318,4,29,19,GJ,Rajput Rajendrasinh Samantsinh,IND,,,,,False,29,2017,AE
1293141,Rathod Govind,BSP,15163,956,0.565794301812198,5,29,19,GJ,Rathod Govind,BSP,,,,,False,29,2017,AE
1293142,Momin Asrafbhai Dadubhai (A.D. Mama),IND,15162,680,0.402447829740894,6,29,19,GJ,Momin Asrafbhai Dadubhai (A.D. Mama),IND,,,,,False,29,2017,AE
1293143,Poladi Kaiyumkhan Usmankhan (Badshah),AINHCP,15190,481,0.284672656037309,7,29,19,GJ,Poladi Kaiyumkhan Usmankhan (Badshah),AINHCP,,,,,False,29,2017,AE
1293144,Solanki Anilkumar Revabhai,BMUP,15169,377,0.223121811488701,8,29,19,GJ,Solanki Anilkumar Revabhai,BMUP,,,,,False,29,2017,AE
1293145,Bhavsang L. Thakor,IND,15162,326,0.192938224258134,9,29,19,GJ,Bhavsang L. Thakor,IND,,,,,False,29,2017,AE
1293146,Patel Dilipkumar Lilachand,IND,15162,297,0.175775007989773,10,29,19,GJ,Patel Dilipkumar Lilachand,IND,,,,,True,29,2017,AE
1293147,Thakor Kanuji Somaji,IND,15162,235,0.139081235278103,11,29,19,GJ,Thakor Kanuji Somaji,IND,,,,,False,29,2017,AE
1293148,Dave Prakashchandra Manuprasad,IND,15162,180,0.106530307872589,12,29,19,GJ,Dave Prakashchandra Manuprasad,IND,,,,,False,29,2017,AE
1293149,Thakor Karansinh Sahdevji,IND,15162,156,0.0923262668229111,13,29,19,GJ,Thakor Karansinh Sahdevji,IND,,,,,False,29,2017,AE
1293150,Bhoraniya Soyabbhai Hasambhai,RaJPa,15216,120,0.0710202052483931,14,29,19,GJ,Bhoraniya Soyabbhai Hasambhai,RaJPa,,,,,False,29,2017,AE
1293221,Dabhi Bharatsinhji Shankarji,BJP,15159,59847,41.4372559337524,1,29,20,GJ,Dabhi Bharatsinhji Shankarji,BJP,,,,,False,29,2017,AE
1293222,Desai Mukeshkumar Moghjibhai,IND,15162,38432,26.6097986540006,2,29,20,GJ,Desai Mukeshkumar Moghjibhai,IND,,,,,False,29,2017,AE
1293223,Thakor Ramjibhai Sonaji,INC,15160,38254,26.4865538538233,3,29,20,GJ,Thakor Ramjibhai Sonaji,INC,,,,,False,29,2017,AE
1293224,Nota,NOTA,15161,2634,1.82374608801617,4,29,20,GJ,Nota,NOTA,,,,,False,29,2017,AE
1293225,Sindhi Fakirmahmad Sulemanbhai,IND,15162,1635,1.13205195668429,5,29,20,GJ,Sindhi Fakirmahmad Sulemanbhai,IND,,,,,False,29,2017,AE
1293226,Prajapati Rajnikant Hiralal,BSP,15163,985,0.682000720081978,6,29,20,GJ,Prajapati Rajnikant Hiralal,BSP,,,,,False,29,2017,AE
1293227,Valjibhai Savjibhai Parmar,IND,15162,912,0.631456504278948,7,29,20,GJ,Valjibhai Savjibhai Parmar,IND,,,,,False,29,2017,AE
1293228,Parmar Vanraj Kalidas,BMUP,15169,772,0.534522391779987,8,29,20,GJ,Parmar Vanraj Kalidas,BMUP,,,,,False,29,2017,AE
1293229,Thakor Vajaji Govaji,NBNM,15207,521,0.360733375799706,9,29,20,GJ,Thakor Vajaji Govaji,NBNM,,,,,False,29,2017,AE
1293230,Thakor Kevalji Nathaji,IND,15162,436,0.301880521782479,10,29,20,GJ,Thakor Kevalji Nathaji,IND,,,,,False,29,2017,AE
1293294,Dr. Asha Patel,INC,15160,81797,53.4648870529177,1,29,21,GJ,Dr. Asha Patel,INC,,,,,True,29,2017,AE
1293295,Patel Narayanbhai Lalludas (Kaka),BJP,15159,62268,40.7001673290106,2,29,21,GJ,Patel Narayanbhai Lalludas (Kaka),BJP,,,,,False,29,2017,AE
1293296,Nota,NOTA,15161,2912,1.90336749633967,3,29,21,GJ,Nota,NOTA,,,,,False,29,2017,AE
1293297,Thakor Sahdevji Virsangji,IND,15162,1728,1.12947082200376,4,29,21,GJ,Thakor Sahdevji Virsangji,IND,,,,,False,29,2017,AE
1293298,Ghanshyambhai Paragbhai Solanki,BSP,15163,1054,0.688924911106463,5,29,21,GJ,Ghanshyambhai Paragbhai Solanki,BSP,,,,,False,29,2017,AE
1293299,Patel Manharbhai Madhavlal,IND,15162,784,0.512445095168374,6,29,21,GJ,Patel Manharbhai Madhavlal,IND,,,,,False,29,2017,AE
1293300,Hareshkumar Narottambhai Patel,IND,15162,674,0.440545910897301,7,29,21,GJ,Hareshkumar Narottambhai Patel,IND,,,,,False,29,2017,AE
1293301,Patel Hiralben Sandipkumar,NCP,15192,610,0.398713658230495,8,29,21,GJ,Patel Hiralben Sandipkumar,NCP,,,,,False,29,2017,AE
1293302,Patel Rameshbhai Ishvarlal,AAAP,15172,387,0.252954402844593,9,29,21,GJ,Patel Rameshbhai Ishvarlal,AAAP,,,,,False,29,2017,AE
1293303,Dadavala Hasanali Ishmailbhai,IND,15162,339,0.221580213344488,10,29,21,GJ,Dadavala Hasanali Ishmailbhai,IND,,,,,False,29,2017,AE
1293304,Thakor Vishnuji Nenaji,YuS,15201,182,0.118960468521229,11,29,21,GJ,Thakor Vishnuji Nenaji,YuS,,,,,False,29,2017,AE
1293305,Thakor Gopalji Piraji,NBNM,15207,142,0.092815310604476,12,29,21,GJ,Thakor Gopalji Piraji,NBNM,,,,,False,29,2017,AE
1293306,Thakor Sudharmsinh Ishvarji,BhaRP,15214,115,0.0751673290106672,13,29,21,GJ,Thakor Sudharmsinh Ishvarji,BhaRP,,,,,False,29,2017,AE
1293375,Patel Rushikesh Ganeshbhai,BJP,15159,77496,48.9409268311166,1,29,22,GJ,Patel Rushikesh Ganeshbhai,BJP,,,,,True,29,2017,AE
1293376,Patel Mahendrakumar S. (Mahesh Patel),INC,15160,74627,47.1290717795207,2,29,22,GJ,Patel Mahendrakumar S. (Mahesh Patel),INC,,,,,False,29,2017,AE
1293377,Nota,NOTA,15161,2992,1.88953304788248,3,29,22,GJ,Nota,NOTA,,,,,False,29,2017,AE
1293378,Patel Yateenkumar Hasmukhbhai (Tejash),IND,15162,1048,0.661841789498945,4,29,22,GJ,Patel Yateenkumar Hasmukhbhai (Tejash),IND,,,,,False,29,2017,AE
1293379,Parmar Nanjibhai Karsanbhai,BSP,15163,677,0.427544743788917,5,29,22,GJ,Parmar Nanjibhai Karsanbhai,BSP,,,,,False,29,2017,AE
1293380,Patel Hiren Kumar Vishnu Bhai,GJCP,15203,419,0.264610410114559,6,29,22,GJ,Patel Hiren Kumar Vishnu Bhai,GJCP,,,,,False,29,2017,AE
1293381,Patel Mahendrabhai Shankarbhai (Mahesh Patel),IND,15162,395,0.249453727912293,7,29,22,GJ,Patel Mahendrabhai Shankarbhai (Mahesh Patel),IND,,,,,False,29,2017,AE
1293382,Patel Mahendrabhai Shankarbhai (Maheshbhai Patel),IND,15162,283,0.178722544301719,8,29,22,GJ,Patel Mahendrabhai Shankarbhai (Maheshbhai Patel),IND,,,,,False,29,2017,AE
1293383,Ashokkumar Somalal Rami,JD(S),15202,226,0.142725424071337,9,29,22,GJ,Ashokkumar Somalal Rami,JD(S),,,,,False,29,2017,AE
1293384,Patel Anitaben Ramabhai,JD(U),15182,183,0.115569701792277,10,29,22,GJ,Patel Anitaben Ramabhai,JD(U),,,,,False,29,2017,AE
1293451,Thakor Bharatji Sonaji,INC,15160,80894,49.1446137396418,1,29,23,GJ,Thakor Bharatji Sonaji,INC,,,,,False,29,2017,AE
1293452,Patel Rajnikant Somabhai,BJP,15159,65083,39.5391363514859,2,29,23,GJ,Patel Rajnikant Somabhai,BJP,,,,,False,29,2017,AE
1293453,Patel Kiritkumar Dahyabhai,IND,15162,10144,6.16266919394425,3,29,23,GJ,Patel Kiritkumar Dahyabhai,IND,,,,,False,29,2017,AE
1293454,Nota,NOTA,15161,3596,2.18463706835799,4,29,23,GJ,Nota,NOTA,,,,,False,29,2017,AE
1293455,Parmar Jitendrabhai Rameshbhai,IND,15162,1407,0.85477874170737,5,29,23,GJ,Parmar Jitendrabhai Rameshbhai,IND,,,,,False,29,2017,AE
1293456,Rathod Dineshkumar Revabhai,BSP,15163,829,0.503632961531919,6,29,23,GJ,Rathod Dineshkumar Revabhai,BSP,,,,,False,29,2017,AE
1293457,Patel Govindbhai Kanaiyalal,AINHCP,15190,509,0.309226993268693,7,29,23,GJ,Patel Govindbhai Kanaiyalal,AINHCP,,,,,False,29,2017,AE
1293458,Parmar Jagdishbhai Sadabhai,IND,15162,493,0.299506694855532,8,29,23,GJ,Parmar Jagdishbhai Sadabhai,IND,,,,,False,29,2017,AE
1293459,Chaudhary Rameshbhai Sendhabhai,IND,15162,338,0.205341303978032,9,29,23,GJ,Chaudhary Rameshbhai Sendhabhai,IND,,,,,False,29,2017,AE
1293460,Patel Narendrakumar Babulal,IND,15162,336,0.204126266676386,10,29,23,GJ,Patel Narendrakumar Babulal,IND,,,,,False,29,2017,AE
1293461,Patel Vijaykumar Dahyabhai (Vakil),LSPS,15228,262,0.159169886515516,11,29,23,GJ,Patel Vijaykumar Dahyabhai (Vakil),LSPS,,,,,False,29,2017,AE
1293462,Patel Bhagirathkumar Chaturbhai,IND,15162,261,0.158562367864693,12,29,23,GJ,Patel Bhagirathkumar Chaturbhai,IND,,,,,False,29,2017,AE
1293463,Patel Sanjaykumar Baldevbhai,BRP,15220,154,0.0935578722266773,13,29,23,GJ,Patel Sanjaykumar Baldevbhai,BRP,,,,,False,29,2017,AE
1293464,Patel Prince Babulal,SVPP,15200,153,0.0929503535758547,14,29,23,GJ,Patel Prince Babulal,SVPP,,,,,False,29,2017,AE
1293465,Patel Sureshbhai Babulal,NBNM,15207,145,0.0880902043692741,15,29,23,GJ,Patel Sureshbhai Babulal,NBNM,,,,,False,29,2017,AE
1293529,Karshanbhai Punjabhai Solanki,BJP,15159,96651,50.2302303342757,1,29,24,GJ,Karshanbhai Punjabhai Solanki,BJP,,,,,False,29,2017,AE
1293530,Chavda Rameshbhai Maganbhai,INC,15160,88905,46.2045775819058,2,29,24,GJ,Chavda Rameshbhai Maganbhai,INC,,,,,False,29,2017,AE
1293531,Nota,NOTA,15161,2657,1.38086229835356,3,29,24,GJ,Nota,NOTA,,,,,False,29,2017,AE
1293532,Parmar Aaratiben Ashvinkumar,BSP,15163,1055,0.548291202394811,4,29,24,GJ,Parmar Aaratiben Ashvinkumar,BSP,,,,,False,29,2017,AE
1293533,Vijaykumar Laljibhai Vaghela,IND,15162,998,0.518667886246465,5,29,24,GJ,Vijaykumar Laljibhai Vaghela,IND,,,,,False,29,2017,AE
1293534,Chavda Laxmichand Poonjabhai,IND,15162,645,0.335211209047064,6,29,24,GJ,Chavda Laxmichand Poonjabhai,IND,,,,,False,29,2017,AE
1293535,Rathod Kusumben Sureshkumar,IND,15162,589,0.306107600199567,7,29,24,GJ,Rathod Kusumben Sureshkumar,IND,,,,,False,29,2017,AE
1293536,Mayurdev Somdev Roy,BMUP,15169,545,0.283240478962248,8,29,24,GJ,Mayurdev Somdev Roy,BMUP,,,,,False,29,2017,AE
1293537,Chamar Meenaben Savabhai,IND,15162,371,0.192811408614668,9,29,24,GJ,Chamar Meenaben Savabhai,IND,,,,,False,29,2017,AE
1293613,Patel Nitinbhai Ratilal,BJP,15159,90235,49.0636928129451,1,29,25,GJ,Patel Nitinbhai Ratilal,BJP,,,,,False,29,2017,AE
1293614,Patel Jivabhai Ambalal,INC,15160,83098,45.1830746979566,2,29,25,GJ,Patel Jivabhai Ambalal,INC,,,,,False,29,2017,AE
1293615,Thakor Amitkumar Vajesang,IND,15162,1945,1.05755951151081,3,29,25,GJ,Thakor Amitkumar Vajesang,IND,,,,,False,29,2017,AE
1293616,Thakor Amratji Baldevji,IND,15162,941,0.511652185260502,4,29,25,GJ,Thakor Amratji Baldevji,IND,,,,,False,29,2017,AE
1293617,Raval Sureshbhai Chhaganlal,IND,15162,787,0.427917396174298,5,29,25,GJ,Raval Sureshbhai Chhaganlal,IND,,,,,False,29,2017,AE
1293618,Thakor Arjunji Galabaji,IND,15162,742,0.403449438324434,6,29,25,GJ,Thakor Arjunji Galabaji,IND,,,,,False,29,2017,AE
1293619,Shekh Shahenajbibi Ahemadmiya,IND,15162,716,0.389312396011179,7,29,25,GJ,Shekh Shahenajbibi Ahemadmiya,IND,,,,,False,29,2017,AE
1293620,Nota,NOTA,15161,686,0.373000424111269,8,29,25,GJ,Nota,NOTA,,,,,False,29,2017,AE
1293621,Patel Babubhai Ambaramdas,NCP,15192,544,0.295790423785029,9,29,25,GJ,Patel Babubhai Ambaramdas,NCP,,,,,False,29,2017,AE
1293622,Thakor Kaluji Laxmanji,IND,15162,391,0.21259936709549,10,29,25,GJ,Thakor Kaluji Laxmanji,IND,,,,,False,29,2017,AE
1293623,Solanki Kishorbhai Panabhai,IND,15162,391,0.21259936709549,10,29,25,GJ,Solanki Kishorbhai Panabhai,IND,,,,,False,29,2017,AE
1293624,Rathod Kesharben Gopalsinh,IND,15162,314,0.170731972552388,12,29,25,GJ,Rathod Kesharben Gopalsinh,IND,,,,,False,29,2017,AE
1293625,Chauhan Prakashkumar Tribhovandas,IND,15162,307,0.166925845775743,13,29,25,GJ,Chauhan Prakashkumar Tribhovandas,IND,,,,,False,29,2017,AE
1293626,Parmar Pankajkumar Babulal,BSP,15163,246,0.133758169579259,14,29,25,GJ,Parmar Pankajkumar Babulal,BSP,,,,,False,29,2017,AE
1293627,Vishnuji Amaratji Vaghela,BMUP,15169,236,0.128320845612623,15,29,25,GJ,Vishnuji Amaratji Vaghela,BMUP,,,,,False,29,2017,AE
1293628,Chauhan Kiransinh Dashrathsinh,IND,15162,231,0.125602183629305,16,29,25,GJ,Chauhan Kiransinh Dashrathsinh,IND,,,,,False,29,2017,AE
1293629,Babi Abdulraheman Niyajmohamad,IND,15162,220,0.119621127266004,17,29,25,GJ,Babi Abdulraheman Niyajmohamad,IND,,,,,False,29,2017,AE
1293630,Thakor Kiran Vishnuji,IND,15162,192,0.104396620159422,18,29,25,GJ,Thakor Kiran Vishnuji,IND,,,,,False,29,2017,AE
1293631,Malek Sikandarbhai Sulemanbhai,IND,15162,173,0.0940657046228128,19,29,25,GJ,Malek Sikandarbhai Sulemanbhai,IND,,,,,False,29,2017,AE
1293632,Gandhi Vipulbhai Govindbhai,IND,15162,169,0.0918907750361582,20,29,25,GJ,Gandhi Vipulbhai Govindbhai,IND,,,,,False,29,2017,AE
1293633,Thakor Vijayji Dansangji,IND,15162,120,0.0652478875996389,21,29,25,GJ,Thakor Vijayji Dansangji,IND,,,,,False,29,2017,AE
1293634,Khodabhai Amrutlal Patel,IND,15162,113,0.0614417608229933,22,29,25,GJ,Khodabhai Amrutlal Patel,IND,,,,,False,29,2017,AE
1293635,Thakor Dilipkumar Takhaji,IND,15162,104,0.0565481692530204,23,29,25,GJ,Thakor Dilipkumar Takhaji,IND,,,,,False,29,2017,AE
1293636,Parmar Jayantsinh Dahyabhai,IND,15162,102,0.0554607044596931,24,29,25,GJ,Parmar Jayantsinh Dahyabhai,IND,,,,,False,29,2017,AE
1293637,Thakor Jagdishji Radhuji,IND,15162,101,0.0549169720630294,25,29,25,GJ,Thakor Jagdishji Radhuji,IND,,,,,False,29,2017,AE
1293638,Parmar Devangkumar Prabhudas,IND,15162,94,0.0511108452863838,26,29,25,GJ,Parmar Devangkumar Prabhudas,IND,,,,,False,29,2017,AE
1293639,Kureshi Jamiyatkha Gulabkha,IND,15162,94,0.0511108452863838,26,29,25,GJ,Kureshi Jamiyatkha Gulabkha,IND,,,,,False,29,2017,AE
1293640,Patel Maheshbhai Ranchhoddas,BRP,15220,91,0.0494796480963928,28,29,25,GJ,Patel Maheshbhai Ranchhoddas,BRP,,,,,False,29,2017,AE
1293641,Pathan Asifkhan Abdulhamid,IND,15162,86,0.0467609861130745,29,29,25,GJ,Pathan Asifkhan Abdulhamid,IND,,,,,False,29,2017,AE
1293642,Patel Sureshbhai Mafatlal,RVZP,15230,85,0.0462172537164109,30,29,25,GJ,Patel Sureshbhai Mafatlal,RVZP,,,,,False,29,2017,AE
1293643,Oza Pruthvi Viththalbhai Prajapati,ASAPA,15191,82,0.0445860565264199,31,29,25,GJ,Oza Pruthvi Viththalbhai Prajapati,ASAPA,,,,,False,29,2017,AE
1293644,Thakor Jarinaben Nagji,IND,15162,79,0.0429548593364289,32,29,25,GJ,Thakor Jarinaben Nagji,IND,,,,,False,29,2017,AE
1293645,Pathan Yakubkhan Mahmadkhan,IND,15162,74,0.0402361973531106,33,29,25,GJ,Pathan Yakubkhan Mahmadkhan,IND,,,,,False,29,2017,AE
1293646,Patel Krupaben Kumargaurav,IND,15162,69,0.0375175353697924,34,29,25,GJ,Patel Krupaben Kumargaurav,IND,,,,,False,29,2017,AE
1293647,Chavda Maheshkumar Gulabji,NBNM,15207,56,0.0304490142131648,35,29,25,GJ,Chavda Maheshkumar Gulabji,NBNM,,,,,False,29,2017,AE
1293712,Patel Ramanbhai Dhulabhai,BJP,15159,72326,47.8024084281767,1,29,26,GJ,Patel Ramanbhai Dhulabhai,BJP,,,,,False,29,2017,AE
1293713,Patel Nathabhai Prabhudas,INC,15160,71162,47.0330861455896,2,29,26,GJ,Patel Nathabhai Prabhudas,INC,,,,,False,29,2017,AE
1293714,Vihol Upendrasinh Navuji,IND,15162,1555,1.02774583283763,3,29,26,GJ,Vihol Upendrasinh Navuji,IND,,,,,False,29,2017,AE
1293715,Modi Suhit Ashokkumar,IND,15162,1398,0.923979854859816,4,29,26,GJ,Modi Suhit Ashokkumar,IND,,,,,False,29,2017,AE
1293716,Nota,NOTA,15161,1280,0.845990138927443,5,29,26,GJ,Nota,NOTA,,,,,False,29,2017,AE
1293717,Patel Narendrakumar Gandabhai,NCP,15192,1037,0.685384198490436,6,29,26,GJ,Patel Narendrakumar Gandabhai,NCP,,,,,False,29,2017,AE
1293718,Parmar Vasudev Tribhovandas,BSP,15163,621,0.410437403339017,7,29,26,GJ,Parmar Vasudev Tribhovandas,BSP,,,,,False,29,2017,AE
1293719,Patel Bipinkumar Mafatlal,IND,15162,466,0.307993284953272,8,29,26,GJ,Patel Bipinkumar Mafatlal,IND,,,,,False,29,2017,AE
1293720,Patel Mahendrakumar Khodidas,AINHCP,15190,300,0.198278938811119,9,29,26,GJ,Patel Mahendrakumar Khodidas,AINHCP,,,,,False,29,2017,AE
1293721,Kureshi Sadikbhai Ahemadbhai,IND,15162,277,0.183077553502266,10,29,26,GJ,Kureshi Sadikbhai Ahemadbhai,IND,,,,,False,29,2017,AE
1293722,Patel Tejaskumar Tulsibhai,GJCP,15203,250,0.165232449009266,11,29,26,GJ,Patel Tejaskumar Tulsibhai,GJCP,,,,,False,29,2017,AE
1293723,Devda Babuji Ranchhodji,IND,15162,247,0.163249659621155,12,29,26,GJ,Devda Babuji Ranchhodji,IND,,,,,False,29,2017,AE
1293724,Thakor Vinuji Kantiji,IND,15162,160,0.10574876736593,13,29,26,GJ,Thakor Vinuji Kantiji,IND,,,,,False,29,2017,AE
1293725,Patel Satishbhai Jayantibhai,SVPP,15200,128,0.0845990138927443,14,29,26,GJ,Patel Satishbhai Jayantibhai,SVPP,,,,,False,29,2017,AE
1293726,Patel Vishnubhai Punjabhai,NBNM,15207,95,0.0627883306235211,15,29,26,GJ,Patel Vishnubhai Punjabhai,NBNM,,,,,False,29,2017,AE
1293813,Rajendrasinh Ranjitsinh Chavda(Rajubhai Chavda),BJP,15159,94340,48.2488441553127,1,29,27,GJ,Rajendrasinh Ranjitsinh Chavda(Rajubhai Chavda),BJP,,,,,False,29,2017,AE
1293814,Kamleshkumar Jayantibhai Patel,INC,15160,92628,47.3732662329691,2,29,27,GJ,Kamleshkumar Jayantibhai Patel,INC,,,,,False,29,2017,AE
1293815,Nota,NOTA,15161,3334,1.70512663147989,3,29,27,GJ,Nota,NOTA,,,,,False,29,2017,AE
1293816,Solanki Maganbhai Lakhabhai,BSP,15163,1065,0.544679022953234,4,29,27,GJ,Solanki Maganbhai Lakhabhai,BSP,,,,,False,29,2017,AE
1293817,Parmar Dilipsinh Chakusinh,IND,15162,739,0.377950984002291,5,29,27,GJ,Parmar Dilipsinh Chakusinh,IND,,,,,False,29,2017,AE
1293818,Patel Chandrashekhar Anilbhai,NCP,15192,692,0.353913505994026,6,29,27,GJ,Patel Chandrashekhar Anilbhai,NCP,,,,,False,29,2017,AE
1293819,Parmar Parshotamdas Dalpatbhai,CPM,15235,690,0.352890634589419,7,29,27,GJ,Parmar Parshotamdas Dalpatbhai,CPM,,,,,False,29,2017,AE
1293820,Prajapati Alpeshkumar Mohanbhai,ASAPA,15191,674,0.344707663352563,8,29,27,GJ,Prajapati Alpeshkumar Mohanbhai,ASAPA,,,,,False,29,2017,AE
1293821,Parmar Sardarsinh Bhavansinh,AINHCP,15190,500,0.255717851151753,9,29,27,GJ,Parmar Sardarsinh Bhavansinh,AINHCP,,,,,False,29,2017,AE
1293822,Bhoi Kishorbhai Chimanbhai,SVPP,15200,412,0.210711509349044,10,29,27,GJ,Bhoi Kishorbhai Chimanbhai,SVPP,,,,,False,29,2017,AE
1293823,Parmar Jaydeepsinh Rajuji,LOGAP,15236,274,0.14013338243116,11,29,27,GJ,Parmar Jaydeepsinh Rajuji,LOGAP,,,,,False,29,2017,AE
1293824,Parmar Prahladsinh Sonsinh,BhaRP,15214,180,0.0920584264146311,12,29,27,GJ,Parmar Prahladsinh Sonsinh,BhaRP,,,,,False,29,2017,AE
1293895,Kanodiya Hitu,BJP,15159,98815,50.193530690615,1,29,28,GJ,Kanodiya Hitu,BJP,,,,,False,29,2017,AE
1293896,Manibhai Jethabhai Vaghela,INC,15160,84002,42.6691996667818,2,29,28,GJ,Manibhai Jethabhai Vaghela,INC,,,,,False,29,2017,AE
1293897,Nota,NOTA,15161,4901,2.48948534043115,3,29,28,GJ,Nota,NOTA,,,,,False,29,2017,AE
1293898,Solanki Natvarbhai Govabhai,IND,15162,3610,1.83371599244163,4,29,28,GJ,Solanki Natvarbhai Govabhai,IND,,,,,True,29,2017,AE
1293899,Parmar Mukeshbhai Kadvabhai,BSP,15163,1775,0.901619359164516,5,29,28,GJ,Parmar Mukeshbhai Kadvabhai,BSP,,,,,False,29,2017,AE
1293900,Vankar Bhogilal Danabhai,IND,15162,1383,0.702501168295507,6,29,28,GJ,Vankar Bhogilal Danabhai,IND,,,,,False,29,2017,AE
1293901,Priyadarshi Gaurang Arvindbhai,BARESP,15237,988,0.501859113720868,7,29,28,GJ,Priyadarshi Gaurang Arvindbhai,BARESP,,,,,False,29,2017,AE
1293902,Faljibhai Punjabhai Parmar,IND,15162,563,0.285978422089928,8,29,28,GJ,Faljibhai Punjabhai Parmar,IND,,,,,False,29,2017,AE
1293903,Parmar Mohanbhai Avsarbhai,IND,15162,295,0.149846597720299,9,29,28,GJ,Parmar Mohanbhai Avsarbhai,IND,,,,,False,29,2017,AE
1293904,Varma Vasantchandra Kushalbhai,AINHCP,15190,288,0.146290915740496,10,29,28,GJ,Varma Vasantchandra Kushalbhai,AINHCP,,,,,False,29,2017,AE
1293905,Parmar Manish Motibhai,IND,15162,248,0.12597273299876,11,29,28,GJ,Parmar Manish Motibhai,IND,,,,,False,29,2017,AE
1293985,Kotwal Ashvinbhai Laxmanbhai,INC,15160,85916,47.8899460990061,1,29,29,GJ,Kotwal Ashvinbhai Laxmanbhai,INC,,,,,False,29,2017,AE
1293986,Ramilaben Bara,BJP,15159,74785,41.6854790611082,2,29,29,GJ,Ramilaben Bara,BJP,,,,,False,29,2017,AE
1293987,Nota,NOTA,15161,5074,2.8282693154518,3,29,29,GJ,Nota,NOTA,,,,,False,29,2017,AE
1293988,Bipinchandra Rupasibhai Gameti,JD(U),15182,3509,1.95593161764296,4,29,29,GJ,Bipinchandra Rupasibhai Gameti,JD(U),,,,,False,29,2017,AE
1293989,Arvindbhai Asari,BSP,15163,3297,1.83776191033594,5,29,29,GJ,Arvindbhai Asari,BSP,,,,,False,29,2017,AE
1293990,Ninama Bhimjibhai Narvaji,IND,15162,2584,1.44033265887415,6,29,29,GJ,Ninama Bhimjibhai Narvaji,IND,,,,,False,29,2017,AE
1293991,Induben C. Bodat,IND,15162,2454,1.36787010250664,7,29,29,GJ,Induben C. Bodat,IND,,,,,False,29,2017,AE
1293992,Solanki Chhaganbhai Kevalabhai,AINHCP,15190,1784,0.994409235074106,8,29,29,GJ,Solanki Chhaganbhai Kevalabhai,AINHCP,,,,,False,29,2017,AE
1294067,Dr. Anil Joshiyara,INC,15160,95719,49.2607212149595,1,29,30,GJ,Dr. Anil Joshiyara,INC,,,,,False,29,2017,AE
1294068,P.C.Baranda,BJP,15159,83302,42.8704499487934,2,29,30,GJ,P.C.Baranda,BJP,,,,,False,29,2017,AE
1294069,Nota,NOTA,15161,4877,2.50989393292196,3,29,30,GJ,Nota,NOTA,,,,,False,29,2017,AE
1294070,Visat Dineshbhai Sanjabhai,IND,15162,3994,2.05546778103143,4,29,30,GJ,Visat Dineshbhai Sanjabhai,IND,,,,,False,29,2017,AE
1294071,Tabiyad Somabhai Saluji,CPM,15235,1752,0.901647359130466,5,29,30,GJ,Tabiyad Somabhai Saluji,CPM,,,,,False,29,2017,AE
1294072,Ninama Dilipkumar Khimjibhai,IND,15162,1568,0.806953800865622,6,29,30,GJ,Ninama Dilipkumar Khimjibhai,IND,,,,,True,29,2017,AE
1294073,Kharadi Subhashbhai Shemyualbhai,LOGAP,15236,1365,0.702482103432126,7,29,30,GJ,Kharadi Subhashbhai Shemyualbhai,LOGAP,,,,,False,29,2017,AE
1294074,Damor Pratapsinh Thavaraji,IND,15162,720,0.370540010601561,8,29,30,GJ,Damor Pratapsinh Thavaraji,IND,,,,,False,29,2017,AE
1294075,Damor Chandubhai Nanjibhai,BMUP,15169,514,0.264524396457225,9,29,30,GJ,Damor Chandubhai Nanjibhai,BMUP,,,,,False,29,2017,AE
1294076,Gameti Hemantbhai Dhanjibhai,AINHCP,15190,500,0.257319451806639,10,29,30,GJ,Gameti Hemantbhai Dhanjibhai,AINHCP,,,,,False,29,2017,AE
1294155,Thakor Rajendrasinh Shivsinh,INC,15160,83411,47.7726231386025,1,29,31,GJ,Thakor Rajendrasinh Shivsinh,INC,,,,,True,29,2017,AE
1294156,Parmar Bhikhusinhji Chatursinhji,BJP,15159,81771,46.8333333333333,2,29,31,GJ,Parmar Bhikhusinhji Chatursinhji,BJP,,,,,False,29,2017,AE
1294157,Nota,NOTA,15161,3681,2.10824742268041,3,29,31,GJ,Nota,NOTA,,,,,False,29,2017,AE
1294158,Patel Manojbhai Ratilal,NCP,15192,2402,1.37571592210767,4,29,31,GJ,Patel Manojbhai Ratilal,NCP,,,,,False,29,2017,AE
1294159,Chauhan Ranjitsinh Somabhai,IND,15162,967,0.553837342497136,5,29,31,GJ,Chauhan Ranjitsinh Somabhai,IND,,,,,False,29,2017,AE
1294160,Makwana Vishnusinh Rupsinh,BSP,15163,934,0.534936998854524,6,29,31,GJ,Makwana Vishnusinh Rupsinh,BSP,,,,,False,29,2017,AE
1294161,Patel Sureshkumar Jayantilal,IND,15162,724,0.414662084765177,7,29,31,GJ,Patel Sureshkumar Jayantilal,IND,,,,,False,29,2017,AE
1294162,Rao Nirbhayasinh Kishorsinh,AINHCP,15190,454,0.260022909507445,8,29,31,GJ,Rao Nirbhayasinh Kishorsinh,AINHCP,,,,,False,29,2017,AE
1294163,Bakroliya A.Rahim Ismailbhai,JD(U),15182,256,0.146620847651775,9,29,31,GJ,Bakroliya A.Rahim Ismailbhai,JD(U),,,,,False,29,2017,AE
1294241,Zala Dhavalsinh Narendrasinh,INC,15160,79556,50.3924040209535,1,29,32,GJ,Zala Dhavalsinh Narendrasinh,INC,,,,,False,29,2017,AE
1294242,Chauhan Adesinh Mansinh,BJP,15159,71655,45.3877483800269,2,29,32,GJ,Chauhan Adesinh Mansinh,BJP,,,,,False,29,2017,AE
1294243,Nota,NOTA,15161,3252,2.0598835773058,3,29,32,GJ,Nota,NOTA,,,,,False,29,2017,AE
1294244,Patel Babarbhai Mathurbhai,IND,15162,1992,1.26177370417994,4,29,32,GJ,Patel Babarbhai Mathurbhai,IND,,,,,False,29,2017,AE
1294245,Patel Kiritkumar Babarbhai,IND,15162,1418,0.898190317533713,5,29,32,GJ,Patel Kiritkumar Babarbhai,IND,,,,,False,29,2017,AE
1294322,Parmar Gajendrasinh Udesinh,BJP,15159,83482,47.1455275507841,1,29,33,GJ,Parmar Gajendrasinh Udesinh,BJP,,,,,False,29,2017,AE
1294323,Baraiya Mahendrasinh Kacharsinh (Advocate),INC,15160,80931,45.7048787788087,2,29,33,GJ,Baraiya Mahendrasinh Kacharsinh (Advocate),INC,,,,,False,29,2017,AE
1294324,Zala Rajendrasinh Kalusinh,NCP,15192,3718,2.09969899420013,3,29,33,GJ,Zala Rajendrasinh Kalusinh,NCP,,,,,False,29,2017,AE
1294325,Nota,NOTA,15161,2907,1.64169579777831,4,29,33,GJ,Nota,NOTA,,,,,False,29,2017,AE
1294326,Masu Rasikbhai Patel,IND,15162,1762,0.995069829957136,5,29,33,GJ,Masu Rasikbhai Patel,IND,,,,,False,29,2017,AE
1294327,Zala Dalpatsinh Motisinh,IND,15162,1730,0.976998187188334,6,29,33,GJ,Zala Dalpatsinh Motisinh,IND,,,,,False,29,2017,AE
1294328,Vankar Harmeshkumar Natvarbhai,BSP,15163,1079,0.609353204610527,7,29,33,GJ,Vankar Harmeshkumar Natvarbhai,BSP,,,,,False,29,2017,AE
1294329,Joshi Pareshkumar Pravinchand (Prakashbhai Maharaj),IND,15162,584,0.329807480530628,8,29,33,GJ,Joshi Pareshkumar Pravinchand (Prakashbhai Maharaj),IND,,,,,False,29,2017,AE
1294330,Rathod Jaydipsinh Jagatsinh,ISP,15231,521,0.29422893382955,9,29,33,GJ,Rathod Jaydipsinh Jagatsinh,ISP,,,,,False,29,2017,AE
1294331,Patel Kalpeshkumar Ranchhodbhai,AINHCP,15190,359,0.202741242312492,10,29,33,GJ,Patel Kalpeshkumar Ranchhodbhai,AINHCP,,,,,False,29,2017,AE
1294426,Chauhan Balrajsinh Kalyansinh,BJP,15159,74445,50.8841240439362,1,29,34,GJ,Chauhan Balrajsinh Kalyansinh,BJP,,,,,False,29,2017,AE
1294427,Rathod Kaminiba Bhupendrasinh,INC,15160,63585,43.4611730449819,2,29,34,GJ,Rathod Kaminiba Bhupendrasinh,INC,,,,,True,29,2017,AE
1294428,Nota,NOTA,15161,3925,2.68278845956678,3,29,34,GJ,Nota,NOTA,,,,,False,29,2017,AE
1294429,Malek Amjadhussain Mansurmiya,IND,15162,1631,1.11480967580979,4,29,34,GJ,Malek Amjadhussain Mansurmiya,IND,,,,,False,29,2017,AE
1294430,Sonara Ramanlal Khanabhai,BSP,15163,1143,0.781255339945182,5,29,34,GJ,Sonara Ramanlal Khanabhai,BSP,,,,,False,29,2017,AE
1294431,Thakor Jenaji Rumalji,ISP,15231,949,0.648653821179333,6,29,34,GJ,Thakor Jenaji Rumalji,ISP,,,,,False,29,2017,AE
1294432,Amin Vinubhai Bahadurbhai,AINHCP,15190,625,0.427195614580698,7,29,34,GJ,Amin Vinubhai Bahadurbhai,AINHCP,,,,,False,29,2017,AE
1294531,Thakor Shambhuji Chelaji,BJP,15159,107480,49.8573582279948,1,29,35,GJ,Thakor Shambhuji Chelaji,BJP,,,,,True,29,2017,AE
1294532,Govindji Hiraji Solanki,INC,15160,95942,44.5051606169546,2,29,35,GJ,Govindji Hiraji Solanki,INC,,,,,False,29,2017,AE
1294533,Nota,NOTA,15161,4615,2.14078626927983,3,29,35,GJ,Nota,NOTA,,,,,False,29,2017,AE
1294534,Jadugar Piyushbhai Chaturbhai,BSP,15163,2761,1.28076075611736,4,29,35,GJ,Jadugar Piyushbhai Chaturbhai,BSP,,,,,False,29,2017,AE
1294535,Sureshkumar Dhanjibhai Shastri,IND,15162,1284,0.59561637481155,5,29,35,GJ,Sureshkumar Dhanjibhai Shastri,IND,,,,,False,29,2017,AE
1294536,Shashikant Fushabhai Vanikar,IND,15162,995,0.461556302910819,6,29,35,GJ,Shashikant Fushabhai Vanikar,IND,,,,,False,29,2017,AE
1294537,Acharya Keyur Chimanbhai,BMUP,15169,941,0.436507016119679,7,29,35,GJ,Acharya Keyur Chimanbhai,BMUP,,,,,False,29,2017,AE
1294538,Chauhan Sanjaykumar Chandubhai,SHS,15186,465,0.215702191812594,8,29,35,GJ,Chauhan Sanjaykumar Chandubhai,SHS,,,,,False,29,2017,AE
1294539,Gohil Ajitsinh Arjunji,LVM,15210,400,0.185550272526962,9,29,35,GJ,Gohil Ajitsinh Arjunji,LVM,,,,,False,29,2017,AE
1294540,Raval Kiritkumar Natvarlal,IND,15162,370,0.17163400208744,10,29,35,GJ,Raval Kiritkumar Natvarlal,IND,,,,,False,29,2017,AE
1294541,Singh Pradeepkumar Gorkhnath,SVPP,15200,322,0.149367969384205,11,29,35,GJ,Singh Pradeepkumar Gorkhnath,SVPP,,,,,False,29,2017,AE
1294632,Dr. C. J. Chavda,INC,15160,78206,49.04,1,29,36,GJ,Dr. C. J. Chavda,INC,,,,,False,29,2017,AE
1294633,Ashokkumar Ranchhodbhai Patel,BJP,15159,73432,46.05,2,29,36,GJ,Ashokkumar Ranchhodbhai Patel,BJP,,,,,False,29,2017,AE
1294634,Nota,NOTA,15161,2929,1.84,3,29,36,GJ,Nota,NOTA,,,,,False,29,2017,AE
1294635,Raj Prajapati,IND,15162,1125,0.71,4,29,36,GJ,Raj Prajapati,IND,,,,,True,29,2017,AE
1294636,Rathod Govindbhai Mohanbhai,BSP,15163,780,0.49,5,29,36,GJ,Rathod Govindbhai Mohanbhai,BSP,,,,,False,29,2017,AE
1294637,Nayani Rohit,NCP,15192,764,0.48,6,29,36,GJ,Nayani Rohit,NCP,,,,,False,29,2017,AE
1294638,Karansinh Vaghela (Advocate),AINHCP,15190,748,0.47,7,29,36,GJ,Karansinh Vaghela (Advocate),AINHCP,,,,,False,29,2017,AE
1294639,Bahuguna Rashmiben Bhaktibhusan,IND,15162,387,0.24,8,29,36,GJ,Bahuguna Rashmiben Bhaktibhusan,IND,,,,,False,29,2017,AE
1294640,Patel Gunvantkumar Keshavlal,AAAP,15172,372,0.23,9,29,36,GJ,Patel Gunvantkumar Keshavlal,AAAP,,,,,False,29,2017,AE
1294641,Parmar Pratikkumar Gunvantbhai,IND,15162,267,0.17,10,29,36,GJ,Parmar Pratikkumar Gunvantbhai,IND,,,,,False,29,2017,AE
1294642,Dabhi Raghuji Baldevji,IND,15162,174,0.11,11,29,36,GJ,Dabhi Raghuji Baldevji,IND,,,,,False,29,2017,AE
1294643,Kakkad Anil Tulsidas,LVM,15210,145,0.09,12,29,36,GJ,Kakkad Anil Tulsidas,LVM,,,,,False,29,2017,AE
1294644,Vanand Chandubhai Aasharam,SVPP,15200,135,0.08,13,29,36,GJ,Vanand Chandubhai Aasharam,SVPP,,,,,False,29,2017,AE
1294710,Patel Sureshkumar Chaturdas,INC,15160,77902,47.9975847791798,1,29,37,GJ,Patel Sureshkumar Chaturdas,INC,,,,,False,29,2017,AE
1294711,Amitbhai Harisingbhai Chaudhary,BJP,15159,77378,47.6747338328075,2,29,37,GJ,Amitbhai Harisingbhai Chaudhary,BJP,,,,,False,29,2017,AE
1294712,Nota,NOTA,15161,3000,1.84838328075709,3,29,37,GJ,Nota,NOTA,,,,,False,29,2017,AE
1294713,Prajapati Ashishkumar Atmaram,IND,15162,1371,0.844711159305993,4,29,37,GJ,Prajapati Ashishkumar Atmaram,IND,,,,,False,29,2017,AE
1294714,Parmar Mahendrakumar Mohanbhai,BSP,15163,870,0.536031151419558,5,29,37,GJ,Parmar Mahendrakumar Mohanbhai,BSP,,,,,False,29,2017,AE
1294715,Parmar Parsottambhai Chaturbhai,IND,15162,806,0.496598974763406,6,29,37,GJ,Parmar Parsottambhai Chaturbhai,IND,,,,,False,29,2017,AE
1294716,Parmar Narendrabhai Maganlal,IND,15162,255,0.157112578864353,7,29,37,GJ,Parmar Narendrabhai Maganlal,IND,,,,,False,29,2017,AE
1294717,Patel Bhanubhai Keshavlal,IND,15162,191,0.117680402208201,8,29,37,GJ,Patel Bhanubhai Keshavlal,IND,,,,,False,29,2017,AE
1294718,Chavda Vijaysinh Karansinh,IND,15162,155,0.0954998028391167,9,29,37,GJ,Chavda Vijaysinh Karansinh,IND,,,,,False,29,2017,AE
1294719,Patel Shaileshkumar Somabhai,IND,15162,154,0.0948836750788643,10,29,37,GJ,Patel Shaileshkumar Somabhai,IND,,,,,False,29,2017,AE
1294720,Thakor Babuji Joitaji,IND,15162,117,0.0720869479495268,11,29,37,GJ,Thakor Babuji Joitaji,IND,,,,,False,29,2017,AE
1294721,Thakor Maheshji Arjanji,IND,15162,105,0.0646934148264984,12,29,37,GJ,Thakor Maheshji Arjanji,IND,,,,,False,29,2017,AE
1294820,Baldevji Chanduji Thakor,INC,15160,82886,50.3288015593026,1,29,38,GJ,Baldevji Chanduji Thakor,INC,,,,,False,29,2017,AE
1294821,Dr.Atulbhai K. Patel,BJP,15159,74921,45.4924129723296,2,29,38,GJ,Dr.Atulbhai K. Patel,BJP,,,,,False,29,2017,AE
1294822,Nota,NOTA,15161,2515,1.52712081559788,3,29,38,GJ,Nota,NOTA,,,,,False,29,2017,AE
1294823,Mahendrasheel Somabhai Upasak,BSP,15163,1183,0.718323628171887,4,29,38,GJ,Mahendrasheel Somabhai Upasak,BSP,,,,,False,29,2017,AE
1294824,Thakor Karsanji Maganji,NCP,15192,1033,0.627242863822113,5,29,38,GJ,Thakor Karsanji Maganji,NCP,,,,,False,29,2017,AE
1294825,Makwana Anilkumar Somabhai,IND,15162,853,0.517945946602383,6,29,38,GJ,Makwana Anilkumar Somabhai,IND,,,,,True,29,2017,AE
1294826,Vyas Vishnu Prasad Chhotalal,IND,15162,575,0.349142930007468,7,29,38,GJ,Vyas Vishnu Prasad Chhotalal,IND,,,,,False,29,2017,AE
1294827,Oza Ajitaben Vitthalbhai,ASAPA,15191,278,0.168803016594915,8,29,38,GJ,Oza Ajitaben Vitthalbhai,ASAPA,,,,,False,29,2017,AE
1294828,Patel Satishkumar Rameshbhai,IND,15162,255,0.154837299394616,9,29,38,GJ,Patel Satishkumar Rameshbhai,IND,,,,,False,29,2017,AE
1294829,Patel Rajnikant Ambalal (Bachubhai),IND,15162,190,0.11536896817638,10,29,38,GJ,Patel Rajnikant Ambalal (Bachubhai),IND,,,,,False,29,2017,AE
1294935,Bharwad Lakhabhai Bhikhabhai,INC,15160,76178,41.2546776927534,1,29,39,GJ,Bharwad Lakhabhai Bhikhabhai,INC,,,,,False,29,2017,AE
1294936,Dr. Tejshriben Dilipkumar Patel,BJP,15159,69630,37.7085668794983,2,29,39,GJ,Dr. Tejshriben Dilipkumar Patel,BJP,,,,,False,29,2017,AE
1294937,Jadav Dhruvkumar Bavalbhai,IND,15162,12069,6.53604328118145,3,29,39,GJ,Jadav Dhruvkumar Bavalbhai,IND,,,,,False,29,2017,AE
1294938,Thakor Kunvarji Babaji,IND,15162,10836,5.86830433299215,4,29,39,GJ,Thakor Kunvarji Babaji,IND,,,,,False,29,2017,AE
1294939,Patel Bhailalbhai Ganpatbhai,IND,15162,2835,1.53531218014329,5,29,39,GJ,Patel Bhailalbhai Ganpatbhai,IND,,,,,False,29,2017,AE
1294940,Patel Baldevbhai Jivabhai,IND,15162,1621,0.877862802120734,6,29,39,GJ,Patel Baldevbhai Jivabhai,IND,,,,,False,29,2017,AE
1294941,Bhavesh Solanki,BSP,15163,1620,0.877321245796169,7,29,39,GJ,Bhavesh Solanki,BSP,,,,,False,29,2017,AE
1294942,Nota,NOTA,15161,1412,0.764677530286537,8,29,39,GJ,Nota,NOTA,,,,,False,29,2017,AE
1294943,Barad Prabhubhai Laxmanbhai,IND,15162,1371,0.74247372097935,9,29,39,GJ,Barad Prabhubhai Laxmanbhai,IND,,,,,False,29,2017,AE
1294944,Raval Vinodchandra Girishbhai,IND,15162,928,0.502564269196817,10,29,39,GJ,Raval Vinodchandra Girishbhai,IND,,,,,False,29,2017,AE
1294945,Patel Alpeshkumar Popatlal,IND,15162,913,0.494440924328334,11,29,39,GJ,Patel Alpeshkumar Popatlal,IND,,,,,False,29,2017,AE
1294946,Momin Usmanbhai Nurabhai,BMUP,15169,680,0.368258300704564,12,29,39,GJ,Momin Usmanbhai Nurabhai,BMUP,,,,,False,29,2017,AE
1294947,Shreemali Mansukhbhai Haribhai,IND,15162,575,0.311394886625183,13,29,39,GJ,Shreemali Mansukhbhai Haribhai,IND,,,,,False,29,2017,AE
1294948,Lamka Lalabhai Mafabhai,IND,15162,497,0.269153493309071,14,29,39,GJ,Lamka Lalabhai Mafabhai,IND,,,,,False,29,2017,AE
1294949,Zala Dasharathsinh Hemantsang,JANSAPP,15233,486,0.26319637373885,15,29,39,GJ,Zala Dasharathsinh Hemantsang,JANSAPP,,,,,False,29,2017,AE
1294950,Goswami Rajendragiri Vasharamgiri,IND,15162,485,0.262654817414285,16,29,39,GJ,Goswami Rajendragiri Vasharamgiri,IND,,,,,False,29,2017,AE
1294951,Thakor Parbatbhai Ramjibhai,IND,15162,474,0.256697697844064,17,29,39,GJ,Thakor Parbatbhai Ramjibhai,IND,,,,,False,29,2017,AE
1294952,Koli Patel Mukeshbhai Himmatbhai,VPP,15183,442,0.239367895457967,18,29,39,GJ,Koli Patel Mukeshbhai Himmatbhai,VPP,,,,,False,29,2017,AE
1294953,Thakor Jayantibhai Bachuji,AINHCP,15190,396,0.214456304527952,19,29,39,GJ,Thakor Jayantibhai Bachuji,AINHCP,,,,,False,29,2017,AE
1294954,Vaghela Kishorsinh Mahobatsinh,IND,15162,395,0.213914748203386,20,29,39,GJ,Vaghela Kishorsinh Mahobatsinh,IND,,,,,False,29,2017,AE
1294955,Prajapati Sarojben Nagarbhai,ASAPA,15191,274,0.148386432930956,21,29,39,GJ,Prajapati Sarojben Nagarbhai,ASAPA,,,,,False,29,2017,AE
1294957,Vaghari Vasantbhai Dajibhai,IND,15162,268,0.15,22,29,39,GJ,Vaghari Vasantbhai Dajibhai,IND,,,,,False,29,2017,AE
1294956,Koli Patel Virambhai Rupabhai,IND,15162,268,0.15,22,29,39,GJ,Koli Patel Virambhai Rupabhai,IND,,,,,False,29,2017,AE
1295053,Kanubhai Karamshibhai Patel,BJP,15159,67692,36.7595629602276,1,29,40,GJ,Kanubhai Karamshibhai Patel,BJP,,,,,False,29,2017,AE
1295054,Dabhi Pushpaben Jorubhai,INC,15160,59971,32.5667397962508,2,29,40,GJ,Dabhi Pushpaben Jorubhai,INC,,,,,False,29,2017,AE
1295055,Rathod Kamabhai Gagjibhai,IND,15162,37795,20.5242522319004,3,29,40,GJ,Rathod Kamabhai Gagjibhai,IND,,,,,False,29,2017,AE
1295056,Nota,NOTA,15161,4087,2.2194104741838,4,29,40,GJ,Nota,NOTA,,,,,False,29,2017,AE
1295057,Vaniya Jagdishbhai Dhudabhai,BSP,15163,2449,1.32990855181701,5,29,40,GJ,Vaniya Jagdishbhai Dhudabhai,BSP,,,,,False,29,2017,AE
1295058,Solanki Maheshbhai Ramanbhai,IND,15162,2419,1.31361730781762,6,29,40,GJ,Solanki Maheshbhai Ramanbhai,IND,,,,,False,29,2017,AE
1295059,Datta Rajeshkumar Somabhai,IND,15162,2373,1.28863740035189,7,29,40,GJ,Datta Rajeshkumar Somabhai,IND,,,,,False,29,2017,AE
1295060,Thakor Dashrathji Mafatji,AINHCP,15190,1403,0.761887177704889,8,29,40,GJ,Thakor Dashrathji Mafatji,AINHCP,,,,,False,29,2017,AE
1295061,Thakor Bahadurbhai Khodaji,BMUP,15169,1140,0.619067271976888,9,29,40,GJ,Thakor Bahadurbhai Khodaji,BMUP,,,,,False,29,2017,AE
1295062,Zala Tarunsinh Ashoksinh,IND,15162,1086,0.589743032777982,10,29,40,GJ,Zala Tarunsinh Ashoksinh,IND,,,,,False,29,2017,AE
1295063,Vaghela Jaypalsinh Balvantsinh,IND,15162,1036,0.562590959445663,11,29,40,GJ,Vaghela Jaypalsinh Balvantsinh,IND,,,,,False,29,2017,AE
1295064,Koli Patel Jorubhai Kavabhai,SHS,15186,966,0.524578056780415,12,29,40,GJ,Koli Patel Jorubhai Kavabhai,SHS,,,,,False,29,2017,AE
1295065,Bhavesh Bhikhabhai Patel,NCP,15192,852,0.462671329582726,13,29,40,GJ,Bhavesh Bhikhabhai Patel,NCP,,,,,False,29,2017,AE
1295066,Dilipsinh Vala,LOKSP,15258,483,0.262289028390207,14,29,40,GJ,Dilipsinh Vala,LOKSP,,,,,False,29,2017,AE
1295067,Parmar Chandrakant Atmaram,JD(U),15182,396,0.215044420791971,15,29,40,GJ,Parmar Chandrakant Atmaram,JD(U),,,,,False,29,2017,AE
1295158,Patel Bhupendrabhai Rajnikant,BJP,15159,175652,72.6474128054858,1,29,41,GJ,Patel Bhupendrabhai Rajnikant,BJP,,,,,False,29,2017,AE
1295159,Patel Shashikant (Bhurabhai),INC,15160,57902,23.9475240604333,2,29,41,GJ,Patel Shashikant (Bhurabhai),INC,,,,,False,29,2017,AE
1295160,Nota,NOTA,15161,4173,1.72589924189472,3,29,41,GJ,Nota,NOTA,,,,,False,29,2017,AE
1295161,Thakor Budhaji Gabhaji,BSP,15163,1105,0.457013817947201,4,29,41,GJ,Thakor Budhaji Gabhaji,BSP,,,,,False,29,2017,AE
1295162,Shah Surendrabhai Keshavlal,IND,15162,619,0.256010455483545,5,29,41,GJ,Shah Surendrabhai Keshavlal,IND,,,,,False,29,2017,AE
1295163,Rahul Chimanbhai Meheta,IND,15162,572,0.23657185870208,6,29,41,GJ,Rahul Chimanbhai Meheta,IND,,,,,False,29,2017,AE
1295164,Kachhadiya Keshavlal Ramjibhai,IND,15162,423,0.174947371033182,7,29,41,GJ,Kachhadiya Keshavlal Ramjibhai,IND,,,,,False,29,2017,AE
1295165,Panchal Amit Natvarlal,IND,15162,352,0.145582682278203,8,29,41,GJ,Panchal Amit Natvarlal,IND,,,,,False,29,2017,AE
1295166,Piyushbhai Somnath Patel (C.A.),IND,15162,218,0.090162002092751,9,29,41,GJ,Piyushbhai Somnath Patel (C.A.),IND,,,,,False,29,2017,AE
1295167,Patel Yogeshkumar Chandubhai,IND,15162,203,0.0839581946093048,10,29,41,GJ,Patel Yogeshkumar Chandubhai,IND,,,,,False,29,2017,AE
1295168,Patel Shaileshkumar Kashiram,IND,15162,154,0.063692423496714,11,29,41,GJ,Patel Shaileshkumar Kashiram,IND,,,,,False,29,2017,AE
1295169,Kiran (Master/Sir),IND,15162,147,0.0607973133377725,12,29,41,GJ,Kiran (Master/Sir),IND,,,,,False,29,2017,AE
1295170,Nilesh Naranbhai Mistry,IND,15162,143,0.0591429646755201,13,29,41,GJ,Nilesh Naranbhai Mistry,IND,,,,,False,29,2017,AE
1295171,Darshan Dilipbhai Patel,IND,15162,124,0.0512848085298217,14,29,41,GJ,Darshan Dilipbhai Patel,IND,,,,,False,29,2017,AE
1295273,Chauhan Kishor Babulal,BJP,15159,117748,53.425409601764,1,29,42,GJ,Chauhan Kishor Babulal,BJP,,,,,False,29,2017,AE
1295274,Shah Mihirbhai Subodhbhai,INC,15160,95181,43.1861595212276,2,29,42,GJ,Shah Mihirbhai Subodhbhai,INC,,,,,False,29,2017,AE
1295275,Nota,NOTA,15161,3663,1.66200084393163,3,29,42,GJ,Nota,NOTA,,,,,False,29,2017,AE
1295276,Solanki Vinodbhai Bodhabhai,BSP,15163,947,0.429679169861658,4,29,42,GJ,Solanki Vinodbhai Bodhabhai,BSP,,,,,False,29,2017,AE
1295277,Parmar Yusufbhai Jeebhai,NCP,15192,802,0.363888800664255,5,29,42,GJ,Parmar Yusufbhai Jeebhai,NCP,,,,,False,29,2017,AE
1295278,Madhuri Niraj Bharadvaj,IND,15162,550,0.24954967626601,6,29,42,GJ,Madhuri Niraj Bharadvaj,IND,,,,,False,29,2017,AE
1295279,Rina Nitinkumar Barot,IND,15162,395,0.179222040227407,7,29,42,GJ,Rina Nitinkumar Barot,IND,,,,,False,29,2017,AE
1295280,Govindbhai Jadav (Dhandhukawala),IND,15162,259,0.117515211187085,8,29,42,GJ,Govindbhai Jadav (Dhandhukawala),IND,,,,,False,29,2017,AE
1295281,Saiyad Kausarali Faiyazali (Swapnadrashta),SP(I),15259,197,0.0893841567716438,9,29,42,GJ,Saiyad Kausarali Faiyazali (Swapnadrashta),SP(I),,,,,False,29,2017,AE
1295282,Shaikh Yunus Gulamrasul,ADPT,15260,185,0.0839394365622036,10,29,42,GJ,Shaikh Yunus Gulamrasul,ADPT,,,,,False,29,2017,AE
1295283,Gajjar Nilesh Rameshbhai,VHS,15215,160,0.0725962694592031,11,29,42,GJ,Gajjar Nilesh Rameshbhai,VHS,,,,,False,29,2017,AE
1295284,Kshatria Birju Motisinh,RaJPa,15216,157,0.0712350894068431,12,29,42,GJ,Kshatria Birju Motisinh,RaJPa,,,,,False,29,2017,AE
1295285,Maheta Yogesh Devendrabhai,LOGAP,15236,153,0.069420182670363,13,29,42,GJ,Maheta Yogesh Devendrabhai,LOGAP,,,,,False,29,2017,AE
1295395,Pradipsinh Bhagvatsinh Jadeja,BJP,15159,131133,61.8082493955062,1,29,43,GJ,Pradipsinh Bhagvatsinh Jadeja,BJP,,,,,False,29,2017,AE
1295396,Patel Bipinchandra Rugnathbhai (Bipinkaka),INC,15160,68753,32.4060501223127,2,29,43,GJ,Patel Bipinchandra Rugnathbhai (Bipinkaka),INC,,,,,False,29,2017,AE
1295397,Nota,NOTA,15161,2460,1.1594967972436,3,29,43,GJ,Nota,NOTA,,,,,False,29,2017,AE
1295398,Sandhi Daud Ismail,IND,15162,2240,1.05580196171775,4,29,43,GJ,Sandhi Daud Ismail,IND,,,,,True,29,2017,AE
1295399,Maurya Rajesh Hariram,PAP,15241,1354,0.638194578645462,5,29,43,GJ,Maurya Rajesh Hariram,PAP,,,,,False,29,2017,AE
1295400,Parmar Bharatbhai Shakarabhai,BSP,15163,1175,0.553824689740338,6,29,43,GJ,Parmar Bharatbhai Shakarabhai,BSP,,,,,False,29,2017,AE
1295401,Patel Atulkumar Ravjibhai,IND,15162,987,0.465212739381884,7,29,43,GJ,Patel Atulkumar Ravjibhai,IND,,,,,False,29,2017,AE
1295402,Saiyad Kasamali Imamali,IND,15162,946,0.445887792761157,8,29,43,GJ,Saiyad Kasamali Imamali,IND,,,,,False,29,2017,AE
1295403,Saiyad Sabanabanu Haidarabbas,IND,15162,741,0.349263059657524,9,29,43,GJ,Saiyad Sabanabanu Haidarabbas,IND,,,,,False,29,2017,AE
1295404,Rathod Munirhusen Amirmiya,IND,15162,446,0.210217712020588,10,29,43,GJ,Rathod Munirhusen Amirmiya,IND,,,,,False,29,2017,AE
1295405,Mohmmad Jafar Mohmmad Kasam Shaikh,IND,15162,436,0.205504310405776,11,29,43,GJ,Mohmmad Jafar Mohmmad Kasam Shaikh,IND,,,,,False,29,2017,AE
1295406,Siddiki Mo.Kalim Tauifikahemad,IND,15162,335,0.157898954096181,12,29,43,GJ,Siddiki Mo.Kalim Tauifikahemad,IND,,,,,False,29,2017,AE
1295407,Sarafarajkhan Aladadkhan Pathan,IND,15162,331,0.156013593450257,13,29,43,GJ,Sarafarajkhan Aladadkhan Pathan,IND,,,,,False,29,2017,AE
1295408,Ansari Mohomadrashid Nurislam,IND,15162,245,0.115478339562879,14,29,43,GJ,Ansari Mohomadrashid Nurislam,IND,,,,,False,29,2017,AE
1295409,Shaileshbhai Gandabhai Bharvad,IND,15162,221,0.104166175687331,15,29,43,GJ,Shaileshbhai Gandabhai Bharvad,IND,,,,,False,29,2017,AE
1295410,Mevati Farjanabanu Ismailbhai,IND,15162,203,0.0956820527806712,16,29,43,GJ,Mevati Farjanabanu Ismailbhai,IND,,,,,False,29,2017,AE
1295411,Shaikh Salmabanu Mohmad Salimbhai,IND,15162,155,0.0730577250295765,17,29,43,GJ,Shaikh Salmabanu Mohmad Salimbhai,IND,,,,,False,29,2017,AE
1295478,Shah Rakeshbhai Jasvantlal (Rakesh Shah),BJP,15159,116811,74.8476596290007,1,29,44,GJ,Shah Rakeshbhai Jasvantlal (Rakesh Shah),BJP,,,,,False,29,2017,AE
1295479,Dave Vijaykumar Ratilal,INC,15160,31606,20.2518181526927,2,29,44,GJ,Dave Vijaykumar Ratilal,INC,,,,,False,29,2017,AE
1295480,Nota,NOTA,15161,3479,2.22919937205651,3,29,44,GJ,Nota,NOTA,,,,,False,29,2017,AE
1295481,Solanki Malabhai Hirabhai,BSP,15163,2144,1.37378656329093,4,29,44,GJ,Solanki Malabhai Hirabhai,BSP,,,,,False,29,2017,AE
1295482,Solanki Nilaben Jivrajbhai,IND,15162,553,0.354339538013007,5,29,44,GJ,Solanki Nilaben Jivrajbhai,IND,,,,,False,29,2017,AE
1295483,Meenakshi Joshi,SUCI,15265,476,0.305001121327651,6,29,44,GJ,Meenakshi Joshi,SUCI,,,,,False,29,2017,AE
1295484,Shweta Mukesh Shah,IND,15162,392,0.251177394034536,7,29,44,GJ,Shweta Mukesh Shah,IND,,,,,False,29,2017,AE
1295485,Patel Kalpesh Nandkumar,AINHCP,15190,326,0.208887322589946,8,29,44,GJ,Patel Kalpesh Nandkumar,AINHCP,,,,,False,29,2017,AE
1295486,Thaker Hitesh,SHS,15186,278,0.17813090699388,9,29,44,GJ,Thaker Hitesh,SHS,,,,,False,29,2017,AE
1295574,Kaushikbhai Jamnadas Patel (Kaushik Patel),BJP,15159,106458,69.7065929820655,1,29,45,GJ,Kaushikbhai Jamnadas Patel (Kaushik Patel),BJP,,,,,False,29,2017,AE
1295575,Nitinbhai Kantibhai Patel,INC,15160,40243,26.3503205149191,2,29,45,GJ,Nitinbhai Kantibhai Patel,INC,,,,,False,29,2017,AE
1295576,Nota,NOTA,15161,2867,1.87725489939301,3,29,45,GJ,Nota,NOTA,,,,,False,29,2017,AE
1295577,Ravi Khengarbhai Vaghela,BSP,15163,1284,0.840737806355296,4,29,45,GJ,Ravi Khengarbhai Vaghela,BSP,,,,,False,29,2017,AE
1295578,Himanshu Shah,IND,15162,592,0.387629892026741,5,29,45,GJ,Himanshu Shah,IND,,,,,False,29,2017,AE
1295579,Jitendrasing Dalelsing Shikh,IND,15162,329,0.215422693372969,6,29,45,GJ,Jitendrasing Dalelsing Shikh,IND,,,,,False,29,2017,AE
1295580,Shashikant Manubhai Sharma,AINHCP,15190,220,0.14,7,29,45,GJ,Shashikant Manubhai Sharma,AINHCP,,,,,False,29,2017,AE
1295581,Harshadkumar Laxmanbhai Solanki,IND,15162,220,0.14,7,29,45,GJ,Harshadkumar Laxmanbhai Solanki,IND,,,,,False,29,2017,AE
1295582,Naineshkumar S. Brahmbhatt,RKEP,15266,209,0.136849066610792,9,29,45,GJ,Naineshkumar S. Brahmbhatt,RKEP,,,,,False,29,2017,AE
1295583,Parmar Rasikbhai Nanjibhai,IND,15162,181,0.118515220366284,10,29,45,GJ,Parmar Rasikbhai Nanjibhai,IND,,,,,False,29,2017,AE
1295584,Barai Alpeshbhai Mahendrakumar,LSPS,15228,120,0.0785736267621772,11,29,45,GJ,Barai Alpeshbhai Mahendrakumar,LSPS,,,,,False,29,2017,AE
1295691,Jagdish Panchal,BJP,15159,87764,56.3956252971944,1,29,46,GJ,Jagdish Panchal,BJP,,,,,False,29,2017,AE
1295692,Gohil Indravijaysinh,INC,15160,62884,40.4081685108789,2,29,46,GJ,Gohil Indravijaysinh,INC,,,,,False,29,2017,AE
1295693,Nota,NOTA,15161,1959,1.25881944712187,3,29,46,GJ,Nota,NOTA,,,,,False,29,2017,AE
1295694,Parmar Rameshbhai Govindbhai,BSP,15163,927,0.595674133477271,4,29,46,GJ,Parmar Rameshbhai Govindbhai,BSP,,,,,False,29,2017,AE
1295695,Sonule Shailendrabhai Ramchandra,IND,15162,615,0.395188340980067,5,29,46,GJ,Sonule Shailendrabhai Ramchandra,IND,,,,,False,29,2017,AE
1295696,Shaikh Salimudeen Nijamudeen,IND,15162,267,0.171569572425492,6,29,46,GJ,Shaikh Salimudeen Nijamudeen,IND,,,,,False,29,2017,AE
1295697,Patel Prashant Rangabhai,SVPP,15200,213,0.136870108339437,7,29,46,GJ,Patel Prashant Rangabhai,SVPP,,,,,False,29,2017,AE
1295698,Mishra Vinodkumar Haushilaprasad,IND,15162,177,0.113737132282068,8,29,46,GJ,Mishra Vinodkumar Haushilaprasad,IND,,,,,False,29,2017,AE
1295699,Kazi Mohammed Salim,IND,15162,151,0.097029982907301,9,29,46,GJ,Kazi Mohammed Salim,IND,,,,,False,29,2017,AE
1295700,Patel Shantilal Kalubhai,IND,15162,140,0.089961573556438,10,29,46,GJ,Patel Shantilal Kalubhai,IND,,,,,False,29,2017,AE
1295701,Mukeshbhai Jivarambhai Patel,YuS,15201,135,0.0867486602151366,11,29,46,GJ,Mukeshbhai Jivarambhai Patel,YuS,,,,,False,29,2017,AE
1295702,Makwana Nirmalaben Himmatbhai,IND,15162,124,0.0796802508642736,12,29,46,GJ,Makwana Nirmalaben Himmatbhai,IND,,,,,False,29,2017,AE
1295703,Memon Mohamadinush Abubhai,JD(U),15182,103,0.0661860148308079,13,29,46,GJ,Memon Mohamadinush Abubhai,JD(U),,,,,False,29,2017,AE
1295704,Saiyad Mustakalibhai Mubarakalibhai,LSWP,15198,84,0.0539769441338628,14,29,46,GJ,Saiyad Mustakalibhai Mubarakalibhai,LSWP,,,,,False,29,2017,AE
1295705,Yusufkhan Akhtargulkhan Pathan,AINHCP,15190,79,0.0507640307925614,15,29,46,GJ,Yusufkhan Akhtargulkhan Pathan,AINHCP,,,,,False,29,2017,AE
1295811,Thawani Balram Khubchand,BJP,15159,108168,65.5257849367264,1,29,47,GJ,Thawani Balram Khubchand,BJP,,,,,False,29,2017,AE
1295812,Tiwari Omprakash Darogaprasad,INC,15160,48026,29.093089891384,2,29,47,GJ,Tiwari Omprakash Darogaprasad,INC,,,,,False,29,2017,AE
1295813,Nota,NOTA,15161,2852,1.72767859847222,3,29,47,GJ,Nota,NOTA,,,,,False,29,2017,AE
1295814,Amitbhai Mohanbhai Patel,AINHCP,15190,1976,1.19701714957262,4,29,47,GJ,Amitbhai Mohanbhai Patel,AINHCP,,,,,False,29,2017,AE
1295815,Nikulsinh Kamalsinh Tomar,NCP,15192,990,0.599720130605717,5,29,47,GJ,Nikulsinh Kamalsinh Tomar,NCP,,,,,False,29,2017,AE
1295816,Rajput Rahulsinh Kishorsinh,SHS,15186,957,0.579729459585526,6,29,47,GJ,Rajput Rahulsinh Kishorsinh,SHS,,,,,False,29,2017,AE
1295817,Brijesh Sharma,IND,15162,751,0.454939210186761,7,29,47,GJ,Brijesh Sharma,IND,,,,,False,29,2017,AE
1295818,Chauhan Narendrasinh Makhatulsingh,IND,15162,580,0.351351187627591,8,29,47,GJ,Chauhan Narendrasinh Makhatulsingh,IND,,,,,False,29,2017,AE
1295819,Dashrath M.Devda,IND,15162,409,0.247763165068422,9,29,47,GJ,Dashrath M.Devda,IND,,,,,False,29,2017,AE
1295820,Kashyap Rajkumar Nankubhai,RMGP,15270,185,0.112068913295007,10,29,47,GJ,Kashyap Rajkumar Nankubhai,RMGP,,,,,False,29,2017,AE
1295821,Nita Bhulchandani,RSP(S),15208,183,0.110857357475602,11,29,47,GJ,Nita Bhulchandani,RSP(S),,,,,False,29,2017,AE
1295921,Kakadiya Vallabhbhai Gobarbhai,BJP,15159,88124,59.7689923426997,1,29,48,GJ,Kakadiya Vallabhbhai Gobarbhai,BJP,,,,,True,29,2017,AE
1295922,Babubhai Mavjibhai Mangukiya,INC,15160,54036,36.6492359655726,2,29,48,GJ,Babubhai Mavjibhai Mangukiya,INC,,,,,False,29,2017,AE
1295923,Nota,NOTA,15161,2229,1.51179115714082,3,29,48,GJ,Nota,NOTA,,,,,False,29,2017,AE
1295924,Panara Pradipkumar Vasharambhai,BSP,15163,981,0.665350886117158,4,29,48,GJ,Panara Pradipkumar Vasharambhai,BSP,,,,,False,29,2017,AE
1295925,Zala Kuldipsinh Indrasinh,ABHM,15272,413,0.280112044817927,5,29,48,GJ,Zala Kuldipsinh Indrasinh,ABHM,,,,,False,29,2017,AE
1295926,Rahul Chimanbhai Mehta,IND,15162,373,0.252982548951784,6,29,48,GJ,Rahul Chimanbhai Mehta,IND,,,,,False,29,2017,AE
1295927,Vaghela Anilkumar Vasantbhai,IND,15162,361,0.244843700191941,7,29,48,GJ,Vaghela Anilkumar Vasantbhai,IND,,,,,False,29,2017,AE
1295928,Pareshkumar Ranchhodbhai Dudhat,RKEP,15266,297,0.201436506806112,8,29,48,GJ,Pareshkumar Ranchhodbhai Dudhat,RKEP,,,,,False,29,2017,AE
1295929,Rameshbhai Bhikhabhai Parekh (Rambhai Nardipurvala),IND,15162,252,0.170915823956701,9,29,48,GJ,Rameshbhai Bhikhabhai Parekh (Rambhai Nardipurvala),IND,,,,,False,29,2017,AE
1295930,Parmar Narmadaben Jitendrabhai,IND,15162,198,0.134291004537408,10,29,48,GJ,Parmar Narmadaben Jitendrabhai,IND,,,,,False,29,2017,AE
1295931,Sanjaybhai Balubhai Vekariya,SVPP,15200,177,0.120048019207683,11,29,48,GJ,Sanjaybhai Balubhai Vekariya,SVPP,,,,,False,29,2017,AE
1296055,Patel Himmatsinh Prahladsinh,INC,15160,58785,47.8771491167344,1,29,49,GJ,Patel Himmatsinh Prahladsinh,INC,,,,,False,29,2017,AE
1296056,Rajput Jagrupsinh Girdansinh,BJP,15159,55718,45.3792463126002,2,29,49,GJ,Rajput Jagrupsinh Girdansinh,BJP,,,,,True,29,2017,AE
1296057,Nota,NOTA,15161,1822,1.48391878354495,3,29,49,GJ,Nota,NOTA,,,,,False,29,2017,AE
1296058,Pathan Amjadkhan Junedkhan,AAAP,15172,1548,1.26076085451569,4,29,49,GJ,Pathan Amjadkhan Junedkhan,AAAP,,,,,False,29,2017,AE
1296059,Solanki Naginkumar Chimanlal,IND,15162,1442,1.17442968489123,5,29,49,GJ,Solanki Naginkumar Chimanlal,IND,,,,,False,29,2017,AE
1296060,Bhavsar Kamlesh Bhogilal,CPI,15271,817,0.665401562105503,6,29,49,GJ,Bhavsar Kamlesh Bhogilal,CPI,,,,,False,29,2017,AE
1296061,Sendar Vikramkumar Vaktavarmal,BSP,15163,616,0.501698117817613,7,29,49,GJ,Sendar Vikramkumar Vaktavarmal,BSP,,,,,False,29,2017,AE
1296062,Makwana Gautambhai Shankarbhai,IND,15162,301,0.245147943933606,8,29,49,GJ,Makwana Gautambhai Shankarbhai,IND,,,,,False,29,2017,AE
1296063,Jayswal Nareshkumar Urfe Raju Mataji Babulal,IND,15162,243,0.19791013413909,9,29,49,GJ,Jayswal Nareshkumar Urfe Raju Mataji Babulal,IND,,,,,False,29,2017,AE
1296064,Patel Nipun Parsottambhai,IND,15162,242,0.197095689142633,10,29,49,GJ,Patel Nipun Parsottambhai,IND,,,,,False,29,2017,AE
1296065,Ojha Tribhavan Ramkalap,MaNPa,15245,234,0.190580129170976,11,29,49,GJ,Ojha Tribhavan Ramkalap,MaNPa,,,,,False,29,2017,AE
1296066,Parmar Bahadursinh Gagubhai,AINHCP,15190,223,0.181621234209947,12,29,49,GJ,Parmar Bahadursinh Gagubhai,AINHCP,,,,,False,29,2017,AE
1296067,Kalatmik Pravinchandra Mafatlal,IND,15162,211,0.171847894252461,13,29,49,GJ,Kalatmik Pravinchandra Mafatlal,IND,,,,,False,29,2017,AE
1296068,Patni Jayantibhai Sendhabhai,BSDL,15249,204,0.166146779277261,14,29,49,GJ,Patni Jayantibhai Sendhabhai,BSDL,,,,,False,29,2017,AE
1296069,Sonule Archanaben Rajendrabhai,IND,15162,177,0.144156764372918,15,29,49,GJ,Sonule Archanaben Rajendrabhai,IND,,,,,False,29,2017,AE
1296071,Ghanchi Mo.Irshad Mohamad Aiyub,INL,15273,100,0.08,16,29,49,GJ,Ghanchi Mo.Irshad Mohamad Aiyub,INL,,,,,False,29,2017,AE
1296070,Pathan Salmankhan Samikhan,LSWP,15198,100,0.08,16,29,49,GJ,Pathan Salmankhan Samikhan,LSWP,,,,,False,29,2017,AE
1296147,Patel Hasmukhbhai Somabhai ( H. S. Patel ),BJP,15159,105694,61.5670489826588,1,29,50,GJ,Patel Hasmukhbhai Somabhai ( H. S. Patel ),BJP,,,,,False,29,2017,AE
1296148,Chauhan Arvindsinh Vishvanathsinh ( Arvind Chauhan ),INC,15160,55962,32.5980206555486,2,29,50,GJ,Chauhan Arvindsinh Vishvanathsinh ( Arvind Chauhan ),INC,,,,,False,29,2017,AE
1296149,Rabari Bhikhabhai Mafabhai,BSP,15163,4197,2.44476417374892,3,29,50,GJ,Rabari Bhikhabhai Mafabhai,BSP,,,,,False,29,2017,AE
1296150,Nota,NOTA,15161,2427,1.41373425058104,4,29,50,GJ,Nota,NOTA,,,,,False,29,2017,AE
1296151,Patil Dipakbhai Bhikhabhai,SHS,15186,1308,0.761913638137622,5,29,50,GJ,Patil Dipakbhai Bhikhabhai,SHS,,,,,False,29,2017,AE
1296152,Vishvakarma Gyanendra Dayanand,IND,15162,496,0.288921379599587,6,29,50,GJ,Vishvakarma Gyanendra Dayanand,IND,,,,,True,29,2017,AE
1296153,Patel Vishnubhai Ranchhodbhai,SVPP,15200,469,0.273193804500416,7,29,50,GJ,Patel Vishnubhai Ranchhodbhai,SVPP,,,,,False,29,2017,AE
1296154,Bhosle Poonamben Sunilbhai,IND,15162,287,0.167178298276374,8,29,50,GJ,Bhosle Poonamben Sunilbhai,IND,,,,,False,29,2017,AE
1296155,Tivari Pravinkumar Ramlakhan,BSDL,15249,246,0.143295684236892,9,29,50,GJ,Tivari Pravinkumar Ramlakhan,BSDL,,,,,False,29,2017,AE
1296156,Javal Rameshchandra Nayak,IND,15162,218,0.12698560635627,10,29,50,GJ,Javal Rameshchandra Nayak,IND,,,,,False,29,2017,AE
1296157,Khandelwal Hemang Dolatram,IND,15162,197,0.114753047945803,11,29,50,GJ,Khandelwal Hemang Dolatram,IND,,,,,False,29,2017,AE
1296158,Riteshkumar Amrutbhai Shrimali,BRP,15220,172,0.100190478409534,12,29,50,GJ,Riteshkumar Amrutbhai Shrimali,BRP,,,,,False,29,2017,AE
1296232,Shaikh Gyasuddin Habibuddeen,INC,15160,63712,49.9988228554388,1,29,51,GJ,Shaikh Gyasuddin Habibuddeen,INC,,,,,False,29,2017,AE
1296233,Bharat Barot,BJP,15159,57525,45.1434939220102,2,29,51,GJ,Bharat Barot,BJP,,,,,True,29,2017,AE
1296234,Nota,NOTA,15161,1616,1.26817707393252,3,29,51,GJ,Nota,NOTA,,,,,False,29,2017,AE
1296235,Patel Kunjalbhai Maheshbhai,SHS,15186,1393,1.09317491583416,4,29,51,GJ,Patel Kunjalbhai Maheshbhai,SHS,,,,,False,29,2017,AE
1296236,Momin Ruknodin Mohammedahussain (Raju Momin),IND,15162,1275,1.00057287701978,5,29,51,GJ,Momin Ruknodin Mohammedahussain (Raju Momin),IND,,,,,False,29,2017,AE
1296237,Dantaniya Alpeshkumar Ashvinbhai,IND,15162,876,0.687452423740651,6,29,51,GJ,Dantaniya Alpeshkumar Ashvinbhai,IND,,,,,False,29,2017,AE
1296238,Saiyad Alimohammed Nurmohammad,IND,15162,389,0.305272822871134,7,29,51,GJ,Saiyad Alimohammed Nurmohammad,IND,,,,,False,29,2017,AE
1296239,Meman Mo. Imran Abdulkadar,AINHCP,15190,157,0.123207797405573,8,29,51,GJ,Meman Mo. Imran Abdulkadar,AINHCP,,,,,False,29,2017,AE
1296240,Shrimali Rameshbhai Prabhudas,IND,15162,151,0.118499219160774,9,29,51,GJ,Shrimali Rameshbhai Prabhudas,IND,,,,,True,29,2017,AE
1296241,Shaikh Saidabanu Abdulrahim,IND,15162,142,0.111436351793575,10,29,51,GJ,Shaikh Saidabanu Abdulrahim,IND,,,,,False,29,2017,AE
1296242,Samsuddin (Jugnu),ABCD(A),15250,109,0.0855391714471815,11,29,51,GJ,Samsuddin (Jugnu),ABCD(A),,,,,False,29,2017,AE
1296243,Shaikh Mohmad Faruk Husainmiya (Faruk Shaikh),JD(U),15182,82,0.0643505693455861,12,29,51,GJ,Shaikh Mohmad Faruk Husainmiya (Faruk Shaikh),JD(U),,,,,False,29,2017,AE
1296312,Imran Yusufbhai Khedawala,INC,15160,75346,58.2389042620619,1,29,52,GJ,Imran Yusufbhai Khedawala,INC,,,,,False,29,2017,AE
1296313,Bhushan Ashok Bhatt,BJP,15159,46007,35.5612410530709,2,29,52,GJ,Bhushan Ashok Bhatt,BJP,,,,,False,29,2017,AE
1296314,Shekh Habibbhai Imamuddin,NCP,15192,3474,2.68523814676828,3,29,52,GJ,Shekh Habibbhai Imamuddin,NCP,,,,,False,29,2017,AE
1296315,Nota,NOTA,15161,1688,1.30474438449765,4,29,52,GJ,Nota,NOTA,,,,,False,29,2017,AE
1296316,Javed Abdulali Qureshi,BSP,15163,945,0.730440428525051,5,29,52,GJ,Javed Abdulali Qureshi,BSP,,,,,False,29,2017,AE
1296317,Makwana Shankarbhai Somabhai,IND,15162,644,0.49778162536522,6,29,52,GJ,Makwana Shankarbhai Somabhai,IND,,,,,False,29,2017,AE
1296318,Maksud Ahemadbhai Sharabuwala (Teni),IND,15162,626,0.483868474345695,7,29,52,GJ,Maksud Ahemadbhai Sharabuwala (Teni),IND,,,,,False,29,2017,AE
1296319,Mehboob Mohmadbhai Rangrej,IND,15162,247,0.190919350101256,8,29,52,GJ,Mehboob Mohmadbhai Rangrej,IND,,,,,False,29,2017,AE
1296320,Shejadhusen Mazharhusen Tejabwala,AINHCP,15190,170,0.131401981851067,9,29,52,GJ,Shejadhusen Mazharhusen Tejabwala,AINHCP,,,,,False,29,2017,AE
1296321,Pathan Mahamadajamal Mohamadishak,IND,15162,117,0.0904354816269111,10,29,52,GJ,Pathan Mahamadajamal Mohamadishak,IND,,,,,False,29,2017,AE
1296322,Aftabahmed Saradarahmed Saiyed,IND,15162,110,0.0850248117859848,11,29,52,GJ,Aftabahmed Saradarahmed Saiyed,IND,,,,,False,29,2017,AE
1296392,Patel Sureshbhai Dhanjibhai (Suresh Patel),BJP,15159,116113,71.2437108847711,1,29,53,GJ,Patel Sureshbhai Dhanjibhai (Suresh Patel),BJP,,,,,False,29,2017,AE
1296393,Brahmbhatt Shwetaben Narendrabhai,INC,15160,40914,25.103693704749,2,29,53,GJ,Brahmbhatt Shwetaben Narendrabhai,INC,,,,,False,29,2017,AE
1296394,Nota,NOTA,15161,2612,1.60265063197938,3,29,53,GJ,Nota,NOTA,,,,,False,29,2017,AE
1296395,Keshria Shaileshkumar Valjibhai,BSP,15163,1224,0.751012394158792,4,29,53,GJ,Keshria Shaileshkumar Valjibhai,BSP,,,,,False,29,2017,AE
1296396,Gohel Ronakbhai Prakashbhai,YJJP,15221,815,0.500061357221744,5,29,53,GJ,Gohel Ronakbhai Prakashbhai,YJJP,,,,,False,29,2017,AE
1296397,Bhatt Sunilkumar Narendrabhai,IND,15162,453,0.277948214504847,6,29,53,GJ,Bhatt Sunilkumar Narendrabhai,IND,,,,,False,29,2017,AE
1296398,Karnerlas Victorbhai Siela,IND,15162,440,0.269971775677997,7,29,53,GJ,Karnerlas Victorbhai Siela,IND,,,,,False,29,2017,AE
1296399,Dineshkumar Popatlal Chauhan,YuS,15201,409,0.250951036937047,8,29,53,GJ,Dineshkumar Popatlal Chauhan,YuS,,,,,False,29,2017,AE
1296470,Parmar Shailesh Manharbhai,INC,15160,90691,58.1897160162716,1,29,54,GJ,Parmar Shailesh Manharbhai,INC,,,,,False,29,2017,AE
1296471,Vaghela Jitendra Umakant (Jitubhai Vaghela),BJP,15159,58181,37.3304502932231,2,29,54,GJ,Vaghela Jitendra Umakant (Jitubhai Vaghela),BJP,,,,,False,29,2017,AE
1296472,Makwana Nehal Amrutbhai,BSP,15163,3034,1.94669370051458,3,29,54,GJ,Makwana Nehal Amrutbhai,BSP,,,,,False,29,2017,AE
1296473,Nota,NOTA,15161,2182,1.40002823155004,4,29,54,GJ,Nota,NOTA,,,,,False,29,2017,AE
1296474,Parmar Dipakbhai Pursottambhai,BMUP,15169,806,0.517150666649556,5,29,54,GJ,Parmar Dipakbhai Pursottambhai,BMUP,,,,,False,29,2017,AE
1296475,Makwana Nitinbhai Rameshbhai,IND,15162,505,0.324021199327575,6,29,54,GJ,Makwana Nitinbhai Rameshbhai,IND,,,,,False,29,2017,AE
1296476,Nagar Hemaben Mangabhai,IND,15162,455,0.291939892463459,7,29,54,GJ,Nagar Hemaben Mangabhai,IND,,,,,False,29,2017,AE
1296563,Arvidkumar Gandabhai Patel (Dalal),BJP,15159,113503,67.9919250491206,1,29,55,GJ,Arvidkumar Gandabhai Patel (Dalal),BJP,,,,,False,29,2017,AE
1296564,Dr. Jitubhai Patel,INC,15160,44693,26.7725355824986,2,29,55,GJ,Dr. Jitubhai Patel,INC,,,,,False,29,2017,AE
1296565,Nota,NOTA,15161,2856,1.71083529017108,3,29,55,GJ,Nota,NOTA,,,,,False,29,2017,AE
1296566,Valjibhai Odharbhai Desai,IND,15162,1865,1.11719461350457,4,29,55,GJ,Valjibhai Odharbhai Desai,IND,,,,,False,29,2017,AE
1296567,Sharma Ashok Deendayal,SHS,15186,1324,0.793118320793597,5,29,55,GJ,Sharma Ashok Deendayal,SHS,,,,,False,29,2017,AE
1296568,Makwana Maheshkumar Kanjibhai,BSP,15163,784,0.469641060046964,6,29,55,GJ,Makwana Maheshkumar Kanjibhai,BSP,,,,,False,29,2017,AE
1296569,Punjabi Rajeshbhai Hariram,IND,15162,570,0.341448219677001,7,29,55,GJ,Punjabi Rajeshbhai Hariram,IND,,,,,False,29,2017,AE
1296570,Yadav Rajusinh Malkhansinh,RKSP,15174,446,0.267168256098145,8,29,55,GJ,Yadav Rajusinh Malkhansinh,RKSP,,,,,False,29,2017,AE
1296571,Soni Renuka Chandraprakash,AINHCP,15190,365,0.21864666698615,9,29,55,GJ,Soni Renuka Chandraprakash,AINHCP,,,,,False,29,2017,AE
1296572,Nayak Chandubhai Parsottamdas,IND,15162,196,0.117410265011741,10,29,55,GJ,Nayak Chandubhai Parsottamdas,IND,,,,,False,29,2017,AE
1296573,Rakshaben Rameshbhai Solanki,DBSP,15262,192,0.115014137154358,11,29,55,GJ,Rakshaben Rameshbhai Solanki,DBSP,,,,,False,29,2017,AE
1296574,Rasik Kalubhai Makwana,LSPS,15228,142,0.0850625389370776,12,29,55,GJ,Rasik Kalubhai Makwana,LSPS,,,,,False,29,2017,AE
1296640,Parmar Pradipbhai Khanabhai,BJP,15159,87238,65.8047385929049,1,29,56,GJ,Parmar Pradipbhai Khanabhai,BJP,,,,,False,29,2017,AE
1296641,Vaghela Kanubhai Atmaram,INC,15160,37974,28.6442736345052,2,29,56,GJ,Vaghela Kanubhai Atmaram,INC,,,,,False,29,2017,AE
1296642,Karsanbhai Danabhai Parmar (K.D. Parmar),BSP,15163,2790,2.10453266551508,3,29,56,GJ,Karsanbhai Danabhai Parmar (K.D. Parmar),BSP,,,,,False,29,2017,AE
1296643,Nota,NOTA,15161,2067,1.55916452316117,4,29,56,GJ,Nota,NOTA,,,,,False,29,2017,AE
1296644,Jadav Prashantbhai Yagnikbhai,AINHCP,15190,675,0.509161128753648,5,29,56,GJ,Jadav Prashantbhai Yagnikbhai,AINHCP,,,,,False,29,2017,AE
1296645,Solanki Alpeshkumar Shankarbhai,IND,15162,598,0.451079044436566,6,29,56,GJ,Solanki Alpeshkumar Shankarbhai,IND,,,,,False,29,2017,AE
1296646,Ravat Kamleshbhai Kantilal,IND,15162,462,0.348492505902497,7,29,56,GJ,Ravat Kamleshbhai Kantilal,IND,,,,,False,29,2017,AE
1296647,Rajpura Lalitkumar Dhanjibhai (Lalit Rajpura),IND,15162,276,0.208190328201492,8,29,56,GJ,Rajpura Lalitkumar Dhanjibhai (Lalit Rajpura),IND,,,,,False,29,2017,AE
1296648,Tabhani Gaurang Ambalal,SaJPCs,15281,272,0.205173077068137,9,29,56,GJ,Tabhani Gaurang Ambalal,SaJPCs,,,,,False,29,2017,AE
1296649,Sengal Naranbhai Tulsidas (Dr. N.T. Sengal),BSDL,15249,219,0.165194499551183,10,29,56,GJ,Sengal Naranbhai Tulsidas (Dr. N.T. Sengal),BSDL,,,,,False,29,2017,AE
1296715,Babubhai Jamnadas Patel,BJP,15159,127432,56.9345283305483,1,29,57,GJ,Babubhai Jamnadas Patel,BJP,,,,,False,29,2017,AE
1296716,Patel Pankajbhai Chimanbhai,INC,15160,82367,36.8002251789368,2,29,57,GJ,Patel Pankajbhai Chimanbhai,INC,,,,,False,29,2017,AE
1296717,Nota,NOTA,15161,4817,2.1521566244605,3,29,57,GJ,Nota,NOTA,,,,,False,29,2017,AE
1296718,Shrimali Nileshkumar Rameshbhai,IND,15162,2247,1.00392276005039,4,29,57,GJ,Shrimali Nileshkumar Rameshbhai,IND,,,,,False,29,2017,AE
1296719,Thakor Ajitbhai Kalaji,AINHCP,15190,1366,0.610306404196191,5,29,57,GJ,Thakor Ajitbhai Kalaji,AINHCP,,,,,False,29,2017,AE
1296720,Patel Bhavinkumar Mahendra Kumar,BSP,15163,1316,0.587967223954749,6,29,57,GJ,Patel Bhavinkumar Mahendra Kumar,BSP,,,,,False,29,2017,AE
1296721,Barot Rajendrabhai Keshabhai,SHS,15186,1039,0.464208165417161,7,29,57,GJ,Barot Rajendrabhai Keshabhai,SHS,,,,,False,29,2017,AE
1296722,Patel Arvindbhai Savjibhai,IND,15162,996,0.444996470409521,8,29,57,GJ,Patel Arvindbhai Savjibhai,IND,,,,,False,29,2017,AE
1296723,Chunara Arvindbhai Amarbhai,IND,15162,923,0.412381267257016,9,29,57,GJ,Chunara Arvindbhai Amarbhai,IND,,,,,False,29,2017,AE
1296724,Jagatsinh Maduji Chavda,RVZP,15230,910,0.406573080394241,10,29,57,GJ,Jagatsinh Maduji Chavda,RVZP,,,,,False,29,2017,AE
1296725,Savaliya Divyeshbhai Vitthalbhai,SVPP,15200,409,0.182734494374994,11,29,57,GJ,Savaliya Divyeshbhai Vitthalbhai,SVPP,,,,,False,29,2017,AE
1296797,Bhupendrasinh Manubha Chudasama,BJP,15159,71530,44.4716619830394,1,29,58,GJ,Bhupendrasinh Manubha Chudasama,BJP,,,,,False,29,2017,AE
1296798,Rathod Ashvinbhai Kamsubhai,INC,15160,71203,44.2683594041431,2,29,58,GJ,Rathod Ashvinbhai Kamsubhai,INC,,,,,False,29,2017,AE
1296799,Shaktisinh Sardarsinh Sisodiya,IND,15162,4222,2.62490363333416,3,29,58,GJ,Shaktisinh Sardarsinh Sisodiya,IND,,,,,False,29,2017,AE
1296800,Bhailalbhai Kalubhai Pandav,BSP,15163,3139,1.95158041331973,4,29,58,GJ,Bhailalbhai Kalubhai Pandav,BSP,,,,,True,29,2017,AE
1296801,Vaghela Ramanbhai Kaljibhai,IND,15162,3110,1.93355052100171,5,29,58,GJ,Vaghela Ramanbhai Kaljibhai,IND,,,,,False,29,2017,AE
1296802,Nota,NOTA,15161,2347,1.45917783691029,6,29,58,GJ,Nota,NOTA,,,,,False,29,2017,AE
1296803,Makwana Haribhai Dipubhai,NCP,15192,1198,0.744821068861754,7,29,58,GJ,Makwana Haribhai Dipubhai,NCP,,,,,False,29,2017,AE
1296804,Mahendrakumar Shantilal Jadav,BMUP,15169,1104,0.686379348934371,8,29,58,GJ,Mahendrakumar Shantilal Jadav,BMUP,,,,,False,29,2017,AE
1296805,Mashrubhai Mohanbhai Makvana,IND,15162,871,0.541518489965432,9,29,58,GJ,Mashrubhai Mohanbhai Makvana,IND,,,,,False,29,2017,AE
1296806,Vaghela Alpeshsinh Surubha,IND,15162,709,0.44079978115441,10,29,58,GJ,Vaghela Alpeshsinh Surubha,IND,,,,,True,29,2017,AE
1296807,Bharatbhai Babubhai Thakor,IND,15162,522,0.324538061724403,11,29,58,GJ,Bharatbhai Babubhai Thakor,IND,,,,,False,29,2017,AE
1296808,Rathod Kalubhai Lakhabhai,IND,15162,420,0.261122578398945,12,29,58,GJ,Rathod Kalubhai Lakhabhai,IND,,,,,False,29,2017,AE
1296809,Govindbhai Dahyabhai Gol,IND,15162,248,0.154186665340329,13,29,58,GJ,Govindbhai Dahyabhai Gol,IND,,,,,False,29,2017,AE
1296810,Kadari Javedmiya Chhotasaheb,IND,15162,221,0.137400213871826,14,29,58,GJ,Kadari Javedmiya Chhotasaheb,IND,,,,,False,29,2017,AE
1296917,Gohil Rajeshkumar Harjibhai,INC,15160,67477,47.8495805529751,1,29,59,GJ,Gohil Rajeshkumar Harjibhai,INC,,,,,False,29,2017,AE
1296918,Dabhi Kalubhai Rupabhai,BJP,15159,61557,43.6515646827732,2,29,59,GJ,Dabhi Kalubhai Rupabhai,BJP,,,,,False,29,2017,AE
1296919,Gorahva Vinodbhai Shivabhai,CPM,15235,1953,1.38491976258518,3,29,59,GJ,Gorahva Vinodbhai Shivabhai,CPM,,,,,True,29,2017,AE
1296920,Sathaliya Shamjibhai Bhudarbhai,IND,15162,1607,1.13956275395514,4,29,59,GJ,Sathaliya Shamjibhai Bhudarbhai,IND,,,,,False,29,2017,AE
1296921,Nota,NOTA,15161,1360,0.964409051262595,5,29,59,GJ,Nota,NOTA,,,,,False,29,2017,AE
1296922,Vaghela Rameshbhai Virsangbhai,IND,15162,1183,0.838894049737978,6,29,59,GJ,Vaghela Rameshbhai Virsangbhai,IND,,,,,False,29,2017,AE
1296923,Makwana Valjibhai Pathabhai,IND,15162,952,0.675086335883817,7,29,59,GJ,Makwana Valjibhai Pathabhai,IND,,,,,False,29,2017,AE
1296924,Parmar Sunilbhai Lakshmanbhai,BSP,15163,798,0.565881193314376,8,29,59,GJ,Parmar Sunilbhai Lakshmanbhai,BSP,,,,,False,29,2017,AE
1296925,Vishnukumar Kuberdas Pandya,VPP,15183,786,0.557371701685588,9,29,59,GJ,Vishnukumar Kuberdas Pandya,VPP,,,,,False,29,2017,AE
1296926,Chudasama Digvijaysinh Natvarsinh,AINHCP,15190,677,0.480077152724101,10,29,59,GJ,Chudasama Digvijaysinh Natvarsinh,AINHCP,,,,,False,29,2017,AE
1296927,Boghra Govindbhai Naranbhai,IND,15162,506,0.358816897013877,11,29,59,GJ,Boghra Govindbhai Naranbhai,IND,,,,,False,29,2017,AE
1296928,Belam Sanjaybhai Batukbhai,IND,15162,476,0.337543167941908,12,29,59,GJ,Belam Sanjaybhai Batukbhai,IND,,,,,False,29,2017,AE
1296929,Patel Gitaben Pratapbhai,GJCP,15203,391,0.277267602237996,13,29,59,GJ,Patel Gitaben Pratapbhai,GJCP,,,,,False,29,2017,AE
1296930,Chavda Ramdevbhai Khumansang,IND,15162,386,0.273721980726001,14,29,59,GJ,Chavda Ramdevbhai Khumansang,IND,,,,,False,29,2017,AE
1296931,Chudasama Rajendrasinh Jayendrasinh,IND,15162,365,0.258830370375623,15,29,59,GJ,Chudasama Rajendrasinh Jayendrasinh,IND,,,,,False,29,2017,AE
1296932,Jadav Govindbhai Ramjibhai,IND,15162,315,0.223374155255674,16,29,59,GJ,Jadav Govindbhai Ramjibhai,IND,,,,,False,29,2017,AE
1296933,Gorahva Vanrajbhai Vinodbhai,INCP,15285,230,0.163098589551762,17,29,59,GJ,Gorahva Vanrajbhai Vinodbhai,INCP,,,,,False,29,2017,AE
1297036,Solanki Naushadji Bhalajibhai,INC,15160,74009,47.8149914072695,1,29,60,GJ,Solanki Naushadji Bhalajibhai,INC,,,,,False,29,2017,AE
1297037,Ramanlal Ishvarlal Vora,BJP,15159,70281,45.4064426096057,2,29,60,GJ,Ramanlal Ishvarlal Vora,BJP,,,,,False,29,2017,AE
1297038,Nota,NOTA,15161,3796,2.45248155470274,3,29,60,GJ,Nota,NOTA,,,,,False,29,2017,AE
1297039,Shailesh Mourya,BSP,15163,1558,1.00657699215671,4,29,60,GJ,Shailesh Mourya,BSP,,,,,False,29,2017,AE
1297040,Chhaniyara Parasottambha Talshibhai,AAAP,15172,1334,0.861857321910816,5,29,60,GJ,Chhaniyara Parasottambha Talshibhai,AAAP,,,,,False,29,2017,AE
1297041,Miyavara Miraben Amrutbhai,IND,15162,1123,0.725536561098835,6,29,60,GJ,Miyavara Miraben Amrutbhai,IND,,,,,False,29,2017,AE
1297042,Yashavant Kalubhai Shah,IND,15162,1031,0.666098125104986,7,29,60,GJ,Yashavant Kalubhai Shah,IND,,,,,False,29,2017,AE
1297043,Makawana Jivabhai Ramabhai,IND,15162,587,0.379243064439017,8,29,60,GJ,Makawana Jivabhai Ramabhai,IND,,,,,False,29,2017,AE
1297044,Makwana Kamabhai Pethabhai,IND,15162,479,0.309467509141889,9,29,60,GJ,Makwana Kamabhai Pethabhai,IND,,,,,False,29,2017,AE
1297045,Pandya Rajeshbhai Mansukhbhai,VPP,15183,293,0.189298497241281,10,29,60,GJ,Pandya Rajeshbhai Mansukhbhai,VPP,,,,,False,29,2017,AE
1297046,N.D.Solanki (Advocate),BMUP,15169,291,0.188006357328371,11,29,60,GJ,N.D.Solanki (Advocate),BMUP,,,,,False,29,2017,AE
1297161,Kolipatel Somabhai Gandalal,INC,15160,83909,50.6702979504583,1,29,61,GJ,Kolipatel Somabhai Gandalal,INC,,,,,True,29,2017,AE
1297162,Kiritsinh Jitubha Rana,BJP,15159,69258,41.8229688764357,2,29,61,GJ,Kiritsinh Jitubha Rana,BJP,,,,,True,29,2017,AE
1297163,Nota,NOTA,15161,3356,2.02659452408845,3,29,61,GJ,Nota,NOTA,,,,,False,29,2017,AE
1297164,Chavda Ashokbhai Karshanbhai,BSP,15163,2699,1.62985060206041,4,29,61,GJ,Chavda Ashokbhai Karshanbhai,BSP,,,,,False,29,2017,AE
1297165,Vadher Harshadkumar Mohanlal,IND,15162,2139,1.29168226669404,5,29,61,GJ,Vadher Harshadkumar Mohanlal,IND,,,,,False,29,2017,AE
1297166,Mer Oghadbhai Sagrambhai,IND,15162,747,0.451092404497638,6,29,61,GJ,Mer Oghadbhai Sagrambhai,IND,,,,,False,29,2017,AE
1297167,Najabhai Pathabhai Dharjiya,GJCP,15203,576,0.347830287805408,7,29,61,GJ,Najabhai Pathabhai Dharjiya,GJCP,,,,,False,29,2017,AE
1297168,Chavda Mahendrakumar Maganbhai,IND,15162,507,0.306163117912052,8,29,61,GJ,Chavda Mahendrakumar Maganbhai,IND,,,,,False,29,2017,AE
1297169,Makwana Ukabhai Amarabhai,IND,15162,482,0.291066317226053,9,29,61,GJ,Makwana Ukabhai Amarabhai,IND,,,,,False,29,2017,AE
1297170,Kanaksinh Pravinsinh Zala,IND,15162,404,0.243964299085737,10,29,61,GJ,Kanaksinh Pravinsinh Zala,IND,,,,,False,29,2017,AE
1297171,Ganpatbhai Govindbhai Parmar,IND,15162,333,0.201089385137501,11,29,61,GJ,Ganpatbhai Govindbhai Parmar,IND,,,,,False,29,2017,AE
1297172,Aniyaliya Dalsukhbhai Karamshibhai,BSaP,15286,319,0.192635176753342,12,29,61,GJ,Aniyaliya Dalsukhbhai Karamshibhai,BSaP,,,,,False,29,2017,AE
1297173,Gajendrabhai Dayalal Pandya,JASP,15287,271,0.163649319436225,13,29,61,GJ,Gajendrabhai Dayalal Pandya,JASP,,,,,False,29,2017,AE
1297174,Majethiya Maheshbhai Ratubhai,AINHCP,15190,220,0.132851846036787,14,29,61,GJ,Majethiya Maheshbhai Ratubhai,AINHCP,,,,,False,29,2017,AE
1297175,Aniyaliya Ishwarbhai Nanjibhai,IND,15162,212,0.128020869817268,15,29,61,GJ,Aniyaliya Ishwarbhai Nanjibhai,IND,,,,,False,29,2017,AE
1297176,Makwana Prakashbhai Pitambarbhai,ASP,15288,166,0.10024275655503,16,29,61,GJ,Makwana Prakashbhai Pitambarbhai,ASP,,,,,False,29,2017,AE
1297287,Dhanjibhai Patel (Makson),BJP,15159,89595,51.9541896201797,1,29,62,GJ,Dhanjibhai Patel (Makson),BJP,,,,,False,29,2017,AE
1297288,Patel Mohanbhai Dahyabhai,INC,15160,70071,40.6326471440997,2,29,62,GJ,Patel Mohanbhai Dahyabhai,INC,,,,,False,29,2017,AE
1297289,Vasani Charulata Akshaykumar,IND,15162,2682,1.55523340098579,3,29,62,GJ,Vasani Charulata Akshaykumar,IND,,,,,False,29,2017,AE
1297290,Mithapara Vashrambhai Bhavubhai,BSP,15163,2179,1.26355465352276,4,29,62,GJ,Mithapara Vashrambhai Bhavubhai,BSP,,,,,False,29,2017,AE
1297291,Nota,NOTA,15161,1312,0.76080023195129,5,29,62,GJ,Nota,NOTA,,,,,False,29,2017,AE
1297292,Vora Bhavanbhai Devjibhai,IND,15162,1229,0.712670339228761,6,29,62,GJ,Vora Bhavanbhai Devjibhai,IND,,,,,False,29,2017,AE
1297293,Vaghela Tulsibhai Shivabhai,IND,15162,1216,0.705131922296317,7,29,62,GJ,Vaghela Tulsibhai Shivabhai,IND,,,,,False,29,2017,AE
1297294,Rathod Gitaben Babubhai,IND,15162,1166,0.676138011017686,8,29,62,GJ,Rathod Gitaben Babubhai,IND,,,,,False,29,2017,AE
1297295,Parmar Prabhubhai Gokalbhai,GJCP,15203,560,0.324731806320672,9,29,62,GJ,Parmar Prabhubhai Gokalbhai,GJCP,,,,,False,29,2017,AE
1297296,Yadav Parshotambhai Hirabhai,IND,15162,465,0.269643374891272,10,29,62,GJ,Yadav Parshotambhai Hirabhai,IND,,,,,False,29,2017,AE
1297297,Chauhan Jayeshbhai Laljibhai,IND,15162,402,0.233111046680197,11,29,62,GJ,Chauhan Jayeshbhai Laljibhai,IND,,,,,False,29,2017,AE
1297298,Movar Hasanbhai Ibrahimbhai,IND,15162,278,0.161206146709191,12,29,62,GJ,Movar Hasanbhai Ibrahimbhai,IND,,,,,False,29,2017,AE
1297299,Kanjiya Rajeshbhai Jemalbhai,VPP,15183,225,0.130472600753841,13,29,62,GJ,Kanjiya Rajeshbhai Jemalbhai,VPP,,,,,False,29,2017,AE
1297300,Jadav Rajbha Bharatsinh,IND,15162,222,0.128732966077123,14,29,62,GJ,Jadav Rajbha Bharatsinh,IND,,,,,False,29,2017,AE
1297301,Zala Girirajsinh Vidursinh,IND,15162,210,0.121774427370252,15,29,62,GJ,Zala Girirajsinh Vidursinh,IND,,,,,False,29,2017,AE
1297302,Makwana Ukabhai Amrabhai,IND,15162,186,0.107857349956509,16,29,62,GJ,Makwana Ukabhai Amrabhai,IND,,,,,False,29,2017,AE
1297303,Jam Suleman Hasanbhai,IND,15162,165,0.0956799072194839,17,29,62,GJ,Jam Suleman Hasanbhai,IND,,,,,True,29,2017,AE
1297304,Makwana Jagjivanbhai Ramjibhai,REALDP,15184,156,0.0904610031893302,18,29,62,GJ,Makwana Jagjivanbhai Ramjibhai,REALDP,,,,,False,29,2017,AE
1297305,Bakulbhai Mohanbhai Vora,LSPS,15228,131,0.0759640475500144,19,29,62,GJ,Bakulbhai Mohanbhai Vora,LSPS,,,,,False,29,2017,AE
1297407,Makwana Rutvikbhai Lavjibhai,INC,15160,79960,52.3483430007987,1,29,63,GJ,Makwana Rutvikbhai Lavjibhai,INC,,,,,False,29,2017,AE
1297408,Dervaliya Zinabhai Najabhai,BJP,15159,56073,36.7099629450198,2,29,63,GJ,Dervaliya Zinabhai Najabhai,BJP,,,,,False,29,2017,AE
1297409,Dethaliya Vershibhai Nanjibhai,IND,15162,3792,2.48255273460516,3,29,63,GJ,Dethaliya Vershibhai Nanjibhai,IND,,,,,False,29,2017,AE
1297410,Khorani Ajitbhai Devabhai,BSP,15163,2668,1.74669058436882,4,29,63,GJ,Khorani Ajitbhai Devabhai,BSP,,,,,False,29,2017,AE
1297411,Nota,NOTA,15161,2581,1.68973328270462,5,29,63,GJ,Nota,NOTA,,,,,False,29,2017,AE
1297412,Bharatbhai Vithalbhai Rangpara,IND,15162,1627,1.06516700928338,6,29,63,GJ,Bharatbhai Vithalbhai Rangpara,IND,,,,,False,29,2017,AE
1297413,Malakiya Ashvinbhai Ranchhodbhai,VPP,15183,1569,1.02719547484058,7,29,63,GJ,Malakiya Ashvinbhai Ranchhodbhai,VPP,,,,,False,29,2017,AE
1297414,Mer Jignashaben Rajeshkumar,AINHCP,15190,1521,0.995770756681026,8,29,63,GJ,Mer Jignashaben Rajeshkumar,AINHCP,,,,,False,29,2017,AE
1297415,Dhadhal Jayrajbhai Lakhubhai,IND,15162,1160,0.759430688856009,9,29,63,GJ,Dhadhal Jayrajbhai Lakhubhai,IND,,,,,False,29,2017,AE
1297416,Vanani Kiritkumar Dhanjibhai,ISP,15231,616,0.403283883047673,10,29,63,GJ,Vanani Kiritkumar Dhanjibhai,ISP,,,,,False,29,2017,AE
1297417,Dabhi Narsinhbhai Somabhai,IND,15162,507,0.331923585560342,11,29,63,GJ,Dabhi Narsinhbhai Somabhai,IND,,,,,False,29,2017,AE
1297418,Otradi Gordhanbhai Chhanabhai,IND,15162,340,0.222591753630209,12,29,63,GJ,Otradi Gordhanbhai Chhanabhai,IND,,,,,False,29,2017,AE
1297419,Khorani Vinubhai Laljibhai,IND,15162,332,0.217354300603616,13,29,63,GJ,Khorani Vinubhai Laljibhai,IND,,,,,False,29,2017,AE
1297532,Parsotam Ukabhai Sabariya,INC,15160,97135,50.1779616801235,1,29,64,GJ,Parsotam Ukabhai Sabariya,INC,,,,,False,29,2017,AE
1297533,Sonagra Jerambhai Dhanjibhai,BJP,15159,83219,42.9892396464529,2,29,64,GJ,Sonagra Jerambhai Dhanjibhai,BJP,,,,,False,29,2017,AE
1297534,Nota,NOTA,15161,4468,2.30807775556485,3,29,64,GJ,Nota,NOTA,,,,,False,29,2017,AE
1297535,Mobatkhan Alamkhan Malek,BSP,15163,2060,1.06415402338039,4,29,64,GJ,Mobatkhan Alamkhan Malek,BSP,,,,,False,29,2017,AE
1297536,Bhatti Aslam Gafarbhai,IND,15162,1874,0.968070213502358,5,29,64,GJ,Bhatti Aslam Gafarbhai,IND,,,,,False,29,2017,AE
1297537,Makvana Shantilal Pamabhai,IND,15162,1091,0.563588368693208,6,29,64,GJ,Makvana Shantilal Pamabhai,IND,,,,,False,29,2017,AE
1297538,Kaila Jaykumar Mahendrabhai,AINHCP,15190,1055,0.544991502265201,7,29,64,GJ,Kaila Jaykumar Mahendrabhai,AINHCP,,,,,False,29,2017,AE
1297539,Dhanjibhai Laxmanbhai Chandura,BMUP,15169,702,0.362638895346134,8,29,64,GJ,Dhanjibhai Laxmanbhai Chandura,BMUP,,,,,False,29,2017,AE
1297540,Bobada Nazirhusen Gulabbhai,IND,15162,532,0.274820359436101,9,29,64,GJ,Bobada Nazirhusen Gulabbhai,IND,,,,,False,29,2017,AE
1297541,Dadhaniya Kamlesh Muljibhai,AAAP,15172,512,0.264488766976097,10,29,64,GJ,Dadhaniya Kamlesh Muljibhai,AAAP,,,,,False,29,2017,AE
1297542,Kantilal Danjibhai Chhansiya,IND,15162,499,0.257773231877095,11,29,64,GJ,Kantilal Danjibhai Chhansiya,IND,,,,,False,29,2017,AE
1297543,Gohil Yashpalsinh Batuksinh,IND,15162,434,0.224195556382082,12,29,64,GJ,Gohil Yashpalsinh Batuksinh,IND,,,,,False,29,2017,AE
1297616,Brijesh Merja,INC,15160,89396,48.7222110191245,1,29,65,GJ,Brijesh Merja,INC,,,,,True,29,2017,AE
1297617,Amrutiya Kantilal Shivlal,BJP,15159,85977,46.8588028188204,2,29,65,GJ,Amrutiya Kantilal Shivlal,BJP,,,,,True,29,2017,AE
1297618,Nota,NOTA,15161,3069,1.67265275423613,3,29,65,GJ,Nota,NOTA,,,,,False,29,2017,AE
1297619,Sukhabhai Dayabhai Kumbharavadiya,IND,15162,1387,0.755936581989415,4,29,65,GJ,Sukhabhai Dayabhai Kumbharavadiya,IND,,,,,False,29,2017,AE
1297620,Gadhiya Dharmendrabhai Shivlal,AINHCP,15190,1236,0.673639232400085,5,29,65,GJ,Gadhiya Dharmendrabhai Shivlal,AINHCP,,,,,False,29,2017,AE
1297621,Gogara Dipakbhai Gandubhai,SHS,15186,768,0.418571950229179,6,29,65,GJ,Gogara Dipakbhai Gandubhai,SHS,,,,,False,29,2017,AE
1297622,Mirani Vivek Jayantilal (Babalu),IND,15162,690,0.376060736534028,7,29,65,GJ,Mirani Vivek Jayantilal (Babalu),IND,,,,,False,29,2017,AE
1297623,Arajanbhai Palabhai Rathod,IND,15162,538,0.293218371384503,8,29,65,GJ,Arajanbhai Palabhai Rathod,IND,,,,,False,29,2017,AE
1297624,Arvindbhai Laljibhai Kavar,IND,15162,420,0.228906535281582,9,29,65,GJ,Arvindbhai Laljibhai Kavar,IND,,,,,False,29,2017,AE
1297708,Kagathara Lalitbhai,INC,15160,94090,56.2867158804034,1,29,66,GJ,Kagathara Lalitbhai,INC,,,,,False,29,2017,AE
1297709,Raghavajibhai Jivarajbhai Gadara,BJP,15159,64320,38.4776444407221,2,29,66,GJ,Raghavajibhai Jivarajbhai Gadara,BJP,,,,,False,29,2017,AE
1297710,Nota,NOTA,15161,2885,1.72587071224321,3,29,66,GJ,Nota,NOTA,,,,,False,29,2017,AE
1297711,Shekhva Veljibhai Nathubhai,BSP,15163,1971,1.17909572749787,4,29,66,GJ,Shekhva Veljibhai Nathubhai,BSP,,,,,False,29,2017,AE
1297712,Sadatiya Amrutlal Devshibhai,IND,15162,1093,0.653856737775331,5,29,66,GJ,Sadatiya Amrutlal Devshibhai,IND,,,,,False,29,2017,AE
1297713,Satubha Amarsang Jadeja,IND,15162,662,0.396023019585791,6,29,66,GJ,Satubha Amarsang Jadeja,IND,,,,,False,29,2017,AE
1297714,Khodabhai Jagabhai Panchiya,IND,15162,546,0.326629257845682,7,29,66,GJ,Khodabhai Jagabhai Panchiya,IND,,,,,False,29,2017,AE
1297715,Aatresha Rameshbhai Shivabhai,IND,15162,408,0.244074610258312,8,29,66,GJ,Aatresha Rameshbhai Shivabhai,IND,,,,,False,29,2017,AE
1297716,Paramar Nirmlaben Kamleshbhai,RPI,15292,386,0.23091372441105,9,29,66,GJ,Paramar Nirmlaben Kamleshbhai,RPI,,,,,False,29,2017,AE
1297718,Bavarva Narendra Chunilal,AINHCP,15190,276,0.17,10,29,66,GJ,Bavarva Narendra Chunilal,AINHCP,,,,,False,29,2017,AE
1297717,Amrutiya Harsukhbhai Ratnabhai,IND,15162,276,0.17,10,29,66,GJ,Amrutiya Harsukhbhai Ratnabhai,IND,,,,,False,29,2017,AE
1297719,Vanol Kesharben Valjibhai,BBC,15293,249,0.148957298907646,12,29,66,GJ,Vanol Kesharben Valjibhai,BBC,,,,,False,29,2017,AE
1297806,Pirzada Mahamadjavid Abdulmutalib,INC,15160,72588,39.6166482922729,1,29,67,GJ,Pirzada Mahamadjavid Abdulmutalib,INC,,,,,True,29,2017,AE
1297807,Jitendra Kantilal Somani (Jitu Somani),BJP,15159,71227,38.8738497811445,2,29,67,GJ,Jitendra Kantilal Somani (Jitu Somani),BJP,,,,,False,29,2017,AE
1297808,Gordhanbhai Polabhai Saravaiya,IND,15162,25547,13.9428902011723,3,29,67,GJ,Gordhanbhai Polabhai Saravaiya,IND,,,,,False,29,2017,AE
1297809,Bloch Mustakbhai Gulmahmadbhai,BSP,15163,3271,1.78522698743628,4,29,67,GJ,Bloch Mustakbhai Gulmahmadbhai,BSP,,,,,False,29,2017,AE
1297810,Nota,NOTA,15161,3170,1.73010380622837,5,29,67,GJ,Nota,NOTA,,,,,False,29,2017,AE
1297811,Sherasiya Usmangani Hushen,AAAP,15172,2808,1.53253359239409,6,29,67,GJ,Sherasiya Usmangani Hushen,AAAP,,,,,False,29,2017,AE
1297812,Zapadiya Jagabhai Visabhai,NCP,15192,1026,0.559964197220918,7,29,67,GJ,Zapadiya Jagabhai Visabhai,NCP,,,,,False,29,2017,AE
1297813,Sherasiya Hushenbhai Jalalbhai,AINHCP,15190,753,0.410967875738159,8,29,67,GJ,Sherasiya Hushenbhai Jalalbhai,AINHCP,,,,,False,29,2017,AE
1297814,Mahebub Jamalbhai Piparvadiya,IND,15162,734,0.400598168382216,9,29,67,GJ,Mahebub Jamalbhai Piparvadiya,IND,,,,,False,29,2017,AE
1297815,Valjibhai Raghavbhai Chauhan,IND,15162,697,0.380404527741696,10,29,67,GJ,Valjibhai Raghavbhai Chauhan,IND,,,,,False,29,2017,AE
1297816,Jitendrabhai Parsotambhai Mandani,IND,15162,469,0.25596803947038,11,29,67,GJ,Jitendrabhai Parsotambhai Mandani,IND,,,,,False,29,2017,AE
1297817,Balavant Govindbhai Sindhav,IND,15162,417,0.227587787759379,12,29,67,GJ,Balavant Govindbhai Sindhav,IND,,,,,False,29,2017,AE
1297818,Naranbhai Manjibhai Ajadiya,IND,15162,285,0.155545610339144,13,29,67,GJ,Naranbhai Manjibhai Ajadiya,IND,,,,,False,29,2017,AE
1297819,Mamadbhai Miraji Mathakiya,JD(U),15182,234,0.127711132699507,14,29,67,GJ,Mamadbhai Miraji Mathakiya,JD(U),,,,,False,29,2017,AE
1297900,Arvind Raiyani,BJP,15159,93087,53.2324196970303,1,29,68,GJ,Arvind Raiyani,BJP,,,,,False,29,2017,AE
1297901,Mitul Donga,INC,15160,70305,40.2043815656291,2,29,68,GJ,Mitul Donga,INC,,,,,False,29,2017,AE
1297902,Nota,NOTA,15161,3587,2.05124979270196,3,29,68,GJ,Nota,NOTA,,,,,False,29,2017,AE
1297903,Gohel Madhubhai Arjanbhai,BSP,15163,2236,1.27867146263774,4,29,68,GJ,Gohel Madhubhai Arjanbhai,BSP,,,,,False,29,2017,AE
1297904,Ajit Ghusabhai Lokhil,AAAP,15172,1927,1.10196775872224,5,29,68,GJ,Ajit Ghusabhai Lokhil,AAAP,,,,,False,29,2017,AE
1297905,Ranpariya Jerambhai Harjibhai,IND,15162,827,0.472925447048933,6,29,68,GJ,Ranpariya Jerambhai Harjibhai,IND,,,,,False,29,2017,AE
1297906,Vaghela Ramdevsinh Bhurubha,IND,15162,618,0.353407407831004,7,29,68,GJ,Vaghela Ramdevsinh Bhurubha,IND,,,,,False,29,2017,AE
1297907,Karnabhai Maldhari,BTP,15232,574,0.328245715364072,8,29,68,GJ,Karnabhai Maldhari,BTP,,,,,False,29,2017,AE
1297908,Rauma Mohsinbhai Aadambhai,IND,15162,529,0.302512166250164,9,29,68,GJ,Rauma Mohsinbhai Aadambhai,IND,,,,,False,29,2017,AE
1297909,Dholakiya Jiteshbhai Nanjibhai,VPP,15183,431,0.246470214846542,10,29,68,GJ,Dholakiya Jiteshbhai Nanjibhai,VPP,,,,,False,29,2017,AE
1297910,Mukeshbhai Keshvjeebhai Ramanee,IND,15162,304,0.173844420680623,11,29,68,GJ,Mukeshbhai Keshvjeebhai Ramanee,IND,,,,,False,29,2017,AE
1297911,Parmar Rekhaben Bharatbhai,IND,15162,231,0.132098885451395,12,29,68,GJ,Parmar Rekhaben Bharatbhai,IND,,,,,False,29,2017,AE
1297912,Bhaveshbhai Ramnikbhai Bhalara,IND,15162,213,0.121805465805831,13,29,68,GJ,Bhaveshbhai Ramnikbhai Bhalara,IND,,,,,False,29,2017,AE
1298004,Vijay Rupani,BJP,15159,131586,60.6714219187303,1,29,69,GJ,Vijay Rupani,BJP,,,,,False,29,2017,AE
1298005,Indranil Rajguru,INC,15160,77831,35.8861690404503,2,29,69,GJ,Indranil Rajguru,INC,,,,,False,29,2017,AE
1298006,Nota,NOTA,15161,3309,1.52570740906387,3,29,69,GJ,Nota,NOTA,,,,,False,29,2017,AE
1298007,Parmar Vijaybhai Somabhai,BSP,15163,1198,0.552371555170299,4,29,69,GJ,Parmar Vijaybhai Somabhai,BSP,,,,,False,29,2017,AE
1298008,Ketan Mansukhbhai Chandarana,SHS,15186,578,0.266503137636421,5,29,69,GJ,Ketan Mansukhbhai Chandarana,SHS,,,,,False,29,2017,AE
1298009,Rajendrakumar Shamjibhai Chauhan,IND,15162,509,0.234688749233457,6,29,69,GJ,Rajendrakumar Shamjibhai Chauhan,IND,,,,,False,29,2017,AE
1298010,Haribhai Parmar,IND,15162,437,0.201491126552104,7,29,69,GJ,Haribhai Parmar,IND,,,,,False,29,2017,AE
1298011,Mashru Vallabhbhai Vijaykumar,IND,15162,288,0.132790490725414,8,29,69,GJ,Mashru Vallabhbhai Vijaykumar,IND,,,,,False,29,2017,AE
1298012,Maheshbhai Keshubhai Bhut,GJCP,15203,242,0.111580898456771,9,29,69,GJ,Maheshbhai Keshubhai Bhut,GJCP,,,,,False,29,2017,AE
1298013,Bina Dipakbhai Ladani,IND,15162,210,0.0968263994872811,10,29,69,GJ,Bina Dipakbhai Ladani,IND,,,,,False,29,2017,AE
1298014,Jadeja Siddhrajsinh Sanjaysinh,IND,15162,189,0.087143759538553,11,29,69,GJ,Jadeja Siddhrajsinh Sanjaysinh,IND,,,,,False,29,2017,AE
1298015,Naran M. Vakatar,IND,15162,119,0.0548682930427926,12,29,69,GJ,Naran M. Vakatar,IND,,,,,False,29,2017,AE
1298016,Dhanrajsinh H Chauhan,IND,15162,116,0.0534850587644029,13,29,69,GJ,Dhanrajsinh H Chauhan,IND,,,,,False,29,2017,AE
1298017,Chimanlal Kurjibhai Bhuva,IND,15162,96,0.0442634969084713,14,29,69,GJ,Chimanlal Kurjibhai Bhuva,IND,,,,,False,29,2017,AE
1298018,Virani Bharatbhai Nagajibhai,RMNMP,15267,89,0.0410359502588953,15,29,69,GJ,Virani Bharatbhai Nagajibhai,RMNMP,,,,,False,29,2017,AE
1298019,Upaddhyay Dharmesh Hasmukhrai,IND,15162,86,0.0396527159805056,16,29,69,GJ,Upaddhyay Dharmesh Hasmukhrai,IND,,,,,False,29,2017,AE
1298098,Govindbhai Patel,BJP,15159,98951,63.1822593415574,1,29,70,GJ,Govindbhai Patel,BJP,,,,,False,29,2017,AE
1298099,Dr. Dinesh Chovatiya,INC,15160,51830,33.0945266007713,2,29,70,GJ,Dr. Dinesh Chovatiya,INC,,,,,False,29,2017,AE
1298100,Nota,NOTA,15161,2251,1.43731004009909,3,29,70,GJ,Nota,NOTA,,,,,False,29,2017,AE
1298101,Anju Padaliya,BSP,15163,1528,0.975659591857584,4,29,70,GJ,Anju Padaliya,BSP,,,,,False,29,2017,AE
1298102,Desai Vinodbhai Nanjibhai,NCP,15192,517,0.330115189129824,5,29,70,GJ,Desai Vinodbhai Nanjibhai,NCP,,,,,False,29,2017,AE
1298103,Vinodbhai Nanalal Makvana,IND,15162,389,0.248384542691492,6,29,70,GJ,Vinodbhai Nanalal Makvana,IND,,,,,False,29,2017,AE
1298104,Girishbhai Vallabhabhai Maraviya (Patel),AAAP,15172,284,0.181339871785048,7,29,70,GJ,Girishbhai Vallabhabhai Maraviya (Patel),AAAP,,,,,False,29,2017,AE
1298105,Jaspalsinh Mahavirsinh Tomar,IND,15162,283,0.180701351109748,8,29,70,GJ,Jaspalsinh Mahavirsinh Tomar,IND,,,,,False,29,2017,AE
1298106,Nishantbhai Patel,SHS,15186,230,0.146859755318877,9,29,70,GJ,Nishantbhai Patel,SHS,,,,,False,29,2017,AE
1298107,Kubavat Atulbhai Kanubhai,IND,15162,186,0.1187648456057,10,29,70,GJ,Kubavat Atulbhai Kanubhai,IND,,,,,False,29,2017,AE
1298108,Aziz Iqbalbhai Virani,IND,15162,163,0.104078870073812,11,29,70,GJ,Aziz Iqbalbhai Virani,IND,,,,,False,29,2017,AE
1298193,Lakhabhai Sagathiya,BJP,15159,92114,47.678300612322,1,29,71,GJ,Lakhabhai Sagathiya,BJP,,,,,False,29,2017,AE
1298194,Vashrambhai Alabhai Sagathiya,INC,15160,89935,46.5504479836852,2,29,71,GJ,Vashrambhai Alabhai Sagathiya,INC,,,,,False,29,2017,AE
1298195,Kiranbhai Dhanjibhai Makwana,BSP,15163,3323,1.71998819869668,3,29,71,GJ,Kiranbhai Dhanjibhai Makwana,BSP,,,,,False,29,2017,AE
1298196,Nota,NOTA,15161,2559,1.32454101729305,4,29,71,GJ,Nota,NOTA,,,,,False,29,2017,AE
1298197,Sagathiya Jayesh Dineshbhai,IND,15162,922,0.47722814300281,5,29,71,GJ,Sagathiya Jayesh Dineshbhai,IND,,,,,False,29,2017,AE
1298198,Harshad Raghubhai Makwana,NCP,15192,880,0.455488900046066,6,29,71,GJ,Harshad Raghubhai Makwana,NCP,,,,,False,29,2017,AE
1298199,Satishbhai Muljibhai Sagathiya,IND,15162,820,0.424432838679289,7,29,71,GJ,Satishbhai Muljibhai Sagathiya,IND,,,,,False,29,2017,AE
1298200,Makwana Kaushikbhai Mulajibhai,IND,15162,593,0.306937406508315,8,29,71,GJ,Makwana Kaushikbhai Mulajibhai,IND,,,,,False,29,2017,AE
1298201,Dr. Degda Jayeshbhai Somabhai,IND,15162,369,0.19099477740568,9,29,71,GJ,Dr. Degda Jayeshbhai Somabhai,IND,,,,,False,29,2017,AE
1298202,Dangar Rameshbhai Laljibhai,IND,15162,363,0.187889171269002,10,29,71,GJ,Dangar Rameshbhai Laljibhai,IND,,,,,False,29,2017,AE
1298203,Punjabhai Arjanbhai Solanki,IND,15162,360,0.186336368200663,11,29,71,GJ,Punjabhai Arjanbhai Solanki,IND,,,,,False,29,2017,AE
1298204,Dengada Pravinbhai Meghjibhai,IND,15162,281,0.145445887401073,12,29,71,GJ,Dengada Pravinbhai Meghjibhai,IND,,,,,False,29,2017,AE
1298205,Dineshbhai Babubhai Parmar,IND,15162,253,0.130953058763244,13,29,71,GJ,Dineshbhai Babubhai Parmar,IND,,,,,False,29,2017,AE
1298206,Harshadbhai Nathabhai Dhammar,SVPP,15200,227,0.117495432170973,14,29,71,GJ,Harshadbhai Nathabhai Dhammar,SVPP,,,,,False,29,2017,AE
1298207,Kishanbhai Khimjibhai Parmar,IND,15162,200,0.103520204555924,15,29,71,GJ,Kishanbhai Khimjibhai Parmar,IND,,,,,False,29,2017,AE
1298295,Bavaliya Kunvarjibhai Mohanbhai,INC,15160,84321,49.8967400630802,1,29,72,GJ,Bavaliya Kunvarjibhai Mohanbhai,INC,,,,,False,29,2017,AE
1298296,Dr.Bharat Khodabhai Boghara,BJP,15159,75044,44.4070986028841,2,29,72,GJ,Dr.Bharat Khodabhai Boghara,BJP,,,,,False,29,2017,AE
1298297,Nota,NOTA,15161,2504,1.48173571373623,3,29,72,GJ,Nota,NOTA,,,,,False,29,2017,AE
1298298,Rajpara Maganbhai Jadavbhai,IND,15162,1492,0.882887254350823,4,29,72,GJ,Rajpara Maganbhai Jadavbhai,IND,,,,,False,29,2017,AE
1298299,Rathod Virdasbhai Nanjibhai,BSP,15163,944,0.558609630098644,5,29,72,GJ,Rathod Virdasbhai Nanjibhai,BSP,,,,,False,29,2017,AE
1298300,Rajpara Manubhai Savsibhai,AINHCP,15190,841,0.497659638678982,6,29,72,GJ,Rajpara Manubhai Savsibhai,AINHCP,,,,,False,29,2017,AE
1298301,Parmar Vallabhbhai Mithabhai,GJCP,15203,683,0.404163535336201,7,29,72,GJ,Parmar Vallabhbhai Mithabhai,GJCP,,,,,False,29,2017,AE
1298302,Motibhai Gokalbhai Rajpara,IND,15162,615,0.363924706049434,8,29,72,GJ,Motibhai Gokalbhai Rajpara,IND,,,,,False,29,2017,AE
1298303,Mankoliya Bharatbhai Jesabhai,IND,15162,406,0.240249480741577,9,29,72,GJ,Mankoliya Bharatbhai Jesabhai,IND,,,,,False,29,2017,AE
1298304,Sariya Harjibhai Punabhai,VPP,15183,368,0.217763076140149,10,29,72,GJ,Sariya Harjibhai Punabhai,VPP,,,,,False,29,2017,AE
1298305,Shakoriya Hasmukhbhai Naranbhai,SHS,15186,360,0.213029096224059,11,29,72,GJ,Shakoriya Hasmukhbhai Naranbhai,SHS,,,,,False,29,2017,AE
1298306,Dineshbhai Khimjibhai Rathod,IND,15162,338,0.200010651454811,12,29,72,GJ,Dineshbhai Khimjibhai Rathod,IND,,,,,False,29,2017,AE
1298307,Kanubhai Alabhai Rathod,IND,15162,312,0.184625216727518,13,29,72,GJ,Kanubhai Alabhai Rathod,IND,,,,,False,29,2017,AE
1298308,Pareshbhai Kurajibhai Rojasara,IND,15162,274,0.162138812126089,14,29,72,GJ,Pareshbhai Kurajibhai Rojasara,IND,,,,,False,29,2017,AE
1298309,Goradhanbhai Amarashibhai Taviya,IND,15162,256,0.151487357314886,15,29,72,GJ,Goradhanbhai Amarashibhai Taviya,IND,,,,,False,29,2017,AE
1298310,Taviya Ranchhodbhai Dharamshibhai,IND,15162,233,0.137877165056127,16,29,72,GJ,Taviya Ranchhodbhai Dharamshibhai,IND,,,,,False,29,2017,AE
1298375,Jadeja Geetaba Jayrajsinh,BJP,15159,70506,50.4064343163538,1,29,73,GJ,Jadeja Geetaba Jayrajsinh,BJP,,,,,False,29,2017,AE
1298376,Khatariya Arjunbhai Ghanshyambhai,INC,15160,55109,39.3987488829311,2,29,73,GJ,Khatariya Arjunbhai Ghanshyambhai,INC,,,,,False,29,2017,AE
1298377,Jadeja Omdevsinh Prabhatsinh,NCP,15192,6004,4.29240393208221,3,29,73,GJ,Jadeja Omdevsinh Prabhatsinh,NCP,,,,,False,29,2017,AE
1298378,Nota,NOTA,15161,2595,1.85522788203753,4,29,73,GJ,Nota,NOTA,,,,,False,29,2017,AE
1298379,Khunt Nimishaben Dhirajlal,AAAP,15172,2179,1.55781948168007,5,29,73,GJ,Khunt Nimishaben Dhirajlal,AAAP,,,,,False,29,2017,AE
1298380,Sakhiya Rajeshbhai Laljibhai,BSP,15163,1210,0.865058087578194,6,29,73,GJ,Sakhiya Rajeshbhai Laljibhai,BSP,,,,,False,29,2017,AE
1298381,Lavadiya Ugabhai Ghusabhai,IND,15162,791,0.56550491510277,7,29,73,GJ,Lavadiya Ugabhai Ghusabhai,IND,,,,,False,29,2017,AE
1298382,Vardhani Mukeshbhai Dholumal,IND,15162,481,0.343878462913315,8,29,73,GJ,Vardhani Mukeshbhai Dholumal,IND,,,,,False,29,2017,AE
1298383,Radadiya Chiragbhai Chandubhai,IND,15162,284,0.203038427167113,9,29,73,GJ,Radadiya Chiragbhai Chandubhai,IND,,,,,False,29,2017,AE
1298384,Chandubhai Bachubhai Vaghasiya,BNJD,15175,208,0.148704200178731,10,29,73,GJ,Chandubhai Bachubhai Vaghasiya,BNJD,,,,,False,29,2017,AE
1298385,Khatariya Dharmeshbhai Bhupatbhai,IND,15162,181,0.129401251117068,11,29,73,GJ,Khatariya Dharmeshbhai Bhupatbhai,IND,,,,,False,29,2017,AE
1298386,Jayeshkumar Ghoghabhai Vadodariya,AINHCP,15190,172,0.122966934763181,12,29,73,GJ,Jayeshkumar Ghoghabhai Vadodariya,AINHCP,,,,,False,29,2017,AE
1298387,Pandya Rushikeshbhai Mansukhbhai,BRP,15220,155,0.110813226094727,13,29,73,GJ,Pandya Rushikeshbhai Mansukhbhai,BRP,,,,,False,29,2017,AE
1298469,Radadiya Jayeshbhai Vitthalbhai,BJP,15159,98948,55.0549169291031,1,29,74,GJ,Radadiya Jayeshbhai Vitthalbhai,BJP,,,,,False,29,2017,AE
1298470,Ambaliya Ravibhai Jamanadas,INC,15160,73367,40.8215839667048,2,29,74,GJ,Ambaliya Ravibhai Jamanadas,INC,,,,,False,29,2017,AE
1298471,Nota,NOTA,15161,3136,1.74487831476803,3,29,74,GJ,Nota,NOTA,,,,,False,29,2017,AE
1298472,Chavda Dineshkumar Menandbhai,BSP,15163,1065,0.592568687891568,4,29,74,GJ,Chavda Dineshkumar Menandbhai,BSP,,,,,False,29,2017,AE
1298473,Alpesh Vallabhbhai Vadoliya,IND,15162,705,0.392263779308502,5,29,74,GJ,Alpesh Vallabhbhai Vadoliya,IND,,,,,False,29,2017,AE
1298474,Sondarva Ashok Nanji,IND,15162,630,0.350533590020364,6,29,74,GJ,Sondarva Ashok Nanji,IND,,,,,False,29,2017,AE
1298475,Radadiya Vimal Vrajlal,IND,15162,608,0.338292734495843,7,29,74,GJ,Radadiya Vimal Vrajlal,IND,,,,,False,29,2017,AE
1298476,Patel Mayur Chandulal,NCP,15192,600,0.333841514305108,8,29,74,GJ,Patel Mayur Chandulal,NCP,,,,,False,29,2017,AE
1298477,Radadiya Mahesh Mansukhlal,IND,15162,347,0.193071675773121,9,29,74,GJ,Radadiya Mahesh Mansukhlal,IND,,,,,False,29,2017,AE
1298478,Savaliya Vijaybhai Jagdishbhai,IND,15162,320,0.178048807629391,10,29,74,GJ,Savaliya Vijaybhai Jagdishbhai,IND,,,,,False,29,2017,AE
1298557,Lalit Vasoya,INC,15160,85070,53.7679263290291,1,29,75,GJ,Lalit Vasoya,INC,,,,,False,29,2017,AE
1298558,Patel Haribhai,BJP,15159,59985,37.9131193234608,2,29,75,GJ,Patel Haribhai,BJP,,,,,False,29,2017,AE
1298559,Chudasama Harpalsinh Ranjitsinh,AINHCP,15190,2199,1.38986328902709,3,29,75,GJ,Chudasama Harpalsinh Ranjitsinh,AINHCP,,,,,False,29,2017,AE
1298560,Sondarava Ashok Nanji,IND,15162,2026,1.28051979243696,4,29,75,GJ,Sondarava Ashok Nanji,IND,,,,,False,29,2017,AE
1298561,Bhasker Manharlal Karsanji,BSP,15163,1926,1.21731545914787,5,29,75,GJ,Bhasker Manharlal Karsanji,BSP,,,,,False,29,2017,AE
1298562,Parmar Sahid Abdulbhai (Hedli),IND,15162,1224,0.773621039458465,6,29,75,GJ,Parmar Sahid Abdulbhai (Hedli),IND,,,,,False,29,2017,AE
1298563,Nota,NOTA,15161,1204,0.760980172800647,7,29,75,GJ,Nota,NOTA,,,,,False,29,2017,AE
1298564,Sondarva Vashrambhai Bachubhai,IND,15162,1183,0.747707262809938,8,29,75,GJ,Sondarva Vashrambhai Bachubhai,IND,,,,,False,29,2017,AE
1298565,Der Jethabhai Fogalbhai,SP,15176,894,0.565046739604467,9,29,75,GJ,Der Jethabhai Fogalbhai,SP,,,,,False,29,2017,AE
1298566,Sama Aminbhai Ishakbhai,IND,15162,536,0.338775226429524,10,29,75,GJ,Sama Aminbhai Ishakbhai,IND,,,,,True,29,2017,AE
1298567,Chavda Pareshkumar Girdharlal,IND,15162,394,0.249025073159015,11,29,75,GJ,Chavda Pareshkumar Girdharlal,IND,,,,,False,29,2017,AE
1298568,Kirtikumar Bavanjibhai Marvaniya,IND,15162,349,0.220583123178925,12,29,75,GJ,Kirtikumar Bavanjibhai Marvaniya,IND,,,,,False,29,2017,AE
1298569,Hardikkumar Harshadbhai Vachhani,AAAP,15172,339,0.214262689850016,13,29,75,GJ,Hardikkumar Harshadbhai Vachhani,AAAP,,,,,False,29,2017,AE
1298570,Monaben Dushyantkumar Baldaniya,GJCP,15203,269,0.170019656547652,14,29,75,GJ,Monaben Dushyantkumar Baldaniya,GJCP,,,,,False,29,2017,AE
1298571,Sutariya Manishaben Nileshbhai,JD(U),15182,170,0.107447366591453,15,29,75,GJ,Sutariya Manishaben Nileshbhai,JD(U),,,,,False,29,2017,AE
1298572,Vaghamshi Vipulbhai Hasmukhbhai,SVPP,15200,168,0.106183279925671,16,29,75,GJ,Vaghamshi Vipulbhai Hasmukhbhai,SVPP,,,,,False,29,2017,AE
1298573,Vakil Vinzuda Ranjit Naranbhai,NBNM,15207,155,0.0979667165980899,17,29,75,GJ,Vakil Vinzuda Ranjit Naranbhai,NBNM,,,,,False,29,2017,AE
1298574,Dharar Jahirbhai Javidbhai,RaJPa,15216,126,0.0796374599442537,18,29,75,GJ,Dharar Jahirbhai Javidbhai,RaJPa,,,,,False,29,2017,AE
1298680,Musadiya Pravinbhai Narashibhai,INC,15160,78085,59.4475869997183,1,29,76,GJ,Musadiya Pravinbhai Narashibhai,INC,,,,,False,29,2017,AE
1298681,Ghaiyada Muljibhai Dayabhai,BJP,15159,45134,34.3613676332879,2,29,76,GJ,Ghaiyada Muljibhai Dayabhai,BJP,,,,,False,29,2017,AE
1298682,Nota,NOTA,15161,2736,2.08296853468949,3,29,76,GJ,Nota,NOTA,,,,,False,29,2017,AE
1298683,Sondarva Damjibhai Najabhai,BSP,15163,2185,1.66348181589786,4,29,76,GJ,Sondarva Damjibhai Najabhai,BSP,,,,,False,29,2017,AE
1298684,Singal Mavjibhai Manjibhai,IND,15162,1408,1.07193702369985,5,29,76,GJ,Singal Mavjibhai Manjibhai,IND,,,,,False,29,2017,AE
1298685,Vaghela Gautambhai Mangabhai,IND,15162,445,0.338786914450594,6,29,76,GJ,Vaghela Gautambhai Mangabhai,IND,,,,,False,29,2017,AE
1298686,Makwana Ashokbhai (Kali) Pinakinbhai,AINHCP,15190,408,0.310618114822117,7,29,76,GJ,Makwana Ashokbhai (Kali) Pinakinbhai,AINHCP,,,,,False,29,2017,AE
1298687,Khara Devjibhai Alabhai,IND,15162,334,0.254280515565165,8,29,76,GJ,Khara Devjibhai Alabhai,IND,,,,,False,29,2017,AE
1298688,Padhiyar Laljibhai Karabhai,RPI,15292,332,0.252757877747409,9,29,76,GJ,Padhiyar Laljibhai Karabhai,RPI,,,,,False,29,2017,AE
1298689,Dipakbhai Nathabhai Vaghela,IND,15162,284,0.216214570121278,10,29,76,GJ,Dipakbhai Nathabhai Vaghela,IND,,,,,False,29,2017,AE
1298805,Dharaviya Vallabhbhai Veljibhai,INC,15160,70750,47.7859728751283,1,29,77,GJ,Dharaviya Vallabhbhai Veljibhai,INC,,,,,False,29,2017,AE
1298806,Patel Raghavjibhai Hansarajbhai,BJP,15159,64353,43.4653104230831,2,29,77,GJ,Patel Raghavjibhai Hansarajbhai,BJP,,,,,False,29,2017,AE
1298807,Gori Ali Mamadbhai,IND,15162,2423,1.63654292970227,3,29,77,GJ,Gori Ali Mamadbhai,IND,,,,,False,29,2017,AE
1298808,Nota,NOTA,15161,1523,1.02866482952396,4,29,77,GJ,Nota,NOTA,,,,,False,29,2017,AE
1298809,Gandha Ismailbhai Jumabhai,IND,15162,1488,1.00502512562814,5,29,77,GJ,Gandha Ismailbhai Jumabhai,IND,,,,,False,29,2017,AE
1298810,Khol Rajakbhai Alibhai,IND,15162,817,0.551818230939644,6,29,77,GJ,Khol Rajakbhai Alibhai,IND,,,,,False,29,2017,AE
1298811,Chintan Jagjivanbhai Kalavadiya,IND,15162,721,0.486977900253957,7,29,77,GJ,Chintan Jagjivanbhai Kalavadiya,IND,,,,,False,29,2017,AE
1298812,Marakana Jayesh Harjibhai,NCP,15192,681,0.459961095801588,8,29,77,GJ,Marakana Jayesh Harjibhai,NCP,,,,,False,29,2017,AE
1298813,Sumbhaniya Javidbhai Ahemadbhai,IND,15162,639,0.4315934511266,9,29,77,GJ,Sumbhaniya Javidbhai Ahemadbhai,IND,,,,,False,29,2017,AE
1298814,Jadeja Ashoksinh Vajesang,LOGAP,15236,369,0.249230021073107,10,29,77,GJ,Jadeja Ashoksinh Vajesang,LOGAP,,,,,False,29,2017,AE
1298815,Khod Abdulkarimbhai Nurmamadbhai,IND,15162,358,0.241800399848705,11,29,77,GJ,Khod Abdulkarimbhai Nurmamadbhai,IND,,,,,False,29,2017,AE
1298816,Lokhil Manubhai Ranabhai Ahir,IND,15162,332,0.224239476954665,12,29,77,GJ,Lokhil Manubhai Ranabhai Ahir,IND,,,,,False,29,2017,AE
1298817,Pareshkumar Bhanubhai Bhanderi,AAAP,15172,327,0.220862376398119,13,29,77,GJ,Pareshkumar Bhanubhai Bhanderi,AAAP,,,,,False,29,2017,AE
1298818,Khara Devjibhai Alabhai,IND,15162,319,0.215459015507645,14,29,77,GJ,Khara Devjibhai Alabhai,IND,,,,,False,29,2017,AE
1298819,Harania Otamchand Raishi,SHS,15186,287,0.19384557194575,15,29,77,GJ,Harania Otamchand Raishi,SHS,,,,,False,29,2017,AE
1298820,Kadri Abdulkadar Gulam,IND,15162,280,0.189117631166585,16,29,77,GJ,Kadri Abdulkadar Gulam,IND,,,,,False,29,2017,AE
1298821,Khafi Mamadbhai Jumabhai,IND,15162,275,0.185740530610039,17,29,77,GJ,Khafi Mamadbhai Jumabhai,IND,,,,,False,29,2017,AE
1298822,Satavara Dayalbhai Ambabhai (Dharviya),IND,15162,267,0.180337169719565,18,29,77,GJ,Satavara Dayalbhai Ambabhai (Dharviya),IND,,,,,False,29,2017,AE
1298824,Sachda Akhatar Aadam,IND,15162,218,0.15,19,29,77,GJ,Sachda Akhatar Aadam,IND,,,,,False,29,2017,AE
1298823,Bambhava Veja Dana,BSaP,15286,218,0.15,19,29,77,GJ,Bambhava Veja Dana,BSaP,,,,,False,29,2017,AE
1298825,Bhambhi Dipak Jivabhai,IND,15162,213,0.143864483708866,21,29,77,GJ,Bhambhi Dipak Jivabhai,IND,,,,,False,29,2017,AE
1298826,Goswami Vinodgiri Rameshgiri,RKEP,15266,198,0.133733182039228,22,29,77,GJ,Goswami Vinodgiri Rameshgiri,RKEP,,,,,False,29,2017,AE
1298827,L.B.Prajapati,AINHCP,15190,190,0.128329821148754,23,29,77,GJ,L.B.Prajapati,AINHCP,,,,,False,29,2017,AE
1298828,Patara Gani Ismail,IND,15162,187,0.126303560814826,24,29,77,GJ,Patara Gani Ismail,IND,,,,,False,29,2017,AE
1298829,Mandaviya Vitthal Nanjibhai,IND,15162,176,0.118873939590425,25,29,77,GJ,Mandaviya Vitthal Nanjibhai,IND,,,,,False,29,2017,AE
1298830,Kakal Nurmamad Musabhai,IND,15162,173,0.116847679256497,26,29,77,GJ,Kakal Nurmamad Musabhai,IND,,,,,False,29,2017,AE
1298831,Parmar Bhuralal Meghjibhai,IND,15162,164,0.110768898254714,27,29,77,GJ,Parmar Bhuralal Meghjibhai,IND,,,,,True,29,2017,AE
1298832,Malek Abedaben Hushenbhai,IND,15162,110,0.0742962122440157,28,29,77,GJ,Malek Abedaben Hushenbhai,IND,,,,,False,29,2017,AE
1298950,Jadeja Dharmendrasinh Merubha (Hakubha),BJP,15159,84327,58.9476701105876,1,29,78,GJ,Jadeja Dharmendrasinh Merubha (Hakubha),BJP,,,,,False,29,2017,AE
1298951,Ahir Jivanbhai Karubhai Kumbharvadiya,INC,15160,43364,30.313028646525,2,29,78,GJ,Ahir Jivanbhai Karubhai Kumbharvadiya,INC,,,,,False,29,2017,AE
1298952,Gujaratisurya Kamleshbhai Laxmanbhai,IND,15162,4047,2.82900163574594,3,29,78,GJ,Gujaratisurya Kamleshbhai Laxmanbhai,IND,,,,,False,29,2017,AE
1298953,Gotam Alabhai Vaghela,BSP,15163,1957,1.36801487550155,4,29,78,GJ,Gotam Alabhai Vaghela,BSP,,,,,False,29,2017,AE
1298954,Jogal Arjan,IND,15162,1568,1.09608958854698,5,29,78,GJ,Jogal Arjan,IND,,,,,False,29,2017,AE
1298955,Nota,NOTA,15161,1538,1.07511848672529,6,29,78,GJ,Nota,NOTA,,,,,False,29,2017,AE
1298956,Jafarbhai Jusabbhai Dodepautra,NCP,15192,831,0.580899520460805,7,29,78,GJ,Jafarbhai Jusabbhai Dodepautra,NCP,,,,,False,29,2017,AE
1298957,Parmar Jagdishbhai Devsibhai,IND,15162,729,0.509597774267059,8,29,78,GJ,Parmar Jagdishbhai Devsibhai,IND,,,,,False,29,2017,AE
1298958,Parmar Devji,IND,15162,666,0.465558460441511,9,29,78,GJ,Parmar Devji,IND,,,,,False,29,2017,AE
1298959,Chauhan Hamidaben,IND,15162,625,0.436897954618535,10,29,78,GJ,Chauhan Hamidaben,IND,,,,,False,29,2017,AE
1298960,Khafi Arif Jumabhai,IND,15162,437,0.30547904986928,11,29,78,GJ,Khafi Arif Jumabhai,IND,,,,,False,29,2017,AE
1298961,Kureshi Mahamadsidik Hasambhai,IND,15162,354,0.247459001495938,12,29,78,GJ,Kureshi Mahamadsidik Hasambhai,IND,,,,,False,29,2017,AE
1298962,Jadav Dinesh Devsibhai,IND,15162,284,0.198526430578662,13,29,78,GJ,Jadav Dinesh Devsibhai,IND,,,,,False,29,2017,AE
1298963,Chavda Junas Mamad,IND,15162,271,0.189438953122597,14,29,78,GJ,Chavda Junas Mamad,IND,,,,,False,29,2017,AE
1298964,Vaghela Kanji Jethabhai (K. J. Vaghela),IND,15162,258,0.180351475666531,15,29,78,GJ,Vaghela Kanji Jethabhai (K. J. Vaghela),IND,,,,,False,29,2017,AE
1298965,Rayjada Sirajbhai Dostmamadbhai,IND,15162,249,0.174060145120024,16,29,78,GJ,Rayjada Sirajbhai Dostmamadbhai,IND,,,,,False,29,2017,AE
1298966,Ahir Chavda Dipak Devatbhai,SHS,15186,245,0.171263998210465,17,29,78,GJ,Ahir Chavda Dipak Devatbhai,SHS,,,,,False,29,2017,AE
1298967,Parmar Dinesh Bharatbhai,IND,15162,200,0.139807345477931,18,29,78,GJ,Parmar Dinesh Bharatbhai,IND,,,,,False,29,2017,AE
1298968,Bhambhi Ashok Karabhai,IND,15162,184,0.128622757839696,19,29,78,GJ,Bhambhi Ashok Karabhai,IND,,,,,False,29,2017,AE
1298969,Arthiya Ashokbhai,AINHCP,15190,183,0.127923721112307,20,29,78,GJ,Arthiya Ashokbhai,AINHCP,,,,,False,29,2017,AE
1298970,Sanghani Chandresh,IND,15162,165,0.115341060019293,21,29,78,GJ,Sanghani Chandresh,IND,,,,,False,29,2017,AE
1298971,Kureshi Hanif Abdulkarim,IND,15162,156,0.109049729472786,22,29,78,GJ,Kureshi Hanif Abdulkarim,IND,,,,,False,29,2017,AE
1298972,Makwana Ramesh Amarabhai,IND,15162,155,0.108350692745396,23,29,78,GJ,Makwana Ramesh Amarabhai,IND,,,,,False,29,2017,AE
1298973,Amroniya Inus Mamad,IND,15162,138,0.0964670683797726,24,29,78,GJ,Amroniya Inus Mamad,IND,,,,,False,29,2017,AE
1298974,Sameja Mamad Kasambhai,BRP,15220,123,0.0859815174689278,25,29,78,GJ,Sameja Mamad Kasambhai,BRP,,,,,False,29,2017,AE
1299096,Ranchhodbhai Chanabhai Faldu (R.C.Faldu),BJP,15159,71718,53.8411297042859,1,29,79,GJ,Ranchhodbhai Chanabhai Faldu (R.C.Faldu),BJP,,,,,False,29,2017,AE
1299097,Ashok Lal,INC,15160,55369,41.5673821160184,2,29,79,GJ,Ashok Lal,INC,,,,,False,29,2017,AE
1299098,Nota,NOTA,15161,2326,1.74620691726162,3,29,79,GJ,Nota,NOTA,,,,,False,29,2017,AE
1299099,Ashvinbhai Nathabhai Chavda,BSP,15163,1627,1.22144396147233,4,29,79,GJ,Ashvinbhai Nathabhai Chavda,BSP,,,,,False,29,2017,AE
1299100,Khafi Bodubhai Ismail,JD(U),15182,489,0.367108848899799,5,29,79,GJ,Khafi Bodubhai Ismail,JD(U),,,,,False,29,2017,AE
1299101,Brijesh Vijaybhai Nanda (Munnabhai),SHS,15186,415,0.311554544567314,6,29,79,GJ,Brijesh Vijaybhai Nanda (Munnabhai),SHS,,,,,False,29,2017,AE
1299102,Zala Jaydip Subhashbhai,IND,15162,360,0.270264183239116,7,29,79,GJ,Zala Jaydip Subhashbhai,IND,,,,,False,29,2017,AE
1299103,Parmar Devji Jethabhai,IND,15162,336,0.252246571023175,8,29,79,GJ,Parmar Devji Jethabhai,IND,,,,,False,29,2017,AE
1299104,Ku. Jagrutiben Nautamlal Vyas (Advocate),AINHCP,15190,276,0.207202540483322,9,29,79,GJ,Ku. Jagrutiben Nautamlal Vyas (Advocate),AINHCP,,,,,False,29,2017,AE
1299105,Chandra Hemlataben Javaharbhai,IND,15162,145,0.108856407137977,10,29,79,GJ,Chandra Hemlataben Javaharbhai,IND,,,,,False,29,2017,AE
1299106,Jaydevsinh Jilubha Chauhan,IND,15162,142,0.10660420561098399,11,29,79,GJ,Jaydevsinh Jilubha Chauhan,IND,,,,,False,29,2017,AE
1299219,Kalariya Chiragbhai Rameshbhai,INC,15160,64212,47.4008238229518,1,29,80,GJ,Kalariya Chiragbhai Rameshbhai,INC,,,,,False,29,2017,AE
1299220,Chimanbhai Dharamshibhai Sapariya,BJP,15159,61694,45.542054832947,2,29,80,GJ,Chimanbhai Dharamshibhai Sapariya,BJP,,,,,False,29,2017,AE
1299221,Nota,NOTA,15161,3214,2.37255104601892,3,29,80,GJ,Nota,NOTA,,,,,False,29,2017,AE
1299222,Hamirani Salimbhai Hushenbhai,IND,15162,1355,1.00025098548713,4,29,80,GJ,Hamirani Salimbhai Hushenbhai,IND,,,,,False,29,2017,AE
1299223,Pravinbhai Vallabhbhai Nariya,BSP,15163,1160,0.856303426690091,5,29,80,GJ,Pravinbhai Vallabhbhai Nariya,BSP,,,,,False,29,2017,AE
1299224,Dangar Rameshbhai Varvabhai,IND,15162,1035,0.764029350538142,6,29,80,GJ,Dangar Rameshbhai Varvabhai,IND,,,,,False,29,2017,AE
1299225,Rabadiya Mohanlal Hirjibhai,SP,15176,937,0.691686474835013,7,29,80,GJ,Rabadiya Mohanlal Hirjibhai,SP,,,,,False,29,2017,AE
1299226,Safiya Mamadbhai Hajibhai,IND,15162,463,0.341783178066821,8,29,80,GJ,Safiya Mamadbhai Hajibhai,IND,,,,,False,29,2017,AE
1299227,Karshanbhai Lakhabhai Haralajani,IND,15162,422,0.311517281088981,9,29,80,GJ,Karshanbhai Lakhabhai Haralajani,IND,,,,,False,29,2017,AE
1299228,Chudasama Gambhirsinh Jilubha,IND,15162,372,0.274607650628201,10,29,80,GJ,Chudasama Gambhirsinh Jilubha,IND,,,,,False,29,2017,AE
1299229,Shida Abu Umar,IND,15162,256,0.188977307959192,11,29,80,GJ,Shida Abu Umar,IND,,,,,False,29,2017,AE
1299230,Ladani Chandrikaben Dilipbhai,IND,15162,193,0.14247117357861,12,29,80,GJ,Ladani Chandrikaben Dilipbhai,IND,,,,,False,29,2017,AE
1299231,Jadeja Vijaysinh Anopsinh,IND,15162,153,0.112943469209986,13,29,80,GJ,Jadeja Vijaysinh Anopsinh,IND,,,,,False,29,2017,AE
1299353,Ahir Vikrambhai Arjanbhai Madam,INC,15160,79779,49.9849629713168,1,29,81,GJ,Ahir Vikrambhai Arjanbhai Madam,INC,,,,,False,29,2017,AE
1299354,Kalubhai Naranbhai Chavda,BJP,15159,68733,43.0641705199052,2,29,81,GJ,Kalubhai Naranbhai Chavda,BJP,,,,,False,29,2017,AE
1299355,Nagash Karshanbhai Jeshabhai,IND,15162,2513,1.5745022116963,3,29,81,GJ,Nagash Karshanbhai Jeshabhai,IND,,,,,False,29,2017,AE
1299356,Parmar Girishbhai Muljibhai,IND,15162,1433,0.897835920955352,4,29,81,GJ,Parmar Girishbhai Muljibhai,IND,,,,,False,29,2017,AE
1299357,Nota,NOTA,15161,962,0.602734233048882,5,29,81,GJ,Nota,NOTA,,,,,False,29,2017,AE
1299358,Gajjan Abbas Umar,NCP,15192,882,0.552610804105108,6,29,81,GJ,Gajjan Abbas Umar,NCP,,,,,False,29,2017,AE
1299359,Dalit Chavda Ashok Nathabhai,IND,15162,843,0.528175632495018,7,29,81,GJ,Dalit Chavda Ashok Nathabhai,IND,,,,,False,29,2017,AE
1299360,Parmar Jamanbhai Keshabhai,IND,15162,719,0.450484317632169,8,29,81,GJ,Parmar Jamanbhai Keshabhai,IND,,,,,False,29,2017,AE
1299361,Vaghela Kiritsinh Keshubha,AINHCP,15190,584,0.36590103128955,9,29,81,GJ,Vaghela Kiritsinh Keshubha,AINHCP,,,,,False,29,2017,AE
1299362,Ketanbhai Savjibhai Parmar,AAAP,15172,449,0.281317744946931,10,29,81,GJ,Ketanbhai Savjibhai Parmar,AAAP,,,,,False,29,2017,AE
1299363,Piprotar Dilip Nagabhai,RKEP,15266,387,0.242472087515506,11,29,81,GJ,Piprotar Dilip Nagabhai,RKEP,,,,,False,29,2017,AE
1299364,Sumbhaniya Ismail Osman,IND,15162,335,0.209891858702053,12,29,81,GJ,Sumbhaniya Ismail Osman,IND,,,,,False,29,2017,AE
1299365,Postariya Malde Nathubhai,SHS,15186,308,0.19297520143353,13,29,81,GJ,Postariya Malde Nathubhai,SHS,,,,,False,29,2017,AE
1299366,Jokhiya Anvarbhai Umarbhai,IND,15162,299,0.187336315677355,14,29,81,GJ,Jokhiya Anvarbhai Umarbhai,IND,,,,,False,29,2017,AE
1299367,Gandhar Hanifbhai Harunbhai,IND,15162,284,0.177938172750397,15,29,81,GJ,Gandhar Hanifbhai Harunbhai,IND,,,,,False,29,2017,AE
1299368,Sumbhaniya Sultan Vahab,IND,15162,253,0.158515344034685,16,29,81,GJ,Sumbhaniya Sultan Vahab,IND,,,,,False,29,2017,AE
1299369,Juneja Rajak Baudinbhai,IND,15162,201,0.125935115221232,17,29,81,GJ,Juneja Rajak Baudinbhai,IND,,,,,False,29,2017,AE
1299370,Chopda Renukaben Narendrabhai,IND,15162,189,0.118416600879666,18,29,81,GJ,Chopda Renukaben Narendrabhai,IND,,,,,False,29,2017,AE
1299371,Jadeja Rajendrasinh Jilubha,IND,15162,179,0.112151172261694,19,29,81,GJ,Jadeja Rajendrasinh Jilubha,IND,,,,,False,29,2017,AE
1299372,Jashraya Javed Husenbhai,IND,15162,138,0.0864629149280102,20,29,81,GJ,Jashraya Javed Husenbhai,IND,,,,,False,29,2017,AE
1299373,Jadeja Dilipsinh Pratapsinh,IND,15162,136,0.0852098292044158,21,29,81,GJ,Jadeja Dilipsinh Pratapsinh,IND,,,,,False,29,2017,AE
1299496,Pabubha Virambha Manek,BJP,15159,73431,47.2474230784079,1,29,82,GJ,Pabubha Virambha Manek,BJP,,,,,True,29,2017,AE
1299497,Ahir Meraman Markhi,INC,15160,67692,43.5548006022468,2,29,82,GJ,Ahir Meraman Markhi,INC,,,,,False,29,2017,AE
1299498,Nota,NOTA,15161,3213,2.06732810871327,3,29,82,GJ,Nota,NOTA,,,,,False,29,2017,AE
1299499,Madam Ranmalbhai Lakhubhai,NCP,15192,2829,1.82025248040767,4,29,82,GJ,Madam Ranmalbhai Lakhubhai,NCP,,,,,False,29,2017,AE
1299500,Chetariya Rambhai Karshanbhai,BSP,15163,1911,1.22958730648959,5,29,82,GJ,Chetariya Rambhai Karshanbhai,BSP,,,,,False,29,2017,AE
1299501,Kanjariya Arjan Kesha,IND,15162,1584,1.0191869667606,6,29,82,GJ,Kanjariya Arjan Kesha,IND,,,,,False,29,2017,AE
1299502,Ashokbhai Jivabhai Vaghela,IND,15162,1565,1.0069618705684,7,29,82,GJ,Ashokbhai Jivabhai Vaghela,IND,,,,,False,29,2017,AE
1299503,Bhagavanjibhai Hemrajbhai Thobhani,IND,15162,1086,0.698760761301779,8,29,82,GJ,Bhagavanjibhai Hemrajbhai Thobhani,IND,,,,,False,29,2017,AE
1299504,Makavana Shaileshbhai Lakhabhai,IND,15162,660,0.424661236150252,9,29,82,GJ,Makavana Shaileshbhai Lakhabhai,IND,,,,,False,29,2017,AE
1299505,Bolim Hajibhai Abharambhai,IND,15162,359,0.230989975421122,10,29,82,GJ,Bolim Hajibhai Abharambhai,IND,,,,,False,29,2017,AE
1299506,Bolim Mamad Kasambhai,IND,15162,330,0.212330618075126,11,29,82,GJ,Bolim Mamad Kasambhai,IND,,,,,False,29,2017,AE
1299507,Ranmalbhai Arjanbhai Godham,SHS,15186,295,0.189810704036855,12,29,82,GJ,Ranmalbhai Arjanbhai Godham,SHS,,,,,False,29,2017,AE
1299508,Chetariya Vajshibhai Kanabhai,IND,15162,252,0.162143381075551,13,29,82,GJ,Chetariya Vajshibhai Kanabhai,IND,,,,,False,29,2017,AE
1299509,Sonagara Chandubhai Bhikhabhai,AINHCP,15190,211,0.135762910345005,14,29,82,GJ,Sonagara Chandubhai Bhikhabhai,AINHCP,,,,,False,29,2017,AE
1299583,Babubhai Bhimabhai Bokhiriya,BJP,15159,72430,47.0281922422636,1,29,83,GJ,Babubhai Bhimabhai Bokhiriya,BJP,,,,,False,29,2017,AE
1299584,Arjunbhai Devabhai Modhvadiya,INC,15160,70575,45.8237562818964,2,29,83,GJ,Arjunbhai Devabhai Modhvadiya,INC,,,,,False,29,2017,AE
1299585,Aanandbhai Hajabhai Maru,BSP,15163,4337,2.81597776825483,3,29,83,GJ,Aanandbhai Hajabhai Maru,BSP,,,,,False,29,2017,AE
1299586,Nota,NOTA,15161,3433,2.22901814120794,4,29,83,GJ,Nota,NOTA,,,,,False,29,2017,AE
1299587,Modhvadiya Arjanbhai Virambhai,IND,15162,836,0.542807796693807,5,29,83,GJ,Modhvadiya Arjanbhai Virambhai,IND,,,,,False,29,2017,AE
1299588,Odedara Gangabhai Maldebhai,JD(U),15182,656,0.4259353045827,6,29,83,GJ,Odedara Gangabhai Maldebhai,JD(U),,,,,False,29,2017,AE
1299589,Sunil Modha,IND,15162,495,0.321399353305543,7,29,83,GJ,Sunil Modha,IND,,,,,False,29,2017,AE
1299590,Bokhiriya Vastabhai Arjanbhai,IND,15162,330,0.214266235537029,8,29,83,GJ,Bokhiriya Vastabhai Arjanbhai,IND,,,,,False,29,2017,AE
1299591,Dasa Rama Lakhmanbhai,AINHCP,15190,287,0.186346695754931,9,29,83,GJ,Dasa Rama Lakhmanbhai,AINHCP,,,,,False,29,2017,AE
1299592,Bhadrecha Pintubhai Ramji,IND,15162,272,0.176607321412339,10,29,83,GJ,Bhadrecha Pintubhai Ramji,IND,,,,,False,29,2017,AE
1299593,Rajesh Gaurishankar Pandya,SHS,15186,209,0.135701949173451,11,29,83,GJ,Rajesh Gaurishankar Pandya,SHS,,,,,False,29,2017,AE
1299594,Unadkat Prakashbhai Vallabhdas,IND,15162,154,0.0999909099172802,12,29,83,GJ,Unadkat Prakashbhai Vallabhdas,IND,,,,,False,29,2017,AE
1299674,Jadeja Kandhalbhai Sarmanbhai,NCP,15192,59406,50.3889053819076,1,29,84,GJ,Jadeja Kandhalbhai Sarmanbhai,NCP,,,,,False,29,2017,AE
1299675,Odedra Lakhamanbhai Bhimabhai,BJP,15159,35697,30.2786377708978,2,29,84,GJ,Odedra Lakhamanbhai Bhimabhai,BJP,,,,,False,29,2017,AE
1299676,Modedra Vejabhai Lilabhai,INC,15160,11670,9.89863861911022,3,29,84,GJ,Modedra Vejabhai Lilabhai,INC,,,,,False,29,2017,AE
1299677,Nota,NOTA,15161,3475,2.9475380635311,4,29,84,GJ,Nota,NOTA,,,,,False,29,2017,AE
1299678,Vrajlal Pababhai Sadiya,BSP,15163,3169,2.68798507146189,5,29,84,GJ,Vrajlal Pababhai Sadiya,BSP,,,,,False,29,2017,AE
1299679,Shamla Ramabhai Goganbhai,IND,15162,1913,1.62263030662877,6,29,84,GJ,Shamla Ramabhai Goganbhai,IND,,,,,False,29,2017,AE
1299680,Vaghela Laljibhai Somabhai,IND,15162,884,0.749819754866618,7,29,84,GJ,Vaghela Laljibhai Somabhai,IND,,,,,False,29,2017,AE
1299681,Khunti Kanabhai Jakhrabhai,IND,15162,453,0.384240213749522,8,29,84,GJ,Khunti Kanabhai Jakhrabhai,IND,,,,,False,29,2017,AE
1299682,Rathod Chandulal Mohanbhai,IND,15162,418,0.354552780016116,9,29,84,GJ,Rathod Chandulal Mohanbhai,IND,,,,,False,29,2017,AE
1299683,Bhatt Nitinbhai Vrajlal,IND,15162,245,0.207812036133847,10,29,84,GJ,Bhatt Nitinbhai Vrajlal,IND,,,,,False,29,2017,AE
1299684,Odedara Balubhai Ramabhai,IND,15162,201,0.170490690868993,11,29,84,GJ,Odedara Balubhai Ramabhai,IND,,,,,False,29,2017,AE
1299685,Joshi Harish Liladhar,IND,15162,199,0.168794266084227,12,29,84,GJ,Joshi Harish Liladhar,IND,,,,,False,29,2017,AE
1299686,Kadegiya Gangabhai Kanabhai,IND,15162,165,0.139955044743203,13,29,84,GJ,Kadegiya Gangabhai Kanabhai,IND,,,,,True,29,2017,AE
1299757,Chavda Jawaharbhai Pethaljibhai,INC,15160,88570,57.3929835020282,1,29,85,GJ,Chavda Jawaharbhai Pethaljibhai,INC,,,,,False,29,2017,AE
1299758,Nitinkumar (Tinubhai) Valjibhai Fadadu,BJP,15159,58807,38.1066860201397,2,29,85,GJ,Nitinkumar (Tinubhai) Valjibhai Fadadu,BJP,,,,,False,29,2017,AE
1299759,Nota,NOTA,15161,2326,1.50723811251798,3,29,85,GJ,Nota,NOTA,,,,,False,29,2017,AE
1299760,Chandani Yunusbhai Adremanbhai,BSP,15163,1549,1.00374541543007,4,29,85,GJ,Chandani Yunusbhai Adremanbhai,BSP,,,,,False,29,2017,AE
1299761,Sodha Hushenaben Hushenbhai,IND,15162,935,0.605876025453273,5,29,85,GJ,Sodha Hushenaben Hushenbhai,IND,,,,,False,29,2017,AE
1299762,Vanavi Hitendrabhai Devjibhai,IND,15162,612,0.396573398478505,6,29,85,GJ,Vanavi Hitendrabhai Devjibhai,IND,,,,,False,29,2017,AE
1299763,Gadhiya Shardaben Ravajibhai,BNJD,15175,575,0.372597555760034,7,29,85,GJ,Gadhiya Shardaben Ravajibhai,BNJD,,,,,False,29,2017,AE
1299764,Madhukant Kanji Gajera,REALDP,15184,351,0.227446507950907,8,29,85,GJ,Madhukant Kanji Gajera,REALDP,,,,,False,29,2017,AE
1299765,Tank Amrutlal Naran,IND,15162,315,0.204118660981583,9,29,85,GJ,Tank Amrutlal Naran,IND,,,,,False,29,2017,AE
1299766,Jivani Rajubhai Dayalal,SVPP,15200,282,0.182734801259703,10,29,85,GJ,Jivani Rajubhai Dayalal,SVPP,,,,,False,29,2017,AE
1299838,Joshi Bhikhabhai Galabhai,INC,15160,76850,49.6011256260649,1,29,86,GJ,Joshi Bhikhabhai Galabhai,INC,,,,,True,29,2017,AE
1299839,Mashru Mahendrabhai Liladharbhai,BJP,15159,70766,45.6743429545102,2,29,86,GJ,Mashru Mahendrabhai Liladharbhai,BJP,,,,,True,29,2017,AE
1299840,Nota,NOTA,15161,1980,1.27794702328703,3,29,86,GJ,Nota,NOTA,,,,,False,29,2017,AE
1299841,Chovatiya Dhanajibhai Jasmatbhai,BSP,15163,1194,0.770640780709454,4,29,86,GJ,Chovatiya Dhanajibhai Jasmatbhai,BSP,,,,,False,29,2017,AE
1299842,Hareshkumar Manubhai Sardhara,IND,15162,1052,0.678990034594929,5,29,86,GJ,Hareshkumar Manubhai Sardhara,IND,,,,,False,29,2017,AE
1299843,Chavada Dharmendrabhai Gokalbhai,pps,15298,697,0.449863169308617,6,29,86,GJ,Chavada Dharmendrabhai Gokalbhai,pps,,,,,False,29,2017,AE
1299844,Vasoya Rameshbhai Gokalbhai,IND,15162,514,0.331749883822997,7,29,86,GJ,Vasoya Rameshbhai Gokalbhai,IND,,,,,False,29,2017,AE
1299845,Noyada Abubhai Tarmamdbhai,IND,15162,302,0.194919192440749,8,29,86,GJ,Noyada Abubhai Tarmamdbhai,IND,,,,,False,29,2017,AE
1299846,Vaghera Kirit Nanjibhai,BMUP,15169,299,0.192982909072133,9,29,86,GJ,Vaghera Kirit Nanjibhai,BMUP,,,,,False,29,2017,AE
1299847,Raninga Bharat Pragajibhai,AINHCP,15190,251,0.162002375174265,10,29,86,GJ,Raninga Bharat Pragajibhai,AINHCP,,,,,False,29,2017,AE
1299848,Dhivare Daxaben Subhashbhai,AKHP,15213,238,0.153611813910259,11,29,86,GJ,Dhivare Daxaben Subhashbhai,AKHP,,,,,False,29,2017,AE
1299849,Jigneshbhai Babubhai Rakholiya,SVPP,15200,236,0.152320958331181,12,29,86,GJ,Jigneshbhai Babubhai Rakholiya,SVPP,,,,,False,29,2017,AE
1299850,Dalasaniya Bharatbhai Muljibhai,IND,15162,223,0.143930397067176,13,29,86,GJ,Dalasaniya Bharatbhai Muljibhai,IND,,,,,False,29,2017,AE
1299851,Pathar Sanjaybhai Vallabhbhai,RKEP,15266,177,0.114240718748386,14,29,86,GJ,Pathar Sanjaybhai Vallabhbhai,RKEP,,,,,False,29,2017,AE
1299852,Indrajitsinh Surendrasinh Rathod,IND,15162,157,0.101332162957608,15,29,86,GJ,Indrajitsinh Surendrasinh Rathod,IND,,,,,False,29,2017,AE
1299921,Ribadiya Harshadkumar Madhavajibhai,INC,15160,81882,54.6941065667394,1,29,87,GJ,Ribadiya Harshadkumar Madhavajibhai,INC,,,,,False,29,2017,AE
1299922,Patel Kirit Balubhai,BJP,15159,58781,39.2635045321256,2,29,87,GJ,Patel Kirit Balubhai,BJP,,,,,False,29,2017,AE
1299923,Jagubhai Raningbhai Vank,BSP,15163,2588,1.72868698608634,3,29,87,GJ,Jagubhai Raningbhai Vank,BSP,,,,,False,29,2017,AE
1299924,Nota,NOTA,15161,1758,1.17427809951305,4,29,87,GJ,Nota,NOTA,,,,,False,29,2017,AE
1299925,Harunbhai Husenbhai Sumara,IND,15162,1093,0.730083027740483,5,29,87,GJ,Harunbhai Husenbhai Sumara,IND,,,,,False,29,2017,AE
1299926,Bloch Rahimbhai Alibhai,INCP,15285,966,0.645251788469631,6,29,87,GJ,Bloch Rahimbhai Alibhai,INCP,,,,,False,29,2017,AE
1299927,Makwana Dharmendra Vajubhai,IND,15162,885,0.591146824840189,7,29,87,GJ,Makwana Dharmendra Vajubhai,IND,,,,,False,29,2017,AE
1299928,Ramoliya Bhupatbhai Bhikhabhai,SVPP,15200,632,0.422152308812429,8,29,87,GJ,Ramoliya Bhupatbhai Bhikhabhai,SVPP,,,,,False,29,2017,AE
1299929,Agavan Sadik Karim,IND,15162,408,0.272528705689036,9,29,87,GJ,Agavan Sadik Karim,IND,,,,,False,29,2017,AE
1299930,Rupapara Pankaj Rameshbhai,REALDP,15184,360,0.240466505019738,10,29,87,GJ,Rupapara Pankaj Rameshbhai,REALDP,,,,,False,29,2017,AE
1299931,Hareshbhai Karamshibhai Dobaria,AINHCP,15190,356,0.237794654963963,11,29,87,GJ,Hareshbhai Karamshibhai Dobaria,AINHCP,,,,,False,29,2017,AE
1300002,Devabhai Punjabhai Malam,BJP,15159,71425,51.4674621875382,1,29,88,GJ,Devabhai Punjabhai Malam,BJP,,,,,False,29,2017,AE
1300003,Jayeshkumar Valjibhai Ladani,INC,15160,60619,43.6808693083147,2,29,88,GJ,Jayeshkumar Valjibhai Ladani,INC,,,,,False,29,2017,AE
1300004,Nota,NOTA,15161,1484,1.06934146148136,3,29,88,GJ,Nota,NOTA,,,,,False,29,2017,AE
1300005,Khimanandbhai Govindbhai Jarer,NCP,15192,1155,0.832270477096348,4,29,88,GJ,Khimanandbhai Govindbhai Jarer,NCP,,,,,False,29,2017,AE
1300006,Shaileshkumar Nauttamlal Pandya,IND,15162,859,0.618978649199795,5,29,88,GJ,Shaileshkumar Nauttamlal Pandya,IND,,,,,False,29,2017,AE
1300007,Jadavbhai Bachubhai Chudasama,GJCP,15203,774,0.557729306729501,6,29,88,GJ,Jadavbhai Bachubhai Chudasama,GJCP,,,,,False,29,2017,AE
1300008,Lalitkumar Laljibhai Dedania,IND,15162,759,0.546920599234743,7,29,88,GJ,Lalitkumar Laljibhai Dedania,IND,,,,,False,29,2017,AE
1300009,Dharmeshbhai Kirtibhai Parmar,BMUP,15169,412,0.296879165856013,8,29,88,GJ,Dharmeshbhai Kirtibhai Parmar,BMUP,,,,,False,29,2017,AE
1300010,Maheshbhai Devshibhai Makwana,IND,15162,409,0.294717424357062,9,29,88,GJ,Maheshbhai Devshibhai Makwana,IND,,,,,False,29,2017,AE
1300011,Pravinbhai Balubhai Vanpariya,IND,15162,317,0.228424018389214,10,29,88,GJ,Pravinbhai Balubhai Vanpariya,IND,,,,,False,29,2017,AE
1300012,Ashok Pala,IND,15162,209,0.150601324426958,11,29,88,GJ,Ashok Pala,IND,,,,,False,29,2017,AE
1300013,Kapil Rameshchandra Dave,IND,15162,192,0.138351455932899,12,29,88,GJ,Kapil Rameshchandra Dave,IND,,,,,False,29,2017,AE
1300014,Nathabhai Vashrambhai Rathod,AINHCP,15190,163,0.117454621443034,13,29,88,GJ,Nathabhai Vashrambhai Rathod,AINHCP,,,,,False,29,2017,AE
1300080,Vaja Babubhai Kalabhai,INC,15160,71654,53.0605293168051,1,29,89,GJ,Vaja Babubhai Kalabhai,INC,,,,,False,29,2017,AE
1300081,Kargatiya Bhagvanjibhai Lakhabhai,BJP,15159,57740,42.7570681713837,2,29,89,GJ,Kargatiya Bhagvanjibhai Lakhabhai,BJP,,,,,False,29,2017,AE
1300082,Chandegara Sanjaykumar Kantibhai,IND,15162,1938,1.43510907717598,3,29,89,GJ,Chandegara Sanjaykumar Kantibhai,IND,,,,,False,29,2017,AE
1300083,Nota,NOTA,15161,1847,1.36772263443965,4,29,89,GJ,Nota,NOTA,,,,,False,29,2017,AE
1300084,Satbhaya Ashwinlal Kantilal,IND,15162,1238,0.916751825358036,5,29,89,GJ,Satbhaya Ashwinlal Kantilal,IND,,,,,False,29,2017,AE
1300085,Dal Ikbalbhai Hasanbhai,IND,15162,625,0.462818974837457,6,29,89,GJ,Dal Ikbalbhai Hasanbhai,IND,,,,,False,29,2017,AE
1300160,Chudasama Vimalbhai Kanabhai,INC,15160,94914,53.2097748028052,1,29,90,GJ,Chudasama Vimalbhai Kanabhai,INC,,,,,False,29,2017,AE
1300161,Jashabhai Bhanabhai Barad,BJP,15159,74464,41.7452922742281,2,29,90,GJ,Jashabhai Bhanabhai Barad,BJP,,,,,False,29,2017,AE
1300162,Nota,NOTA,15161,3856,2.16171367384808,3,29,90,GJ,Nota,NOTA,,,,,False,29,2017,AE
1300163,Shahmadar Hanifsha Remansha,BSP,15163,1612,0.903703952863878,4,29,90,GJ,Shahmadar Hanifsha Remansha,BSP,,,,,False,29,2017,AE
1300164,Bhadarka Hasan Kasam,IND,15162,1504,0.843158030463568,5,29,90,GJ,Bhadarka Hasan Kasam,IND,,,,,False,29,2017,AE
1300165,Dheka Mahmadfaruk Harunbhai,IND,15162,447,0.250592845490169,6,29,90,GJ,Dheka Mahmadfaruk Harunbhai,IND,,,,,False,29,2017,AE
1300166,Chandapa Kishan Hajabhai,IND,15162,340,0.190607533482455,7,29,90,GJ,Chandapa Kishan Hajabhai,IND,,,,,False,29,2017,AE
1300167,Tank Yusufbhai Reman,IND,15162,238,0.133425273437718,8,29,90,GJ,Tank Yusufbhai Reman,IND,,,,,False,29,2017,AE
1300168,Jungi Pratapbhai Chunilal,IND,15162,227,0.127258559119168,9,29,90,GJ,Jungi Pratapbhai Chunilal,IND,,,,,False,29,2017,AE
1300169,Imran Nurmahmad Simari,IND,15162,216,0.121091844800618,10,29,90,GJ,Imran Nurmahmad Simari,IND,,,,,False,29,2017,AE
1300170,Chanchiya Gafarbhai Alibhai,IND,15162,132,0.0740005718226004,11,29,90,GJ,Chanchiya Gafarbhai Alibhai,IND,,,,,False,29,2017,AE
1300171,Chauhan Rafik Husen,IND,15162,126,0.0706369094670277,12,29,90,GJ,Chauhan Rafik Husen,IND,,,,,False,29,2017,AE
1300172,Oza Rahulbhai Mansukhlal,IND,15162,110,0.0616671431855003,13,29,90,GJ,Oza Rahulbhai Mansukhlal,IND,,,,,False,29,2017,AE
1300173,Gohel Muljibhai Naranbhai,IND,15162,107,0.0599853120077139,14,29,90,GJ,Gohel Muljibhai Naranbhai,IND,,,,,False,29,2017,AE
1300174,Gohel Harun Ali,IND,15162,84,0.0470912729780184,15,29,90,GJ,Gohel Harun Ali,IND,,,,,False,29,2017,AE
1300242,Ahir Bhagabhai Dhanabhai Barad,INC,15160,85897,58.8170445285912,1,29,91,GJ,Ahir Bhagabhai Dhanabhai Barad,INC,,,,,False,29,2017,AE
1300243,Parmar Govindbhai Varjangbhai,BJP,15159,54167,37.0902691709862,2,29,91,GJ,Parmar Govindbhai Varjangbhai,BJP,,,,,False,29,2017,AE
1300244,Thumar Vrujlal Khimabhai,BSP,15163,2171,1.48656884025718,3,29,91,GJ,Thumar Vrujlal Khimabhai,BSP,,,,,False,29,2017,AE
1300245,Nota,NOTA,15161,1227,0.840175019343882,4,29,91,GJ,Nota,NOTA,,,,,False,29,2017,AE
1300246,Daki Jaysukhlal Jadavbhai,IND,15162,1105,0.756636834861443,5,29,91,GJ,Daki Jaysukhlal Jadavbhai,IND,,,,,True,29,2017,AE
1300247,Parmar Ramjibhai Manandbhai,IND,15162,842,0.576550420772248,6,29,91,GJ,Parmar Ramjibhai Manandbhai,IND,,,,,False,29,2017,AE
1300248,Bharathi Ashokkumar Revubhai,IND,15162,632,0.432755185187721,7,29,91,GJ,Bharathi Ashokkumar Revubhai,IND,,,,,False,29,2017,AE
1300313,Mohanlal Malabhai Vala,INC,15160,72408,52.6737715054741,1,29,92,GJ,Mohanlal Malabhai Vala,INC,,,,,False,29,2017,AE
1300314,Vadher Rambhai Mepabhai,BJP,15159,57873,42.1001709526061,2,29,92,GJ,Vadher Rambhai Mepabhai,BJP,,,,,False,29,2017,AE
1300315,Nota,NOTA,15161,2385,1.7349870876223,3,29,92,GJ,Nota,NOTA,,,,,False,29,2017,AE
1300316,Vinodbhai Khimabhai Solanki,BMUP,15169,1780,1.29487505910595,4,29,92,GJ,Vinodbhai Khimabhai Solanki,BMUP,,,,,False,29,2017,AE
1300317,Vala Lalitkumar Madhubhai,NCP,15192,1211,0.880951514931073,5,29,92,GJ,Vala Lalitkumar Madhubhai,NCP,,,,,False,29,2017,AE
1300318,Vadhel Malabhai Tejabhai,IND,15162,1176,0.855490488487978,6,29,92,GJ,Vadhel Malabhai Tejabhai,IND,,,,,True,29,2017,AE
1300319,Vadhel Jagdishbhai Nathabhai,AINHCP,15190,632,0.459753391772451,7,29,92,GJ,Vadhel Jagdishbhai Nathabhai,AINHCP,,,,,False,29,2017,AE
1300387,Vansh Punjabhai Bhimabhai,INC,15160,72775,48.5558350402658,1,29,93,GJ,Vansh Punjabhai Bhimabhai,INC,,,,,True,29,2017,AE
1300388,Haribhai Boghabhai Solanki,BJP,15159,67847,45.2678493985148,2,29,93,GJ,Haribhai Boghabhai Solanki,BJP,,,,,False,29,2017,AE
1300389,Parmar Jentibhai Kanabhai,BSP,15163,2486,1.65867132820475,3,29,93,GJ,Parmar Jentibhai Kanabhai,BSP,,,,,False,29,2017,AE
1300390,Nota,NOTA,15161,1861,1.24166827907845,4,29,93,GJ,Nota,NOTA,,,,,False,29,2017,AE
1300391,Harshadbhai Chhaganbhai Bambhaniya,IND,15162,1575,1.05084768379826,5,29,93,GJ,Harshadbhai Chhaganbhai Bambhaniya,IND,,,,,False,29,2017,AE
1300392,Baria Babubhai Bhimabhai,IND,15162,1191,0.794641010415068,6,29,93,GJ,Baria Babubhai Bhimabhai,IND,,,,,False,29,2017,AE
1300393,Jesing Shamji Rathod,RPIR,15301,968,0.645854322486806,7,29,93,GJ,Jesing Shamji Rathod,RPIR,,,,,False,29,2017,AE
1300394,Shantilal Danabhai Kidecha,GJCP,15203,719,0.47972030771489,8,29,93,GJ,Shantilal Danabhai Kidecha,GJCP,,,,,False,29,2017,AE
1300395,Rathod Dayabhai Lakhabhai,BMUP,15169,457,0.304912629521147,9,29,93,GJ,Rathod Dayabhai Lakhabhai,BMUP,,,,,False,29,2017,AE
1300471,J V Kakadiya,INC,15160,66644,52.4991531632307,1,29,94,GJ,J V Kakadiya,INC,,,,,False,29,2017,AE
1300472,Dilip Sanghani,BJP,15159,51308,40.4181404252302,2,29,94,GJ,Dilip Sanghani,BJP,,,,,False,29,2017,AE
1300473,Nota,NOTA,15161,2931,2.30891029832286,3,29,94,GJ,Nota,NOTA,,,,,False,29,2017,AE
1300474,Khatariya Hamirbhai Lakhabhai,IND,15162,1942,1.52982047060491,4,29,94,GJ,Khatariya Hamirbhai Lakhabhai,IND,,,,,False,29,2017,AE
1300475,Sureshbhai Dhirubhai Ramani,IND,15162,1216,0.957910243180009,5,29,94,GJ,Sureshbhai Dhirubhai Ramani,IND,,,,,False,29,2017,AE
1300476,Koladiya Dharmendrabhai Kalubhai,AINHCP,15190,890,0.701102069432737,6,29,94,GJ,Koladiya Dharmendrabhai Kalubhai,AINHCP,,,,,False,29,2017,AE
1300477,Parmar Jaysukhbhai Mohanbhai,IND,15162,454,0.357640830924115,7,29,94,GJ,Parmar Jaysukhbhai Mohanbhai,IND,,,,,False,29,2017,AE
1300478,Katiya Ravjibhai Khimjibhai,IND,15162,436,0.343461238508621,8,29,94,GJ,Katiya Ravjibhai Khimjibhai,IND,,,,,False,29,2017,AE
1300479,Vala Jashubhai Nankabhai,IND,15162,381,0.300134706127947,9,29,94,GJ,Vala Jashubhai Nankabhai,IND,,,,,False,29,2017,AE
1300480,Chiragkumar Sureshbhai Parmar,IND,15162,282,0.222146947842732,10,29,94,GJ,Chiragkumar Sureshbhai Parmar,IND,,,,,False,29,2017,AE
1300481,Vala Jaydipbhai Bavkubhai,SHS,15186,270,0.212693886232403,11,29,94,GJ,Vala Jaydipbhai Bavkubhai,SHS,,,,,False,29,2017,AE
1300482,Imranbhai Valibhai Parmar,IND,15162,189,0.148885720362682,12,29,94,GJ,Imranbhai Valibhai Parmar,IND,,,,,False,29,2017,AE
1300554,Paresh Dhanani,INC,15160,87032,51.2531800621878,1,29,95,GJ,Paresh Dhanani,INC,,,,,True,29,2017,AE
1300555,Bavkubhai Undhad,BJP,15159,75003,44.1692970884763,2,29,95,GJ,Bavkubhai Undhad,BJP,,,,,False,29,2017,AE
1300556,Nota,NOTA,15161,2869,1.68955526241402,3,29,95,GJ,Nota,NOTA,,,,,False,29,2017,AE
1300557,Shukla Bhargavkumar,IND,15162,1483,0.873339300857438,4,29,95,GJ,Shukla Bhargavkumar,IND,,,,,False,29,2017,AE
1300558,Madhad Ravajibhai Danabhai,BSP,15163,1167,0.687246772825779,5,29,95,GJ,Madhad Ravajibhai Danabhai,BSP,,,,,False,29,2017,AE
1300559,Lalbhai Bodar,NCP,15192,806,0.474653726561763,6,29,95,GJ,Lalbhai Bodar,NCP,,,,,False,29,2017,AE
1300560,Rajesh Madhvani,IND,15162,599,0.352751342692923,7,29,95,GJ,Rajesh Madhvani,IND,,,,,False,29,2017,AE
1300561,Vitthalbhai Mavjibhai Gajera (V.M.Gajera),BNJD,15175,322,0.18962593046264,8,29,95,GJ,Vitthalbhai Mavjibhai Gajera (V.M.Gajera),BNJD,,,,,False,29,2017,AE
1300562,Paghdal Jayantilal Bavabhai,YuS,15201,285,0.167836615471591,9,29,95,GJ,Paghdal Jayantilal Bavabhai,YuS,,,,,False,29,2017,AE
1300563,Adiyesa Rutil,IND,15162,242,0.142513898049561,10,29,95,GJ,Adiyesa Rutil,IND,,,,,False,29,2017,AE
1300635,Virajibhai Thummar,INC,15160,64743,49.937908320285,1,29,96,GJ,Virajibhai Thummar,INC,,,,,False,29,2017,AE
1300636,Gopalbhai (Chamardi),BJP,15159,55400,42.7314168472853,2,29,96,GJ,Gopalbhai (Chamardi),BJP,,,,,False,29,2017,AE
1300637,Nota,NOTA,15161,2577,1.98770507609123,3,29,96,GJ,Nota,NOTA,,,,,False,29,2017,AE
1300638,Dharajiya Kaushikbhai Nankubhai,VPP,15183,1459,1.12536348700702,4,29,96,GJ,Dharajiya Kaushikbhai Nankubhai,VPP,,,,,False,29,2017,AE
1300639,Dabasara Vinubhai Valjibhai,NCP,15192,1046,0.806806173687011,5,29,96,GJ,Dabasara Vinubhai Valjibhai,NCP,,,,,False,29,2017,AE
1300640,Pradipbhai Vithalbhai Sojitra,IND,15162,938,0.72350305059122,6,29,96,GJ,Pradipbhai Vithalbhai Sojitra,IND,,,,,False,29,2017,AE
1300641,Solanki Dhirubhai Meghajibhai,BSP,15163,878,0.677223537760225,7,29,96,GJ,Solanki Dhirubhai Meghajibhai,BSP,,,,,False,29,2017,AE
1300642,M.D.(Bhanubhai) Manjariya,AAAP,15172,797,0.614746195438382,8,29,96,GJ,M.D.(Bhanubhai) Manjariya,AAAP,,,,,False,29,2017,AE
1300643,Hitesh Narola (Robert),IND,15162,676,0.521415844562542,9,29,96,GJ,Hitesh Narola (Robert),IND,,,,,False,29,2017,AE
1300644,J.R.Parmar,IND,15162,390,0.300816833401467,10,29,96,GJ,J.R.Parmar,IND,,,,,False,29,2017,AE
1300645,Kothiya Dhirubhai Shambhubhai (Patel),SVPP,15200,325,0.250680694501222,11,29,96,GJ,Kothiya Dhirubhai Shambhubhai (Patel),SVPP,,,,,False,29,2017,AE
1300646,J.D.Vavdiya,REALDP,15184,234,0.18049010004088,12,29,96,GJ,J.D.Vavdiya,REALDP,,,,,False,29,2017,AE
1300647,Asvinbhai Batukbhai Limbasiya,BNJD,15175,184,0.141923839348384,13,29,96,GJ,Asvinbhai Batukbhai Limbasiya,BNJD,,,,,False,29,2017,AE
1300722,Pratap Dudhat,INC,15160,66366,49.3530251650901,1,29,97,GJ,Pratap Dudhat,INC,,,,,True,29,2017,AE
1300723,Kamlesh Rasikbhai Kanani,BJP,15159,57835,43.0089535367957,2,29,97,GJ,Kamlesh Rasikbhai Kanani,BJP,,,,,False,29,2017,AE
1300724,Nota,NOTA,15161,2989,2.22276756499494,3,29,97,GJ,Nota,NOTA,,,,,False,29,2017,AE
1300725,Khimasuriya Rameshkumar Shamjibhai,BSP,15163,1505,1.11919209947052,4,29,97,GJ,Khimasuriya Rameshkumar Shamjibhai,BSP,,,,,False,29,2017,AE
1300726,Vala Hakubhai Mulubhai ( Haku Vala ),IND,15162,1491,1.10878101017312,5,29,97,GJ,Vala Hakubhai Mulubhai ( Haku Vala ),IND,,,,,False,29,2017,AE
1300727,Tota Nathabhai Dayabhai (Bharvad),NBNM,15207,990,0.7362127431733,6,29,97,GJ,Tota Nathabhai Dayabhai (Bharvad),NBNM,,,,,False,29,2017,AE
1300728,Valodra Vrajlal Jivabhai,IND,15162,982,0.730263549289071,7,29,97,GJ,Valodra Vrajlal Jivabhai,IND,,,,,False,29,2017,AE
1300729,Bharatbhai Manubhai Chudasama,IND,15162,929,0.690850139806056,8,29,97,GJ,Bharatbhai Manubhai Chudasama,IND,,,,,False,29,2017,AE
1300730,Himmat Bagda,IND,15162,440,0.327205663632577,9,29,97,GJ,Himmat Bagda,IND,,,,,False,29,2017,AE
1300731,Khachar Vijaybha Raningbhai,IND,15162,389,0.289279552620619,10,29,97,GJ,Khachar Vijaybha Raningbhai,IND,,,,,False,29,2017,AE
1300732,Borad Rupeshbhai Rameshbhai,IND,15162,348,0.258789933963947,11,29,97,GJ,Borad Rupeshbhai Rameshbhai,IND,,,,,False,29,2017,AE
1300733,Nanabhai Kalidas Mehta,IND,15162,208,0.154679040989945,12,29,97,GJ,Nanabhai Kalidas Mehta,IND,,,,,False,29,2017,AE
1300813,Der Amarishbhai Jivabhai,INC,15160,83818,50.85951105259,1,29,98,GJ,Der Amarishbhai Jivabhai,INC,,,,,False,29,2017,AE
1300814,Solanki Hirabhai Odhavjibhai,BJP,15159,71099,43.1418117388639,2,29,98,GJ,Solanki Hirabhai Odhavjibhai,BJP,,,,,True,29,2017,AE
1300815,Nota,NOTA,15161,2757,1.67290643980995,3,29,98,GJ,Nota,NOTA,,,,,False,29,2017,AE
1300816,Shantubhai Bababhai Varu,IND,15162,1969,1.19475980412977,4,29,98,GJ,Shantubhai Bababhai Varu,IND,,,,,False,29,2017,AE
1300817,Katariya Manubhai Mathurbhai,BSP,15163,1767,1.07218921985643,5,29,98,GJ,Katariya Manubhai Mathurbhai,BSP,,,,,False,29,2017,AE
1300818,Vaghela Bhaveshbhai Mohanbhai,IND,15162,1463,0.887726558375757,6,29,98,GJ,Vaghela Bhaveshbhai Mohanbhai,IND,,,,,False,29,2017,AE
1300819,Varu Keshubhai Bavkubhai,AINHCP,15190,1269,0.770010254667694,7,29,98,GJ,Varu Keshubhai Bavkubhai,AINHCP,,,,,False,29,2017,AE
1300820,Ladumor Arvindbhai Karshanbhai,IND,15162,661,0.40108493170634,8,29,98,GJ,Ladumor Arvindbhai Karshanbhai,IND,,,,,True,29,2017,AE
1300891,Makwana Raghavbhai Chondabhai,BJP,15159,44410,32.9852342612674,1,29,99,GJ,Makwana Raghavbhai Chondabhai,BJP,,,,,False,29,2017,AE
1300892,Dr. Kanubhai V. Kalsaria,IND,15162,39401,29.2648325856383,2,29,99,GJ,Dr. Kanubhai V. Kalsaria,IND,,,,,False,29,2017,AE
1300893,Baraiya Vijaybhai Ravjibhai,INC,15160,30576,22.7101221070144,3,29,99,GJ,Baraiya Vijaybhai Ravjibhai,INC,,,,,False,29,2017,AE
1300894,Bipinkumar Bhupatray Sanghavi,IND,15162,13414,9.96315992750824,4,29,99,GJ,Bipinkumar Bhupatray Sanghavi,IND,,,,,False,29,2017,AE
1300895,Nota,NOTA,15161,2653,1.97049823227071,5,29,99,GJ,Nota,NOTA,,,,,False,29,2017,AE
1300896,Chhaganbhai Bachubhai Parmar,VPP,15183,1234,0.916545351911821,6,29,99,GJ,Chhaganbhai Bachubhai Parmar,VPP,,,,,False,29,2017,AE
1300897,Bhaliya Chandubhai Babubhai,GJCP,15203,1021,0.758341008348435,7,29,99,GJ,Bhaliya Chandubhai Babubhai,GJCP,,,,,False,29,2017,AE
1300898,Gohil Pratapbhai Nanjibhai,AINHCP,15190,989,0.734573219644077,8,29,99,GJ,Gohil Pratapbhai Nanjibhai,AINHCP,,,,,False,29,2017,AE
1300899,Kalsariya Ranchhodbhai Jadavbhai,IND,15162,938,0.696693306396506,9,29,99,GJ,Kalsariya Ranchhodbhai Jadavbhai,IND,,,,,False,29,2017,AE
1300977,Kanubhai Mathurambhai Baraiya,INC,15160,66862,47.1649666342179,1,29,100,GJ,Kanubhai Mathurambhai Baraiya,INC,,,,,False,29,2017,AE
1300978,Chauhan Gautambhai Gopabhai,BJP,15159,65083,45.9100464158237,2,29,100,GJ,Chauhan Gautambhai Gopabhai,BJP,,,,,False,29,2017,AE
1300979,Nota,NOTA,15161,2918,2.05837953753474,3,29,100,GJ,Nota,NOTA,,,,,False,29,2017,AE
1300980,Kishorbhai Rudabhai Vaghela,VPP,15183,1393,0.982632863531835,4,29,100,GJ,Kishorbhai Rudabhai Vaghela,VPP,,,,,False,29,2017,AE
1300981,Kagada Rameshbhai Punabhai,AINHCP,15190,1250,0.881759568854841,5,29,100,GJ,Kagada Rameshbhai Punabhai,AINHCP,,,,,False,29,2017,AE
1300982,Vegad Hareshbhai Babubhai,IND,15162,1242,0.87611630761417,6,29,100,GJ,Vegad Hareshbhai Babubhai,IND,,,,,False,29,2017,AE
1300983,Bhaliya Harshadbhai.V,IND,15162,891,0.62851822067973,7,29,100,GJ,Bhaliya Harshadbhai.V,IND,,,,,False,29,2017,AE
1300984,Bambhania Shantibhai Arjanbhai,IND,15162,632,0.445817638013007,8,29,100,GJ,Bambhania Shantibhai Arjanbhai,IND,,,,,False,29,2017,AE
1300985,Bhil Chhaganbhai Hajabhai,GJCP,15203,578,0.407725624638478,9,29,100,GJ,Bhil Chhaganbhai Hajabhai,GJCP,,,,,False,29,2017,AE
1300986,Bharatkumar Nandlal Nimavat,IND,15162,292,0.20597903528449,10,29,100,GJ,Bharatkumar Nandlal Nimavat,IND,,,,,False,29,2017,AE
1300987,Baraiya Sureshbhai Nathabhai,IND,15162,226,0.159422130048955,11,29,100,GJ,Baraiya Sureshbhai Nathabhai,IND,,,,,False,29,2017,AE
1300988,Goradiya Sureshbhai Shantilal (Kansara),IND,15162,216,0.152368053498116,12,29,100,GJ,Goradiya Sureshbhai Shantilal (Kansara),IND,,,,,False,29,2017,AE
1300989,Chauhan Harshadbhai Manubhai,IND,15162,179,0.126267970260013,13,29,100,GJ,Chauhan Harshadbhai Manubhai,IND,,,,,False,29,2017,AE
1301069,Nakrani Keshubhai Hirjibhai,BJP,15159,50635,44.6879302432308,1,29,101,GJ,Nakrani Keshubhai Hirjibhai,BJP,,,,,False,29,2017,AE
1301070,Kheni Pareshbhai Manjibhai,INC,15160,48759,43.0322660359374,2,29,101,GJ,Kheni Pareshbhai Manjibhai,INC,,,,,False,29,2017,AE
1301071,Chavada Manubhai Parsottambhai,GJCP,15203,6645,5.86454619267836,3,29,101,GJ,Chavada Manubhai Parsottambhai,GJCP,,,,,False,29,2017,AE
1301072,Nota,NOTA,15161,1557,1.37413068803614,4,29,101,GJ,Nota,NOTA,,,,,False,29,2017,AE
1301073,Kantariya Dhirubhai Devjibhai,BSP,15163,1145,1.01051999858791,5,29,101,GJ,Kantariya Dhirubhai Devjibhai,BSP,,,,,False,29,2017,AE
1301074,Sarvaiya Manubhai Rudabhai,IND,15162,1027,0.906379072969251,6,29,101,GJ,Sarvaiya Manubhai Rudabhai,IND,,,,,False,29,2017,AE
1301075,Gohil Darbar Kanubhai Hamirbhai,IND,15162,938,0.827832103646697,7,29,101,GJ,Gohil Darbar Kanubhai Hamirbhai,IND,,,,,False,29,2017,AE
1301076,Khasiya Devjibhai Dudabhai,NBNM,15207,627,0.55335898612631,8,29,101,GJ,Khasiya Devjibhai Dudabhai,NBNM,,,,,False,29,2017,AE
1301077,Gosai Ashokgiri Shantigiri,YuS,15201,443,0.390969746178557,9,29,101,GJ,Gosai Ashokgiri Shantigiri,YuS,,,,,False,29,2017,AE
1301078,Gosai Amitpari Nathupari,IND,15162,440,0.388322095527235,10,29,101,GJ,Gosai Amitpari Nathupari,IND,,,,,False,29,2017,AE
1301079,Dabhi Gabhabhai Balubhai,AINHCP,15190,406,0.358315388145585,11,29,101,GJ,Dabhi Gabhabhai Balubhai,AINHCP,,,,,False,29,2017,AE
1301080,Parmar Kalpeshbhai Mathurbhai,VPP,15183,352,0.310657676421788,12,29,101,GJ,Parmar Kalpeshbhai Mathurbhai,VPP,,,,,False,29,2017,AE
1301081,Ajameri Sulemanbhai Hasanbhai,IND,15162,334,0.294771772513856,13,29,101,GJ,Ajameri Sulemanbhai Hasanbhai,IND,,,,,False,29,2017,AE
1301154,Baraiya Bhikhabhai Ravajibhai,BJP,15159,69479,46.4608841604087,1,29,102,GJ,Baraiya Bhikhabhai Ravajibhai,BJP,,,,,False,29,2017,AE
1301155,Rathod Pravinbhai Jinabhai,INC,15160,55290,36.9726433199815,2,29,102,GJ,Rathod Pravinbhai Jinabhai,INC,,,,,True,29,2017,AE
1301156,Gadhavi Pravinbhai Mulubhai,GJCP,15203,7784,5.20519181773804,3,29,102,GJ,Gadhavi Pravinbhai Mulubhai,GJCP,,,,,False,29,2017,AE
1301157,Rathod Bharatbhai Madhubhai,AINHCP,15190,3384,2.26289428458704,4,29,102,GJ,Rathod Bharatbhai Madhubhai,AINHCP,,,,,False,29,2017,AE
1301158,Nota,NOTA,15161,2698,1.8041633510094,5,29,102,GJ,Nota,NOTA,,,,,False,29,2017,AE
1301159,Dankhara Nanubhai Bhikhabhai,IND,15162,2429,1.62428197909631,6,29,102,GJ,Dankhara Nanubhai Bhikhabhai,IND,,,,,False,29,2017,AE
1301160,Laxmanbhai Jivabhai Malankiya,IND,15162,1588,1.06190192787358,7,29,102,GJ,Laxmanbhai Jivabhai Malankiya,IND,,,,,False,29,2017,AE
1301161,Rakesh G. Pagi,LOKSP,15258,1354,0.905425195428739,8,29,102,GJ,Rakesh G. Pagi,LOKSP,,,,,False,29,2017,AE
1301162,Mevada Maheshbhai Shamjibhai,BSP,15163,1063,0.710832335849889,9,29,102,GJ,Mevada Maheshbhai Shamjibhai,BSP,,,,,True,29,2017,AE
1301163,Vaghela Vipulbhai Bharatbhai,JANSAPP,15233,855,0.571741907010023,10,29,102,GJ,Vaghela Vipulbhai Bharatbhai,JANSAPP,,,,,False,29,2017,AE
1301164,Lallubhai Jinabhai Dakhara,IND,15162,831,0.555693011374654,11,29,102,GJ,Lallubhai Jinabhai Dakhara,IND,,,,,False,29,2017,AE
1301165,Saiyad Usmanbhai Nathabhai,IND,15162,822,0.549674675511391,12,29,102,GJ,Saiyad Usmanbhai Nathabhai,IND,,,,,False,29,2017,AE
1301166,Chauhan Narshibhai Ukabhai,IND,15162,765,0.511558548377389,13,29,102,GJ,Chauhan Narshibhai Ukabhai,IND,,,,,False,29,2017,AE
1301167,Nakrani Vijaybhai Maheshbhai,IND,15162,504,0.33702680834275,14,29,102,GJ,Nakrani Vijaybhai Maheshbhai,IND,,,,,False,29,2017,AE
1301168,Jivrajbhai Velajibhai Makwana,IND,15162,357,0.238727322576115,15,29,102,GJ,Jivrajbhai Velajibhai Makwana,IND,,,,,False,29,2017,AE
1301169,Khadrani Asimbhai Pirbhai,IND,15162,340,0.227359354834395,16,29,102,GJ,Khadrani Asimbhai Pirbhai,IND,,,,,False,29,2017,AE
1301249,Parsottambhai Odhavjibhai Solanki,BJP,15159,89555,55.2992972966297,1,29,103,GJ,Parsottambhai Odhavjibhai Solanki,BJP,,,,,False,29,2017,AE
1301250,Kantibhai Tapubhai Chauhan,INC,15160,58562,36.1614365282254,2,29,103,GJ,Kantibhai Tapubhai Chauhan,INC,,,,,False,29,2017,AE
1301251,Nota,NOTA,15161,3463,2.13836711002432,3,29,103,GJ,Nota,NOTA,,,,,False,29,2017,AE
1301252,Solanki Vicky Girishbhai,IND,15162,2143,1.32328059970607,4,29,103,GJ,Solanki Vicky Girishbhai,IND,,,,,False,29,2017,AE
1301253,Gohil Narendrabhai Dipakbhai,LOKSP,15258,1959,1.20966248008595,5,29,103,GJ,Gohil Narendrabhai Dipakbhai,LOKSP,,,,,False,29,2017,AE
1301254,Gohil Digvijaysinh Bhikhubha,BSP,15163,1444,0.891655243105726,6,29,103,GJ,Gohil Digvijaysinh Bhikhubha,BSP,,,,,False,29,2017,AE
1301256,Vinodbhai Kanjibhai Solanki,VPP,15183,1284,0.79,7,29,103,GJ,Vinodbhai Kanjibhai Solanki,VPP,,,,,False,29,2017,AE
1301255,Gohil Pravinsinh Dhirubha,AINHCP,15190,1284,0.79,7,29,103,GJ,Gohil Pravinsinh Dhirubha,AINHCP,,,,,False,29,2017,AE
1301257,Hemantsinh Karansinh Gohil,IND,15162,1200,0.740987736652958,9,29,103,GJ,Hemantsinh Karansinh Gohil,IND,,,,,False,29,2017,AE
1301258,Dakhara Tulasibhai Laxmanbhai,IND,15162,565,0.348881726007434,10,29,103,GJ,Dakhara Tulasibhai Laxmanbhai,IND,,,,,False,29,2017,AE
1301259,Gohil Dilavarsinh Chhanubha,IND,15162,487,0.300717523124992,11,29,103,GJ,Gohil Dilavarsinh Chhanubha,IND,,,,,False,29,2017,AE
1301337,Dave Vibhavari,BJP,15159,87323,54.9716400903991,1,29,104,GJ,Dave Vibhavari,BJP,,,,,False,29,2017,AE
1301338,Rathod Nitaben Babubhai,INC,15160,64881,40.8439355118947,2,29,104,GJ,Rathod Nitaben Babubhai,INC,,,,,False,29,2017,AE
1301339,Nota,NOTA,15161,3459,2.17751225991652,3,29,104,GJ,Nota,NOTA,,,,,False,29,2017,AE
1301340,Chauhan Sureshbhai Chhabildas,VPP,15183,2037,1.28233375930903,4,29,104,GJ,Chauhan Sureshbhai Chhabildas,VPP,,,,,False,29,2017,AE
1301341,Solanki Usmanbhai Ahamadbhai,IND,15162,1151,0.724578378480462,5,29,104,GJ,Solanki Usmanbhai Ahamadbhai,IND,,,,,False,29,2017,AE
1301429,Jitendrabhai Savajibhai Vaghani (Jitu Vaghani),BJP,15159,83701,55.282485502556,1,29,105,GJ,Jitendrabhai Savajibhai Vaghani (Jitu Vaghani),BJP,,,,,False,29,2017,AE
1301430,Gohil Dilipsinh Ajitsinh,INC,15160,56516,37.327450695481,2,29,105,GJ,Gohil Dilipsinh Ajitsinh,INC,,,,,False,29,2017,AE
1301431,Dharamashibhai Ramjibhai Dhapa,VPP,15183,3501,2.31232579950596,3,29,105,GJ,Dharamashibhai Ramjibhai Dhapa,VPP,,,,,False,29,2017,AE
1301432,Nota,NOTA,15161,3190,2.10691782360012,4,29,105,GJ,Nota,NOTA,,,,,False,29,2017,AE
1301433,Makawana Sanjaybhai Maganbhai,SHS,15186,1674,1.10563650053498,5,29,105,GJ,Makawana Sanjaybhai Maganbhai,SHS,,,,,False,29,2017,AE
1301434,Pankajbhai Mohanbhai Sandish,IND,15162,1010,0.667080564838909,6,29,105,GJ,Pankajbhai Mohanbhai Sandish,IND,,,,,False,29,2017,AE
1301435,Rathod Dineshbhai Lakhabhai,BSP,15163,774,0.511208274440907,7,29,105,GJ,Rathod Dineshbhai Lakhabhai,BSP,,,,,False,29,2017,AE
1301436,Pathan Vajirkhan Mohabbatkhan,IND,15162,380,0.250980806573055,8,29,105,GJ,Pathan Vajirkhan Mohabbatkhan,IND,,,,,False,29,2017,AE
1301437,Dharaiya Nareshbhai Khimajibhai,IND,15162,305,0.201445121065215,9,29,105,GJ,Dharaiya Nareshbhai Khimajibhai,IND,,,,,False,29,2017,AE
1301438,Gori Sadik A.Satarbhai,IND,15162,215,0.142002298455807,10,29,105,GJ,Gori Sadik A.Satarbhai,IND,,,,,False,29,2017,AE
1301439,Vegad Nathabhai Bachubhai,RaJPa,15216,140,0.0924666129479677,11,29,105,GJ,Vegad Nathabhai Bachubhai,RaJPa,,,,,False,29,2017,AE
1301514,Maru Pravinbhai Tidabhai,INC,15160,69457,50.672649011454,1,29,106,GJ,Maru Pravinbhai Tidabhai,INC,,,,,True,29,2017,AE
1301515,Atmaram Makanbhai Parmar,BJP,15159,60033,43.7973298314729,2,29,106,GJ,Atmaram Makanbhai Parmar,BJP,,,,,True,29,2017,AE
1301516,Nota,NOTA,15161,2868,2.09236156708251,3,29,106,GJ,Nota,NOTA,,,,,False,29,2017,AE
1301517,V. V. Parmar,IND,15162,1361,0.992923323849128,4,29,106,GJ,V. V. Parmar,IND,,,,,False,29,2017,AE
1301518,Solanki Manjibhai Virabhai,NCP,15192,1001,0.730283796600277,5,29,106,GJ,Solanki Manjibhai Virabhai,NCP,,,,,False,29,2017,AE
1301519,Parmar Gagajibhai Polabhai,IND,15162,917,0.669001240242212,6,29,106,GJ,Parmar Gagajibhai Polabhai,IND,,,,,False,29,2017,AE
1301520,Ashokbhai Bhayabhai Gilatar,VPP,15183,614,0.447946304807762,7,29,106,GJ,Ashokbhai Bhayabhai Gilatar,VPP,,,,,False,29,2017,AE
1301521,Solanki Minaben Shantilal,BSP,15163,443,0.323192529364558,8,29,106,GJ,Solanki Minaben Shantilal,BSP,,,,,False,29,2017,AE
1301522,Makwana Dalpatbhai Mohanbhai,AINHCP,15190,376,0.274312395126577,9,29,106,GJ,Makwana Dalpatbhai Mohanbhai,AINHCP,,,,,False,29,2017,AE
1301609,Saurabh Patel (Dalal),BJP,15159,79623,44.9202838864003,1,29,107,GJ,Saurabh Patel (Dalal),BJP,,,,,False,29,2017,AE
1301610,Kalathiya Dhirajlal Madhavjibhai (D.M.Patel),INC,15160,78717,44.4091529669288,2,29,107,GJ,Kalathiya Dhirajlal Madhavjibhai (D.M.Patel),INC,,,,,False,29,2017,AE
1301611,Jamod Somabhai Ramjibhai,IND,15162,4708,2.65607546233089,3,29,107,GJ,Jamod Somabhai Ramjibhai,IND,,,,,False,29,2017,AE
1301612,Dalvadi Mansukhabhai Laxmanbhai,IND,15162,2247,1.26767237974883,4,29,107,GJ,Dalvadi Mansukhabhai Laxmanbhai,IND,,,,,False,29,2017,AE
1301613,Nakabhai Velabhai Baraiya,IND,15162,1828,1.03128843354733,5,29,107,GJ,Nakabhai Velabhai Baraiya,IND,,,,,False,29,2017,AE
1301614,Nota,NOTA,15161,1334,0.752592325137937,6,29,107,GJ,Nota,NOTA,,,,,False,29,2017,AE
1301615,Chavda Gunvantbhai Bhimjibhai,BSP,15163,966,0.544980649237816,7,29,107,GJ,Chavda Gunvantbhai Bhimjibhai,BSP,,,,,True,29,2017,AE
1301616,Khambhalia Surabhai Devayatbhai,SHS,15186,815,0.459792162659234,8,29,107,GJ,Khambhalia Surabhai Devayatbhai,SHS,,,,,False,29,2017,AE
1301617,Jamod Prabhubhai Valjibhai,GJCP,15203,682,0.384758595010549,9,29,107,GJ,Jamod Prabhubhai Valjibhai,GJCP,,,,,False,29,2017,AE
1301618,Ghanshyambhai Ghughabhai Dharajiya,NCP,15192,656,0.370090378778476,10,29,107,GJ,Ghanshyambhai Ghughabhai Dharajiya,NCP,,,,,False,29,2017,AE
1301619,Chauhan Mulshankarbhai Raghurambhai,IND,15162,611,0.344703081453733,11,29,107,GJ,Chauhan Mulshankarbhai Raghurambhai,IND,,,,,False,29,2017,AE
1301620,Babubhai Talshibhai,IND,15162,578,0.326085730082254,12,29,107,GJ,Babubhai Talshibhai,IND,,,,,False,29,2017,AE
1301621,Baliya Ratnabhai Samatbhai,IND,15162,460,0.25951459487515,13,29,107,GJ,Baliya Ratnabhai Samatbhai,IND,,,,,False,29,2017,AE
1301622,Rameshbhai Naranbhai Metaliya,IND,15162,438,0.247103027294165,14,29,107,GJ,Rameshbhai Naranbhai Metaliya,IND,,,,,False,29,2017,AE
1301623,Chauhan Bharatbhai Savjibhai,IND,15162,427,0.240897243503672,15,29,107,GJ,Chauhan Bharatbhai Savjibhai,IND,,,,,False,29,2017,AE
1301624,Jangad Abubakar Rahimbhai,IND,15162,425,0.239768919178128,16,29,107,GJ,Jangad Abubakar Rahimbhai,IND,,,,,False,29,2017,AE
1301625,Bavaliya Jilubhai Mithabhai,AAAP,15172,361,0.203662540760716,17,29,107,GJ,Bavaliya Jilubhai Mithabhai,AAAP,,,,,False,29,2017,AE
1301626,Ramjibhai Kukabhai Sapara,IND,15162,349,0.196892594807451,18,29,107,GJ,Ramjibhai Kukabhai Sapara,IND,,,,,False,29,2017,AE
1301627,Chauhan Munnabhai Hirabhai,IND,15162,335,0.188994324528642,19,29,107,GJ,Chauhan Munnabhai Hirabhai,IND,,,,,False,29,2017,AE
1301628,Chavda Prakashbhai Bharatbhai,IND,15162,325,0.183352702900921,20,29,107,GJ,Chavda Prakashbhai Bharatbhai,IND,,,,,False,29,2017,AE
1301629,Bavaliya Punambhai Dhanjibhai,IND,15162,294,0.165863675854987,21,29,107,GJ,Bavaliya Punambhai Dhanjibhai,IND,,,,,False,29,2017,AE
1301630,Moradiya Niteshbhai Purushotambhai,IND,15162,284,0.160222054227267,22,29,107,GJ,Moradiya Niteshbhai Purushotambhai,IND,,,,,False,29,2017,AE
1301631,Chauhan Kamleshbhai Arjanbhai,VPP,15183,249,0.140476378530244,23,29,107,GJ,Chauhan Kamleshbhai Arjanbhai,VPP,,,,,False,29,2017,AE
1301632,Mer Kalubhai Shivabhai,IND,15162,196,0.110575783903325,24,29,107,GJ,Mer Kalubhai Shivabhai,IND,,,,,False,29,2017,AE
1301633,Patel Maheshbhai Ramnikbhai,IND,15162,184,0.10380583795006,25,29,107,GJ,Patel Maheshbhai Ramnikbhai,IND,,,,,False,29,2017,AE
1301634,Arjanbhai Shivabhai Dharajiya,IND,15162,162,0.0913942703690748,26,29,107,GJ,Arjanbhai Shivabhai Dharajiya,IND,,,,,False,29,2017,AE
1301701,Maheshkumar Kanaiyalal Raval (Mayur Raval),BJP,15159,71459,48.0503237693068,1,29,108,GJ,Maheshkumar Kanaiyalal Raval (Mayur Raval),BJP,,,,,False,29,2017,AE
1301702,Patel Khushmanbhai Shantilal,INC,15160,69141,46.4916586536845,2,29,108,GJ,Patel Khushmanbhai Shantilal,INC,,,,,False,29,2017,AE
1301703,Nota,NOTA,15161,2731,1.83637378376379,3,29,108,GJ,Nota,NOTA,,,,,False,29,2017,AE
1301704,Bhadrikkumar Hirabhai Solanki,BSP,15163,1499,1.00795470591795,4,29,108,GJ,Bhadrikkumar Hirabhai Solanki,BSP,,,,,False,29,2017,AE
1301705,Patel Chandrakantbhai Bhailalbhai,INCP,15285,1155,0.776642885480476,5,29,108,GJ,Patel Chandrakantbhai Bhailalbhai,INCP,,,,,False,29,2017,AE
1301706,Dr. Patel Dineshbhai Shanabhai,NBNM,15207,971,0.652917958269733,6,29,108,GJ,Dr. Patel Dineshbhai Shanabhai,NBNM,,,,,False,29,2017,AE
1301707,Parmar Tarakbhai Himmatbhai,GJCP,15203,967,0.650228285939065,7,29,108,GJ,Parmar Tarakbhai Himmatbhai,GJCP,,,,,False,29,2017,AE
1301708,Purshottam Alias Kanubhai Mathurbhai Chauhan,IND,15162,794,0.53389995763766,8,29,108,GJ,Purshottam Alias Kanubhai Mathurbhai Chauhan,IND,,,,,False,29,2017,AE
1301774,Parmar Rajendrasinh Dhirsinh,INC,15160,86254,50.8051880735566,1,29,109,GJ,Parmar Rajendrasinh Dhirsinh,INC,,,,,True,29,2017,AE
1301775,Ramanbhai Bhikhabhai Solanki,BJP,15159,74786,44.0503257271431,2,29,109,GJ,Ramanbhai Bhikhabhai Solanki,BJP,,,,,False,29,2017,AE
1301776,Nota,NOTA,15161,2175,1.28111489391779,3,29,109,GJ,Nota,NOTA,,,,,False,29,2017,AE
1301777,Parmar Rakeshkumar Pravinbhai,BSP,15163,1944,1.14505165690859,4,29,109,GJ,Parmar Rakeshkumar Pravinbhai,BSP,,,,,False,29,2017,AE
1301778,Makwana Prakashkumar Viththalbhai,IND,15162,1912,1.12620306996359,5,29,109,GJ,Makwana Prakashkumar Viththalbhai,IND,,,,,False,29,2017,AE
1301779,Arpankumar Bhaskarbhai Patel,IND,15162,1250,0.736272927538963,6,29,109,GJ,Arpankumar Bhaskarbhai Patel,IND,,,,,False,29,2017,AE
1301780,Kalpeshkumar Jayantibhai Patel (Shivabhau),SHS,15186,963,0.567224663376017,7,29,109,GJ,Kalpeshkumar Jayantibhai Patel (Shivabhau),SHS,,,,,False,29,2017,AE
1301781,Patel Shashikantbhai Ramanbhai,MaNPa,15245,490,0.288618987595273,8,29,109,GJ,Patel Shashikantbhai Ramanbhai,MaNPa,,,,,False,29,2017,AE
1301846,Amit Chavda,INC,15160,90603,58.3034639862547,1,29,110,GJ,Amit Chavda,INC,,,,,True,29,2017,AE
1301847,Hansakuvarba Janaksinh Raj,BJP,15159,56974,36.6630415897142,2,29,110,GJ,Hansakuvarba Janaksinh Raj,BJP,,,,,False,29,2017,AE
1301848,Nota,NOTA,15161,3880,2.49679856369732,3,29,110,GJ,Nota,NOTA,,,,,False,29,2017,AE
1301849,Prakashbhai Maganbhai Parmar,BSP,15163,1071,0.689193624154595,4,29,110,GJ,Prakashbhai Maganbhai Parmar,BSP,,,,,False,29,2017,AE
1301850,Rajendrasinh Fatesinh Mahida,IND,15162,749,0.481985083559096,5,29,110,GJ,Rajendrasinh Fatesinh Mahida,IND,,,,,False,29,2017,AE
1301851,Hiteshkumar Laljibhai Rabari,IND,15162,684,0.440157272569321,6,29,110,GJ,Hiteshkumar Laljibhai Rabari,IND,,,,,False,29,2017,AE
1301852,Gajendrasinh Harisinh Raj,AINHCP,15190,679,0.436939748647031,7,29,110,GJ,Gajendrasinh Harisinh Raj,AINHCP,,,,,False,29,2017,AE
1301853,Pravinbhai Muljibhai Patel,LOGAP,15236,277,0.178250825294886,8,29,110,GJ,Pravinbhai Muljibhai Patel,LOGAP,,,,,False,29,2017,AE
1301854,Yusufbhai Abhesang Raj (Painter),IND,15162,276,0.177607320510427,9,29,110,GJ,Yusufbhai Abhesang Raj (Painter),IND,,,,,False,29,2017,AE
1301855,Kaushikkumar Chavda,IND,15162,206,0.132561985598362,10,29,110,GJ,Kaushikkumar Chavda,IND,,,,,False,29,2017,AE
1301930,Govindbhai Raijibhai Parmar,BJP,15159,68326,38.6068403595906,1,29,111,GJ,Govindbhai Raijibhai Parmar,BJP,,,,,True,29,2017,AE
1301931,Kapilaben Gopalsinh Chavda,INC,15160,66443,37.5428723181846,2,29,111,GJ,Kapilaben Gopalsinh Chavda,INC,,,,,False,29,2017,AE
1301932,Patel Jayantbhai Ramanbhai (Boskey),NCP,15192,35051,19.805174625238,3,29,111,GJ,Patel Jayantbhai Ramanbhai (Boskey),NCP,,,,,False,29,2017,AE
1301933,Nota,NOTA,15161,3710,2.09629391057696,4,29,111,GJ,Nota,NOTA,,,,,False,29,2017,AE
1301934,Yakubmiya Abdulmiya Malek,IND,15162,1286,0.726639883828024,5,29,111,GJ,Yakubmiya Abdulmiya Malek,IND,,,,,False,29,2017,AE
1301935,Parmar Jayantibhai Babubhai,IND,15162,830,0.468982195627729,6,29,111,GJ,Parmar Jayantibhai Babubhai,IND,,,,,False,29,2017,AE
1301936,Parmar Rameshbhai Bhikhabhai,ADPT,15260,662,0.374055678922358,7,29,111,GJ,Parmar Rameshbhai Bhikhabhai,ADPT,,,,,False,29,2017,AE
1301937,Patel Bharatbhai Harmanbhai,IND,15162,342,0.193243266150221,8,29,111,GJ,Patel Bharatbhai Harmanbhai,IND,,,,,True,29,2017,AE
1301938,Patel Sunilbhai Mahendrabhai,IND,15162,329,0.185897761881353,9,29,111,GJ,Patel Sunilbhai Mahendrabhai,IND,,,,,True,29,2017,AE
1302014,Kantibhai Sodhaparmar (Bhagat),INC,15160,98168,50.4188387560668,1,29,112,GJ,Kantibhai Sodhaparmar (Bhagat),INC,,,,,True,29,2017,AE
1302015,Yogesh Patel (Bapaji),BJP,15159,92882,47.7039624046634,2,29,112,GJ,Yogesh Patel (Bapaji),BJP,,,,,False,29,2017,AE
1302016,Nota,NOTA,15161,2646,1.35897896818263,3,29,112,GJ,Nota,NOTA,,,,,False,29,2017,AE
1302017,Dave Jatinbhai Dineshchandra,IND,15162,1009,0.518219871087029,4,29,112,GJ,Dave Jatinbhai Dineshchandra,IND,,,,,True,29,2017,AE
1302083,Niranjan Patel,INC,15160,81127,50.9947262224289,1,29,113,GJ,Niranjan Patel,INC,,,,,True,29,2017,AE
1302084,Chandrakant Dahyabhai Patel (C.D.Patel),BJP,15159,70483,44.3041316495797,2,29,113,GJ,Chandrakant Dahyabhai Patel (C.D.Patel),BJP,,,,,False,29,2017,AE
1302085,Nota,NOTA,15161,2041,1.28292968087045,3,29,113,GJ,Nota,NOTA,,,,,False,29,2017,AE
1302086,Gohel Harshadbhai Ishvarbhai,BSP,15163,1684,1.05852698803814,4,29,113,GJ,Gohel Harshadbhai Ishvarbhai,BSP,,,,,False,29,2017,AE
1302087,Talpada Kiritbhai Chhaganbhai,IND,15162,1157,0.727265870047583,5,29,113,GJ,Talpada Kiritbhai Chhaganbhai,IND,,,,,False,29,2017,AE
1302088,Kachhia Kevalkumar Thakorbhai,IND,15162,1071,0.673208078496941,6,29,113,GJ,Kachhia Kevalkumar Thakorbhai,IND,,,,,False,29,2017,AE
1302089,Somabhai Jenabhai Talpada,IND,15162,925,0.581435548655155,7,29,113,GJ,Somabhai Jenabhai Talpada,IND,,,,,False,29,2017,AE
1302090,Gohel Thakorsinh Takhatsinh,IND,15162,601,0.377775961882971,8,29,113,GJ,Gohel Thakorsinh Takhatsinh,IND,,,,,False,29,2017,AE
1302157,Punambhai Madhabhai Parmar,INC,15160,72423,48.294556584712,1,29,114,GJ,Punambhai Madhabhai Parmar,INC,,,,,False,29,2017,AE
1302158,Patel Vipulkumar Vinubhai,BJP,15159,70035,46.7021425570648,2,29,114,GJ,Patel Vipulkumar Vinubhai,BJP,,,,,True,29,2017,AE
1302159,Nota,NOTA,15161,3112,2.07520622028394,3,29,114,GJ,Nota,NOTA,,,,,False,29,2017,AE
1302160,Vhora Bilal M.,IND,15162,1663,1.10895499496535,4,29,114,GJ,Vhora Bilal M.,IND,,,,,False,29,2017,AE
1302161,Bharatbhai Babubhai Talpada,BSP,15163,1427,0.951580744326858,5,29,114,GJ,Bharatbhai Babubhai Talpada,BSP,,,,,False,29,2017,AE
1302162,Talpada Kamleshkumar Gordhanbhai,IND,15162,868,0.578817159128039,6,29,114,GJ,Talpada Kamleshkumar Gordhanbhai,IND,,,,,False,29,2017,AE
1302163,Jani Sunilkumar Maneklal (Brahman),IND,15162,433,0.288741739518941,7,29,114,GJ,Jani Sunilkumar Maneklal (Brahman),IND,,,,,False,29,2017,AE
1302227,Kesarisinh Jesangbhai Solanki,BJP,15159,81509,48.0292504139487,1,29,115,GJ,Kesarisinh Jesangbhai Solanki,BJP,,,,,False,29,2017,AE
1302228,Patel Sanjaybhai Haribhai,INC,15160,79103,46.6115127837979,2,29,115,GJ,Patel Sanjaybhai Haribhai,INC,,,,,True,29,2017,AE
1302229,Nota,NOTA,15161,4090,2.41003612107927,3,29,115,GJ,Nota,NOTA,,,,,False,29,2017,AE
1302230,Vijaysinh Bhagvansinh Mahida,IND,15162,1936,1.14078971403654,4,29,115,GJ,Vijaysinh Bhagvansinh Mahida,IND,,,,,False,29,2017,AE
1302231,Bhailalbhai Kalubhai Pandav,BSP,15163,795,0.468454453852816,5,29,115,GJ,Bhailalbhai Kalubhai Pandav,BSP,,,,,False,29,2017,AE
1302232,Vaghela Maganbhai Dahyabhai,IND,15162,571,0.336462255534538,6,29,115,GJ,Vaghela Maganbhai Dahyabhai,IND,,,,,False,29,2017,AE
1302233,Chauhan Mahipatsinh Kesarisinh,AINHCP,15190,549,0.32349873605685,7,29,115,GJ,Chauhan Mahipatsinh Kesarisinh,AINHCP,,,,,False,29,2017,AE
1302234,Jayeshbhai Ghanshyambhai Bhatt (Maharaj),IND,15162,442,0.260448891324459,8,29,115,GJ,Jayeshbhai Ghanshyambhai Bhatt (Maharaj),IND,,,,,False,29,2017,AE
1302235,Chhasatiya Rajendrasinh Giravatsinh,IND,15162,353,0.208005562528357,9,29,115,GJ,Chhasatiya Rajendrasinh Giravatsinh,IND,,,,,False,29,2017,AE
1302236,Patel Yogeshkumar Dhulabhai,SHS,15186,203,0.119617929725939,10,29,115,GJ,Patel Yogeshkumar Dhulabhai,SHS,,,,,False,29,2017,AE
1302237,Malek Anvarmiya Kadarmiya,INL,15273,156,0.091923138114515,11,29,115,GJ,Malek Anvarmiya Kadarmiya,INL,,,,,False,29,2017,AE
1302308,Desai Pankajbhai Vinubhai(Gotiyo),BJP,15159,90221,53.8935283084238,1,29,116,GJ,Desai Pankajbhai Vinubhai(Gotiyo),BJP,,,,,False,29,2017,AE
1302309,Jitendra Suryakantbhai Patel (Azad),INC,15160,69383,41.4459457844999,2,29,116,GJ,Jitendra Suryakantbhai Patel (Azad),INC,,,,,False,29,2017,AE
1302310,Nota,NOTA,15161,2363,1.41153841558844,3,29,116,GJ,Nota,NOTA,,,,,False,29,2017,AE
1302311,Chauhan Mahipalsinh Fatesinh,NCP,15192,1515,0.90498548439124,4,29,116,GJ,Chauhan Mahipalsinh Fatesinh,NCP,,,,,False,29,2017,AE
1302312,Vankavala Imaranbhai Bilalbhai,IND,15162,1078,0.643943466781357,5,29,116,GJ,Vankavala Imaranbhai Bilalbhai,IND,,,,,False,29,2017,AE
1302313,Rana Pratapsinh Chhatrasinh,IND,15162,925,0.552548893110163,6,29,116,GJ,Rana Pratapsinh Chhatrasinh,IND,,,,,False,29,2017,AE
1302314,Solanki Bipinbhai Dalabhai(Advocate),BSP,15163,673,0.402016654122313,7,29,116,GJ,Solanki Bipinbhai Dalabhai(Advocate),BSP,,,,,False,29,2017,AE
1302315,Raginiben Mahendrabhai Rana,IND,15162,327,0.195333500591376,8,29,116,GJ,Raginiben Mahendrabhai Rana,IND,,,,,False,29,2017,AE
1302316,Mirza Mujjafarbeg Harunbeg,IND,15162,314,0.187567948580098,9,29,116,GJ,Mirza Mujjafarbeg Harunbeg,IND,,,,,False,29,2017,AE
1302317,Rav Pritesh Kanubhai,YuS,15201,243,0.145156087595426,10,29,116,GJ,Rav Pritesh Kanubhai,YuS,,,,,False,29,2017,AE
1302318,Krupanivasi Manishkumar Kirtikumar,IND,15162,185,0.110509778622032,11,29,116,GJ,Krupanivasi Manishkumar Kirtikumar,IND,,,,,False,29,2017,AE
1302319,Malek Gulamnabi Yasinmiya,IND,15162,179,0.10692567769375,12,29,116,GJ,Malek Gulamnabi Yasinmiya,IND,,,,,False,29,2017,AE
1302378,Chauhan Arjunsinh Udesinh,BJP,15159,88913,51.86,1,29,117,GJ,Chauhan Arjunsinh Udesinh,BJP,,,,,False,29,2017,AE
1302379,Gautambhai Ravjibhai Chauhan,INC,15160,67995,39.66,2,29,117,GJ,Gautambhai Ravjibhai Chauhan,INC,,,,,True,29,2017,AE
1302380,Chuahan Juvansinh Gandabhai,IND,15162,9813,5.72353455818022,3,29,117,GJ,Chuahan Juvansinh Gandabhai,IND,,,,,False,29,2017,AE
1302381,Nota,NOTA,15161,2526,1.47331583552055,4,29,117,GJ,Nota,NOTA,,,,,False,29,2017,AE
1302382,Gohel Harshadkumar Devjibhai,BSP,15163,2203,1.28492271799358,5,29,117,GJ,Gohel Harshadkumar Devjibhai,BSP,,,,,False,29,2017,AE
1302445,Indrajitsinh Natvarsinh Parmar,INC,15160,78006,49.9567715037752,1,29,118,GJ,Indrajitsinh Natvarsinh Parmar,INC,,,,,False,29,2017,AE
1302446,Bharatsinh Raysingbhai Parmar,BJP,15159,64405,41.2463896200375,2,29,118,GJ,Bharatsinh Raysingbhai Parmar,BJP,,,,,False,29,2017,AE
1302447,Vaghela Manojkumar Natubhai,AINHCP,15190,5248,3.36093552870051,3,29,118,GJ,Vaghela Manojkumar Natubhai,AINHCP,,,,,False,29,2017,AE
1302448,Nota,NOTA,15161,3838,2.45794027422877,4,29,118,GJ,Nota,NOTA,,,,,False,29,2017,AE
1302449,Vaghela Kamleshkumar Laxmansinh,IND,15162,1215,0.778112932044803,5,29,118,GJ,Vaghela Kamleshkumar Laxmansinh,IND,,,,,False,29,2017,AE
1302450,Talpada Ganpatbhai Dahyabhai,BSP,15163,1172,0.750574778894247,6,29,118,GJ,Talpada Ganpatbhai Dahyabhai,BSP,,,,,False,29,2017,AE
1302451,Vimal Patel,IND,15162,1029,0.658994409114488,7,29,118,GJ,Vimal Patel,IND,,,,,False,29,2017,AE
1302452,Thakor Bhishmapalsinh Jitendrasinh,ISP,15231,873,0.559088551172933,8,29,118,GJ,Thakor Bhishmapalsinh Jitendrasinh,ISP,,,,,False,29,2017,AE
1302453,Mohd. Ansar Shekh,MaNPa,15245,361,0.231192402031419,9,29,118,GJ,Mohd. Ansar Shekh,MaNPa,,,,,False,29,2017,AE
1302505,Kantibhai Shabhaibhai Parmar,INC,15160,87567,49.3813723721014,1,29,119,GJ,Kantibhai Shabhaibhai Parmar,INC,,,,,False,29,2017,AE
1302506,Ramsinh Parmar,BJP,15159,80539,45.418095281061,2,29,119,GJ,Ramsinh Parmar,BJP,,,,,False,29,2017,AE
1302507,Nota,NOTA,15161,3811,2.14912478570784,3,29,119,GJ,Nota,NOTA,,,,,False,29,2017,AE
1302508,Bipinkumar (Advocate),BSP,15163,1783,1.00548136786068,4,29,119,GJ,Bipinkumar (Advocate),BSP,,,,,False,29,2017,AE
1302509,Thakor Karnpalsinh Gajpalsinh,LOGAP,15236,1462,0.824460886041685,5,29,119,GJ,Thakor Karnpalsinh Gajpalsinh,LOGAP,,,,,False,29,2017,AE
1302510,Pathan Muktyarkhan Akbarkhan,JD(U),15182,1179,0.664869620138951,6,29,119,GJ,Pathan Muktyarkhan Akbarkhan,JD(U),,,,,False,29,2017,AE
1302511,Patel Shantilal Chhotalal,IND,15162,987,0.556595687088333,7,29,119,GJ,Patel Shantilal Chhotalal,IND,,,,,True,29,2017,AE
1302570,Dabhi Kalabhai Raijibhai,INC,15160,85195,42.6738862563989,1,29,120,GJ,Dabhi Kalabhai Raijibhai,INC,,,,,False,29,2017,AE
1302571,Dabhi Kanubhai Bhulabhai,BJP,15159,57969,29.0364752907704,2,29,120,GJ,Dabhi Kanubhai Bhulabhai,BJP,,,,,True,29,2017,AE
1302572,Bimal Shah,IND,15162,46928,23.5060758758177,3,29,120,GJ,Bimal Shah,IND,,,,,False,29,2017,AE
1302573,Khokhar Majidali Abdulmiya,NCP,15192,2849,1.42705442742509,4,29,120,GJ,Khokhar Majidali Abdulmiya,NCP,,,,,False,29,2017,AE
1302574,Nota,NOTA,15161,2590,1.29732220675008,5,29,120,GJ,Nota,NOTA,,,,,False,29,2017,AE
1302575,Rajendrasinh Nansinh Zala,IND,15162,1503,0.752847597198986,6,29,120,GJ,Rajendrasinh Nansinh Zala,IND,,,,,False,29,2017,AE
1302576,Pathan Amanullakhaa Sitabkhaa,JD(U),15182,1312,0.657176345658729,7,29,120,GJ,Pathan Amanullakhaa Sitabkhaa,JD(U),,,,,False,29,2017,AE
1302577,Parmar Dilipsinh Kanubhai,ISP,15231,1296,0.649161999979964,8,29,120,GJ,Parmar Dilipsinh Kanubhai,ISP,,,,,False,29,2017,AE
1302631,Ajitsinh Parvatsinh Chauhan,INC,15160,84620,49.4434543807882,1,29,121,GJ,Ajitsinh Parvatsinh Chauhan,INC,,,,,False,29,2017,AE
1302632,Chauhan Mansinh Kohyabhai,BJP,15159,74018,43.2487072365537,2,29,121,GJ,Chauhan Mansinh Kohyabhai,BJP,,,,,False,29,2017,AE
1302633,Patel Hitendra(Hitesh)Kumar Baldevbhai,NCP,15192,5974,3.49060737970726,3,29,121,GJ,Patel Hitendra(Hitesh)Kumar Baldevbhai,NCP,,,,,False,29,2017,AE
1302634,Nota,NOTA,15161,3727,2.17768558824388,4,29,121,GJ,Nota,NOTA,,,,,False,29,2017,AE
1302635,Zala Abhesinh Amarbhai,IND,15162,2058,1.20248911741505,5,29,121,GJ,Zala Abhesinh Amarbhai,IND,,,,,False,29,2017,AE
1302636,Shaikh Mustakbhai Aiyubbhai,JD(U),15182,748,0.43705629729177,6,29,121,GJ,Shaikh Mustakbhai Aiyubbhai,JD(U),,,,,False,29,2017,AE
1302687,Rathod Ratansinh Magansinh,IND,15162,55098,31.476297658901,1,29,122,GJ,Rathod Ratansinh Magansinh,IND,,,,,False,29,2017,AE
1302688,Patel Manojkumar Rayajibhai,BJP,15159,51898,29.6482067570809,2,29,122,GJ,Patel Manojkumar Rayajibhai,BJP,,,,,False,29,2017,AE
1302689,Parmar Paranjayadityasinhji Krishnakumarsinhji,INC,15160,47093,26.9032140123167,3,29,122,GJ,Parmar Paranjayadityasinhji Krishnakumarsinhji,INC,,,,,False,29,2017,AE
1302690,Solanki Bhupendrasinh Prabhatsinh,IND,15162,8660,4.94727100305062,4,29,122,GJ,Solanki Bhupendrasinh Prabhatsinh,IND,,,,,False,29,2017,AE
1302691,Hirenkumar Girishbhai Patel,RSPS,15204,4654,2.65872970533459,5,29,122,GJ,Hirenkumar Girishbhai Patel,RSPS,,,,,False,29,2017,AE
1302692,Nota,NOTA,15161,3419,1.9532008729134,6,29,122,GJ,Nota,NOTA,,,,,False,29,2017,AE
1302693,Vishalsinh Mahendrasinh Solanki,IND,15162,1553,0.887195365789563,7,29,122,GJ,Vishalsinh Mahendrasinh Solanki,IND,,,,,False,29,2017,AE
1302694,Patel Haridas Revabhai,BSP,15163,1053,0.601556162380174,8,29,122,GJ,Patel Haridas Revabhai,BSP,,,,,False,29,2017,AE
1302695,Sheikh Mohammadanver Mohammadishak,IND,15162,992,0.566708179564228,9,29,122,GJ,Sheikh Mohammadanver Mohammadishak,IND,,,,,False,29,2017,AE
1302696,Shekh Jakirhusen Husenmiya,IND,15162,626,0.357620282668555,10,29,122,GJ,Shekh Jakirhusen Husenmiya,IND,,,,,False,29,2017,AE
1302746,Dindor Kuberbhai Mansukhbhai,BJP,15159,68362,49.0676275103716,1,29,123,GJ,Dindor Kuberbhai Mansukhbhai,BJP,,,,,False,29,2017,AE
1302747,Damor Gendalbhai Motibhai,INC,15160,61938,44.4567261451888,2,29,123,GJ,Damor Gendalbhai Motibhai,INC,,,,,True,29,2017,AE
1302748,Nota,NOTA,15161,3009,2.15974505103285,3,29,123,GJ,Nota,NOTA,,,,,False,29,2017,AE
1302749,Valavai Rajendrakumar Babalbhai (Raju Valavai),NCP,15192,2378,1.70683739825727,4,29,123,GJ,Valavai Rajendrakumar Babalbhai (Raju Valavai),NCP,,,,,False,29,2017,AE
1302750,Vagadiya Yogeshbhai Masurbhai,AINHCP,15190,2219,1.5927132828986,5,29,123,GJ,Vagadiya Yogeshbhai Masurbhai,AINHCP,,,,,False,29,2017,AE
1302751,Bariya Ramabhai Kohyabhai,BSP,15163,1416,1.01635061225075,6,29,123,GJ,Bariya Ramabhai Kohyabhai,BSP,,,,,False,29,2017,AE
1302799,Ahir(Bharwad) Jethabhai Ghelabhai,BJP,15159,100383,59.553628106479,1,29,124,GJ,Ahir(Bharwad) Jethabhai Ghelabhai,BJP,,,,,False,29,2017,AE
1302800,Chauhan Dushyantsinh Narvatsinh,INC,15160,59314,35.1888656197533,2,29,124,GJ,Chauhan Dushyantsinh Narvatsinh,INC,,,,,False,29,2017,AE
1302801,Nota,NOTA,15161,5101,3.02624007024246,3,29,124,GJ,Nota,NOTA,,,,,False,29,2017,AE
1302802,Gadhavi Lalabhai Gangdasbhai,SHS,15186,2268,1.34552293262299,4,29,124,GJ,Gadhavi Lalabhai Gangdasbhai,SHS,,,,,False,29,2017,AE
1302803,Vankar Prafulchandr Punjabhai,BSP,15163,1493,0.885743270902176,5,29,124,GJ,Vankar Prafulchandr Punjabhai,BSP,,,,,False,29,2017,AE
1302849,Khant Bhupendrasinh Vechatbhai,IND,15162,58513,46.4875901738329,1,29,125,GJ,Khant Bhupendrasinh Vechatbhai,IND,,,,,False,29,2017,AE
1302850,Dindor Vikramsinh Ramsinh,BJP,15159,54147,43.0188769186767,2,29,125,GJ,Dindor Vikramsinh Ramsinh,BJP,,,,,False,29,2017,AE
1302851,Damor Alpeshbhai Tersingbhai,BTP,15232,8246,6.55130771919788,3,29,125,GJ,Damor Alpeshbhai Tersingbhai,BTP,,,,,False,29,2017,AE
1302852,Nota,NOTA,15161,4962,3.94222518829249,4,29,125,GJ,Nota,NOTA,,,,,False,29,2017,AE
1302906,C. K. Raulji,BJP,15159,75149,42.0035660188585,1,29,126,GJ,C. K. Raulji,BJP,,,,,False,29,2017,AE
1302907,Parmar Rajendrasinh Balvantsinh (Lalabhai),INC,15160,74891,41.8593602405665,2,29,126,GJ,Parmar Rajendrasinh Balvantsinh (Lalabhai),INC,,,,,False,29,2017,AE
1302908,Parmar Jashvantsinh Salamsinh,IND,15162,18856,10.5393184320695,3,29,126,GJ,Parmar Jashvantsinh Salamsinh,IND,,,,,False,29,2017,AE
1302909,Nota,NOTA,15161,3050,1.70475823174651,4,29,126,GJ,Nota,NOTA,,,,,False,29,2017,AE
1302910,Mansuri Mukhtar Ahemed Mohammad,IND,15162,1713,0.95745929540386,5,29,126,GJ,Mansuri Mukhtar Ahemed Mohammad,IND,,,,,False,29,2017,AE
1302911,Bhana Vasim Faruk,IND,15162,1435,0.802074774608604,6,29,126,GJ,Bhana Vasim Faruk,IND,,,,,False,29,2017,AE
1302912,Kumar Kanubhai Hirabhai,BSP,15163,1215,0.67910860707279,7,29,126,GJ,Kumar Kanubhai Hirabhai,BSP,,,,,False,29,2017,AE
1302913,Dr. Gajendrasinh Kantilal Bamaniya (Gopal),BMUP,15169,1085,0.606446780801627,8,29,126,GJ,Dr. Gajendrasinh Kantilal Bamaniya (Gopal),BMUP,,,,,False,29,2017,AE
1302914,Pathan Inayatkhan Maheralikhan,IND,15162,494,0.276114939830418,9,29,126,GJ,Pathan Inayatkhan Maheralikhan,IND,,,,,False,29,2017,AE
1302915,Diwan Mehdisha Karimsha,IND,15162,441,0.24649127219679,10,29,126,GJ,Diwan Mehdisha Karimsha,IND,,,,,False,29,2017,AE
1302916,Sardar Amanpritsingh Surendrasingh,AINHCP,15190,334,0.186684999804372,11,29,126,GJ,Sardar Amanpritsingh Surendrasingh,AINHCP,,,,,False,29,2017,AE
1302917,Ummarji Zuber Abdulla,IND,15162,248,0.138616407040372,12,29,126,GJ,Ummarji Zuber Abdulla,IND,,,,,False,29,2017,AE
1302974,Chauhan Sumanben Pravinsinh,BJP,15159,103028,60.9085319712447,1,29,127,GJ,Chauhan Sumanben Pravinsinh,BJP,,,,,False,29,2017,AE
1302975,Parmar Pradhyumansinh Vijaysinh (Panchmahal Zeroxwala),INC,15160,53751,31.7767451759364,2,29,127,GJ,Parmar Pradhyumansinh Vijaysinh (Panchmahal Zeroxwala),INC,,,,,False,29,2017,AE
1302976,Nota,NOTA,15161,4120,2.43567915247824,3,29,127,GJ,Nota,NOTA,,,,,False,29,2017,AE
1302977,Giri Ramchandra Vaijnath,BSP,15163,3383,1.99997635262958,4,29,127,GJ,Giri Ramchandra Vaijnath,BSP,,,,,False,29,2017,AE
1302978,Parmar Ashokbhai Kanabhai,IND,15162,2673,1.5802355278093,5,29,127,GJ,Parmar Ashokbhai Kanabhai,IND,,,,,False,29,2017,AE
1302979,Patel Aileshkumar Kanubhai,AINHCP,15190,2197,1.29883181990162,6,29,127,GJ,Patel Aileshkumar Kanubhai,AINHCP,,,,,False,29,2017,AE
1303019,Jaydrathsinhji Parmar,BJP,15159,115457,62.4665909213872,1,29,128,GJ,Jaydrathsinhji Parmar,BJP,,,,,False,29,2017,AE
1303020,Udesinh Baria,INC,15160,58423,31.6090461505166,2,29,128,GJ,Udesinh Baria,INC,,,,,False,29,2017,AE
1303021,Nota,NOTA,15161,6052,3.27436022290753,3,29,128,GJ,Nota,NOTA,,,,,False,29,2017,AE
1303022,Modi Sonalben Ratilal,IND,15162,2458,1.32987069198723,4,29,128,GJ,Modi Sonalben Ratilal,IND,,,,,False,29,2017,AE
1303023,Maheshwari Vasudev Uttamchand,IND,15162,2440,1.32013201320132,5,29,128,GJ,Maheshwari Vasudev Uttamchand,IND,,,,,False,29,2017,AE
1303071,Katara Rameshbhai Bhurabhai,BJP,15159,60250,46.4071971593403,1,29,129,GJ,Katara Rameshbhai Bhurabhai,BJP,,,,,True,29,2017,AE
1303072,Machhar Raghubhai Ditabhai,INC,15160,57539,44.3190658481541,2,29,129,GJ,Machhar Raghubhai Ditabhai,INC,,,,,False,29,2017,AE
1303073,Nota,NOTA,15161,4573,3.52232552049233,3,29,129,GJ,Nota,NOTA,,,,,False,29,2017,AE
1303074,Prabhubhai Kaljibhai Baria,NCP,15192,2747,2.11586009289141,4,29,129,GJ,Prabhubhai Kaljibhai Baria,NCP,,,,,False,29,2017,AE
1303075,Taviyad Parsingbhai Punjabhai,JD(U),15182,1989,1.53201518921042,5,29,129,GJ,Taviyad Parsingbhai Punjabhai,JD(U),,,,,False,29,2017,AE
1303076,Bariya Samjibhai Makabhai,AINHCP,15190,1545,1.19002688151337,6,29,129,GJ,Bariya Samjibhai Makabhai,AINHCP,,,,,False,29,2017,AE
1303077,Bhabhor Rameshbhai Bilkarbhai,BSP,15163,1186,0.913509308397969,7,29,129,GJ,Bhabhor Rameshbhai Bilkarbhai,BSP,,,,,False,29,2017,AE
1303127,Katara Bhaveshbhai Babubhai,INC,15160,86077,56.6262523929504,1,29,130,GJ,Katara Bhaveshbhai Babubhai,INC,,,,,False,29,2017,AE
1303128,Bhuriya Maheshbhai Somjibhai,BJP,15159,60667,39.9101368997888,2,29,130,GJ,Bhuriya Maheshbhai Somjibhai,BJP,,,,,False,29,2017,AE
1303129,Nota,NOTA,15161,5265,3.46361070726075,3,29,130,GJ,Nota,NOTA,,,,,False,29,2017,AE
1303178,Bhabhor Shaileshbhai Sumanbhai,BJP,15159,74078,53.006754822829,1,29,131,GJ,Bhabhor Shaileshbhai Sumanbhai,BJP,,,,,False,29,2017,AE
1303179,Tadvi Maheshbhai Ratansing,INC,15160,54764,39.1865590474554,2,29,131,GJ,Tadvi Maheshbhai Ratansing,INC,,,,,False,29,2017,AE
1303180,Bhabhor Babubhai Soniyabhai,IND,15162,4144,2.96525273341347,3,29,131,GJ,Bhabhor Babubhai Soniyabhai,IND,,,,,False,29,2017,AE
1303181,Nota,NOTA,15161,3785,2.70836911099662,4,29,131,GJ,Nota,NOTA,,,,,False,29,2017,AE
1303182,Katara Hurabhai Galjibhai,AINHCP,15190,1949,1.39461331501516,5,29,131,GJ,Katara Hurabhai Galjibhai,AINHCP,,,,,False,29,2017,AE
1303183,Damor Vestabhai Jokhnabhai,IND,15162,1032,0.738450970290228,6,29,131,GJ,Damor Vestabhai Jokhnabhai,IND,,,,,False,29,2017,AE
1303234,Panada Vajesingbhai Parsingbhai,INC,15160,79850,52.1578386993526,1,29,132,GJ,Panada Vajesingbhai Parsingbhai,INC,,,,,True,29,2017,AE
1303235,Kishori Kanaiyalal Bachubhai,BJP,15159,64347,42.0313142991514,2,29,132,GJ,Kishori Kanaiyalal Bachubhai,BJP,,,,,False,29,2017,AE
1303236,Nota,NOTA,15161,3363,2.19670396425702,3,29,132,GJ,Nota,NOTA,,,,,False,29,2017,AE
1303237,Bhabhor Babubhai Malabhai,IND,15162,1784,1.16530474940069,4,29,132,GJ,Bhabhor Babubhai Malabhai,IND,,,,,True,29,2017,AE
1303238,Parmar Devendrakumar Vasantlal,NCP,15192,1744,1.1391768402213,5,29,132,GJ,Parmar Devendrakumar Vasantlal,NCP,,,,,False,29,2017,AE
1303239,Dehada Nareshbhai Ramabhai,IND,15162,686,0.448093642426498,6,29,132,GJ,Dehada Nareshbhai Ramabhai,IND,,,,,False,29,2017,AE
1303240,Parmar Mukeshbhai Hirabhai,BSP,15163,677,0.442214862861136,7,29,132,GJ,Parmar Mukeshbhai Hirabhai,BSP,,,,,False,29,2017,AE
1303241,Hihor Narsingbhai Khimabhai,AINHCP,15190,642,0.419352942329172,8,29,132,GJ,Hihor Narsingbhai Khimabhai,AINHCP,,,,,False,29,2017,AE
1303292,Bariya Chandrikaben Chhaganbhai,INC,15160,64280,50.7528443858416,1,29,133,GJ,Bariya Chandrikaben Chhaganbhai,INC,,,,,True,29,2017,AE
1303293,Bhabhor Mahendrabhai Rameshbhai,BJP,15159,48152,38.0188388747206,2,29,133,GJ,Bhabhor Mahendrabhai Rameshbhai,BJP,,,,,False,29,2017,AE
1303294,Nota,NOTA,15161,4675,3.69118773341334,3,29,133,GJ,Nota,NOTA,,,,,False,29,2017,AE
1303295,Bhabhor Kaliben Dhulabhai,BSP,15163,3179,2.51000765872107,4,29,133,GJ,Bhabhor Kaliben Dhulabhai,BSP,,,,,False,29,2017,AE
1303296,Dehda Balubhai Humjibhai,AINHCP,15190,2711,2.140494105943,5,29,133,GJ,Dehda Balubhai Humjibhai,AINHCP,,,,,False,29,2017,AE
1303297,Jagdishbhai Manilal Meda,BNJD,15175,2150,1.6975515779334,6,29,133,GJ,Jagdishbhai Manilal Meda,BNJD,,,,,False,29,2017,AE
1303298,Bhura Navalabhai Manabhai,JD(U),15182,1506,1.18907566342684,7,29,133,GJ,Bhura Navalabhai Manabhai,JD(U),,,,,False,29,2017,AE
1303347,Khabad Bachubhai Maganbhai,BJP,15159,103873,59.25780135775,1,29,134,GJ,Khabad Bachubhai Maganbhai,BJP,,,,,True,29,2017,AE
1303348,Vakhala Bharatsinh Pratapbhai,INC,15160,58179,33.1901420503166,2,29,134,GJ,Vakhala Bharatsinh Pratapbhai,INC,,,,,False,29,2017,AE
1303349,Nota,NOTA,15161,5352,3.05322608249187,3,29,134,GJ,Nota,NOTA,,,,,False,29,2017,AE
1303350,Chauhan Ranjitsinh Dolatsinh,NCP,15192,3529,2.01323521022305,4,29,134,GJ,Chauhan Ranjitsinh Dolatsinh,NCP,,,,,False,29,2017,AE
1303351,Bariya Narsing Dipsinh,AINHCP,15190,3019,1.72228877859547,5,29,134,GJ,Bariya Narsing Dipsinh,AINHCP,,,,,False,29,2017,AE
1303352,Bariya Manilal Hirabhai,IND,15162,1338,0.763306520622967,6,29,134,GJ,Bariya Manilal Hirabhai,IND,,,,,False,29,2017,AE
1303416,Inamdar Ketanbhai Mahendrabhai,BJP,15159,97646,59.5195572270613,1,29,135,GJ,Inamdar Ketanbhai Mahendrabhai,BJP,,,,,False,29,2017,AE
1303417,Brahmbhatt Sagar Prakash Koko,INC,15160,56013,34.1424017262292,2,29,135,GJ,Brahmbhatt Sagar Prakash Koko,INC,,,,,False,29,2017,AE
1303418,Chauhan Khumansinh Raysinh,NCP,15192,4060,2.47474962970187,3,29,135,GJ,Chauhan Khumansinh Raysinh,NCP,,,,,False,29,2017,AE
1303419,Nota,NOTA,15161,3208,1.95541793401074,4,29,135,GJ,Nota,NOTA,,,,,False,29,2017,AE
1303420,Mahida Vijaysinh Dalpatsinh,SHS,15186,1343,0.818617919381678,5,29,135,GJ,Mahida Vijaysinh Dalpatsinh,SHS,,,,,False,29,2017,AE
1303421,Arpankumar Bhaskarbhai Patel,IND,15162,960,0.585162474018176,6,29,135,GJ,Arpankumar Bhaskarbhai Patel,IND,,,,,True,29,2017,AE
1303422,Hirvani Akashbhai Chhotabhai,BSP,15163,827,0.504093089596908,7,29,135,GJ,Hirvani Akashbhai Chhotabhai,BSP,,,,,False,29,2017,AE
1303483,Shrivastav Madhubhai Babubhai,BJP,15159,62913,36.83,1,29,136,GJ,Shrivastav Madhubhai Babubhai,BJP,,,,,True,29,2017,AE
1303484,Vaghela Dharmendrasingh Ranubha (Bapu),IND,15162,52642,30.82,2,29,136,GJ,Vaghela Dharmendrasingh Ranubha (Bapu),IND,,,,,False,29,2017,AE
1303485,Makwana Satishbhai Chandubhai (Raju Alva),IND,15162,32864,19.24,3,29,136,GJ,Makwana Satishbhai Chandubhai (Raju Alva),IND,,,,,False,29,2017,AE
1303486,Dr.Prafulbhai Devjibhai Vasava,BTP,15232,9783,5.73,4,29,136,GJ,Dr.Prafulbhai Devjibhai Vasava,BTP,,,,,False,29,2017,AE
1303487,Jadav Amitbhai Ramjibhai,BSP,15163,3196,1.87,5,29,136,GJ,Jadav Amitbhai Ramjibhai,BSP,,,,,False,29,2017,AE
1303488,Nota,NOTA,15161,3091,1.81,6,29,136,GJ,Nota,NOTA,,,,,False,29,2017,AE
1303489,Chauhan Chandrasinh Jasvansinh,AINHCP,15190,2601,1.52,7,29,136,GJ,Chauhan Chandrasinh Jasvansinh,AINHCP,,,,,False,29,2017,AE
1303490,Chavda Jayendrasinh Jashbhai (Puno),IND,15162,2503,1.47,8,29,136,GJ,Chavda Jayendrasinh Jashbhai (Puno),IND,,,,,False,29,2017,AE
1303491,Parmar Govindbhai Ishwarbhai (Rahul Kumar),IND,15162,1232,0.72,9,29,136,GJ,Parmar Govindbhai Ishwarbhai (Rahul Kumar),IND,,,,,False,29,2017,AE
1303529,Mohansinh Chhotubhai Rathava,INC,15160,75141,46.0417151750591,1,29,137,GJ,Mohansinh Chhotubhai Rathava,INC,,,,,False,29,2017,AE
1303530,Jashubhai Bhilubhai Rathwa,BJP,15159,74048,45.3719929902819,2,29,137,GJ,Jashubhai Bhilubhai Rathwa,BJP,,,,,False,29,2017,AE
1303531,Nota,NOTA,15161,5870,3.59676964743079,3,29,137,GJ,Nota,NOTA,,,,,False,29,2017,AE
1303532,Arjunbhai Versingbhai Rathva,AAAP,15172,4551,2.78856876753961,4,29,137,GJ,Arjunbhai Versingbhai Rathva,AAAP,,,,,False,29,2017,AE
1303533,Rathva Rameshbhai Gopabhai,IND,15162,3592,2.20095341968848,5,29,137,GJ,Rathva Rameshbhai Gopabhai,IND,,,,,False,29,2017,AE
1303574,Rathva Sukhrambhai Hariyabhai,INC,15160,77701,45.8518479178099,1,29,138,GJ,Rathva Sukhrambhai Hariyabhai,INC,,,,,False,29,2017,AE
1303575,Rathva Jayantibhai Savajibhai,BJP,15159,74649,44.0508435569246,2,29,138,GJ,Rathva Jayantibhai Savajibhai,BJP,,,,,False,29,2017,AE
1303576,Nota,NOTA,15161,6155,3.63210414195596,3,29,138,GJ,Nota,NOTA,,,,,False,29,2017,AE
1303577,Rathva Surajben Bhagvatsinh,IND,15162,3314,1.95561220575825,4,29,138,GJ,Rathva Surajben Bhagvatsinh,IND,,,,,False,29,2017,AE
1303578,Rathva Gangaben Vitthalbhai,GJCP,15203,2947,1.73904320168062,5,29,138,GJ,Rathva Gangaben Vitthalbhai,GJCP,,,,,False,29,2017,AE
1303579,Koli Amitkumar Arvindbhai,IND,15162,1634,0.964233658481892,6,29,138,GJ,Koli Amitkumar Arvindbhai,IND,,,,,False,29,2017,AE
1303580,Rathva Sumitraben Bharatkumar,AINHCP,15190,1561,0.921155900177621,7,29,138,GJ,Rathva Sumitraben Bharatkumar,AINHCP,,,,,False,29,2017,AE
1303581,Rathva Puniyabhai Keshalabhai,IND,15162,1500,0.885159417211039,8,29,138,GJ,Rathva Puniyabhai Keshalabhai,IND,,,,,False,29,2017,AE
1303619,Abhesinh Motibhai Tadvi,BJP,15159,90669,49.35,1,29,139,GJ,Abhesinh Motibhai Tadvi,BJP,,,,,False,29,2017,AE
1303620,Bhil Dhirubhai Chunilal,INC,15160,77581,42.22,2,29,139,GJ,Bhil Dhirubhai Chunilal,INC,,,,,True,29,2017,AE
1303621,Nota,NOTA,15161,5267,2.87,3,29,139,GJ,Nota,NOTA,,,,,False,29,2017,AE
1303622,Kiritbhai Ranachhodbhai Tadavi,BSP,15163,2556,1.39,4,29,139,GJ,Kiritbhai Ranachhodbhai Tadavi,BSP,,,,,False,29,2017,AE
1303623,Mihir Tadvi,NCP,15192,2121,1.15,5,29,139,GJ,Mihir Tadvi,NCP,,,,,False,29,2017,AE
1303624,Rathva Furkanbhai Baljibhai,IND,15162,1882,1.02,6,29,139,GJ,Rathva Furkanbhai Baljibhai,IND,,,,,False,29,2017,AE
1303625,Rathva Sureshbhai Bhayajibhai,IND,15162,1659,0.9,7,29,139,GJ,Rathva Sureshbhai Bhayajibhai,IND,,,,,False,29,2017,AE
1303626,Tadvi Jethabhai Nanabhai,IND,15162,872,0.47,8,29,139,GJ,Tadvi Jethabhai Nanabhai,IND,,,,,False,29,2017,AE
1303627,Mukeshbhai Bhimsinhbhai Tadvi,AINHCP,15190,612,0.33,9,29,139,GJ,Mukeshbhai Bhimsinhbhai Tadvi,AINHCP,,,,,False,29,2017,AE
1303628,Shantilalbhai Ranchhodbhai Rathva,BhaRP,15214,516,0.28,10,29,139,GJ,Shantilalbhai Ranchhodbhai Rathva,BhaRP,,,,,False,29,2017,AE
1303671,Mehta Shaileshbhai Kanaiyalal (Shailesh Sotta),BJP,15159,77945,48.4560821101972,1,29,140,GJ,Mehta Shaileshbhai Kanaiyalal (Shailesh Sotta),BJP,,,,,False,29,2017,AE
1303672,Patel Siddharth Chimanbhai,INC,15160,75106,46.6911604717233,2,29,140,GJ,Patel Siddharth Chimanbhai,INC,,,,,True,29,2017,AE
1303673,Nota,NOTA,15161,3046,1.89360736554828,3,29,140,GJ,Nota,NOTA,,,,,False,29,2017,AE
1303674,Madhusudan Mohanbhai Rohit,BSP,15163,1095,0.68072884611798,4,29,140,GJ,Madhusudan Mohanbhai Rohit,BSP,,,,,False,29,2017,AE
1303675,Kishorbhai Nagjibhai Patanvadiya,GJCP,15203,959,0.596181701759948,5,29,140,GJ,Kishorbhai Nagjibhai Patanvadiya,GJCP,,,,,False,29,2017,AE
1303676,Navinbhai Himantbhai Rai,IND,15162,794,0.493606122207923,6,29,140,GJ,Navinbhai Himantbhai Rai,IND,,,,,False,29,2017,AE
1303677,Rakesh Harilal Vasava,IND,15162,689,0.42833075340209,7,29,140,GJ,Rakesh Harilal Vasava,IND,,,,,False,29,2017,AE
1303678,Chandubhai Hargovindbhai Bhatiya,IND,15162,338,0.210124520536874,8,29,140,GJ,Chandubhai Hargovindbhai Bhatiya,IND,,,,,False,29,2017,AE
1303679,Gohil Arunaben Somabhai,IND,15162,313,0.194582766059294,9,29,140,GJ,Gohil Arunaben Somabhai,IND,,,,,False,29,2017,AE
1303680,Anilbhai Kanubhai Vankar,IND,15162,303,0.188366064268263,10,29,140,GJ,Anilbhai Kanubhai Vankar,IND,,,,,False,29,2017,AE
1303681,Patel Ashwinbhai Antolbhai,AINHCP,15190,269,0.167229278178755,11,29,140,GJ,Patel Ashwinbhai Antolbhai,AINHCP,,,,,False,29,2017,AE
1303742,Manisha Vakil,BJP,15159,116367,62.1389551927975,1,29,141,GJ,Manisha Vakil,BJP,,,,,False,29,2017,AE
1303743,Anil Parmar,INC,15160,63984,34.1668936129311,2,29,141,GJ,Anil Parmar,INC,,,,,False,29,2017,AE
1303744,Nota,NOTA,15161,3253,1.7370734077717,3,29,141,GJ,Nota,NOTA,,,,,False,29,2017,AE
1303745,Chandrika Solanki,IND,15162,975,0.520641430242058,4,29,141,GJ,Chandrika Solanki,IND,,,,,False,29,2017,AE
1303746,Parmar Devyaniben Laxmanbhai,BSP,15163,831,0.443746695929385,5,29,141,GJ,Parmar Devyaniben Laxmanbhai,BSP,,,,,False,29,2017,AE
1303747,Dr.Thakor Parmar,AAAP,15172,807,0.430930906877272,6,29,141,GJ,Dr.Thakor Parmar,AAAP,,,,,False,29,2017,AE
1303748,Parmar Bharatbhai Ravajibhai,GJCP,15203,559,0.298501086672113,7,29,141,GJ,Parmar Bharatbhai Ravajibhai,GJCP,,,,,False,29,2017,AE
1303749,Parmar Rashmiben Kanaiyalal (Advocate),IND,15162,493,0.263257666778804,8,29,141,GJ,Parmar Rashmiben Kanaiyalal (Advocate),IND,,,,,False,29,2017,AE
1303811,Jitendra Ratilal Sukhadia (Jitubhai),BJP,15159,99957,54.0275983590164,1,29,142,GJ,Jitendra Ratilal Sukhadia (Jitubhai),BJP,,,,,False,29,2017,AE
1303812,Narendra Ravat,INC,15160,40825,22.066255519942,2,29,142,GJ,Narendra Ravat,INC,,,,,False,29,2017,AE
1303813,Rajesh Ayare,RSPS,15204,40665,21.9797741755895,3,29,142,GJ,Rajesh Ayare,RSPS,,,,,False,29,2017,AE
1303814,Nota,NOTA,15161,2294,1.23992627465393,4,29,142,GJ,Nota,NOTA,,,,,False,29,2017,AE
1303815,Jat Subhassing Brijlal,AINHCP,15190,459,0.248093356611228,5,29,142,GJ,Jat Subhassing Brijlal,AINHCP,,,,,False,29,2017,AE
1303816,Shaikh Tamanna Iqubal,IND,15162,433,0.234040138153947,6,29,142,GJ,Shaikh Tamanna Iqubal,IND,,,,,False,29,2017,AE
1303817,Patil Valmik,SHS,15186,378,0.204312176032776,7,29,142,GJ,Patil Valmik,SHS,,,,,False,29,2017,AE
1303885,Seemaben Akshaykumar Mohile,BJP,15159,109244,65.384638404587,1,29,143,GJ,Seemaben Akshaykumar Mohile,BJP,,,,,False,29,2017,AE
1303886,Ranjit Sharadchandra Chavan,INC,15160,52105,31.1858462164604,2,29,143,GJ,Ranjit Sharadchandra Chavan,INC,,,,,False,29,2017,AE
1303887,Nota,NOTA,15161,2536,1.51784485183655,3,29,143,GJ,Nota,NOTA,,,,,False,29,2017,AE
1303888,Nikhil Yatin Patel,NCP,15192,1027,0.614679283452737,4,29,143,GJ,Nikhil Yatin Patel,NCP,,,,,False,29,2017,AE
1303889,Amit Ramkripal Tiwari,IND,15162,655,0.392030117489331,5,29,143,GJ,Amit Ramkripal Tiwari,IND,,,,,False,29,2017,AE
1303890,Rushikant Shastri,AINHCP,15190,648,0.387840482645933,6,29,143,GJ,Rushikant Shastri,AINHCP,,,,,False,29,2017,AE
1303891,Pathan Mohammad Soyebkhan (Guddu),BSP,15163,465,0.278311457454258,7,29,143,GJ,Pathan Mohammad Soyebkhan (Guddu),BSP,,,,,False,29,2017,AE
1303892,Mahebubkhan Yusufkhan Sindhi (Vakil),IND,15162,399,0.238809186073653,8,29,143,GJ,Mahebubkhan Yusufkhan Sindhi (Vakil),IND,,,,,False,29,2017,AE
1303954,Rajendra Trivedi Rajubhai Vakil,BJP,15159,107225,58.64,1,29,144,GJ,Rajendra Trivedi Rajubhai Vakil,BJP,,,,,False,29,2017,AE
1303955,Chandrakant R. Shrivastav Bhatthubhai,INC,15160,70529,38.57,2,29,144,GJ,Chandrakant R. Shrivastav Bhatthubhai,INC,,,,,False,29,2017,AE
1303956,Nota,NOTA,15161,2577,1.41,3,29,144,GJ,Nota,NOTA,,,,,False,29,2017,AE
1303957,Saraswatiben Khetsinh Rajput Sattumem,GJCP,15203,853,0.47,4,29,144,GJ,Saraswatiben Khetsinh Rajput Sattumem,GJCP,,,,,False,29,2017,AE
1303958,Rohit Maheshkumar Govindbhai,BSP,15163,648,0.35,5,29,144,GJ,Rohit Maheshkumar Govindbhai,BSP,,,,,False,29,2017,AE
1303959,Harsha Toke,IND,15162,376,0.21,6,29,144,GJ,Harsha Toke,IND,,,,,False,29,2017,AE
1303960,Kalidas M. Patel Nepoleon,IND,15162,326,0.18,7,29,144,GJ,Kalidas M. Patel Nepoleon,IND,,,,,False,29,2017,AE
1303961,Sonavane Parmeshwar Shravanbhai,IND,15162,312,0.17,8,29,144,GJ,Sonavane Parmeshwar Shravanbhai,IND,,,,,False,29,2017,AE
1304024,Yogesh Patel,BJP,15159,105036,65.4972656469223,1,29,145,GJ,Yogesh Patel,BJP,,,,,True,29,2017,AE
1304025,Chirag Hanskumar Zaveri (Chirag Zaveri ),INC,15160,48674,30.3516309465164,2,29,145,GJ,Chirag Hanskumar Zaveri (Chirag Zaveri ),INC,,,,,False,29,2017,AE
1304026,Nota,NOTA,15161,2246,1.40053751707022,3,29,145,GJ,Nota,NOTA,,,,,False,29,2017,AE
1304027,Laxmanbhai Punjabhai Parekh,IND,15162,835,0.520680688670362,4,29,145,GJ,Laxmanbhai Punjabhai Parekh,IND,,,,,False,29,2017,AE
1304028,Dahyabhai Jadavbhai Rohit,BSP,15163,819,0.510703573677876,5,29,145,GJ,Dahyabhai Jadavbhai Rohit,BSP,,,,,False,29,2017,AE
1304029,Inderjeet Singh Grover,SUCI,15265,603,0.376012521279315,6,29,145,GJ,Inderjeet Singh Grover,SUCI,,,,,False,29,2017,AE
1304030,Mayur Chandrakant Panchal,SHS,15186,504,0.314279122263308,7,29,145,GJ,Mayur Chandrakant Panchal,SHS,,,,,False,29,2017,AE
1304031,Rajput Mukeshsinh Natvarsinh,IND,15162,412,0.256910711056514,8,29,145,GJ,Rajput Mukeshsinh Natvarsinh,IND,,,,,False,29,2017,AE
1304032,Sunita Pardeshi (Yogateacher),IND,15162,337,0.210142984529236,9,29,145,GJ,Sunita Pardeshi (Yogateacher),IND,,,,,False,29,2017,AE
1304033,Ritu Bansal,AAAP,15172,282,0.175846651742565,10,29,145,GJ,Ritu Bansal,AAAP,,,,,False,29,2017,AE
1304034,Prakashbhai Somabhai Patel,MaNPa,15245,251,0.156515991444623,11,29,145,GJ,Prakashbhai Somabhai Patel,MaNPa,,,,,False,29,2017,AE
1304035,Mahesh Advani (Banti),AINHCP,15190,185,0.115360392100619,12,29,145,GJ,Mahesh Advani (Banti),AINHCP,,,,,False,29,2017,AE
1304036,Bikrama Paramhans Choudhary,IND,15162,183,0.114113252726558,13,29,145,GJ,Bikrama Paramhans Choudhary,IND,,,,,False,29,2017,AE
1304078,Thakor Jashpalsinh Mahendrasinh (Padhiyar),INC,15160,92998,53.5594782157975,1,29,146,GJ,Thakor Jashpalsinh Mahendrasinh (Padhiyar),INC,,,,,True,29,2017,AE
1304079,Patel Dineshbhai Balubhai (Dinumama),BJP,15159,73971,42.6014340426757,2,29,146,GJ,Patel Dineshbhai Balubhai (Dinumama),BJP,,,,,True,29,2017,AE
1304080,Nota,NOTA,15161,3167,1.82394102571486,3,29,146,GJ,Nota,NOTA,,,,,False,29,2017,AE
1304081,Solanki Kailasben Sureshbhai,IND,15162,1018,0.586287326863823,4,29,146,GJ,Solanki Kailasben Sureshbhai,IND,,,,,False,29,2017,AE
1304082,Parmar Navneetbhai Manubhai,BSP,15163,797,0.459008840383563,5,29,146,GJ,Parmar Navneetbhai Manubhai,BSP,,,,,False,29,2017,AE
1304083,Gohil Vinubhai,GJCP,15203,504,0.29026405966539,6,29,146,GJ,Gohil Vinubhai,GJCP,,,,,False,29,2017,AE
1304084,Parmar Harmanbhai Fulabhai,IND,15162,428,0.246494082414259,7,29,146,GJ,Parmar Harmanbhai Fulabhai,IND,,,,,True,29,2017,AE
1304085,Amjadbhai Babubhai Garasiya,IND,15162,287,0.165289256198347,8,29,146,GJ,Amjadbhai Babubhai Garasiya,IND,,,,,False,29,2017,AE
1304086,Jashubhai Chhitabhai Parmar,AINHCP,15190,242,0.139372822299651,9,29,146,GJ,Jashubhai Chhitabhai Parmar,AINHCP,,,,,False,29,2017,AE
1304087,Pankajbhai Balvantray Thakar,NCP,15192,223,0.128430327986869,10,29,146,GJ,Pankajbhai Balvantray Thakar,NCP,,,,,False,29,2017,AE
1304168,Akshay Kumar Iswarbhai Patel,INC,15160,74087,48.3650274508267,1,29,147,GJ,Akshay Kumar Iswarbhai Patel,INC,,,,,False,29,2017,AE
1304169,Satishbhai Motibhai Patel,BJP,15159,70523,46.0383985168066,2,29,147,GJ,Satishbhai Motibhai Patel,BJP,,,,,False,29,2017,AE
1304170,Nota,NOTA,15161,2855,1.86378384024336,3,29,147,GJ,Nota,NOTA,,,,,False,29,2017,AE
1304171,Mukeshbhai Manibhai Vasava,JD(U),15182,1233,0.804919605961497,4,29,147,GJ,Mukeshbhai Manibhai Vasava,JD(U),,,,,False,29,2017,AE
1304172,Rajeshbhai Chimanbhai Vasava,BSP,15163,1103,0.720053791869855,5,29,147,GJ,Rajeshbhai Chimanbhai Vasava,BSP,,,,,False,29,2017,AE
1304173,Yusuf Alibhai Hasanali,IND,15162,1015,0.662606163869358,6,29,147,GJ,Yusuf Alibhai Hasanali,IND,,,,,False,29,2017,AE
1304174,Ramanbhai Chimanbhai Vasava,IND,15162,786,0.513111768277158,7,29,147,GJ,Ramanbhai Chimanbhai Vasava,IND,,,,,False,29,2017,AE
1304175,Hanifbhai Ismailbhai Jamadar,AAAP,15172,464,0.302905674911706,8,29,147,GJ,Hanifbhai Ismailbhai Jamadar,AAAP,,,,,False,29,2017,AE
1304176,Kalpeshkumar Shankarbhai Vaidh,IND,15162,398,0.259819953911334,9,29,147,GJ,Kalpeshkumar Shankarbhai Vaidh,IND,,,,,False,29,2017,AE
1304177,Ismail Adambhai Banga,IND,15162,367,0.23958272132025,10,29,147,GJ,Ismail Adambhai Banga,IND,,,,,False,29,2017,AE
1304178,Arifbhai Yakubbhai Kola,IND,15162,352,0.229790512001984,11,29,147,GJ,Arifbhai Yakubbhai Kola,IND,,,,,False,29,2017,AE
1304219,Vasava Premsinhbhai Devjibhai,INC,15160,81849,48.6394456758796,1,29,148,GJ,Vasava Premsinhbhai Devjibhai,INC,,,,,False,29,2017,AE
1304220,Tadvi Shabdasharan Bhailalbhai,BJP,15159,75520,44.8783850437076,2,29,148,GJ,Tadvi Shabdasharan Bhailalbhai,BJP,,,,,True,29,2017,AE
1304221,Tadvi Jesangbhai Ranchhodbhai,JD(U),15182,2329,1.38402752604336,3,29,148,GJ,Tadvi Jesangbhai Ranchhodbhai,JD(U),,,,,False,29,2017,AE
1304222,Nota,NOTA,15161,2244,1.33351557253813,4,29,148,GJ,Nota,NOTA,,,,,False,29,2017,AE
1304223,Vasava Maheshbhai Saradbhai,IND,15162,2067,1.22833185759194,5,29,148,GJ,Vasava Maheshbhai Saradbhai,IND,,,,,False,29,2017,AE
1304224,Tadvi Bhanubhai Himmatbhai,NCP,15192,1964,1.16712325510913,6,29,148,GJ,Tadvi Bhanubhai Himmatbhai,NCP,,,,,False,29,2017,AE
1304225,Budhabhai Chandubhai Tadvi,IND,15162,1379,0.819482163337829,7,29,148,GJ,Budhabhai Chandubhai Tadvi,IND,,,,,False,29,2017,AE
1304226,Tadvi Vijaykumar Naranbhai,IND,15162,925,0.549688905792235,8,29,148,GJ,Tadvi Vijaykumar Naranbhai,IND,,,,,True,29,2017,AE
1304304,Vasava Maheshbhai Chhotubhai,BTP,15232,83026,50.217439954516,1,29,149,GJ,Vasava Maheshbhai Chhotubhai,BTP,,,,,False,29,2017,AE
1304305,Vasava Motilal Puniyabhai,BJP,15159,61275,37.0615666563843,2,29,149,GJ,Vasava Motilal Puniyabhai,BJP,,,,,False,29,2017,AE
1304306,Deshmukh Rajendrasinh Gumansinh,INCP,15285,6721,4.06512916356686,3,29,149,GJ,Deshmukh Rajendrasinh Gumansinh,INCP,,,,,False,29,2017,AE
1304307,Nota,NOTA,15161,3357,2.03044764203153,4,29,149,GJ,Nota,NOTA,,,,,False,29,2017,AE
1304308,Vasava Rakeshkumar Rayjibhai,IND,15162,2824,1.70806795981443,5,29,149,GJ,Vasava Rakeshkumar Rayjibhai,IND,,,,,False,29,2017,AE
1304309,Vasava Amarsinh Ramsinh,IND,15162,2425,1.46673682809844,6,29,149,GJ,Vasava Amarsinh Ramsinh,IND,,,,,False,29,2017,AE
1304310,Vasava Kalpanaben Kailashbhai,AINHCP,15190,2371,1.43407547192635,7,29,149,GJ,Vasava Kalpanaben Kailashbhai,AINHCP,,,,,False,29,2017,AE
1304311,Vasava Tushar Jamsubhai,JD(U),15182,1291,0.780848348484573,8,29,149,GJ,Vasava Tushar Jamsubhai,JD(U),,,,,False,29,2017,AE
1304312,Muljibhai Khalpabhai Vasava,IND,15162,1038,0.627823846419045,9,29,149,GJ,Muljibhai Khalpabhai Vasava,IND,,,,,False,29,2017,AE
1304313,Mansingbhai Kaliyabhai Vasava,SVPP,15200,1005,0.607864128758324,10,29,149,GJ,Mansingbhai Kaliyabhai Vasava,SVPP,,,,,False,29,2017,AE
1304392,Sanjaybhai Jesangbhai Solanki,INC,15160,73216,46.7141362325498,1,29,150,GJ,Sanjaybhai Jesangbhai Solanki,INC,,,,,False,29,2017,AE
1304393,Chhatrasinhji Poojabhai Mori,BJP,15159,66804,42.6230763341244,2,29,150,GJ,Chhatrasinhji Poojabhai Mori,BJP,,,,,False,29,2017,AE
1304394,Khumansinh Keshrisinh Vansia,IND,15162,8782,5.60319526325192,3,29,150,GJ,Khumansinh Keshrisinh Vansia,IND,,,,,False,29,2017,AE
1304395,Nota,NOTA,15161,2833,1.80754408799734,4,29,150,GJ,Nota,NOTA,,,,,False,29,2017,AE
1304396,Jambu Himanshu Ishwarbhai,BSP,15163,1206,0.769466350202894,5,29,150,GJ,Jambu Himanshu Ishwarbhai,BSP,,,,,False,29,2017,AE
1304397,Parmar Narendrasinh Jesangbhai,AINHCP,15190,1182,0.754153587014776,6,29,150,GJ,Parmar Narendrasinh Jesangbhai,AINHCP,,,,,False,29,2017,AE
1304398,Mubarak Abdullah Patel,IND,15162,761,0.485542199423219,7,29,150,GJ,Mubarak Abdullah Patel,IND,,,,,False,29,2017,AE
1304399,Maheshbhai Maganbhai Solanki,NCP,15192,607,0.387285302299466,8,29,150,GJ,Maheshbhai Maganbhai Solanki,NCP,,,,,False,29,2017,AE
1304400,Arya Indravadan Bhimsinh,IND,15162,502,0.320291963351453,9,29,150,GJ,Arya Indravadan Bhimsinh,IND,,,,,False,29,2017,AE
1304401,Bhupendrabhai Vitthalbhai Patel,IND,15162,446,0.284562182579179,10,29,150,GJ,Bhupendrabhai Vitthalbhai Patel,IND,,,,,False,29,2017,AE
1304402,Parmar Pravinbhai Chaturbhai,BMUP,15169,393,0.25074649720542,11,29,150,GJ,Parmar Pravinbhai Chaturbhai,BMUP,,,,,False,29,2017,AE
1304484,Arunsinh Ajitsinh Rana,BJP,15159,72331,47.3596679041688,1,29,151,GJ,Arunsinh Ajitsinh Rana,BJP,,,,,True,29,2017,AE
1304485,Patel Sulemanbhai Musabhai,INC,15160,69703,45.638950545745,2,29,151,GJ,Patel Sulemanbhai Musabhai,INC,,,,,False,29,2017,AE
1304486,Gohil Fatesangbhai Raysangbhai,IND,15162,5601,3.66732797737138,3,29,151,GJ,Gohil Fatesangbhai Raysangbhai,IND,,,,,False,29,2017,AE
1304487,Nota,NOTA,15161,2807,1.83791994866657,4,29,151,GJ,Nota,NOTA,,,,,False,29,2017,AE
1304488,Ghaswala Asaraf Javid Musabhai,IND,15162,986,0.645596390945936,5,29,151,GJ,Ghaswala Asaraf Javid Musabhai,IND,,,,,False,29,2017,AE
1304489,Pathan Altafkhan Daudkhan,AINHCP,15190,555,0.363393506059832,6,29,151,GJ,Pathan Altafkhan Daudkhan,AINHCP,,,,,False,29,2017,AE
1304490,Udharadar Javidbhai Yakubbhai,IND,15162,176,0.115238301020775,7,29,151,GJ,Udharadar Javidbhai Yakubbhai,IND,,,,,False,29,2017,AE
1304491,Gulam Vali Sabuwala,IND,15162,174,0.113928774872812,8,29,151,GJ,Gulam Vali Sabuwala,IND,,,,,False,29,2017,AE
1304492,Rajeshbhai Dharamdas Arya,JD(U),15182,153,0.100178750319196,9,29,151,GJ,Rajeshbhai Dharamdas Arya,JD(U),,,,,False,29,2017,AE
1304493,Kidiwala Dilawar Abdullah,IND,15162,127,0.0831549103956733,10,29,151,GJ,Kidiwala Dilawar Abdullah,IND,,,,,False,29,2017,AE
1304494,Solanki Mahendra Babubhai,BMUP,15169,114,0.0746429904339114,11,29,151,GJ,Solanki Mahendra Babubhai,BMUP,,,,,False,29,2017,AE
1304568,Vasava Chhotubhai Amarsinh,BTP,15232,113854,60.1832127244567,1,29,152,GJ,Vasava Chhotubhai Amarsinh,BTP,,,,,False,29,2017,AE
1304569,Ravjibhai Ishvarbhai Vasava,BJP,15159,64906,34.3093049439948,2,29,152,GJ,Ravjibhai Ishvarbhai Vasava,BJP,,,,,False,29,2017,AE
1304570,Nota,NOTA,15161,5364,2.83540984993048,3,29,152,GJ,Nota,NOTA,,,,,False,29,2017,AE
1304571,Chhotubhai A.Vasava,JD(U),15182,5055,2.67207248161793,4,29,152,GJ,Chhotubhai A.Vasava,JD(U),,,,,False,29,2017,AE
1304653,Patel Dushyantbhai Rajneekant,BJP,15159,99699,57.8313881992621,1,29,153,GJ,Patel Dushyantbhai Rajneekant,BJP,,,,,False,29,2017,AE
1304654,Patel Jayeshbhai Ambalal,INC,15160,66600,38.6319868210399,2,29,153,GJ,Patel Jayeshbhai Ambalal,INC,,,,,False,29,2017,AE
1304655,Nota,NOTA,15161,2059,1.19434325622404,3,29,153,GJ,Nota,NOTA,,,,,False,29,2017,AE
1304656,Patel Imran Umarjeebhai,NCP,15192,1062,0.616023573632798,4,29,153,GJ,Patel Imran Umarjeebhai,NCP,,,,,False,29,2017,AE
1304657,Hiteshkumar Hiralal Parmar,BSP,15163,682,0.395600826005243,5,29,153,GJ,Hiteshkumar Hiralal Parmar,BSP,,,,,False,29,2017,AE
1304658,Savariya Narmadaputra Maharaj Gurushree Narmadaji,IND,15162,668,0.387479987934754,6,29,153,GJ,Savariya Narmadaputra Maharaj Gurushree Narmadaji,IND,,,,,False,29,2017,AE
1304659,Pathan Imrankhan Husainkhan,IND,15162,603,0.349776096893199,7,29,153,GJ,Pathan Imrankhan Husainkhan,IND,,,,,False,29,2017,AE
1304660,Gohil Viralkumar Nareshbhai,SHS,15186,419,0.243045082252488,8,29,153,GJ,Gohil Viralkumar Nareshbhai,SHS,,,,,False,29,2017,AE
1304661,Dipeekaben Shaileshbhai Patel,AINHCP,15190,211,0.12239263091951,9,29,153,GJ,Dipeekaben Shaileshbhai Patel,AINHCP,,,,,False,29,2017,AE
1304662,Parmar Sureshbhai Hirabhai,LOKSP,15258,201,0.116592032297733,10,29,153,GJ,Parmar Sureshbhai Hirabhai,LOKSP,,,,,False,29,2017,AE
1304663,Gohil Hemantkumar Jerambhai,BMUP,15169,192,0.111371493538133,11,29,153,GJ,Gohil Hemantkumar Jerambhai,BMUP,,,,,False,29,2017,AE
1304740,Ishwarsinh Thakorbhai Patel,BJP,15159,99050,62.9160526449514,1,29,154,GJ,Ishwarsinh Thakorbhai Patel,BJP,,,,,True,29,2017,AE
1304741,Anilkumar Chhitubhai Bhagat,INC,15160,52138,33.1177905381371,2,29,154,GJ,Anilkumar Chhitubhai Bhagat,INC,,,,,False,29,2017,AE
1304742,Nota,NOTA,15161,2732,1.73535240611819,3,29,154,GJ,Nota,NOTA,,,,,False,29,2017,AE
1304743,Shaikh Altafhussain Kaluahemad,IND,15162,1216,0.772396971390822,4,29,154,GJ,Shaikh Altafhussain Kaluahemad,IND,,,,,False,29,2017,AE
1304744,Chetanbhai Kanjibhai Vasava,BSP,15163,616,0.391280044717719,5,29,154,GJ,Chetanbhai Kanjibhai Vasava,BSP,,,,,False,29,2017,AE
1304745,Malek Sabirhussain Habibbhai,IND,15162,398,0.252807561359825,6,29,154,GJ,Malek Sabirhussain Habibbhai,IND,,,,,False,29,2017,AE
1304746,Jayendrasinh Mahendrasinhji Bharthaniya,IND,15162,271,0.172137811880684,7,29,154,GJ,Jayendrasinh Mahendrasinhji Bharthaniya,IND,,,,,False,29,2017,AE
1304747,Kshetrapal Durgaprasad Sharma,AAAP,15172,243,0.154352355302606,8,29,154,GJ,Kshetrapal Durgaprasad Sharma,AAAP,,,,,False,29,2017,AE
1304748,Ajaybhai Gomanbhai Vasava,IND,15162,217,0.137837288480105,9,29,154,GJ,Ajaybhai Gomanbhai Vasava,IND,,,,,False,29,2017,AE
1304749,Patel Bipinkumar Govindbhai,BMUP,15169,198,0.125768585802124,10,29,154,GJ,Patel Bipinkumar Govindbhai,BMUP,,,,,False,29,2017,AE
1304750,Sanjaykumar Somabhai Prajapati,AINHCP,15190,150,0.0952792316682758,11,29,154,GJ,Sanjaykumar Somabhai Prajapati,AINHCP,,,,,False,29,2017,AE
1304751,Prajapati Vijeshkumar Manilal,ASAPA,15191,112,0.0711418263123126,12,29,154,GJ,Prajapati Vijeshkumar Manilal,ASAPA,,,,,False,29,2017,AE
1304752,Rajeshbhai Maganbhai Butani,RaJPa,15216,91,0.057802733878754,13,29,154,GJ,Rajeshbhai Maganbhai Butani,RaJPa,,,,,False,29,2017,AE
1304821,Patel Mukeshbhai Zinabhai,BJP,15159,147828,60.4561571398775,1,29,155,GJ,Patel Mukeshbhai Zinabhai,BJP,,,,,True,29,2017,AE
1304822,Bakrola Yogendrasinh Chandrasinh,INC,15160,86250,35.27,2,29,155,GJ,Bakrola Yogendrasinh Chandrasinh,INC,,,,,False,29,2017,AE
1304823,Nota,NOTA,15161,3897,1.5937281460488,3,29,155,GJ,Nota,NOTA,,,,,False,29,2017,AE
1304824,Pathan Sirajkhan Hosiyarkhan,BSP,15163,1454,0.59,4,29,155,GJ,Pathan Sirajkhan Hosiyarkhan,BSP,,,,,False,29,2017,AE
1304825,Patel Hiteshbhai Mohanbhai,IND,15162,1138,0.47,5,29,155,GJ,Patel Hiteshbhai Mohanbhai,IND,,,,,False,29,2017,AE
1304826,Sanghani Kishorbhai Devrajbhai,NCP,15192,1055,0.43,6,29,155,GJ,Sanghani Kishorbhai Devrajbhai,NCP,,,,,False,29,2017,AE
1304827,Laljibhai Jivrajbhai Kakadiya,IND,15162,819,0.334940557252751,7,29,155,GJ,Laljibhai Jivrajbhai Kakadiya,IND,,,,,False,29,2017,AE
1304828,Savaliya Mansukhbhai Dhirubhai,AAAP,15172,470,0.19,8,29,155,GJ,Savaliya Mansukhbhai Dhirubhai,AAAP,,,,,False,29,2017,AE
1304829,Tundiya Jigneshkumar Dharamashibhai,GJCP,15203,366,0.149680395548848,9,29,155,GJ,Tundiya Jigneshkumar Dharamashibhai,GJCP,,,,,False,29,2017,AE
1304830,Madhubhai Arjanbhai Anaghan,SVPP,15200,337,0.14,10,29,155,GJ,Madhubhai Arjanbhai Anaghan,SVPP,,,,,False,29,2017,AE
1304831,Patel Vijaykumar Rambhai,SHS,15186,289,0.118190257687478,11,29,155,GJ,Patel Vijaykumar Rambhai,SHS,,,,,False,29,2017,AE
1304832,Gediya Dharmishthaben Karshanbhai,AINHCP,15190,212,0.09,12,29,155,GJ,Gediya Dharmishthaben Karshanbhai,AINHCP,,,,,False,29,2017,AE
1304833,Patel Ankit Arjunbhai,VPP,15183,209,0.09,13,29,155,GJ,Patel Ankit Arjunbhai,VPP,,,,,False,29,2017,AE
1304834,Balar Hasmukhbhai Babubhai,NBNM,15207,197,0.08,14,29,155,GJ,Balar Hasmukhbhai Babubhai,NBNM,,,,,False,29,2017,AE
1304886,Vasava Ganpatsinh Vestabhai,BJP,15159,91114,58.3768476220375,1,29,156,GJ,Vasava Ganpatsinh Vestabhai,BJP,,,,,True,29,2017,AE
1304887,Vasava Nansingbhai Nandariabhai,INC,15160,50315,32.2368800415174,2,29,156,GJ,Vasava Nansingbhai Nandariabhai,INC,,,,,False,29,2017,AE
1304888,Vasava Utambhai Somabhai,BTP,15232,7183,4.60215660018324,3,29,156,GJ,Vasava Utambhai Somabhai,BTP,,,,,False,29,2017,AE
1304889,Jagatsinh Laljibhai Vasava,NCP,15192,2569,1.64596134009059,4,29,156,GJ,Jagatsinh Laljibhai Vasava,NCP,,,,,False,29,2017,AE
1304890,Nota,NOTA,15161,1800,1.15326213007515,5,29,156,GJ,Nota,NOTA,,,,,False,29,2017,AE
1304891,Halpati Kuvarjibhai Narsinhbhai,IND,15162,1268,0.812409100519608,6,29,156,GJ,Halpati Kuvarjibhai Narsinhbhai,IND,,,,,False,29,2017,AE
1304892,Vasava Uttambhai Tulsibhai,JD(U),15182,984,0.630449964441084,7,29,156,GJ,Vasava Uttambhai Tulsibhai,JD(U),,,,,False,29,2017,AE
1304893,Bhagat Urmilaben Mukeshbhai,IND,15162,846,0.542033201135322,8,29,156,GJ,Bhagat Urmilaben Mukeshbhai,IND,,,,,False,29,2017,AE
1304949,Chaudhari Anandbhai Mohanbhai,INC,15160,96483,53.1016263518533,1,29,157,GJ,Chaudhari Anandbhai Mohanbhai,INC,,,,,False,29,2017,AE
1304950,Pravinbhai Merjibhai Chaudhari,BJP,15159,45707,25.1558931175871,2,29,157,GJ,Pravinbhai Merjibhai Chaudhari,BJP,,,,,False,29,2017,AE
1304951,Halpati Kunvarjibhai Narsinhbhai,IND,15162,29552,16.2646192795619,3,29,157,GJ,Halpati Kunvarjibhai Narsinhbhai,IND,,,,,False,29,2017,AE
1304952,Nota,NOTA,15161,4928,2.71223754093398,4,29,157,GJ,Nota,NOTA,,,,,False,29,2017,AE
1304953,Dineshbhai Gulabbhai Chaudhari,BSP,15163,2182,1.20091361897685,5,29,157,GJ,Dineshbhai Gulabbhai Chaudhari,BSP,,,,,False,29,2017,AE
1304954,Gamit Yakubbhai Devlabhai,JD(U),15182,1603,0.882247722832218,6,29,157,GJ,Gamit Yakubbhai Devlabhai,JD(U),,,,,False,29,2017,AE
1304955,Arvindbhai Hatiyabhai Gamit,IND,15162,1240,0.682462368254492,7,29,157,GJ,Arvindbhai Hatiyabhai Gamit,IND,,,,,False,29,2017,AE
1305013,V.D.Zalavadiya,BJP,15159,147371,53.0470246065684,1,29,158,GJ,V.D.Zalavadiya,BJP,,,,,False,29,2017,AE
1305014,Ashok (Jiravala),INC,15160,119180,42.8995147797791,2,29,158,GJ,Ashok (Jiravala),INC,,,,,False,29,2017,AE
1305015,Nota,NOTA,15161,3413,1.2285286452709,3,29,158,GJ,Nota,NOTA,,,,,False,29,2017,AE
1305016,Ram Dhaduk,AAAP,15172,1454,0.523375520135919,4,29,158,GJ,Ram Dhaduk,AAAP,,,,,False,29,2017,AE
1305017,Kodawala Imran Nizamudin,BSP,15163,1187,0.427267360661166,5,29,158,GJ,Kodawala Imran Nizamudin,BSP,,,,,False,29,2017,AE
1305018,Viradiya Hasmukhbhai Shamjibhai,IND,15162,1185,0.426547449354239,6,29,158,GJ,Viradiya Hasmukhbhai Shamjibhai,IND,,,,,False,29,2017,AE
1305019,Vekariya Piyushbhai Bhagavanbhai,IND,15162,1111,0.399910730997941,7,29,158,GJ,Vekariya Piyushbhai Bhagavanbhai,IND,,,,,False,29,2017,AE
1305020,Kathrotiya Nirmishkumar Vithalbhai,REALDP,15184,815,0.293363857572747,8,29,158,GJ,Kathrotiya Nirmishkumar Vithalbhai,REALDP,,,,,False,29,2017,AE
1305021,Narendra Sorathiya (Vakil),SHS,15186,431,0.155140886642765,9,29,158,GJ,Narendra Sorathiya (Vakil),SHS,,,,,False,29,2017,AE
1305022,Mandani Jigneshbhai Vinubhai,IND,15162,390,0.140382704850762,10,29,158,GJ,Mandani Jigneshbhai Vinubhai,IND,,,,,False,29,2017,AE
1305023,Pareshbhai Devshibhai Kachhadiya,IND,15162,354,0.127424301326076,11,29,158,GJ,Pareshbhai Devshibhai Kachhadiya,IND,,,,,False,29,2017,AE
1305024,Gadhethariya Bhikhubhai Chhaganbhai,IND,15162,292,0.10510705081134,12,29,158,GJ,Gadhethariya Bhikhubhai Chhaganbhai,IND,,,,,False,29,2017,AE
1305025,Dr.Bhavinbhai Vachhani,AINHCP,15190,264,0.0950282925143622,13,29,158,GJ,Dr.Bhavinbhai Vachhani,AINHCP,,,,,False,29,2017,AE
1305026,Pansuriya Prafulkumar Naranbhai,YuS,15201,219,0.078830288108505,14,29,158,GJ,Pansuriya Prafulkumar Naranbhai,YuS,,,,,False,29,2017,AE
1305027,Pipalya Harshaben Rajeshkumar,ASAPA,15191,146,0.05255352540567,15,29,158,GJ,Pipalya Harshaben Rajeshkumar,ASAPA,,,,,False,29,2017,AE
1305097,Arvind Shantilal Rana,BJP,15159,72638,53.6509343378388,1,29,159,GJ,Arvind Shantilal Rana,BJP,,,,,False,29,2017,AE
1305098,Bharucha Nitinkumar Thakordas,INC,15160,59291,43.7927468793854,2,29,159,GJ,Bharucha Nitinkumar Thakordas,INC,,,,,False,29,2017,AE
1305099,Nota,NOTA,15161,1168,0.862692961075411,3,29,159,GJ,Nota,NOTA,,,,,False,29,2017,AE
1305100,Kapdiya Mohammad Salman Mohammad Irfan,BSP,15163,458,0.338282000147721,4,29,159,GJ,Kapdiya Mohammad Salman Mohammad Irfan,BSP,,,,,False,29,2017,AE
1305101,Meman Bilkishbanu Rafikbhai,IND,15162,307,0.226752345077184,5,29,159,GJ,Meman Bilkishbanu Rafikbhai,IND,,,,,False,29,2017,AE
1305102,Salim Akbarbhai Multani,AAAP,15172,299,0.220843489179407,6,29,159,GJ,Salim Akbarbhai Multani,AAAP,,,,,False,29,2017,AE
1305103,Nirban Faruq Shabbir,BBC,15293,283,0.209025777383854,7,29,159,GJ,Nirban Faruq Shabbir,BBC,,,,,False,29,2017,AE
1305104,Limbuwala Mo Ilyas Abdul Latif,IND,15162,192,0.141812541546643,8,29,159,GJ,Limbuwala Mo Ilyas Abdul Latif,IND,,,,,False,29,2017,AE
1305105,Diwan Sadikbhai Amishabhai,IND,15162,117,0.0864170175049855,9,29,159,GJ,Diwan Sadikbhai Amishabhai,IND,,,,,False,29,2017,AE
1305106,Pathan Yusufkhan Rasulkhan,IND,15162,113,0.0834625895560972,10,29,159,GJ,Pathan Yusufkhan Rasulkhan,IND,,,,,False,29,2017,AE
1305107,Kher Pareskhkumar Anandrav,IND,15162,111,0.081985375581653,11,29,159,GJ,Kher Pareskhkumar Anandrav,IND,,,,,False,29,2017,AE
1305108,Kodavala Imran Nizamuddin,IND,15162,111,0.081985375581653,11,29,159,GJ,Kodavala Imran Nizamuddin,IND,,,,,False,29,2017,AE
1305109,Mansuri Sabiha Harun Gulam Mohmad,IND,15162,110,0.0812467685944309,13,29,159,GJ,Mansuri Sabiha Harun Gulam Mohmad,IND,,,,,False,29,2017,AE
1305110,Maisuriya Amrutlal Uttamlal Alias Vijay Maisuriya,RMNMP,15267,104,0.0768151266710983,14,29,159,GJ,Maisuriya Amrutlal Uttamlal Alias Vijay Maisuriya,RMNMP,,,,,False,29,2017,AE
1305111,Mansuri Mohmad Harun Gulam Mohmad,IND,15162,88,0.0649974148755447,15,29,159,GJ,Mansuri Mohmad Harun Gulam Mohmad,IND,,,,,False,29,2017,AE
1305176,Balar Kantibhai Himmatbhai,BJP,15159,58788,58.3596402406337,1,29,160,GJ,Balar Kantibhai Himmatbhai,BJP,,,,,False,29,2017,AE
1305177,Kachhadiya Dineshbhai Manubhai,INC,15160,38766,38.4835308833164,2,29,160,GJ,Kachhadiya Dineshbhai Manubhai,INC,,,,,False,29,2017,AE
1305178,Nota,NOTA,15161,912,0.905354696527488,3,29,160,GJ,Nota,NOTA,,,,,False,29,2017,AE
1305179,Solanki Riteshbhai Nareshbhai,AINHCP,15190,522,0.518196438144022,4,29,160,GJ,Solanki Riteshbhai Nareshbhai,AINHCP,,,,,False,29,2017,AE
1305180,Abdulsamad Abdulmajid Munshi,BSP,15163,439,0.435801219052157,5,29,160,GJ,Abdulsamad Abdulmajid Munshi,BSP,,,,,False,29,2017,AE
1305181,Riyaz Nurmohammad Nagori,IND,15162,298,0.295828617944288,6,29,160,GJ,Riyaz Nurmohammad Nagori,IND,,,,,False,29,2017,AE
1305182,Mo.Zameer Abdulrehman Nagori,IND,15162,202,0.200528123572974,7,29,160,GJ,Mo.Zameer Abdulrehman Nagori,IND,,,,,False,29,2017,AE
1305183,Maisuriya Amrutlal Uttamlal (Vijay Maisuriya),RMNMP,15267,188,0.18663013481049,8,29,160,GJ,Maisuriya Amrutlal Uttamlal (Vijay Maisuriya),RMNMP,,,,,False,29,2017,AE
1305184,Kazi Nazmuddin Rafiyuddin,IND,15162,185,0.183651994361387,9,29,160,GJ,Kazi Nazmuddin Rafiyuddin,IND,,,,,False,29,2017,AE
1305185,Tailor Gulmohmad Ushamangani,IND,15162,122,0.121111044930212,10,29,160,GJ,Tailor Gulmohmad Ushamangani,IND,,,,,False,29,2017,AE
1305186,Tofiq Mahemud Nagori,IND,15162,112,0.111183910099866,11,29,160,GJ,Tofiq Mahemud Nagori,IND,,,,,False,29,2017,AE
1305187,Pathan Sirajkhan Hoshiyarkhan,IND,15162,106,0.105227629201659,12,29,160,GJ,Pathan Sirajkhan Hoshiyarkhan,IND,,,,,False,29,2017,AE
1305188,Kapadia Mohmadirfan Gulammahamad,IND,15162,94,0.0933150674052454,13,29,160,GJ,Kapadia Mohmadirfan Gulammahamad,IND,,,,,False,29,2017,AE
1305238,Kishor Kanani (Kumar),BJP,15159,68472,54.6940275259403,1,29,161,GJ,Kishor Kanani (Kumar),BJP,,,,,False,29,2017,AE
1305239,Gajera Dhirubhai Haribhai,INC,15160,54474,43.5127125751851,2,29,161,GJ,Gajera Dhirubhai Haribhai,INC,,,,,True,29,2017,AE
1305240,Nota,NOTA,15161,1060,0.846706232876165,3,29,161,GJ,Nota,NOTA,,,,,False,29,2017,AE
1305241,Satish Prajapati (S.P.),IND,15162,388,0.309926432411275,4,29,161,GJ,Satish Prajapati (S.P.),IND,,,,,False,29,2017,AE
1305242,Vijay Mangukiya (Mahadev),NCP,15192,264,0.210877778754063,5,29,161,GJ,Vijay Mangukiya (Mahadev),NCP,,,,,False,29,2017,AE
1305243,Savaliya Hanisha Tusharkumar,BSP,15163,195,0.155761995670615,6,29,161,GJ,Savaliya Hanisha Tusharkumar,BSP,,,,,False,29,2017,AE
1305244,Laljibhai Hirpara (Janakbhai Hirpara),YuS,15201,147,0.117420581351694,7,29,161,GJ,Laljibhai Hirpara (Janakbhai Hirpara),YuS,,,,,False,29,2017,AE
1305245,Nitin Dhameliya,AINHCP,15190,106,0.0846706232876165,8,29,161,GJ,Nitin Dhameliya,AINHCP,,,,,False,29,2017,AE
1305246,Dankhara Vijaybhai Narharibhai,NBNM,15207,85,0.0678962545230887,9,29,161,GJ,Dankhara Vijaybhai Narharibhai,NBNM,,,,,False,29,2017,AE
1305299,Ghoghari Pravinbhai Manjibhai,BJP,15159,58673,64.979954371276,1,29,162,GJ,Ghoghari Pravinbhai Manjibhai,BJP,,,,,False,29,2017,AE
1305300,Bhumbhaliya Bhaveshbhai Govindbhai (Advocate),INC,15160,23075,25.5554078897822,2,29,162,GJ,Bhumbhaliya Bhaveshbhai Govindbhai (Advocate),INC,,,,,False,29,2017,AE
1305301,Bhimjibhai V.Patel (Budhana),IND,15162,4464,4.94385008970695,3,29,162,GJ,Bhimjibhai V.Patel (Budhana),IND,,,,,False,29,2017,AE
1305302,Zalavadiya Jaysukhbhai Devchandbhai,IND,15162,910,1.00781890269563,4,29,162,GJ,Zalavadiya Jaysukhbhai Devchandbhai,IND,,,,,False,29,2017,AE
1305303,Nota,NOTA,15161,900,0.996743969698983,5,29,162,GJ,Nota,NOTA,,,,,False,29,2017,AE
1305304,Ladumor Himmatbhai Baghabhai,AINHCP,15190,534,0.591401422021396,6,29,162,GJ,Ladumor Himmatbhai Baghabhai,AINHCP,,,,,False,29,2017,AE
1305305,Ghanshyambhai Chhaganbhai Sarvaiya,YuS,15201,328,0.363257802290296,7,29,162,GJ,Ghanshyambhai Chhaganbhai Sarvaiya,YuS,,,,,False,29,2017,AE
1305306,Mukeshbhai Jagabhai Dobariya,IND,15162,326,0.361042815690965,8,29,162,GJ,Mukeshbhai Jagabhai Dobariya,IND,,,,,False,29,2017,AE
1305307,Mehta Jignesh Dhirajlal,AAAP,15172,325,0.359935322391299,9,29,162,GJ,Mehta Jignesh Dhirajlal,AAAP,,,,,False,29,2017,AE
1305308,Shaikh Mohsin Anvar,BBC,15293,281,0.311205617206015,10,29,162,GJ,Shaikh Mohsin Anvar,BBC,,,,,False,29,2017,AE
1305309,Baraiya Rameshbhai Parsottambhai,IND,15162,147,0.162801515050833,11,29,162,GJ,Baraiya Rameshbhai Parsottambhai,IND,,,,,False,29,2017,AE
1305310,Jalondhara Jituben Dhanjibhai,REALDP,15184,119,0.131791702660198,12,29,162,GJ,Jalondhara Jituben Dhanjibhai,REALDP,,,,,False,29,2017,AE
1305311,Bhadani Hasmukhbhai Kanubhai,RMNMP,15267,111,0.122931756262874,13,29,162,GJ,Bhadani Hasmukhbhai Kanubhai,RMNMP,,,,,False,29,2017,AE
1305312,Dodiya Ramdevsinh Hemantsinh,IND,15162,101,0.111856823266219,14,29,162,GJ,Dodiya Ramdevsinh Hemantsinh,IND,,,,,False,29,2017,AE
1305453,Patil Sangitaben Rajendrabhai,BJP,15159,93585,54.846744417746,1,29,163,GJ,Patil Sangitaben Rajendrabhai,BJP,,,,,True,29,2017,AE
1305454,Dr. Ravindra Suklal Patil,INC,15160,61634,36.121432338979,2,29,163,GJ,Dr. Ravindra Suklal Patil,INC,,,,,False,29,2017,AE
1305455,Akram Vahidulla Ansari,NCP,15192,5132,3.007677430698,3,29,163,GJ,Akram Vahidulla Ansari,NCP,,,,,False,29,2017,AE
1305456,Samrat Abhiman Patil,SHS,15186,4075,2.38820840414932,4,29,163,GJ,Samrat Abhiman Patil,SHS,,,,,False,29,2017,AE
1305457,Nota,NOTA,15161,940,0.550899607337513,5,29,163,GJ,Nota,NOTA,,,,,False,29,2017,AE
1305458,Patel Dashrath Prabhudutt,IND,15162,835,0.489362949071089,6,29,163,GJ,Patel Dashrath Prabhudutt,IND,,,,,False,29,2017,AE
1305459,Satyendra Singh Krantikari,SUCI,15265,709,0.41551895915138,7,29,163,GJ,Satyendra Singh Krantikari,SUCI,,,,,False,29,2017,AE
1305460,Manubhai Mayabhai Ahir,BSP,15163,705,0.413174705503135,8,29,163,GJ,Manubhai Mayabhai Ahir,BSP,,,,,False,29,2017,AE
1305461,Jain Rajendrakumar Anilkumar,IND,15162,619,0.362773252065873,9,29,163,GJ,Jain Rajendrakumar Anilkumar,IND,,,,,False,29,2017,AE
1305462,Bharatbhai Babubhai Rakholiya (Patel),CPM,15235,591,0.34636347652816,10,29,163,GJ,Bharatbhai Babubhai Rakholiya (Patel),CPM,,,,,False,29,2017,AE
1305463,Rasha Raju Uppalaya,AAAP,15172,384,0.225048350231495,11,29,163,GJ,Rasha Raju Uppalaya,AAAP,,,,,False,29,2017,AE
1305464,Koli Dashrath Lotanbhai,IND,15162,347,0.203364003985231,12,29,163,GJ,Koli Dashrath Lotanbhai,IND,,,,,False,29,2017,AE
1305465,Chauhan Anilbhai Laljibhai,IND,15162,287,0.16820019926156,13,29,163,GJ,Chauhan Anilbhai Laljibhai,IND,,,,,True,29,2017,AE
1305466,Varde Raju Bhimrao,BMUP,15169,255,0.149446170075602,14,29,163,GJ,Varde Raju Bhimrao,BMUP,,,,,False,29,2017,AE
1305467,Girdhar Brijlal Chaudhari,IND,15162,203,0.11897087264842,15,29,163,GJ,Girdhar Brijlal Chaudhari,IND,,,,,False,29,2017,AE
1305468,Hemant Suresh Soni,RSPS,15204,182,0.106663540995135,16,29,163,GJ,Hemant Suresh Soni,RSPS,,,,,False,29,2017,AE
1305469,Shekh Hamid Ramjan,STBSP,15315,147,0.0861513215729941,17,29,163,GJ,Shekh Hamid Ramjan,STBSP,,,,,False,29,2017,AE
1305564,Patel Vivek Narottambhai,BJP,15159,87884,61.8483278910032,1,29,164,GJ,Patel Vivek Narottambhai,BJP,,,,,False,29,2017,AE
1305565,Patel Satishbhai Champakbhai,INC,15160,45356,31.9192658484404,2,29,164,GJ,Patel Satishbhai Champakbhai,INC,,,,,False,29,2017,AE
1305566,Vilas Subhash Patil,SHS,15186,2901,2.04157752505348,3,29,164,GJ,Vilas Subhash Patil,SHS,,,,,False,29,2017,AE
1305567,Sonvane Suryavardhan Ramesh,IND,15162,1583,1.11403558157865,4,29,164,GJ,Sonvane Suryavardhan Ramesh,IND,,,,,False,29,2017,AE
1305568,Nota,NOTA,15161,1475,1.03803062718162,5,29,164,GJ,Nota,NOTA,,,,,False,29,2017,AE
1305569,Baisane Shilaben Subhashbhai,BMUP,15169,555,0.39058101565139,6,29,164,GJ,Baisane Shilaben Subhashbhai,BMUP,,,,,False,29,2017,AE
1305570,Suryavanshi Harishbhai Champaklal,NCP,15192,482,0.339207296475622,7,29,164,GJ,Suryavanshi Harishbhai Champaklal,NCP,,,,,False,29,2017,AE
1305571,Dineshbhai Ramdasbhai Borse,IND,15162,394,0.277277333633599,8,29,164,GJ,Dineshbhai Ramdasbhai Borse,IND,,,,,False,29,2017,AE
1305572,Sikalkar Jagadishsing Naththasing,BBC,15293,339,0.238571106857335,9,29,164,GJ,Sikalkar Jagadishsing Naththasing,BBC,,,,,False,29,2017,AE
1305573,Surati Kiritbhai Lalubhai,IND,15162,297,0.209013624591825,10,29,164,GJ,Surati Kiritbhai Lalubhai,IND,,,,,False,29,2017,AE
1305574,Sharma Arun Shrichandra,AINHCP,15190,270,0.190012385992568,11,29,164,GJ,Sharma Arun Shrichandra,AINHCP,,,,,False,29,2017,AE
1305575,Patel Hirabhai Maganbhai,IND,15162,206,0.144972413016552,12,29,164,GJ,Patel Hirabhai Maganbhai,IND,,,,,False,29,2017,AE
1305576,Singh Mahesh Samarbahadur,STBSP,15315,181,0.127378673572795,13,29,164,GJ,Singh Mahesh Samarbahadur,STBSP,,,,,False,29,2017,AE
1305577,Thakur Chandansinh Shivvadansinh,IND,15162,173,0.121748676950793,14,29,164,GJ,Thakur Chandansinh Shivvadansinh,IND,,,,,False,29,2017,AE
1305665,Harsh Rameshkumar Sanghavi,BJP,15159,116741,76.6504927677064,1,29,165,GJ,Harsh Rameshkumar Sanghavi,BJP,,,,,False,29,2017,AE
1305666,Kothari Ashok Mohanlal,INC,15160,30914,20.2976960401305,2,29,165,GJ,Kothari Ashok Mohanlal,INC,,,,,False,29,2017,AE
1305667,Nota,NOTA,15161,1938,1.27246344458086,3,29,165,GJ,Nota,NOTA,,,,,False,29,2017,AE
1305668,Vyas Jigar Ashokbhai,SHS,15186,539,0.353899791862274,4,29,165,GJ,Vyas Jigar Ashokbhai,SHS,,,,,False,29,2017,AE
1305669,Nirmala Govindbhai Tate,BARESP,15237,474,0.311221709355692,5,29,165,GJ,Nirmala Govindbhai Tate,BARESP,,,,,False,29,2017,AE
1305670,Lataben Ashokkumar Dwivedi,IND,15162,447,0.293493890468342,6,29,165,GJ,Lataben Ashokkumar Dwivedi,IND,,,,,False,29,2017,AE
1305671,Desai Alpesh Ishwarbhai,NCP,15192,440,0.288897789275326,7,29,165,GJ,Desai Alpesh Ishwarbhai,NCP,,,,,False,29,2017,AE
1305672,Patel Manojkumar Dahyabhai,SVPP,15200,266,0.174651845334628,8,29,165,GJ,Patel Manojkumar Dahyabhai,SVPP,,,,,False,29,2017,AE
1305673,Vora Laxmanbhai Dahyabhai,IND,15162,229,0.150358167600112,9,29,165,GJ,Vora Laxmanbhai Dahyabhai,IND,,,,,False,29,2017,AE
1305674,Sharma Rajmal Mohanlal (Rajubhai),STBSP,15315,190,0.124751318096163,10,29,165,GJ,Sharma Rajmal Mohanlal (Rajubhai),STBSP,,,,,False,29,2017,AE
1305675,Palghadmal Simaben Shashikant,BBC,15293,125,0.0820732355895812,11,29,165,GJ,Palghadmal Simaben Shashikant,BBC,,,,,False,29,2017,AE
1305732,Vinodbhai Amarshibhai Moradiya (Vinubhai Ningala),BJP,15159,125387,69.4984397257464,1,29,166,GJ,Vinodbhai Amarshibhai Moradiya (Vinubhai Ningala),BJP,,,,,False,29,2017,AE
1305733,Jignesh Jivani (Mevasa),INC,15160,46157,25.5835093145324,2,29,166,GJ,Jignesh Jivani (Mevasa),INC,,,,,False,29,2017,AE
1305734,Nagajibhai B. Ambaliya,AAAP,15172,4135,2.2919126246418,3,29,166,GJ,Nagajibhai B. Ambaliya,AAAP,,,,,False,29,2017,AE
1305735,Nota,NOTA,15161,1693,0.938381638093971,4,29,166,GJ,Nota,NOTA,,,,,False,29,2017,AE
1305736,Dineshbhai Jikadara (Prajapati),IND,15162,872,0.483324742125187,5,29,166,GJ,Dineshbhai Jikadara (Prajapati),IND,,,,,False,29,2017,AE
1305737,Nayan Nathubhai Mavani,NCP,15192,505,0.279907104097729,6,29,166,GJ,Nayan Nathubhai Mavani,NCP,,,,,False,29,2017,AE
1305738,Balavantbhai Hirajibhai Variya,SHS,15186,395,0.218937239838817,7,29,166,GJ,Balavantbhai Hirajibhai Variya,SHS,,,,,False,29,2017,AE
1305739,Jaykumar Jashbhai Patel (Gopu),IND,15162,275,0.152424660647278,8,29,166,GJ,Jaykumar Jashbhai Patel (Gopu),IND,,,,,False,29,2017,AE
1305740,Shah Fakir Akabar Liyakat,IND,15162,236,0.130808072410027,9,29,166,GJ,Shah Fakir Akabar Liyakat,IND,,,,,False,29,2017,AE
1305741,Sondarava Bharatbhai Kanjibhai,SVPP,15200,188,0.104203040733412,10,29,166,GJ,Sondarava Bharatbhai Kanjibhai,SVPP,,,,,False,29,2017,AE
1305742,Panchal Umesh,YPD,15320,156,0.0864663529490014,11,29,166,GJ,Panchal Umesh,YPD,,,,,False,29,2017,AE
1305743,Patel Vinodkumar Karashanbhai,RMNMP,15267,140,0.0775980090567962,12,29,166,GJ,Patel Vinodkumar Karashanbhai,RMNMP,,,,,False,29,2017,AE
1305744,Alpeshbhai Haribhai Italiya,IND,15162,112,0.0620784072454369,13,29,166,GJ,Alpeshbhai Haribhai Italiya,IND,,,,,False,29,2017,AE
1305745,Shekh Raushanaara,BBC,15293,106,0.0587527782858599,14,29,166,GJ,Shekh Raushanaara,BBC,,,,,False,29,2017,AE
1305746,Rajeshkumar Dharamshibhai Pipalya,ASAPA,15191,60,0.0332562895957698,15,29,166,GJ,Rajeshkumar Dharamshibhai Pipalya,ASAPA,,,,,False,29,2017,AE
1305802,Purnesh Modi,BJP,15159,111615,74.2728428169314,1,29,167,GJ,Purnesh Modi,BJP,,,,,False,29,2017,AE
1305803,Patel Iqbal Daud,INC,15160,33733,22.4472141445464,2,29,167,GJ,Patel Iqbal Daud,INC,,,,,False,29,2017,AE
1305804,Nota,NOTA,15161,1986,1.32155952008624,3,29,167,GJ,Nota,NOTA,,,,,False,29,2017,AE
1305805,Rochani Sonal Chetanbhai,IND,15162,461,0.306766837240562,4,29,167,GJ,Rochani Sonal Chetanbhai,IND,,,,,False,29,2017,AE
1305806,Nilpeshkumar Jashvantbhai Patel,AINHCP,15190,458,0.304770523766111,5,29,167,GJ,Nilpeshkumar Jashvantbhai Patel,AINHCP,,,,,False,29,2017,AE
1305807,Paliwal Ravishankar Chunilal,NCP,15192,451,0.300112458992394,6,29,167,GJ,Paliwal Ravishankar Chunilal,NCP,,,,,False,29,2017,AE
1305808,Data Hurbanu Mosalim,BSP,15163,419,0.278818448598255,7,29,167,GJ,Data Hurbanu Mosalim,BSP,,,,,False,29,2017,AE
1305809,Selod Mohamad Salim Yusuf Selod,IND,15162,270,0.179668212700546,8,29,167,GJ,Selod Mohamad Salim Yusuf Selod,IND,,,,,False,29,2017,AE
1305810,Lokare Prashant Jayavant,SHS,15186,208,0.138411067561902,9,29,167,GJ,Lokare Prashant Jayavant,SHS,,,,,False,29,2017,AE
1305811,Shah Soeb Mustak,IND,15162,185,0.123105997591115,10,29,167,GJ,Shah Soeb Mustak,IND,,,,,False,29,2017,AE
1305812,Shaikh Alihedar Jilani,IND,15162,122,0.0811834146276542,11,29,167,GJ,Shaikh Alihedar Jilani,IND,,,,,False,29,2017,AE
1305813,Shah Farajanabibi,IND,15162,117,0.07785622550357,12,29,167,GJ,Shah Farajanabibi,IND,,,,,False,29,2017,AE
1305814,Dilipkumar Natvarlal Parekh,IND,15162,92,0.0612202798831491,13,29,167,GJ,Dilipkumar Natvarlal Parekh,IND,,,,,False,29,2017,AE
1305815,Barsing Sachin Suresh,BBC,15293,89,0.0592239664086986,14,29,167,GJ,Barsing Sachin Suresh,BBC,,,,,False,29,2017,AE
1305816,Shah Alimunbi Mehbub,IND,15162,71,0.0472460855619955,15,29,167,GJ,Shah Alimunbi Mehbub,IND,,,,,False,29,2017,AE
1305920,Patel Zankhana Hiteshkumar,BJP,15159,173882,68.0081978113095,1,29,168,GJ,Patel Zankhana Hiteshkumar,BJP,,,,,False,29,2017,AE
1305921,Patel Yogesh Bhagwan,INC,15160,63063,24.665008330791,2,29,168,GJ,Patel Yogesh Bhagwan,INC,,,,,False,29,2017,AE
1305922,Ajay Chaudhari,IND,15162,9708,3.79696336798629,3,29,168,GJ,Ajay Chaudhari,IND,,,,,False,29,2017,AE
1305923,Nota,NOTA,15161,2842,1.1115543769898,4,29,168,GJ,Nota,NOTA,,,,,False,29,2017,AE
1305924,Rajbhar Ramsingh Ganesh,BSP,15163,1698,0.664116584140989,5,29,168,GJ,Rajbhar Ramsingh Ganesh,BSP,,,,,False,29,2017,AE
1305925,Rajput Arvind Uttamsinh,SHS,15186,1104,0.43179311477718,6,29,168,GJ,Rajput Arvind Uttamsinh,SHS,,,,,False,29,2017,AE
1305926,Bhupendra Ramakant Sonvane (Bhaau),IND,15162,841,0.328929356456167,7,29,168,GJ,Bhupendra Ramakant Sonvane (Bhaau),IND,,,,,False,29,2017,AE
1305927,Pathan Nurmahmed Nabialam,IND,15162,792,0.309764625818412,8,29,168,GJ,Pathan Nurmahmed Nabialam,IND,,,,,False,29,2017,AE
1305928,Shinde Ranjan Jagan,BMUP,15169,661,0.258528305133801,9,29,168,GJ,Shinde Ranjan Jagan,BMUP,,,,,False,29,2017,AE
1305929,Vinodbhai Udaybhai Ahir,SVPP,15200,334,0.130633061898168,10,29,168,GJ,Vinodbhai Udaybhai Ahir,SVPP,,,,,False,29,2017,AE
1305930,Patel Yogesh Virambhai,RSPS,15204,332,0.129850827994586,11,29,168,GJ,Patel Yogesh Virambhai,RSPS,,,,,False,29,2017,AE
1305931,Ramjan Bhilubhai Mansuri (Journalist),YuS,15201,228,0.0891746650083307,12,29,168,GJ,Ramjan Bhilubhai Mansuri (Journalist),YuS,,,,,False,29,2017,AE
1305932,Sharma Rajmal Mohanlal (Rajubhai),STBSP,15315,193,0.0754855716956484,13,29,168,GJ,Sharma Rajmal Mohanlal (Rajubhai),STBSP,,,,,False,29,2017,AE
1305985,Ishwarbhai (Anil) Ramanbhai Parmar,BJP,15159,94774,58.5534323083671,1,29,169,GJ,Ishwarbhai (Anil) Ramanbhai Parmar,BJP,,,,,False,29,2017,AE
1305986,Tarunkumar Jagubhai Vaghela,INC,15160,59920,37.0198753235841,2,29,169,GJ,Tarunkumar Jagubhai Vaghela,INC,,,,,False,29,2017,AE
1305987,Nota,NOTA,15161,3714,2.29458973551053,3,29,169,GJ,Nota,NOTA,,,,,False,29,2017,AE
1305988,Rajeshbhai Lallubhai Solanki,IND,15162,1599,0.987896873204455,4,29,169,GJ,Rajeshbhai Lallubhai Solanki,IND,,,,,False,29,2017,AE
1305989,Nanajibhai Lakhabhai Makadia,BSP,15163,1186,0.732736517586294,5,29,169,GJ,Nanajibhai Lakhabhai Makadia,BSP,,,,,False,29,2017,AE
1305990,Mahyavanshi Natvarbhai Dahyabhai,IND,15162,666,0.411469241747446,6,29,169,GJ,Mahyavanshi Natvarbhai Dahyabhai,IND,,,,,False,29,2017,AE
1306042,Dhodiya Mohanbhai Dhanjibhai,BJP,15159,82607,50.067882901994,1,29,170,GJ,Dhodiya Mohanbhai Dhanjibhai,BJP,,,,,True,29,2017,AE
1306043,Chaudhari Dr. Tusharbhai Amarsinhbhai,INC,15160,76174,46.1688587187102,2,29,170,GJ,Chaudhari Dr. Tusharbhai Amarsinhbhai,INC,,,,,False,29,2017,AE
1306044,Nota,NOTA,15161,3157,1.91344929995757,3,29,170,GJ,Nota,NOTA,,,,,False,29,2017,AE
1306045,Gamit Manharbhai Lakhabhai,JD(U),15182,1622,0.983089884235408,4,29,170,GJ,Gamit Manharbhai Lakhabhai,JD(U),,,,,False,29,2017,AE
1306046,Chaudhari Madanbhai Udesingbhai,AINHCP,15190,1430,0.866719195102733,5,29,170,GJ,Chaudhari Madanbhai Udesingbhai,AINHCP,,,,,False,29,2017,AE
1306105,Gamit Punabhai Dhedabhai,INC,15160,88576,55.0318724604545,1,29,171,GJ,Gamit Punabhai Dhedabhai,INC,,,,,False,29,2017,AE
1306106,Chaudhari Arvindbhai Rumsibhai,BJP,15159,64162,39.8635635026156,2,29,171,GJ,Chaudhari Arvindbhai Rumsibhai,BJP,,,,,False,29,2017,AE
1306107,Nota,NOTA,15161,3836,2.38328963554804,3,29,171,GJ,Nota,NOTA,,,,,False,29,2017,AE
1306108,Shankarbhai Babubhai Dhodia,IND,15162,1473,0.915168308957838,4,29,171,GJ,Shankarbhai Babubhai Dhodia,IND,,,,,False,29,2017,AE
1306109,Gamit Kaushikbhai Virendrabhai,SVPP,15200,999,0.620674229904196,5,29,171,GJ,Gamit Kaushikbhai Virendrabhai,SVPP,,,,,False,29,2017,AE
1306110,Gamit Bipinbhai Govindbhai,IND,15162,594,0.369049542105197,6,29,171,GJ,Gamit Bipinbhai Govindbhai,IND,,,,,False,29,2017,AE
1306111,Gamit Sandipbhai Mohanbhai,AINHCP,15190,521,0.323694968748835,7,29,171,GJ,Gamit Sandipbhai Mohanbhai,AINHCP,,,,,False,29,2017,AE
1306112,Chaudhari Rameshbhai Chandubhai,JD(U),15182,411,0.255352460951576,8,29,171,GJ,Chaudhari Rameshbhai Chandubhai,JD(U),,,,,False,29,2017,AE
1306113,Kishanbhai Natubhai Gamit,IND,15162,382,0.237334890714117,9,29,171,GJ,Kishanbhai Natubhai Gamit,IND,,,,,False,29,2017,AE
1306170,Sunilbhai Ratanjibhai Gamit,INC,15160,106234,51.7036799096691,1,29,172,GJ,Sunilbhai Ratanjibhai Gamit,INC,,,,,False,29,2017,AE
1306171,Kantilalbhai Reshmabhai Gamit,BJP,15159,83105,40.4468844145288,2,29,172,GJ,Kantilalbhai Reshmabhai Gamit,BJP,,,,,False,29,2017,AE
1306172,Dhavalbhai Vijaybhai Chaudhari,IND,15162,4137,2.01346201579815,3,29,172,GJ,Dhavalbhai Vijaybhai Chaudhari,IND,,,,,False,29,2017,AE
1306173,Nota,NOTA,15161,4095,1.99302077705908,4,29,172,GJ,Nota,NOTA,,,,,False,29,2017,AE
1306174,Chunilal Dharubhai Valvi,CPI,15271,4066,1.97890658840592,5,29,172,GJ,Chunilal Dharubhai Valvi,CPI,,,,,False,29,2017,AE
1306175,Sureshbhai Navalsingh Vasave,IND,15162,2369,1.1529832041155,6,29,172,GJ,Sureshbhai Navalsingh Vasave,IND,,,,,False,29,2017,AE
1306176,Movalyabhai Nopariyabhai Gamit,BSP,15163,1461,0.711063090423279,7,29,172,GJ,Movalyabhai Nopariyabhai Gamit,BSP,,,,,False,29,2017,AE
1306227,Gavit Mangalbhai Gangajibhai,INC,15160,57820,47.1338202686839,1,29,173,GJ,Gavit Mangalbhai Gangajibhai,INC,,,,,True,29,2017,AE
1306228,Patel Vijaybhai Rameshbhai,BJP,15159,57052,46.5077605321507,2,29,173,GJ,Patel Vijaybhai Rameshbhai,BJP,,,,,True,29,2017,AE
1306229,Pawar Dineshbhai Gulabbhai,IND,15162,3035,2.47407721403417,3,29,173,GJ,Pawar Dineshbhai Gulabbhai,IND,,,,,False,29,2017,AE
1306230,Nota,NOTA,15161,2184,1.78035737576627,4,29,173,GJ,Nota,NOTA,,,,,False,29,2017,AE
1306231,Chaudhari Tulsirambhai Janabhai,NCP,15192,1304,1.06299726098865,5,29,173,GJ,Chaudhari Tulsirambhai Janabhai,NCP,,,,,False,29,2017,AE
1306232,Bhoye Yogeshbhai Soniravbhai,AINHCP,15190,1277,1.04098734837615,6,29,173,GJ,Bhoye Yogeshbhai Soniravbhai,AINHCP,,,,,False,29,2017,AE
1306318,R.C. Patel,BJP,15159,86411,55.5440567711413,1,29,174,GJ,R.C. Patel,BJP,,,,,False,29,2017,AE
1306319,Parimal Nanubhai Patel,INC,15160,60747,39.0475149769881,2,29,174,GJ,Parimal Nanubhai Patel,INC,,,,,False,29,2017,AE
1306320,Nota,NOTA,15161,3225,2.07299514051371,3,29,174,GJ,Nota,NOTA,,,,,False,29,2017,AE
1306321,Bhatt Dhananjaybhai Nanubhai,IND,15162,2808,1.80495204792636,4,29,174,GJ,Bhatt Dhananjaybhai Nanubhai,IND,,,,,False,29,2017,AE
1306322,Rathod Gunvant Shanabhai,BSP,15163,912,0.586223742061553,5,29,174,GJ,Rathod Gunvant Shanabhai,BSP,,,,,False,29,2017,AE
1306323,Patil Arjun Omkar,IND,15162,698,0.448666855218162,6,29,174,GJ,Patil Arjun Omkar,IND,,,,,False,29,2017,AE
1306324,Govindbhai G. Panchasara,IND,15162,475,0.305324865657059,7,29,174,GJ,Govindbhai G. Panchasara,IND,,,,,False,29,2017,AE
1306325,Naresh B. Naik (Mahadev),IND,15162,296,0.190265600493662,8,29,174,GJ,Naresh B. Naik (Mahadev),IND,,,,,False,29,2017,AE
1306417,Piyushbhai Dinkerbhai Desai,BJP,15159,100060,61.5708378458206,1,29,175,GJ,Piyushbhai Dinkerbhai Desai,BJP,,,,,False,29,2017,AE
1306418,Bhavnaben Anilbhai Patel,INC,15160,53965,33.2067785763512,2,29,175,GJ,Bhavnaben Anilbhai Patel,INC,,,,,False,29,2017,AE
1306419,Nota,NOTA,15161,2407,1.48112139411243,3,29,175,GJ,Nota,NOTA,,,,,False,29,2017,AE
1306420,Naresh B. Naik (Mahadev),IND,15162,1121,0.689795215122575,4,29,175,GJ,Naresh B. Naik (Mahadev),IND,,,,,False,29,2017,AE
1306421,Santosh Naginbhai Dantani,IND,15162,882,0.542729152308752,5,29,175,GJ,Santosh Naginbhai Dantani,IND,,,,,False,29,2017,AE
1306422,Johar Ibrahim Shaikh,IND,15162,784,0.482425913163335,6,29,175,GJ,Johar Ibrahim Shaikh,IND,,,,,False,29,2017,AE
1306423,Shree Percy Navroze Munshi,GJCP,15203,782,0.481195234813429,7,29,175,GJ,Shree Percy Navroze Munshi,GJCP,,,,,False,29,2017,AE
1306424,Darshinbhai Laxmanbhai Patel,BSP,15163,769,0.473195825539037,8,29,175,GJ,Darshinbhai Laxmanbhai Patel,BSP,,,,,False,29,2017,AE
1306425,Kazi Zahidbhai Mohmed Ilyas,NCP,15192,649,0.399355124544649,9,29,175,GJ,Kazi Zahidbhai Mohmed Ilyas,NCP,,,,,False,29,2017,AE
1306426,Chetankumar Ramanlal Patel (Indian Patel),IND,15162,441,0.271364576154376,10,29,175,GJ,Chetankumar Ramanlal Patel (Indian Patel),IND,,,,,False,29,2017,AE
1306427,Krutika Bankimbhai Vaidya,IND,15162,235,0.14460470611401,11,29,175,GJ,Krutika Bankimbhai Vaidya,IND,,,,,False,29,2017,AE
1306428,Govindbhai Laxmanbhai Rathod (Rikshawala),IND,15162,232,0.14275868858915,12,29,175,GJ,Govindbhai Laxmanbhai Rathod (Rikshawala),IND,,,,,False,29,2017,AE
1306429,Pankhania Kantibhai Ranchodbhai,ASAPA,15191,185,0.113837747366348,13,29,175,GJ,Pankhania Kantibhai Ranchodbhai,ASAPA,,,,,False,29,2017,AE
1306513,Patel Nareshbhai Maganbhai,BJP,15159,124010,61.878767314678,1,29,176,GJ,Patel Nareshbhai Maganbhai,BJP,,,,,False,29,2017,AE
1306514,Sureshbhai Maganbhai Halpati,INC,15160,66749,33.3065546285577,2,29,176,GJ,Sureshbhai Maganbhai Halpati,INC,,,,,False,29,2017,AE
1306515,Sunilkumar Kanjibhai Patel,IND,15162,6077,3.03231407927827,3,29,176,GJ,Sunilkumar Kanjibhai Patel,IND,,,,,False,29,2017,AE
1306516,Nota,NOTA,15161,3572,1.78236397748592,4,29,176,GJ,Nota,NOTA,,,,,False,29,2017,AE
1306565,Anantkumar Hasmukhbhai Patel,INC,15160,110756,52.0364775914641,1,29,177,GJ,Anantkumar Hasmukhbhai Patel,INC,,,,,False,29,2017,AE
1306566,Mahla Ganpatbhai Ulukbhai,BJP,15159,92363,43.394896707902,2,29,177,GJ,Mahla Ganpatbhai Ulukbhai,BJP,,,,,False,29,2017,AE
1306567,Nota,NOTA,15161,4563,2.14383371781078,3,29,177,GJ,Nota,NOTA,,,,,False,29,2017,AE
1306568,Shankar Manakbhai Jatrubhai,BSP,15163,2183,1.02563861625705,4,29,177,GJ,Shankar Manakbhai Jatrubhai,BSP,,,,,False,29,2017,AE
1306569,Patel Alpeshkumar Chhotubhai,BARESP,15237,1860,0.873883566760476,5,29,177,GJ,Patel Alpeshkumar Chhotubhai,BARESP,,,,,False,29,2017,AE
1306570,Patel Arvindbhai Kalidas,JD(U),15182,1118,0.52526979980549,6,29,177,GJ,Patel Arvindbhai Kalidas,JD(U),,,,,False,29,2017,AE
1306621,Arvind Chhotubhai Patel,BJP,15159,94944,53.5257638967189,1,29,178,GJ,Arvind Chhotubhai Patel,BJP,,,,,False,29,2017,AE
1306622,Ishvarbhai Dhedabhai Patel,INC,15160,72698,40.9843274326305,2,29,178,GJ,Ishvarbhai Dhedabhai Patel,INC,,,,,False,29,2017,AE
1306623,Nota,NOTA,15161,3711,2.09211861540196,3,29,178,GJ,Nota,NOTA,,,,,False,29,2017,AE
1306624,Patel Laxmanbhai Chunilal,BSP,15163,2572,1.44999436238583,4,29,178,GJ,Patel Laxmanbhai Chunilal,BSP,,,,,False,29,2017,AE
1306625,Mangubhai Savlubhai Padvi,AINHCP,15190,2464,1.38910812943962,5,29,178,GJ,Mangubhai Savlubhai Padvi,AINHCP,,,,,False,29,2017,AE
1306626,Kharpadi Gulabbhai Janubhai,BMUP,15169,991,0.558687563423159,6,29,178,GJ,Kharpadi Gulabbhai Janubhai,BMUP,,,,,False,29,2017,AE
1306679,Bharatbhai Kikubhai Patel,BJP,15159,101736,60.49412814033,1,29,179,GJ,Bharatbhai Kikubhai Patel,BJP,,,,,True,29,2017,AE
1306680,Tandel Narendrakumar Jagubhai,INC,15160,58644,34.8708190872602,2,29,179,GJ,Tandel Narendrakumar Jagubhai,INC,,,,,False,29,2017,AE
1306681,Patel Chetankumar Mangubhai,IND,15162,3973,2.36242009811208,3,29,179,GJ,Patel Chetankumar Mangubhai,IND,,,,,False,29,2017,AE
1306682,Nota,NOTA,15161,1926,1.14523561766017,4,29,179,GJ,Nota,NOTA,,,,,False,29,2017,AE
1306683,Sirasat Ashokbhai Atmaram,BSP,15163,810,0.481641147614092,5,29,179,GJ,Sirasat Ashokbhai Atmaram,BSP,,,,,False,29,2017,AE
1306684,Professor Rajnikant Nanubhai Desai,LVM,15210,442,0.262821465735097,6,29,179,GJ,Professor Rajnikant Nanubhai Desai,LVM,,,,,False,29,2017,AE
1306685,Jatinkumar Pravinbhai Patel,AAAP,15172,347,0.206332689163074,7,29,179,GJ,Jatinkumar Pravinbhai Patel,AAAP,,,,,False,29,2017,AE
1306686,Dodiya Mahendrasinh Mohansinh,IND,15162,297,0.176601754125167,8,29,179,GJ,Dodiya Mahendrasinh Mohansinh,IND,,,,,False,29,2017,AE
1306739,Desai Kanubhai Mohanlal,BJP,15159,98379,64.2252803927456,1,29,180,GJ,Desai Kanubhai Mohanlal,BJP,,,,,False,29,2017,AE
1306740,Bharatbhai Mohanbhai Patel,INC,15160,46293,30.2217028555014,2,29,180,GJ,Bharatbhai Mohanbhai Patel,INC,,,,,False,29,2017,AE
1306741,Nota,NOTA,15161,2583,1.6862734857486,3,29,180,GJ,Nota,NOTA,,,,,False,29,2017,AE
1306742,Advocate Purva Pradip Gajare,IND,15162,1021,0.666544804084137,4,29,180,GJ,Advocate Purva Pradip Gajare,IND,,,,,True,29,2017,AE
1306743,Patel Natvarlal Zinabhai,IND,15162,835,0.545117445063912,5,29,180,GJ,Patel Natvarlal Zinabhai,IND,,,,,False,29,2017,AE
1306744,Parmar Girishbhai Jivanbhai,BSP,15163,826,0.539241927691966,6,29,180,GJ,Parmar Girishbhai Jivanbhai,BSP,,,,,False,29,2017,AE
1306745,Abbaji Dhyanu Jadav,SHS,15186,620,0.404757863400749,7,29,180,GJ,Abbaji Dhyanu Jadav,SHS,,,,,False,29,2017,AE
1306746,Shankarbhai Alias Mahendrashankar Ramsuratbhai Alias Ramsurat Yadav,SP,15176,584,0.381255793912964,8,29,180,GJ,Shankarbhai Alias Mahendrashankar Ramsuratbhai Alias Ramsurat Yadav,SP,,,,,False,29,2017,AE
1306747,Dr. Rajiv Shambhunath Pandey,AAAP,15172,539,0.351878207053232,9,29,180,GJ,Dr. Rajiv Shambhunath Pandey,AAAP,,,,,False,29,2017,AE
1306748,Bhanushali Amit Rajubhai,IND,15162,455,0.297040044915066,10,29,180,GJ,Bhanushali Amit Rajubhai,IND,,,,,False,29,2017,AE
1306749,Rajeshbhai Chimanbhai Patel,AINHCP,15190,378,0.246771729621747,11,29,180,GJ,Rajeshbhai Chimanbhai Patel,AINHCP,,,,,False,29,2017,AE
1306750,Patel Sanjaybhai Dahyabhai,IND,15162,277,0.180835368003238,12,29,180,GJ,Patel Sanjaybhai Dahyabhai,IND,,,,,False,29,2017,AE
1306751,Patel Navinkumar Shankarbhai,IND,15162,239,0.156027627988353,13,29,180,GJ,Patel Navinkumar Shankarbhai,IND,,,,,False,29,2017,AE
1306752,Bhatkar Mukeshbhai Ramjibhai,BARESP,15237,149,0.0972724542688897,14,29,180,GJ,Bhatkar Mukeshbhai Ramjibhai,BARESP,,,,,False,29,2017,AE
1306804,Chaudhari Jitubhai Harjibhai,INC,15160,93000,47.5895630459367,1,29,181,GJ,Chaudhari Jitubhai Harjibhai,INC,,,,,False,29,2017,AE
1306805,Raut Madhubhai Bapubhai,BJP,15159,92830,47.5025713715516,2,29,181,GJ,Raut Madhubhai Bapubhai,BJP,,,,,False,29,2017,AE
1306806,Nota,NOTA,15161,3868,1.97931645012562,3,29,181,GJ,Nota,NOTA,,,,,False,29,2017,AE
1306807,Ganvit Jayendrabhai Laxmanbhai,MaNPa,15245,2430,1.24346922797447,4,29,181,GJ,Ganvit Jayendrabhai Laxmanbhai,MaNPa,,,,,False,29,2017,AE
1306808,Dhirubhai Nagarbhai Patel,AINHCP,15190,1931,0.988123077867782,5,29,181,GJ,Dhirubhai Nagarbhai Patel,AINHCP,,,,,False,29,2017,AE
1306809,Gurav Kamleshbhai Shravanbhai,CPI(ML)(L),15234,1362,0.696956826543718,6,29,181,GJ,Gurav Kamleshbhai Shravanbhai,CPI(ML)(L),,,,,False,29,2017,AE
1306862,Patkar Ramanlal Nanubhai,BJP,15159,96004,60.8668086833029,1,29,182,GJ,Patkar Ramanlal Nanubhai,BJP,,,,,False,29,2017,AE
1306863,Patel Ashokbhai Mohnabhai,INC,15160,54314,34.4352302698316,2,29,182,GJ,Patel Ashokbhai Mohnabhai,INC,,,,,False,29,2017,AE
1306864,Nota,NOTA,15161,2750,1.74350781091499,3,29,182,GJ,Nota,NOTA,,,,,False,29,2017,AE
1306865,Bochal Hasmukhbhai Ramanbhai,CPM,15235,1348,0.854635828768512,4,29,182,GJ,Bochal Hasmukhbhai Ramanbhai,CPM,,,,,True,29,2017,AE
1306866,Shaileshbhai Ukadbhai Dabhadia,IND,15162,1334,0.845759789003854,5,29,182,GJ,Shaileshbhai Ukadbhai Dabhadia,IND,,,,,False,29,2017,AE
1306867,Nareshbhai Ukkadbhai Ozariya,IND,15162,989,0.627028809089064,6,29,182,GJ,Nareshbhai Ukkadbhai Ozariya,IND,,,,,False,29,2017,AE
1306868,Vadiya Laxmanbhai Chhaganbhai,CPI(ML)(L),15234,528,0.334753499695678,7,29,182,GJ,Vadiya Laxmanbhai Chhaganbhai,CPI(ML)(L),,,,,False,29,2017,AE
1306869,Govindbhai Vestabhai Patel,AINHCP,15190,461,0.292275309393386,8,29,182,GJ,Govindbhai Vestabhai Patel,AINHCP,,,,,False,29,2017,AE
