el_res_id,ca_full_name,party_abb,party_id,el_vote_count,el_vote_perc,el_rank,el_id,ac_no,state_abb,original_ca_full_name,original_party_abb,caste,caste_category,gender,age,incumbency,el_id,el_year,el_type
1673689,Jolle Shashikala Annasaheb,BJP,19498,81860,53.6118933787412,1,16,1,KA,Jolle Shashikala Annasaheb,BJP,,,,,True,16,2013,AE
1673690,Kakaso Pandurang Patil,INC,19497,63198,41.3897439256008,2,16,1,KA,Kakaso Pandurang Patil,INC,,,,,True,16,2013,AE
1673691,Sujit Dinakar Mhetri,BSP,19499,1771,1.15986639596568,3,16,1,KA,Sujit Dinakar Mhetri,BSP,,,,,False,16,2013,AE
1673692,Dr. Chandrakant Bashetti Kurabetti,IND,19503,1545,1.01185408343702,4,16,1,KA,Dr. Chandrakant Bashetti Kurabetti,IND,,,,,False,16,2013,AE
1673693,Ramachandra Appanna Pujari,IND,19503,1232,0.806863579802213,5,16,1,KA,Ramachandra Appanna Pujari,IND,,,,,False,16,2013,AE
1673694,Babasaheb Balagouda Desai,IND,19503,894,0.585500032746086,6,16,1,KA,Babasaheb Balagouda Desai,IND,,,,,False,16,2013,AE
1673695,Patil Lakhamagoud Yalagonda,JD(S),19500,805,0.527211998166219,7,16,1,KA,Patil Lakhamagoud Yalagonda,JD(S),,,,,False,16,2013,AE
1673696,Pathan Niyaz,KJP,19508,691,0.45255092016504,8,16,1,KA,Pathan Niyaz,KJP,,,,,False,16,2013,AE
1673697,Sundar Babasaheb Patil,BSRCP,19509,258,0.168969808107931,9,16,1,KA,Sundar Babasaheb Patil,BSRCP,,,,,False,16,2013,AE
1673698,Jitendra Subhash Nerle,IND,19503,192,0.125744973475669,10,16,1,KA,Jitendra Subhash Nerle,IND,,,,,False,16,2013,AE
1673699,Jayavant Mirajakar,IND,19503,132,0.0864496692645228,11,16,1,KA,Jayavant Mirajakar,IND,,,,,False,16,2013,AE
1673700,Jay Alias Jayavant Satappa Chougule,IND,19503,112,0.0733512345274739,12,16,1,KA,Jay Alias Jayavant Satappa Chougule,IND,,,,,False,16,2013,AE
1673783,Hukkeri Prakash Babanna,INC,19497,102237,68.4431799163179,1,16,2,KA,Hukkeri Prakash Babanna,INC,,,,,True,16,2013,AE
1673784,Basavanni Rudrappa Sangappagol,BJP,19498,25649,17.1708786610878,2,16,2,KA,Basavanni Rudrappa Sangappagol,BJP,,,,,False,16,2013,AE
1673785,Kiwad Nagesh Tukaram,BSP,19499,15409,10.3156485355648,3,16,2,KA,Kiwad Nagesh Tukaram,BSP,,,,,False,16,2013,AE
1673786,Dr Annappa Maruti Magadum,JD(S),19500,1842,1.2331380753138,4,16,2,KA,Dr Annappa Maruti Magadum,JD(S),,,,,False,16,2013,AE
1673787,Raju Sambha Kamate,IND,19503,1139,0.762510460251046,5,16,2,KA,Raju Sambha Kamate,IND,,,,,False,16,2013,AE
1673788,Ramagouda Urp Somesh Iragouda Patil,KJP,19508,760,0.508786610878661,6,16,2,KA,Ramagouda Urp Somesh Iragouda Patil,KJP,,,,,False,16,2013,AE
1673789,Bahubali Shamagouda Patil,IND,19503,568,0.380251046025104,7,16,2,KA,Bahubali Shamagouda Patil,IND,,,,,False,16,2013,AE
1673790,Appasaheb Shripati Kurane,LJP,19521,494,0.330711297071129,8,16,2,KA,Appasaheb Shripati Kurane,LJP,,,,,False,16,2013,AE
1673791,Mohan Gurappa Motannavar,IND,19503,448,0.299916317991631,9,16,2,KA,Mohan Gurappa Motannavar,IND,,,,,False,16,2013,AE
1673792,Siddappa Shankar Itanale,BSRCP,19509,315,0.210878661087866,10,16,2,KA,Siddappa Shankar Itanale,BSRCP,,,,,False,16,2013,AE
1673793,Kalagouda Babu Kalasappagoal,IND,19503,301,0.201506276150627,11,16,2,KA,Kalagouda Babu Kalasappagoal,IND,,,,,False,16,2013,AE
1673794,Bhimagoud Shankar Khot,JD(U),19507,213,0.142594142259414,12,16,2,KA,Bhimagoud Shankar Khot,JD(U),,,,,False,16,2013,AE
1673876,Laxman Sangappa Savadi,BJP,19498,74299,50.7888440768336,1,16,3,KA,Laxman Sangappa Savadi,BJP,,,,,True,16,2013,AE
1673877,Mahesh Iranagouda Kumathalli,INC,19497,50528,34.5396130972725,2,16,3,KA,Mahesh Iranagouda Kumathalli,INC,,,,,False,16,2013,AE
1673878,Butali Sadashiv Kedari,JD(S),19500,15204,10.3930548909699,3,16,3,KA,Butali Sadashiv Kedari,JD(S),,,,,True,16,2013,AE
1673879,Sanganagoud Gurupadagoud Patil,KJP,19508,1580,1.08004648301319,4,16,3,KA,Sanganagoud Gurupadagoud Patil,KJP,,,,,False,16,2013,AE
1673880,Annappa Somanna Aigali,BSP,19499,1558,1.06500786109781,5,16,3,KA,Annappa Somanna Aigali,BSP,,,,,False,16,2013,AE
1673881,Ratnavva Vittal Tatri Urf Pujari,IND,19503,841,0.574885501401326,6,16,3,KA,Ratnavva Vittal Tatri Urf Pujari,IND,,,,,False,16,2013,AE
1673882,Shikhandhar Hajisab Mulla,BSRCP,19509,750,0.512680292569553,7,16,3,KA,Shikhandhar Hajisab Mulla,BSRCP,,,,,False,16,2013,AE
1673883,Vasant Yamanappa Dalawai,LSP,19526,581,0.397156333310547,8,16,3,KA,Vasant Yamanappa Dalawai,LSP,,,,,False,16,2013,AE
1673884,Basavaraj Irappa Awati,IND,19503,507,0.346571877777018,9,16,3,KA,Basavaraj Irappa Awati,IND,,,,,False,16,2013,AE
1673885,Gurunath Balu Bhori,NCP,19502,442,0.302139585754323,10,16,3,KA,Gurunath Balu Bhori,NCP,,,,,False,16,2013,AE
1673982,Bharamagouda Alagouda Kage,BJP,19498,41784,32.3405572755417,1,16,4,KA,Bharamagouda Alagouda Kage,BJP,,,,,True,16,2013,AE
1673983,Srimant Balasaheb Patil,JD(S),19500,38897,30.1060371517027,2,16,4,KA,Srimant Balasaheb Patil,JD(S),,,,,True,16,2013,AE
1673984,Kirana Kumar Tatyagouda Patil,INC,19497,33057,25.5859133126934,3,16,4,KA,Kirana Kumar Tatyagouda Patil,INC,,,,,False,16,2013,AE
1673985,Ajit Bharamu Chougale,KJP,19508,8788,6.80185758513931,4,16,4,KA,Ajit Bharamu Chougale,KJP,,,,,False,16,2013,AE
1673986,Vidyadhar S. Kamble,BSP,19499,2158,1.67027863777089,5,16,4,KA,Vidyadhar S. Kamble,BSP,,,,,False,16,2013,AE
1673987,Shoba Balu Tavadare,IND,19503,908,0.702786377708978,6,16,4,KA,Shoba Balu Tavadare,IND,,,,,False,16,2013,AE
1673988,Surendra Pradhanji Talwalkar,NCP,19502,768,0.594427244582043,7,16,4,KA,Surendra Pradhanji Talwalkar,NCP,,,,,False,16,2013,AE
1673989,Narsinha Tukaram Patil,IND,19503,642,0.496904024767801,8,16,4,KA,Narsinha Tukaram Patil,IND,,,,,True,16,2013,AE
1673990,Jayshree Savant Pujari,IND,19503,603,0.466718266253869,9,16,4,KA,Jayshree Savant Pujari,IND,,,,,False,16,2013,AE
1673991,Ramappa Bheemappa Huddar,IND,19503,493,0.381578947368421,10,16,4,KA,Ramappa Bheemappa Huddar,IND,,,,,False,16,2013,AE
1673992,Bahusab Ashok Naik (Dhavale),IND,19503,434,0.335913312693498,11,16,4,KA,Bahusab Ashok Naik (Dhavale),IND,,,,,False,16,2013,AE
1673993,Diwakar Ramachandra Potadar,BSRCP,19509,363,0.280959752321981,12,16,4,KA,Diwakar Ramachandra Potadar,BSRCP,,,,,False,16,2013,AE
1673994,Raju Annasab Patil,JD(U),19507,305,0.236068111455108,13,16,4,KA,Raju Annasab Patil,JD(U),,,,,False,16,2013,AE
1674091,Rajeev P,BSRCP,19509,71057,61.5878656554712,1,16,5,KA,Rajeev P,BSRCP,,,,,False,16,2013,AE
1674092,Ghatage Shama Bhima,INC,19497,24823,21.515059588299,2,16,5,KA,Ghatage Shama Bhima,INC,,,,,True,16,2013,AE
1674093,Mahendra K Tammannavar,BJP,19498,14310,12.4030335861321,3,16,5,KA,Mahendra K Tammannavar,BJP,,,,,True,16,2013,AE
1674094,Parashuram Santram Gadivaddar,KJP,19508,1066,0.92394366197183,4,16,5,KA,Parashuram Santram Gadivaddar,KJP,,,,,False,16,2013,AE
1674095,Shantaram Sakharam Sannakki,JD(S),19500,1050,0.910075839653304,5,16,5,KA,Shantaram Sakharam Sannakki,JD(S),,,,,False,16,2013,AE
1674096,Shrimant Tukaram Kadam,IND,19503,937,0.81213434452871,6,16,5,KA,Shrimant Tukaram Kadam,IND,,,,,False,16,2013,AE
1674097,Hullennavar Ningappa Tayappa,KaSP,19536,730,0.632719393282773,7,16,5,KA,Hullennavar Ningappa Tayappa,KaSP,,,,,False,16,2013,AE
1674098,Shekhar Shripati Kamble,IND,19503,598,0.518309859154929,8,16,5,KA,Shekhar Shripati Kamble,IND,,,,,False,16,2013,AE
1674099,Mallesh Ramappa Kasturi,BSP,19499,515,0.446370530877573,9,16,5,KA,Mallesh Ramappa Kasturi,BSP,,,,,False,16,2013,AE
1674100,Rajkumar Mahadev Bhosale,IND,19503,289,0.250487540628385,10,16,5,KA,Rajkumar Mahadev Bhosale,IND,,,,,False,16,2013,AE
1674217,Aihole Dhuryodhan Mahalingappa,BJP,19498,37535,30.7396851915548,1,16,6,KA,Aihole Dhuryodhan Mahalingappa,BJP,,,,,True,16,2013,AE
1674218,Pradeep Ramu Malagi,IND,19503,36706,30.0607668746826,2,16,6,KA,Pradeep Ramu Malagi,IND,,,,,False,16,2013,AE
1674219,Kiranagi Sukumar Pundalik,INC,19497,30043,24.6040325618724,3,16,6,KA,Kiranagi Sukumar Pundalik,INC,,,,,False,16,2013,AE
1674220,Babu Shankar Bagewadi,JD(S),19500,7338,6.00953270109576,4,16,6,KA,Babu Shankar Bagewadi,JD(S),,,,,False,16,2013,AE
1674221,Balasab Shamrao Waddar,KJP,19508,3983,3.26191997117258,5,16,6,KA,Balasab Shamrao Waddar,KJP,,,,,False,16,2013,AE
1674222,Prabhakar Hanamant Gaggari,IND,19503,2040,1.67067957348533,6,16,6,KA,Prabhakar Hanamant Gaggari,IND,,,,,False,16,2013,AE
1674223,Mayur Shravan Madale,BSP,19499,1275,1.04417473342833,7,16,6,KA,Mayur Shravan Madale,BSP,,,,,False,16,2013,AE
1674224,Prakash Maruti Waddar Pawar,IND,19503,697,0.570815520940821,8,16,6,KA,Prakash Maruti Waddar Pawar,IND,,,,,False,16,2013,AE
1674225,Paris Shankar Singe,BSRCP,19509,604,0.494652187443696,9,16,6,KA,Paris Shankar Singe,BSRCP,,,,,False,16,2013,AE
1674226,Channappa Jinnappa Bhimannavar,IND,19503,543,0.444695592354184,10,16,6,KA,Channappa Jinnappa Bhimannavar,IND,,,,,False,16,2013,AE
1674227,Honole Gajendra Annappa,IND,19503,469,0.384092509786578,11,16,6,KA,Honole Gajendra Annappa,IND,,,,,True,16,2013,AE
1674228,Kempanna Girimall Vithekar,LJP,19521,310,0.253877778323751,12,16,6,KA,Kempanna Girimall Vithekar,LJP,,,,,False,16,2013,AE
1674229,Muragod Dundappa Durgappa,JD(U),19507,299,0.244869211996134,13,16,6,KA,Muragod Dundappa Durgappa,JD(U),,,,,False,16,2013,AE
1674230,Raju Bhimarao Kanagale,NCP,19502,264,0.216205591862807,14,16,6,KA,Raju Bhimarao Kanagale,NCP,,,,,False,16,2013,AE
1674318,Umesh Vishwanath Katti,BJP,19498,81810,61.5293206278532,1,16,7,KA,Umesh Vishwanath Katti,BJP,,,,,False,16,2013,AE
1674319,Ravi Basavaraj Karale,INC,19497,24484,18.4144222742007,2,16,7,KA,Ravi Basavaraj Karale,INC,,,,,False,16,2013,AE
1674320,Basavaraj Kashappa Matagar,JD(S),19500,19501,14.6667067786794,3,16,7,KA,Basavaraj Kashappa Matagar,JD(S),,,,,False,16,2013,AE
1674321,Ningappa Basanaik Barigidad,KJP,19508,3058,2.29992253367528,4,16,7,KA,Ningappa Basanaik Barigidad,KJP,,,,,False,16,2013,AE
1674322,Suresh Kallappa Manavaddar,NPP,19543,1780,1.33873842705755,5,16,7,KA,Suresh Kallappa Manavaddar,NPP,,,,,False,16,2013,AE
1674323,Rajendra Babu Moshi,BSP,19499,1354,1.01834372485164,6,16,7,KA,Rajendra Babu Moshi,BSP,,,,,False,16,2013,AE
1674324,Virupakshi Basappa Marennavar,BSRCP,19509,974,0.732545633682057,7,16,7,KA,Virupakshi Basappa Marennavar,BSRCP,,,,,False,16,2013,AE
1674406,Balachandra Laxmanrao Jarakiholi,BJP,19498,99283,68.4243171903321,1,16,8,KA,Balachandra Laxmanrao Jarakiholi,BJP,,,,,False,16,2013,AE
1674407,Utagi Ramappa Kareppa,INC,19497,24062,16.5831604628563,2,16,8,KA,Utagi Ramappa Kareppa,INC,,,,,False,16,2013,AE
1674408,Suresh Mahalingappa Lathur,KJP,19508,11445,7.88771804078594,3,16,8,KA,Suresh Mahalingappa Lathur,KJP,,,,,False,16,2013,AE
1674409,Gurappa Kallappa Hittanagi,JD(S),19500,3081,2.12337783168733,4,16,8,KA,Gurappa Kallappa Hittanagi,JD(S),,,,,False,16,2013,AE
1674410,Guruputra Kempanna Kullur,IND,19503,2012,1.38663946684677,5,16,8,KA,Guruputra Kempanna Kullur,IND,,,,,False,16,2013,AE
1674411,Goudar Shivangouda Ningappa,SKP,19542,1527,1.05238492339712,6,16,8,KA,Goudar Shivangouda Ningappa,SKP,,,,,True,16,2013,AE
1674412,Mahantappa Sabanna Goudar,IND,19503,1388,0.956588260429086,7,16,8,KA,Mahantappa Sabanna Goudar,IND,,,,,False,16,2013,AE
1674413,Basavanth Irappa Vader,BSP,19499,910,0.627158009359127,8,16,8,KA,Basavanth Irappa Vader,BSP,,,,,False,16,2013,AE
1674414,Basavaraj Basavantappa B Patil,BSRCP,19509,697,0.480361684091551,9,16,8,KA,Basavaraj Basavantappa B Patil,BSRCP,,,,,False,16,2013,AE
1674415,Ashok Pandappa Hanaji,SJPA,19505,694,0.478294130214543,10,16,8,KA,Ashok Pandappa Hanaji,SJPA,,,,,False,16,2013,AE
1674555,Jarkiholi Ramesh Laxmanrao,INC,19497,79175,54.8580653654548,1,16,9,KA,Jarkiholi Ramesh Laxmanrao,INC,,,,,True,16,2013,AE
1674556,Ashok Ningayya Pujari,JD(S),19500,51170,35.454211616676,2,16,9,KA,Ashok Ningayya Pujari,JD(S),,,,,True,16,2013,AE
1674557,Umesh Adiveppa Nirwani,KJP,19508,4366,3.02507500329113,3,16,9,KA,Umesh Adiveppa Nirwani,KJP,,,,,False,16,2013,AE
1674558,Vasudev Mahadevappa Savatikai,BJP,19498,4293,2.974495416658,4,16,9,KA,Vasudev Mahadevappa Savatikai,BJP,,,,,False,16,2013,AE
1674559,Halappa Kallappa Vanagol,IND,19503,2047,1.41830703887699,5,16,9,KA,Halappa Kallappa Vanagol,IND,,,,,False,16,2013,AE
1674560,Bhimashi Laxmanrao Jarkiholi,IND,19503,1831,1.2686468921269,6,16,9,KA,Bhimashi Laxmanrao Jarkiholi,IND,,,,,False,16,2013,AE
1674561,Bhimappa Siddappa Naik,IND,19503,542,0.375536108974758,7,16,9,KA,Bhimappa Siddappa Naik,IND,,,,,False,16,2013,AE
1674562,Basavanni Ningappa Kambar,BSRCP,19509,457,0.316642069744399,8,16,9,KA,Basavanni Ningappa Kambar,BSRCP,,,,,False,16,2013,AE
1674563,Reshma Baburao Sambrekar,SJPA,19505,446,0.309020488196941,9,16,9,KA,Reshma Baburao Sambrekar,SJPA,,,,,False,16,2013,AE
1674708,Jarakiholi Satish Laxmanarao,INC,19497,70726,56.7806679511881,1,16,10,KA,Jarakiholi Satish Laxmanarao,INC,,,,,True,16,2013,AE
1674709,Astagi Maruti Mallappa,BJP,19498,46376,37.2318561335902,2,16,10,KA,Astagi Maruti Mallappa,BJP,,,,,False,16,2013,AE
1674710,Sanaram Siddappa Naik,JD(S),19500,3348,2.6878612716763,3,16,10,KA,Sanaram Siddappa Naik,JD(S),,,,,False,16,2013,AE
1674711,Dr. Yalagund Basanaik Naik,KJP,19508,2129,1.7092164418754,4,16,10,KA,Dr. Yalagund Basanaik Naik,KJP,,,,,False,16,2013,AE
1674712,Basavaraj Siddalingappa Sayannavar,IND,19503,1981,1.59039820166987,5,16,10,KA,Basavaraj Siddalingappa Sayannavar,IND,,,,,False,16,2013,AE
1674793,Feroz Nuruddin Sait,INC,19497,45125,39.1767882413203,1,16,11,KA,Feroz Nuruddin Sait,INC,,,,,True,16,2013,AE
1674794,Renu Suhas Killekar,IND,19503,26915,23.3671635571221,2,16,11,KA,Renu Suhas Killekar,IND,,,,,False,16,2013,AE
1674795,Kiran Maruti Jadhav,BJP,19498,17456,15.155014194803,3,16,11,KA,Kiran Maruti Jadhav,BJP,,,,,False,16,2013,AE
1674796,Malagi Shivaputrappa Chanabasappa,KJP,19508,15271,13.2580328694338,4,16,11,KA,Malagi Shivaputrappa Chanabasappa,KJP,,,,,False,16,2013,AE
1674797,Kudachi Ramesh Laxman,BSRCP,19509,3980,3.45537101829262,5,16,11,KA,Kudachi Ramesh Laxman,BSRCP,,,,,False,16,2013,AE
1674798,Latifkhan Pathan,IND,19503,1367,1.18680708090603,6,16,11,KA,Latifkhan Pathan,IND,,,,,False,16,2013,AE
1674799,Shradha Dharmraj,JD(S),19500,1277,1.10867055034163,7,16,11,KA,Shradha Dharmraj,JD(S),,,,,False,16,2013,AE
1674800,Nagesh Vilas Sakhare,LSP,19526,944,0.819565387253327,8,16,11,KA,Nagesh Vilas Sakhare,LSP,,,,,False,16,2013,AE
1674801,Mahendra D. Deshpande,BSP,19499,851,0.738824305670107,9,16,11,KA,Mahendra D. Deshpande,BSP,,,,,False,16,2013,AE
1674802,Ravi B. Malagi,IND,19503,690,0.599046734327114,10,16,11,KA,Ravi B. Malagi,IND,,,,,False,16,2013,AE
1674803,Chandrashekhar Gangappa Angadi,JD(U),19507,624,0.541746611913216,11,16,11,KA,Chandrashekhar Gangappa Angadi,JD(U),,,,,False,16,2013,AE
1674804,Lodhi Aijaz Ahamed Mehboob Sab,IUML,19548,213,0.184923122335761,12,16,11,KA,Lodhi Aijaz Ahamed Mehboob Sab,IUML,,,,,False,16,2013,AE
1674805,Akhila Ayubkhan Pathan,IND,19503,189,0.164086714185253,13,16,11,KA,Akhila Ayubkhan Pathan,IND,,,,,False,16,2013,AE
1674806,Mohammed Rafiq B. Desai,IND,19503,180,0.156273061128812,14,16,11,KA,Mohammed Rafiq B. Desai,IND,,,,,False,16,2013,AE
1674807,Ismail Magdum Magdum Gousmohiuddin,HJP,19529,101,0.0876865509667225,15,16,11,KA,Ismail Magdum Magdum Gousmohiuddin,HJP,,,,,False,16,2013,AE
1674960,Patil Sambhaji Laxman,IND,19503,54426,41.2486926469919,1,16,12,KA,Patil Sambhaji Laxman,IND,,,,,False,16,2013,AE
1674961,Abhay Patil,BJP,19498,48116,36.4664332378397,2,16,12,KA,Abhay Patil,BJP,,,,,True,16,2013,AE
1674962,Anil M. Potdar,INC,19497,20536,15.5639428250951,3,16,12,KA,Anil M. Potdar,INC,,,,,False,16,2013,AE
1674963,S. M. Dodamani,KJP,19508,5597,4.24188683249208,4,16,12,KA,S. M. Dodamani,KJP,,,,,False,16,2013,AE
1674964,Basavaraj Shrishailappa Javali,JD(S),19500,1324,1.00344080154002,5,16,12,KA,Basavaraj Shrishailappa Javali,JD(S),,,,,False,16,2013,AE
1674965,Nethaji (Balu) Appaji Managutkar,IND,19503,771,0.584329953162657,6,16,12,KA,Nethaji (Balu) Appaji Managutkar,IND,,,,,False,16,2013,AE
1674966,Malti A. Saksena,BSP,19499,373,0.282691404059236,7,16,12,KA,Malti A. Saksena,BSP,,,,,False,16,2013,AE
1674967,Mohsinkhan Nasirkhan Pathan,BSRCP,19509,367,0.278144089248632,8,16,12,KA,Mohsinkhan Nasirkhan Pathan,BSRCP,,,,,False,16,2013,AE
1674968,Hanmant Krishna Majukar,SHS,19538,256,0.194018765252451,9,16,12,KA,Hanmant Krishna Majukar,SHS,,,,,False,16,2013,AE
1674969,Ashok Vithal Sanadi,JD(U),19507,180,0.13641944431813,10,16,12,KA,Ashok Vithal Sanadi,JD(U),,,,,False,16,2013,AE
1675111,Sanjay B Patil,BJP,19498,38322,25.2020597268165,1,16,13,KA,Sanjay B Patil,BJP,,,,,True,16,2013,AE
1675112,Kinekar Manohar Kallappa,IND,19503,36987,24.3241110358479,2,16,13,KA,Kinekar Manohar Kallappa,IND,,,,,True,16,2013,AE
1675113,Lakshmi Ravindra Hebbalkar,INC,19497,35811,23.5507270204328,3,16,13,KA,Lakshmi Ravindra Hebbalkar,INC,,,,,False,16,2013,AE
1675114,Anandswamy Gaddadevarmath,IND,19503,17670,11.6204894152927,4,16,13,KA,Anandswamy Gaddadevarmath,IND,,,,,False,16,2013,AE
1675115,Shivaji Kedari Suntakar,IND,19503,15759,10.3637403902432,5,16,13,KA,Shivaji Kedari Suntakar,IND,,,,,True,16,2013,AE
1675116,Sunanda L Patil,KJP,19508,2290,1.50599438375893,6,16,13,KA,Sunanda L Patil,KJP,,,,,False,16,2013,AE
1675117,Ashok B Govekar,JD(S),19500,1837,1.2080837043516,7,16,13,KA,Ashok B Govekar,JD(S),,,,,False,16,2013,AE
1675118,Balasaheb Bhimappa Sattigeri,IND,19503,1023,0.672765176674843,8,16,13,KA,Balasaheb Bhimappa Sattigeri,IND,,,,,False,16,2013,AE
1675119,Malpe Narasinh Vankatesh Bhat,IND,19503,697,0.458374709816584,9,16,13,KA,Malpe Narasinh Vankatesh Bhat,IND,,,,,False,16,2013,AE
1675120,Balachandra Ramachandra Chavan,BSRCP,19509,637,0.418916341683162,10,16,13,KA,Balachandra Ramachandra Chavan,BSRCP,,,,,False,16,2013,AE
1675121,Jayashree D Khanapur,IND,19503,597,0.392610762927547,11,16,13,KA,Jayashree D Khanapur,IND,,,,,False,16,2013,AE
1675122,Sidagoud Kalagoud Modagi,JD(U),19507,429,0.282127332153966,12,16,13,KA,Sidagoud Kalagoud Modagi,JD(U),,,,,False,16,2013,AE
1675274,Aravind Chandrakant Patil,IND,19503,37055,27.4705315442212,1,16,14,KA,Aravind Chandrakant Patil,IND,,,,,True,16,2013,AE
1675275,Rafique Khatalsab Khanapuri,INC,19497,20903,15.4963303432426,2,16,14,KA,Rafique Khatalsab Khanapuri,INC,,,,,True,16,2013,AE
1675276,Dr Anjalitai Nimbalkar,IND,19503,17686,13.1114241233597,3,16,14,KA,Dr Anjalitai Nimbalkar,IND,,,,,False,16,2013,AE
1675277,Pralhad Remani,BJP,19498,16021,11.8770850322484,4,16,14,KA,Pralhad Remani,BJP,,,,,True,16,2013,AE
1675278,Nasir Papulsab Bagwan,JD(S),19500,15052,11.1587219215657,5,16,14,KA,Nasir Papulsab Bagwan,JD(S),,,,,True,16,2013,AE
1675279,Baburao Govind Desai,KJP,19508,14502,10.7509822818592,6,16,14,KA,Baburao Govind Desai,KJP,,,,,False,16,2013,AE
1675280,Vittal Somanna Halagekar,IND,19503,3087,2.28853139595225,7,16,14,KA,Vittal Somanna Halagekar,IND,,,,,False,16,2013,AE
1675281,Patil Rajgopal Irappa,IND,19503,2401,1.77996886351842,8,16,14,KA,Patil Rajgopal Irappa,IND,,,,,False,16,2013,AE
1675282,Suresh Vittalrao Desai,IND,19503,1988,1.47379346133886,9,16,14,KA,Suresh Vittalrao Desai,IND,,,,,False,16,2013,AE
1675283,Anthon Zuvava Mendossa,IND,19503,1728,1.28104381347764,10,16,14,KA,Anthon Zuvava Mendossa,IND,,,,,False,16,2013,AE
1675284,Nagappa(Baburao) Narayana Patil,IND,19503,1612,1.19504781673956,11,16,14,KA,Nagappa(Baburao) Narayana Patil,IND,,,,,False,16,2013,AE
1675285,Alimaakthar S Nayik,BSP,19499,1332,0.98747127288902,12,16,14,KA,Alimaakthar S Nayik,BSP,,,,,False,16,2013,AE
1675286,Raju Kempanna Khatedar,JD(U),19507,869,0.644228630736155,13,16,14,KA,Raju Kempanna Khatedar,JD(U),,,,,False,16,2013,AE
1675287,Yashawant Nippaanikar,IND,19503,654,0.484839498850915,14,16,14,KA,Yashawant Nippaanikar,IND,,,,,False,16,2013,AE
1675372,Inamdar Danappagouda Basanagouda,INC,19497,53924,42.8070175438596,1,16,15,KA,Inamdar Danappagouda Basanagouda,INC,,,,,True,16,2013,AE
1675373,Marihal Suresh Shivarudrappa,BJP,19498,35634,28.2876875446534,2,16,15,KA,Marihal Suresh Shivarudrappa,BJP,,,,,True,16,2013,AE
1675374,Anand Balakrishna Appugol,JD(S),19500,20657,16.3983488132094,3,16,15,KA,Anand Balakrishna Appugol,JD(S),,,,,False,16,2013,AE
1675375,Babugouda Chintamanigouda Patil,KJP,19508,6850,5.43780265142494,4,16,15,KA,Babugouda Chintamanigouda Patil,KJP,,,,,False,16,2013,AE
1675376,Mahesh Ningappa Hudali,IND,19503,1735,1.3773120584266,5,16,15,KA,Mahesh Ningappa Hudali,IND,,,,,False,16,2013,AE
1675377,Badiger Chandrashekar Madiwalappa,IND,19503,1274,1.01135190918472,6,16,15,KA,Badiger Chandrashekar Madiwalappa,IND,,,,,False,16,2013,AE
1675378,Yamanappa Gangappa Talawar,BSP,19499,1142,0.906565055171866,7,16,15,KA,Yamanappa Gangappa Talawar,BSP,,,,,False,16,2013,AE
1675379,Basavaraj Rudrappa Mokhashi,SKP,19542,1089,0.864491545606096,8,16,15,KA,Basavaraj Rudrappa Mokhashi,SKP,,,,,False,16,2013,AE
1675380,Annappa Marathe,IND,19503,932,0.739858696515043,9,16,15,KA,Annappa Marathe,IND,,,,,False,16,2013,AE
1675381,Mahantesh Krishna Hotakar,IND,19503,869,0.689846788917996,10,16,15,KA,Mahantesh Krishna Hotakar,IND,,,,,False,16,2013,AE
1675382,Ashok Gurushiddayya Kambi,BSRCP,19509,868,0.689052949114868,11,16,15,KA,Ashok Gurushiddayya Kambi,BSRCP,,,,,False,16,2013,AE
1675383,Kasturi Basanagouda Bhavi,IND,19503,557,0.442168770342144,12,16,15,KA,Kasturi Basanagouda Bhavi,IND,,,,,False,16,2013,AE
1675384,Budayya B Pujeri,KAP,19555,439,0.348495673573072,13,16,15,KA,Budayya B Pujeri,KAP,,,,,False,16,2013,AE
1675472,Dr Vishwanath Iranagouda Patil,KJP,19508,40709,32.1056491872836,1,16,16,KA,Dr Vishwanath Iranagouda Patil,KJP,,,,,False,16,2013,AE
1675473,Metgud Virupaxi (Jagadish) Channappa,BJP,19498,37088,29.2499033888814,2,16,16,KA,Metgud Virupaxi (Jagadish) Channappa,BJP,,,,,True,16,2013,AE
1675474,Basavaraj Shivanand Koujalgi,INC,19497,36042,28.4249627357114,3,16,16,KA,Basavaraj Shivanand Koujalgi,INC,,,,,False,16,2013,AE
1675475,Shankar B Madalagi,JD(S),19500,9475,7.47257427226196,4,16,16,KA,Shankar B Madalagi,JD(S),,,,,False,16,2013,AE
1675476,Madhav Venkatesh Kulkarni,IND,19503,1746,1.37700418779624,5,16,16,KA,Madhav Venkatesh Kulkarni,IND,,,,,False,16,2013,AE
1675477,Vittal Siddappa Harijan,BSP,19499,975,0.768945637515083,6,16,16,KA,Vittal Siddappa Harijan,BSP,,,,,False,16,2013,AE
1675478,Dayanand G. Chikkamath,SP,19506,762,0.600960590550249,7,16,16,KA,Dayanand G. Chikkamath,SP,,,,,False,16,2013,AE
1675614,Mamani Vishwanath Chandrashekar,BJP,19498,46434,34.8747605993465,1,16,17,KA,Mamani Vishwanath Chandrashekar,BJP,,,,,True,16,2013,AE
1675615,Ravindra Bhupalappa Yaligar,INC,19497,30392,22.8262420669195,2,16,17,KA,Ravindra Bhupalappa Yaligar,INC,,,,,False,16,2013,AE
1675616,Anandkumar Chopra,IND,19503,29851,22.4199181343647,3,16,17,KA,Anandkumar Chopra,IND,,,,,False,16,2013,AE
1675617,Vishwanath Karabasappa Mamani,KJP,19508,18391,13.8127605242404,4,16,17,KA,Vishwanath Karabasappa Mamani,KJP,,,,,False,16,2013,AE
1675618,D. B. Naik,JD(S),19500,2630,1.97529009726238,5,16,17,KA,D. B. Naik,JD(S),,,,,False,16,2013,AE
1675619,Melagiri Mallikarjuna Channappa,IND,19503,1990,1.49461113823275,6,16,17,KA,Melagiri Mallikarjuna Channappa,IND,,,,,False,16,2013,AE
1675620,Angadi Mahesh Gurappa,NCP,19502,1036,0.778099064929212,7,16,17,KA,Angadi Mahesh Gurappa,NCP,,,,,False,16,2013,AE
1675621,Patil Desaigouda Rudragouda,JD(U),19507,969,0.727777986405798,8,16,17,KA,Patil Desaigouda Rudragouda,JD(U),,,,,True,16,2013,AE
1675622,Hanamantappa Virupaxappa Kallur,BSRCP,19509,897,0.673701603514964,9,16,17,KA,Hanamantappa Virupaxappa Kallur,BSRCP,,,,,False,16,2013,AE
1675623,Basavaraj Sangappa Mudenagudi,BSP,19499,555,0.416838784783506,10,16,17,KA,Basavaraj Sangappa Mudenagudi,BSP,,,,,False,16,2013,AE
1675762,Ashok Mahadevappa Pattan,INC,19497,42310,32.7649227147415,1,16,18,KA,Ashok Mahadevappa Pattan,INC,,,,,True,16,2013,AE
1675763,Mahadevappa Shivalingappa Yadawad,BJP,19498,37326,28.9053061983087,2,16,18,KA,Mahadevappa Shivalingappa Yadawad,BJP,,,,,True,16,2013,AE
1675764,Parappagouda Fakiragouda Patil,JD(S),19500,17303,13.3994672118452,3,16,18,KA,Parappagouda Fakiragouda Patil,JD(S),,,,,False,16,2013,AE
1675765,Sangayya Chandrayya Panchakatimath,KJP,19508,16043,12.4237214633088,4,16,18,KA,Sangayya Chandrayya Panchakatimath,KJP,,,,,False,16,2013,AE
1675766,Aravind Mahadevarao Dalawai,JD(U),19507,10314,7.98717591301923,5,16,18,KA,Aravind Mahadevarao Dalawai,JD(U),,,,,False,16,2013,AE
1675767,Siddappa Maritammappa Angadi,IND,19503,2053,1.58984604900411,6,16,18,KA,Siddappa Maritammappa Angadi,IND,,,,,False,16,2013,AE
1675768,Bharat Paragouda Patil,NCP,19502,904,0.700058854505467,7,16,18,KA,Bharat Paragouda Patil,NCP,,,,,False,16,2013,AE
1675769,Ramesh Hanamantappa Halli,BSRCP,19509,895,0.693089242015921,8,16,18,KA,Ramesh Hanamantappa Halli,BSRCP,,,,,False,16,2013,AE
1675770,Vinay Dattatrey Joshi,IND,19503,721,0.558343400551373,9,16,18,KA,Vinay Dattatrey Joshi,IND,,,,,False,16,2013,AE
1675771,Pandurang Devappa Nayak,BSP,19499,652,0.50490970479819,10,16,18,KA,Pandurang Devappa Nayak,BSP,,,,,False,16,2013,AE
1675772,Adapatti Shrikant Yamanappa,IND,19503,611,0.473159247901372,11,16,18,KA,Adapatti Shrikant Yamanappa,IND,,,,,False,16,2013,AE
1675913,Govind M Karjol,BJP,19498,64727,50.1374913825823,1,16,19,KA,Govind M Karjol,BJP,,,,,True,16,2013,AE
1675914,Timmapur Ramappa Balappa,INC,19497,59549,46.1266160078699,2,16,19,KA,Timmapur Ramappa Balappa,INC,,,,,True,16,2013,AE
1675915,Nayak Shankar Narayan,JD(S),19500,2303,1.78390227654745,3,16,19,KA,Nayak Shankar Narayan,JD(S),,,,,False,16,2013,AE
1675916,Kale. Suresh. Kalasappa,IND,19503,1610,1.24710493497238,4,16,19,KA,Kale. Suresh. Kalasappa,IND,,,,,False,16,2013,AE
1675917,Ashok Limbavali,BSRCP,19509,910,0.70488539802787,5,16,19,KA,Ashok Limbavali,BSRCP,,,,,False,16,2013,AE
1676013,Umashree,INC,19497,70189,46.3104208178831,1,16,20,KA,Umashree,INC,,,,,True,16,2013,AE
1676014,Siddu. Savadi,BJP,19498,67590,44.5956110370673,2,16,20,KA,Siddu. Savadi,BJP,,,,,True,16,2013,AE
1676015,Basavaraj Irappa Balikai,KJP,19508,5558,3.66714611842018,3,16,20,KA,Basavaraj Irappa Balikai,KJP,,,,,False,16,2013,AE
1676016,Ranganagouda Shivanagouda Patil,JD(S),19500,5282,3.48504242488222,4,16,20,KA,Ranganagouda Shivanagouda Patil,JD(S),,,,,False,16,2013,AE
1676017,Maibubsab Mahmadsab Sangtras,IND,19503,1407,0.928332959448938,5,16,20,KA,Maibubsab Mahmadsab Sangtras,IND,,,,,False,16,2013,AE
1676018,Kesaragoppa Ramesh Lakkappa,BSRCP,19509,1005,0.663094971034955,6,16,20,KA,Kesaragoppa Ramesh Lakkappa,BSRCP,,,,,False,16,2013,AE
1676019,Mahabubsab Moulasab Nadaf,JD(U),19507,531,0.350351671263245,7,16,20,KA,Mahabubsab Moulasab Nadaf,JD(U),,,,,False,16,2013,AE
1676123,Siddu. B.Nyamagouda,INC,19497,49145,37.3017077798861,1,16,21,KA,Siddu. B.Nyamagouda,INC,,,,,True,16,2013,AE
1676124,Jagadish Gudagunti,IND,19503,27993,21.2470588235294,2,16,21,KA,Jagadish Gudagunti,IND,,,,,False,16,2013,AE
1676125,Kulkarni Shrikanth Subbrao.,BJP,19498,20982,15.9256166982922,3,16,21,KA,Kulkarni Shrikanth Subbrao.,BJP,,,,,True,16,2013,AE
1676126,Umesh Mahabalashetti.,KJP,19508,18211,13.8223908918406,4,16,21,KA,Umesh Mahabalashetti.,KJP,,,,,False,16,2013,AE
1676127,Basagond Shivagond Sindhur,JD(S),19500,10326,7.83757115749525,5,16,21,KA,Basagond Shivagond Sindhur,JD(S),,,,,False,16,2013,AE
1676128,Ravindra Dhanavant Halingali,IND,19503,1415,1.07400379506641,6,16,21,KA,Ravindra Dhanavant Halingali,IND,,,,,False,16,2013,AE
1676129,Sangamesh. Kamble,BSP,19499,1076,0.816698292220113,7,16,21,KA,Sangamesh. Kamble,BSP,,,,,False,16,2013,AE
1676130,Makabul Rajesab Sayyad,IND,19503,994,0.754459203036053,8,16,21,KA,Makabul Rajesab Sayyad,IND,,,,,False,16,2013,AE
1676131,Basappa. Siddappa. Kokatanur,IND,19503,950,0.721062618595825,9,16,21,KA,Basappa. Siddappa. Kokatanur,IND,,,,,False,16,2013,AE
1676132,Hoogar Shankar Manohar,JD(U),19507,658,0.49943074003795,10,16,21,KA,Hoogar Shankar Manohar,JD(U),,,,,False,16,2013,AE
1676251,J . T. Patil,INC,19497,66655,44.6812218877992,1,16,22,KA,J . T. Patil,INC,,,,,False,16,2013,AE
1676252,Murugesh Rudrappa Nirani,BJP,19498,55417,37.1479899985922,2,16,22,KA,Murugesh Rudrappa Nirani,BJP,,,,,True,16,2013,AE
1676253,Basavprabhu Appasaheb Saranadgouda(Honniyal Desai),JD(S),19500,20067,13.451625228752,3,16,22,KA,Basavprabhu Appasaheb Saranadgouda(Honniyal Desai),JD(S),,,,,True,16,2013,AE
1676254,Ramesh. Yallappa. Bhajantri,IND,19503,1631,1.09331742403421,4,16,22,KA,Ramesh. Yallappa. Bhajantri,IND,,,,,False,16,2013,AE
1676255,Devendrappa. Basappa. Pujar,BSRCP,19509,1215,0.814457799019969,5,16,22,KA,Devendrappa. Basappa. Pujar,BSRCP,,,,,False,16,2013,AE
1676256,Balappa. H. Nandeppanavar,BSP,19499,825,0.553026900569114,6,16,22,KA,Balappa. H. Nandeppanavar,BSP,,,,,False,16,2013,AE
1676257,Yallappa. Sangappa. Mulimani,IND,19503,731,0.490015350686088,7,16,22,KA,Yallappa. Sangappa. Mulimani,IND,,,,,False,16,2013,AE
1676258,Madar. Lakshmappa . Bheemappa,IND,19503,523,0.350585538178966,8,16,22,KA,Madar. Lakshmappa . Bheemappa,IND,,,,,False,16,2013,AE
1676259,Kariyappa. H . Anadinni,IND,19503,488,0.327123790882094,9,16,22,KA,Kariyappa. H . Anadinni,IND,,,,,False,16,2013,AE
1676260,Basappa. Ramappa. Lagali,IND,19503,419,0.280870631925405,10,16,22,KA,Basappa. Ramappa. Lagali,IND,,,,,False,16,2013,AE
1676261,Meerasaheb. Moulasaheb. Shekh(Nadaf),IND,19503,389,0.2607605628138,11,16,22,KA,Meerasaheb. Moulasaheb. Shekh(Nadaf),IND,,,,,False,16,2013,AE
1676262,Mahesh. Basappa. Nandihal,IND,19503,328,0.219870088953539,12,16,22,KA,Mahesh. Basappa. Nandihal,IND,,,,,False,16,2013,AE
1676263,Gouslajam. B. Mulla,IND,19503,253,0.169594916174528,13,16,22,KA,Gouslajam. B. Mulla,IND,,,,,False,16,2013,AE
1676264,Veeranna . Govindagouda .Halegoudar,JD(U),19507,238,0.159539881618726,14,16,22,KA,Veeranna . Govindagouda .Halegoudar,JD(U),,,,,False,16,2013,AE
1676368,Balappa Bhimappa Chimmankatti,INC,19497,57446,41.3069583162557,1,16,23,KA,Balappa Bhimappa Chimmankatti,INC,,,,,True,16,2013,AE
1676369,Mahantesh Gurupadappa Mamadapur,JD(S),19500,42333,30.4398472722566,2,16,23,KA,Mahantesh Gurupadappa Mamadapur,JD(S),,,,,False,16,2013,AE
1676370,Mahagundappa Kallappa Pattanshetty,BJP,19498,30310,21.794622890466,3,16,23,KA,Mahagundappa Kallappa Pattanshetty,BJP,,,,,True,16,2013,AE
1676371,Basayya Prabayya Hallur,KJP,19508,3095,2.22548194806969,4,16,23,KA,Basayya Prabayya Hallur,KJP,,,,,False,16,2013,AE
1676372,M S Patil,BSRCP,19509,1807,1.29933631023002,5,16,23,KA,M S Patil,BSRCP,,,,,False,16,2013,AE
1676373,Kantichandra Jyothi,BSP,19499,1616,1.16199639033299,6,16,23,KA,Kantichandra Jyothi,BSP,,,,,False,16,2013,AE
1676374,Dayanand Sridharrao Kulkarni,IND,19503,1456,1.04694724277527,7,16,23,KA,Dayanand Sridharrao Kulkarni,IND,,,,,False,16,2013,AE
1676375,Maruti Jamindar,JD(U),19507,1008,0.72480962961365,8,16,23,KA,Maruti Jamindar,JD(U),,,,,False,16,2013,AE
1676475,Meti Hullappa Yamanappa,INC,19497,68216,48.7375505479902,1,16,24,KA,Meti Hullappa Yamanappa,INC,,,,,True,16,2013,AE
1676476,Charantimath Viranna Chandrashekharayya.,BJP,19498,65316,46.6656187931354,2,16,24,KA,Charantimath Viranna Chandrashekharayya.,BJP,,,,,True,16,2013,AE
1676477,Parashuram Manasing Rathod,IND,19503,1941,1.38676535730105,3,16,24,KA,Parashuram Manasing Rathod,IND,,,,,False,16,2013,AE
1676478,Basavaraj Sanganagouda Patil (Jakkanagoudra),JD(S),19500,1882,1.34461226297815,4,16,24,KA,Basavaraj Sanganagouda Patil (Jakkanagoudra),JD(S),,,,,False,16,2013,AE
1676479,Parashuram Laxman Neelanayak,WPOI,19571,1559,1.11384193304088,5,16,24,KA,Parashuram Laxman Neelanayak,WPOI,,,,,False,16,2013,AE
1676480,Babusha Dastgeersab Rolli (R.D.Babu Jr.Upendra),BSP,19499,1052,0.751611105554206,6,16,24,KA,Babusha Dastgeersab Rolli (R.D.Babu Jr.Upendra),BSP,,,,,False,16,2013,AE
1676581,Kashappanavar Vijayanand Shivashankarappa,INC,19497,72720,53.0709948622139,1,16,25,KA,Kashappanavar Vijayanand Shivashankarappa,INC,,,,,True,16,2013,AE
1676582,Doddanagouda G Patil,BJP,19498,56923,41.5423575432041,2,16,25,KA,Doddanagouda G Patil,BJP,,,,,True,16,2013,AE
1676583,Abdul Zabbar S/O. Abdulhasan Kalaburgi,JD(S),19500,2213,1.61504553946753,3,16,25,KA,Abdul Zabbar S/O. Abdulhasan Kalaburgi,JD(S),,,,,False,16,2013,AE
1676584,H L Madar,IND,19503,1292,0.942900513778608,4,16,25,KA,H L Madar,IND,,,,,False,16,2013,AE
1676585,Netikatti Sharanbasappa Mahantappa,IND,19503,924,0.674334423166744,5,16,25,KA,Netikatti Sharanbasappa Mahantappa,IND,,,,,False,16,2013,AE
1676586,Saim Khajesab Husenasab,BSP,19499,847,0.618139887902849,6,16,25,KA,Saim Khajesab Husenasab,BSP,,,,,False,16,2013,AE
1676587,Halagatti Krishnagoud Venkanagoud,KJP,19508,682,0.497723026623073,7,16,25,KA,Halagatti Krishnagoud Venkanagoud,KJP,,,,,False,16,2013,AE
1676588,Khajesab Shameedasab Mekamungali,IND,19503,607,0.44298808967772,8,16,25,KA,Khajesab Shameedasab Mekamungali,IND,,,,,False,16,2013,AE
1676589,Sanganagoudra H Goudar,BSRCP,19509,529,0.386063755254553,9,16,25,KA,Sanganagoudra H Goudar,BSRCP,,,,,False,16,2013,AE
1676590,Amaresh Malleshappa Nagur,JD(U),19507,287,0.209452358710882,10,16,25,KA,Amaresh Malleshappa Nagur,JD(U),,,,,False,16,2013,AE
1676690,Appaji Channabasavaraj Shankararao Nadagouda,INC,19497,34747,30.286944546136,1,16,26,KA,Appaji Channabasavaraj Shankararao Nadagouda,INC,,,,,True,16,2013,AE
1676691,Vimalabai Jagadevarao Deshamukha,KJP,19508,22545,19.6511688719209,2,16,26,KA,Vimalabai Jagadevarao Deshamukha,KJP,,,,,False,16,2013,AE
1676692,Shanthgouda Sanganagouda Patil (Nadahalli),IND,19503,18859,16.4382964628767,3,16,26,KA,Shanthgouda Sanganagouda Patil (Nadahalli),IND,,,,,False,16,2013,AE
1676693,Desai Prabhu Urf Prabhugouda Channanna,JD(S),19500,12227,10.657566724195,4,16,26,KA,Desai Prabhu Urf Prabhugouda Channanna,JD(S),,,,,False,16,2013,AE
1676694,Malakendragouda Basanagouda Patil,BJP,19498,9761,8.50809755417255,5,16,26,KA,Malakendragouda Basanagouda Patil,BJP,,,,,False,16,2013,AE
1676695,Bapparagi Ningappagouda Siddappagouda,BSRCP,19509,9136,7.96332130467374,6,16,26,KA,Bapparagi Ningappagouda Siddappagouda,BSRCP,,,,,False,16,2013,AE
1676696,Mahiboob Shamsuddin Halli,IND,19503,2875,2.5059707476945,7,16,26,KA,Mahiboob Shamsuddin Halli,IND,,,,,False,16,2013,AE
1676697,Hanamanthray Ningappa Biradar,IND,19503,1869,1.62909889650122,8,16,26,KA,Hanamanthray Ningappa Biradar,IND,,,,,False,16,2013,AE
1676698,Kori Shivasangappa Ramappa,IND,19503,941,0.820215121245402,9,16,26,KA,Kori Shivasangappa Ramappa,IND,,,,,False,16,2013,AE
1676699,Yallappa Mariyappa Hadimani,IND,19503,838,0.730435995327998,10,16,26,KA,Yallappa Mariyappa Hadimani,IND,,,,,False,16,2013,AE
1676700,Ravi Gurulingappa Sajjan,BSP,19499,541,0.471558321566166,11,16,26,KA,Ravi Gurulingappa Sajjan,BSP,,,,,False,16,2013,AE
1676701,Parushuram Ishwarappa Mural,IND,19503,387,0.33732545368966,12,16,26,KA,Parushuram Ishwarappa Mural,IND,,,,,False,16,2013,AE
1676780,Aminappagouda Sanganagouda Patil,INC,19497,36231,31.4382402707275,1,16,27,KA,Aminappagouda Sanganagouda Patil,INC,,,,,False,16,2013,AE
1676781,Somanagouda. B. Patil (Sasanur),BJP,19498,28135,24.4132066467091,2,16,27,KA,Somanagouda. B. Patil (Sasanur),BJP,,,,,False,16,2013,AE
1676782,Bhimanagouda (Rajugouda) .B. Patil,KJP,19508,24707,21.4386741290294,3,16,27,KA,Bhimanagouda (Rajugouda) .B. Patil,KJP,,,,,False,16,2013,AE
1676783,Sureshagouda Mudigoudappagouda Patil,IND,19503,12421,10.7779079352683,4,16,27,KA,Sureshagouda Mudigoudappagouda Patil,IND,,,,,False,16,2013,AE
1676784,Reshmakousar Khajabandenawaj Padekanur,JD(S),19500,8118,7.04412338930105,5,16,27,KA,Reshmakousar Khajabandenawaj Padekanur,JD(S),,,,,False,16,2013,AE
1676785,Pujari Yashavant Malappa,BSP,19499,1069,0.92758904941646,6,16,27,KA,Pujari Yashavant Malappa,BSP,,,,,True,16,2013,AE
1676786,Shashidhar Basanna,IND,19503,968,0.839949672436982,7,16,27,KA,Shashidhar Basanna,IND,,,,,False,16,2013,AE
1676787,Irfanullah Hafizulla Munasi,WPOI,19571,895,0.776606360362705,8,16,27,KA,Irfanullah Hafizulla Munasi,WPOI,,,,,False,16,2013,AE
1676788,Kantappa (Kantu) Shankreppa Inchageri,IND,19503,637,0.552735476593344,9,16,27,KA,Kantappa (Kantu) Shankreppa Inchageri,IND,,,,,False,16,2013,AE
1676789,A Sreenivasa Reddy,BSRCP,19509,622,0.539719727536986,10,16,27,KA,A Sreenivasa Reddy,BSRCP,,,,,False,16,2013,AE
1676790,Dhanasing Subhash Lamani,JD(U),19507,550,0.477244132066467,11,16,27,KA,Dhanasing Subhash Lamani,JD(U),,,,,False,16,2013,AE
1676791,Sajjan Malleshappa Ishvarappa,IND,19503,545,0.472905549047681,12,16,27,KA,Sajjan Malleshappa Ishvarappa,IND,,,,,False,16,2013,AE
1676792,Lalasab Rajesab Kuntoji,IND,19503,347,0.301097661503752,13,16,27,KA,Lalasab Rajesab Kuntoji,IND,,,,,False,16,2013,AE
1676871,Shivanand Patil,INC,19497,56329,44.4168460561903,1,16,28,KA,Shivanand Patil,INC,,,,,True,16,2013,AE
1676872,Bellubbi Sangappa Kallappa,BJP,19498,36653,28.9018207050993,2,16,28,KA,Bellubbi Sangappa Kallappa,BJP,,,,,True,16,2013,AE
1676873,Somanagouda Basanagouda Patil,JD(S),19500,18136,14.3006962679093,3,16,28,KA,Somanagouda Basanagouda Patil,JD(S),,,,,True,16,2013,AE
1676874,Desai Sangraj Annasaheb,KJP,19508,9834,7.7543585740307,4,16,28,KA,Desai Sangraj Annasaheb,KJP,,,,,False,16,2013,AE
1676875,Siddappa B.Ganji,IND,19503,1259,0.992753451769845,5,16,28,KA,Siddappa B.Ganji,IND,,,,,False,16,2013,AE
1676876,Katti Mariyappa Chandramappa,BSP,19499,1079,0.850818883605768,6,16,28,KA,Katti Mariyappa Chandramappa,BSP,,,,,False,16,2013,AE
1676877,Gopal Shivappa Dhanashetty,BSRCP,19509,1035,0.816123766943439,7,16,28,KA,Gopal Shivappa Dhanashetty,BSRCP,,,,,False,16,2013,AE
1676878,Nazir Dundasi,WPOI,19571,574,0.452613567367665,8,16,28,KA,Nazir Dundasi,WPOI,,,,,False,16,2013,AE
1676879,Laximbai Shivappa G Patil,IND,19503,540,0.425803704492229,9,16,28,KA,Laximbai Shivappa G Patil,IND,,,,,False,16,2013,AE
1676880,Veeranagouda Mallappa Parannavar,IND,19503,513,0.404513519267617,10,16,28,KA,Veeranagouda Mallappa Parannavar,IND,,,,,False,16,2013,AE
1676881,Gurusiddayya M Sarur,IND,19503,337,0.265733052618298,11,16,28,KA,Gurusiddayya M Sarur,IND,,,,,False,16,2013,AE
1676882,Ashok Lamani,IND,19503,277,0.218421529896939,12,16,28,KA,Ashok Lamani,IND,,,,,False,16,2013,AE
1676883,Iranna Chanabasappa Nidagundi,IND,19503,253,0.199496920808396,13,16,28,KA,Iranna Chanabasappa Nidagundi,IND,,,,,False,16,2013,AE
1676961,M.B.Patil,INC,19497,62061,46.1942120463274,1,16,29,KA,M.B.Patil,INC,,,,,True,16,2013,AE
1676962,Vijugouda Patil,JD(S),19500,57706,42.9526304820317,2,16,29,KA,Vijugouda Patil,JD(S),,,,,True,16,2013,AE
1676963,M.S.Rudragoudara,BJP,19498,4067,3.02721290975675,3,16,29,KA,M.S.Rudragoudara,BJP,,,,,False,16,2013,AE
1676964,Basappa. S. Honawad,KJP,19508,2646,1.96951201357668,4,16,29,KA,Basappa. S. Honawad,KJP,,,,,False,16,2013,AE
1676965,Shasappa Bhimaray Hanchanal,IND,19503,2215,1.64870336737428,5,16,29,KA,Shasappa Bhimaray Hanchanal,IND,,,,,False,16,2013,AE
1676966,Kamanna Ganganalli,BSP,19499,1042,0.775597701491648,6,16,29,KA,Kamanna Ganganalli,BSP,,,,,False,16,2013,AE
1676967,Sadashivappa Yamanappa Hadimani,IND,19503,924,0.687766099979158,7,16,29,KA,Sadashivappa Yamanappa Hadimani,IND,,,,,False,16,2013,AE
1676968,Sangappa Gurappa Indi,IND,19503,751,0.558996040134575,8,16,29,KA,Sangappa Gurappa Indi,IND,,,,,False,16,2013,AE
1676969,Usman Basha Moulakasaheb Kuri,IND,19503,533,0.39673087801828,9,16,29,KA,Usman Basha Moulakasaheb Kuri,IND,,,,,False,16,2013,AE
1676970,Mehaboob. H. Malabhodi,IND,19503,532,0.395986542412242,10,16,29,KA,Mehaboob. H. Malabhodi,IND,,,,,False,16,2013,AE
1676971,Arunakumar. H. Jainapur,IND,19503,432,0.321552981808437,11,16,29,KA,Arunakumar. H. Jainapur,IND,,,,,False,16,2013,AE
1676972,Shakil Maniyar,BSRCP,19509,342,0.254562777265013,12,16,29,KA,Shakil Maniyar,BSRCP,,,,,False,16,2013,AE
1676973,Gousapeera Abbasali Jamadar,IND,19503,308,0.229255366659719,13,16,29,KA,Gousapeera Abbasali Jamadar,IND,,,,,False,16,2013,AE
1676974,Sattiger Basayya Mallayya,JD(U),19507,297,0.2210676749933,14,16,29,KA,Sattiger Basayya Mallayya,JD(U),,,,,False,16,2013,AE
1676975,Akki Huggi Padmanna Huchappa,IND,19503,290,0.215857325751034,15,16,29,KA,Akki Huggi Padmanna Huchappa,IND,,,,,False,16,2013,AE
1676976,G.S.Jalamatti,IND,19503,202,0.150355792419686,16,16,29,KA,G.S.Jalamatti,IND,,,,,True,16,2013,AE
1677072,Makbul S Bagawan,INC,19497,48615,40.8457331059224,1,16,30,KA,Makbul S Bagawan,INC,,,,,False,16,2013,AE
1677073,Basanagouda.R.Patil (Yatnal),JD(S),19500,39235,32.9647709227783,2,16,30,KA,Basanagouda.R.Patil (Yatnal),JD(S),,,,,False,16,2013,AE
1677074,Appasaheb (Appu) Mallappa Pattanashetti,BJP,19498,26235,22.0423286646894,3,16,30,KA,Appasaheb (Appu) Mallappa Pattanashetti,BJP,,,,,True,16,2013,AE
1677075,Karibasavaraj Basavaraj Nagur (Babu),KJP,19508,1054,0.885558010771208,4,16,30,KA,Karibasavaraj Basavaraj Nagur (Babu),KJP,,,,,False,16,2013,AE
1677076,Rajesh Ravi Y Vallyapur,IND,19503,595,0.499911780274069,5,16,30,KA,Rajesh Ravi Y Vallyapur,IND,,,,,False,16,2013,AE
1677077,Bhavi Vishwanath Satalingappa,IND,19503,586,0.492350089480007,6,16,30,KA,Bhavi Vishwanath Satalingappa,IND,,,,,True,16,2013,AE
1677078,Attaur Rehaman Ajijul Rehaman Jahagirdar,IUML,19548,556,0.467144453499802,7,16,30,KA,Attaur Rehaman Ajijul Rehaman Jahagirdar,IUML,,,,,False,16,2013,AE
1677079,Premanand Husanappa Mashyal,IND,19503,392,0.32935364347468,8,16,30,KA,Premanand Husanappa Mashyal,IND,,,,,False,16,2013,AE
1677080,Ainapur Vasundara Manohar,IND,19503,357,0.299947068164441,9,16,30,KA,Ainapur Vasundara Manohar,IND,,,,,False,16,2013,AE
1677081,Mahammadrafiq Rajesab Gurikar,SDPI,19568,325,0.273061056452222,10,16,30,KA,Mahammadrafiq Rajesab Gurikar,SDPI,,,,,False,16,2013,AE
1677082,Abbivakas Abdurajak Peerjade,WPOI,19571,314,0.263818989926147,11,16,30,KA,Abbivakas Abdurajak Peerjade,WPOI,,,,,False,16,2013,AE
1677083,Nirmala Shrinivas Arakeri,IND,19503,201,0.168877761067374,12,16,30,KA,Nirmala Shrinivas Arakeri,IND,,,,,False,16,2013,AE
1677084,Rajashekhar S Patil,BSRCP,19509,182,0.152914191613244,13,16,30,KA,Rajashekhar S Patil,BSRCP,,,,,False,16,2013,AE
1677085,Mallikarjun H T,SUCI,19546,167,0.140311373623142,14,16,30,KA,Mallikarjun H T,SUCI,,,,,False,16,2013,AE
1677086,Kadechur Kallappa Revenasiddappa,HJP,19529,104,0.0873795380647112,15,16,30,KA,Kadechur Kallappa Revenasiddappa,HJP,,,,,False,16,2013,AE
1677087,Chandru R Kalaburgi,IND,19503,103,0.0865393501987044,16,16,30,KA,Chandru R Kalaburgi,IND,,,,,False,16,2013,AE
1677170,Raju Alagur,INC,19497,45570,32.5444209564074,1,16,31,KA,Raju Alagur,INC,,,,,False,16,2013,AE
1677171,Devanand Phulsing Chavan,JD(S),19500,44903,32.0680740444495,2,16,31,KA,Devanand Phulsing Chavan,JD(S),,,,,False,16,2013,AE
1677172,Katakdhond Vitthal Dhondiba,KJP,19508,24104,17.2141918528252,3,16,31,KA,Katakdhond Vitthal Dhondiba,KJP,,,,,False,16,2013,AE
1677173,Nagendra Devendrappa Mayavanshi,BJP,19498,15627,11.1602296749128,4,16,31,KA,Nagendra Devendrappa Mayavanshi,BJP,,,,,False,16,2013,AE
1677174,Katakdhond Deepak Gangaram,IND,19503,1521,1.08624235845283,5,16,31,KA,Katakdhond Deepak Gangaram,IND,,,,,False,16,2013,AE
1677175,Sanjeev Pundlik Mane,IND,19503,1278,0.912700679883448,6,16,31,KA,Sanjeev Pundlik Mane,IND,,,,,False,16,2013,AE
1677176,Sudhakar Kanamadi,BSP,19499,1260,0.89984574073016,7,16,31,KA,Sudhakar Kanamadi,BSP,,,,,False,16,2013,AE
1677177,Nirmala Shrinivas Arakeri,IND,19503,1212,0.865565902988059,8,16,31,KA,Nirmala Shrinivas Arakeri,IND,,,,,False,16,2013,AE
1677178,Parimala Mahadev Kambale,IND,19503,1141,0.8148603096612,9,16,31,KA,Parimala Mahadev Kambale,IND,,,,,False,16,2013,AE
1677179,Jagannath Ramchandra Kodate,HJP,19529,643,0.459206993086899,10,16,31,KA,Jagannath Ramchandra Kodate,HJP,,,,,False,16,2013,AE
1677180,Rahul Tippanna Bhaskar,IND,19503,628,0.448494543792492,11,16,31,KA,Rahul Tippanna Bhaskar,IND,,,,,False,16,2013,AE
1677181,T.K. Dasar,IND,19503,527,0.376364051876821,12,16,31,KA,T.K. Dasar,IND,,,,,False,16,2013,AE
1677182,Balaji Vaddar (Yatnal),JD(U),19507,436,0.311375192824087,13,16,31,KA,Balaji Vaddar (Yatnal),JD(U),,,,,False,16,2013,AE
1677183,Shrikant Devendrappa Arakeri,IND,19503,435,0.310661029537793,14,16,31,KA,Shrikant Devendrappa Arakeri,IND,,,,,False,16,2013,AE
1677184,Premanand Husanappa Mashyal,IND,19503,379,0.270667885505341,15,16,31,KA,Premanand Husanappa Mashyal,IND,,,,,False,16,2013,AE
1677185,Maraganna Malappa Hunnur,IND,19503,360,0.25709878306576,16,16,31,KA,Maraganna Malappa Hunnur,IND,,,,,False,16,2013,AE
1677272,Yashvatraygouda Vithalgouda Patil,INC,19497,58562,42.1992433795712,1,16,32,KA,Yashvatraygouda Vithalgouda Patil,INC,,,,,True,16,2013,AE
1677273,Ravikant Shankrppa Patil,KJP,19508,25260,18.2021257431093,2,16,32,KA,Ravikant Shankrppa Patil,KJP,,,,,False,16,2013,AE
1677274,Annappa Shivaningappa Khainur,JD(S),19500,23173,16.698252567105,3,16,32,KA,Annappa Shivaningappa Khainur,JD(S),,,,,False,16,2013,AE
1677275,Shrishailagouda Shankreppa Biradar,BJP,19498,15784,11.3738065213475,4,16,32,KA,Shrishailagouda Shankreppa Biradar,BJP,,,,,False,16,2013,AE
1677276,Dr Bagali Sarvabhoum Satagouda,IND,19503,7414,5.34246081787065,5,16,32,KA,Dr Bagali Sarvabhoum Satagouda,IND,,,,,False,16,2013,AE
1677277,Subhashachandra Sunagar,IND,19503,1264,0.910826878039992,6,16,32,KA,Subhashachandra Sunagar,IND,,,,,False,16,2013,AE
1677278,Manjunath Shrishail Vandal,BSRCP,19509,1149,0.827958926319582,7,16,32,KA,Manjunath Shrishail Vandal,BSRCP,,,,,False,16,2013,AE
1677279,Tontapur Dharmanna Shivayogappa,BSP,19499,1087,0.783282291479012,8,16,32,KA,Tontapur Dharmanna Shivayogappa,BSP,,,,,False,16,2013,AE
1677280,Azroddin Hayachand Jahagiradar,BDBRAJP,19582,912,0.657178886687083,9,16,32,KA,Azroddin Hayachand Jahagiradar,BDBRAJP,,,,,False,16,2013,AE
1677281,Gollalalinganagouda Peerappagouda Jotagond,IND,19503,849,0.611781660961988,10,16,32,KA,Gollalalinganagouda Peerappagouda Jotagond,IND,,,,,False,16,2013,AE
1677282,Aravind Rukmabai Kalakeri,IND,19503,805,0.580075662042875,11,16,32,KA,Aravind Rukmabai Kalakeri,IND,,,,,False,16,2013,AE
1677283,Commander Bheerappa Bheemappa Khilari,IND,19503,712,0.513060709782021,12,16,32,KA,Commander Bheerappa Bheemappa Khilari,IND,,,,,False,16,2013,AE
1677284,Tulajappa Hanamant Byali,IND,19503,708,0.51017834624392,13,16,32,KA,Tulajappa Hanamant Byali,IND,,,,,False,16,2013,AE
1677285,Shashikumar Somashekhar Malabagi,IND,19503,651,0.469104665825977,14,16,32,KA,Shashikumar Somashekhar Malabagi,IND,,,,,False,16,2013,AE
1677286,Masali Kamalakar Sharanabasappa,JD(U),19507,445,0.320662943613763,15,16,32,KA,Masali Kamalakar Sharanabasappa,JD(U),,,,,False,16,2013,AE
1677365,Bhusanur Ramesh Balappa,BJP,19498,37834,29.4760624829574,1,16,33,KA,Bhusanur Ramesh Balappa,BJP,,,,,True,16,2013,AE
1677366,Managuli Mallappa Chanveerappa,JD(S),19500,37082,28.8901873709633,2,16,33,KA,Managuli Mallappa Chanveerappa,JD(S),,,,,True,16,2013,AE
1677367,Sunagar Sharanappa Tippanna,INC,19497,27595,21.4989677067508,3,16,33,KA,Sunagar Sharanappa Tippanna,INC,,,,,True,16,2013,AE
1677368,Patil Gurannagouda Goudappagouda,KJP,19508,10523,8.19835612169374,4,16,33,KA,Patil Gurannagouda Goudappagouda,KJP,,,,,False,16,2013,AE
1677369,Rafiq Kane,IND,19503,6938,5.40532117954111,5,16,33,KA,Rafiq Kane,IND,,,,,False,16,2013,AE
1677370,Siddaramappa Rudrappa Ranjunagi,IND,19503,1540,1.19979743679638,6,16,33,KA,Siddaramappa Rudrappa Ranjunagi,IND,,,,,False,16,2013,AE
1677371,Mahantesh Bhimanna Naikodi,IND,19503,1308,1.01904873203225,7,16,33,KA,Mahantesh Bhimanna Naikodi,IND,,,,,False,16,2013,AE
1677372,Devappagoud Guralingappagoud Patil (Chandakavate),JD(U),19507,1199,0.934128004362899,8,16,33,KA,Devappagoud Guralingappagoud Patil (Chandakavate),JD(U),,,,,False,16,2013,AE
1677373,Dr.Dastagir,BSP,19499,1115,0.868684507810369,9,16,33,KA,Dr.Dastagir,BSP,,,,,False,16,2013,AE
1677374,Siddanna Sharanappa Ishwarappagol,NCP,19502,983,0.765844727513536,10,16,33,KA,Siddanna Sharanappa Ishwarappagol,NCP,,,,,False,16,2013,AE
1677375,Vishwakarma Iranna Madiwalappa,IND,19503,677,0.527443418643605,11,16,33,KA,Vishwakarma Iranna Madiwalappa,IND,,,,,False,16,2013,AE
1677376,Raju Talikoti,BSRCP,19509,530,0.412917299676677,12,16,33,KA,Raju Talikoti,BSRCP,,,,,False,16,2013,AE
1677377,Chincholi Shivappa Chanabasappa,IND,19503,472,0.367730123485645,13,16,33,KA,Chincholi Shivappa Chanabasappa,IND,,,,,False,16,2013,AE
1677378,Ashok Veerabadrappa Gholli,IND,19503,298,0.232168594912547,14,16,33,KA,Ashok Veerabadrappa Gholli,IND,,,,,False,16,2013,AE
1677379,Haranal Santosh Shivappa,SP,19506,261,0.203342292859647,15,16,33,KA,Haranal Santosh Shivappa,SP,,,,,False,16,2013,AE
1677455,Malikayya Venkaiah Guttedar,INC,19497,38093,29.6199244203225,1,16,34,KA,Malikayya Venkaiah Guttedar,INC,,,,,True,16,2013,AE
1677456,M.Y. Patil,KJP,19508,32855,25.5470195791798,2,16,34,KA,M.Y. Patil,KJP,,,,,False,16,2013,AE
1677457,Vithal Heroor,JD(S),19500,22847,17.7651120476494,3,16,34,KA,Vithal Heroor,JD(S),,,,,False,16,2013,AE
1677458,Govind Vishwanath Bhat,SP,19506,14643,11.3859384476618,4,16,34,KA,Govind Vishwanath Bhat,SP,,,,,False,16,2013,AE
1677459,Dilip R. Patil,BJP,19498,10347,8.04550332021834,5,16,34,KA,Dilip R. Patil,BJP,,,,,False,16,2013,AE
1677460,Mallappa M. Solapur,IND,19503,1829,1.42217314899771,6,16,34,KA,Mallappa M. Solapur,IND,,,,,False,16,2013,AE
1677461,Shrishail Sidramappa Kalkeri,IND,19503,1364,1.06060370433727,7,16,34,KA,Shrishail Sidramappa Kalkeri,IND,,,,,False,16,2013,AE
1677462,Somshekhar J. Deshmukh,IND,19503,1171,0.910532945585742,8,16,34,KA,Somshekhar J. Deshmukh,IND,,,,,False,16,2013,AE
1677463,Huchappa Vathar Gour,BSP,19499,1039,0.80789387742407,9,16,34,KA,Huchappa Vathar Gour,BSP,,,,,False,16,2013,AE
1677464,Vikram Bhat,IND,19503,917,0.713030496244343,10,16,34,KA,Vikram Bhat,IND,,,,,False,16,2013,AE
1677465,Sidramappa,IND,19503,825,0.64149417601045,11,16,34,KA,Sidramappa,IND,,,,,False,16,2013,AE
1677466,Sharanabasappa S. Kalshetty,IND,19503,780,0.606503584591698,12,16,34,KA,Sharanabasappa S. Kalshetty,IND,,,,,False,16,2013,AE
1677467,M.S.Patil,IND,19503,682,0.530301852168639,13,16,34,KA,M.S.Patil,IND,,,,,False,16,2013,AE
1677468,Chandrashekar N. Karajagi,IND,19503,631,0.49064584856072,14,16,34,KA,Chandrashekar N. Karajagi,IND,,,,,False,16,2013,AE
1677469,Basha Patel Hasargundagi,BSRCP,19509,583,0.453322551047385,15,16,34,KA,Basha Patel Hasargundagi,BSRCP,,,,,False,16,2013,AE
1677554,Dharam Singh,INC,19497,67038,46.3728616589307,1,16,35,KA,Dharam Singh,INC,,,,,True,16,2013,AE
1677555,Doddappagouda Shivalingappagoud Patil Naribol,BJP,19498,30338,20.9860061011462,2,16,35,KA,Doddappagouda Shivalingappagoud Patil Naribol,BJP,,,,,True,16,2013,AE
1677556,Kedarlingayya Hiremath,JD(S),19500,24920,17.238159141689,3,16,35,KA,Kedarlingayya Hiremath,JD(S),,,,,False,16,2013,AE
1677557,Mallikarjun Dundappa Gouda,KJP,19508,11865,8.20749431043904,4,16,35,KA,Mallikarjun Dundappa Gouda,KJP,,,,,False,16,2013,AE
1677558,Baillappa M. Nelogi,BSRCP,19509,3066,2.12087463597186,5,16,35,KA,Baillappa M. Nelogi,BSRCP,,,,,False,16,2013,AE
1677559,Laxmikant Ramarao Kulkarni,IND,19503,1956,1.35304330983723,6,16,35,KA,Laxmikant Ramarao Kulkarni,IND,,,,,False,16,2013,AE
1677560,Maheshkumar Rathod,CPI,19586,1638,1.13307001099866,7,16,35,KA,Maheshkumar Rathod,CPI,,,,,False,16,2013,AE
1677561,Bheemayya Somayya,IND,19503,938,0.648852057580432,8,16,35,KA,Bheemayya Somayya,IND,,,,,True,16,2013,AE
1677562,Hussain Patel Ijeri,BSP,19499,907,0.627408119643338,9,16,35,KA,Hussain Patel Ijeri,BSP,,,,,False,16,2013,AE
1677563,Devaraj M. Yedihalli,IND,19503,563,0.38944958253495,10,16,35,KA,Devaraj M. Yedihalli,IND,,,,,False,16,2013,AE
1677564,Kousarbegam Makubul Patel,IND,19503,401,0.277387713315301,11,16,35,KA,Kousarbegam Makubul Patel,IND,,,,,False,16,2013,AE
1677565,Ayyappa,IND,19503,382,0.264244654579664,12,16,35,KA,Ayyappa,IND,,,,,False,16,2013,AE
1677566,Kallaling Eshwarappa Hugar,IND,19503,330,0.228274178040024,13,16,35,KA,Kallaling Eshwarappa Hugar,IND,,,,,False,16,2013,AE
1677567,Aktar Parveen Nadagouda,SP,19506,221,0.15287452529347,14,16,35,KA,Aktar Parveen Nadagouda,SP,,,,,False,16,2013,AE
1677657,Raja Venkatappa Naik,INC,19497,65033,44.480086452769,1,16,36,KA,Raja Venkatappa Naik,INC,,,,,True,16,2013,AE
1677658,Narasimha Nayak(Raju Gouda),JD(S),19500,60958,41.6929421983899,2,16,36,KA,Narasimha Nayak(Raju Gouda),JD(S),,,,,False,16,2013,AE
1677659,Shivaraj Malleshi,KJP,19508,8239,5.63516110719732,3,16,36,KA,Shivaraj Malleshi,KJP,,,,,False,16,2013,AE
1677660,Ramanagouda Bhimarayagouda,IND,19503,3250,2.22287578570109,4,16,36,KA,Ramanagouda Bhimarayagouda,IND,,,,,False,16,2013,AE
1677661,Madangopal Nayak,BJP,19498,3249,2.22219182392087,5,16,36,KA,Madangopal Nayak,BJP,,,,,False,16,2013,AE
1677662,Nandkumar Malipatil,BSRCP,19509,2005,1.37134336933252,6,16,36,KA,Nandkumar Malipatil,BSRCP,,,,,False,16,2013,AE
1677663,Prabhulinga Siddapur J,IND,19503,993,0.679174047754211,7,16,36,KA,Prabhulinga Siddapur J,IND,,,,,False,16,2013,AE
1677664,Basavaraj,IND,19503,985,0.673702353512485,8,16,36,KA,Basavaraj,IND,,,,,False,16,2013,AE
1677665,Ramalingappa (Ramunayak),JD(U),19507,771,0.527334532546321,9,16,36,KA,Ramalingappa (Ramunayak),JD(U),,,,,False,16,2013,AE
1677666,Chandrashekhar Nayak,IND,19503,724,0.495188328876182,10,16,36,KA,Chandrashekhar Nayak,IND,,,,,False,16,2013,AE
1677726,Guru Patil Shiraval,KJP,19508,54924,43.2070989159678,1,16,37,KA,Guru Patil Shiraval,KJP,,,,,False,16,2013,AE
1677727,Sharanabasappa Darshnapur,INC,19497,49128,38.6475558142827,2,16,37,KA,Sharanabasappa Darshnapur,INC,,,,,True,16,2013,AE
1677728,Sharanappa Saladapur,JD(S),19500,12159,9.56512846331754,3,16,37,KA,Sharanappa Saladapur,JD(S),,,,,False,16,2013,AE
1677729,Amaranna,IND,19503,2225,1.75034220173382,4,16,37,KA,Amaranna,IND,,,,,False,16,2013,AE
1677730,Bhimappa,IND,19503,2128,1.67403514844475,5,16,37,KA,Bhimappa,IND,,,,,False,16,2013,AE
1677731,Shankaranna G.Vanikyal,BSRCP,19509,1796,1.41286049182649,6,16,37,KA,Shankaranna G.Vanikyal,BSRCP,,,,,False,16,2013,AE
1677732,Veerannagouda,BJP,19498,1484,1.16741924825752,7,16,37,KA,Veerannagouda,BJP,,,,,False,16,2013,AE
1677733,Mohammed Anvar Pasha,BSP,19499,1138,0.895231202504759,8,16,37,KA,Mohammed Anvar Pasha,BSP,,,,,False,16,2013,AE
1677734,Appasaheb Gouda,IND,19503,1070,0.841737598137163,9,16,37,KA,Appasaheb Gouda,IND,,,,,False,16,2013,AE
1677735,Basavaraj Padukote,IND,19503,1066,0.838590915527305,10,16,37,KA,Basavaraj Padukote,IND,,,,,False,16,2013,AE
1677798,Dr. A.B. Maalakaraddy,INC,19497,40434,33.757451284877,1,16,38,KA,Dr. A.B. Maalakaraddy,INC,,,,,True,16,2013,AE
1677799,Dr. Veerabaswanthreddy Mudnal,KJP,19508,31330,26.1567232713853,2,16,38,KA,Dr. Veerabaswanthreddy Mudnal,KJP,,,,,False,16,2013,AE
1677800,Abdul Nabi Kadloor,JD(S),19500,23977,20.0178663861477,3,16,38,KA,Abdul Nabi Kadloor,JD(S),,,,,False,16,2013,AE
1677801,Moulali Anpur,BSRCP,19509,12721,10.6204812235969,4,16,38,KA,Moulali Anpur,BSRCP,,,,,False,16,2013,AE
1677802,Chandrashekar Gouda Magnoor,BJP,19498,3556,2.96882566080582,5,16,38,KA,Chandrashekar Gouda Magnoor,BJP,,,,,False,16,2013,AE
1677803,Siddramappa,IND,19503,3141,2.62235134999749,6,16,38,KA,Siddramappa,IND,,,,,False,16,2013,AE
1677804,Basannagouda Naikal,IND,19503,1758,1.46771527325552,7,16,38,KA,Basannagouda Naikal,IND,,,,,False,16,2013,AE
1677805,Ananth Reddy Kandalli,IND,19503,1103,0.920870276678521,8,16,38,KA,Ananth Reddy Kandalli,IND,,,,,False,16,2013,AE
1677806,Jalandhar Rao,IND,19503,932,0.778106163068343,9,16,38,KA,Jalandhar Rao,IND,,,,,False,16,2013,AE
1677807,Basavaraj,BSP,19499,826,0.689609110187179,10,16,38,KA,Basavaraj,BSP,,,,,False,16,2013,AE
1677874,Baburao Chinchansur,INC,19497,36051,27.9400139502441,1,16,39,KA,Baburao Chinchansur,INC,,,,,True,16,2013,AE
1677875,Nagan Gouda Kandakur,JD(S),19500,34401,26.6612415717275,2,16,39,KA,Nagan Gouda Kandakur,JD(S),,,,,True,16,2013,AE
1677876,Venkatreddy Mudnal,KJP,19508,32362,25.080988917306,3,16,39,KA,Venkatreddy Mudnal,KJP,,,,,False,16,2013,AE
1677877,Girish Mattennavar,BJP,19498,9795,7.59125784701232,4,16,39,KA,Girish Mattennavar,BJP,,,,,False,16,2013,AE
1677878,Shaik Mehaboob,IND,19503,4432,3.43486011005192,5,16,39,KA,Shaik Mehaboob,IND,,,,,False,16,2013,AE
1677879,Babu Chavhan,BSRCP,19509,1860,1.44152522669146,6,16,39,KA,Babu Chavhan,BSRCP,,,,,False,16,2013,AE
1677880,Sathyanarayana Yadav,SP,19506,1277,0.989692319615593,7,16,39,KA,Sathyanarayana Yadav,SP,,,,,False,16,2013,AE
1677881,Shivalingappa Kinnura,BSP,19499,1211,0.938541424474928,8,16,39,KA,Shivalingappa Kinnura,BSP,,,,,False,16,2013,AE
1677882,Anilkumar,IND,19503,1120,0.868015190265829,9,16,39,KA,Anilkumar,IND,,,,,False,16,2013,AE
1677883,Sabanna,IND,19503,1087,0.842439742695497,10,16,39,KA,Sabanna,IND,,,,,False,16,2013,AE
1677884,Krishna Bhimarao Badigera,IND,19503,953,0.738587925288692,11,16,39,KA,Krishna Bhimarao Badigera,IND,,,,,False,16,2013,AE
1677885,Mallikarjun M.Kantimani,IND,19503,895,0.693637138649926,12,16,39,KA,Mallikarjun M.Kantimani,IND,,,,,False,16,2013,AE
1677886,Shalini Louis Kori,IND,19503,824,0.638611175695574,13,16,39,KA,Shalini Louis Kori,IND,,,,,False,16,2013,AE
1677887,Sanjivkumar Madival,KMP,19556,804,0.623110904440827,14,16,39,KA,Sanjivkumar Madival,KMP,,,,,False,16,2013,AE
1677888,Chandrashekhar T. Dasankeri,IND,19503,698,0.540959466790668,15,16,39,KA,Chandrashekhar T. Dasankeri,IND,,,,,False,16,2013,AE
1677889,Dr. Devanand Koli,LJP,19521,645,0.499883747965589,16,16,39,KA,Dr. Devanand Koli,LJP,,,,,False,16,2013,AE
1677890,P.Kannayya,IND,19503,615,0.476633341083468,17,16,39,KA,P.Kannayya,IND,,,,,False,16,2013,AE
1677965,Priyank M. Kharge,INC,19497,69379,56.0792460150667,1,16,40,KA,Priyank M. Kharge,INC,,,,,False,16,2013,AE
1677966,Valmiki Kamalu Nayak,BJP,19498,38188,30.8674706586051,2,16,40,KA,Valmiki Kamalu Nayak,BJP,,,,,True,16,2013,AE
1677967,C.Gurunath,KJP,19508,9596,7.75647450612693,3,16,40,KA,C.Gurunath,KJP,,,,,False,16,2013,AE
1677968,Raju Mukkanna Wadi,IND,19503,1546,1.24963626370073,4,16,40,KA,Raju Mukkanna Wadi,IND,,,,,False,16,2013,AE
1677969,Ayyappa Ramateerth,BSP,19499,1310,1.05887678230786,5,16,40,KA,Ayyappa Ramateerth,BSP,,,,,False,16,2013,AE
1677970,Dhanalaxmi Rathod,WPOI,19571,1103,0.891558084645478,6,16,40,KA,Dhanalaxmi Rathod,WPOI,,,,,False,16,2013,AE
1677971,Mahesh Kashi,IND,19503,982,0.79375343528727,7,16,40,KA,Mahesh Kashi,IND,,,,,False,16,2013,AE
1677972,Tippanna Odeyaraj,JD(S),19500,955,0.771929257331307,8,16,40,KA,Tippanna Odeyaraj,JD(S),,,,,False,16,2013,AE
1677973,Ramadevi R Madgi,IND,19503,657,0.531054996928449,9,16,40,KA,Ramadevi R Madgi,IND,,,,,False,16,2013,AE
1678044,Dr. Sharan Prakash Rudrappa Patil,INC,19497,53546,39.3790080602459,1,16,41,KA,Dr. Sharan Prakash Rudrappa Patil,INC,,,,,True,16,2013,AE
1678045,Rajkumar Patil Telkur,BJP,19498,41651,30.631140789551,2,16,41,KA,Rajkumar Patil Telkur,BJP,,,,,True,16,2013,AE
1678046,Mukram Khan,JD(S),19500,27047,19.8910101782667,3,16,41,KA,Mukram Khan,JD(S),,,,,True,16,2013,AE
1678047,Vaijnath Patil,KJP,19508,6148,4.52138612696358,4,16,41,KA,Vaijnath Patil,KJP,,,,,False,16,2013,AE
1678048,Venkatesh Maruti Mengaji,IND,19503,2034,1.49585220921339,5,16,41,KA,Venkatesh Maruti Mengaji,IND,,,,,False,16,2013,AE
1678049,Shivsharnappa Mailari,BSP,19499,1589,1.16858857445431,6,16,41,KA,Shivsharnappa Mailari,BSP,,,,,False,16,2013,AE
1678050,Mohammed Ali (Baba Saheb),IND,19503,1141,0.839118668000235,7,16,41,KA,Mohammed Ali (Baba Saheb),IND,,,,,False,16,2013,AE
1678051,Mukund Reddy Nagareddy,IND,19503,748,0.55009707595458,8,16,41,KA,Mukund Reddy Nagareddy,IND,,,,,False,16,2013,AE
1678052,Jagannath Reddy Nagareddy Gotur,IND,19503,535,0.393451785609225,9,16,41,KA,Jagannath Reddy Nagareddy Gotur,IND,,,,,False,16,2013,AE
1678053,Shankar Bandi,JD(U),19507,420,0.3088780373007,10,16,41,KA,Shankar Bandi,JD(U),,,,,False,16,2013,AE
1678054,Kannayya Madana Deshmukh,BSRCP,19509,412,0.30299464611402,11,16,41,KA,Kannayya Madana Deshmukh,BSRCP,,,,,False,16,2013,AE
1678055,Amrutappa,SP,19506,353,0.259604636112255,12,16,41,KA,Amrutappa,SP,,,,,False,16,2013,AE
1678056,Gundappa R. Mukrambi,IND,19503,352,0.25886921221392,13,16,41,KA,Gundappa R. Mukrambi,IND,,,,,False,16,2013,AE
1678150,Dr Umesh G Jadav,INC,19497,58599,51.8653248718833,1,16,42,KA,Dr Umesh G Jadav,INC,,,,,False,16,2013,AE
1678151,Sunil Vallyapur,KJP,19508,32539,28.7999079507536,2,16,42,KA,Sunil Vallyapur,KJP,,,,,False,16,2013,AE
1678152,Ramesh Yakapur,BJP,19498,12333,10.9158014922598,3,16,42,KA,Ramesh Yakapur,BJP,,,,,False,16,2013,AE
1678153,Sunil Mothilal,IND,19503,3081,2.72695892302381,4,16,42,KA,Sunil Mothilal,IND,,,,,False,16,2013,AE
1678154,Goutam B Bomnalli,BSP,19499,1374,1.21611215846631,5,16,42,KA,Goutam B Bomnalli,BSP,,,,,False,16,2013,AE
1678155,Sandeep Chawan,IND,19503,1288,1.13999451244877,6,16,42,KA,Sandeep Chawan,IND,,,,,False,16,2013,AE
1678156,Mallikarjun Gajre,JD(S),19500,1218,1.07803828894612,7,16,42,KA,Mallikarjun Gajre,JD(S),,,,,False,16,2013,AE
1678157,Venkateshwarao Kupavat,JD(U),19507,678,0.600090279068532,8,16,42,KA,Venkateshwarao Kupavat,JD(U),,,,,False,16,2013,AE
1678158,Dr. Omraj Rattod,IND,19503,588,0.520432277422267,9,16,42,KA,Dr. Omraj Rattod,IND,,,,,False,16,2013,AE
1678159,Basavaraj. M. Wadi,IND,19503,529,0.468212031898604,10,16,42,KA,Basavaraj. M. Wadi,IND,,,,,False,16,2013,AE
1678160,Gopal L Rattod,SP,19506,448,0.396519830416965,11,16,42,KA,Gopal L Rattod,SP,,,,,False,16,2013,AE
1678161,Vithal Keri Ambalga,BSRCP,19509,308,0.272607383411663,12,16,42,KA,Vithal Keri Ambalga,BSRCP,,,,,False,16,2013,AE
1678284,G.Ramkrishna,INC,19497,40075,32.4709523732356,1,16,43,KA,G.Ramkrishna,INC,,,,,False,16,2013,AE
1678285,Revu Naik Belamgi,BJP,19498,32866,26.6298270916722,2,16,43,KA,Revu Naik Belamgi,BJP,,,,,True,16,2013,AE
1678286,Baburao Chauhan,KJP,19508,26612,21.5624949359088,3,16,43,KA,Baburao Chauhan,KJP,,,,,False,16,2013,AE
1678287,D.G.Sagar,JD(S),19500,8612,6.97791246009496,4,16,43,KA,D.G.Sagar,JD(S),,,,,False,16,2013,AE
1678288,Maruti Manpade,CPM,19558,4694,3.80333500785946,5,16,43,KA,Maruti Manpade,CPM,,,,,True,16,2013,AE
1678289,Babuhonna Naik,BSRCP,19509,2113,1.71206793174415,6,16,43,KA,Babuhonna Naik,BSRCP,,,,,False,16,2013,AE
1678290,Niganna S. Jambagi,SUCI,19546,1673,1.3555559156687,7,16,43,KA,Niganna S. Jambagi,SUCI,,,,,False,16,2013,AE
1678291,Ambaraya S.Belamgi,BSP,19499,1584,1.28344325787162,8,16,43,KA,Ambaraya S.Belamgi,BSP,,,,,False,16,2013,AE
1678292,Satish Basavaraj Shinde,IND,19503,1426,1.15542303391725,9,16,43,KA,Satish Basavaraj Shinde,IND,,,,,False,16,2013,AE
1678293,T.N.Rathod,IND,19503,805,0.652254938501677,10,16,43,KA,T.N.Rathod,IND,,,,,False,16,2013,AE
1678294,Mastan C.Dande,RPI(A),19525,693,0.561506425318835,11,16,43,KA,Mastan C.Dande,RPI(A),,,,,False,16,2013,AE
1678295,Laxman Kishan Rathod,BHPP,19583,612,0.495875804177672,12,16,43,KA,Laxman Kishan Rathod,BHPP,,,,,False,16,2013,AE
1678296,Nagendrappa Hanmanth Vaddar Nandikur,IND,19503,589,0.47723994879191,13,16,43,KA,Nagendrappa Hanmanth Vaddar Nandikur,IND,,,,,False,16,2013,AE
1678297,Shivasharanppa,IND,19503,556,0.450501547586251,14,16,43,KA,Shivasharanppa,IND,,,,,False,16,2013,AE
1678298,Gopinath Ghanu,IND,19503,508,0.411609327650747,15,16,43,KA,Gopinath Ghanu,IND,,,,,False,16,2013,AE
1678387,Dattatraya C. Patil Revoor (Appu Gouda),BJP,19498,36850,31.4143713289515,1,16,44,KA,Dattatraya C. Patil Revoor (Appu Gouda),BJP,,,,,False,16,2013,AE
1678388,Shashil.G.Namoshi,JD(S),19500,26880,22.9150149612541,2,16,44,KA,Shashil.G.Namoshi,JD(S),,,,,False,16,2013,AE
1678389,Kailash Veerendra Patil,INC,19497,22074,18.8179330451906,3,16,44,KA,Kailash Veerendra Patil,INC,,,,,False,16,2013,AE
1678390,S.K. Kanta,KJP,19508,22065,18.8102606071455,4,16,44,KA,S.K. Kanta,KJP,,,,,False,16,2013,AE
1678391,Vasudev Rao Bheemrao,BSP,19499,1444,1.23100005967451,5,16,44,KA,Vasudev Rao Bheemrao,BSP,,,,,False,16,2013,AE
1678392,Poojari Dharmaveer S. Pattan,IND,19503,708,0.603565126211605,6,16,44,KA,Poojari Dharmaveer S. Pattan,IND,,,,,False,16,2013,AE
1678393,Dinakar Rao Narayan Rao Kulkarni,IND,19503,591,0.503823431625789,7,16,44,KA,Dinakar Rao Narayan Rao Kulkarni,IND,,,,,False,16,2013,AE
1678394,R.D.Kattimani,SAJP,19603,578,0.492741021116254,8,16,44,KA,R.D.Kattimani,SAJP,,,,,False,16,2013,AE
1678395,Gurushant Pattedar,IND,19503,558,0.475691158793892,9,16,44,KA,Gurushant Pattedar,IND,,,,,False,16,2013,AE
1678396,Venkatesh Dorepalli,IND,19503,555,0.473133679445538,10,16,44,KA,Venkatesh Dorepalli,IND,,,,,False,16,2013,AE
1678397,Mahamd Jakeer Husen (Badebahi),IND,19503,534,0.455231324007058,11,16,44,KA,Mahamd Jakeer Husen (Badebahi),IND,,,,,False,16,2013,AE
1678398,Basavaraj Chincholli,IND,19503,463,0.394704312762674,12,16,44,KA,Basavaraj Chincholli,IND,,,,,False,16,2013,AE
1678399,V.Nagammal,SUCI,19546,418,0.35634212253736,13,16,44,KA,V.Nagammal,SUCI,,,,,False,16,2013,AE
1678400,Abdul Hameed Qureshi,IUML,19548,379,0.323094891008755,14,16,44,KA,Abdul Hameed Qureshi,IUML,,,,,False,16,2013,AE
1678401,Gurudevappa S. Naroni,IND,19503,375,0.319684918544282,15,16,44,KA,Gurudevappa S. Naroni,IND,,,,,False,16,2013,AE
1678402,Abdul Wahab Khan,IND,19503,351,0.299225083757448,16,16,44,KA,Abdul Wahab Khan,IND,,,,,False,16,2013,AE
1678403,Syad Usman Pasha,IND,19503,348,0.296667604409094,17,16,44,KA,Syad Usman Pasha,IND,,,,,False,16,2013,AE
1678404,Vinod Kumar Anavarkar,IND,19503,297,0.253190455487071,18,16,44,KA,Vinod Kumar Anavarkar,IND,,,,,False,16,2013,AE
1678405,Shashikanth R.Dikshith,IND,19503,296,0.252337962370953,19,16,44,KA,Shashikanth R.Dikshith,IND,,,,,False,16,2013,AE
1678406,Sandeep. S. Patil,IND,19503,292,0.248927989906481,20,16,44,KA,Sandeep. S. Patil,IND,,,,,False,16,2013,AE
1678407,Hanmanthraya.M.Pujari,IND,19503,278,0.236993086280828,21,16,44,KA,Hanmanthraya.M.Pujari,IND,,,,,False,16,2013,AE
1678408,Karikal Sanjeev Kumar,IND,19503,233,0.198630896055514,22,16,44,KA,Karikal Sanjeev Kumar,IND,,,,,False,16,2013,AE
1678409,A.B.Hosamani,RPI(A),19525,231,0.196925909823278,23,16,44,KA,A.B.Hosamani,RPI(A),,,,,False,16,2013,AE
1678410,Basheer Alam,INL,19604,222,0.189253471778215,24,16,44,KA,Basheer Alam,INL,,,,,False,16,2013,AE
1678411,Parvati Jagannath Chavan,NDEP,19587,146,0.12446399495324,25,16,44,KA,Parvati Jagannath Chavan,NDEP,,,,,False,16,2013,AE
1678412,Veeresh G.Rathod (Ishwar),AIFB(S),19605,137,0.116791556908177,26,16,44,KA,Veeresh G.Rathod (Ishwar),AIFB(S),,,,,False,16,2013,AE
1678502,Qamarul Islam,INC,19497,50498,48.1671896908593,1,16,45,KA,Qamarul Islam,INC,,,,,True,16,2013,AE
1678503,Nasir Hussain Ustad,KJP,19508,30377,28.9749043771878,2,16,45,KA,Nasir Hussain Ustad,KJP,,,,,False,16,2013,AE
1678504,Rajgopal Reddy,BJP,19498,18642,17.7815507587825,3,16,45,KA,Rajgopal Reddy,BJP,,,,,False,16,2013,AE
1678505,Syed Zafar Hussain,JD(S),19500,1189,1.13411993628325,4,16,45,KA,Syed Zafar Hussain,JD(S),,,,,False,16,2013,AE
1678506,Syeda Raziya Begum,IND,19503,764,0.728736443499079,5,16,45,KA,Syeda Raziya Begum,IND,,,,,False,16,2013,AE
1678507,Abdul Raheem Patel,SDPI,19568,654,0.623813657131411,6,16,45,KA,Abdul Raheem Patel,SDPI,,,,,False,16,2013,AE
1678508,Abdul Hameed Faraan,WPOI,19571,572,0.545598489111876,7,16,45,KA,Abdul Hameed Faraan,WPOI,,,,,False,16,2013,AE
1678509,Shamala,IND,19503,420,0.400614275222007,8,16,45,KA,Shamala,IND,,,,,False,16,2013,AE
1678510,Prakash K.Sutar,IND,19503,397,0.37867587443604,9,16,45,KA,Prakash K.Sutar,IND,,,,,False,16,2013,AE
1678511,Kalyanrao Ambalgi,BSRCP,19509,339,0.323352950714905,10,16,45,KA,Kalyanrao Ambalgi,BSRCP,,,,,False,16,2013,AE
1678512,Vasant,IND,19503,330,0.314768359103005,11,16,45,KA,Vasant,IND,,,,,False,16,2013,AE
1678513,Dattatraya Chowdhary,JD(U),19507,296,0.282337679680271,12,16,45,KA,Dattatraya Chowdhary,JD(U),,,,,False,16,2013,AE
1678514,Md Nooh,IUML,19548,194,0.185045641412069,13,16,45,KA,Md Nooh,IUML,,,,,False,16,2013,AE
1678515,Shaukat Ali,SP,19506,167,0.159291866576369,14,16,45,KA,Shaukat Ali,SP,,,,,False,16,2013,AE
1678623,B.R. Patil,KJP,19508,67085,50.6741700343694,1,16,46,KA,B.R. Patil,KJP,,,,,False,16,2013,AE
1678624,Guttedar Subash Rukmayya,JD(S),19500,49971,37.7467235714015,2,16,46,KA,Guttedar Subash Rukmayya,JD(S),,,,,True,16,2013,AE
1678625,Siddanna Master Shegaji,INC,19497,3912,2.95501756241266,3,16,46,KA,Siddanna Master Shegaji,INC,,,,,False,16,2013,AE
1678626,Shankarrao R. Patil,IND,19503,2239,1.69127922347698,4,16,46,KA,Shankarrao R. Patil,IND,,,,,True,16,2013,AE
1678627,Basavaraj N. Pavadshetty,BJP,19498,2144,1.61951882766174,5,16,46,KA,Basavaraj N. Pavadshetty,BJP,,,,,False,16,2013,AE
1678628,Baburao Hanamant Nagure,IND,19503,1865,1.4087698757412,6,16,46,KA,Baburao Hanamant Nagure,IND,,,,,False,16,2013,AE
1678629,D.K. Kokade,RSPS,19535,1336,1.00917777693847,7,16,46,KA,D.K. Kokade,RSPS,,,,,False,16,2013,AE
1678630,Udayakumar G. Biradar,BSRCP,19509,835,0.630736110586546,8,16,46,KA,Udayakumar G. Biradar,BSRCP,,,,,False,16,2013,AE
1678631,K.M. Burle,SP,19506,812,0.613362541073384,9,16,46,KA,K.M. Burle,SP,,,,,False,16,2013,AE
1678632,Karabashti Sidramappa Nagappa,IND,19503,734,0.554443479246138,10,16,46,KA,Karabashti Sidramappa Nagappa,IND,,,,,False,16,2013,AE
1678633,Zaher Ansari,IND,19503,516,0.38977225516486,11,16,46,KA,Zaher Ansari,IND,,,,,False,16,2013,AE
1678634,Ramchandra Shankrao Patil,BSP,19499,505,0.381463156702043,12,16,46,KA,Ramchandra Shankrao Patil,BSP,,,,,False,16,2013,AE
1678635,S.M. Hiremath,NCP,19502,431,0.325565585224912,13,16,46,KA,S.M. Hiremath,NCP,,,,,False,16,2013,AE
1678765,Mallikarjun S Khuba,JD(S),19500,37494,29.7165773705735,1,16,47,KA,Mallikarjun S Khuba,JD(S),,,,,True,16,2013,AE
1678766,B. Narayanrao,INC,19497,21601,17.1202802523539,2,16,47,KA,B. Narayanrao,INC,,,,,False,16,2013,AE
1678767,M G Muley,BSRCP,19509,18214,14.4358494753194,3,16,47,KA,M G Muley,BSRCP,,,,,False,16,2013,AE
1678768,Attur Mallamma Patil,KJP,19508,17965,14.2384998256348,4,16,47,KA,Attur Mallamma Patil,KJP,,,,,False,16,2013,AE
1678769,Sanjay D Patwari,BJP,19498,17431,13.8152680467932,5,16,47,KA,Sanjay D Patwari,BJP,,,,,False,16,2013,AE
1678770,Sardar Khan,WPOI,19571,2742,2.17322385315283,6,16,47,KA,Sardar Khan,WPOI,,,,,False,16,2013,AE
1678771,Jaganath Patil,IND,19503,2595,2.05671622864026,7,16,47,KA,Jaganath Patil,IND,,,,,False,16,2013,AE
1678772,Mallamma Biradar,IND,19503,1701,1.34815965507402,8,16,47,KA,Mallamma Biradar,IND,,,,,False,16,2013,AE
1678773,Abdul Razaq,BSP,19499,1489,1.18013505373616,9,16,47,KA,Abdul Razaq,BSP,,,,,False,16,2013,AE
1678774,Shahajirao,IND,19503,896,0.710141711314713,10,16,47,KA,Shahajirao,IND,,,,,False,16,2013,AE
1678775,Syed Anwar (Peeran),IND,19503,834,0.661002441112132,11,16,47,KA,Syed Anwar (Peeran),IND,,,,,False,16,2013,AE
1678776,Chitaguppa Mahadevi Shamarao,IND,19503,798,0.632469961639666,12,16,47,KA,Chitaguppa Mahadevi Shamarao,IND,,,,,False,16,2013,AE
1678777,A.Milind Guruji,RPI,19515,673,0.53339885236027,13,16,47,KA,A.Milind Guruji,RPI,,,,,False,16,2013,AE
1678778,Mallikarjun,NPP,19543,553,0.438290587452049,14,16,47,KA,Mallikarjun,NPP,,,,,False,16,2013,AE
1678779,Muley Dnyaneshwar,IND,19503,514,0.407380401356877,15,16,47,KA,Muley Dnyaneshwar,IND,,,,,False,16,2013,AE
1678780,Arunkumar,IND,19503,355,0.281361950353485,16,16,47,KA,Arunkumar,IND,,,,,False,16,2013,AE
1678781,Syed Gouse,HJP,19529,317,0.251244333132549,17,16,47,KA,Syed Gouse,HJP,,,,,False,16,2013,AE
1678921,Rajashekar Baswaraj Patil,INC,19497,64694,47.5645710336511,1,16,48,KA,Rajashekar Baswaraj Patil,INC,,,,,True,16,2013,AE
1678922,M. Naseenoddin Patel,JD(S),19500,40194,29.5515869806562,2,16,48,KA,M. Naseenoddin Patel,JD(S),,,,,False,16,2013,AE
1678923,Ankush Lingappa Chitta,BSP,19499,8093,5.95016652819951,3,16,48,KA,Ankush Lingappa Chitta,BSP,,,,,False,16,2013,AE
1678924,Padmakar Patil,BJP,19498,6604,4.85541823208075,4,16,48,KA,Padmakar Patil,BJP,,,,,False,16,2013,AE
1678925,Meer Ashreefali Meer Syedali,KJP,19508,5695,4.1870997625227,5,16,48,KA,Meer Ashreefali Meer Syedali,KJP,,,,,False,16,2013,AE
1678926,Bankreddy Prabhureddy,BSRCP,19509,5238,3.85110246814642,6,16,48,KA,Bankreddy Prabhureddy,BSRCP,,,,,False,16,2013,AE
1678927,Ravikanth K. Hugar,IND,19503,2076,1.52632468955173,7,16,48,KA,Ravikanth K. Hugar,IND,,,,,False,16,2013,AE
1678928,Ismail Maheboobsab,NPP,19543,1164,0.855800548476983,8,16,48,KA,Ismail Maheboobsab,NPP,,,,,False,16,2013,AE
1678929,Parameshwar Ramchandra,IND,19503,729,0.535978178556461,9,16,48,KA,Parameshwar Ramchandra,IND,,,,,False,16,2013,AE
1678930,Narasappa Lachappa Muttangi,IND,19503,601,0.441869527177549,10,16,48,KA,Narasappa Lachappa Muttangi,IND,,,,,False,16,2013,AE
1678931,Ashok Chandrakant Sagar,IND,19503,560,0.411725349782741,11,16,48,KA,Ashok Chandrakant Sagar,IND,,,,,False,16,2013,AE
1678932,Laxaman Gurappa,RPI(A),19525,365,0.268356701197679,12,16,48,KA,Laxaman Gurappa,RPI(A),,,,,False,16,2013,AE
1679058,Ashok Kheny,KMP,19556,47763,38.2541627621999,1,16,49,KA,Ashok Kheny,KMP,,,,,False,16,2013,AE
1679059,Bandeppa Khashempur,JD(S),19500,31975,25.6092970358089,2,16,49,KA,Bandeppa Khashempur,JD(S),,,,,True,16,2013,AE
1679060,Abdul Mannan,BSP,19499,16015,12.8266737147296,3,16,49,KA,Abdul Mannan,BSP,,,,,False,16,2013,AE
1679061,Dr. Shayalendra Kashinath Beldale,KJP,19508,11560,9.25859182905243,4,16,49,KA,Dr. Shayalendra Kashinath Beldale,KJP,,,,,False,16,2013,AE
1679062,Meenakshi Sangram,INC,19497,5105,4.08867744699936,5,16,49,KA,Meenakshi Sangram,INC,,,,,False,16,2013,AE
1679063,Amruthrao Chimkode,IND,19503,1883,1.50812529533786,6,16,49,KA,Amruthrao Chimkode,IND,,,,,False,16,2013,AE
1679064,Dr. Baswaraj Patil,BJP,19498,1301,1.04199203889249,7,16,49,KA,Dr. Baswaraj Patil,BJP,,,,,False,16,2013,AE
1679065,Dr. Abdul Kareem,LSP,19526,1156,0.925859182905243,8,16,49,KA,Dr. Abdul Kareem,LSP,,,,,False,16,2013,AE
1679066,Zameeruddin,NDEP,19587,1002,0.802518080684302,9,16,49,KA,Zameeruddin,NDEP,,,,,False,16,2013,AE
1679067,Baburao Honna,CPI,19586,999,0.800115331939739,10,16,49,KA,Baburao Honna,CPI,,,,,False,16,2013,AE
1679068,Abraham T.J.,IND,19503,846,0.677575145966986,11,16,49,KA,Abraham T.J.,IND,,,,,False,16,2013,AE
1679069,Praveenkumar R.,BSRCP,19509,829,0.663959569747791,12,16,49,KA,Praveenkumar R.,BSRCP,,,,,False,16,2013,AE
1679070,Ali Khan (Don),ABML(S),19594,794,0.635927501061214,13,16,49,KA,Ali Khan (Don),ABML(S),,,,,False,16,2013,AE
1679071,Sharafoddin,IND,19503,712,0.570252368709804,14,16,49,KA,Sharafoddin,IND,,,,,False,16,2013,AE
1679072,Vasanth,IND,19503,604,0.483753413905507,15,16,49,KA,Vasanth,IND,,,,,False,16,2013,AE
1679073,Narsappa,IND,19503,537,0.430092025276916,16,16,49,KA,Narsappa,IND,,,,,True,16,2013,AE
1679074,Shankar Maruti Firange,RPI,19515,488,0.390847129115708,17,16,49,KA,Shankar Maruti Firange,RPI,,,,,False,16,2013,AE
1679075,Bhaskar Babu Patarpalli,ANC,19584,403,0.322769248019734,18,16,49,KA,Bhaskar Babu Patarpalli,ANC,,,,,True,16,2013,AE
1679076,Prabhu,IND,19503,350,0.280320686865774,19,16,49,KA,Prabhu,IND,,,,,False,16,2013,AE
1679077,Hasim,BPJP,19609,310,0.248284036938257,20,16,49,KA,Hasim,BPJP,,,,,False,16,2013,AE
1679078,Basheermiya,IND,19503,225,0.180206155842283,21,16,49,KA,Basheermiya,IND,,,,,False,16,2013,AE
1679210,Gurupadappa Nagmarpally,KJP,19508,50718,44.894707491303,1,16,50,KA,Gurupadappa Nagmarpally,KJP,,,,,False,16,2013,AE
1679211,Raheem Khan,INC,19497,48147,42.6189021961388,2,16,50,KA,Raheem Khan,INC,,,,,False,16,2013,AE
1679212,Ramesh Kumar Pande,BJP,19498,5888,5.21195705092457,3,16,50,KA,Ramesh Kumar Pande,BJP,,,,,False,16,2013,AE
1679213,Dr. Amar Avinash Yerolkar,JD(S),19500,2420,2.14214267378353,4,16,50,KA,Dr. Amar Avinash Yerolkar,JD(S),,,,,False,16,2013,AE
1679214,Pandari,PPOI,19560,1485,1.3144966407308,5,16,50,KA,Pandari,PPOI,,,,,False,16,2013,AE
1679215,Anilkumar Gundappa,BSRCP,19509,693,0.613431765674376,6,16,50,KA,Anilkumar Gundappa,BSRCP,,,,,False,16,2013,AE
1679216,Khayamuddin,NDEP,19587,549,0.485965424755025,7,16,50,KA,Khayamuddin,NDEP,,,,,False,16,2013,AE
1679217,Abdul Fayaz Khan,NCP,19502,429,0.379743473988899,8,16,50,KA,Abdul Fayaz Khan,NCP,,,,,False,16,2013,AE
1679219,Chandrasheker Madeppa Pasargi,IND,19503,362,0.320436218144479,9,16,50,KA,Chandrasheker Madeppa Pasargi,IND,,,,,False,16,2013,AE
1679218,Abdul Jameel Khan,IND,19503,362,0.320436218144479,9,16,50,KA,Abdul Jameel Khan,IND,,,,,True,16,2013,AE
1679220,Prabhu,IND,19503,288,0.254932681838701,11,16,50,KA,Prabhu,IND,,,,,False,16,2013,AE
1679221,Sayed Haji Pasha,IND,19503,288,0.254932681838701,11,16,50,KA,Sayed Haji Pasha,IND,,,,,False,16,2013,AE
1679222,S. S. Islam,IND,19503,274,0.242540120915987,13,16,50,KA,S. S. Islam,IND,,,,,False,16,2013,AE
1679223,Ishwar Hadhenavar,IND,19503,258,0.22837719414717,14,16,50,KA,Ishwar Hadhenavar,IND,,,,,False,16,2013,AE
1679224,Kondiba Rao Gopal Rao Pandre,IND,19503,249,0.220410547839711,15,16,50,KA,Kondiba Rao Gopal Rao Pandre,IND,,,,,False,16,2013,AE
1679225,Shaikh Haji,IND,19503,228,0.201821706455639,16,16,50,KA,Shaikh Haji,IND,,,,,False,16,2013,AE
1679226,Penina,IND,19503,179,0.158447743226137,17,16,50,KA,Penina,IND,,,,,False,16,2013,AE
1679227,Eshwar Kanari,IND,19503,154,0.136318170149861,18,16,50,KA,Eshwar Kanari,IND,,,,,False,16,2013,AE
1679359,Eshwara Bhimanna Khandre,INC,19497,58012,39.439530630698,1,16,51,KA,Eshwara Bhimanna Khandre,INC,,,,,True,16,2013,AE
1679360,Sidram D.K.,KJP,19508,48343,32.8660489084988,2,16,51,KA,Sidram D.K.,KJP,,,,,False,16,2013,AE
1679361,Prakash Khandre,BJP,19498,29694,20.1875029743492,3,16,51,KA,Prakash Khandre,BJP,,,,,True,16,2013,AE
1679362,D.K. Sonphule,IND,19503,2414,1.64116091399201,4,16,51,KA,D.K. Sonphule,IND,,,,,False,16,2013,AE
1679363,Janardhan,JD(S),19500,2255,1.53306456547307,5,16,51,KA,Janardhan,JD(S),,,,,False,16,2013,AE
1679364,Bhalkeshwar,IND,19503,1561,1.06124779898158,6,16,51,KA,Bhalkeshwar,IND,,,,,False,16,2013,AE
1679365,Ismalasha,BSP,19499,1102,0.749196075898593,7,16,51,KA,Ismalasha,BSP,,,,,False,16,2013,AE
1679366,Jagannath Jamadar,BSRCP,19509,1024,0.696167678511941,8,16,51,KA,Jagannath Jamadar,BSRCP,,,,,False,16,2013,AE
1679367,Ashok,IND,19503,1012,0.688009463529379,9,16,51,KA,Ashok,IND,,,,,False,16,2013,AE
1679368,Prakash,IND,19503,717,0.487453345208068,10,16,51,KA,Prakash,IND,,,,,False,16,2013,AE
1679369,Babu Pasha,IND,19503,489,0.332447260539393,11,16,51,KA,Babu Pasha,IND,,,,,False,16,2013,AE
1679370,Neelkanth,IND,19503,468,0.31817038431991,12,16,51,KA,Neelkanth,IND,,,,,False,16,2013,AE
1679499,Prabhu Chavhan,BJP,19498,61826,47.8896367959969,1,16,52,KA,Prabhu Chavhan,BJP,,,,,True,16,2013,AE
1679500,Dhanaji Bheema Jadhav,KJP,19508,38635,29.9261818266318,2,16,52,KA,Dhanaji Bheema Jadhav,KJP,,,,,False,16,2013,AE
1679501,Gaikawad Vijaykumar,INC,19497,15456,11.9720219053299,3,16,52,KA,Gaikawad Vijaykumar,INC,,,,,False,16,2013,AE
1679502,G.M. Yatnoor,JD(S),19500,4892,3.78928126040851,4,16,52,KA,G.M. Yatnoor,JD(S),,,,,False,16,2013,AE
1679503,Roopchand Rathod,NCP,19502,1225,0.94886948977932,5,16,52,KA,Roopchand Rathod,NCP,,,,,False,16,2013,AE
1679504,Devidas,BSP,19499,1151,0.891550026723263,6,16,52,KA,Devidas,BSP,,,,,False,16,2013,AE
1679505,Sulochana,IND,19503,1098,0.850496897777708,7,16,52,KA,Sulochana,IND,,,,,False,16,2013,AE
1679506,Raju Kadyal,KMP,19556,1065,0.824935515604061,8,16,52,KA,Raju Kadyal,KMP,,,,,False,16,2013,AE
1679507,Kasturbai,IND,19503,904,0.700226954090208,9,16,52,KA,Kasturbai,IND,,,,,False,16,2013,AE
1679508,Shamanna Bavgi,IND,19503,814,0.630514093616625,10,16,52,KA,Shamanna Bavgi,IND,,,,,False,16,2013,AE
1679509,Jairaj Chature,IND,19503,686,0.531366914276419,11,16,52,KA,Jairaj Chature,IND,,,,,False,16,2013,AE
1679510,Ratansing,IND,19503,461,0.357084763092462,12,16,52,KA,Ratansing,IND,,,,,False,16,2013,AE
1679511,Shivkumar Beldal,BSRCP,19509,451,0.349338889706508,13,16,52,KA,Shivkumar Beldal,BSRCP,,,,,False,16,2013,AE
1679512,Dr. Shankarrao Sonalwadi,IND,19503,437,0.338494666966173,14,16,52,KA,Dr. Shankarrao Sonalwadi,IND,,,,,True,16,2013,AE
1679621,Thipparaju,BJP,19498,50497,37.4776419596404,1,16,53,KA,Thipparaju,BJP,,,,,False,16,2013,AE
1679622,Raja Rayappa Naik,INC,19497,47227,35.0507277031891,2,16,53,KA,Raja Rayappa Naik,INC,,,,,True,16,2013,AE
1679623,Raja Amareshwara Naik,JD(S),19500,21584,16.0191184438061,3,16,53,KA,Raja Amareshwara Naik,JD(S),,,,,False,16,2013,AE
1679624,R. Mallesh Naik,KJP,19508,5861,4.3498912712726,4,16,53,KA,R. Mallesh Naik,KJP,,,,,False,16,2013,AE
1679625,Vijayalakshmi Madapanura,BSP,19499,2568,1.90590697570859,5,16,53,KA,Vijayalakshmi Madapanura,BSP,,,,,False,16,2013,AE
1679626,Chinnayya Naik,IND,19503,2529,1.87696212677843,6,16,53,KA,Chinnayya Naik,IND,,,,,False,16,2013,AE
1679627,Anjanayya,IND,19503,1258,0.93365692190086,7,16,53,KA,Anjanayya,IND,,,,,False,16,2013,AE
1679628,Lalappa Naik,CPM,19558,889,0.659794120484789,8,16,53,KA,Lalappa Naik,CPM,,,,,False,16,2013,AE
1679629,Swamy,NPP,19543,854,0.63381797400901,9,16,53,KA,Swamy,NPP,,,,,False,16,2013,AE
1679630,Khasim Naik,BSRCP,19509,804,0.596709193329325,10,16,53,KA,Khasim Naik,BSRCP,,,,,False,16,2013,AE
1679631,Veerana Gouda,JD(U),19507,668,0.495773309880583,11,16,53,KA,Veerana Gouda,JD(U),,,,,False,16,2013,AE
1679697,Dr. Shivaraj Patil S.,JD(S),19500,45263,45.5885019035916,1,16,54,KA,Dr. Shivaraj Patil S.,JD(S),,,,,False,16,2013,AE
1679698,Syed Yasin,INC,19497,37392,37.6608988175573,2,16,54,KA,Syed Yasin,INC,,,,,True,16,2013,AE
1679699,Trivikram Joshi,BJP,19498,6186,6.23048566766714,3,16,54,KA,Trivikram Joshi,BJP,,,,,False,16,2013,AE
1679700,Pooja Gandhi,BSRCP,19509,1815,1.82805229337469,4,16,54,KA,Pooja Gandhi,BSRCP,,,,,False,16,2013,AE
1679701,Basavaraj Kalasa,KJP,19508,1365,1.37481618757931,5,16,54,KA,Basavaraj Kalasa,KJP,,,,,False,16,2013,AE
1679702,Hares Siddiq,BSP,19499,1274,1.28316177507402,6,16,54,KA,Hares Siddiq,BSP,,,,,False,16,2013,AE
1679703,Bheemana Gouda,IND,19503,717,0.72215619523397,7,16,54,KA,Bheemana Gouda,IND,,,,,False,16,2013,AE
1679704,Aparna B.R.,SUCI,19546,559,0.563019962532481,8,16,54,KA,Aparna B.R.,SUCI,,,,,False,16,2013,AE
1679705,Zafer Mohiuddin,IND,19503,553,0.55697681445521,9,16,54,KA,Zafer Mohiuddin,IND,,,,,False,16,2013,AE
1679706,Mohammed Shalam Hussain,IND,19503,510,0.513667586568096,10,16,54,KA,Mohammed Shalam Hussain,IND,,,,,True,16,2013,AE
1679707,M.Jameel Ahmed,IND,19503,494,0.497552525028704,11,16,54,KA,M.Jameel Ahmed,IND,,,,,False,16,2013,AE
1679708,Noorjahan,CPM,19558,445,0.448200149064319,12,16,54,KA,Noorjahan,CPM,,,,,False,16,2013,AE
1679709,Noor Mohammed,JD(U),19507,441,0.444171383679471,13,16,54,KA,Noor Mohammed,JD(U),,,,,False,16,2013,AE
1679710,Jayateerth,IND,19503,432,0.435106661563563,14,16,54,KA,Jayateerth,IND,,,,,False,16,2013,AE
1679711,Chand Pasha,IND,19503,428,0.431077896178716,15,16,54,KA,Chand Pasha,IND,,,,,False,16,2013,AE
1679712,M.Chand Abdul Rubb,IND,19503,311,0.313236508671917,16,16,54,KA,M.Chand Abdul Rubb,IND,,,,,False,16,2013,AE
1679713,Mehraja Basha,IND,19503,261,0.262876941361319,17,16,54,KA,Mehraja Basha,IND,,,,,False,16,2013,AE
1679715,K.B.Raghavendra,PPOI,19560,226,0.227625244243901,18,16,54,KA,K.B.Raghavendra,PPOI,,,,,False,16,2013,AE
1679714,Ramanna R.H.J.,LSP,19526,226,0.227625244243901,18,16,54,KA,Ramanna R.H.J.,LSP,,,,,False,16,2013,AE
1679716,Syed Mujeeb,WPOI,19571,221,0.222589287512841,20,16,54,KA,Syed Mujeeb,WPOI,,,,,False,16,2013,AE
1679717,V.H.Master,IND,19503,167,0.168200954817396,21,16,54,KA,V.H.Master,IND,,,,,True,16,2013,AE
1679807,G. Hampayya Nayak Ballatagi,INC,19497,50619,41.4998278321609,1,16,55,KA,G. Hampayya Nayak Ballatagi,INC,,,,,True,16,2013,AE
1679808,Raja Venkatappa Nayak Raja Ambanna Nayak,JD(S),19500,43632,35.7715578729893,2,16,55,KA,Raja Venkatappa Nayak Raja Ambanna Nayak,JD(S),,,,,True,16,2013,AE
1679809,Gangadhar Nayak,KJP,19508,14465,11.8590847229737,3,16,55,KA,Gangadhar Nayak,KJP,,,,,False,16,2013,AE
1679810,Basanagouda Daddal,BSRCP,19509,4363,3.57699181792841,4,16,55,KA,Basanagouda Daddal,BSRCP,,,,,False,16,2013,AE
1679811,Ayyamma Nayak,BJP,19498,2935,2.40625051240428,5,16,55,KA,Ayyamma Nayak,BJP,,,,,False,16,2013,AE
1679812,Marinagappa Haravi,IND,19503,1940,1.59050289405938,6,16,55,KA,Marinagappa Haravi,IND,,,,,False,16,2013,AE
1679813,V.Mudukappa Nayak Neermanvi,CPM,19558,1294,1.06088182727466,7,16,55,KA,V.Mudukappa Nayak Neermanvi,CPM,,,,,False,16,2013,AE
1679814,Mallappa Bangari,BSP,19499,991,0.812468230934461,8,16,55,KA,Mallappa Bangari,BSP,,,,,False,16,2013,AE
1679815,Susheelamma R Mudukappa Nayak,JD(U),19507,958,0.785413284798399,9,16,55,KA,Susheelamma R Mudukappa Nayak,JD(U),,,,,False,16,2013,AE
1679816,M.Nagaraj Medar,IND,19503,777,0.637021004476363,10,16,55,KA,M.Nagaraj Medar,IND,,,,,False,16,2013,AE
1679874,A.Venkatesh Naik,INC,19497,62070,48.7121533173235,1,16,56,KA,A.Venkatesh Naik,INC,,,,,True,16,2013,AE
1679875,K. Shivana Gouda Naik,BJP,19498,58370,45.8084161290828,2,16,56,KA,K. Shivana Gouda Naik,BJP,,,,,False,16,2013,AE
1679876,Shanth Gowda,KJP,19508,2747,2.15582866381001,3,16,56,KA,Shanth Gowda,KJP,,,,,False,16,2013,AE
1679877,Anjala Channanagouda,BSRCP,19509,2158,1.69358509519549,4,16,56,KA,Anjala Channanagouda,BSRCP,,,,,False,16,2013,AE
1679878,Basavaraj Nayak Gugeradody,CPM,19558,1217,0.955094096780775,5,16,56,KA,Basavaraj Nayak Gugeradody,CPM,,,,,False,16,2013,AE
1679879,Channabasava,JD(U),19507,860,0.674922697807286,6,16,56,KA,Channabasava,JD(U),,,,,False,16,2013,AE
1679940,Manappa Vajjal,JD(S),19500,31737,24.4922055872819,1,16,57,KA,Manappa Vajjal,JD(S),,,,,False,16,2013,AE
1679941,D.S.Hoolageri,INC,19497,30451,23.4997684827905,2,16,57,KA,D.S.Hoolageri,INC,,,,,False,16,2013,AE
1679942,Siddu Y.Bandi,BSRCP,19509,25005,19.2969594073159,3,16,57,KA,Siddu Y.Bandi,BSRCP,,,,,False,16,2013,AE
1679943,H.B.Murari,KJP,19508,18347,14.1588208056798,4,16,57,KA,H.B.Murari,KJP,,,,,False,16,2013,AE
1679944,T.R.Naik,BJP,19498,13545,10.4530020064824,5,16,57,KA,T.R.Naik,BJP,,,,,False,16,2013,AE
1679945,Dr.Ranganath,IND,19503,2737,2.11220867417811,6,16,57,KA,Dr.Ranganath,IND,,,,,False,16,2013,AE
1679946,Comrade Chinnappa Kotriki,CPM,19558,1232,0.950764006791171,7,16,57,KA,Comrade Chinnappa Kotriki,CPM,,,,,False,16,2013,AE
1679947,Yashodhar Bhajantri,IND,19503,1171,0.903688840870504,8,16,57,KA,Yashodhar Bhajantri,IND,,,,,False,16,2013,AE
1679948,Nandappa P Bombaykar,IND,19503,1101,0.84966815866646,9,16,57,KA,Nandappa P Bombaykar,IND,,,,,False,16,2013,AE
1679949,Shekharappa Shivangi,JD(U),19507,969,0.747800586510263,10,16,57,KA,Shekharappa Shivangi,JD(U),,,,,False,16,2013,AE
1679950,Subhas Y Chawan,KRRS,19522,940,0.72542058959716,11,16,57,KA,Subhas Y Chawan,KRRS,,,,,False,16,2013,AE
1679951,Balarama,IND,19503,868,0.669856459330143,12,16,57,KA,Balarama,IND,,,,,False,16,2013,AE
1679952,Pampapathi Gudadur,BSP,19499,757,0.584195091835159,13,16,57,KA,Pampapathi Gudadur,BSP,,,,,False,16,2013,AE
1679953,Danamma Shivashankarappa,IND,19503,720,0.555641302670165,14,16,57,KA,Danamma Shivashankarappa,IND,,,,,False,16,2013,AE
1680027,Badarli Hampanagouda,INC,19497,49213,33.8913833948542,1,16,58,KA,Badarli Hampanagouda,INC,,,,,True,16,2013,AE
1680028,K.Kariyappa,BSRCP,19509,36197,24.9276899344388,2,16,58,KA,K.Kariyappa,BSRCP,,,,,False,16,2013,AE
1680029,Nadagouda Venkatarao,JD(S),19500,30895,21.2763759572475,3,16,58,KA,Nadagouda Venkatarao,JD(S),,,,,True,16,2013,AE
1680030,Rajashekhar Patil,KJP,19508,11692,8.05189796705415,4,16,58,KA,Rajashekhar Patil,KJP,,,,,False,16,2013,AE
1680031,Kolla Sheshagirirao,BJP,19498,10557,7.27026059170293,5,16,58,KA,Kolla Sheshagirirao,BJP,,,,,False,16,2013,AE
1680032,Ramanna Elekudalagi,IND,19503,1176,0.809872734284612,6,16,58,KA,Ramanna Elekudalagi,IND,,,,,False,16,2013,AE
1680033,Com Bashumiya,CPI,19586,997,0.686601289185168,7,16,58,KA,Com Bashumiya,CPI,,,,,False,16,2013,AE
1680034,A.Ramesh Patil Bergi,CPM,19558,868,0.597763208638642,8,16,58,KA,A.Ramesh Patil Bergi,CPM,,,,,False,16,2013,AE
1680035,Syed Sabir Nana,KMP,19556,667,0.459341083135915,9,16,58,KA,Syed Sabir Nana,KMP,,,,,False,16,2013,AE
1680036,Basanagouda,IND,19503,657,0.452454410225331,10,16,58,KA,Basanagouda,IND,,,,,False,16,2013,AE
1680037,Jagirdar Shanthagouda,JD(U),19507,651,0.448322406478981,11,16,58,KA,Jagirdar Shanthagouda,JD(U),,,,,False,16,2013,AE
1680038,Basavaraj Badarli,IND,19503,639,0.440058398986281,12,16,58,KA,Basavaraj Badarli,IND,,,,,False,16,2013,AE
1680039,Goudappa,IND,19503,526,0.362238995096688,13,16,58,KA,Goudappa,IND,,,,,False,16,2013,AE
1680040,M.K.Jaggesh,BSP,19499,473,0.325739628670596,14,16,58,KA,M.K.Jaggesh,BSP,,,,,False,16,2013,AE
1680149,Pratap Gouda Patil,INC,19497,45552,43.0841404358353,1,16,59,KA,Pratap Gouda Patil,INC,,,,,False,16,2013,AE
1680150,Mahadevappa Gowda,KJP,19508,26405,24.974462772397,2,16,59,KA,Mahadevappa Gowda,KJP,,,,,False,16,2013,AE
1680151,Shekharappa Talwar,BSRCP,19509,18197,17.2111455811138,3,16,59,KA,Shekharappa Talwar,BSRCP,,,,,False,16,2013,AE
1680152,Shankarkumara Medara,BJP,19498,4264,4.03299031476997,4,16,59,KA,Shankarkumara Medara,BJP,,,,,False,16,2013,AE
1680153,Amaresh,JD(S),19500,3488,3.29903147699757,5,16,59,KA,Amaresh,JD(S),,,,,False,16,2013,AE
1680154,R Rangappa Nayaka,IND,19503,2877,2.72113347457627,6,16,59,KA,R Rangappa Nayaka,IND,,,,,False,16,2013,AE
1680155,Amaresh Nayak,SJPA,19505,2152,2.03541162227602,7,16,59,KA,Amaresh Nayak,SJPA,,,,,False,16,2013,AE
1680156,Nagaraj Medar,CPM,19558,1107,1.04702633171912,8,16,59,KA,Nagaraj Medar,CPM,,,,,False,16,2013,AE
1680157,Tirupati,IND,19503,1036,0.979872881355932,9,16,59,KA,Tirupati,IND,,,,,False,16,2013,AE
1680158,Nagaraja Chigari,BSP,19499,650,0.614785108958837,10,16,59,KA,Nagaraja Chigari,BSP,,,,,False,16,2013,AE
1680260,Doddanagouda Hanamagouda Patil,BJP,19498,44007,31.8323857471463,1,16,60,KA,Doddanagouda Hanamagouda Patil,BJP,,,,,True,16,2013,AE
1680261,Amaregouda Linganagouda Bayyapur,INC,19497,40970,29.6355771595561,2,16,60,KA,Amaregouda Linganagouda Bayyapur,INC,,,,,True,16,2013,AE
1680262,K Sharanappa Vakeelaru Kushtagi,JD(S),19500,26691,19.306887721887,3,16,60,KA,K Sharanappa Vakeelaru Kushtagi,JD(S),,,,,True,16,2013,AE
1680263,Gonal Rajashekar Gouda,BSRCP,19509,17543,12.689698074447,4,16,60,KA,Gonal Rajashekar Gouda,BSRCP,,,,,False,16,2013,AE
1680264,Hiremath Sangamesh Shekharayya,IND,19503,1743,1.26079597239703,5,16,60,KA,Hiremath Sangamesh Shekharayya,IND,,,,,True,16,2013,AE
1680265,Puradappa Kandgal Vakeelaru,IND,19503,1496,1.08212895852321,6,16,60,KA,Puradappa Kandgal Vakeelaru,IND,,,,,False,16,2013,AE
1680266,Fakirappa Somappa Chalageri Vakeelaru,KJP,19508,1442,1.04306815387063,7,16,60,KA,Fakirappa Somappa Chalageri Vakeelaru,KJP,,,,,False,16,2013,AE
1680267,Laxmana Duragappa Talawar,IND,19503,955,0.690797563763146,8,16,60,KA,Laxmana Duragappa Talawar,IND,,,,,False,16,2013,AE
1680268,Shivaputrappa Gumgeri,BSP,19499,833,0.602549079177697,9,16,60,KA,Shivaputrappa Gumgeri,BSP,,,,,False,16,2013,AE
1680269,Mariyappa Basappa Madiwalar,IND,19503,822,0.594592248600321,10,16,60,KA,Mariyappa Basappa Madiwalar,IND,,,,,False,16,2013,AE
1680270,Basavaraj Narasappa Bilkar Hanamsagar,IND,19503,509,0.368184251262242,11,16,60,KA,Basavaraj Narasappa Bilkar Hanamsagar,IND,,,,,False,16,2013,AE
1680271,Abdul Nayeem Abdul Rabsab,IND,19503,492,0.355887331279024,12,16,60,KA,Abdul Nayeem Abdul Rabsab,IND,,,,,False,16,2013,AE
1680272,Basavaraj Mariyappa Bunnatti,CPM,19558,384,0.277765721973872,13,16,60,KA,Basavaraj Mariyappa Bunnatti,CPM,,,,,False,16,2013,AE
1680273,Mallikarjunswami V Hiremath (Chalagera),JD(U),19507,359,0.259682016116198,14,16,60,KA,Mallikarjunswami V Hiremath (Chalagera),JD(U),,,,,False,16,2013,AE
1680390,Shivaraj S/O Sangappa Tangadagi,INC,19497,49451,36.5097529642809,1,16,61,KA,Shivaraj S/O Sangappa Tangadagi,INC,,,,,False,16,2013,AE
1680391,Basavaraj Dadhesuguru,KJP,19508,44399,32.7798532256397,2,16,61,KA,Basavaraj Dadhesuguru,KJP,,,,,False,16,2013,AE
1680392,Bhavanimath Mukundarao,BSRCP,19509,28117,20.7588263957591,3,16,61,KA,Bhavanimath Mukundarao,BSRCP,,,,,False,16,2013,AE
1680393,Ramanayak Lachamapppa Nayak Lamani,BJP,19498,2948,2.17651314915169,4,16,61,KA,Ramanayak Lachamapppa Nayak Lamani,BJP,,,,,False,16,2013,AE
1680394,Ramesh Koti,IND,19503,1524,1.12517165512455,5,16,61,KA,Ramesh Koti,IND,,,,,False,16,2013,AE
1680395,Vithoba Baladasappa Dasar,IND,19503,1418,1.04691168436129,6,16,61,KA,Vithoba Baladasappa Dasar,IND,,,,,False,16,2013,AE
1680396,Prakasha. L. Rathod,JD(S),19500,1166,0.860859678395818,7,16,61,KA,Prakasha. L. Rathod,JD(S),,,,,False,16,2013,AE
1680397,Palakshayya Shivamurthayya Hiremath,IND,19503,1080,0.797365739852044,8,16,61,KA,Palakshayya Shivamurthayya Hiremath,IND,,,,,False,16,2013,AE
1680398,Tippanna V,IND,19503,1062,0.78407631085451,9,16,61,KA,Tippanna V,IND,,,,,False,16,2013,AE
1680399,Akkirotti Hulagappa Pamappa,CPM,19558,1028,0.75897405608139,10,16,61,KA,Akkirotti Hulagappa Pamappa,CPM,,,,,False,16,2013,AE
1680400,Shreedhar,BSP,19499,805,0.594332796834162,11,16,61,KA,Shreedhar,BSP,,,,,False,16,2013,AE
1680401,Dyamamma Mankaleppa Choudki,CPM,19558,751,0.55446450984156,12,16,61,KA,Dyamamma Mankaleppa Choudki,CPM,,,,,False,16,2013,AE
1680402,Motilal Nayak Rathod,IND,19503,579,0.427476632754012,13,16,61,KA,Motilal Nayak Rathod,IND,,,,,False,16,2013,AE
1680403,M. Yesappa,CPI(ML)(L),19613,560,0.413448902145504,14,16,61,KA,M. Yesappa,CPI(ML)(L),,,,,False,16,2013,AE
1680404,Nagaraja Tippanna Waddar,IND,19503,558,0.411972298923556,15,16,61,KA,Nagaraja Tippanna Waddar,IND,,,,,False,16,2013,AE
1680509,Iqbal Ansari,JD(S),19500,60303,48.1103851032766,1,16,62,KA,Iqbal Ansari,JD(S),,,,,True,16,2013,AE
1680510,Paranna Ishwarappa Munavalli,BJP,19498,30514,24.3443989692284,2,16,62,KA,Paranna Ishwarappa Munavalli,BJP,,,,,True,16,2013,AE
1680511,H. R. Srinath,INC,19497,20248,16.1540732230758,3,16,62,KA,H. R. Srinath,INC,,,,,False,16,2013,AE
1680512,Basavaraj Patil Anvari,KJP,19508,7058,5.63094867683077,4,16,62,KA,Basavaraj Patil Anvari,KJP,,,,,False,16,2013,AE
1680513,Pampanagowdru Police Patel,BSRCP,19509,3015,2.40539958354275,5,16,62,KA,Pampanagowdru Police Patel,BSRCP,,,,,False,16,2013,AE
1680514,Sharanabasappa.S Pan Shop,IND,19503,1642,1.3100053453324,6,16,62,KA,Sharanabasappa.S Pan Shop,IND,,,,,False,16,2013,AE
1680515,Bhardwaj Subbarao,CPI(ML)(L),19613,971,0.774674293737982,7,16,62,KA,Bhardwaj Subbarao,CPI(ML)(L),,,,,True,16,2013,AE
1680516,Vijayakumar.J,PPOI,19560,843,0.672554510423398,8,16,62,KA,Vijayakumar.J,PPOI,,,,,False,16,2013,AE
1680517,Hulugappa Deveramani,BSP,19499,749,0.597560294551749,9,16,62,KA,Hulugappa Deveramani,BSP,,,,,False,16,2013,AE
1680627,Basavaraj Rayaraddi,INC,19497,52388,38.3152074541611,1,16,63,KA,Basavaraj Rayaraddi,INC,,,,,True,16,2013,AE
1680628,Achar Halappa Basappa,BJP,19498,35488,25.9549912600838,2,16,63,KA,Achar Halappa Basappa,BJP,,,,,False,16,2013,AE
1680629,G.T.Pampapati,JD(S),19500,12040,8.80573982110598,3,16,63,KA,G.T.Pampapati,JD(S),,,,,False,16,2013,AE
1680630,Naveen Kumar. E. Gulagannanavar,BSRCP,19509,10640,7.78181658609365,4,16,63,KA,Naveen Kumar. E. Gulagannanavar,BSRCP,,,,,False,16,2013,AE
1680631,C.H. Patil,KJP,19508,10212,7.4687886256756,5,16,63,KA,C.H. Patil,KJP,,,,,False,16,2013,AE
1680632,Nagaraj Kolaji,IND,19503,9888,7.23182353414418,6,16,63,KA,Nagaraj Kolaji,IND,,,,,False,16,2013,AE
1680633,Somashekar T. M,IND,19503,2018,1.47591220589633,7,16,63,KA,Somashekar T. M,IND,,,,,False,16,2013,AE
1680634,Shivashankarayya Baligerimath,IND,19503,1233,0.901783820550139,8,16,63,KA,Shivashankarayya Baligerimath,IND,,,,,False,16,2013,AE
1680635,Duragappa Ayyappa Talakeri,BSP,19499,810,0.592412728828558,9,16,63,KA,Duragappa Ayyappa Talakeri,BSP,,,,,False,16,2013,AE
1680636,Siddappa Hakkiguni,IND,19503,793,0.579979375260551,10,16,63,KA,Siddappa Hakkiguni,IND,,,,,False,16,2013,AE
1680637,Shivashankar Lingaraj Desai,IND,19503,718,0.525126344813463,11,16,63,KA,Shivashankar Lingaraj Desai,IND,,,,,False,16,2013,AE
1680638,Ganiger Malakajappa Shivarudrappa,IND,19503,501,0.366418243386552,12,16,63,KA,Ganiger Malakajappa Shivarudrappa,IND,,,,,False,16,2013,AE
1680742,K. Rajashekar Basavaraj Hitnal,INC,19497,81062,53.5356003619144,1,16,64,KA,K. Rajashekar Basavaraj Hitnal,INC,,,,,True,16,2013,AE
1680743,Karadi Sanganna Amarappa,BJP,19498,54274,35.8440597819267,2,16,64,KA,Karadi Sanganna Amarappa,BJP,,,,,False,16,2013,AE
1680744,Pradeep Virupakshagouda,JD(S),19500,6811,4.49817391706347,3,16,64,KA,Pradeep Virupakshagouda,JD(S),,,,,False,16,2013,AE
1680745,K.M.Syed,KJP,19508,4118,2.71964178394764,4,16,64,KA,K.M.Syed,KJP,,,,,False,16,2013,AE
1680746,Nekkanti Nagaraj,BSRCP,19509,2609,1.72305619580364,5,16,64,KA,Nekkanti Nagaraj,BSRCP,,,,,False,16,2013,AE
1680747,Shivakumar Vaderahalli,NCP,19502,1333,0.880350290918456,6,16,64,KA,Shivakumar Vaderahalli,NCP,,,,,False,16,2013,AE
1680748,Hadapad Nirmala Mallikarjun,BSP,19499,611,0.403521401163673,7,16,64,KA,Hadapad Nirmala Mallikarjun,BSP,,,,,False,16,2013,AE
1680749,Manjunath.E.Chakrasali,CPM,19558,599,0.395596267261932,8,16,64,KA,Manjunath.E.Chakrasali,CPM,,,,,False,16,2013,AE
1680854,Doddamani Ramakrishna Shiddlingappa,INC,19497,44738,34.0920694674114,1,16,65,KA,Doddamani Ramakrishna Shiddlingappa,INC,,,,,False,16,2013,AE
1680855,Ramanna S Lamani,BJP,19498,44423,33.8520274028972,2,16,65,KA,Ramanna S Lamani,BJP,,,,,True,16,2013,AE
1680856,Jayashree Mahantesh Halleppanavar,BSRCP,19509,26791,20.4157680965045,3,16,65,KA,Jayashree Mahantesh Halleppanavar,BSRCP,,,,,False,16,2013,AE
1680857,Gurappa Shiddappa Vaddar,JD(S),19500,5520,4.20645141624818,4,16,65,KA,Gurappa Shiddappa Vaddar,JD(S),,,,,False,16,2013,AE
1680858,Shobha Krishnappa Lamani,KJP,19508,3841,2.92698911047269,5,16,65,KA,Shobha Krishnappa Lamani,KJP,,,,,False,16,2013,AE
1680859,Sandakad Doddahuchappa Doddayallappa,IND,19503,1947,1.48368857018753,6,16,65,KA,Sandakad Doddahuchappa Doddayallappa,IND,,,,,False,16,2013,AE
1680860,Benakappa Bajaneppa Pujar,JD(U),19507,791,0.602772295335563,7,16,65,KA,Benakappa Bajaneppa Pujar,JD(U),,,,,False,16,2013,AE
1680861,Bhajekkanavar Fakkirappa Dandappa,IND,19503,775,0.590579682534844,8,16,65,KA,Bhajekkanavar Fakkirappa Dandappa,IND,,,,,False,16,2013,AE
1680862,Shekappa Bojappa Lamani,IND,19503,710,0.541047193031921,9,16,65,KA,Shekappa Bojappa Lamani,IND,,,,,False,16,2013,AE
1680863,Koradal Shivappa Fakkeerappa,IND,19503,580,0.441982214026076,10,16,65,KA,Koradal Shivappa Fakkeerappa,IND,,,,,True,16,2013,AE
1680864,Duragappa Sareppa Pujar,BSP,19499,560,0.426741448025177,11,16,65,KA,Duragappa Sareppa Pujar,BSP,,,,,False,16,2013,AE
1680865,Parashuram Puttappa Bajantri,IND,19503,551,0.419883103324773,12,16,65,KA,Parashuram Puttappa Bajantri,IND,,,,,False,16,2013,AE
1680956,H K Patil,INC,19497,70475,51.7004856434408,1,16,66,KA,H K Patil,INC,,,,,True,16,2013,AE
1680957,Anil Prakashbabu Mensinkai,BSRCP,19509,36748,26.9583461713397,2,16,66,KA,Anil Prakashbabu Mensinkai,BSRCP,,,,,False,16,2013,AE
1680958,Bidarur Srishilappa Veerupakshappa,BJP,19498,18715,13.729330809748,3,16,66,KA,Bidarur Srishilappa Veerupakshappa,BJP,,,,,True,16,2013,AE
1680959,S B Sankannavar,KJP,19508,4808,3.52715054946667,4,16,66,KA,S B Sankannavar,KJP,,,,,False,16,2013,AE
1680960,Andanayya Gurupadayya Kurtakoti,JD(S),19500,1339,0.98229088721628,5,16,66,KA,Andanayya Gurupadayya Kurtakoti,JD(S),,,,,False,16,2013,AE
1680961,Satyappanavar Bimappa Goneppa,IND,19503,1062,0.779083586425458,6,16,66,KA,Satyappanavar Bimappa Goneppa,IND,,,,,False,16,2013,AE
1680962,Shyam Motilalasa Bhandage,SK,19619,845,0.619892307466584,7,16,66,KA,Shyam Motilalasa Bhandage,SK,,,,,False,16,2013,AE
1680963,Ashok Mallappa Jawali,NCP,19502,761,0.558269876901858,8,16,66,KA,Ashok Mallappa Jawali,NCP,,,,,False,16,2013,AE
1680964,Mahadev H Chalavadi,BSP,19499,537,0.393943395395924,9,16,66,KA,Mahadev H Chalavadi,BSP,,,,,False,16,2013,AE
1680965,Abdulmunaf Abdulsattar Khazi,NPP,19543,438,0.321316959373211,10,16,66,KA,Abdulmunaf Abdulsattar Khazi,NPP,,,,,False,16,2013,AE
1680966,Manjunath Vasant Neelgund,LJP,19521,356,0.261161729536217,11,16,66,KA,Manjunath Vasant Neelgund,LJP,,,,,False,16,2013,AE
1680967,Tirlapur Abdulrahamansab Janglisab,JD(U),19507,230,0.168728083689129,12,16,66,KA,Tirlapur Abdulrahamansab Janglisab,JD(U),,,,,False,16,2013,AE
1681065,Gurupadagouda Sanganagouda Patil,INC,19497,74593,51.1243617422295,1,16,67,KA,Gurupadagouda Sanganagouda Patil,INC,,,,,True,16,2013,AE
1681066,Kalakappa Gurushantappa Bandi,BJP,19498,56366,38.6319865666015,2,16,67,KA,Kalakappa Gurushantappa Bandi,BJP,,,,,True,16,2013,AE
1681067,Hemagirish Gurupadappa Havinal,JD(S),19500,6334,4.34118090538364,3,16,67,KA,Hemagirish Gurupadappa Havinal,JD(S),,,,,False,16,2013,AE
1681068,Rangangouda Vasudevagouda Patil,IND,19503,1976,1.35430588396559,4,16,67,KA,Rangangouda Vasudevagouda Patil,IND,,,,,False,16,2013,AE
1681069,Ashok V Bavenakatti,BSRCP,19509,1636,1.12127754360714,5,16,67,KA,Ashok V Bavenakatti,BSRCP,,,,,False,16,2013,AE
1681070,Mallikarjungouda B Sankanagoudra,IND,19503,1472,1.00887563825777,6,16,67,KA,Mallikarjungouda B Sankanagoudra,IND,,,,,False,16,2013,AE
1681071,Sharnappa Basappa Menashinkai,KJP,19508,1372,0.940337891093519,7,16,67,KA,Sharnappa Basappa Menashinkai,KJP,,,,,False,16,2013,AE
1681072,Nigabasappa Ramappa Doddamani,BSP,19499,1210,0.829306740687433,8,16,67,KA,Nigabasappa Ramappa Doddamani,BSP,,,,,False,16,2013,AE
1681073,Mallikarjun Kallappa Budihal,IND,19503,376,0.257701929337582,9,16,67,KA,Mallikarjun Kallappa Budihal,IND,,,,,False,16,2013,AE
1681074,Malaji Motilalasa Vasusa,SK,19619,282,0.193276447003187,10,16,67,KA,Malaji Motilalasa Vasusa,SK,,,,,False,16,2013,AE
1681075,Tegginamani Fakirappa Neelappa,LJP,19521,151,0.103491998218018,11,16,67,KA,Tegginamani Fakirappa Neelappa,LJP,,,,,False,16,2013,AE
1681076,Basavaraja Veerappa Dotihal,NPP,19543,137,0.0938967136150234,12,16,67,KA,Basavaraja Veerappa Dotihal,NPP,,,,,False,16,2013,AE
1681163,B R Yavagal,INC,19497,59620,46.3499961128819,1,16,68,KA,B R Yavagal,INC,,,,,False,16,2013,AE
1681164,C C Patil,BJP,19498,51035,39.6758143512399,2,16,68,KA,C C Patil,BJP,,,,,True,16,2013,AE
1681165,S H Shivanagoudar,BSRCP,19509,6908,5.37044235403871,3,16,68,KA,S H Shivanagoudar,BSRCP,,,,,False,16,2013,AE
1681166,V R Ramananda,IND,19503,3410,2.65101453782165,4,16,68,KA,V R Ramananda,IND,,,,,False,16,2013,AE
1681167,Prakash Ningappa Kari,JD(S),19500,2976,2.31361268755344,5,16,68,KA,Prakash Ningappa Kari,JD(S),,,,,False,16,2013,AE
1681168,Suresh Maharudrappa Mundaragi,IND,19503,1449,1.12648682266967,6,16,68,KA,Suresh Maharudrappa Mundaragi,IND,,,,,False,16,2013,AE
1681169,Kuberagouda Shivanagouda Parwatgoudra,KJP,19508,1054,0.819404493508512,7,16,68,KA,Kuberagouda Shivanagouda Parwatgoudra,KJP,,,,,False,16,2013,AE
1681170,Kadiyavar Hemantha Mallappa,LJP,19521,931,0.723781388478581,8,16,68,KA,Kadiyavar Hemantha Mallappa,LJP,,,,,False,16,2013,AE
1681171,Shakuntala Yamanappa Kondabingi,IND,19503,502,0.390266656301018,9,16,68,KA,Shakuntala Yamanappa Kondabingi,IND,,,,,False,16,2013,AE
1681172,Patil Krishnagouda Ranganagouda,IND,19503,418,0.324963072378138,10,16,68,KA,Patil Krishnagouda Ranganagouda,IND,,,,,False,16,2013,AE
1681173,Gurusiddappa Honakerappa Desai,RCMP,19551,327,0.254217523128352,11,16,68,KA,Gurusiddappa Honakerappa Desai,RCMP,,,,,False,16,2013,AE
1681282,N.H.Konaraddi,JD(S),19500,44448,32.3618280705075,1,16,69,KA,N.H.Konaraddi,JD(S),,,,,True,16,2013,AE
1681283,Shankar Patil Munenakoppa,BJP,19498,41779,30.4185748505609,2,16,69,KA,Shankar Patil Munenakoppa,BJP,,,,,True,16,2013,AE
1681284,Gaddi Kallappa Nagappa,INC,19497,30780,22.410391198934,3,16,69,KA,Gaddi Kallappa Nagappa,INC,,,,,True,16,2013,AE
1681285,Shivanand Basappa Karigar (Mudnur),IND,19503,8901,6.48066575899,4,16,69,KA,Shivanand Basappa Karigar (Mudnur),IND,,,,,False,16,2013,AE
1681286,Dr Shiriyannavar,KJP,19508,4028,2.93271786060125,5,16,69,KA,Dr Shiriyannavar,KJP,,,,,False,16,2013,AE
1681287,Subhashchandragouda Bhimanagouda Patil (Chandragouda),IND,19503,2356,1.71536327695544,6,16,69,KA,Subhashchandragouda Bhimanagouda Patil (Chandragouda),IND,,,,,False,16,2013,AE
1681288,Shambhulinga C Sidramashettar,BSRCP,19509,1109,0.807443919415786,7,16,69,KA,Shambhulinga C Sidramashettar,BSRCP,,,,,False,16,2013,AE
1681289,Saidapur Yellappa Dundur,BSP,19499,935,0.680757497433507,8,16,69,KA,Saidapur Yellappa Dundur,BSP,,,,,False,16,2013,AE
1681290,Virupakshagouda Shivanagouda Kulkarni,IND,19503,782,0.569360816035297,9,16,69,KA,Virupakshagouda Shivanagouda Kulkarni,IND,,,,,False,16,2013,AE
1681291,Vinayakumar P Myageri,IND,19503,465,0.338558541504364,10,16,69,KA,Vinayakumar P Myageri,IND,,,,,False,16,2013,AE
1681292,Gurushanthappa Hanamappa Chalawadi,RCMP,19551,338,0.246092015115,11,16,69,KA,Gurushanthappa Hanamappa Chalawadi,RCMP,,,,,False,16,2013,AE
1681294,Chandrashekar Demappa Bugati,LJP,19521,317,0.230802274530932,12,16,69,KA,Chandrashekar Demappa Bugati,LJP,,,,,False,16,2013,AE
1681293,R.D. Rangaswamy,IND,19503,317,0.230802274530932,12,16,69,KA,R.D. Rangaswamy,IND,,,,,False,16,2013,AE
1681295,Doctor Mohammadusman Mohmmadgous,IND,19503,285,0.207503622212352,14,16,69,KA,Doctor Mohammadusman Mohmmadgous,IND,,,,,False,16,2013,AE
1681296,Basavennevva Yellappa Kadrolli,IND,19503,275,0.200222793362796,15,16,69,KA,Basavennevva Yellappa Kadrolli,IND,,,,,False,16,2013,AE
1681297,Metigoudra Prakashagouda Mallanagouda,JD(U),19507,232,0.168915229309704,16,16,69,KA,Metigoudra Prakashagouda Mallanagouda,JD(U),,,,,False,16,2013,AE
1681411,Channabasappa Sathyappa Shivalli,INC,19497,52690,40.6819182037879,1,16,70,KA,Channabasappa Sathyappa Shivalli,INC,,,,,True,16,2013,AE
1681412,Chikkangoudra Siddangouda Ishwaragouda,KJP,19508,31618,24.4122393199348,2,16,70,KA,Chikkangoudra Siddangouda Ishwaragouda,KJP,,,,,False,16,2013,AE
1681413,M R Patil,BJP,19498,23641,18.2532022823258,3,16,70,KA,M R Patil,BJP,,,,,False,16,2013,AE
1681414,Akki Mallikarjun Sahadevappa,JD(S),19500,15613,12.0547881745253,4,16,70,KA,Akki Mallikarjun Sahadevappa,JD(S),,,,,False,16,2013,AE
1681415,Veerupakshappagouda Nagangouda Fakkiragoudra,IND,19503,2309,1.78277755043739,5,16,70,KA,Veerupakshappagouda Nagangouda Fakkiragoudra,IND,,,,,False,16,2013,AE
1681416,Veerupakshappa Kallimani,BSRCP,19509,869,0.670954392087525,6,16,70,KA,Veerupakshappa Kallimani,BSRCP,,,,,False,16,2013,AE
1681417,Channappa Mallappa Kamadolli,IND,19503,694,0.535836994371395,7,16,70,KA,Channappa Mallappa Kamadolli,IND,,,,,False,16,2013,AE
1681418,Kurubar Chandrappa Ganeshappa,BSP,19499,600,0.463259649312445,8,16,70,KA,Kurubar Chandrappa Ganeshappa,BSP,,,,,False,16,2013,AE
1681419,Kiran Fakkirappa Shetteppanavar,KMP,19556,576,0.444729263339947,9,16,70,KA,Kiran Fakkirappa Shetteppanavar,KMP,,,,,False,16,2013,AE
1681420,Gokak Jailani Mahabubsab,IND,19503,498,0.384505508929329,10,16,70,KA,Gokak Jailani Mahabubsab,IND,,,,,False,16,2013,AE
1681421,Kutubuddin Imamsab Belagali,NPP,19543,409,0.315788660947983,11,16,70,KA,Kutubuddin Imamsab Belagali,NPP,,,,,False,16,2013,AE
1681544,Vinay Kulkarni,INC,19497,53453,40.1847870213053,1,16,71,KA,Vinay Kulkarni,INC,,,,,True,16,2013,AE
1681545,Amrut Ayyappa Desai,JD(S),19500,35133,26.4122148882106,2,16,71,KA,Amrut Ayyappa Desai,JD(S),,,,,True,16,2013,AE
1681546,Astagi Tavanappa Payappa,KJP,19508,21589,16.2301342675427,3,16,71,KA,Astagi Tavanappa Payappa,KJP,,,,,False,16,2013,AE
1681547,Seema Ashok Masuti,BJP,19498,16896,12.7020403253694,4,16,71,KA,Seema Ashok Masuti,BJP,,,,,True,16,2013,AE
1681548,Somappa Basappa Benakatti,IND,19503,2162,1.62534393841434,5,16,71,KA,Somappa Basappa Benakatti,IND,,,,,False,16,2013,AE
1681549,Basavaraj Budihal,NCP,19502,811,0.609691921394097,6,16,71,KA,Basavaraj Budihal,NCP,,,,,False,16,2013,AE
1681550,Basavaraj Yallappa Parasannavar,IND,19503,718,0.539776571591814,7,16,71,KA,Basavaraj Yallappa Parasannavar,IND,,,,,False,16,2013,AE
1681551,Manjunath Hanamantappa Mangalagatti,IND,19503,578,0.434527657910959,8,16,71,KA,Manjunath Hanamantappa Mangalagatti,IND,,,,,False,16,2013,AE
1681552,Yogeshgouda Ningangouda Goudar,BSRCP,19509,405,0.304470071719616,9,16,71,KA,Yogeshgouda Ningangouda Goudar,BSRCP,,,,,False,16,2013,AE
1681553,Nijamuddin (Hannu) Abdulnabi Soudagar,IND,19503,357,0.26838472988618,10,16,71,KA,Nijamuddin (Hannu) Abdulnabi Soudagar,IND,,,,,False,16,2013,AE
1681554,Patil Basavaraj Ninganagouda,IND,19503,343,0.257859838518095,11,16,71,KA,Patil Basavaraj Ninganagouda,IND,,,,,False,16,2013,AE
1681555,Azalfarida Goususab Ronad,IND,19503,330,0.248086725104873,12,16,71,KA,Azalfarida Goususab Ronad,IND,,,,,False,16,2013,AE
1681556,Shrishailagouda Giriyappagouda Kamatar,JD(U),19507,243,0.18268204303177,13,16,71,KA,Shrishailagouda Giriyappagouda Kamatar,JD(U),,,,,False,16,2013,AE
1681662,Abbayya Prasad,INC,19497,42353,38.8224833629713,1,16,72,KA,Abbayya Prasad,INC,,,,,False,16,2013,AE
1681663,Veerabhadrappa Halaharavi,BJP,19498,28831,26.4276678827433,2,16,72,KA,Veerabhadrappa Halaharavi,BJP,,,,,True,16,2013,AE
1681664,Bijawad Shankarappa Kashappa,KJP,19508,26312,24.1186499715841,3,16,72,KA,Bijawad Shankarappa Kashappa,KJP,,,,,False,16,2013,AE
1681665,Alkod Hanumanthappa Y,JD(S),19500,8431,7.72819770106513,4,16,72,KA,Alkod Hanumanthappa Y,JD(S),,,,,False,16,2013,AE
1681666,Venkappa F Siddanath,IND,19503,850,0.779144590903257,5,16,72,KA,Venkappa F Siddanath,IND,,,,,False,16,2013,AE
1681667,Gurunath Shanker Gabbur,IND,19503,669,0.613232625075622,6,16,72,KA,Gurunath Shanker Gabbur,IND,,,,,False,16,2013,AE
1681668,Ningappa Pirappa Maraganoor,BSP,19499,628,0.57565035657323,7,16,72,KA,Ningappa Pirappa Maraganoor,BSP,,,,,False,16,2013,AE
1681669,Ballary Babu Sunkappa,BSRCP,19509,606,0.555484261279263,8,16,72,KA,Ballary Babu Sunkappa,BSRCP,,,,,False,16,2013,AE
1681670,Chennu Malligewad,RPI(A),19525,414,0.379489247804645,9,16,72,KA,Chennu Malligewad,RPI(A),,,,,False,16,2013,AE
1681776,Jagadish Shettar,BJP,19498,58201,49.6125683013528,1,16,73,KA,Jagadish Shettar,BJP,,,,,True,16,2013,AE
1681777,Dr. Mahesh Nalwad,INC,19497,40447,34.4784376571676,2,16,73,KA,Dr. Mahesh Nalwad,INC,,,,,False,16,2013,AE
1681778,Shams Tabrez Samsi,JD(S),19500,7898,6.73253147616165,3,16,73,KA,Shams Tabrez Samsi,JD(S),,,,,False,16,2013,AE
1681779,S. S. Patil,KJP,19508,5481,4.67219612824031,4,16,73,KA,S. S. Patil,KJP,,,,,False,16,2013,AE
1681780,Sirajahmed Mulla,IND,19503,967,0.824304626164639,5,16,73,KA,Sirajahmed Mulla,IND,,,,,False,16,2013,AE
1681781,Premanath Chikkatumbal,BSP,19499,632,0.538738907689815,6,16,73,KA,Premanath Chikkatumbal,BSP,,,,,True,16,2013,AE
1681782,Sayad Salauddin Sayad Gouse Mulla,IND,19503,588,0.501231768546854,7,16,73,KA,Sayad Salauddin Sayad Gouse Mulla,IND,,,,,False,16,2013,AE
1681783,Vishnusa Rajanasa Pawar,IND,19503,523,0.445823494812933,8,16,73,KA,Vishnusa Rajanasa Pawar,IND,,,,,False,16,2013,AE
1681784,Renuka Shinde,NCP,19502,522,0.444971059832411,9,16,73,KA,Renuka Shinde,NCP,,,,,False,16,2013,AE
1681785,Shiddalingappa Rawappa Kampli,IND,19503,375,0.319663117695697,10,16,73,KA,Shiddalingappa Rawappa Kampli,IND,,,,,False,16,2013,AE
1681786,Manoj Baburao Hangal,IND,19503,346,0.294942503260563,11,16,73,KA,Manoj Baburao Hangal,IND,,,,,False,16,2013,AE
1681787,Ravi Kalal,JD(U),19507,213,0.181568650851156,12,16,73,KA,Ravi Kalal,JD(U),,,,,False,16,2013,AE
1681788,Vishal Mohan Sutagatti,IND,19503,200,0.170486996104372,13,16,73,KA,Vishal Mohan Sutagatti,IND,,,,,False,16,2013,AE
1681790,Gudipati Jashuva,IND,19503,194,0.16537238622124,14,16,73,KA,Gudipati Jashuva,IND,,,,,False,16,2013,AE
1681789,Vinod Pawar,IND,19503,194,0.16537238622124,14,16,73,KA,Vinod Pawar,IND,,,,,False,16,2013,AE
1681791,Jafar Nannesab Dharawad,IND,19503,168,0.143209076727672,16,16,73,KA,Jafar Nannesab Dharawad,IND,,,,,False,16,2013,AE
1681792,Ajijnaj D Momin,IUML,19548,132,0.112521417428885,17,16,73,KA,Ajijnaj D Momin,IUML,,,,,False,16,2013,AE
1681793,Ravi Basappa Mugad,IND,19503,117,0.0997348927210577,18,16,73,KA,Ravi Basappa Mugad,IND,,,,,False,16,2013,AE
1681794,Babajan Makatumhussain Ghantiwale,IND,19503,113,0.0963251527989702,19,16,73,KA,Babajan Makatumhussain Ghantiwale,IND,,,,,False,16,2013,AE
1681922,Aravind Chandrakant Bellad,BJP,19498,42003,33.0966826885194,1,16,74,KA,Aravind Chandrakant Bellad,BJP,,,,,False,16,2013,AE
1681923,S. R. Morey,INC,19497,30821,24.2857142857142,2,16,74,KA,S. R. Morey,INC,,,,,False,16,2013,AE
1681924,Tamatgar Mohmad Ismail,JD(S),19500,30312,23.8846426601528,3,16,74,KA,Tamatgar Mohmad Ismail,JD(S),,,,,True,16,2013,AE
1681925,Mohan Limbikai,KJP,19508,12216,9.62571901347411,4,16,74,KA,Mohan Limbikai,KJP,,,,,False,16,2013,AE
1681926,Gururaj Hunashimarad,IND,19503,2471,1.94704908990623,5,16,74,KA,Gururaj Hunashimarad,IND,,,,,False,16,2013,AE
1681927,Dambal Hanumant,BSRCP,19509,1807,1.42384366874162,6,16,74,KA,Dambal Hanumant,BSRCP,,,,,False,16,2013,AE
1681928,Suresh Veerabhadrappa Katagi,IND,19503,1091,0.859664329052084,7,16,74,KA,Suresh Veerabhadrappa Katagi,IND,,,,,False,16,2013,AE
1681929,Laxman Basappa Doddamani,IND,19503,1066,0.839965329761248,8,16,74,KA,Laxman Basappa Doddamani,IND,,,,,False,16,2013,AE
1681930,Nagaraj Tigadi,LSP,19526,843,0.66425025608699,9,16,74,KA,Nagaraj Tigadi,LSP,,,,,False,16,2013,AE
1681931,Ishwar Mallappa Sanikop,IND,19503,821,0.646915136711055,10,16,74,KA,Ishwar Mallappa Sanikop,IND,,,,,False,16,2013,AE
1681932,Ratnakar Narayan Raikar,IND,19503,799,0.629580017335119,11,16,74,KA,Ratnakar Narayan Raikar,IND,,,,,False,16,2013,AE
1681933,Vadiraj Madhusudhan Mannari(Pandurangi),NCP,19502,745,0.587030178866913,12,16,74,KA,Vadiraj Madhusudhan Mannari(Pandurangi),NCP,,,,,False,16,2013,AE
1681934,Bakkayi Laxman Chandrappa,BSP,19499,645,0.508234181703569,13,16,74,KA,Bakkayi Laxman Chandrappa,BSP,,,,,False,16,2013,AE
1681935,H.G. Desai,SUCI,19546,339,0.267118430383736,14,16,74,KA,H.G. Desai,SUCI,,,,,False,16,2013,AE
1681936,Kumar Desai Rayanagouda Dyamanagouda,IND,19503,322,0.253723110865968,15,16,74,KA,Kumar Desai Rayanagouda Dyamanagouda,IND,,,,,False,16,2013,AE
1681937,Raju Kamble,BhJD,19627,241,0.189898353163659,16,16,74,KA,Raju Kamble,BhJD,,,,,False,16,2013,AE
1681938,Anita Horadi,IND,19503,221,0.17413915373099,17,16,74,KA,Anita Horadi,IND,,,,,False,16,2013,AE
1681939,Anwarsab Bashasab Raibag,IND,19503,147,0.115830115830115,18,16,74,KA,Anwarsab Bashasab Raibag,IND,,,,,False,16,2013,AE
1682055,Santosh.S. Lad,INC,19497,76802,58.3655044532936,1,16,75,KA,Santosh.S. Lad,INC,,,,,True,16,2013,AE
1682056,Channappa Mallappa Nimbannavar,KJP,19508,31141,23.6655318114113,2,16,75,KA,Channappa Mallappa Nimbannavar,KJP,,,,,False,16,2013,AE
1682057,P C Siddanagoudar,JD(S),19500,12300,9.34735690184515,3,16,75,KA,P C Siddanagoudar,JD(S),,,,,False,16,2013,AE
1682058,Irappa Channappa Salagar(Veeresh),BJP,19498,6863,5.21552117214335,4,16,75,KA,Irappa Channappa Salagar(Veeresh),BJP,,,,,False,16,2013,AE
1682059,Husainasab Mahaboobasab Torgal,IND,19503,1908,1.44998024135939,5,16,75,KA,Husainasab Mahaboobasab Torgal,IND,,,,,False,16,2013,AE
1682060,Akki Shivappa Yallappa,IND,19503,1152,0.875459768367936,6,16,75,KA,Akki Shivappa Yallappa,IND,,,,,False,16,2013,AE
1682061,Basava Prasad Jadhav,IND,19503,818,0.621637231358482,7,16,75,KA,Basava Prasad Jadhav,IND,,,,,False,16,2013,AE
1682062,Shobha Vasudev Ballari (Hukkeri),BSP,19499,604,0.459008420220688,8,16,75,KA,Shobha Vasudev Ballari (Hukkeri),BSP,,,,,False,16,2013,AE
1682162,Deshpande Raghunath V.,INC,19497,55005,45.7802746566791,1,16,76,KA,Deshpande Raghunath V.,INC,,,,,True,16,2013,AE
1682163,Sunil V. Hegde,JD(S),19500,49066,40.8372867249271,2,16,76,KA,Sunil V. Hegde,JD(S),,,,,True,16,2013,AE
1682164,Dhuli Raju,BJP,19498,7844,6.52850603412401,3,16,76,KA,Dhuli Raju,BJP,,,,,False,16,2013,AE
1682165,Ravi Redkar,KJP,19508,2356,1.96088223054515,4,16,76,KA,Ravi Redkar,KJP,,,,,False,16,2013,AE
1682166,Shivanand. B. Gaggari,IND,19503,1547,1.28755722014148,5,16,76,KA,Shivanand. B. Gaggari,IND,,,,,False,16,2013,AE
1682167,V. B. Ramachandra,IND,19503,954,0.794007490636704,6,16,76,KA,V. B. Ramachandra,IND,,,,,False,16,2013,AE
1682168,Chougula. Sanjeevkumar,BSRCP,19509,709,0.590095713691219,7,16,76,KA,Chougula. Sanjeevkumar,BSRCP,,,,,False,16,2013,AE
1682169,M. R. Megharaj,BSP,19499,615,0.511860174781523,8,16,76,KA,M. R. Megharaj,BSP,,,,,False,16,2013,AE
1682170,Jahangir Khan Babakhan,IND,19503,580,0.482729920932168,9,16,76,KA,Jahangir Khan Babakhan,IND,,,,,False,16,2013,AE
1682171,Premanand V. Gavas,IND,19503,469,0.390345401581356,10,16,76,KA,Premanand V. Gavas,IND,,,,,False,16,2013,AE
1682172,Chandrakant Subas Kadrolli,IND,19503,334,0.277985851019558,11,16,76,KA,Chandrakant Subas Kadrolli,IND,,,,,False,16,2013,AE
1682173,Eliya Kati,IND,19503,261,0.217228464419475,12,16,76,KA,Eliya Kati,IND,,,,,False,16,2013,AE
1682174,Indira Nimbal,IND,19503,253,0.21057012068248,13,16,76,KA,Indira Nimbal,IND,,,,,False,16,2013,AE
1682175,Uday Babu Khalwadekar,IND,19503,157,0.130669995838535,14,16,76,KA,Uday Babu Khalwadekar,IND,,,,,False,16,2013,AE
1682254,Santeesh Sail Krishna,IND,19503,80727,55.5057446764622,1,16,77,KA,Santeesh Sail Krishna,IND,,,,,False,16,2013,AE
1682255,Asnotikar Anand Vasant,BJP,19498,44847,30.8356080556109,2,16,77,KA,Asnotikar Anand Vasant,BJP,,,,,False,16,2013,AE
1682256,Ramanand Bommayya Nayak,INC,19497,12756,8.77068736721237,3,16,77,KA,Ramanand Bommayya Nayak,INC,,,,,False,16,2013,AE
1682257,Dr Sanju Nayak,JD(S),19500,1568,1.07811522356451,4,16,77,KA,Dr Sanju Nayak,JD(S),,,,,False,16,2013,AE
1682258,Anthon V Fernandes,KJP,19508,1108,0.76183142073309,5,16,77,KA,Anthon V Fernandes,KJP,,,,,False,16,2013,AE
1682259,Sail Shrikant Ganapati,IND,19503,1009,0.693761645775892,6,16,77,KA,Sail Shrikant Ganapati,IND,,,,,False,16,2013,AE
1682260,Sanjay Baburao Naik,IND,19503,880,0.605064666286209,7,16,77,KA,Sanjay Baburao Naik,IND,,,,,False,16,2013,AE
1682261,Laxmeshwar Nagesh Vinayak,BSP,19499,680,0.467549969402979,8,16,77,KA,Laxmeshwar Nagesh Vinayak,BSP,,,,,False,16,2013,AE
1682262,Manjula Ramu Naik,BSRCP,19509,540,0.371289681584719,9,16,77,KA,Manjula Ramu Naik,BSRCP,,,,,False,16,2013,AE
1682263,Subhash Ganapati Naik,IND,19503,409,0.281217555126204,10,16,77,KA,Subhash Ganapati Naik,IND,,,,,False,16,2013,AE
1682264,Deepak Bhaskar Kudalkar,IND,19503,361,0.248214027874229,11,16,77,KA,Deepak Bhaskar Kudalkar,IND,,,,,False,16,2013,AE
1682265,Satish Ganapati Ulvekar,IND,19503,341,0.234462558185906,12,16,77,KA,Satish Ganapati Ulvekar,IND,,,,,False,16,2013,AE
1682266,Uday Babu Khalwadekar,IND,19503,213,0.146453152180639,13,16,77,KA,Uday Babu Khalwadekar,IND,,,,,False,16,2013,AE
1682343,Sharda Mohan Shetty,INC,19497,36756,29.5806272483642,1,16,78,KA,Sharda Mohan Shetty,INC,,,,,False,16,2013,AE
1682344,Dinakar Keshav Shetty,JD(S),19500,36336,29.2426181221178,2,16,78,KA,Dinakar Keshav Shetty,JD(S),,,,,True,16,2013,AE
1682345,Suraj Naik Soni,BJP,19498,28411,22.8647078233017,3,16,78,KA,Suraj Naik Soni,BJP,,,,,False,16,2013,AE
1682346,Gouda Gayatri Manjunath,KJP,19508,14286,11.4971389941814,4,16,78,KA,Gouda Gayatri Manjunath,KJP,,,,,False,16,2013,AE
1682347,Mohan Baglu Patgar,IND,19503,3070,2.47068575613446,5,16,78,KA,Mohan Baglu Patgar,IND,,,,,False,16,2013,AE
1682348,Nagaraj Shridhar Shet,HND,19629,1534,1.23453809443331,6,16,78,KA,Nagaraj Shridhar Shet,HND,,,,,False,16,2013,AE
1682349,Vasant Jogalekar,BSP,19499,978,0.78707839397378,7,16,78,KA,Vasant Jogalekar,BSP,,,,,False,16,2013,AE
1682350,Mahabaleshwar Ramakrishna Bhat Madguni,IND,19503,881,0.709014381483538,8,16,78,KA,Mahabaleshwar Ramakrishna Bhat Madguni,IND,,,,,False,16,2013,AE
1682351,Ashok. R. Madival (Jadugar) Honavar,IND,19503,789,0.634974287162896,9,16,78,KA,Ashok. R. Madival (Jadugar) Honavar,IND,,,,,False,16,2013,AE
1682352,Dattaraya Hanumanth Patgar,BSRCP,19509,644,0.518280660244493,10,16,78,KA,Dattaraya Hanumanth Patgar,BSRCP,,,,,False,16,2013,AE
1682353,Sadanand Annappa Deshbhandari,JD(U),19507,572,0.460336238602251,11,16,78,KA,Sadanand Annappa Deshbhandari,JD(U),,,,,False,16,2013,AE
1682434,Mankala Subba Vaidya,IND,19503,37319,27.7429618561222,1,16,79,KA,Mankala Subba Vaidya,IND,,,,,False,16,2013,AE
1682435,Enayathullah Shabandri,JD(S),19500,27435,20.3951916858092,2,16,79,KA,Enayathullah Shabandri,JD(S),,,,,False,16,2013,AE
1682436,Naik Shivananda Narayana,KJP,19508,26657,19.8168261260658,3,16,79,KA,Naik Shivananda Narayana,KJP,,,,,False,16,2013,AE
1682437,J D Naik,INC,19497,21766,16.1808544644914,4,16,79,KA,J D Naik,INC,,,,,True,16,2013,AE
1682438,Govinda Jattappa Naik,BJP,19498,14791,10.9956362392857,5,16,79,KA,Govinda Jattappa Naik,BJP,,,,,False,16,2013,AE
1682439,Bhushan Naik,IND,19503,2571,1.91128258881777,6,16,79,KA,Bhushan Naik,IND,,,,,True,16,2013,AE
1682440,Mulla Nadeem Ahmed,IND,19503,1285,0.955269594177687,7,16,79,KA,Mulla Nadeem Ahmed,IND,,,,,False,16,2013,AE
1682441,Kumar Nagappa Heble,IND,19503,1047,0.778340284127656,8,16,79,KA,Kumar Nagappa Heble,IND,,,,,False,16,2013,AE
1682442,Hosad Santosh Hanumant Prabhu,BSP,19499,902,0.670547217080369,9,16,79,KA,Hosad Santosh Hanumant Prabhu,BSP,,,,,False,16,2013,AE
1682443,M.M.Naik,BSRCP,19509,744,0.553089944021945,10,16,79,KA,M.M.Naik,BSRCP,,,,,False,16,2013,AE
1682518,Kageri Vishweshwar Hegde,BJP,19498,42854,32.6653505194716,1,16,80,KA,Kageri Vishweshwar Hegde,BJP,,,,,True,16,2013,AE
1682519,Ayyappanagar Deepak Honnavar,INC,19497,39795,30.3336356914727,2,16,80,KA,Ayyappanagar Deepak Honnavar,INC,,,,,False,16,2013,AE
1682520,Shashibhushan Hegde,JD(S),19500,39761,30.3077192795237,3,16,80,KA,Shashibhushan Hegde,JD(S),,,,,False,16,2013,AE
1682521,Huvinamane Ravi Hegde,KJP,19508,3304,2.51846544351365,4,16,80,KA,Huvinamane Ravi Hegde,KJP,,,,,False,16,2013,AE
1682522,Annappa Akash S. Madival,IND,19503,2246,1.71200768345389,5,16,80,KA,Annappa Akash S. Madival,IND,,,,,False,16,2013,AE
1682523,Sudhakar Kira Joglekar,BSP,19499,1374,1.04732794170331,6,16,80,KA,Sudhakar Kira Joglekar,BSP,,,,,False,16,2013,AE
1682524,Nagaraj Venkatraman Hegde,BSRCP,19509,1061,0.808744502290553,7,16,80,KA,Nagaraj Venkatraman Hegde,BSRCP,,,,,False,16,2013,AE
1682525,Kanade Santosh Gopal,JD(U),19507,796,0.606748938570481,8,16,80,KA,Kanade Santosh Gopal,JD(U),,,,,False,16,2013,AE
1682606,Arbail Hebbar Shivram,INC,19497,58025,48.055820116775,1,16,81,KA,Arbail Hebbar Shivram,INC,,,,,True,16,2013,AE
1682607,V S Patil,BJP,19498,33533,27.7717503830386,2,16,81,KA,V S Patil,BJP,,,,,True,16,2013,AE
1682608,Anil Kumar D.,JD(S),19500,22361,18.5191933413391,3,16,81,KA,Anil Kumar D.,JD(S),,,,,False,16,2013,AE
1682609,Mahesh M Hoskoppa,KJP,19508,1669,1.3822518530788,4,16,81,KA,Mahesh M Hoskoppa,KJP,,,,,False,16,2013,AE
1682610,Maruti Nagappa Karande,IND,19503,1637,1.35574972048532,5,16,81,KA,Maruti Nagappa Karande,IND,,,,,False,16,2013,AE
1682611,Bidari Sangamesh Mahadev,IND,19503,710,0.588016066917884,6,16,81,KA,Bidari Sangamesh Mahadev,IND,,,,,False,16,2013,AE
1682612,Shakuntala Prabhakar Harikantra,BSP,19499,582,0.482007536543956,7,16,81,KA,Shakuntala Prabhakar Harikantra,BSP,,,,,False,16,2013,AE
1682613,Bhandarkar Ganesh Nagesh,IND,19503,545,0.451364445732742,8,16,81,KA,Bhandarkar Ganesh Nagesh,IND,,,,,False,16,2013,AE
1682614,Umakanth S Kshatriya,IND,19503,489,0.404985713694148,9,16,81,KA,Umakanth S Kshatriya,IND,,,,,False,16,2013,AE
1682615,Bhagwat Venkatraman Ganapati,IND,19503,437,0.36191974822974,10,16,81,KA,Bhagwat Venkatraman Ganapati,IND,,,,,False,16,2013,AE
1682616,Patanakar Ganesh,IND,19503,343,0.284069733736386,11,16,81,KA,Patanakar Ganesh,IND,,,,,False,16,2013,AE
1682617,Laxman Banasode,JD(U),19507,227,0.187999503085013,12,16,81,KA,Laxman Banasode,JD(U),,,,,False,16,2013,AE
1682618,Vishwanath R Bhagwat,BSRCP,19509,187,0.154871837343161,13,16,81,KA,Vishwanath R Bhagwat,BSRCP,,,,,False,16,2013,AE
1682711,Manohar Tasildar,INC,19497,66324,45.9323383773676,1,16,82,KA,Manohar Tasildar,INC,,,,,True,16,2013,AE
1682712,Udasi Chanabasappa Mahalingappa,KJP,19508,60638,41.9945288964299,2,16,82,KA,Udasi Chanabasappa Mahalingappa,KJP,,,,,False,16,2013,AE
1682713,Basavaraj Hadimani,BJP,19498,7052,4.88382561723051,3,16,82,KA,Basavaraj Hadimani,BJP,,,,,False,16,2013,AE
1682714,Mohankumar B.K.,JD(S),19500,4723,3.27088888119394,4,16,82,KA,Mohankumar B.K.,JD(S),,,,,False,16,2013,AE
1682715,Shiddappa Kallappa Pujar,IND,19503,2834,1.9626718376675,5,16,82,KA,Shiddappa Kallappa Pujar,IND,,,,,False,16,2013,AE
1682716,Ramu H. Yallura,IND,19503,2015,1.39547768274524,6,16,82,KA,Ramu H. Yallura,IND,,,,,False,16,2013,AE
1682717,Lamani Krishna Vachappa,BSP,19499,809,0.560268707365213,7,16,82,KA,Lamani Krishna Vachappa,BSP,,,,,False,16,2013,AE
1682827,Basavaraj Bommai,BJP,19498,73007,48.6382593169977,1,16,83,KA,Basavaraj Bommai,BJP,,,,,True,16,2013,AE
1682828,Khadri Sayyad Azeemper Khadar Basha,INC,19497,63504,42.3072310828636,2,16,83,KA,Khadri Sayyad Azeemper Khadar Basha,INC,,,,,True,16,2013,AE
1682829,Bapugoudra Kashinathgoudra Patil,KJP,19508,7810,5.20312853925996,3,16,83,KA,Bapugoudra Kashinathgoudra Patil,KJP,,,,,False,16,2013,AE
1682830,Sumangala Kadappa Mysore,JD(S),19500,1531,1.01997308496888,4,16,83,KA,Sumangala Kadappa Mysore,JD(S),,,,,False,16,2013,AE
1682831,Nandan Baburao Tambe,NCP,19502,1305,0.86940880201463,5,16,83,KA,Nandan Baburao Tambe,NCP,,,,,False,16,2013,AE
1682832,Madan Gangappa Hittanagi,IND,19503,802,0.534303340395197,6,16,83,KA,Madan Gangappa Hittanagi,IND,,,,,False,16,2013,AE
1682833,Onkar Krishnaji Raghavendra,BSP,19499,660,0.439701003317743,7,16,83,KA,Onkar Krishnaji Raghavendra,BSP,,,,,False,16,2013,AE
1682834,Kunnur Suresh Basavanneppa,IND,19503,468,0.311787984170763,8,16,83,KA,Kunnur Suresh Basavanneppa,IND,,,,,False,16,2013,AE
1682835,Nagangouda Danappagouda Marigouddra,RCMP,19551,448,0.298463711342953,9,16,83,KA,Nagangouda Danappagouda Marigouddra,RCMP,,,,,False,16,2013,AE
1682836,Agadi Puttappa Arjappa,IND,19503,314,0.209191083396623,10,16,83,KA,Agadi Puttappa Arjappa,IND,,,,,False,16,2013,AE
1682837,Ashok Basappa Mysore,JD(U),19507,253,0.168552051271801,11,16,83,KA,Ashok Basappa Mysore,JD(U),,,,,False,16,2013,AE
1682952,Lamani Rudrappa Manappa,INC,19497,83119,55.2399497570928,1,16,84,KA,Lamani Rudrappa Manappa,INC,,,,,False,16,2013,AE
1682953,Neharu Olekar,KJP,19508,52911,35.164053725352,2,16,84,KA,Neharu Olekar,KJP,,,,,False,16,2013,AE
1682954,Dr Malleshappa Harijan,BJP,19498,5153,3.42462567040387,3,16,84,KA,Dr Malleshappa Harijan,BJP,,,,,False,16,2013,AE
1682955,Motilala.Doddamani,IND,19503,2088,1.38766124583801,4,16,84,KA,Motilala.Doddamani,IND,,,,,False,16,2013,AE
1682956,Kariyallappa Fakkirappa Bhajantri,BSRCP,19509,2070,1.37569864889113,5,16,84,KA,Kariyallappa Fakkirappa Bhajantri,BSRCP,,,,,False,16,2013,AE
1682957,Megalamani Parameshwara Tippanna,JD(S),19500,1461,0.970964118855046,6,16,84,KA,Megalamani Parameshwara Tippanna,JD(S),,,,,False,16,2013,AE
1682958,Sanjayagandhi Puttappa Sanjeevannanavar,IND,19503,1207,0.802158584160192,7,16,84,KA,Sanjayagandhi Puttappa Sanjeevannanavar,IND,,,,,False,16,2013,AE
1682959,Shankara Allipura,JD(U),19507,989,0.657278243359097,8,16,84,KA,Shankara Allipura,JD(U),,,,,False,16,2013,AE
1682960,Dr Sanjaya Dange,IND,19503,839,0.557589935468435,9,16,84,KA,Dr Sanjaya Dange,IND,,,,,False,16,2013,AE
1682961,Kunnura Shankarappa Basavanneppa,BSP,19499,632,0.420020070579321,10,16,84,KA,Kunnura Shankarappa Basavanneppa,BSP,,,,,False,16,2013,AE
1683056,Shivannanavar Basavaraj Neelappa,INC,19497,57707,38.5147265919602,1,16,85,KA,Shivannanavar Basavaraj Neelappa,INC,,,,,True,16,2013,AE
1683057,Shivaraj Sajjanar,KJP,19508,44348,29.598681180797,2,16,85,KA,Shivaraj Sajjanar,KJP,,,,,False,16,2013,AE
1683058,Ballary Virupakshappa Rudrappa,BJP,19498,37877,25.2798152585246,3,16,85,KA,Ballary Virupakshappa Rudrappa,BJP,,,,,False,16,2013,AE
1683059,Shivanna Hugar,IND,19503,1675,1.11792619684844,4,16,85,KA,Shivanna Hugar,IND,,,,,False,16,2013,AE
1683060,Dadapeer Mardansab Bhoosi,BSRCP,19509,1563,1.04317531085022,5,16,85,KA,Dadapeer Mardansab Bhoosi,BSRCP,,,,,False,16,2013,AE
1683061,Halappa Timmenahalli,IND,19503,1438,0.959747982727205,6,16,85,KA,Halappa Timmenahalli,IND,,,,,False,16,2013,AE
1683062,Chandrappa Bharamappa Karagi,JD(S),19500,1163,0.776207860856565,7,16,85,KA,Chandrappa Bharamappa Karagi,JD(S),,,,,False,16,2013,AE
1683063,Basavantappa Guddappa Gonemmanavar,BSP,19499,1023,0.682769253358784,8,16,85,KA,Basavantappa Guddappa Gonemmanavar,BSP,,,,,False,16,2013,AE
1683064,Basavantappa Honnappa Hullatti,SJPA,19505,814,0.543278760737097,9,16,85,KA,Basavantappa Honnappa Hullatti,SJPA,,,,,False,16,2013,AE
1683065,Salimath Rudrayya Andanayya,IND,19503,707,0.471864967863793,10,16,85,KA,Salimath Rudrayya Andanayya,IND,,,,,False,16,2013,AE
1683066,B. M. Jayadevamathad,IND,19503,620,0.413799547490172,11,16,85,KA,B. M. Jayadevamathad,IND,,,,,False,16,2013,AE
1683067,Shivakumar Mahadevappa Talawar,IND,19503,560,0.373754429991123,12,16,85,KA,Shivakumar Mahadevappa Talawar,IND,,,,,False,16,2013,AE
1683068,Devappa Ramappa Hulikellappanavar,IND,19503,336,0.224252657994673,13,16,85,KA,Devappa Ramappa Hulikellappanavar,IND,,,,,False,16,2013,AE
1683153,U.B. Banakar,KJP,19508,52623,39.5670579035617,1,16,86,KA,U.B. Banakar,KJP,,,,,False,16,2013,AE
1683154,B.C. Patil,INC,19497,50017,37.6076152093656,2,16,86,KA,B.C. Patil,INC,,,,,True,16,2013,AE
1683155,B .H . Bannikod,IND,19503,10579,7.95431475897952,3,16,86,KA,B .H . Bannikod,IND,,,,,False,16,2013,AE
1683156,H .M.Ashok,BSRCP,19509,3399,2.55569674503936,4,16,86,KA,H .M.Ashok,BSRCP,,,,,False,16,2013,AE
1683157,Palakshagouda.H.Patil,BJP,19498,3177,2.38877568666962,5,16,86,KA,Palakshagouda.H.Patil,BJP,,,,,False,16,2013,AE
1683158,Sampatkumar. B .Muttalli,LSP,19526,2921,2.19629014188289,6,16,86,KA,Sampatkumar. B .Muttalli,LSP,,,,,False,16,2013,AE
1683159,Neelappa. M. Iter,IND,19503,2205,1.65793213380752,7,16,86,KA,Neelappa. M. Iter,IND,,,,,False,16,2013,AE
1683160,Dharmaraj M Sali,JD(S),19500,1885,1.41732520282412,8,16,86,KA,Dharmaraj M Sali,JD(S),,,,,False,16,2013,AE
1683161,S.S. Kusagur,IND,19503,1701,1.27897621750866,9,16,86,KA,S.S. Kusagur,IND,,,,,False,16,2013,AE
1683162,P .D. Basangoudra,IND,19503,1449,1.08949825935923,10,16,86,KA,P .D. Basangoudra,IND,,,,,False,16,2013,AE
1683163,Bevinahalli. Sivappa. Veerappa,IND,19503,704,0.529335248163492,11,16,86,KA,Bevinahalli. Sivappa. Veerappa,IND,,,,,False,16,2013,AE
1683164,Suleman. Jamalsab .Baligar,BSP,19499,684,0.514297314977029,12,16,86,KA,Suleman. Jamalsab .Baligar,BSP,,,,,False,16,2013,AE
1683165,Rajesh. B. Jolad,IND,19503,632,0.475198688692226,13,16,86,KA,Rajesh. B. Jolad,IND,,,,,False,16,2013,AE
1683166,Dadapeersab Honnursab Kulambi,IND,19503,350,0.263163830763099,14,16,86,KA,Dadapeersab Honnursab Kulambi,IND,,,,,False,16,2013,AE
1683167,Chandrashekhar. V. Barangi,IND,19503,337,0.253389174191899,15,16,86,KA,Chandrashekhar. V. Barangi,IND,,,,,False,16,2013,AE
1683168,Manakur Maruti Rangappa,IND,19503,334,0.251133484213929,16,16,86,KA,Manakur Maruti Rangappa,IND,,,,,False,16,2013,AE
1683264,K.B.Koliwad,INC,19497,53780,33.7884109143226,1,16,87,KA,K.B.Koliwad,INC,,,,,True,16,2013,AE
1683265,R.Shankar,IND,19503,46992,29.5237078037532,2,16,87,KA,R.Shankar,IND,,,,,False,16,2013,AE
1683266,G.Shivanna,KJP,19508,26570,16.6931587577827,3,16,87,KA,G.Shivanna,KJP,,,,,False,16,2013,AE
1683267,Manjunath Gowda Shivannanavar,JD(S),19500,14146,8.887520654407,4,16,87,KA,Manjunath Gowda Shivannanavar,JD(S),,,,,False,16,2013,AE
1683268,Arunkumar Pujar,BJP,19498,9476,5.95349538534997,5,16,87,KA,Arunkumar Pujar,BJP,,,,,False,16,2013,AE
1683269,Hanumantappa.D.Kabbar,IND,19503,2975,1.86910603328579,6,16,87,KA,Hanumantappa.D.Kabbar,IND,,,,,False,16,2013,AE
1683270,Basappa Puttappa Banakar,IND,19503,1053,0.661569295142837,7,16,87,KA,Basappa Puttappa Banakar,IND,,,,,False,16,2013,AE
1683271,Gurulingappagowdra Umesh Mahadevappa,BSP,19499,944,0.593087763166988,8,16,87,KA,Gurulingappagowdra Umesh Mahadevappa,BSP,,,,,False,16,2013,AE
1683272,Kotreshappa Kori,BSRCP,19509,856,0.537799920837862,9,16,87,KA,Kotreshappa Kori,BSRCP,,,,,False,16,2013,AE
1683273,A. Prakash Jain,IND,19503,845,0.530888940546721,10,16,87,KA,A. Prakash Jain,IND,,,,,False,16,2013,AE
1683274,Gangadhar Hadimani,IND,19503,401,0.251936645158858,11,16,87,KA,Gangadhar Hadimani,IND,,,,,False,16,2013,AE
1683275,B.A.Sunil Devaragudda,JD(U),19507,400,0.2513083742233,12,16,87,KA,B.A.Sunil Devaragudda,JD(U),,,,,False,16,2013,AE
1683276,B.M.Jayadeva,IND,19503,377,0.23685814270546,13,16,87,KA,B.M.Jayadeva,IND,,,,,False,16,2013,AE
1683277,Rudresh Ramanna Hadagali,SP,19506,352,0.221151369316504,14,16,87,KA,Rudresh Ramanna Hadagali,SP,,,,,False,16,2013,AE
1683373,P.T.Parameswara Naik,INC,19497,59336,51.1081060129716,1,16,88,KA,P.T.Parameswara Naik,INC,,,,,True,16,2013,AE
1683374,B.Chandra Naik,BJP,19498,18526,15.9570711203369,2,16,88,KA,B.Chandra Naik,BJP,,,,,True,16,2013,AE
1683375,Madhunaik L,KJP,19508,18178,15.6573269364938,3,16,88,KA,Madhunaik L,KJP,,,,,False,16,2013,AE
1683376,Hemanhtkumar Bharati,BSRCP,19509,10300,8.87173877466644,4,16,88,KA,Hemanhtkumar Bharati,BSRCP,,,,,False,16,2013,AE
1683377,Dr.L.P.Naik Katari,JD(S),19500,3861,3.32561003970749,5,16,88,KA,Dr.L.P.Naik Katari,JD(S),,,,,False,16,2013,AE
1683378,Harish Kumara V.,IND,19503,2098,1.80707844167477,6,16,88,KA,Harish Kumara V.,IND,,,,,True,16,2013,AE
1683379,K.Uchhengappa,BSP,19499,1113,0.958664587980947,7,16,88,KA,K.Uchhengappa,BSP,,,,,False,16,2013,AE
1683380,B.J.Raghavendranaik,CPI(ML)(L),19613,927,0.79845648971998,8,16,88,KA,B.J.Raghavendranaik,CPI(ML)(L),,,,,False,16,2013,AE
1683381,A.K.Honnurappa,ANC,19584,885,0.76228046753202,9,16,88,KA,A.K.Honnurappa,ANC,,,,,False,16,2013,AE
1683382,Ramanajaneya .T,IND,19503,875,0.753667128915839,10,16,88,KA,Ramanajaneya .T,IND,,,,,False,16,2013,AE
1683452,L.B. P. Bheema Naik,JD(S),19500,51972,35.8858216066175,1,16,89,KA,L.B. P. Bheema Naik,JD(S),,,,,True,16,2013,AE
1683453,K. Nemaraj Naik,BJP,19498,51847,35.7995111375029,2,16,89,KA,K. Nemaraj Naik,BJP,,,,,True,16,2013,AE
1683454,Marenna L,INC,19497,23860,16.4749423446066,3,16,89,KA,Marenna L,INC,,,,,False,16,2013,AE
1683455,Dodda Ramanna,KJP,19508,5836,4.02966318202532,4,16,89,KA,Dodda Ramanna,KJP,,,,,False,16,2013,AE
1683456,Ekambresh Naik,BSRCP,19509,2555,1.76418598870368,5,16,89,KA,Ekambresh Naik,BSRCP,,,,,False,16,2013,AE
1683457,Mohan Dasari,IND,19503,1963,1.35541960697664,6,16,89,KA,Mohan Dasari,IND,,,,,False,16,2013,AE
1683458,Ravikumar V,IND,19503,1522,1.05091627194012,7,16,89,KA,Ravikumar V,IND,,,,,False,16,2013,AE
1683459,Manasvi,IND,19503,1071,0.739508099374421,8,16,89,KA,Manasvi,IND,,,,,False,16,2013,AE
1683460,Nagaraja V,BSP,19499,1017,0.702221976716887,9,16,89,KA,Nagaraja V,BSP,,,,,False,16,2013,AE
1683461,Arogya Swamy B,JD(U),19507,860,0.593816027508872,10,16,89,KA,Arogya Swamy B,JD(U),,,,,False,16,2013,AE
1683462,Bheemappa Poojara,IND,19503,727,0.501981688370872,11,16,89,KA,Bheemappa Poojara,IND,,,,,False,16,2013,AE
1683463,V Pavana Kumara,IND,19503,598,0.412909284244541,12,16,89,KA,V Pavana Kumara,IND,,,,,False,16,2013,AE
1683464,H Gopala,IND,19503,502,0.346622843964481,13,16,89,KA,H Gopala,IND,,,,,False,16,2013,AE
1683465,Kotreshappa M,ANC,19584,496,0.342479941446977,14,16,89,KA,Kotreshappa M,ANC,,,,,False,16,2013,AE
1683538,Anand Singh,BJP,19498,69995,56.1248626847241,1,16,90,KA,Anand Singh,BJP,,,,,True,16,2013,AE
1683539,H.Abdul Wahab,INC,19497,39358,31.5588591405867,2,16,90,KA,H.Abdul Wahab,INC,,,,,False,16,2013,AE
1683540,B L Rani Samyuktha,BSRCP,19509,6406,5.1365936189491,3,16,90,KA,B L Rani Samyuktha,BSRCP,,,,,False,16,2013,AE
1683541,Mohammed Abdul Lateef,IND,19503,1039,0.833112827050908,4,16,90,KA,Mohammed Abdul Lateef,IND,,,,,False,16,2013,AE
1683542,Bhaskar Reddy,CPM,19558,944,0.7569379294861,5,16,90,KA,Bhaskar Reddy,CPM,,,,,False,16,2013,AE
1683543,Ganesh,BSP,19499,937,0.751325042297114,6,16,90,KA,Ganesh,BSP,,,,,False,16,2013,AE
1683544,S.M Manohara,IND,19503,877,0.703214580677234,7,16,90,KA,S.M Manohara,IND,,,,,False,16,2013,AE
1683545,Basavaraj Nalathvad,IND,19503,801,0.642274662625387,8,16,90,KA,Basavaraj Nalathvad,IND,,,,,False,16,2013,AE
1683546,B.Veeresh,KJP,19508,618,0.495537754684756,9,16,90,KA,B.Veeresh,KJP,,,,,False,16,2013,AE
1683547,Y Pampapathi,IND,19503,612,0.490726708522768,10,16,90,KA,Y Pampapathi,IND,,,,,False,16,2013,AE
1683548,K Basavaraja,JD(S),19500,611,0.48992486749577,11,16,90,KA,K Basavaraja,JD(S),,,,,False,16,2013,AE
1683549,G. Devananda,IND,19503,355,0.284653564584285,12,16,90,KA,G. Devananda,IND,,,,,False,16,2013,AE
1683550,D Veeranagouda,IND,19503,322,0.258192810693351,13,16,90,KA,D Veeranagouda,IND,,,,,False,16,2013,AE
1683551,A Vijayakumar,IND,19503,307,0.246165195288382,14,16,90,KA,A Vijayakumar,IND,,,,,False,16,2013,AE
1683552,P. Nagaraja,IND,19503,284,0.227722851667428,15,16,90,KA,P. Nagaraja,IND,,,,,True,16,2013,AE
1683553,Dr. Emmanvel R.G,IND,19503,283,0.22692101064043,16,16,90,KA,Dr. Emmanvel R.G,IND,,,,,False,16,2013,AE
1683554,M Ghousiya Khan,IND,19503,265,0.212487872154466,17,16,90,KA,M Ghousiya Khan,IND,,,,,False,16,2013,AE
1683555,Devakumar,IND,19503,238,0.19083816442552,18,16,90,KA,Devakumar,IND,,,,,False,16,2013,AE
1683556,Manjunatha. V,PPOI,19560,235,0.188432641344527,19,16,90,KA,Manjunatha. V,PPOI,,,,,False,16,2013,AE
1683557,Ameen Basha Sab,IND,19503,226,0.181216072101545,20,16,90,KA,Ameen Basha Sab,IND,,,,,False,16,2013,AE
1683646,T.H. Suresh Babu,BSRCP,19509,70858,50.5129137349672,1,16,91,KA,T.H. Suresh Babu,BSRCP,,,,,False,16,2013,AE
1683647,J.N. Ganesh,IND,19503,36462,25.9928569900981,2,16,91,KA,J.N. Ganesh,IND,,,,,False,16,2013,AE
1683648,Gujjal Nagaraja,INC,19497,12197,8.69493929867333,3,16,91,KA,Gujjal Nagaraja,INC,,,,,False,16,2013,AE
1683649,Basavaraju H.D.,KJP,19508,5494,3.91653656693542,4,16,91,KA,Basavaraju H.D.,KJP,,,,,False,16,2013,AE
1683650,S. Veeresh,JD(S),19500,5199,3.70623837122265,5,16,91,KA,S. Veeresh,JD(S),,,,,False,16,2013,AE
1683651,Parvatamma H.L.,IND,19503,3223,2.29759689756695,6,16,91,KA,Parvatamma H.L.,IND,,,,,False,16,2013,AE
1683652,Shivashankar Badanahatti,CPM,19558,2342,1.66955381138746,7,16,91,KA,Shivashankar Badanahatti,CPM,,,,,False,16,2013,AE
1683653,B. Shivakumar,BJP,19498,1928,1.37442346214988,8,16,91,KA,B. Shivakumar,BJP,,,,,False,16,2013,AE
1683654,B. Kariyappa Nayaka,IND,19503,1788,1.27462092859128,9,16,91,KA,B. Kariyappa Nayaka,IND,,,,,False,16,2013,AE
1683655,V. Somashekar,BSP,19499,786,0.560319938407579,10,16,91,KA,V. Somashekar,BSP,,,,,False,16,2013,AE
1683724,Nagaraj B.M.,INC,19497,65490,51.6576350599872,1,16,92,KA,Nagaraj B.M.,INC,,,,,True,16,2013,AE
1683725,Somalingappa M.S,BJP,19498,43676,34.4510439590777,2,16,92,KA,Somalingappa M.S,BJP,,,,,True,16,2013,AE
1683726,H.M. Mallikarjun,BSRCP,19509,7272,5.73605622470952,3,16,92,KA,H.M. Mallikarjun,BSRCP,,,,,False,16,2013,AE
1683727,B. Eranna,JD(S),19500,3183,2.51070777822475,4,16,92,KA,B. Eranna,JD(S),,,,,False,16,2013,AE
1683728,K. Narasimha Nayaka,KJP,19508,2254,1.77792501794489,5,16,92,KA,K. Narasimha Nayaka,KJP,,,,,False,16,2013,AE
1683729,B.S. Mallikarjun Nayaka,IND,19503,1638,1.29203246645684,6,16,92,KA,B.S. Mallikarjun Nayaka,IND,,,,,False,16,2013,AE
1683730,Nari Mareppa,BSP,19499,1574,1.2415501234451,7,16,92,KA,Nari Mareppa,BSP,,,,,False,16,2013,AE
1683731,N. Kalingappa,LSP,19526,1045,0.824282006988649,8,16,92,KA,N. Kalingappa,LSP,,,,,False,16,2013,AE
1683732,Desai Jadeppa,KRRS,19522,645,0.508767363165242,9,16,92,KA,Desai Jadeppa,KRRS,,,,,False,16,2013,AE
1683825,B.Sreeramulu,BSRCP,19509,74854,57.4412572708995,1,16,93,KA,B.Sreeramulu,BSRCP,,,,,False,16,2013,AE
1683826,Asundi Vannurappa,INC,19497,41560,31.892198842795,2,16,93,KA,Asundi Vannurappa,INC,,,,,False,16,2013,AE
1683827,Meenalli Tayanna,JD(S),19500,3958,3.037279187194,3,16,93,KA,Meenalli Tayanna,JD(S),,,,,False,16,2013,AE
1683828,Hulugappa Ponnuru,BJP,19498,2478,1.90156084534278,4,16,93,KA,Hulugappa Ponnuru,BJP,,,,,False,16,2013,AE
1683829,Pandu Byalachinte,KJP,19508,2347,1.80103442454379,5,16,93,KA,Pandu Byalachinte,KJP,,,,,False,16,2013,AE
1683830,B. Sreenivasulu,IND,19503,1097,0.841812852034317,6,16,93,KA,B. Sreenivasulu,IND,,,,,False,16,2013,AE
1683831,Alivelu,IND,19503,815,0.625412465276179,7,16,93,KA,Alivelu,IND,,,,,False,16,2013,AE
1683832,Devadas,SUCI,19546,726,0.557115889313504,8,16,93,KA,Devadas,SUCI,,,,,False,16,2013,AE
1683833,V Mareppa,BSP,19499,579,0.444311432386389,9,16,93,KA,V Mareppa,BSP,,,,,False,16,2013,AE
1683834,Ningappa Tolamamidi,IND,19503,526,0.403640437711987,10,16,93,KA,Ningappa Tolamamidi,IND,,,,,False,16,2013,AE
1683835,S. Venugopal,IND,19503,478,0.366806329327624,11,16,93,KA,S. Venugopal,IND,,,,,False,16,2013,AE
1683836,Bhugulu Devendrappa,IND,19503,453,0.347621897877434,12,16,93,KA,Bhugulu Devendrappa,IND,,,,,False,16,2013,AE
1683837,Jaliyal Rudrappa,AMJP,19635,443,0.339948125297358,13,16,93,KA,Jaliyal Rudrappa,AMJP,,,,,False,16,2013,AE
1683930,Anil H Lad,INC,19497,52098,43.6072352286328,1,16,94,KA,Anil H Lad,INC,,,,,True,16,2013,AE
1683931,S. Murali Krishna,BSRCP,19509,33898,28.3734127947367,2,16,94,KA,S. Murali Krishna,BSRCP,,,,,False,16,2013,AE
1683932,Munna,JD(S),19500,16285,13.6309229854943,3,16,94,KA,Munna,JD(S),,,,,False,16,2013,AE
1683933,Guttiganuru Virupaksha Gouda,BJP,19498,5646,4.7258330473504,4,16,94,KA,Guttiganuru Virupaksha Gouda,BJP,,,,,False,16,2013,AE
1683934,K Nagabhushana Rao,CPI,19586,2508,2.0992542123193,5,16,94,KA,K Nagabhushana Rao,CPI,,,,,False,16,2013,AE
1683935,J B Jayamma,IND,19503,877,0.734069355743234,6,16,94,KA,J B Jayamma,IND,,,,,False,16,2013,AE
1683936,Chandrashekar Naidu,IND,19503,794,0.664596429258983,7,16,94,KA,Chandrashekar Naidu,IND,,,,,False,16,2013,AE
1683937,D Nagalakshmi,SUCI,19546,652,0.545739133346167,8,16,94,KA,D Nagalakshmi,SUCI,,,,,False,16,2013,AE
1683938,P S Gururaj,IND,19503,536,0.448644440910346,9,16,94,KA,P S Gururaj,IND,,,,,False,16,2013,AE
1683939,Pruthviraj,RPI(A),19525,490,0.410141373220279,10,16,94,KA,Pruthviraj,RPI(A),,,,,False,16,2013,AE
1683940,M Sujan Babu,IND,19503,459,0.384193653690016,11,16,94,KA,M Sujan Babu,IND,,,,,False,16,2013,AE
1683941,D Parthasarathi,IND,19503,444,0.371638305530212,12,16,94,KA,D Parthasarathi,IND,,,,,False,16,2013,AE
1683942,Arunachalam Y,PPOI,19560,429,0.359082957370407,13,16,94,KA,Arunachalam Y,PPOI,,,,,False,16,2013,AE
1683943,Mekala Eshwara Reddy,IND,19503,427,0.3574089109491,14,16,94,KA,Mekala Eshwara Reddy,IND,,,,,False,16,2013,AE
1683944,Sarmas Bee,IND,19503,412,0.344853562789296,15,16,94,KA,Sarmas Bee,IND,,,,,False,16,2013,AE
1683945,M. Narayana Swamy,BSP,19499,411,0.344016539578642,16,16,94,KA,M. Narayana Swamy,BSP,,,,,False,16,2013,AE
1683946,P Bande Gouda,IND,19503,353,0.295469193360731,17,16,94,KA,P Bande Gouda,IND,,,,,False,16,2013,AE
1683947,Venkatesh,IND,19503,340,0.284587891622234,18,16,94,KA,Venkatesh,IND,,,,,True,16,2013,AE
1683948,K. R Ravi Kumar,AMJP,19635,320,0.267847427409162,19,16,94,KA,K. R Ravi Kumar,AMJP,,,,,False,16,2013,AE
1683949,Nazeer Hussain,IND,19503,302,0.252781009617396,20,16,94,KA,Nazeer Hussain,IND,,,,,True,16,2013,AE
1683950,Hampi Ramana,IND,19503,238,0.199211524135564,21,16,94,KA,Hampi Ramana,IND,,,,,False,16,2013,AE
1683951,S.Nazeer Ahemed,IND,19503,236,0.197537477714257,22,16,94,KA,S.Nazeer Ahemed,IND,,,,,True,16,2013,AE
1683952,Appannanavara Nataraja Gouda,IND,19503,235,0.196700454503603,23,16,94,KA,Appannanavara Nataraja Gouda,IND,,,,,False,16,2013,AE
1683953,N.Gangi Reddy,IND,19503,221,0.184982129554452,24,16,94,KA,N.Gangi Reddy,IND,,,,,True,16,2013,AE
1683954,H D Govinda,IND,19503,216,0.180797013501184,25,16,94,KA,H D Govinda,IND,,,,,False,16,2013,AE
1683955,D Lokesha Kumara,IND,19503,176,0.147316085075039,26,16,94,KA,D Lokesha Kumara,IND,,,,,False,16,2013,AE
1683956,Khader Basha,IND,19503,175,0.146479061864385,27,16,94,KA,Khader Basha,IND,,,,,False,16,2013,AE
1683957,V Suryanarayana,IND,19503,156,0.130575620861966,28,16,94,KA,V Suryanarayana,IND,,,,,False,16,2013,AE
1683958,Handi Rafiq Sab,IND,19503,137,0.114672179859547,29,16,94,KA,Handi Rafiq Sab,IND,,,,,True,16,2013,AE
1684062,E. Tukaram,INC,19497,62246,48.4842347956131,1,16,95,KA,E. Tukaram,INC,,,,,True,16,2013,AE
1684063,Dhananjaya.R,JD(S),19500,27615,21.5096896809571,2,16,95,KA,Dhananjaya.R,JD(S),,,,,False,16,2013,AE
1684064,Chinnabasappa.G,BSRCP,19509,23359,18.1946348454636,3,16,95,KA,Chinnabasappa.G,BSRCP,,,,,False,16,2013,AE
1684065,B.Raviprakash,KJP,19508,4355,3.39216724825523,4,16,95,KA,B.Raviprakash,KJP,,,,,False,16,2013,AE
1684066,Marenna.E.,BJP,19498,3314,2.58131854436689,5,16,95,KA,Marenna.E.,BJP,,,,,False,16,2013,AE
1684067,Hanumantappa,CPI,19586,2699,2.102286889332,6,16,95,KA,Hanumantappa,CPI,,,,,False,16,2013,AE
1684068,P.Pandurangaiah,IND,19503,1935,1.50719715852442,7,16,95,KA,P.Pandurangaiah,IND,,,,,False,16,2013,AE
1684069,Shivarama Bhimappa,IND,19503,1911,1.48850324027916,8,16,95,KA,Shivarama Bhimappa,IND,,,,,False,16,2013,AE
1684070,G.Veeranagouda,IND,19503,950,0.739967597208374,9,16,95,KA,G.Veeranagouda,IND,,,,,False,16,2013,AE
1684139,B.Nagendra,IND,19503,71477,53.7659563264906,1,16,96,KA,B.Nagendra,IND,,,,,False,16,2013,AE
1684140,S.Venkatesh,INC,19497,46674,35.1088076665588,2,16,96,KA,S.Venkatesh,INC,,,,,True,16,2013,AE
1684141,Ramappa,BJP,19498,2632,1.97982563693668,3,16,96,KA,Ramappa,BJP,,,,,False,16,2013,AE
1684142,G. Nataraja,IND,19503,2321,1.74588727330169,4,16,96,KA,G. Nataraja,IND,,,,,False,16,2013,AE
1684143,B. Subhash Chandra,IND,19503,2181,1.64057739899654,5,16,96,KA,B. Subhash Chandra,IND,,,,,False,16,2013,AE
1684144,Dr.K.Tarasalappa,KJP,19508,1628,1.22460339549123,6,16,96,KA,Dr.K.Tarasalappa,KJP,,,,,False,16,2013,AE
1684145,D. Karunesh,ANC,19584,1135,0.853762195259551,7,16,96,KA,D. Karunesh,ANC,,,,,False,16,2013,AE
1684146,G Karappa,JD(S),19500,1078,0.8108860321496,8,16,96,KA,G Karappa,JD(S),,,,,False,16,2013,AE
1684147,Basavaraj N.,IND,19503,1012,0.761239948548604,9,16,96,KA,Basavaraj N.,IND,,,,,False,16,2013,AE
1684148,Anjinappa Kajjeru,IND,19503,890,0.669469915225551,10,16,96,KA,Anjinappa Kajjeru,IND,,,,,False,16,2013,AE
1684149,Appaiah,IND,19503,815,0.61305391113351,11,16,96,KA,Appaiah,IND,,,,,False,16,2013,AE
1684150,M Karibasappa,BSP,19499,622,0.467876727269991,12,16,96,KA,M Karibasappa,BSP,,,,,False,16,2013,AE
1684151,H.P.Sharanappa,SP,19506,476,0.358053572637485,13,16,96,KA,H.P.Sharanappa,SP,,,,,False,16,2013,AE
1684229,S Thippeswamy,BSRCP,19509,76827,46.7280567838309,1,16,97,KA,S Thippeswamy,BSRCP,,,,,False,16,2013,AE
1684230,N.Y.Gopala Krishna,INC,19497,69658,42.3676959851106,2,16,97,KA,N.Y.Gopala Krishna,INC,,,,,True,16,2013,AE
1684231,Dr.Obanna Poojar,JD(S),19500,4234,2.57522215396592,3,16,97,KA,Dr.Obanna Poojar,JD(S),,,,,False,16,2013,AE
1684232,Dasari Kirthi Kumar,BJP,19498,3227,1.96274017261408,4,16,97,KA,Dasari Kirthi Kumar,BJP,,,,,False,16,2013,AE
1684233,Dhrakshayanamma,KJP,19508,1832,1.11426711999659,5,16,97,KA,Dhrakshayanamma,KJP,,,,,False,16,2013,AE
1684234,Sanna Maranna,IND,19503,1536,0.93423269449496,6,16,97,KA,Sanna Maranna,IND,,,,,True,16,2013,AE
1684235,Commred Patel G. Papanayaka,CPI,19586,1438,0.874626702268068,7,16,97,KA,Commred Patel G. Papanayaka,CPI,,,,,False,16,2013,AE
1684236,H. Ramanna,BSP,19499,950,0.577813189954565,8,16,97,KA,H. Ramanna,BSP,,,,,False,16,2013,AE
1684237,N. R. Mallaiahswamy,IND,19503,942,0.572947394670737,9,16,97,KA,N. R. Mallaiahswamy,IND,,,,,True,16,2013,AE
1684238,H. Thimmaiah,IND,19503,899,0.546793745020162,10,16,97,KA,H. Thimmaiah,IND,,,,,False,16,2013,AE
1684239,D.T. Srinivasa Nayaka,IND,19503,797,0.484754855151356,11,16,97,KA,D.T. Srinivasa Nayaka,IND,,,,,False,16,2013,AE
1684240,G.S. Basanna,JD(U),19507,557,0.338780996636519,12,16,97,KA,G.S. Basanna,JD(U),,,,,False,16,2013,AE
1684241,S.Chandranna,IND,19503,542,0.329657630479341,13,16,97,KA,S.Chandranna,IND,,,,,False,16,2013,AE
1684242,D. Borayya,IND,19503,496,0.301679307597331,14,16,97,KA,D. Borayya,IND,,,,,False,16,2013,AE
1684243,D. Dodda Boraiah,IND,19503,478,0.290731268208718,15,16,97,KA,D. Dodda Boraiah,IND,,,,,False,16,2013,AE
1684341,T Raghumurthy,INC,19497,60197,40.735302078822,1,16,98,KA,T Raghumurthy,INC,,,,,False,16,2013,AE
1684342,K T Kumaraswamy,KJP,19508,37074,25.0879709831095,2,16,98,KA,K T Kumaraswamy,KJP,,,,,False,16,2013,AE
1684343,Thippeswamy,JD(S),19500,27373,18.5233055435253,3,16,98,KA,Thippeswamy,JD(S),,,,,False,16,2013,AE
1684344,G P Jayapalaiah,BJP,19498,12981,8.78424101342572,4,16,98,KA,G P Jayapalaiah,BJP,,,,,False,16,2013,AE
1684345,L Nagaraju(Naganna),BSRCP,19509,4233,2.86447055002165,5,16,98,KA,L Nagaraju(Naganna),BSRCP,,,,,False,16,2013,AE
1684346,B Hanumantharaya,IND,19503,2568,1.73776526634906,6,16,98,KA,B Hanumantharaya,IND,,,,,False,16,2013,AE
1684347,P Palaiah,BSP,19499,998,0.675346470333477,7,16,98,KA,P Palaiah,BSP,,,,,False,16,2013,AE
1684348,Deepa C,SP,19506,909,0.615120181896925,8,16,98,KA,Deepa C,SP,,,,,False,16,2013,AE
1684349,Lakshmidevi,IND,19503,813,0.550156994369857,9,16,98,KA,Lakshmidevi,IND,,,,,False,16,2013,AE
1684350,M Palaiah,IND,19503,630,0.426320918146383,10,16,98,KA,M Palaiah,IND,,,,,False,16,2013,AE
1684440,G.H.Thippareddy,BJP,19498,62228,38.0913904447096,1,16,99,KA,G.H.Thippareddy,BJP,,,,,False,16,2013,AE
1684441,Basavarajann (Basanna),JD(S),19500,35510,21.7366020873504,2,16,99,KA,Basavarajann (Basanna),JD(S),,,,,True,16,2013,AE
1684442,G.S.Manjunatha,INC,19497,30729,18.8100266274905,3,16,99,KA,G.S.Manjunatha,INC,,,,,False,16,2013,AE
1684443,Fayazuddin. K.S.,BSRCP,19509,23382,14.3127352860159,4,16,99,KA,Fayazuddin. K.S.,BSRCP,,,,,False,16,2013,AE
1684444,A.V. Umapathi,KJP,19508,3791,2.32057050163743,5,16,99,KA,A.V. Umapathi,KJP,,,,,False,16,2013,AE
1684445,Sathish,IND,19503,1993,1.21996755731031,6,16,99,KA,Sathish,IND,,,,,False,16,2013,AE
1684446,C.K.Rehaman Chand,IND,19503,1077,0.659259939399504,7,16,99,KA,C.K.Rehaman Chand,IND,,,,,False,16,2013,AE
1684447,G.R.Panduranga,BSP,19499,796,0.487252471459614,8,16,99,KA,G.R.Panduranga,BSP,,,,,False,16,2013,AE
1684448,Ganesha,IND,19503,698,0.427264101857803,9,16,99,KA,Ganesha,IND,,,,,False,16,2013,AE
1684449,N. Suresh,IND,19503,657,0.40216692682031,10,16,99,KA,N. Suresh,IND,,,,,False,16,2013,AE
1684450,Ishrath Jahan,RCMP,19551,513,0.314020751078872,11,16,99,KA,Ishrath Jahan,RCMP,,,,,False,16,2013,AE
1684451,K.S. Basavaraja,NPP,19543,418,0.25586876013834,12,16,99,KA,K.S. Basavaraja,NPP,,,,,False,16,2013,AE
1684452,K.S. Mallikarjuna Shetty,PPOI,19560,355,0.217304808251461,13,16,99,KA,K.S. Mallikarjuna Shetty,PPOI,,,,,False,16,2013,AE
1684453,A. Keshavamurthy,IND,19503,282,0.172619594160315,14,16,99,KA,A. Keshavamurthy,IND,,,,,False,16,2013,AE
1684454,S. Mruthyunjayappa,IND,19503,273,0.167110458176475,15,16,99,KA,S. Mruthyunjayappa,IND,,,,,False,16,2013,AE
1684455,H.S. Yashodamma,JD(U),19507,254,0.155480059988369,16,16,99,KA,H.S. Yashodamma,JD(U),,,,,False,16,2013,AE
1684456,Mamatha. K.B.,SP,19506,208,0.127322253848743,17,16,99,KA,Mamatha. K.B.,SP,,,,,False,16,2013,AE
1684457,Aslam Basha,IND,19503,201,0.123037370305757,18,16,99,KA,Aslam Basha,IND,,,,,False,16,2013,AE
1684579,Sudhakar D.,INC,19497,71661,44.6772695249911,1,16,100,KA,Sudhakar D.,INC,,,,,False,16,2013,AE
1684580,A.Krishnappa,JD(S),19500,70456,43.9260085911831,2,16,100,KA,A.Krishnappa,JD(S),,,,,False,16,2013,AE
1684581,M.Jayanna,BSRCP,19509,6965,4.34235054271588,3,16,100,KA,M.Jayanna,BSRCP,,,,,False,16,2013,AE
1684582,S.Siddesh Yadav,BJP,19498,2880,1.79554480445394,4,16,100,KA,S.Siddesh Yadav,BJP,,,,,False,16,2013,AE
1684583,M.Thippeswamy,KJP,19508,2570,1.6022743567523,5,16,100,KA,M.Thippeswamy,KJP,,,,,False,16,2013,AE
1684584,C.Nataraja,IND,19503,1418,0.884056434970728,6,16,100,KA,C.Nataraja,IND,,,,,False,16,2013,AE
1684585,B.T.Shanthanna,IND,19503,1024,0.638415930472515,7,16,100,KA,B.T.Shanthanna,IND,,,,,False,16,2013,AE
1684586,S.H.Kantharaj Huli,BSP,19499,1008,0.628440681558882,8,16,100,KA,S.H.Kantharaj Huli,BSP,,,,,False,16,2013,AE
1684587,Lakshminarasimhaswamy. C.K,IND,19503,524,0.326689401921482,9,16,100,KA,Lakshminarasimhaswamy. C.K,IND,,,,,False,16,2013,AE
1684588,Rasheed Unnisa,IND,19503,415,0.258733018697357,10,16,100,KA,Rasheed Unnisa,IND,,,,,False,16,2013,AE
1684589,Rangaswamy,JD(U),19507,356,0.221949288328335,11,16,100,KA,Rangaswamy,JD(U),,,,,False,16,2013,AE
1684590,A.Zakeer Hussain,IND,19503,314,0.195764259930048,12,16,100,KA,A.Zakeer Hussain,IND,,,,,False,16,2013,AE
1684591,K.V.Raghu,IND,19503,288,0.179554480445394,13,16,100,KA,K.V.Raghu,IND,,,,,False,16,2013,AE
1684592,M.Y.T. Muneer.,IND,19503,275,0.171449590703068,14,16,100,KA,M.Y.T. Muneer.,IND,,,,,False,16,2013,AE
1684593,R.Mohan Kumar Yadav,SP,19506,243,0.151499092875801,15,16,100,KA,R.Mohan Kumar Yadav,SP,,,,,False,16,2013,AE
1684698,B.G.Govindappa,INC,19497,58010,41.4348263965772,1,16,101,KA,B.G.Govindappa,INC,,,,,True,16,2013,AE
1684699,Goolihatti. D. Shekar,IND,19503,37993,27.1372756298079,2,16,101,KA,Goolihatti. D. Shekar,IND,,,,,True,16,2013,AE
1684700,S.Lingamurthy,KJP,19508,37717,26.9401369970643,3,16,101,KA,S.Lingamurthy,KJP,,,,,False,16,2013,AE
1684701,M. Lakshmana,BJP,19498,1866,1.33282858224466,4,16,101,KA,M. Lakshmana,BJP,,,,,False,16,2013,AE
1684702,K. Shivanna,IND,19503,1190,0.849981786104583,5,16,101,KA,K. Shivanna,IND,,,,,False,16,2013,AE
1684703,Thimmappa K.,BSP,19499,828,0.591415898230752,6,16,101,KA,Thimmappa K.,BSP,,,,,False,16,2013,AE
1684704,A. Chittappa Yadav,SP,19506,616,0.439990571630607,7,16,101,KA,A. Chittappa Yadav,SP,,,,,False,16,2013,AE
1684705,Sudhabai Malleshnaika,JD(S),19500,615,0.439276301222116,8,16,101,KA,Sudhabai Malleshnaika,JD(S),,,,,False,16,2013,AE
1684706,Syed Ismail,JD(U),19507,448,0.319993143004078,9,16,101,KA,Syed Ismail,JD(U),,,,,False,16,2013,AE
1684707,G. Govinadaraju,BSRCP,19509,406,0.289993785847446,10,16,101,KA,G. Govinadaraju,BSRCP,,,,,False,16,2013,AE
1684708,K. Chandrappa,IND,19503,314,0.224280908266251,11,16,101,KA,K. Chandrappa,IND,,,,,False,16,2013,AE
1684813,H Anjaneya,INC,19497,76856,47.1569956865608,1,16,102,KA,H Anjaneya,INC,,,,,True,16,2013,AE
1684814,M Chandrappa,KJP,19508,63992,39.2639542517747,2,16,102,KA,M Chandrappa,KJP,,,,,False,16,2013,AE
1684815,H.R. Devendra Naik,BJP,19498,7595,4.66010958467041,3,16,102,KA,H.R. Devendra Naik,BJP,,,,,False,16,2013,AE
1684816,K.E.B. Mahadevappa,JD(S),19500,3091,1.89656336092379,4,16,102,KA,K.E.B. Mahadevappa,JD(S),,,,,False,16,2013,AE
1684817,H. Srinivasa,BSRCP,19509,2912,1.78673326011326,5,16,102,KA,H. Srinivasa,BSRCP,,,,,False,16,2013,AE
1684818,Chandrappa,IND,19503,2264,1.38913602365948,6,16,102,KA,Chandrappa,IND,,,,,False,16,2013,AE
1684819,G. Shanthappa,IND,19503,1591,0.976199387651169,7,16,102,KA,G. Shanthappa,IND,,,,,False,16,2013,AE
1684820,T. Basavarajappa,ANC,19584,1194,0.732609722725013,8,16,102,KA,T. Basavarajappa,ANC,,,,,False,16,2013,AE
1684821,Chandrappa B.S.,IND,19503,670,0.411095908061774,9,16,102,KA,Chandrappa B.S.,IND,,,,,False,16,2013,AE
1684822,G. N. Paramesh,BSP,19499,620,0.380417108952687,10,16,102,KA,G. N. Paramesh,BSP,,,,,False,16,2013,AE
1684823,K.G. Ananthamurthynaik,IND,19503,544,0.333785334306873,11,16,102,KA,K.G. Ananthamurthynaik,IND,,,,,False,16,2013,AE
1684824,Yogamurthynaik R.,KMP,19556,488,0.299425079304695,12,16,102,KA,Yogamurthynaik R.,KMP,,,,,False,16,2013,AE
1684825,V. Ramesh Honnakaluve,IND,19503,393,0.241135360997429,13,16,102,KA,V. Ramesh Honnakaluve,IND,,,,,False,16,2013,AE
1684826,M. G. Satisha,SP,19506,299,0.183459218672344,14,16,102,KA,M. G. Satisha,SP,,,,,False,16,2013,AE
1684827,Gulihatti D. Rudresh,NPP,19543,246,0.150939691616711,15,16,102,KA,Gulihatti D. Rudresh,NPP,,,,,False,16,2013,AE
1684828,M. H. Shashidhara,JD(U),19507,224,0.137441020008712,16,16,102,KA,M. H. Shashidhara,JD(U),,,,,False,16,2013,AE
1684945,H.P.Rajesh,INC,19497,77805,58.8767224874951,1,16,103,KA,H.P.Rajesh,INC,,,,,False,16,2013,AE
1684946,S.V.Ramachandra,KJP,19508,40915,30.961263422349,2,16,103,KA,S.V.Ramachandra,KJP,,,,,False,16,2013,AE
1684947,Dr.G.Rangaiah,JD(S),19500,4325,3.27282083103163,3,16,103,KA,Dr.G.Rangaiah,JD(S),,,,,False,16,2013,AE
1684948,Dr. Arun Kumar M Basappa,BJP,19498,1845,1.39615131404702,4,16,103,KA,Dr. Arun Kumar M Basappa,BJP,,,,,False,16,2013,AE
1684949,S. Halappa,IND,19503,1304,0.986764939575781,5,16,103,KA,S. Halappa,IND,,,,,False,16,2013,AE
1684950,M.H.Ramanna,IND,19503,1079,0.816502584204193,6,16,103,KA,M.H.Ramanna,IND,,,,,False,16,2013,AE
1684951,G.N. Beemappa,IND,19503,985,0.745370755737841,7,16,103,KA,G.N. Beemappa,IND,,,,,False,16,2013,AE
1684952,Ramesh Babu .N.H,BSRCP,19509,684,0.517597560329627,8,16,103,KA,Ramesh Babu .N.H,BSRCP,,,,,False,16,2013,AE
1684953,T. Maranna,IND,19503,575,0.435114908171836,9,16,103,KA,T. Maranna,IND,,,,,False,16,2013,AE
1684954,H.O.Narasimhamurthy,IND,19503,549,0.415440147106675,10,16,103,KA,H.O.Narasimhamurthy,IND,,,,,False,16,2013,AE
1684955,Prakash .B,IND,19503,510,0.385928005508933,11,16,103,KA,Prakash .B,IND,,,,,False,16,2013,AE
1684956,Doddamani Prasad,CPI(ML)(L),19613,458,0.34657848337861,12,16,103,KA,Doddamani Prasad,CPI(ML)(L),,,,,False,16,2013,AE
1684957,K.S.Prabhau(Kananakatte ),BSP,19499,447,0.338254546004888,13,16,103,KA,K.S.Prabhau(Kananakatte ),BSP,,,,,False,16,2013,AE
1684958,M.V.Anjaneya Advocate,JD(U),19507,343,0.259555501744243,14,16,103,KA,M.V.Anjaneya Advocate,JD(U),,,,,False,16,2013,AE
1684959,B.N.Thippeswamy,SP,19506,325,0.245934513314516,15,16,103,KA,B.N.Thippeswamy,SP,,,,,False,16,2013,AE
1685099,M P Ravindra,INC,19497,56954,37.9129693855135,1,16,104,KA,M P Ravindra,INC,,,,,False,16,2013,AE
1685100,G Karunakara Reddy,BJP,19498,48548,32.3172882980635,2,16,104,KA,G Karunakara Reddy,BJP,,,,,True,16,2013,AE
1685101,N Kotresh,KJP,19508,27997,18.6369597198831,3,16,104,KA,N Kotresh,KJP,,,,,False,16,2013,AE
1685102,Siraj Sheikh,BSRCP,19509,9687,6.44841335880657,4,16,104,KA,Siraj Sheikh,BSRCP,,,,,False,16,2013,AE
1685103,A G Viswanath,JD(S),19500,2294,1.52706309952537,5,16,104,KA,A G Viswanath,JD(S),,,,,False,16,2013,AE
1685104,Rudresha K H,IND,19503,1279,0.851400917302942,6,16,104,KA,Rudresha K H,IND,,,,,False,16,2013,AE
1685105,Kenchappa,BSP,19499,933,0.621076666023178,7,16,104,KA,Kenchappa,BSP,,,,,False,16,2013,AE
1685106,Idli Ramappa,CPI(ML)(L),19613,831,0.553177609287525,8,16,104,KA,Idli Ramappa,CPI(ML)(L),,,,,True,16,2013,AE
1685107,Chaithra G,IND,19503,430,0.286241121532654,9,16,104,KA,Chaithra G,IND,,,,,False,16,2013,AE
1685108,Mansoor Basha R,IND,19503,422,0.280915705318093,10,16,104,KA,Mansoor Basha R,IND,,,,,False,16,2013,AE
1685109,Abubakkar Siddiq M,IND,19503,348,0.231655605333404,11,16,104,KA,Abubakkar Siddiq M,IND,,,,,False,16,2013,AE
1685110,Channappa,IND,19503,276,0.183726859402355,12,16,104,KA,Channappa,IND,,,,,False,16,2013,AE
1685111,Gowaler Eranna,IND,19503,224,0.149111654007708,13,16,104,KA,Gowaler Eranna,IND,,,,,False,16,2013,AE
1685258,H.S. Shivashankar,JD(S),19500,59666,39.5812740890124,1,16,105,KA,H.S. Shivashankar,JD(S),,,,,False,16,2013,AE
1685259,S.Ramappa,INC,19497,40613,26.9418812150481,2,16,105,KA,S.Ramappa,INC,,,,,False,16,2013,AE
1685260,B.P.Harish,KJP,19508,37786,25.0665039172631,3,16,105,KA,B.P.Harish,KJP,,,,,False,16,2013,AE
1685261,S.M. Veeresha Hanagavadi,BJP,19498,5959,3.95308571542293,4,16,105,KA,S.M. Veeresha Hanagavadi,BJP,,,,,False,16,2013,AE
1685262,H.Nagaraj Palegar,BPJP,19609,1479,0.981140086106817,5,16,105,KA,H.Nagaraj Palegar,BPJP,,,,,False,16,2013,AE
1685263,B.P. Harisha,IND,19503,933,0.618934212533915,6,16,105,KA,B.P. Harisha,IND,,,,,False,16,2013,AE
1685264,P.B. Beerappa,JD(U),19507,747,0.495545398459629,7,16,105,KA,P.B. Beerappa,JD(U),,,,,False,16,2013,AE
1685265,S. K. Basavaraj,BSRCP,19509,736,0.488248210530505,8,16,105,KA,S. K. Basavaraj,BSRCP,,,,,False,16,2013,AE
1685266,V.T. Basavaraja,NCP,19502,632,0.419256615564238,9,16,105,KA,V.T. Basavaraja,NCP,,,,,False,16,2013,AE
1685267,Beerappa Rajanahalli,CPI(ML)(L),19613,551,0.365522777177049,10,16,105,KA,Beerappa Rajanahalli,CPI(ML)(L),,,,,False,16,2013,AE
1685268,Ansar Ahamed,IND,19503,511,0.33898754834387,11,16,105,KA,Ansar Ahamed,IND,,,,,False,16,2013,AE
1685269,E. Razaq Ulla Masadi,BSP,19499,358,0.237490298056957,12,16,105,KA,E. Razaq Ulla Masadi,BSP,,,,,False,16,2013,AE
1685270,M. Channappa,IND,19503,287,0.190390266878063,13,16,105,KA,M. Channappa,IND,,,,,False,16,2013,AE
1685271,M.G. Veerana Gowda,IND,19503,265,0.175795891019815,14,16,105,KA,M.G. Veerana Gowda,IND,,,,,False,16,2013,AE
1685272,T.V. Gajendra Gowda,IND,19503,220,0.145943758582488,15,16,105,KA,T.V. Gajendra Gowda,IND,,,,,False,16,2013,AE
1685412,S S Mallikarjuna,INC,19497,88101,65.5269616957976,1,16,106,KA,S S Mallikarjuna,INC,,,,,False,16,2013,AE
1685413,S.A Ravindranath,BJP,19498,30821,22.9237634808478,2,16,106,KA,S.A Ravindranath,BJP,,,,,True,16,2013,AE
1685414,Jagadish B S,KJP,19508,6764,5.03086649312011,3,16,106,KA,Jagadish B S,KJP,,,,,False,16,2013,AE
1685415,T Ganesha Dasakariyappa,JD(S),19500,3537,2.6307177389364,4,16,106,KA,T Ganesha Dasakariyappa,JD(S),,,,,False,16,2013,AE
1685416,B Gnanaprakash,IND,19503,1131,0.841204908888062,5,16,106,KA,B Gnanaprakash,IND,,,,,False,16,2013,AE
1685417,Mohammed Jabi,NCP,19502,1003,0.746002231312755,6,16,106,KA,Mohammed Jabi,NCP,,,,,False,16,2013,AE
1685418,Annappa S H,BSP,19499,361,0.268501301599107,7,16,106,KA,Annappa S H,BSP,,,,,False,16,2013,AE
1685419,M Basavarajaiah,BSRCP,19509,345,0.256600966902194,8,16,106,KA,M Basavarajaiah,BSRCP,,,,,False,16,2013,AE
1685420,Rizwan Sab H B,IND,19503,334,0.248419486798066,9,16,106,KA,Rizwan Sab H B,IND,,,,,False,16,2013,AE
1685421,H.K.Kenchaveerappa,VJCP,19646,280,0.208255857195983,10,16,106,KA,H.K.Kenchaveerappa,VJCP,,,,,False,16,2013,AE
1685422,H G Mallikarjuna,JD(U),19507,260,0.193380438824841,11,16,106,KA,H G Mallikarjuna,JD(U),,,,,False,16,2013,AE
1685423,Jameel Ahamed Bellary,IND,19503,259,0.192636667906284,12,16,106,KA,Jameel Ahamed Bellary,IND,,,,,False,16,2013,AE
1685424,N J Ningappa,IND,19503,240,0.1785050204537,13,16,106,KA,N J Ningappa,IND,,,,,False,16,2013,AE
1685425,A M Veeraiah,IND,19503,235,0.174786165860914,14,16,106,KA,A M Veeraiah,IND,,,,,False,16,2013,AE
1685426,M Savitha Prakash,IND,19503,227,0.168835998512458,15,16,106,KA,M Savitha Prakash,IND,,,,,False,16,2013,AE
1685427,Manjunatha,IND,19503,169,0.125697285236147,16,16,106,KA,Manjunatha,IND,,,,,False,16,2013,AE
1685428,T R Indramma,IND,19503,137,0.10189661584232,17,16,106,KA,T R Indramma,IND,,,,,False,16,2013,AE
1685429,Anaji Anjinappa,IND,19503,130,0.0966902194124209,18,16,106,KA,Anaji Anjinappa,IND,,,,,False,16,2013,AE
1685430,G C Patil,SJPA,19505,116,0.0862774265526217,19,16,106,KA,G C Patil,SJPA,,,,,False,16,2013,AE
1685572,Shamanuru Shivashankarappa,INC,19497,66320,55.0784818536666,1,16,107,KA,Shamanuru Shivashankarappa,INC,,,,,True,16,2013,AE
1685573,Karekatte Syed Saifulla,JD(S),19500,26162,21.727431276472,2,16,107,KA,Karekatte Syed Saifulla,JD(S),,,,,False,16,2013,AE
1685574,B Lokesh,BJP,19498,21282,17.6746117432106,3,16,107,KA,B Lokesh,BJP,,,,,False,16,2013,AE
1685575,B M Satish,KJP,19508,3200,2.65758657918777,4,16,107,KA,B M Satish,KJP,,,,,False,16,2013,AE
1685576,Subhan Sab,IND,19503,700,0.581347064197325,5,16,107,KA,Subhan Sab,IND,,,,,False,16,2013,AE
1685577,Himayath Ulla,NCP,19502,645,0.535669794867535,6,16,107,KA,Himayath Ulla,NCP,,,,,False,16,2013,AE
1685578,Mohamad Bruhan,IND,19503,399,0.331367826592475,7,16,107,KA,Mohamad Bruhan,IND,,,,,False,16,2013,AE
1685579,Bhairajjara Krishnappa,BSP,19499,330,0.274063615978739,8,16,107,KA,Bhairajjara Krishnappa,BSP,,,,,False,16,2013,AE
1685580,Shafeeq Pandit,BSRCP,19509,257,0.213437422141018,9,16,107,KA,Shafeeq Pandit,BSRCP,,,,,False,16,2013,AE
1685581,B R Saleem Bhai,IND,19503,223,0.185200564737148,10,16,107,KA,B R Saleem Bhai,IND,,,,,False,16,2013,AE
1685582,T R Indramma,IND,19503,214,0.177726102483182,11,16,107,KA,T R Indramma,IND,,,,,False,16,2013,AE
1685583,Rahamathulla K C,IND,19503,182,0.151150236691304,12,16,107,KA,Rahamathulla K C,IND,,,,,False,16,2013,AE
1685584,Muddapurada Rahaman Sab,JD(U),19507,174,0.144506270243335,13,16,107,KA,Muddapurada Rahaman Sab,JD(U),,,,,False,16,2013,AE
1685585,Nannusab Sheikh Shendi,SJPA,19505,166,0.137862303795365,14,16,107,KA,Nannusab Sheikh Shendi,SJPA,,,,,False,16,2013,AE
1685586,R Malatesh (Gupta),NPP,19543,156,0.129557345735404,15,16,107,KA,R Malatesh (Gupta),NPP,,,,,False,16,2013,AE
1685730,K.Shivamurthy,INC,19497,32435,24.0205880174775,1,16,108,KA,K.Shivamurthy,INC,,,,,False,16,2013,AE
1685731,N.Linganna,KJP,19508,31741,23.5066281567059,2,16,108,KA,N.Linganna,KJP,,,,,False,16,2013,AE
1685732,Anandappa.H.,IND,19503,18355,13.5932755683922,3,16,108,KA,Anandappa.H.,IND,,,,,False,16,2013,AE
1685733,M Basavaraja Naika,BJP,19498,17658,13.0770939791157,4,16,108,KA,M Basavaraja Naika,BJP,,,,,True,16,2013,AE
1685734,K.G.R.Naik,JD(S),19500,11596,8.58772124713026,5,16,108,KA,K.G.R.Naik,JD(S),,,,,False,16,2013,AE
1685735,Dr.Y.Ramappa,IND,19503,9395,6.95771310079241,6,16,108,KA,Dr.Y.Ramappa,IND,,,,,False,16,2013,AE
1685736,N.Srinivasa Naik,BSRCP,19509,3333,2.46834036880693,7,16,108,KA,N.Srinivasa Naik,BSRCP,,,,,False,16,2013,AE
1685737,Dr B.Chandranaik,IND,19503,2160,1.59964452343923,8,16,108,KA,Dr B.Chandranaik,IND,,,,,False,16,2013,AE
1685738,Kiran Kumar,JD(U),19507,1023,0.75760942012886,9,16,108,KA,Kiran Kumar,JD(U),,,,,False,16,2013,AE
1685739,Nagarajappa,IND,19503,1007,0.745760201436717,10,16,108,KA,Nagarajappa,IND,,,,,True,16,2013,AE
1685740,Krishnamurthy.R.,NCP,19502,845,0.625786862178775,11,16,108,KA,Krishnamurthy.R.,NCP,,,,,False,16,2013,AE
1685741,P.Shankaranaik,IND,19503,766,0.567281344886321,12,16,108,KA,P.Shankaranaik,IND,,,,,False,16,2013,AE
1685742,R.Vasantha Daginakatte,BSP,19499,713,0.528030807968599,13,16,108,KA,R.Vasantha Daginakatte,BSP,,,,,False,16,2013,AE
1685743,A.K.Manjappa,HND,19629,700,0.518403317781233,14,16,108,KA,A.K.Manjappa,HND,,,,,False,16,2013,AE
1685744,Chinnasamudra Shekarnaik,KRRS,19522,524,0.388061912167666,15,16,108,KA,Chinnasamudra Shekarnaik,KRRS,,,,,False,16,2013,AE
1685745,Dr K.S.Shankarnaik,IND,19503,511,0.3784344219803,16,16,108,KA,Dr K.S.Shankarnaik,IND,,,,,False,16,2013,AE
1685746,Mallikarjuna Swamy.K.M.,IND,19503,497,0.368066355624675,17,16,108,KA,Mallikarjuna Swamy.K.M.,IND,,,,,False,16,2013,AE
1685747,Hanumanthappa Navilehal,KCVP,19625,482,0.356957713100792,18,16,108,KA,Hanumanthappa Navilehal,KCVP,,,,,False,16,2013,AE
1685748,Jayaprakash.S.N.,IND,19503,455,0.336962156557801,19,16,108,KA,Jayaprakash.S.N.,IND,,,,,False,16,2013,AE
1685749,Venkataswamy.L,SP,19506,430,0.318447752351329,20,16,108,KA,Venkataswamy.L,SP,,,,,False,16,2013,AE
1685750,Manjunatha.B.,IND,19503,404,0.299192771976597,21,16,108,KA,Manjunatha.B.,IND,,,,,False,16,2013,AE
1685890,Vadnal Rajanna,INC,19497,53355,37.2110053352861,1,16,109,KA,Vadnal Rajanna,INC,,,,,True,16,2013,AE
1685891,K.Madal Virupakshappa,KJP,19508,51582,35.9744743173972,2,16,109,KA,K.Madal Virupakshappa,KJP,,,,,False,16,2013,AE
1685892,Hodigere Ramesh,JD(S),19500,28900,20.1555253338912,3,16,109,KA,Hodigere Ramesh,JD(S),,,,,True,16,2013,AE
1685893,H.S. Shivakumar,BJP,19498,4526,3.15653659727307,4,16,109,KA,H.S. Shivakumar,BJP,,,,,False,16,2013,AE
1685894,Ameer Ahmed Kogaluru,BSRCP,19509,1054,0.735083865118387,5,16,109,KA,Ameer Ahmed Kogaluru,BSRCP,,,,,False,16,2013,AE
1685895,A.C.S.Cyclist Babu,IND,19503,879,0.613034836279945,6,16,109,KA,A.C.S.Cyclist Babu,IND,,,,,True,16,2013,AE
1685896,Jayamma.L. Doddabbigere,LJP,19521,626,0.436586811730655,7,16,109,KA,Jayamma.L. Doddabbigere,LJP,,,,,False,16,2013,AE
1685897,R.Mamatha,BSP,19499,621,0.433099696620985,8,16,109,KA,R.Mamatha,BSP,,,,,False,16,2013,AE
1685898,Karekatte Manjappa,JD(U),19507,601,0.419151236182306,9,16,109,KA,Karekatte Manjappa,JD(U),,,,,False,16,2013,AE
1685899,Vasudeva Naik K.C.,IND,19503,481,0.335460473550231,10,16,109,KA,Vasudeva Naik K.C.,IND,,,,,False,16,2013,AE
1685900,B.Shivappa,IND,19503,445,0.310353244760609,11,16,109,KA,B.Shivappa,IND,,,,,False,16,2013,AE
1685901,Honnemaradahalli Chandrappagowda,IND,19503,315,0.219688251909195,12,16,109,KA,Honnemaradahalli Chandrappagowda,IND,,,,,False,16,2013,AE
1686038,D G Shanthanagowda,INC,19497,78789,52.8363253508942,1,16,110,KA,D G Shanthanagowda,INC,,,,,True,16,2013,AE
1686039,M P Renukacharya,KJP,19508,60051,40.2705222003902,2,16,110,KA,M P Renukacharya,KJP,,,,,False,16,2013,AE
1686040,Dr Rajkumar H. P,BJP,19498,2549,1.70937305105318,3,16,110,KA,Dr Rajkumar H. P,BJP,,,,,False,16,2013,AE
1686041,Asha R.Patel,SJPA,19505,1563,1.04815617057517,4,16,110,KA,Asha R.Patel,SJPA,,,,,False,16,2013,AE
1686042,Sayedagouse H. P,IND,19503,1435,0.962318685077019,5,16,110,KA,Sayedagouse H. P,IND,,,,,False,16,2013,AE
1686043,M. R. Mahesh,JD(S),19500,1340,0.898611176308854,6,16,110,KA,M. R. Mahesh,JD(S),,,,,False,16,2013,AE
1686044,K. Renukachari,BSRCP,19509,1030,0.690723516117999,7,16,110,KA,K. Renukachari,BSRCP,,,,,False,16,2013,AE
1686045,Parashurama A. K,BSP,19499,549,0.368162340144448,8,16,110,KA,Parashurama A. K,BSP,,,,,False,16,2013,AE
1686046,Ramesh Jagathap D. V,IND,19503,490,0.32859662417264,9,16,110,KA,Ramesh Jagathap D. V,IND,,,,,False,16,2013,AE
1686047,Dr. D. Seethanaika,IND,19503,461,0.309149068864463,10,16,110,KA,Dr. D. Seethanaika,IND,,,,,False,16,2013,AE
1686048,Dr D. B. Prakash Basavana Gowda,IND,19503,329,0.220629161944487,11,16,110,KA,Dr D. B. Prakash Basavana Gowda,IND,,,,,False,16,2013,AE
1686049,T. L. Ranganatha,JD(U),19507,292,0.195816763792675,12,16,110,KA,T. L. Ranganatha,JD(U),,,,,False,16,2013,AE
1686050,M. Ranganatha Swamy,IND,19503,241,0.161615890664502,13,16,110,KA,M. Ranganatha Swamy,IND,,,,,False,16,2013,AE
1686180,Sharada Puryanaik,JD(S),19500,48639,33.9449221149014,1,16,111,KA,Sharada Puryanaik,JD(S),,,,,True,16,2013,AE
1686181,G.Basavannappa,KJP,19508,38530,26.8899000614147,2,16,111,KA,G.Basavannappa,KJP,,,,,False,16,2013,AE
1686182,Kariyanna,INC,19497,35640,24.8729830830216,3,16,111,KA,Kariyanna,INC,,,,,True,16,2013,AE
1686183,K.G.Kumaraswamy,BJP,19498,12435,8.67832616827647,4,16,111,KA,K.G.Kumaraswamy,BJP,,,,,True,16,2013,AE
1686184,Shivarudraiah Swamy,IND,19503,1874,1.3078555077885,5,16,111,KA,Shivarudraiah Swamy,IND,,,,,False,16,2013,AE
1686185,V.Bhagavan,IND,19503,1499,1.04614482720116,6,16,111,KA,V.Bhagavan,IND,,,,,False,16,2013,AE
1686186,L.Chandra Naik,JD(U),19507,1034,0.721623583272849,7,16,111,KA,L.Chandra Naik,JD(U),,,,,False,16,2013,AE
1686187,N.T.Shivamurthy,IND,19503,1005,0.701384623974094,8,16,111,KA,N.T.Shivamurthy,IND,,,,,False,16,2013,AE
1686188,M.Gurumurthy,IND,19503,770,0.537379264139355,9,16,111,KA,M.Gurumurthy,IND,,,,,False,16,2013,AE
1686189,Veereshappa,BSP,19499,687,0.479453966836022,10,16,111,KA,Veereshappa,BSP,,,,,False,16,2013,AE
1686190,T.Shivakumara,BSRCP,19509,619,0.431997096756183,11,16,111,KA,T.Shivakumara,BSRCP,,,,,False,16,2013,AE
1686191,Rudresh,IND,19503,556,0.388029702417508,12,16,111,KA,Rudresh,IND,,,,,False,16,2013,AE
1686282,Appaji.M.J,JD(S),19500,78370,54.5919362478753,1,16,112,KA,Appaji.M.J,JD(S),,,,,True,16,2013,AE
1686283,B.K.Sangameshwara,IND,19503,34271,23.8729137061495,2,16,112,KA,B.K.Sangameshwara,IND,,,,,False,16,2013,AE
1686284,C.M. Ibrahim,INC,19497,22329,15.554208810499,3,16,112,KA,C.M. Ibrahim,INC,,,,,False,16,2013,AE
1686285,Hanumantharao,IND,19503,2254,1.57011897795982,4,16,112,KA,Hanumantharao,IND,,,,,False,16,2013,AE
1686286,S.B. Shivaji Rao Sindhya,BJP,19498,1779,1.23923764941904,5,16,112,KA,S.B. Shivaji Rao Sindhya,BJP,,,,,False,16,2013,AE
1686287,Hanumanthappa,IND,19503,1282,0.893031290924795,6,16,112,KA,Hanumanthappa,IND,,,,,False,16,2013,AE
1686288,Ahamed Ali,IND,19503,1084,0.755106021343587,7,16,112,KA,Ahamed Ali,IND,,,,,False,16,2013,AE
1686289,Vasundara Devi. P,IND,19503,440,0.306500599069352,8,16,112,KA,Vasundara Devi. P,IND,,,,,False,16,2013,AE
1686290,Comrede P. Murthy,CPM,19558,381,0.265401655103234,9,16,112,KA,Comrede P. Murthy,CPM,,,,,False,16,2013,AE
1686291,Teepu Sulthan,IND,19503,255,0.177631029006102,10,16,112,KA,Teepu Sulthan,IND,,,,,False,16,2013,AE
1686292,Suresh,BSP,19499,223,0.155340076346512,11,16,112,KA,Suresh,BSP,,,,,False,16,2013,AE
1686293,Omvijaya Vamshi,IND,19503,189,0.131655939145699,12,16,112,KA,Omvijaya Vamshi,IND,,,,,False,16,2013,AE
1686294,S. Venkateshmurthy,LSP,19526,158,0.110061578756722,13,16,112,KA,S. Venkateshmurthy,LSP,,,,,False,16,2013,AE
1686295,Kalpana A Nadig Sharma,JD(U),19507,140,0.0975229178857031,14,16,112,KA,Kalpana A Nadig Sharma,JD(U),,,,,False,16,2013,AE
1686296,B.G.C.Kumar,IND,19503,135,0.0940399565326423,15,16,112,KA,B.G.C.Kumar,IND,,,,,False,16,2013,AE
1686297,Balakrishna. M,BSRCP,19509,133,0.0926467719914179,16,16,112,KA,Balakrishna. M,BSRCP,,,,,False,16,2013,AE
1686298,Akhil Ahmed,IND,19503,133,0.0926467719914179,16,16,112,KA,Akhil Ahmed,IND,,,,,True,16,2013,AE
1686405,K.B. Prasannakumar,INC,19497,39355,28.1815708065994,1,16,113,KA,K.B. Prasannakumar,INC,,,,,False,16,2013,AE
1686406,S. Rudregowda,KJP,19508,39077,27.9824988542621,2,16,113,KA,S. Rudregowda,KJP,,,,,False,16,2013,AE
1686407,K.S.Eshwarappa,BJP,19498,33462,23.9616750687442,3,16,113,KA,K.S.Eshwarappa,BJP,,,,,True,16,2013,AE
1686408,M.Shreekanth,JD(S),19500,21638,15.4946723189734,4,16,113,KA,M.Shreekanth,JD(S),,,,,True,16,2013,AE
1686409,K.B. Basheer Ahmed,SDPI,19568,3312,2.37167736021998,5,16,113,KA,K.B. Basheer Ahmed,SDPI,,,,,False,16,2013,AE
1686410,Usha Jayaraj,IND,19503,562,0.40244042163153,6,16,113,KA,Usha Jayaraj,IND,,,,,False,16,2013,AE
1686411,Syed Shameer,IND,19503,432,0.309349220898258,7,16,113,KA,Syed Shameer,IND,,,,,False,16,2013,AE
1686412,Mohammad Fazeel,IND,19503,388,0.277841429880843,8,16,113,KA,Mohammad Fazeel,IND,,,,,False,16,2013,AE
1686413,B.R. Karibasappa,LJP,19521,330,0.236308432630614,9,16,113,KA,B.R. Karibasappa,LJP,,,,,False,16,2013,AE
1686414,A. Yaseen Mubarak,IND,19503,283,0.202652383134738,10,16,113,KA,A. Yaseen Mubarak,IND,,,,,False,16,2013,AE
1686415,Manjunath Patel Tyajavalli,JD(U),19507,250,0.179021539871677,11,16,113,KA,Manjunath Patel Tyajavalli,JD(U),,,,,False,16,2013,AE
1686416,Ga.Ra.Shrinivas,IND,19503,247,0.176873281393217,12,16,113,KA,Ga.Ra.Shrinivas,IND,,,,,False,16,2013,AE
1686417,Syed Majahar,IND,19503,164,0.11743813015582,13,16,113,KA,Syed Majahar,IND,,,,,False,16,2013,AE
1686418,Mahamad Fayaz Ahamad,IND,19503,148,0.105980751604032,14,16,113,KA,Mahamad Fayaz Ahamad,IND,,,,,False,16,2013,AE
1686526,Kimmane Rathnakar,INC,19497,37160,26.6925259490715,1,16,114,KA,Kimmane Rathnakar,INC,,,,,True,16,2013,AE
1686527,R. M. Manjunatha Gowda,KJP,19508,35817,25.7278310526882,2,16,114,KA,R. M. Manjunatha Gowda,KJP,,,,,False,16,2013,AE
1686528,Araga Jnanendra,BJP,19498,34446,24.7430233811011,3,16,114,KA,Araga Jnanendra,BJP,,,,,True,16,2013,AE
1686529,R. Madan,JD(S),19500,21295,15.2964838559063,4,16,114,KA,R. Madan,JD(S),,,,,False,16,2013,AE
1686530,Ashokamurthy,BSRCP,19509,5161,3.70721545810437,5,16,114,KA,Ashokamurthy,BSRCP,,,,,False,16,2013,AE
1686531,H. B. Kiran Kumar,IND,19503,1627,1.16869590202205,6,16,114,KA,H. B. Kiran Kumar,IND,,,,,False,16,2013,AE
1686532,Jadugar Nischal .V. Shetty,IND,19503,1363,0.979061164386021,7,16,114,KA,Jadugar Nischal .V. Shetty,IND,,,,,False,16,2013,AE
1686533,Kunaje Manjunatha Gowda,BSP,19499,1062,0.762848830944941,8,16,114,KA,Kunaje Manjunatha Gowda,BSP,,,,,False,16,2013,AE
1686534,Behalli Nagaraj .D.,JD(U),19507,738,0.530115289300721,9,16,114,KA,Behalli Nagaraj .D.,JD(U),,,,,False,16,2013,AE
1686535,Nagesh Horabylu,IND,19503,546,0.392199116474517,10,16,114,KA,Nagesh Horabylu,IND,,,,,False,16,2013,AE
1686623,B.S.Yeddyurappa,KJP,19508,69126,49.8866965922376,1,16,115,KA,B.S.Yeddyurappa,KJP,,,,,False,16,2013,AE
1686624,H.S.Shanthaveerappagow Da(Shantanna),INC,19497,44701,32.2597173909905,2,16,115,KA,H.S.Shanthaveerappagow Da(Shantanna),INC,,,,,False,16,2013,AE
1686625,Balegar.H,JD(S),19500,15007,10.8302180910179,3,16,115,KA,Balegar.H,JD(S),,,,,False,16,2013,AE
1686626,S.H.Manjunatha,BJP,19498,2383,1.71975809361603,4,16,115,KA,S.H.Manjunatha,BJP,,,,,False,16,2013,AE
1686627,Rajunaika,IND,19503,1447,1.04426771358053,5,16,115,KA,Rajunaika,IND,,,,,False,16,2013,AE
1686628,Eshwarappa. D.S.,IND,19503,1288,0.929520950305269,6,16,115,KA,Eshwarappa. D.S.,IND,,,,,False,16,2013,AE
1686629,Koteshwara,IND,19503,1157,0.834981164210556,7,16,115,KA,Koteshwara,IND,,,,,False,16,2013,AE
1686630,Eryanaika,IND,19503,1132,0.816939220299351,8,16,115,KA,Eryanaika,IND,,,,,False,16,2013,AE
1686631,Saifulla.G,IND,19503,936,0.675490380035506,9,16,115,KA,Saifulla.G,IND,,,,,False,16,2013,AE
1686632,J.Pakkirappa,BSRCP,19509,608,0.438780075920499,10,16,115,KA,J.Pakkirappa,BSRCP,,,,,False,16,2013,AE
1686633,Girish.S,IND,19503,433,0.312486468542066,11,16,115,KA,Girish.S,IND,,,,,False,16,2013,AE
1686634,Huvadigara Shekarappa Hittala,BSP,19499,348,0.25114385924397,12,16,115,KA,Huvadigara Shekarappa Hittala,BSP,,,,,False,16,2013,AE
1686727,S. Madhu Bangarappa,JD(S),19500,58541,41.4716737862977,1,16,116,KA,S. Madhu Bangarappa,JD(S),,,,,False,16,2013,AE
1686728,H. Halappa,KJP,19508,37316,26.4354380521256,2,16,116,KA,H. Halappa,KJP,,,,,False,16,2013,AE
1686729,S. Kumara Bangarappa,INC,19497,33176,23.5025751103365,3,16,116,KA,S. Kumara Bangarappa,INC,,,,,True,16,2013,AE
1686730,Chikkavali Nagarajagowda,BJP,19498,5226,3.70220814825834,4,16,116,KA,Chikkavali Nagarajagowda,BJP,,,,,False,16,2013,AE
1686731,H.Bheemappa,IND,19503,1514,1.07254939465425,5,16,116,KA,H.Bheemappa,IND,,,,,False,16,2013,AE
1686732,Basavanyappa,IND,19503,1343,0.951409403580359,6,16,116,KA,Basavanyappa,IND,,,,,False,16,2013,AE
1686733,K.Gurumurthy,IND,19503,1081,0.765803101467139,7,16,116,KA,K.Gurumurthy,IND,,,,,False,16,2013,AE
1686734,B.Chandrappagowda,BSRCP,19509,1026,0.726839946443372,8,16,116,KA,B.Chandrappagowda,BSRCP,,,,,False,16,2013,AE
1686735,K.S. Sathyanarayana,JD(U),19507,940,0.665915740406208,9,16,116,KA,K.S. Sathyanarayana,JD(U),,,,,True,16,2013,AE
1686736,Guddappa,BSP,19499,512,0.362711552221254,10,16,116,KA,Guddappa,BSP,,,,,False,16,2013,AE
1686737,J.S.Chidanandagowda,IND,19503,484,0.342875764209154,11,16,116,KA,J.S.Chidanandagowda,IND,,,,,False,16,2013,AE
1686828,Kagodu Thimmappa,INC,19497,71960,52.3699665955882,1,16,117,KA,Kagodu Thimmappa,INC,,,,,True,16,2013,AE
1686829,B.R. Jayanth,KJP,19508,30712,22.3511174830976,2,16,117,KA,B.R. Jayanth,KJP,,,,,False,16,2013,AE
1686830,Gopalkrishna Beluru,JD(S),19500,23217,16.8965191001914,3,16,117,KA,Gopalkrishna Beluru,JD(S),,,,,False,16,2013,AE
1686831,Sharavathi C. Rao,BJP,19498,5355,3.89718136630593,4,16,117,KA,Sharavathi C. Rao,BJP,,,,,False,16,2013,AE
1686832,T.R. Krishnappa,LSP,19526,2302,1.67531494028688,5,16,117,KA,T.R. Krishnappa,LSP,,,,,False,16,2013,AE
1686833,Suresha. C.,IND,19503,1385,1.00795447102403,6,16,117,KA,Suresha. C.,IND,,,,,False,16,2013,AE
1686834,S. Ramachandra,IND,19503,597,0.434475681733827,7,16,117,KA,S. Ramachandra,IND,,,,,False,16,2013,AE
1686835,K.N. Venkatesha,BSP,19499,549,0.399542963604474,8,16,117,KA,K.N. Venkatesha,BSP,,,,,False,16,2013,AE
1686836,Megharaja. N. Pujari,IND,19503,532,0.387170959266995,9,16,117,KA,Megharaja. N. Pujari,IND,,,,,False,16,2013,AE
1686837,Ganesh. B. Belli,BSRCP,19509,420,0.305661283631838,10,16,117,KA,Ganesh. B. Belli,BSRCP,,,,,False,16,2013,AE
1686838,Dinesh Baradavalli,JD(U),19507,378,0.275095155268654,11,16,117,KA,Dinesh Baradavalli,JD(U),,,,,False,16,2013,AE
1686929,K. Gopala Poojary,INC,19497,82277,55.558781821865,1,16,118,KA,K. Gopala Poojary,INC,,,,,True,16,2013,AE
1686930,B.M. Sukumar Shetty,BJP,19498,51128,34.5249510432844,2,16,118,KA,B.M. Sukumar Shetty,BJP,,,,,False,16,2013,AE
1686931,Naveenchandra Uppunda,KJP,19508,4177,2.82058207846579,3,16,118,KA,Naveenchandra Uppunda,KJP,,,,,False,16,2013,AE
1686932,K.Shanker,CPM,19558,2960,1.99878452292524,4,16,118,KA,K.Shanker,CPM,,,,,False,16,2013,AE
1686933,H. Suresh Poojray,IND,19503,1611,1.08785198190289,5,16,118,KA,H. Suresh Poojray,IND,,,,,False,16,2013,AE
1686934,Udaya Kumar Tallur,BSP,19499,1515,1.02302653791613,6,16,118,KA,Udaya Kumar Tallur,BSP,,,,,True,16,2013,AE
1686935,Surayya Banu,JD(S),19500,1023,0.690796137483962,7,16,118,KA,Surayya Banu,JD(S),,,,,False,16,2013,AE
1686936,Sridhar Pedemane,IND,19503,957,0.646228644743061,8,16,118,KA,Sridhar Pedemane,IND,,,,,False,16,2013,AE
1686937,Lokesh Vittal Borkar Sirsi,IND,19503,630,0.425416976163144,9,16,118,KA,Lokesh Vittal Borkar Sirsi,IND,,,,,False,16,2013,AE
1686938,Divakar Kotiyan,IND,19503,620,0.418664325747856,10,16,118,KA,Divakar Kotiyan,IND,,,,,False,16,2013,AE
1686939,Abdul Azeez,IND,19503,463,0.312647714227834,11,16,118,KA,Abdul Azeez,IND,,,,,False,16,2013,AE
1686940,Abdul Hazid,IND,19503,395,0.266729691403876,12,16,118,KA,Abdul Hazid,IND,,,,,False,16,2013,AE
1686941,Manjunatha K,JD(U),19507,334,0.225538523870619,13,16,118,KA,Manjunatha K,JD(U),,,,,False,16,2013,AE
1687028,Haladi Srinivas Shetty,IND,19503,80563,57.9660821827129,1,16,119,KA,Haladi Srinivas Shetty,IND,,,,,False,16,2013,AE
1687029,Mallyadi Shivarama Shetty,INC,19497,39952,28.7459617363274,2,16,119,KA,Mallyadi Shivarama Shetty,INC,,,,,False,16,2013,AE
1687030,Kishore Kumar,BJP,19498,14524,10.4501989451947,3,16,119,KA,Kishore Kumar,BJP,,,,,False,16,2013,AE
1687031,Srinivasa.H,IND,19503,2442,1.75704942331076,4,16,119,KA,Srinivasa.H,IND,,,,,False,16,2013,AE
1687032,Manjunath,IND,19503,764,0.549707518185677,5,16,119,KA,Manjunath,IND,,,,,False,16,2013,AE
1687033,Krishna Barathcal,JD(U),19507,738,0.531000194268363,6,16,119,KA,Krishna Barathcal,JD(U),,,,,False,16,2013,AE
1687094,Pramod Madhwaraj,INC,19497,86868,62.7522935779816,1,16,120,KA,Pramod Madhwaraj,INC,,,,,True,16,2013,AE
1687095,B. Sudhakar Shetty,BJP,19498,47344,34.2006790435599,2,16,120,KA,B. Sudhakar Shetty,BJP,,,,,False,16,2013,AE
1687096,Alevoor Yogeesh Acharya,IND,19503,1472,1.06335331936718,3,16,120,KA,Alevoor Yogeesh Acharya,IND,,,,,False,16,2013,AE
1687097,Barkur Satish Poojary,JD(S),19500,1017,0.734667340894314,4,16,120,KA,Barkur Satish Poojary,JD(S),,,,,False,16,2013,AE
1687098,Manjunatha V,BSP,19499,986,0.712273351152206,5,16,120,KA,Manjunatha V,BSP,,,,,False,16,2013,AE
1687099,Thukaram Kotian,IND,19503,498,0.359748609405475,6,16,120,KA,Thukaram Kotian,IND,,,,,False,16,2013,AE
1687100,Nasir Hussain,IND,19503,245,0.17698475763924,7,16,120,KA,Nasir Hussain,IND,,,,,False,16,2013,AE
1687170,Vinay Kumar Sorake,INC,19497,52782,46.3565224264673,1,16,121,KA,Vinay Kumar Sorake,INC,,,,,False,16,2013,AE
1687171,Lalaji R. Mendon,BJP,19498,50927,44.7273429883805,2,16,121,KA,Lalaji R. Mendon,BJP,,,,,True,16,2013,AE
1687172,Vasantha V. Salian,JD(S),19500,4327,3.80024767040514,3,16,121,KA,Vasantha V. Salian,JD(S),,,,,False,16,2013,AE
1687173,Abdul Hakeem,SDPI,19568,2171,1.90671081406276,4,16,121,KA,Abdul Hakeem,SDPI,,,,,False,16,2013,AE
1687174,Srikantha B.Acharya,IND,19503,1174,1.03108175758161,5,16,121,KA,Srikantha B.Acharya,IND,,,,,False,16,2013,AE
1687175,Hameed,IND,19503,1125,0.988046829028376,6,16,121,KA,Hameed,IND,,,,,False,16,2013,AE
1687176,Vijaya Kumar Hegde.B,IND,19503,467,0.410149217027779,7,16,121,KA,Vijaya Kumar Hegde.B,IND,,,,,False,16,2013,AE
1687177,Ronald Castelino,IND,19503,269,0.236252975118785,8,16,121,KA,Ronald Castelino,IND,,,,,False,16,2013,AE
1687178,Richard Lobo,IND,19503,249,0.21868769815828,9,16,121,KA,Richard Lobo,IND,,,,,False,16,2013,AE
1687179,Kasim,IND,19503,208,0.182678880389246,10,16,121,KA,Kasim,IND,,,,,False,16,2013,AE
1687180,Praveen Kumar,IND,19503,162,0.142278743380086,11,16,121,KA,Praveen Kumar,IND,,,,,False,16,2013,AE
1687240,V. Sunil Kumar,BJP,19498,65039,49.8482456274813,1,16,122,KA,V. Sunil Kumar,BJP,,,,,True,16,2013,AE
1687241,H. Gopal Bhandary,INC,19497,60785,46.5878259270046,2,16,122,KA,H. Gopal Bhandary,INC,,,,,True,16,2013,AE
1687242,Walter D'Souza,JD(S),19500,1302,0.997899964743933,3,16,122,KA,Walter D'Souza,JD(S),,,,,False,16,2013,AE
1687243,Anna Sunil Soans,BSP,19499,878,0.672931005411039,4,16,122,KA,Anna Sunil Soans,BSP,,,,,False,16,2013,AE
1687244,U.K. Syad,IND,19503,873,0.669098824286831,5,16,122,KA,U.K. Syad,IND,,,,,False,16,2013,AE
1687245,Praveen Poojari,KJP,19508,553,0.423839232337477,6,16,122,KA,Praveen Poojari,KJP,,,,,False,16,2013,AE
1687246,K P Padmavathi,IND,19503,478,0.366356515474347,7,16,122,KA,K P Padmavathi,IND,,,,,False,16,2013,AE
1687247,Riyaz,IND,19503,334,0.255989699097138,8,16,122,KA,Riyaz,IND,,,,,False,16,2013,AE
1687248,Gopala,IND,19503,232,0.177813204163281,9,16,122,KA,Gopala,IND,,,,,False,16,2013,AE
1687319,D.N .Jeevaraja,BJP,19498,58402,48.6857790708337,1,16,123,KA,D.N .Jeevaraja,BJP,,,,,True,16,2013,AE
1687320,T.D. Raje Gowda,INC,19497,54950,45.808081229107,2,16,123,KA,T.D. Raje Gowda,INC,,,,,False,16,2013,AE
1687321,T.C. Rajendra,JD(S),19500,3941,3.28534391490284,3,16,123,KA,T.C. Rajendra,JD(S),,,,,False,16,2013,AE
1687322,K.V. Mahesh Kumar,IND,19503,1018,0.848637428411847,4,16,123,KA,K.V. Mahesh Kumar,IND,,,,,False,16,2013,AE
1687323,Umesh,CPM,19558,505,0.420984185999983,5,16,123,KA,Umesh,CPM,,,,,False,16,2013,AE
1687324,K.C.Prakash,IND,19503,462,0.385138007786123,6,16,123,KA,K.C.Prakash,IND,,,,,True,16,2013,AE
1687325,Abraham,IND,19503,353,0.294272114174245,7,16,123,KA,Abraham,IND,,,,,False,16,2013,AE
1687326,Purnesh G.R.,BSRCP,19509,326,0.271764048784147,8,16,123,KA,Purnesh G.R.,BSRCP,,,,,False,16,2013,AE
1687402,B.B. Ningaiah,JD(S),19500,32417,29.4066420530311,1,16,124,KA,B.B. Ningaiah,JD(S),,,,,False,16,2013,AE
1687403,B.N Chandrappa,INC,19497,31782,28.830610412112,2,16,124,KA,B.N Chandrappa,INC,,,,,True,16,2013,AE
1687404,M.P.Kumara Swamy,BJP,19498,29309,26.5872619900759,3,16,124,KA,M.P.Kumara Swamy,BJP,,,,,True,16,2013,AE
1687405,Saathi Sundaresh,CPI,19586,12721,11.5396826836724,4,16,124,KA,Saathi Sundaresh,CPI,,,,,True,16,2013,AE
1687406,U.B. Manjaiah,BSP,19499,1660,1.50584649437121,5,16,124,KA,U.B. Manjaiah,BSP,,,,,False,16,2013,AE
1687407,B.M. Ramesh Byrigadde,IND,19503,1062,0.963378901820622,6,16,124,KA,B.M. Ramesh Byrigadde,IND,,,,,False,16,2013,AE
1687408,Comrade Kumara,CPM,19558,827,0.750201837858432,7,16,124,KA,Comrade Kumara,CPM,,,,,False,16,2013,AE
1687409,Nanjunda,IND,19503,459,0.416375627058065,8,16,124,KA,Nanjunda,IND,,,,,False,16,2013,AE
1687486,C.T Ravi,BJP,19498,58683,42.2043223416879,1,16,125,KA,C.T Ravi,BJP,,,,,True,16,2013,AE
1687487,K S Shanthe Gowda,INC,19497,47695,34.3018447265273,2,16,125,KA,K S Shanthe Gowda,INC,,,,,False,16,2013,AE
1687488,S L Dharme Gowda,JD(S),19500,24913,17.917221043547,3,16,125,KA,S L Dharme Gowda,JD(S),,,,,False,16,2013,AE
1687489,Dr. K B Vedamurthy,KJP,19508,3541,2.54665755690603,4,16,125,KA,Dr. K B Vedamurthy,KJP,,,,,False,16,2013,AE
1687490,Apsar Pasha,NCP,19502,801,0.576072494516163,5,16,125,KA,Apsar Pasha,NCP,,,,,False,16,2013,AE
1687491,Snake Naresh Kumar,IND,19503,681,0.48976949908303,6,16,125,KA,Snake Naresh Kumar,IND,,,,,False,16,2013,AE
1687492,Dwarakish,HND,19629,574,0.41281599482182,7,16,125,KA,Dwarakish,HND,,,,,False,16,2013,AE
1687493,K Revanna,IND,19503,403,0.289834226329605,8,16,125,KA,K Revanna,IND,,,,,False,16,2013,AE
1687494,M M Sudeer,IND,19503,387,0.278327160271854,9,16,125,KA,M M Sudeer,IND,,,,,False,16,2013,AE
1687495,Muniya Bhovi,IND,19503,365,0.262504944442446,10,16,125,KA,Muniya Bhovi,IND,,,,,False,16,2013,AE
1687496,Dharme Gowda,IND,19503,281,0.202092847639253,11,16,125,KA,Dharme Gowda,IND,,,,,False,16,2013,AE
1687497,Com Suresh,CPM,19558,226,0.162537308065734,12,16,125,KA,Com Suresh,CPM,,,,,False,16,2013,AE
1687498,U K Gurushanthappa,IND,19503,172,0.123700960120824,13,16,125,KA,U K Gurushanthappa,IND,,,,,False,16,2013,AE
1687499,Harisha T,JD(U),19507,162,0.116509043834729,14,16,125,KA,Harisha T,JD(U),,,,,False,16,2013,AE
1687500,Apsar Pasha,IND,19503,161,0.11578985220612,15,16,125,KA,Apsar Pasha,IND,,,,,False,16,2013,AE
1687597,G.H Srinivasa,INC,19497,35817,28.7163164350942,1,16,126,KA,G.H Srinivasa,INC,,,,,False,16,2013,AE
1687598,Suresh .D.S,KJP,19508,34918,27.9955422643052,2,16,126,KA,Suresh .D.S,KJP,,,,,False,16,2013,AE
1687599,H.M Gopi Krishna,IND,19503,34554,27.7037048914829,3,16,126,KA,H.M Gopi Krishna,IND,,,,,False,16,2013,AE
1687600,T.R Nagaraj,JD(S),19500,8421,6.75154537509921,4,16,126,KA,T.R Nagaraj,JD(S),,,,,False,16,2013,AE
1687601,Avinash T.J,BJP,19498,2989,2.39643381144419,5,16,126,KA,Avinash T.J,BJP,,,,,False,16,2013,AE
1687602,Doranalu Suresh,SKP,19542,2116,1.69650516728535,6,16,126,KA,Doranalu Suresh,SKP,,,,,False,16,2013,AE
1687603,Theerthappa,IND,19503,978,0.78411250170372,7,16,126,KA,Theerthappa,IND,,,,,False,16,2013,AE
1687604,Devaraju T.S,SAJP,19603,881,0.706342652352738,8,16,126,KA,Devaraju T.S,SAJP,,,,,False,16,2013,AE
1687605,Jayaramu V,IND,19503,839,0.672669109334787,9,16,126,KA,Jayaramu V,IND,,,,,False,16,2013,AE
1687606,H.P Ashoka,IND,19503,795,0.637392064268362,10,16,126,KA,H.P Ashoka,IND,,,,,False,16,2013,AE
1687607,T.S Suresha,IND,19503,608,0.487464622736055,11,16,126,KA,T.S Suresha,IND,,,,,False,16,2013,AE
1687608,K Manjunatha,BSRCP,19509,600,0.48105061454216,12,16,126,KA,K Manjunatha,BSRCP,,,,,False,16,2013,AE
1687609,Neelakantappa B.R,IND,19503,415,0.332726675058327,13,16,126,KA,Neelakantappa B.R,IND,,,,,False,16,2013,AE
1687610,H.S Neelakantappa Hosuru,IND,19503,318,0.254956825707344,14,16,126,KA,H.S Neelakantappa Hosuru,IND,,,,,False,16,2013,AE
1687611,B.R Paramesha Naik,IND,19503,278,0.222886784737867,15,16,126,KA,B.R Paramesha Naik,IND,,,,,False,16,2013,AE
1687612,Suresha A,IND,19503,200,0.160350204847386,16,16,126,KA,Suresha A,IND,,,,,False,16,2013,AE
1687697,Y.S.V Datta,JD(S),19500,68733,48.5615170484251,1,16,127,KA,Y.S.V Datta,JD(S),,,,,True,16,2013,AE
1687698,Belli Prakash,KJP,19508,26300,18.5815823312467,2,16,127,KA,Belli Prakash,KJP,,,,,False,16,2013,AE
1687699,K.B.Mallikarjuna,INC,19497,24745,17.4829374443612,3,16,127,KA,K.B.Mallikarjuna,INC,,,,,False,16,2013,AE
1687700,Birur Devaraj,BJP,19498,9332,6.59328236939903,4,16,127,KA,Birur Devaraj,BJP,,,,,False,16,2013,AE
1687701,K.M.Kemparaju,BSRCP,19509,7309,5.16398423038335,5,16,127,KA,K.M.Kemparaju,BSRCP,,,,,False,16,2013,AE
1687702,B.M.Madhu,LSP,19526,2179,1.53951588972572,6,16,127,KA,B.M.Madhu,LSP,,,,,False,16,2013,AE
1687703,K.H.Nagaraju,IND,19503,1829,1.29223247467111,7,16,127,KA,K.H.Nagaraju,IND,,,,,False,16,2013,AE
1687704,K.R.Gangadharappa,IND,19503,632,0.446523195184332,8,16,127,KA,K.R.Gangadharappa,IND,,,,,False,16,2013,AE
1687705,Kumaranaik T.B.,IND,19503,479,0.338425016603315,9,16,127,KA,Kumaranaik T.B.,IND,,,,,False,16,2013,AE
1687792,C B Suresh Babu,JD(S),19500,60759,37.7793391615783,1,16,128,KA,C B Suresh Babu,JD(S),,,,,True,16,2013,AE
1687793,J.C. Madhuswamy,KJP,19508,49620,30.853220250457,2,16,128,KA,J.C. Madhuswamy,KJP,,,,,False,16,2013,AE
1687794,K S Kiran Kumar,BJP,19498,29150,18.1251787646276,3,16,128,KA,K S Kiran Kumar,BJP,,,,,True,16,2013,AE
1687795,Sathish Sasalu,INC,19497,10344,6.43179585390421,4,16,128,KA,Sathish Sasalu,INC,,,,,False,16,2013,AE
1687796,Kenkere Sathish,KRRS,19522,2086,1.29705395893698,5,16,128,KA,Kenkere Sathish,KRRS,,,,,False,16,2013,AE
1687797,Captain Somashekar,BSP,19499,1743,1.08377998582318,6,16,128,KA,Captain Somashekar,BSP,,,,,False,16,2013,AE
1687798,C.M.Manjula Nagaraju,IND,19503,1725,1.07258776565978,7,16,128,KA,C.M.Manjula Nagaraju,IND,,,,,False,16,2013,AE
1687799,Ramachandraiah Baraguru,IND,19503,1648,1.02470993496076,8,16,128,KA,Ramachandraiah Baraguru,IND,,,,,False,16,2013,AE
1687800,Devaraju K.L,BSRCP,19509,1624,1.00978697474288,9,16,128,KA,Devaraju K.L,BSRCP,,,,,False,16,2013,AE
1687801,G.Prakash,JD(U),19507,1108,0.688943330058572,10,16,128,KA,G.Prakash,JD(U),,,,,False,16,2013,AE
1687802,Hanumantharamanayak,WPOI,19571,1019,0.633604019250618,11,16,128,KA,Hanumantharamanayak,WPOI,,,,,False,16,2013,AE
1687899,K. Shadakshari,INC,19497,56817,40.5103634146863,1,16,129,KA,K. Shadakshari,INC,,,,,True,16,2013,AE
1687900,B.C. Nagesh,BJP,19498,45215,32.2381695935202,2,16,129,KA,B.C. Nagesh,BJP,,,,,True,16,2013,AE
1687901,Lokeshwara,KJP,19508,28667,20.4394914903781,3,16,129,KA,Lokeshwara,KJP,,,,,False,16,2013,AE
1687902,M.Lingaraju (Jakkanahalli),JD(S),19500,6104,4.35213507019457,4,16,129,KA,M.Lingaraju (Jakkanahalli),JD(S),,,,,False,16,2013,AE
1687903,Veerabhadraiah M.C.,IND,19503,880,0.627437559267894,5,16,129,KA,Veerabhadraiah M.C.,IND,,,,,False,16,2013,AE
1687904,Abdulwakeel,BSP,19499,847,0.603908650795348,6,16,129,KA,Abdulwakeel,BSP,,,,,False,16,2013,AE
1687905,Sudharshan K.G,BSRCP,19509,504,0.359350602126157,7,16,129,KA,Sudharshan K.G,BSRCP,,,,,False,16,2013,AE
1687906,H.L.Mohankumar,IND,19503,450,0.320848751898355,8,16,129,KA,H.L.Mohankumar,IND,,,,,False,16,2013,AE
1687907,L.P.Yadunandana,IND,19503,415,0.295893848972927,9,16,129,KA,L.P.Yadunandana,IND,,,,,False,16,2013,AE
1687908,Lingadahalli Rajashekara,IND,19503,354,0.252401018160039,10,16,129,KA,Lingadahalli Rajashekara,IND,,,,,False,16,2013,AE
1688006,M.T. Krishnappa,JD(S),19500,66089,47.1814897839713,1,16,130,KA,M.T. Krishnappa,JD(S),,,,,True,16,2013,AE
1688007,Masala Jayaram,KJP,19508,57164,40.8098576466724,2,16,130,KA,Masala Jayaram,KJP,,,,,False,16,2013,AE
1688008,Geetha Rajanna,INC,19497,7513,5.3635935291346,3,16,130,KA,Geetha Rajanna,INC,,,,,False,16,2013,AE
1688009,B.K.Somashekara,BJP,19498,3542,2.52866342076331,4,16,130,KA,B.K.Somashekara,BJP,,,,,False,16,2013,AE
1688010,Shivakumar,IND,19503,1121,0.80029127461199,5,16,130,KA,Shivakumar,IND,,,,,False,16,2013,AE
1688011,Rajashekara (Helicopter),BSRCP,19509,1068,0.762454131387695,6,16,130,KA,Rajashekara (Helicopter),BSRCP,,,,,False,16,2013,AE
1688012,M. T. Krishnappa,IND,19503,851,0.607536016676899,7,16,130,KA,M. T. Krishnappa,IND,,,,,False,16,2013,AE
1688013,Chethan Ranganath,IND,19503,743,0.530433913502862,8,16,130,KA,Chethan Ranganath,IND,,,,,False,16,2013,AE
1688014,H.Mahesha,IND,19503,722,0.515441837885688,9,16,130,KA,H.Mahesha,IND,,,,,False,16,2013,AE
1688015,D.G.Gopalaiah,BSP,19499,472,0.336964747205048,10,16,130,KA,D.G.Gopalaiah,BSP,,,,,False,16,2013,AE
1688016,D.K.Thimmegowda,IND,19503,399,0.284849436726301,11,16,130,KA,D.K.Thimmegowda,IND,,,,,False,16,2013,AE
1688017,N.C.Prakash,IND,19503,390,0.278424261461798,12,16,130,KA,N.C.Prakash,IND,,,,,False,16,2013,AE
1688108,D. Nagarajaiah,JD(S),19500,44575,31.2708267564628,1,16,131,KA,D. Nagarajaiah,JD(S),,,,,True,16,2013,AE
1688109,D. Krishna Kumar,BJP,19498,34943,24.5136623522396,2,16,131,KA,D. Krishna Kumar,BJP,,,,,True,16,2013,AE
1688110,B.B. Ramaswamy Gowda,INC,19497,33918,23.794591181732,3,16,131,KA,B.B. Ramaswamy Gowda,INC,,,,,True,16,2013,AE
1688111,C.N. Ravikiran,IND,19503,24604,17.2605142235785,4,16,131,KA,C.N. Ravikiran,IND,,,,,False,16,2013,AE
1688112,Dhanaraj Herur,RPI,19515,1280,0.897962047072854,5,16,131,KA,Dhanaraj Herur,RPI,,,,,False,16,2013,AE
1688113,B.V. Prakash,KJP,19508,1029,0.721877301904661,6,16,131,KA,B.V. Prakash,KJP,,,,,False,16,2013,AE
1688114,A.L. Nanjappa,IND,19503,926,0.649619418429267,7,16,131,KA,A.L. Nanjappa,IND,,,,,False,16,2013,AE
1688115,V.T. Jayaram,IND,19503,833,0.58437686344663,8,16,131,KA,V.T. Jayaram,IND,,,,,False,16,2013,AE
1688116,N.R.Lakshminarayana,BSRCP,19509,437,0.306569855133466,9,16,131,KA,N.R.Lakshminarayana,BSRCP,,,,,False,16,2013,AE
1688211,Rafiq Ahmed,INC,19497,43681,31.5803552708633,1,16,132,KA,Rafiq Ahmed,INC,,,,,True,16,2013,AE
1688212,G.B. Jyothi Ganesh,KJP,19508,40073,28.9718545081226,2,16,132,KA,G.B. Jyothi Ganesh,KJP,,,,,False,16,2013,AE
1688213,N. Govindaraju,JD(S),19500,38322,27.705921904032,3,16,132,KA,N. Govindaraju,JD(S),,,,,False,16,2013,AE
1688214,S. Shivanna Sogadu,BJP,19498,13159,9.51365341931938,4,16,132,KA,S. Shivanna Sogadu,BJP,,,,,True,16,2013,AE
1688215,Mohammed Sadiq Jameel (Banu),SDPI,19568,698,0.504637897004706,5,16,132,KA,Mohammed Sadiq Jameel (Banu),SDPI,,,,,False,16,2013,AE
1688216,Syed Wajid Ahmed,IND,19503,552,0.399083265253005,6,16,132,KA,Syed Wajid Ahmed,IND,,,,,False,16,2013,AE
1688217,Rahamath Shariff,IND,19503,505,0.365103349552115,7,16,132,KA,Rahamath Shariff,IND,,,,,False,16,2013,AE
1688218,Shivaramaiah,BSRCP,19509,278,0.200987586486115,8,16,132,KA,Shivaramaiah,BSRCP,,,,,False,16,2013,AE
1688219,Rajanikanth B.R.,IND,19503,263,0.190142932539022,9,16,132,KA,Rajanikanth B.R.,IND,,,,,False,16,2013,AE
1688220,Suhas S.L.,IND,19503,259,0.187251024819798,10,16,132,KA,Suhas S.L.,IND,,,,,False,16,2013,AE
1688221,M. Siddalingaiah,IND,19503,174,0.125797985786273,11,16,132,KA,M. Siddalingaiah,IND,,,,,False,16,2013,AE
1688222,B.T. Sunanda,JD(U),19507,144,0.104108677892088,12,16,132,KA,B.T. Sunanda,JD(U),,,,,False,16,2013,AE
1688223,Nanjegowda R.,IND,19503,131,0.0947099778046082,13,16,132,KA,Nanjegowda R.,IND,,,,,False,16,2013,AE
1688224,Toufeeq Ulla Khan,IND,19503,78,0.0563922005248812,14,16,132,KA,Toufeeq Ulla Khan,IND,,,,,False,16,2013,AE
1688326,B. Suresh Gowda,BJP,19498,55029,37.5048560231726,1,16,133,KA,B. Suresh Gowda,BJP,,,,,True,16,2013,AE
1688327,Gowri Shankar D.C,JD(S),19500,53457,36.4334639631964,2,16,133,KA,Gowri Shankar D.C,JD(S),,,,,False,16,2013,AE
1688328,H. Ningappa,KJP,19508,22709,15.4772533651388,3,16,133,KA,H. Ningappa,KJP,,,,,False,16,2013,AE
1688329,Auditor Nagaraju Yalachavadi,INC,19497,8599,5.86062361560742,4,16,133,KA,Auditor Nagaraju Yalachavadi,INC,,,,,False,16,2013,AE
1688330,N.Gangaiah,BSP,19499,1060,0.722439938660759,5,16,133,KA,N.Gangaiah,BSP,,,,,False,16,2013,AE
1688331,T.B. Siddaramegowda,IND,19503,1041,0.709490543533821,6,16,133,KA,T.B. Siddaramegowda,IND,,,,,True,16,2013,AE
1688332,B.H.Kalaiah,JD(U),19507,935,0.637246549667745,7,16,133,KA,B.H.Kalaiah,JD(U),,,,,False,16,2013,AE
1688333,Vijayakumar N.,IND,19503,662,0.451184188107002,8,16,133,KA,Vijayakumar N.,IND,,,,,False,16,2013,AE
1688334,K.V.Srinivas Kalkere,IND,19503,637,0.4341455103084,9,16,133,KA,K.V.Srinivas Kalkere,IND,,,,,False,16,2013,AE
1688335,Mehar Taj,IND,19503,558,0.380303288464815,10,16,133,KA,Mehar Taj,IND,,,,,False,16,2013,AE
1688336,Lakshmi,IND,19503,530,0.361219969330379,11,16,133,KA,Lakshmi,IND,,,,,False,16,2013,AE
1688337,M.Kumbaiah,BSRCP,19509,497,0.338728914636224,12,16,133,KA,M.Kumbaiah,BSRCP,,,,,False,16,2013,AE
1688338,Anwar,IND,19503,410,0.279434315897086,13,16,133,KA,Anwar,IND,,,,,False,16,2013,AE
1688339,Dattatreya.M.J.,IND,19503,338,0.23036292383711,14,16,133,KA,Dattatreya.M.J.,IND,,,,,False,16,2013,AE
1688340,D.Lakshmaiah,IND,19503,263,0.179246890441301,15,16,133,KA,D.Lakshmaiah,IND,,,,,False,16,2013,AE
1688439,Sudhakara Lal .P.R,JD(S),19500,72229,47.4435438315313,1,16,134,KA,Sudhakara Lal .P.R,JD(S),,,,,False,16,2013,AE
1688440,Dr. G. Parameswara,INC,19497,54074,35.5184508874029,2,16,134,KA,Dr. G. Parameswara,INC,,,,,True,16,2013,AE
1688441,Chandraiah,KJP,19508,15738,10.3374889977798,3,16,134,KA,Chandraiah,KJP,,,,,False,16,2013,AE
1688442,Peddaraju,BJP,19498,3088,2.02834960129267,4,16,134,KA,Peddaraju,BJP,,,,,False,16,2013,AE
1688443,M.L. Santhosh,IND,19503,1388,0.911706362239066,5,16,134,KA,M.L. Santhosh,IND,,,,,False,16,2013,AE
1688444,Anjaneya,BSRCP,19509,1265,0.830913939648717,6,16,134,KA,Anjaneya,BSRCP,,,,,False,16,2013,AE
1688445,Narasimha Murthy,IND,19503,1100,0.722533860564101,7,16,134,KA,Narasimha Murthy,IND,,,,,True,16,2013,AE
1688446,Bulla Subbarao,BSP,19499,989,0.649623625543542,8,16,134,KA,Bulla Subbarao,BSP,,,,,False,16,2013,AE
1688447,D. Lalitha Krishnamurthy,IND,19503,547,0.359296383389603,9,16,134,KA,D. Lalitha Krishnamurthy,IND,,,,,False,16,2013,AE
1688448,L. Janardhanaswamy,NPP,19543,519,0.340904612393426,10,16,134,KA,L. Janardhanaswamy,NPP,,,,,False,16,2013,AE
1688449,Lakshminarasaiah,IND,19503,482,0.316601200719906,11,16,134,KA,Lakshminarasaiah,IND,,,,,False,16,2013,AE
1688450,Shanthakumar. V,IND,19503,454,0.298209429723729,12,16,134,KA,Shanthakumar. V,IND,,,,,False,16,2013,AE
1688451,Mutturaju. P.M,IND,19503,369,0.242377267771048,13,16,134,KA,Mutturaju. P.M,IND,,,,,False,16,2013,AE
1688545,S.R.Srinivas Vasu,JD(S),19500,58783,42.0903772760795,1,16,135,KA,S.R.Srinivas Vasu,JD(S),,,,,True,16,2013,AE
1688546,G.N. Bettaswamy,KJP,19508,51539,36.9034577077023,2,16,135,KA,G.N. Bettaswamy,KJP,,,,,False,16,2013,AE
1688547,Honnagirigowda,INC,19497,18548,13.2809199550333,3,16,135,KA,Honnagirigowda,INC,,,,,False,16,2013,AE
1688548,Nataraja Sagaranahally,BJP,19498,2396,1.71560730063941,4,16,135,KA,Nataraja Sagaranahally,BJP,,,,,False,16,2013,AE
1688549,G.K. Hucchegowda,BSRCP,19509,2233,1.59889445005334,5,16,135,KA,G.K. Hucchegowda,BSRCP,,,,,False,16,2013,AE
1688550,Bettaswamy,IND,19503,1798,1.28742150523775,6,16,135,KA,Bettaswamy,IND,,,,,False,16,2013,AE
1688551,H M Umesh,JD(U),19507,767,0.549194824536907,7,16,135,KA,H M Umesh,JD(U),,,,,False,16,2013,AE
1688552,A R Srinivasamurthy,IND,19503,669,0.479023908233626,8,16,135,KA,A R Srinivasamurthy,IND,,,,,False,16,2013,AE
1688553,Shivanna Maranahally,BSP,19499,583,0.417445349028705,9,16,135,KA,Shivanna Maranahally,BSP,,,,,False,16,2013,AE
1688554,Lokesh P.C,IND,19503,569,0.407420932413951,10,16,135,KA,Lokesh P.C,IND,,,,,False,16,2013,AE
1688555,H.S.Mallikarjunaiah,IND,19503,545,0.390236218217229,11,16,135,KA,H.S.Mallikarjunaiah,IND,,,,,False,16,2013,AE
1688556,Giriyappa H.H,IND,19503,483,0.34584237320903,12,16,135,KA,Giriyappa H.H,IND,,,,,False,16,2013,AE
1688557,C P Vijayakumar Cheluru,IND,19503,426,0.305028676991815,13,16,135,KA,C P Vijayakumar Cheluru,IND,,,,,False,16,2013,AE
1688558,Rajanikanth B R,IND,19503,320,0.22912952262296,14,16,135,KA,Rajanikanth B R,IND,,,,,False,16,2013,AE
1688654,T.B.Jayachandra,INC,19497,74089,46.466806735865,1,16,136,KA,T.B.Jayachandra,INC,,,,,True,16,2013,AE
1688655,B. Sathyanarayana,JD(S),19500,59408,37.2592429991533,2,16,136,KA,B. Sathyanarayana,JD(S),,,,,True,16,2013,AE
1688656,B.K.Manjunatha,BJP,19498,18884,11.843582426542,3,16,136,KA,B.K.Manjunatha,BJP,,,,,True,16,2013,AE
1688657,Shashi Kumar.R,IND,19503,1642,1.02982219574147,4,16,136,KA,Shashi Kumar.R,IND,,,,,False,16,2013,AE
1688658,Inthiyaz Ahamed,KJP,19508,1415,0.887453353821066,5,16,136,KA,Inthiyaz Ahamed,KJP,,,,,False,16,2013,AE
1688659,N Rajanna,BSP,19499,1090,0.683621311424002,6,16,136,KA,N Rajanna,BSP,,,,,False,16,2013,AE
1688660,K.Mudalagiriyappa,BSRCP,19509,766,0.480416444542005,7,16,136,KA,K.Mudalagiriyappa,BSRCP,,,,,False,16,2013,AE
1688661,B.A.Manjunatha,IND,19503,471,0.295399667596977,8,16,136,KA,B.A.Manjunatha,IND,,,,,False,16,2013,AE
1688662,Eranna.D.M,IND,19503,395,0.247734328451817,9,16,136,KA,Eranna.D.M,IND,,,,,False,16,2013,AE
1688663,B.K.Jayachandra,IND,19503,354,0.222020132334033,10,16,136,KA,B.K.Jayachandra,IND,,,,,False,16,2013,AE
1688664,R.Jayaramaiah,JD(U),19507,340,0.213239675123083,11,16,136,KA,R.Jayaramaiah,JD(U),,,,,False,16,2013,AE
1688665,Srinivasa (Seenappa),LJP,19521,330,0.206967919972404,12,16,136,KA,Srinivasa (Seenappa),LJP,,,,,False,16,2013,AE
1688666,Maruthi,IND,19503,261,0.163692809432719,13,16,136,KA,Maruthi,IND,,,,,False,16,2013,AE
1688793,K.M. Thimmarayappa,JD(S),19500,68686,47.2458384922272,1,16,137,KA,K.M. Thimmarayappa,JD(S),,,,,True,16,2013,AE
1688794,H.V.Venkatesh,INC,19497,63823,43.9008116659788,2,16,137,KA,H.V.Venkatesh,INC,,,,,False,16,2013,AE
1688795,G.V.Vijayaraj,BJP,19498,5327,3.66419039757875,3,16,137,KA,G.V.Vijayaraj,BJP,,,,,False,16,2013,AE
1688796,Ugranarasimhappa,BSRCP,19509,1260,0.866694180767643,4,16,137,KA,Ugranarasimhappa,BSRCP,,,,,False,16,2013,AE
1688797,Sevenaik (Shiva),NCP,19502,1236,0.850185720181593,5,16,137,KA,Sevenaik (Shiva),NCP,,,,,False,16,2013,AE
1688798,Pavagada Sriram,KJP,19508,1229,0.845370752510661,6,16,137,KA,Pavagada Sriram,KJP,,,,,False,16,2013,AE
1688799,Hanumantharaya.O,IND,19503,1072,0.737377906176915,7,16,137,KA,Hanumantharaya.O,IND,,,,,False,16,2013,AE
1688800,Nagarathnamma,BSP,19499,1045,0.718805888017609,8,16,137,KA,Nagarathnamma,BSP,,,,,False,16,2013,AE
1688801,Mruthyunjaya,IND,19503,501,0.344614114733801,9,16,137,KA,Mruthyunjaya,IND,,,,,False,16,2013,AE
1688802,K.Venkatesh,IND,19503,431,0.296464438024487,10,16,137,KA,K.Venkatesh,IND,,,,,False,16,2013,AE
1688803,K.Gopala,JD(U),19507,272,0.187095886641903,11,16,137,KA,K.Gopala,JD(U),,,,,False,16,2013,AE
1688804,Madletappa,IND,19503,269,0.185032329068647,12,16,137,KA,Madletappa,IND,,,,,False,16,2013,AE
1688805,Gangadhar,IND,19503,229,0.157518228091897,13,16,137,KA,Gangadhar,IND,,,,,False,16,2013,AE
1688918,Kyatasandra N. Rajanna,INC,19497,75086,50.9721128519835,1,16,138,KA,Kyatasandra N. Rajanna,INC,,,,,True,16,2013,AE
1688919,M.V.Veerabhadraiah,JD(S),19500,60659,41.1783474081516,2,16,138,KA,M.V.Veerabhadraiah,JD(S),,,,,False,16,2013,AE
1688920,Lakshminarayana,IND,19503,2183,1.48192901946941,3,16,138,KA,Lakshminarayana,IND,,,,,False,16,2013,AE
1688921,Koramangala Muniyappa,BSP,19499,1992,1.35226871588779,4,16,138,KA,Koramangala Muniyappa,BSP,,,,,False,16,2013,AE
1688922,Rajanna,IND,19503,1929,1.30950118119857,5,16,138,KA,Rajanna,IND,,,,,False,16,2013,AE
1688923,B.Sumitradevi,BJP,19498,1741,1.18187742688788,6,16,138,KA,B.Sumitradevi,BJP,,,,,False,16,2013,AE
1688924,Mahadevappa. N.,IND,19503,518,0.351644174111385,7,16,138,KA,Mahadevappa. N.,IND,,,,,False,16,2013,AE
1688925,Bharathesha.M.R.,IND,19503,430,0.291905395497868,8,16,138,KA,Bharathesha.M.R.,IND,,,,,False,16,2013,AE
1688926,K.R.Rajanna,IND,19503,421,0.285795747685122,9,16,138,KA,K.R.Rajanna,IND,,,,,False,16,2013,AE
1688927,Krishnamurthy M.R. (Krishna Hallikar),BSRCP,19509,273,0.185325983653297,10,16,138,KA,Krishnamurthy M.R. (Krishna Hallikar),BSRCP,,,,,False,16,2013,AE
1688928,G.Nagendra,IND,19503,252,0.17107013875689,11,16,138,KA,G.Nagendra,IND,,,,,False,16,2013,AE
1688929,M.N.Venugopala Rao,IND,19503,243,0.164960490944144,12,16,138,KA,M.N.Venugopala Rao,IND,,,,,True,16,2013,AE
1688930,Yathugonahalli C.Rangaswamy,IND,19503,239,0.162245091916257,13,16,138,KA,Yathugonahalli C.Rangaswamy,IND,,,,,False,16,2013,AE
1688931,Ramanjaiah. L.,JD(U),19507,197,0.133733402123442,14,16,138,KA,Ramanjaiah. L.,JD(U),,,,,False,16,2013,AE
1688932,S.H.Bhaskar (Gowda),IND,19503,186,0.126266054796752,15,16,138,KA,S.H.Bhaskar (Gowda),IND,,,,,False,16,2013,AE
1688933,Sanneerappa,IND,19503,177,0.120156406984006,16,16,138,KA,Sanneerappa,IND,,,,,False,16,2013,AE
1688934,K.Sarojamma,BDBRAJP,19582,173,0.117441007956119,17,16,138,KA,K.Sarojamma,BDBRAJP,,,,,False,16,2013,AE
1688935,Thippanna Chowdary . L.,IND,19503,163,0.110652510386401,18,16,138,KA,Thippanna Chowdary . L.,IND,,,,,False,16,2013,AE
1688936,G.Nagaraja,IND,19503,140,0.0950389659760501,19,16,138,KA,G.Nagaraja,IND,,,,,False,16,2013,AE
1688937,G.M.Nagaraju,IND,19503,110,0.0746734732668965,20,16,138,KA,G.M.Nagaraju,IND,,,,,False,16,2013,AE
1688938,Adhinarayanappa,IND,19503,109,0.0739946235099247,21,16,138,KA,Adhinarayanappa,IND,,,,,False,16,2013,AE
1688939,T.Venkatareddy,IND,19503,87,0.0590599288565454,22,16,138,KA,T.Venkatareddy,IND,,,,,False,16,2013,AE
1689044,N.H. Shivashankar Reddy,INC,19497,50131,33.60707390325,1,16,139,KA,N.H. Shivashankar Reddy,INC,,,,,True,16,2013,AE
1689045,K Jaipala Reddy,IND,19503,44056,29.5344846079588,2,16,139,KA,K Jaipala Reddy,IND,,,,,False,16,2013,AE
1689046,Ravinarayana Reddy N. M.,BJP,19498,31840,21.3450606028102,3,16,139,KA,Ravinarayana Reddy N. M.,BJP,,,,,True,16,2013,AE
1689047,S.V. Ashwathanarayana Reddy,JD(S),19500,10957,7.34540920304622,4,16,139,KA,S.V. Ashwathanarayana Reddy,JD(S),,,,,False,16,2013,AE
1689048,K Somashekar,BSRCP,19509,3526,2.36377775394186,5,16,139,KA,K Somashekar,BSRCP,,,,,False,16,2013,AE
1689049,Muralidar P S,KJP,19508,1735,1.16311809503378,6,16,139,KA,Muralidar P S,KJP,,,,,False,16,2013,AE
1689050,Syed Abhul Khasim,IND,19503,1702,1.14099538775072,7,16,139,KA,Syed Abhul Khasim,IND,,,,,False,16,2013,AE
1689051,M Ramakrishnaiah,PPOI,19560,1105,0.740775501448031,8,16,139,KA,M Ramakrishnaiah,PPOI,,,,,False,16,2013,AE
1689052,Rajashekar Madiga,BSP,19499,952,0.638206585862919,9,16,139,KA,Rajashekar Madiga,BSP,,,,,False,16,2013,AE
1689053,H Ananda Kumara,IND,19503,875,0.586586935535771,10,16,139,KA,H Ananda Kumara,IND,,,,,False,16,2013,AE
1689054,C C Ashwathappa,CPM,19558,709,0.475303014051271,11,16,139,KA,C C Ashwathappa,CPM,,,,,False,16,2013,AE
1689055,Ravi G. N.,IND,19503,424,0.284243269333905,12,16,139,KA,Ravi G. N.,IND,,,,,True,16,2013,AE
1689056,H N Ramakrishna Reddy,IND,19503,399,0.267483642604311,13,16,139,KA,H N Ramakrishna Reddy,IND,,,,,False,16,2013,AE
1689057,N H Shivashankara Reddy,IND,19503,305,0.20446744610104,14,16,139,KA,N H Shivashankara Reddy,IND,,,,,False,16,2013,AE
1689058,K V Sadashivaiah,JD(U),19507,237,0.158881261396546,15,16,139,KA,K V Sadashivaiah,JD(U),,,,,False,16,2013,AE
1689059,Sreerama Reddy,IND,19503,215,0.144132789874503,16,16,139,KA,Sreerama Reddy,IND,,,,,False,16,2013,AE
1689190,S.N Subbareddy(Chinnakayal Apalli),IND,19503,66227,44.0052359499794,1,16,140,KA,S.N Subbareddy(Chinnakayal Apalli),IND,,,,,False,16,2013,AE
1689191,G.V. Srirama Reddy,CPM,19558,35472,23.5697484351951,2,16,140,KA,G.V. Srirama Reddy,CPM,,,,,True,16,2013,AE
1689192,Harinathareddy,JD(S),19500,16779,11.1489853685763,3,16,140,KA,Harinathareddy,JD(S),,,,,False,16,2013,AE
1689193,Sampangi N,INC,19497,15491,10.2931600419939,4,16,140,KA,Sampangi N,INC,,,,,True,16,2013,AE
1689194,R.N. Raghunath Reddy,IND,19503,2478,1.64653350875094,5,16,140,KA,R.N. Raghunath Reddy,IND,,,,,False,16,2013,AE
1689195,Venkataravana Reddy,IND,19503,1666,1.10699145503594,6,16,140,KA,Venkataravana Reddy,IND,,,,,False,16,2013,AE
1689196,S.N Subbareddy,IND,19503,1510,1.00333559249956,7,16,140,KA,S.N Subbareddy,IND,,,,,False,16,2013,AE
1689197,K.A Srinath,IND,19503,1184,0.786721418224826,8,16,140,KA,K.A Srinath,IND,,,,,False,16,2013,AE
1689198,M Narayanaswamy (Mns),BJP,19498,1084,0.720275352496378,9,16,140,KA,M Narayanaswamy (Mns),BJP,,,,,False,16,2013,AE
1689199,Subbireddy,IND,19503,1074,0.713630745923533,10,16,140,KA,Subbireddy,IND,,,,,False,16,2013,AE
1689200,R. Muniraju,KJP,19508,965,0.641204534279525,11,16,140,KA,R. Muniraju,KJP,,,,,False,16,2013,AE
1689201,H.V. Shivashankar,BSRCP,19509,793,0.526917301226594,12,16,140,KA,H.V. Shivashankar,BSRCP,,,,,False,16,2013,AE
1689202,Ashwathreddy,IND,19503,646,0.429241584605775,13,16,140,KA,Ashwathreddy,IND,,,,,False,16,2013,AE
1689203,Hari. R,IND,19503,598,0.39734747305612,14,16,140,KA,Hari. R,IND,,,,,False,16,2013,AE
1689204,Subbareddy,IND,19503,565,0.375420271365732,15,16,140,KA,Subbareddy,IND,,,,,False,16,2013,AE
1689205,Keshavareddy M.V,IND,19503,558,0.370769046764741,16,16,140,KA,Keshavareddy M.V,IND,,,,,False,16,2013,AE
1689206,C. Venkatesh,IND,19503,446,0.296349453148879,17,16,140,KA,C. Venkatesh,IND,,,,,False,16,2013,AE
1689207,V Narasimhamurthy,JD(U),19507,441,0.293027149862456,18,16,140,KA,V Narasimhamurthy,JD(U),,,,,False,16,2013,AE
1689208,P.A Satyanarayanareddy,IND,19503,439,0.291698228547887,19,16,140,KA,P.A Satyanarayanareddy,IND,,,,,False,16,2013,AE
1689209,Subhramani,IND,19503,341,0.226581084134008,20,16,140,KA,Subhramani,IND,,,,,False,16,2013,AE
1689210,Bava Fakruddin,IND,19503,339,0.225252162819439,21,16,140,KA,Bava Fakruddin,IND,,,,,False,16,2013,AE
1689211,Subbireddy,IND,19503,309,0.205318343100904,22,16,140,KA,Subbireddy,IND,,,,,False,16,2013,AE
1689212,Krishnappa Nayaka,BSP,19499,256,0.170101928264827,23,16,140,KA,Krishnappa Nayaka,BSP,,,,,False,16,2013,AE
1689213,M. Javeed,IND,19503,255,0.169437467607542,24,16,140,KA,M. Javeed,IND,,,,,False,16,2013,AE
1689214,Ramanjaneya,IND,19503,223,0.148174726574439,25,16,140,KA,Ramanjaneya,IND,,,,,False,16,2013,AE
1689215,Venkatashivappa,IND,19503,199,0.132227670799611,26,16,140,KA,Venkatashivappa,IND,,,,,False,16,2013,AE
1689216,Babu,IND,19503,160,0.106313705165517,27,16,140,KA,Babu,IND,,,,,False,16,2013,AE
1689348,Dr. K Sudhakar,INC,19497,74914,51.0629886373705,1,16,141,KA,Dr. K Sudhakar,INC,,,,,False,16,2013,AE
1689349,K P Bachche Gowda,JD(S),19500,59866,40.8059491919377,2,16,141,KA,K P Bachche Gowda,JD(S),,,,,True,16,2013,AE
1689350,A V Byregowda,BJP,19498,3910,2.66513983463863,3,16,141,KA,A V Byregowda,BJP,,,,,False,16,2013,AE
1689351,S V Lokesh,BSRCP,19509,1692,1.15330347831421,4,16,141,KA,S V Lokesh,BSRCP,,,,,False,16,2013,AE
1689352,Sudhakara,IND,19503,1203,0.819990593624113,5,16,141,KA,Sudhakara,IND,,,,,False,16,2013,AE
1689353,Dr. N Lakshmipathi Babu,KJP,19508,1156,0.787954385893162,6,16,141,KA,Dr. N Lakshmipathi Babu,KJP,,,,,False,16,2013,AE
1689354,M Somashekar,BSP,19499,1013,0.690482519818143,7,16,141,KA,M Somashekar,BSP,,,,,False,16,2013,AE
1689355,M Venkatesh (M.V. Sir),IND,19503,726,0.49485716622702,8,16,141,KA,M Venkatesh (M.V. Sir),IND,,,,,False,16,2013,AE
1689356,Bachegowda,IND,19503,575,0.391932328623329,9,16,141,KA,Bachegowda,IND,,,,,False,16,2013,AE
1689357,Ameer Mohammed Sadiq,IND,19503,536,0.365349092421051,10,16,141,KA,Ameer Mohammed Sadiq,IND,,,,,False,16,2013,AE
1689358,G R Narayan Swamy,IND,19503,427,0.291052355342889,11,16,141,KA,G R Narayan Swamy,IND,,,,,False,16,2013,AE
1689359,D A Bachegowda,IND,19503,325,0.221526968352316,12,16,141,KA,D A Bachegowda,IND,,,,,False,16,2013,AE
1689360,M A Basha,SAJP,19603,195,0.132916181011389,13,16,141,KA,M A Basha,SAJP,,,,,False,16,2013,AE
1689361,N Manjunath,JD(U),19507,171,0.116557266425372,14,16,141,KA,N Manjunath,JD(U),,,,,False,16,2013,AE
1689495,M Rajanna,JD(S),19500,77931,50.690126187069,1,16,142,KA,M Rajanna,JD(S),,,,,True,16,2013,AE
1689496,V Muniyappa,INC,19497,62452,40.6218290620528,2,16,142,KA,V Muniyappa,INC,,,,,True,16,2013,AE
1689497,D.R.Shivakumar Gowda,KJP,19508,5838,3.79732015090412,3,16,142,KA,D.R.Shivakumar Gowda,KJP,,,,,False,16,2013,AE
1689498,Rajanna.G.A,IND,19503,2097,1.36399115389618,4,16,142,KA,Rajanna.G.A,IND,,,,,False,16,2013,AE
1689499,J.V. Sadashiva,BJP,19498,1914,1.24495902172499,5,16,142,KA,J.V. Sadashiva,BJP,,,,,False,16,2013,AE
1689500,V.Muniyappa,IND,19503,927,0.602966046572134,6,16,142,KA,V.Muniyappa,IND,,,,,False,16,2013,AE
1689501,Dhanaraja(Madiga),BSP,19499,890,0.578899440614023,7,16,142,KA,Dhanaraja(Madiga),BSP,,,,,False,16,2013,AE
1689502,T.M Narayanaswamy(Juice),BSRCP,19509,507,0.329777546507089,8,16,142,KA,T.M Narayanaswamy(Juice),BSRCP,,,,,False,16,2013,AE
1689503,K.Kempamma,IND,19503,468,0.304410042929621,9,16,142,KA,K.Kempamma,IND,,,,,False,16,2013,AE
1689504,Govindappa,IND,19503,385,0.250422791726291,10,16,142,KA,Govindappa,IND,,,,,False,16,2013,AE
1689505,P.Sadiq Pasha,JD(U),19507,331,0.215298556003642,11,16,142,KA,P.Sadiq Pasha,JD(U),,,,,False,16,2013,AE
1689625,J.K.Krishnareddy,JD(S),19500,68950,43.6080524688039,1,16,143,KA,J.K.Krishnareddy,JD(S),,,,,False,16,2013,AE
1689626,M C Sudhakar,IND,19503,67254,42.5354018961122,2,16,143,KA,M C Sudhakar,IND,,,,,False,16,2013,AE
1689627,Vani Krishnareddy,INC,19497,12665,8.01009404666282,3,16,143,KA,Vani Krishnareddy,INC,,,,,False,16,2013,AE
1689628,Sathyanarayana Mahesh,BJP,19498,1911,1.2086292714704,4,16,143,KA,Sathyanarayana Mahesh,BJP,,,,,True,16,2013,AE
1689629,G.S. Subash,IND,19503,1706,1.07897516333255,5,16,143,KA,G.S. Subash,IND,,,,,False,16,2013,AE
1689630,Hari Sudhakara.V.,IND,19503,1252,0.79183874823702,6,16,143,KA,Hari Sudhakara.V.,IND,,,,,False,16,2013,AE
1689631,C. Gopinath,CPM,19558,736,0.465489871168088,7,16,143,KA,C. Gopinath,CPM,,,,,False,16,2013,AE
1689632,T.S. Sudhakarareddy,IND,19503,692,0.437661672348257,8,16,143,KA,T.S. Sudhakarareddy,IND,,,,,False,16,2013,AE
1689633,Shaffi Ulla.D.S.,IND,19503,629,0.397816751310771,9,16,143,KA,Shaffi Ulla.D.S.,IND,,,,,False,16,2013,AE
1689634,Krishnareddy. J.K.,IND,19503,604,0.382005274708594,10,16,143,KA,Krishnareddy. J.K.,IND,,,,,False,16,2013,AE
1689635,T.R. Kurlareddy,KJP,19508,487,0.308007564210406,11,16,143,KA,T.R. Kurlareddy,KJP,,,,,False,16,2013,AE
1689636,N.Srinivas,IND,19503,468,0.295990841992752,12,16,143,KA,N.Srinivas,IND,,,,,False,16,2013,AE
1689637,Hanumanthappa,IND,19503,323,0.204284277700125,13,16,143,KA,Hanumanthappa,IND,,,,,False,16,2013,AE
1689638,Seethappa. V,BSP,19499,232,0.146730502868201,14,16,143,KA,Seethappa. V,BSP,,,,,False,16,2013,AE
1689639,M. Krishnareddy (M.K.),JD(U),19507,204,0.129021649073763,15,16,143,KA,M. Krishnareddy (M.K.),JD(U),,,,,False,16,2013,AE
1689763,K.R.Ramesh Kumar,INC,19497,83426,49.40103626943,1,16,144,KA,K.R.Ramesh Kumar,INC,,,,,True,16,2013,AE
1689764,G.K.Venkata Shiva Reddy,JD(S),19500,79533,47.0957809030347,2,16,144,KA,G.K.Venkata Shiva Reddy,JD(S),,,,,True,16,2013,AE
1689765,V.Venkategowda,BJP,19498,2379,1.40873427091043,3,16,144,KA,V.Venkategowda,BJP,,,,,False,16,2013,AE
1689766,K.S.Mallikarjuna,IND,19503,1005,0.595114729829755,4,16,144,KA,K.S.Mallikarjuna,IND,,,,,False,16,2013,AE
1689767,K.P.Nagaraja,BSP,19499,756,0.447668393782383,5,16,144,KA,K.P.Nagaraja,BSP,,,,,False,16,2013,AE
1689768,P.C.Venkatashivareddy,IND,19503,554,0.328053293856402,6,16,144,KA,P.C.Venkatashivareddy,IND,,,,,False,16,2013,AE
1689769,M.Harish,BSRCP,19509,434,0.256994818652849,7,16,144,KA,M.Harish,BSRCP,,,,,False,16,2013,AE
1689770,V.Srirama,JD(U),19507,303,0.179422649888971,8,16,144,KA,V.Srirama,JD(U),,,,,False,16,2013,AE
1689771,S.V.Venkatachalapathi,KJP,19508,266,0.157512953367875,9,16,144,KA,S.V.Venkatachalapathi,KJP,,,,,False,16,2013,AE
1689772,Nayaz Ahmed,SAJP,19603,219,0.129681717246484,10,16,144,KA,Nayaz Ahmed,SAJP,,,,,False,16,2013,AE
1689904,G.Manjunatha,IND,19503,73146,52.7368421052631,1,16,145,KA,G.Manjunatha,IND,,,,,False,16,2013,AE
1689905,N.Munianjappa,JD(S),19500,39412,28.4152847873107,2,16,145,KA,N.Munianjappa,JD(S),,,,,True,16,2013,AE
1689906,Amaresh,INC,19497,11491,8.2847873107426,3,16,145,KA,Amaresh,INC,,,,,True,16,2013,AE
1689907,M.N. Ambarish,CPI,19586,2450,1.7664023071377,4,16,145,KA,M.N. Ambarish,CPI,,,,,False,16,2013,AE
1689908,Y. Sreenivasan Patapat,BJP,19498,2376,1.71304974765681,5,16,145,KA,Y. Sreenivasan Patapat,BJP,,,,,False,16,2013,AE
1689909,V.Adinarayana,IND,19503,1547,1.11535688536409,6,16,145,KA,V.Adinarayana,IND,,,,,False,16,2013,AE
1689910,D. Venkataravanappa,IND,19503,1289,0.929343907714491,7,16,145,KA,D. Venkataravanappa,IND,,,,,False,16,2013,AE
1689911,G. Venkataravana,IND,19503,1019,0.734679163662581,8,16,145,KA,G. Venkataravana,IND,,,,,False,16,2013,AE
1689912,G. Alanguru Ramanna,IND,19503,1008,0.726748377793799,9,16,145,KA,G. Alanguru Ramanna,IND,,,,,False,16,2013,AE
1689913,V. Nagaraj,IND,19503,774,0.55803893294881,10,16,145,KA,V. Nagaraj,IND,,,,,False,16,2013,AE
1689914,V. Marappa,IND,19503,707,0.509733237202595,11,16,145,KA,V. Marappa,IND,,,,,False,16,2013,AE
1689915,Doddachowdappa,KJP,19508,550,0.396539293439077,12,16,145,KA,Doddachowdappa,KJP,,,,,False,16,2013,AE
1689916,T.M. Shivanna,IND,19503,513,0.36986301369863,13,16,145,KA,T.M. Shivanna,IND,,,,,False,16,2013,AE
1689917,V. Srinivasa,IND,19503,442,0.318673395818312,14,16,145,KA,V. Srinivasa,IND,,,,,False,16,2013,AE
1689918,C.K. Jagadish,BSRCP,19509,356,0.256669069935111,15,16,145,KA,C.K. Jagadish,BSRCP,,,,,False,16,2013,AE
1689919,P.Chandrappa,SAJP,19603,286,0.20620043258832,16,16,145,KA,P.Chandrappa,SAJP,,,,,False,16,2013,AE
1689920,C. Ramakrishnaiah,RPI(A),19525,268,0.193222782984859,17,16,145,KA,C. Ramakrishnaiah,RPI(A),,,,,False,16,2013,AE
1689921,Chalapathi,IND,19503,237,0.170872386445565,18,16,145,KA,Chalapathi,IND,,,,,False,16,2013,AE
1689922,T.V. Balakrishna,IND,19503,225,0.162220620043258,19,16,145,KA,T.V. Balakrishna,IND,,,,,False,16,2013,AE
1689923,H.A. Lakshmaiah,JD(U),19507,207,0.149242970439798,20,16,145,KA,H.A. Lakshmaiah,JD(U),,,,,False,16,2013,AE
1689924,N. Srinivas,IND,19503,206,0.148521989906272,21,16,145,KA,N. Srinivas,IND,,,,,False,16,2013,AE
1689925,Ranjith Kumar. T.,SKP,19542,191,0.137707281903388,22,16,145,KA,Ranjith Kumar. T.,SKP,,,,,False,16,2013,AE
1690072,Ramakka .Y,BJP,19498,55014,46.8706868642118,1,16,146,KA,Ramakka .Y,BJP,,,,,False,16,2013,AE
1690073,M.Bakthavachalam,JD(S),19500,28992,24.7005299299674,2,16,146,KA,M.Bakthavachalam,JD(S),,,,,True,16,2013,AE
1690074,V. Shankar,INC,19497,10218,8.70550547821493,3,16,146,KA,V. Shankar,INC,,,,,False,16,2013,AE
1690075,S.Rajendiran,RPI,19515,9760,8.315299810861,4,16,146,KA,S.Rajendiran,RPI,,,,,True,16,2013,AE
1690076,V.Kalavathi,HJP,19529,2501,2.13079557653313,5,16,146,KA,V.Kalavathi,HJP,,,,,False,16,2013,AE
1690077,P.Thangaraj,CPM,19558,2199,1.87349838976263,6,16,146,KA,P.Thangaraj,CPM,,,,,True,16,2013,AE
1690078,M. Anbu,AIADMK,14373,2052,1.74825770613594,7,16,146,KA,M. Anbu,ADMK,,,,,False,16,2013,AE
1690079,Ramakka,IND,19503,951,0.810230545095165,8,16,146,KA,Ramakka,IND,,,,,False,16,2013,AE
1690080,M. Venkataswamy,RPI(A),19525,832,0.708845229778315,9,16,146,KA,M. Venkataswamy,RPI(A),,,,,False,16,2013,AE
1690081,G. Lalitha,IND,19503,795,0.677322064511731,10,16,146,KA,G. Lalitha,IND,,,,,False,16,2013,AE
1690082,R.Bhaskaran,KJP,19508,606,0.516298328420263,11,16,146,KA,R.Bhaskaran,KJP,,,,,False,16,2013,AE
1690083,V. Rajappa,BSRCP,19509,505,0.430248607016886,12,16,146,KA,V. Rajappa,BSRCP,,,,,False,16,2013,AE
1690084,K.R. Devaraja,BSP,19499,445,0.379129960638642,13,16,146,KA,K.R. Devaraja,BSP,,,,,False,16,2013,AE
1690085,L.Ranganath,BRPP,19511,430,0.366350299044081,14,16,146,KA,L.Ranganath,BRPP,,,,,False,16,2013,AE
1690086,A.Kantharuban,IND,19503,382,0.325455381941486,15,16,146,KA,A.Kantharuban,IND,,,,,True,16,2013,AE
1690087,A. Sampangi,IND,19503,374,0.318639562424387,16,16,146,KA,A. Sampangi,IND,,,,,False,16,2013,AE
1690088,J. Sharma,IND,19503,365,0.31097176546765,17,16,146,KA,J. Sharma,IND,,,,,False,16,2013,AE
1690089,S. Murali,IND,19503,269,0.22918193126246,18,16,146,KA,S. Murali,IND,,,,,False,16,2013,AE
1690090,Ramachandrappa,SAJP,19603,251,0.213846337348986,19,16,146,KA,Ramachandrappa,SAJP,,,,,False,16,2013,AE
1690091,Shivakumar .M,SP,19506,183,0.155911871453643,20,16,146,KA,Shivakumar .M,SP,,,,,False,16,2013,AE
1690092,Anbelagan,IND,19503,128,0.109053112273586,21,16,146,KA,Anbelagan,IND,,,,,False,16,2013,AE
1690093,Ravi. Y,IND,19503,122,0.103941247635762,22,16,146,KA,Ravi. Y,IND,,,,,False,16,2013,AE
1690217,S.N.Narayanaswamy.K.M,INC,19497,71570,50.4518603110152,1,16,147,KA,S.N.Narayanaswamy.K.M,INC,,,,,False,16,2013,AE
1690218,Em Narayanaswamy,BJP,19498,43193,30.4480536874903,2,16,147,KA,Em Narayanaswamy,BJP,,,,,False,16,2013,AE
1690219,Ramachandra,JD(S),19500,22863,16.1168210463985,3,16,147,KA,Ramachandra,JD(S),,,,,False,16,2013,AE
1690220,Sheshu. V,KJP,19508,1242,0.875523410734678,4,16,147,KA,Sheshu. V,KJP,,,,,False,16,2013,AE
1690221,Srinivas,IND,19503,850,0.59919074003581,5,16,147,KA,Srinivas,IND,,,,,False,16,2013,AE
1690222,Manjunatha J.K,LJP,19521,470,0.331317232725683,6,16,147,KA,Manjunatha J.K,LJP,,,,,False,16,2013,AE
1690223,Srinath.R.N,IND,19503,354,0.249545319967855,7,16,147,KA,Srinath.R.N,IND,,,,,False,16,2013,AE
1690224,Venkatesh.M. Kalavanchi,BSRCP,19509,280,0.197380479070619,8,16,147,KA,Venkatesh.M. Kalavanchi,BSRCP,,,,,False,16,2013,AE
1690225,Ramesha P.M.,IND,19503,236,0.166363546645236,9,16,147,KA,Ramesha P.M.,IND,,,,,True,16,2013,AE
1690226,K.V Sampath Kumar,SAJP,19603,179,0.126182520548717,10,16,147,KA,K.V Sampath Kumar,SAJP,,,,,False,16,2013,AE
1690227,Nagendra.C,IND,19503,175,0.123362799419137,11,16,147,KA,Nagendra.C,IND,,,,,False,16,2013,AE
1690228,K.V Sudarshan,SP,19506,173,0.121952938854347,12,16,147,KA,K.V Sudarshan,SP,,,,,False,16,2013,AE
1690229,Manjunatha.V,IND,19503,146,0.10291982122968,13,16,147,KA,Manjunatha.V,IND,,,,,False,16,2013,AE
1690230,Y.R.Prathibha,IND,19503,127,0.089526145864174,14,16,147,KA,Y.R.Prathibha,IND,,,,,False,16,2013,AE
1690343,R.Varthur Prakash,IND,19503,62957,38.5105211646684,1,16,148,KA,R.Varthur Prakash,IND,,,,,True,16,2013,AE
1690344,K.Srinivasagowda,JD(S),19500,50366,30.8086616099828,2,16,148,KA,K.Srinivasagowda,JD(S),,,,,False,16,2013,AE
1690345,Naseer Ahmed,INC,19497,41510,25.3914851969659,3,16,148,KA,Naseer Ahmed,INC,,,,,False,16,2013,AE
1690346,M.S. Anand,BJP,19498,1617,0.989111817959383,4,16,148,KA,M.S. Anand,BJP,,,,,False,16,2013,AE
1690347,K.S.Srinivasa Gowda,IND,19503,1147,0.701614876437484,5,16,148,KA,K.S.Srinivasa Gowda,IND,,,,,True,16,2013,AE
1690348,S. Muniyappa,IND,19503,1056,0.645950574993883,6,16,148,KA,S. Muniyappa,IND,,,,,False,16,2013,AE
1690349,Abdul Rehaman,KJP,19508,1041,0.636775140689992,7,16,148,KA,Abdul Rehaman,KJP,,,,,False,16,2013,AE
1690350,G. Narayanagowda,IND,19503,678,0.414729630535845,8,16,148,KA,G. Narayanagowda,IND,,,,,False,16,2013,AE
1690351,Suhail Dil Nawaz,IND,19503,663,0.405554196231954,9,16,148,KA,Suhail Dil Nawaz,IND,,,,,False,16,2013,AE
1690352,N. Prakash Alias Begli Prakash,IND,19503,504,0.308294592610716,10,16,148,KA,N. Prakash Alias Begli Prakash,IND,,,,,False,16,2013,AE
1690353,Srinivasa,IND,19503,474,0.289943724002936,11,16,148,KA,Srinivasa,IND,,,,,True,16,2013,AE
1690354,Mahar Pasha,SP,19506,359,0.219598727673109,12,16,148,KA,Mahar Pasha,SP,,,,,False,16,2013,AE
1690355,C. Thammappa,JD(U),19507,298,0.182285294837288,13,16,148,KA,C. Thammappa,JD(U),,,,,False,16,2013,AE
1690356,S. Naga Shekar,IND,19503,292,0.178615121115732,14,16,148,KA,S. Naga Shekar,IND,,,,,False,16,2013,AE
1690357,C.G. Murali,LSP,19526,203,0.124174210912649,15,16,148,KA,C.G. Murali,LSP,,,,,False,16,2013,AE
1690358,M.S.Narayanaswamy,SAJP,19603,168,0.102764864203572,16,16,148,KA,M.S.Narayanaswamy,SAJP,,,,,False,16,2013,AE
1690359,Amjad Pasha,IND,19503,147,0.0899192561781257,17,16,148,KA,Amjad Pasha,IND,,,,,False,16,2013,AE
1690490,K.S. Manjunathgowda,JD(S),19500,57645,40.2771081811893,1,16,149,KA,K.S. Manjunathgowda,JD(S),,,,,False,16,2013,AE
1690491,Es.En.Krishnaiah Shetty,IND,19503,38876,27.1630298838046,2,16,149,KA,Es.En.Krishnaiah Shetty,IND,,,,,False,16,2013,AE
1690492,Channa Keshava,INC,19497,20159,14.0852844795662,3,16,149,KA,Channa Keshava,INC,,,,,False,16,2013,AE
1690493,Ramegowda .G.E,IND,19503,19480,13.6108607402128,4,16,149,KA,Ramegowda .G.E,IND,,,,,False,16,2013,AE
1690494,S.R.Krishnaiah Shetty,IND,19503,1283,0.896444267438041,5,16,149,KA,S.R.Krishnaiah Shetty,IND,,,,,False,16,2013,AE
1690495,Krishnaiah Shetty. H.M.,IND,19503,898,0.62744111625827,6,16,149,KA,Krishnaiah Shetty. H.M.,IND,,,,,False,16,2013,AE
1690496,Ravikumar,BSP,19499,838,0.585518547243241,7,16,149,KA,Ravikumar,BSP,,,,,False,16,2013,AE
1690497,Manjunath,IND,19503,803,0.561063715317808,8,16,149,KA,Manjunath,IND,,,,,False,16,2013,AE
1690498,Manjunathagowda,IND,19503,774,0.540801140293877,9,16,149,KA,Manjunathagowda,IND,,,,,False,16,2013,AE
1690499,K.R. Rudrappa,IND,19503,718,0.501673409213183,10,16,149,KA,K.R. Rudrappa,IND,,,,,False,16,2013,AE
1690500,M.R.Vijaykumar,LJP,19521,449,0.313720558129135,11,16,149,KA,M.R.Vijaykumar,LJP,,,,,False,16,2013,AE
1690501,Narayanaswamy,KJP,19508,354,0.247343157188672,12,16,149,KA,Narayanaswamy,KJP,,,,,False,16,2013,AE
1690502,B.V.Nagesh,IND,19503,332,0.231971548549828,13,16,149,KA,B.V.Nagesh,IND,,,,,False,16,2013,AE
1690503,K.Jayalakshami Jayaram,BSRCP,19509,265,0.185158013149712,14,16,149,KA,K.Jayalakshami Jayaram,BSRCP,,,,,False,16,2013,AE
1690504,M.P.Amaresh,SAJP,19603,247,0.172581242445203,15,16,149,KA,M.P.Amaresh,SAJP,,,,,False,16,2013,AE
1690618,S.R.Vishwanath,BJP,19498,75507,38.4951082606412,1,16,150,KA,S.R.Vishwanath,BJP,,,,,True,16,2013,AE
1690619,B.Chandrappa,JD(S),19500,57110,29.1159181634182,2,16,150,KA,B.Chandrappa,JD(S),,,,,False,16,2013,AE
1690620,Gopalakrishna M.N,INC,19497,52372,26.7003828761082,3,16,150,KA,Gopalakrishna M.N,INC,,,,,False,16,2013,AE
1690621,Venugopal Rao,KJP,19508,3736,1.90469392853319,4,16,150,KA,Venugopal Rao,KJP,,,,,False,16,2013,AE
1690622,Eranna. G,BSP,19499,1538,0.784105798202368,5,16,150,KA,Eranna. G,BSP,,,,,False,16,2013,AE
1690623,Narayanaswamy B.M,JD(U),19507,933,0.475663660417951,6,16,150,KA,Narayanaswamy B.M,JD(U),,,,,False,16,2013,AE
1690624,B. Vishwanath,IND,19503,907,0.462408295818952,7,16,150,KA,B. Vishwanath,IND,,,,,False,16,2013,AE
1690625,G.R. Padmashree,RCMP,19551,678,0.345659123004685,8,16,150,KA,G.R. Padmashree,RCMP,,,,,False,16,2013,AE
1690626,B. Chandrappa,IND,19503,669,0.341070727566569,9,16,150,KA,B. Chandrappa,IND,,,,,False,16,2013,AE
1690627,R. Prakash Anilraj,IND,19503,631,0.321697502383416,10,16,150,KA,R. Prakash Anilraj,IND,,,,,False,16,2013,AE
1690628,Saritha S.S,PPOI,19560,504,0.256950144534456,11,16,150,KA,Saritha S.S,PPOI,,,,,False,16,2013,AE
1690629,Chandrappa,IND,19503,397,0.202399220992418,12,16,150,KA,Chandrappa,IND,,,,,False,16,2013,AE
1690630,Mahesh P,BSRCP,19509,392,0.199850112415688,13,16,150,KA,Mahesh P,BSRCP,,,,,False,16,2013,AE
1690631,K.N. Muniraju,IND,19503,306,0.156005444895919,14,16,150,KA,K.N. Muniraju,IND,,,,,False,16,2013,AE
1690632,Gopalakrishna H.K,IND,19503,266,0.135612576282074,15,16,150,KA,Gopalakrishna H.K,IND,,,,,False,16,2013,AE
1690633,Obanna,IND,19503,201,0.102474164784574,16,16,150,KA,Obanna,IND,,,,,False,16,2013,AE
1690765,B.A.Basavaraja,INC,19497,106299,53.1006474043879,1,16,151,KA,B.A.Basavaraja,INC,,,,,False,16,2013,AE
1690766,N.S.Nandiesha Reddy,BJP,19498,82298,41.1111777165008,2,16,151,KA,N.S.Nandiesha Reddy,BJP,,,,,True,16,2013,AE
1690767,Ravi Prakash. J,JD(S),19500,3955,1.97568237221755,3,16,151,KA,Ravi Prakash. J,JD(S),,,,,False,16,2013,AE
1690768,Gowramma,CPM,19558,1553,0.775786276625504,4,16,151,KA,Gowramma,CPM,,,,,True,16,2013,AE
1690769,Nandeeshappa Nayaka,IND,19503,781,0.390141070215401,5,16,151,KA,Nandeeshappa Nayaka,IND,,,,,False,16,2013,AE
1690770,R. Papaiah Reddy,IND,19503,776,0.387643368101346,6,16,151,KA,R. Papaiah Reddy,IND,,,,,False,16,2013,AE
1690771,R. Sathya Narayana,KJP,19508,583,0.291232066498821,7,16,151,KA,R. Sathya Narayana,KJP,,,,,False,16,2013,AE
1690772,N. Basavaraj,IND,19503,450,0.224793190264956,8,16,151,KA,N. Basavaraj,IND,,,,,False,16,2013,AE
1690773,Srinivas N.,BSP,19499,382,0.190824441513807,9,16,151,KA,Srinivas N.,BSP,,,,,False,16,2013,AE
1690774,C. Devaraj,IND,19503,348,0.173840067138232,10,16,151,KA,C. Devaraj,IND,,,,,False,16,2013,AE
1690775,Dhananjaya Gowda,IND,19503,298,0.148863045997682,11,16,151,KA,Dhananjaya Gowda,IND,,,,,False,16,2013,AE
1690776,Anupama.M.L,JD(U),19507,271,0.135375454581784,12,16,151,KA,Anupama.M.L,JD(U),,,,,False,16,2013,AE
1690777,Farman Basha,IND,19503,250,0.124885105702753,13,16,151,KA,Farman Basha,IND,,,,,False,16,2013,AE
1690778,Pairosa Pasha,BSRCP,19509,225,0.112396595132478,14,16,151,KA,Pairosa Pasha,BSRCP,,,,,False,16,2013,AE
1690779,Harman Robin Saldana,IND,19503,220,0.109898893018423,15,16,151,KA,Harman Robin Saldana,IND,,,,,False,16,2013,AE
1690780,S. Chandrakala,IND,19503,205,0.102405786676257,16,16,151,KA,S. Chandrakala,IND,,,,,False,16,2013,AE
1690781,P.Umesha,IND,19503,198,0.0989090037165807,17,16,151,KA,P.Umesha,IND,,,,,False,16,2013,AE
1690782,Gangadhara R.,IND,19503,193,0.0964113016025256,18,16,151,KA,Gangadhara R.,IND,,,,,False,16,2013,AE
1690783,P.P.Appanna,CPI(ML)(L),19613,155,0.0774287655357071,19,16,151,KA,P.P.Appanna,CPI(ML)(L),,,,,False,16,2013,AE
1690784,K. Sathyanarayana,IND,19503,137,0.0684370379251089,20,16,151,KA,K. Sathyanarayana,IND,,,,,False,16,2013,AE
1690785,N. Kodanda Reddy,IND,19503,130,0.0649402549654318,21,16,151,KA,N. Kodanda Reddy,IND,,,,,False,16,2013,AE
1690786,Keshav S. Himalai,IND,19503,128,0.0639411741198097,22,16,151,KA,Keshav S. Himalai,IND,,,,,False,16,2013,AE
1690787,Ayub Pasha,IND,19503,102,0.0509531231267234,23,16,151,KA,Ayub Pasha,IND,,,,,True,16,2013,AE
1690788,Sarala Bai,IND,19503,97,0.0484554210126683,24,16,151,KA,Sarala Bai,IND,,,,,False,16,2013,AE
1690789,Srinivas,IND,19503,84,0.0419613955161251,25,16,151,KA,Srinivas,IND,,,,,False,16,2013,AE
1690790,M. Ramakrishna,IND,19503,66,0.0329696679055269,26,16,151,KA,M. Ramakrishna,IND,,,,,False,16,2013,AE
1690952,Krishna Byregowda,INC,19497,96125,46.1425101525522,1,16,152,KA,Krishna Byregowda,INC,,,,,True,16,2013,AE
1690953,A Ravi,BJP,19498,63725,30.5896640777258,2,16,152,KA,A Ravi,BJP,,,,,True,16,2013,AE
1690954,Hanumante Gowda,JD(S),19500,41360,19.8538800510747,3,16,152,KA,Hanumante Gowda,JD(S),,,,,False,16,2013,AE
1690955,K.Manjunath,KJP,19508,1781,0.854926508002035,4,16,152,KA,K.Manjunath,KJP,,,,,False,16,2013,AE
1690956,Yogaiyah.V.C,LSP,19526,1268,0.608673111817282,5,16,152,KA,Yogaiyah.V.C,LSP,,,,,False,16,2013,AE
1690957,Hanumanthe Gowda,IND,19503,908,0.435863710985877,6,16,152,KA,Hanumanthe Gowda,IND,,,,,False,16,2013,AE
1690958,A.Byregowda,IND,19503,569,0.273134858536304,7,16,152,KA,A.Byregowda,IND,,,,,False,16,2013,AE
1690959,Ezaz Pasha,ANC,19584,523,0.251053657318958,8,16,152,KA,Ezaz Pasha,ANC,,,,,False,16,2013,AE
1690960,Sadiq Basha,IND,19503,497,0.238572978370023,9,16,152,KA,Sadiq Basha,IND,,,,,False,16,2013,AE
1690961,Nagaraja.M,IND,19503,321,0.154088382408002,10,16,152,KA,Nagaraja.M,IND,,,,,False,16,2013,AE
1690962,S.Vinayak Subramaniya S.Vinayaka Subramani,BSRCP,19509,302,0.144967886253012,11,16,152,KA,S.Vinayak Subramaniya S.Vinayaka Subramani,BSRCP,,,,,False,16,2013,AE
1690963,Shantha Kumari,MPHP,19675,275,0.132007181190656,12,16,152,KA,Shantha Kumari,MPHP,,,,,False,16,2013,AE
1690964,Ansar Pasha,IND,19503,200,0.096005222684114,13,16,152,KA,Ansar Pasha,IND,,,,,False,16,2013,AE
1690965,D.Devraj,IND,19503,178,0.0854446481888614,14,16,152,KA,D.Devraj,IND,,,,,False,16,2013,AE
1690966,K.Sridhar,AMJP,19635,148,0.0710438647862443,15,16,152,KA,K.Sridhar,AMJP,,,,,False,16,2013,AE
1690967,Abdul Khadeer,IND,19503,142,0.0681637081057209,16,16,152,KA,Abdul Khadeer,IND,,,,,False,16,2013,AE
1691108,S.T.Somashekar,INC,19497,120380,51.9966308878474,1,16,153,KA,S.T.Somashekar,INC,,,,,True,16,2013,AE
1691109,T.N.Javarayi Gowda,JD(S),19500,91280,39.4272509340647,2,16,153,KA,T.N.Javarayi Gowda,JD(S),,,,,False,16,2013,AE
1691110,Hl Krishnappa,BJP,19498,12747,5.50590674470336,3,16,153,KA,Hl Krishnappa,BJP,,,,,False,16,2013,AE
1691111,Narasimaiah,BSP,19499,1315,0.567997753925231,4,16,153,KA,Narasimaiah,BSP,,,,,False,16,2013,AE
1691112,M.K. Pasha,JD(U),19507,1183,0.51098200980498,5,16,153,KA,M.K. Pasha,JD(U),,,,,False,16,2013,AE
1691113,Sp Somashekar,IND,19503,1126,0.486361574843962,6,16,153,KA,Sp Somashekar,IND,,,,,False,16,2013,AE
1691114,Seetharamu,IND,19503,682,0.294581344621298,7,16,153,KA,Seetharamu,IND,,,,,False,16,2013,AE
1691115,S Nagendra,IND,19503,506,0.218560352460963,8,16,153,KA,S Nagendra,IND,,,,,False,16,2013,AE
1691116,Rajamma,IND,19503,433,0.187028918212642,9,16,153,KA,Rajamma,IND,,,,,False,16,2013,AE
1691117,N Somashekar,LJP,19521,431,0.186165043301729,10,16,153,KA,N Somashekar,LJP,,,,,False,16,2013,AE
1691118,Lokesh Hk,BSRCP,19509,413,0.178390169103513,11,16,153,KA,Lokesh Hk,BSRCP,,,,,False,16,2013,AE
1691119,R.S.Deepak Kumar,IND,19503,369,0.15938492106343,12,16,153,KA,R.S.Deepak Kumar,IND,,,,,False,16,2013,AE
1691120,Mahadeva Swamy B M,BDBRAJP,19582,331,0.142971297756084,13,16,153,KA,Mahadeva Swamy B M,BDBRAJP,,,,,False,16,2013,AE
1691121,T S Chaithanya,IND,19503,319,0.137788048290607,14,16,153,KA,T S Chaithanya,IND,,,,,False,16,2013,AE
1691280,Munirathna,INC,19497,71064,37.4024989736734,1,16,154,KA,Munirathna,INC,,,,,False,16,2013,AE
1691281,K.L.R.Thimmananjaiah,JD(S),19500,52251,27.500815798061,2,16,154,KA,K.L.R.Thimmananjaiah,JD(S),,,,,False,16,2013,AE
1691282,M.Srinivas,BJP,19498,50726,26.6981757702712,3,16,154,KA,M.Srinivas,BJP,,,,,True,16,2013,AE
1691283,K.R.Venkatesh Gowda,KJP,19508,5419,2.85213528563458,4,16,154,KA,K.R.Venkatesh Gowda,KJP,,,,,False,16,2013,AE
1691284,Dr. Priyadharshini Iyer. S.V,JD(U),19507,1885,0.99211570648112,5,16,154,KA,Dr. Priyadharshini Iyer. S.V,JD(U),,,,,False,16,2013,AE
1691285,Gurumurthy,BSP,19499,994,0.523163401720018,6,16,154,KA,Gurumurthy,BSP,,,,,False,16,2013,AE
1691286,Pranesh.H.K,IND,19503,992,0.522110759060621,7,16,154,KA,Pranesh.H.K,IND,,,,,False,16,2013,AE
1691287,Manjunatha.M,IND,19503,928,0.488426193959936,8,16,154,KA,Manjunatha.M,IND,,,,,False,16,2013,AE
1691288,Srinivasa Murthy,IND,19503,787,0.414214886472489,9,16,154,KA,Srinivasa Murthy,IND,,,,,False,16,2013,AE
1691289,Manju.V.K,IND,19503,781,0.411056958494299,10,16,154,KA,Manju.V.K,IND,,,,,False,16,2013,AE
1691290,Dr.Sangamnath.C.Nidgun Di,BSRCP,19509,719,0.378425036053011,11,16,154,KA,Dr.Sangamnath.C.Nidgun Di,BSRCP,,,,,False,16,2013,AE
1691291,V.Narayana,IND,19503,583,0.306845335214054,12,16,154,KA,V.Narayana,IND,,,,,True,16,2013,AE
1691292,Arun Kumar.T.R,BDBRAJP,19582,580,0.30526637122496,13,16,154,KA,Arun Kumar.T.R,BDBRAJP,,,,,False,16,2013,AE
1691293,Nagarajappa.H,IND,19503,538,0.283160875377635,14,16,154,KA,Nagarajappa.H,IND,,,,,False,16,2013,AE
1691294,Martin Clifford Rodrigues,IND,19503,400,0.210528531879282,15,16,154,KA,Martin Clifford Rodrigues,IND,,,,,False,16,2013,AE
1691295,Inr Gowda Nandish,IND,19503,296,0.155791113590669,16,16,154,KA,Inr Gowda Nandish,IND,,,,,False,16,2013,AE
1691296,K.A.Mohan,KDC,19660,294,0.154738470931272,17,16,154,KA,K.A.Mohan,KDC,,,,,False,16,2013,AE
1691297,Sadashiva.A.H,BhJD,19627,270,0.142106759018515,18,16,154,KA,Sadashiva.A.H,BhJD,,,,,False,16,2013,AE
1691298,Narsingh Patel,RPI(A),19525,260,0.136843545721533,19,16,154,KA,Narsingh Patel,RPI(A),,,,,False,16,2013,AE
1691299,P.Thennarasu,PPIS,19676,231,0.121580227160285,20,16,154,KA,P.Thennarasu,PPIS,,,,,False,16,2013,AE
1691399,S.Muniraju,BJP,19498,57562,30.0965188384276,1,16,155,KA,S.Muniraju,BJP,,,,,True,16,2013,AE
1691400,B L Shankar,INC,19497,46734,24.4350563113699,2,16,155,KA,B L Shankar,INC,,,,,False,16,2013,AE
1691401,Andanappa,JD(S),19500,43049,22.5083395204383,3,16,155,KA,Andanappa,JD(S),,,,,True,16,2013,AE
1691402,G Mariswamy,KJP,19508,18238,9.53581026676008,4,16,155,KA,G Mariswamy,KJP,,,,,False,16,2013,AE
1691403,Govindegowda M B,IND,19503,16206,8.4733710485313,5,16,155,KA,Govindegowda M B,IND,,,,,False,16,2013,AE
1691404,R Gangadhar,BSP,19499,1422,0.743498311181754,6,16,155,KA,R Gangadhar,BSP,,,,,False,16,2013,AE
1691405,Kemparaju P N,BSRCP,19509,1331,0.69591860209769,7,16,155,KA,Kemparaju P N,BSRCP,,,,,False,16,2013,AE
1691406,K Muniraju,IND,19503,1174,0.613830532579029,8,16,155,KA,K Muniraju,IND,,,,,False,16,2013,AE
1691407,R Manjunath,IND,19503,1155,0.603896307605433,9,16,155,KA,R Manjunath,IND,,,,,False,16,2013,AE
1691408,Manjunath N (Karle Manju),IND,19503,817,0.427171673864622,10,16,155,KA,Manjunath N (Karle Manju),IND,,,,,False,16,2013,AE
1691409,Govindaiah,IND,19503,680,0.355540683265536,11,16,155,KA,Govindaiah,IND,,,,,False,16,2013,AE
1691410,G Lakshmikantha Acharya,IND,19503,512,0.267701220341109,12,16,155,KA,G Lakshmikantha Acharya,IND,,,,,False,16,2013,AE
1691411,Y G Nagaraj,BhJD,19627,374,0.195547375796045,13,16,155,KA,Y G Nagaraj,BhJD,,,,,False,16,2013,AE
1691412,M Zuber Ahamad,IND,19503,357,0.186658858714406,14,16,155,KA,M Zuber Ahamad,IND,,,,,False,16,2013,AE
1691413,Lakshminarayana Singh,IND,19503,305,0.159470453523512,15,16,155,KA,Lakshminarayana Singh,IND,,,,,False,16,2013,AE
1691414,B K Shobhabai,JD(U),19507,292,0.152673352225789,16,16,155,KA,B K Shobhabai,JD(U),,,,,False,16,2013,AE
1691415,K Mallikarjuna Naidu,IND,19503,240,0.125484947034895,17,16,155,KA,K Mallikarjuna Naidu,IND,,,,,False,16,2013,AE
1691416,Devaraju H,IND,19503,219,0.114505014169341,18,16,155,KA,Devaraju H,IND,,,,,False,16,2013,AE
1691417,Umesh,IND,19503,215,0.112413598385427,19,16,155,KA,Umesh,IND,,,,,False,16,2013,AE
1691418,M Giriyappa,IND,19503,205,0.107185058925639,20,16,155,KA,M Giriyappa,IND,,,,,False,16,2013,AE
1691419,A Anthoni,IND,19503,171,0.0894080247623628,21,16,155,KA,A Anthoni,IND,,,,,False,16,2013,AE
1691557,K.Gopalaiah,JD(S),19500,66127,44.7260380523371,1,16,156,KA,K.Gopalaiah,JD(S),,,,,True,16,2013,AE
1691558,N.L.Narendra Babu,INC,19497,50757,34.3302964511089,2,16,156,KA,N.L.Narendra Babu,INC,,,,,True,16,2013,AE
1691559,S. Harish,BJP,19498,23545,15.9250316200988,3,16,156,KA,S. Harish,BJP,,,,,False,16,2013,AE
1691560,Veeresh Kumar .T,KJP,19508,2936,1.98580984653261,4,16,156,KA,Veeresh Kumar .T,KJP,,,,,False,16,2013,AE
1691561,Rajshree Muralidhar,LSP,19526,1168,0.789995197803164,5,16,156,KA,Rajshree Muralidhar,LSP,,,,,False,16,2013,AE
1691562,K.N. Sridhar,IND,19503,967,0.654045681742859,6,16,156,KA,K.N. Sridhar,IND,,,,,False,16,2013,AE
1691563,Lokesh .L.,BSP,19499,669,0.452488687782805,7,16,156,KA,Lokesh .L.,BSP,,,,,False,16,2013,AE
1691564,Krishna Murthy,BSRCP,19509,628,0.424757691969509,8,16,156,KA,Krishna Murthy,BSRCP,,,,,False,16,2013,AE
1691565,Varalakshmi,IND,19503,327,0.221171600754824,9,16,156,KA,Varalakshmi,IND,,,,,False,16,2013,AE
1691566,C. Indrani,IND,19503,205,0.138654979066479,10,16,156,KA,C. Indrani,IND,,,,,False,16,2013,AE
1691567,A. Raja,IND,19503,167,0.112953080507815,11,16,156,KA,A. Raja,IND,,,,,False,16,2013,AE
1691568,P.K. Patil,IND,19503,134,0.0906330107068698,12,16,156,KA,P.K. Patil,IND,,,,,False,16,2013,AE
1691569,Manohar .H. Ayyannavar,IND,19503,133,0.089956644955326,13,16,156,KA,Manohar .H. Ayyannavar,IND,,,,,False,16,2013,AE
1691570,Dhananjaya .R,IND,19503,86,0.0581674546327672,14,16,156,KA,Dhananjaya .R,IND,,,,,False,16,2013,AE
1691713,Dr. Aswath Narayan C.N.,BJP,19498,57609,53.1943969935087,1,16,157,KA,Dr. Aswath Narayan C.N.,BJP,,,,,True,16,2013,AE
1691714,B. K. Shivaram.,INC,19497,36543,33.7426938383549,2,16,157,KA,B. K. Shivaram.,INC,,,,,False,16,2013,AE
1691715,Dr. Meenakshi Bharath,LSP,19526,7610,7.02684235311498,3,16,157,KA,Dr. Meenakshi Bharath,LSP,,,,,False,16,2013,AE
1691716,Shwetha .S,JD(S),19500,2827,2.61036574668279,4,16,157,KA,Shwetha .S,JD(S),,,,,False,16,2013,AE
1691717,Kumar .N.,KJP,19508,1910,1.76363585998023,5,16,157,KA,Kumar .N.,KJP,,,,,False,16,2013,AE
1691718,S. Sathyaprakash,IND,19503,319,0.294554889703506,6,16,157,KA,S. Sathyaprakash,IND,,,,,False,16,2013,AE
1691719,Eshwara. H. A,BSP,19499,273,0.252079889934348,7,16,157,KA,Eshwara. H. A,BSP,,,,,False,16,2013,AE
1691720,B. T. Lalitha Naik,WPOI,19571,236,0.217915216206982,8,16,157,KA,B. T. Lalitha Naik,WPOI,,,,,False,16,2013,AE
1691721,Vishwanat Bhagawat,IND,19503,190,0.175440216437824,9,16,157,KA,Vishwanat Bhagawat,IND,,,,,False,16,2013,AE
1691722,Manjunath. G (Gowda),BSRCP,19509,183,0.168976629516431,10,16,157,KA,Manjunath. G (Gowda),BSRCP,,,,,False,16,2013,AE
1691723,M.S.Prakash,SUCI,19546,153,0.141275542710459,11,16,157,KA,M.S.Prakash,SUCI,,,,,False,16,2013,AE
1691724,B. Linge Gowda,IND,19503,125,0.115421195024884,12,16,157,KA,B. Linge Gowda,IND,,,,,False,16,2013,AE
1691725,H. Girish,IND,19503,95,0.0877201082189124,13,16,157,KA,H. Girish,IND,,,,,False,16,2013,AE
1691726,N. S. Shivanna,IND,19503,93,0.0858733690985142,14,16,157,KA,N. S. Shivanna,IND,,,,,False,16,2013,AE
1691727,Rajesh. P.,IND,19503,71,0.0655592387741345,15,16,157,KA,Rajesh. P.,IND,,,,,False,16,2013,AE
1691728,Prabhakar,HND,19629,62,0.0572489127323428,16,16,157,KA,Prabhakar,HND,,,,,False,16,2013,AE
1691867,R. Jagadeesh Kumar,BJP,19498,38162,33.0292539380301,1,16,158,KA,R. Jagadeesh Kumar,BJP,,,,,False,16,2013,AE
1691868,C.K. Abdul Rahman Sharief,INC,19497,33026,28.5840401592522,2,16,158,KA,C.K. Abdul Rahman Sharief,INC,,,,,False,16,2013,AE
1691869,Abdul Azeem,JD(S),19500,25073,21.7007097109226,3,16,158,KA,Abdul Azeem,JD(S),,,,,False,16,2013,AE
1691870,Sridhar Pabbisetty,LSP,19526,6271,5.42755755582482,4,16,158,KA,Sridhar Pabbisetty,LSP,,,,,False,16,2013,AE
1691871,C.Munikrishna,KJP,19508,5816,5.0337545438809,5,16,158,KA,C.Munikrishna,KJP,,,,,False,16,2013,AE
1691872,Fakruddin.S,SDPI,19568,1473,1.2748831573481,6,16,158,KA,Fakruddin.S,SDPI,,,,,False,16,2013,AE
1691874,Shabeer Pasha,IND,19503,721,0.624026311234204,7,16,158,KA,Shabeer Pasha,IND,,,,,False,16,2013,AE
1691873,Harish,IND,19503,721,0.624026311234204,7,16,158,KA,Harish,IND,,,,,False,16,2013,AE
1691875,Nagaraja Shetty,IND,19503,570,0.493335641336333,9,16,158,KA,Nagaraja Shetty,IND,,,,,False,16,2013,AE
1691876,Abdul Basheer,RCMP,19551,508,0.439674571576943,10,16,158,KA,Abdul Basheer,RCMP,,,,,False,16,2013,AE
1691877,M.Munihanumaiah,IND,19503,477,0.412844036697247,11,16,158,KA,M.Munihanumaiah,IND,,,,,False,16,2013,AE
1691878,Mohammed Usman Sharieff,IND,19503,335,0.28994287692574,12,16,158,KA,Mohammed Usman Sharieff,IND,,,,,False,16,2013,AE
1691879,M.Manjunath,IND,19503,281,0.243205816167561,13,16,158,KA,M.Manjunath,IND,,,,,False,16,2013,AE
1691880,Uma Lakshmi Narayan,IND,19503,264,0.228492297039986,14,16,158,KA,Uma Lakshmi Narayan,IND,,,,,False,16,2013,AE
1691881,M.Venkatesha,BPJP,19609,246,0.212913276787259,15,16,158,KA,M.Venkatesha,BPJP,,,,,True,16,2013,AE
1691882,Manjunatha.A,IND,19503,235,0.203392764410593,16,16,158,KA,Manjunatha.A,IND,,,,,False,16,2013,AE
1691883,Dr.Prabhashankar,MPHP,19675,211,0.182620737406958,17,16,158,KA,Dr.Prabhashankar,MPHP,,,,,False,16,2013,AE
1691884,Chand Pasha,IND,19503,191,0.165310714903929,18,16,158,KA,Chand Pasha,IND,,,,,False,16,2013,AE
1691885,Nandimandalam Madhava Raju,IND,19503,185,0.16011770815302,19,16,158,KA,Nandimandalam Madhava Raju,IND,,,,,False,16,2013,AE
1691886,Syed Mustafa,IND,19503,183,0.158386705902717,20,16,158,KA,Syed Mustafa,IND,,,,,True,16,2013,AE
1691887,Vinod.M,RPI,19515,165,0.142807685649991,21,16,158,KA,Vinod.M,RPI,,,,,False,16,2013,AE
1691888,N.K.Ravikumar,IND,19503,161,0.139345681149385,22,16,158,KA,N.K.Ravikumar,IND,,,,,False,16,2013,AE
1691889,R.Raghu,IND,19503,152,0.131556171023022,23,16,158,KA,R.Raghu,IND,,,,,False,16,2013,AE
1691890,S.K.Dhanaraj,IND,19503,113,0.0978016271421152,24,16,158,KA,S.K.Dhanaraj,IND,,,,,False,16,2013,AE
1692043,Akhanda Srinivas Murthy.R,JD(S),19500,48995,48.7507586989184,1,16,159,KA,Akhanda Srinivas Murthy.R,JD(S),,,,,False,16,2013,AE
1692044,B. Prasanna Kumar,INC,19497,38796,38.6026009691445,2,16,159,KA,B. Prasanna Kumar,INC,,,,,True,16,2013,AE
1692045,A.Hemalatha,SDPI,19568,5431,5.40392632909125,3,16,159,KA,A.Hemalatha,SDPI,,,,,False,16,2013,AE
1692046,Palani Velu K,BJP,19498,4589,4.56612372016198,4,16,159,KA,Palani Velu K,BJP,,,,,False,16,2013,AE
1692047,M.Murthy,IND,19503,684,0.680590242883155,5,16,159,KA,M.Murthy,IND,,,,,False,16,2013,AE
1692048,Susheela Devaraj,KJP,19508,511,0.508452652212415,6,16,159,KA,Susheela Devaraj,KJP,,,,,False,16,2013,AE
1692049,Elumalai,IND,19503,333,0.331339986666799,7,16,159,KA,Elumalai,IND,,,,,False,16,2013,AE
1692050,Bhagya.M,RPI(A),19525,308,0.306464612292415,8,16,159,KA,Bhagya.M,RPI(A),,,,,False,16,2013,AE
1692051,P.M.Krishna,IND,19503,242,0.24079362394404,9,16,159,KA,P.M.Krishna,IND,,,,,False,16,2013,AE
1692052,M.Raja,ANC,19584,167,0.166167500820887,10,16,159,KA,M.Raja,ANC,,,,,False,16,2013,AE
1692053,Sunstar.D.Jairam,IND,19503,157,0.156217351071133,11,16,159,KA,Sunstar.D.Jairam,IND,,,,,False,16,2013,AE
1692054,Sunil Kumar Meghanath,NPP,19543,152,0.151242276196256,12,16,159,KA,Sunil Kumar Meghanath,NPP,,,,,False,16,2013,AE
1692055,C. Eruchappan,IND,19503,136,0.13532203659665,13,16,159,KA,C. Eruchappan,IND,,,,,True,16,2013,AE
1692210,K.J.George,INC,19497,69673,49.528690855323,1,16,160,KA,K.J.George,INC,,,,,True,16,2013,AE
1692211,Padmanabha Reddy,BJP,19498,46820,33.2830982711555,2,16,160,KA,Padmanabha Reddy,BJP,,,,,False,16,2013,AE
1692212,Mahboob Shariff,SDPI,19568,11161,7.9340593721565,3,16,160,KA,Mahboob Shariff,SDPI,,,,,False,16,2013,AE
1692213,Syed Mohid Altaf,JD(S),19500,7711,5.48154572338489,4,16,160,KA,Syed Mohid Altaf,JD(S),,,,,False,16,2013,AE
1692214,Michael B. Fernandes,KJP,19508,2223,1.58027183803457,5,16,160,KA,Michael B. Fernandes,KJP,,,,,False,16,2013,AE
1692215,Modi Saifulla,IND,19503,606,0.430789353958143,6,16,160,KA,Modi Saifulla,IND,,,,,False,16,2013,AE
1692216,Philip M.L,IND,19503,457,0.324869199272065,7,16,160,KA,Philip M.L,IND,,,,,False,16,2013,AE
1692217,Rahath Bee,NCP,19502,376,0.267288444040036,8,16,160,KA,Rahath Bee,NCP,,,,,False,16,2013,AE
1692218,Imran Sha,RCMP,19551,350,0.248805732484076,9,16,160,KA,Imran Sha,RCMP,,,,,False,16,2013,AE
1692219,Dr.Meer Layaq Hussain,IND,19503,292,0.207575068243858,10,16,160,KA,Dr.Meer Layaq Hussain,IND,,,,,False,16,2013,AE
1692220,Reeta. A,JD(U),19507,286,0.203309827115559,11,16,160,KA,Reeta. A,JD(U),,,,,False,16,2013,AE
1692221,Yesu Gerard. P,NPP,19543,269,0.191224977252047,12,16,160,KA,Yesu Gerard. P,NPP,,,,,False,16,2013,AE
1692222,S.M.Shakir,WPOI,19571,225,0.159946542311191,13,16,160,KA,S.M.Shakir,WPOI,,,,,False,16,2013,AE
1692223,C.Krishna Murthy,ANC,19584,223,0.158524795268425,14,16,160,KA,C.Krishna Murthy,ANC,,,,,False,16,2013,AE
1692373,S. Raghu,BJP,19498,53364,50.258999039349,1,16,161,KA,S. Raghu,BJP,,,,,True,16,2013,AE
1692374,P. Ramesh,INC,19497,44945,42.3298611765149,2,16,161,KA,P. Ramesh,INC,,,,,False,16,2013,AE
1692375,J. Hemalatha Suresh Raj,JD(S),19500,3174,2.98931982143193,3,16,161,KA,J. Hemalatha Suresh Raj,JD(S),,,,,False,16,2013,AE
1692376,A. Ravi Kumar,KJP,19508,1058,0.996439940477311,4,16,161,KA,A. Ravi Kumar,KJP,,,,,False,16,2013,AE
1692377,M. Shivashankar,IND,19503,822,0.774171673981427,5,16,161,KA,M. Shivashankar,IND,,,,,False,16,2013,AE
1692378,B.T.Srinivas,BSP,19499,645,0.607470474109514,6,16,161,KA,B.T.Srinivas,BSP,,,,,True,16,2013,AE
1692379,I. Venkatesh,IND,19503,573,0.539659816534498,7,16,161,KA,I. Venkatesh,IND,,,,,True,16,2013,AE
1692380,N. Gopi,KCVP,19625,564,0.531183484337621,8,16,161,KA,N. Gopi,KCVP,,,,,True,16,2013,AE
1692381,Nagendra P.,JD(U),19507,448,0.421932980466763,9,16,161,KA,Nagendra P.,JD(U),,,,,False,16,2013,AE
1692382,I.M.S. Manivannan,IND,19503,375,0.353180508203205,10,16,161,KA,I.M.S. Manivannan,IND,,,,,False,16,2013,AE
1692383,M.H. Chandra Shekar,BSRCP,19509,210,0.197781084593795,11,16,161,KA,M.H. Chandra Shekar,BSRCP,,,,,False,16,2013,AE
1692532,R.Rhoshan Baig,INC,19497,49649,54.6223664668023,1,16,162,KA,R.Rhoshan Baig,INC,,,,,True,16,2013,AE
1692533,Nirmal Surana,BJP,19498,28794,31.6783101380714,2,16,162,KA,Nirmal Surana,BJP,,,,,True,16,2013,AE
1692534,Abbas Ali Bohra,JD(S),19500,5983,6.58232025964024,3,16,162,KA,Abbas Ali Bohra,JD(S),,,,,False,16,2013,AE
1692535,I.R.Perumal,KJP,19508,2869,3.15638924033225,4,16,162,KA,I.R.Perumal,KJP,,,,,False,16,2013,AE
1692536,Shaik Bahadur,BSP,19499,581,0.639199075856757,5,16,162,KA,Shaik Bahadur,BSP,,,,,False,16,2013,AE
1692537,Shanawaz Ahmed,IND,19503,517,0.568788162165135,6,16,162,KA,Shanawaz Ahmed,IND,,,,,False,16,2013,AE
1692538,M.Vishwanath,IND,19503,416,0.457670938995544,7,16,162,KA,M.Vishwanath,IND,,,,,False,16,2013,AE
1692539,Dyaniyal Sanni,IND,19503,265,0.291545189504373,8,16,162,KA,Dyaniyal Sanni,IND,,,,,False,16,2013,AE
1692540,Mukthar Ali Khan,IND,19503,260,0.286044336872215,9,16,162,KA,Mukthar Ali Khan,IND,,,,,False,16,2013,AE
1692541,M.Mahadeva,IND,19503,259,0.284944166345783,10,16,162,KA,M.Mahadeva,IND,,,,,False,16,2013,AE
1692542,Dr. Ashok Kumar Xavier,BSRCP,19509,240,0.264040926343583,11,16,162,KA,Dr. Ashok Kumar Xavier,BSRCP,,,,,False,16,2013,AE
1692543,Rizwan Asad,JD(U),19507,177,0.194730183178392,12,16,162,KA,Rizwan Asad,JD(U),,,,,False,16,2013,AE
1692544,Syed Saleem,SAJP,19603,172,0.189229330546234,13,16,162,KA,Syed Saleem,SAJP,,,,,False,16,2013,AE
1692545,Ameen Ulla Khan,IND,19503,149,0.163925408438307,14,16,162,KA,Ameen Ulla Khan,IND,,,,,False,16,2013,AE
1692546,K.Narasimhan,IND,19503,134,0.147422850541833,15,16,162,KA,K.Narasimhan,IND,,,,,False,16,2013,AE
1692547,Prashanth.V,IND,19503,127,0.139721656856812,16,16,162,KA,Prashanth.V,IND,,,,,False,16,2013,AE
1692548,S.K.Suhail,NPP,19543,119,0.13092029264536,17,16,162,KA,S.K.Suhail,NPP,,,,,False,16,2013,AE
1692549,G.R.Balaji,IND,19503,114,0.125419440013202,18,16,162,KA,G.R.Balaji,IND,,,,,False,16,2013,AE
1692550,M. Prakash,IND,19503,70,0.0770119368502117,19,16,162,KA,M. Prakash,IND,,,,,True,16,2013,AE
1692728,N.A Haris,INC,19497,54342,52.4486053469742,1,16,163,KA,N.A Haris,INC,,,,,True,16,2013,AE
1692729,K. Vasudeva Murthy,JD(S),19500,34155,32.9649647717401,2,16,163,KA,K. Vasudeva Murthy,JD(S),,,,,False,16,2013,AE
1692730,D. Venkateshmurthy,BJP,19498,10930,10.5491747900781,3,16,163,KA,D. Venkateshmurthy,BJP,,,,,False,16,2013,AE
1692731,R.V. Ramesh Yadav,KJP,19508,911,0.879258758807064,4,16,163,KA,R.V. Ramesh Yadav,KJP,,,,,False,16,2013,AE
1692732,Prabhu Bosco,NPP,19543,873,0.842582762281633,5,16,163,KA,Prabhu Bosco,NPP,,,,,False,16,2013,AE
1692733,Syed Aslam,IND,19503,652,0.629282887752147,6,16,163,KA,Syed Aslam,IND,,,,,False,16,2013,AE
1692734,N. Shashidhar,BSP,19499,388,0.374481227680725,7,16,163,KA,N. Shashidhar,BSP,,,,,False,16,2013,AE
1692735,Anthony A. Santhosh,IND,19503,322,0.31078081266287,8,16,163,KA,Anthony A. Santhosh,IND,,,,,False,16,2013,AE
1692736,Bhanu Prakash .K,IND,19503,195,0.188205771643663,9,16,163,KA,Bhanu Prakash .K,IND,,,,,False,16,2013,AE
1692737,M. Ruben Benjamin,IND,19503,187,0.180484509217257,10,16,163,KA,M. Ruben Benjamin,IND,,,,,False,16,2013,AE
1692738,K. Rajendra,IND,19503,160,0.154425248528134,11,16,163,KA,K. Rajendra,IND,,,,,True,16,2013,AE
1692739,S. Suresh Babu,IND,19503,141,0.136087250265418,12,16,163,KA,S. Suresh Babu,IND,,,,,False,16,2013,AE
1692740,Harinath V.E,JD(U),19507,137,0.132226619052215,13,16,163,KA,Harinath V.E,JD(U),,,,,False,16,2013,AE
1692741,A.S. Rajan,IND,19503,131,0.126435672232409,14,16,163,KA,A.S. Rajan,IND,,,,,False,16,2013,AE
1692742,Purusothaman D.R.,IND,19503,86,0.0830035710838722,15,16,163,KA,Purusothaman D.R.,IND,,,,,False,16,2013,AE
1692901,Dinesh Gundu Rao,INC,19497,54968,49.597574620132,1,16,164,KA,Dinesh Gundu Rao,INC,,,,,True,16,2013,AE
1692902,P.C.Mohan,BJP,19498,32361,29.1992998159309,2,16,164,KA,P.C.Mohan,BJP,,,,,True,16,2013,AE
1692903,V.Nagaraj,BSRCP,19509,10875,9.81250225574764,3,16,164,KA,V.Nagaraj,BSRCP,,,,,False,16,2013,AE
1692904,Subhash Bharani,JD(S),19500,7418,6.69325441224239,4,16,164,KA,Subhash Bharani,JD(S),,,,,False,16,2013,AE
1692905,Va. Pugazhendi,AIADMK,14373,3197,2.8846500884253,5,16,164,KA,Va. Pugazhendi,ADMK,,,,,False,16,2013,AE
1692906,B.R.Ravi Reddy,IND,19503,454,0.409643772331901,6,16,164,KA,B.R.Ravi Reddy,IND,,,,,False,16,2013,AE
1692907,Sowmya,BSP,19499,441,0.397913884577904,7,16,164,KA,Sowmya,BSP,,,,,False,16,2013,AE
1692908,Narendra Jain,SP,19506,282,0.254448334355938,8,16,164,KA,Narendra Jain,SP,,,,,False,16,2013,AE
1692909,Mohan Kumar,IND,19503,216,0.194896596527953,9,16,164,KA,Mohan Kumar,IND,,,,,False,16,2013,AE
1692910,V M Mariyappa,IND,19503,162,0.146172447395964,10,16,164,KA,V M Mariyappa,IND,,,,,False,16,2013,AE
1692911,Murthy R,IND,19503,143,0.129028765293969,11,16,164,KA,Murthy R,IND,,,,,False,16,2013,AE
1692912,Anandan M.,JD(U),19507,115,0.103764391669975,12,16,164,KA,Anandan M.,JD(U),,,,,False,16,2013,AE
1692913,K Prasanna,NPP,19543,113,0.101959793553975,13,16,164,KA,K Prasanna,NPP,,,,,False,16,2013,AE
1692914,Ghouse Mohidden,IND,19503,83,0.074890821813982,14,16,164,KA,Ghouse Mohidden,IND,,,,,False,16,2013,AE
1693074,Suresh Kumar S.,BJP,19498,39291,36.4473757444203,1,16,165,KA,Suresh Kumar S.,BJP,,,,,True,16,2013,AE
1693075,R.Manjula Naidu,INC,19497,24524,22.7491141166212,2,16,165,KA,R.Manjula Naidu,INC,,,,,False,16,2013,AE
1693076,Shobha Karandlaje,KJP,19508,20909,19.3957440492755,3,16,165,KA,Shobha Karandlaje,KJP,,,,,False,16,2013,AE
1693077,S.T Anand,JD(S),19500,16794,15.5785606946067,4,16,165,KA,S.T Anand,JD(S),,,,,False,16,2013,AE
1693078,Muniswamy.K,AIADMK,14373,1660,1.53986011391254,5,16,165,KA,Muniswamy.K,ADMK,,,,,False,16,2013,AE
1693079,Rupa Rani,LSP,19526,880,0.816311385688577,6,16,165,KA,Rupa Rani,LSP,,,,,False,16,2013,AE
1693080,R.Harisharadhya,BSRCP,19509,457,0.423925344613272,7,16,165,KA,R.Harisharadhya,BSRCP,,,,,False,16,2013,AE
1693081,S.Shobha,BhJD,19627,385,0.357136231238752,8,16,165,KA,S.Shobha,BhJD,,,,,False,16,2013,AE
1693082,Soundaryag,BSP,19499,313,0.290347117864232,9,16,165,KA,Soundaryag,BSP,,,,,False,16,2013,AE
1693083,Shobha,IND,19503,309,0.286636611565648,10,16,165,KA,Shobha,IND,,,,,False,16,2013,AE
1693084,Keshav S.Himalai,IND,19503,291,0.269939333222018,11,16,165,KA,Keshav S.Himalai,IND,,,,,False,16,2013,AE
1693085,R.B Shivakumar,IND,19503,259,0.240255282833342,12,16,165,KA,R.B Shivakumar,IND,,,,,False,16,2013,AE
1693086,Vishwanath.G.P,NCP,19502,253,0.234689523385465,13,16,165,KA,Vishwanath.G.P,NCP,,,,,False,16,2013,AE
1693087,Dhananjaya.H.H,IND,19503,187,0.173466169458822,14,16,165,KA,Dhananjaya.H.H,IND,,,,,False,16,2013,AE
1693088,Prashanth.S.M,IND,19503,185,0.17161091630953,15,16,165,KA,Prashanth.S.M,IND,,,,,False,16,2013,AE
1693089,Rakshith.M,IND,19503,183,0.169755663160238,16,16,165,KA,Rakshith.M,IND,,,,,False,16,2013,AE
1693090,Pratibha Kumari B.S,SUCI,19546,182,0.168828036585592,17,16,165,KA,Pratibha Kumari B.S,SUCI,,,,,False,16,2013,AE
1693091,Nagaraja.H.N,IND,19503,140,0.129867720450455,18,16,165,KA,Nagaraja.H.N,IND,,,,,False,16,2013,AE
1693092,S.Anitha Gowda,BPJP,19609,116,0.107604682658948,19,16,165,KA,S.Anitha Gowda,BPJP,,,,,False,16,2013,AE
1693093,Sharana Goud.B,PPOI,19560,105,0.0974007903378415,20,16,165,KA,Sharana Goud.B,PPOI,,,,,False,16,2013,AE
1693094,K.V. Srinivasappa,JVBP,19657,96,0.0890521511660266,21,16,165,KA,K.V. Srinivasappa,JVBP,,,,,False,16,2013,AE
1693095,Vijay Kumar M K,IND,19503,85,0.0788482588449193,22,16,165,KA,Vijay Kumar M K,IND,,,,,False,16,2013,AE
1693096,K.T Nagabhushan,JD(U),19507,76,0.0704996196731043,23,16,165,KA,K.T Nagabhushan,JD(U),,,,,False,16,2013,AE
1693097,Lakshmana Shetru.H,NPP,19543,70,0.0649338602252277,24,16,165,KA,Lakshmana Shetru.H,NPP,,,,,False,16,2013,AE
1693098,P.K Patil,IND,19503,52,0.0482365818815977,25,16,165,KA,P.K Patil,IND,,,,,False,16,2013,AE
1693248,Priyakrishna,INC,19497,72654,55.3609119379443,1,16,166,KA,Priyakrishna,INC,,,,,False,16,2013,AE
1693249,H. Ravindra,BJP,19498,30194,23.0072311924228,2,16,166,KA,H. Ravindra,BJP,,,,,False,16,2013,AE
1693250,T.M.Rangegowda,JD(S),19500,20662,15.7440355997165,3,16,166,KA,T.M.Rangegowda,JD(S),,,,,True,16,2013,AE
1693251,P. Doddaiah,KJP,19508,5227,3.98287068433444,4,16,166,KA,P. Doddaiah,KJP,,,,,False,16,2013,AE
1693252,Harish. K,IND,19503,598,0.455664180071168,5,16,166,KA,Harish. K,IND,,,,,False,16,2013,AE
1693253,Mahesh. R,IND,19503,511,0.389371899692921,6,16,166,KA,Mahesh. R,IND,,,,,False,16,2013,AE
1693254,K. Rajashekar,BSRCP,19509,499,0.380228136882129,7,16,166,KA,K. Rajashekar,BSRCP,,,,,False,16,2013,AE
1693255,Ravindra,IND,19503,324,0.246881595891402,8,16,166,KA,Ravindra,IND,,,,,False,16,2013,AE
1693256,B.S. Vijayakumar,SJPA,19505,313,0.238499813314842,9,16,166,KA,B.S. Vijayakumar,SJPA,,,,,False,16,2013,AE
1693257,Abhimani Narendra,IND,19503,255,0.194304959729344,10,16,166,KA,Abhimani Narendra,IND,,,,,False,16,2013,AE
1693391,M.Krishnappa,INC,19497,76891,57.7272761398529,1,16,167,KA,M.Krishnappa,INC,,,,,True,16,2013,AE
1693392,V.Somanna,BJP,19498,44249,33.2207181843434,2,16,167,KA,V.Somanna,BJP,,,,,False,16,2013,AE
1693393,B.S. Kanyakumari,JD(S),19500,4253,3.19301485769199,3,16,167,KA,B.S. Kanyakumari,JD(S),,,,,False,16,2013,AE
1693394,B.S.Vagesh Prasad,KJP,19508,1791,1.34462487893871,4,16,167,KA,B.S.Vagesh Prasad,KJP,,,,,False,16,2013,AE
1693395,M.Mukunda,IND,19503,819,0.614878713484537,5,16,167,KA,M.Mukunda,IND,,,,,False,16,2013,AE
1693396,K.S.Vanajamba,LSP,19526,778,0.584097239427314,6,16,167,KA,K.S.Vanajamba,LSP,,,,,False,16,2013,AE
1693397,Ganesh Shanbhogue,IND,19503,606,0.454965201918962,7,16,167,KA,Ganesh Shanbhogue,IND,,,,,False,16,2013,AE
1693398,Jayakumar.C.N,BSP,19499,553,0.415174515942551,8,16,167,KA,Jayakumar.C.N,BSP,,,,,False,16,2013,AE
1693399,M. Krishnappa,IND,19503,343,0.257513307356772,9,16,167,KA,M. Krishnappa,IND,,,,,False,16,2013,AE
1693400,R.Ramesh,IND,19503,328,0.246251792457788,10,16,167,KA,R.Ramesh,IND,,,,,False,16,2013,AE
1693401,M.Raju,IND,19503,321,0.240996418838262,11,16,167,KA,M.Raju,IND,,,,,False,16,2013,AE
1693402,Prashanth.N,IND,19503,267,0.200454965201918,12,16,167,KA,Prashanth.N,IND,,,,,False,16,2013,AE
1693403,Muralidhara.D.J,NPP,19543,256,0.192196520942663,13,16,167,KA,Muralidhara.D.J,NPP,,,,,False,16,2013,AE
1693404,Yadavi.K.M,BSRCP,19509,231,0.173427329444356,14,16,167,KA,Yadavi.K.M,BSRCP,,,,,False,16,2013,AE
1693405,Zakir Hussain Khan,IND,19503,212,0.159162743905643,15,16,167,KA,Zakir Hussain Khan,IND,,,,,False,16,2013,AE
1693406,Balakrishna.R.K.Raju,IND,19503,210,0.157661208585778,16,16,167,KA,Balakrishna.R.K.Raju,IND,,,,,False,16,2013,AE
1693407,Syed Farooq,IND,19503,206,0.154658137946049,17,16,167,KA,Syed Farooq,IND,,,,,False,16,2013,AE
1693408,Shaik Sardar,IND,19503,169,0.126879734528555,18,16,167,KA,Shaik Sardar,IND,,,,,False,16,2013,AE
1693409,Arvind.B.Patil,IND,19503,136,0.10210440175079,19,16,167,KA,Arvind.B.Patil,IND,,,,,False,16,2013,AE
1693410,Harsha Mutalik,JD(U),19507,133,0.0998520987709933,20,16,167,KA,Harsha Mutalik,JD(U),,,,,False,16,2013,AE
1693411,S.Siddaraju,RPI,19515,132,0.099101331111061,21,16,167,KA,S.Siddaraju,RPI,,,,,False,16,2013,AE
1693412,C.K.Ravi,BDBRAJP,19582,93,0.0698213923737021,22,16,167,KA,C.K.Ravi,BDBRAJP,,,,,False,16,2013,AE
1693413,Syed Sabeer,IND,19503,83,0.0623137157743793,23,16,167,KA,Syed Sabeer,IND,,,,,False,16,2013,AE
1693414,Syed Ulla Habib,IND,19503,73,0.0548060391750564,24,16,167,KA,Syed Ulla Habib,IND,,,,,False,16,2013,AE
1693415,Dr Syed Thasaduk Ahamed,IND,19503,64,0.0480491302356659,25,16,167,KA,Dr Syed Thasaduk Ahamed,IND,,,,,False,16,2013,AE
1693560,B.Z.Zameer Ahmed Khan,JD(S),19500,56339,52.321251126032,1,16,168,KA,B.Z.Zameer Ahmed Khan,JD(S),,,,,True,16,2013,AE
1693561,G.A.Bava,INC,19497,26177,24.3102183341227,2,16,168,KA,G.A.Bava,INC,,,,,False,16,2013,AE
1693562,B.V.Ganesh,BJP,19498,17720,16.4563192451638,3,16,168,KA,B.V.Ganesh,BJP,,,,,False,16,2013,AE
1693563,Usman Baig,SDP,19687,2942,2.73219476406727,4,16,168,KA,Usman Baig,SDP,,,,,False,16,2013,AE
1693564,Subramani.T,IND,19503,917,0.851605234075353,5,16,168,KA,Subramani.T,IND,,,,,False,16,2013,AE
1693565,Shahtaj Khanam,KJP,19508,638,0.592501787720911,6,16,168,KA,Shahtaj Khanam,KJP,,,,,False,16,2013,AE
1693566,M.Shiva Kumar,IND,19503,458,0.425338273943851,7,16,168,KA,M.Shiva Kumar,IND,,,,,False,16,2013,AE
1693567,Rama.C.B.K,IND,19503,388,0.360330240808328,8,16,168,KA,Rama.C.B.K,IND,,,,,True,16,2013,AE
1693568,Annappa.K,IND,19503,330,0.306466441924609,9,16,168,KA,Annappa.K,IND,,,,,False,16,2013,AE
1693569,K.Mani,IND,19503,320,0.297179580048105,10,16,168,KA,K.Mani,IND,,,,,False,16,2013,AE
1693570,Syed Khadeer,IND,19503,280,0.260032132542092,11,16,168,KA,Syed Khadeer,IND,,,,,False,16,2013,AE
1693571,B.V.Ganesh,IND,19503,250,0.232171546912582,12,16,168,KA,B.V.Ganesh,IND,,,,,False,16,2013,AE
1693572,S.N.Harish Narayan,IND,19503,209,0.194095413218919,13,16,168,KA,S.N.Harish Narayan,IND,,,,,False,16,2013,AE
1693573,B.S.Gowda,JD(U),19507,161,0.149518476211703,14,16,168,KA,B.S.Gowda,JD(U),,,,,False,16,2013,AE
1693574,Syed Aslam,NPP,19543,135,0.125372635332794,15,16,168,KA,Syed Aslam,NPP,,,,,False,16,2013,AE
1693575,Amjad Khan,IND,19503,110,0.102155480641536,16,16,168,KA,Amjad Khan,IND,,,,,False,16,2013,AE
1693576,Asif Pasha,IND,19503,101,0.0937973049526834,17,16,168,KA,Asif Pasha,IND,,,,,False,16,2013,AE
1693577,C.B.Abdul Sab,IND,19503,79,0.0733662088243761,18,16,168,KA,C.B.Abdul Sab,IND,,,,,False,16,2013,AE
1693578,B.K.Aslam Khan,IND,19503,65,0.0603646021972715,19,16,168,KA,B.K.Aslam Khan,IND,,,,,False,16,2013,AE
1693579,Asgar-A-Maheen.S.M,IND,19503,60,0.0557211712590198,20,16,168,KA,Asgar-A-Maheen.S.M,IND,,,,,False,16,2013,AE
1693739,R.V.Devaraj,INC,19497,44714,41.0921388791883,1,16,169,KA,R.V.Devaraj,INC,,,,,True,16,2013,AE
1693740,Uday.B.Garudachar,BJP,19498,31655,29.0909257999889,2,16,169,KA,Uday.B.Garudachar,BJP,,,,,False,16,2013,AE
1693741,M.C. Narayana Gowda,JD(S),19500,24382,22.4070432113514,3,16,169,KA,M.C. Narayana Gowda,JD(S),,,,,False,16,2013,AE
1693742,Mujahid Pasha.A,SDPI,19568,4821,4.43049607587258,4,16,169,KA,Mujahid Pasha.A,SDPI,,,,,False,16,2013,AE
1693743,Khamar Taj,KJP,19508,953,0.875806421967761,5,16,169,KA,Khamar Taj,KJP,,,,,False,16,2013,AE
1693744,M.K. Shanmugaraj,IND,19503,454,0.417225724631021,6,16,169,KA,M.K. Shanmugaraj,IND,,,,,False,16,2013,AE
1693745,R. Nagaraja,IND,19503,396,0.363923759810318,7,16,169,KA,R. Nagaraja,IND,,,,,False,16,2013,AE
1693746,S. Padmanabha,IND,19503,327,0.30051280166155,8,16,169,KA,S. Padmanabha,IND,,,,,False,16,2013,AE
1693747,K. Ravichandra Rao,IND,19503,258,0.237101843512783,9,16,169,KA,K. Ravichandra Rao,IND,,,,,False,16,2013,AE
1693748,R. Vasanth Kumar,IND,19503,235,0.215964857463194,10,16,169,KA,R. Vasanth Kumar,IND,,,,,False,16,2013,AE
1693749,K.S. Babu,IND,19503,139,0.127740915690995,11,16,169,KA,K.S. Babu,IND,,,,,False,16,2013,AE
1693750,Ambrose D'Mello,IND,19503,133,0.122226919330233,12,16,169,KA,Ambrose D'Mello,IND,,,,,False,16,2013,AE
1693751,Abdul Aleem Turabi,IND,19503,113,0.103846931461025,13,16,169,KA,Abdul Aleem Turabi,IND,,,,,False,16,2013,AE
1693752,Asgar Mahin.S.M,IND,19503,89,0.0817909460179756,14,16,169,KA,Asgar Mahin.S.M,IND,,,,,True,16,2013,AE
1693753,Kuram Pasha,IND,19503,74,0.0680059551160696,15,16,169,KA,Kuram Pasha,IND,,,,,False,16,2013,AE
1693754,M. Adhi Mulam,IND,19503,71,0.0652489569356884,16,16,169,KA,M. Adhi Mulam,IND,,,,,False,16,2013,AE
1693906,Ravisubramanya L.A,BJP,19498,43876,42.332146613023,1,16,170,KA,Ravisubramanya L.A,BJP,,,,,True,16,2013,AE
1693907,K.Bagegowda,JD(S),19500,24163,23.3127828108869,2,16,170,KA,K.Bagegowda,JD(S),,,,,False,16,2013,AE
1693908,K.Chandrashekar,INC,19497,21588,20.8283886653738,3,16,170,KA,K.Chandrashekar,INC,,,,,True,16,2013,AE
1693909,Shanthala Dhamle,LSP,19526,9071,8.75182108502899,4,16,170,KA,Shanthala Dhamle,LSP,,,,,False,16,2013,AE
1693910,Ravikiran,KJP,19508,1741,1.67973988634499,5,16,170,KA,Ravikiran,KJP,,,,,False,16,2013,AE
1693911,Shivakumar.V.,IND,19503,528,0.509421401487742,6,16,170,KA,Shivakumar.V.,IND,,,,,False,16,2013,AE
1693912,L.Ramesh,BSP,19499,481,0.464075178249249,7,16,170,KA,L.Ramesh,BSP,,,,,False,16,2013,AE
1693913,K.N.Chandrashekar,IND,19503,333,0.321282815711019,8,16,170,KA,K.N.Chandrashekar,IND,,,,,False,16,2013,AE
1693914,V.Nanjunda,LJP,19521,286,0.275936592472526,9,16,170,KA,V.Nanjunda,LJP,,,,,False,16,2013,AE
1693915,K.N.Venkatesh,IND,19503,281,0.271112526170559,10,16,170,KA,K.N.Venkatesh,IND,,,,,False,16,2013,AE
1693916,N.Ravi,SUCI,19546,253,0.244097754879543,11,16,170,KA,N.Ravi,SUCI,,,,,False,16,2013,AE
1693917,Yogesh,IND,19503,243,0.234449622275608,12,16,170,KA,Yogesh,IND,,,,,False,16,2013,AE
1693918,Dr.Nagesh.M.N.,IND,19503,200,0.19296265207869,13,16,170,KA,Dr.Nagesh.M.N.,IND,,,,,False,16,2013,AE
1693919,T.K.Premkumar,PPOI,19560,168,0.162088627746099,14,16,170,KA,T.K.Premkumar,PPOI,,,,,False,16,2013,AE
1693920,Gopal.K.,IND,19503,158,0.152440495142165,15,16,170,KA,Gopal.K.,IND,,,,,False,16,2013,AE
1693921,Dr.Kodur Venkatesh,IND,19503,110,0.106129458643279,16,16,170,KA,Dr.Kodur Venkatesh,IND,,,,,False,16,2013,AE
1693922,N.Hemanth Kumar Gowda,JD(U),19507,88,0.0849035669146236,17,16,170,KA,N.Hemanth Kumar Gowda,JD(U),,,,,False,16,2013,AE
1693923,Arunkumar.P.,IND,19503,79,0.0762202475710826,18,16,170,KA,Arunkumar.P.,IND,,,,,False,16,2013,AE
1694064,R.Ashoka,BJP,19498,53680,41.8221623179824,1,16,171,KA,R.Ashoka,BJP,,,,,True,16,2013,AE
1694065,L.S.Chethan Gowda,INC,19497,33557,26.1443051584302,2,16,171,KA,L.S.Chethan Gowda,INC,,,,,False,16,2013,AE
1694066,Dr.M.R.V.Prasad,JD(S),19500,26272,20.4685515726161,3,16,171,KA,Dr.M.R.V.Prasad,JD(S),,,,,False,16,2013,AE
1694067,Syed Ansar,IND,19503,3531,2.75100698853941,4,16,171,KA,Syed Ansar,IND,,,,,False,16,2013,AE
1694068,S.N.Sreerama,KJP,19508,3089,2.4066441766067,5,16,171,KA,S.N.Sreerama,KJP,,,,,False,16,2013,AE
1694069,Sumitra Iyengar,LSP,19526,2880,2.2438119872539,6,16,171,KA,Sumitra Iyengar,LSP,,,,,False,16,2013,AE
1694070,Rajkatte Manjunath N,IND,19503,2386,1.8589359033291,7,16,171,KA,Rajkatte Manjunath N,IND,,,,,False,16,2013,AE
1694071,Abdul Razack Khan,BSP,19499,1229,0.957515601505223,8,16,171,KA,Abdul Razack Khan,BSP,,,,,False,16,2013,AE
1694072,Syed Zubair,IND,19503,395,0.307745046862948,9,16,171,KA,Syed Zubair,IND,,,,,False,16,2013,AE
1694073,Wg Cdr G.B.Athri (Retd),IND,19503,335,0.260998963795158,10,16,171,KA,Wg Cdr G.B.Athri (Retd),IND,,,,,False,16,2013,AE
1694074,K.C.Srinivasa,IND,19503,266,0.2072409682672,11,16,171,KA,K.C.Srinivasa,IND,,,,,False,16,2013,AE
1694075,T.S.Sridhar,IND,19503,223,0.173739608735284,12,16,171,KA,T.S.Sridhar,IND,,,,,False,16,2013,AE
1694076,Santhosh G,JD(U),19507,203,0.158157581046021,13,16,171,KA,Santhosh G,JD(U),,,,,False,16,2013,AE
1694077,S.Lakshmi Narayana,IND,19503,168,0.13088903258981,14,16,171,KA,S.Lakshmi Narayana,IND,,,,,False,16,2013,AE
1694078,H.C. Krishnamurthy,IND,19503,139,0.108295092440379,15,16,171,KA,H.C. Krishnamurthy,IND,,,,,False,16,2013,AE
1694213,Ramalinga Reddy,INC,19497,69712,63.0957768405046,1,16,172,KA,Ramalinga Reddy,INC,,,,,True,16,2013,AE
1694214,N. Sudhakar,BJP,19498,20664,18.7028220770052,2,16,172,KA,N. Sudhakar,BJP,,,,,False,16,2013,AE
1694215,J. Ramesh Reddy,JD(S),19500,8346,7.55389823145013,3,16,172,KA,J. Ramesh Reddy,JD(S),,,,,False,16,2013,AE
1694216,Ravi Krishna Reddy,LSP,19526,6596,5.96998714769292,4,16,172,KA,Ravi Krishna Reddy,LSP,,,,,False,16,2013,AE
1694217,Srinivasa,KJP,19508,1902,1.72148507503213,5,16,172,KA,Srinivasa,KJP,,,,,False,16,2013,AE
1694218,R. Ravindrakumar,IND,19503,1324,1.19834187136831,6,16,172,KA,R. Ravindrakumar,IND,,,,,False,16,2013,AE
1694219,Hariram .A,BSP,19499,1311,1.18657567474612,7,16,172,KA,Hariram .A,BSP,,,,,False,16,2013,AE
1694220,Mohammed Sadiq,IND,19503,322,0.291439639411328,8,16,172,KA,Mohammed Sadiq,IND,,,,,False,16,2013,AE
1694221,Thyagaraj,BDBRAJP,19582,309,0.279673442789131,9,16,172,KA,Thyagaraj,BDBRAJP,,,,,False,16,2013,AE
1694356,B.N.Vijaya Kumar,BJP,19498,43990,46.0314968869355,1,16,173,KA,B.N.Vijaya Kumar,BJP,,,,,True,16,2013,AE
1694357,M.C.Venugopal,INC,19497,31678,33.1481190812535,2,16,173,KA,M.C.Venugopal,INC,,,,,False,16,2013,AE
1694358,K.S.Sameeulla,JD(S),19500,12097,12.6584000418563,3,16,173,KA,K.S.Sameeulla,JD(S),,,,,False,16,2013,AE
1694359,Rohith Patel,LSP,19526,2182,2.28326270077957,4,16,173,KA,Rohith Patel,LSP,,,,,False,16,2013,AE
1694360,Ravikumar.V.,KJP,19508,1457,1.52461675299534,5,16,173,KA,Ravikumar.V.,KJP,,,,,False,16,2013,AE
1694361,Maasthi Zakir Ali Khan,IND,19503,745,0.779574111861036,6,16,173,KA,Maasthi Zakir Ali Khan,IND,,,,,False,16,2013,AE
1694362,Lakshminarayana.,IND,19503,667,0.697954271961492,7,16,173,KA,Lakshminarayana.,IND,,,,,False,16,2013,AE
1694363,Sunil Kumar. S,IND,19503,538,0.562967613666091,8,16,173,KA,Sunil Kumar. S,IND,,,,,False,16,2013,AE
1694364,Shashikala,BSP,19499,434,0.454141160466698,9,16,173,KA,Shashikala,BSP,,,,,False,16,2013,AE
1694365,C.K.Ravi Chandra,IND,19503,369,0.386124627217077,10,16,173,KA,C.K.Ravi Chandra,IND,,,,,False,16,2013,AE
1694366,Manjunatha.N,IND,19503,309,0.323340134986658,11,16,173,KA,Manjunatha.N,IND,,,,,False,16,2013,AE
1694367,Magic Ramesh,IND,19503,216,0.226024172029508,12,16,173,KA,Magic Ramesh,IND,,,,,False,16,2013,AE
1694368,Dr Kodur Venkatesh,IND,19503,214,0.223931355621828,13,16,173,KA,Dr Kodur Venkatesh,IND,,,,,False,16,2013,AE
1694369,Mohammed Kaleemulla,RCMP,19551,168,0.175796578245173,14,16,173,KA,Mohammed Kaleemulla,RCMP,,,,,False,16,2013,AE
1694370,Rajesh.K.,BSRCP,19509,157,0.164286088002929,15,16,173,KA,Rajesh.K.,BSRCP,,,,,False,16,2013,AE
1694371,Moula.,IND,19503,142,0.148589964945325,16,16,173,KA,Moula.,IND,,,,,False,16,2013,AE
1694372,Dilip Raj,IND,19503,107,0.111965677810914,17,16,173,KA,Dilip Raj,IND,,,,,False,16,2013,AE
1694373,Ajmal Pasha,IND,19503,95,0.0994087793648302,18,16,173,KA,Ajmal Pasha,IND,,,,,False,16,2013,AE
1694520,Aravind Limbavali,BJP,19498,110244,48.6193985420001,1,16,174,KA,Aravind Limbavali,BJP,,,,,True,16,2013,AE
1694521,A.C.Srinivas,INC,19497,104095,45.9075894491265,2,16,174,KA,A.C.Srinivas,INC,,,,,False,16,2013,AE
1694522,Govardhan N,JD(S),19500,5604,2.47145522141222,3,16,174,KA,Govardhan N,JD(S),,,,,False,16,2013,AE
1694523,R.L.Srinivasa,IND,19503,1729,0.762517144507803,4,16,174,KA,R.L.Srinivasa,IND,,,,,False,16,2013,AE
1694524,Mayur Patel,BSRCP,19509,1532,0.675636937759372,5,16,174,KA,Mayur Patel,BSRCP,,,,,False,16,2013,AE
1694525,Muniyappa,KJP,19508,1393,0.614335675129769,6,16,174,KA,Muniyappa,KJP,,,,,False,16,2013,AE
1694526,Venkatesh.N,BSP,19499,786,0.346638794437902,7,16,174,KA,Venkatesh.N,BSP,,,,,False,16,2013,AE
1694527,Muniraja.P,IND,19503,467,0.205954601784351,8,16,174,KA,Muniraja.P,IND,,,,,False,16,2013,AE
1694528,M.Manjunath,BDBRAJP,19582,461,0.203308504116886,9,16,174,KA,M.Manjunath,BDBRAJP,,,,,False,16,2013,AE
1694529,Nagesh.T,IND,19503,438,0.193165129724938,10,16,174,KA,Nagesh.T,IND,,,,,False,16,2013,AE
1694677,Satish Reddy.M,BJP,19498,86552,49.5335767509471,1,16,175,KA,Satish Reddy.M,BJP,,,,,True,16,2013,AE
1694678,Nagabhushana.C,INC,19497,60700,34.7385168312978,2,16,175,KA,Nagabhushana.C,INC,,,,,False,16,2013,AE
1694679,Dr.Ashwin Mahesh,LSP,19526,11915,6.81893621161308,3,16,175,KA,Dr.Ashwin Mahesh,LSP,,,,,False,16,2013,AE
1694680,R.Sharaschandra(Babu),JD(S),19500,10621,6.07838199777948,4,16,175,KA,R.Sharaschandra(Babu),JD(S),,,,,False,16,2013,AE
1694681,B.Ramesh Reddy,KJP,19508,1832,1.04845078805498,5,16,175,KA,B.Ramesh Reddy,KJP,,,,,False,16,2013,AE
1694682,Yogesh Devaraj,IND,19503,1161,0.664438517975894,6,16,175,KA,Yogesh Devaraj,IND,,,,,False,16,2013,AE
1694683,Afsar Pasha,BSP,19499,763,0.436663728867879,7,16,175,KA,Afsar Pasha,BSP,,,,,False,16,2013,AE
1694684,Nagabhushan.R,IND,19503,472,0.270124875525083,8,16,175,KA,Nagabhushan.R,IND,,,,,False,16,2013,AE
1694685,Srinivas.S.T,BSRCP,19509,433,0.247805235386358,9,16,175,KA,Srinivas.S.T,BSRCP,,,,,False,16,2013,AE
1694686,S.N.Jagadish Reddy,IND,19503,285,0.163105062552222,10,16,175,KA,S.N.Jagadish Reddy,IND,,,,,False,16,2013,AE
1694816,M Krishnappa,BJP,19498,102207,40.7626317615669,1,16,176,KA,M Krishnappa,BJP,,,,,True,16,2013,AE
1694817,R. Prabhakara Reddy,JD(S),19500,72045,28.7332942485552,2,16,176,KA,R. Prabhakara Reddy,JD(S),,,,,False,16,2013,AE
1694818,Dr.Tejaswini Gowda,INC,19497,63849,25.4645305638976,3,16,176,KA,Dr.Tejaswini Gowda,INC,,,,,False,16,2013,AE
1694819,Jagadish Reddy,KJP,19508,3936,1.5697723112265,4,16,176,KA,Jagadish Reddy,KJP,,,,,False,16,2013,AE
1694820,Murali Mohan,IND,19503,1975,0.787677925475697,5,16,176,KA,Murali Mohan,IND,,,,,False,16,2013,AE
1694821,Vasanth,BSP,19499,1363,0.543597474644747,6,16,176,KA,Vasanth,BSP,,,,,False,16,2013,AE
1694822,G.A. Gregory,IND,19503,1347,0.537216286387728,7,16,176,KA,G.A. Gregory,IND,,,,,False,16,2013,AE
1694823,E Krishnappa,IND,19503,1040,0.41477723670619,8,16,176,KA,E Krishnappa,IND,,,,,False,16,2013,AE
1694824,A. Chowarappa,IND,19503,691,0.275587567849978,9,16,176,KA,A. Chowarappa,IND,,,,,False,16,2013,AE
1694825,T.N Kamal,IND,19503,639,0.254848706014668,10,16,176,KA,T.N Kamal,IND,,,,,False,16,2013,AE
1694826,N S Ravichandra,BSRCP,19509,509,0.203001551426394,11,16,176,KA,N S Ravichandra,BSRCP,,,,,False,16,2013,AE
1694827,K Gururaj,IND,19503,407,0.162321476287903,12,16,176,KA,K Gururaj,IND,,,,,False,16,2013,AE
1694828,Ashish Kapur,IND,19503,394,0.157136760829075,13,16,176,KA,Ashish Kapur,IND,,,,,False,16,2013,AE
1694829,Sundarappa,JD(U),19507,335,0.13360612913132,14,16,176,KA,Sundarappa,JD(U),,,,,False,16,2013,AE
1694931,B.Shivanna,INC,19497,105464,56.560889408509,1,16,177,KA,B.Shivanna,INC,,,,,False,16,2013,AE
1694932,A Narayanaswamy,BJP,19498,65282,35.0110747019483,2,16,177,KA,A Narayanaswamy,BJP,,,,,True,16,2013,AE
1694933,Anekal Keshava,JD(S),19500,7307,3.91878194367723,3,16,177,KA,Anekal Keshava,JD(S),,,,,False,16,2013,AE
1694934,R. Krishnamurthy,KJP,19508,2369,1.2705069692858,4,16,177,KA,R. Krishnamurthy,KJP,,,,,False,16,2013,AE
1694935,D. Mahadesh,CPM,19558,1923,1.03131485940759,5,16,177,KA,D. Mahadesh,CPM,,,,,False,16,2013,AE
1694936,Srinivasa P.,BSP,19499,1365,0.732056569470291,6,16,177,KA,Srinivasa P.,BSP,,,,,False,16,2013,AE
1694937,A Narayanaswamy,IND,19503,1000,0.536305179099114,7,16,177,KA,A Narayanaswamy,IND,,,,,False,16,2013,AE
1694938,Manjunatha,BSRCP,19509,885,0.474630083502716,8,16,177,KA,Manjunatha,BSRCP,,,,,False,16,2013,AE
1694939,Sukundha V.,KRRS,19522,436,0.233829058087213,9,16,177,KA,Sukundha V.,KRRS,,,,,False,16,2013,AE
1694940,Gopinatha G M,IND,19503,430,0.230611227012619,10,16,177,KA,Gopinatha G M,IND,,,,,True,16,2013,AE
1695045,M.T.B.Nagaraju,INC,19497,85238,51.2262988671534,1,16,178,KA,M.T.B.Nagaraju,INC,,,,,True,16,2013,AE
1695046,B.N.Bachhe Gowda,BJP,19498,78099,46.9359055260073,2,16,178,KA,B.N.Bachhe Gowda,BJP,,,,,True,16,2013,AE
1695047,V.Sridhar,JD(S),19500,1304,0.783677394152468,3,16,178,KA,V.Sridhar,JD(S),,,,,False,16,2013,AE
1695048,Upendra Madiga,BSP,19499,474,0.284864328856035,4,16,178,KA,Upendra Madiga,BSP,,,,,False,16,2013,AE
1695049,A.N.Bachhegowda,IND,19503,280,0.168274287087953,5,16,178,KA,A.N.Bachhegowda,IND,,,,,True,16,2013,AE
1695050,H.R. Shankar,IND,19503,247,0.148441960395444,6,16,178,KA,H.R. Shankar,IND,,,,,False,16,2013,AE
1695051,N. Nagaraj (N.T.B),IND,19503,225,0.135220409267105,7,16,178,KA,N. Nagaraj (N.T.B),IND,,,,,False,16,2013,AE
1695052,T.V.Manjunatha Gowda,IND,19503,223,0.13401845007362,8,16,178,KA,T.V.Manjunatha Gowda,IND,,,,,False,16,2013,AE
1695053,B.N.Ananda,IND,19503,125,0.0751224495928363,9,16,178,KA,B.N.Ananda,IND,,,,,False,16,2013,AE
1695054,M.Premsagar,IND,19503,92,0.0552901229003275,10,16,178,KA,M.Premsagar,IND,,,,,False,16,2013,AE
1695055,Ananda .M.G,IND,19503,88,0.0528862045133567,11,16,178,KA,Ananda .M.G,IND,,,,,False,16,2013,AE
1695206,Pilla Munishamappa,JD(S),19500,70323,45.7990061674926,1,16,179,KA,Pilla Munishamappa,JD(S),,,,,False,16,2013,AE
1695207,Venkataswamy,INC,19497,68381,44.5342468429861,2,16,179,KA,Venkataswamy,INC,,,,,True,16,2013,AE
1695208,G.Chandranna,BJP,19498,9418,6.13362683738529,3,16,179,KA,G.Chandranna,BJP,,,,,False,16,2013,AE
1695209,Venkatesh P,BSP,19499,1283,0.835574775150279,4,16,179,KA,Venkatesh P,BSP,,,,,False,16,2013,AE
1695210,D R Narayanaswamy,BSRCP,19509,1201,0.78217093137606,5,16,179,KA,D R Narayanaswamy,BSRCP,,,,,False,16,2013,AE
1695211,A Hanumanthappa,KJP,19508,929,0.605026473978651,6,16,179,KA,A Hanumanthappa,KJP,,,,,False,16,2013,AE
1695212,K S Swamy,IND,19503,865,0.563345425179261,7,16,179,KA,K S Swamy,IND,,,,,False,16,2013,AE
1695213,Shivappa M,IND,19503,419,0.272880616358509,8,16,179,KA,Shivappa M,IND,,,,,False,16,2013,AE
1695214,Rama Naik,IND,19503,297,0.193426117084671,9,16,179,KA,Rama Naik,IND,,,,,False,16,2013,AE
1695215,Akkayamma,IND,19503,234,0.152396334672771,10,16,179,KA,Akkayamma,IND,,,,,False,16,2013,AE
1695216,D Muniraju,IND,19503,197,0.128299478335623,11,16,179,KA,D Muniraju,IND,,,,,False,16,2013,AE
1695337,T.Venkataramanaiah (Appakaranahalli T.Venkatesh),INC,19497,38877,26.2147509811061,1,16,180,KA,T.Venkataramanaiah (Appakaranahalli T.Venkatesh),INC,,,,,False,16,2013,AE
1695338,B Munegowda,IND,19503,37430,25.2390392577308,2,16,180,KA,B Munegowda,IND,,,,,False,16,2013,AE
1695339,C.Channigappa,JD(S),19500,34628,23.3496513870345,3,16,180,KA,C.Channigappa,JD(S),,,,,True,16,2013,AE
1695340,J.Narasimhaswamy,BJP,19498,32753,22.085339375059,4,16,180,KA,J.Narasimhaswamy,BJP,,,,,False,16,2013,AE
1695341,V.Nagendra Prasad,KJP,19508,1517,1.02291270515569,5,16,180,KA,V.Nagendra Prasad,KJP,,,,,False,16,2013,AE
1695342,Purushothama,BSP,19499,1439,0.970317325457512,6,16,180,KA,Purushothama,BSP,,,,,True,16,2013,AE
1695343,R.Chandra Tejaswi,CPM,19558,984,0.663510943884775,7,16,180,KA,R.Chandra Tejaswi,CPM,,,,,True,16,2013,AE
1695344,Kumara,BSRCP,19509,674,0.454478024571482,8,16,180,KA,Kumara,BSRCP,,,,,False,16,2013,AE
1695467,Dr.K.Sreenivasamurthy,JD(S),19500,60492,43.3125214801237,1,16,181,KA,Dr.K.Sreenivasamurthy,JD(S),,,,,True,16,2013,AE
1695468,Anjanamurthy,INC,19497,45389,32.4987111925764,2,16,181,KA,Anjanamurthy,INC,,,,,True,16,2013,AE
1695469,M.V.Nagaraju,BJP,19498,19368,13.8675678771909,3,16,181,KA,M.V.Nagaraju,BJP,,,,,True,16,2013,AE
1695470,Cheluvaraju H P,KJP,19508,9821,7.03187650360866,4,16,181,KA,Cheluvaraju H P,KJP,,,,,False,16,2013,AE
1695471,Dr C Hanumaiah,BSP,19499,857,0.613615534425478,5,16,181,KA,Dr C Hanumaiah,BSP,,,,,False,16,2013,AE
1695472,B V Satishchandra,IND,19503,646,0.462538664222705,6,16,181,KA,B V Satishchandra,IND,,,,,False,16,2013,AE
1695473,Dr Chowdaiah,IND,19503,480,0.343681979608202,7,16,181,KA,Dr Chowdaiah,IND,,,,,False,16,2013,AE
1695474,B C Ramanna,IND,19503,456,0.326497880627792,8,16,181,KA,B C Ramanna,IND,,,,,False,16,2013,AE
1695475,Anjanamurthy,IND,19503,436,0.312177798144117,9,16,181,KA,Anjanamurthy,IND,,,,,False,16,2013,AE
1695476,Srinivasa G M,IND,19503,319,0.228405315614617,10,16,181,KA,Srinivasa G M,IND,,,,,False,16,2013,AE
1695477,B Ramaiah,BSRCP,19509,288,0.206209187764921,11,16,181,KA,B Ramaiah,BSRCP,,,,,False,16,2013,AE
1695478,Gangabylappa,BDBRAJP,19582,286,0.204777179516554,12,16,181,KA,Gangabylappa,BDBRAJP,,,,,False,16,2013,AE
1695479,Pujappa N G,IND,19503,252,0.180433039294306,13,16,181,KA,Pujappa N G,IND,,,,,False,16,2013,AE
1695480,Lepaksha S,JD(U),19507,210,0.150360866078588,14,16,181,KA,Lepaksha S,JD(U),,,,,False,16,2013,AE
1695481,Thirumalaiah,IND,19503,209,0.149644861954404,15,16,181,KA,Thirumalaiah,IND,,,,,False,16,2013,AE
1695482,G Kumara,IND,19503,155,0.110980639248482,16,16,181,KA,G Kumara,IND,,,,,False,16,2013,AE
1695599,H C Balakrishna,JD(S),19500,74821,43.9952724236472,1,16,182,KA,H C Balakrishna,JD(S),,,,,True,16,2013,AE
1695600,A.Manjunath,INC,19497,60462,35.5520797807909,2,16,182,KA,A.Manjunath,INC,,,,,False,16,2013,AE
1695601,H.M.Kirshnamurthy,KJP,19508,27143,15.960274246469,3,16,182,KA,H.M.Kirshnamurthy,KJP,,,,,False,16,2013,AE
1695602,C.K.Jagadish Prasad,BJP,19498,1604,0.94316324250585,4,16,182,KA,C.K.Jagadish Prasad,BJP,,,,,False,16,2013,AE
1695603,A.G.Krishnamurthy,BDBRAJP,19582,1228,0.722072607105476,5,16,182,KA,A.G.Krishnamurthy,BDBRAJP,,,,,False,16,2013,AE
1695604,M.T.Ravikumar,IND,19503,1069,0.628579492667552,6,16,182,KA,M.T.Ravikumar,IND,,,,,False,16,2013,AE
1695605,V.Rajashekshar,IND,19503,869,0.510978090858843,7,16,182,KA,V.Rajashekshar,IND,,,,,False,16,2013,AE
1695606,Jaffer Pasha,BSP,19499,515,0.302823609657427,8,16,182,KA,Jaffer Pasha,BSP,,,,,True,16,2013,AE
1695607,K.Ramesha,JD(U),19507,434,0.255195041924899,9,16,182,KA,K.Ramesha,JD(U),,,,,False,16,2013,AE
1695608,T.Hombegowda,IND,19503,392,0.23049874754507,10,16,182,KA,T.Hombegowda,IND,,,,,False,16,2013,AE
1695609,T.M.Gangaiah,IND,19503,297,0.174638081685933,11,16,182,KA,T.M.Gangaiah,IND,,,,,False,16,2013,AE
1695610,Balakrishna,IND,19503,288,0.169346018604541,12,16,182,KA,Balakrishna,IND,,,,,False,16,2013,AE
1695611,N.Manjunath,IND,19503,274,0.161113920477932,13,16,182,KA,N.Manjunath,IND,,,,,False,16,2013,AE
1695612,H.L.Balakrishna,IND,19503,268,0.15758587842367,14,16,182,KA,H.L.Balakrishna,IND,,,,,False,16,2013,AE
1695613,R.Rangaswami,IND,19503,217,0.127597520962449,15,16,182,KA,R.Rangaswami,IND,,,,,False,16,2013,AE
1695614,Mahamad Apsar Pasha,IND,19503,185,0.108781296673056,16,16,182,KA,Mahamad Apsar Pasha,IND,,,,,False,16,2013,AE
1695717,H D Kumara Swamy,JD(S),19500,83447,56.1157997377357,1,16,183,KA,H D Kumara Swamy,JD(S),,,,,True,16,2013,AE
1695718,Maridevaru,INC,19497,58049,39.0363471302242,2,16,183,KA,Maridevaru,INC,,,,,False,16,2013,AE
1695719,Shivamadhu,BJP,19498,1776,1.19431088396489,3,16,183,KA,Shivamadhu,BJP,,,,,False,16,2013,AE
1695720,Fairoz Ali Khan,SDPI,19568,1368,0.919942167378366,4,16,183,KA,Fairoz Ali Khan,SDPI,,,,,False,16,2013,AE
1695721,G P Shankaregowda,IND,19503,1140,0.766618472815305,5,16,183,KA,G P Shankaregowda,IND,,,,,False,16,2013,AE
1695722,Ravi,IND,19503,1067,0.717527991661342,6,16,183,KA,Ravi,IND,,,,,False,16,2013,AE
1695723,S R Nagaraju,KJP,19508,468,0.31471705726102,7,16,183,KA,S R Nagaraju,KJP,,,,,False,16,2013,AE
1695724,Maridevaru,IND,19503,430,0.289163108167176,8,16,183,KA,Maridevaru,IND,,,,,False,16,2013,AE
1695725,S. Jayaram,BDBRAJP,19582,302,0.203086648061598,9,16,183,KA,S. Jayaram,BDBRAJP,,,,,False,16,2013,AE
1695726,M.P.Munavar Sharif,IND,19503,227,0.152651222218486,10,16,183,KA,M.P.Munavar Sharif,IND,,,,,False,16,2013,AE
1695727,Puttaswamachari,IND,19503,217,0.145926498772737,11,16,183,KA,Puttaswamachari,IND,,,,,False,16,2013,AE
1695728,H S Theertha Prasad,BSRCP,19509,214,0.143909081739013,12,16,183,KA,H S Theertha Prasad,BSRCP,,,,,False,16,2013,AE
1695842,D.K.Shivakumar,INC,19497,100007,56.7734500513763,1,16,184,KA,D.K.Shivakumar,INC,,,,,True,16,2013,AE
1695843,P.G.R Sindhia,JD(S),19500,68583,38.9342098540456,2,16,184,KA,P.G.R Sindhia,JD(S),,,,,False,16,2013,AE
1695844,B.Nagaraju,BJP,19498,1807,1.02582443471794,3,16,184,KA,B.Nagaraju,BJP,,,,,False,16,2013,AE
1695845,Mallikarjunaiah,BSP,19499,1345,0.763549454729181,4,16,184,KA,Mallikarjunaiah,BSP,,,,,False,16,2013,AE
1695846,Kalaiah,BDBRAJP,19582,1178,0.668744429495149,5,16,184,KA,Kalaiah,BDBRAJP,,,,,False,16,2013,AE
1695847,Shivarenuka,IND,19503,699,0.396818638554422,6,16,184,KA,Shivarenuka,IND,,,,,False,16,2013,AE
1695848,K.V. Vishwanath,IND,19503,638,0.362189258079715,7,16,184,KA,K.V. Vishwanath,IND,,,,,False,16,2013,AE
1695849,M.Govindaraju,BSRCP,19509,453,0.257165727131835,8,16,184,KA,M.Govindaraju,BSRCP,,,,,False,16,2013,AE
1695850,D.C.Ramesh,IND,19503,422,0.239567189513542,9,16,184,KA,D.C.Ramesh,IND,,,,,True,16,2013,AE
1695851,M.Madhu,KJP,19508,357,0.202667029991314,10,16,184,KA,M.Madhu,KJP,,,,,False,16,2013,AE
1695852,Ramesh,IND,19503,280,0.15895453332652,11,16,184,KA,Ramesh,IND,,,,,True,16,2013,AE
1695853,K. Putta Madegowda,IND,19503,211,0.119783594756771,12,16,184,KA,K. Putta Madegowda,IND,,,,,False,16,2013,AE
1695854,J. Nataraju,IND,19503,171,0.0970758042815538,13,16,184,KA,J. Nataraju,IND,,,,,False,16,2013,AE
1695956,C.P.Yogeshwara,SP,19506,80099,47.5333954459946,1,16,185,KA,C.P.Yogeshwara,SP,,,,,False,16,2013,AE
1695957,Anitha Kumaraswamy,JD(S),19500,73635,43.697444083769,2,16,185,KA,Anitha Kumaraswamy,JD(S),,,,,False,16,2013,AE
1695958,Sadath Alli Khan,INC,19497,8134,4.82698458854318,3,16,185,KA,Sadath Alli Khan,INC,,,,,False,16,2013,AE
1695959,Ravikumar Gowda,BJP,19498,1609,0.954833809068844,4,16,185,KA,Ravikumar Gowda,BJP,,,,,False,16,2013,AE
1695960,Syed Zulfikar Mehadi,IND,19503,989,0.586905305885075,5,16,185,KA,Syed Zulfikar Mehadi,IND,,,,,True,16,2013,AE
1695961,M C V Murthy,JD(U),19507,866,0.513913038317973,6,16,185,KA,M C V Murthy,JD(U),,,,,False,16,2013,AE
1695962,V.S.Sujeevan Kumar,BSP,19499,726,0.430832408566799,7,16,185,KA,V.S.Sujeevan Kumar,BSP,,,,,False,16,2013,AE
1695963,Shivarudraiah,BDBRAJP,19582,624,0.370302235462373,8,16,185,KA,Shivarudraiah,BDBRAJP,,,,,False,16,2013,AE
1695964,Suvarna,IND,19503,379,0.224911133397819,9,16,185,KA,Suvarna,IND,,,,,False,16,2013,AE
1695965,B Nagaraj,KJP,19508,373,0.221350534979912,10,16,185,KA,B Nagaraj,KJP,,,,,False,16,2013,AE
1695966,M.Yogesh,IND,19503,290,0.172095590198859,11,16,185,KA,M.Yogesh,IND,,,,,False,16,2013,AE
1695967,Muzamil Pasha,ANC,19584,284,0.168534991780951,12,16,185,KA,Muzamil Pasha,ANC,,,,,False,16,2013,AE
1695968,Jai Kisan S. R,IND,19503,186,0.11037855095513,13,16,185,KA,Jai Kisan S. R,IND,,,,,False,16,2013,AE
1695969,J.T.Prakash,IND,19503,165,0.0979164564924544,14,16,185,KA,J.T.Prakash,IND,,,,,True,16,2013,AE
1695970,Ashraf,HJP,19529,152,0.0902018265869883,15,16,185,KA,Ashraf,HJP,,,,,False,16,2013,AE
1696081,P M Narendraswamy,INC,19497,61869,35.8556940017386,1,16,186,KA,P M Narendraswamy,INC,,,,,False,16,2013,AE
1696082,Dr. K Annadani,JD(S),19500,61331,35.5439003187481,2,16,186,KA,Dr. K Annadani,JD(S),,,,,True,16,2013,AE
1696083,G.Muniraju,KJP,19508,26397,15.2981744421906,3,16,186,KA,G.Muniraju,KJP,,,,,False,16,2013,AE
1696084,Dr.Murthy.L.,BSRCP,19509,8018,4.64676905244856,4,16,186,KA,Dr.Murthy.L.,BSRCP,,,,,False,16,2013,AE
1696085,B Somashekar,JD(U),19507,3914,2.26832802086351,5,16,186,KA,B Somashekar,JD(U),,,,,True,16,2013,AE
1696086,Krishnamurthy.M,BSP,19499,2628,1.52303680092726,6,16,186,KA,Krishnamurthy.M,BSP,,,,,False,16,2013,AE
1696087,S.Swamy,IND,19503,2031,1.17705013039698,7,16,186,KA,S.Swamy,IND,,,,,False,16,2013,AE
1696088,K.Basavaraju,CPM,19558,1868,1.08258475804114,8,16,186,KA,K.Basavaraju,CPM,,,,,False,16,2013,AE
1696089,D.N.Kumara Swamy,BJP,19498,1697,0.98348304839177,9,16,186,KA,D.N.Kumara Swamy,BJP,,,,,False,16,2013,AE
1696090,M.Krishnamurthy,IND,19503,898,0.520428861199652,10,16,186,KA,M.Krishnamurthy,IND,,,,,False,16,2013,AE
1696091,M.S.Shashikumar,IND,19503,619,0.35873659808751,11,16,186,KA,M.S.Shashikumar,IND,,,,,False,16,2013,AE
1696092,M.Mahesha,LJP,19521,570,0.330339032164589,12,16,186,KA,M.Mahesha,LJP,,,,,False,16,2013,AE
1696093,B.S.Puttaswamy,AMJP,19635,385,0.223123732251521,13,16,186,KA,B.S.Puttaswamy,AMJP,,,,,False,16,2013,AE
1696094,H.Nanjundaiah,NPP,19543,325,0.188351202549985,14,16,186,KA,H.Nanjundaiah,NPP,,,,,False,16,2013,AE
1696198,D.C.Thammanna,JD(S),19500,80926,51.7853486229138,1,16,187,KA,D.C.Thammanna,JD(S),,,,,False,16,2013,AE
1696199,Madhu Madegowda,INC,19497,48968,31.3351080167912,2,16,187,KA,Madhu Madegowda,INC,,,,,False,16,2013,AE
1696200,Kalpana Siddaraju,IND,19503,15797,10.1086567011364,3,16,187,KA,Kalpana Siddaraju,IND,,,,,False,16,2013,AE
1696201,Venkatesha,IND,19503,2840,1.81734411794819,4,16,187,KA,Venkatesha,IND,,,,,False,16,2013,AE
1696202,Boraiah H H (Swamy),BSP,19499,1843,1.17935394696426,5,16,187,KA,Boraiah H H (Swamy),BSP,,,,,False,16,2013,AE
1696203,Vanajakshi Ramaraju,BJP,19498,1745,1.11664277669704,6,16,187,KA,Vanajakshi Ramaraju,BJP,,,,,False,16,2013,AE
1696204,Kumara,IND,19503,1482,0.948346472816627,7,16,187,KA,Kumara,IND,,,,,False,16,2013,AE
1696205,M.Ravishankar,IND,19503,590,0.37754684140473,8,16,187,KA,M.Ravishankar,IND,,,,,False,16,2013,AE
1696206,K.M.Anandareddy,KJP,19508,561,0.358989454284836,9,16,187,KA,K.M.Anandareddy,KJP,,,,,False,16,2013,AE
1696207,K.Shivanand,BSRCP,19509,425,0.271961707791542,10,16,187,KA,K.Shivanand,BSRCP,,,,,False,16,2013,AE
1696208,Karadakere Yogesha,HJP,19529,380,0.243165762260673,11,16,187,KA,Karadakere Yogesha,HJP,,,,,False,16,2013,AE
1696209,Ningegowda,IND,19503,377,0.241246032558615,12,16,187,KA,Ningegowda,IND,,,,,False,16,2013,AE
1696210,Nadeem Baig,IND,19503,338,0.216289546431862,13,16,187,KA,Nadeem Baig,IND,,,,,False,16,2013,AE
1696311,K S Puttannaiah,SKP,19542,80041,49.7482783482087,1,16,188,KA,K S Puttannaiah,SKP,,,,,True,16,2013,AE
1696312,C S Puttaraju,JD(S),19500,70193,43.6274022325535,2,16,188,KA,C S Puttaraju,JD(S),,,,,True,16,2013,AE
1696313,L.D.Ravi,INC,19497,2314,1.43823185739502,3,16,188,KA,L.D.Ravi,INC,,,,,False,16,2013,AE
1696314,Puttannaiah S/O Nanjappa,IND,19503,1605,0.997563583024637,4,16,188,KA,Puttannaiah S/O Nanjappa,IND,,,,,False,16,2013,AE
1696315,S.Vasanthakumar,IND,19503,1368,0.850259801606046,5,16,188,KA,S.Vasanthakumar,IND,,,,,False,16,2013,AE
1696316,Mahesha M.M.,BSP,19499,1362,0.846530591949879,6,16,188,KA,Mahesha M.M.,BSP,,,,,False,16,2013,AE
1696317,Sundahally Somashekhara,HND,19629,831,0.516495537379111,7,16,188,KA,Sundahally Somashekhara,HND,,,,,False,16,2013,AE
1696318,G.M. Raveendra,BJP,19498,827,0.514009397608333,8,16,188,KA,G.M. Raveendra,BJP,,,,,False,16,2013,AE
1696319,Arunakumar,IND,19503,720,0.447505158740024,9,16,188,KA,Arunakumar,IND,,,,,False,16,2013,AE
1696320,Puttannaiah S/O Timmarajappa,IND,19503,535,0.332521194341545,10,16,188,KA,Puttannaiah S/O Timmarajappa,IND,,,,,False,16,2013,AE
1696321,Udhayakumara B.S.,BSRCP,19509,498,0.30952440146185,11,16,188,KA,Udhayakumara B.S.,BSRCP,,,,,False,16,2013,AE
1696322,R.Manjunatha,IND,19503,339,0.210700345573428,12,16,188,KA,R.Manjunatha,IND,,,,,False,16,2013,AE
1696323,S.Albert,IND,19503,259,0.160977550157869,13,16,188,KA,S.Albert,IND,,,,,False,16,2013,AE
1696428,Ambaresh Amarnath,INC,19497,90329,59.108874609012,1,16,189,KA,Ambaresh Amarnath,INC,,,,,False,16,2013,AE
1696429,M.Srinivas,JD(S),19500,47392,31.0120535539007,2,16,189,KA,M.Srinivas,JD(S),,,,,True,16,2013,AE
1696430,T.L. Ravishankar,BJP,19498,3094,2.02463060634218,3,16,189,KA,T.L. Ravishankar,BJP,,,,,False,16,2013,AE
1696431,Mohammad Tahir,SDPI,19568,3074,2.01154314282348,4,16,189,KA,Mohammad Tahir,SDPI,,,,,False,16,2013,AE
1696432,Shivaprakasha S D,IND,19503,2587,1.69286340614325,5,16,189,KA,Shivaprakasha S D,IND,,,,,True,16,2013,AE
1696433,D. Venkatesh Achar,KJP,19508,1457,0.953421717336962,6,16,189,KA,D. Venkatesh Achar,KJP,,,,,False,16,2013,AE
1696434,H.N. Harish,IND,19503,983,0.64324883194388,7,16,189,KA,H.N. Harish,IND,,,,,False,16,2013,AE
1696435,M.R. Muralidhara,IND,19503,780,0.510411077229122,8,16,189,KA,M.R. Muralidhara,IND,,,,,False,16,2013,AE
1696436,Ashok S.D. Jayaram,IND,19503,524,0.34289154418982,9,16,189,KA,Ashok S.D. Jayaram,IND,,,,,False,16,2013,AE
1696437,Hallegere Shivaramu,IND,19503,351,0.229684984753105,10,16,189,KA,Hallegere Shivaramu,IND,,,,,False,16,2013,AE
1696438,N. Murali,IND,19503,331,0.216597521234409,11,16,189,KA,N. Murali,IND,,,,,False,16,2013,AE
1696439,Bus Nanjundaiah. N.,IND,19503,303,0.198275072308235,12,16,189,KA,Bus Nanjundaiah. N.,IND,,,,,False,16,2013,AE
1696440,M.P. Munavar Shariff,IND,19503,279,0.182570116085801,13,16,189,KA,M.P. Munavar Shariff,IND,,,,,False,16,2013,AE
1696441,C.T.Manjunath,HND,19629,251,0.164247667159627,14,16,189,KA,C.T.Manjunath,HND,,,,,False,16,2013,AE
1696442,Basavegowda,IND,19503,250,0.163593293983693,15,16,189,KA,Basavegowda,IND,,,,,False,16,2013,AE
1696443,Sayeed Ulla Shariff,BSRCP,19509,223,0.145925218233454,16,16,189,KA,Sayeed Ulla Shariff,BSRCP,,,,,False,16,2013,AE
1696444,Kabbanahally Puttaswamy,IND,19503,217,0.141998979177845,17,16,189,KA,Kabbanahally Puttaswamy,IND,,,,,False,16,2013,AE
1696445,Sandesh M.R.,SJKP,19692,211,0.138072740122236,18,16,189,KA,Sandesh M.R.,SJKP,,,,,False,16,2013,AE
1696446,M.S. Govardhana,IND,19503,182,0.119095918020128,19,16,189,KA,M.S. Govardhana,IND,,,,,False,16,2013,AE
1696552,A.B.Ramesha Bandisiddegowda,JD(S),19500,55204,34.9819716489129,1,16,190,KA,A.B.Ramesha Bandisiddegowda,JD(S),,,,,True,16,2013,AE
1696553,Ravindra Srikantaiah,IND,19503,41580,26.3486410615498,2,16,190,KA,Ravindra Srikantaiah,IND,,,,,False,16,2013,AE
1696554,S.L.Lingaraju,INC,19497,27197,17.234343216714,3,16,190,KA,S.L.Lingaraju,INC,,,,,False,16,2013,AE
1696555,K.S.Nanjundegowda,SKP,19542,24075,15.2559772380185,4,16,190,KA,K.S.Nanjundegowda,SKP,,,,,True,16,2013,AE
1696556,T.Sridhara,BJP,19498,2427,1.53795459010056,5,16,190,KA,T.Sridhara,BJP,,,,,False,16,2013,AE
1696557,M.Suresha,IND,19503,1605,1.01706514920123,6,16,190,KA,M.Suresha,IND,,,,,False,16,2013,AE
1696558,Shambhulinge Gowda,IND,19503,1604,1.01643146375002,7,16,190,KA,Shambhulinge Gowda,IND,,,,,False,16,2013,AE
1696559,Rathnamma Basavaiah,BSP,19499,1433,0.908071251592134,8,16,190,KA,Rathnamma Basavaiah,BSP,,,,,False,16,2013,AE
1696560,Ganjam Shivu,BSRCP,19509,1014,0.642557047532745,9,16,190,KA,Ganjam Shivu,BSRCP,,,,,False,16,2013,AE
1696561,K.N. Manjunatha,IND,19503,706,0.447381928558302,10,16,190,KA,K.N. Manjunatha,IND,,,,,False,16,2013,AE
1696562,M.Shivalingegowda,SAJP,19603,519,0.328882749180961,11,16,190,KA,M.Shivalingegowda,SAJP,,,,,False,16,2013,AE
1696563,K.Udayakumar,IND,19503,443,0.280722654888566,12,16,190,KA,K.Udayakumar,IND,,,,,False,16,2013,AE
1696670,N.Chaluvarayaswamy (Swamy Gowda),JD(S),19500,89203,54.5170635114653,1,16,191,KA,N.Chaluvarayaswamy (Swamy Gowda),JD(S),,,,,True,16,2013,AE
1696671,Suresh Gowda,INC,19497,68840,42.0720676673348,2,16,191,KA,Suresh Gowda,INC,,,,,True,16,2013,AE
1696672,Murali (Hoysala),IND,19503,1190,0.727277172052999,3,16,191,KA,Murali (Hoysala),IND,,,,,False,16,2013,AE
1696673,Dr.Parthasarathi.V.Gowd A,BJP,19498,1085,0.663105656871852,4,16,191,KA,Dr.Parthasarathi.V.Gowd A,BJP,,,,,False,16,2013,AE
1696674,H.N.Narasimhamurthy,BSP,19499,1042,0.636825893511954,5,16,191,KA,H.N.Narasimhamurthy,BSP,,,,,False,16,2013,AE
1696675,T.Krishnappa (K.K.),KJP,19508,920,0.562264704444335,6,16,191,KA,T.Krishnappa (K.K.),KJP,,,,,False,16,2013,AE
1696676,N.K.Krishnaprasad,IND,19503,347,0.212071578741504,7,16,191,KA,N.K.Krishnaprasad,IND,,,,,False,16,2013,AE
1696677,N.S.Ashoka,IND,19503,252,0.154011636434752,8,16,191,KA,N.S.Ashoka,IND,,,,,False,16,2013,AE
1696678,Varadaraju (Ramesh Tibbanahalli),BSRCP,19509,215,0.131398816799491,9,16,191,KA,Varadaraju (Ramesh Tibbanahalli),BSRCP,,,,,False,16,2013,AE
1696679,G.M.Ramesh,JD(U),19507,188,0.114897570038625,10,16,191,KA,G.M.Ramesh,JD(U),,,,,False,16,2013,AE
1696680,H.K.Krishna,IND,19503,185,0.113064098176306,11,16,191,KA,H.K.Krishna,IND,,,,,False,16,2013,AE
1696681,C.P.Lavanya,AKBRP,19693,157,0.0959516941280007,12,16,191,KA,C.P.Lavanya,AKBRP,,,,,False,16,2013,AE
1696783,Narayanagowda,JD(S),19500,56784,36.9971723068503,1,16,192,KA,Narayanagowda,JD(S),,,,,False,16,2013,AE
1696784,K B Chandrashekar,INC,19497,47541,30.974967748661,2,16,192,KA,K B Chandrashekar,INC,,,,,True,16,2013,AE
1696785,Krishna,IND,19503,37764,24.6048396554644,3,16,192,KA,Krishna,IND,,,,,False,16,2013,AE
1696786,Lokesha B N,IND,19503,3612,2.3533704278026,4,16,192,KA,Lokesha B N,IND,,,,,False,16,2013,AE
1696787,Varadarajegowda,BJP,19498,2519,1.64123480277817,5,16,192,KA,Varadarajegowda,BJP,,,,,False,16,2013,AE
1696788,G C Asha,IND,19503,2232,1.45424219126672,6,16,192,KA,G C Asha,IND,,,,,False,16,2013,AE
1696789,Manjulamma,IND,19503,1736,1.13107725987412,7,16,192,KA,Manjulamma,IND,,,,,True,16,2013,AE
1696790,K Keshava,BSRCP,19509,1294,0.843095607302484,8,16,192,KA,K Keshava,BSRCP,,,,,False,16,2013,AE
1696890,C.N.Balakrishna,JD(S),19500,87185,55.9545355359595,1,16,193,KA,C.N.Balakrishna,JD(S),,,,,False,16,2013,AE
1696891,C. S. Putte Gowda,INC,19497,63043,40.4604207580833,2,16,193,KA,C. S. Putte Gowda,INC,,,,,False,16,2013,AE
1696892,Manjunath.C.N.(Patel),BJP,19498,1981,1.27138768018278,3,16,193,KA,Manjunath.C.N.(Patel),BJP,,,,,False,16,2013,AE
1696893,M.Ramaiah,IND,19503,787,0.50508940146585,4,16,193,KA,M.Ramaiah,IND,,,,,False,16,2013,AE
1696894,Rangaswamy. M.R. Mathigatta.,BSP,19499,652,0.418447636284287,5,16,193,KA,Rangaswamy. M.R. Mathigatta.,BSP,,,,,False,16,2013,AE
1696895,Kurubara Kalenahalli Kovi Babanna,IND,19503,632,0.405611819220352,6,16,193,KA,Kurubara Kalenahalli Kovi Babanna,IND,,,,,True,16,2013,AE
1696896,Arjun Kumar .G.B.,IND,19503,626,0.401761074101171,7,16,193,KA,Arjun Kumar .G.B.,IND,,,,,False,16,2013,AE
1696897,Aralapura Manjegowda A.N.,KRRS,19522,422,0.270835740049032,8,16,193,KA,Aralapura Manjegowda A.N.,KRRS,,,,,False,16,2013,AE
1696898,Dinesh.P.Shravanabelago La,AKBRP,19693,181,0.116164144428613,9,16,193,KA,Dinesh.P.Shravanabelago La,AKBRP,,,,,False,16,2013,AE
1696899,A.S.Premadharmaiah.,BSRCP,19509,155,0.0994775822454978,10,16,193,KA,A.S.Premadharmaiah.,BSRCP,,,,,False,16,2013,AE
1696900,B. Mohan Kumar,NPP,19543,150,0.096268627979514,11,16,193,KA,B. Mohan Kumar,NPP,,,,,False,16,2013,AE
1696977,K. M. Shivalingegowda,JD(S),19500,76579,48.2026071795,1,16,194,KA,K. M. Shivalingegowda,JD(S),,,,,True,16,2013,AE
1696978,B. Shivaramu,INC,19497,46948,29.5513913979442,2,16,194,KA,B. Shivaramu,INC,,,,,False,16,2013,AE
1696979,Dr Lokesh D.G,KJP,19508,26312,16.5620731546116,3,16,194,KA,Dr Lokesh D.G,KJP,,,,,False,16,2013,AE
1696980,D.B.Gangadhar Dummenahalli,BJP,19498,2464,1.55096337233821,4,16,194,KA,D.B.Gangadhar Dummenahalli,BJP,,,,,False,16,2013,AE
1696981,Gangadharappa,IND,19503,1557,0.980052747861445,5,16,194,KA,Gangadharappa,IND,,,,,False,16,2013,AE
1696982,Kumara Bhovi,BDBRAJP,19582,1335,0.840314976490064,6,16,194,KA,Kumara Bhovi,BDBRAJP,,,,,False,16,2013,AE
1696983,Jayanna,BSRCP,19509,1244,0.783035079216209,7,16,194,KA,Jayanna,BSRCP,,,,,False,16,2013,AE
1696984,N.P.Rajendraprasad,HND,19629,745,0.468939818340897,8,16,194,KA,N.P.Rajendraprasad,HND,,,,,False,16,2013,AE
1696985,B.K.Somashekar,JD(U),19507,605,0.380816899458044,9,16,194,KA,B.K.Somashekar,JD(U),,,,,False,16,2013,AE
1696986,T.M.Chandrashekaraiah (Devaraj Thirupathihalli),BSP,19499,561,0.353121124952004,10,16,194,KA,T.M.Chandrashekaraiah (Devaraj Thirupathihalli),BSP,,,,,False,16,2013,AE
1696987,Auto Ravi (Bonda),IND,19503,519,0.326684249287148,11,16,194,KA,Auto Ravi (Bonda),IND,,,,,False,16,2013,AE
1697060,Rudresh Gowda. Y. N,INC,19497,48802,36.7097938919813,1,16,195,KA,Rudresh Gowda. Y. N,INC,,,,,True,16,2013,AE
1697061,K.S.Lingesha,JD(S),19500,41273,31.046336693245,2,16,195,KA,K.S.Lingesha,JD(S),,,,,False,16,2013,AE
1697062,H.M.Viswanath,KJP,19508,22203,16.7015194824732,3,16,195,KA,H.M.Viswanath,KJP,,,,,False,16,2013,AE
1697063,Eshwarahally Lakshmana,BJP,19498,10281,7.73356401384083,4,16,195,KA,Eshwarahally Lakshmana,BJP,,,,,False,16,2013,AE
1697064,Gangadhar Bahujan,BSP,19499,5326,4.00631863998796,5,16,195,KA,Gangadhar Bahujan,BSP,,,,,False,16,2013,AE
1697065,Ramanna,IND,19503,1499,1.12757635023318,6,16,195,KA,Ramanna,IND,,,,,False,16,2013,AE
1697066,Channegowda,JD(U),19507,1023,0.769520084248533,7,16,195,KA,Channegowda,JD(U),,,,,False,16,2013,AE
1697067,Bujendra. B.R.,BSRCP,19509,830,0.624341808334587,8,16,195,KA,Bujendra. B.R.,BSRCP,,,,,False,16,2013,AE
1697068,K.G.Kumaraswamy Kanayakanahally,IND,19503,641,0.482172408605385,9,16,195,KA,K.G.Kumaraswamy Kanayakanahally,IND,,,,,False,16,2013,AE
1697069,Dhananjayamurthy. K.B,SP,19506,538,0.404693846848202,10,16,195,KA,Dhananjayamurthy. K.B,SP,,,,,False,16,2013,AE
1697070,B.C.Chandrashekara Aradya,IND,19503,524,0.394162780201594,11,16,195,KA,B.C.Chandrashekara Aradya,IND,,,,,False,16,2013,AE
1697150,H. S. Prakash,JD(S),19500,61306,46.7774055959529,1,16,196,KA,H. S. Prakash,JD(S),,,,,True,16,2013,AE
1697151,H.K.Mahesh,INC,19497,57110,43.5757941079971,2,16,196,KA,H.K.Mahesh,INC,,,,,False,16,2013,AE
1697152,Guruprasad Picture Palace Guruji,BJP,19498,6083,4.64142103937921,3,16,196,KA,Guruprasad Picture Palace Guruji,BJP,,,,,False,16,2013,AE
1697153,A.P.Ahamad,IND,19503,1299,0.991156654636461,4,16,196,KA,A.P.Ahamad,IND,,,,,False,16,2013,AE
1697154,Hemavathi Anantha,IND,19503,942,0.718760253015817,5,16,196,KA,Hemavathi Anantha,IND,,,,,False,16,2013,AE
1697155,Kodihally Chandrashekar,KRRS,19522,901,0.687476632661625,6,16,196,KA,Kodihally Chandrashekar,KRRS,,,,,False,16,2013,AE
1697156,S.A.Ibrahim (Soofi),SDPI,19568,771,0.58828466568492,7,16,196,KA,S.A.Ibrahim (Soofi),SDPI,,,,,False,16,2013,AE
1697157,H.S.Manju (Bangari),IND,19503,741,0.565394211767219,8,16,196,KA,H.S.Manju (Bangari),IND,,,,,False,16,2013,AE
1697158,Santosh.U.R.,IND,19503,572,0.436444654697502,9,16,196,KA,Santosh.U.R.,IND,,,,,False,16,2013,AE
1697159,Ravikanth.S.S. Gowda,IND,19503,382,0.291471779885395,10,16,196,KA,Ravikanth.S.S. Gowda,IND,,,,,False,16,2013,AE
1697160,Ejas Ahmed Farooqi,BRPP,19511,357,0.272396401620644,11,16,196,KA,Ejas Ahmed Farooqi,BRPP,,,,,False,16,2013,AE
1697161,Salim Khan Gorur,BSRCP,19509,213,0.162522222815678,12,16,196,KA,Salim Khan Gorur,BSRCP,,,,,False,16,2013,AE
1697162,H.A.Nanje Gowda Ashok Rangoli,JD(U),19507,209,0.159470162293318,13,16,196,KA,H.A.Nanje Gowda Ashok Rangoli,JD(U),,,,,False,16,2013,AE
1697163,R.G.Satish,BPJP,19609,173,0.132001617592076,14,16,196,KA,R.G.Satish,BPJP,,,,,False,16,2013,AE
1697250,H. D. Revanna,JD(S),19500,92713,57.1374866728705,1,16,197,KA,H. D. Revanna,JD(S),,,,,True,16,2013,AE
1697251,Anupama. S. G,INC,19497,62655,38.6132390008812,2,16,197,KA,Anupama. S. G,INC,,,,,True,16,2013,AE
1697252,M.C Shivanna,BSP,19499,1491,0.91887861065061,3,16,197,KA,M.C Shivanna,BSP,,,,,False,16,2013,AE
1697253,G.T Hemanth Kumar,BJP,19498,1277,0.786993954259443,4,16,197,KA,G.T Hemanth Kumar,BJP,,,,,False,16,2013,AE
1697254,M. Mahesh Alias Harsha,IND,19503,1258,0.775284568878918,5,16,197,KA,M. Mahesh Alias Harsha,IND,,,,,True,16,2013,AE
1697255,K.R Narayanagowda,IND,19503,817,0.503503571362541,6,16,197,KA,K.R Narayanagowda,IND,,,,,False,16,2013,AE
1697256,Yamuna H.L.,KJP,19508,746,0.459747447045845,7,16,197,KA,Yamuna H.L.,KJP,,,,,False,16,2013,AE
1697257,D.H Sathisha,JD(U),19507,494,0.304444019893629,8,16,197,KA,D.H Sathisha,JD(U),,,,,False,16,2013,AE
1697258,Kurubara Kalenahalli Kovi Babanna,IND,19503,449,0.276711265045019,9,16,197,KA,Kurubara Kalenahalli Kovi Babanna,IND,,,,,True,16,2013,AE
1697259,Shobha,BSRCP,19509,363,0.22371088911212,10,16,197,KA,Shobha,BSRCP,,,,,False,16,2013,AE
1697334,Manju. A,INC,19497,61369,36.0438618129705,1,16,198,KA,Manju. A,INC,,,,,True,16,2013,AE
1697335,A. T. Ramaswamy,JD(S),19500,52575,30.8788807837333,2,16,198,KA,A. T. Ramaswamy,JD(S),,,,,True,16,2013,AE
1697336,H. Yogaramesha,IND,19503,32477,19.0747201372003,3,16,198,KA,H. Yogaramesha,IND,,,,,False,16,2013,AE
1697337,S. Puttaswamy,KJP,19508,12259,7.2000798768956,4,16,198,KA,S. Puttaswamy,KJP,,,,,False,16,2013,AE
1697338,K.K Yogeshappa,IND,19503,2789,1.63806369007764,5,16,198,KA,K.K Yogeshappa,IND,,,,,False,16,2013,AE
1697339,B.C Rajesh,BSP,19499,2774,1.62925373835618,6,16,198,KA,B.C Rajesh,BSP,,,,,False,16,2013,AE
1697340,M.K Nataraj,BJP,19498,1775,1.04251095370664,7,16,198,KA,M.K Nataraj,BJP,,,,,False,16,2013,AE
1697341,H.S Yogesha,IND,19503,1021,0.599664047174354,8,16,198,KA,H.S Yogesha,IND,,,,,False,16,2013,AE
1697342,Shivakumar G A,SAJP,19603,842,0.494531956631544,9,16,198,KA,Shivakumar G A,SAJP,,,,,False,16,2013,AE
1697343,Manjunatha,BDBRAJP,19582,819,0.481023363991965,10,16,198,KA,Manjunatha,BDBRAJP,,,,,False,16,2013,AE
1697344,K.B Yogegowda,IND,19503,713,0.418766371826949,11,16,198,KA,K.B Yogegowda,IND,,,,,False,16,2013,AE
1697345,Rajashekhara,JD(U),19507,444,0.260774570955351,12,16,198,KA,Rajashekhara,JD(U),,,,,False,16,2013,AE
1697346,G.S Muralidhara,BSRCP,19509,405,0.237868696479543,13,16,198,KA,G.S Muralidhara,BSRCP,,,,,False,16,2013,AE
1697429,H. K. Kumaraswamy,JD(S),19500,63602,45.2728385746622,1,16,199,KA,H. K. Kumaraswamy,JD(S),,,,,True,16,2013,AE
1697430,D. Mallesh,INC,19497,30533,21.7338382472274,2,16,199,KA,D. Mallesh,INC,,,,,False,16,2013,AE
1697431,Umesh Belagodu,KJP,19508,28117,20.0140939310678,3,16,199,KA,Umesh Belagodu,KJP,,,,,False,16,2013,AE
1697432,Dr. H.R. Narayanaswamy,BJP,19498,7336,5.2218726421138,4,16,199,KA,Dr. H.R. Narayanaswamy,BJP,,,,,False,16,2013,AE
1697433,Kumargourav Hethur,BSP,19499,4424,3.14906823455718,5,16,199,KA,Kumargourav Hethur,BSP,,,,,False,16,2013,AE
1697434,Sanjay Babu V.,IND,19503,2069,1.47274461512179,6,16,199,KA,Sanjay Babu V.,IND,,,,,False,16,2013,AE
1697435,Puttaiah,HND,19629,1309,0.931765442819925,7,16,199,KA,Puttaiah,HND,,,,,False,16,2013,AE
1697436,Valalahalli Veeresha,IND,19503,1032,0.734592770809902,8,16,199,KA,Valalahalli Veeresha,IND,,,,,False,16,2013,AE
1697437,R. Devaraju,IND,19503,815,0.580128980823711,9,16,199,KA,R. Devaraju,IND,,,,,False,16,2013,AE
1697438,Venkatesh,JD(U),19507,669,0.476204034565721,10,16,199,KA,Venkatesh,JD(U),,,,,False,16,2013,AE
1697439,Gangadhara Prasad,IND,19503,580,0.412852526230371,11,16,199,KA,Gangadhara Prasad,IND,,,,,True,16,2013,AE
1697515,K.Vasantha Bangera,INC,19497,74530,50.9680022430571,1,16,200,KA,K.Vasantha Bangera,INC,,,,,True,16,2013,AE
1697516,Ranjan G. Gowda,BJP,19498,58789,40.2033796305794,2,16,200,KA,Ranjan G. Gowda,BJP,,,,,False,16,2013,AE
1697517,B.M. Bhat,CPM,19558,4532,3.0992484390921,3,16,200,KA,B.M. Bhat,CPM,,,,,False,16,2013,AE
1697518,Rajashree S. Hegde,JD(S),19500,2682,1.83410951316086,4,16,200,KA,Rajashree S. Hegde,JD(S),,,,,False,16,2013,AE
1697519,Sukhesha Kumar,KJP,19508,2673,1.82795478325092,5,16,200,KA,Sukhesha Kumar,KJP,,,,,False,16,2013,AE
1697520,Chennakeshava,BSP,19499,1747,1.19470146140642,6,16,200,KA,Chennakeshava,BSP,,,,,False,16,2013,AE
1697521,Venkatesha Bende,JD(U),19507,1276,0.872603929453118,7,16,200,KA,Venkatesha Bende,JD(U),,,,,False,16,2013,AE
1697594,K.Abhayachandra,INC,19497,53180,41.2862555120799,1,16,201,KA,K.Abhayachandra,INC,,,,,True,16,2013,AE
1697595,Umanatha Kotian,BJP,19498,48630,37.7538662194894,2,16,201,KA,Umanatha Kotian,BJP,,,,,False,16,2013,AE
1697596,Amaranath Shetty K,JD(S),19500,20471,15.892646419477,3,16,201,KA,Amaranath Shetty K,JD(S),,,,,True,16,2013,AE
1697597,Ismail B,SDPI,19568,3523,2.73507856654866,4,16,201,KA,Ismail B,SDPI,,,,,False,16,2013,AE
1697598,Abhaya Kumar Jain,IND,19503,1650,1.28097633687348,5,16,201,KA,Abhaya Kumar Jain,IND,,,,,False,16,2013,AE
1697599,Michel Lobo,KJP,19508,1354,1.05117694553133,6,16,201,KA,Michel Lobo,KJP,,,,,False,16,2013,AE
1697673,B.A.Mohiuddin Bava,INC,19497,69897,47.9229086820291,1,16,202,KA,B.A.Mohiuddin Bava,INC,,,,,True,16,2013,AE
1697674,J.Krishna Palemar,BJP,19498,64524,44.2390626178412,2,16,202,KA,J.Krishna Palemar,BJP,,,,,True,16,2013,AE
1697675,Aboobakkar,SDPI,19568,3323,2.27832132352437,3,16,202,KA,Aboobakkar,SDPI,,,,,False,16,2013,AE
1697676,Ramachandra Baikampady,KJP,19508,2104,1.44254831919809,4,16,202,KA,Ramachandra Baikampady,KJP,,,,,False,16,2013,AE
1697677,Gulam Mohammed,JD(S),19500,1808,1.23960425908277,5,16,202,KA,Gulam Mohammed,JD(S),,,,,False,16,2013,AE
1697678,H. Vinaya Acharya,IND,19503,1536,1.05311512276058,6,16,202,KA,H. Vinaya Acharya,IND,,,,,False,16,2013,AE
1697679,Suprith Kumar Poojary,NCP,19502,1136,0.778866392875017,7,16,202,KA,Suprith Kumar Poojary,NCP,,,,,False,16,2013,AE
1697680,Maxim Pinto,IND,19503,878,0.601975962098825,8,16,202,KA,Maxim Pinto,IND,,,,,False,16,2013,AE
1697681,Mahabala Shetty Bhagamandla,IND,19503,647,0.443597320589909,9,16,202,KA,Mahabala Shetty Bhagamandla,IND,,,,,False,16,2013,AE
1697758,J.R.Lobo,INC,19497,67829,51.2632732494426,1,16,203,KA,J.R.Lobo,INC,,,,,False,16,2013,AE
1697759,N.Yogish Bhat,BJP,19498,55554,41.9861693685523,2,16,203,KA,N.Yogish Bhat,BJP,,,,,True,16,2013,AE
1697760,Vasanth Achari,CPM,19558,3016,2.27940898613157,3,16,203,KA,Vasanth Achari,CPM,,,,,False,16,2013,AE
1697762,S.P.Changappa,JD(S),19500,1672,1.26365113554774,4,16,203,KA,S.P.Changappa,JD(S),,,,,False,16,2013,AE
1697761,Jaleel Krishnapura,SDPI,19568,1672,1.26365113554774,4,16,203,KA,Jaleel Krishnapura,SDPI,,,,,False,16,2013,AE
1697763,Dayananda Shetty,KJP,19508,657,0.496542342138079,6,16,203,KA,Dayananda Shetty,KJP,,,,,False,16,2013,AE
1697764,Habib Khader,IND,19503,401,0.303064656312587,7,16,203,KA,Habib Khader,IND,,,,,False,16,2013,AE
1697765,Derick Pinto,PPOI,19560,377,0.284926123266447,8,16,203,KA,Derick Pinto,PPOI,,,,,False,16,2013,AE
1697766,Yogish Shetty Jeppu,IND,19503,298,0.225220118656237,9,16,203,KA,Yogish Shetty Jeppu,IND,,,,,False,16,2013,AE
1697767,Sachin Hegde,IND,19503,283,0.213883535502399,10,16,203,KA,Sachin Hegde,IND,,,,,False,16,2013,AE
1697768,Yogeesh Naik,IND,19503,258,0.194989230246003,11,16,203,KA,Yogeesh Naik,IND,,,,,False,16,2013,AE
1697769,Noushad Mohammed,IND,19503,202,0.152665986471677,12,16,203,KA,Noushad Mohammed,IND,,,,,False,16,2013,AE
1697770,Harish Alva,JD(U),19507,96,0.0725541321845595,13,16,203,KA,Harish Alva,JD(U),,,,,False,16,2013,AE
1697851,U.T. Khadar,INC,19497,69450,55.592466000144,1,16,204,KA,U.T. Khadar,INC,,,,,True,16,2013,AE
1697852,Chandrahas Ullal,BJP,19498,40339,32.2900573935178,2,16,204,KA,Chandrahas Ullal,BJP,,,,,False,16,2013,AE
1697853,Mohammed Akram Hasan,SDPI,19568,4808,3.84864761020435,3,16,204,KA,Mohammed Akram Hasan,SDPI,,,,,False,16,2013,AE
1697854,K Krishnappa Salian,CPM,19558,3815,3.05378340951115,4,16,204,KA,K Krishnappa Salian,CPM,,,,,False,16,2013,AE
1697855,Abdul Aziz Malar,JD(S),19500,2152,1.72260600190511,5,16,204,KA,Abdul Aziz Malar,JD(S),,,,,False,16,2013,AE
1697856,Bava Mohammed,IND,19503,810,0.648378653133429,6,16,204,KA,Bava Mohammed,IND,,,,,False,16,2013,AE
1697857,K Raveendra Shetty,KJP,19508,729,0.583540787820086,7,16,204,KA,K Raveendra Shetty,KJP,,,,,False,16,2013,AE
1697858,Mahammed Haneef,IND,19503,644,0.515501052614727,8,16,204,KA,Mahammed Haneef,IND,,,,,False,16,2013,AE
1697859,Farooq U.H,IND,19503,514,0.411440281124176,9,16,204,KA,Farooq U.H,IND,,,,,False,16,2013,AE
1697860,Kabheer Ullala,IND,19503,402,0.321787924147702,10,16,204,KA,Kabheer Ullala,IND,,,,,False,16,2013,AE
1697861,Alfred D'Souza,IND,19503,387,0.309780912052638,11,16,204,KA,Alfred D'Souza,IND,,,,,False,16,2013,AE
1697862,Abdul Rahiman,IND,19503,263,0.210522945400113,12,16,204,KA,Abdul Rahiman,IND,,,,,False,16,2013,AE
1697863,T Ismail,IND,19503,248,0.19851593330505,13,16,204,KA,T Ismail,IND,,,,,False,16,2013,AE
1697864,Ibrahim,IND,19503,200,0.160093494600846,14,16,204,KA,Ibrahim,IND,,,,,False,16,2013,AE
1697865,Hameed Ullal,JD(U),19507,166,0.132877600518702,15,16,204,KA,Hameed Ullal,JD(U),,,,,False,16,2013,AE
1697934,B.Ramanatha Rai,INC,19497,81665,52.2863472225779,1,16,205,KA,B.Ramanatha Rai,INC,,,,,True,16,2013,AE
1697935,Rajesh Naik Ulipady,BJP,19498,63815,40.8578123799523,2,16,205,KA,Rajesh Naik Ulipady,BJP,,,,,False,16,2013,AE
1697936,Advocate Abdul Majid,SDPI,19568,6113,3.91387302481624,3,16,205,KA,Advocate Abdul Majid,SDPI,,,,,False,16,2013,AE
1697937,Krishnappa Poojary Kalladka,JD(S),19500,1927,1.23376955976131,4,16,205,KA,Krishnappa Poojary Kalladka,JD(S),,,,,False,16,2013,AE
1697938,Lolaksha,RPI(A),19525,1511,0.967423873793121,5,16,205,KA,Lolaksha,RPI(A),,,,,False,16,2013,AE
1697939,Ibrahim Kailara,KJP,19508,1157,0.740773939099034,6,16,205,KA,Ibrahim Kailara,KJP,,,,,False,16,2013,AE
1698008,Akka Shakunthala Shetty,INC,19497,66345,46.4574813735925,1,16,206,KA,Akka Shakunthala Shetty,INC,,,,,False,16,2013,AE
1698009,Sanjeeva Matandoor,BJP,19498,62056,43.45414822699,2,16,206,KA,Sanjeeva Matandoor,BJP,,,,,False,16,2013,AE
1698010,Dinesh B N,JD(S),19500,6625,4.63909584897204,3,16,206,KA,Dinesh B N,JD(S),,,,,False,16,2013,AE
1698011,Abubakkar Siddik,SDPI,19568,4442,3.11047000168057,4,16,206,KA,Abubakkar Siddik,SDPI,,,,,False,16,2013,AE
1698012,Shekar Madavu,IND,19503,1834,1.28424177917203,5,16,206,KA,Shekar Madavu,IND,,,,,False,16,2013,AE
1698013,Jayaram Bhat A Madavu,KJP,19508,1506,1.05456276959273,6,16,206,KA,Jayaram Bhat A Madavu,KJP,,,,,False,16,2013,AE
1698089,Angara S,BJP,19498,65913,45.1254912162994,1,16,207,KA,Angara S,BJP,,,,,True,16,2013,AE
1698090,Dr. B. Raghu,INC,19497,64540,44.1855051825886,2,16,207,KA,Dr. B. Raghu,INC,,,,,True,16,2013,AE
1698091,Nandaraj Sankesh,JD(S),19500,8551,5.8542028945819,3,16,207,KA,Nandaraj Sankesh,JD(S),,,,,False,16,2013,AE
1698092,M. Koosappa,SDPI,19568,2569,1.75879396984924,4,16,207,KA,M. Koosappa,SDPI,,,,,False,16,2013,AE
1698093,G. Kunhiraman,IND,19503,1380,0.944778387852066,5,16,207,KA,G. Kunhiraman,IND,,,,,False,16,2013,AE
1698094,Chandravathi,KJP,19508,1001,0.685306642202839,6,16,207,KA,Chandravathi,KJP,,,,,False,16,2013,AE
1698095,A. Angara,IND,19503,725,0.496350964632426,7,16,207,KA,A. Angara,IND,,,,,False,16,2013,AE
1698096,K. Kushala Bellare,IND,19503,705,0.482658524228773,8,16,207,KA,K. Kushala Bellare,IND,,,,,False,16,2013,AE
1698097,Karunesh. S,IND,19503,682,0.466912217764572,9,16,207,KA,Karunesh. S,IND,,,,,False,16,2013,AE
1698176,Appachu (Ranjan),BJP,19498,56696,36.8500415973377,1,16,208,KA,Appachu (Ranjan),BJP,,,,,True,16,2013,AE
1698177,B.A. Jeevijaya,JD(S),19500,52067,33.8413841514143,2,16,208,KA,B.A. Jeevijaya,JD(S),,,,,False,16,2013,AE
1698178,K.M.Lokesh,INC,19497,32313,21.0021058652246,3,16,208,KA,K.M.Lokesh,INC,,,,,False,16,2013,AE
1698179,N.N.Shambhulingappa,KJP,19508,5714,3.71386231281198,4,16,208,KA,N.N.Shambhulingappa,KJP,,,,,False,16,2013,AE
1698180,Harish Puvaiah,IND,19503,1537,0.998986064891846,5,16,208,KA,Harish Puvaiah,IND,,,,,False,16,2013,AE
1698181,S.P.Mahadevappa,BSP,19499,1294,0.841046173044925,6,16,208,KA,S.P.Mahadevappa,BSP,,,,,False,16,2013,AE
1698182,K.M.Basheer (K.C),JD(U),19507,694,0.451071131447587,7,16,208,KA,K.M.Basheer (K.C),JD(U),,,,,False,16,2013,AE
1698183,Santhosh Kumar M.V. (Yash),IND,19503,681,0.442621672212978,8,16,208,KA,Santhosh Kumar M.V. (Yash),IND,,,,,False,16,2013,AE
1698184,Nagesh C.V.,IND,19503,679,0.441321755407653,9,16,208,KA,Nagesh C.V.,IND,,,,,False,16,2013,AE
1698185,Dr.B.C.Nanjappa,IND,19503,618,0.401674292845257,10,16,208,KA,Dr.B.C.Nanjappa,IND,,,,,False,16,2013,AE
1698186,Rafeek,IND,19503,534,0.34707778702163,11,16,208,KA,Rafeek,IND,,,,,False,16,2013,AE
1698187,D.N.Vanajakshi Nirvanappa,CPM,19558,513,0.333428660565723,12,16,208,KA,D.N.Vanajakshi Nirvanappa,CPM,,,,,False,16,2013,AE
1698188,Nizamuddin M.A.,IND,19503,276,0.179388519134775,13,16,208,KA,Nizamuddin M.A.,IND,,,,,False,16,2013,AE
1698189,Guruprasad D.S.,IND,19503,240,0.155990016638935,14,16,208,KA,Guruprasad D.S.,IND,,,,,False,16,2013,AE
1698293,Bopaiah. K.G.,BJP,19498,67250,47.2337526426318,1,16,209,KA,Bopaiah. K.G.,BJP,,,,,True,16,2013,AE
1698294,Biddatanda.T.Pradeep,INC,19497,63836,44.8358934378445,2,16,209,KA,Biddatanda.T.Pradeep,INC,,,,,False,16,2013,AE
1698295,Dambekodi Madappa,JD(S),19500,5880,4.12988052845614,3,16,209,KA,Dambekodi Madappa,JD(S),,,,,False,16,2013,AE
1698296,Vijayasingh.R.David,IND,19503,2140,1.50305175695512,4,16,209,KA,Vijayasingh.R.David,IND,,,,,False,16,2013,AE
1698297,Aiyappa.M.N.,BSRCP,19509,972,0.682694536336627,5,16,209,KA,Aiyappa.M.N.,BSRCP,,,,,False,16,2013,AE
1698298,Maranna Dilipkumar,IND,19503,685,0.481117034352458,6,16,209,KA,Maranna Dilipkumar,IND,,,,,False,16,2013,AE
1698299,S.D.Udaya,IND,19503,662,0.464962739768361,7,16,209,KA,S.D.Udaya,IND,,,,,False,16,2013,AE
1698300,Usman.K.A,SDPI,19568,527,0.370144054166052,8,16,209,KA,Usman.K.A,SDPI,,,,,False,16,2013,AE
1698301,Changappa,CPM,19558,425,0.298503269488751,9,16,209,KA,Changappa,CPM,,,,,False,16,2013,AE
1698396,K. Venkatesh,INC,19497,62045,45.5185720469234,1,16,210,KA,K. Venkatesh,INC,,,,,True,16,2013,AE
1698397,K. Mahadeva,JD(S),19500,59957,43.986735824279,2,16,210,KA,K. Mahadeva,JD(S),,,,,True,16,2013,AE
1698398,Ganesh H.,BSRCP,19509,5669,4.15899403552275,3,16,210,KA,Ganesh H.,BSRCP,,,,,False,16,2013,AE
1698399,R.T. Sathish,BJP,19498,3731,2.73720351852802,4,16,210,KA,R.T. Sathish,BJP,,,,,False,16,2013,AE
1698400,Krishna,BSP,19499,2087,1.5311025846068,5,16,210,KA,Krishna,BSP,,,,,False,16,2013,AE
1698401,K.S.Shashikumar,IND,19503,1335,0.979406780282744,6,16,210,KA,K.S.Shashikumar,IND,,,,,False,16,2013,AE
1698402,H.C.Basavaraju,KJP,19508,827,0.606718657148935,7,16,210,KA,H.C.Basavaraju,KJP,,,,,False,16,2013,AE
1698403,Narayana,SAJP,19603,656,0.481266552708224,8,16,210,KA,Narayana,SAJP,,,,,False,16,2013,AE
1698502,S.R Mahesh,JD(S),19500,81457,51.7295687350365,1,16,211,KA,S.R Mahesh,JD(S),,,,,True,16,2013,AE
1698503,Doddaswamegowda,INC,19497,66405,42.1707405361123,2,16,211,KA,Doddaswamegowda,INC,,,,,False,16,2013,AE
1698504,Basant .K.N,KJP,19508,3827,2.4303504861336,3,16,211,KA,Basant .K.N,KJP,,,,,False,16,2013,AE
1698505,M.P.Kumara,BJP,19498,1860,1.18119987044904,4,16,211,KA,M.P.Kumara,BJP,,,,,False,16,2013,AE
1698506,Lakshmana.D.,BSP,19499,1812,1.15071729314713,5,16,211,KA,Lakshmana.D.,BSP,,,,,False,16,2013,AE
1698507,G.B.Dharmendra,IND,19503,1416,0.89923603040637,6,16,211,KA,G.B.Dharmendra,IND,,,,,False,16,2013,AE
1698508,Mahadevaswamy,BSRCP,19509,690,0.438187048714968,7,16,211,KA,Mahadevaswamy,BSRCP,,,,,False,16,2013,AE
1698607,H.P Manjunatha,INC,19497,83930,51.9703274384504,1,16,212,KA,H.P Manjunatha,INC,,,,,True,16,2013,AE
1698608,Kumaraswamy,JD(S),19500,43723,27.073735572398,2,16,212,KA,Kumaraswamy,JD(S),,,,,False,16,2013,AE
1698609,C.T.Rajanna,IND,19503,12637,7.82496160895625,3,16,212,KA,C.T.Rajanna,IND,,,,,False,16,2013,AE
1698610,Manjunath Urs M.C,KJP,19508,9011,5.57970476048942,4,16,212,KA,Manjunath Urs M.C,KJP,,,,,False,16,2013,AE
1698611,K.S.Annayanayak,BJP,19498,4229,2.61864070936741,5,16,212,KA,K.S.Annayanayak,BJP,,,,,False,16,2013,AE
1698612,N.Puttananjayya,SDPI,19568,1745,1.08052211819487,6,16,212,KA,N.Puttananjayya,SDPI,,,,,False,16,2013,AE
1698613,Dyavappanayaka,BSRCP,19509,1434,0.88794768910685,7,16,212,KA,Dyavappanayaka,BSRCP,,,,,False,16,2013,AE
1698614,Lokesha,IND,19503,1292,0.800019814732253,8,16,212,KA,Lokesha,IND,,,,,False,16,2013,AE
1698615,Hunsur.K.Chandrashekar,DPPS,19683,915,0.566577500371526,9,16,212,KA,Hunsur.K.Chandrashekar,DPPS,,,,,False,16,2013,AE
1698616,K.Revanna,IND,19503,744,0.460692524892257,10,16,212,KA,K.Revanna,IND,,,,,False,16,2013,AE
1698617,B.Rajanna,IND,19503,620,0.383910437410214,11,16,212,KA,B.Rajanna,IND,,,,,True,16,2013,AE
1698618,C.Tayappacharya,IND,19503,451,0.279263882696785,12,16,212,KA,C.Tayappacharya,IND,,,,,False,16,2013,AE
1698619,Thimmegowda,IND,19503,446,0.276167830782186,13,16,212,KA,Thimmegowda,IND,,,,,False,16,2013,AE
1698620,H.M.Manju,IND,19503,319,0.197528112151384,14,16,212,KA,H.M.Manju,IND,,,,,False,16,2013,AE
1698742,Chikkamadu.S,JD(S),19500,48606,32.6396583331654,1,16,213,KA,Chikkamadu.S,JD(S),,,,,False,16,2013,AE
1698743,Chikkanna,INC,19497,36108,24.2470638006406,2,16,213,KA,Chikkanna,INC,,,,,True,16,2013,AE
1698744,Siddaraju,BJP,19498,31248,20.983500876327,3,16,213,KA,Siddaraju,BJP,,,,,False,16,2013,AE
1698745,J K Gopala,BSP,19499,18269,12.2679076263959,4,16,213,KA,J K Gopala,BSP,,,,,False,16,2013,AE
1698746,Dr H V Krishnaswamy,KJP,19508,11494,7.71839346750203,5,16,213,KA,Dr H V Krishnaswamy,KJP,,,,,False,16,2013,AE
1698747,Somanna L,BSRCP,19509,3192,2.14347589596889,6,16,213,KA,Somanna L,BSRCP,,,,,False,16,2013,AE
1698833,V.Srinivasa Prasad,INC,19497,50784,36.0147224645235,1,16,214,KA,V.Srinivasa Prasad,INC,,,,,True,16,2013,AE
1698834,N. Keshavamurthy,JD(S),19500,41843,29.6739924401988,2,16,214,KA,N. Keshavamurthy,JD(S),,,,,True,16,2013,AE
1698835,S.Mahadevaiah,KJP,19508,28312,20.0781510400045,3,16,214,KA,S.Mahadevaiah,KJP,,,,,False,16,2013,AE
1698836,Dr. Shivarama,BJP,19498,7074,5.01670106163436,4,16,214,KA,Dr. Shivarama,BJP,,,,,False,16,2013,AE
1698837,M.Shivaram (Mulluru),IND,19503,2651,1.88002184257742,5,16,214,KA,M.Shivaram (Mulluru),IND,,,,,False,16,2013,AE
1698838,Srikanta,BSP,19499,2255,1.5991887042671,6,16,214,KA,Srikanta,BSP,,,,,False,16,2013,AE
1698839,Gangothry Rangaswamy,SAJP,19603,1667,1.18219404435177,7,16,214,KA,Gangothry Rangaswamy,SAJP,,,,,False,16,2013,AE
1698840,Shrungara Sarja,HND,19629,1136,0.805622336162939,8,16,214,KA,Shrungara Sarja,HND,,,,,False,16,2013,AE
1698841,N.Rukmini,IND,19503,1128,0.799948939429398,9,16,214,KA,N.Rukmini,IND,,,,,False,16,2013,AE
1698842,R.Madesha,BSRCP,19509,886,0.628328688239757,10,16,214,KA,R.Madesha,BSRCP,,,,,False,16,2013,AE
1698843,J.C.Ithihas,IND,19503,744,0.52762589621939,11,16,214,KA,J.C.Ithihas,IND,,,,,False,16,2013,AE
1698844,K.S.Srinivasamurthy,CPM,19558,707,0.501386436326759,12,16,214,KA,K.S.Srinivasamurthy,CPM,,,,,False,16,2013,AE
1698845,K.Mahadevaiah,IND,19503,682,0.483657071534441,13,16,214,KA,K.Mahadevaiah,IND,,,,,False,16,2013,AE
1698846,Subbaiah,HJP,19529,600,0.425504755015637,14,16,214,KA,Subbaiah,HJP,,,,,False,16,2013,AE
1698847,K.C.Shivananda,JD(U),19507,540,0.382954279514073,15,16,214,KA,K.C.Shivananda,JD(U),,,,,True,16,2013,AE
1698939,G.T Devegowda,JD(S),19500,75864,42.8702207253534,1,16,215,KA,G.T Devegowda,JD(S),,,,,False,16,2013,AE
1698940,M. Satyanarayana,INC,19497,68761,38.8563646432567,2,16,215,KA,M. Satyanarayana,INC,,,,,True,16,2013,AE
1698941,M. Appanna,KJP,19508,16799,9.49299849685243,3,16,215,KA,M. Appanna,KJP,,,,,False,16,2013,AE
1698942,A. Hemanthkumar Gowda,BJP,19498,8308,4.69479323244538,4,16,215,KA,A. Hemanthkumar Gowda,BJP,,,,,False,16,2013,AE
1698943,Srinivas,IND,19503,2433,1.37487144132638,5,16,215,KA,Srinivas,IND,,,,,False,16,2013,AE
1698944,Mellahalli Mahadevaswamy,IND,19503,1806,1.02055808591675,6,16,215,KA,Mellahalli Mahadevaswamy,IND,,,,,False,16,2013,AE
1698945,Krishnegowda,SJPA,19505,633,0.357703913834608,7,16,215,KA,Krishnegowda,SJPA,,,,,False,16,2013,AE
1698946,Mahadevaiah,IND,19503,567,0.32040777115991,8,16,215,KA,Mahadevaiah,IND,,,,,False,16,2013,AE
1698947,K.Govindaraju,SAJP,19603,513,0.289892745335156,9,16,215,KA,K.Govindaraju,SAJP,,,,,False,16,2013,AE
1698948,C. Mahadevu,IND,19503,509,0.287632373051841,10,16,215,KA,C. Mahadevu,IND,,,,,False,16,2013,AE
1698949,Chidananda K.P,BSRCP,19509,452,0.255422068014602,11,16,215,KA,Chidananda K.P,BSRCP,,,,,False,16,2013,AE
1698950,P.Karigowda,IND,19503,317,0.179134503452718,12,16,215,KA,P.Karigowda,IND,,,,,True,16,2013,AE
1699062,M.K.Somashekar,INC,19497,52611,41.1628016148718,1,16,216,KA,M.K.Somashekar,INC,,,,,True,16,2013,AE
1699063,S.A.Ramadass,BJP,19498,46546,36.4175507777047,2,16,216,KA,S.A.Ramadass,BJP,,,,,True,16,2013,AE
1699064,H.V.Rajeeva,KJP,19508,15573,12.1843019434794,3,16,216,KA,H.V.Rajeeva,KJP,,,,,False,16,2013,AE
1699065,Vasu.H,JD(S),19500,7486,5.85704002754045,4,16,216,KA,Vasu.H,JD(S),,,,,False,16,2013,AE
1699066,Naveena.C.K,LSP,19526,1245,0.974086940193409,5,16,216,KA,Naveena.C.K,LSP,,,,,False,16,2013,AE
1699067,C.Mohankumar,BSP,19499,799,0.625136919851031,6,16,216,KA,C.Mohankumar,BSP,,,,,False,16,2013,AE
1699068,M Pradeep Kumar,IND,19503,765,0.59853534879354,7,16,216,KA,M Pradeep Kumar,IND,,,,,False,16,2013,AE
1699069,M.Nataraj,SP,19506,476,0.372421994804869,8,16,216,KA,M.Nataraj,SP,,,,,False,16,2013,AE
1699070,Rajaneesh.A.J,IND,19503,454,0.355209213532375,9,16,216,KA,Rajaneesh.A.J,IND,,,,,False,16,2013,AE
1699071,G.S. Harish,IND,19503,367,0.287140487591149,10,16,216,KA,G.S. Harish,IND,,,,,False,16,2013,AE
1699072,M.S.Balaji,IND,19503,229,0.179169405063687,11,16,216,KA,M.S.Balaji,IND,,,,,False,16,2013,AE
1699073,Ramachandra,SAJP,19603,210,0.164303821237442,12,16,216,KA,Ramachandra,SAJP,,,,,False,16,2013,AE
1699074,P.Jayaraja Hegade,IND,19503,208,0.162739022939943,13,16,216,KA,P.Jayaraja Hegade,IND,,,,,False,16,2013,AE
1699075,M.Mahesh,IND,19503,186,0.145526241667449,14,16,216,KA,M.Mahesh,IND,,,,,False,16,2013,AE
1699076,Nasrulla,IND,19503,155,0.121271868056207,15,16,216,KA,Nasrulla,IND,,,,,False,16,2013,AE
1699077,N.R.Raghu,JD(U),19507,148,0.115795074014959,16,16,216,KA,N.R.Raghu,JD(U),,,,,False,16,2013,AE
1699078,Guruswamy,IND,19503,136,0.106406284229962,17,16,216,KA,Guruswamy,IND,,,,,False,16,2013,AE
1699079,Udayasankara H P,IND,19503,130,0.101711889337464,18,16,216,KA,Udayasankara H P,IND,,,,,False,16,2013,AE
1699080,H.S.Nanjundaswamy,IND,19503,88,0.0688511250899759,19,16,216,KA,H.S.Nanjundaswamy,IND,,,,,False,16,2013,AE
1699201,Vasu,INC,19497,41930,38.1396787280103,1,16,217,KA,Vasu,INC,,,,,True,16,2013,AE
1699202,H.S.Shankaralingegowda,JD(S),19500,29015,26.39214830177,2,16,217,KA,H.S.Shankaralingegowda,JD(S),,,,,False,16,2013,AE
1699203,Nagendra,BJP,19498,26168,23.8025068675071,3,16,217,KA,Nagendra,BJP,,,,,False,16,2013,AE
1699204,Shabbir Mohammed Musthafa,SDPI,19568,4601,4.18508613946042,4,16,217,KA,Shabbir Mohammed Musthafa,SDPI,,,,,False,16,2013,AE
1699205,Aruna Gowda M.,KJP,19508,4399,4.00134621332023,5,16,217,KA,Aruna Gowda M.,KJP,,,,,False,16,2013,AE
1699206,H.S.Manjunatha Setty,IND,19503,636,0.578507886263166,6,16,217,KA,H.S.Manjunatha Setty,IND,,,,,False,16,2013,AE
1699207,Majeed Ahmed,IND,19503,489,0.444796157834415,7,16,217,KA,Majeed Ahmed,IND,,,,,False,16,2013,AE
1699208,B. Vasudeva,IND,19503,408,0.371118266659389,8,16,217,KA,B. Vasudeva,IND,,,,,False,16,2013,AE
1699209,Manoj Kumar M.,IND,19503,366,0.332914915679746,9,16,217,KA,Manoj Kumar M.,IND,,,,,False,16,2013,AE
1699210,Akram Pasha,JD(U),19507,280,0.254689006530953,10,16,217,KA,Akram Pasha,JD(U),,,,,False,16,2013,AE
1699211,T. Shivaramu,IND,19503,253,0.230129709472611,11,16,217,KA,T. Shivaramu,IND,,,,,False,16,2013,AE
1699212,M. Bharathi,BSRCP,19509,250,0.227400898688351,12,16,217,KA,M. Bharathi,BSRCP,,,,,False,16,2013,AE
1699213,Umadevi M,SUCI,19546,231,0.210118430388036,13,16,217,KA,Umadevi M,SUCI,,,,,False,16,2013,AE
1699214,Hemavathi M.S.,SP,19506,223,0.202841601630009,14,16,217,KA,Hemavathi M.S.,SP,,,,,False,16,2013,AE
1699215,Pradeep Nagaraj,IND,19503,203,0.184649529734941,15,16,217,KA,Pradeep Nagaraj,IND,,,,,False,16,2013,AE
1699216,M. Panchalingu,IND,19503,184,0.167367061434626,16,16,217,KA,M. Panchalingu,IND,,,,,False,16,2013,AE
1699217,M.V. Srinivasa Mitra,HND,19629,102,0.0927795666648474,17,16,217,KA,M.V. Srinivasa Mitra,HND,,,,,False,16,2013,AE
1699218,Ali Ahmed,IND,19503,70,0.0636722516327384,18,16,217,KA,Ali Ahmed,IND,,,,,False,16,2013,AE
1699219,Akeel Ahmead,IND,19503,68,0.0618530444432316,19,16,217,KA,Akeel Ahmead,IND,,,,,False,16,2013,AE
1699220,Nayaz Ahmed,ANC,19584,62,0.0563954228747112,20,16,217,KA,Nayaz Ahmed,ANC,,,,,False,16,2013,AE
1699337,Tanveer Sait,INC,19497,38037,32.8573649839328,1,16,218,KA,Tanveer Sait,INC,,,,,True,16,2013,AE
1699338,Abdul Majid K H,SDPI,19568,29667,25.6271379703534,2,16,218,KA,Abdul Majid K H,SDPI,,,,,False,16,2013,AE
1699339,S Satish (Sandesh Swamy),JD(S),19500,29180,25.2064545109014,3,16,218,KA,S Satish (Sandesh Swamy),JD(S),,,,,False,16,2013,AE
1699340,B P Manjunath,BJP,19498,12443,10.7485919629591,4,16,218,KA,B P Manjunath,BJP,,,,,True,16,2013,AE
1699341,Farid N K,KJP,19508,1750,1.51169620952973,5,16,218,KA,Farid N K,KJP,,,,,False,16,2013,AE
1699342,R Ravindra Kumar,AIADMK,14373,1001,0.864690231851007,6,16,218,KA,R Ravindra Kumar,ADMK,,,,,False,16,2013,AE
1699343,Ikram Siddiqui,BSRCP,19509,784,0.67723990186932,7,16,218,KA,Ikram Siddiqui,BSRCP,,,,,False,16,2013,AE
1699344,C Swamy,IND,19503,593,0.512249058429218,8,16,218,KA,C Swamy,IND,,,,,False,16,2013,AE
1699345,Aslam Pasha Alias Chandini Mangalamukhi,BDBRAJP,19582,419,0.36194326388169,9,16,218,KA,Aslam Pasha Alias Chandini Mangalamukhi,BDBRAJP,,,,,False,16,2013,AE
1699346,S Shanthappa,IND,19503,353,0.304930721122283,10,16,218,KA,S Shanthappa,IND,,,,,True,16,2013,AE
1699347,Ayub Khan,JD(U),19507,336,0.290245672229708,11,16,218,KA,Ayub Khan,JD(U),,,,,False,16,2013,AE
1699348,Mohammed Thaher Ali,WPOI,19571,323,0.279015928958916,12,16,218,KA,Mohammed Thaher Ali,WPOI,,,,,False,16,2013,AE
1699349,J Jayaraj,IND,19503,321,0.277288276148025,13,16,218,KA,J Jayaraj,IND,,,,,False,16,2013,AE
1699350,R Shivakumar,IND,19503,264,0.228050171037628,14,16,218,KA,R Shivakumar,IND,,,,,False,16,2013,AE
1699351,Khaleel Ur Rehman Sharif,IND,19503,179,0.154624926574755,15,16,218,KA,Khaleel Ur Rehman Sharif,IND,,,,,False,16,2013,AE
1699352,Akhil Ahmed,IND,19503,114,0.098476210220794,16,16,218,KA,Akhil Ahmed,IND,,,,,False,16,2013,AE
1699468,Siddaramaiah,INC,19497,84385,52.5301759824702,1,16,219,KA,Siddaramaiah,INC,,,,,True,16,2013,AE
1699469,Kapu Siddalingaswamy,KJP,19508,54744,34.0784731170747,2,16,219,KA,Kapu Siddalingaswamy,KJP,,,,,False,16,2013,AE
1699470,Cheluvaraj,JD(S),19500,2686,1.67205134430189,3,16,219,KA,Cheluvaraj,JD(S),,,,,False,16,2013,AE
1699471,Shivamahadeva,BSP,19499,2419,1.50584221960769,4,16,219,KA,Shivamahadeva,BSP,,,,,False,16,2013,AE
1699472,G.M. Gadkar,SAJP,19603,1454,0.90512384758561,5,16,219,KA,G.M. Gadkar,SAJP,,,,,False,16,2013,AE
1699473,Master M.Suresh,IND,19503,1427,0.888316183290691,6,16,219,KA,Master M.Suresh,IND,,,,,False,16,2013,AE
1699474,Siddalingaswamy,IND,19503,1383,0.860925915550824,7,16,219,KA,Siddalingaswamy,IND,,,,,False,16,2013,AE
1699475,D. Eshwara Thoremavu,RPI(A),19525,1233,0.767550002801277,8,16,219,KA,D. Eshwara Thoremavu,RPI(A),,,,,False,16,2013,AE
1699476,Nirmalakumari,BDBRAJP,19582,1195,0.743894771571392,9,16,219,KA,Nirmalakumari,BDBRAJP,,,,,False,16,2013,AE
1699477,Mahendra.S.D,BJP,19498,1070,0.666081510946769,10,16,219,KA,Mahendra.S.D,BJP,,,,,False,16,2013,AE
1699478,Topi Basavaraju.G.S,IND,19503,1022,0.636201218866914,11,16,219,KA,Topi Basavaraju.G.S,IND,,,,,False,16,2013,AE
1699479,Rachappaji Biligerehundi,IND,19503,980,0.610055963297041,12,16,219,KA,Rachappaji Biligerehundi,IND,,,,,False,16,2013,AE
1699480,M. Nagendranayaka,IND,19503,902,0.561500488667276,13,16,219,KA,M. Nagendranayaka,IND,,,,,False,16,2013,AE
1699481,Siddaraju .N.P,IND,19503,593,0.369146108403209,14,16,219,KA,Siddaraju .N.P,IND,,,,,False,16,2013,AE
1699482,Siddaramaiah,IND,19503,533,0.33179574330339,15,16,219,KA,Siddaramaiah,IND,,,,,False,16,2013,AE
1699483,T.B.Sadguru,SJPA,19505,484,0.301292945138538,16,16,219,KA,T.B.Sadguru,SJPA,,,,,False,16,2013,AE
1699484,B.Mahadevaswamy,IND,19503,448,0.278882726078647,17,16,219,KA,B.Mahadevaswamy,IND,,,,,False,16,2013,AE
1699485,Nanjundaraju .H.N,IND,19503,435,0.270790146973686,18,16,219,KA,Nanjundaraju .H.N,IND,,,,,False,16,2013,AE
1699486,Y.K.Pradeepkumar,IND,19503,432,0.268922628718695,19,16,219,KA,Y.K.Pradeepkumar,IND,,,,,False,16,2013,AE
1699487,Girish Halepura,BSRCP,19509,409,0.254604988763765,20,16,219,KA,Girish Halepura,BSRCP,,,,,False,16,2013,AE
1699488,Channamayigowda,IND,19503,392,0.244022385318816,21,16,219,KA,Channamayigowda,IND,,,,,False,16,2013,AE
1699489,A.R.Swamy,AMJP,19635,366,0.227837227108894,22,16,219,KA,A.R.Swamy,AMJP,,,,,False,16,2013,AE
1699490,Srikanta,IND,19503,364,0.226592214938901,23,16,219,KA,Srikanta,IND,,,,,False,16,2013,AE
1699491,M.Puttaswamy,IND,19503,364,0.226592214938901,23,16,219,KA,M.Puttaswamy,IND,,,,,False,16,2013,AE
1699492,P.Eshwaraswamy,IND,19503,360,0.224102190598913,25,16,219,KA,P.Eshwaraswamy,IND,,,,,False,16,2013,AE
1699493,Raju,ABHM,19557,345,0.214764599323958,26,16,219,KA,Raju,ABHM,,,,,False,16,2013,AE
1699494,Channabasavanna,IND,19503,216,0.134461314359347,27,16,219,KA,Channabasavanna,IND,,,,,False,16,2013,AE
1699605,Dr. H.C. Mahadevappa,INC,19497,53219,39.3361075591494,1,16,220,KA,Dr. H.C. Mahadevappa,INC,,,,,True,16,2013,AE
1699606,M.C. Sundareshan,JD(S),19500,52896,39.0973664565055,2,16,220,KA,M.C. Sundareshan,JD(S),,,,,True,16,2013,AE
1699607,Puttabasavaiah,KJP,19508,15204,11.2378319646988,3,16,220,KA,Puttabasavaiah,KJP,,,,,False,16,2013,AE
1699608,C.Ramesh,BJP,19498,5175,3.82503159808711,4,16,220,KA,C.Ramesh,BJP,,,,,False,16,2013,AE
1699609,Sampathkumar,IND,19503,1537,1.13605286304539,5,16,220,KA,Sampathkumar,IND,,,,,False,16,2013,AE
1699610,B.M.Doddamadaiah,BDBRAJP,19582,1226,0.906181398889816,6,16,220,KA,B.M.Doddamadaiah,BDBRAJP,,,,,False,16,2013,AE
1699611,Talakadu G.Kemparaju,IND,19503,971,0.71770158101306,7,16,220,KA,Talakadu G.Kemparaju,IND,,,,,False,16,2013,AE
1699612,Siddaiah,HND,19629,844,0.623831240345028,8,16,220,KA,Siddaiah,HND,,,,,False,16,2013,AE
1699613,B.M. Srikantavardhan,IND,19503,836,0.617918148019483,9,16,220,KA,B.M. Srikantavardhan,IND,,,,,False,16,2013,AE
1699614,M. Mahadevu,BSRCP,19509,728,0.538091401624622,10,16,220,KA,M. Mahadevu,BSRCP,,,,,False,16,2013,AE
1699615,B.C.Shantharaju,IND,19503,564,0.416873008950943,11,16,220,KA,B.C.Shantharaju,IND,,,,,False,16,2013,AE
1699616,Surendra B.P,IND,19503,504,0.372524816509353,12,16,220,KA,Surendra B.P,IND,,,,,False,16,2013,AE
1699617,Madappa,IND,19503,465,0.34369849142232,13,16,220,KA,Madappa,IND,,,,,False,16,2013,AE
1699618,Kumara Kranthi,IND,19503,433,0.320046122120139,14,16,220,KA,Kumara Kranthi,IND,,,,,True,16,2013,AE
1699619,Ningaiah,IND,19503,387,0.286045841248253,15,16,220,KA,Ningaiah,IND,,,,,False,16,2013,AE
1699620,Srinivasa,JD(U),19507,304,0.224697508370721,16,16,220,KA,Srinivasa,JD(U),,,,,False,16,2013,AE
1699714,R.Narendra,INC,19497,55684,40.3940457882366,1,16,221,KA,R.Narendra,INC,,,,,True,16,2013,AE
1699715,Parimala Nagappa,JD(S),19500,44135,32.0162202942285,2,16,221,KA,Parimala Nagappa,JD(S),,,,,False,16,2013,AE
1699716,S.Dattesh Kumar,IND,19503,13258,9.61756086237414,3,16,221,KA,S.Dattesh Kumar,IND,,,,,False,16,2013,AE
1699717,Ponnachi Mahadevaswamy,KJP,19508,11629,8.43585874706206,4,16,221,KA,Ponnachi Mahadevaswamy,KJP,,,,,False,16,2013,AE
1699718,S.Puttaraju,BSP,19499,2981,2.16246409192467,5,16,221,KA,S.Puttaraju,BSP,,,,,False,16,2013,AE
1699719,M.Ravi,AIADMK,14373,2370,1.71923512172474,6,16,221,KA,M.Ravi,ADMK,,,,,False,16,2013,AE
1699720,Siddappa. R,IND,19503,2369,1.71850970606157,7,16,221,KA,Siddappa. R,IND,,,,,False,16,2013,AE
1699721,B.K.Shivakumar,BJP,19498,1323,0.959724922380524,8,16,221,KA,B.K.Shivakumar,BJP,,,,,False,16,2013,AE
1699722,K.Nagaraju,IND,19503,1076,0.780547253576299,9,16,221,KA,K.Nagaraju,IND,,,,,False,16,2013,AE
1699723,Mahadevaswamy C.M,IND,19503,1018,0.738473145112149,10,16,221,KA,Mahadevaswamy C.M,IND,,,,,False,16,2013,AE
1699724,Gangadhara S,JD(U),19507,827,0.599918753445724,11,16,221,KA,Gangadhara S,JD(U),,,,,False,16,2013,AE
1699725,Beeresh,BSRCP,19509,674,0.488930156979949,12,16,221,KA,Beeresh,BSRCP,,,,,False,16,2013,AE
1699726,Pradeepkumar M,IND,19503,508,0.368511156892899,13,16,221,KA,Pradeepkumar M,IND,,,,,False,16,2013,AE
1699826,S. Jayanna,INC,19497,47402,32.3613946216812,1,16,222,KA,S. Jayanna,INC,,,,,False,16,2013,AE
1699827,N.Mahesh,BSP,19499,37209,25.4026229373894,2,16,222,KA,N.Mahesh,BSP,,,,,True,16,2013,AE
1699828,S.Balaraj,KJP,19508,32929,22.4806624930876,3,16,222,KA,S.Balaraj,KJP,,,,,False,16,2013,AE
1699829,G.N. Nanjundaswamy,BJP,19498,17224,11.7588426851997,4,16,222,KA,G.N. Nanjundaswamy,BJP,,,,,False,16,2013,AE
1699830,N. Chamaraju,JD(S),19500,4392,2.99842296060132,5,16,222,KA,N. Chamaraju,JD(S),,,,,False,16,2013,AE
1699831,Suresh Kumar,IND,19503,3896,2.65980324556073,6,16,222,KA,Suresh Kumar,IND,,,,,False,16,2013,AE
1699832,P. Balaraju,IND,19503,1000,0.682701038388279,7,16,222,KA,P. Balaraju,IND,,,,,False,16,2013,AE
1699833,L. Chandrashekar,IND,19503,876,0.598046109628132,8,16,222,KA,L. Chandrashekar,IND,,,,,False,16,2013,AE
1699834,Ningaraj. G,BDBRAJP,19582,806,0.550257036940953,9,16,222,KA,Ningaraj. G,BDBRAJP,,,,,False,16,2013,AE
1699835,M.Nanjaiah,JD(U),19507,743,0.507246871522491,10,16,222,KA,M.Nanjaiah,JD(U),,,,,False,16,2013,AE
1699925,C.Puttarangashetty,INC,19497,54440,37.0945761787953,1,16,223,KA,C.Puttarangashetty,INC,,,,,True,16,2013,AE
1699926,K.R.Mallikarjunappa,KJP,19508,43244,29.4657944944126,2,16,223,KA,K.R.Mallikarjunappa,KJP,,,,,False,16,2013,AE
1699927,Vatal Nagaraj,KCVP,19625,18408,12.5429272281275,3,16,223,KA,Vatal Nagaraj,KCVP,,,,,True,16,2013,AE
1699928,R.P.Nanjundaswamy,BSP,19499,9278,6.32188607249931,4,16,223,KA,R.P.Nanjundaswamy,BSP,,,,,False,16,2013,AE
1699929,Somanayaka.S,BJP,19498,6919,4.71449986372308,5,16,223,KA,Somanayaka.S,BJP,,,,,False,16,2013,AE
1699930,K.Veerabhadraswamy,KMP,19556,4504,3.06895611883346,6,16,223,KA,K.Veerabhadraswamy,KMP,,,,,False,16,2013,AE
1699931,S.P.Sannamadasetty,JD(S),19500,2696,1.83701281002998,7,16,223,KA,S.P.Sannamadasetty,JD(S),,,,,False,16,2013,AE
1699932,Raju,IND,19503,2053,1.39888252929953,8,16,223,KA,Raju,IND,,,,,True,16,2013,AE
1699933,M.C.Rajanna,CPI(ML)(L),19613,1181,0.804715181248296,9,16,223,KA,M.C.Rajanna,CPI(ML)(L),,,,,False,16,2013,AE
1699934,Mohammad Innayath Ulla,IND,19503,1122,0.764513491414554,10,16,223,KA,Mohammad Innayath Ulla,IND,,,,,True,16,2013,AE
1699935,Mahadevaswamy,IND,19503,874,0.595530117198146,11,16,223,KA,Mahadevaswamy,IND,,,,,False,16,2013,AE
1699936,D.S.Doreswamy,SP,19506,813,0.553965658217497,12,16,223,KA,D.S.Doreswamy,SP,,,,,False,16,2013,AE
1699937,Puttaraju,IND,19503,651,0.44358135731807,13,16,223,KA,Puttaraju,IND,,,,,False,16,2013,AE
1699938,Karunakara.K,IND,19503,577,0.393158898882529,14,16,223,KA,Karunakara.K,IND,,,,,False,16,2013,AE
1700030,H.S.Mahadeva Prasad,INC,19497,73723,45.4166307307516,1,16,224,KA,H.S.Mahadeva Prasad,INC,,,,,True,16,2013,AE
1700031,C.S.Niranjan Kumar,KJP,19508,66048,40.6884910611978,2,16,224,KA,C.S.Niranjan Kumar,KJP,,,,,False,16,2013,AE
1700032,Nagendra,BSP,19499,6052,3.72829984106058,3,16,224,KA,Nagendra,BSP,,,,,False,16,2013,AE
1700033,B.P. Muddumallu,JD(S),19500,4017,2.47464977884011,4,16,224,KA,B.P. Muddumallu,JD(S),,,,,False,16,2013,AE
1700034,G.M. Gadkar,SAJP,19603,3123,1.92390621342237,5,16,224,KA,G.M. Gadkar,SAJP,,,,,False,16,2013,AE
1700035,Subhash,IND,19503,3041,1.87339058437958,6,16,224,KA,Subhash,IND,,,,,True,16,2013,AE
1700036,H.G. Mallikarjunaswamy,BJP,19498,1989,1.22531202641597,7,16,224,KA,H.G. Mallikarjunaswamy,BJP,,,,,False,16,2013,AE
1700037,P. Sanghasena,RPI(A),19525,1588,0.9782782795116,8,16,224,KA,P. Sanghasena,RPI(A),,,,,False,16,2013,AE
1700038,Maridasaiah,IND,19503,1546,0.952404420733585,9,16,224,KA,Maridasaiah,IND,,,,,False,16,2013,AE
1700039,Suresha,BSRCP,19509,1199,0.738637063686655,10,16,224,KA,Suresha,BSRCP,,,,,False,16,2013,AE
