el_res_id,ca_full_name,party_abb,party_id,el_vote_count,el_vote_perc,el_rank,el_id,ac_no,state_abb,original_ca_full_name,original_party_abb,caste,caste_category,gender,age,incumbency,el_id,el_year,el_type
1700119,Shahida Kamal,INC,19698,42149,37.6256449625966,1,6,1,KL,Shahida Kamal,INC,,,,,False,6,2009,GE
1700120,K. Surendran,BJP,19699,34930,31.1813750870364,2,6,1,KL,K. Surendran,BJP,,,,,False,6,2009,GE
1700121,P Karunakaran,CPI(M),19700,32001,28.57,3,6,1,KL,P Karunakaran,CPM,,,,,True,6,2009,GE
1700122,P.K. Raman,IND,19702,1120,0.999803610005177,4,6,1,KL,P.K. Raman,IND,,,,,False,6,2009,GE
1700123,K.H.Madhavi,BSP,19704,790,0.705218617771509,5,6,1,KL,K.H.Madhavi,BSP,,,,,False,6,2009,GE
1700124,Abbas Mothalappara,IND,19702,568,0.507043259359768,6,6,1,KL,Abbas Mothalappara,IND,,,,,False,6,2009,GE
1700125,Mohan Nayak,IND,19702,464,0.41420435271643,7,6,1,KL,Mohan Nayak,IND,,,,,False,6,2009,GE
1700187,Shahida Kamal,INC,19698,42115,40.7569775093872,1,6,2,KL,Shahida Kamal,INC,,,,,False,6,2009,GE
1700188,K. Surendran,BJP,19699,33366,32.2900940657298,2,6,2,KL,K. Surendran,BJP,,,,,False,6,2009,GE
1700189,P Karunakaran,CPI(M),19700,25568,24.74,3,6,2,KL,P Karunakaran,CPM,,,,,True,6,2009,GE
1700190,P.K. Raman,IND,19702,834,0.807107188479851,4,6,2,KL,P.K. Raman,IND,,,,,False,6,2009,GE
1700191,K.H.Madhavi,BSP,19704,639,0.618395076065497,5,6,2,KL,K.H.Madhavi,BSP,,,,,False,6,2009,GE
1700192,Abbas Mothalappara,IND,19702,467,0.451941315371811,6,6,2,KL,Abbas Mothalappara,IND,,,,,False,6,2009,GE
1700193,Mohan Nayak,IND,19702,343,0.331939766964735,7,6,2,KL,Mohan Nayak,IND,,,,,False,6,2009,GE
1700253,P Karunakaran,CPI(M),19700,55340,45.66,1,6,3,KL,P Karunakaran,CPM,,,,,True,6,2009,GE
1700254,Shahida Kamal,INC,19698,45374,37.4391471524992,2,6,3,KL,Shahida Kamal,INC,,,,,False,6,2009,GE
1700255,K. Surendran,BJP,19699,17968,14.8258164595607,3,6,3,KL,K. Surendran,BJP,,,,,False,6,2009,GE
1700256,K.H.Madhavi,BSP,19704,1016,0.83832532963678,4,6,3,KL,K.H.Madhavi,BSP,,,,,False,6,2009,GE
1700257,P.K. Raman,IND,19702,780,0.643596217634536,5,6,3,KL,P.K. Raman,IND,,,,,False,6,2009,GE
1700258,Abbas Mothalappara,IND,19702,392,0.323448355529151,6,6,3,KL,Abbas Mothalappara,IND,,,,,False,6,2009,GE
1700259,Mohan Nayak,IND,19702,324,0.267339967325115,7,6,3,KL,Mohan Nayak,IND,,,,,False,6,2009,GE
1700320,P Karunakaran,CPI(M),19700,63047,47.75,1,6,4,KL,P Karunakaran,CPM,,,,,True,6,2009,GE
1700321,Shahida Kamal,INC,19698,49464,37.4610916306298,2,6,4,KL,Shahida Kamal,INC,,,,,False,6,2009,GE
1700322,K. Surendran,BJP,19699,16773,12.7028725926038,3,6,4,KL,K. Surendran,BJP,,,,,False,6,2009,GE
1700323,K.H.Madhavi,BSP,19704,1076,0.814898402768836,4,6,4,KL,K.H.Madhavi,BSP,,,,,False,6,2009,GE
1700324,P.K. Raman,IND,19702,949,0.718716156345377,5,6,4,KL,P.K. Raman,IND,,,,,False,6,2009,GE
1700325,Abbas Mothalappara,IND,19702,385,0.291576101362455,6,6,4,KL,Abbas Mothalappara,IND,,,,,False,6,2009,GE
1700326,Mohan Nayak,IND,19702,347,0.262797161487719,7,6,4,KL,Mohan Nayak,IND,,,,,False,6,2009,GE
1700392,P Karunakaran,CPI(M),19700,65788,50.02,1,6,5,KL,P Karunakaran,CPM,,,,,True,6,2009,GE
1700393,Shahida Kamal,INC,19698,55988,42.5709223902613,2,6,5,KL,Shahida Kamal,INC,,,,,False,6,2009,GE
1700394,K. Surendran,BJP,19699,8077,6.14141137647604,3,6,5,KL,K. Surendran,BJP,,,,,False,6,2009,GE
1700395,K.H.Madhavi,BSP,19704,694,0.527688435715534,4,6,5,KL,K.H.Madhavi,BSP,,,,,False,6,2009,GE
1700396,P.K. Raman,IND,19702,513,0.390063641962636,5,6,5,KL,P.K. Raman,IND,,,,,False,6,2009,GE
1700397,Abbas Mothalappara,IND,19702,247,0.187808420204232,6,6,5,KL,Abbas Mothalappara,IND,,,,,False,6,2009,GE
1700398,Mohan Nayak,IND,19702,210,0.159675175072424,7,6,5,KL,Mohan Nayak,IND,,,,,False,6,2009,GE
1700459,P Karunakaran,CPI(M),19700,72894,58.08,1,6,6,KL,P Karunakaran,CPM,,,,,True,6,2009,GE
1700460,Shahida Kamal,INC,19698,43035,34.2894705390223,2,6,6,KL,Shahida Kamal,INC,,,,,False,6,2009,GE
1700461,K. Surendran,BJP,19699,8104,6.45711326241982,3,6,6,KL,K. Surendran,BJP,,,,,False,6,2009,GE
1700462,K.H.Madhavi,BSP,19704,693,0.552169236285406,4,6,6,KL,K.H.Madhavi,BSP,,,,,False,6,2009,GE
1700463,P.K. Raman,IND,19702,414,0.32986733596271,5,6,6,KL,P.K. Raman,IND,,,,,False,6,2009,GE
1700464,Abbas Mothalappara,IND,19702,188,0.149794828891279,6,6,6,KL,Abbas Mothalappara,IND,,,,,False,6,2009,GE
1700465,Mohan Nayak,IND,19702,177,0.141030237839129,7,6,6,KL,Mohan Nayak,IND,,,,,False,6,2009,GE
1700517,P Karunakaran,CPI(M),19700,69925,58.28,1,6,7,KL,P Karunakaran,CPM,,,,,True,6,2009,GE
1700518,Shahida Kamal,INC,19698,42548,35.4622815279085,2,6,7,KL,Shahida Kamal,INC,,,,,False,6,2009,GE
1700519,K. Surendran,BJP,19699,6148,5.12414465623723,3,6,7,KL,K. Surendran,BJP,,,,,False,6,2009,GE
1700520,K.H.Madhavi,BSP,19704,605,0.504246505696735,4,6,7,KL,K.H.Madhavi,BSP,,,,,False,6,2009,GE
1700521,P.K. Raman,IND,19702,396,0.330052258274226,5,6,7,KL,P.K. Raman,IND,,,,,False,6,2009,GE
1700522,Mohan Nayak,IND,19702,181,0.150857219059684,6,6,7,KL,Mohan Nayak,IND,,,,,False,6,2009,GE
1700523,Abbas Mothalappara,IND,19702,178,0.148356823163667,7,6,7,KL,Abbas Mothalappara,IND,,,,,False,6,2009,GE
1700574,K.K Ragesh,CPI(M),19700,73280,52.76,1,6,8,KL,K.K Ragesh,CPM,,,,,False,6,2009,GE
1700575,K. Sudhakaran,INC,19698,59691,42.9747008596236,2,6,8,KL,K. Sudhakaran,INC,,,,,False,6,2009,GE
1700576,P.P Karunakaran Master,BJP,19699,3626,2.61054874800213,3,6,8,KL,P.P Karunakaran Master,BJP,,,,,False,6,2009,GE
1700577,K. Sudhakaran,IND,19702,544,0.391654307477429,4,6,8,KL,K. Sudhakaran,IND,,,,,False,6,2009,GE
1700578,Johnson Alias Sunny Ambatt,IND,19702,420,0.30238016386125,5,6,8,KL,Johnson Alias Sunny Ambatt,IND,,,,,False,6,2009,GE
1700579,P.I. Chandrasekharan,THPI,19719,397,0.285821250125991,6,6,8,KL,P.I. Chandrasekharan,THPI,,,,,False,6,2009,GE
1700580,K.K Balakrishnan Nambiar,BSP,19704,362,0.260622903137554,7,6,8,KL,K.K Balakrishnan Nambiar,BSP,,,,,False,6,2009,GE
1700581,O. Janardhanan,IND,19702,323,0.232544745064723,8,6,8,KL,O. Janardhanan,IND,,,,,False,6,2009,GE
1700582,Pattathil Raghavan,IND,19702,255,0.183587956630045,9,6,8,KL,Pattathil Raghavan,IND,,,,,False,6,2009,GE
1700645,K. Sudhakaran,INC,19698,77150,58.8428214046006,1,6,9,KL,K. Sudhakaran,INC,,,,,False,6,2009,GE
1700646,K.K Ragesh,CPI(M),19700,49033,37.4,2,6,9,KL,K.K Ragesh,CPM,,,,,False,6,2009,GE
1700647,P.P Karunakaran Master,BJP,19699,2811,2.14396851546769,3,6,9,KL,P.P Karunakaran Master,BJP,,,,,False,6,2009,GE
1700648,K. Sudhakaran,IND,19702,527,0.401946427481847,4,6,9,KL,K. Sudhakaran,IND,,,,,False,6,2009,GE
1700649,P.I. Chandrasekharan,THPI,19719,484,0.369150039660748,5,6,9,KL,P.I. Chandrasekharan,THPI,,,,,False,6,2009,GE
1700650,Johnson Alias Sunny Ambatt,IND,19702,428,0.326438464823967,6,6,9,KL,Johnson Alias Sunny Ambatt,IND,,,,,False,6,2009,GE
1700651,O. Janardhanan,IND,19702,296,0.225761181280126,7,6,9,KL,O. Janardhanan,IND,,,,,False,6,2009,GE
1700652,K.K Balakrishnan Nambiar,BSP,19704,237,0.180761486362804,8,6,9,KL,K.K Balakrishnan Nambiar,BSP,,,,,False,6,2009,GE
1700653,Pattathil Raghavan,IND,19702,146,0.111355177253035,9,6,9,KL,Pattathil Raghavan,IND,,,,,False,6,2009,GE
1700716,K. Sudhakaran,INC,19698,60453,53.7670654155734,1,6,10,KL,K. Sudhakaran,INC,,,,,False,6,2009,GE
1700717,K.K Ragesh,CPI(M),19700,45154,40.16,2,6,10,KL,K.K Ragesh,CPM,,,,,False,6,2009,GE
1700718,P.P Karunakaran Master,BJP,19699,4856,4.31893983190287,3,6,10,KL,P.P Karunakaran Master,BJP,,,,,False,6,2009,GE
1700719,K. Sudhakaran,IND,19702,474,0.421576911104193,4,6,10,KL,K. Sudhakaran,IND,,,,,False,6,2009,GE
1700720,P.I. Chandrasekharan,THPI,19719,395,0.351314092586827,5,6,10,KL,P.I. Chandrasekharan,THPI,,,,,False,6,2009,GE
1700721,Johnson Alias Sunny Ambatt,IND,19702,329,0.292613510028016,6,6,10,KL,Johnson Alias Sunny Ambatt,IND,,,,,False,6,2009,GE
1700722,K.K Balakrishnan Nambiar,BSP,19704,310,0.275714857473206,7,6,10,KL,K.K Balakrishnan Nambiar,BSP,,,,,False,6,2009,GE
1700723,O. Janardhanan,IND,19702,306,0.272157246409036,8,6,10,KL,O. Janardhanan,IND,,,,,False,6,2009,GE
1700724,Pattathil Raghavan,IND,19702,158,0.140525637034731,9,6,10,KL,Pattathil Raghavan,IND,,,,,False,6,2009,GE
1700793,K. Sudhakaran,INC,19698,57781,55.0033317467872,1,6,11,KL,K. Sudhakaran,INC,,,,,False,6,2009,GE
1700794,K.K Ragesh,CPI(M),19700,42075,40.05,2,6,11,KL,K.K Ragesh,CPM,,,,,False,6,2009,GE
1700795,P.P Karunakaran Master,BJP,19699,3583,3.41075678248453,3,6,11,KL,P.P Karunakaran Master,BJP,,,,,False,6,2009,GE
1700796,K. Sudhakaran,IND,19702,374,0.356020942408376,4,6,11,KL,K. Sudhakaran,IND,,,,,False,6,2009,GE
1700797,P.I. Chandrasekharan,THPI,19719,353,0.336030461684911,5,6,11,KL,P.I. Chandrasekharan,THPI,,,,,False,6,2009,GE
1700798,Johnson Alias Sunny Ambatt,IND,19702,319,0.303664921465968,6,6,11,KL,Johnson Alias Sunny Ambatt,IND,,,,,False,6,2009,GE
1700799,O. Janardhanan,IND,19702,247,0.235126130414088,7,6,11,KL,O. Janardhanan,IND,,,,,False,6,2009,GE
1700800,K.K Balakrishnan Nambiar,BSP,19704,208,0.198000951927653,8,6,11,KL,K.K Balakrishnan Nambiar,BSP,,,,,False,6,2009,GE
1700801,Pattathil Raghavan,IND,19702,110,0.104712041884816,9,6,11,KL,Pattathil Raghavan,IND,,,,,False,6,2009,GE
1700869,K.K Ragesh,CPI(M),19700,66481,51.06,1,6,12,KL,K.K Ragesh,CPM,,,,,False,6,2009,GE
1700870,K. Sudhakaran,INC,19698,58666,45.0556033423445,2,6,12,KL,K. Sudhakaran,INC,,,,,False,6,2009,GE
1700871,P.P Karunakaran Master,BJP,19699,3140,2.411526173507,3,6,12,KL,P.P Karunakaran Master,BJP,,,,,False,6,2009,GE
1700872,K. Sudhakaran,IND,19702,425,0.326400835586139,4,6,12,KL,K. Sudhakaran,IND,,,,,False,6,2009,GE
1700873,P.I. Chandrasekharan,THPI,19719,419,0.321792823789628,5,6,12,KL,P.I. Chandrasekharan,THPI,,,,,False,6,2009,GE
1700874,Johnson Alias Sunny Ambatt,IND,19702,335,0.257280658638486,6,6,12,KL,Johnson Alias Sunny Ambatt,IND,,,,,False,6,2009,GE
1700875,K.K Balakrishnan Nambiar,BSP,19704,332,0.254976652740231,7,6,12,KL,K.K Balakrishnan Nambiar,BSP,,,,,False,6,2009,GE
1700876,O. Janardhanan,IND,19702,276,0.211968542639469,8,6,12,KL,O. Janardhanan,IND,,,,,False,6,2009,GE
1700877,Pattathil Raghavan,IND,19702,134,0.102912263455394,9,6,12,KL,Pattathil Raghavan,IND,,,,,False,6,2009,GE
1700938,Adv. P. Satheedevi,CPI(M),19700,56582,50.47,1,6,13,KL,Adv. P. Satheedevi,CPM,,,,,True,6,2009,GE
1700939,Mullappally Ramachandran,INC,19698,47478,42.3468341107949,2,6,13,KL,Mullappally Ramachandran,INC,,,,,False,6,2009,GE
1700940,K.P Sreesan,BJP,19699,5334,4.75753008018409,3,6,13,KL,K.P Sreesan,BJP,,,,,False,6,2009,GE
1700941,T.P Chandrasekharan,IND,19702,991,0.883898070765361,4,6,13,KL,T.P Chandrasekharan,IND,,,,,False,6,2009,GE
1700942,Adv.K. Noorudheen Musaliar,BSP,19704,521,0.46469313306635,5,6,13,KL,Adv.K. Noorudheen Musaliar,BSP,,,,,False,6,2009,GE
1700943,Satheedevi,IND,19702,520,0.46380120766699,6,6,13,KL,Satheedevi,IND,,,,,False,6,2009,GE
1700944,P.Sathidevi Pallikkal,IND,19702,394,0.351418607347681,7,6,13,KL,P.Sathidevi Pallikkal,IND,,,,,False,6,2009,GE
1700945,Naroth Ramachandran,IND,19702,297,0.2649018436098,8,6,13,KL,Naroth Ramachandran,IND,,,,,False,6,2009,GE
1701005,Mullappally Ramachandran,INC,19698,57863,48.9480852359723,1,6,14,KL,Mullappally Ramachandran,INC,,,,,False,6,2009,GE
1701006,Adv. P. Satheedevi,CPI(M),19700,49251,41.66,2,6,14,KL,Adv. P. Satheedevi,CPM,,,,,True,6,2009,GE
1701007,K.P Sreesan,BJP,19699,8072,6.82835221168568,3,6,14,KL,K.P Sreesan,BJP,,,,,False,6,2009,GE
1701008,T.P Chandrasekharan,IND,19702,754,0.637831710556368,4,6,14,KL,T.P Chandrasekharan,IND,,,,,False,6,2009,GE
1701009,Adv.K. Noorudheen Musaliar,BSP,19704,715,0.604840415182763,5,6,14,KL,Adv.K. Noorudheen Musaliar,BSP,,,,,False,6,2009,GE
1701010,Satheedevi,IND,19702,551,0.4661077884835,6,6,14,KL,Satheedevi,IND,,,,,False,6,2009,GE
1701011,P.Sathidevi Pallikkal,IND,19702,532,0.450035106122,7,6,14,KL,P.Sathidevi Pallikkal,IND,,,,,False,6,2009,GE
1701012,Naroth Ramachandran,IND,19702,475,0.4018170590375,8,6,14,KL,Naroth Ramachandran,IND,,,,,False,6,2009,GE
1701073,K.K Ragesh,CPI(M),19700,68473,52.5,1,6,15,KL,K.K Ragesh,CPM,,,,,False,6,2009,GE
1701074,K. Sudhakaran,INC,19698,54826,42.034485666751,2,6,15,KL,K. Sudhakaran,INC,,,,,False,6,2009,GE
1701075,P.P Karunakaran Master,BJP,19699,4990,3.82577761421747,3,6,15,KL,P.P Karunakaran Master,BJP,,,,,False,6,2009,GE
1701076,K. Sudhakaran,IND,19702,495,0.379511005819168,4,6,15,KL,K. Sudhakaran,IND,,,,,False,6,2009,GE
1701077,P.I. Chandrasekharan,THPI,19719,442,0.338876494084995,5,6,15,KL,P.I. Chandrasekharan,THPI,,,,,False,6,2009,GE
1701078,O. Janardhanan,IND,19702,365,0.279841448735346,6,6,15,KL,O. Janardhanan,IND,,,,,False,6,2009,GE
1701079,K.K Balakrishnan Nambiar,BSP,19704,362,0.277541382033412,7,6,15,KL,K.K Balakrishnan Nambiar,BSP,,,,,False,6,2009,GE
1701080,Johnson Alias Sunny Ambatt,IND,19702,329,0.252240648312134,8,6,15,KL,Johnson Alias Sunny Ambatt,IND,,,,,False,6,2009,GE
1701081,Pattathil Raghavan,IND,19702,149,0.114236646196073,9,6,15,KL,Pattathil Raghavan,IND,,,,,False,6,2009,GE
1701139,K. Sudhakaran,INC,19698,62738,55.8291434927697,1,6,16,KL,K. Sudhakaran,INC,,,,,False,6,2009,GE
1701140,K.K Ragesh,CPI(M),19700,43585,38.79,2,6,16,KL,K.K Ragesh,CPM,,,,,False,6,2009,GE
1701141,P.P Karunakaran Master,BJP,19699,4025,3.5817575083426,3,6,16,KL,P.P Karunakaran Master,BJP,,,,,False,6,2009,GE
1701142,K. Sudhakaran,IND,19702,591,0.525917686318131,4,6,16,KL,K. Sudhakaran,IND,,,,,False,6,2009,GE
1701143,P.I. Chandrasekharan,THPI,19719,418,0.371968854282536,5,6,16,KL,P.I. Chandrasekharan,THPI,,,,,False,6,2009,GE
1701144,Johnson Alias Sunny Ambatt,IND,19702,294,0.261624026696329,6,6,16,KL,Johnson Alias Sunny Ambatt,IND,,,,,False,6,2009,GE
1701145,O. Janardhanan,IND,19702,283,0.251835372636262,7,6,16,KL,O. Janardhanan,IND,,,,,False,6,2009,GE
1701146,K.K Balakrishnan Nambiar,BSP,19704,276,0.245606229143492,8,6,16,KL,K.K Balakrishnan Nambiar,BSP,,,,,False,6,2009,GE
1701147,Pattathil Raghavan,IND,19702,165,0.146829810901001,9,6,16,KL,Pattathil Raghavan,IND,,,,,False,6,2009,GE
1701223,M.I. Shanavas,INC,19698,56179,47.7464920406931,1,6,17,KL,M.I. Shanavas,INC,,,,,False,6,2009,GE
1701224,Advocate. M. Rahmathulla,CPI,19713,36776,31.2558961763031,2,6,17,KL,Advocate. M. Rahmathulla,CPI,,,,,False,6,2009,GE
1701225,K. Muraleedharan,NCP,19730,14260,12.1195638316859,3,6,17,KL,K. Muraleedharan,NCP,,,,,False,6,2009,GE
1701226,C. Vasudevan Master,BJP,19699,6050,5.14189068595371,4,6,17,KL,C. Vasudevan Master,BJP,,,,,False,6,2009,GE
1701227,Rahmathulla Pooladan,IND,19702,1214,1.03177773433848,5,6,17,KL,Rahmathulla Pooladan,IND,,,,,False,6,2009,GE
1701228,Advocate. Shanavas Malappuram,IND,19702,672,0.571132320819982,6,6,17,KL,Advocate. Shanavas Malappuram,IND,,,,,False,6,2009,GE
1701229,Shanavas Manakulangara Parambil,IND,19702,590,0.501440579291353,7,6,17,KL,Shanavas Manakulangara Parambil,IND,,,,,False,6,2009,GE
1701230,Kallangodan Abdul Latheef,IND,19702,419,0.356107801225554,8,6,17,KL,Kallangodan Abdul Latheef,IND,,,,,False,6,2009,GE
1701231,M.P. Rahmath,IND,19702,382,0.324661527608978,9,6,17,KL,M.P. Rahmath,IND,,,,,False,6,2009,GE
1701232,Rajeev Joseph,BSP,19704,350,0.297464750427074,10,6,17,KL,Rajeev Joseph,BSP,,,,,False,6,2009,GE
1701233,Dr. Nalla Thampy Thera,IND,19702,274,0.232872404620052,11,6,17,KL,Dr. Nalla Thampy Thera,IND,,,,,False,6,2009,GE
1701234,Sunny Ponnamattom,IND,19702,264,0.224373411750707,12,6,17,KL,Sunny Ponnamattom,IND,,,,,False,6,2009,GE
1701235,Cletus,IND,19702,231,0.196326735281869,13,6,17,KL,Cletus,IND,,,,,False,6,2009,GE
1701309,M.I. Shanavas,INC,19698,60270,44.5010521652453,1,6,18,KL,M.I. Shanavas,INC,,,,,False,6,2009,GE
1701310,Advocate. M. Rahmathulla,CPI,19713,41130,30.3688116070439,2,6,18,KL,Advocate. M. Rahmathulla,CPI,,,,,False,6,2009,GE
1701311,K. Muraleedharan,NCP,19730,22350,16.5023812160815,3,6,18,KL,K. Muraleedharan,NCP,,,,,False,6,2009,GE
1701312,C. Vasudevan Master,BJP,19699,6545,4.83257651271827,4,6,18,KL,C. Vasudevan Master,BJP,,,,,False,6,2009,GE
1701313,Rahmathulla Pooladan,IND,19702,1540,1.13707682652194,5,6,18,KL,Rahmathulla Pooladan,IND,,,,,False,6,2009,GE
1701314,Advocate. Shanavas Malappuram,IND,19702,700,0.516853102964521,6,6,18,KL,Advocate. Shanavas Malappuram,IND,,,,,False,6,2009,GE
1701315,M.P. Rahmath,IND,19702,523,0.386163104072064,7,6,18,KL,M.P. Rahmath,IND,,,,,False,6,2009,GE
1701316,Shanavas Manakulangara Parambil,IND,19702,512,0.378041126739764,8,6,18,KL,Shanavas Manakulangara Parambil,IND,,,,,False,6,2009,GE
1701317,Rajeev Joseph,BSP,19704,403,0.297559714992431,9,6,18,KL,Rajeev Joseph,BSP,,,,,False,6,2009,GE
1701318,Kallangodan Abdul Latheef,IND,19702,401,0.296082991841104,10,6,18,KL,Kallangodan Abdul Latheef,IND,,,,,False,6,2009,GE
1701319,Sunny Ponnamattom,IND,19702,386,0.28500756820615,11,6,18,KL,Sunny Ponnamattom,IND,,,,,False,6,2009,GE
1701320,Dr. Nalla Thampy Thera,IND,19702,343,0.253258020452615,12,6,18,KL,Dr. Nalla Thampy Thera,IND,,,,,False,6,2009,GE
1701321,Cletus,IND,19702,332,0.245136043120316,13,6,18,KL,Cletus,IND,,,,,False,6,2009,GE
1701387,M.I. Shanavas,INC,19698,57811,48.1128856412859,1,6,19,KL,M.I. Shanavas,INC,,,,,False,6,2009,GE
1701388,Advocate. M. Rahmathulla,CPI,19713,33762,28.0982381384355,2,6,19,KL,Advocate. M. Rahmathulla,CPI,,,,,False,6,2009,GE
1701389,K. Muraleedharan,NCP,19730,18636,15.5097081318608,3,6,19,KL,K. Muraleedharan,NCP,,,,,False,6,2009,GE
1701390,C. Vasudevan Master,BJP,19699,5761,4.79456045007781,4,6,19,KL,C. Vasudevan Master,BJP,,,,,False,6,2009,GE
1701391,Rahmathulla Pooladan,IND,19702,1017,0.846392636300839,5,6,19,KL,Rahmathulla Pooladan,IND,,,,,False,6,2009,GE
1701392,Advocate. Shanavas Malappuram,IND,19702,636,0.529307489368076,6,6,19,KL,Advocate. Shanavas Malappuram,IND,,,,,False,6,2009,GE
1701393,Shanavas Manakulangara Parambil,IND,19702,525,0.436928352072704,7,6,19,KL,Shanavas Manakulangara Parambil,IND,,,,,False,6,2009,GE
1701394,Rajeev Joseph,BSP,19704,439,0.365355326780795,8,6,19,KL,Rajeev Joseph,BSP,,,,,False,6,2009,GE
1701395,Kallangodan Abdul Latheef,IND,19702,423,0.352039415098579,9,6,19,KL,Kallangodan Abdul Latheef,IND,,,,,False,6,2009,GE
1701396,Dr. Nalla Thampy Thera,IND,19702,339,0.282130878766946,10,6,19,KL,Dr. Nalla Thampy Thera,IND,,,,,False,6,2009,GE
1701397,M.P. Rahmath,IND,19702,334,0.277969656366254,11,6,19,KL,M.P. Rahmath,IND,,,,,False,6,2009,GE
1701398,Sunny Ponnamattom,IND,19702,283,0.235525187879191,12,6,19,KL,Sunny Ponnamattom,IND,,,,,False,6,2009,GE
1701399,Cletus,IND,19702,191,0.15895869570645,13,6,19,KL,Cletus,IND,,,,,False,6,2009,GE
1701469,Mullappally Ramachandran,INC,19698,60499,54.3396056945255,1,6,20,KL,Mullappally Ramachandran,INC,,,,,False,6,2009,GE
1701470,Adv. P. Satheedevi,CPI(M),19700,35743,32.1,2,6,20,KL,Adv. P. Satheedevi,CPM,,,,,True,6,2009,GE
1701471,T.P Chandrasekharan,IND,19702,9636,8.654960255086,3,6,20,KL,T.P Chandrasekharan,IND,,,,,False,6,2009,GE
1701472,K.P Sreesan,BJP,19699,3913,3.51461804464005,4,6,20,KL,K.P Sreesan,BJP,,,,,False,6,2009,GE
1701473,Adv.K. Noorudheen Musaliar,BSP,19704,454,0.407778326671756,5,6,20,KL,Adv.K. Noorudheen Musaliar,BSP,,,,,False,6,2009,GE
1701474,P.Sathidevi Pallikkal,IND,19702,404,0.362868819329051,6,6,20,KL,P.Sathidevi Pallikkal,IND,,,,,False,6,2009,GE
1701475,Satheedevi,IND,19702,403,0.361970629182197,7,6,20,KL,Satheedevi,IND,,,,,False,6,2009,GE
1701476,Naroth Ramachandran,IND,19702,283,0.254187811559707,8,6,20,KL,Naroth Ramachandran,IND,,,,,False,6,2009,GE
1701541,Mullappally Ramachandran,INC,19698,64119,49.8794224725394,1,6,21,KL,Mullappally Ramachandran,INC,,,,,False,6,2009,GE
1701542,Adv. P. Satheedevi,CPI(M),19700,55500,43.17,2,6,21,KL,Adv. P. Satheedevi,CPM,,,,,True,6,2009,GE
1701543,K.P Sreesan,BJP,19699,4230,3.29059962037526,3,6,21,KL,K.P Sreesan,BJP,,,,,False,6,2009,GE
1701544,T.P Chandrasekharan,IND,19702,2808,2.18439804586613,4,6,21,KL,T.P Chandrasekharan,IND,,,,,False,6,2009,GE
1701545,Adv.K. Noorudheen Musaliar,BSP,19704,708,0.550767028658555,5,6,21,KL,Adv.K. Noorudheen Musaliar,BSP,,,,,False,6,2009,GE
1701546,Satheedevi,IND,19702,442,0.343840433145595,6,6,21,KL,Satheedevi,IND,,,,,False,6,2009,GE
1701547,P.Sathidevi Pallikkal,IND,19702,377,0.29327566356536,7,6,21,KL,P.Sathidevi Pallikkal,IND,,,,,False,6,2009,GE
1701548,Naroth Ramachandran,IND,19702,364,0.283162709649313,8,6,21,KL,Naroth Ramachandran,IND,,,,,False,6,2009,GE
1701616,Mullappally Ramachandran,INC,19698,66731,48.9258900815297,1,6,22,KL,Mullappally Ramachandran,INC,,,,,False,6,2009,GE
1701617,Adv. P. Satheedevi,CPI(M),19700,58309,42.75,2,6,22,KL,Adv. P. Satheedevi,CPM,,,,,True,6,2009,GE
1701618,K.P Sreesan,BJP,19699,4699,3.44521672825385,3,6,22,KL,K.P Sreesan,BJP,,,,,False,6,2009,GE
1701619,T.P Chandrasekharan,IND,19702,4081,2.99211097425068,4,6,22,KL,T.P Chandrasekharan,IND,,,,,False,6,2009,GE
1701620,Adv.K. Noorudheen Musaliar,BSP,19704,788,0.577746495395624,5,6,22,KL,Adv.K. Noorudheen Musaliar,BSP,,,,,False,6,2009,GE
1701621,Satheedevi,IND,19702,704,0.516159305531116,6,6,22,KL,Satheedevi,IND,,,,,False,6,2009,GE
1701622,P.Sathidevi Pallikkal,IND,19702,570,0.417913074080591,7,6,22,KL,P.Sathidevi Pallikkal,IND,,,,,False,6,2009,GE
1701623,Naroth Ramachandran,IND,19702,510,0.373922224177371,8,6,22,KL,Naroth Ramachandran,IND,,,,,False,6,2009,GE
1701684,Mullappally Ramachandran,INC,19698,61258,49.6120640782674,1,6,23,KL,Mullappally Ramachandran,INC,,,,,False,6,2009,GE
1701685,Adv. P. Satheedevi,CPI(M),19700,50158,40.62,2,6,23,KL,Adv. P. Satheedevi,CPM,,,,,True,6,2009,GE
1701686,K.P Sreesan,BJP,19699,8564,6.93587313928438,3,6,23,KL,K.P Sreesan,BJP,,,,,False,6,2009,GE
1701687,T.P Chandrasekharan,IND,19702,1391,1.12655295851758,4,6,23,KL,T.P Chandrasekharan,IND,,,,,False,6,2009,GE
1701688,Adv.K. Noorudheen Musaliar,BSP,19704,633,0.512658535400165,5,6,23,KL,Adv.K. Noorudheen Musaliar,BSP,,,,,False,6,2009,GE
1701689,Satheedevi,IND,19702,582,0.471354293211526,6,6,23,KL,Satheedevi,IND,,,,,False,6,2009,GE
1701690,P.Sathidevi Pallikkal,IND,19702,486,0.393605131444676,7,6,23,KL,P.Sathidevi Pallikkal,IND,,,,,False,6,2009,GE
1701691,Naroth Ramachandran,IND,19702,402,0.325574614898683,8,6,23,KL,Naroth Ramachandran,IND,,,,,False,6,2009,GE
1701755,Mullappally Ramachandran,INC,19698,61723,47.8591588611128,1,6,24,KL,Mullappally Ramachandran,INC,,,,,False,6,2009,GE
1701756,Adv. P. Satheedevi,CPI(M),19700,57461,44.55,2,6,24,KL,Adv. P. Satheedevi,CPM,,,,,True,6,2009,GE
1701757,K.P Sreesan,BJP,19699,5512,4.27392841635134,3,6,24,KL,K.P Sreesan,BJP,,,,,False,6,2009,GE
1701758,T.P Chandrasekharan,IND,19702,2092,1.62210780968922,4,6,24,KL,T.P Chandrasekharan,IND,,,,,False,6,2009,GE
1701759,Adv.K. Noorudheen Musaliar,BSP,19704,661,0.512530240059549,5,6,24,KL,Adv.K. Noorudheen Musaliar,BSP,,,,,False,6,2009,GE
1701760,Satheedevi,IND,19702,634,0.49159481421748,6,6,24,KL,Satheedevi,IND,,,,,False,6,2009,GE
1701761,P.Sathidevi Pallikkal,IND,19702,465,0.360554556168972,7,6,24,KL,P.Sathidevi Pallikkal,IND,,,,,False,6,2009,GE
1701762,Naroth Ramachandran,IND,19702,420,0.325662179765523,8,6,24,KL,Naroth Ramachandran,IND,,,,,False,6,2009,GE
1701823,Adv. P.A. Mohamed Riyas,CPI(M),19700,63654,45.45,1,6,25,KL,Adv. P.A. Mohamed Riyas,CPM,,,,,False,6,2009,GE
1701824,M.K. Raghavan,INC,19698,58846,42.0181507900806,2,6,25,KL,M.K. Raghavan,INC,,,,,False,6,2009,GE
1701825,V. Muraleedharan,BJP,19699,12260,8.75407892951752,3,6,25,KL,V. Muraleedharan,BJP,,,,,False,6,2009,GE
1701826,Adv. P. Kumarankutty,IND,19702,1465,1.04606244957122,4,6,25,KL,Adv. P. Kumarankutty,IND,,,,,False,6,2009,GE
1701827,A.K. Abdul Nasar,BSP,19704,828,0.591221643853222,5,6,25,KL,A.K. Abdul Nasar,BSP,,,,,False,6,2009,GE
1701828,Dr. D.Surendranath,IND,19702,490,0.349877542859999,6,6,25,KL,Dr. D.Surendranath,IND,,,,,False,6,2009,GE
1701829,Riyas,IND,19702,425,0.303465215745917,7,6,25,KL,Riyas,IND,,,,,False,6,2009,GE
1701830,K. Raghavan,IND,19702,364,0.259909031838856,8,6,25,KL,K. Raghavan,IND,,,,,False,6,2009,GE
1701831,Adv. Sabi Joseph,IND,19702,267,0.190647559068611,9,6,25,KL,Adv. Sabi Joseph,IND,,,,,False,6,2009,GE
1701832,Vinod K.,IND,19702,257,0.18350720105106,10,6,25,KL,Vinod K.,IND,,,,,False,6,2009,GE
1701833,M. Raghavan,IND,19702,230,0.164228234403673,11,6,25,KL,M. Raghavan,IND,,,,,False,6,2009,GE
1701834,Adv. P.A. Mohamed Riyas,IND,19702,227,0.162086126998407,12,6,25,KL,Adv. P.A. Mohamed Riyas,IND,,,,,False,6,2009,GE
1701835,P. Muhammed Riyas,IND,19702,216,0.154231733179101,13,6,25,KL,P. Muhammed Riyas,IND,,,,,False,6,2009,GE
1701836,P. Ramachandran Nair,IND,19702,205,0.146377339359795,14,6,25,KL,P. Ramachandran Nair,IND,,,,,False,6,2009,GE
1701837,K. Muhammed Riyas,IND,19702,199,0.142093124549264,15,6,25,KL,K. Muhammed Riyas,IND,,,,,False,6,2009,GE
1701838,Mudoor Muhammed Haji,IND,19702,116,0.0828281530035916,16,6,25,KL,Mudoor Muhammed Haji,IND,,,,,False,6,2009,GE
1701904,Adv. P.A. Mohamed Riyas,CPI(M),19700,55048,45.81,1,6,26,KL,Adv. P.A. Mohamed Riyas,CPM,,,,,False,6,2009,GE
1701905,M.K. Raghavan,INC,19698,47312,39.3679428186288,2,6,26,KL,M.K. Raghavan,INC,,,,,False,6,2009,GE
1701906,V. Muraleedharan,BJP,19699,14119,11.7483087727473,3,6,26,KL,V. Muraleedharan,BJP,,,,,False,6,2009,GE
1701907,Adv. P. Kumarankutty,IND,19702,887,0.738065718636367,4,6,26,KL,Adv. P. Kumarankutty,IND,,,,,False,6,2009,GE
1701908,A.K. Abdul Nasar,BSP,19704,733,0.609923530733322,5,6,26,KL,A.K. Abdul Nasar,BSP,,,,,False,6,2009,GE
1701909,Dr. D.Surendranath,IND,19702,345,0.287071784587989,6,6,26,KL,Dr. D.Surendranath,IND,,,,,False,6,2009,GE
1701910,K. Raghavan,IND,19702,244,0.203030479534694,7,6,26,KL,K. Raghavan,IND,,,,,False,6,2009,GE
1701911,Riyas,IND,19702,241,0.200534203146972,8,6,26,KL,Riyas,IND,,,,,False,6,2009,GE
1701912,Adv. P.A. Mohamed Riyas,IND,19702,204,0.169746794365072,9,6,26,KL,Adv. P.A. Mohamed Riyas,IND,,,,,False,6,2009,GE
1701913,K. Muhammed Riyas,IND,19702,185,0.153937043909501,10,6,26,KL,K. Muhammed Riyas,IND,,,,,False,6,2009,GE
1701914,P. Muhammed Riyas,IND,19702,177,0.147280306875577,11,6,26,KL,P. Muhammed Riyas,IND,,,,,False,6,2009,GE
1701915,P. Ramachandran Nair,IND,19702,158,0.131470556420006,12,6,26,KL,P. Ramachandran Nair,IND,,,,,False,6,2009,GE
1701916,Adv. Sabi Joseph,IND,19702,155,0.128974280032285,13,6,26,KL,Adv. Sabi Joseph,IND,,,,,False,6,2009,GE
1701917,Vinod K.,IND,19702,147,0.12231754299836,14,6,26,KL,Vinod K.,IND,,,,,False,6,2009,GE
1701918,M. Raghavan,IND,19702,143,0.118989174481398,15,6,26,KL,M. Raghavan,IND,,,,,False,6,2009,GE
1701919,Mudoor Muhammed Haji,IND,19702,81,0.0673994624684845,16,6,26,KL,Mudoor Muhammed Haji,IND,,,,,False,6,2009,GE
1701981,M.K. Raghavan,INC,19698,41662,42.1206943615978,1,6,27,KL,M.K. Raghavan,INC,,,,,False,6,2009,GE
1701982,Adv. P.A. Mohamed Riyas,CPI(M),19700,39800,40.24,2,6,27,KL,Adv. P.A. Mohamed Riyas,CPM,,,,,False,6,2009,GE
1701983,V. Muraleedharan,BJP,19699,14803,14.9659795169394,3,6,27,KL,V. Muraleedharan,BJP,,,,,False,6,2009,GE
1701984,Adv. P. Kumarankutty,IND,19702,753,0.761290453033535,4,6,27,KL,Adv. P. Kumarankutty,IND,,,,,False,6,2009,GE
1701985,A.K. Abdul Nasar,BSP,19704,355,0.358908513714349,5,6,27,KL,A.K. Abdul Nasar,BSP,,,,,False,6,2009,GE
1701986,Dr. D.Surendranath,IND,19702,249,0.251741464548937,6,6,27,KL,Dr. D.Surendranath,IND,,,,,False,6,2009,GE
1701987,P. Ramachandran Nair,IND,19702,173,0.174904712317133,7,6,27,KL,P. Ramachandran Nair,IND,,,,,False,6,2009,GE
1701988,K. Raghavan,IND,19702,163,0.164794613339264,8,6,27,KL,K. Raghavan,IND,,,,,False,6,2009,GE
1701989,Adv. Sabi Joseph,IND,19702,154,0.155695524259182,9,6,27,KL,Adv. Sabi Joseph,IND,,,,,False,6,2009,GE
1701990,Riyas,IND,19702,150,0.151651484668034,10,6,27,KL,Riyas,IND,,,,,False,6,2009,GE
1701991,Vinod K.,IND,19702,141,0.142552395587952,11,6,27,KL,Vinod K.,IND,,,,,False,6,2009,GE
1701992,Adv. P.A. Mohamed Riyas,IND,19702,136,0.137497346099018,12,6,27,KL,Adv. P.A. Mohamed Riyas,IND,,,,,False,6,2009,GE
1701993,K. Muhammed Riyas,IND,19702,127,0.128398257018936,13,6,27,KL,K. Muhammed Riyas,IND,,,,,False,6,2009,GE
1701994,P. Muhammed Riyas,IND,19702,108,0.109189068960985,14,6,27,KL,P. Muhammed Riyas,IND,,,,,False,6,2009,GE
1701995,M. Raghavan,IND,19702,104,0.105145029369837,15,6,27,KL,M. Raghavan,IND,,,,,False,6,2009,GE
1701996,Mudoor Muhammed Haji,IND,19702,33,0.0333633266269676,16,6,27,KL,Mudoor Muhammed Haji,IND,,,,,False,6,2009,GE
1702066,M.K. Raghavan,INC,19698,41931,45.8904259510572,1,6,28,KL,M.K. Raghavan,INC,,,,,False,6,2009,GE
1702067,Adv. P.A. Mohamed Riyas,CPI(M),19700,37150,40.66,2,6,28,KL,Adv. P.A. Mohamed Riyas,CPM,,,,,False,6,2009,GE
1702068,V. Muraleedharan,BJP,19699,9986,10.9289497876811,3,6,28,KL,V. Muraleedharan,BJP,,,,,False,6,2009,GE
1702069,Adv. P. Kumarankutty,IND,19702,593,0.648995315851683,4,6,28,KL,Adv. P. Kumarankutty,IND,,,,,False,6,2009,GE
1702070,Dr. D.Surendranath,IND,19702,302,0.330517007398327,5,6,28,KL,Dr. D.Surendranath,IND,,,,,False,6,2009,GE
1702071,A.K. Abdul Nasar,BSP,19704,299,0.32723372586788,6,6,28,KL,A.K. Abdul Nasar,BSP,,,,,False,6,2009,GE
1702072,Vinod K.,IND,19702,195,0.213413299479052,7,6,28,KL,Vinod K.,IND,,,,,False,6,2009,GE
1702073,Riyas,IND,19702,145,0.158691940638269,8,6,28,KL,Riyas,IND,,,,,False,6,2009,GE
1702074,K. Raghavan,IND,19702,132,0.144464387339666,9,6,28,KL,K. Raghavan,IND,,,,,False,6,2009,GE
1702075,P. Ramachandran Nair,IND,19702,126,0.137897824278772,10,6,28,KL,P. Ramachandran Nair,IND,,,,,False,6,2009,GE
1702076,K. Muhammed Riyas,IND,19702,103,0.112725999212012,11,6,28,KL,K. Muhammed Riyas,IND,,,,,False,6,2009,GE
1702077,Adv. Sabi Joseph,IND,19702,101,0.110537144858381,12,6,28,KL,Adv. Sabi Joseph,IND,,,,,False,6,2009,GE
1702078,Adv. P.A. Mohamed Riyas,IND,19702,93,0.101781727443855,13,6,28,KL,Adv. P.A. Mohamed Riyas,IND,,,,,False,6,2009,GE
1702079,M. Raghavan,IND,19702,92,0.10068730026704,14,6,28,KL,M. Raghavan,IND,,,,,False,6,2009,GE
1702080,P. Muhammed Riyas,IND,19702,84,0.0919318828525149,15,6,28,KL,P. Muhammed Riyas,IND,,,,,False,6,2009,GE
1702081,Mudoor Muhammed Haji,IND,19702,40,0.0437770870726261,16,6,28,KL,Mudoor Muhammed Haji,IND,,,,,False,6,2009,GE
1702150,Adv. P.A. Mohamed Riyas,CPI(M),19700,49926,44.8,1,6,29,KL,Adv. P.A. Mohamed Riyas,CPM,,,,,False,6,2009,GE
1702151,M.K. Raghavan,INC,19698,45365,40.7069084644167,2,6,29,KL,M.K. Raghavan,INC,,,,,False,6,2009,GE
1702152,V. Muraleedharan,BJP,19699,12876,11.5538885349461,3,6,29,KL,V. Muraleedharan,BJP,,,,,False,6,2009,GE
1702153,A.K. Abdul Nasar,BSP,19704,829,0.743878036305555,4,6,29,KL,A.K. Abdul Nasar,BSP,,,,,False,6,2009,GE
1702154,Adv. P. Kumarankutty,IND,19702,525,0.471092845669983,5,6,29,KL,Adv. P. Kumarankutty,IND,,,,,False,6,2009,GE
1702155,Riyas,IND,19702,257,0.230611164451782,6,6,29,KL,Riyas,IND,,,,,False,6,2009,GE
1702156,Vinod K.,IND,19702,252,0.226124565921592,7,6,29,KL,Vinod K.,IND,,,,,False,6,2009,GE
1702157,K. Raghavan,IND,19702,251,0.225227246215554,8,6,29,KL,K. Raghavan,IND,,,,,False,6,2009,GE
1702158,Dr. D.Surendranath,IND,19702,239,0.214459409743097,9,6,29,KL,Dr. D.Surendranath,IND,,,,,False,6,2009,GE
1702159,Adv. P.A. Mohamed Riyas,IND,19702,174,0.156133628850623,10,6,29,KL,Adv. P.A. Mohamed Riyas,IND,,,,,False,6,2009,GE
1702160,P. Muhammed Riyas,IND,19702,160,0.14357115296609,11,6,29,KL,P. Muhammed Riyas,IND,,,,,False,6,2009,GE
1702161,Adv. Sabi Joseph,IND,19702,154,0.138187234729861,12,6,29,KL,Adv. Sabi Joseph,IND,,,,,False,6,2009,GE
1702162,K. Muhammed Riyas,IND,19702,141,0.126522078551367,13,6,29,KL,K. Muhammed Riyas,IND,,,,,False,6,2009,GE
1702163,M. Raghavan,IND,19702,123,0.110370323842681,14,6,29,KL,M. Raghavan,IND,,,,,False,6,2009,GE
1702164,P. Ramachandran Nair,IND,19702,115,0.103191766194377,15,6,29,KL,P. Ramachandran Nair,IND,,,,,False,6,2009,GE
1702165,Mudoor Muhammed Haji,IND,19702,56,0.0502499035381316,16,6,29,KL,Mudoor Muhammed Haji,IND,,,,,False,6,2009,GE
1702236,Adv. P.A. Mohamed Riyas,CPI(M),19700,54462,42.13,1,6,30,KL,Adv. P.A. Mohamed Riyas,CPM,,,,,False,6,2009,GE
1702237,M.K. Raghavan,INC,19698,53066,41.0482916528075,2,6,30,KL,M.K. Raghavan,INC,,,,,False,6,2009,GE
1702238,V. Muraleedharan,BJP,19699,17671,13.6690981381065,3,6,30,KL,V. Muraleedharan,BJP,,,,,False,6,2009,GE
1702239,Adv. P. Kumarankutty,IND,19702,1155,0.893430385915514,4,6,30,KL,Adv. P. Kumarankutty,IND,,,,,False,6,2009,GE
1702240,A.K. Abdul Nasar,BSP,19704,589,0.455610820176829,5,6,30,KL,A.K. Abdul Nasar,BSP,,,,,False,6,2009,GE
1702241,K. Raghavan,IND,19702,358,0.276924742993726,6,6,30,KL,K. Raghavan,IND,,,,,False,6,2009,GE
1702242,Dr. D.Surendranath,IND,19702,338,0.261454086960557,7,6,30,KL,Dr. D.Surendranath,IND,,,,,False,6,2009,GE
1702243,Vinod K.,IND,19702,310,0.23979516851412,8,6,30,KL,Vinod K.,IND,,,,,False,6,2009,GE
1702244,Riyas,IND,19702,293,0.226645110885927,9,6,30,KL,Riyas,IND,,,,,False,6,2009,GE
1702245,Adv. Sabi Joseph,IND,19702,174,0.134594707488571,10,6,30,KL,Adv. Sabi Joseph,IND,,,,,False,6,2009,GE
1702246,M. Raghavan,IND,19702,172,0.133047641885254,11,6,30,KL,M. Raghavan,IND,,,,,False,6,2009,GE
1702247,K. Muhammed Riyas,IND,19702,167,0.129179977876961,12,6,30,KL,K. Muhammed Riyas,IND,,,,,False,6,2009,GE
1702248,Adv. P.A. Mohamed Riyas,IND,19702,161,0.124538781067011,13,6,30,KL,Adv. P.A. Mohamed Riyas,IND,,,,,False,6,2009,GE
1702249,P. Muhammed Riyas,IND,19702,136,0.105200461025549,14,6,30,KL,P. Muhammed Riyas,IND,,,,,False,6,2009,GE
1702250,P. Ramachandran Nair,IND,19702,118,0.0912768705956976,15,6,30,KL,P. Ramachandran Nair,IND,,,,,False,6,2009,GE
1702251,Mudoor Muhammed Haji,IND,19702,107,0.0827680097774546,16,6,30,KL,Mudoor Muhammed Haji,IND,,,,,False,6,2009,GE
1702327,M.K. Raghavan,INC,19698,52862,51.1005635736174,1,6,31,KL,M.K. Raghavan,INC,,,,,False,6,2009,GE
1702328,Adv. P.A. Mohamed Riyas,CPI(M),19700,40018,38.68,2,6,31,KL,Adv. P.A. Mohamed Riyas,CPM,,,,,False,6,2009,GE
1702329,V. Muraleedharan,BJP,19699,7852,7.59036028111013,3,6,31,KL,V. Muraleedharan,BJP,,,,,False,6,2009,GE
1702330,Adv. P. Kumarankutty,IND,19702,436,0.421471864819666,4,6,31,KL,Adv. P. Kumarankutty,IND,,,,,False,6,2009,GE
1702331,A.K. Abdul Nasar,BSP,19704,406,0.392471507148588,5,6,31,KL,A.K. Abdul Nasar,BSP,,,,,False,6,2009,GE
1702332,Vinod K.,IND,19702,326,0.315137220025713,6,6,31,KL,Vinod K.,IND,,,,,False,6,2009,GE
1702333,Dr. D.Surendranath,IND,19702,292,0.282270147998491,7,6,31,KL,Dr. D.Surendranath,IND,,,,,False,6,2009,GE
1702334,K. Raghavan,IND,19702,227,0.219436039711156,8,6,31,KL,K. Raghavan,IND,,,,,False,6,2009,GE
1702335,Riyas,IND,19702,217,0.209769253820797,9,6,31,KL,Riyas,IND,,,,,False,6,2009,GE
1702336,M. Raghavan,IND,19702,169,0.163368681547072,10,6,31,KL,M. Raghavan,IND,,,,,False,6,2009,GE
1702337,Adv. Sabi Joseph,IND,19702,157,0.151768538478641,11,6,31,KL,Adv. Sabi Joseph,IND,,,,,False,6,2009,GE
1702338,Adv. P.A. Mohamed Riyas,IND,19702,114,0.110201359150096,12,6,31,KL,Adv. P.A. Mohamed Riyas,IND,,,,,False,6,2009,GE
1702339,P. Ramachandran Nair,IND,19702,106,0.102467930437808,13,6,31,KL,P. Ramachandran Nair,IND,,,,,False,6,2009,GE
1702340,K. Muhammed Riyas,IND,19702,104,0.100534573259736,14,6,31,KL,K. Muhammed Riyas,IND,,,,,False,6,2009,GE
1702341,P. Muhammed Riyas,IND,19702,99,0.0957011803145572,15,6,31,KL,P. Muhammed Riyas,IND,,,,,False,6,2009,GE
1702342,Mudoor Muhammed Haji,IND,19702,62,0.0599340725202277,16,6,31,KL,Mudoor Muhammed Haji,IND,,,,,False,6,2009,GE
1702417,M.I. Shanavas,INC,19698,53912,51.2998134967457,1,6,32,KL,M.I. Shanavas,INC,,,,,False,6,2009,GE
1702418,Advocate. M. Rahmathulla,CPI,19713,32498,30.9233814181859,2,6,32,KL,Advocate. M. Rahmathulla,CPI,,,,,False,6,2009,GE
1702419,K. Muraleedharan,NCP,19730,13803,13.1342062193126,3,6,32,KL,K. Muraleedharan,NCP,,,,,False,6,2009,GE
1702420,C. Vasudevan Master,BJP,19699,2882,2.74235907585734,4,6,32,KL,C. Vasudevan Master,BJP,,,,,False,6,2009,GE
1702421,Rahmathulla Pooladan,IND,19702,500,0.475773607886423,5,6,32,KL,Rahmathulla Pooladan,IND,,,,,False,6,2009,GE
1702422,Advocate. Shanavas Malappuram,IND,19702,397,0.37776424466182,6,6,32,KL,Advocate. Shanavas Malappuram,IND,,,,,False,6,2009,GE
1702423,Shanavas Manakulangara Parambil,IND,19702,264,0.251208464964031,7,6,32,KL,Shanavas Manakulangara Parambil,IND,,,,,False,6,2009,GE
1702424,Rajeev Joseph,BSP,19704,202,0.192212537586115,8,6,32,KL,Rajeev Joseph,BSP,,,,,False,6,2009,GE
1702425,Kallangodan Abdul Latheef,IND,19702,173,0.164617668328702,9,6,32,KL,Kallangodan Abdul Latheef,IND,,,,,False,6,2009,GE
1702426,M.P. Rahmath,IND,19702,148,0.140828987934381,10,6,32,KL,M.P. Rahmath,IND,,,,,False,6,2009,GE
1702427,Sunny Ponnamattom,IND,19702,133,0.126555779697788,11,6,32,KL,Sunny Ponnamattom,IND,,,,,False,6,2009,GE
1702428,Cletus,IND,19702,100,0.0951547215772846,12,6,32,KL,Cletus,IND,,,,,False,6,2009,GE
1702429,Dr. Nalla Thampy Thera,IND,19702,80,0.0761237772618277,13,6,32,KL,Dr. Nalla Thampy Thera,IND,,,,,False,6,2009,GE
1702500,E. Ahamed,MUL,19707,63927,55.0061092085563,1,6,33,KL,E. Ahamed,MUL,,,,,True,6,2009,GE
1702501,T.K. Hamza,CPI(M),19700,44597,38.37,2,6,33,KL,T.K. Hamza,CPM,,,,,True,6,2009,GE
1702502,Adv. N. Aravindan,BJP,19699,6530,5.61875096800839,3,6,33,KL,Adv. N. Aravindan,BJP,,,,,False,6,2009,GE
1702503,Adv.E.A. Aboobacker,BSP,19704,1164,1.001566022475,4,6,33,KL,Adv.E.A. Aboobacker,BSP,,,,,False,6,2009,GE
1702564,M.I. Shanavas,INC,19698,56534,54.2360198394044,1,6,34,KL,M.I. Shanavas,INC,,,,,False,6,2009,GE
1702565,Advocate. M. Rahmathulla,CPI,19713,34429,33.0295384556347,2,6,34,KL,Advocate. M. Rahmathulla,CPI,,,,,False,6,2009,GE
1702566,K. Muraleedharan,NCP,19730,7612,7.30258929171023,3,6,34,KL,K. Muraleedharan,NCP,,,,,False,6,2009,GE
1702567,C. Vasudevan Master,BJP,19699,2992,2.87038191812887,4,6,34,KL,C. Vasudevan Master,BJP,,,,,False,6,2009,GE
1702568,Rahmathulla Pooladan,IND,19702,634,0.608229323560731,5,6,34,KL,Rahmathulla Pooladan,IND,,,,,False,6,2009,GE
1702569,Advocate. Shanavas Malappuram,IND,19702,566,0.542993370875984,6,6,34,KL,Advocate. Shanavas Malappuram,IND,,,,,False,6,2009,GE
1702570,Shanavas Manakulangara Parambil,IND,19702,447,0.428830453677676,7,6,34,KL,Shanavas Manakulangara Parambil,IND,,,,,False,6,2009,GE
1702571,Kallangodan Abdul Latheef,IND,19702,231,0.221610368679067,8,6,34,KL,Kallangodan Abdul Latheef,IND,,,,,False,6,2009,GE
1702572,Rajeev Joseph,BSP,19704,176,0.168845995184051,9,6,34,KL,Rajeev Joseph,BSP,,,,,False,6,2009,GE
1702573,Sunny Ponnamattom,IND,19702,170,0.163089881711868,10,6,34,KL,Sunny Ponnamattom,IND,,,,,False,6,2009,GE
1702574,M.P. Rahmath,IND,19702,157,0.150618302522137,11,6,34,KL,M.P. Rahmath,IND,,,,,False,6,2009,GE
1702575,Cletus,IND,19702,149,0.142943484559225,12,6,34,KL,Cletus,IND,,,,,False,6,2009,GE
1702576,Dr. Nalla Thampy Thera,IND,19702,140,0.13430931435095,13,6,34,KL,Dr. Nalla Thampy Thera,IND,,,,,False,6,2009,GE
1702646,M.I. Shanavas,INC,19698,58676,50.5313560343788,1,6,35,KL,M.I. Shanavas,INC,,,,,False,6,2009,GE
1702647,Advocate. M. Rahmathulla,CPI,19713,37409,32.216366110336,2,6,35,KL,Advocate. M. Rahmathulla,CPI,,,,,False,6,2009,GE
1702648,K. Muraleedharan,NCP,19730,12961,11.161921493653,3,6,35,KL,K. Muraleedharan,NCP,,,,,False,6,2009,GE
1702649,C. Vasudevan Master,BJP,19699,4297,3.70054599631409,4,6,35,KL,C. Vasudevan Master,BJP,,,,,False,6,2009,GE
1702650,Rahmathulla Pooladan,IND,19702,712,0.61316936220052,5,6,35,KL,Rahmathulla Pooladan,IND,,,,,False,6,2009,GE
1702651,Advocate. Shanavas Malappuram,IND,19702,477,0.41078902495737,6,6,35,KL,Advocate. Shanavas Malappuram,IND,,,,,False,6,2009,GE
1702652,Shanavas Manakulangara Parambil,IND,19702,374,0.32208615374016,7,6,35,KL,Shanavas Manakulangara Parambil,IND,,,,,False,6,2009,GE
1702653,Kallangodan Abdul Latheef,IND,19702,298,0.256635491482801,8,6,35,KL,Kallangodan Abdul Latheef,IND,,,,,False,6,2009,GE
1702654,Rajeev Joseph,BSP,19704,259,0.223048967429683,9,6,35,KL,Rajeev Joseph,BSP,,,,,False,6,2009,GE
1702655,M.P. Rahmath,IND,19702,205,0.176544549509981,10,6,35,KL,M.P. Rahmath,IND,,,,,False,6,2009,GE
1702656,Cletus,IND,19702,156,0.134346096212473,11,6,35,KL,Cletus,IND,,,,,False,6,2009,GE
1702657,Sunny Ponnamattom,IND,19702,155,0.133484903288034,12,6,35,KL,Sunny Ponnamattom,IND,,,,,False,6,2009,GE
1702658,Dr. Nalla Thampy Thera,IND,19702,139,0.119705816497011,13,6,35,KL,Dr. Nalla Thampy Thera,IND,,,,,False,6,2009,GE
1702724,M.I. Shanavas,INC,19698,66433,53.8163053692362,1,6,36,KL,M.I. Shanavas,INC,,,,,False,6,2009,GE
1702725,Advocate. M. Rahmathulla,CPI,19713,40743,33.005249343832,2,6,36,KL,Advocate. M. Rahmathulla,CPI,,,,,False,6,2009,GE
1702726,K. Muraleedharan,NCP,19730,9925,8.04008295259388,3,6,36,KL,K. Muraleedharan,NCP,,,,,False,6,2009,GE
1702727,C. Vasudevan Master,BJP,19699,3135,2.53961310391756,4,6,36,KL,C. Vasudevan Master,BJP,,,,,False,6,2009,GE
1702728,Rahmathulla Pooladan,IND,19702,842,0.682090664592851,5,6,36,KL,Rahmathulla Pooladan,IND,,,,,False,6,2009,GE
1702729,Advocate. Shanavas Malappuram,IND,19702,567,0.459317585301837,6,6,36,KL,Advocate. Shanavas Malappuram,IND,,,,,False,6,2009,GE
1702730,Shanavas Manakulangara Parambil,IND,19702,511,0.413952885518939,7,6,36,KL,Shanavas Manakulangara Parambil,IND,,,,,False,6,2009,GE
1702731,Kallangodan Abdul Latheef,IND,19702,283,0.229253750688571,8,6,36,KL,Kallangodan Abdul Latheef,IND,,,,,False,6,2009,GE
1702732,M.P. Rahmath,IND,19702,271,0.219532743592236,9,6,36,KL,M.P. Rahmath,IND,,,,,False,6,2009,GE
1702733,Rajeev Joseph,BSP,19704,207,0.167687372411781,10,6,36,KL,Rajeev Joseph,BSP,,,,,False,6,2009,GE
1702734,Sunny Ponnamattom,IND,19702,189,0.153105861767279,11,6,36,KL,Sunny Ponnamattom,IND,,,,,False,6,2009,GE
1702735,Cletus,IND,19702,171,0.138524351122776,12,6,36,KL,Cletus,IND,,,,,False,6,2009,GE
1702736,Dr. Nalla Thampy Thera,IND,19702,167,0.135284015423997,13,6,36,KL,Dr. Nalla Thampy Thera,IND,,,,,False,6,2009,GE
1702797,E. Ahamed,MUL,19707,63460,54.0338030567499,1,6,37,KL,E. Ahamed,MUL,,,,,True,6,2009,GE
1702798,T.K. Hamza,CPI(M),19700,48043,40.91,2,6,37,KL,T.K. Hamza,CPM,,,,,True,6,2009,GE
1702799,Adv. N. Aravindan,BJP,19699,4956,4.21984758823278,3,6,37,KL,Adv. N. Aravindan,BJP,,,,,False,6,2009,GE
1702800,Adv.E.A. Aboobacker,BSP,19704,986,0.839541913235982,4,6,37,KL,Adv.E.A. Aboobacker,BSP,,,,,False,6,2009,GE
1702849,E. Ahamed,MUL,19707,56383,50.1110953108891,1,6,38,KL,E. Ahamed,MUL,,,,,True,6,2009,GE
1702850,T.K. Hamza,CPI(M),19700,51137,45.45,2,6,38,KL,T.K. Hamza,CPM,,,,,True,6,2009,GE
1702851,Adv. N. Aravindan,BJP,19699,3850,3.42173557538483,3,6,38,KL,Adv. N. Aravindan,BJP,,,,,False,6,2009,GE
1702852,Adv.E.A. Aboobacker,BSP,19704,1146,1.01852181023143,4,6,38,KL,Adv.E.A. Aboobacker,BSP,,,,,False,6,2009,GE
1702905,E. Ahamed,MUL,19707,60293,54.0729845833744,1,6,39,KL,E. Ahamed,MUL,,,,,True,6,2009,GE
1702906,T.K. Hamza,CPI(M),19700,45394,40.71,2,6,39,KL,T.K. Hamza,CPM,,,,,True,6,2009,GE
1702907,Adv. N. Aravindan,BJP,19699,4816,4.31916630045828,3,6,39,KL,Adv. N. Aravindan,BJP,,,,,False,6,2009,GE
1702908,Adv.E.A. Aboobacker,BSP,19704,1000,0.89683685640745,4,6,39,KL,Adv.E.A. Aboobacker,BSP,,,,,False,6,2009,GE
1702961,E. Ahamed,MUL,19707,70601,58.3199788531117,1,6,40,KL,E. Ahamed,MUL,,,,,True,6,2009,GE
1702962,T.K. Hamza,CPI(M),19700,46726,38.6,2,6,40,KL,T.K. Hamza,CPM,,,,,True,6,2009,GE
1702963,Adv. N. Aravindan,BJP,19699,2895,2.39141568504353,3,6,40,KL,Adv. N. Aravindan,BJP,,,,,False,6,2009,GE
1702964,Adv.E.A. Aboobacker,BSP,19704,836,0.690578070016025,4,6,40,KL,Adv.E.A. Aboobacker,BSP,,,,,False,6,2009,GE
1703014,E. Ahamed,MUL,19707,57327,60.4326330104046,1,6,41,KL,E. Ahamed,MUL,,,,,True,6,2009,GE
1703015,T.K. Hamza,CPI(M),19700,33471,35.28,2,6,41,KL,T.K. Hamza,CPM,,,,,True,6,2009,GE
1703016,Adv. N. Aravindan,BJP,19699,3229,3.4039278523313,3,6,41,KL,Adv. N. Aravindan,BJP,,,,,False,6,2009,GE
1703017,Adv.E.A. Aboobacker,BSP,19704,834,0.879181117635276,4,6,41,KL,Adv.E.A. Aboobacker,BSP,,,,,False,6,2009,GE
1703071,E. Ahamed,MUL,19707,55051,51.0544570983418,1,6,42,KL,E. Ahamed,MUL,,,,,True,6,2009,GE
1703072,T.K. Hamza,CPI(M),19700,42105,39.05,2,6,42,KL,T.K. Hamza,CPM,,,,,True,6,2009,GE
1703073,Adv. N. Aravindan,BJP,19699,9709,9.0041547649961,3,6,42,KL,Adv. N. Aravindan,BJP,,,,,False,6,2009,GE
1703074,Adv.E.A. Aboobacker,BSP,19704,963,0.893088993582371,4,6,42,KL,Adv.E.A. Aboobacker,BSP,,,,,False,6,2009,GE
1703128,E.T. Muhammed Basheer,MUL,19707,58997,56.5435743106604,1,6,43,KL,E.T. Muhammed Basheer,MUL,,,,,False,6,2009,GE
1703129,Dr. Hussain Randathani,IND,19702,37644,36.0785516441599,2,6,43,KL,Dr. Hussain Randathani,IND,,,,,False,6,2009,GE
1703130,K. Janachandran Master,BJP,19699,5186,4.9703370743442,3,6,43,KL,K. Janachandran Master,BJP,,,,,False,6,2009,GE
1703131,Husain,IND,19702,523,0.501250730790979,4,6,43,KL,Husain,IND,,,,,False,6,2009,GE
1703132,K. Sadanandan,IND,19702,443,0.424577578853544,5,6,43,KL,K. Sadanandan,IND,,,,,False,6,2009,GE
1703133,Abdurahiman,IND,19702,270,0.258771887788842,6,6,43,KL,Abdurahiman,IND,,,,,False,6,2009,GE
1703134,P.K. Muhammed,BSP,19704,253,0.242478843002137,7,6,43,KL,P.K. Muhammed,BSP,,,,,False,6,2009,GE
1703135,Hussain Edayath,IND,19702,226,0.216601654223253,8,6,43,KL,Hussain Edayath,IND,,,,,False,6,2009,GE
1703136,Pullani Govindan,IND,19702,197,0.188807636645932,9,6,43,KL,Pullani Govindan,IND,,,,,False,6,2009,GE
1703137,Dr. Hussain,IND,19702,175,0.167722519863138,10,6,43,KL,Dr. Hussain,IND,,,,,False,6,2009,GE
1703138,Dr. Azad,IND,19702,168,0.161013619068612,11,6,43,KL,Dr. Azad,IND,,,,,False,6,2009,GE
1703139,Hussain Cherichiyil,IND,19702,150,0.14376215988269,12,6,43,KL,Hussain Cherichiyil,IND,,,,,False,6,2009,GE
1703140,Hussain Kadayakkal,IND,19702,107,0.102550340716318,13,6,43,KL,Hussain Kadayakkal,IND,,,,,False,6,2009,GE
1703201,E.T. Muhammed Basheer,MUL,19707,49819,51.2367200436065,1,6,44,KL,E.T. Muhammed Basheer,MUL,,,,,False,6,2009,GE
1703202,Dr. Hussain Randathani,IND,19702,35602,36.6151409500889,2,6,44,KL,Dr. Hussain Randathani,IND,,,,,False,6,2009,GE
1703203,K. Janachandran Master,BJP,19699,9288,9.55231248650149,3,6,44,KL,K. Janachandran Master,BJP,,,,,False,6,2009,GE
1703204,K. Sadanandan,IND,19702,493,0.507029506443285,4,6,44,KL,K. Sadanandan,IND,,,,,False,6,2009,GE
1703205,Husain,IND,19702,456,0.468976582024621,5,6,44,KL,Husain,IND,,,,,False,6,2009,GE
1703206,P.K. Muhammed,BSP,19704,305,0.313679512099801,6,6,44,KL,P.K. Muhammed,BSP,,,,,False,6,2009,GE
1703207,Abdurahiman,IND,19702,241,0.247858237429679,7,6,44,KL,Abdurahiman,IND,,,,,False,6,2009,GE
1703208,Hussain Edayath,IND,19702,230,0.236545205845751,8,6,44,KL,Hussain Edayath,IND,,,,,False,6,2009,GE
1703209,Pullani Govindan,IND,19702,184,0.189236164676601,9,6,44,KL,Pullani Govindan,IND,,,,,False,6,2009,GE
1703210,Dr. Hussain,IND,19702,177,0.182036962759556,10,6,44,KL,Dr. Hussain,IND,,,,,False,6,2009,GE
1703211,Dr. Azad,IND,19702,165,0.169695473758909,11,6,44,KL,Dr. Azad,IND,,,,,False,6,2009,GE
1703212,Hussain Cherichiyil,IND,19702,146,0.150154782841216,12,6,44,KL,Hussain Cherichiyil,IND,,,,,False,6,2009,GE
1703213,Hussain Kadayakkal,IND,19702,127,0.130614091923523,13,6,44,KL,Hussain Kadayakkal,IND,,,,,False,6,2009,GE
1703277,E.T. Muhammed Basheer,MUL,19707,68196,55.5522971652003,1,6,45,KL,E.T. Muhammed Basheer,MUL,,,,,False,6,2009,GE
1703278,Dr. Hussain Randathani,IND,19702,45372,36.9599217986314,2,6,45,KL,Dr. Hussain Randathani,IND,,,,,False,6,2009,GE
1703279,K. Janachandran Master,BJP,19699,6014,4.89898989898989,3,6,45,KL,K. Janachandran Master,BJP,,,,,False,6,2009,GE
1703280,K. Sadanandan,IND,19702,603,0.491202346041055,4,6,45,KL,K. Sadanandan,IND,,,,,False,6,2009,GE
1703281,Husain,IND,19702,556,0.452916259367872,5,6,45,KL,Husain,IND,,,,,False,6,2009,GE
1703282,Abdurahiman,IND,19702,349,0.284294558488106,6,6,45,KL,Abdurahiman,IND,,,,,False,6,2009,GE
1703283,P.K. Muhammed,BSP,19704,325,0.264744216357119,7,6,45,KL,P.K. Muhammed,BSP,,,,,False,6,2009,GE
1703284,Hussain Edayath,IND,19702,281,0.228901922450309,8,6,45,KL,Hussain Edayath,IND,,,,,False,6,2009,GE
1703285,Dr. Hussain,IND,19702,233,0.189801238188334,9,6,45,KL,Dr. Hussain,IND,,,,,False,6,2009,GE
1703286,Dr. Azad,IND,19702,227,0.184913652655588,10,6,45,KL,Dr. Azad,IND,,,,,False,6,2009,GE
1703287,Pullani Govindan,IND,19702,221,0.180026067122841,11,6,45,KL,Pullani Govindan,IND,,,,,False,6,2009,GE
1703288,Hussain Cherichiyil,IND,19702,201,0.163734115347018,12,6,45,KL,Hussain Cherichiyil,IND,,,,,False,6,2009,GE
1703289,Hussain Kadayakkal,IND,19702,182,0.148256761159986,13,6,45,KL,Hussain Kadayakkal,IND,,,,,False,6,2009,GE
1703355,E.T. Muhammed Basheer,MUL,19707,64436,54.5351445135626,1,6,46,KL,E.T. Muhammed Basheer,MUL,,,,,False,6,2009,GE
1703356,Dr. Hussain Randathani,IND,19702,43887,37.1435825822013,2,6,46,KL,Dr. Hussain Randathani,IND,,,,,False,6,2009,GE
1703357,K. Janachandran Master,BJP,19699,6781,5.73907155854597,3,6,46,KL,K. Janachandran Master,BJP,,,,,False,6,2009,GE
1703358,K. Sadanandan,IND,19702,541,0.457873132749354,4,6,46,KL,K. Sadanandan,IND,,,,,False,6,2009,GE
1703359,Husain,IND,19702,510,0.431636409800685,5,6,46,KL,Husain,IND,,,,,False,6,2009,GE
1703360,Dr. Azad,IND,19702,334,0.28267953112437,6,6,46,KL,Dr. Azad,IND,,,,,False,6,2009,GE
1703361,P.K. Muhammed,BSP,19704,323,0.2733697262071,7,6,46,KL,P.K. Muhammed,BSP,,,,,False,6,2009,GE
1703362,Abdurahiman,IND,19702,300,0.253903770470991,8,6,46,KL,Abdurahiman,IND,,,,,False,6,2009,GE
1703363,Hussain Edayath,IND,19702,268,0.226820701620752,9,6,46,KL,Hussain Edayath,IND,,,,,False,6,2009,GE
1703364,Pullani Govindan,IND,19702,234,0.198044940967373,10,6,46,KL,Pullani Govindan,IND,,,,,False,6,2009,GE
1703365,Dr. Hussain,IND,19702,212,0.179425331132833,11,6,46,KL,Dr. Hussain,IND,,,,,False,6,2009,GE
1703366,Hussain Cherichiyil,IND,19702,191,0.161652067199864,12,6,46,KL,Hussain Cherichiyil,IND,,,,,False,6,2009,GE
1703367,Hussain Kadayakkal,IND,19702,138,0.116795734416656,13,6,46,KL,Hussain Kadayakkal,IND,,,,,False,6,2009,GE
1703428,E.T. Muhammed Basheer,MUL,19707,50029,46.1769212309169,1,6,47,KL,E.T. Muhammed Basheer,MUL,,,,,False,6,2009,GE
1703429,Dr. Hussain Randathani,IND,19702,44156,40.7561241254545,2,6,47,KL,Dr. Hussain Randathani,IND,,,,,False,6,2009,GE
1703430,K. Janachandran Master,BJP,19699,10935,10.0930387107492,3,6,47,KL,K. Janachandran Master,BJP,,,,,False,6,2009,GE
1703431,K. Sadanandan,IND,19702,591,0.545494821952705,4,6,47,KL,K. Sadanandan,IND,,,,,False,6,2009,GE
1703432,Dr. Azad,IND,19702,433,0.399660334865518,5,6,47,KL,Dr. Azad,IND,,,,,False,6,2009,GE
1703433,P.K. Muhammed,BSP,19704,380,0.350741171475512,6,6,47,KL,P.K. Muhammed,BSP,,,,,False,6,2009,GE
1703434,Husain,IND,19702,367,0.338742131398718,7,6,47,KL,Husain,IND,,,,,False,6,2009,GE
1703435,Hussain Edayath,IND,19702,340,0.3138210481623,8,6,47,KL,Hussain Edayath,IND,,,,,False,6,2009,GE
1703436,Abdurahiman,IND,19702,320,0.295360986505694,9,6,47,KL,Abdurahiman,IND,,,,,False,6,2009,GE
1703437,Pullani Govindan,IND,19702,251,0.231673773790404,10,6,47,KL,Pullani Govindan,IND,,,,,False,6,2009,GE
1703438,Dr. Hussain,IND,19702,219,0.202137675139834,11,6,47,KL,Dr. Hussain,IND,,,,,False,6,2009,GE
1703439,Hussain Cherichiyil,IND,19702,168,0.155064517915489,12,6,47,KL,Hussain Cherichiyil,IND,,,,,False,6,2009,GE
1703440,Hussain Kadayakkal,IND,19702,153,0.141219471673035,13,6,47,KL,Hussain Kadayakkal,IND,,,,,False,6,2009,GE
1703507,E.T. Muhammed Basheer,MUL,19707,47327,44.5409627782222,1,6,48,KL,E.T. Muhammed Basheer,MUL,,,,,False,6,2009,GE
1703508,Dr. Hussain Randathani,IND,19702,46784,44.029928003388,2,6,48,KL,Dr. Hussain Randathani,IND,,,,,False,6,2009,GE
1703509,K. Janachandran Master,BJP,19699,8722,8.20855489153451,3,6,48,KL,K. Janachandran Master,BJP,,,,,False,6,2009,GE
1703510,K. Sadanandan,IND,19702,699,0.657851395228459,4,6,48,KL,K. Sadanandan,IND,,,,,False,6,2009,GE
1703511,Husain,IND,19702,490,0.461154769187332,5,6,48,KL,Husain,IND,,,,,False,6,2009,GE
1703512,Dr. Azad,IND,19702,369,0.347277775163521,6,6,48,KL,Dr. Azad,IND,,,,,False,6,2009,GE
1703513,Hussain Edayath,IND,19702,356,0.335043056797327,7,6,48,KL,Hussain Edayath,IND,,,,,False,6,2009,GE
1703514,Abdurahiman,IND,19702,301,0.283280786786504,8,6,48,KL,Abdurahiman,IND,,,,,False,6,2009,GE
1703515,P.K. Muhammed,BSP,19704,282,0.265399275328219,9,6,48,KL,P.K. Muhammed,BSP,,,,,False,6,2009,GE
1703516,Dr. Hussain,IND,19702,281,0.264458143146204,10,6,48,KL,Dr. Hussain,IND,,,,,False,6,2009,GE
1703517,Pullani Govindan,IND,19702,265,0.249400028233965,11,6,48,KL,Pullani Govindan,IND,,,,,False,6,2009,GE
1703518,Hussain Kadayakkal,IND,19702,200,0.188226436402992,12,6,48,KL,Hussain Kadayakkal,IND,,,,,False,6,2009,GE
1703519,Hussain Cherichiyil,IND,19702,179,0.168462660580678,13,6,48,KL,Hussain Cherichiyil,IND,,,,,False,6,2009,GE
1703579,Dr. Hussain Randathani,IND,19702,49216,44.1882597999604,1,6,49,KL,Dr. Hussain Randathani,IND,,,,,False,6,2009,GE
1703580,E.T. Muhammed Basheer,MUL,19707,46539,41.784733071163,2,6,49,KL,E.T. Muhammed Basheer,MUL,,,,,False,6,2009,GE
1703581,K. Janachandran Master,BJP,19699,10750,9.65181633715814,3,6,49,KL,K. Janachandran Master,BJP,,,,,False,6,2009,GE
1703582,K. Sadanandan,IND,19702,951,0.85384905457092,4,6,49,KL,K. Sadanandan,IND,,,,,False,6,2009,GE
1703583,Dr. Azad,IND,19702,933,0.837687873727307,5,6,49,KL,Dr. Azad,IND,,,,,False,6,2009,GE
1703584,P.K. Muhammed,BSP,19704,534,0.479448365027204,6,6,49,KL,P.K. Muhammed,BSP,,,,,False,6,2009,GE
1703585,Husain,IND,19702,514,0.461491497423189,7,6,49,KL,Husain,IND,,,,,False,6,2009,GE
1703586,Hussain Edayath,IND,19702,458,0.411212268131947,8,6,49,KL,Hussain Edayath,IND,,,,,False,6,2009,GE
1703587,Abdurahiman,IND,19702,359,0.322325773492072,9,6,49,KL,Abdurahiman,IND,,,,,False,6,2009,GE
1703588,Pullani Govindan,IND,19702,358,0.321427930111871,10,6,49,KL,Pullani Govindan,IND,,,,,False,6,2009,GE
1703589,Dr. Hussain,IND,19702,316,0.283718508143439,11,6,49,KL,Dr. Hussain,IND,,,,,False,6,2009,GE
1703590,Hussain Kadayakkal,IND,19702,240,0.215482411248181,12,6,49,KL,Hussain Kadayakkal,IND,,,,,False,6,2009,GE
1703591,Hussain Cherichiyil,IND,19702,210,0.188547109842159,13,6,49,KL,Hussain Cherichiyil,IND,,,,,False,6,2009,GE
1703659,M.B. Rajesh,CPI(M),19700,45942,43.33,1,6,50,KL,M.B. Rajesh,CPM,,,,,False,6,2009,GE
1703660,Satheesan Pacheni,INC,19698,45876,43.2674079732903,2,6,50,KL,Satheesan Pacheni,INC,,,,,False,6,2009,GE
1703661,C.K. Padmanabhan,BJP,19699,9338,8.807024493299,3,6,50,KL,C.K. Padmanabhan,BJP,,,,,False,6,2009,GE
1703662,M.R. Murali,IND,19702,1579,1.48921521470541,4,6,50,KL,M.R. Murali,IND,,,,,False,6,2009,GE
1703663,Abdul Razak Moulavi,NCP,19730,1310,1.2355110394326,5,6,50,KL,Abdul Razak Moulavi,NCP,,,,,False,6,2009,GE
1703664,Satheesan. E.V,IND,19702,533,0.502692659555404,6,6,50,KL,Satheesan. E.V,IND,,,,,False,6,2009,GE
1703665,A. Arokiasamy,IND,19702,507,0.47817106640636,7,6,50,KL,A. Arokiasamy,IND,,,,,False,6,2009,GE
1703666,N.V. Rajesh,IND,19702,335,0.315951296343453,8,6,50,KL,N.V. Rajesh,IND,,,,,False,6,2009,GE
1703667,Chandran. V,BSP,19704,323,0.304633637966971,9,6,50,KL,Chandran. V,BSP,,,,,False,6,2009,GE
1703668,Vijayan Ambalakkad,IND,19702,286,0.269737524639485,10,6,50,KL,Vijayan Ambalakkad,IND,,,,,False,6,2009,GE
1703732,M.B. Rajesh,CPI(M),19700,51446,45.67,1,6,51,KL,M.B. Rajesh,CPM,,,,,False,6,2009,GE
1703733,Satheesan Pacheni,INC,19698,38899,34.5299281865551,2,6,51,KL,Satheesan Pacheni,INC,,,,,False,6,2009,GE
1703734,M.R. Murali,IND,19702,9815,8.71259531481629,3,6,51,KL,M.R. Murali,IND,,,,,False,6,2009,GE
1703735,C.K. Padmanabhan,BJP,19699,9075,8.05571089984288,4,6,51,KL,C.K. Padmanabhan,BJP,,,,,False,6,2009,GE
1703736,Abdul Razak Moulavi,NCP,19730,1126,0.999529528729816,5,6,51,KL,Abdul Razak Moulavi,NCP,,,,,False,6,2009,GE
1703737,Satheesan. E.V,IND,19702,696,0.617826422731751,6,6,51,KL,Satheesan. E.V,IND,,,,,False,6,2009,GE
1703738,N.V. Rajesh,IND,19702,551,0.489112584662636,7,6,51,KL,N.V. Rajesh,IND,,,,,False,6,2009,GE
1703739,A. Arokiasamy,IND,19702,424,0.376377016146929,8,6,51,KL,A. Arokiasamy,IND,,,,,False,6,2009,GE
1703740,Chandran. V,BSP,19704,337,0.29914871330546,9,6,51,KL,Chandran. V,BSP,,,,,False,6,2009,GE
1703741,Vijayan Ambalakkad,IND,19702,284,0.252101586287093,10,6,51,KL,Vijayan Ambalakkad,IND,,,,,False,6,2009,GE
1703800,M.B. Rajesh,CPI(M),19700,54397,44.91,1,6,52,KL,M.B. Rajesh,CPM,,,,,False,6,2009,GE
1703801,Satheesan Pacheni,INC,19698,48531,40.0678654579679,2,6,52,KL,Satheesan Pacheni,INC,,,,,False,6,2009,GE
1703802,C.K. Padmanabhan,BJP,19699,11033,9.10899753967074,3,6,52,KL,C.K. Padmanabhan,BJP,,,,,False,6,2009,GE
1703803,M.R. Murali,IND,19702,3538,2.9210217796932,4,6,52,KL,M.R. Murali,IND,,,,,False,6,2009,GE
1703804,Abdul Razak Moulavi,NCP,19730,999,0.824788230049041,5,6,52,KL,Abdul Razak Moulavi,NCP,,,,,False,6,2009,GE
1703805,Satheesan. E.V,IND,19702,844,0.696818084245636,6,6,52,KL,Satheesan. E.V,IND,,,,,False,6,2009,GE
1703806,A. Arokiasamy,IND,19702,583,0.48133287098958,7,6,52,KL,A. Arokiasamy,IND,,,,,False,6,2009,GE
1703807,N.V. Rajesh,IND,19702,506,0.417760605009824,8,6,52,KL,N.V. Rajesh,IND,,,,,False,6,2009,GE
1703808,Vijayan Ambalakkad,IND,19702,347,0.286488003830848,9,6,52,KL,Vijayan Ambalakkad,IND,,,,,False,6,2009,GE
1703809,Chandran. V,BSP,19704,344,0.284011162299169,10,6,52,KL,Chandran. V,BSP,,,,,False,6,2009,GE
1703869,Satheesan Pacheni,INC,19698,46504,43.445846840871,1,6,53,KL,Satheesan Pacheni,INC,,,,,False,6,2009,GE
1703870,M.B. Rajesh,CPI(M),19700,45710,42.7,2,6,53,KL,M.B. Rajesh,CPM,,,,,False,6,2009,GE
1703871,C.K. Padmanabhan,BJP,19699,8659,8.08957482786647,3,6,53,KL,C.K. Padmanabhan,BJP,,,,,False,6,2009,GE
1703872,Abdul Razak Moulavi,NCP,19730,2030,1.89650501219181,4,6,53,KL,Abdul Razak Moulavi,NCP,,,,,False,6,2009,GE
1703873,M.R. Murali,IND,19702,1453,1.35744915404665,5,6,53,KL,M.R. Murali,IND,,,,,False,6,2009,GE
1703874,Satheesan. E.V,IND,19702,835,0.780089500088752,6,6,53,KL,Satheesan. E.V,IND,,,,,False,6,2009,GE
1703875,A. Arokiasamy,IND,19702,562,0.525042274311232,7,6,53,KL,A. Arokiasamy,IND,,,,,False,6,2009,GE
1703876,N.V. Rajesh,IND,19702,479,0.447500443763488,8,6,53,KL,N.V. Rajesh,IND,,,,,False,6,2009,GE
1703877,Chandran. V,BSP,19704,441,0.411999364717532,9,6,53,KL,Chandran. V,BSP,,,,,False,6,2009,GE
1703878,Vijayan Ambalakkad,IND,19702,366,0.341931445547884,10,6,53,KL,Vijayan Ambalakkad,IND,,,,,False,6,2009,GE
1703931,Satheesan Pacheni,INC,19698,56779,50.3163659565417,1,6,54,KL,Satheesan Pacheni,INC,,,,,False,6,2009,GE
1703932,M.B. Rajesh,CPI(M),19700,44202,39.17,2,6,54,KL,M.B. Rajesh,CPM,,,,,False,6,2009,GE
1703933,C.K. Padmanabhan,BJP,19699,4944,4.38126971748608,3,6,54,KL,C.K. Padmanabhan,BJP,,,,,False,6,2009,GE
1703934,M.R. Murali,IND,19702,2446,2.16759420084364,4,6,54,KL,M.R. Murali,IND,,,,,False,6,2009,GE
1703935,Abdul Razak Moulavi,NCP,19730,1305,1.15646379071993,5,6,54,KL,Abdul Razak Moulavi,NCP,,,,,False,6,2009,GE
1703936,Satheesan. E.V,IND,19702,1081,0.957959661125093,6,6,54,KL,Satheesan. E.V,IND,,,,,False,6,2009,GE
1703937,A. Arokiasamy,IND,19702,826,0.731983977880968,7,6,54,KL,A. Arokiasamy,IND,,,,,False,6,2009,GE
1703938,N.V. Rajesh,IND,19702,473,0.419162737939101,8,6,54,KL,N.V. Rajesh,IND,,,,,False,6,2009,GE
1703939,Vijayan Ambalakkad,IND,19702,435,0.385487930239977,9,6,54,KL,Vijayan Ambalakkad,IND,,,,,False,6,2009,GE
1703940,Chandran. V,BSP,19704,353,0.312821239941866,10,6,54,KL,Chandran. V,BSP,,,,,False,6,2009,GE
1704006,M.B. Rajesh,CPI(M),19700,59855,46.87,1,6,55,KL,M.B. Rajesh,CPM,,,,,False,6,2009,GE
1704007,Satheesan Pacheni,INC,19698,53820,42.1413638392332,2,6,55,KL,Satheesan Pacheni,INC,,,,,False,6,2009,GE
1704008,C.K. Padmanabhan,BJP,19699,9498,7.43698762068074,3,6,55,KL,C.K. Padmanabhan,BJP,,,,,False,6,2009,GE
1704009,M.R. Murali,IND,19702,1183,0.926295678591842,4,6,55,KL,M.R. Murali,IND,,,,,False,6,2009,GE
1704010,Satheesan. E.V,IND,19702,904,0.707837103505516,5,6,55,KL,Satheesan. E.V,IND,,,,,False,6,2009,GE
1704011,Abdul Razak Moulavi,NCP,19730,723,0.566113081675318,6,6,55,KL,Abdul Razak Moulavi,NCP,,,,,False,6,2009,GE
1704012,A. Arokiasamy,IND,19702,490,0.383672766280644,7,6,55,KL,A. Arokiasamy,IND,,,,,False,6,2009,GE
1704013,N.V. Rajesh,IND,19702,490,0.383672766280644,7,6,55,KL,N.V. Rajesh,IND,,,,,False,6,2009,GE
1704014,Vijayan Ambalakkad,IND,19702,417,0.326513354161283,9,6,55,KL,Vijayan Ambalakkad,IND,,,,,False,6,2009,GE
1704015,Chandran. V,BSP,19704,333,0.260740879941744,10,6,55,KL,Chandran. V,BSP,,,,,False,6,2009,GE
1704071,Satheesan Pacheni,INC,19698,45324,44.9366461105272,1,6,56,KL,Satheesan Pacheni,INC,,,,,False,6,2009,GE
1704072,M.B. Rajesh,CPI(M),19700,35804,35.5,2,6,56,KL,M.B. Rajesh,CPM,,,,,False,6,2009,GE
1704073,C.K. Padmanabhan,BJP,19699,16160,16.0218912970196,3,6,56,KL,C.K. Padmanabhan,BJP,,,,,False,6,2009,GE
1704074,M.R. Murali,IND,19702,842,0.834803989609565,4,6,56,KL,M.R. Murali,IND,,,,,False,6,2009,GE
1704075,Abdul Razak Moulavi,NCP,19730,609,0.603795284646348,5,6,56,KL,Abdul Razak Moulavi,NCP,,,,,False,6,2009,GE
1704076,Satheesan. E.V,IND,19702,585,0.580000396581467,6,6,56,KL,Satheesan. E.V,IND,,,,,False,6,2009,GE
1704077,Vijayan Ambalakkad,IND,19702,544,0.539350796137296,7,6,56,KL,Vijayan Ambalakkad,IND,,,,,False,6,2009,GE
1704078,A. Arokiasamy,IND,19702,384,0.380718209038091,8,6,56,KL,A. Arokiasamy,IND,,,,,False,6,2009,GE
1704079,Chandran. V,BSP,19704,320,0.317265174198409,9,6,56,KL,Chandran. V,BSP,,,,,False,6,2009,GE
1704080,N.V. Rajesh,IND,19702,290,0.287521564117308,10,6,56,KL,N.V. Rajesh,IND,,,,,False,6,2009,GE
1704148,P.K Biju,CPI(M),19700,56158,51.39,1,6,57,KL,P.K Biju,CPM,,,,,False,6,2009,GE
1704149,N.K Sudheer,INC,19698,44735,40.9398737073304,2,6,57,KL,N.K Sudheer,INC,,,,,False,6,2009,GE
1704150,M. Bindu Teacher,BJP,19699,5711,5.22650315731673,3,6,57,KL,M. Bindu Teacher,BJP,,,,,False,6,2009,GE
1704151,K.K Sudhir,IND,19702,1019,0.932552393154571,4,6,57,KL,K.K Sudhir,IND,,,,,False,6,2009,GE
1704152,Dr. G Sudevan,BSP,19704,434,0.39718129404228,5,6,57,KL,Dr. G Sudevan,BSP,,,,,False,6,2009,GE
1704153,K. Gopalakrishnan,CPI(ML)(L),19746,427,0.390775144138372,6,6,57,KL,K. Gopalakrishnan,CPI(ML)(L),,,,,False,6,2009,GE
1704154,C.K Ramakrishnan,IND,19702,312,0.285531252859888,7,6,57,KL,C.K Ramakrishnan,IND,,,,,False,6,2009,GE
1704155,Biju K.K,IND,19702,270,0.247094353436441,8,6,57,KL,Biju K.K,IND,,,,,False,6,2009,GE
1704156,P.C Biju,IND,19702,204,0.186693511485311,9,6,57,KL,P.C Biju,IND,,,,,False,6,2009,GE
1704198,N.K Sudheer,INC,19698,69281,56.2898626085684,1,6,58,KL,N.K Sudheer,INC,,,,,False,6,2009,GE
1704199,P.K Biju,CPI(M),19700,43809,35.59,2,6,58,KL,P.K Biju,CPM,,,,,False,6,2009,GE
1704200,M. Bindu Teacher,BJP,19699,6219,5.05285223311856,3,6,58,KL,M. Bindu Teacher,BJP,,,,,False,6,2009,GE
1704201,K.K Sudhir,IND,19702,1421,1.15454301708658,4,6,58,KL,K.K Sudhir,IND,,,,,False,6,2009,GE
1704202,K. Gopalakrishnan,CPI(ML)(L),19746,706,0.57361532024147,5,6,58,KL,K. Gopalakrishnan,CPI(ML)(L),,,,,False,6,2009,GE
1704203,Dr. G Sudevan,BSP,19704,589,0.478554424394088,6,6,58,KL,Dr. G Sudevan,BSP,,,,,False,6,2009,GE
1704204,Biju K.K,IND,19702,437,0.35505650842142,7,6,58,KL,Biju K.K,IND,,,,,False,6,2009,GE
1704205,C.K Ramakrishnan,IND,19702,382,0.310369762510257,8,6,58,KL,C.K Ramakrishnan,IND,,,,,False,6,2009,GE
1704206,P.C Biju,IND,19702,235,0.190934277984059,9,6,58,KL,P.C Biju,IND,,,,,False,6,2009,GE
1704259,P.K Biju,CPI(M),19700,58825,46.75,1,6,59,KL,P.K Biju,CPM,,,,,False,6,2009,GE
1704260,N.K Sudheer,INC,19698,53719,42.6907091144612,2,6,59,KL,N.K Sudheer,INC,,,,,False,6,2009,GE
1704261,M. Bindu Teacher,BJP,19699,10010,7.954987960233,3,6,59,KL,M. Bindu Teacher,BJP,,,,,False,6,2009,GE
1704262,K.K Sudhir,IND,19702,1242,0.98702248217876,4,6,59,KL,K.K Sudhir,IND,,,,,False,6,2009,GE
1704263,Dr. G Sudevan,BSP,19704,597,0.474438342883027,5,6,59,KL,Dr. G Sudevan,BSP,,,,,False,6,2009,GE
1704264,K. Gopalakrishnan,CPI(ML)(L),19746,551,0.437881954654184,6,6,59,KL,K. Gopalakrishnan,CPI(ML)(L),,,,,False,6,2009,GE
1704265,C.K Ramakrishnan,IND,19702,331,0.263047054429283,7,6,59,KL,C.K Ramakrishnan,IND,,,,,False,6,2009,GE
1704266,Biju K.K,IND,19702,301,0.239205931671342,8,6,59,KL,Biju K.K,IND,,,,,False,6,2009,GE
1704267,P.C Biju,IND,19702,257,0.204238951626361,9,6,59,KL,P.C Biju,IND,,,,,False,6,2009,GE
1704321,P.K Biju,CPI(M),19700,61615,55.53,1,6,60,KL,P.K Biju,CPM,,,,,False,6,2009,GE
1704322,N.K Sudheer,INC,19698,41083,37.0280574307577,2,6,60,KL,N.K Sudheer,INC,,,,,False,6,2009,GE
1704323,M. Bindu Teacher,BJP,19699,5695,5.13289650386206,3,6,60,KL,M. Bindu Teacher,BJP,,,,,False,6,2009,GE
1704324,K.K Sudhir,IND,19702,974,0.87786500347,4,6,60,KL,K.K Sudhir,IND,,,,,False,6,2009,GE
1704325,Dr. G Sudevan,BSP,19704,470,0.423610422618993,5,6,60,KL,Dr. G Sudevan,BSP,,,,,False,6,2009,GE
1704326,K. Gopalakrishnan,CPI(ML)(L),19746,385,0.347000027038963,6,6,60,KL,K. Gopalakrishnan,CPI(ML)(L),,,,,False,6,2009,GE
1704327,Biju K.K,IND,19702,265,0.23884417445539,7,6,60,KL,Biju K.K,IND,,,,,False,6,2009,GE
1704328,C.K Ramakrishnan,IND,19702,249,0.224423394110913,8,6,60,KL,C.K Ramakrishnan,IND,,,,,False,6,2009,GE
1704329,P.C Biju,IND,19702,215,0.193779235878901,9,6,60,KL,P.C Biju,IND,,,,,False,6,2009,GE
1704373,P.K Biju,CPI(M),19700,53994,45.61,1,6,61,KL,P.K Biju,CPM,,,,,False,6,2009,GE
1704374,N.K Sudheer,INC,19698,51535,43.5291235894317,2,6,61,KL,N.K Sudheer,INC,,,,,False,6,2009,GE
1704375,M. Bindu Teacher,BJP,19699,9711,8.2024123251571,3,6,61,KL,M. Bindu Teacher,BJP,,,,,False,6,2009,GE
1704376,K.K Sudhir,IND,19702,1137,0.960368943847557,4,6,61,KL,K.K Sudhir,IND,,,,,False,6,2009,GE
1704377,K. Gopalakrishnan,CPI(ML)(L),19746,549,0.463713764443543,5,6,61,KL,K. Gopalakrishnan,CPI(ML)(L),,,,,False,6,2009,GE
1704378,Dr. G Sudevan,BSP,19704,495,0.418102574498276,6,6,61,KL,Dr. G Sudevan,BSP,,,,,False,6,2009,GE
1704379,Biju K.K,IND,19702,399,0.33701601459558,7,6,61,KL,Biju K.K,IND,,,,,False,6,2009,GE
1704380,P.C Biju,IND,19702,317,0.267754578012027,8,6,61,KL,P.C Biju,IND,,,,,False,6,2009,GE
1704381,C.K Ramakrishnan,IND,19702,255,0.215386174741536,9,6,61,KL,C.K Ramakrishnan,IND,,,,,False,6,2009,GE
1704430,P.K Biju,CPI(M),19700,55150,47.36,1,6,62,KL,P.K Biju,CPM,,,,,False,6,2009,GE
1704431,N.K Sudheer,INC,19698,50161,43.0766192054686,2,6,62,KL,N.K Sudheer,INC,,,,,False,6,2009,GE
1704432,M. Bindu Teacher,BJP,19699,8409,7.22137299692561,3,6,62,KL,M. Bindu Teacher,BJP,,,,,False,6,2009,GE
1704433,K.K Sudhir,IND,19702,906,0.778043041409752,4,6,62,KL,K.K Sudhir,IND,,,,,False,6,2009,GE
1704434,Dr. G Sudevan,BSP,19704,514,0.441406317091183,5,6,62,KL,Dr. G Sudevan,BSP,,,,,False,6,2009,GE
1704435,K. Gopalakrishnan,CPI(ML)(L),19746,425,0.364976040396406,6,6,62,KL,K. Gopalakrishnan,CPI(ML)(L),,,,,False,6,2009,GE
1704436,Biju K.K,IND,19702,369,0.316885079779468,7,6,62,KL,Biju K.K,IND,,,,,False,6,2009,GE
1704437,P.C Biju,IND,19702,298,0.255912611854421,8,6,62,KL,P.C Biju,IND,,,,,False,6,2009,GE
1704438,C.K Ramakrishnan,IND,19702,214,0.183776170929014,9,6,62,KL,C.K Ramakrishnan,IND,,,,,False,6,2009,GE
1704488,P C Chacko,INC,19698,52982,46.4216871692426,1,6,63,KL,P C Chacko,INC,,,,,False,6,2009,GE
1704489,C N Jayadevan,CPI,19713,50573,44.3109732590333,2,6,63,KL,C N Jayadevan,CPI,,,,,False,6,2009,GE
1704490,Rema Regunandan,BJP,19699,8657,7.58507692846879,3,6,63,KL,Rema Regunandan,BJP,,,,,False,6,2009,GE
1704491,Adv. N Hariharan Nair,IND,19702,549,0.481021974555777,4,6,63,KL,Adv. N Hariharan Nair,IND,,,,,False,6,2009,GE
1704492,P C Saju,IND,19702,412,0.36098552553184,5,6,63,KL,P C Saju,IND,,,,,False,6,2009,GE
1704493,Adv. Joshy Tharakan,BSP,19704,379,0.332071636350891,6,6,63,KL,Adv. Joshy Tharakan,BSP,,,,,False,6,2009,GE
1704494,E A Joseph,IND,19702,152,0.133179125924368,7,6,63,KL,E A Joseph,IND,,,,,False,6,2009,GE
1704495,K Arun Kumar,IND,19702,121,0.106017593663477,8,6,63,KL,K Arun Kumar,IND,,,,,False,6,2009,GE
1704496,Kunjan Pulayan,IND,19702,114,0.0998843444432762,9,6,63,KL,Kunjan Pulayan,IND,,,,,False,6,2009,GE
1704497,N K Ravi,IND,19702,99,0.0867416675428451,10,6,63,KL,N K Ravi,IND,,,,,False,6,2009,GE
1704498,Ajayan Kutikat,JD(U),19716,94,0.0823607752427014,11,6,63,KL,Ajayan Kutikat,JD(U),,,,,False,6,2009,GE
1704559,P C Chacko,INC,19698,58009,45.6774569478019,1,6,64,KL,P C Chacko,INC,,,,,False,6,2009,GE
1704560,C N Jayadevan,CPI,19713,57993,45.6648582249974,2,6,64,KL,C N Jayadevan,CPI,,,,,False,6,2009,GE
1704561,Rema Regunandan,BJP,19699,8654,6.81433419687079,3,6,64,KL,Rema Regunandan,BJP,,,,,False,6,2009,GE
1704562,Adv. Joshy Tharakan,BSP,19704,729,0.574029307778923,4,6,64,KL,Adv. Joshy Tharakan,BSP,,,,,False,6,2009,GE
1704563,Adv. N Hariharan Nair,IND,19702,517,0.40709623061962,5,6,64,KL,Adv. N Hariharan Nair,IND,,,,,False,6,2009,GE
1704564,P C Saju,IND,19702,362,0.285046103451262,6,6,64,KL,P C Saju,IND,,,,,False,6,2009,GE
1704565,E A Joseph,IND,19702,203,0.159846295581785,7,6,64,KL,E A Joseph,IND,,,,,False,6,2009,GE
1704566,K Arun Kumar,IND,19702,162,0.127562068395316,8,6,64,KL,K Arun Kumar,IND,,,,,False,6,2009,GE
1704567,Kunjan Pulayan,IND,19702,157,0.123624967518917,9,6,64,KL,Kunjan Pulayan,IND,,,,,False,6,2009,GE
1704568,N K Ravi,IND,19702,117,0.0921281605077285,10,6,64,KL,N K Ravi,IND,,,,,False,6,2009,GE
1704569,Ajayan Kutikat,JD(U),19716,94,0.0740174964762947,11,6,64,KL,Ajayan Kutikat,JD(U),,,,,False,6,2009,GE
1704624,P.K Biju,CPI(M),19700,56907,46.3,1,6,65,KL,P.K Biju,CPM,,,,,False,6,2009,GE
1704625,N.K Sudheer,INC,19698,55162,44.8778027270656,2,6,65,KL,N.K Sudheer,INC,,,,,False,6,2009,GE
1704626,M. Bindu Teacher,BJP,19699,8063,6.55976439194246,3,6,65,KL,M. Bindu Teacher,BJP,,,,,False,6,2009,GE
1704627,K.K Sudhir,IND,19702,889,0.723258160044257,4,6,65,KL,K.K Sudhir,IND,,,,,False,6,2009,GE
1704628,Dr. G Sudevan,BSP,19704,501,0.407595431026066,5,6,65,KL,Dr. G Sudevan,BSP,,,,,False,6,2009,GE
1704629,K. Gopalakrishnan,CPI(ML)(L),19746,468,0.380747827784828,6,6,65,KL,K. Gopalakrishnan,CPI(ML)(L),,,,,False,6,2009,GE
1704630,Biju K.K,IND,19702,401,0.326239057567769,7,6,65,KL,Biju K.K,IND,,,,,False,6,2009,GE
1704631,P.C Biju,IND,19702,331,0.269289596146962,8,6,65,KL,P.C Biju,IND,,,,,False,6,2009,GE
1704632,C.K Ramakrishnan,IND,19702,194,0.157831364509095,9,6,65,KL,C.K Ramakrishnan,IND,,,,,False,6,2009,GE
1704678,P C Chacko,INC,19698,59859,50.5450615146883,1,6,66,KL,P C Chacko,INC,,,,,False,6,2009,GE
1704679,C N Jayadevan,CPI,19713,50056,42.2673883489406,2,6,66,KL,C N Jayadevan,CPI,,,,,False,6,2009,GE
1704680,Rema Regunandan,BJP,19699,6216,5.24880306011298,3,6,66,KL,Rema Regunandan,BJP,,,,,False,6,2009,GE
1704681,Adv. N Hariharan Nair,IND,19702,523,0.441622265192903,4,6,66,KL,Adv. N Hariharan Nair,IND,,,,,False,6,2009,GE
1704682,Adv. Joshy Tharakan,BSP,19704,435,0.367314885963504,5,6,66,KL,Adv. Joshy Tharakan,BSP,,,,,False,6,2009,GE
1704683,P C Saju,IND,19702,407,0.343671628935968,6,6,66,KL,P C Saju,IND,,,,,False,6,2009,GE
1704684,E A Joseph,IND,19702,289,0.244032188605638,7,6,66,KL,E A Joseph,IND,,,,,False,6,2009,GE
1704685,K Arun Kumar,IND,19702,217,0.183235241963403,8,6,66,KL,K Arun Kumar,IND,,,,,False,6,2009,GE
1704686,Kunjan Pulayan,IND,19702,160,0.135104325871634,9,6,66,KL,Kunjan Pulayan,IND,,,,,False,6,2009,GE
1704687,Ajayan Kutikat,JD(U),19716,141,0.119060687174377,10,6,66,KL,Ajayan Kutikat,JD(U),,,,,False,6,2009,GE
1704688,N K Ravi,IND,19702,124,0.104705852550516,11,6,66,KL,N K Ravi,IND,,,,,False,6,2009,GE
1704745,P C Chacko,INC,19698,53695,53.2524719580287,1,6,67,KL,P C Chacko,INC,,,,,False,6,2009,GE
1704746,C N Jayadevan,CPI,19713,38879,38.558578215033,2,6,67,KL,C N Jayadevan,CPI,,,,,False,6,2009,GE
1704747,Rema Regunandan,BJP,19699,6436,6.38295762215985,3,6,67,KL,Rema Regunandan,BJP,,,,,False,6,2009,GE
1704748,Adv. Joshy Tharakan,BSP,19704,397,0.393728119328381,4,6,67,KL,Adv. Joshy Tharakan,BSP,,,,,False,6,2009,GE
1704749,Adv. N Hariharan Nair,IND,19702,335,0.332239093136039,5,6,67,KL,Adv. N Hariharan Nair,IND,,,,,False,6,2009,GE
1704750,E A Joseph,IND,19702,299,0.296535787605002,6,6,67,KL,E A Joseph,IND,,,,,False,6,2009,GE
1704751,P C Saju,IND,19702,280,0.27769237635251,7,6,67,KL,P C Saju,IND,,,,,False,6,2009,GE
1704752,Kunjan Pulayan,IND,19702,163,0.16165663337664,8,6,67,KL,Kunjan Pulayan,IND,,,,,False,6,2009,GE
1704753,K Arun Kumar,IND,19702,146,0.144796739098094,9,6,67,KL,K Arun Kumar,IND,,,,,False,6,2009,GE
1704754,Ajayan Kutikat,JD(U),19716,116,0.115043984488897,10,6,67,KL,Ajayan Kutikat,JD(U),,,,,False,6,2009,GE
1704755,N K Ravi,IND,19702,85,0.0842994713927264,11,6,67,KL,N K Ravi,IND,,,,,False,6,2009,GE
1704811,C N Jayadevan,CPI,19713,57278,47.6665224193602,1,6,68,KL,C N Jayadevan,CPI,,,,,False,6,2009,GE
1704812,P C Chacko,INC,19698,52159,43.4065111014946,2,6,68,KL,P C Chacko,INC,,,,,False,6,2009,GE
1704813,Rema Regunandan,BJP,19699,8590,7.14856362970606,3,6,68,KL,Rema Regunandan,BJP,,,,,False,6,2009,GE
1704814,Adv. N Hariharan Nair,IND,19702,554,0.461036583336107,4,6,68,KL,Adv. N Hariharan Nair,IND,,,,,False,6,2009,GE
1704815,P C Saju,IND,19702,468,0.389467727439166,5,6,68,KL,P C Saju,IND,,,,,False,6,2009,GE
1704816,Adv. Joshy Tharakan,BSP,19704,383,0.318731067541027,6,6,68,KL,Adv. Joshy Tharakan,BSP,,,,,False,6,2009,GE
1704817,K Arun Kumar,IND,19702,165,0.13731233980227,7,6,68,KL,K Arun Kumar,IND,,,,,False,6,2009,GE
1704818,E A Joseph,IND,19702,164,0.136480143803468,8,6,68,KL,E A Joseph,IND,,,,,False,6,2009,GE
1704819,Kunjan Pulayan,IND,19702,141,0.11733963583103,9,6,68,KL,Kunjan Pulayan,IND,,,,,False,6,2009,GE
1704820,Ajayan Kutikat,JD(U),19716,139,0.115675243833427,10,6,68,KL,Ajayan Kutikat,JD(U),,,,,False,6,2009,GE
1704821,N K Ravi,IND,19702,123,0.102360107852601,11,6,68,KL,N K Ravi,IND,,,,,False,6,2009,GE
1704884,Adv. U.P Joseph,CPI(M),19700,48881,47.11,1,6,69,KL,Adv. U.P Joseph,CPM,,,,,False,6,2009,GE
1704885,K.P. Dhanapalan,INC,19698,44544,42.9310793488632,2,6,69,KL,K.P. Dhanapalan,INC,,,,,False,6,2009,GE
1704886,Adv.K.V. Sabu,BJP,19699,8122,7.82790558709291,3,6,69,KL,Adv.K.V. Sabu,BJP,,,,,False,6,2009,GE
1704887,C.A. Haseena,IND,19702,749,0.721879005753828,4,6,69,KL,C.A. Haseena,IND,,,,,False,6,2009,GE
1704888,Muttam Abdulla,BSP,19704,352,0.339254218992453,5,6,69,KL,Muttam Abdulla,BSP,,,,,False,6,2009,GE
1704889,Jose Maveli,IND,19702,286,0.275644052931368,6,6,69,KL,Jose Maveli,IND,,,,,False,6,2009,GE
1704890,T.S Narayanan Master,IND,19702,237,0.228418323582987,7,6,69,KL,T.S Narayanan Master,IND,,,,,False,6,2009,GE
1704891,Hamsa Kalaparambath,LJP,19750,211,0.203359773316499,8,6,69,KL,Hamsa Kalaparambath,LJP,,,,,False,6,2009,GE
1704892,U.P Jose,IND,19702,176,0.169627109496226,9,6,69,KL,U.P Jose,IND,,,,,False,6,2009,GE
1704893,Dr. P.S. Babu,IND,19702,127,0.122401380147845,10,6,69,KL,Dr. P.S. Babu,IND,,,,,False,6,2009,GE
1704894,Johnny K Cheeku,IND,19702,72,0.0693929084302745,11,6,69,KL,Johnny K Cheeku,IND,,,,,False,6,2009,GE
1704959,P C Chacko,INC,19698,53984,47.8887232985593,1,6,70,KL,P C Chacko,INC,,,,,False,6,2009,GE
1704960,C N Jayadevan,CPI,19713,49139,43.5907671563409,2,6,70,KL,C N Jayadevan,CPI,,,,,False,6,2009,GE
1704961,Rema Regunandan,BJP,19699,7209,6.39503938684266,3,6,70,KL,Rema Regunandan,BJP,,,,,False,6,2009,GE
1704962,Adv. N Hariharan Nair,IND,19702,531,0.471045348094528,4,6,70,KL,Adv. N Hariharan Nair,IND,,,,,False,6,2009,GE
1704963,P C Saju,IND,19702,499,0.442658434461713,5,6,70,KL,P C Saju,IND,,,,,False,6,2009,GE
1704964,Kunjan Pulayan,IND,19702,435,0.385884607196082,6,6,70,KL,Kunjan Pulayan,IND,,,,,False,6,2009,GE
1704965,Adv. Joshy Tharakan,BSP,19704,427,0.378787878787878,7,6,70,KL,Adv. Joshy Tharakan,BSP,,,,,False,6,2009,GE
1704966,K Arun Kumar,IND,19702,161,0.142821659215101,8,6,70,KL,K Arun Kumar,IND,,,,,False,6,2009,GE
1704967,E A Joseph,IND,19702,125,0.110886381378184,9,6,70,KL,E A Joseph,IND,,,,,False,6,2009,GE
1704968,N K Ravi,IND,19702,116,0.102902561918955,10,6,70,KL,N K Ravi,IND,,,,,False,6,2009,GE
1704969,Ajayan Kutikat,JD(U),19716,102,0.0904832872045986,11,6,70,KL,Ajayan Kutikat,JD(U),,,,,False,6,2009,GE
1705024,C N Jayadevan,CPI,19713,55425,45.7324620030694,1,6,71,KL,C N Jayadevan,CPI,,,,,False,6,2009,GE
1705025,P C Chacko,INC,19698,54076,44.619370595904,2,6,71,KL,P C Chacko,INC,,,,,False,6,2009,GE
1705026,Rema Regunandan,BJP,19699,8880,7.32709540076241,3,6,71,KL,Rema Regunandan,BJP,,,,,False,6,2009,GE
1705027,Adv. N Hariharan Nair,IND,19702,678,0.559433635328481,4,6,71,KL,Adv. N Hariharan Nair,IND,,,,,False,6,2009,GE
1705028,P C Saju,IND,19702,665,0.548707031701239,5,6,71,KL,P C Saju,IND,,,,,False,6,2009,GE
1705029,Adv. Joshy Tharakan,BSP,19704,468,0.386157730580721,6,6,71,KL,Adv. Joshy Tharakan,BSP,,,,,False,6,2009,GE
1705030,Kunjan Pulayan,IND,19702,267,0.220307936036437,7,6,71,KL,Kunjan Pulayan,IND,,,,,False,6,2009,GE
1705031,K Arun Kumar,IND,19702,229,0.188953248510652,8,6,71,KL,K Arun Kumar,IND,,,,,False,6,2009,GE
1705032,E A Joseph,IND,19702,215,0.177401521527468,9,6,71,KL,E A Joseph,IND,,,,,False,6,2009,GE
1705033,N K Ravi,IND,19702,153,0.126243873459082,10,6,71,KL,N K Ravi,IND,,,,,False,6,2009,GE
1705034,Ajayan Kutikat,JD(U),19716,138,0.113867023119956,11,6,71,KL,Ajayan Kutikat,JD(U),,,,,False,6,2009,GE
1705092,K.P. Dhanapalan,INC,19698,58202,50.3948325425137,1,6,72,KL,K.P. Dhanapalan,INC,,,,,False,6,2009,GE
1705093,Adv. U.P Joseph,CPI(M),19700,47580,41.2,2,6,72,KL,Adv. U.P Joseph,CPM,,,,,False,6,2009,GE
1705094,Adv.K.V. Sabu,BJP,19699,6587,5.70342534547847,3,6,72,KL,Adv.K.V. Sabu,BJP,,,,,False,6,2009,GE
1705095,Jose Maveli,IND,19702,1150,0.995739964672877,4,6,72,KL,Jose Maveli,IND,,,,,False,6,2009,GE
1705096,C.A. Haseena,IND,19702,698,0.604370865514494,5,6,72,KL,C.A. Haseena,IND,,,,,False,6,2009,GE
1705097,Muttam Abdulla,BSP,19704,422,0.365393273993003,6,6,72,KL,Muttam Abdulla,BSP,,,,,False,6,2009,GE
1705098,U.P Jose,IND,19702,267,0.231184843971876,7,6,72,KL,U.P Jose,IND,,,,,False,6,2009,GE
1705099,T.S Narayanan Master,IND,19702,223,0.193086967062653,8,6,72,KL,T.S Narayanan Master,IND,,,,,False,6,2009,GE
1705100,Dr. P.S. Babu,IND,19702,128,0.110830187372285,9,6,72,KL,Dr. P.S. Babu,IND,,,,,False,6,2009,GE
1705101,Johnny K Cheeku,IND,19702,124,0.107366744016901,10,6,72,KL,Johnny K Cheeku,IND,,,,,False,6,2009,GE
1705102,Hamsa Kalaparambath,LJP,19750,111,0.0961105531119038,11,6,72,KL,Hamsa Kalaparambath,LJP,,,,,False,6,2009,GE
1705170,K.P. Dhanapalan,INC,19698,54324,48.744683523859,1,6,73,KL,K.P. Dhanapalan,INC,,,,,False,6,2009,GE
1705171,Adv. U.P Joseph,CPI(M),19700,46349,41.59,2,6,73,KL,Adv. U.P Joseph,CPM,,,,,False,6,2009,GE
1705172,Adv.K.V. Sabu,BJP,19699,7790,6.98993234391543,3,6,73,KL,Adv.K.V. Sabu,BJP,,,,,False,6,2009,GE
1705173,C.A. Haseena,IND,19702,820,0.735782351991098,4,6,73,KL,C.A. Haseena,IND,,,,,False,6,2009,GE
1705174,Jose Maveli,IND,19702,797,0.715144554313299,5,6,73,KL,Jose Maveli,IND,,,,,False,6,2009,GE
1705175,Muttam Abdulla,BSP,19704,423,0.379556018161261,6,6,73,KL,Muttam Abdulla,BSP,,,,,False,6,2009,GE
1705176,T.S Narayanan Master,IND,19702,272,0.244064389928754,7,6,73,KL,T.S Narayanan Master,IND,,,,,False,6,2009,GE
1705177,U.P Jose,IND,19702,247,0.221632001148538,8,6,73,KL,U.P Jose,IND,,,,,False,6,2009,GE
1705178,Dr. P.S. Babu,IND,19702,192,0.172280745832062,9,6,73,KL,Dr. P.S. Babu,IND,,,,,False,6,2009,GE
1705179,Hamsa Kalaparambath,LJP,19750,125,0.112161943901082,10,6,73,KL,Hamsa Kalaparambath,LJP,,,,,False,6,2009,GE
1705180,Johnny K Cheeku,IND,19702,107,0.0960106239793263,11,6,73,KL,Johnny K Cheeku,IND,,,,,False,6,2009,GE
1705249,K.P. Dhanapalan,INC,19698,58565,51.5891192896531,1,6,74,KL,K.P. Dhanapalan,INC,,,,,False,6,2009,GE
1705250,Adv. U.P Joseph,CPI(M),19700,46236,40.73,2,6,74,KL,Adv. U.P Joseph,CPM,,,,,False,6,2009,GE
1705251,Adv.K.V. Sabu,BJP,19699,5935,5.22806152111484,3,6,74,KL,Adv.K.V. Sabu,BJP,,,,,False,6,2009,GE
1705252,Jose Maveli,IND,19702,1072,0.944310353940205,4,6,74,KL,Jose Maveli,IND,,,,,False,6,2009,GE
1705253,C.A. Haseena,IND,19702,561,0.494177340075051,5,6,74,KL,C.A. Haseena,IND,,,,,False,6,2009,GE
1705254,Muttam Abdulla,BSP,19704,412,0.362925247969556,6,6,74,KL,Muttam Abdulla,BSP,,,,,False,6,2009,GE
1705255,U.P Jose,IND,19702,237,0.208770106234914,7,6,74,KL,U.P Jose,IND,,,,,False,6,2009,GE
1705256,T.S Narayanan Master,IND,19702,212,0.186747943129965,8,6,74,KL,T.S Narayanan Master,IND,,,,,False,6,2009,GE
1705257,Dr. P.S. Babu,IND,19702,120,0.105706382903754,9,6,74,KL,Dr. P.S. Babu,IND,,,,,False,6,2009,GE
1705258,Johnny K Cheeku,IND,19702,91,0.0801606737020137,10,6,74,KL,Johnny K Cheeku,IND,,,,,False,6,2009,GE
1705259,Hamsa Kalaparambath,LJP,19750,81,0.0713518084600341,11,6,74,KL,Hamsa Kalaparambath,LJP,,,,,False,6,2009,GE
1705326,K.P. Dhanapalan,INC,19698,62025,54.7488745696884,1,6,75,KL,K.P. Dhanapalan,INC,,,,,False,6,2009,GE
1705327,Adv. U.P Joseph,CPI(M),19700,43164,38.1,2,6,75,KL,Adv. U.P Joseph,CPM,,,,,False,6,2009,GE
1705328,Adv.K.V. Sabu,BJP,19699,4284,3.78144584694147,3,6,75,KL,Adv.K.V. Sabu,BJP,,,,,False,6,2009,GE
1705329,Jose Maveli,IND,19702,1902,1.67887721775973,4,6,75,KL,Jose Maveli,IND,,,,,False,6,2009,GE
1705330,C.A. Haseena,IND,19702,581,0.512843145908729,5,6,75,KL,C.A. Haseena,IND,,,,,False,6,2009,GE
1705331,Muttam Abdulla,BSP,19704,489,0.431635625386177,6,6,75,KL,Muttam Abdulla,BSP,,,,,False,6,2009,GE
1705332,T.S Narayanan Master,IND,19702,297,0.262159060817371,7,6,75,KL,T.S Narayanan Master,IND,,,,,False,6,2009,GE
1705333,U.P Jose,IND,19702,206,0.181834230735281,8,6,75,KL,U.P Jose,IND,,,,,False,6,2009,GE
1705334,Dr. P.S. Babu,IND,19702,160,0.141230470474004,9,6,75,KL,Dr. P.S. Babu,IND,,,,,False,6,2009,GE
1705335,Hamsa Kalaparambath,LJP,19750,116,0.102392091093653,10,6,75,KL,Hamsa Kalaparambath,LJP,,,,,False,6,2009,GE
1705336,Johnny K Cheeku,IND,19702,66,0.0582575690705269,11,6,75,KL,Johnny K Cheeku,IND,,,,,False,6,2009,GE
1705406,K.P. Dhanapalan,INC,19698,59360,51.3206242164872,1,6,76,KL,K.P. Dhanapalan,INC,,,,,False,6,2009,GE
1705407,Adv. U.P Joseph,CPI(M),19700,45675,39.49,2,6,76,KL,Adv. U.P Joseph,CPM,,,,,False,6,2009,GE
1705408,Adv.K.V. Sabu,BJP,19699,7245,6.26377901698871,3,6,76,KL,Adv.K.V. Sabu,BJP,,,,,False,6,2009,GE
1705409,Jose Maveli,IND,19702,1467,1.26831798729088,4,6,76,KL,Jose Maveli,IND,,,,,False,6,2009,GE
1705410,T.S Narayanan Master,IND,19702,488,0.421908096658453,5,6,76,KL,T.S Narayanan Master,IND,,,,,False,6,2009,GE
1705411,C.A. Haseena,IND,19702,466,0.402887649677949,6,6,76,KL,C.A. Haseena,IND,,,,,False,6,2009,GE
1705412,Muttam Abdulla,BSP,19704,447,0.386460900012968,7,6,76,KL,Muttam Abdulla,BSP,,,,,False,6,2009,GE
1705413,U.P Jose,IND,19702,191,0.165132062421648,8,6,76,KL,U.P Jose,IND,,,,,False,6,2009,GE
1705414,Dr. P.S. Babu,IND,19702,146,0.126226602688799,9,6,76,KL,Dr. P.S. Babu,IND,,,,,False,6,2009,GE
1705415,Hamsa Kalaparambath,LJP,19750,95,0.0821337483249038,10,6,76,KL,Hamsa Kalaparambath,LJP,,,,,False,6,2009,GE
1705416,Johnny K Cheeku,IND,19702,85,0.0734880906064928,11,6,76,KL,Johnny K Cheeku,IND,,,,,False,6,2009,GE
1705491,Sindhu Joy,CPI(M),19700,51824,46.28,1,6,77,KL,Sindhu Joy,CPM,,,,,False,6,2009,GE
1705492,Prof. K V Thomas,INC,19698,47425,42.3524473775864,2,6,77,KL,Prof. K V Thomas,INC,,,,,False,6,2009,GE
1705493,A.N. Radhakrishnan,BJP,19699,9746,8.70357305518097,3,6,77,KL,A.N. Radhakrishnan,BJP,,,,,False,6,2009,GE
1705494,Sherif Mohammed,BSP,19704,720,0.642989185279119,4,6,77,KL,Sherif Mohammed,BSP,,,,,False,6,2009,GE
1705495,Saju Thomas,LJP,19750,643,0.574225064075658,5,6,77,KL,Saju Thomas,LJP,,,,,False,6,2009,GE
1705496,Sindhu Jayan,IND,19702,525,0.468846280932691,6,6,77,KL,Sindhu Jayan,IND,,,,,False,6,2009,GE
1705497,Mary Francis Moolampilly,IND,19702,404,0.360788376184395,7,6,77,KL,Mary Francis Moolampilly,IND,,,,,False,6,2009,GE
1705498,Sindhu K.S,IND,19702,361,0.322387633174669,8,6,77,KL,Sindhu K.S,IND,,,,,False,6,2009,GE
1705499,Viswambaran,IND,19702,200,0.178608107021977,9,6,77,KL,Viswambaran,IND,,,,,False,6,2009,GE
1705500,Saji Thuruthikunnel,IND,19702,129,0.115202229029175,10,6,77,KL,Saji Thuruthikunnel,IND,,,,,False,6,2009,GE
1705571,Sindhu Joy,CPI(M),19700,58626,47.73,1,6,78,KL,Sindhu Joy,CPM,,,,,False,6,2009,GE
1705572,Prof. K V Thomas,INC,19698,52794,42.9803065951332,2,6,78,KL,Prof. K V Thomas,INC,,,,,False,6,2009,GE
1705573,A.N. Radhakrishnan,BJP,19699,8283,6.74330188141623,3,6,78,KL,A.N. Radhakrishnan,BJP,,,,,False,6,2009,GE
1705574,Sherif Mohammed,BSP,19704,772,0.628495599716688,4,6,78,KL,Sherif Mohammed,BSP,,,,,False,6,2009,GE
1705575,Sindhu Jayan,IND,19702,571,0.464858792018431,5,6,78,KL,Sindhu Jayan,IND,,,,,False,6,2009,GE
1705576,Saju Thomas,LJP,19750,540,0.439621274413227,6,6,78,KL,Saju Thomas,LJP,,,,,False,6,2009,GE
1705577,Sindhu K.S,IND,19702,501,0.407870849038939,7,6,78,KL,Sindhu K.S,IND,,,,,False,6,2009,GE
1705578,Mary Francis Moolampilly,IND,19702,353,0.287382055310869,8,6,78,KL,Mary Francis Moolampilly,IND,,,,,False,6,2009,GE
1705579,Viswambaran,IND,19702,226,0.183989644476647,9,6,78,KL,Viswambaran,IND,,,,,False,6,2009,GE
1705580,Saji Thuruthikunnel,IND,19702,167,0.135956949679646,10,6,78,KL,Saji Thuruthikunnel,IND,,,,,False,6,2009,GE
1705646,Prof. K V Thomas,INC,19698,48648,46.375595805529,1,6,79,KL,Prof. K V Thomas,INC,,,,,False,6,2009,GE
1705647,Sindhu Joy,CPI(M),19700,48414,46.15,2,6,79,KL,Sindhu Joy,CPM,,,,,False,6,2009,GE
1705648,A.N. Radhakrishnan,BJP,19699,4876,4.64823641563393,3,6,79,KL,A.N. Radhakrishnan,BJP,,,,,False,6,2009,GE
1705649,Sherif Mohammed,BSP,19704,722,0.688274547187797,4,6,79,KL,Sherif Mohammed,BSP,,,,,False,6,2009,GE
1705650,Sindhu K.S,IND,19702,619,0.590085795996186,5,6,79,KL,Sindhu K.S,IND,,,,,False,6,2009,GE
1705651,Sindhu Jayan,IND,19702,457,0.435653002859866,6,6,79,KL,Sindhu Jayan,IND,,,,,False,6,2009,GE
1705652,Mary Francis Moolampilly,IND,19702,446,0.425166825548141,7,6,79,KL,Mary Francis Moolampilly,IND,,,,,False,6,2009,GE
1705653,Saju Thomas,LJP,19750,432,0.411820781696854,8,6,79,KL,Saju Thomas,LJP,,,,,False,6,2009,GE
1705654,Viswambaran,IND,19702,173,0.164918970448045,9,6,79,KL,Viswambaran,IND,,,,,False,6,2009,GE
1705655,Saji Thuruthikunnel,IND,19702,113,0.107721639656816,10,6,79,KL,Saji Thuruthikunnel,IND,,,,,False,6,2009,GE
1705721,Prof. K V Thomas,INC,19698,50476,49.5732707398277,1,6,80,KL,Prof. K V Thomas,INC,,,,,False,6,2009,GE
1705722,Sindhu Joy,CPI(M),19700,43450,42.67,2,6,80,KL,Sindhu Joy,CPM,,,,,False,6,2009,GE
1705723,A.N. Radhakrishnan,BJP,19699,5970,5.86323057129668,3,6,80,KL,A.N. Radhakrishnan,BJP,,,,,False,6,2009,GE
1705724,Sindhu Jayan,IND,19702,364,0.357490105184588,4,6,80,KL,Sindhu Jayan,IND,,,,,False,6,2009,GE
1705725,Sherif Mohammed,BSP,19704,346,0.339812023060076,5,6,80,KL,Sherif Mohammed,BSP,,,,,False,6,2009,GE
1705726,Mary Francis Moolampilly,IND,19702,327,0.321151825261979,6,6,80,KL,Mary Francis Moolampilly,IND,,,,,False,6,2009,GE
1705727,Sindhu K.S,IND,19702,323,0.317223362567643,7,6,80,KL,Sindhu K.S,IND,,,,,False,6,2009,GE
1705728,Saju Thomas,LJP,19750,279,0.274010272929945,8,6,80,KL,Saju Thomas,LJP,,,,,False,6,2009,GE
1705729,Viswambaran,IND,19702,179,0.175798705571542,9,6,80,KL,Viswambaran,IND,,,,,False,6,2009,GE
1705730,Saji Thuruthikunnel,IND,19702,107,0.105086377073491,10,6,80,KL,Saji Thuruthikunnel,IND,,,,,False,6,2009,GE
1705800,Sindhu Joy,CPI(M),19700,55940,47.85,1,6,81,KL,Sindhu Joy,CPM,,,,,False,6,2009,GE
1705801,Prof. K V Thomas,INC,19698,49887,42.6723806102286,2,6,81,KL,Prof. K V Thomas,INC,,,,,False,6,2009,GE
1705802,A.N. Radhakrishnan,BJP,19699,8366,7.15611554483478,3,6,81,KL,A.N. Radhakrishnan,BJP,,,,,False,6,2009,GE
1705803,Sherif Mohammed,BSP,19704,736,0.629560248744728,4,6,81,KL,Sherif Mohammed,BSP,,,,,False,6,2009,GE
1705804,Sindhu Jayan,IND,19702,491,0.419991959420736,5,6,81,KL,Sindhu Jayan,IND,,,,,False,6,2009,GE
1705805,Saju Thomas,LJP,19750,396,0.338730786009392,6,6,81,KL,Saju Thomas,LJP,,,,,False,6,2009,GE
1705806,Mary Francis Moolampilly,IND,19702,379,0.324189312872625,7,6,81,KL,Mary Francis Moolampilly,IND,,,,,False,6,2009,GE
1705807,Sindhu K.S,IND,19702,373,0.319057028236119,8,6,81,KL,Sindhu K.S,IND,,,,,False,6,2009,GE
1705808,Viswambaran,IND,19702,219,0.187328389232466,9,6,81,KL,Viswambaran,IND,,,,,False,6,2009,GE
1705809,Saji Thuruthikunnel,IND,19702,120,0.102645692730118,10,6,81,KL,Saji Thuruthikunnel,IND,,,,,False,6,2009,GE
1705883,Prof. K V Thomas,INC,19698,41911,50.4799759108702,1,6,82,KL,Prof. K V Thomas,INC,,,,,False,6,2009,GE
1705884,Sindhu Joy,CPI(M),19700,31181,37.56,2,6,82,KL,Sindhu Joy,CPM,,,,,False,6,2009,GE
1705885,A.N. Radhakrishnan,BJP,19699,7862,9.46943691659138,3,6,82,KL,A.N. Radhakrishnan,BJP,,,,,False,6,2009,GE
1705886,Mary Francis Moolampilly,IND,19702,685,0.825052694971394,4,6,82,KL,Mary Francis Moolampilly,IND,,,,,False,6,2009,GE
1705887,Sherif Mohammed,BSP,19704,362,0.436013249021379,5,6,82,KL,Sherif Mohammed,BSP,,,,,False,6,2009,GE
1705888,Saju Thomas,LJP,19750,279,0.336043360433604,6,6,82,KL,Saju Thomas,LJP,,,,,False,6,2009,GE
1705889,Sindhu K.S,IND,19702,274,0.330021077988557,7,6,82,KL,Sindhu K.S,IND,,,,,False,6,2009,GE
1705890,Sindhu Jayan,IND,19702,250,0.301114122252333,8,6,82,KL,Sindhu Jayan,IND,,,,,False,6,2009,GE
1705891,Viswambaran,IND,19702,128,0.154170430593194,9,6,82,KL,Viswambaran,IND,,,,,False,6,2009,GE
1705892,Saji Thuruthikunnel,IND,19702,93,0.112014453477868,10,6,82,KL,Saji Thuruthikunnel,IND,,,,,False,6,2009,GE
1705960,Prof. K V Thomas,INC,19698,51398,50.2463535760372,1,6,83,KL,Prof. K V Thomas,INC,,,,,False,6,2009,GE
1705961,Sindhu Joy,CPI(M),19700,40876,39.96,2,6,83,KL,Sindhu Joy,CPM,,,,,False,6,2009,GE
1705962,A.N. Radhakrishnan,BJP,19699,7812,7.63696085715402,3,6,83,KL,A.N. Radhakrishnan,BJP,,,,,False,6,2009,GE
1705963,Mary Francis Moolampilly,IND,19702,536,0.523990145856958,4,6,83,KL,Mary Francis Moolampilly,IND,,,,,False,6,2009,GE
1705964,Sherif Mohammed,BSP,19704,421,0.411566886951081,5,6,83,KL,Sherif Mohammed,BSP,,,,,False,6,2009,GE
1705965,Sindhu Jayan,IND,19702,346,0.338247370273335,6,6,83,KL,Sindhu Jayan,IND,,,,,False,6,2009,GE
1705966,Saju Thomas,LJP,19750,333,0.325538654049192,7,6,83,KL,Saju Thomas,LJP,,,,,False,6,2009,GE
1705967,Sindhu K.S,IND,19702,280,0.273726195596918,8,6,83,KL,Sindhu K.S,IND,,,,,False,6,2009,GE
1705968,Viswambaran,IND,19702,188,0.183787588472216,9,6,83,KL,Viswambaran,IND,,,,,False,6,2009,GE
1705969,Saji Thuruthikunnel,IND,19702,102,0.0997145426817346,10,6,83,KL,Saji Thuruthikunnel,IND,,,,,False,6,2009,GE
1706041,K.P. Dhanapalan,INC,19698,61375,52.0510885144131,1,6,84,KL,K.P. Dhanapalan,INC,,,,,False,6,2009,GE
1706042,Adv. U.P Joseph,CPI(M),19700,48481,41.12,2,6,84,KL,Adv. U.P Joseph,CPM,,,,,False,6,2009,GE
1706043,Adv.K.V. Sabu,BJP,19699,5359,4.54487630710778,3,6,84,KL,Adv.K.V. Sabu,BJP,,,,,False,6,2009,GE
1706044,Jose Maveli,IND,19702,867,0.735287881743319,4,6,84,KL,Jose Maveli,IND,,,,,False,6,2009,GE
1706045,C.A. Haseena,IND,19702,564,0.47831876044202,5,6,84,KL,C.A. Haseena,IND,,,,,False,6,2009,GE
1706046,Muttam Abdulla,BSP,19704,458,0.388421972131995,6,6,84,KL,Muttam Abdulla,BSP,,,,,False,6,2009,GE
1706047,T.S Narayanan Master,IND,19702,359,0.304461764182066,7,6,84,KL,T.S Narayanan Master,IND,,,,,False,6,2009,GE
1706048,U.P Jose,IND,19702,198,0.167920415899858,8,6,84,KL,U.P Jose,IND,,,,,False,6,2009,GE
1706049,Dr. P.S. Babu,IND,19702,105,0.08904870540144,9,6,84,KL,Dr. P.S. Babu,IND,,,,,False,6,2009,GE
1706050,Hamsa Kalaparambath,LJP,19750,89,0.0754793788640777,10,6,84,KL,Hamsa Kalaparambath,LJP,,,,,False,6,2009,GE
1706051,Johnny K Cheeku,IND,19702,58,0.0491888086979383,11,6,84,KL,Johnny K Cheeku,IND,,,,,False,6,2009,GE
1706112,Jose K.Mani (Karingozheckal),KEC(M),19722,60686,49.3113507276524,1,6,85,KL,Jose K.Mani (Karingozheckal),KEC(M),,,,,False,6,2009,GE
1706113,Adv. Suresh Kurup,CPI(M),19700,53318,43.32,2,6,85,KL,Adv. Suresh Kurup,CPM,,,,,True,6,2009,GE
1706114,Adv. Narayanan Namboothiri,BJP,19699,4555,3.70123591214541,3,6,85,KL,Adv. Narayanan Namboothiri,BJP,,,,,False,6,2009,GE
1706115,Adv. Suresh Kurup,IND,19702,920,0.747560272046933,4,6,85,KL,Adv. Suresh Kurup,IND,,,,,True,6,2009,GE
1706116,Spencer Marks,BSP,19704,612,0.497290094013829,5,6,85,KL,Spencer Marks,BSP,,,,,False,6,2009,GE
1706117,Jose K. Mani (Kunnathettu),IND,19702,506,0.411158149625813,6,6,85,KL,Jose K. Mani (Kunnathettu),IND,,,,,False,6,2009,GE
1706118,Mini K Philip,IND,19702,401,0.325838770750891,7,6,85,KL,Mini K Philip,IND,,,,,False,6,2009,GE
1706119,Sureshkumar T.R,IND,19702,399,0.324213639724702,8,6,85,KL,Sureshkumar T.R,IND,,,,,False,6,2009,GE
1706120,Sasikuttan Vakathanam,IND,19702,387,0.314462853567568,9,6,85,KL,Sasikuttan Vakathanam,IND,,,,,False,6,2009,GE
1706121,Juno John Baby,IND,19702,218,0.177139281854599,10,6,85,KL,Juno John Baby,IND,,,,,False,6,2009,GE
1706122,Sureshkumar K,IND,19702,211,0.171451323262938,11,6,85,KL,Sureshkumar K,IND,,,,,False,6,2009,GE
1706123,M.S Raveendran,IND,19702,195,0.158450275053426,12,6,85,KL,M.S Raveendran,IND,,,,,False,6,2009,GE
1706124,Suresh Kurumban,IND,19702,159,0.129197916582024,13,6,85,KL,Suresh Kurumban,IND,,,,,False,6,2009,GE
1706125,Adv. Jaimon Thankachan,SWJP,19755,104,0.0845068133618272,14,6,85,KL,Adv. Jaimon Thankachan,SWJP,,,,,False,6,2009,GE
1706126,Jose,IND,19702,89,0.0723183306654098,15,6,85,KL,Jose,IND,,,,,False,6,2009,GE
1706127,K. Rajappan,IND,19702,87,0.0706931996392209,16,6,85,KL,K. Rajappan,IND,,,,,False,6,2009,GE
1706128,Jose Mathew,IND,19702,83,0.0674429375868429,17,6,85,KL,Jose Mathew,IND,,,,,False,6,2009,GE
1706129,Anto P John,IND,19702,51,0.0414408411678191,18,6,85,KL,Anto P John,IND,,,,,False,6,2009,GE
1706130,Babu,IND,19702,45,0.0365654480892521,19,6,85,KL,Babu,IND,,,,,False,6,2009,GE
1706131,K.T Mathew,IND,19702,41,0.0333151860368742,20,6,85,KL,K.T Mathew,IND,,,,,False,6,2009,GE
1706193,Adv. P.T Thomas,INC,19698,56906,50.7554540751708,1,6,86,KL,Adv. P.T Thomas,INC,,,,,False,6,2009,GE
1706194,Adv. K. Francis George,KEC,19718,50429,44.9785047895966,2,6,86,KL,Adv. K. Francis George,KEC,,,,,True,6,2009,GE
1706195,Sreenagari Rajan,BJP,19699,3408,3.03965464956563,3,6,86,KL,Sreenagari Rajan,BJP,,,,,False,6,2009,GE
1706196,M A Soosai,IND,19702,370,0.330009454324907,4,6,86,KL,M A Soosai,IND,,,,,False,6,2009,GE
1706197,Adv. Biju M John,BSP,19704,321,0.28630549956296,5,6,86,KL,Adv. Biju M John,BSP,,,,,False,6,2009,GE
1706198,Jose Kuttiyany,IND,19702,203,0.181059241156638,6,6,86,KL,Jose Kuttiyany,IND,,,,,False,6,2009,GE
1706199,Baby,IND,19702,167,0.148950213168269,7,6,86,KL,Baby,IND,,,,,False,6,2009,GE
1706200,Vasudevan,VCK,19759,158,0.140922956171176,8,6,86,KL,Vasudevan,VCK,,,,,False,6,2009,GE
1706201,Kanchiyar Peethambaran,IND,19702,79,0.0704614780855883,9,6,86,KL,Kanchiyar Peethambaran,IND,,,,,False,6,2009,GE
1706202,Adv. Chittoor Rajamannar,IND,19702,77,0.0686776431973456,10,6,86,KL,Adv. Chittoor Rajamannar,IND,,,,,False,6,2009,GE
1706255,Adv. P.T Thomas,INC,19698,54443,52.44636681534,1,6,87,KL,Adv. P.T Thomas,INC,,,,,False,6,2009,GE
1706256,Adv. K. Francis George,KEC,19718,43343,41.7534462993825,2,6,87,KL,Adv. K. Francis George,KEC,,,,,True,6,2009,GE
1706257,Sreenagari Rajan,BJP,19699,4314,4.15578910863429,3,6,87,KL,Sreenagari Rajan,BJP,,,,,False,6,2009,GE
1706258,Adv. Biju M John,BSP,19704,481,0.463359889024824,4,6,87,KL,Adv. Biju M John,BSP,,,,,False,6,2009,GE
1706259,M A Soosai,IND,19702,427,0.41134027570395,5,6,87,KL,M A Soosai,IND,,,,,False,6,2009,GE
1706260,Baby,IND,19702,225,0.216748388836976,6,6,87,KL,Baby,IND,,,,,False,6,2009,GE
1706261,Jose Kuttiyany,IND,19702,224,0.215785062664367,7,6,87,KL,Jose Kuttiyany,IND,,,,,False,6,2009,GE
1706262,Vasudevan,VCK,19759,160,0.154132187617405,8,6,87,KL,Vasudevan,VCK,,,,,False,6,2009,GE
1706263,Kanchiyar Peethambaran,IND,19702,114,0.109819183677401,9,6,87,KL,Kanchiyar Peethambaran,IND,,,,,False,6,2009,GE
1706264,Adv. Chittoor Rajamannar,IND,19702,76,0.0732127891182675,10,6,87,KL,Adv. Chittoor Rajamannar,IND,,,,,False,6,2009,GE
1706327,Adv. P.T Thomas,INC,19698,51779,50.6956342951134,1,6,88,KL,Adv. P.T Thomas,INC,,,,,False,6,2009,GE
1706328,Adv. K. Francis George,KEC,19718,42859,41.9622663677217,2,6,88,KL,Adv. K. Francis George,KEC,,,,,True,6,2009,GE
1706329,Sreenagari Rajan,BJP,19699,3117,3.05178338897754,3,6,88,KL,Sreenagari Rajan,BJP,,,,,False,6,2009,GE
1706330,Vasudevan,VCK,19759,1836,1.79758559581738,4,6,88,KL,Vasudevan,VCK,,,,,False,6,2009,GE
1706331,Adv. Biju M John,BSP,19704,962,0.941872191272506,5,6,88,KL,Adv. Biju M John,BSP,,,,,False,6,2009,GE
1706332,M A Soosai,IND,19702,807,0.790115237377248,6,6,88,KL,M A Soosai,IND,,,,,False,6,2009,GE
1706333,Baby,IND,19702,299,0.292744059449562,7,6,88,KL,Baby,IND,,,,,False,6,2009,GE
1706334,Adv. Chittoor Rajamannar,IND,19702,185,0.181129267552405,8,6,88,KL,Adv. Chittoor Rajamannar,IND,,,,,False,6,2009,GE
1706335,Jose Kuttiyany,IND,19702,150,0.146861568285733,9,6,88,KL,Jose Kuttiyany,IND,,,,,False,6,2009,GE
1706336,Kanchiyar Peethambaran,IND,19702,143,0.140008028432399,10,6,88,KL,Kanchiyar Peethambaran,IND,,,,,False,6,2009,GE
1706395,Adv. P.T Thomas,INC,19698,53884,50.8445148993187,1,6,89,KL,Adv. P.T Thomas,INC,,,,,False,6,2009,GE
1706396,Adv. K. Francis George,KEC,19718,45393,42.832474664553,2,6,89,KL,Adv. K. Francis George,KEC,,,,,True,6,2009,GE
1706397,Sreenagari Rajan,BJP,19699,4555,4.29806186189586,3,6,89,KL,Sreenagari Rajan,BJP,,,,,False,6,2009,GE
1706398,Adv. Biju M John,BSP,19704,1170,1.10400271754515,4,6,89,KL,Adv. Biju M John,BSP,,,,,False,6,2009,GE
1706399,M A Soosai,IND,19702,272,0.25665704202759,5,6,89,KL,M A Soosai,IND,,,,,False,6,2009,GE
1706400,Vasudevan,VCK,19759,230,0.217026175243918,6,6,89,KL,Vasudevan,VCK,,,,,False,6,2009,GE
1706401,Baby,IND,19702,197,0.185887637056747,7,6,89,KL,Baby,IND,,,,,False,6,2009,GE
1706402,Kanchiyar Peethambaran,IND,19702,110,0.103795127290569,8,6,89,KL,Kanchiyar Peethambaran,IND,,,,,False,6,2009,GE
1706403,Jose Kuttiyany,IND,19702,102,0.0962463907603464,9,6,89,KL,Jose Kuttiyany,IND,,,,,False,6,2009,GE
1706404,Adv. Chittoor Rajamannar,IND,19702,65,0.0613334843080639,10,6,89,KL,Adv. Chittoor Rajamannar,IND,,,,,False,6,2009,GE
1706458,Adv. P.T Thomas,INC,19698,65915,50.7546007546007,1,6,90,KL,Adv. P.T Thomas,INC,,,,,False,6,2009,GE
1706459,Adv. K. Francis George,KEC,19718,58300,44.8910448910448,2,6,90,KL,Adv. K. Francis George,KEC,,,,,True,6,2009,GE
1706460,Sreenagari Rajan,BJP,19699,3908,3.009163009163,3,6,90,KL,Sreenagari Rajan,BJP,,,,,False,6,2009,GE
1706461,Adv. Biju M John,BSP,19704,583,0.448910448910448,4,6,90,KL,Adv. Biju M John,BSP,,,,,False,6,2009,GE
1706462,M A Soosai,IND,19702,342,0.263340263340263,5,6,90,KL,M A Soosai,IND,,,,,False,6,2009,GE
1706463,Jose Kuttiyany,IND,19702,234,0.18018018018018,6,6,90,KL,Jose Kuttiyany,IND,,,,,False,6,2009,GE
1706464,Vasudevan,VCK,19759,201,0.154770154770154,7,6,90,KL,Vasudevan,VCK,,,,,False,6,2009,GE
1706465,Baby,IND,19702,183,0.14091014091014,8,6,90,KL,Baby,IND,,,,,False,6,2009,GE
1706466,Kanchiyar Peethambaran,IND,19702,105,0.0808500808500808,9,6,90,KL,Kanchiyar Peethambaran,IND,,,,,False,6,2009,GE
1706467,Adv. Chittoor Rajamannar,IND,19702,99,0.0762300762300762,10,6,90,KL,Adv. Chittoor Rajamannar,IND,,,,,False,6,2009,GE
1706531,Adv. P.T Thomas,INC,19698,65107,54.0468521716031,1,6,91,KL,Adv. P.T Thomas,INC,,,,,False,6,2009,GE
1706532,Adv. K. Francis George,KEC,19718,48569,40.3182693584805,2,6,91,KL,Adv. K. Francis George,KEC,,,,,True,6,2009,GE
1706533,Sreenagari Rajan,BJP,19699,4635,3.8476225262319,3,6,91,KL,Sreenagari Rajan,BJP,,,,,False,6,2009,GE
1706534,Adv. Biju M John,BSP,19704,1171,0.972074644707132,4,6,91,KL,Adv. Biju M John,BSP,,,,,False,6,2009,GE
1706535,M A Soosai,IND,19702,314,0.26065878602736,5,6,91,KL,M A Soosai,IND,,,,,False,6,2009,GE
1706536,Vasudevan,VCK,19759,182,0.151082481073183,6,6,91,KL,Vasudevan,VCK,,,,,False,6,2009,GE
1706537,Baby,IND,19702,171,0.141951122327002,7,6,91,KL,Baby,IND,,,,,False,6,2009,GE
1706538,Jose Kuttiyany,IND,19702,143,0.118707663700358,8,6,91,KL,Jose Kuttiyany,IND,,,,,False,6,2009,GE
1706539,Kanchiyar Peethambaran,IND,19702,110,0.0913135874618143,9,6,91,KL,Kanchiyar Peethambaran,IND,,,,,False,6,2009,GE
1706540,Adv. Chittoor Rajamannar,IND,19702,62,0.051467658387568,10,6,91,KL,Adv. Chittoor Rajamannar,IND,,,,,False,6,2009,GE
1706598,Adv. P.T Thomas,INC,19698,59751,54.2934249263984,1,6,92,KL,Adv. P.T Thomas,INC,,,,,False,6,2009,GE
1706599,Adv. K. Francis George,KEC,19718,44052,40.0283502344346,2,6,92,KL,Adv. K. Francis George,KEC,,,,,True,6,2009,GE
1706600,Sreenagari Rajan,BJP,19699,4261,3.8718060553193,3,6,92,KL,Sreenagari Rajan,BJP,,,,,False,6,2009,GE
1706601,Adv. Biju M John,BSP,19704,878,0.797804674154036,4,6,92,KL,Adv. Biju M John,BSP,,,,,False,6,2009,GE
1706602,M A Soosai,IND,19702,405,0.368007850834151,5,6,92,KL,M A Soosai,IND,,,,,False,6,2009,GE
1706603,Vasudevan,VCK,19759,247,0.224439355940827,6,6,92,KL,Vasudevan,VCK,,,,,False,6,2009,GE
1706604,Baby,IND,19702,212,0.192636208337876,7,6,92,KL,Baby,IND,,,,,False,6,2009,GE
1706605,Jose Kuttiyany,IND,19702,96,0.087231490568095,8,6,92,KL,Jose Kuttiyany,IND,,,,,False,6,2009,GE
1706606,Kanchiyar Peethambaran,IND,19702,78,0.0708755860865772,9,6,92,KL,Kanchiyar Peethambaran,IND,,,,,False,6,2009,GE
1706607,Adv. Chittoor Rajamannar,IND,19702,72,0.0654236179260713,10,6,92,KL,Adv. Chittoor Rajamannar,IND,,,,,False,6,2009,GE
1706661,Jose K.Mani (Karingozheckal),KEC(M),19722,67663,55.9938761999337,1,6,93,KL,Jose K.Mani (Karingozheckal),KEC(M),,,,,False,6,2009,GE
1706662,Adv. Suresh Kurup,CPI(M),19700,43312,35.84,2,6,93,KL,Adv. Suresh Kurup,CPM,,,,,True,6,2009,GE
1706663,Adv. Narayanan Namboothiri,BJP,19699,6465,5.35004965243296,3,6,93,KL,Adv. Narayanan Namboothiri,BJP,,,,,False,6,2009,GE
1706664,Adv. Suresh Kurup,IND,19702,850,0.703409467063886,4,6,93,KL,Adv. Suresh Kurup,IND,,,,,True,6,2009,GE
1706665,Spencer Marks,BSP,19704,666,0.551142005958291,5,6,93,KL,Spencer Marks,BSP,,,,,False,6,2009,GE
1706666,Sureshkumar T.R,IND,19702,433,0.358325057927838,6,6,93,KL,Sureshkumar T.R,IND,,,,,False,6,2009,GE
1706667,Jose K. Mani (Kunnathettu),IND,19702,305,0.252399867593512,7,6,93,KL,Jose K. Mani (Kunnathettu),IND,,,,,False,6,2009,GE
1706668,Sasikuttan Vakathanam,IND,19702,210,0.173783515392254,8,6,93,KL,Sasikuttan Vakathanam,IND,,,,,False,6,2009,GE
1706669,Sureshkumar K,IND,19702,199,0.164680569347898,9,6,93,KL,Sureshkumar K,IND,,,,,False,6,2009,GE
1706670,Suresh Kurumban,IND,19702,116,0.0959947037404832,10,6,93,KL,Suresh Kurumban,IND,,,,,False,6,2009,GE
1706671,K.T Mathew,IND,19702,92,0.076133730552797,11,6,93,KL,K.T Mathew,IND,,,,,False,6,2009,GE
1706672,M.S Raveendran,IND,19702,88,0.0728235683548493,12,6,93,KL,M.S Raveendran,IND,,,,,False,6,2009,GE
1706673,Mini K Philip,IND,19702,86,0.0711684872558755,13,6,93,KL,Mini K Philip,IND,,,,,False,6,2009,GE
1706674,Juno John Baby,IND,19702,77,0.0637206223104932,14,6,93,KL,Juno John Baby,IND,,,,,False,6,2009,GE
1706675,Adv. Jaimon Thankachan,SWJP,19755,67,0.0554452168156239,15,6,93,KL,Adv. Jaimon Thankachan,SWJP,,,,,False,6,2009,GE
1706676,K. Rajappan,IND,19702,50,0.0413770274743462,16,6,93,KL,K. Rajappan,IND,,,,,False,6,2009,GE
1706677,Jose,IND,19702,49,0.0405494869248593,17,6,93,KL,Jose,IND,,,,,False,6,2009,GE
1706678,Jose Mathew,IND,19702,45,0.0372393247269116,18,6,93,KL,Jose Mathew,IND,,,,,False,6,2009,GE
1706679,Anto P John,IND,19702,44,0.0364117841774246,19,6,93,KL,Anto P John,IND,,,,,False,6,2009,GE
1706680,Babu,IND,19702,23,0.0190334326381992,20,6,93,KL,Babu,IND,,,,,False,6,2009,GE
1706742,Jose K.Mani (Karingozheckal),KEC(M),19722,64268,54.3207789573331,1,6,94,KL,Jose K.Mani (Karingozheckal),KEC(M),,,,,False,6,2009,GE
1706743,Adv. Suresh Kurup,CPI(M),19700,43982,37.17,2,6,94,KL,Adv. Suresh Kurup,CPM,,,,,True,6,2009,GE
1706744,Adv. Narayanan Namboothiri,BJP,19699,5479,4.63097572520116,3,6,94,KL,Adv. Narayanan Namboothiri,BJP,,,,,False,6,2009,GE
1706745,Spencer Marks,BSP,19704,1936,1.6363513422138,4,6,94,KL,Spencer Marks,BSP,,,,,False,6,2009,GE
1706746,Adv. Suresh Kurup,IND,19702,789,0.666880789776185,5,6,94,KL,Adv. Suresh Kurup,IND,,,,,True,6,2009,GE
1706747,Sureshkumar T.R,IND,19702,386,0.326256001081885,6,6,94,KL,Sureshkumar T.R,IND,,,,,False,6,2009,GE
1706748,Jose K. Mani (Kunnathettu),IND,19702,274,0.231591047400094,7,6,94,KL,Jose K. Mani (Kunnathettu),IND,,,,,False,6,2009,GE
1706749,Sasikuttan Vakathanam,IND,19702,192,0.162282777740212,8,6,94,KL,Sasikuttan Vakathanam,IND,,,,,False,6,2009,GE
1706750,Mini K Philip,IND,19702,154,0.130164311312461,9,6,94,KL,Mini K Philip,IND,,,,,False,6,2009,GE
1706751,Sureshkumar K,IND,19702,152,0.128473865711001,10,6,94,KL,Sureshkumar K,IND,,,,,False,6,2009,GE
1706752,Suresh Kurumban,IND,19702,140,0.118331192102238,11,6,94,KL,Suresh Kurumban,IND,,,,,False,6,2009,GE
1706753,Adv. Jaimon Thankachan,SWJP,19755,118,0.0997362904861721,12,6,94,KL,Adv. Jaimon Thankachan,SWJP,,,,,False,6,2009,GE
1706754,M.S Raveendran,IND,19702,105,0.0887483940766786,13,6,94,KL,M.S Raveendran,IND,,,,,False,6,2009,GE
1706755,Juno John Baby,IND,19702,69,0.0583203732503888,14,6,94,KL,Juno John Baby,IND,,,,,False,6,2009,GE
1706756,Jose,IND,19702,64,0.0540942592467374,15,6,94,KL,Jose,IND,,,,,False,6,2009,GE
1706757,Anto P John,IND,19702,50,0.0422611400365136,16,6,94,KL,Anto P John,IND,,,,,False,6,2009,GE
1706758,Jose Mathew,IND,19702,48,0.040570694435053,17,6,94,KL,Jose Mathew,IND,,,,,False,6,2009,GE
1706759,K. Rajappan,IND,19702,45,0.0380350260328622,18,6,94,KL,K. Rajappan,IND,,,,,False,6,2009,GE
1706760,K.T Mathew,IND,19702,38,0.0321184664277503,19,6,94,KL,K.T Mathew,IND,,,,,False,6,2009,GE
1706761,Babu,IND,19702,23,0.0194401244167962,20,6,94,KL,Babu,IND,,,,,False,6,2009,GE
1706815,Adv. Suresh Kurup,CPI(M),19700,54142,46.9,1,6,95,KL,Adv. Suresh Kurup,CPM,,,,,True,6,2009,GE
1706816,Jose K.Mani (Karingozheckal),KEC(M),19722,52315,45.3167363980492,2,6,95,KL,Jose K.Mani (Karingozheckal),KEC(M),,,,,False,6,2009,GE
1706817,Adv. Narayanan Namboothiri,BJP,19699,4332,3.7525012343754,3,6,95,KL,Adv. Narayanan Namboothiri,BJP,,,,,False,6,2009,GE
1706818,Adv. Suresh Kurup,IND,19702,1068,0.925131883267066,4,6,95,KL,Adv. Suresh Kurup,IND,,,,,True,6,2009,GE
1706819,Spencer Marks,BSP,19704,832,0.720701991458988,5,6,95,KL,Spencer Marks,BSP,,,,,False,6,2009,GE
1706820,Sureshkumar T.R,IND,19702,681,0.589901509836022,6,6,95,KL,Sureshkumar T.R,IND,,,,,False,6,2009,GE
1706821,Sasikuttan Vakathanam,IND,19702,442,0.382872932962587,7,6,95,KL,Sasikuttan Vakathanam,IND,,,,,False,6,2009,GE
1706822,Sureshkumar K,IND,19702,267,0.231282970816766,8,6,95,KL,Sureshkumar K,IND,,,,,False,6,2009,GE
1706823,Jose K. Mani (Kunnathettu),IND,19702,265,0.229550514106528,9,6,95,KL,Jose K. Mani (Kunnathettu),IND,,,,,False,6,2009,GE
1706824,Suresh Kurumban,IND,19702,204,0.176710584444271,10,6,95,KL,Suresh Kurumban,IND,,,,,False,6,2009,GE
1706825,Mini K Philip,IND,19702,179,0.155054875566296,11,6,95,KL,Mini K Philip,IND,,,,,False,6,2009,GE
1706826,M.S Raveendran,IND,19702,171,0.148125048725344,12,6,95,KL,M.S Raveendran,IND,,,,,False,6,2009,GE
1706827,Juno John Baby,IND,19702,103,0.0892215205772545,13,6,95,KL,Juno John Baby,IND,,,,,False,6,2009,GE
1706828,Adv. Jaimon Thankachan,SWJP,19755,99,0.0857566071567786,14,6,95,KL,Adv. Jaimon Thankachan,SWJP,,,,,False,6,2009,GE
1706829,Jose,IND,19702,73,0.0632346699236852,15,6,95,KL,Jose,IND,,,,,False,6,2009,GE
1706830,K. Rajappan,IND,19702,71,0.0615022132134473,16,6,95,KL,K. Rajappan,IND,,,,,False,6,2009,GE
1706831,Jose Mathew,IND,19702,64,0.0554386147276144,17,6,95,KL,Jose Mathew,IND,,,,,False,6,2009,GE
1706832,Anto P John,IND,19702,55,0.0476425595315437,18,6,95,KL,Anto P John,IND,,,,,False,6,2009,GE
1706834,K.T Mathew,IND,19702,40,0.034649134204759,19,6,95,KL,K.T Mathew,IND,,,,,False,6,2009,GE
1706833,Babu,IND,19702,40,0.034649134204759,19,6,95,KL,Babu,IND,,,,,False,6,2009,GE
1706894,Jose K.Mani (Karingozheckal),KEC(M),19722,53216,47.9734602625126,1,6,96,KL,Jose K.Mani (Karingozheckal),KEC(M),,,,,False,6,2009,GE
1706895,Adv. Suresh Kurup,CPI(M),19700,49595,44.71,2,6,96,KL,Adv. Suresh Kurup,CPM,,,,,True,6,2009,GE
1706896,Adv. Narayanan Namboothiri,BJP,19699,4177,3.76550555315159,3,6,96,KL,Adv. Narayanan Namboothiri,BJP,,,,,False,6,2009,GE
1706897,Spencer Marks,BSP,19704,1271,1.14578825905091,4,6,96,KL,Spencer Marks,BSP,,,,,False,6,2009,GE
1706898,Adv. Suresh Kurup,IND,19702,802,0.722991489975479,5,6,96,KL,Adv. Suresh Kurup,IND,,,,,True,6,2009,GE
1706899,Sureshkumar T.R,IND,19702,538,0.484999278811481,6,6,96,KL,Sureshkumar T.R,IND,,,,,False,6,2009,GE
1706900,Jose K. Mani (Kunnathettu),IND,19702,237,0.213652098658589,7,6,96,KL,Jose K. Mani (Kunnathettu),IND,,,,,False,6,2009,GE
1706901,Sasikuttan Vakathanam,IND,19702,203,0.183001586614741,8,6,96,KL,Sasikuttan Vakathanam,IND,,,,,False,6,2009,GE
1706902,Sureshkumar K,IND,19702,175,0.157759988460983,9,6,96,KL,Sureshkumar K,IND,,,,,False,6,2009,GE
1706903,Mini K Philip,IND,19702,157,0.141533246790711,10,6,96,KL,Mini K Philip,IND,,,,,False,6,2009,GE
1706904,Suresh Kurumban,IND,19702,131,0.11809461993365,11,6,96,KL,Suresh Kurumban,IND,,,,,False,6,2009,GE
1706905,M.S Raveendran,IND,19702,104,0.0937545074282417,12,6,96,KL,M.S Raveendran,IND,,,,,False,6,2009,GE
1706906,Adv. Jaimon Thankachan,SWJP,19755,66,0.0594980527909995,13,6,96,KL,Adv. Jaimon Thankachan,SWJP,,,,,False,6,2009,GE
1706907,Juno John Baby,IND,19702,61,0.0549906245492571,14,6,96,KL,Juno John Baby,IND,,,,,False,6,2009,GE
1706908,Jose Mathew,IND,19702,45,0.0405668541756815,15,6,96,KL,Jose Mathew,IND,,,,,False,6,2009,GE
1706909,Anto P John,IND,19702,37,0.0333549689888936,16,6,96,KL,Anto P John,IND,,,,,False,6,2009,GE
1706910,Jose,IND,19702,36,0.0324534833405452,17,6,96,KL,Jose,IND,,,,,False,6,2009,GE
1706911,K. Rajappan,IND,19702,29,0.0261430838021058,18,6,96,KL,K. Rajappan,IND,,,,,False,6,2009,GE
1706912,K.T Mathew,IND,19702,27,0.0243401125054089,19,6,96,KL,K.T Mathew,IND,,,,,False,6,2009,GE
1706913,Babu,IND,19702,21,0.018931198615318,20,6,96,KL,Babu,IND,,,,,False,6,2009,GE
1706973,Jose K.Mani (Karingozheckal),KEC(M),19722,47563,45.1952223035186,1,6,97,KL,Jose K.Mani (Karingozheckal),KEC(M),,,,,False,6,2009,GE
1706974,Adv. Suresh Kurup,CPI(M),19700,46104,43.81,2,6,97,KL,Adv. Suresh Kurup,CPM,,,,,True,6,2009,GE
1706975,Adv. Narayanan Namboothiri,BJP,19699,6173,5.86569617727268,3,6,97,KL,Adv. Narayanan Namboothiri,BJP,,,,,False,6,2009,GE
1706976,Spencer Marks,BSP,19704,3075,2.92192058077328,4,6,97,KL,Spencer Marks,BSP,,,,,False,6,2009,GE
1706977,Adv. Suresh Kurup,IND,19702,715,0.679405923659479,5,6,97,KL,Adv. Suresh Kurup,IND,,,,,True,6,2009,GE
1706978,Sureshkumar T.R,IND,19702,425,0.403842681895495,6,6,97,KL,Sureshkumar T.R,IND,,,,,False,6,2009,GE
1706979,Jose K. Mani (Kunnathettu),IND,19702,226,0.214749284960898,7,6,97,KL,Jose K. Mani (Kunnathettu),IND,,,,,False,6,2009,GE
1706980,Sureshkumar K,IND,19702,154,0.146333583557426,8,6,97,KL,Sureshkumar K,IND,,,,,False,6,2009,GE
1706981,Sasikuttan Vakathanam,IND,19702,131,0.124478567831317,9,6,97,KL,Sasikuttan Vakathanam,IND,,,,,False,6,2009,GE
1706982,Suresh Kurumban,IND,19702,127,0.120677695531124,10,6,97,KL,Suresh Kurumban,IND,,,,,False,6,2009,GE
1706983,Mini K Philip,IND,19702,122,0.115926605155883,11,6,97,KL,Mini K Philip,IND,,,,,False,6,2009,GE
1706984,M.S Raveendran,IND,19702,87,0.0826689725291954,12,6,97,KL,M.S Raveendran,IND,,,,,False,6,2009,GE
1706985,Juno John Baby,IND,19702,78,0.0741170098537614,13,6,97,KL,Juno John Baby,IND,,,,,False,6,2009,GE
1706986,Adv. Jaimon Thankachan,SWJP,19755,69,0.0655650471783274,14,6,97,KL,Adv. Jaimon Thankachan,SWJP,,,,,False,6,2009,GE
1706987,Jose,IND,19702,42,0.0399091591520253,15,6,97,KL,Jose,IND,,,,,False,6,2009,GE
1706988,Jose Mathew,IND,19702,41,0.0389589410769771,16,6,97,KL,Jose Mathew,IND,,,,,False,6,2009,GE
1706989,K. Rajappan,IND,19702,36,0.034207850701736,17,6,97,KL,K. Rajappan,IND,,,,,False,6,2009,GE
1706990,Babu,IND,19702,32,0.0304069784015431,18,6,97,KL,Babu,IND,,,,,False,6,2009,GE
1706991,Anto P John,IND,19702,25,0.0237554518762055,19,6,97,KL,Anto P John,IND,,,,,False,6,2009,GE
1706992,K.T Mathew,IND,19702,14,0.0133030530506751,20,6,97,KL,K.T Mathew,IND,,,,,False,6,2009,GE
1707051,Jose K.Mani (Karingozheckal),KEC(M),19722,58233,52.1324595799538,1,6,98,KL,Jose K.Mani (Karingozheckal),KEC(M),,,,,False,6,2009,GE
1707052,Adv. Suresh Kurup,CPI(M),19700,41767,37.39,2,6,98,KL,Adv. Suresh Kurup,CPM,,,,,True,6,2009,GE
1707053,Adv. Narayanan Namboothiri,BJP,19699,6167,5.52093964297863,3,6,98,KL,Adv. Narayanan Namboothiri,BJP,,,,,False,6,2009,GE
1707054,Spencer Marks,BSP,19704,3026,2.70899357218313,4,6,98,KL,Spencer Marks,BSP,,,,,False,6,2009,GE
1707055,Adv. Suresh Kurup,IND,19702,882,0.789600902401031,5,6,98,KL,Adv. Suresh Kurup,IND,,,,,True,6,2009,GE
1707056,Sureshkumar T.R,IND,19702,327,0.292743191706504,6,6,98,KL,Sureshkumar T.R,IND,,,,,False,6,2009,GE
1707057,Sasikuttan Vakathanam,IND,19702,253,0.226495496947234,7,6,98,KL,Sasikuttan Vakathanam,IND,,,,,False,6,2009,GE
1707058,Jose K. Mani (Kunnathettu),IND,19702,214,0.191581171330862,8,6,98,KL,Jose K. Mani (Kunnathettu),IND,,,,,False,6,2009,GE
1707059,Sureshkumar K,IND,19702,161,0.144133498057331,9,6,98,KL,Sureshkumar K,IND,,,,,False,6,2009,GE
1707060,Suresh Kurumban,IND,19702,120,0.107428694204221,10,6,98,KL,Suresh Kurumban,IND,,,,,False,6,2009,GE
1707061,M.S Raveendran,IND,19702,102,0.0913143900735886,11,6,98,KL,M.S Raveendran,IND,,,,,False,6,2009,GE
1707062,Mini K Philip,IND,19702,82,0.0734096077062183,12,6,98,KL,Mini K Philip,IND,,,,,False,6,2009,GE
1707063,Juno John Baby,IND,19702,75,0.0671429338776387,13,6,98,KL,Juno John Baby,IND,,,,,False,6,2009,GE
1707064,Adv. Jaimon Thankachan,SWJP,19755,62,0.055504825338848,14,6,98,KL,Adv. Jaimon Thankachan,SWJP,,,,,False,6,2009,GE
1707065,Jose Mathew,IND,19702,50,0.0447619559184258,15,6,98,KL,Jose Mathew,IND,,,,,False,6,2009,GE
1707066,K. Rajappan,IND,19702,43,0.0384952820898461,16,6,98,KL,K. Rajappan,IND,,,,,False,6,2009,GE
1707067,Jose,IND,19702,41,0.0367048038531091,17,6,98,KL,Jose,IND,,,,,False,6,2009,GE
1707068,K.T Mathew,IND,19702,35,0.031333369142898,18,6,98,KL,K.T Mathew,IND,,,,,False,6,2009,GE
1707069,Anto P John,IND,19702,32,0.0286476517877925,19,6,98,KL,Anto P John,IND,,,,,False,6,2009,GE
1707070,Babu,IND,19702,30,0.0268571735510554,20,6,98,KL,Babu,IND,,,,,False,6,2009,GE
1707126,Kodikkunnil Suresh,INC,19698,53069,54.4716448550166,1,6,99,KL,Kodikkunnil Suresh,INC,,,,,False,6,2009,GE
1707127,R.S Anil,CPI,19713,35983,36.9340518347446,2,6,99,KL,R.S Anil,CPI,,,,,False,6,2009,GE
1707128,P.M Velayudhan,BJP,19699,5024,5.15678727226071,3,6,99,KL,P.M Velayudhan,BJP,,,,,False,6,2009,GE
1707129,Dr. N.D Mohan,BSP,19704,2380,2.44290479856299,4,6,99,KL,Dr. N.D Mohan,BSP,,,,,False,6,2009,GE
1707130,K.S Sasikala,IND,19702,460,0.472158070310495,5,6,99,KL,K.S Sasikala,IND,,,,,False,6,2009,GE
1707131,G.Anil Kumar,IND,19702,261,0.267898383371824,6,6,99,KL,G.Anil Kumar,IND,,,,,False,6,2009,GE
1707132,Sooranad Sukumaran,IND,19702,248,0.254554785732614,7,6,99,KL,Sooranad Sukumaran,IND,,,,,False,6,2009,GE
1707199,Anto Antony Punnathaniyil,INC,19698,53036,51.2063954891718,1,6,100,KL,Anto Antony Punnathaniyil,INC,,,,,False,6,2009,GE
1707200,Adv.K.Anantha Gopan,CPI(M),19700,36181,34.93,2,6,100,KL,Adv.K.Anantha Gopan,CPM,,,,,False,6,2009,GE
1707201,B.Radhakrishna Menon,BJP,19699,7915,7.64195301864385,3,6,100,KL,B.Radhakrishna Menon,BJP,,,,,False,6,2009,GE
1707202,K.K.Nair,BSP,19704,4536,4.37951975901055,4,6,100,KL,K.K.Nair,BSP,,,,,False,6,2009,GE
1707203,Mani C.Kappen,NCP,19730,764,0.737643980574087,5,6,100,KL,Mani C.Kappen,NCP,,,,,False,6,2009,GE
1707204,Anto Antony Tholanickal,IND,19702,457,0.441234684715128,6,6,100,KL,Anto Antony Tholanickal,IND,,,,,False,6,2009,GE
1707205,Mathew Parey,IND,19702,240,0.23172062216987,7,6,100,KL,Mathew Parey,IND,,,,,False,6,2009,GE
1707206,O.P.Kunju Pillai,CPI(ML)(L),19746,110,0.10620528516119,8,6,100,KL,O.P.Kunju Pillai,CPI(ML)(L),,,,,False,6,2009,GE
1707207,Kadhikan Niranam Rajan,IND,19702,105,0.101377772199318,9,6,100,KL,Kadhikan Niranam Rajan,IND,,,,,False,6,2009,GE
1707208,V.P.Kochumon,IND,19702,90,0.0868952333137014,10,6,100,KL,V.P.Kochumon,IND,,,,,False,6,2009,GE
1707209,Pushpangadan,IND,19702,81,0.0782057099823313,11,6,100,KL,Pushpangadan,IND,,,,,False,6,2009,GE
1707210,Jyothish Perumpulickal,IND,19702,58,0.0559991503577187,12,6,100,KL,Jyothish Perumpulickal,IND,,,,,False,6,2009,GE
1707265,Anto Antony Punnathaniyil,INC,19698,61136,56.7045401845754,1,6,101,KL,Anto Antony Punnathaniyil,INC,,,,,False,6,2009,GE
1707266,Adv.K.Anantha Gopan,CPI(M),19700,34912,32.38,2,6,101,KL,Adv.K.Anantha Gopan,CPM,,,,,False,6,2009,GE
1707267,K.K.Nair,BSP,19704,4991,4.62922598896257,3,6,101,KL,K.K.Nair,BSP,,,,,False,6,2009,GE
1707268,B.Radhakrishna Menon,BJP,19699,4440,4.11816537587534,4,6,101,KL,B.Radhakrishna Menon,BJP,,,,,False,6,2009,GE
1707269,Mani C.Kappen,NCP,19730,1105,1.02490377034735,5,6,101,KL,Mani C.Kappen,NCP,,,,,False,6,2009,GE
1707270,Anto Antony Tholanickal,IND,19702,398,0.369150860269906,6,6,101,KL,Anto Antony Tholanickal,IND,,,,,False,6,2009,GE
1707271,Mathew Parey,IND,19702,318,0.294949682326206,7,6,101,KL,Mathew Parey,IND,,,,,False,6,2009,GE
1707272,V.P.Kochumon,IND,19702,136,0.126142002504289,8,6,101,KL,V.P.Kochumon,IND,,,,,False,6,2009,GE
1707273,O.P.Kunju Pillai,CPI(ML)(L),19746,127,0.117794369985623,9,6,101,KL,O.P.Kunju Pillai,CPI(ML)(L),,,,,False,6,2009,GE
1707274,Pushpangadan,IND,19702,116,0.107591708018364,10,6,101,KL,Pushpangadan,IND,,,,,False,6,2009,GE
1707275,Kadhikan Niranam Rajan,IND,19702,85,0.078838751565181,11,6,101,KL,Kadhikan Niranam Rajan,IND,,,,,False,6,2009,GE
1707276,Jyothish Perumpulickal,IND,19702,51,0.0473032509391086,12,6,101,KL,Jyothish Perumpulickal,IND,,,,,False,6,2009,GE
1707350,K.C Venugopal,INC,19698,69268,51.9827094527661,1,6,102,KL,K.C Venugopal,INC,,,,,False,6,2009,GE
1707351,Dr. K.S Manoj,CPI(M),19700,58579,43.96,2,6,102,KL,Dr. K.S Manoj,CPM,,,,,True,6,2009,GE
1707352,Sony J. Kalyankumar,IND,19702,3947,2.96205685468135,3,6,102,KL,Sony J. Kalyankumar,IND,,,,,False,6,2009,GE
1707353,K.S Prasad,BSP,19704,927,0.695674361360429,4,6,102,KL,K.S Prasad,BSP,,,,,False,6,2009,GE
1707354,S. Seethilal,IND,19702,347,0.260408849398132,5,6,102,KL,S. Seethilal,IND,,,,,False,6,2009,GE
1707355,P.J Kurian,JD(U),19716,184,0.138084231381142,6,6,102,KL,P.J Kurian,JD(U),,,,,False,6,2009,GE
1707422,K.C Venugopal,INC,19698,78739,50.7901798384807,1,6,103,KL,K.C Venugopal,INC,,,,,False,6,2009,GE
1707423,Dr. K.S Manoj,CPI(M),19700,71204,45.93,2,6,103,KL,Dr. K.S Manoj,CPM,,,,,True,6,2009,GE
1707424,Sony J. Kalyankumar,IND,19702,3753,2.42085300719869,3,6,103,KL,Sony J. Kalyankumar,IND,,,,,False,6,2009,GE
1707425,K.S Prasad,BSP,19704,807,0.520551126248161,4,6,103,KL,K.S Prasad,BSP,,,,,False,6,2009,GE
1707426,S. Seethilal,IND,19702,342,0.220605310008514,5,6,103,KL,S. Seethilal,IND,,,,,False,6,2009,GE
1707427,P.J Kurian,JD(U),19716,183,0.118043192197538,6,6,103,KL,P.J Kurian,JD(U),,,,,False,6,2009,GE
1707490,K.C Venugopal,INC,19698,73321,54.8337882810455,1,6,104,KL,K.C Venugopal,INC,,,,,False,6,2009,GE
1707491,Dr. K.S Manoj,CPI(M),19700,57418,42.94,2,6,104,KL,Dr. K.S Manoj,CPM,,,,,True,6,2009,GE
1707492,Sony J. Kalyankumar,IND,19702,1957,1.463560557903,3,6,104,KL,Sony J. Kalyankumar,IND,,,,,False,6,2009,GE
1707493,K.S Prasad,BSP,19704,574,0.42927121115806,4,6,104,KL,K.S Prasad,BSP,,,,,False,6,2009,GE
1707494,S. Seethilal,IND,19702,309,0.231088509142579,5,6,104,KL,S. Seethilal,IND,,,,,False,6,2009,GE
1707495,P.J Kurian,JD(U),19716,136,0.10170885839285,6,6,104,KL,P.J Kurian,JD(U),,,,,False,6,2009,GE
1707557,K.C Venugopal,INC,19698,58019,53.8754399160561,1,6,105,KL,K.C Venugopal,INC,,,,,False,6,2009,GE
1707558,Dr. K.S Manoj,CPI(M),19700,46282,42.98,2,6,105,KL,Dr. K.S Manoj,CPM,,,,,True,6,2009,GE
1707559,Sony J. Kalyankumar,IND,19702,2460,2.28431345237763,3,6,105,KL,Sony J. Kalyankumar,IND,,,,,False,6,2009,GE
1707560,S. Seethilal,IND,19702,452,0.419719382306785,4,6,105,KL,S. Seethilal,IND,,,,,False,6,2009,GE
1707561,K.S Prasad,BSP,19704,367,0.340789852448208,5,6,105,KL,K.S Prasad,BSP,,,,,False,6,2009,GE
1707562,P.J Kurian,JD(U),19716,111,0.103072680168259,6,6,105,KL,P.J Kurian,JD(U),,,,,False,6,2009,GE
1707624,Kodikkunnil Suresh,INC,19698,52532,48.950762234895,1,6,106,KL,Kodikkunnil Suresh,INC,,,,,False,6,2009,GE
1707625,R.S Anil,CPI,19713,48103,44.8236982369823,2,6,106,KL,R.S Anil,CPI,,,,,False,6,2009,GE
1707626,P.M Velayudhan,BJP,19699,4483,4.17738268291773,3,6,106,KL,P.M Velayudhan,BJP,,,,,False,6,2009,GE
1707627,Dr. N.D Mohan,BSP,19704,1177,1.09676096760967,4,6,106,KL,Dr. N.D Mohan,BSP,,,,,False,6,2009,GE
1707628,Sooranad Sukumaran,IND,19702,363,0.338253382533825,5,6,106,KL,Sooranad Sukumaran,IND,,,,,False,6,2009,GE
1707629,K.S Sasikala,IND,19702,344,0.320548660032054,6,6,106,KL,K.S Sasikala,IND,,,,,False,6,2009,GE
1707630,G.Anil Kumar,IND,19702,314,0.292593835029259,7,6,106,KL,G.Anil Kumar,IND,,,,,False,6,2009,GE
1707688,K.C Venugopal,INC,19698,62107,51.0584598689565,1,6,107,KL,K.C Venugopal,INC,,,,,False,6,2009,GE
1707689,Dr. K.S Manoj,CPI(M),19700,56149,46.16,2,6,107,KL,Dr. K.S Manoj,CPM,,,,,True,6,2009,GE
1707690,Sony J. Kalyankumar,IND,19702,2141,1.76012627528999,3,6,107,KL,Sony J. Kalyankumar,IND,,,,,False,6,2009,GE
1707691,K.S Prasad,BSP,19704,677,0.556564917501788,4,6,107,KL,K.S Prasad,BSP,,,,,False,6,2009,GE
1707692,S. Seethilal,IND,19702,446,0.366658719654058,5,6,107,KL,S. Seethilal,IND,,,,,False,6,2009,GE
1707693,P.J Kurian,JD(U),19716,119,0.0978304655579213,6,6,107,KL,P.J Kurian,JD(U),,,,,False,6,2009,GE
1707763,K.C Venugopal,INC,19698,62540,49.6613278489355,1,6,108,KL,K.C Venugopal,INC,,,,,False,6,2009,GE
1707764,Dr. K.S Manoj,CPI(M),19700,59581,47.31,2,6,108,KL,Dr. K.S Manoj,CPM,,,,,True,6,2009,GE
1707765,Sony J. Kalyankumar,IND,19702,2708,2.1503497891736,3,6,108,KL,Sony J. Kalyankumar,IND,,,,,False,6,2009,GE
1707766,K.S Prasad,BSP,19704,589,0.467709019875648,4,6,108,KL,K.S Prasad,BSP,,,,,False,6,2009,GE
1707767,S. Seethilal,IND,19702,383,0.304129973874997,5,6,108,KL,S. Seethilal,IND,,,,,False,6,2009,GE
1707768,P.J Kurian,JD(U),19716,132,0.10481764112663,6,6,108,KL,P.J Kurian,JD(U),,,,,False,6,2009,GE
1707830,R.S Anil,CPI,19713,56339,47.0994925470459,1,6,109,KL,R.S Anil,CPI,,,,,False,6,2009,GE
1707831,Kodikkunnil Suresh,INC,19698,55643,46.5176354531546,2,6,109,KL,Kodikkunnil Suresh,INC,,,,,False,6,2009,GE
1707832,P.M Velayudhan,BJP,19699,5550,4.63980872284039,3,6,109,KL,P.M Velayudhan,BJP,,,,,False,6,2009,GE
1707833,Dr. N.D Mohan,BSP,19704,939,0.785005475810294,4,6,109,KL,Dr. N.D Mohan,BSP,,,,,False,6,2009,GE
1707834,Sooranad Sukumaran,IND,19702,523,0.437228821990185,5,6,109,KL,Sooranad Sukumaran,IND,,,,,False,6,2009,GE
1707835,K.S Sasikala,IND,19702,345,0.288420542230619,6,6,109,KL,K.S Sasikala,IND,,,,,False,6,2009,GE
1707836,G.Anil Kumar,IND,19702,278,0.232408436927861,7,6,109,KL,G.Anil Kumar,IND,,,,,False,6,2009,GE
1707887,Kodikkunnil Suresh,INC,19698,54867,49.5592087435642,1,6,110,KL,Kodikkunnil Suresh,INC,,,,,False,6,2009,GE
1707888,R.S Anil,CPI,19713,44276,39.9927739138289,2,6,110,KL,R.S Anil,CPI,,,,,False,6,2009,GE
1707889,P.M Velayudhan,BJP,19699,9604,8.67491644837864,3,6,110,KL,P.M Velayudhan,BJP,,,,,False,6,2009,GE
1707890,Dr. N.D Mohan,BSP,19704,862,0.77861078493361,4,6,110,KL,Dr. N.D Mohan,BSP,,,,,False,6,2009,GE
1707891,Sooranad Sukumaran,IND,19702,380,0.343239093126185,5,6,110,KL,Sooranad Sukumaran,IND,,,,,False,6,2009,GE
1707892,K.S Sasikala,IND,19702,375,0.338722789269262,6,6,110,KL,K.S Sasikala,IND,,,,,False,6,2009,GE
1707893,G.Anil Kumar,IND,19702,346,0.312528226899105,7,6,110,KL,G.Anil Kumar,IND,,,,,False,6,2009,GE
1707952,Anto Antony Punnathaniyil,INC,19698,58252,51.2817804070709,1,6,111,KL,Anto Antony Punnathaniyil,INC,,,,,False,6,2009,GE
1707953,Adv.K.Anantha Gopan,CPI(M),19700,42763,37.65,2,6,111,KL,Adv.K.Anantha Gopan,CPM,,,,,False,6,2009,GE
1707954,B.Radhakrishna Menon,BJP,19699,8342,7.34382703007254,3,6,111,KL,B.Radhakrishna Menon,BJP,,,,,False,6,2009,GE
1707955,K.K.Nair,BSP,19704,2635,2.31970561307134,4,6,111,KL,K.K.Nair,BSP,,,,,False,6,2009,GE
1707956,Mani C.Kappen,NCP,19730,488,0.42960771885344,5,6,111,KL,Mani C.Kappen,NCP,,,,,False,6,2009,GE
1707957,Anto Antony Tholanickal,IND,19702,314,0.276427917458975,6,6,111,KL,Anto Antony Tholanickal,IND,,,,,False,6,2009,GE
1707958,Mathew Parey,IND,19702,282,0.248256919501373,7,6,111,KL,Mathew Parey,IND,,,,,False,6,2009,GE
1707959,O.P.Kunju Pillai,CPI(ML)(L),19746,151,0.132931896612437,8,6,111,KL,O.P.Kunju Pillai,CPI(ML)(L),,,,,False,6,2009,GE
1707960,Kadhikan Niranam Rajan,IND,19702,128,0.11268399183041,9,6,111,KL,Kadhikan Niranam Rajan,IND,,,,,False,6,2009,GE
1707961,V.P.Kochumon,IND,19702,115,0.101239523910134,10,6,111,KL,V.P.Kochumon,IND,,,,,False,6,2009,GE
1707962,Pushpangadan,IND,19702,79,0.0695471512078315,11,6,111,KL,Pushpangadan,IND,,,,,False,6,2009,GE
1707963,Jyothish Perumpulickal,IND,19702,43,0.0378547785055285,12,6,111,KL,Jyothish Perumpulickal,IND,,,,,False,6,2009,GE
1708023,Anto Antony Punnathaniyil,INC,19698,54335,50.9977098663462,1,6,112,KL,Anto Antony Punnathaniyil,INC,,,,,False,6,2009,GE
1708024,Adv.K.Anantha Gopan,CPI(M),19700,38639,36.27,2,6,112,KL,Adv.K.Anantha Gopan,CPM,,,,,False,6,2009,GE
1708025,B.Radhakrishna Menon,BJP,19699,8199,7.69541222405766,3,6,112,KL,B.Radhakrishna Menon,BJP,,,,,False,6,2009,GE
1708026,K.K.Nair,BSP,19704,3954,3.71114281423637,4,6,112,KL,K.K.Nair,BSP,,,,,False,6,2009,GE
1708027,Mani C.Kappen,NCP,19730,517,0.485245532362216,5,6,112,KL,Mani C.Kappen,NCP,,,,,False,6,2009,GE
1708028,Anto Antony Tholanickal,IND,19702,270,0.253416428893227,6,6,112,KL,Anto Antony Tholanickal,IND,,,,,False,6,2009,GE
1708029,Mathew Parey,IND,19702,232,0.217750412974921,7,6,112,KL,Mathew Parey,IND,,,,,False,6,2009,GE
1708030,Kadhikan Niranam Rajan,IND,19702,96,0.0901036191620363,8,6,112,KL,Kadhikan Niranam Rajan,IND,,,,,False,6,2009,GE
1708031,Pushpangadan,IND,19702,93,0.0872878810632227,9,6,112,KL,Pushpangadan,IND,,,,,False,6,2009,GE
1708032,O.P.Kunju Pillai,CPI(ML)(L),19746,82,0.0769635080342393,10,6,112,KL,O.P.Kunju Pillai,CPI(ML)(L),,,,,False,6,2009,GE
1708033,V.P.Kochumon,IND,19702,71,0.066639135005256,11,6,112,KL,V.P.Kochumon,IND,,,,,False,6,2009,GE
1708034,Jyothish Perumpulickal,IND,19702,56,0.0525604445111878,12,6,112,KL,Jyothish Perumpulickal,IND,,,,,False,6,2009,GE
1708095,Anto Antony Punnathaniyil,INC,19698,63640,51.3432835820895,1,6,113,KL,Anto Antony Punnathaniyil,INC,,,,,False,6,2009,GE
1708096,Adv.K.Anantha Gopan,CPI(M),19700,45312,36.56,2,6,113,KL,Adv.K.Anantha Gopan,CPM,,,,,False,6,2009,GE
1708097,B.Radhakrishna Menon,BJP,19699,10386,8.37918515530455,3,6,113,KL,B.Radhakrishna Menon,BJP,,,,,False,6,2009,GE
1708098,K.K.Nair,BSP,19704,2801,2.25978217022993,4,6,113,KL,K.K.Nair,BSP,,,,,False,6,2009,GE
1708099,Mani C.Kappen,NCP,19730,599,0.483259378781766,5,6,113,KL,Mani C.Kappen,NCP,,,,,False,6,2009,GE
1708100,Anto Antony Tholanickal,IND,19702,346,0.279144816458249,6,6,113,KL,Anto Antony Tholanickal,IND,,,,,False,6,2009,GE
1708101,Mathew Parey,IND,19702,334,0.26946349334409,7,6,113,KL,Mathew Parey,IND,,,,,False,6,2009,GE
1708102,Kadhikan Niranam Rajan,IND,19702,120,0.0968132311415893,8,6,113,KL,Kadhikan Niranam Rajan,IND,,,,,False,6,2009,GE
1708103,O.P.Kunju Pillai,CPI(ML)(L),19746,114,0.0919725695845098,9,6,113,KL,O.P.Kunju Pillai,CPI(ML)(L),,,,,False,6,2009,GE
1708104,Pushpangadan,IND,19702,104,0.0839048003227107,10,6,113,KL,Pushpangadan,IND,,,,,False,6,2009,GE
1708105,V.P.Kochumon,IND,19702,100,0.0806776926179911,11,6,113,KL,V.P.Kochumon,IND,,,,,False,6,2009,GE
1708106,Jyothish Perumpulickal,IND,19702,94,0.0758370310609116,12,6,113,KL,Jyothish Perumpulickal,IND,,,,,False,6,2009,GE
1708172,Anto Antony Punnathaniyil,INC,19698,57029,48.8140786962141,1,6,114,KL,Anto Antony Punnathaniyil,INC,,,,,False,6,2009,GE
1708173,Adv.K.Anantha Gopan,CPI(M),19700,48269,41.32,2,6,114,KL,Adv.K.Anantha Gopan,CPM,,,,,False,6,2009,GE
1708174,B.Radhakrishna Menon,BJP,19699,8154,6.97943147677374,3,6,114,KL,B.Radhakrishna Menon,BJP,,,,,False,6,2009,GE
1708175,K.K.Nair,BSP,19704,1768,1.51332289072062,4,6,114,KL,K.K.Nair,BSP,,,,,False,6,2009,GE
1708176,Mani C.Kappen,NCP,19730,411,0.351796214980869,5,6,114,KL,Mani C.Kappen,NCP,,,,,False,6,2009,GE
1708177,Mathew Parey,IND,19702,360,0.308142670056236,6,6,114,KL,Mathew Parey,IND,,,,,False,6,2009,GE
1708178,Anto Antony Tholanickal,IND,19702,263,0.225115339513305,7,6,114,KL,Anto Antony Tholanickal,IND,,,,,False,6,2009,GE
1708179,Kadhikan Niranam Rajan,IND,19702,123,0.10528207893588,8,6,114,KL,Kadhikan Niranam Rajan,IND,,,,,False,6,2009,GE
1708180,O.P.Kunju Pillai,CPI(ML)(L),19746,116,0.0992904159070093,9,6,114,KL,O.P.Kunju Pillai,CPI(ML)(L),,,,,False,6,2009,GE
1708181,Jyothish Perumpulickal,IND,19702,116,0.0992904159070093,9,6,114,KL,Jyothish Perumpulickal,IND,,,,,False,6,2009,GE
1708182,Pushpangadan,IND,19702,112,0.0958666084619401,11,6,114,KL,Pushpangadan,IND,,,,,False,6,2009,GE
1708183,V.P.Kochumon,IND,19702,108,0.0924428010168708,12,6,114,KL,V.P.Kochumon,IND,,,,,False,6,2009,GE
1708242,Anto Antony Punnathaniyil,INC,19698,60246,48.7584978957591,1,6,115,KL,Anto Antony Punnathaniyil,INC,,,,,False,6,2009,GE
1708243,Adv.K.Anantha Gopan,CPI(M),19700,50324,40.73,2,6,115,KL,Adv.K.Anantha Gopan,CPM,,,,,False,6,2009,GE
1708244,B.Radhakrishna Menon,BJP,19699,8774,7.10100356102298,3,6,115,KL,B.Radhakrishna Menon,BJP,,,,,False,6,2009,GE
1708245,K.K.Nair,BSP,19704,1725,1.39608287471673,4,6,115,KL,K.K.Nair,BSP,,,,,False,6,2009,GE
1708246,Jyothish Perumpulickal,IND,19702,639,0.517157656199417,5,6,115,KL,Jyothish Perumpulickal,IND,,,,,False,6,2009,GE
1708247,Mani C.Kappen,NCP,19730,553,0.447555843314988,6,6,115,KL,Mani C.Kappen,NCP,,,,,False,6,2009,GE
1708248,Mathew Parey,IND,19702,433,0.350437034639041,7,6,115,KL,Mathew Parey,IND,,,,,False,6,2009,GE
1708249,Anto Antony Tholanickal,IND,19702,298,0.241178374878601,8,6,115,KL,Anto Antony Tholanickal,IND,,,,,False,6,2009,GE
1708250,Kadhikan Niranam Rajan,IND,19702,172,0.139203625768857,9,6,115,KL,Kadhikan Niranam Rajan,IND,,,,,False,6,2009,GE
1708251,Pushpangadan,IND,19702,149,0.1205891874393,10,6,115,KL,Pushpangadan,IND,,,,,False,6,2009,GE
1708252,O.P.Kunju Pillai,CPI(ML)(L),19746,133,0.107640012949174,11,6,115,KL,O.P.Kunju Pillai,CPI(ML)(L),,,,,False,6,2009,GE
1708253,V.P.Kochumon,IND,19702,114,0.0922628682421495,12,6,115,KL,V.P.Kochumon,IND,,,,,False,6,2009,GE
1708310,K.C Venugopal,INC,19698,63024,49.5498966138073,1,6,116,KL,K.C Venugopal,INC,,,,,False,6,2009,GE
1708311,Dr. K.S Manoj,CPI(M),19700,60014,47.18,2,6,116,KL,Dr. K.S Manoj,CPM,,,,,True,6,2009,GE
1708312,Sony J. Kalyankumar,IND,19702,2713,2.13297901614082,3,6,116,KL,Sony J. Kalyankumar,IND,,,,,False,6,2009,GE
1708313,K.S Prasad,BSP,19704,865,0.680068871714638,4,6,116,KL,K.S Prasad,BSP,,,,,False,6,2009,GE
1708314,S. Seethilal,IND,19702,420,0.330206851005951,5,6,116,KL,S. Seethilal,IND,,,,,False,6,2009,GE
1708315,P.J Kurian,JD(U),19716,157,0.123434465733177,6,6,116,KL,P.J Kurian,JD(U),,,,,False,6,2009,GE
1708374,N.Peethambarakurup,INC,19698,56919,53.5799005949243,1,6,117,KL,N.Peethambarakurup,INC,,,,,False,6,2009,GE
1708375,P.Rajendran,CPI(M),19700,42917,40.4,2,6,117,KL,P.Rajendran,CPM,,,,,True,6,2009,GE
1708376,Vayakkal Madhu,BJP,19699,3856,3.62979139995481,3,6,117,KL,Vayakkal Madhu,BJP,,,,,False,6,2009,GE
1708377,N.Peethambarakurup,IND,19702,672,0.632577754348972,4,6,117,KL,N.Peethambarakurup,IND,,,,,False,6,2009,GE
1708378,Advt. K M Jayanandan,BSP,19704,510,0.480081331425559,5,6,117,KL,Advt. K M Jayanandan,BSP,,,,,False,6,2009,GE
1708379,R.Zakieer Hussain,IND,19702,421,0.396302432412079,6,6,117,KL,R.Zakieer Hussain,IND,,,,,False,6,2009,GE
1708380,Adv.Anu Sasi,IND,19702,297,0.27957677535959,7,6,117,KL,Adv.Anu Sasi,IND,,,,,False,6,2009,GE
1708381,S.Radhakrishnan,IND,19702,255,0.240040665712779,8,6,117,KL,S.Radhakrishnan,IND,,,,,False,6,2009,GE
1708382,Krishnammal,IND,19702,144,0.135552375931922,9,6,117,KL,Krishnammal,IND,,,,,False,6,2009,GE
1708383,K A John,IND,19702,127,0.119549664884403,10,6,117,KL,K A John,IND,,,,,False,6,2009,GE
1708384,S.Pradeep Kumar,IND,19702,114,0.107312297612772,11,6,117,KL,S.Pradeep Kumar,IND,,,,,False,6,2009,GE
1708443,Kodikkunnil Suresh,INC,19698,63033,47.5577184246265,1,6,118,KL,Kodikkunnil Suresh,INC,,,,,False,6,2009,GE
1708444,R.S Anil,CPI,19713,61007,46.029123283537,2,6,118,KL,R.S Anil,CPI,,,,,False,6,2009,GE
1708445,P.M Velayudhan,BJP,19699,5622,4.24173834314169,3,6,118,KL,P.M Velayudhan,BJP,,,,,False,6,2009,GE
1708446,Dr. N.D Mohan,BSP,19704,1619,1.22151803229213,4,6,118,KL,Dr. N.D Mohan,BSP,,,,,False,6,2009,GE
1708447,Sooranad Sukumaran,IND,19702,626,0.472310245963482,5,6,118,KL,Sooranad Sukumaran,IND,,,,,False,6,2009,GE
1708448,G.Anil Kumar,IND,19702,320,0.241436547457371,6,6,118,KL,G.Anil Kumar,IND,,,,,False,6,2009,GE
1708449,K.S Sasikala,IND,19702,313,0.236155122981741,7,6,118,KL,K.S Sasikala,IND,,,,,False,6,2009,GE
1708507,Kodikkunnil Suresh,INC,19698,58514,48.2685232540874,1,6,119,KL,Kodikkunnil Suresh,INC,,,,,False,6,2009,GE
1708508,R.S Anil,CPI,19713,54923,45.3062874300892,2,6,119,KL,R.S Anil,CPI,,,,,False,6,2009,GE
1708509,P.M Velayudhan,BJP,19699,5682,4.68711332552422,3,6,119,KL,P.M Velayudhan,BJP,,,,,False,6,2009,GE
1708510,Dr. N.D Mohan,BSP,19704,857,0.706944054905713,4,6,119,KL,Dr. N.D Mohan,BSP,,,,,False,6,2009,GE
1708511,Sooranad Sukumaran,IND,19702,564,0.4652467292495,5,6,119,KL,Sooranad Sukumaran,IND,,,,,False,6,2009,GE
1708512,G.Anil Kumar,IND,19702,400,0.329962219325887,6,6,119,KL,G.Anil Kumar,IND,,,,,False,6,2009,GE
1708513,K.S Sasikala,IND,19702,286,0.235922986818009,7,6,119,KL,K.S Sasikala,IND,,,,,False,6,2009,GE
1708573,Kodikkunnil Suresh,INC,19698,58357,51.9819354378963,1,6,120,KL,Kodikkunnil Suresh,INC,,,,,False,6,2009,GE
1708574,R.S Anil,CPI,19713,47144,41.9938715883987,2,6,120,KL,R.S Anil,CPI,,,,,False,6,2009,GE
1708575,P.M Velayudhan,BJP,19699,4922,4.38430841587686,3,6,120,KL,P.M Velayudhan,BJP,,,,,False,6,2009,GE
1708576,Dr. N.D Mohan,BSP,19704,838,0.74645478514929,4,6,120,KL,Dr. N.D Mohan,BSP,,,,,False,6,2009,GE
1708577,Sooranad Sukumaran,IND,19702,491,0.437361932587472,5,6,120,KL,Sooranad Sukumaran,IND,,,,,False,6,2009,GE
1708578,G.Anil Kumar,IND,19702,270,0.2405045250481,6,6,120,KL,G.Anil Kumar,IND,,,,,False,6,2009,GE
1708579,K.S Sasikala,IND,19702,242,0.215563315043112,7,6,120,KL,K.S Sasikala,IND,,,,,False,6,2009,GE
1708637,P.Rajendran,CPI(M),19700,56240,46.54,1,6,121,KL,P.Rajendran,CPM,,,,,True,6,2009,GE
1708638,N.Peethambarakurup,INC,19698,55868,46.231887655884,2,6,121,KL,N.Peethambarakurup,INC,,,,,False,6,2009,GE
1708639,Vayakkal Madhu,BJP,19699,5108,4.22697218705262,3,6,121,KL,Vayakkal Madhu,BJP,,,,,False,6,2009,GE
1708640,Advt. K M Jayanandan,BSP,19704,1271,1.05177792673137,4,6,121,KL,Advt. K M Jayanandan,BSP,,,,,False,6,2009,GE
1708641,N.Peethambarakurup,IND,19702,753,0.623122563987984,5,6,121,KL,N.Peethambarakurup,IND,,,,,False,6,2009,GE
1708642,R.Zakieer Hussain,IND,19702,442,0.365763842340888,6,6,121,KL,R.Zakieer Hussain,IND,,,,,False,6,2009,GE
1708643,Adv.Anu Sasi,IND,19702,395,0.32687040209197,7,6,121,KL,Adv.Anu Sasi,IND,,,,,False,6,2009,GE
1708644,S.Radhakrishnan,IND,19702,287,0.237498241519988,8,6,121,KL,S.Radhakrishnan,IND,,,,,False,6,2009,GE
1708645,Krishnammal,IND,19702,179,0.148126080948006,9,6,121,KL,Krishnammal,IND,,,,,False,6,2009,GE
1708646,K A John,IND,19702,168,0.139023360889749,10,6,121,KL,K A John,IND,,,,,False,6,2009,GE
1708647,S.Pradeep Kumar,IND,19702,132,0.109232640699088,11,6,121,KL,S.Pradeep Kumar,IND,,,,,False,6,2009,GE
1708705,P.Rajendran,CPI(M),19700,56238,49.06,1,6,122,KL,P.Rajendran,CPM,,,,,True,6,2009,GE
1708706,N.Peethambarakurup,INC,19698,49677,43.3390912897822,2,6,122,KL,N.Peethambarakurup,INC,,,,,False,6,2009,GE
1708707,Vayakkal Madhu,BJP,19699,4849,4.23035315466219,3,6,122,KL,Vayakkal Madhu,BJP,,,,,False,6,2009,GE
1708708,Advt. K M Jayanandan,BSP,19704,1121,0.977980178671133,4,6,122,KL,Advt. K M Jayanandan,BSP,,,,,False,6,2009,GE
1708709,N.Peethambarakurup,IND,19702,726,0.633375209380234,5,6,122,KL,N.Peethambarakurup,IND,,,,,False,6,2009,GE
1708710,R.Zakieer Hussain,IND,19702,632,0.551367950865438,6,6,122,KL,R.Zakieer Hussain,IND,,,,,False,6,2009,GE
1708711,Adv.Anu Sasi,IND,19702,424,0.369905080960357,7,6,122,KL,Adv.Anu Sasi,IND,,,,,False,6,2009,GE
1708712,S.Radhakrishnan,IND,19702,299,0.260852875488553,8,6,122,KL,S.Radhakrishnan,IND,,,,,False,6,2009,GE
1708713,Krishnammal,IND,19702,289,0.252128699050809,9,6,122,KL,Krishnammal,IND,,,,,False,6,2009,GE
1708714,K A John,IND,19702,211,0.184080122836404,10,6,122,KL,K A John,IND,,,,,False,6,2009,GE
1708715,S.Pradeep Kumar,IND,19702,158,0.137841987716359,11,6,122,KL,S.Pradeep Kumar,IND,,,,,False,6,2009,GE
1708776,N.Peethambarakurup,INC,19698,51795,45.9428054427078,1,6,123,KL,N.Peethambarakurup,INC,,,,,False,6,2009,GE
1708777,P.Rajendran,CPI(M),19700,50965,45.21,2,6,123,KL,P.Rajendran,CPM,,,,,True,6,2009,GE
1708778,Vayakkal Madhu,BJP,19699,5926,5.25643527470772,3,6,123,KL,Vayakkal Madhu,BJP,,,,,False,6,2009,GE
1708779,Advt. K M Jayanandan,BSP,19704,1551,1.37575617804112,4,6,123,KL,Advt. K M Jayanandan,BSP,,,,,False,6,2009,GE
1708780,N.Peethambarakurup,IND,19702,659,0.58454114850361,5,6,123,KL,N.Peethambarakurup,IND,,,,,False,6,2009,GE
1708781,S.Radhakrishnan,IND,19702,608,0.539303517891039,6,6,123,KL,S.Radhakrishnan,IND,,,,,False,6,2009,GE
1708782,R.Zakieer Hussain,IND,19702,464,0.411573737337898,7,6,123,KL,R.Zakieer Hussain,IND,,,,,False,6,2009,GE
1708783,Adv.Anu Sasi,IND,19702,345,0.306019265908566,8,6,123,KL,Adv.Anu Sasi,IND,,,,,False,6,2009,GE
1708784,K A John,IND,19702,170,0.150792102041902,9,6,123,KL,K A John,IND,,,,,False,6,2009,GE
1708785,Krishnammal,IND,19702,130,0.115311607443807,10,6,123,KL,Krishnammal,IND,,,,,False,6,2009,GE
1708786,S.Pradeep Kumar,IND,19702,125,0.110876545619045,11,6,123,KL,S.Pradeep Kumar,IND,,,,,False,6,2009,GE
1708846,N.Peethambarakurup,INC,19698,52777,51.6798370592324,1,6,124,KL,N.Peethambarakurup,INC,,,,,False,6,2009,GE
1708847,P.Rajendran,CPI(M),19700,42152,41.28,2,6,124,KL,P.Rajendran,CPM,,,,,True,6,2009,GE
1708848,Vayakkal Madhu,BJP,19699,4784,4.68454706579321,3,6,124,KL,Vayakkal Madhu,BJP,,,,,False,6,2009,GE
1708849,Advt. K M Jayanandan,BSP,19704,623,0.610048666803756,4,6,124,KL,Advt. K M Jayanandan,BSP,,,,,False,6,2009,GE
1708850,N.Peethambarakurup,IND,19702,584,0.571859424419572,5,6,124,KL,N.Peethambarakurup,IND,,,,,False,6,2009,GE
1708851,R.Zakieer Hussain,IND,19702,363,0.355453717575864,6,6,124,KL,R.Zakieer Hussain,IND,,,,,False,6,2009,GE
1708852,Adv.Anu Sasi,IND,19702,320,0.313347629818943,7,6,124,KL,Adv.Anu Sasi,IND,,,,,False,6,2009,GE
1708853,S.Radhakrishnan,IND,19702,216,0.211509650127787,8,6,124,KL,S.Radhakrishnan,IND,,,,,False,6,2009,GE
1708854,Krishnammal,IND,19702,105,0.10281719103434,9,6,124,KL,Krishnammal,IND,,,,,False,6,2009,GE
1708855,K A John,IND,19702,104,0.101837979691156,10,6,124,KL,K A John,IND,,,,,False,6,2009,GE
1708856,S.Pradeep Kumar,IND,19702,95,0.0930250776024989,11,6,124,KL,S.Pradeep Kumar,IND,,,,,False,6,2009,GE
1708914,N.Peethambarakurup,INC,19698,43898,47.1843929703874,1,6,125,KL,N.Peethambarakurup,INC,,,,,False,6,2009,GE
1708915,P.Rajendran,CPI(M),19700,43090,46.32,2,6,125,KL,P.Rajendran,CPM,,,,,True,6,2009,GE
1708916,Vayakkal Madhu,BJP,19699,3856,4.14467673456226,3,6,125,KL,Vayakkal Madhu,BJP,,,,,False,6,2009,GE
1708917,N.Peethambarakurup,IND,19702,558,0.599774278497339,4,6,125,KL,N.Peethambarakurup,IND,,,,,False,6,2009,GE
1708918,Advt. K M Jayanandan,BSP,19704,524,0.56322889235234,5,6,125,KL,Advt. K M Jayanandan,BSP,,,,,False,6,2009,GE
1708919,R.Zakieer Hussain,IND,19702,355,0.381576825925726,6,6,125,KL,R.Zakieer Hussain,IND,,,,,False,6,2009,GE
1708920,Adv.Anu Sasi,IND,19702,250,0.268716074595582,7,6,125,KL,Adv.Anu Sasi,IND,,,,,False,6,2009,GE
1708921,S.Radhakrishnan,IND,19702,229,0.246143924329553,8,6,125,KL,S.Radhakrishnan,IND,,,,,False,6,2009,GE
1708922,K A John,IND,19702,126,0.135432901596173,9,6,125,KL,K A John,IND,,,,,False,6,2009,GE
1708923,S.Pradeep Kumar,IND,19702,76,0.081689686677057,10,6,125,KL,S.Pradeep Kumar,IND,,,,,False,6,2009,GE
1708924,Krishnammal,IND,19702,73,0.07846509378191,11,6,125,KL,Krishnammal,IND,,,,,False,6,2009,GE
1708985,P.Rajendran,CPI(M),19700,46393,46.66,1,6,126,KL,P.Rajendran,CPM,,,,,True,6,2009,GE
1708986,N.Peethambarakurup,INC,19698,45318,45.5832947755939,2,6,126,KL,N.Peethambarakurup,INC,,,,,False,6,2009,GE
1708987,Vayakkal Madhu,BJP,19699,4634,4.66112776358405,3,6,126,KL,Vayakkal Madhu,BJP,,,,,False,6,2009,GE
1708988,Advt. K M Jayanandan,BSP,19704,1143,1.14969120280029,4,6,126,KL,Advt. K M Jayanandan,BSP,,,,,False,6,2009,GE
1708989,N.Peethambarakurup,IND,19702,599,0.602506588344163,5,6,126,KL,N.Peethambarakurup,IND,,,,,False,6,2009,GE
1708990,R.Zakieer Hussain,IND,19702,416,0.418435293407632,6,6,126,KL,R.Zakieer Hussain,IND,,,,,False,6,2009,GE
1708991,Adv.Anu Sasi,IND,19702,325,0.326902572974712,7,6,126,KL,Adv.Anu Sasi,IND,,,,,False,6,2009,GE
1708992,S.Radhakrishnan,IND,19702,186,0.187088857148604,8,6,126,KL,S.Radhakrishnan,IND,,,,,False,6,2009,GE
1708993,Krishnammal,IND,19702,158,0.158924943169245,9,6,126,KL,Krishnammal,IND,,,,,False,6,2009,GE
1708994,K A John,IND,19702,157,0.157919089098553,10,6,126,KL,K A John,IND,,,,,False,6,2009,GE
1708995,S.Pradeep Kumar,IND,19702,89,0.0895210122915367,11,6,126,KL,S.Pradeep Kumar,IND,,,,,False,6,2009,GE
1709059,Adv. A Sampath,CPI(M),19700,43715,48.51,1,6,127,KL,Adv. A Sampath,CPM,,,,,False,6,2009,GE
1709060,Prof.G Balachandran,INC,19698,36555,40.5648338234478,2,6,127,KL,Prof.G Balachandran,INC,,,,,False,6,2009,GE
1709061,Thottakkadu Sasi,BJP,19699,4506,5.00027742329245,3,6,127,KL,Thottakkadu Sasi,BJP,,,,,False,6,2009,GE
1709062,J Sudhakaran,BSP,19704,1872,2.07734561393774,4,6,127,KL,J Sudhakaran,BSP,,,,,False,6,2009,GE
1709063,Sajimon,IND,19702,1416,1.57132552849137,5,6,127,KL,Sajimon,IND,,,,,False,6,2009,GE
1709064,Sreenath,SHS,19715,583,0.646951118015868,6,6,127,KL,Sreenath,SHS,,,,,False,6,2009,GE
1709065,Saifudeen M,IND,19702,553,0.613660322920712,7,6,127,KL,Saifudeen M,IND,,,,,False,6,2009,GE
1709066,Shamsudeen,IND,19702,212,0.23525495200577,8,6,127,KL,Shamsudeen,IND,,,,,False,6,2009,GE
1709067,Jayakumar,IND,19702,205,0.2274870998169,9,6,127,KL,Jayakumar,IND,,,,,False,6,2009,GE
1709068,Balachandran,IND,19702,196,0.217499861288353,10,6,127,KL,Balachandran,IND,,,,,False,6,2009,GE
1709069,Vivekanandan,IND,19702,108,0.119846862342562,11,6,127,KL,Vivekanandan,IND,,,,,False,6,2009,GE
1709070,Balachndran C P,IND,19702,82,0.0909948399267602,12,6,127,KL,Balachndran C P,IND,,,,,False,6,2009,GE
1709071,Murali Kumar,IND,19702,64,0.0710203628696665,13,6,127,KL,Murali Kumar,IND,,,,,False,6,2009,GE
1709072,J Vijayakumar,IND,19702,48,0.0532652721522499,14,6,127,KL,J Vijayakumar,IND,,,,,False,6,2009,GE
1709145,Adv. A Sampath,CPI(M),19700,52778,49.31,1,6,128,KL,Adv. A Sampath,CPM,,,,,False,6,2009,GE
1709146,Prof.G Balachandran,INC,19698,41145,38.4378240520164,2,6,128,KL,Prof.G Balachandran,INC,,,,,False,6,2009,GE
1709147,Thottakkadu Sasi,BJP,19699,7451,6.96075408947806,3,6,128,KL,Thottakkadu Sasi,BJP,,,,,False,6,2009,GE
1709148,J Sudhakaran,BSP,19704,1379,1.28826733181992,4,6,128,KL,J Sudhakaran,BSP,,,,,False,6,2009,GE
1709149,Sajimon,IND,19702,1278,1.19391272666124,5,6,128,KL,Sajimon,IND,,,,,False,6,2009,GE
1709150,Sreenath,SHS,19715,1169,1.09208448941079,6,6,128,KL,Sreenath,SHS,,,,,False,6,2009,GE
1709151,Saifudeen M,IND,19702,770,0.719337088833459,7,6,128,KL,Saifudeen M,IND,,,,,False,6,2009,GE
1709152,Shamsudeen,IND,19702,273,0.255037695131862,8,6,128,KL,Shamsudeen,IND,,,,,False,6,2009,GE
1709153,Balachandran,IND,19702,239,0.223274758741814,9,6,128,KL,Balachandran,IND,,,,,False,6,2009,GE
1709154,Jayakumar,IND,19702,155,0.144801621778163,10,6,128,KL,Jayakumar,IND,,,,,False,6,2009,GE
1709155,Balachndran C P,IND,19702,132,0.123314929514307,11,6,128,KL,Balachndran C P,IND,,,,,False,6,2009,GE
1709156,Vivekanandan,IND,19702,106,0.0990256252160346,12,6,128,KL,Vivekanandan,IND,,,,,False,6,2009,GE
1709157,J Vijayakumar,IND,19702,85,0.0794073409751221,13,6,128,KL,J Vijayakumar,IND,,,,,False,6,2009,GE
1709158,Murali Kumar,IND,19702,83,0.077538932952178,14,6,128,KL,Murali Kumar,IND,,,,,False,6,2009,GE
1709229,Adv. A Sampath,CPI(M),19700,49435,47.68,1,6,129,KL,Adv. A Sampath,CPM,,,,,False,6,2009,GE
1709230,Prof.G Balachandran,INC,19698,43584,42.0390643838919,2,6,129,KL,Prof.G Balachandran,INC,,,,,False,6,2009,GE
1709231,Thottakkadu Sasi,BJP,19699,4973,4.79672052085845,3,6,129,KL,Thottakkadu Sasi,BJP,,,,,False,6,2009,GE
1709232,J Sudhakaran,BSP,19704,1470,1.41789245237521,4,6,129,KL,J Sudhakaran,BSP,,,,,False,6,2009,GE
1709233,Sreenath,SHS,19715,1331,1.28381962864721,5,6,129,KL,Sreenath,SHS,,,,,False,6,2009,GE
1709234,Sajimon,IND,19702,976,0.941403424162044,6,6,129,KL,Sajimon,IND,,,,,False,6,2009,GE
1709235,Saifudeen M,IND,19702,757,0.730166385338799,7,6,129,KL,Saifudeen M,IND,,,,,False,6,2009,GE
1709236,Shamsudeen,IND,19702,352,0.339522546419098,8,6,129,KL,Shamsudeen,IND,,,,,False,6,2009,GE
1709237,Balachandran,IND,19702,258,0.248854593682179,9,6,129,KL,Balachandran,IND,,,,,False,6,2009,GE
1709238,Balachndran C P,IND,19702,131,0.126356402218471,10,6,129,KL,Balachndran C P,IND,,,,,False,6,2009,GE
1709239,Vivekanandan,IND,19702,110,0.106100795755968,11,6,129,KL,Vivekanandan,IND,,,,,False,6,2009,GE
1709240,Murali Kumar,IND,19702,109,0.105136243067277,12,6,129,KL,Murali Kumar,IND,,,,,False,6,2009,GE
1709241,Jayakumar,IND,19702,106,0.102242585001205,13,6,129,KL,Jayakumar,IND,,,,,False,6,2009,GE
1709242,J Vijayakumar,IND,19702,83,0.0800578731613214,14,6,129,KL,J Vijayakumar,IND,,,,,False,6,2009,GE
1709311,Adv. A Sampath,CPI(M),19700,48231,45.23,1,6,130,KL,Adv. A Sampath,CPM,,,,,False,6,2009,GE
1709312,Prof.G Balachandran,INC,19698,46380,43.4933465870195,2,6,130,KL,Prof.G Balachandran,INC,,,,,False,6,2009,GE
1709313,Thottakkadu Sasi,BJP,19699,7439,6.97600270075114,3,6,130,KL,Thottakkadu Sasi,BJP,,,,,False,6,2009,GE
1709314,J Sudhakaran,BSP,19704,2125,1.99274173129401,4,6,130,KL,J Sudhakaran,BSP,,,,,False,6,2009,GE
1709315,Sajimon,IND,19702,505,0.47356921143693,5,6,130,KL,Sajimon,IND,,,,,False,6,2009,GE
1709316,Saifudeen M,IND,19702,456,0.427618931515327,6,6,130,KL,Saifudeen M,IND,,,,,False,6,2009,GE
1709317,Sreenath,SHS,19715,429,0.402299389517709,7,6,130,KL,Sreenath,SHS,,,,,False,6,2009,GE
1709318,Jayakumar,IND,19702,346,0.324465241895402,8,6,130,KL,Jayakumar,IND,,,,,False,6,2009,GE
1709319,Shamsudeen,IND,19702,214,0.200680814351491,9,6,130,KL,Shamsudeen,IND,,,,,False,6,2009,GE
1709320,Balachandran,IND,19702,205,0.192240967018952,10,6,130,KL,Balachandran,IND,,,,,False,6,2009,GE
1709321,Balachndran C P,IND,19702,103,0.0965893639168393,11,6,130,KL,Balachndran C P,IND,,,,,False,6,2009,GE
1709322,Vivekanandan,IND,19702,86,0.0806474300664872,12,6,130,KL,Vivekanandan,IND,,,,,False,6,2009,GE
1709323,Murali Kumar,IND,19702,63,0.0590789313277755,13,6,130,KL,Murali Kumar,IND,,,,,False,6,2009,GE
1709324,J Vijayakumar,IND,19702,55,0.0515768448099627,14,6,130,KL,J Vijayakumar,IND,,,,,False,6,2009,GE
1709403,Adv. A Sampath,CPI(M),19700,49369,45.33,1,6,131,KL,Adv. A Sampath,CPM,,,,,False,6,2009,GE
1709404,Prof.G Balachandran,INC,19698,49351,45.3160581796811,2,6,131,KL,Prof.G Balachandran,INC,,,,,False,6,2009,GE
1709405,Thottakkadu Sasi,BJP,19699,5751,5.28079776684052,3,6,131,KL,Thottakkadu Sasi,BJP,,,,,False,6,2009,GE
1709406,J Sudhakaran,BSP,19704,1339,1.22952324983471,4,6,131,KL,J Sudhakaran,BSP,,,,,False,6,2009,GE
1709407,Sreenath,SHS,19715,737,0.676742819363843,5,6,131,KL,Sreenath,SHS,,,,,False,6,2009,GE
1709408,Saifudeen M,IND,19702,682,0.626239623888929,6,6,131,KL,Saifudeen M,IND,,,,,False,6,2009,GE
1709409,Sajimon,IND,19702,643,0.590428267097627,7,6,131,KL,Sajimon,IND,,,,,False,6,2009,GE
1709410,Shamsudeen,IND,19702,254,0.233232939102328,8,6,131,KL,Shamsudeen,IND,,,,,False,6,2009,GE
1709411,Balachandran,IND,19702,244,0.224050539925071,9,6,131,KL,Balachandran,IND,,,,,False,6,2009,GE
1709412,Jayakumar,IND,19702,204,0.187320943216043,10,6,131,KL,Jayakumar,IND,,,,,False,6,2009,GE
1709413,Balachndran C P,IND,19702,117,0.107434070373907,11,6,131,KL,Balachndran C P,IND,,,,,False,6,2009,GE
1709414,Vivekanandan,IND,19702,81,0.0743774333357819,12,6,131,KL,Vivekanandan,IND,,,,,False,6,2009,GE
1709415,Murali Kumar,IND,19702,70,0.0642767942407992,13,6,131,KL,Murali Kumar,IND,,,,,False,6,2009,GE
1709416,J Vijayakumar,IND,19702,62,0.0569308748989936,14,6,131,KL,J Vijayakumar,IND,,,,,False,6,2009,GE
1709498,Shashi Tharoor,INC,19698,45028,47.5375048827609,1,6,132,KL,Shashi Tharoor,INC,,,,,False,6,2009,GE
1709499,Adv. P Ramachandran Nair,CPI,19713,34326,36.2390599761404,2,6,132,KL,Adv. P Ramachandran Nair,CPI,,,,,False,6,2009,GE
1709500,P K Krishna Das,BJP,19699,10070,10.6312222210491,3,6,132,KL,P K Krishna Das,BJP,,,,,False,6,2009,GE
1709501,Dr.A Neelalohithadasan Nadar,BSP,19704,3945,4.16486312433356,4,6,132,KL,Dr.A Neelalohithadasan Nadar,BSP,,,,,False,6,2009,GE
1709502,M.P.Gangadharan,NCP,19730,254,0.268155952745431,5,6,132,KL,M.P.Gangadharan,NCP,,,,,False,6,2009,GE
1709503,Ajithkumar.K,AITC,19706,188,0.198477634315516,6,6,132,KL,Ajithkumar.K,AITC,,,,,False,6,2009,GE
1709504,Shajar Khan,IND,19702,166,0.175251528172211,7,6,132,KL,Shajar Khan,IND,,,,,False,6,2009,GE
1709505,Sasi - Kalapurakkal,IND,19702,143,0.150969689931482,8,6,132,KL,Sasi - Kalapurakkal,IND,,,,,False,6,2009,GE
1709506,Mohanan Joshwa,IND,19702,121,0.127743583788177,9,6,132,KL,Mohanan Joshwa,IND,,,,,False,6,2009,GE
1709507,Sasi - Janaki Sadan,IND,19702,92,0.0971273529629121,10,6,132,KL,Sasi - Janaki Sadan,IND,,,,,False,6,2009,GE
1709508,Prathapan,IND,19702,90,0.0950158887680662,11,6,132,KL,Prathapan,IND,,,,,False,6,2009,GE
1709509,G Ashokan,IND,19702,86,0.0907929603783743,12,6,132,KL,G Ashokan,IND,,,,,False,6,2009,GE
1709510,U.Nahur Miran Peeru Muhammad,IND,19702,69,0.072845514722184,13,6,132,KL,U.Nahur Miran Peeru Muhammad,IND,,,,,False,6,2009,GE
1709511,Dileep,IND,19702,58,0.0612324616505315,14,6,132,KL,Dileep,IND,,,,,False,6,2009,GE
1709512,Jain Wilson,BSA,19772,44,0.0464522122866101,15,6,132,KL,Jain Wilson,BSA,,,,,False,6,2009,GE
1709513,T.George,IND,19702,41,0.0432850159943412,16,6,132,KL,T.George,IND,,,,,False,6,2009,GE
1709596,Shashi Tharoor,INC,19698,51692,51.4829791048343,1,6,133,KL,Shashi Tharoor,INC,,,,,False,6,2009,GE
1709597,Adv. P Ramachandran Nair,CPI,19713,29078,28.9604206919905,2,6,133,KL,Adv. P Ramachandran Nair,CPI,,,,,False,6,2009,GE
1709598,P K Krishna Das,BJP,19699,12934,12.881700296795,3,6,133,KL,P K Krishna Das,BJP,,,,,False,6,2009,GE
1709599,Dr.A Neelalohithadasan Nadar,BSP,19704,5387,5.36521721809453,4,6,133,KL,Dr.A Neelalohithadasan Nadar,BSP,,,,,False,6,2009,GE
1709600,M.P.Gangadharan,NCP,19730,368,0.366511961436567,5,6,133,KL,M.P.Gangadharan,NCP,,,,,False,6,2009,GE
1709601,Shajar Khan,IND,19702,184,0.183255980718283,6,6,133,KL,Shajar Khan,IND,,,,,False,6,2009,GE
1709602,Ajithkumar.K,AITC,19706,176,0.175288329382706,7,6,133,KL,Ajithkumar.K,AITC,,,,,False,6,2009,GE
1709603,Mohanan Joshwa,IND,19702,115,0.114534987948927,8,6,133,KL,Mohanan Joshwa,IND,,,,,False,6,2009,GE
1709604,Sasi - Kalapurakkal,IND,19702,84,0.0836603390235643,9,6,133,KL,Sasi - Kalapurakkal,IND,,,,,False,6,2009,GE
1709605,G Ashokan,IND,19702,82,0.0816684261896699,10,6,133,KL,G Ashokan,IND,,,,,False,6,2009,GE
1709606,Prathapan,IND,19702,66,0.0657331235185148,11,6,133,KL,Prathapan,IND,,,,,False,6,2009,GE
1709607,Sasi - Janaki Sadan,IND,19702,64,0.0637412106846204,12,6,133,KL,Sasi - Janaki Sadan,IND,,,,,False,6,2009,GE
1709608,U.Nahur Miran Peeru Muhammad,IND,19702,53,0.0527856900982013,13,6,133,KL,U.Nahur Miran Peeru Muhammad,IND,,,,,False,6,2009,GE
1709609,Dileep,IND,19702,42,0.0418301695117821,14,6,133,KL,Dileep,IND,,,,,False,6,2009,GE
1709610,Jain Wilson,BSA,19772,41,0.0408342130948349,15,6,133,KL,Jain Wilson,BSA,,,,,False,6,2009,GE
1709611,T.George,IND,19702,40,0.0398382566778877,16,6,133,KL,T.George,IND,,,,,False,6,2009,GE
1709687,Shashi Tharoor,INC,19698,49366,50.9721318753936,1,6,134,KL,Shashi Tharoor,INC,,,,,False,6,2009,GE
1709688,Adv. P Ramachandran Nair,CPI,19713,32216,33.2641534760296,2,6,134,KL,Adv. P Ramachandran Nair,CPI,,,,,False,6,2009,GE
1709689,P K Krishna Das,BJP,19699,11589,11.966050243162,3,6,134,KL,P K Krishna Das,BJP,,,,,False,6,2009,GE
1709690,Dr.A Neelalohithadasan Nadar,BSP,19704,1618,1.67064192712366,4,6,134,KL,Dr.A Neelalohithadasan Nadar,BSP,,,,,False,6,2009,GE
1709691,M.P.Gangadharan,NCP,19730,904,0.933411806007289,5,6,134,KL,M.P.Gangadharan,NCP,,,,,False,6,2009,GE
1709692,Shajar Khan,IND,19702,209,0.215799853380003,6,6,134,KL,Shajar Khan,IND,,,,,False,6,2009,GE
1709693,Mohanan Joshwa,IND,19702,188,0.194116614523639,7,6,134,KL,Mohanan Joshwa,IND,,,,,False,6,2009,GE
1709694,Ajithkumar.K,AITC,19706,169,0.174498446034548,8,6,134,KL,Ajithkumar.K,AITC,,,,,False,6,2009,GE
1709695,Prathapan,IND,19702,137,0.141457320158184,9,6,134,KL,Prathapan,IND,,,,,False,6,2009,GE
1709696,Sasi - Kalapurakkal,IND,19702,128,0.132164503505456,10,6,134,KL,Sasi - Kalapurakkal,IND,,,,,False,6,2009,GE
1709697,G Ashokan,IND,19702,74,0.0764076035890922,11,6,134,KL,G Ashokan,IND,,,,,False,6,2009,GE
1709698,Sasi - Janaki Sadan,IND,19702,73,0.0753750684054559,12,6,134,KL,Sasi - Janaki Sadan,IND,,,,,False,6,2009,GE
1709699,T.George,IND,19702,56,0.0578219702836374,13,6,134,KL,T.George,IND,,,,,False,6,2009,GE
1709701,Dileep,IND,19702,44,0.0454315480800008,14,6,134,KL,Dileep,IND,,,,,False,6,2009,GE
1709700,U.Nahur Miran Peeru Muhammad,IND,19702,44,0.0454315480800008,14,6,134,KL,U.Nahur Miran Peeru Muhammad,IND,,,,,False,6,2009,GE
1709702,Jain Wilson,BSA,19772,34,0.035106196243637,16,6,134,KL,Jain Wilson,BSA,,,,,False,6,2009,GE
1709790,Shashi Tharoor,INC,19698,42122,42.1165248517692,1,6,135,KL,Shashi Tharoor,INC,,,,,False,6,2009,GE
1709791,Adv. P Ramachandran Nair,CPI,19713,35297,35.2924119864417,2,6,135,KL,Adv. P Ramachandran Nair,CPI,,,,,False,6,2009,GE
1709792,P K Krishna Das,BJP,19699,14174,14.1721576195094,3,6,135,KL,P K Krishna Das,BJP,,,,,False,6,2009,GE
1709793,Dr.A Neelalohithadasan Nadar,BSP,19704,6874,6.87310649615549,4,6,135,KL,Dr.A Neelalohithadasan Nadar,BSP,,,,,False,6,2009,GE
1709794,M.P.Gangadharan,NCP,19730,381,0.380950476438063,5,6,135,KL,M.P.Gangadharan,NCP,,,,,False,6,2009,GE
1709795,Mohanan Joshwa,IND,19702,208,0.207972963514743,6,6,135,KL,Mohanan Joshwa,IND,,,,,False,6,2009,GE
1709796,Shajar Khan,IND,19702,197,0.196974393328867,7,6,135,KL,Shajar Khan,IND,,,,,False,6,2009,GE
1709797,Ajithkumar.K,AITC,19706,176,0.175977122974013,8,6,135,KL,Ajithkumar.K,AITC,,,,,False,6,2009,GE
1709798,Sasi - Kalapurakkal,IND,19702,114,0.113985181926349,9,6,135,KL,Sasi - Kalapurakkal,IND,,,,,False,6,2009,GE
1709799,Prathapan,IND,19702,109,0.10898583184186,10,6,135,KL,Prathapan,IND,,,,,False,6,2009,GE
1709800,Sasi - Janaki Sadan,IND,19702,74,0.0739903812504374,11,6,135,KL,Sasi - Janaki Sadan,IND,,,,,False,6,2009,GE
1709801,U.Nahur Miran Peeru Muhammad,IND,19702,71,0.070990771199744,12,6,135,KL,U.Nahur Miran Peeru Muhammad,IND,,,,,False,6,2009,GE
1709802,G Ashokan,IND,19702,62,0.0619919410476638,13,6,135,KL,G Ashokan,IND,,,,,False,6,2009,GE
1709803,T.George,IND,19702,59,0.0589923309969703,14,6,135,KL,T.George,IND,,,,,False,6,2009,GE
1709804,Jain Wilson,BSA,19772,57,0.0569925909631747,15,6,135,KL,Jain Wilson,BSA,,,,,False,6,2009,GE
1709805,Dileep,IND,19702,38,0.0379950606421165,16,6,135,KL,Dileep,IND,,,,,False,6,2009,GE
1709883,Prof.G Balachandran,INC,19698,47110,45.1911823954875,1,6,136,KL,Prof.G Balachandran,INC,,,,,False,6,2009,GE
1709884,Adv. A Sampath,CPI(M),19700,43644,41.87,2,6,136,KL,Adv. A Sampath,CPM,,,,,False,6,2009,GE
1709885,Thottakkadu Sasi,BJP,19699,7135,6.84438731462118,3,6,136,KL,Thottakkadu Sasi,BJP,,,,,False,6,2009,GE
1709886,J Sudhakaran,BSP,19704,3323,3.18765228402048,4,6,136,KL,J Sudhakaran,BSP,,,,,False,6,2009,GE
1709887,Jayakumar,IND,19702,988,0.947758187364503,5,6,136,KL,Jayakumar,IND,,,,,False,6,2009,GE
1709888,Saifudeen M,IND,19702,586,0.562131880359917,6,6,136,KL,Saifudeen M,IND,,,,,False,6,2009,GE
1709889,Sreenath,SHS,19715,487,0.467164207739385,7,6,136,KL,Sreenath,SHS,,,,,False,6,2009,GE
1709890,Sajimon,IND,19702,274,0.26283982119218,8,6,136,KL,Sajimon,IND,,,,,False,6,2009,GE
1709891,Shamsudeen,IND,19702,214,0.205283655967615,9,6,136,KL,Shamsudeen,IND,,,,,False,6,2009,GE
1709892,Balachandran,IND,19702,209,0.200487308865567,10,6,136,KL,Balachandran,IND,,,,,False,6,2009,GE
1709893,Vivekanandan,IND,19702,85,0.0815379007348003,11,6,136,KL,Vivekanandan,IND,,,,,False,6,2009,GE
1709894,Balachndran C P,IND,19702,83,0.0796193618939815,12,6,136,KL,Balachndran C P,IND,,,,,False,6,2009,GE
1709895,Murali Kumar,IND,19702,55,0.0527598181225178,13,6,136,KL,Murali Kumar,IND,,,,,False,6,2009,GE
1709896,J Vijayakumar,IND,19702,53,0.050841279281699,14,6,136,KL,J Vijayakumar,IND,,,,,False,6,2009,GE
1709972,Shashi Tharoor,INC,19698,47936,38.8161464026883,1,6,137,KL,Shashi Tharoor,INC,,,,,False,6,2009,GE
1709973,Adv. P Ramachandran Nair,CPI,19713,36002,29.1525972711445,2,6,137,KL,Adv. P Ramachandran Nair,CPI,,,,,False,6,2009,GE
1709974,Dr.A Neelalohithadasan Nadar,BSP,19704,21135,17.1140532005344,3,6,137,KL,Dr.A Neelalohithadasan Nadar,BSP,,,,,False,6,2009,GE
1709975,P K Krishna Das,BJP,19699,15735,12.7414065346775,4,6,137,KL,P K Krishna Das,BJP,,,,,False,6,2009,GE
1709976,Mohanan Joshwa,IND,19702,373,0.302036519697153,5,6,137,KL,Mohanan Joshwa,IND,,,,,False,6,2009,GE
1709977,M.P.Gangadharan,NCP,19730,359,0.290700028341228,6,6,137,KL,M.P.Gangadharan,NCP,,,,,False,6,2009,GE
1709978,Ajithkumar.K,AITC,19706,330,0.267217296246811,7,6,137,KL,Ajithkumar.K,AITC,,,,,False,6,2009,GE
1709979,Shajar Khan,IND,19702,305,0.246973561682659,8,6,137,KL,Shajar Khan,IND,,,,,False,6,2009,GE
1709980,Sasi - Janaki Sadan,IND,19702,245,0.198388598728693,9,6,137,KL,Sasi - Janaki Sadan,IND,,,,,False,6,2009,GE
1709981,Prathapan,IND,19702,236,0.191100854285598,10,6,137,KL,Prathapan,IND,,,,,False,6,2009,GE
1709982,Sasi - Kalapurakkal,IND,19702,201,0.162759625895785,11,6,137,KL,Sasi - Kalapurakkal,IND,,,,,False,6,2009,GE
1709983,U.Nahur Miran Peeru Muhammad,IND,19702,193,0.156281630835256,12,6,137,KL,U.Nahur Miran Peeru Muhammad,IND,,,,,False,6,2009,GE
1709984,G Ashokan,IND,19702,159,0.128750151828009,13,6,137,KL,G Ashokan,IND,,,,,False,6,2009,GE
1709985,Jain Wilson,BSA,19772,111,0.0898821814648366,14,6,137,KL,Jain Wilson,BSA,,,,,False,6,2009,GE
1709986,Dileep,IND,19702,97,0.0785456901089112,15,6,137,KL,Dileep,IND,,,,,False,6,2009,GE
1709987,T.George,IND,19702,78,0.0631604518401554,16,6,137,KL,T.George,IND,,,,,False,6,2009,GE
1710059,Prof.G Balachandran,INC,19698,44825,44.7739576882354,1,6,138,KL,Prof.G Balachandran,INC,,,,,False,6,2009,GE
1710060,Adv. A Sampath,CPI(M),19700,39438,39.39,2,6,138,KL,Adv. A Sampath,CPM,,,,,False,6,2009,GE
1710061,Thottakkadu Sasi,BJP,19699,10263,10.251313502607,3,6,138,KL,Thottakkadu Sasi,BJP,,,,,False,6,2009,GE
1710062,J Sudhakaran,BSP,19704,4028,4.02341330882793,4,6,138,KL,J Sudhakaran,BSP,,,,,False,6,2009,GE
1710063,Saifudeen M,IND,19702,424,0.42351719040294,5,6,138,KL,Saifudeen M,IND,,,,,False,6,2009,GE
1710064,Sreenath,SHS,19715,230,0.229738098567632,6,6,138,KL,Sreenath,SHS,,,,,False,6,2009,GE
1710065,Shamsudeen,IND,19702,188,0.187785924046586,7,6,138,KL,Shamsudeen,IND,,,,,False,6,2009,GE
1710066,Balachandran,IND,19702,165,0.164812114189823,8,6,138,KL,Balachandran,IND,,,,,False,6,2009,GE
1710067,Jayakumar,IND,19702,140,0.13984058173682,9,6,138,KL,Jayakumar,IND,,,,,False,6,2009,GE
1710068,Sajimon,IND,19702,125,0.124857662265017,10,6,138,KL,Sajimon,IND,,,,,False,6,2009,GE
1710069,Balachndran C P,IND,19702,88,0.0878997942345725,11,6,138,KL,Balachndran C P,IND,,,,,False,6,2009,GE
1710070,Vivekanandan,IND,19702,78,0.0779111812533711,12,6,138,KL,Vivekanandan,IND,,,,,False,6,2009,GE
1710071,J Vijayakumar,IND,19702,66,0.0659248456759294,13,6,138,KL,J Vijayakumar,IND,,,,,False,6,2009,GE
1710072,Murali Kumar,IND,19702,56,0.055936232694728,14,6,138,KL,Murali Kumar,IND,,,,,False,6,2009,GE
1710144,Shashi Tharoor,INC,19698,47047,40.3888912735545,1,6,139,KL,Shashi Tharoor,INC,,,,,False,6,2009,GE
1710145,Adv. P Ramachandran Nair,CPI,19713,32850,28.201055929948,2,6,139,KL,Adv. P Ramachandran Nair,CPI,,,,,False,6,2009,GE
1710146,Dr.A Neelalohithadasan Nadar,BSP,19704,24320,20.8782246641198,3,6,139,KL,Dr.A Neelalohithadasan Nadar,BSP,,,,,False,6,2009,GE
1710147,P K Krishna Das,BJP,19699,9439,8.103189251835,4,6,139,KL,P K Krishna Das,BJP,,,,,False,6,2009,GE
1710148,Mohanan Joshwa,IND,19702,430,0.369146242005408,5,6,139,KL,Mohanan Joshwa,IND,,,,,False,6,2009,GE
1710149,M.P.Gangadharan,NCP,19730,383,0.328797699274584,6,6,139,KL,M.P.Gangadharan,NCP,,,,,False,6,2009,GE
1710150,Shajar Khan,IND,19702,365,0.313345065888311,7,6,139,KL,Shajar Khan,IND,,,,,False,6,2009,GE
1710151,Prathapan,IND,19702,317,0.272138043524917,8,6,139,KL,Prathapan,IND,,,,,False,6,2009,GE
1710152,Ajithkumar.K,AITC,19706,294,0.25239301197579,9,6,139,KL,Ajithkumar.K,AITC,,,,,False,6,2009,GE
1710153,Sasi - Janaki Sadan,IND,19702,288,0.247242134180366,10,6,139,KL,Sasi - Janaki Sadan,IND,,,,,False,6,2009,GE
1710154,Sasi - Kalapurakkal,IND,19702,221,0.189723998798128,11,6,139,KL,Sasi - Kalapurakkal,IND,,,,,False,6,2009,GE
1710155,U.Nahur Miran Peeru Muhammad,IND,19702,195,0.167403528351289,12,6,139,KL,U.Nahur Miran Peeru Muhammad,IND,,,,,False,6,2009,GE
1710156,G Ashokan,IND,19702,104,0.0892818817873545,13,6,139,KL,G Ashokan,IND,,,,,False,6,2009,GE
1710157,Jain Wilson,BSA,19772,94,0.0806970854616474,14,6,139,KL,Jain Wilson,BSA,,,,,False,6,2009,GE
1710158,Dileep,IND,19702,74,0.063527492810233,15,6,139,KL,Dileep,IND,,,,,False,6,2009,GE
1710159,T.George,IND,19702,64,0.0549426964845259,16,6,139,KL,T.George,IND,,,,,False,6,2009,GE
1710238,Shashi Tharoor,INC,19698,42473,41.2303182091754,1,6,140,KL,Shashi Tharoor,INC,,,,,False,6,2009,GE
1710239,Adv. P Ramachandran Nair,CPI,19713,25850,25.0936765876482,2,6,140,KL,Adv. P Ramachandran Nair,CPI,,,,,False,6,2009,GE
1710240,Dr.A Neelalohithadasan Nadar,BSP,19704,22661,21.9979808569708,3,6,140,KL,Dr.A Neelalohithadasan Nadar,BSP,,,,,False,6,2009,GE
1710241,P K Krishna Das,BJP,19699,9968,9.67635467023899,4,6,140,KL,P K Krishna Das,BJP,,,,,False,6,2009,GE
1710242,M.P.Gangadharan,NCP,19730,316,0.306754421729085,5,6,140,KL,M.P.Gangadharan,NCP,,,,,False,6,2009,GE
1710243,Ajithkumar.K,AITC,19706,273,0.265012522569747,6,6,140,KL,Ajithkumar.K,AITC,,,,,False,6,2009,GE
1710244,Mohanan Joshwa,IND,19702,224,0.217446172364921,7,6,140,KL,Mohanan Joshwa,IND,,,,,False,6,2009,GE
1710245,Shajar Khan,IND,19702,219,0.212592463160347,8,6,140,KL,Shajar Khan,IND,,,,,False,6,2009,GE
1710246,Prathapan,IND,19702,214,0.207738753955773,9,6,140,KL,Prathapan,IND,,,,,False,6,2009,GE
1710247,U.Nahur Miran Peeru Muhammad,IND,19702,190,0.184440949773817,10,6,140,KL,U.Nahur Miran Peeru Muhammad,IND,,,,,False,6,2009,GE
1710248,Sasi - Janaki Sadan,IND,19702,177,0.171821305841924,11,6,140,KL,Sasi - Janaki Sadan,IND,,,,,False,6,2009,GE
1710249,Sasi - Kalapurakkal,IND,19702,176,0.170850564001009,12,6,140,KL,Sasi - Kalapurakkal,IND,,,,,False,6,2009,GE
1710250,G Ashokan,IND,19702,79,0.0766886054322713,13,6,140,KL,G Ashokan,IND,,,,,False,6,2009,GE
1710251,Jain Wilson,BSA,19772,76,0.0737763799095268,14,6,140,KL,Jain Wilson,BSA,,,,,False,6,2009,GE
1710252,T.George,IND,19702,63,0.0611567359776341,15,6,140,KL,T.George,IND,,,,,False,6,2009,GE
1710253,Dileep,IND,19702,55,0.0533908012503154,16,6,140,KL,Dileep,IND,,,,,False,6,2009,GE
