el_res_id,ca_full_name,party_abb,party_id,el_vote_count,el_vote_perc,el_rank,el_id,ac_no,state_abb,original_ca_full_name,original_party_abb,caste,caste_category,gender,age,incumbency,el_id,el_year,el_type
1943311,Adv. T Siddique,INC,19698,52459,38.5847099839656,1,21,1,KL,Adv. T Siddique,INC,,,,,False,21,2014,GE
1943312,K Surendran,BJP,19699,46631,34.2980920578414,2,21,1,KL,K Surendran,BJP,,,,,False,21,2014,GE
1943313,P Karunakaran,CPI(M),19700,29433,21.65,3,21,1,KL,P Karunakaran,CPM,,,,,True,21,2014,GE
1943314,Abdul Salam N U,SDPI,19701,2877,2.11609467629709,4,21,1,KL,Abdul Salam N U,SDPI,,,,,False,21,2014,GE
1943315,Manoharan K,IND,19702,1090,0.801718177672517,5,21,1,KL,Manoharan K,IND,,,,,False,21,2014,GE
1943316,Nota,NOTA,19703,914,0.672266435222642,6,21,1,KL,Nota,NOTA,,,,,,21,2014,GE
1943317,Adv. Basheer Alady,BSP,19704,471,0.346430515306198,7,21,1,KL,Adv. Basheer Alady,BSP,,,,,False,21,2014,GE
1943318,Ambalathara Kunhikrishnan,AAAP,19705,452,0.332455611291722,8,21,1,KL,Ambalathara Kunhikrishnan,AAAP,,,,,False,21,2014,GE
1943319,K K Ashokan,IND,19702,366,0.269200782594625,9,21,1,KL,K K Ashokan,IND,,,,,False,21,2014,GE
1943321,P K Raman,IND,19702,279,0.205210432633607,10,21,1,KL,P K Raman,IND,,,,,False,21,2014,GE
1943320,Karunakaran Paingappadan,IND,19702,279,0.205210432633607,10,21,1,KL,Karunakaran Paingappadan,IND,,,,,False,21,2014,GE
1943322,Gothra Moopan Nellikadan Kannan,IND,19702,245,0.180202709660336,12,21,1,KL,Gothra Moopan Nellikadan Kannan,IND,,,,,False,21,2014,GE
1943323,Karunakaran Kalippurayil,IND,19702,198,0.145633210256109,13,21,1,KL,Karunakaran Kalippurayil,IND,,,,,False,21,2014,GE
1943324,Abbas Mothalappara,AITC,19706,145,0.106650583268362,14,21,1,KL,Abbas Mothalappara,AITC,,,,,False,21,2014,GE
1943325,Aboobacker Siddiq,IND,19702,119,0.087527030406449,15,21,1,KL,Aboobacker Siddiq,IND,,,,,False,21,2014,GE
1943326,Adv. T Siddique,INC,19698,54426,43.5610123097117,1,21,2,KL,Adv. T Siddique,INC,,,,,False,21,2014,GE
1943327,K Surendran,BJP,19699,41236,33.0041139088537,2,21,2,KL,K Surendran,BJP,,,,,False,21,2014,GE
1943328,P Karunakaran,CPI(M),19700,22827,18.27,3,21,2,KL,P Karunakaran,CPM,,,,,True,21,2014,GE
1943329,Abdul Salam N U,SDPI,19701,2366,1.89367866690144,4,21,2,KL,Abdul Salam N U,SDPI,,,,,False,21,2014,GE
1943330,Manoharan K,IND,19702,903,0.72273534920203,5,21,2,KL,Manoharan K,IND,,,,,False,21,2014,GE
1943331,Nota,NOTA,19703,696,0.557058475132461,6,21,2,KL,Nota,NOTA,,,,,,21,2014,GE
1943332,Ambalathara Kunhikrishnan,AAAP,19705,596,0.477021337900786,7,21,2,KL,Ambalathara Kunhikrishnan,AAAP,,,,,False,21,2014,GE
1943333,K K Ashokan,IND,19702,396,0.316947063437435,8,21,2,KL,K K Ashokan,IND,,,,,False,21,2014,GE
1943334,Adv. Basheer Alady,BSP,19704,375,0.300139264618783,9,21,2,KL,Adv. Basheer Alady,BSP,,,,,False,21,2014,GE
1943335,Gothra Moopan Nellikadan Kannan,IND,19702,255,0.204094699940773,10,21,2,KL,Gothra Moopan Nellikadan Kannan,IND,,,,,False,21,2014,GE
1943336,P K Raman,IND,19702,238,0.190488386611388,11,21,2,KL,P K Raman,IND,,,,,False,21,2014,GE
1943337,Karunakaran Paingappadan,IND,19702,194,0.15527204622945,12,21,2,KL,Karunakaran Paingappadan,IND,,,,,False,21,2014,GE
1943338,Aboobacker Siddiq,IND,19702,188,0.15046981799555,13,21,2,KL,Aboobacker Siddiq,IND,,,,,False,21,2014,GE
1943339,Abbas Mothalappara,AITC,19706,126,0.100846792911911,14,21,2,KL,Abbas Mothalappara,AITC,,,,,False,21,2014,GE
1943340,Karunakaran Kalippurayil,IND,19702,120,0.0960445646780106,15,21,2,KL,Karunakaran Kalippurayil,IND,,,,,False,21,2014,GE
1943341,Adv. T Siddique,INC,19698,56291,39.7872490811422,1,21,3,KL,Adv. T Siddique,INC,,,,,False,21,2014,GE
1943342,P Karunakaran,CPI(M),19700,55456,39.2,2,21,3,KL,P Karunakaran,CPM,,,,,True,21,2014,GE
1943343,K Surendran,BJP,19699,24584,17.3763076053152,3,21,3,KL,K Surendran,BJP,,,,,False,21,2014,GE
1943344,Nota,NOTA,19703,823,0.581707661860334,4,21,3,KL,Nota,NOTA,,,,,,21,2014,GE
1943345,Manoharan K,IND,19702,690,0.487701441899915,5,21,3,KL,Manoharan K,IND,,,,,False,21,2014,GE
1943346,Abdul Salam N U,SDPI,19701,685,0.484167373480351,6,21,3,KL,Abdul Salam N U,SDPI,,,,,False,21,2014,GE
1943347,Gothra Moopan Nellikadan Kannan,IND,19702,661,0.467203845066441,7,21,3,KL,Gothra Moopan Nellikadan Kannan,IND,,,,,False,21,2014,GE
1943348,Ambalathara Kunhikrishnan,AAAP,19705,589,0.41631325982471,8,21,3,KL,Ambalathara Kunhikrishnan,AAAP,,,,,False,21,2014,GE
1943349,Adv. Basheer Alady,BSP,19704,503,0.355527283008199,9,21,3,KL,Adv. Basheer Alady,BSP,,,,,False,21,2014,GE
1943350,K K Ashokan,IND,19702,500,0.35340684195646,10,21,3,KL,K K Ashokan,IND,,,,,False,21,2014,GE
1943351,P K Raman,IND,19702,194,0.137121854679107,11,21,3,KL,P K Raman,IND,,,,,False,21,2014,GE
1943352,Karunakaran Paingappadan,IND,19702,142,0.100367543115635,12,21,3,KL,Karunakaran Paingappadan,IND,,,,,False,21,2014,GE
1943353,Karunakaran Kalippurayil,IND,19702,133,0.0940062199604184,13,21,3,KL,Karunakaran Kalippurayil,IND,,,,,False,21,2014,GE
1943354,Aboobacker Siddiq,IND,19702,132,0.0932994062765055,14,21,3,KL,Aboobacker Siddiq,IND,,,,,False,21,2014,GE
1943355,Abbas Mothalappara,AITC,19706,97,0.0685609273395533,15,21,3,KL,Abbas Mothalappara,AITC,,,,,False,21,2014,GE
1943356,P Karunakaran,CPI(M),19700,64669,42.72,1,21,4,KL,P Karunakaran,CPM,,,,,True,21,2014,GE
1943357,Adv. T Siddique,INC,19698,56954,37.6256854066195,2,21,4,KL,Adv. T Siddique,INC,,,,,False,21,2014,GE
1943358,K Surendran,BJP,19699,23578,15.5764021933012,3,21,4,KL,K Surendran,BJP,,,,,False,21,2014,GE
1943359,Nota,NOTA,19703,1084,0.716126048754707,4,21,4,KL,Nota,NOTA,,,,,,21,2014,GE
1943360,Ambalathara Kunhikrishnan,AAAP,19705,871,0.575411243971725,5,21,4,KL,Ambalathara Kunhikrishnan,AAAP,,,,,False,21,2014,GE
1943361,Gothra Moopan Nellikadan Kannan,IND,19702,849,0.560877320473013,6,21,4,KL,Gothra Moopan Nellikadan Kannan,IND,,,,,False,21,2014,GE
1943362,K K Ashokan,IND,19702,707,0.467067450617692,7,21,4,KL,K K Ashokan,IND,,,,,False,21,2014,GE
1943363,Abdul Salam N U,SDPI,19701,625,0.412895553940675,8,21,4,KL,Abdul Salam N U,SDPI,,,,,False,21,2014,GE
1943364,Adv. Basheer Alady,BSP,19704,587,0.387791504261082,9,21,4,KL,Adv. Basheer Alady,BSP,,,,,False,21,2014,GE
1943365,Manoharan K,IND,19702,580,0.383167074056947,10,21,4,KL,Manoharan K,IND,,,,,False,21,2014,GE
1943366,P K Raman,IND,19702,272,0.179692145074982,11,21,4,KL,P K Raman,IND,,,,,False,21,2014,GE
1943367,Karunakaran Kalippurayil,IND,19702,164,0.108343793354033,12,21,4,KL,Karunakaran Kalippurayil,IND,,,,,False,21,2014,GE
1943368,Karunakaran Paingappadan,IND,19702,159,0.105040628922508,13,21,4,KL,Karunakaran Paingappadan,IND,,,,,False,21,2014,GE
1943369,Aboobacker Siddiq,IND,19702,157,0.103719363149898,14,21,4,KL,Aboobacker Siddiq,IND,,,,,False,21,2014,GE
1943370,Abbas Mothalappara,AITC,19706,114,0.0753121490387792,15,21,4,KL,Abbas Mothalappara,AITC,,,,,False,21,2014,GE
1943371,P Karunakaran,CPI(M),19700,65452,45.11,1,21,5,KL,P Karunakaran,CPM,,,,,True,21,2014,GE
1943372,Adv. T Siddique,INC,19698,62001,42.733081074375,2,21,5,KL,Adv. T Siddique,INC,,,,,False,21,2014,GE
1943373,K Surendran,BJP,19699,12990,8.95312532307756,3,21,5,KL,K Surendran,BJP,,,,,False,21,2014,GE
1943374,Abdul Salam N U,SDPI,19701,1051,0.724382964938762,4,21,5,KL,Abdul Salam N U,SDPI,,,,,False,21,2014,GE
1943375,Nota,NOTA,19703,825,0.568616504352501,5,21,5,KL,Nota,NOTA,,,,,,21,2014,GE
1943376,Ambalathara Kunhikrishnan,AAAP,19705,783,0.53966875504001,6,21,5,KL,Ambalathara Kunhikrishnan,AAAP,,,,,False,21,2014,GE
1943377,K K Ashokan,IND,19702,459,0.316357546057937,7,21,5,KL,K K Ashokan,IND,,,,,False,21,2014,GE
1943378,Adv. Basheer Alady,BSP,19704,405,0.279139011227591,8,21,5,KL,Adv. Basheer Alady,BSP,,,,,False,21,2014,GE
1943379,Manoharan K,IND,19702,401,0.27638208272164,9,21,5,KL,Manoharan K,IND,,,,,False,21,2014,GE
1943380,Gothra Moopan Nellikadan Kannan,IND,19702,307,0.211594262831779,10,21,5,KL,Gothra Moopan Nellikadan Kannan,IND,,,,,False,21,2014,GE
1943381,P K Raman,IND,19702,109,0.0751263017871789,11,21,5,KL,P K Raman,IND,,,,,False,21,2014,GE
1943382,Aboobacker Siddiq,IND,19702,94,0.0647878198898607,12,21,5,KL,Aboobacker Siddiq,IND,,,,,False,21,2014,GE
1943383,Karunakaran Paingappadan,IND,19702,93,0.0640985877633728,13,21,5,KL,Karunakaran Paingappadan,IND,,,,,False,21,2014,GE
1943384,Karunakaran Kalippurayil,IND,19702,74,0.0510031773601031,14,21,5,KL,Karunakaran Kalippurayil,IND,,,,,False,21,2014,GE
1943385,Abbas Mothalappara,AITC,19706,45,0.0310154456919546,15,21,5,KL,Abbas Mothalappara,AITC,,,,,False,21,2014,GE
1943386,P Karunakaran,CPI(M),19700,75167,54.19,1,21,6,KL,P Karunakaran,CPM,,,,,True,21,2014,GE
1943387,Adv. T Siddique,INC,19698,47025,33.9023985811819,2,21,6,KL,Adv. T Siddique,INC,,,,,False,21,2014,GE
1943388,K Surendran,BJP,19699,12878,9.28431874382692,3,21,6,KL,K Surendran,BJP,,,,,False,21,2014,GE
1943389,Ambalathara Kunhikrishnan,AAAP,19705,930,0.670478058064842,4,21,6,KL,Ambalathara Kunhikrishnan,AAAP,,,,,False,21,2014,GE
1943390,Nota,NOTA,19703,896,0.64596595701731,5,21,6,KL,Nota,NOTA,,,,,,21,2014,GE
1943391,Adv. Basheer Alady,BSP,19704,420,0.302796542351864,6,21,6,KL,Adv. Basheer Alady,BSP,,,,,False,21,2014,GE
1943392,K K Ashokan,IND,19702,349,0.25160950781143,7,21,6,KL,K K Ashokan,IND,,,,,False,21,2014,GE
1943393,Abdul Salam N U,SDPI,19701,347,0.250167619514516,8,21,6,KL,Abdul Salam N U,SDPI,,,,,False,21,2014,GE
1943394,Manoharan K,IND,19702,260,0.187445478598773,9,21,6,KL,Manoharan K,IND,,,,,False,21,2014,GE
1943395,Gothra Moopan Nellikadan Kannan,IND,19702,100,0.0720944148456819,10,21,6,KL,Gothra Moopan Nellikadan Kannan,IND,,,,,False,21,2014,GE
1943396,Aboobacker Siddiq,IND,19702,81,0.0583964760250023,11,21,6,KL,Aboobacker Siddiq,IND,,,,,False,21,2014,GE
1943397,Karunakaran Paingappadan,IND,19702,71,0.0511870345404341,12,21,6,KL,Karunakaran Paingappadan,IND,,,,,False,21,2014,GE
1943398,Karunakaran Kalippurayil,IND,19702,65,0.0468613696496932,13,21,6,KL,Karunakaran Kalippurayil,IND,,,,,False,21,2014,GE
1943399,Abbas Mothalappara,AITC,19706,60,0.0432566489074091,14,21,6,KL,Abbas Mothalappara,AITC,,,,,False,21,2014,GE
1943400,P K Raman,IND,19702,58,0.0418147606104955,15,21,6,KL,P K Raman,IND,,,,,False,21,2014,GE
1943401,P Karunakaran,CPI(M),19700,71205,52.65,1,21,7,KL,P Karunakaran,CPM,,,,,True,21,2014,GE
1943402,Adv. T Siddique,INC,19698,48423,35.8039114200155,2,21,7,KL,Adv. T Siddique,INC,,,,,False,21,2014,GE
1943403,K Surendran,BJP,19699,10758,7.95445302968686,3,21,7,KL,K Surendran,BJP,,,,,False,21,2014,GE
1943404,Abdul Salam N U,SDPI,19701,1762,1.30282080668417,4,21,7,KL,Abdul Salam N U,SDPI,,,,,False,21,2014,GE
1943405,Nota,NOTA,19703,855,0.63218603275537,5,21,7,KL,Nota,NOTA,,,,,,21,2014,GE
1943406,Ambalathara Kunhikrishnan,AAAP,19705,755,0.558246145883397,6,21,7,KL,Ambalathara Kunhikrishnan,AAAP,,,,,False,21,2014,GE
1943407,Adv. Basheer Alady,BSP,19704,342,0.252874413102148,7,21,7,KL,Adv. Basheer Alady,BSP,,,,,False,21,2014,GE
1943408,K K Ashokan,IND,19702,279,0.206292284372805,8,21,7,KL,K K Ashokan,IND,,,,,False,21,2014,GE
1943409,Manoharan K,IND,19702,270,0.199637694554327,9,21,7,KL,Manoharan K,IND,,,,,False,21,2014,GE
1943410,Gothra Moopan Nellikadan Kannan,IND,19702,238,0.175976930755296,10,21,7,KL,Gothra Moopan Nellikadan Kannan,IND,,,,,False,21,2014,GE
1943411,Aboobacker Siddiq,IND,19702,109,0.0805944766904507,11,21,7,KL,Aboobacker Siddiq,IND,,,,,False,21,2014,GE
1943412,P K Raman,IND,19702,71,0.0524973196791009,12,21,7,KL,P K Raman,IND,,,,,False,21,2014,GE
1943413,Karunakaran Kalippurayil,IND,19702,70,0.0517579208103812,13,21,7,KL,Karunakaran Kalippurayil,IND,,,,,False,21,2014,GE
1943414,Karunakaran Paingappadan,IND,19702,64,0.0473215275980628,14,21,7,KL,Karunakaran Paingappadan,IND,,,,,False,21,2014,GE
1943415,Abbas Mothalappara,AITC,19706,44,0.0325335502236682,15,21,7,KL,Abbas Mothalappara,AITC,,,,,False,21,2014,GE
1943416,P K Sreemathi Teacher,CPI(M),19700,78922,50.66,1,21,8,KL,P K Sreemathi Teacher,CPM,,,,,False,21,2014,GE
1943417,K Sudhakaran,INC,19698,64703,41.5316575947417,2,21,8,KL,K Sudhakaran,INC,,,,,True,21,2014,GE
1943418,P C Mohanan Master,BJP,19699,6793,4.36030091403923,3,21,8,KL,P C Mohanan Master,BJP,,,,,False,21,2014,GE
1943419,K K Abdul Jabbar,SDPI,19701,1630,1.04626681729485,4,21,8,KL,K K Abdul Jabbar,SDPI,,,,,False,21,2014,GE
1943420,Nota,NOTA,19703,1031,0.661779808976071,5,21,8,KL,Nota,NOTA,,,,,,21,2014,GE
1943421,Sasidharan K V,AAAP,19705,733,0.470499127041183,6,21,8,KL,Sasidharan K V,AAAP,,,,,False,21,2014,GE
1943422,K Sudhakaran (Kollon House),IND,19702,611,0.39218958611482,7,21,8,KL,K Sudhakaran (Kollon House),IND,,,,,False,21,2014,GE
1943423,K Sudhakaran (Sreeshylam),IND,19702,380,0.243914963541132,8,21,8,KL,K Sudhakaran (Sreeshylam),IND,,,,,False,21,2014,GE
1943424,N Abdulla Davud,BSP,19704,302,0.193848207866899,9,21,8,KL,N Abdulla Davud,BSP,,,,,False,21,2014,GE
1943425,Sreemathi Puthalath,IND,19702,257,0.164963541131765,10,21,8,KL,Sreemathi Puthalath,IND,,,,,False,21,2014,GE
1943426,P P Aboobackar,CPIM,26403,220,0.141213926260655,11,21,8,KL,P P Aboobackar,CPIM,,,,,False,21,2014,GE
1943427,P P Mohanan,IND,19702,210,0.134795111430625,12,21,8,KL,P P Mohanan,IND,,,,,False,21,2014,GE
1943428,K Sudhakaran,INC,19698,75083,54.1935530437544,1,21,9,KL,K Sudhakaran,INC,,,,,True,21,2014,GE
1943429,P K Sreemathi Teacher,CPI(M),19700,52928,38.2,2,21,9,KL,P K Sreemathi Teacher,CPM,,,,,False,21,2014,GE
1943430,P C Mohanan Master,BJP,19699,5234,3.77780664905519,3,21,9,KL,P C Mohanan Master,BJP,,,,,False,21,2014,GE
1943431,Sasidharan K V,AAAP,19705,1292,0.932542260332308,4,21,9,KL,Sasidharan K V,AAAP,,,,,False,21,2014,GE
1943432,Nota,NOTA,19703,961,0.693632439767297,5,21,9,KL,Nota,NOTA,,,,,,21,2014,GE
1943433,K Sudhakaran (Kollon House),IND,19702,785,0.566598819164754,6,21,9,KL,K Sudhakaran (Kollon House),IND,,,,,False,21,2014,GE
1943434,K K Abdul Jabbar,SDPI,19701,579,0.417911740504959,7,21,9,KL,K K Abdul Jabbar,SDPI,,,,,False,21,2014,GE
1943435,K Sudhakaran (Sreeshylam),IND,19702,572,0.412859266958267,8,21,9,KL,K Sudhakaran (Sreeshylam),IND,,,,,False,21,2014,GE
1943436,N Abdulla Davud,BSP,19704,376,0.271390007650888,9,21,9,KL,N Abdulla Davud,BSP,,,,,False,21,2014,GE
1943437,P P Aboobackar,CPIM,26403,298,0.215091016702034,10,21,9,KL,P P Aboobackar,CPIM,,,,,False,21,2014,GE
1943438,Sreemathi Puthalath,IND,19702,231,0.166731627040838,11,21,9,KL,Sreemathi Puthalath,IND,,,,,False,21,2014,GE
1943439,P P Mohanan,IND,19702,207,0.149408860595037,12,21,9,KL,P P Mohanan,IND,,,,,False,21,2014,GE
1943440,K Sudhakaran,INC,19698,56288,45.1669849625267,1,21,10,KL,K Sudhakaran,INC,,,,,True,21,2014,GE
1943441,P K Sreemathi Teacher,CPI(M),19700,51278,41.15,2,21,10,KL,P K Sreemathi Teacher,CPM,,,,,False,21,2014,GE
1943442,P C Mohanan Master,BJP,19699,8780,7.04530500232704,3,21,10,KL,P C Mohanan Master,BJP,,,,,False,21,2014,GE
1943443,K K Abdul Jabbar,SDPI,19701,4275,3.43037344931072,4,21,10,KL,K K Abdul Jabbar,SDPI,,,,,False,21,2014,GE
1943444,Nota,NOTA,19703,1181,0.947665741201393,5,21,10,KL,Nota,NOTA,,,,,,21,2014,GE
1943445,Sasidharan K V,AAAP,19705,857,0.687679542937844,6,21,10,KL,Sasidharan K V,AAAP,,,,,False,21,2014,GE
1943446,K Sudhakaran (Kollon House),IND,19702,475,0.381152605478968,7,21,10,KL,K Sudhakaran (Kollon House),IND,,,,,False,21,2014,GE
1943447,P P Mohanan,IND,19702,447,0.358684662419156,8,21,10,KL,P P Mohanan,IND,,,,,False,21,2014,GE
1943448,K Sudhakaran (Sreeshylam),IND,19702,348,0.27924443517196,9,21,10,KL,K Sudhakaran (Sreeshylam),IND,,,,,False,21,2014,GE
1943449,N Abdulla Davud,BSP,19704,249,0.199804207924764,10,21,10,KL,N Abdulla Davud,BSP,,,,,False,21,2014,GE
1943450,P P Aboobackar,CPIM,26403,225,0.180545971016353,11,21,10,KL,P P Aboobackar,CPIM,,,,,False,21,2014,GE
1943451,Sreemathi Puthalath,IND,19702,219,0.175731411789251,12,21,10,KL,Sreemathi Puthalath,IND,,,,,False,21,2014,GE
1943452,K Sudhakaran,INC,19698,55173,47.2432247292032,1,21,11,KL,K Sudhakaran,INC,,,,,True,21,2014,GE
1943453,P K Sreemathi Teacher,CPI(M),19700,47116,40.34,2,21,11,KL,P K Sreemathi Teacher,CPM,,,,,False,21,2014,GE
1943454,P C Mohanan Master,BJP,19699,6829,5.84749753821124,3,21,11,KL,P C Mohanan Master,BJP,,,,,False,21,2014,GE
1943455,K K Abdul Jabbar,SDPI,19701,3835,3.28381213340754,4,21,11,KL,K K Abdul Jabbar,SDPI,,,,,False,21,2014,GE
1943456,Nota,NOTA,19703,1032,0.883675129511496,5,21,11,KL,Nota,NOTA,,,,,,21,2014,GE
1943457,Sasidharan K V,AAAP,19705,839,0.718414179903241,6,21,11,KL,Sasidharan K V,AAAP,,,,,False,21,2014,GE
1943458,P P Mohanan,IND,19702,655,0.560859699447703,7,21,11,KL,P P Mohanan,IND,,,,,False,21,2014,GE
1943459,K Sudhakaran (Kollon House),IND,19702,503,0.430705998201824,8,21,11,KL,K Sudhakaran (Kollon House),IND,,,,,False,21,2014,GE
1943460,K Sudhakaran (Sreeshylam),IND,19702,295,0.252600933339042,9,21,11,KL,K Sudhakaran (Sreeshylam),IND,,,,,False,21,2014,GE
1943461,Sreemathi Puthalath,IND,19702,188,0.160979577856745,10,21,11,KL,Sreemathi Puthalath,IND,,,,,False,21,2014,GE
1943462,P P Aboobackar,CPIM,26403,164,0.140428993449501,11,21,11,KL,P P Aboobackar,CPIM,,,,,False,21,2014,GE
1943463,N Abdulla Davud,BSP,19704,156,0.133578798647087,12,21,11,KL,N Abdulla Davud,BSP,,,,,False,21,2014,GE
1943464,P K Sreemathi Teacher,CPI(M),19700,72158,50.43,1,21,12,KL,P K Sreemathi Teacher,CPM,,,,,False,21,2014,GE
1943465,K Sudhakaran,INC,19698,57197,39.9719063825624,2,21,12,KL,K Sudhakaran,INC,,,,,True,21,2014,GE
1943466,P C Mohanan Master,BJP,19699,6916,4.83322035319687,3,21,12,KL,P C Mohanan Master,BJP,,,,,False,21,2014,GE
1943467,K K Abdul Jabbar,SDPI,19701,3177,2.22023439301713,4,21,12,KL,K K Abdul Jabbar,SDPI,,,,,False,21,2014,GE
1943468,Nota,NOTA,19703,1030,0.719811591063155,5,21,12,KL,Nota,NOTA,,,,,,21,2014,GE
1943469,Sasidharan K V,AAAP,19705,607,0.42419964638382,6,21,12,KL,Sasidharan K V,AAAP,,,,,False,21,2014,GE
1943470,K Sudhakaran (Kollon House),IND,19702,583,0.407427337465844,7,21,12,KL,K Sudhakaran (Kollon House),IND,,,,,False,21,2014,GE
1943471,N Abdulla Davud,BSP,19704,354,0.247391556540152,8,21,12,KL,N Abdulla Davud,BSP,,,,,False,21,2014,GE
1943472,P P Mohanan,IND,19702,339,0.236908863466417,9,21,12,KL,P P Mohanan,IND,,,,,False,21,2014,GE
1943473,K Sudhakaran (Sreeshylam),IND,19702,324,0.226426170392682,10,21,12,KL,K Sudhakaran (Sreeshylam),IND,,,,,False,21,2014,GE
1943474,Sreemathi Puthalath,IND,19702,205,0.143263472007715,11,21,12,KL,Sreemathi Puthalath,IND,,,,,False,21,2014,GE
1943475,P P Aboobackar,CPIM,26403,203,0.141865779597884,12,21,12,KL,P P Aboobackar,CPIM,,,,,False,21,2014,GE
1943476,Adv.A.N.Shamseer,CPI(M),19700,64404,51.85,1,21,13,KL,Adv.A.N.Shamseer,CPM,,,,,False,21,2014,GE
1943477,Mullappally Ramachandran,INC,19698,41365,33.301399198158,2,21,13,KL,Mullappally Ramachandran,INC,,,,,True,21,2014,GE
1943478,V.K.Sajeevan,BJP,19699,11780,9.48363308483746,3,21,13,KL,V.K.Sajeevan,BJP,,,,,False,21,2014,GE
1943479,P.Abdul Hameed Master,SDPI,19701,2326,1.87257475002818,4,21,13,KL,P.Abdul Hameed Master,SDPI,,,,,False,21,2014,GE
1943480,Adv.P.Kumarankutty,IND,19702,1238,0.996667042362375,5,21,13,KL,Adv.P.Kumarankutty,IND,,,,,False,21,2014,GE
1943481,Ali Akbar,AAAP,19705,1070,0.861416587502214,6,21,13,KL,Ali Akbar,AAAP,,,,,False,21,2014,GE
1943482,Nota,NOTA,19703,824,0.663371278599836,7,21,13,KL,Nota,NOTA,,,,,,21,2014,GE
1943483,A.P.Shamseer,IND,19702,596,0.479817089861046,8,21,13,KL,A.P.Shamseer,IND,,,,,False,21,2014,GE
1943484,Saseendran,BSP,19704,278,0.223807300304314,9,21,13,KL,Saseendran,BSP,,,,,False,21,2014,GE
1943485,P.Sharafudeen,IND,19702,186,0.149741575023749,10,21,13,KL,P.Sharafudeen,IND,,,,,False,21,2014,GE
1943486,Attuveppil Kunhikkannan,IND,19702,74,0.0595746051169756,11,21,13,KL,Attuveppil Kunhikkannan,IND,,,,,False,21,2014,GE
1943487,A.M.Smitha,CPIM,26403,73,0.0587695428856651,12,21,13,KL,A.M.Smitha,CPIM,,,,,False,21,2014,GE
1943488,Adv.A.N.Shamseer,CPI(M),19700,59486,44.1,1,21,14,KL,Adv.A.N.Shamseer,CPM,,,,,False,21,2014,GE
1943489,Mullappally Ramachandran,INC,19698,54761,40.5934722500204,2,21,14,KL,Mullappally Ramachandran,INC,,,,,True,21,2014,GE
1943490,V.K.Sajeevan,BJP,19699,14774,10.9517349760195,3,21,14,KL,V.K.Sajeevan,BJP,,,,,False,21,2014,GE
1943491,P.Abdul Hameed Master,SDPI,19701,2427,1.7990971156626,4,21,14,KL,P.Abdul Hameed Master,SDPI,,,,,False,21,2014,GE
1943492,Adv.P.Kumarankutty,IND,19702,800,0.593027479410827,5,21,14,KL,Adv.P.Kumarankutty,IND,,,,,False,21,2014,GE
1943493,Nota,NOTA,19703,739,0.547809134105752,6,21,14,KL,Nota,NOTA,,,,,,21,2014,GE
1943494,Ali Akbar,AAAP,19705,643,0.476645836576452,7,21,14,KL,Ali Akbar,AAAP,,,,,False,21,2014,GE
1943495,A.P.Shamseer,IND,19702,590,0.437357766065485,8,21,14,KL,A.P.Shamseer,IND,,,,,False,21,2014,GE
1943496,Saseendran,BSP,19704,278,0.206077049095262,9,21,14,KL,Saseendran,BSP,,,,,False,21,2014,GE
1943497,P.Sharafudeen,IND,19702,211,0.156410997694606,10,21,14,KL,P.Sharafudeen,IND,,,,,False,21,2014,GE
1943498,Attuveppil Kunhikkannan,IND,19702,105,0.0778348566726711,11,21,14,KL,Attuveppil Kunhikkannan,IND,,,,,False,21,2014,GE
1943499,A.M.Smitha,CPIM,26403,87,0.0644917383859275,12,21,14,KL,A.M.Smitha,CPIM,,,,,False,21,2014,GE
1943500,P K Sreemathi Teacher,CPI(M),19700,74399,51.82,1,21,15,KL,P K Sreemathi Teacher,CPM,,,,,False,21,2014,GE
1943501,K Sudhakaran,INC,19698,53666,37.3809772576882,2,21,15,KL,K Sudhakaran,INC,,,,,True,21,2014,GE
1943502,P C Mohanan Master,BJP,19699,9695,6.75303869327482,3,21,15,KL,P C Mohanan Master,BJP,,,,,False,21,2014,GE
1943503,K K Abdul Jabbar,SDPI,19701,2551,1.77689548288232,4,21,15,KL,K K Abdul Jabbar,SDPI,,,,,False,21,2014,GE
1943504,Nota,NOTA,19703,743,0.517535611047261,5,21,15,KL,Nota,NOTA,,,,,,21,2014,GE
1943505,K Sudhakaran (Kollon House),IND,19702,647,0.450666945286107,6,21,15,KL,K Sudhakaran (Kollon House),IND,,,,,False,21,2014,GE
1943506,Sasidharan K V,AAAP,19705,532,0.370563856093059,7,21,15,KL,Sasidharan K V,AAAP,,,,,False,21,2014,GE
1943507,N Abdulla Davud,BSP,19704,370,0.257722982621112,8,21,15,KL,N Abdulla Davud,BSP,,,,,False,21,2014,GE
1943508,K Sudhakaran (Sreeshylam),IND,19702,344,0.239612718977467,9,21,15,KL,K Sudhakaran (Sreeshylam),IND,,,,,False,21,2014,GE
1943509,P P Mohanan,IND,19702,224,0.156026886776025,10,21,15,KL,P P Mohanan,IND,,,,,False,21,2014,GE
1943510,P P Aboobackar,CPIM,26403,200,0.139309720335736,11,21,15,KL,P P Aboobackar,CPIM,,,,,False,21,2014,GE
1943511,Sreemathi Puthalath,IND,19702,194,0.135130428725664,12,21,15,KL,Sreemathi Puthalath,IND,,,,,False,21,2014,GE
1943512,K Sudhakaran,INC,19698,57886,47.3172246926498,1,21,16,KL,K Sudhakaran,INC,,,,,True,21,2014,GE
1943513,P K Sreemathi Teacher,CPI(M),19700,49677,40.61,2,21,16,KL,P K Sreemathi Teacher,CPM,,,,,False,21,2014,GE
1943514,P C Mohanan Master,BJP,19699,7265,5.93856264713576,3,21,16,KL,P C Mohanan Master,BJP,,,,,False,21,2014,GE
1943515,K K Abdul Jabbar,SDPI,19701,3122,2.55198796756474,4,21,16,KL,K K Abdul Jabbar,SDPI,,,,,False,21,2014,GE
1943516,Sasidharan K V,AAAP,19705,1220,0.997253465864504,5,21,16,KL,Sasidharan K V,AAAP,,,,,False,21,2014,GE
1943517,Nota,NOTA,19703,1031,0.842760920742872,6,21,16,KL,Nota,NOTA,,,,,,21,2014,GE
1943518,K Sudhakaran (Kollon House),IND,19702,635,0.519062254773738,7,21,16,KL,K Sudhakaran (Kollon House),IND,,,,,False,21,2014,GE
1943519,K Sudhakaran (Sreeshylam),IND,19702,481,0.393179440230186,8,21,16,KL,K Sudhakaran (Sreeshylam),IND,,,,,False,21,2014,GE
1943520,N Abdulla Davud,BSP,19704,301,0.246043682971488,9,21,16,KL,N Abdulla Davud,BSP,,,,,False,21,2014,GE
1943521,P P Mohanan,IND,19702,287,0.234599790740256,10,21,16,KL,P P Mohanan,IND,,,,,False,21,2014,GE
1943522,P P Aboobackar,CPIM,26403,225,0.183919696573372,11,21,16,KL,P P Aboobackar,CPIM,,,,,False,21,2014,GE
1943523,Sreemathi Puthalath,IND,19702,206,0.168388699973843,12,21,16,KL,Sreemathi Puthalath,IND,,,,,False,21,2014,GE
1943524,Sathyan Mokeri,CPI,19713,56285,44.1181081377667,1,21,17,KL,Sathyan Mokeri,CPI,,,,,False,21,2014,GE
1943525,M I Shanavas,INC,19698,47619,37.325400931195,2,21,17,KL,M I Shanavas,INC,,,,,True,21,2014,GE
1943526,P R Rasmilnath,BJP,19699,12950,10.1506529338914,3,21,17,KL,P R Rasmilnath,BJP,,,,,False,21,2014,GE
1943527,P V Anvar,IND,19702,2804,2.19787110630359,4,21,17,KL,P V Anvar,IND,,,,,False,21,2014,GE
1943528,Jaleel Neelambra,SDPI,19701,2401,1.88198592233771,5,21,17,KL,Jaleel Neelambra,SDPI,,,,,False,21,2014,GE
1943529,Nota,NOTA,19703,1675,1.31292229067708,6,21,17,KL,Nota,NOTA,,,,,,21,2014,GE
1943530,Adv. P P A Sageer,AAAP,19705,895,0.701531612033423,7,21,17,KL,Adv. P P A Sageer,AAAP,,,,,False,21,2014,GE
1943531,Sathyan Thazhemangad,IND,19702,763,0.598065497186035,8,21,17,KL,Sathyan Thazhemangad,IND,,,,,False,21,2014,GE
1943532,Ramla Mampad,WPOI,19717,437,0.342535546881124,9,21,17,KL,Ramla Mampad,WPOI,,,,,False,21,2014,GE
1943533,Sathyan Puthanveettil,IND,19702,409,0.320588189186223,10,21,17,KL,Sathyan Puthanveettil,IND,,,,,False,21,2014,GE
1943534,Abraham Benhur,IND,19702,281,0.220257411152393,11,21,17,KL,Abraham Benhur,IND,,,,,False,21,2014,GE
1943535,Cleatus,IND,19702,281,0.220257411152393,11,21,17,KL,Cleatus,IND,,,,,False,21,2014,GE
1943536,Vappan,BSP,19704,235,0.184201037796485,13,21,17,KL,Vappan,BSP,,,,,False,21,2014,GE
1943537,Sinoj A C,IND,19702,213,0.166956685321921,14,21,17,KL,Sinoj A C,IND,,,,,False,21,2014,GE
1943538,Sam P Mathew,CPIM,26403,199,0.155983006474471,15,21,17,KL,Sam P Mathew,CPIM,,,,,False,21,2014,GE
1943539,Satheesh Chandran,AITC,19706,131,0.102682280643998,16,21,17,KL,Satheesh Chandran,AITC,,,,,False,21,2014,GE
1943540,Sathyan Mokeri,CPI,19713,63165,42.838540783593,1,21,18,KL,Sathyan Mokeri,CPI,,,,,False,21,2014,GE
1943541,M I Shanavas,INC,19698,54182,36.7462648102056,2,21,18,KL,M I Shanavas,INC,,,,,True,21,2014,GE
1943542,P R Rasmilnath,BJP,19699,18918,12.8301989162354,3,21,18,KL,P R Rasmilnath,BJP,,,,,False,21,2014,GE
1943543,P V Anvar,IND,19702,3562,2.41575053069197,4,21,18,KL,P V Anvar,IND,,,,,False,21,2014,GE
1943544,Nota,NOTA,19703,2081,1.41133544479786,5,21,18,KL,Nota,NOTA,,,,,,21,2014,GE
1943545,Adv. P P A Sageer,AAAP,19705,1306,0.885729981213843,6,21,18,KL,Adv. P P A Sageer,AAAP,,,,,False,21,2014,GE
1943546,Sathyan Thazhemangad,IND,19702,888,0.60224213117756,7,21,18,KL,Sathyan Thazhemangad,IND,,,,,False,21,2014,GE
1943547,Ramla Mampad,WPOI,19717,696,0.472027616328358,8,21,18,KL,Ramla Mampad,WPOI,,,,,False,21,2014,GE
1943548,Jaleel Neelambra,SDPI,19701,662,0.448968795990478,9,21,18,KL,Jaleel Neelambra,SDPI,,,,,False,21,2014,GE
1943549,Sathyan Puthanveettil,IND,19702,455,0.308581272168682,10,21,18,KL,Sathyan Puthanveettil,IND,,,,,False,21,2014,GE
1943550,Cleatus,IND,19702,307,0.208207583639089,11,21,18,KL,Cleatus,IND,,,,,False,21,2014,GE
1943551,Abraham Benhur,IND,19702,290,0.2,12,21,18,KL,Abraham Benhur,IND,,,,,False,21,2014,GE
1943552,Vappan,BSP,19704,290,0.2,12,21,18,KL,Vappan,BSP,,,,,False,21,2014,GE
1943553,Sinoj A C,IND,19702,266,0.180401359113999,14,21,18,KL,Sinoj A C,IND,,,,,False,21,2014,GE
1943554,Sam P Mathew,CPIM,26403,214,0.145134928009007,15,21,18,KL,Sam P Mathew,CPIM,,,,,False,21,2014,GE
1943555,Satheesh Chandran,AITC,19706,167,0.113259499894879,16,21,18,KL,Satheesh Chandran,AITC,,,,,False,21,2014,GE
1943556,M I Shanavas,INC,19698,53383,41.2348120283329,1,21,19,KL,M I Shanavas,INC,,,,,True,21,2014,GE
1943557,Sathyan Mokeri,CPI,19713,51503,39.7826372421038,2,21,19,KL,Sathyan Mokeri,CPI,,,,,False,21,2014,GE
1943558,P R Rasmilnath,BJP,19699,12824,9.9056858822348,3,21,19,KL,P R Rasmilnath,BJP,,,,,False,21,2014,GE
1943559,P V Anvar,IND,19702,4596,3.55010389229189,4,21,19,KL,P V Anvar,IND,,,,,False,21,2014,GE
1943560,Nota,NOTA,19703,1369,1.05746132039765,5,21,19,KL,Nota,NOTA,,,,,,21,2014,GE
1943561,Sathyan Thazhemangad,IND,19702,1005,0.776295563915001,6,21,19,KL,Sathyan Thazhemangad,IND,,,,,False,21,2014,GE
1943562,Adv. P P A Sageer,AAAP,19705,981,0.757757162388673,7,21,19,KL,Adv. P P A Sageer,AAAP,,,,,False,21,2014,GE
1943563,Ramla Mampad,WPOI,19717,963,0.743853361243927,8,21,19,KL,Ramla Mampad,WPOI,,,,,False,21,2014,GE
1943564,Jaleel Neelambra,SDPI,19701,956,0.738446327465414,9,21,19,KL,Jaleel Neelambra,SDPI,,,,,False,21,2014,GE
1943565,Sathyan Puthanveettil,IND,19702,517,0.399348066212991,10,21,19,KL,Sathyan Puthanveettil,IND,,,,,False,21,2014,GE
1943566,Sam P Mathew,CPIM,26403,310,0.239454353048408,11,21,19,KL,Sam P Mathew,CPIM,,,,,False,21,2014,GE
1943567,Cleatus,IND,19702,296,0.228640285491383,12,21,19,KL,Cleatus,IND,,,,,False,21,2014,GE
1943568,Vappan,BSP,19704,244,0.188473748851005,13,21,19,KL,Vappan,BSP,,,,,False,21,2014,GE
1943569,Abraham Benhur,IND,19702,218,0.168390480530816,14,21,19,KL,Abraham Benhur,IND,,,,,False,21,2014,GE
1943570,Sinoj A C,IND,19702,181,0.139810444844393,15,21,19,KL,Sinoj A C,IND,,,,,False,21,2014,GE
1943571,Satheesh Chandran,AITC,19706,115,0.0888298406469902,16,21,19,KL,Satheesh Chandran,AITC,,,,,False,21,2014,GE
1943572,Mullappally Ramachandran,INC,19698,57656,47.294293284335,1,21,20,KL,Mullappally Ramachandran,INC,,,,,True,21,2014,GE
1943573,Adv.A.N.Shamseer,CPI(M),19700,42315,34.71,2,21,20,KL,Adv.A.N.Shamseer,CPM,,,,,False,21,2014,GE
1943574,V.K.Sajeevan,BJP,19699,9061,7.43259316375329,3,21,20,KL,V.K.Sajeevan,BJP,,,,,False,21,2014,GE
1943575,Adv.P.Kumarankutty,IND,19702,7570,6.20954974612211,4,21,20,KL,Adv.P.Kumarankutty,IND,,,,,False,21,2014,GE
1943576,P.Abdul Hameed Master,SDPI,19701,2935,2.40753348809358,5,21,20,KL,P.Abdul Hameed Master,SDPI,,,,,False,21,2014,GE
1943577,Nota,NOTA,19703,737,0.604549294965917,6,21,20,KL,Nota,NOTA,,,,,,21,2014,GE
1943578,Ali Akbar,AAAP,19705,712,0.58404219540805,7,21,20,KL,Ali Akbar,AAAP,,,,,False,21,2014,GE
1943579,A.P.Shamseer,IND,19702,339,0.278076270004676,8,21,20,KL,A.P.Shamseer,IND,,,,,False,21,2014,GE
1943580,Saseendran,BSP,19704,217,0.178001624162285,9,21,20,KL,Saseendran,BSP,,,,,False,21,2014,GE
1943581,P.Sharafudeen,IND,19702,199,0.163236512480621,10,21,20,KL,P.Sharafudeen,IND,,,,,False,21,2014,GE
1943582,Attuveppil Kunhikkannan,IND,19702,85,0.0697241384967476,11,21,20,KL,Attuveppil Kunhikkannan,IND,,,,,False,21,2014,GE
1943583,A.M.Smitha,CPIM,26403,83,0.0680835705321182,12,21,20,KL,A.M.Smitha,CPIM,,,,,False,21,2014,GE
1943584,Mullappally Ramachandran,INC,19698,68177,47.1405358686258,1,21,21,KL,Mullappally Ramachandran,INC,,,,,True,21,2014,GE
1943585,Adv.A.N.Shamseer,CPI(M),19700,61912,42.81,2,21,21,KL,Adv.A.N.Shamseer,CPM,,,,,False,21,2014,GE
1943586,V.K.Sajeevan,BJP,19699,8087,5.59170267934313,3,21,21,KL,V.K.Sajeevan,BJP,,,,,False,21,2014,GE
1943587,Adv.P.Kumarankutty,IND,19702,2087,1.44304235090752,4,21,21,KL,Adv.P.Kumarankutty,IND,,,,,False,21,2014,GE
1943588,P.Abdul Hameed Master,SDPI,19701,2007,1.38772687986171,5,21,21,KL,P.Abdul Hameed Master,SDPI,,,,,False,21,2014,GE
1943589,Nota,NOTA,19703,707,0.488850475367329,6,21,21,KL,Nota,NOTA,,,,,,21,2014,GE
1943590,Ali Akbar,AAAP,19705,622,0.430077787381158,7,21,21,KL,Ali Akbar,AAAP,,,,,False,21,2014,GE
1943591,A.P.Shamseer,IND,19702,351,0.242696629213483,8,21,21,KL,A.P.Shamseer,IND,,,,,False,21,2014,GE
1943592,P.Sharafudeen,IND,19702,261,0.180466724286949,9,21,21,KL,P.Sharafudeen,IND,,,,,False,21,2014,GE
1943593,Saseendran,BSP,19704,246,0.17009507346586,10,21,21,KL,Saseendran,BSP,,,,,False,21,2014,GE
1943594,Attuveppil Kunhikkannan,IND,19702,107,0.0739844425237684,11,21,21,KL,Attuveppil Kunhikkannan,IND,,,,,False,21,2014,GE
1943595,A.M.Smitha,CPIM,26403,61,0.0421780466724287,12,21,21,KL,A.M.Smitha,CPIM,,,,,False,21,2014,GE
1943596,Mullappally Ramachandran,INC,19698,68103,44.950991716445,1,21,22,KL,Mullappally Ramachandran,INC,,,,,True,21,2014,GE
1943597,Adv.A.N.Shamseer,CPI(M),19700,66356,43.8,2,21,22,KL,Adv.A.N.Shamseer,CPM,,,,,False,21,2014,GE
1943598,V.K.Sajeevan,BJP,19699,9107,6.01102273852348,3,21,22,KL,V.K.Sajeevan,BJP,,,,,False,21,2014,GE
1943599,P.Abdul Hameed Master,SDPI,19701,2545,1.67981254744068,4,21,22,KL,P.Abdul Hameed Master,SDPI,,,,,False,21,2014,GE
1943600,Adv.P.Kumarankutty,IND,19702,2160,1.42569552159995,5,21,22,KL,Adv.P.Kumarankutty,IND,,,,,False,21,2014,GE
1943601,Nota,NOTA,19703,847,0.559057456849609,6,21,22,KL,Nota,NOTA,,,,,,21,2014,GE
1943602,Ali Akbar,AAAP,19705,843,0.556417279957757,7,21,22,KL,Ali Akbar,AAAP,,,,,False,21,2014,GE
1943603,A.P.Shamseer,IND,19702,544,0.359064057291839,8,21,22,KL,A.P.Shamseer,IND,,,,,False,21,2014,GE
1943604,Saseendran,BSP,19704,382,0.252136893171843,9,21,22,KL,Saseendran,BSP,,,,,False,21,2014,GE
1943605,P.Sharafudeen,IND,19702,346,0.228375301145177,10,21,22,KL,P.Sharafudeen,IND,,,,,False,21,2014,GE
1943606,Attuveppil Kunhikkannan,IND,19702,150,0.0990066334444408,11,21,22,KL,Attuveppil Kunhikkannan,IND,,,,,False,21,2014,GE
1943607,A.M.Smitha,CPIM,26403,122,0.0805253952014785,12,21,22,KL,A.M.Smitha,CPIM,,,,,False,21,2014,GE
1943608,Mullappally Ramachandran,INC,19698,62371,44.8899540815592,1,21,23,KL,Mullappally Ramachandran,INC,,,,,True,21,2014,GE
1943609,Adv.A.N.Shamseer,CPI(M),19700,55745,40.12,2,21,23,KL,Adv.A.N.Shamseer,CPM,,,,,False,21,2014,GE
1943610,V.K.Sajeevan,BJP,19699,14093,10.1430812857163,3,21,23,KL,V.K.Sajeevan,BJP,,,,,False,21,2014,GE
1943611,Adv.P.Kumarankutty,IND,19702,1575,1.13356652416116,4,21,23,KL,Adv.P.Kumarankutty,IND,,,,,False,21,2014,GE
1943612,Ali Akbar,AAAP,19705,1456,1.04791927566898,5,21,23,KL,Ali Akbar,AAAP,,,,,False,21,2014,GE
1943613,Nota,NOTA,19703,1215,0.874465604352895,6,21,23,KL,Nota,NOTA,,,,,,21,2014,GE
1943614,P.Abdul Hameed Master,SDPI,19701,1075,0.77370413553857,7,21,23,KL,P.Abdul Hameed Master,SDPI,,,,,False,21,2014,GE
1943615,A.P.Shamseer,IND,19702,552,0.39728807703934,8,21,23,KL,A.P.Shamseer,IND,,,,,False,21,2014,GE
1943616,Saseendran,BSP,19704,387,0.278533488793885,9,21,23,KL,Saseendran,BSP,,,,,False,21,2014,GE
1943617,P.Sharafudeen,IND,19702,230,0.165536698766392,10,21,23,KL,P.Sharafudeen,IND,,,,,False,21,2014,GE
1943618,A.M.Smitha,CPIM,26403,134,0.0964431201508543,11,21,23,KL,A.M.Smitha,CPIM,,,,,False,21,2014,GE
1943619,Attuveppil Kunhikkannan,IND,19702,109,0.0784500007197248,12,21,23,KL,Attuveppil Kunhikkannan,IND,,,,,False,21,2014,GE
1943620,Mullappally Ramachandran,INC,19698,63012,44.7055317880936,1,21,24,KL,Mullappally Ramachandran,INC,,,,,True,21,2014,GE
1943621,Adv.A.N.Shamseer,CPI(M),19700,61837,43.87,2,21,24,KL,Adv.A.N.Shamseer,CPM,,,,,False,21,2014,GE
1943622,V.K.Sajeevan,BJP,19699,9325,6.61586815089146,3,21,24,KL,V.K.Sajeevan,BJP,,,,,False,21,2014,GE
1943623,Adv.P.Kumarankutty,IND,19702,1776,1.26003022369793,4,21,24,KL,Adv.P.Kumarankutty,IND,,,,,False,21,2014,GE
1943624,P.Abdul Hameed Master,SDPI,19701,1739,1.23377959403756,5,21,24,KL,P.Abdul Hameed Master,SDPI,,,,,False,21,2014,GE
1943625,Nota,NOTA,19703,1024,0.726503912762772,6,21,24,KL,Nota,NOTA,,,,,,21,2014,GE
1943626,Ali Akbar,AAAP,19705,884,0.627177205939737,7,21,24,KL,Ali Akbar,AAAP,,,,,False,21,2014,GE
1943627,A.P.Shamseer,IND,19702,513,0.363961432858694,8,21,24,KL,A.P.Shamseer,IND,,,,,False,21,2014,GE
1943628,Saseendran,BSP,19704,361,0.25612100830797,9,21,24,KL,Saseendran,BSP,,,,,False,21,2014,GE
1943629,P.Sharafudeen,IND,19702,245,0.173821736940312,10,21,24,KL,P.Sharafudeen,IND,,,,,False,21,2014,GE
1943630,A.M.Smitha,CPIM,26403,132,0.0936508950045761,11,21,24,KL,A.M.Smitha,CPIM,,,,,False,21,2014,GE
1943631,Attuveppil Kunhikkannan,IND,19702,101,0.0716571242080469,12,21,24,KL,Attuveppil Kunhikkannan,IND,,,,,False,21,2014,GE
1943632,M .K Raghavan,INC,19698,69414,43.3731777879142,1,21,25,KL,M .K Raghavan,INC,,,,,True,21,2014,GE
1943633,A.Vijayaraghavan,CPI(M),19700,68747,42.96,2,21,25,KL,A.Vijayaraghavan,CPM,,,,,False,21,2014,GE
1943634,C K.Padmanabhan,BJP,19699,15332,9.58016483482151,3,21,25,KL,C K.Padmanabhan,BJP,,,,,False,21,2014,GE
1943635,Adv.N.P.Prathap Kumar,IND,19702,1434,0.896031592299377,4,21,25,KL,Adv.N.P.Prathap Kumar,IND,,,,,False,21,2014,GE
1943636,K P Ratheesh,AAAP,19705,1296,0.809802610613663,5,21,25,KL,K P Ratheesh,AAAP,,,,,False,21,2014,GE
1943637,Nota,NOTA,19703,1000,0.62484769337474,6,21,25,KL,Nota,NOTA,,,,,,21,2014,GE
1943638,Musthafa Kommeri,SDPI,19701,852,0.532370234755278,7,21,25,KL,Musthafa Kommeri,SDPI,,,,,False,21,2014,GE
1943639,M.Vijayaraghavan,IND,19702,513,0.320546866701242,8,21,25,KL,M.Vijayaraghavan,IND,,,,,False,21,2014,GE
1943640,Velayudhan K.P.,BSP,19704,364,0.227444560388405,9,21,25,KL,Velayudhan K.P.,BSP,,,,,False,21,2014,GE
1943641,M Raghavan,IND,19702,335,0.209323977280538,10,21,25,KL,M Raghavan,IND,,,,,False,21,2014,GE
1943642,Vijayaraghavan.K.,IND,19702,305,0.190578546479296,11,21,25,KL,Vijayaraghavan.K.,IND,,,,,False,21,2014,GE
1943643,V M Raghavan,IND,19702,208,0.129968320221946,12,21,25,KL,V M Raghavan,IND,,,,,False,21,2014,GE
1943644,Thrissur Nazeer,IND,19702,141,0.0881035247658383,13,21,25,KL,Thrissur Nazeer,IND,,,,,False,21,2014,GE
1943645,Muhammed Riyas,IND,19702,98,0.0612350739507245,14,21,25,KL,Muhammed Riyas,IND,,,,,False,21,2014,GE
1943646,A.Vijayaraghavan,CPI(M),19700,63241,43.8,1,21,26,KL,A.Vijayaraghavan,CPM,,,,,False,21,2014,GE
1943647,M .K Raghavan,INC,19698,57792,40.0288136532388,2,21,26,KL,M .K Raghavan,INC,,,,,True,21,2014,GE
1943648,C K.Padmanabhan,BJP,19699,17392,12.0463234886685,3,21,26,KL,C K.Padmanabhan,BJP,,,,,False,21,2014,GE
1943649,K P Ratheesh,AAAP,19705,1470,1.01817476588907,4,21,26,KL,K P Ratheesh,AAAP,,,,,False,21,2014,GE
1943650,Adv.N.P.Prathap Kumar,IND,19702,1225,0.848478971574223,5,21,26,KL,Adv.N.P.Prathap Kumar,IND,,,,,False,21,2014,GE
1943651,Nota,NOTA,19703,786,0.544411813597828,6,21,26,KL,Nota,NOTA,,,,,,21,2014,GE
1943652,Musthafa Kommeri,SDPI,19701,625,0.432897434476644,7,21,26,KL,Musthafa Kommeri,SDPI,,,,,False,21,2014,GE
1943653,M.Vijayaraghavan,IND,19702,453,0.313764060508672,8,21,26,KL,M.Vijayaraghavan,IND,,,,,False,21,2014,GE
1943654,Velayudhan K.P.,BSP,19704,374,0.259045824790824,9,21,26,KL,Velayudhan K.P.,BSP,,,,,False,21,2014,GE
1943655,M Raghavan,IND,19702,313,0.216795035185903,10,21,26,KL,M Raghavan,IND,,,,,False,21,2014,GE
1943656,Vijayaraghavan.K.,IND,19702,308,0.21333185571009,11,21,26,KL,Vijayaraghavan.K.,IND,,,,,False,21,2014,GE
1943657,V M Raghavan,IND,19702,207,0.143375630298665,12,21,26,KL,V M Raghavan,IND,,,,,False,21,2014,GE
1943658,Thrissur Nazeer,IND,19702,112,0.0775752202582147,13,21,26,KL,Thrissur Nazeer,IND,,,,,False,21,2014,GE
1943659,Muhammed Riyas,IND,19702,78,0.0540255998226852,14,21,26,KL,Muhammed Riyas,IND,,,,,False,21,2014,GE
1943660,M .K Raghavan,INC,19698,47899,39.8321857432725,1,21,27,KL,M .K Raghavan,INC,,,,,True,21,2014,GE
1943661,A.Vijayaraghavan,CPI(M),19700,46380,38.57,2,21,27,KL,A.Vijayaraghavan,CPM,,,,,False,21,2014,GE
1943662,C K.Padmanabhan,BJP,19699,19918,16.5635498785883,3,21,27,KL,C K.Padmanabhan,BJP,,,,,False,21,2014,GE
1943663,K P Ratheesh,AAAP,19705,2356,1.95921897348901,4,21,27,KL,K P Ratheesh,AAAP,,,,,False,21,2014,GE
1943664,Nota,NOTA,19703,1085,0.902271895685727,5,21,27,KL,Nota,NOTA,,,,,,21,2014,GE
1943665,Adv.N.P.Prathap Kumar,IND,19702,874,0.726807038552373,6,21,27,KL,Adv.N.P.Prathap Kumar,IND,,,,,False,21,2014,GE
1943666,Musthafa Kommeri,SDPI,19701,601,0.499783787379836,7,21,27,KL,Musthafa Kommeri,SDPI,,,,,False,21,2014,GE
1943667,M Raghavan,IND,19702,272,0.226191664171906,8,21,27,KL,M Raghavan,IND,,,,,False,21,2014,GE
1943668,M.Vijayaraghavan,IND,19702,265,0.220370555167482,9,21,27,KL,M.Vijayaraghavan,IND,,,,,False,21,2014,GE
1943669,Velayudhan K.P.,BSP,19704,202,0.167980574127665,10,21,27,KL,Velayudhan K.P.,BSP,,,,,False,21,2014,GE
1943670,Vijayaraghavan.K.,IND,19702,187,0.155506769118185,11,21,27,KL,Vijayaraghavan.K.,IND,,,,,False,21,2014,GE
1943671,V M Raghavan,IND,19702,100,0.0831587000632006,12,21,27,KL,V M Raghavan,IND,,,,,False,21,2014,GE
1943672,Thrissur Nazeer,IND,19702,67,0.0557163290423444,13,21,27,KL,Thrissur Nazeer,IND,,,,,False,21,2014,GE
1943673,Muhammed Riyas,IND,19702,46,0.0382530020290723,14,21,27,KL,Muhammed Riyas,IND,,,,,False,21,2014,GE
1943674,M .K Raghavan,INC,19698,45128,42.8293488473621,1,21,28,KL,M .K Raghavan,INC,,,,,True,21,2014,GE
1943675,A.Vijayaraghavan,CPI(M),19700,39912,37.88,2,21,28,KL,A.Vijayaraghavan,CPM,,,,,False,21,2014,GE
1943676,C K.Padmanabhan,BJP,19699,14155,13.4339973616028,3,21,28,KL,C K.Padmanabhan,BJP,,,,,False,21,2014,GE
1943677,K P Ratheesh,AAAP,19705,2462,2.33659494908273,4,21,28,KL,K P Ratheesh,AAAP,,,,,False,21,2014,GE
1943678,Musthafa Kommeri,SDPI,19701,1211,1.14931619956913,5,21,28,KL,Musthafa Kommeri,SDPI,,,,,False,21,2014,GE
1943679,Nota,NOTA,19703,885,0.839921417521615,6,21,28,KL,Nota,NOTA,,,,,,21,2014,GE
1943680,Adv.N.P.Prathap Kumar,IND,19702,592,0.561845739178301,7,21,28,KL,Adv.N.P.Prathap Kumar,IND,,,,,False,21,2014,GE
1943681,M Raghavan,IND,19702,264,0.250552829633566,8,21,28,KL,M Raghavan,IND,,,,,False,21,2014,GE
1943682,M.Vijayaraghavan,IND,19702,228,0.216386534683535,9,21,28,KL,M.Vijayaraghavan,IND,,,,,False,21,2014,GE
1943683,Vijayaraghavan.K.,IND,19702,204,0.193609004716847,10,21,28,KL,Vijayaraghavan.K.,IND,,,,,False,21,2014,GE
1943684,Velayudhan K.P.,BSP,19704,158,0.149952072280695,11,21,28,KL,Velayudhan K.P.,BSP,,,,,False,21,2014,GE
1943685,V M Raghavan,IND,19702,71,0.0673835261514516,12,21,28,KL,V M Raghavan,IND,,,,,False,21,2014,GE
1943686,Thrissur Nazeer,IND,19702,61,0.0578928886653316,13,21,28,KL,Thrissur Nazeer,IND,,,,,False,21,2014,GE
1943687,Muhammed Riyas,IND,19702,36,0.0341662949500318,14,21,28,KL,Muhammed Riyas,IND,,,,,False,21,2014,GE
1943688,A.Vijayaraghavan,CPI(M),19700,54896,40.84,1,21,29,KL,A.Vijayaraghavan,CPM,,,,,False,21,2014,GE
1943689,M .K Raghavan,INC,19698,53128,39.5274090827927,2,21,29,KL,M .K Raghavan,INC,,,,,True,21,2014,GE
1943690,C K.Padmanabhan,BJP,19699,18031,13.415124099756,3,21,29,KL,C K.Padmanabhan,BJP,,,,,False,21,2014,GE
1943691,K P Ratheesh,AAAP,19705,2704,2.01178501279686,4,21,29,KL,K P Ratheesh,AAAP,,,,,False,21,2014,GE
1943692,Musthafa Kommeri,SDPI,19701,2099,1.56166299625022,5,21,29,KL,Musthafa Kommeri,SDPI,,,,,False,21,2014,GE
1943693,Adv.N.P.Prathap Kumar,IND,19702,872,0.648770906493661,6,21,29,KL,Adv.N.P.Prathap Kumar,IND,,,,,False,21,2014,GE
1943694,Nota,NOTA,19703,868,0.645794893161121,7,21,29,KL,Nota,NOTA,,,,,,21,2014,GE
1943695,M Raghavan,IND,19702,439,0.326617463246235,8,21,29,KL,M Raghavan,IND,,,,,False,21,2014,GE
1943696,M.Vijayaraghavan,IND,19702,404,0.300577346586513,9,21,29,KL,M.Vijayaraghavan,IND,,,,,False,21,2014,GE
1943697,Velayudhan K.P.,BSP,19704,366,0.272305219927385,10,21,29,KL,Velayudhan K.P.,BSP,,,,,False,21,2014,GE
1943698,Vijayaraghavan.K.,IND,19702,309,0.229897029938694,11,21,29,KL,Vijayaraghavan.K.,IND,,,,,False,21,2014,GE
1943699,V M Raghavan,IND,19702,124,0.0922564133087316,12,21,29,KL,V M Raghavan,IND,,,,,False,21,2014,GE
1943700,Thrissur Nazeer,IND,19702,107,0.0796083566454378,13,21,29,KL,Thrissur Nazeer,IND,,,,,False,21,2014,GE
1943701,Muhammed Riyas,IND,19702,61,0.0453842033212309,14,21,29,KL,Muhammed Riyas,IND,,,,,False,21,2014,GE
1943702,A.Vijayaraghavan,CPI(M),19700,64584,40.77,1,21,30,KL,A.Vijayaraghavan,CPM,,,,,False,21,2014,GE
1943703,M .K Raghavan,INC,19698,64364,40.6294778969429,2,21,30,KL,M .K Raghavan,INC,,,,,True,21,2014,GE
1943704,C K.Padmanabhan,BJP,19699,21726,13.7144372131779,3,21,30,KL,C K.Padmanabhan,BJP,,,,,False,21,2014,GE
1943705,Musthafa Kommeri,SDPI,19701,2191,1.38305863638372,4,21,30,KL,Musthafa Kommeri,SDPI,,,,,False,21,2014,GE
1943706,K P Ratheesh,AAAP,19705,1796,1.13371670969656,5,21,30,KL,K P Ratheesh,AAAP,,,,,False,21,2014,GE
1943707,Nota,NOTA,19703,1063,0.671013843211272,6,21,30,KL,Nota,NOTA,,,,,,21,2014,GE
1943708,Adv.N.P.Prathap Kumar,IND,19702,968,0.611045531729549,7,21,30,KL,Adv.N.P.Prathap Kumar,IND,,,,,False,21,2014,GE
1943709,M.Vijayaraghavan,IND,19702,455,0.287216649728249,8,21,30,KL,M.Vijayaraghavan,IND,,,,,False,21,2014,GE
1943710,M Raghavan,IND,19702,357,0.225354602094472,9,21,30,KL,M Raghavan,IND,,,,,False,21,2014,GE
1943711,Vijayaraghavan.K.,IND,19702,347,0.219042148254291,10,21,30,KL,Vijayaraghavan.K.,IND,,,,,False,21,2014,GE
1943712,Velayudhan K.P.,BSP,19704,250,0.157811346004532,11,21,30,KL,Velayudhan K.P.,BSP,,,,,False,21,2014,GE
1943713,V M Raghavan,IND,19702,149,0.0940555622187013,12,21,30,KL,V M Raghavan,IND,,,,,False,21,2014,GE
1943714,Thrissur Nazeer,IND,19702,84,0.0530246122575229,13,21,30,KL,Thrissur Nazeer,IND,,,,,False,21,2014,GE
1943715,Muhammed Riyas,IND,19702,83,0.0523933668735047,14,21,30,KL,Muhammed Riyas,IND,,,,,False,21,2014,GE
1943716,M .K Raghavan,INC,19698,58494,49.7956890387169,1,21,31,KL,M .K Raghavan,INC,,,,,True,21,2014,GE
1943717,A.Vijayaraghavan,CPI(M),19700,41895,35.67,2,21,31,KL,A.Vijayaraghavan,CPM,,,,,False,21,2014,GE
1943718,C K.Padmanabhan,BJP,19699,9041,7.69656417066776,3,21,31,KL,C K.Padmanabhan,BJP,,,,,False,21,2014,GE
1943719,Musthafa Kommeri,SDPI,19701,3013,2.56495385977458,4,21,31,KL,Musthafa Kommeri,SDPI,,,,,False,21,2014,GE
1943720,K P Ratheesh,AAAP,19705,1825,1.55361460142337,5,21,31,KL,K P Ratheesh,AAAP,,,,,False,21,2014,GE
1943721,Adv.N.P.Prathap Kumar,IND,19702,1015,0.864065107092996,6,21,31,KL,Adv.N.P.Prathap Kumar,IND,,,,,False,21,2014,GE
1943722,Nota,NOTA,19703,692,0.58909660503286,7,21,31,KL,Nota,NOTA,,,,,,21,2014,GE
1943723,M Raghavan,IND,19702,351,0.298804780876494,8,21,31,KL,M Raghavan,IND,,,,,False,21,2014,GE
1943724,M.Vijayaraghavan,IND,19702,347,0.295399598188443,9,21,31,KL,M.Vijayaraghavan,IND,,,,,False,21,2014,GE
1943725,Vijayaraghavan.K.,IND,19702,331,0.281778867436238,10,21,31,KL,Vijayaraghavan.K.,IND,,,,,False,21,2014,GE
1943726,Velayudhan K.P.,BSP,19704,195,0.166002656042497,11,21,31,KL,Velayudhan K.P.,BSP,,,,,False,21,2014,GE
1943727,V M Raghavan,IND,19702,105,0.0893860455613444,12,21,31,KL,V M Raghavan,IND,,,,,False,21,2014,GE
1943728,Thrissur Nazeer,IND,19702,93,0.0791704974971907,13,21,31,KL,Thrissur Nazeer,IND,,,,,False,21,2014,GE
1943729,Muhammed Riyas,IND,19702,71,0.060441992712909,14,21,31,KL,Muhammed Riyas,IND,,,,,False,21,2014,GE
1943730,M I Shanavas,INC,19698,49349,42.647757814593,1,21,32,KL,M I Shanavas,INC,,,,,True,21,2014,GE
1943731,Sathyan Mokeri,CPI,19713,46964,40.5866238019929,2,21,32,KL,Sathyan Mokeri,CPI,,,,,False,21,2014,GE
1943732,P R Rasmilnath,BJP,19699,6153,5.31746649036841,3,21,32,KL,P R Rasmilnath,BJP,,,,,False,21,2014,GE
1943733,P V Anvar,IND,19702,4660,4.02720524055206,4,21,32,KL,P V Anvar,IND,,,,,False,21,2014,GE
1943734,Ramla Mampad,WPOI,19717,2856,2.46817557232117,5,21,32,KL,Ramla Mampad,WPOI,,,,,False,21,2014,GE
1943735,Nota,NOTA,19703,1590,1.37408934173343,6,21,32,KL,Nota,NOTA,,,,,,21,2014,GE
1943736,Adv. P P A Sageer,AAAP,19705,1441,1.24532247889174,7,21,32,KL,Adv. P P A Sageer,AAAP,,,,,False,21,2014,GE
1943737,Jaleel Neelambra,SDPI,19701,1419,1.2263099219621,8,21,32,KL,Jaleel Neelambra,SDPI,,,,,False,21,2014,GE
1943738,Sathyan Thazhemangad,IND,19702,506,0.437288809381833,9,21,32,KL,Sathyan Thazhemangad,IND,,,,,False,21,2014,GE
1943739,Sathyan Puthanveettil,IND,19702,219,0.189261362163283,10,21,32,KL,Sathyan Puthanveettil,IND,,,,,False,21,2014,GE
1943740,Cleatus,IND,19702,131,0.113211134444704,11,21,32,KL,Cleatus,IND,,,,,False,21,2014,GE
1943741,Vappan,BSP,19704,112,0.0967911989145558,12,21,32,KL,Vappan,BSP,,,,,False,21,2014,GE
1943742,Abraham Benhur,IND,19702,89,0.0769144348517453,13,21,32,KL,Abraham Benhur,IND,,,,,False,21,2014,GE
1943743,Sinoj A C,IND,19702,78,0.0674081563869228,14,21,32,KL,Sinoj A C,IND,,,,,False,21,2014,GE
1943744,Satheesh Chandran,AITC,19706,74,0.0639513278542601,15,21,32,KL,Satheesh Chandran,AITC,,,,,False,21,2014,GE
1943745,Sam P Mathew,CPIM,26403,72,0.0622229135879288,16,21,32,KL,Sam P Mathew,CPIM,,,,,False,21,2014,GE
1943746,E. Ahamed,IUML,19708,65846,52.0143452982811,1,21,33,KL,E. Ahamed,IUML,,,,,True,21,2014,GE
1943747,P.K.Sainaba,CPI(M),19700,34129,26.96,2,21,33,KL,P.K.Sainaba,CPM,,,,,False,21,2014,GE
1943748,Adv. N.Sreeprakash,BJP,19699,10960,8.6577350859454,3,21,33,KL,Adv. N.Sreeprakash,BJP,,,,,False,21,2014,GE
1943749,Nasarudheen Elamaram,SDPI,19701,7603,6.00590874620829,4,21,33,KL,Nasarudheen Elamaram,SDPI,,,,,False,21,2014,GE
1943750,Prof. P.Ismail,WPOI,19717,3548,2.80270475227503,5,21,33,KL,Prof. P.Ismail,WPOI,,,,,False,21,2014,GE
1943751,Nota,NOTA,19703,3141,2.48119944388271,6,21,33,KL,Nota,NOTA,,,,,,21,2014,GE
1943752,Ilyas,BSP,19704,431,0.340463852376138,7,21,33,KL,Ilyas,BSP,,,,,False,21,2014,GE
1943753,Gopinathan.N,IND,19702,420,0.331774519716886,8,21,33,KL,Gopinathan.N,IND,,,,,False,21,2014,GE
1943754,Sreedharan,IND,19702,209,0.165097320525784,9,21,33,KL,Sreedharan,IND,,,,,False,21,2014,GE
1943755,Dr. M.V. Ibrahim,IND,19702,164,0.129550050556117,10,21,33,KL,Dr. M.V. Ibrahim,IND,,,,,False,21,2014,GE
1943756,Anwar Shakeel Omar,IND,19702,141,0.111381445904954,11,21,33,KL,Anwar Shakeel Omar,IND,,,,,False,21,2014,GE
1943757,M I Shanavas,INC,19698,56566,48.16956340319,1,21,34,KL,M I Shanavas,INC,,,,,True,21,2014,GE
1943758,Sathyan Mokeri,CPI,19713,37728,32.1278027096763,2,21,34,KL,Sathyan Mokeri,CPI,,,,,False,21,2014,GE
1943759,P R Rasmilnath,BJP,19699,6163,5.24818829780893,3,21,34,KL,P R Rasmilnath,BJP,,,,,False,21,2014,GE
1943760,P V Anvar,IND,19702,6049,5.15111001353987,4,21,34,KL,P V Anvar,IND,,,,,False,21,2014,GE
1943761,Jaleel Neelambra,SDPI,19701,3395,2.89105943064438,5,21,34,KL,Jaleel Neelambra,SDPI,,,,,False,21,2014,GE
1943762,Adv. P P A Sageer,AAAP,19705,2283,1.94412037707249,6,21,34,KL,Adv. P P A Sageer,AAAP,,,,,False,21,2014,GE
1943763,Ramla Mampad,WPOI,19717,2086,1.77636228934438,7,21,34,KL,Ramla Mampad,WPOI,,,,,False,21,2014,GE
1943764,Nota,NOTA,19703,1123,0.956306256439952,8,21,34,KL,Nota,NOTA,,,,,,21,2014,GE
1943765,Sathyan Thazhemangad,IND,19702,861,0.733196515400533,9,21,34,KL,Sathyan Thazhemangad,IND,,,,,False,21,2014,GE
1943766,Sathyan Puthanveettil,IND,19702,411,0.349992761706875,10,21,34,KL,Sathyan Puthanveettil,IND,,,,,False,21,2014,GE
1943767,Cleatus,IND,19702,180,0.153281501477463,11,21,34,KL,Cleatus,IND,,,,,False,21,2014,GE
1943768,Sam P Mathew,CPIM,26403,162,0.137953351329717,12,21,34,KL,Sam P Mathew,CPIM,,,,,False,21,2014,GE
1943769,Abraham Benhur,IND,19702,131,0.111554870519709,13,21,34,KL,Abraham Benhur,IND,,,,,False,21,2014,GE
1943770,Vappan,BSP,19704,115,0.0979298481661571,14,21,34,KL,Vappan,BSP,,,,,False,21,2014,GE
1943771,Sinoj A C,IND,19702,103,0.0877110814009929,15,21,34,KL,Sinoj A C,IND,,,,,False,21,2014,GE
1943772,Satheesh Chandran,AITC,19706,75,0.0638672922822764,16,21,34,KL,Satheesh Chandran,AITC,,,,,False,21,2014,GE
1943773,M I Shanavas,INC,19698,55403,40.446936346978,1,21,35,KL,M I Shanavas,INC,,,,,True,21,2014,GE
1943774,Sathyan Mokeri,CPI,19713,52137,38.0625944501632,2,21,35,KL,Sathyan Mokeri,CPI,,,,,False,21,2014,GE
1943775,P R Rasmilnath,BJP,19699,13120,9.57825036319966,3,21,35,KL,P R Rasmilnath,BJP,,,,,False,21,2014,GE
1943776,P V Anvar,IND,19702,6811,4.97236762376165,4,21,35,KL,P V Anvar,IND,,,,,False,21,2014,GE
1943777,Jaleel Neelambra,SDPI,19701,2704,1.9740540382692,5,21,35,KL,Jaleel Neelambra,SDPI,,,,,False,21,2014,GE
1943778,Adv. P P A Sageer,AAAP,19705,2058,1.50244201581287,6,21,35,KL,Adv. P P A Sageer,AAAP,,,,,False,21,2014,GE
1943779,Ramla Mampad,WPOI,19717,1479,1.07974331457106,7,21,35,KL,Ramla Mampad,WPOI,,,,,False,21,2014,GE
1943780,Nota,NOTA,19703,1471,1.07390291800813,8,21,35,KL,Nota,NOTA,,,,,,21,2014,GE
1943781,Sathyan Thazhemangad,IND,19702,682,0.497893806989495,9,21,35,KL,Sathyan Thazhemangad,IND,,,,,False,21,2014,GE
1943782,Sathyan Puthanveettil,IND,19702,361,0.263547894902064,10,21,35,KL,Sathyan Puthanveettil,IND,,,,,False,21,2014,GE
1943783,Vappan,BSP,19704,150,0.109507435554874,11,21,35,KL,Vappan,BSP,,,,,False,21,2014,GE
1943784,Cleatus,IND,19702,142,0.103667038991948,12,21,35,KL,Cleatus,IND,,,,,False,21,2014,GE
1943785,Abraham Benhur,IND,19702,140,0.102206939851216,13,21,35,KL,Abraham Benhur,IND,,,,,False,21,2014,GE
1943786,Sinoj A C,IND,19702,120,0.0876059484438993,14,21,35,KL,Sinoj A C,IND,,,,,False,21,2014,GE
1943787,Sam P Mathew,CPIM,26403,114,0.0832256510217044,15,21,35,KL,Sam P Mathew,CPIM,,,,,False,21,2014,GE
1943788,Satheesh Chandran,AITC,19706,85,0.0620542134810954,16,21,35,KL,Satheesh Chandran,AITC,,,,,False,21,2014,GE
1943789,M I Shanavas,INC,19698,60249,43.1530544274694,1,21,36,KL,M I Shanavas,INC,,,,,True,21,2014,GE
1943790,Sathyan Mokeri,CPI,19713,47982,34.3668750940072,2,21,36,KL,Sathyan Mokeri,CPI,,,,,False,21,2014,GE
1943791,P R Rasmilnath,BJP,19699,10571,7.5714275482212,3,21,36,KL,P R Rasmilnath,BJP,,,,,False,21,2014,GE
1943792,P V Anvar,IND,19702,8636,6.18549317060243,4,21,36,KL,P V Anvar,IND,,,,,False,21,2014,GE
1943793,Ramla Mampad,WPOI,19717,4109,2.94305134761526,5,21,36,KL,Ramla Mampad,WPOI,,,,,False,21,2014,GE
1943794,Jaleel Neelambra,SDPI,19701,2789,1.99760774117765,6,21,36,KL,Jaleel Neelambra,SDPI,,,,,False,21,2014,GE
1943795,Adv. P P A Sageer,AAAP,19705,1711,1.22549546258693,7,21,36,KL,Adv. P P A Sageer,AAAP,,,,,False,21,2014,GE
1943796,Nota,NOTA,19703,1420,1.01706812207682,8,21,36,KL,Nota,NOTA,,,,,,21,2014,GE
1943797,Sathyan Thazhemangad,IND,19702,771,0.552225015578332,9,21,36,KL,Sathyan Thazhemangad,IND,,,,,False,21,2014,GE
1943798,Sathyan Puthanveettil,IND,19702,483,0.345946410537399,10,21,36,KL,Sathyan Puthanveettil,IND,,,,,False,21,2014,GE
1943799,Cleatus,IND,19702,180,0.128924128150583,11,21,36,KL,Cleatus,IND,,,,,False,21,2014,GE
1943800,Vappan,BSP,19704,170,0.121761676586662,12,21,36,KL,Vappan,BSP,,,,,False,21,2014,GE
1943801,Abraham Benhur,IND,19702,159,0.113882979866349,13,21,36,KL,Abraham Benhur,IND,,,,,False,21,2014,GE
1943802,Sam P Mathew,CPIM,26403,151,0.108153018615212,14,21,36,KL,Sam P Mathew,CPIM,,,,,False,21,2014,GE
1943803,Sinoj A C,IND,19702,142,0.101706812207682,15,21,36,KL,Sinoj A C,IND,,,,,False,21,2014,GE
1943804,Satheesh Chandran,AITC,19706,94,0.0673270447008602,16,21,36,KL,Satheesh Chandran,AITC,,,,,False,21,2014,GE
1943805,E. Ahamed,IUML,19708,64677,50.3785577417395,1,21,37,KL,E. Ahamed,IUML,,,,,True,21,2014,GE
1943806,P.K.Sainaba,CPI(M),19700,38615,30.08,2,21,37,KL,P.K.Sainaba,CPM,,,,,False,21,2014,GE
1943807,Adv. N.Sreeprakash,BJP,19699,10656,8.30022900406599,3,21,37,KL,Adv. N.Sreeprakash,BJP,,,,,False,21,2014,GE
1943808,Nasarudheen Elamaram,SDPI,19701,5728,4.46168465984328,4,21,37,KL,Nasarudheen Elamaram,SDPI,,,,,False,21,2014,GE
1943809,Prof. P.Ismail,WPOI,19717,4226,3.29173871726566,5,21,37,KL,Prof. P.Ismail,WPOI,,,,,False,21,2014,GE
1943810,Nota,NOTA,19703,3168,2.46763564985746,6,21,37,KL,Nota,NOTA,,,,,,21,2014,GE
1943811,Ilyas,BSP,19704,394,0.306896605443131,7,21,37,KL,Ilyas,BSP,,,,,False,21,2014,GE
1943812,Gopinathan.N,IND,19702,369,0.287423470579988,8,21,37,KL,Gopinathan.N,IND,,,,,False,21,2014,GE
1943813,Dr. M.V. Ibrahim,IND,19702,188,0.146437974170834,9,21,37,KL,Dr. M.V. Ibrahim,IND,,,,,False,21,2014,GE
1943814,Sreedharan,IND,19702,184,0.143322272592731,10,21,37,KL,Sreedharan,IND,,,,,False,21,2014,GE
1943815,Anwar Shakeel Omar,IND,19702,177,0.137869794831051,11,21,37,KL,Anwar Shakeel Omar,IND,,,,,False,21,2014,GE
1943816,E. Ahamed,IUML,19708,59210,46.3868258594215,1,21,38,KL,E. Ahamed,IUML,,,,,True,21,2014,GE
1943817,P.K.Sainaba,CPI(M),19700,48596,38.07,2,21,38,KL,P.K.Sainaba,CPM,,,,,False,21,2014,GE
1943818,Adv. N.Sreeprakash,BJP,19699,7356,5.76290307417505,3,21,38,KL,Adv. N.Sreeprakash,BJP,,,,,False,21,2014,GE
1943819,Nasarudheen Elamaram,SDPI,19701,4365,3.41966719939833,4,21,38,KL,Nasarudheen Elamaram,SDPI,,,,,False,21,2014,GE
1943820,Prof. P.Ismail,WPOI,19717,3790,2.96919557519351,5,21,38,KL,Prof. P.Ismail,WPOI,,,,,False,21,2014,GE
1943821,Nota,NOTA,19703,2948,2.30954843157532,6,21,38,KL,Nota,NOTA,,,,,,21,2014,GE
1943822,Ilyas,BSP,19704,394,0.308670991194259,7,21,38,KL,Ilyas,BSP,,,,,False,21,2014,GE
1943823,Gopinathan.N,IND,19702,356,0.278900692551158,8,21,38,KL,Gopinathan.N,IND,,,,,False,21,2014,GE
1943824,Anwar Shakeel Omar,IND,19702,220,0.172354360565322,9,21,38,KL,Anwar Shakeel Omar,IND,,,,,False,21,2014,GE
1943825,Dr. M.V. Ibrahim,IND,19702,216,0.16922064491868,10,21,38,KL,Dr. M.V. Ibrahim,IND,,,,,False,21,2014,GE
1943826,Sreedharan,IND,19702,193,0.151201779950487,11,21,38,KL,Sreedharan,IND,,,,,False,21,2014,GE
1943827,E. Ahamed,IUML,19708,59738,49.0753900120762,1,21,39,KL,E. Ahamed,IUML,,,,,True,21,2014,GE
1943828,P.K.Sainaba,CPI(M),19700,36277,29.8,2,21,39,KL,P.K.Sainaba,CPM,,,,,False,21,2014,GE
1943829,Adv. N.Sreeprakash,BJP,19699,8279,6.80128484231107,3,21,39,KL,Adv. N.Sreeprakash,BJP,,,,,False,21,2014,GE
1943830,Prof. P.Ismail,WPOI,19717,6903,5.67088649190401,4,21,39,KL,Prof. P.Ismail,WPOI,,,,,False,21,2014,GE
1943831,Nasarudheen Elamaram,SDPI,19701,6544,5.37596424786613,5,21,39,KL,Nasarudheen Elamaram,SDPI,,,,,False,21,2014,GE
1943832,Nota,NOTA,19703,2596,2.13264107387843,6,21,39,KL,Nota,NOTA,,,,,,21,2014,GE
1943833,Ilyas,BSP,19704,375,0.308066410903086,7,21,39,KL,Ilyas,BSP,,,,,False,21,2014,GE
1943834,Dr. M.V. Ibrahim,IND,19702,305,0.250560680867844,8,21,39,KL,Dr. M.V. Ibrahim,IND,,,,,False,21,2014,GE
1943835,Gopinathan.N,IND,19702,303,0.248917660009694,9,21,39,KL,Gopinathan.N,IND,,,,,False,21,2014,GE
1943836,Anwar Shakeel Omar,IND,19702,207,0.170052658818504,10,21,39,KL,Anwar Shakeel Omar,IND,,,,,False,21,2014,GE
1943837,Sreedharan,IND,19702,200,0.164302085814979,11,21,39,KL,Sreedharan,IND,,,,,False,21,2014,GE
1943838,E. Ahamed,IUML,19708,72304,55.1374929461467,1,21,40,KL,E. Ahamed,IUML,,,,,True,21,2014,GE
1943839,P.K.Sainaba,CPI(M),19700,35980,27.44,2,21,40,KL,P.K.Sainaba,CPM,,,,,False,21,2014,GE
1943840,Nasarudheen Elamaram,SDPI,19701,6946,5.29687190202388,3,21,40,KL,Nasarudheen Elamaram,SDPI,,,,,False,21,2014,GE
1943841,Adv. N.Sreeprakash,BJP,19699,5772,4.40160446566108,4,21,40,KL,Adv. N.Sreeprakash,BJP,,,,,False,21,2014,GE
1943842,Prof. P.Ismail,WPOI,19717,5330,4.06454466423658,5,21,40,KL,Prof. P.Ismail,WPOI,,,,,False,21,2014,GE
1943843,Nota,NOTA,19703,3619,2.7597724465051,6,21,40,KL,Nota,NOTA,,,,,,21,2014,GE
1943844,Ilyas,BSP,19704,354,0.2699528726341,7,21,40,KL,Ilyas,BSP,,,,,False,21,2014,GE
1943845,Gopinathan.N,IND,19702,292,0.222672990986319,8,21,40,KL,Gopinathan.N,IND,,,,,False,21,2014,GE
1943846,Sreedharan,IND,19702,194,0.147940274833377,9,21,40,KL,Sreedharan,IND,,,,,False,21,2014,GE
1943847,Dr. M.V. Ibrahim,IND,19702,185,0.141077066207086,10,21,40,KL,Dr. M.V. Ibrahim,IND,,,,,False,21,2014,GE
1943848,Anwar Shakeel Omar,IND,19702,158,0.120487440328214,11,21,40,KL,Anwar Shakeel Omar,IND,,,,,False,21,2014,GE
1943849,E. Ahamed,IUML,19708,60323,60.1179976280882,1,21,41,KL,E. Ahamed,IUML,,,,,True,21,2014,GE
1943850,P.K.Sainaba,CPI(M),19700,17691,17.63,2,21,41,KL,P.K.Sainaba,CPM,,,,,False,21,2014,GE
1943851,Nasarudheen Elamaram,SDPI,19701,9058,9.0272171893842,3,21,41,KL,Nasarudheen Elamaram,SDPI,,,,,False,21,2014,GE
1943852,Adv. N.Sreeprakash,BJP,19699,5638,5.61883975643057,4,21,41,KL,Adv. N.Sreeprakash,BJP,,,,,False,21,2014,GE
1943853,Nota,NOTA,19703,3270,3.25888719466619,5,21,41,KL,Nota,NOTA,,,,,,21,2014,GE
1943854,Prof. P.Ismail,WPOI,19717,3210,3.19909109935121,6,21,41,KL,Prof. P.Ismail,WPOI,,,,,False,21,2014,GE
1943855,Ilyas,BSP,19704,348,0.34681735282686,7,21,41,KL,Ilyas,BSP,,,,,False,21,2014,GE
1943856,Gopinathan.N,IND,19702,346,0.344824149649695,8,21,41,KL,Gopinathan.N,IND,,,,,False,21,2014,GE
1943858,Sreedharan,IND,19702,158,0.157463050996103,9,21,41,KL,Sreedharan,IND,,,,,False,21,2014,GE
1943857,Anwar Shakeel Omar,IND,19702,158,0.157463050996103,9,21,41,KL,Anwar Shakeel Omar,IND,,,,,False,21,2014,GE
1943859,Dr. M.V. Ibrahim,IND,19702,141,0.140520823990193,11,21,41,KL,Dr. M.V. Ibrahim,IND,,,,,False,21,2014,GE
1943860,E. Ahamed,IUML,19708,55422,47.3223129205232,1,21,42,KL,E. Ahamed,IUML,,,,,True,21,2014,GE
1943861,P.K.Sainaba,CPI(M),19700,31487,26.89,2,21,42,KL,P.K.Sainaba,CPM,,,,,False,21,2014,GE
1943862,Adv. N.Sreeprakash,BJP,19699,15982,13.6462993954712,3,21,42,KL,Adv. N.Sreeprakash,BJP,,,,,False,21,2014,GE
1943863,Nasarudheen Elamaram,SDPI,19701,7599,6.48843881280098,4,21,42,KL,Nasarudheen Elamaram,SDPI,,,,,False,21,2014,GE
1943864,Nota,NOTA,19703,3080,2.62987123877182,5,21,42,KL,Nota,NOTA,,,,,,21,2014,GE
1943865,Prof. P.Ismail,WPOI,19717,2172,1.85457153591311,6,21,42,KL,Prof. P.Ismail,WPOI,,,,,False,21,2014,GE
1943866,Ilyas,BSP,19704,448,0.382526725639537,7,21,42,KL,Ilyas,BSP,,,,,False,21,2014,GE
1943867,Gopinathan.N,IND,19702,405,0.345810990812528,8,21,42,KL,Gopinathan.N,IND,,,,,False,21,2014,GE
1943868,Sreedharan,IND,19702,191,0.163086170975785,9,21,42,KL,Sreedharan,IND,,,,,False,21,2014,GE
1943869,Dr. M.V. Ibrahim,IND,19702,177,0.151132210799549,10,21,42,KL,Dr. M.V. Ibrahim,IND,,,,,False,21,2014,GE
1943870,Anwar Shakeel Omar,IND,19702,153,0.130639707640288,11,21,42,KL,Anwar Shakeel Omar,IND,,,,,False,21,2014,GE
1943871,E. T. Mohammed Basheer,IUML,19708,61073,52.6745670323605,1,21,43,KL,E. T. Mohammed Basheer,IUML,,,,,True,21,2014,GE
1943872,V.Abdurahman,IND,19702,37706,32.5208721451735,2,21,43,KL,V.Abdurahman,IND,,,,,False,21,2014,GE
1943873,K.Narayanan Master,BJP,19699,7530,6.49451459325191,3,21,43,KL,K.Narayanan Master,BJP,,,,,False,21,2014,GE
1943874,V.T.Ikramul Haque,SDPI,19701,4242,3.65866280273235,4,21,43,KL,V.T.Ikramul Haque,SDPI,,,,,False,21,2014,GE
1943875,Abullais.T.P,IND,19702,1724,1.48692472227972,5,21,43,KL,Abullais.T.P,IND,,,,,False,21,2014,GE
1943876,Shylock P.V.,AAAP,19705,1648,1.42137583661078,6,21,43,KL,Shylock P.V.,AAAP,,,,,False,21,2014,GE
1943877,Nota,NOTA,19703,975,0.840923204305527,7,21,43,KL,Nota,NOTA,,,,,,21,2014,GE
1943878,Abdurahiman Varikkottil,IND,19702,251,0.216483819775064,8,21,43,KL,Abdurahiman Varikkottil,IND,,,,,False,21,2014,GE
1943879,T.Ayyappan,BSP,19704,243,0.20958393707307,9,21,43,KL,T.Ayyappan,BSP,,,,,False,21,2014,GE
1943880,Bindu M.K.,IND,19702,233,0.200959083695577,10,21,43,KL,Bindu M.K.,IND,,,,,False,21,2014,GE
1943881,Abdurahman Vadakkathinakath,IND,19702,221,0.190609259642586,11,21,43,KL,Abdurahman Vadakkathinakath,IND,,,,,False,21,2014,GE
1943882,Abdurahiman Vayarakath,IND,19702,98,0.0845235630994273,12,21,43,KL,Abdurahiman Vayarakath,IND,,,,,False,21,2014,GE
1943883,E. T. Mohammed Basheer,IUML,19708,51365,44.9871690445536,1,21,44,KL,E. T. Mohammed Basheer,IUML,,,,,True,21,2014,GE
1943884,V.Abdurahman,IND,19702,45145,39.5394869369488,2,21,44,KL,V.Abdurahman,IND,,,,,False,21,2014,GE
1943885,K.Narayanan Master,BJP,19699,10141,8.88182383492297,3,21,44,KL,K.Narayanan Master,BJP,,,,,False,21,2014,GE
1943886,V.T.Ikramul Haque,SDPI,19701,3272,2.86572602187831,4,21,44,KL,V.T.Ikramul Haque,SDPI,,,,,False,21,2014,GE
1943887,Abullais.T.P,IND,19702,1413,1.23755222155075,5,21,44,KL,Abullais.T.P,IND,,,,,False,21,2014,GE
1943888,Shylock P.V.,AAAP,19705,973,0.852185641591564,6,21,44,KL,Shylock P.V.,AAAP,,,,,False,21,2014,GE
1943889,Nota,NOTA,19703,732,0.641109855750282,7,21,44,KL,Nota,NOTA,,,,,,21,2014,GE
1943890,Abdurahiman Varikkottil,IND,19702,301,0.263625774017534,8,21,44,KL,Abdurahiman Varikkottil,IND,,,,,False,21,2014,GE
1943891,Bindu M.K.,IND,19702,257,0.225089116021616,9,21,44,KL,Bindu M.K.,IND,,,,,False,21,2014,GE
1943892,T.Ayyappan,BSP,19704,236,0.206696620159927,10,21,44,KL,T.Ayyappan,BSP,,,,,False,21,2014,GE
1943893,Abdurahman Vadakkathinakath,IND,19702,186,0.162904963346383,11,21,44,KL,Abdurahman Vadakkathinakath,IND,,,,,False,21,2014,GE
1943894,Abdurahiman Vayarakath,IND,19702,156,0.136629969258257,12,21,44,KL,Abdurahiman Vayarakath,IND,,,,,False,21,2014,GE
1943895,E. T. Mohammed Basheer,IUML,19708,63711,46.5186407511792,1,21,45,KL,E. T. Mohammed Basheer,IUML,,,,,True,21,2014,GE
1943896,V.Abdurahman,IND,19702,56466,41.2286978489756,2,21,45,KL,V.Abdurahman,IND,,,,,False,21,2014,GE
1943897,K.Narayanan Master,BJP,19699,6860,5.0088348252749,3,21,45,KL,K.Narayanan Master,BJP,,,,,False,21,2014,GE
1943898,V.T.Ikramul Haque,SDPI,19701,3988,2.91184158647176,4,21,45,KL,V.T.Ikramul Haque,SDPI,,,,,False,21,2014,GE
1943899,Abullais.T.P,IND,19702,1979,1.4449685304984,5,21,45,KL,Abullais.T.P,IND,,,,,False,21,2014,GE
1943900,Shylock P.V.,AAAP,19705,1409,1.0287825464741,6,21,45,KL,Shylock P.V.,AAAP,,,,,False,21,2014,GE
1943901,Nota,NOTA,19703,1070,0.781261408607018,7,21,45,KL,Nota,NOTA,,,,,,21,2014,GE
1943902,Abdurahiman Varikkottil,IND,19702,378,0.275997020984535,8,21,45,KL,Abdurahiman Varikkottil,IND,,,,,False,21,2014,GE
1943903,Bindu M.K.,IND,19702,323,0.235838724280436,9,21,45,KL,Bindu M.K.,IND,,,,,False,21,2014,GE
1943904,T.Ayyappan,BSP,19704,317,0.231457819185444,10,21,45,KL,T.Ayyappan,BSP,,,,,False,21,2014,GE
1943905,Abdurahman Vadakkathinakath,IND,19702,269,0.196410578425503,11,21,45,KL,Abdurahman Vadakkathinakath,IND,,,,,False,21,2014,GE
1943906,Abdurahiman Vayarakath,IND,19702,188,0.137268359643102,12,21,45,KL,Abdurahiman Vayarakath,IND,,,,,False,21,2014,GE
1943907,E. T. Mohammed Basheer,IUML,19708,62791,47.3501244250057,1,21,46,KL,E. T. Mohammed Basheer,IUML,,,,,True,21,2014,GE
1943908,V.Abdurahman,IND,19702,50910,38.3907699268532,2,21,46,KL,V.Abdurahman,IND,,,,,False,21,2014,GE
1943909,K.Narayanan Master,BJP,19699,8931,6.73478621521756,3,21,46,KL,K.Narayanan Master,BJP,,,,,False,21,2014,GE
1943910,V.T.Ikramul Haque,SDPI,19701,3925,2.9598069527185,4,21,46,KL,V.T.Ikramul Haque,SDPI,,,,,False,21,2014,GE
1943911,Abullais.T.P,IND,19702,1781,1.343035970138,5,21,46,KL,Abullais.T.P,IND,,,,,False,21,2014,GE
1943912,Shylock P.V.,AAAP,19705,1642,1.23821732900988,6,21,46,KL,Shylock P.V.,AAAP,,,,,False,21,2014,GE
1943913,Nota,NOTA,19703,1233,0.929794133172461,7,21,46,KL,Nota,NOTA,,,,,,21,2014,GE
1943914,Abdurahiman Varikkottil,IND,19702,371,0.279767739989443,8,21,46,KL,Abdurahiman Varikkottil,IND,,,,,False,21,2014,GE
1943915,Bindu M.K.,IND,19702,320,0.241309101877686,9,21,46,KL,Bindu M.K.,IND,,,,,False,21,2014,GE
1943916,T.Ayyappan,BSP,19704,275,0.207375009426137,10,21,46,KL,T.Ayyappan,BSP,,,,,False,21,2014,GE
1943917,Abdurahman Vadakkathinakath,IND,19702,260,0.19606364527562,11,21,46,KL,Abdurahman Vadakkathinakath,IND,,,,,False,21,2014,GE
1943918,Abdurahiman Vayarakath,IND,19702,171,0.128949551315889,12,21,46,KL,Abdurahiman Vayarakath,IND,,,,,False,21,2014,GE
1943919,V.Abdurahman,IND,19702,56209,44.8856875913341,1,21,47,KL,V.Abdurahman,IND,,,,,False,21,2014,GE
1943920,E. T. Mohammed Basheer,IUML,19708,47039,37.5629856181175,2,21,47,KL,E. T. Mohammed Basheer,IUML,,,,,True,21,2014,GE
1943921,K.Narayanan Master,BJP,19699,13921,11.1166122321864,3,21,47,KL,K.Narayanan Master,BJP,,,,,False,21,2014,GE
1943922,V.T.Ikramul Haque,SDPI,19701,3522,2.81249251359531,4,21,47,KL,V.T.Ikramul Haque,SDPI,,,,,False,21,2014,GE
1943923,Abullais.T.P,IND,19702,1212,0.96784239820486,5,21,47,KL,Abullais.T.P,IND,,,,,False,21,2014,GE
1943924,Nota,NOTA,19703,1003,0.800945483002867,6,21,47,KL,Nota,NOTA,,,,,,21,2014,GE
1943925,Shylock P.V.,AAAP,19705,992,0.792161434834341,7,21,47,KL,Shylock P.V.,AAAP,,,,,False,21,2014,GE
1943926,Abdurahiman Varikkottil,IND,19702,338,0.269909843723798,8,21,47,KL,Abdurahiman Varikkottil,IND,,,,,False,21,2014,GE
1943927,T.Ayyappan,BSP,19704,277,0.221198303880154,9,21,47,KL,T.Ayyappan,BSP,,,,,False,21,2014,GE
1943928,Bindu M.K.,IND,19702,275,0.219601204213149,10,21,47,KL,Bindu M.K.,IND,,,,,False,21,2014,GE
1943929,Abdurahman Vadakkathinakath,IND,19702,262,0.209220056377618,11,21,47,KL,Abdurahman Vadakkathinakath,IND,,,,,False,21,2014,GE
1943930,Abdurahiman Vayarakath,IND,19702,177,0.141343320529918,12,21,47,KL,Abdurahiman Vayarakath,IND,,,,,False,21,2014,GE
1943931,V.Abdurahman,IND,19702,52600,43.4649677318063,1,21,48,KL,V.Abdurahman,IND,,,,,False,21,2014,GE
1943932,E. T. Mohammed Basheer,IUML,19708,44942,37.1369311749589,2,21,48,KL,E. T. Mohammed Basheer,IUML,,,,,True,21,2014,GE
1943933,K.Narayanan Master,BJP,19699,12163,10.0506540403414,3,21,48,KL,K.Narayanan Master,BJP,,,,,False,21,2014,GE
1943934,V.T.Ikramul Haque,SDPI,19701,5038,4.16305147210722,4,21,48,KL,V.T.Ikramul Haque,SDPI,,,,,False,21,2014,GE
1943935,Abullais.T.P,IND,19702,2323,1.91956501979061,5,21,48,KL,Abullais.T.P,IND,,,,,False,21,2014,GE
1943936,Shylock P.V.,AAAP,19705,1372,1.13372501384103,6,21,48,KL,Shylock P.V.,AAAP,,,,,False,21,2014,GE
1943937,Nota,NOTA,19703,1062,0.877562656486279,7,21,48,KL,Nota,NOTA,,,,,,21,2014,GE
1943938,Bindu M.K.,IND,19702,365,0.301610517530595,8,21,48,KL,Bindu M.K.,IND,,,,,False,21,2014,GE
1943939,Abdurahiman Varikkottil,IND,19702,329,0.271862630870043,9,21,48,KL,Abdurahiman Varikkottil,IND,,,,,False,21,2014,GE
1943940,Abdurahman Vadakkathinakath,IND,19702,318,0.262772998834874,10,21,48,KL,Abdurahman Vadakkathinakath,IND,,,,,False,21,2014,GE
1943941,T.Ayyappan,BSP,19704,308,0.254509696984721,11,21,48,KL,T.Ayyappan,BSP,,,,,False,21,2014,GE
1943942,Abdurahiman Vayarakath,IND,19702,197,0.16278704644802,12,21,48,KL,Abdurahiman Vayarakath,IND,,,,,False,21,2014,GE
1943943,V.Abdurahman,IND,19702,53921,43.0040036367697,1,21,49,KL,V.Abdurahman,IND,,,,,False,21,2014,GE
1943944,E. T. Mohammed Basheer,IUML,19708,47488,37.873446796293,2,21,49,KL,E. T. Mohammed Basheer,IUML,,,,,True,21,2014,GE
1943945,K.Narayanan Master,BJP,19699,15640,12.4734818879301,3,21,49,KL,K.Narayanan Master,BJP,,,,,False,21,2014,GE
1943946,V.T.Ikramul Haque,SDPI,19701,2651,2.11427113074825,4,21,49,KL,V.T.Ikramul Haque,SDPI,,,,,False,21,2014,GE
1943947,Shylock P.V.,AAAP,19705,1465,1.16839200548706,5,21,49,KL,Shylock P.V.,AAAP,,,,,False,21,2014,GE
1943948,Nota,NOTA,19703,1418,1.13090775684686,6,21,49,KL,Nota,NOTA,,,,,,21,2014,GE
1943949,Abullais.T.P,IND,19702,594,0.473737099835707,7,21,49,KL,Abullais.T.P,IND,,,,,False,21,2014,GE
1943950,Abdurahman Vadakkathinakath,IND,19702,527,0.420302107093296,8,21,49,KL,Abdurahman Vadakkathinakath,IND,,,,,False,21,2014,GE
1943951,T.Ayyappan,BSP,19704,495,0.394780916529756,9,21,49,KL,T.Ayyappan,BSP,,,,,False,21,2014,GE
1943952,Bindu M.K.,IND,19702,488,0.389198156093982,10,21,49,KL,Bindu M.K.,IND,,,,,False,21,2014,GE
1943953,Abdurahiman Varikkottil,IND,19702,466,0.371652337581548,11,21,49,KL,Abdurahiman Varikkottil,IND,,,,,False,21,2014,GE
1943954,Abdurahiman Vayarakath,IND,19702,233,0.185826168790774,12,21,49,KL,Abdurahiman Vayarakath,IND,,,,,False,21,2014,GE
1943955,M B Rajesh,CPI(M),19700,53821,42.52,1,21,50,KL,M B Rajesh,CPM,,,,,True,21,2014,GE
1943956,M P Veerendrakumar,SJD,19727,47231,37.3113930450445,2,21,50,KL,M P Veerendrakumar,SJD,,,,,False,21,2014,GE
1943957,Sobhasurendran,BJP,19699,15102,11.93022925126,3,21,50,KL,Sobhasurendran,BJP,,,,,False,21,2014,GE
1943958,E S Khaja Hussain,SDPI,19701,5472,4.32275291106441,4,21,50,KL,E S Khaja Hussain,SDPI,,,,,False,21,2014,GE
1943959,Thennilapuram Radhakrishnan,WPOI,19717,1557,1.22999383818116,5,21,50,KL,Thennilapuram Radhakrishnan,WPOI,,,,,False,21,2014,GE
1943960,Nota,NOTA,19703,993,0.784446937260045,6,21,50,KL,Nota,NOTA,,,,,,21,2014,GE
1943961,B Padmanabhan,AAAP,19705,702,0.554563695827343,7,21,50,KL,B Padmanabhan,AAAP,,,,,False,21,2014,GE
1943962,Veerendrakumar O P,IND,19702,451,0.356279525381954,8,21,50,KL,Veerendrakumar O P,IND,,,,,False,21,2014,GE
1943963,Rajesh S,SHS,19715,291,0.229883241432702,9,21,50,KL,Rajesh S,SHS,,,,,False,21,2014,GE
1943964,V S Shanavas,IND,19702,180,0.142195819442908,10,21,50,KL,V S Shanavas,IND,,,,,False,21,2014,GE
1943965,Sreejith,IND,19702,179,0.141405842668226,11,21,50,KL,Sreejith,IND,,,,,False,21,2014,GE
1943966,Hari Arumbil,BSP,19704,171,0.135086028470763,12,21,50,KL,Hari Arumbil,BSP,,,,,False,21,2014,GE
1943967,Abhimod,IND,19702,143,0.112966678779644,13,21,50,KL,Abhimod,IND,,,,,False,21,2014,GE
1943968,Aboobakker Sidhikh,AITC,19706,104,0.0821575845670137,14,21,50,KL,Aboobakker Sidhikh,AITC,,,,,False,21,2014,GE
1943969,C.K. Ramakrishnan,IND,19702,102,0.0805776310176481,15,21,50,KL,C.K. Ramakrishnan,IND,,,,,False,21,2014,GE
1943970,Pradeep,IND,19702,87,0.0687279793974057,16,21,50,KL,Pradeep,IND,,,,,False,21,2014,GE
1943971,M B Rajesh,CPI(M),19700,64559,49.45,1,21,51,KL,M B Rajesh,CPM,,,,,True,21,2014,GE
1943972,M P Veerendrakumar,SJD,19727,39180,30.0135589584881,2,21,51,KL,M P Veerendrakumar,SJD,,,,,False,21,2014,GE
1943973,Sobhasurendran,BJP,19699,19586,15.0037153078343,3,21,51,KL,Sobhasurendran,BJP,,,,,False,21,2014,GE
1943974,E S Khaja Hussain,SDPI,19701,2314,1.7726231605396,4,21,51,KL,E S Khaja Hussain,SDPI,,,,,False,21,2014,GE
1943975,Nota,NOTA,19703,1301,0.996621751020752,5,21,51,KL,Nota,NOTA,,,,,,21,2014,GE
1943976,Thennilapuram Radhakrishnan,WPOI,19717,903,0.69173669575076,6,21,51,KL,Thennilapuram Radhakrishnan,WPOI,,,,,False,21,2014,GE
1943977,Veerendrakumar O P,IND,19702,616,0.471882397101294,7,21,51,KL,Veerendrakumar O P,IND,,,,,False,21,2014,GE
1943978,B Padmanabhan,AAAP,19705,533,0.408300840349009,8,21,51,KL,B Padmanabhan,AAAP,,,,,False,21,2014,GE
1943979,Rajesh S,SHS,19715,389,0.297990669598057,9,21,51,KL,Rajesh S,SHS,,,,,False,21,2014,GE
1943980,V S Shanavas,IND,19702,263,0.201469270190974,10,21,51,KL,V S Shanavas,IND,,,,,False,21,2014,GE
1943981,Hari Arumbil,BSP,19704,229,0.175423813208111,11,21,51,KL,Hari Arumbil,BSP,,,,,False,21,2014,GE
1943982,Sreejith,IND,19702,179,0.137121670586253,12,21,51,KL,Sreejith,IND,,,,,False,21,2014,GE
1943983,Abhimod,IND,19702,155,0.118736642127761,13,21,51,KL,Abhimod,IND,,,,,False,21,2014,GE
1943984,Pradeep,IND,19702,121,0.092691185144897,14,21,51,KL,Pradeep,IND,,,,,False,21,2014,GE
1943985,Aboobakker Sidhikh,AITC,19706,110,0.0842647137680882,15,21,51,KL,Aboobakker Sidhikh,AITC,,,,,False,21,2014,GE
1943986,C.K. Ramakrishnan,IND,19702,103,0.078902413801028,16,21,51,KL,C.K. Ramakrishnan,IND,,,,,False,21,2014,GE
1943987,M B Rajesh,CPI(M),19700,65945,46.98,1,21,52,KL,M B Rajesh,CPM,,,,,True,21,2014,GE
1943988,M P Veerendrakumar,SJD,19727,46366,33.0333924665684,2,21,52,KL,M P Veerendrakumar,SJD,,,,,False,21,2014,GE
1943989,Sobhasurendran,BJP,19699,20610,14.68,3,21,52,KL,Sobhasurendran,BJP,,,,,False,21,2014,GE
1943990,E S Khaja Hussain,SDPI,19701,1653,1.17767756000598,4,21,52,KL,E S Khaja Hussain,SDPI,,,,,False,21,2014,GE
1943991,Nota,NOTA,19703,1544,1.10002066100982,5,21,52,KL,Nota,NOTA,,,,,,21,2014,GE
1943992,Thennilapuram Radhakrishnan,WPOI,19717,1375,0.979616845135045,6,21,52,KL,Thennilapuram Radhakrishnan,WPOI,,,,,False,21,2014,GE
1943993,B Padmanabhan,AAAP,19705,629,0.448130178610868,7,21,52,KL,B Padmanabhan,AAAP,,,,,False,21,2014,GE
1943994,Veerendrakumar O P,IND,19702,603,0.429606514630132,8,21,52,KL,Veerendrakumar O P,IND,,,,,False,21,2014,GE
1943995,Rajesh S,SHS,19715,411,0.292816380618548,9,21,52,KL,Rajesh S,SHS,,,,,False,21,2014,GE
1943996,V S Shanavas,IND,19702,262,0.19,10,21,52,KL,V S Shanavas,IND,,,,,False,21,2014,GE
1943997,Hari Arumbil,BSP,19704,252,0.18,11,21,52,KL,Hari Arumbil,BSP,,,,,False,21,2014,GE
1943998,Abhimod,IND,19702,176,0.125390956177286,12,21,52,KL,Abhimod,IND,,,,,False,21,2014,GE
1943999,Sreejith,IND,19702,175,0.124678507562642,13,21,52,KL,Sreejith,IND,,,,,False,21,2014,GE
1944000,Aboobakker Sidhikh,AITC,19706,130,0.092618319903677,14,21,52,KL,Aboobakker Sidhikh,AITC,,,,,False,21,2014,GE
1944001,C.K. Ramakrishnan,IND,19702,117,0.0833564879133093,15,21,52,KL,C.K. Ramakrishnan,IND,,,,,False,21,2014,GE
1944002,Pradeep,IND,19702,113,0.0805066934547346,16,21,52,KL,Pradeep,IND,,,,,False,21,2014,GE
1944003,M B Rajesh,CPI(M),19700,56160,46.1,1,21,53,KL,M B Rajesh,CPM,,,,,True,21,2014,GE
1944004,M P Veerendrakumar,SJD,19727,41799,34.3084386003792,2,21,53,KL,M P Veerendrakumar,SJD,,,,,False,21,2014,GE
1944005,Sobhasurendran,BJP,19699,17598,14.4443623648765,3,21,53,KL,Sobhasurendran,BJP,,,,,False,21,2014,GE
1944006,Nota,NOTA,19703,1595,1.30916910853381,4,21,53,KL,Nota,NOTA,,,,,,21,2014,GE
1944007,Thennilapuram Radhakrishnan,WPOI,19717,1194,0.980030041121864,5,21,53,KL,Thennilapuram Radhakrishnan,WPOI,,,,,False,21,2014,GE
1944008,B Padmanabhan,AAAP,19705,681,0.558961857624781,6,21,53,KL,B Padmanabhan,AAAP,,,,,False,21,2014,GE
1944009,Veerendrakumar O P,IND,19702,573,0.470315924256975,7,21,53,KL,Veerendrakumar O P,IND,,,,,False,21,2014,GE
1944010,E S Khaja Hussain,SDPI,19701,492,0.40383147423112,8,21,53,KL,E S Khaja Hussain,SDPI,,,,,False,21,2014,GE
1944011,Hari Arumbil,BSP,19704,378,0.310260766787324,9,21,53,KL,Hari Arumbil,BSP,,,,,False,21,2014,GE
1944012,Rajesh S,SHS,19715,345,0.283174509369383,10,21,53,KL,Rajesh S,SHS,,,,,False,21,2014,GE
1944013,V S Shanavas,IND,19702,294,0.241313929723474,11,21,53,KL,V S Shanavas,IND,,,,,False,21,2014,GE
1944014,Sreejith,IND,19702,213,0.174829479697619,12,21,53,KL,Sreejith,IND,,,,,False,21,2014,GE
1944015,Abhimod,IND,19702,188,0.15430958771433,13,21,53,KL,Abhimod,IND,,,,,False,21,2014,GE
1944016,Aboobakker Sidhikh,AITC,19706,121,0.0993162771991168,14,21,53,KL,Aboobakker Sidhikh,AITC,,,,,False,21,2014,GE
1944017,C.K. Ramakrishnan,IND,19702,120,0.0984954815197853,15,21,53,KL,C.K. Ramakrishnan,IND,,,,,False,21,2014,GE
1944018,Pradeep,IND,19702,82,0.0673052457051866,16,21,53,KL,Pradeep,IND,,,,,False,21,2014,GE
1944019,M P Veerendrakumar,SJD,19727,54553,41.7186687467499,1,21,54,KL,M P Veerendrakumar,SJD,,,,,False,21,2014,GE
1944020,M B Rajesh,CPI(M),19700,54265,41.5,2,21,54,KL,M B Rajesh,CPM,,,,,True,21,2014,GE
1944021,Sobhasurendran,BJP,19699,14271,10.9135541892264,3,21,54,KL,Sobhasurendran,BJP,,,,,False,21,2014,GE
1944022,Thennilapuram Radhakrishnan,WPOI,19717,1643,1.25646202318681,4,21,54,KL,Thennilapuram Radhakrishnan,WPOI,,,,,False,21,2014,GE
1944023,Nota,NOTA,19703,1541,1.178458903062,5,21,54,KL,Nota,NOTA,,,,,,21,2014,GE
1944024,E S Khaja Hussain,SDPI,19701,989,0.756324370621884,6,21,54,KL,E S Khaja Hussain,SDPI,,,,,False,21,2014,GE
1944025,B Padmanabhan,AAAP,19705,871,0.66608546694809,7,21,54,KL,B Padmanabhan,AAAP,,,,,False,21,2014,GE
1944026,Veerendrakumar O P,IND,19702,574,0.438958734819981,8,21,54,KL,Veerendrakumar O P,IND,,,,,False,21,2014,GE
1944027,Rajesh S,SHS,19715,438,0.334954574653574,9,21,54,KL,Rajesh S,SHS,,,,,False,21,2014,GE
1944028,V S Shanavas,IND,19702,342,0.26153987335964,10,21,54,KL,V S Shanavas,IND,,,,,False,21,2014,GE
1944029,Sreejith,IND,19702,291,0.222538313297238,11,21,54,KL,Sreejith,IND,,,,,False,21,2014,GE
1944030,Hari Arumbil,BSP,19704,277,0.211832002691872,12,21,54,KL,Hari Arumbil,BSP,,,,,False,21,2014,GE
1944031,Abhimod,IND,19702,247,0.188889908537518,13,21,54,KL,Abhimod,IND,,,,,False,21,2014,GE
1944032,C.K. Ramakrishnan,IND,19702,178,0.136123091982503,14,21,54,KL,C.K. Ramakrishnan,IND,,,,,False,21,2014,GE
1944033,Pradeep,IND,19702,149,0.11394573429996,15,21,54,KL,Pradeep,IND,,,,,False,21,2014,GE
1944034,Aboobakker Sidhikh,AITC,19706,135,0.103239423694595,16,21,54,KL,Aboobakker Sidhikh,AITC,,,,,False,21,2014,GE
1944035,M B Rajesh,CPI(M),19700,71816,50.19,1,21,55,KL,M B Rajesh,CPM,,,,,True,21,2014,GE
1944036,M P Veerendrakumar,SJD,19727,40466,28.2820799552698,2,21,55,KL,M P Veerendrakumar,SJD,,,,,False,21,2014,GE
1944037,Sobhasurendran,BJP,19699,23433,16.3775510204082,3,21,55,KL,Sobhasurendran,BJP,,,,,False,21,2014,GE
1944038,Nota,NOTA,19703,2791,1.95065697511881,4,21,55,KL,Nota,NOTA,,,,,,21,2014,GE
1944039,B Padmanabhan,AAAP,19705,785,0.548644115180319,5,21,55,KL,B Padmanabhan,AAAP,,,,,False,21,2014,GE
1944040,Thennilapuram Radhakrishnan,WPOI,19717,646,0.451495666759855,6,21,55,KL,Thennilapuram Radhakrishnan,WPOI,,,,,False,21,2014,GE
1944041,Veerendrakumar O P,IND,19702,643,0.449398937657255,7,21,55,KL,Veerendrakumar O P,IND,,,,,False,21,2014,GE
1944042,E S Khaja Hussain,SDPI,19701,460,0.321498462398658,8,21,55,KL,E S Khaja Hussain,SDPI,,,,,False,21,2014,GE
1944043,Rajesh S,SHS,19715,456,0.318702823595191,9,21,55,KL,Rajesh S,SHS,,,,,False,21,2014,GE
1944044,V S Shanavas,IND,19702,357,0.249510763209393,10,21,55,KL,V S Shanavas,IND,,,,,False,21,2014,GE
1944045,Hari Arumbil,BSP,19704,352,0.24601621470506,11,21,55,KL,Hari Arumbil,BSP,,,,,False,21,2014,GE
1944046,Sreejith,IND,19702,228,0.159351411797596,12,21,55,KL,Sreejith,IND,,,,,False,21,2014,GE
1944047,C.K. Ramakrishnan,IND,19702,206,0.143975398378529,13,21,55,KL,C.K. Ramakrishnan,IND,,,,,False,21,2014,GE
1944048,Abhimod,IND,19702,183,0.127900475258597,14,21,55,KL,Abhimod,IND,,,,,False,21,2014,GE
1944049,Aboobakker Sidhikh,AITC,19706,136,0.0950517193178641,15,21,55,KL,Aboobakker Sidhikh,AITC,,,,,False,21,2014,GE
1944050,Pradeep,IND,19702,122,0.0852669835057311,16,21,55,KL,Pradeep,IND,,,,,False,21,2014,GE
1944051,M B Rajesh,CPI(M),19700,45861,39.45,1,21,56,KL,M B Rajesh,CPM,,,,,True,21,2014,GE
1944052,M P Veerendrakumar,SJD,19727,37692,32.4229468993815,2,21,56,KL,M P Veerendrakumar,SJD,,,,,False,21,2014,GE
1944053,Sobhasurendran,BJP,19699,25892,22.2724965806746,3,21,56,KL,Sobhasurendran,BJP,,,,,False,21,2014,GE
1944054,Nota,NOTA,19703,1524,1.31095646489062,4,21,56,KL,Nota,NOTA,,,,,,21,2014,GE
1944055,Thennilapuram Radhakrishnan,WPOI,19717,1336,1.14923742591462,5,21,56,KL,Thennilapuram Radhakrishnan,WPOI,,,,,False,21,2014,GE
1944056,E S Khaja Hussain,SDPI,19701,1123,0.966013195585414,6,21,56,KL,E S Khaja Hussain,SDPI,,,,,False,21,2014,GE
1944057,B Padmanabhan,AAAP,19705,723,0.621930133934332,7,21,56,KL,B Padmanabhan,AAAP,,,,,False,21,2014,GE
1944058,Veerendrakumar O P,IND,19702,482,0.414620089289555,8,21,56,KL,Veerendrakumar O P,IND,,,,,False,21,2014,GE
1944059,Rajesh S,SHS,19715,324,0.278707279937377,9,21,56,KL,Rajesh S,SHS,,,,,False,21,2014,GE
1944060,Hari Arumbil,BSP,19704,302,0.259782711546567,10,21,56,KL,Hari Arumbil,BSP,,,,,False,21,2014,GE
1944061,C.K. Ramakrishnan,IND,19702,266,0.22881523599797,11,21,56,KL,C.K. Ramakrishnan,IND,,,,,False,21,2014,GE
1944062,V S Shanavas,IND,19702,248,0.213331498223671,12,21,56,KL,V S Shanavas,IND,,,,,False,21,2014,GE
1944063,Sreejith,IND,19702,151,0.129891355773284,13,21,56,KL,Sreejith,IND,,,,,False,21,2014,GE
1944064,Abhimod,IND,19702,139,0.119568863923751,14,21,56,KL,Abhimod,IND,,,,,False,21,2014,GE
1944065,Pradeep,IND,19702,96,0.0825799347962598,15,21,56,KL,Pradeep,IND,,,,,False,21,2014,GE
1944066,Aboobakker Sidhikh,AITC,19706,92,0.079139104179749,16,21,56,KL,Aboobakker Sidhikh,AITC,,,,,False,21,2014,GE
1944067,P.K.Biju,CPI(M),19700,54510,45.98,1,21,57,KL,P.K.Biju,CPM,,,,,True,21,2014,GE
1944068,Sheeba,INC,19698,49563,41.8090867680057,2,21,57,KL,Sheeba,INC,,,,,False,21,2014,GE
1944069,Shaju Mon Vattekkad,BJP,19699,9226,7.78263290199585,3,21,57,KL,Shaju Mon Vattekkad,BJP,,,,,False,21,2014,GE
1944070,Nota,NOTA,19703,1524,1.28557690685472,4,21,57,KL,Nota,NOTA,,,,,,21,2014,GE
1944071,Albin M U,IND,19702,734,0.619168930204309,5,21,57,KL,Albin M U,IND,,,,,False,21,2014,GE
1944072,Krishnan Eranhikkal,SDPI,19701,671,0.56602500295244,6,21,57,KL,Krishnan Eranhikkal,SDPI,,,,,False,21,2014,GE
1944073,Premakumari,BSP,19704,601,0.506976194894809,7,21,57,KL,Premakumari,BSP,,,,,False,21,2014,GE
1944074,K S Velayudhan,IND,19702,559,0.47154691006023,8,21,57,KL,K S Velayudhan,IND,,,,,False,21,2014,GE
1944075,K Biju,IND,19702,353,0.297774703490628,9,21,57,KL,K Biju,IND,,,,,False,21,2014,GE
1944076,Vijayan Ambalakkad,IND,19702,250,0.210888600205827,10,21,57,KL,Vijayan Ambalakkad,IND,,,,,False,21,2014,GE
1944077,R Biju,IND,19702,228,0.192330403387714,11,21,57,KL,R Biju,IND,,,,,False,21,2014,GE
1944078,A Biju,IND,19702,196,0.165336662561369,12,21,57,KL,A Biju,IND,,,,,False,21,2014,GE
1944079,Krishnankutty V,IND,19702,131,0.110505626507853,13,21,57,KL,Krishnankutty V,IND,,,,,False,21,2014,GE
1944080,P.K.Biju,CPI(M),19700,59155,42.44,1,21,58,KL,P.K.Biju,CPM,,,,,True,21,2014,GE
1944081,Sheeba,INC,19698,52658,37.7752908937001,2,21,58,KL,Sheeba,INC,,,,,False,21,2014,GE
1944082,Shaju Mon Vattekkad,BJP,19699,11585,8.3107361655117,3,21,58,KL,Shaju Mon Vattekkad,BJP,,,,,False,21,2014,GE
1944083,Nota,NOTA,19703,10606,7.60843053702349,4,21,58,KL,Nota,NOTA,,,,,,21,2014,GE
1944084,Krishnan Eranhikkal,SDPI,19701,1168,0.837888635418012,5,21,58,KL,Krishnan Eranhikkal,SDPI,,,,,False,21,2014,GE
1944085,K S Velayudhan,IND,19702,1099,0.78839007733253,6,21,58,KL,K S Velayudhan,IND,,,,,False,21,2014,GE
1944086,Premakumari,BSP,19704,762,0.546636250161408,7,21,58,KL,Premakumari,BSP,,,,,False,21,2014,GE
1944087,K Biju,IND,19702,608,0.436161207477869,8,21,58,KL,K Biju,IND,,,,,False,21,2014,GE
1944088,Albin M U,IND,19702,542,0.388814760613495,9,21,58,KL,Albin M U,IND,,,,,False,21,2014,GE
1944089,Vijayan Ambalakkad,IND,19702,511,0.36657627799538,10,21,58,KL,Vijayan Ambalakkad,IND,,,,,False,21,2014,GE
1944090,R Biju,IND,19702,287,0.205885306819323,11,21,58,KL,R Biju,IND,,,,,False,21,2014,GE
1944091,A Biju,IND,19702,264,0.189385787457496,12,21,58,KL,A Biju,IND,,,,,False,21,2014,GE
1944092,Krishnankutty V,IND,19702,153,0.109757672276503,13,21,58,KL,Krishnankutty V,IND,,,,,False,21,2014,GE
1944093,P.K.Biju,CPI(M),19700,59802,43.38,1,21,59,KL,P.K.Biju,CPM,,,,,True,21,2014,GE
1944094,Sheeba,INC,19698,54887,39.8170448610063,2,21,59,KL,Sheeba,INC,,,,,False,21,2014,GE
1944095,Shaju Mon Vattekkad,BJP,19699,15602,11.318263594684,3,21,59,KL,Shaju Mon Vattekkad,BJP,,,,,False,21,2014,GE
1944096,Krishnan Eranhikkal,SDPI,19701,1981,1.43709012825721,4,21,59,KL,Krishnan Eranhikkal,SDPI,,,,,False,21,2014,GE
1944097,Nota,NOTA,19703,1802,1.3072369566479,5,21,59,KL,Nota,NOTA,,,,,,21,2014,GE
1944098,K S Velayudhan,IND,19702,821,0.595583541291858,6,21,59,KL,K S Velayudhan,IND,,,,,False,21,2014,GE
1944099,Albin M U,IND,19702,667,0.483866287505078,7,21,59,KL,Albin M U,IND,,,,,False,21,2014,GE
1944100,Premakumari,BSP,19704,586,0.425105913760084,8,21,59,KL,Premakumari,BSP,,,,,False,21,2014,GE
1944101,K Biju,IND,19702,481,0.348935058905461,9,21,59,KL,K Biju,IND,,,,,False,21,2014,GE
1944102,Vijayan Ambalakkad,IND,19702,473,0.343131565202252,10,21,59,KL,Vijayan Ambalakkad,IND,,,,,False,21,2014,GE
1944103,R Biju,IND,19702,302,0.219081887296152,11,21,59,KL,R Biju,IND,,,,,False,21,2014,GE
1944104,A Biju,IND,19702,277,0.200945969473623,12,21,59,KL,A Biju,IND,,,,,False,21,2014,GE
1944105,Krishnankutty V,IND,19702,167,0.121147931054495,13,21,59,KL,Krishnankutty V,IND,,,,,False,21,2014,GE
1944106,P.K.Biju,CPI(M),19700,58613,48.31,1,21,60,KL,P.K.Biju,CPM,,,,,True,21,2014,GE
1944107,Sheeba,INC,19698,48092,39.6363726273973,2,21,60,KL,Sheeba,INC,,,,,False,21,2014,GE
1944108,Shaju Mon Vattekkad,BJP,19699,9134,7.52804265945785,3,21,60,KL,Shaju Mon Vattekkad,BJP,,,,,False,21,2014,GE
1944109,Nota,NOTA,19703,1753,1.44478418896755,4,21,60,KL,Nota,NOTA,,,,,,21,2014,GE
1944110,Premakumari,BSP,19704,725,0.597529114090973,5,21,60,KL,Premakumari,BSP,,,,,False,21,2014,GE
1944111,Albin M U,IND,19702,695,0.572803771438933,6,21,60,KL,Albin M U,IND,,,,,False,21,2014,GE
1944112,K S Velayudhan,IND,19702,580,0.478023291272778,7,21,60,KL,K S Velayudhan,IND,,,,,False,21,2014,GE
1944113,Krishnan Eranhikkal,SDPI,19701,428,0.352748221835774,8,21,60,KL,Krishnan Eranhikkal,SDPI,,,,,False,21,2014,GE
1944114,Vijayan Ambalakkad,IND,19702,367,0.302473358443292,9,21,60,KL,Vijayan Ambalakkad,IND,,,,,False,21,2014,GE
1944115,K Biju,IND,19702,349,0.287638152852068,10,21,60,KL,K Biju,IND,,,,,False,21,2014,GE
1944116,R Biju,IND,19702,236,0.194506028862717,11,21,60,KL,R Biju,IND,,,,,False,21,2014,GE
1944117,A Biju,IND,19702,208,0.171429042387479,12,21,60,KL,A Biju,IND,,,,,False,21,2014,GE
1944118,Krishnankutty V,IND,19702,153,0.126099247525405,13,21,60,KL,Krishnankutty V,IND,,,,,False,21,2014,GE
1944119,P.K.Biju,CPI(M),19700,58759,43.7,1,21,61,KL,P.K.Biju,CPM,,,,,True,21,2014,GE
1944120,Sheeba,INC,19698,54801,40.7596932665918,2,21,61,KL,Sheeba,INC,,,,,False,21,2014,GE
1944121,Shaju Mon Vattekkad,BJP,19699,14564,10.8323602258105,3,21,61,KL,Shaju Mon Vattekkad,BJP,,,,,False,21,2014,GE
1944122,Nota,NOTA,19703,1569,1.16698525091299,4,21,61,KL,Nota,NOTA,,,,,,21,2014,GE
1944123,Krishnan Eranhikkal,SDPI,19701,1482,1.10227669971513,5,21,61,KL,Krishnan Eranhikkal,SDPI,,,,,False,21,2014,GE
1944124,Albin M U,IND,19702,778,0.578658078527918,6,21,61,KL,Albin M U,IND,,,,,False,21,2014,GE
1944125,Premakumari,BSP,19704,665,0.494611339615765,7,21,61,KL,Premakumari,BSP,,,,,False,21,2014,GE
1944126,K S Velayudhan,IND,19702,546,0.406101942000312,8,21,61,KL,K S Velayudhan,IND,,,,,False,21,2014,GE
1944127,K Biju,IND,19702,363,0.269990851549658,9,21,61,KL,K Biju,IND,,,,,False,21,2014,GE
1944128,R Biju,IND,19702,314,0.233545805472707,10,21,61,KL,R Biju,IND,,,,,False,21,2014,GE
1944129,A Biju,IND,19702,265,0.197100759395756,11,21,61,KL,A Biju,IND,,,,,False,21,2014,GE
1944130,Vijayan Ambalakkad,IND,19702,205,0.152474172362755,12,21,61,KL,Vijayan Ambalakkad,IND,,,,,False,21,2014,GE
1944131,Krishnankutty V,IND,19702,138,0.102641150175903,13,21,61,KL,Krishnankutty V,IND,,,,,False,21,2014,GE
1944132,P.K.Biju,CPI(M),19700,58079,43.5,1,21,62,KL,P.K.Biju,CPM,,,,,True,21,2014,GE
1944133,Sheeba,INC,19698,54262,40.6386914613962,2,21,62,KL,Sheeba,INC,,,,,False,21,2014,GE
1944134,Shaju Mon Vattekkad,BJP,19699,14559,10.9037394306599,3,21,62,KL,Shaju Mon Vattekkad,BJP,,,,,False,21,2014,GE
1944135,Nota,NOTA,19703,1697,1.27094208488425,4,21,62,KL,Nota,NOTA,,,,,,21,2014,GE
1944136,Krishnan Eranhikkal,SDPI,19701,1425,1.06723186267534,5,21,62,KL,Krishnan Eranhikkal,SDPI,,,,,False,21,2014,GE
1944137,Albin M U,IND,19702,1299,0.97286609797563,6,21,62,KL,Albin M U,IND,,,,,False,21,2014,GE
1944138,Premakumari,BSP,19704,519,0.388697078405968,7,21,62,KL,Premakumari,BSP,,,,,False,21,2014,GE
1944139,K S Velayudhan,IND,19702,482,0.360986496708432,8,21,62,KL,K S Velayudhan,IND,,,,,False,21,2014,GE
1944140,K Biju,IND,19702,379,0.283846228739618,9,21,62,KL,K Biju,IND,,,,,False,21,2014,GE
1944141,R Biju,IND,19702,330,0.247148431356395,10,21,62,KL,R Biju,IND,,,,,False,21,2014,GE
1944142,A Biju,IND,19702,233,0.174501771230425,11,21,62,KL,A Biju,IND,,,,,False,21,2014,GE
1944143,Vijayan Ambalakkad,IND,19702,155,0.116084869273459,12,21,62,KL,Vijayan Ambalakkad,IND,,,,,False,21,2014,GE
1944144,Krishnankutty V,IND,19702,104,0.0778892026092883,13,21,62,KL,Krishnankutty V,IND,,,,,False,21,2014,GE
1944145,C. N. Jayadevan,CPI,19713,53316,41.8446952454204,1,21,63,KL,C. N. Jayadevan,CPI,,,,,False,21,2014,GE
1944146,K. P. Dhanapalan,INC,19698,49465,38.8222644293406,2,21,63,KL,K. P. Dhanapalan,INC,,,,,True,21,2014,GE
1944147,K.P. Sreesan,BJP,19699,13936,10.9375735790415,3,21,63,KL,K.P. Sreesan,BJP,,,,,False,21,2014,GE
1944148,Sarah Joseph,AAAP,19705,4576,3.59144207073006,4,21,63,KL,Sarah Joseph,AAAP,,,,,False,21,2014,GE
1944149,Sufeera K. P.,SDPI,19701,3057,2.39926538684917,5,21,63,KL,Sufeera K. P.,SDPI,,,,,False,21,2014,GE
1944150,T. L. Santhosh,IND,19702,1220,0.957508594032053,6,21,63,KL,T. L. Santhosh,IND,,,,,False,21,2014,GE
1944151,Nota,NOTA,19703,947,0.743246425039635,7,21,63,KL,Nota,NOTA,,,,,,21,2014,GE
1944152,Adv. A. Jayaram,BSP,19704,282,0.221325756981179,8,21,63,KL,Adv. A. Jayaram,BSP,,,,,False,21,2014,GE
1944153,Maniyangattil Sukumaran,IND,19702,124,0.09732054562293,9,21,63,KL,Maniyangattil Sukumaran,IND,,,,,False,21,2014,GE
1944154,M. Narayanankutty (M. N. Kutty),IND,19702,93,0.0729904092171975,10,21,63,KL,M. Narayanankutty (M. N. Kutty),IND,,,,,False,21,2014,GE
1944155,Haji Moideen Shah,JD(U),19716,91,0.0714207229974728,11,21,63,KL,Haji Moideen Shah,JD(U),,,,,False,21,2014,GE
1944156,Jasminsha,IND,19702,91,0.0714207229974728,11,21,63,KL,Jasminsha,IND,,,,,False,21,2014,GE
1944157,K.Sivaraman,CPIM,26403,86,0.0674965074481611,13,21,63,KL,K.Sivaraman,CPIM,,,,,False,21,2014,GE
1944158,Soman Pillai,igp,19732,72,0.0565087039100884,14,21,63,KL,Soman Pillai,igp,,,,,False,21,2014,GE
1944159,Jiju Cheenikkal,IND,19702,58,0.0455209003720156,15,21,63,KL,Jiju Cheenikkal,IND,,,,,False,21,2014,GE
1944160,C. N. Jayadevan,CPI,19713,60735,42.5831013763172,1,21,64,KL,C. N. Jayadevan,CPI,,,,,False,21,2014,GE
1944161,K. P. Dhanapalan,INC,19698,53807,37.7256760641393,2,21,64,KL,K. P. Dhanapalan,INC,,,,,True,21,2014,GE
1944162,K.P. Sreesan,BJP,19699,16548,11.6022912912702,3,21,64,KL,K.P. Sreesan,BJP,,,,,False,21,2014,GE
1944163,Sarah Joseph,AAAP,19705,5557,3.89617674072932,4,21,64,KL,Sarah Joseph,AAAP,,,,,False,21,2014,GE
1944164,Sufeera K. P.,SDPI,19701,2240,1.57053012402981,5,21,64,KL,Sufeera K. P.,SDPI,,,,,False,21,2014,GE
1944165,Nota,NOTA,19703,1325,0.92899661354442,6,21,64,KL,Nota,NOTA,,,,,,21,2014,GE
1944166,T. L. Santhosh,IND,19702,985,0.690612576861324,7,21,64,KL,T. L. Santhosh,IND,,,,,False,21,2014,GE
1944167,Jasminsha,IND,19702,508,0.356173795985332,8,21,64,KL,Jasminsha,IND,,,,,False,21,2014,GE
1944168,Adv. A. Jayaram,BSP,19704,353,0.247498720438627,9,21,64,KL,Adv. A. Jayaram,BSP,,,,,False,21,2014,GE
1944169,Maniyangattil Sukumaran,IND,19702,127,0.0890434489963331,10,21,64,KL,Maniyangattil Sukumaran,IND,,,,,False,21,2014,GE
1944170,Soman Pillai,igp,19732,99,0.0694118224459604,11,21,64,KL,Soman Pillai,igp,,,,,False,21,2014,GE
1944171,M. Narayanankutty (M. N. Kutty),IND,19702,98,0.0687106929263043,12,21,64,KL,M. Narayanankutty (M. N. Kutty),IND,,,,,False,21,2014,GE
1944172,Haji Moideen Shah,JD(U),19716,97,0.0680095634066481,13,21,64,KL,Haji Moideen Shah,JD(U),,,,,False,21,2014,GE
1944173,K.Sivaraman,CPIM,26403,85,0.0595960091707741,14,21,64,KL,K.Sivaraman,CPIM,,,,,False,21,2014,GE
1944174,Jiju Cheenikkal,IND,19702,63,0.0441711597383385,15,21,64,KL,Jiju Cheenikkal,IND,,,,,False,21,2014,GE
1944175,P.K.Biju,CPI(M),19700,62392,44.23,1,21,65,KL,P.K.Biju,CPM,,,,,True,21,2014,GE
1944176,Sheeba,INC,19698,59729,42.3450759643538,2,21,65,KL,Sheeba,INC,,,,,False,21,2014,GE
1944177,Shaju Mon Vattekkad,BJP,19699,13082,9.2745280142925,3,21,65,KL,Shaju Mon Vattekkad,BJP,,,,,False,21,2014,GE
1944178,Nota,NOTA,19703,2447,1.73480890161854,4,21,65,KL,Nota,NOTA,,,,,,21,2014,GE
1944179,Krishnan Eranhikkal,SDPI,19701,665,0.471453992470915,5,21,65,KL,Krishnan Eranhikkal,SDPI,,,,,False,21,2014,GE
1944180,Premakumari,BSP,19704,578,0.409775049095021,6,21,65,KL,Premakumari,BSP,,,,,False,21,2014,GE
1944181,Albin M U,IND,19702,540,0.382834820953826,7,21,65,KL,Albin M U,IND,,,,,False,21,2014,GE
1944182,R Biju,IND,19702,462,0.327536457927162,8,21,65,KL,R Biju,IND,,,,,False,21,2014,GE
1944183,K Biju,IND,19702,378,0.267984374667678,9,21,65,KL,K Biju,IND,,,,,False,21,2014,GE
1944184,K S Velayudhan,IND,19702,305,0.216230778501698,10,21,65,KL,K S Velayudhan,IND,,,,,False,21,2014,GE
1944185,A Biju,IND,19702,249,0.176529389662042,11,21,65,KL,A Biju,IND,,,,,False,21,2014,GE
1944186,Vijayan Ambalakkad,IND,19702,140,0.0992534720991401,12,21,65,KL,Vijayan Ambalakkad,IND,,,,,False,21,2014,GE
1944187,Krishnankutty V,IND,19702,86,0.0609699900037575,13,21,65,KL,Krishnankutty V,IND,,,,,False,21,2014,GE
1944188,C. N. Jayadevan,CPI,19713,55778,41.4764911028324,1,21,66,KL,C. N. Jayadevan,CPI,,,,,False,21,2014,GE
1944189,K. P. Dhanapalan,INC,19698,54436,40.4785806173363,2,21,66,KL,K. P. Dhanapalan,INC,,,,,True,21,2014,GE
1944190,K.P. Sreesan,BJP,19699,12889,9.58425353767447,3,21,66,KL,K.P. Sreesan,BJP,,,,,False,21,2014,GE
1944191,Sarah Joseph,AAAP,19705,7217,5.36655735754493,4,21,66,KL,Sarah Joseph,AAAP,,,,,False,21,2014,GE
1944192,Nota,NOTA,19703,1453,1.08045002639778,5,21,66,KL,Nota,NOTA,,,,,,21,2014,GE
1944193,Jasminsha,IND,19702,1098,0.816472215405894,6,21,66,KL,Jasminsha,IND,,,,,False,21,2014,GE
1944194,T. L. Santhosh,IND,19702,468,0.348004550828742,7,21,66,KL,T. L. Santhosh,IND,,,,,False,21,2014,GE
1944195,Adv. A. Jayaram,BSP,19704,315,0.234233832288576,8,21,66,KL,Adv. A. Jayaram,BSP,,,,,False,21,2014,GE
1944196,Sufeera K. P.,SDPI,19701,281,0.208951450390762,9,21,66,KL,Sufeera K. P.,SDPI,,,,,False,21,2014,GE
1944197,Maniyangattil Sukumaran,IND,19702,126,0.0936935329154304,10,21,66,KL,Maniyangattil Sukumaran,IND,,,,,False,21,2014,GE
1944198,Haji Moideen Shah,JD(U),19716,94,0.0698983499527814,11,21,66,KL,Haji Moideen Shah,JD(U),,,,,False,21,2014,GE
1944199,K.Sivaraman,CPIM,26403,94,0.0698983499527814,11,21,66,KL,K.Sivaraman,CPIM,,,,,False,21,2014,GE
1944200,M. Narayanankutty (M. N. Kutty),IND,19702,79,0.0587443579390397,13,21,66,KL,M. Narayanankutty (M. N. Kutty),IND,,,,,False,21,2014,GE
1944201,Jiju Cheenikkal,IND,19702,77,0.0572571590038742,14,21,66,KL,Jiju Cheenikkal,IND,,,,,False,21,2014,GE
1944202,Soman Pillai,igp,19732,76,0.0565135595362914,15,21,66,KL,Soman Pillai,igp,,,,,False,21,2014,GE
1944203,K. P. Dhanapalan,INC,19698,47171,41.7882548878908,1,21,67,KL,K. P. Dhanapalan,INC,,,,,True,21,2014,GE
1944204,C. N. Jayadevan,CPI,19713,40318,35.7172597691374,2,21,67,KL,C. N. Jayadevan,CPI,,,,,False,21,2014,GE
1944205,K.P. Sreesan,BJP,19699,12166,10.7777216714948,3,21,67,KL,K.P. Sreesan,BJP,,,,,False,21,2014,GE
1944206,Sarah Joseph,AAAP,19705,9200,8.15017584890283,4,21,67,KL,Sarah Joseph,AAAP,,,,,False,21,2014,GE
1944207,Nota,NOTA,19703,1999,1.77089146977791,5,21,67,KL,Nota,NOTA,,,,,,21,2014,GE
1944208,Jasminsha,IND,19702,881,0.780467926400369,6,21,67,KL,Jasminsha,IND,,,,,False,21,2014,GE
1944209,T. L. Santhosh,IND,19702,306,0.271081935843942,7,21,67,KL,T. L. Santhosh,IND,,,,,False,21,2014,GE
1944210,Sufeera K. P.,SDPI,19701,224,0.198439064147199,8,21,67,KL,Sufeera K. P.,SDPI,,,,,False,21,2014,GE
1944211,Adv. A. Jayaram,BSP,19704,199,0.176291847166485,9,21,67,KL,Adv. A. Jayaram,BSP,,,,,False,21,2014,GE
1944212,Haji Moideen Shah,JD(U),19716,86,0.0761864264136569,10,21,67,KL,Haji Moideen Shah,JD(U),,,,,False,21,2014,GE
1944213,K.Sivaraman,CPIM,26403,84,0.0744146490551997,11,21,67,KL,K.Sivaraman,CPIM,,,,,False,21,2014,GE
1944214,M. Narayanankutty (M. N. Kutty),IND,19702,73,0.0646698735836855,12,21,67,KL,M. Narayanankutty (M. N. Kutty),IND,,,,,False,21,2014,GE
1944215,Maniyangattil Sukumaran,IND,19702,73,0.0646698735836855,12,21,67,KL,Maniyangattil Sukumaran,IND,,,,,False,21,2014,GE
1944216,Jiju Cheenikkal,IND,19702,55,0.0487238773575712,14,21,67,KL,Jiju Cheenikkal,IND,,,,,False,21,2014,GE
1944217,Soman Pillai,igp,19732,46,0.0407508792445141,15,21,67,KL,Soman Pillai,igp,,,,,False,21,2014,GE
1944218,C. N. Jayadevan,CPI,19713,60013,44.6044074473225,1,21,68,KL,C. N. Jayadevan,CPI,,,,,False,21,2014,GE
1944219,K. P. Dhanapalan,INC,19698,46048,34.224980489799,2,21,68,KL,K. P. Dhanapalan,INC,,,,,True,21,2014,GE
1944220,K.P. Sreesan,BJP,19699,16785,12.4753799843918,3,21,68,KL,K.P. Sreesan,BJP,,,,,False,21,2014,GE
1944221,Sarah Joseph,AAAP,19705,6489,4.82292169905979,4,21,68,KL,Sarah Joseph,AAAP,,,,,False,21,2014,GE
1944222,T. L. Santhosh,IND,19702,1899,1.41142368724219,5,21,68,KL,T. L. Santhosh,IND,,,,,False,21,2014,GE
1944223,Nota,NOTA,19703,1380,1.02567914080791,6,21,68,KL,Nota,NOTA,,,,,,21,2014,GE
1944224,Sufeera K. P.,SDPI,19701,612,0.454866401575681,7,21,68,KL,Sufeera K. P.,SDPI,,,,,False,21,2014,GE
1944225,Jasminsha,IND,19702,409,0.303987513471329,8,21,68,KL,Jasminsha,IND,,,,,False,21,2014,GE
1944226,Adv. A. Jayaram,BSP,19704,333,0.247500836151473,9,21,68,KL,Adv. A. Jayaram,BSP,,,,,False,21,2014,GE
1944227,Maniyangattil Sukumaran,IND,19702,149,0.110743617377086,10,21,68,KL,Maniyangattil Sukumaran,IND,,,,,False,21,2014,GE
1944228,K.Sivaraman,CPIM,26403,117,0.0869597532424096,11,21,68,KL,K.Sivaraman,CPIM,,,,,False,21,2014,GE
1944229,Haji Moideen Shah,JD(U),19716,99,0.0735813296666543,12,21,68,KL,Haji Moideen Shah,JD(U),,,,,False,21,2014,GE
1944230,M. Narayanankutty (M. N. Kutty),IND,19702,95,0.0706083466498198,13,21,68,KL,M. Narayanankutty (M. N. Kutty),IND,,,,,False,21,2014,GE
1944231,Soman Pillai,igp,19732,63,0.0468244825151436,14,21,68,KL,Soman Pillai,igp,,,,,False,21,2014,GE
1944232,Jiju Cheenikkal,IND,19702,54,0.040135270727266,15,21,68,KL,Jiju Cheenikkal,IND,,,,,False,21,2014,GE
1944233,Innocent,IND,19702,49833,42.5087434956922,1,21,69,KL,Innocent,IND,,,,,False,21,2014,GE
1944234,P C Chacko,INC,19698,36575,31.1993517017828,2,21,69,KL,P C Chacko,INC,,,,,True,21,2014,GE
1944235,Adv. B. Gopalakrishnan,BJP,19699,16434,14.0185959225454,3,21,69,KL,Adv. B. Gopalakrishnan,BJP,,,,,False,21,2014,GE
1944236,K M Noordeen,AAAP,19705,7597,6.48042309988911,4,21,69,KL,K M Noordeen,AAAP,,,,,False,21,2014,GE
1944237,K. Ambujakshan,WPOI,19717,3102,2.64608035485797,5,21,69,KL,K. Ambujakshan,WPOI,,,,,False,21,2014,GE
1944238,Shafeer Muhammed,SDPI,19701,972,0.829139298814297,6,21,69,KL,Shafeer Muhammed,SDPI,,,,,False,21,2014,GE
1944239,Nota,NOTA,19703,793,0.67644800818903,7,21,69,KL,Nota,NOTA,,,,,,21,2014,GE
1944240,Vincent,IND,19702,610,0.520344621683869,8,21,69,KL,Vincent,IND,,,,,False,21,2014,GE
1944241,Abdul Kareem,IND,19702,234,0.199607608973812,9,21,69,KL,Abdul Kareem,IND,,,,,False,21,2014,GE
1944242,M G Purushothaman,BSP,19704,205,0.174869913844579,10,21,69,KL,M G Purushothaman,BSP,,,,,False,21,2014,GE
1944243,Jayan Konikara,CPIM,26403,175,0.149279194745372,11,21,69,KL,Jayan Konikara,CPIM,,,,,False,21,2014,GE
1944244,Edappally Basheer,IND,19702,165,0.140748955045637,12,21,69,KL,Edappally Basheer,IND,,,,,False,21,2014,GE
1944245,Saji Thuruthikunnel,SHS,19715,158,0.134777787255822,13,21,69,KL,Saji Thuruthikunnel,SHS,,,,,False,21,2014,GE
1944246,T D Baburajan,IND,19702,134,0.114305211976457,14,21,69,KL,T D Baburajan,IND,,,,,False,21,2014,GE
1944247,Jaison Panikulangara,IND,19702,127,0.108334044186642,15,21,69,KL,Jaison Panikulangara,IND,,,,,False,21,2014,GE
1944248,Annamma Joy,AITC,19706,116,0.0989507805169325,16,21,69,KL,Annamma Joy,AITC,,,,,False,21,2014,GE
1944249,C. N. Jayadevan,CPI,19713,56314,42.9828645574934,1,21,70,KL,C. N. Jayadevan,CPI,,,,,False,21,2014,GE
1944250,K. P. Dhanapalan,INC,19698,51313,39.1657443804145,2,21,70,KL,K. P. Dhanapalan,INC,,,,,True,21,2014,GE
1944251,K.P. Sreesan,BJP,19699,14048,10.7224363622486,3,21,70,KL,K.P. Sreesan,BJP,,,,,False,21,2014,GE
1944252,Sarah Joseph,AAAP,19705,6077,4.63840018318513,4,21,70,KL,Sarah Joseph,AAAP,,,,,False,21,2014,GE
1944253,Nota,NOTA,19703,1391,1.06171049116513,5,21,70,KL,Nota,NOTA,,,,,,21,2014,GE
1944254,T. L. Santhosh,IND,19702,399,0.304545281074686,6,21,70,KL,T. L. Santhosh,IND,,,,,False,21,2014,GE
1944255,Jasminsha,IND,19702,369,0.281647139640499,7,21,70,KL,Jasminsha,IND,,,,,False,21,2014,GE
1944256,Adv. A. Jayaram,BSP,19704,323,0.246536656108079,8,21,70,KL,Adv. A. Jayaram,BSP,,,,,False,21,2014,GE
1944257,Sufeera K. P.,SDPI,19701,247,0.188528031141472,9,21,70,KL,Sufeera K. P.,SDPI,,,,,False,21,2014,GE
1944258,Maniyangattil Sukumaran,IND,19702,143,0.109147807502958,10,21,70,KL,Maniyangattil Sukumaran,IND,,,,,False,21,2014,GE
1944259,K.Sivaraman,CPIM,26403,98,0.0748005953516773,11,21,70,KL,K.Sivaraman,CPIM,,,,,False,21,2014,GE
1944261,Soman Pillai,igp,19732,77,0.0587718963477464,12,21,70,KL,Soman Pillai,igp,,,,,False,21,2014,GE
1944260,Haji Moideen Shah,JD(U),19716,77,0.0587718963477464,12,21,70,KL,Haji Moideen Shah,JD(U),,,,,False,21,2014,GE
1944262,M. Narayanankutty (M. N. Kutty),IND,19702,74,0.0564820822043277,14,21,70,KL,M. Narayanankutty (M. N. Kutty),IND,,,,,False,21,2014,GE
1944263,Jiju Cheenikkal,IND,19702,65,0.0496126397740717,15,21,70,KL,Jiju Cheenikkal,IND,,,,,False,21,2014,GE
1944264,C. N. Jayadevan,CPI,19713,62300,45.609616820651,1,21,71,KL,C. N. Jayadevan,CPI,,,,,False,21,2014,GE
1944265,K. P. Dhanapalan,INC,19698,48353,35.3990658447662,2,21,71,KL,K. P. Dhanapalan,INC,,,,,True,21,2014,GE
1944266,K.P. Sreesan,BJP,19699,16253,11.8987656851692,3,21,71,KL,K.P. Sreesan,BJP,,,,,False,21,2014,GE
1944267,Sarah Joseph,AAAP,19705,5467,4.00237199291331,4,21,71,KL,Sarah Joseph,AAAP,,,,,False,21,2014,GE
1944268,Nota,NOTA,19703,1546,1.1318213098672,5,21,71,KL,Nota,NOTA,,,,,,21,2014,GE
1944269,T. L. Santhosh,IND,19702,766,0.560785978886335,6,21,71,KL,T. L. Santhosh,IND,,,,,False,21,2014,GE
1944270,Jasminsha,IND,19702,603,0.441454236642898,7,21,71,KL,Jasminsha,IND,,,,,False,21,2014,GE
1944271,Adv. A. Jayaram,BSP,19704,304,0.2225573597669,8,21,71,KL,Adv. A. Jayaram,BSP,,,,,False,21,2014,GE
1944272,Sufeera K. P.,SDPI,19701,231,0.169114309559717,9,21,71,KL,Sufeera K. P.,SDPI,,,,,False,21,2014,GE
1944273,Maniyangattil Sukumaran,IND,19702,207,0.151543991683383,10,21,71,KL,Maniyangattil Sukumaran,IND,,,,,False,21,2014,GE
1944274,K.Sivaraman,CPIM,26403,154,0.112742873039811,11,21,71,KL,K.Sivaraman,CPIM,,,,,False,21,2014,GE
1944275,Haji Moideen Shah,JD(U),19716,115,0.0841911064907683,12,21,71,KL,Haji Moideen Shah,JD(U),,,,,False,21,2014,GE
1944276,Soman Pillai,igp,19732,113,0.0827269133344071,13,21,71,KL,Soman Pillai,igp,,,,,False,21,2014,GE
1944277,M. Narayanankutty (M. N. Kutty),IND,19702,104,0.0761380441307817,14,21,71,KL,M. Narayanankutty (M. N. Kutty),IND,,,,,False,21,2014,GE
1944278,Jiju Cheenikkal,IND,19702,78,0.0571035330980863,15,21,71,KL,Jiju Cheenikkal,IND,,,,,False,21,2014,GE
1944279,P C Chacko,INC,19698,55279,41.9396689073335,1,21,72,KL,P C Chacko,INC,,,,,True,21,2014,GE
1944280,Innocent,IND,19702,54662,41.4715566817899,2,21,72,KL,Innocent,IND,,,,,False,21,2014,GE
1944281,Adv. B. Gopalakrishnan,BJP,19699,13285,10.0792073198489,3,21,72,KL,Adv. B. Gopalakrishnan,BJP,,,,,False,21,2014,GE
1944282,K M Noordeen,AAAP,19705,3418,2.59320516516699,4,21,72,KL,K M Noordeen,AAAP,,,,,False,21,2014,GE
1944283,Nota,NOTA,19703,1362,1.03333687389041,5,21,72,KL,Nota,NOTA,,,,,,21,2014,GE
1944284,Jaison Panikulangara,IND,19702,962,0.729860552630381,6,21,72,KL,Jaison Panikulangara,IND,,,,,False,21,2014,GE
1944285,K. Ambujakshan,WPOI,19717,780,0.591778826457066,7,21,72,KL,K. Ambujakshan,WPOI,,,,,False,21,2014,GE
1944286,Vincent,IND,19702,700,0.531083562205059,8,21,72,KL,Vincent,IND,,,,,False,21,2014,GE
1944287,M G Purushothaman,BSP,19704,308,0.233676767370226,9,21,72,KL,M G Purushothaman,BSP,,,,,False,21,2014,GE
1944288,Abdul Kareem,IND,19702,210,0.159325068661518,10,21,72,KL,Abdul Kareem,IND,,,,,False,21,2014,GE
1944289,Edappally Basheer,IND,19702,157,0.119114456094563,11,21,72,KL,Edappally Basheer,IND,,,,,False,21,2014,GE
1944290,T D Baburajan,IND,19702,141,0.106975403244162,12,21,72,KL,T D Baburajan,IND,,,,,False,21,2014,GE
1944291,Saji Thuruthikunnel,SHS,19715,138,0.104699330834712,13,21,72,KL,Saji Thuruthikunnel,SHS,,,,,False,21,2014,GE
1944292,Annamma Joy,AITC,19706,136,0.103181949228411,14,21,72,KL,Annamma Joy,AITC,,,,,False,21,2014,GE
1944293,Jayan Konikara,CPIM,26403,135,0.102423258425261,15,21,72,KL,Jayan Konikara,CPIM,,,,,False,21,2014,GE
1944294,Shafeer Muhammed,SDPI,19701,133,0.100905876818961,16,21,72,KL,Shafeer Muhammed,SDPI,,,,,False,21,2014,GE
1944295,Innocent,IND,19702,51823,40.0462104352127,1,21,73,KL,Innocent,IND,,,,,False,21,2014,GE
1944296,P C Chacko,INC,19698,47850,36.9760756676558,2,21,73,KL,P C Chacko,INC,,,,,True,21,2014,GE
1944297,Adv. B. Gopalakrishnan,BJP,19699,18101,13.9875432739862,3,21,73,KL,Adv. B. Gopalakrishnan,BJP,,,,,False,21,2014,GE
1944298,K M Noordeen,AAAP,19705,4569,3.53069362017804,4,21,73,KL,K M Noordeen,AAAP,,,,,False,21,2014,GE
1944299,K. Ambujakshan,WPOI,19717,2145,1.65754821958457,5,21,73,KL,K. Ambujakshan,WPOI,,,,,False,21,2014,GE
1944300,Nota,NOTA,19703,1751,1.35308481701286,6,21,73,KL,Nota,NOTA,,,,,,21,2014,GE
1944301,Shafeer Muhammed,SDPI,19701,889,0.68697453016815,7,21,73,KL,Shafeer Muhammed,SDPI,,,,,False,21,2014,GE
1944302,Vincent,IND,19702,669,0.516969584569733,8,21,73,KL,Vincent,IND,,,,,False,21,2014,GE
1944303,M G Purushothaman,BSP,19704,319,0.246507171117705,9,21,73,KL,M G Purushothaman,BSP,,,,,False,21,2014,GE
1944304,Jaison Panikulangara,IND,19702,291,0.224870178041543,10,21,73,KL,Jaison Panikulangara,IND,,,,,False,21,2014,GE
1944305,Abdul Kareem,IND,19702,214,0.165368447082097,11,21,73,KL,Abdul Kareem,IND,,,,,False,21,2014,GE
1944306,Edappally Basheer,IND,19702,187,0.144504203758655,12,21,73,KL,Edappally Basheer,IND,,,,,False,21,2014,GE
1944307,Jayan Konikara,CPIM,26403,162,0.125185459940653,13,21,73,KL,Jayan Konikara,CPIM,,,,,False,21,2014,GE
1944308,Annamma Joy,AITC,19706,150,0.115912462908012,14,21,73,KL,Annamma Joy,AITC,,,,,False,21,2014,GE
1944309,Saji Thuruthikunnel,SHS,19715,145,0.112048714144411,15,21,73,KL,Saji Thuruthikunnel,SHS,,,,,False,21,2014,GE
1944310,T D Baburajan,IND,19702,143,0.110503214638971,16,21,73,KL,T D Baburajan,IND,,,,,False,21,2014,GE
1944311,Innocent,IND,19702,51036,40.8206358728254,1,21,74,KL,Innocent,IND,,,,,False,21,2014,GE
1944312,P C Chacko,INC,19698,48229,38.5754849030194,2,21,74,KL,P C Chacko,INC,,,,,True,21,2014,GE
1944313,Adv. B. Gopalakrishnan,BJP,19699,12985,10.3859228154369,3,21,74,KL,Adv. B. Gopalakrishnan,BJP,,,,,False,21,2014,GE
1944314,K M Noordeen,AAAP,19705,4111,3.2881423715257,4,21,74,KL,K M Noordeen,AAAP,,,,,False,21,2014,GE
1944315,Shafeer Muhammed,SDPI,19701,3586,2.86822635472905,5,21,74,KL,Shafeer Muhammed,SDPI,,,,,False,21,2014,GE
1944316,Nota,NOTA,19703,1721,1.37652469506099,6,21,74,KL,Nota,NOTA,,,,,,21,2014,GE
1944317,K. Ambujakshan,WPOI,19717,1590,1.27174565086983,7,21,74,KL,K. Ambujakshan,WPOI,,,,,False,21,2014,GE
1944318,Vincent,IND,19702,607,0.485502899420116,8,21,74,KL,Vincent,IND,,,,,False,21,2014,GE
1944319,M G Purushothaman,BSP,19704,259,0.207158568286343,9,21,74,KL,M G Purushothaman,BSP,,,,,False,21,2014,GE
1944320,Abdul Kareem,IND,19702,169,0.135172965406919,10,21,74,KL,Abdul Kareem,IND,,,,,False,21,2014,GE
1944321,Saji Thuruthikunnel,SHS,19715,164,0.131173765246951,11,21,74,KL,Saji Thuruthikunnel,SHS,,,,,False,21,2014,GE
1944322,Edappally Basheer,IND,19702,140,0.111977604479104,12,21,74,KL,Edappally Basheer,IND,,,,,False,21,2014,GE
1944323,Jaison Panikulangara,IND,19702,128,0.102379524095181,13,21,74,KL,Jaison Panikulangara,IND,,,,,False,21,2014,GE
1944324,Annamma Joy,AITC,19706,105,0.0839832033593281,14,21,74,KL,Annamma Joy,AITC,,,,,False,21,2014,GE
1944325,T D Baburajan,IND,19702,101,0.0807838432313537,15,21,74,KL,T D Baburajan,IND,,,,,False,21,2014,GE
1944326,Jayan Konikara,CPIM,26403,94,0.0751849630073985,16,21,74,KL,Jayan Konikara,CPIM,,,,,False,21,2014,GE
1944327,P C Chacko,INC,19698,55431,45.6669495225777,1,21,75,KL,P C Chacko,INC,,,,,True,21,2014,GE
1944328,Innocent,IND,19702,49509,40.7880969838772,2,21,75,KL,Innocent,IND,,,,,False,21,2014,GE
1944329,Adv. B. Gopalakrishnan,BJP,19699,8009,6.59823201324754,3,21,75,KL,Adv. B. Gopalakrishnan,BJP,,,,,False,21,2014,GE
1944330,K M Noordeen,AAAP,19705,3370,2.77638180604872,4,21,75,KL,K M Noordeen,AAAP,,,,,False,21,2014,GE
1944331,Nota,NOTA,19703,1644,1.35441296413772,5,21,75,KL,Nota,NOTA,,,,,,21,2014,GE
1944332,K. Ambujakshan,WPOI,19717,794,0.654138621365782,6,21,75,KL,K. Ambujakshan,WPOI,,,,,False,21,2014,GE
1944333,Vincent,IND,19702,777,0.640133134510343,7,21,75,KL,Vincent,IND,,,,,False,21,2014,GE
1944334,M G Purushothaman,BSP,19704,349,0.287524406620476,8,21,75,KL,M G Purushothaman,BSP,,,,,False,21,2014,GE
1944335,Shafeer Muhammed,SDPI,19701,331,0.27269506759707,9,21,75,KL,Shafeer Muhammed,SDPI,,,,,False,21,2014,GE
1944336,Jaison Panikulangara,IND,19702,291,0.239740980878391,10,21,75,KL,Jaison Panikulangara,IND,,,,,False,21,2014,GE
1944337,Edappally Basheer,IND,19702,201,0.165594285761363,11,21,75,KL,Edappally Basheer,IND,,,,,False,21,2014,GE
1944338,Abdul Kareem,IND,19702,184,0.151588798905924,12,21,75,KL,Abdul Kareem,IND,,,,,False,21,2014,GE
1944339,T D Baburajan,IND,19702,150,0.123577825195047,13,21,75,KL,T D Baburajan,IND,,,,,False,21,2014,GE
1944340,Annamma Joy,AITC,19706,126,0.103805373163839,14,21,75,KL,Annamma Joy,AITC,,,,,False,21,2014,GE
1944341,Jayan Konikara,CPIM,26403,123,0.101333816659939,15,21,75,KL,Jayan Konikara,CPIM,,,,,False,21,2014,GE
1944342,Saji Thuruthikunnel,SHS,19715,92,0.0757943994529622,16,21,75,KL,Saji Thuruthikunnel,SHS,,,,,False,21,2014,GE
1944343,P C Chacko,INC,19698,49725,38.859192572795,1,21,76,KL,P C Chacko,INC,,,,,True,21,2014,GE
1944344,Innocent,IND,19702,47639,37.2290211156437,2,21,76,KL,Innocent,IND,,,,,False,21,2014,GE
1944345,Adv. B. Gopalakrishnan,BJP,19699,13584,10.6156515215455,3,21,76,KL,Adv. B. Gopalakrishnan,BJP,,,,,False,21,2014,GE
1944346,K M Noordeen,AAAP,19705,5990,4.6810771947922,4,21,76,KL,K M Noordeen,AAAP,,,,,False,21,2014,GE
1944347,Shafeer Muhammed,SDPI,19701,4695,3.66905800159422,5,21,76,KL,Shafeer Muhammed,SDPI,,,,,False,21,2014,GE
1944348,K. Ambujakshan,WPOI,19717,2832,2.21315703099358,6,21,76,KL,K. Ambujakshan,WPOI,,,,,False,21,2014,GE
1944349,Nota,NOTA,19703,1627,1.27147121801785,7,21,76,KL,Nota,NOTA,,,,,,21,2014,GE
1944350,Vincent,IND,19702,559,0.436848439380441,8,21,76,KL,Vincent,IND,,,,,False,21,2014,GE
1944351,Edappally Basheer,IND,19702,324,0.253200168800113,9,21,76,KL,Edappally Basheer,IND,,,,,False,21,2014,GE
1944352,M G Purushothaman,BSP,19704,238,0.185992716587737,10,21,76,KL,M G Purushothaman,BSP,,,,,False,21,2014,GE
1944353,Abdul Kareem,IND,19702,193,0.15082602647661,11,21,76,KL,Abdul Kareem,IND,,,,,False,21,2014,GE
1944354,Jaison Panikulangara,IND,19702,131,0.102374142323502,12,21,76,KL,Jaison Panikulangara,IND,,,,,False,21,2014,GE
1944355,Jayan Konikara,CPIM,26403,118,0.092214876291399,13,21,76,KL,Jayan Konikara,CPIM,,,,,False,21,2014,GE
1944356,Saji Thuruthikunnel,SHS,19715,116,0.09065191228646,14,21,76,KL,Saji Thuruthikunnel,SHS,,,,,False,21,2014,GE
1944357,Annamma Joy,AITC,19706,99,0.0773667182444788,15,21,76,KL,Annamma Joy,AITC,,,,,False,21,2014,GE
1944358,T D Baburajan,IND,19702,92,0.0718963442271924,16,21,76,KL,T D Baburajan,IND,,,,,False,21,2014,GE
1944359,Prof. K.V. Thomas,INC,19698,51037,38.6881343854941,1,21,77,KL,Prof. K.V. Thomas,INC,,,,,True,21,2014,GE
1944360,Dr. Christy Fernandez,IND,19702,42379,32.1250161083695,2,21,77,KL,Dr. Christy Fernandez,IND,,,,,False,21,2014,GE
1944361,A.N. Radhakrishnan,BJP,19699,17558,13.309682456659,3,21,77,KL,A.N. Radhakrishnan,BJP,,,,,False,21,2014,GE
1944362,Anita Pratap,AAAP,19705,7825,5.93167019155694,4,21,77,KL,Anita Pratap,AAAP,,,,,False,21,2014,GE
1944363,Zulficar Ali,SDPI,19701,6739,5.10843775346993,5,21,77,KL,Zulficar Ali,SDPI,,,,,False,21,2014,GE
1944364,Nota,NOTA,19703,1278,0.96877629454438,6,21,77,KL,Nota,NOTA,,,,,,21,2014,GE
1944365,Rajaneesh Babu,IND,19702,1107,0.839151297387033,7,21,77,KL,Rajaneesh Babu,IND,,,,,False,21,2014,GE
1944366,P.D. Chandrabhanu,SRP,19756,727,0.551095748148485,8,21,77,KL,P.D. Chandrabhanu,SRP,,,,,False,21,2014,GE
1944367,Kishore,IND,19702,706,0.53517688884846,9,21,77,KL,Kishore,IND,,,,,False,21,2014,GE
1944368,Densil Mendez,JD(U),19716,698,0.52911256149607,10,21,77,KL,Densil Mendez,JD(U),,,,,False,21,2014,GE
1944369,K C Karthikeyan,BSP,19704,402,0.304732449457622,11,21,77,KL,K C Karthikeyan,BSP,,,,,False,21,2014,GE
1944370,N J Pious,IND,19702,385,0.291845753833792,12,21,77,KL,N J Pious,IND,,,,,False,21,2014,GE
1944371,Adv. Radhakrishnan P T,IND,19702,349,0.264556280748035,13,21,77,KL,Adv. Radhakrishnan P T,IND,,,,,False,21,2014,GE
1944372,K.V. Bhaskaran,IND,19702,255,0.193300434357447,14,21,77,KL,K.V. Bhaskaran,IND,,,,,False,21,2014,GE
1944373,Anil Kumar,IND,19702,194,0.147059938295469,15,21,77,KL,Anil Kumar,IND,,,,,False,21,2014,GE
1944374,Juno John Baby,IND,19702,152,0.115222219695419,16,21,77,KL,Juno John Baby,IND,,,,,False,21,2014,GE
1944375,Krishnankutty M.K.,CPIM,26403,128,0.0970292376382477,17,21,77,KL,Krishnankutty M.K.,CPIM,,,,,False,21,2014,GE
1944376,Prof. K.V. Thomas,INC,19698,55471,39.6023416862997,1,21,78,KL,Prof. K.V. Thomas,INC,,,,,True,21,2014,GE
1944377,Dr. Christy Fernandez,IND,19702,47706,34.0586849432427,2,21,78,KL,Dr. Christy Fernandez,IND,,,,,False,21,2014,GE
1944378,A.N. Radhakrishnan,BJP,19699,15917,11.3636039123295,3,21,78,KL,A.N. Radhakrishnan,BJP,,,,,False,21,2014,GE
1944379,K.V. Bhaskaran,IND,19702,6745,4.81544941814807,4,21,78,KL,K.V. Bhaskaran,IND,,,,,False,21,2014,GE
1944380,Anita Pratap,AAAP,19705,4911,3.50610409081174,5,21,78,KL,Anita Pratap,AAAP,,,,,False,21,2014,GE
1944381,Rajaneesh Babu,IND,19702,1778,1.26936531734133,6,21,78,KL,Rajaneesh Babu,IND,,,,,False,21,2014,GE
1944382,Zulficar Ali,SDPI,19701,1600,1.14228599985721,7,21,78,KL,Zulficar Ali,SDPI,,,,,False,21,2014,GE
1944383,Nota,NOTA,19703,1414,1.00949525237381,8,21,78,KL,Nota,NOTA,,,,,,21,2014,GE
1944384,P.D. Chandrabhanu,SRP,19756,1266,0.903833797387021,9,21,78,KL,P.D. Chandrabhanu,SRP,,,,,False,21,2014,GE
1944385,Kishore,IND,19702,714,0.509745127436282,10,21,78,KL,Kishore,IND,,,,,False,21,2014,GE
1944386,N J Pious,IND,19702,576,0.41,11,21,78,KL,N J Pious,IND,,,,,False,21,2014,GE
1944387,K C Karthikeyan,BSP,19704,463,0.330549011208681,12,21,78,KL,K C Karthikeyan,BSP,,,,,False,21,2014,GE
1944388,Adv. Radhakrishnan P T,IND,19702,436,0.311272934961091,13,21,78,KL,Adv. Radhakrishnan P T,IND,,,,,False,21,2014,GE
1944389,Densil Mendez,JD(U),19716,407,0.290569001213679,14,21,78,KL,Densil Mendez,JD(U),,,,,False,21,2014,GE
1944390,Anil Kumar,IND,19702,275,0.196330406225459,15,21,78,KL,Anil Kumar,IND,,,,,False,21,2014,GE
1944391,Juno John Baby,IND,19702,242,0.17,16,21,78,KL,Juno John Baby,IND,,,,,False,21,2014,GE
1944392,Krishnankutty M.K.,CPIM,26403,149,0.106375383736703,17,21,78,KL,Krishnankutty M.K.,CPIM,,,,,False,21,2014,GE
1944393,Prof. K.V. Thomas,INC,19698,49165,42.1557615303489,1,21,79,KL,Prof. K.V. Thomas,INC,,,,,True,21,2014,GE
1944394,Dr. Christy Fernandez,IND,19702,39548,33.9098150514032,2,21,79,KL,Dr. Christy Fernandez,IND,,,,,False,21,2014,GE
1944395,A.N. Radhakrishnan,BJP,19699,9324,7.99471820418942,3,21,79,KL,A.N. Radhakrishnan,BJP,,,,,False,21,2014,GE
1944396,K.V. Bhaskaran,IND,19702,6167,5.28779785126943,4,21,79,KL,K.V. Bhaskaran,IND,,,,,False,21,2014,GE
1944397,Anita Pratap,AAAP,19705,5636,4.83250019292274,5,21,79,KL,Anita Pratap,AAAP,,,,,False,21,2014,GE
1944398,Nota,NOTA,19703,1148,0.984334673789088,6,21,79,KL,Nota,NOTA,,,,,,21,2014,GE
1944399,Rajaneesh Babu,IND,19702,1132,0.970615723631749,7,21,79,KL,Rajaneesh Babu,IND,,,,,False,21,2014,GE
1944400,P.D. Chandrabhanu,SRP,19756,1058,0.907165579154055,8,21,79,KL,P.D. Chandrabhanu,SRP,,,,,False,21,2014,GE
1944401,Zulficar Ali,SDPI,19701,817,0.700523892409133,9,21,79,KL,Zulficar Ali,SDPI,,,,,False,21,2014,GE
1944402,Kishore,IND,19702,601,0.515318065285054,10,21,79,KL,Kishore,IND,,,,,False,21,2014,GE
1944403,N J Pious,IND,19702,450,0.385845473175165,11,21,79,KL,N J Pious,IND,,,,,False,21,2014,GE
1944404,K C Karthikeyan,BSP,19704,435,0.37298395740266,12,21,79,KL,K C Karthikeyan,BSP,,,,,False,21,2014,GE
1944405,Densil Mendez,JD(U),19716,332,0.284668215764789,13,21,79,KL,Densil Mendez,JD(U),,,,,False,21,2014,GE
1944406,Adv. Radhakrishnan P T,IND,19702,276,0.236651890214101,14,21,79,KL,Adv. Radhakrishnan P T,IND,,,,,False,21,2014,GE
1944407,Krishnankutty M.K.,CPIM,26403,194,0.166342270657738,15,21,79,KL,Krishnankutty M.K.,CPIM,,,,,False,21,2014,GE
1944408,Anil Kumar,IND,19702,173,0.14833614857623,16,21,79,KL,Anil Kumar,IND,,,,,False,21,2014,GE
1944409,Juno John Baby,IND,19702,171,0.146621279806563,17,21,79,KL,Juno John Baby,IND,,,,,False,21,2014,GE
1944410,Prof. K.V. Thomas,INC,19698,50548,45.8959831481078,1,21,80,KL,Prof. K.V. Thomas,INC,,,,,True,21,2014,GE
1944411,Dr. Christy Fernandez,IND,19702,30186,27.4079320113314,2,21,80,KL,Dr. Christy Fernandez,IND,,,,,False,21,2014,GE
1944412,A.N. Radhakrishnan,BJP,19699,9984,9.06515580736544,3,21,80,KL,A.N. Radhakrishnan,BJP,,,,,False,21,2014,GE
1944413,Anita Pratap,AAAP,19705,9479,8.60663180068279,4,21,80,KL,Anita Pratap,AAAP,,,,,False,21,2014,GE
1944414,K.V. Bhaskaran,IND,19702,2934,2.66397908040968,5,21,80,KL,K.V. Bhaskaran,IND,,,,,False,21,2014,GE
1944415,Zulficar Ali,SDPI,19701,1375,1.24845645383889,6,21,80,KL,Zulficar Ali,SDPI,,,,,False,21,2014,GE
1944416,Rajaneesh Babu,IND,19702,1195,1.08502215442725,7,21,80,KL,Rajaneesh Babu,IND,,,,,False,21,2014,GE
1944417,Kishore,IND,19702,1099,0.997857194741048,8,21,80,KL,Kishore,IND,,,,,False,21,2014,GE
1944418,Nota,NOTA,19703,1038,0.942471126607104,9,21,80,KL,Nota,NOTA,,,,,,21,2014,GE
1944419,P.D. Chandrabhanu,SRP,19756,708,0.64284157768577,10,21,80,KL,P.D. Chandrabhanu,SRP,,,,,False,21,2014,GE
1944420,Densil Mendez,JD(U),19716,439,0.39859809689838,11,21,80,KL,Densil Mendez,JD(U),,,,,False,21,2014,GE
1944421,K C Karthikeyan,BSP,19704,297,0.2696665940292,12,21,80,KL,K C Karthikeyan,BSP,,,,,False,21,2014,GE
1944422,N J Pious,IND,19702,268,0.243335512457325,13,21,80,KL,N J Pious,IND,,,,,False,21,2014,GE
1944423,Adv. Radhakrishnan P T,IND,19702,213,0.19339725430377,14,21,80,KL,Adv. Radhakrishnan P T,IND,,,,,False,21,2014,GE
1944424,Anil Kumar,IND,19702,147,0.133471344519503,15,21,80,KL,Anil Kumar,IND,,,,,False,21,2014,GE
1944425,Krishnankutty M.K.,CPIM,26403,114,0.10350838962737,16,21,80,KL,Krishnankutty M.K.,CPIM,,,,,False,21,2014,GE
1944426,Juno John Baby,IND,19702,112,0.101692452967241,17,21,80,KL,Juno John Baby,IND,,,,,False,21,2014,GE
1944427,Prof. K.V. Thomas,INC,19698,51605,39.0577105014191,1,21,81,KL,Prof. K.V. Thomas,INC,,,,,True,21,2014,GE
1944428,Dr. Christy Fernandez,IND,19702,45034,34.084389782403,2,21,81,KL,Dr. Christy Fernandez,IND,,,,,False,21,2014,GE
1944429,A.N. Radhakrishnan,BJP,19699,16676,12.6213812677389,3,21,81,KL,A.N. Radhakrishnan,BJP,,,,,False,21,2014,GE
1944430,Anita Pratap,AAAP,19705,7263,5.49706717123936,4,21,81,KL,Anita Pratap,AAAP,,,,,False,21,2014,GE
1944431,K.V. Bhaskaran,IND,19702,2952,2.23424787133396,5,21,81,KL,K.V. Bhaskaran,IND,,,,,False,21,2014,GE
1944432,Nota,NOTA,19703,1598,1.20946073793756,6,21,81,KL,Nota,NOTA,,,,,,21,2014,GE
1944433,Zulficar Ali,SDPI,19701,1454,1.10047303689688,7,21,81,KL,Zulficar Ali,SDPI,,,,,False,21,2014,GE
1944434,Rajaneesh Babu,IND,19702,1365,1.03311258278146,8,21,81,KL,Rajaneesh Babu,IND,,,,,False,21,2014,GE
1944435,P.D. Chandrabhanu,SRP,19756,1349,1.02100283822138,9,21,81,KL,P.D. Chandrabhanu,SRP,,,,,False,21,2014,GE
1944436,Kishore,IND,19702,735,0.556291390728477,10,21,81,KL,Kishore,IND,,,,,False,21,2014,GE
1944437,K C Karthikeyan,BSP,19704,551,0.417029328287606,11,21,81,KL,K C Karthikeyan,BSP,,,,,False,21,2014,GE
1944438,Densil Mendez,JD(U),19716,350,0.264900662251656,12,21,81,KL,Densil Mendez,JD(U),,,,,False,21,2014,GE
1944439,N J Pious,IND,19702,336,0.254304635761589,13,21,81,KL,N J Pious,IND,,,,,False,21,2014,GE
1944440,Adv. Radhakrishnan P T,IND,19702,329,0.249006622516556,14,21,81,KL,Adv. Radhakrishnan P T,IND,,,,,False,21,2014,GE
1944441,Anil Kumar,IND,19702,186,0.14077578051088,15,21,81,KL,Anil Kumar,IND,,,,,False,21,2014,GE
1944442,Juno John Baby,IND,19702,178,0.134720908230842,16,21,81,KL,Juno John Baby,IND,,,,,False,21,2014,GE
1944443,Krishnankutty M.K.,CPIM,26403,164,0.124124881740776,17,21,81,KL,Krishnankutty M.K.,CPIM,,,,,False,21,2014,GE
1944444,Prof. K.V. Thomas,INC,19698,43516,44.1043520564328,1,21,82,KL,Prof. K.V. Thomas,INC,,,,,True,21,2014,GE
1944445,Dr. Christy Fernandez,IND,19702,26623,26.9829525875175,2,21,82,KL,Dr. Christy Fernandez,IND,,,,,False,21,2014,GE
1944446,A.N. Radhakrishnan,BJP,19699,14375,14.5693551983459,3,21,82,KL,A.N. Radhakrishnan,BJP,,,,,False,21,2014,GE
1944447,Anita Pratap,AAAP,19705,6987,7.08146676666734,4,21,82,KL,Anita Pratap,AAAP,,,,,False,21,2014,GE
1944448,K.V. Bhaskaran,IND,19702,2385,2.4172460624734,5,21,82,KL,K.V. Bhaskaran,IND,,,,,False,21,2014,GE
1944449,Nota,NOTA,19703,1425,1.44426651531429,6,21,82,KL,Nota,NOTA,,,,,,21,2014,GE
1944450,Rajaneesh Babu,IND,19702,736,0.745950986155312,7,21,82,KL,Rajaneesh Babu,IND,,,,,False,21,2014,GE
1944451,Kishore,IND,19702,553,0.560476759978108,8,21,82,KL,Kishore,IND,,,,,False,21,2014,GE
1944452,Zulficar Ali,SDPI,19701,530,0.537165791660754,9,21,82,KL,Zulficar Ali,SDPI,,,,,False,21,2014,GE
1944453,P.D. Chandrabhanu,SRP,19756,479,0.485476253217927,10,21,82,KL,P.D. Chandrabhanu,SRP,,,,,False,21,2014,GE
1944454,K C Karthikeyan,BSP,19704,242,0.245271927513024,11,21,82,KL,K C Karthikeyan,BSP,,,,,False,21,2014,GE
1944455,Adv. Radhakrishnan P T,IND,19702,206,0.208785194494557,12,21,82,KL,Adv. Radhakrishnan P T,IND,,,,,False,21,2014,GE
1944456,Densil Mendez,JD(U),19716,186,0.188514787262076,13,21,82,KL,Densil Mendez,JD(U),,,,,False,21,2014,GE
1944457,N J Pious,IND,19702,147,0.148987493158738,14,21,82,KL,N J Pious,IND,,,,,False,21,2014,GE
1944458,Anil Kumar,IND,19702,101,0.102365556524031,15,21,82,KL,Anil Kumar,IND,,,,,False,21,2014,GE
1944459,Juno John Baby,IND,19702,97,0.0983114750775343,16,21,82,KL,Juno John Baby,IND,,,,,False,21,2014,GE
1944460,Krishnankutty M.K.,CPIM,26403,78,0.0790545882066771,17,21,82,KL,Krishnankutty M.K.,CPIM,,,,,False,21,2014,GE
1944461,Prof. K.V. Thomas,INC,19698,52210,43.3558652073541,1,21,83,KL,Prof. K.V. Thomas,INC,,,,,True,21,2014,GE
1944462,Dr. Christy Fernandez,IND,19702,34896,28.9780937038083,2,21,83,KL,Dr. Christy Fernandez,IND,,,,,False,21,2014,GE
1944463,A.N. Radhakrishnan,BJP,19699,15099,12.5384066034446,3,21,83,KL,A.N. Radhakrishnan,BJP,,,,,False,21,2014,GE
1944464,Anita Pratap,AAAP,19705,9353,7.76685323279799,4,21,83,KL,Anita Pratap,AAAP,,,,,False,21,2014,GE
1944465,Zulficar Ali,SDPI,19701,2307,1.91576290046669,5,21,83,KL,Zulficar Ali,SDPI,,,,,False,21,2014,GE
1944466,Nota,NOTA,19703,1825,1.51550381159589,6,21,83,KL,Nota,NOTA,,,,,,21,2014,GE
1944467,K.V. Bhaskaran,IND,19702,1285,1.067080765973,7,21,83,KL,K.V. Bhaskaran,IND,,,,,False,21,2014,GE
1944468,Rajaneesh Babu,IND,19702,933,0.774775373270665,8,21,83,KL,Rajaneesh Babu,IND,,,,,False,21,2014,GE
1944469,Kishore,IND,19702,603,0.50073906761223,9,21,83,KL,Kishore,IND,,,,,False,21,2014,GE
1944470,P.D. Chandrabhanu,SRP,19756,569,0.472505023998937,10,21,83,KL,P.D. Chandrabhanu,SRP,,,,,False,21,2014,GE
1944471,Adv. Radhakrishnan P T,IND,19702,295,0.24,11,21,83,KL,Adv. Radhakrishnan P T,IND,,,,,False,21,2014,GE
1944472,K C Karthikeyan,BSP,19704,295,0.24,11,21,83,KL,K C Karthikeyan,BSP,,,,,False,21,2014,GE
1944473,Densil Mendez,JD(U),19716,217,0.180199631296607,13,21,83,KL,Densil Mendez,JD(U),,,,,False,21,2014,GE
1944474,N J Pious,IND,19702,180,0.149474348540964,14,21,83,KL,N J Pious,IND,,,,,False,21,2014,GE
1944475,Juno John Baby,IND,19702,128,0.106292870073575,15,21,83,KL,Juno John Baby,IND,,,,,False,21,2014,GE
1944476,Krishnankutty M.K.,CPIM,26403,123,0.102140804836326,16,21,83,KL,Krishnankutty M.K.,CPIM,,,,,False,21,2014,GE
1944477,Anil Kumar,IND,19702,104,0.0863629569347794,17,21,83,KL,Anil Kumar,IND,,,,,False,21,2014,GE
1944478,Innocent,IND,19702,53518,41.0543192261371,1,21,84,KL,Innocent,IND,,,,,False,21,2014,GE
1944479,P C Chacko,INC,19698,51133,39.2247562500479,2,21,84,KL,P C Chacko,INC,,,,,True,21,2014,GE
1944480,Adv. B. Gopalakrishnan,BJP,19699,10395,7.9741329712563,3,21,84,KL,Adv. B. Gopalakrishnan,BJP,,,,,False,21,2014,GE
1944481,K M Noordeen,AAAP,19705,6102,4.68091961429591,4,21,84,KL,K M Noordeen,AAAP,,,,,False,21,2014,GE
1944482,Shafeer Muhammed,SDPI,19701,3778,2.89815049210258,5,21,84,KL,Shafeer Muhammed,SDPI,,,,,False,21,2014,GE
1944483,K. Ambujakshan,WPOI,19717,1688,1.2948856619029,6,21,84,KL,K. Ambujakshan,WPOI,,,,,False,21,2014,GE
1944484,Nota,NOTA,19703,1648,1.26420116754501,7,21,84,KL,Nota,NOTA,,,,,,21,2014,GE
1944485,Vincent,IND,19702,674,0.517033729930423,8,21,84,KL,Vincent,IND,,,,,False,21,2014,GE
1944486,Saji Thuruthikunnel,SHS,19715,301,0.230900820043112,9,21,84,KL,Saji Thuruthikunnel,SHS,,,,,False,21,2014,GE
1944487,M G Purushothaman,BSP,19704,264,0.202517662762065,10,21,84,KL,M G Purushothaman,BSP,,,,,False,21,2014,GE
1944489,Edappally Basheer,IND,19702,172,0.131943325738921,11,21,84,KL,Edappally Basheer,IND,,,,,False,21,2014,GE
1944488,Abdul Kareem,IND,19702,172,0.131943325738921,11,21,84,KL,Abdul Kareem,IND,,,,,False,21,2014,GE
1944490,T D Baburajan,IND,19702,139,0.106628617893663,13,21,84,KL,T D Baburajan,IND,,,,,False,21,2014,GE
1944491,Annamma Joy,AITC,19706,130,0.099724606663138,14,21,84,KL,Annamma Joy,AITC,,,,,False,21,2014,GE
1944492,Jayan Konikara,CPIM,26403,125,0.0958890448684019,15,21,84,KL,Jayan Konikara,CPIM,,,,,False,21,2014,GE
1944493,Jaison Panikulangara,IND,19702,120,0.0920534830736658,16,21,84,KL,Jaison Panikulangara,IND,,,,,False,21,2014,GE
1944494,Jose K. Mani,KEC(M),19722,63942,46.7497715225736,1,21,85,KL,Jose K. Mani,KEC(M),,,,,True,21,2014,GE
1944495,Adv.Mathew T. Thomas,JD(S),19734,55611,40.6587461158838,2,21,85,KL,Adv.Mathew T. Thomas,JD(S),,,,,False,21,2014,GE
1944496,Adv.Anil Aikkara,AAAP,19705,5954,4.35313471029062,3,21,85,KL,Adv.Anil Aikkara,AAAP,,,,,False,21,2014,GE
1944497,Adv.Noble Mathew,IND,19702,4683,3.42387132151343,4,21,85,KL,Adv.Noble Mathew,IND,,,,,False,21,2014,GE
1944498,Nota,NOTA,19703,3618,2.64522025223908,5,21,85,KL,Nota,NOTA,,,,,,21,2014,GE
1944499,Sreeni K. Jacob,BSP,19704,736,0.538110034728569,6,21,85,KL,Sreeni K. Jacob,BSP,,,,,False,21,2014,GE
1944500,N.K.Biju,SUCI,19720,631,0.461341619447999,7,21,85,KL,N.K.Biju,SUCI,,,,,False,21,2014,GE
1944501,Roy Arackal,SDPI,19701,451,0.329738621824164,8,21,85,KL,Roy Arackal,SDPI,,,,,False,21,2014,GE
1944502,Ratheesh Perumal,IND,19702,413,0.301955766770243,9,21,85,KL,Ratheesh Perumal,IND,,,,,False,21,2014,GE
1944503,James Joseph,IND,19702,329,0.240541034545787,10,21,85,KL,James Joseph,IND,,,,,False,21,2014,GE
1944504,Praveen K. Mohan,IND,19702,220,0.160848108206909,11,21,85,KL,Praveen K. Mohan,IND,,,,,False,21,2014,GE
1944505,Sasikkuttan Vakathanam,CPIM,26403,187,0.136720891975873,12,21,85,KL,Sasikkuttan Vakathanam,CPIM,,,,,False,21,2014,GE
1944506,Adv.Dean Kuriakose,INC,19698,52414,44.3889260579781,1,21,86,KL,Adv.Dean Kuriakose,INC,,,,,False,21,2014,GE
1944507,Adv.Joice George,IND,19702,46842,39.6700514062619,2,21,86,KL,Adv.Joice George,IND,,,,,False,21,2014,GE
1944508,Adv.Sabu Varghese,BJP,19699,8137,6.89114914591079,3,21,86,KL,Adv.Sabu Varghese,BJP,,,,,False,21,2014,GE
1944509,Silvi Sunil,AAAP,19705,3238,2.74223189559532,4,21,86,KL,Silvi Sunil,AAAP,,,,,False,21,2014,GE
1944510,Muhammed Sharafudheen,SDPI,19701,2472,2.09351366458049,5,21,86,KL,Muhammed Sharafudheen,SDPI,,,,,False,21,2014,GE
1944511,Nota,NOTA,19703,1682,1.42447005818139,6,21,86,KL,Nota,NOTA,,,,,,21,2014,GE
1944512,Joyce George,IND,19702,1000,0.846890641011526,7,21,86,KL,Joyce George,IND,,,,,False,21,2014,GE
1944513,T.K.Tomy,CPIM,26403,577,0.488655899863651,8,21,86,KL,T.K.Tomy,CPIM,,,,,False,21,2014,GE
1944514,Joice George,IND,19702,547,0.463249180633305,9,21,86,KL,Joice George,IND,,,,,False,21,2014,GE
1944515,James Joseph,IND,19702,253,0.214263332175916,10,21,86,KL,James Joseph,IND,,,,,False,21,2014,GE
1944516,Somini Prabhakaran,IND,19702,230,0.194784847432651,11,21,86,KL,Somini Prabhakaran,IND,,,,,False,21,2014,GE
1944517,Appanchira Ponnappan,BSP,19704,188,0.159215440510167,12,21,86,KL,Appanchira Ponnappan,BSP,,,,,False,21,2014,GE
1944518,Shoby Joseph,IND,19702,150,0.127033596151729,13,21,86,KL,Shoby Joseph,IND,,,,,False,21,2014,GE
1944519,Anish Mariyil,IND,19702,132,0.111789564613521,14,21,86,KL,Anish Mariyil,IND,,,,,False,21,2014,GE
1944520,P.C.Jolly,IND,19702,104,0.0880766266651987,15,21,86,KL,P.C.Jolly,IND,,,,,False,21,2014,GE
1944521,Biju Joseph,IND,19702,59,0.04996654781968,16,21,86,KL,Biju Joseph,IND,,,,,False,21,2014,GE
1944522,Adv.Chittoor Rajamannar,IND,19702,54,0.0457320946146224,17,21,86,KL,Adv.Chittoor Rajamannar,IND,,,,,False,21,2014,GE
1944523,Adv.Dean Kuriakose,INC,19698,47578,43.3694304674397,1,21,87,KL,Adv.Dean Kuriakose,INC,,,,,False,21,2014,GE
1944524,Adv.Joice George,IND,19702,45102,41.1124480420039,2,21,87,KL,Adv.Joice George,IND,,,,,False,21,2014,GE
1944525,Adv.Sabu Varghese,BJP,19699,7349,6.69893531685262,3,21,87,KL,Adv.Sabu Varghese,BJP,,,,,False,21,2014,GE
1944526,Muhammed Sharafudheen,SDPI,19701,2539,2.31440968424123,4,21,87,KL,Muhammed Sharafudheen,SDPI,,,,,False,21,2014,GE
1944527,Silvi Sunil,AAAP,19705,2425,2.21049369211697,5,21,87,KL,Silvi Sunil,AAAP,,,,,False,21,2014,GE
1944528,Nota,NOTA,19703,1971,1.79665281120105,6,21,87,KL,Nota,NOTA,,,,,,21,2014,GE
1944529,Joyce George,IND,19702,809,0.737438926566032,7,21,87,KL,Joyce George,IND,,,,,False,21,2014,GE
1944530,T.K.Tomy,CPIM,26403,455,0.414752424706483,8,21,87,KL,T.K.Tomy,CPIM,,,,,False,21,2014,GE
1944531,Joice George,IND,19702,411,0.37464449792168,9,21,87,KL,Joice George,IND,,,,,False,21,2014,GE
1944532,Somini Prabhakaran,IND,19702,302,0.275286224750237,10,21,87,KL,Somini Prabhakaran,IND,,,,,False,21,2014,GE
1944533,Appanchira Ponnappan,BSP,19704,200,0.18230875811274,11,21,87,KL,Appanchira Ponnappan,BSP,,,,,False,21,2014,GE
1944534,James Joseph,IND,19702,175,0.159520163348647,12,21,87,KL,James Joseph,IND,,,,,False,21,2014,GE
1944535,Shoby Joseph,IND,19702,143,0.130350762050609,13,21,87,KL,Shoby Joseph,IND,,,,,False,21,2014,GE
1944536,Anish Mariyil,IND,19702,76,0.0692773280828411,14,21,87,KL,Anish Mariyil,IND,,,,,False,21,2014,GE
1944537,P.C.Jolly,IND,19702,73,0.06654269671115,15,21,87,KL,P.C.Jolly,IND,,,,,False,21,2014,GE
1944538,Biju Joseph,IND,19702,53,0.048311820899876,16,21,87,KL,Biju Joseph,IND,,,,,False,21,2014,GE
1944539,Adv.Chittoor Rajamannar,IND,19702,43,0.039196382994239,17,21,87,KL,Adv.Chittoor Rajamannar,IND,,,,,False,21,2014,GE
1944540,Adv.Joice George,IND,19702,53647,48.7797559511902,1,21,88,KL,Adv.Joice George,IND,,,,,False,21,2014,GE
1944541,Adv.Dean Kuriakose,INC,19698,44526,40.4862790739966,2,21,88,KL,Adv.Dean Kuriakose,INC,,,,,False,21,2014,GE
1944542,Adv.Sabu Varghese,BJP,19699,5592,5.08465329429522,3,21,88,KL,Adv.Sabu Varghese,BJP,,,,,False,21,2014,GE
1944543,Nota,NOTA,19703,1736,1.57849751768536,4,21,88,KL,Nota,NOTA,,,,,,21,2014,GE
1944544,Silvi Sunil,AAAP,19705,757,0.688319482078234,5,21,88,KL,Silvi Sunil,AAAP,,,,,False,21,2014,GE
1944545,Joyce George,IND,19702,664,0.603757115059375,6,21,88,KL,Joyce George,IND,,,,,False,21,2014,GE
1944546,Muhammed Sharafudheen,SDPI,19701,644,0.585571659786503,7,21,88,KL,Muhammed Sharafudheen,SDPI,,,,,False,21,2014,GE
1944547,T.K.Tomy,CPIM,26403,578,0.525559657386023,8,21,88,KL,T.K.Tomy,CPIM,,,,,False,21,2014,GE
1944548,Somini Prabhakaran,IND,19702,403,0.366436923748386,9,21,88,KL,Somini Prabhakaran,IND,,,,,False,21,2014,GE
1944549,Appanchira Ponnappan,BSP,19704,375,0.340977286366364,10,21,88,KL,Appanchira Ponnappan,BSP,,,,,False,21,2014,GE
1944550,Joice George,IND,19702,302,0.274600374620379,11,21,88,KL,Joice George,IND,,,,,False,21,2014,GE
1944551,Shoby Joseph,IND,19702,235,0.213679099456255,12,21,88,KL,Shoby Joseph,IND,,,,,False,21,2014,GE
1944552,James Joseph,IND,19702,136,0.123661095855535,13,21,88,KL,James Joseph,IND,,,,,False,21,2014,GE
1944553,Anish Mariyil,IND,19702,119,0.108203458873593,14,21,88,KL,Anish Mariyil,IND,,,,,False,21,2014,GE
1944554,Biju Joseph,IND,19702,93,0.0845623670188583,15,21,88,KL,Biju Joseph,IND,,,,,False,21,2014,GE
1944555,P.C.Jolly,IND,19702,86,0.0781974576733528,16,21,88,KL,P.C.Jolly,IND,,,,,False,21,2014,GE
1944556,Adv.Chittoor Rajamannar,IND,19702,85,0.0772881849097092,17,21,88,KL,Adv.Chittoor Rajamannar,IND,,,,,False,21,2014,GE
1944557,Adv.Joice George,IND,19702,62363,54.4973914867215,1,21,89,KL,Adv.Joice George,IND,,,,,False,21,2014,GE
1944558,Adv.Dean Kuriakose,INC,19698,39671,34.667447327257,2,21,89,KL,Adv.Dean Kuriakose,INC,,,,,False,21,2014,GE
1944559,Adv.Sabu Varghese,BJP,19699,5896,5.15235989618379,3,21,89,KL,Adv.Sabu Varghese,BJP,,,,,False,21,2014,GE
1944560,Nota,NOTA,19703,1535,1.34139627554989,4,21,89,KL,Nota,NOTA,,,,,,21,2014,GE
1944561,Muhammed Sharafudheen,SDPI,19701,1168,1.02068459273112,5,21,89,KL,Muhammed Sharafudheen,SDPI,,,,,False,21,2014,GE
1944562,Joyce George,IND,19702,888,0.775999930090096,6,21,89,KL,Joyce George,IND,,,,,False,21,2014,GE
1944563,T.K.Tomy,CPIM,26403,617,0.539180131605394,7,21,89,KL,T.K.Tomy,CPIM,,,,,False,21,2014,GE
1944564,Silvi Sunil,AAAP,19705,575,0.50247743220924,8,21,89,KL,Silvi Sunil,AAAP,,,,,False,21,2014,GE
1944565,Appanchira Ponnappan,BSP,19704,489,0.427324285826641,9,21,89,KL,Appanchira Ponnappan,BSP,,,,,False,21,2014,GE
1944566,Joice George,IND,19702,425,0.371396362937265,10,21,89,KL,Joice George,IND,,,,,False,21,2014,GE
1944567,Somini Prabhakaran,IND,19702,217,0.189630613546792,11,21,89,KL,Somini Prabhakaran,IND,,,,,False,21,2014,GE
1944568,Shoby Joseph,IND,19702,175,0.152927914150638,12,21,89,KL,Shoby Joseph,IND,,,,,False,21,2014,GE
1944569,James Joseph,IND,19702,161,0.140693681018587,13,21,89,KL,James Joseph,IND,,,,,False,21,2014,GE
1944570,Anish Mariyil,IND,19702,72,0.0629189132505484,14,21,89,KL,Anish Mariyil,IND,,,,,False,21,2014,GE
1944571,P.C.Jolly,IND,19702,67,0.0585495442748158,15,21,89,KL,P.C.Jolly,IND,,,,,False,21,2014,GE
1944572,Biju Joseph,IND,19702,61,0.0533063015039368,16,21,89,KL,Biju Joseph,IND,,,,,False,21,2014,GE
1944573,Adv.Chittoor Rajamannar,IND,19702,53,0.0463153111427648,17,21,89,KL,Adv.Chittoor Rajamannar,IND,,,,,False,21,2014,GE
1944574,Adv.Dean Kuriakose,INC,19698,54321,42.3621617406223,1,21,90,KL,Adv.Dean Kuriakose,INC,,,,,False,21,2014,GE
1944575,Adv.Joice George,IND,19702,51233,39.9539889261483,2,21,90,KL,Adv.Joice George,IND,,,,,False,21,2014,GE
1944576,Adv.Sabu Varghese,BJP,19699,12332,9.61709428370896,3,21,90,KL,Adv.Sabu Varghese,BJP,,,,,False,21,2014,GE
1944577,Silvi Sunil,AAAP,19705,2823,2.20151290649614,4,21,90,KL,Silvi Sunil,AAAP,,,,,False,21,2014,GE
1944578,Nota,NOTA,19703,2094,1.63300319737971,5,21,90,KL,Nota,NOTA,,,,,,21,2014,GE
1944579,Muhammed Sharafudheen,SDPI,19701,2088,1.62832410512361,6,21,90,KL,Muhammed Sharafudheen,SDPI,,,,,False,21,2014,GE
1944580,Joyce George,IND,19702,974,0.759572642907276,7,21,90,KL,Joyce George,IND,,,,,False,21,2014,GE
1944581,T.K.Tomy,CPIM,26403,651,0.507681509787101,8,21,90,KL,T.K.Tomy,CPIM,,,,,False,21,2014,GE
1944582,Joice George,IND,19702,487,0.379786321453638,9,21,90,KL,Joice George,IND,,,,,False,21,2014,GE
1944583,Appanchira Ponnappan,BSP,19704,286,0.22303673087421,10,21,90,KL,Appanchira Ponnappan,BSP,,,,,False,21,2014,GE
1944584,Somini Prabhakaran,IND,19702,253,0.197301723465648,11,21,90,KL,Somini Prabhakaran,IND,,,,,False,21,2014,GE
1944585,James Joseph,IND,19702,165,0.128675037042814,12,21,90,KL,James Joseph,IND,,,,,False,21,2014,GE
1944586,Shoby Joseph,IND,19702,164,0.127895188333463,13,21,90,KL,Shoby Joseph,IND,,,,,False,21,2014,GE
1944587,P.C.Jolly,IND,19702,97,0.0756453248069874,14,21,90,KL,P.C.Jolly,IND,,,,,False,21,2014,GE
1944588,Biju Joseph,IND,19702,90,0.0701863838415347,15,21,90,KL,Biju Joseph,IND,,,,,False,21,2014,GE
1944589,Adv.Chittoor Rajamannar,IND,19702,89,0.0694065351321844,16,21,90,KL,Adv.Chittoor Rajamannar,IND,,,,,False,21,2014,GE
1944590,Anish Mariyil,IND,19702,83,0.0647274428760821,17,21,90,KL,Anish Mariyil,IND,,,,,False,21,2014,GE
1944591,Adv.Joice George,IND,19702,68100,55.386567334125,1,21,91,KL,Adv.Joice George,IND,,,,,False,21,2014,GE
1944592,Adv.Dean Kuriakose,INC,19698,43873,35.6824503472844,2,21,91,KL,Adv.Dean Kuriakose,INC,,,,,False,21,2014,GE
1944593,Adv.Sabu Varghese,BJP,19699,4752,3.86486002895392,3,21,91,KL,Adv.Sabu Varghese,BJP,,,,,False,21,2014,GE
1944594,Nota,NOTA,19703,1580,1.28503342713535,4,21,91,KL,Nota,NOTA,,,,,,21,2014,GE
1944595,Joyce George,IND,19702,1046,0.850724661255429,5,21,91,KL,Joyce George,IND,,,,,False,21,2014,GE
1944596,Silvi Sunil,AAAP,19705,852,0.692942075898303,6,21,91,KL,Silvi Sunil,AAAP,,,,,False,21,2014,GE
1944597,T.K.Tomy,CPIM,26403,641,0.521333181515038,7,21,91,KL,T.K.Tomy,CPIM,,,,,False,21,2014,GE
1944598,Joice George,IND,19702,495,0.402589586349366,8,21,91,KL,Joice George,IND,,,,,False,21,2014,GE
1944599,Muhammed Sharafudheen,SDPI,19701,475,0.386323340436261,9,21,91,KL,Muhammed Sharafudheen,SDPI,,,,,False,21,2014,GE
1944600,Appanchira Ponnappan,BSP,19704,451,0.366803845340534,10,21,91,KL,Appanchira Ponnappan,BSP,,,,,False,21,2014,GE
1944601,Somini Prabhakaran,IND,19702,203,0.165102396018023,11,21,91,KL,Somini Prabhakaran,IND,,,,,False,21,2014,GE
1944602,Shoby Joseph,IND,19702,142,0.115490345983051,12,21,91,KL,Shoby Joseph,IND,,,,,False,21,2014,GE
1944603,James Joseph,IND,19702,136,0.110610472209119,13,21,91,KL,James Joseph,IND,,,,,False,21,2014,GE
1944604,P.C.Jolly,IND,19702,66,0.0536786115132489,14,21,91,KL,P.C.Jolly,IND,,,,,False,21,2014,GE
1944605,Anish Mariyil,IND,19702,59,0.0479854254436619,15,21,91,KL,Anish Mariyil,IND,,,,,False,21,2014,GE
1944606,Biju Joseph,IND,19702,45,0.0365990533044879,16,21,91,KL,Biju Joseph,IND,,,,,False,21,2014,GE
1944607,Adv.Chittoor Rajamannar,IND,19702,38,0.0309058672349009,17,21,91,KL,Adv.Chittoor Rajamannar,IND,,,,,False,21,2014,GE
1944608,Adv.Joice George,IND,19702,54351,47.1719074111041,1,21,92,KL,Adv.Joice George,IND,,,,,False,21,2014,GE
1944609,Adv.Dean Kuriakose,INC,19698,48372,41.9826591100426,2,21,92,KL,Adv.Dean Kuriakose,INC,,,,,False,21,2014,GE
1944610,Adv.Sabu Varghese,BJP,19699,6347,5.50864006804433,3,21,92,KL,Adv.Sabu Varghese,BJP,,,,,False,21,2014,GE
1944611,Nota,NOTA,19703,1727,1.49888473255279,4,21,92,KL,Nota,NOTA,,,,,,21,2014,GE
1944612,Muhammed Sharafudheen,SDPI,19701,1015,0.880931096433748,5,21,92,KL,Muhammed Sharafudheen,SDPI,,,,,False,21,2014,GE
1944613,Joyce George,IND,19702,643,0.558067679809754,6,21,92,KL,Joyce George,IND,,,,,False,21,2014,GE
1944614,Silvi Sunil,AAAP,19705,529,0.459125665037884,7,21,92,KL,Silvi Sunil,AAAP,,,,,False,21,2014,GE
1944615,Appanchira Ponnappan,BSP,19704,487,0.422673343806143,8,21,92,KL,Appanchira Ponnappan,BSP,,,,,False,21,2014,GE
1944616,T.K.Tomy,CPIM,26403,451,0.391428497036079,9,21,92,KL,T.K.Tomy,CPIM,,,,,False,21,2014,GE
1944617,Joice George,IND,19702,390,0.338485840009026,10,21,92,KL,Joice George,IND,,,,,False,21,2014,GE
1944618,Somini Prabhakaran,IND,19702,317,0.275128234058619,11,21,92,KL,Somini Prabhakaran,IND,,,,,False,21,2014,GE
1944619,Shoby Joseph,IND,19702,170,0.147545109747524,12,21,92,KL,Shoby Joseph,IND,,,,,False,21,2014,GE
1944620,James Joseph,IND,19702,130,0.112828613336342,13,21,92,KL,James Joseph,IND,,,,,False,21,2014,GE
1944621,Biju Joseph,IND,19702,92,0.079847941745719,14,21,92,KL,Biju Joseph,IND,,,,,False,21,2014,GE
1944622,Anish Mariyil,IND,19702,88,0.0763762921046008,15,21,92,KL,Anish Mariyil,IND,,,,,False,21,2014,GE
1944623,P.C.Jolly,IND,19702,57,0.0494710073859346,16,21,92,KL,P.C.Jolly,IND,,,,,False,21,2014,GE
1944624,Adv.Chittoor Rajamannar,IND,19702,53,0.0459993577448164,17,21,92,KL,Adv.Chittoor Rajamannar,IND,,,,,False,21,2014,GE
1944625,Jose K. Mani,KEC(M),19722,66968,56.4235643030466,1,21,93,KL,Jose K. Mani,KEC(M),,,,,True,21,2014,GE
1944626,Adv.Mathew T. Thomas,JD(S),19734,35569,29.9684888110003,2,21,93,KL,Adv.Mathew T. Thomas,JD(S),,,,,False,21,2014,GE
1944627,Adv.Noble Mathew,IND,19702,8533,7.18943785386897,3,21,93,KL,Adv.Noble Mathew,IND,,,,,False,21,2014,GE
1944628,Adv.Anil Aikkara,AAAP,19705,3717,3.13174036128336,4,21,93,KL,Adv.Anil Aikkara,AAAP,,,,,False,21,2014,GE
1944629,Nota,NOTA,19703,2220,1.87045025613373,5,21,93,KL,Nota,NOTA,,,,,,21,2014,GE
1944630,Sreeni K. Jacob,BSP,19704,555,0.467612564033432,6,21,93,KL,Sreeni K. Jacob,BSP,,,,,False,21,2014,GE
1944631,James Joseph,IND,19702,342,0.288150444863845,7,21,93,KL,James Joseph,IND,,,,,False,21,2014,GE
1944632,Ratheesh Perumal,IND,19702,221,0.186202480452952,8,21,93,KL,Ratheesh Perumal,IND,,,,,False,21,2014,GE
1944633,Roy Arackal,SDPI,19701,192,0.161768670800755,9,21,93,KL,Roy Arackal,SDPI,,,,,False,21,2014,GE
1944634,N.K.Biju,SUCI,19720,169,0.142390132111081,10,21,93,KL,N.K.Biju,SUCI,,,,,False,21,2014,GE
1944635,Sasikkuttan Vakathanam,CPIM,26403,105,0.0884672418441628,11,21,93,KL,Sasikkuttan Vakathanam,CPIM,,,,,False,21,2014,GE
1944636,Praveen K. Mohan,IND,19702,97,0.0817268805607981,12,21,93,KL,Praveen K. Mohan,IND,,,,,False,21,2014,GE
1944637,Jose K. Mani,KEC(M),19722,63554,54.2297387238254,1,21,94,KL,Jose K. Mani,KEC(M),,,,,True,21,2014,GE
1944638,Adv.Mathew T. Thomas,JD(S),19734,38594,32.9317200539277,2,21,94,KL,Adv.Mathew T. Thomas,JD(S),,,,,False,21,2014,GE
1944639,Adv.Noble Mathew,IND,19702,6218,5.30573237537758,3,21,94,KL,Adv.Noble Mathew,IND,,,,,False,21,2014,GE
1944640,Adv.Anil Aikkara,AAAP,19705,4783,4.08126695905934,4,21,94,KL,Adv.Anil Aikkara,AAAP,,,,,False,21,2014,GE
1944641,Nota,NOTA,19703,1869,1.59479154222912,5,21,94,KL,Nota,NOTA,,,,,,21,2014,GE
1944642,Sreeni K. Jacob,BSP,19704,984,0.839633428332509,6,21,94,KL,Sreeni K. Jacob,BSP,,,,,False,21,2014,GE
1944643,N.K.Biju,SUCI,19720,299,0.255132515316484,7,21,94,KL,N.K.Biju,SUCI,,,,,False,21,2014,GE
1944644,Ratheesh Perumal,IND,19702,248,0.211614929091933,8,21,94,KL,Ratheesh Perumal,IND,,,,,False,21,2014,GE
1944645,James Joseph,IND,19702,223,0.190282778981859,9,21,94,KL,James Joseph,IND,,,,,False,21,2014,GE
1944646,Roy Arackal,SDPI,19701,148,0.126286328651637,10,21,94,KL,Roy Arackal,SDPI,,,,,False,21,2014,GE
1944647,Sasikkuttan Vakathanam,CPIM,26403,140,0.119460040616414,11,21,94,KL,Sasikkuttan Vakathanam,CPIM,,,,,False,21,2014,GE
1944648,Praveen K. Mohan,IND,19702,134,0.114340324589996,12,21,94,KL,Praveen K. Mohan,IND,,,,,False,21,2014,GE
1944649,Jose K. Mani,KEC(M),19722,54623,45.4714216739091,1,21,95,KL,Jose K. Mani,KEC(M),,,,,True,21,2014,GE
1944650,Adv.Mathew T. Thomas,JD(S),19734,52550,43.745733646338,2,21,95,KL,Adv.Mathew T. Thomas,JD(S),,,,,False,21,2014,GE
1944651,Adv.Noble Mathew,IND,19702,5184,4.31546875780431,3,21,95,KL,Adv.Noble Mathew,IND,,,,,False,21,2014,GE
1944652,Adv.Anil Aikkara,AAAP,19705,3284,2.73379618067696,4,21,95,KL,Adv.Anil Aikkara,AAAP,,,,,False,21,2014,GE
1944653,Nota,NOTA,19703,1632,1.35857349782728,5,21,95,KL,Nota,NOTA,,,,,,21,2014,GE
1944654,Roy Arackal,SDPI,19701,645,0.536936216972179,6,21,95,KL,Roy Arackal,SDPI,,,,,False,21,2014,GE
1944655,Sreeni K. Jacob,BSP,19704,562,0.467842099129248,7,21,95,KL,Sreeni K. Jacob,BSP,,,,,False,21,2014,GE
1944656,N.K.Biju,SUCI,19720,512,0.426219136573265,8,21,95,KL,N.K.Biju,SUCI,,,,,False,21,2014,GE
1944657,Ratheesh Perumal,IND,19702,479,0.398747981286316,9,21,95,KL,Ratheesh Perumal,IND,,,,,False,21,2014,GE
1944658,James Joseph,IND,19702,272,0.226428916304547,10,21,95,KL,James Joseph,IND,,,,,False,21,2014,GE
1944659,Sasikkuttan Vakathanam,CPIM,26403,208,0.173151524232889,11,21,95,KL,Sasikkuttan Vakathanam,CPIM,,,,,False,21,2014,GE
1944660,Praveen K. Mohan,IND,19702,175,0.14568036894594,12,21,95,KL,Praveen K. Mohan,IND,,,,,False,21,2014,GE
1944661,Jose K. Mani,KEC(M),19722,56429,49.7671670223837,1,21,96,KL,Jose K. Mani,KEC(M),,,,,True,21,2014,GE
1944662,Adv.Mathew T. Thomas,JD(S),19734,43921,38.7358227647152,2,21,96,KL,Adv.Mathew T. Thomas,JD(S),,,,,False,21,2014,GE
1944663,Adv.Noble Mathew,IND,19702,5540,4.88596475755384,3,21,96,KL,Adv.Noble Mathew,IND,,,,,False,21,2014,GE
1944664,Adv.Anil Aikkara,AAAP,19705,3087,2.72255834053587,4,21,96,KL,Adv.Anil Aikkara,AAAP,,,,,False,21,2014,GE
1944665,Nota,NOTA,19703,1567,1.38200483304817,5,21,96,KL,Nota,NOTA,,,,,,21,2014,GE
1944666,Roy Arackal,SDPI,19701,1029,0.90751944684529,6,21,96,KL,Roy Arackal,SDPI,,,,,False,21,2014,GE
1944667,Sreeni K. Jacob,BSP,19704,744,0.656165664191346,7,21,96,KL,Sreeni K. Jacob,BSP,,,,,False,21,2014,GE
1944668,N.K.Biju,SUCI,19720,414,0.365124442170991,8,21,96,KL,N.K.Biju,SUCI,,,,,False,21,2014,GE
1944669,Ratheesh Perumal,IND,19702,263,0.231951034519253,9,21,96,KL,Ratheesh Perumal,IND,,,,,False,21,2014,GE
1944670,James Joseph,IND,19702,155,0.136701180039864,10,21,96,KL,James Joseph,IND,,,,,False,21,2014,GE
1944671,Sasikkuttan Vakathanam,CPIM,26403,119,0.104951228546734,11,21,96,KL,Sasikkuttan Vakathanam,CPIM,,,,,False,21,2014,GE
1944672,Praveen K. Mohan,IND,19702,118,0.104069285449703,12,21,96,KL,Praveen K. Mohan,IND,,,,,False,21,2014,GE
1944673,Jose K. Mani,KEC(M),19722,56395,50.9315704390076,1,21,97,KL,Jose K. Mani,KEC(M),,,,,True,21,2014,GE
1944674,Adv.Mathew T. Thomas,JD(S),19734,39943,36.0734057637252,2,21,97,KL,Adv.Mathew T. Thomas,JD(S),,,,,False,21,2014,GE
1944675,Adv.Noble Mathew,IND,19702,6783,6.1258771573329,3,21,97,KL,Adv.Noble Mathew,IND,,,,,False,21,2014,GE
1944676,Adv.Anil Aikkara,AAAP,19705,2828,2.55402927921826,4,21,97,KL,Adv.Anil Aikkara,AAAP,,,,,False,21,2014,GE
1944677,Nota,NOTA,19703,1444,1.3041083024014,5,21,97,KL,Nota,NOTA,,,,,,21,2014,GE
1944678,Sreeni K. Jacob,BSP,19704,1284,1.15960876750928,6,21,97,KL,Sreeni K. Jacob,BSP,,,,,False,21,2014,GE
1944679,Roy Arackal,SDPI,19701,951,0.858869110515051,7,21,97,KL,Roy Arackal,SDPI,,,,,False,21,2014,GE
1944680,N.K.Biju,SUCI,19720,431,0.389245622115654,8,21,97,KL,N.K.Biju,SUCI,,,,,False,21,2014,GE
1944681,Ratheesh Perumal,IND,19702,257,0.232102377920471,9,21,97,KL,Ratheesh Perumal,IND,,,,,False,21,2014,GE
1944682,James Joseph,IND,19702,215,0.194171250011289,10,21,97,KL,James Joseph,IND,,,,,False,21,2014,GE
1944683,Sasikkuttan Vakathanam,CPIM,26403,116,0.104762162796789,11,21,97,KL,Sasikkuttan Vakathanam,CPIM,,,,,False,21,2014,GE
1944684,Praveen K. Mohan,IND,19702,80,0.072249767446061,12,21,97,KL,Praveen K. Mohan,IND,,,,,False,21,2014,GE
1944685,Jose K. Mani,KEC(M),19722,61552,54.3323211637596,1,21,98,KL,Jose K. Mani,KEC(M),,,,,True,21,2014,GE
1944686,Adv.Mathew T. Thomas,JD(S),19734,36793,32.4774027257962,2,21,98,KL,Adv.Mathew T. Thomas,JD(S),,,,,False,21,2014,GE
1944687,Adv.Noble Mathew,IND,19702,7372,6.50730880587529,3,21,98,KL,Adv.Noble Mathew,IND,,,,,False,21,2014,GE
1944688,Adv.Anil Aikkara,AAAP,19705,2689,2.3735964974225,4,21,98,KL,Adv.Anil Aikkara,AAAP,,,,,False,21,2014,GE
1944689,Sreeni K. Jacob,BSP,19704,1865,1.64624673398771,5,21,98,KL,Sreeni K. Jacob,BSP,,,,,False,21,2014,GE
1944690,Nota,NOTA,19703,1661,1.46617470517619,6,21,98,KL,Nota,NOTA,,,,,,21,2014,GE
1944691,N.K.Biju,SUCI,19720,416,0.367205705811736,7,21,98,KL,N.K.Biju,SUCI,,,,,False,21,2014,GE
1944692,James Joseph,IND,19702,295,0.260398276957842,8,21,98,KL,James Joseph,IND,,,,,False,21,2014,GE
1944693,Ratheesh Perumal,IND,19702,276,0.24362686250971,9,21,98,KL,Ratheesh Perumal,IND,,,,,False,21,2014,GE
1944694,Sasikkuttan Vakathanam,CPIM,26403,173,0.152708142080362,10,21,98,KL,Sasikkuttan Vakathanam,CPIM,,,,,False,21,2014,GE
1944695,Praveen K. Mohan,IND,19702,100,0.0882706023585905,11,21,98,KL,Praveen K. Mohan,IND,,,,,False,21,2014,GE
1944696,Roy Arackal,SDPI,19701,96,0.0847397782642469,12,21,98,KL,Roy Arackal,SDPI,,,,,False,21,2014,GE
1944697,Kodikunnil Suresh,INC,19698,52020,47.8564857405704,1,21,99,KL,Kodikunnil Suresh,INC,,,,,True,21,2014,GE
1944698,Chengara Surendran,CPI,19713,41624,38.2925482980681,2,21,99,KL,Chengara Surendran,CPI,,,,,False,21,2014,GE
1944699,Adv.P.Sudheer,BJP,19699,9239,8.49954001839926,3,21,99,KL,Adv.P.Sudheer,BJP,,,,,False,21,2014,GE
1944700,N Sadanandan,AAAP,19705,1570,1.44434222631095,4,21,99,KL,N Sadanandan,AAAP,,,,,False,21,2014,GE
1944701,Nota,NOTA,19703,1558,1.43330266789328,5,21,99,KL,Nota,NOTA,,,,,,21,2014,GE
1944702,Jyothish Perumpulickal,SDPI,19701,949,0.873045078196872,6,21,99,KL,Jyothish Perumpulickal,SDPI,,,,,False,21,2014,GE
1944703,Adv.P.K.Jayakrishnan,BSP,19704,825,0.758969641214352,7,21,99,KL,Adv.P.K.Jayakrishnan,BSP,,,,,False,21,2014,GE
1944704,Sasikala K S,SUCI,19720,685,0.63017479300828,8,21,99,KL,Sasikala K S,SUCI,,,,,False,21,2014,GE
1944705,Pallickal Surendran,IND,19702,124,0.114075436982521,9,21,99,KL,Pallickal Surendran,IND,,,,,False,21,2014,GE
1944706,Piravathoor Sreedharan,IND,19702,106,0.0975160993560258,10,21,99,KL,Piravathoor Sreedharan,IND,,,,,False,21,2014,GE
1944707,Anto Antony,INC,19698,45593,40.0395187494511,1,21,100,KL,Anto Antony,INC,,,,,True,21,2014,GE
1944708,Adv. Peelipose Thomas,IND,19702,35867,31.4981997014139,2,21,100,KL,Adv. Peelipose Thomas,IND,,,,,False,21,2014,GE
1944709,M T Remesh,BJP,19699,20840,18.3015719680337,3,21,100,KL,M T Remesh,BJP,,,,,False,21,2014,GE
1944710,Nota,NOTA,19703,2692,2.36409941160973,4,21,100,KL,Nota,NOTA,,,,,,21,2014,GE
1944711,Seleena Prakkanam,BSP,19704,2644,2.32194607886186,5,21,100,KL,Seleena Prakkanam,BSP,,,,,False,21,2014,GE
1944712,Mansoor Thengana,SDPI,19701,2535,2.2262228857469,6,21,100,KL,Mansoor Thengana,SDPI,,,,,False,21,2014,GE
1944713,Peelipose,IND,19702,1898,1.66681303240537,7,21,100,KL,Peelipose,IND,,,,,False,21,2014,GE
1944714,Santhosh Kumar,IND,19702,586,0.514621937296918,8,21,100,KL,Santhosh Kumar,IND,,,,,False,21,2014,GE
1944715,S Radhamani,SUCI,19720,336,0.295073329235093,9,21,100,KL,S Radhamani,SUCI,,,,,False,21,2014,GE
1944716,Aleyamma Varghese,AITC,19706,165,0.144902081320804,10,21,100,KL,Aleyamma Varghese,AITC,,,,,False,21,2014,GE
1944717,Shilvin Kottackakathu,IND,19702,162,0.142267498024063,11,21,100,KL,Shilvin Kottackakathu,IND,,,,,False,21,2014,GE
1944718,S Radhakrishnan,IND,19702,129,0.113287081759902,12,21,100,KL,S Radhakrishnan,IND,,,,,False,21,2014,GE
1944719,Ajith Kumar K. K,IND,19702,126,0.11065249846316,13,21,100,KL,Ajith Kumar K. K,IND,,,,,False,21,2014,GE
1944720,Sabukutty Joy (Sabu Puthuchira),SLAP,19763,96,0.0843066654957408,14,21,100,KL,Sabukutty Joy (Sabu Puthuchira),SLAP,,,,,False,21,2014,GE
1944721,Pushpangathan,IND,19702,84,0.0737683323087732,15,21,100,KL,Pushpangathan,IND,,,,,False,21,2014,GE
1944722,Lalitha Malayalappuzha,IND,19702,73,0.0641081935540529,16,21,100,KL,Lalitha Malayalappuzha,IND,,,,,False,21,2014,GE
1944723,Mathew Parey,IND,19702,44,0.0386405550188812,17,21,100,KL,Mathew Parey,IND,,,,,False,21,2014,GE
1944724,Anto Antony,INC,19698,43614,38.7921373298942,1,21,101,KL,Anto Antony,INC,,,,,True,21,2014,GE
1944725,Adv. Peelipose Thomas,IND,19702,40853,36.3363870852975,2,21,101,KL,Adv. Peelipose Thomas,IND,,,,,False,21,2014,GE
1944726,M T Remesh,BJP,19699,15099,13.4296895846304,3,21,101,KL,M T Remesh,BJP,,,,,False,21,2014,GE
1944727,Mansoor Thengana,SDPI,19701,4139,3.68140176109579,4,21,101,KL,Mansoor Thengana,SDPI,,,,,False,21,2014,GE
1944728,Nota,NOTA,19703,2803,2.49310682202259,5,21,101,KL,Nota,NOTA,,,,,,21,2014,GE
1944729,Peelipose,IND,19702,2236,1.98879302677221,6,21,101,KL,Peelipose,IND,,,,,False,21,2014,GE
1944730,Seleena Prakkanam,BSP,19704,1858,1.65258382993863,7,21,101,KL,Seleena Prakkanam,BSP,,,,,False,21,2014,GE
1944731,Santhosh Kumar,IND,19702,708,0.629725162323223,8,21,101,KL,Santhosh Kumar,IND,,,,,False,21,2014,GE
1944732,S Radhamani,SUCI,19720,331,0.294405407809304,9,21,101,KL,S Radhamani,SUCI,,,,,False,21,2014,GE
1944733,Aleyamma Varghese,AITC,19706,151,0.134305790269501,10,21,101,KL,Aleyamma Varghese,AITC,,,,,False,21,2014,GE
1944734,Shilvin Kottackakathu,IND,19702,147,0.130748020990839,11,21,101,KL,Shilvin Kottackakathu,IND,,,,,False,21,2014,GE
1944735,Pushpangathan,IND,19702,108,0.0960597705238815,12,21,101,KL,Pushpangathan,IND,,,,,False,21,2014,GE
1944736,S Radhakrishnan,IND,19702,105,0.0933914435648848,13,21,101,KL,S Radhakrishnan,IND,,,,,False,21,2014,GE
1944737,Sabukutty Joy (Sabu Puthuchira),SLAP,19763,94,0.0836075780485635,14,21,101,KL,Sabukutty Joy (Sabu Puthuchira),SLAP,,,,,False,21,2014,GE
1944738,Ajith Kumar K. K,IND,19702,84,0.0747131548519079,15,21,101,KL,Ajith Kumar K. K,IND,,,,,False,21,2014,GE
1944739,Lalitha Malayalappuzha,IND,19702,51,0.0453615583029441,16,21,101,KL,Lalitha Malayalappuzha,IND,,,,,False,21,2014,GE
1944740,Mathew Parey,IND,19702,49,0.0435826736636129,17,21,101,KL,Mathew Parey,IND,,,,,False,21,2014,GE
1944741,K C Venugopal,INC,19698,66584,45.3736388044649,1,21,102,KL,K C Venugopal,INC,,,,,True,21,2014,GE
1944742,C B Chandrababu,CPI(M),19700,65621,44.72,2,21,102,KL,C B Chandrababu,CPM,,,,,False,21,2014,GE
1944743,Prof.A.V.Thamarakshan,RSPK(B),19766,6907,4.70677224592152,3,21,102,KL,Prof.A.V.Thamarakshan,RSPK(B),,,,,False,21,2014,GE
1944744,Nota,NOTA,19703,1946,1.32610088179576,4,21,102,KL,Nota,NOTA,,,,,,21,2014,GE
1944745,D Mohanan,AAAP,19705,1528,1.04125495754569,5,21,102,KL,D Mohanan,AAAP,,,,,False,21,2014,GE
1944746,Adv.M.A.Bindu,SUCI,19720,1150,0.783667016477451,6,21,102,KL,Adv.M.A.Bindu,SUCI,,,,,False,21,2014,GE
1944747,Thulaseedharan Pallickal,SDPI,19701,1118,0.761860629931991,7,21,102,KL,Thulaseedharan Pallickal,SDPI,,,,,False,21,2014,GE
1944748,P V Natesan,BSP,19704,645,0.439534978806918,8,21,102,KL,P V Natesan,BSP,,,,,False,21,2014,GE
1944749,Venugopal P C,IND,19702,469,0.319599852806891,9,21,102,KL,Venugopal P C,IND,,,,,False,21,2014,GE
1944750,Chandrababu G,IND,19702,271,0.18467283605686,10,21,102,KL,Chandrababu G,IND,,,,,False,21,2014,GE
1944751,T S Balakrishnan,IND,19702,220,0.149918907500034,11,21,102,KL,T S Balakrishnan,IND,,,,,False,21,2014,GE
1944752,S.B.Basheer,IND,19702,133,0.0906327940795661,12,21,102,KL,S.B.Basheer,IND,,,,,False,21,2014,GE
1944753,Jayachandran Sarasamma,IND,19702,91,0.0620119117386504,13,21,102,KL,Jayachandran Sarasamma,IND,,,,,False,21,2014,GE
1944754,M M Paulose,IND,19702,63,0.0429313235113734,14,21,102,KL,M M Paulose,IND,,,,,False,21,2014,GE
1944755,K C Venugopal,INC,19698,76747,46.5765645482352,1,21,103,KL,K C Venugopal,INC,,,,,True,21,2014,GE
1944756,C B Chandrababu,CPI(M),19700,75398,45.76,2,21,103,KL,C B Chandrababu,CPM,,,,,False,21,2014,GE
1944757,Prof.A.V.Thamarakshan,RSPK(B),19766,6149,3.73173277661795,3,21,103,KL,Prof.A.V.Thamarakshan,RSPK(B),,,,,False,21,2014,GE
1944758,Nota,NOTA,19703,2034,1.23440306840802,4,21,103,KL,Nota,NOTA,,,,,,21,2014,GE
1944759,D Mohanan,AAAP,19705,1422,0.862989755789678,5,21,103,KL,D Mohanan,AAAP,,,,,False,21,2014,GE
1944760,Adv.M.A.Bindu,SUCI,19720,809,0.490969558673593,6,21,103,KL,Adv.M.A.Bindu,SUCI,,,,,False,21,2014,GE
1944761,P V Natesan,BSP,19704,688,0.417536534446764,7,21,103,KL,P V Natesan,BSP,,,,,False,21,2014,GE
1944762,Venugopal P C,IND,19702,559,0.339248434237996,8,21,103,KL,Venugopal P C,IND,,,,,False,21,2014,GE
1944763,Thulaseedharan Pallickal,SDPI,19701,312,0.189347963295626,9,21,103,KL,Thulaseedharan Pallickal,SDPI,,,,,False,21,2014,GE
1944764,Chandrababu G,IND,19702,231,0.140190318978492,10,21,103,KL,Chandrababu G,IND,,,,,False,21,2014,GE
1944765,T S Balakrishnan,IND,19702,216,0.131087051512356,11,21,103,KL,T S Balakrishnan,IND,,,,,False,21,2014,GE
1944766,S.B.Basheer,IND,19702,77,0.046730106326164,12,21,103,KL,S.B.Basheer,IND,,,,,False,21,2014,GE
1944767,M M Paulose,IND,19702,68,0.0412681458464825,13,21,103,KL,M M Paulose,IND,,,,,False,21,2014,GE
1944768,Jayachandran Sarasamma,IND,19702,66,0.0400543768509977,14,21,103,KL,Jayachandran Sarasamma,IND,,,,,False,21,2014,GE
1944769,K C Venugopal,INC,19698,70206,48.9387063719442,1,21,104,KL,K C Venugopal,INC,,,,,True,21,2014,GE
1944770,C B Chandrababu,CPI(M),19700,62507,43.57,2,21,104,KL,C B Chandrababu,CPM,,,,,False,21,2014,GE
1944771,Prof.A.V.Thamarakshan,RSPK(B),19766,3827,2.66769833469263,3,21,104,KL,Prof.A.V.Thamarakshan,RSPK(B),,,,,False,21,2014,GE
1944772,D Mohanan,AAAP,19705,1875,1.30701185721157,4,21,104,KL,D Mohanan,AAAP,,,,,False,21,2014,GE
1944773,Nota,NOTA,19703,1796,1.25194309096105,5,21,104,KL,Nota,NOTA,,,,,,21,2014,GE
1944774,Thulaseedharan Pallickal,SDPI,19701,1090,0.759809559658992,6,21,104,KL,Thulaseedharan Pallickal,SDPI,,,,,False,21,2014,GE
1944775,Adv.M.A.Bindu,SUCI,19720,761,0.530472545780269,7,21,104,KL,Adv.M.A.Bindu,SUCI,,,,,False,21,2014,GE
1944776,P V Natesan,BSP,19704,409,0.28510285311975,8,21,104,KL,P V Natesan,BSP,,,,,False,21,2014,GE
1944777,Venugopal P C,IND,19702,405,0.282314561157699,9,21,104,KL,Venugopal P C,IND,,,,,False,21,2014,GE
1944778,Chandrababu G,IND,19702,220,0.153356057912824,10,21,104,KL,Chandrababu G,IND,,,,,False,21,2014,GE
1944779,T S Balakrishnan,IND,19702,171,0.119199481377695,11,21,104,KL,T S Balakrishnan,IND,,,,,False,21,2014,GE
1944780,S.B.Basheer,IND,19702,97,0.0676160800797451,12,21,104,KL,S.B.Basheer,IND,,,,,False,21,2014,GE
1944781,M M Paulose,IND,19702,52,0.0362477955066675,13,21,104,KL,M M Paulose,IND,,,,,False,21,2014,GE
1944782,Jayachandran Sarasamma,IND,19702,41,0.0285799926110263,14,21,104,KL,Jayachandran Sarasamma,IND,,,,,False,21,2014,GE
1944783,K C Venugopal,INC,19698,54553,45.5934342379086,1,21,105,KL,K C Venugopal,INC,,,,,True,21,2014,GE
1944784,C B Chandrababu,CPI(M),19700,51316,42.89,2,21,105,KL,C B Chandrababu,CPM,,,,,False,21,2014,GE
1944785,Prof.A.V.Thamarakshan,RSPK(B),19766,5454,4.55825693057308,3,21,105,KL,Prof.A.V.Thamarakshan,RSPK(B),,,,,False,21,2014,GE
1944786,Thulaseedharan Pallickal,SDPI,19701,3130,2.6159413627968,4,21,105,KL,Thulaseedharan Pallickal,SDPI,,,,,False,21,2014,GE
1944787,Nota,NOTA,19703,1527,1.27621164887882,5,21,105,KL,Nota,NOTA,,,,,,21,2014,GE
1944788,D Mohanan,AAAP,19705,1483,1.23943803227721,6,21,105,KL,D Mohanan,AAAP,,,,,False,21,2014,GE
1944789,Adv.M.A.Bindu,SUCI,19720,980,0.819048733399637,7,21,105,KL,Adv.M.A.Bindu,SUCI,,,,,False,21,2014,GE
1944790,Venugopal P C,IND,19702,339,0.283324000635181,8,21,105,KL,Venugopal P C,IND,,,,,False,21,2014,GE
1944791,P V Natesan,BSP,19704,300,0.25072920410193,9,21,105,KL,P V Natesan,BSP,,,,,False,21,2014,GE
1944792,S.B.Basheer,IND,19702,173,0.144587174365446,10,21,105,KL,S.B.Basheer,IND,,,,,False,21,2014,GE
1944793,Chandrababu G,IND,19702,171,0.1429156463381,11,21,105,KL,Chandrababu G,IND,,,,,False,21,2014,GE
1944794,T S Balakrishnan,IND,19702,151,0.126200366064638,12,21,105,KL,T S Balakrishnan,IND,,,,,False,21,2014,GE
1944795,Jayachandran Sarasamma,IND,19702,38,0.0317590325195778,13,21,105,KL,Jayachandran Sarasamma,IND,,,,,False,21,2014,GE
1944796,M M Paulose,IND,19702,36,0.0300875044922316,14,21,105,KL,M M Paulose,IND,,,,,False,21,2014,GE
1944797,Kodikunnil Suresh,INC,19698,51703,45.0802591310565,1,21,106,KL,Kodikunnil Suresh,INC,,,,,True,21,2014,GE
1944798,Chengara Surendran,CPI,19713,50508,44.038329075516,2,21,106,KL,Chengara Surendran,CPI,,,,,False,21,2014,GE
1944799,Adv.P.Sudheer,BJP,19699,8739,7.6196039793881,3,21,106,KL,Adv.P.Sudheer,BJP,,,,,False,21,2014,GE
1944800,Nota,NOTA,19703,1298,1.13173657915617,4,21,106,KL,Nota,NOTA,,,,,,21,2014,GE
1944801,N Sadanandan,AAAP,19705,708,0.617310861357909,5,21,106,KL,N Sadanandan,AAAP,,,,,False,21,2014,GE
1944802,Sasikala K S,SUCI,19720,706,0.615567045365373,6,21,106,KL,Sasikala K S,SUCI,,,,,False,21,2014,GE
1944803,Adv.P.K.Jayakrishnan,BSP,19704,374,0.326093590604319,7,21,106,KL,Adv.P.K.Jayakrishnan,BSP,,,,,False,21,2014,GE
1944804,Jyothish Perumpulickal,SDPI,19701,323,0.281626282794639,8,21,106,KL,Jyothish Perumpulickal,SDPI,,,,,False,21,2014,GE
1944805,Pallickal Surendran,IND,19702,221,0.19269166717528,9,21,106,KL,Pallickal Surendran,IND,,,,,False,21,2014,GE
1944806,Piravathoor Sreedharan,IND,19702,111,0.096781787585774,10,21,106,KL,Piravathoor Sreedharan,IND,,,,,False,21,2014,GE
1944807,K C Venugopal,INC,19698,66687,49.6408340094835,1,21,107,KL,K C Venugopal,INC,,,,,True,21,2014,GE
1944808,C B Chandrababu,CPI(M),19700,57822,43.04,2,21,107,KL,C B Chandrababu,CPM,,,,,False,21,2014,GE
1944809,Prof.A.V.Thamarakshan,RSPK(B),19766,4794,3.56858395551552,3,21,107,KL,Prof.A.V.Thamarakshan,RSPK(B),,,,,False,21,2014,GE
1944810,Nota,NOTA,19703,1361,1.01310862817201,4,21,107,KL,Nota,NOTA,,,,,,21,2014,GE
1944811,D Mohanan,AAAP,19705,868,0.646126590193466,5,21,107,KL,D Mohanan,AAAP,,,,,False,21,2014,GE
1944812,Thulaseedharan Pallickal,SDPI,19701,772,0.574665584826447,6,21,107,KL,Thulaseedharan Pallickal,SDPI,,,,,False,21,2014,GE
1944813,Adv.M.A.Bindu,SUCI,19720,701,0.521814216273755,7,21,107,KL,Adv.M.A.Bindu,SUCI,,,,,False,21,2014,GE
1944814,Venugopal P C,IND,19702,436,0.324552066041879,8,21,107,KL,Venugopal P C,IND,,,,,False,21,2014,GE
1944815,P V Natesan,BSP,19704,378,0.281377708632638,9,21,107,KL,P V Natesan,BSP,,,,,False,21,2014,GE
1944816,Chandrababu G,IND,19702,222,0.165253574911232,10,21,107,KL,Chandrababu G,IND,,,,,False,21,2014,GE
1944817,T S Balakrishnan,IND,19702,152,0.113146591831114,11,21,107,KL,T S Balakrishnan,IND,,,,,False,21,2014,GE
1944818,S.B.Basheer,IND,19702,51,0.037963659101229,12,21,107,KL,S.B.Basheer,IND,,,,,False,21,2014,GE
1944819,Jayachandran Sarasamma,IND,19702,48,0.0357305026835096,13,21,107,KL,Jayachandran Sarasamma,IND,,,,,False,21,2014,GE
1944820,M M Paulose,IND,19702,47,0.0349861172109365,14,21,107,KL,M M Paulose,IND,,,,,False,21,2014,GE
1944821,C B Chandrababu,CPI(M),19700,65948,46.8,1,21,108,KL,C B Chandrababu,CPM,,,,,False,21,2014,GE
1944822,K C Venugopal,INC,19698,62662,44.4638396911898,2,21,108,KL,K C Venugopal,INC,,,,,True,21,2014,GE
1944823,Prof.A.V.Thamarakshan,RSPK(B),19766,6442,4.5711285195277,3,21,108,KL,Prof.A.V.Thamarakshan,RSPK(B),,,,,False,21,2014,GE
1944824,Nota,NOTA,19703,1351,0.958645549500454,4,21,108,KL,Nota,NOTA,,,,,,21,2014,GE
1944825,Thulaseedharan Pallickal,SDPI,19701,1271,0.901878973660309,5,21,108,KL,Thulaseedharan Pallickal,SDPI,,,,,False,21,2014,GE
1944826,D Mohanan,AAAP,19705,1182,0.838726158038147,6,21,108,KL,D Mohanan,AAAP,,,,,False,21,2014,GE
1944827,Adv.M.A.Bindu,SUCI,19720,593,0.420782243415077,7,21,108,KL,Adv.M.A.Bindu,SUCI,,,,,False,21,2014,GE
1944828,P V Natesan,BSP,19704,464,0.329246139872843,8,21,108,KL,P V Natesan,BSP,,,,,False,21,2014,GE
1944829,Venugopal P C,IND,19702,417,0.295895776566757,9,21,108,KL,Venugopal P C,IND,,,,,False,21,2014,GE
1944830,Chandrababu G,IND,19702,230,0.163203905540418,10,21,108,KL,Chandrababu G,IND,,,,,False,21,2014,GE
1944831,T S Balakrishnan,IND,19702,162,0.114952316076294,11,21,108,KL,T S Balakrishnan,IND,,,,,False,21,2014,GE
1944832,Jayachandran Sarasamma,IND,19702,94,0.0667007266121707,12,21,108,KL,Jayachandran Sarasamma,IND,,,,,False,21,2014,GE
1944833,S.B.Basheer,IND,19702,62,0.0439940962761126,13,21,108,KL,S.B.Basheer,IND,,,,,False,21,2014,GE
1944834,M M Paulose,IND,19702,50,0.0354791099000908,14,21,108,KL,M M Paulose,IND,,,,,False,21,2014,GE
1944835,Chengara Surendran,CPI,19713,61350,45.5618928794225,1,21,109,KL,Chengara Surendran,CPI,,,,,False,21,2014,GE
1944836,Kodikunnil Suresh,INC,19698,54883,40.7591420847815,2,21,109,KL,Kodikunnil Suresh,INC,,,,,True,21,2014,GE
1944837,Adv.P.Sudheer,BJP,19699,13067,9.70427472298963,3,21,109,KL,Adv.P.Sudheer,BJP,,,,,False,21,2014,GE
1944838,Jyothish Perumpulickal,SDPI,19701,1487,1.10432819415976,4,21,109,KL,Jyothish Perumpulickal,SDPI,,,,,False,21,2014,GE
1944839,Nota,NOTA,19703,1321,0.981047440810385,5,21,109,KL,Nota,NOTA,,,,,,21,2014,GE
1944840,N Sadanandan,AAAP,19705,1127,0.836972343522562,6,21,109,KL,N Sadanandan,AAAP,,,,,False,21,2014,GE
1944841,Sasikala K S,SUCI,19720,621,0.461188842349167,7,21,109,KL,Sasikala K S,SUCI,,,,,False,21,2014,GE
1944842,Adv.P.K.Jayakrishnan,BSP,19704,406,0.301517987107507,8,21,109,KL,Adv.P.K.Jayakrishnan,BSP,,,,,False,21,2014,GE
1944843,Pallickal Surendran,IND,19702,232,0.172295992632861,9,21,109,KL,Pallickal Surendran,IND,,,,,False,21,2014,GE
1944844,Piravathoor Sreedharan,IND,19702,158,0.117339512224104,10,21,109,KL,Piravathoor Sreedharan,IND,,,,,False,21,2014,GE
1944845,Kodikunnil Suresh,INC,19698,55769,45.0480213895104,1,21,110,KL,Kodikunnil Suresh,INC,,,,,True,21,2014,GE
1944846,Chengara Surendran,CPI,19713,47951,38.7329461465763,2,21,110,KL,Chengara Surendran,CPI,,,,,False,21,2014,GE
1944847,Adv.P.Sudheer,BJP,19699,15716,12.6947713632582,3,21,110,KL,Adv.P.Sudheer,BJP,,,,,False,21,2014,GE
1944848,Nota,NOTA,19703,1270,1.02585642856566,4,21,110,KL,Nota,NOTA,,,,,,21,2014,GE
1944849,N Sadanandan,AAAP,19705,1032,0.83360931833052,5,21,110,KL,N Sadanandan,AAAP,,,,,False,21,2014,GE
1944850,Jyothish Perumpulickal,SDPI,19701,685,0.553316262651556,6,21,110,KL,Jyothish Perumpulickal,SDPI,,,,,False,21,2014,GE
1944851,Sasikala K S,SUCI,19720,674,0.544430892010436,7,21,110,KL,Sasikala K S,SUCI,,,,,False,21,2014,GE
1944852,Adv.P.K.Jayakrishnan,BSP,19704,359,0.289986187287458,8,21,110,KL,Adv.P.K.Jayakrishnan,BSP,,,,,False,21,2014,GE
1944853,Pallickal Surendran,IND,19702,202,0.163167715409656,9,21,110,KL,Pallickal Surendran,IND,,,,,False,21,2014,GE
1944854,Piravathoor Sreedharan,IND,19702,141,0.113894296399809,10,21,110,KL,Piravathoor Sreedharan,IND,,,,,False,21,2014,GE
1944855,Anto Antony,INC,19698,55701,44.5077467658551,1,21,111,KL,Anto Antony,INC,,,,,True,21,2014,GE
1944856,Adv. Peelipose Thomas,IND,19702,42420,33.8955964490328,2,21,111,KL,Adv. Peelipose Thomas,IND,,,,,False,21,2014,GE
1944857,M T Remesh,BJP,19699,19526,15.6022021750074,3,21,111,KL,M T Remesh,BJP,,,,,False,21,2014,GE
1944858,Nota,NOTA,19703,2253,1.80025409711624,4,21,111,KL,Nota,NOTA,,,,,,21,2014,GE
1944859,Peelipose,IND,19702,1810,1.44627603896156,5,21,111,KL,Peelipose,IND,,,,,False,21,2014,GE
1944860,Seleena Prakkanam,BSP,19704,1215,0.970842755435521,6,21,111,KL,Seleena Prakkanam,BSP,,,,,False,21,2014,GE
1944861,Mansoor Thengana,SDPI,19701,536,0.428289478941102,7,21,111,KL,Mansoor Thengana,SDPI,,,,,False,21,2014,GE
1944862,Santhosh Kumar,IND,19702,516,0.412308528234345,8,21,111,KL,Santhosh Kumar,IND,,,,,False,21,2014,GE
1944863,S Radhamani,SUCI,19720,409,0.326810441953192,9,21,111,KL,S Radhamani,SUCI,,,,,False,21,2014,GE
1944864,Aleyamma Varghese,AITC,19706,142,0.113464750017979,10,21,111,KL,Aleyamma Varghese,AITC,,,,,False,21,2014,GE
1944865,Shilvin Kottackakathu,IND,19702,138,0.110268559876627,11,21,111,KL,Shilvin Kottackakathu,IND,,,,,False,21,2014,GE
1944866,S Radhakrishnan,IND,19702,123,0.0982828468465589,12,21,111,KL,S Radhakrishnan,IND,,,,,False,21,2014,GE
1944867,Pushpangathan,IND,19702,121,0.0966847517758831,13,21,111,KL,Pushpangathan,IND,,,,,False,21,2014,GE
1944868,Ajith Kumar K. K,IND,19702,73,0.058330470079665,14,21,111,KL,Ajith Kumar K. K,IND,,,,,False,21,2014,GE
1944869,Sabukutty Joy (Sabu Puthuchira),SLAP,19763,60,0.0479428521202726,15,21,111,KL,Sabukutty Joy (Sabu Puthuchira),SLAP,,,,,False,21,2014,GE
1944871,Mathew Parey,IND,19702,53,0.04,16,21,111,KL,Mathew Parey,IND,,,,,False,21,2014,GE
1944870,Lalitha Malayalappuzha,IND,19702,53,0.04,16,21,111,KL,Lalitha Malayalappuzha,IND,,,,,False,21,2014,GE
1944872,Anto Antony,INC,19698,48909,42.226270440143,1,21,112,KL,Anto Antony,INC,,,,,True,21,2014,GE
1944873,Adv. Peelipose Thomas,IND,19702,39818,34.3774282112824,2,21,112,KL,Adv. Peelipose Thomas,IND,,,,,False,21,2014,GE
1944874,M T Remesh,BJP,19699,18531,15.9989984977466,3,21,112,KL,M T Remesh,BJP,,,,,False,21,2014,GE
1944875,Peelipose,IND,19702,2226,1.92184828967589,4,21,112,KL,Peelipose,IND,,,,,False,21,2014,GE
1944876,Nota,NOTA,19703,2051,1.77075958765735,5,21,112,KL,Nota,NOTA,,,,,,21,2014,GE
1944877,Seleena Prakkanam,BSP,19704,1592,1.37447550636299,6,21,112,KL,Seleena Prakkanam,BSP,,,,,False,21,2014,GE
1944878,Mansoor Thengana,SDPI,19701,1020,0.880631291765234,7,21,112,KL,Mansoor Thengana,SDPI,,,,,False,21,2014,GE
1944879,Santhosh Kumar,IND,19702,449,0.38765044117901,8,21,112,KL,Santhosh Kumar,IND,,,,,False,21,2014,GE
1944880,S Radhamani,SUCI,19720,323,0.278866575725657,9,21,112,KL,S Radhamani,SUCI,,,,,False,21,2014,GE
1944881,S Radhakrishnan,IND,19702,160,0.138138241845527,10,21,112,KL,S Radhakrishnan,IND,,,,,False,21,2014,GE
1944882,Aleyamma Varghese,AITC,19706,157,0.135548149810923,11,21,112,KL,Aleyamma Varghese,AITC,,,,,False,21,2014,GE
1944883,Sabukutty Joy (Sabu Puthuchira),SLAP,19763,150,0.129504601730181,12,21,112,KL,Sabukutty Joy (Sabu Puthuchira),SLAP,,,,,False,21,2014,GE
1944884,Pushpangathan,IND,19702,131,0.113100685511025,13,21,112,KL,Pushpangathan,IND,,,,,False,21,2014,GE
1944885,Shilvin Kottackakathu,IND,19702,103,0.088926493188058,14,21,112,KL,Shilvin Kottackakathu,IND,,,,,False,21,2014,GE
1944886,Ajith Kumar K. K,IND,19702,94,0.0811562170842471,15,21,112,KL,Ajith Kumar K. K,IND,,,,,False,21,2014,GE
1944887,Lalitha Malayalappuzha,IND,19702,60,0.0518018406920726,16,21,112,KL,Lalitha Malayalappuzha,IND,,,,,False,21,2014,GE
1944888,Mathew Parey,IND,19702,52,0.0448949285997962,17,21,112,KL,Mathew Parey,IND,,,,,False,21,2014,GE
1944889,Anto Antony,INC,19698,58826,42.5735480369097,1,21,113,KL,Anto Antony,INC,,,,,True,21,2014,GE
1944890,Adv. Peelipose Thomas,IND,19702,47477,34.3600506603944,2,21,113,KL,Adv. Peelipose Thomas,IND,,,,,False,21,2014,GE
1944891,M T Remesh,BJP,19699,23771,17.2035462276099,3,21,113,KL,M T Remesh,BJP,,,,,False,21,2014,GE
1944892,Peelipose,IND,19702,2440,1.76587660575357,4,21,113,KL,Peelipose,IND,,,,,False,21,2014,GE
1944893,Nota,NOTA,19703,2211,1.60014474398408,5,21,113,KL,Nota,NOTA,,,,,,21,2014,GE
1944894,Mansoor Thengana,SDPI,19701,869,0.628912610819613,6,21,113,KL,Mansoor Thengana,SDPI,,,,,False,21,2014,GE
1944895,Seleena Prakkanam,BSP,19704,715,0.517459743079428,7,21,113,KL,Seleena Prakkanam,BSP,,,,,False,21,2014,GE
1944896,Santhosh Kumar,IND,19702,520,0.376334358603221,8,21,113,KL,Santhosh Kumar,IND,,,,,False,21,2014,GE
1944897,S Radhamani,SUCI,19720,412,0.298172607201013,9,21,113,KL,S Radhamani,SUCI,,,,,False,21,2014,GE
1944898,Aleyamma Varghese,AITC,19706,174,0.125927266148001,10,21,113,KL,Aleyamma Varghese,AITC,,,,,False,21,2014,GE
1944899,S Radhakrishnan,IND,19702,166,0.120137506784874,11,21,113,KL,S Radhakrishnan,IND,,,,,False,21,2014,GE
1944900,Pushpangathan,IND,19702,157,0.113624027501357,12,21,113,KL,Pushpangathan,IND,,,,,False,21,2014,GE
1944901,Shilvin Kottackakathu,IND,19702,134,0.0969784693323684,13,21,113,KL,Shilvin Kottackakathu,IND,,,,,False,21,2014,GE
1944902,Ajith Kumar K. K,IND,19702,105,0.0759905916410349,14,21,113,KL,Ajith Kumar K. K,IND,,,,,False,21,2014,GE
1944903,Sabukutty Joy (Sabu Puthuchira),SLAP,19763,77,0.0557264338700923,15,21,113,KL,Sabukutty Joy (Sabu Puthuchira),SLAP,,,,,False,21,2014,GE
1944904,Lalitha Malayalappuzha,IND,19702,72,0.0521078342681382,16,21,113,KL,Lalitha Malayalappuzha,IND,,,,,False,21,2014,GE
1944905,Mathew Parey,IND,19702,49,0.0354622760991496,17,21,113,KL,Mathew Parey,IND,,,,,False,21,2014,GE
1944906,Anto Antony,INC,19698,53480,42.1759909149698,1,21,114,KL,Anto Antony,INC,,,,,True,21,2014,GE
1944907,Adv. Peelipose Thomas,IND,19702,45384,35.7912335767575,2,21,114,KL,Adv. Peelipose Thomas,IND,,,,,False,21,2014,GE
1944908,M T Remesh,BJP,19699,18222,14.3704357975426,3,21,114,KL,M T Remesh,BJP,,,,,False,21,2014,GE
1944909,Peelipose,IND,19702,2892,2.28072112427249,4,21,114,KL,Peelipose,IND,,,,,False,21,2014,GE
1944910,Nota,NOTA,19703,2120,1.67189791959117,5,21,114,KL,Nota,NOTA,,,,,,21,2014,GE
1944911,Santhosh Kumar,IND,19702,1358,1.07096102585133,6,21,114,KL,Santhosh Kumar,IND,,,,,False,21,2014,GE
1944912,Seleena Prakkanam,BSP,19704,919,0.724751975520891,7,21,114,KL,Seleena Prakkanam,BSP,,,,,False,21,2014,GE
1944913,Mansoor Thengana,SDPI,19701,818,0.645100235012066,8,21,114,KL,Mansoor Thengana,SDPI,,,,,False,21,2014,GE
1944914,S Radhamani,SUCI,19720,511,0.402990489109005,9,21,114,KL,S Radhamani,SUCI,,,,,False,21,2014,GE
1944915,Aleyamma Varghese,AITC,19706,251,0.197946404630842,10,21,114,KL,Aleyamma Varghese,AITC,,,,,False,21,2014,GE
1944916,Pushpangathan,IND,19702,175,0.138010441475687,11,21,114,KL,Pushpangathan,IND,,,,,False,21,2014,GE
1944917,S Radhakrishnan,IND,19702,169,0.133278654910806,12,21,114,KL,S Radhakrishnan,IND,,,,,False,21,2014,GE
1944918,Shilvin Kottackakathu,IND,19702,145,0.114351508651283,13,21,114,KL,Shilvin Kottackakathu,IND,,,,,False,21,2014,GE
1944919,Ajith Kumar K. K,IND,19702,127,0.100156148956641,14,21,114,KL,Ajith Kumar K. K,IND,,,,,False,21,2014,GE
1944920,Sabukutty Joy (Sabu Puthuchira),SLAP,19763,93,0.0733426917556505,15,21,114,KL,Sabukutty Joy (Sabu Puthuchira),SLAP,,,,,False,21,2014,GE
1944921,Lalitha Malayalappuzha,IND,19702,83,0.0654563808141827,16,21,114,KL,Lalitha Malayalappuzha,IND,,,,,False,21,2014,GE
1944922,Mathew Parey,IND,19702,55,0.0433747101780729,17,21,114,KL,Mathew Parey,IND,,,,,False,21,2014,GE
1944923,Anto Antony,INC,19698,52312,38.4296670682613,1,21,115,KL,Anto Antony,INC,,,,,True,21,2014,GE
1944924,Adv. Peelipose Thomas,IND,19702,50354,36.9912726631601,2,21,115,KL,Adv. Peelipose Thomas,IND,,,,,False,21,2014,GE
1944925,M T Remesh,BJP,19699,22796,16.7464958420264,3,21,115,KL,M T Remesh,BJP,,,,,False,21,2014,GE
1944926,Peelipose,IND,19702,2990,2.19652669624754,4,21,115,KL,Peelipose,IND,,,,,False,21,2014,GE
1944927,Nota,NOTA,19703,2398,1.76162910287679,5,21,115,KL,Nota,NOTA,,,,,,21,2014,GE
1944928,Seleena Prakkanam,BSP,19704,1441,1.05859363521495,6,21,115,KL,Seleena Prakkanam,BSP,,,,,False,21,2014,GE
1944929,Mansoor Thengana,SDPI,19701,1434,1.05345126502307,7,21,115,KL,Mansoor Thengana,SDPI,,,,,False,21,2014,GE
1944930,Santhosh Kumar,IND,19702,708,0.520114013693397,8,21,115,KL,Santhosh Kumar,IND,,,,,False,21,2014,GE
1944931,S Radhamani,SUCI,19720,572,0.420205107108225,9,21,115,KL,S Radhamani,SUCI,,,,,False,21,2014,GE
1944932,Aleyamma Varghese,AITC,19706,196,0.143986365372748,10,21,115,KL,Aleyamma Varghese,AITC,,,,,False,21,2014,GE
1944933,Pushpangathan,IND,19702,177,0.130028503423349,11,21,115,KL,Pushpangathan,IND,,,,,False,21,2014,GE
1944934,Shilvin Kottackakathu,IND,19702,176,0.129293879110223,12,21,115,KL,Shilvin Kottackakathu,IND,,,,,False,21,2014,GE
1944935,S Radhakrishnan,IND,19702,169,0.124151508918339,13,21,115,KL,S Radhakrishnan,IND,,,,,False,21,2014,GE
1944936,Ajith Kumar K. K,IND,19702,139,0.102112779524551,14,21,115,KL,Ajith Kumar K. K,IND,,,,,False,21,2014,GE
1944937,Sabukutty Joy (Sabu Puthuchira),SLAP,19763,112,0.0822779230701419,15,21,115,KL,Sabukutty Joy (Sabu Puthuchira),SLAP,,,,,False,21,2014,GE
1944938,Mathew Parey,IND,19702,82,0.0602391936763539,16,21,115,KL,Mathew Parey,IND,,,,,False,21,2014,GE
1944939,Lalitha Malayalappuzha,IND,19702,68,0.0499544532925862,17,21,115,KL,Lalitha Malayalappuzha,IND,,,,,False,21,2014,GE
1944940,K C Venugopal,INC,19698,63662,44.0622361262995,1,21,116,KL,K C Venugopal,INC,,,,,True,21,2014,GE
1944941,C B Chandrababu,CPI(M),19700,62959,43.58,2,21,116,KL,C B Chandrababu,CPM,,,,,False,21,2014,GE
1944942,Prof.A.V.Thamarakshan,RSPK(B),19766,9433,6.52884096288811,3,21,116,KL,Prof.A.V.Thamarakshan,RSPK(B),,,,,False,21,2014,GE
1944943,Thulaseedharan Pallickal,SDPI,19701,3296,2.28125302805886,4,21,116,KL,Thulaseedharan Pallickal,SDPI,,,,,False,21,2014,GE
1944944,Nota,NOTA,19703,1306,0.903918827258759,5,21,116,KL,Nota,NOTA,,,,,,21,2014,GE
1944945,D Mohanan,AAAP,19705,1015,0.70250965518196,6,21,116,KL,D Mohanan,AAAP,,,,,False,21,2014,GE
1944946,Adv.M.A.Bindu,SUCI,19720,924,0.639526030924267,7,21,116,KL,Adv.M.A.Bindu,SUCI,,,,,False,21,2014,GE
1944947,Venugopal P C,IND,19702,523,0.361982807546961,8,21,116,KL,Venugopal P C,IND,,,,,False,21,2014,GE
1944948,P V Natesan,BSP,19704,500,0.346063869547764,9,21,116,KL,P V Natesan,BSP,,,,,False,21,2014,GE
1944949,T S Balakrishnan,IND,19702,291,0.201409172076798,10,21,116,KL,T S Balakrishnan,IND,,,,,False,21,2014,GE
1944950,Chandrababu G,IND,19702,268,0.185490234077601,11,21,116,KL,Chandrababu G,IND,,,,,False,21,2014,GE
1944951,S.B.Basheer,IND,19702,116,0.0802868177350812,12,21,116,KL,S.B.Basheer,IND,,,,,False,21,2014,GE
1944952,Jayachandran Sarasamma,IND,19702,103,0.0712891571268393,13,21,116,KL,Jayachandran Sarasamma,IND,,,,,False,21,2014,GE
1944953,M M Paulose,IND,19702,86,0.0595229855622154,14,21,116,KL,M M Paulose,IND,,,,,False,21,2014,GE
1944954,N.K.Premachandran,RSP,19729,68878,54.9910980176124,1,21,117,KL,N.K.Premachandran,RSP,,,,,False,21,2014,GE
1944955,M.A. Baby,CPI(M),19700,44437,35.48,2,21,117,KL,M.A. Baby,CPM,,,,,False,21,2014,GE
1944956,P.M. Velayudhan,BJP,19699,6739,5.38031025204985,3,21,117,KL,P.M. Velayudhan,BJP,,,,,False,21,2014,GE
1944957,A.K.Salahudeen,SDPI,19701,1987,1.58638914836371,4,21,117,KL,A.K.Salahudeen,SDPI,,,,,False,21,2014,GE
1944958,Nota,NOTA,19703,1032,0.823932360901535,5,21,117,KL,Nota,NOTA,,,,,,21,2014,GE
1944959,V.S. Premachandran,IND,19702,497,0.396796883108588,6,21,117,KL,V.S. Premachandran,IND,,,,,False,21,2014,GE
1944960,R. Premachandran,IND,19702,387,0.308974635338076,7,21,117,KL,R. Premachandran,IND,,,,,False,21,2014,GE
1944961,M. Baby,IND,19702,381,0.30418433091423,8,21,117,KL,M. Baby,IND,,,,,False,21,2014,GE
1944962,Adv.S.Prahladan,BSP,19704,308,0.245902293757435,9,21,117,KL,Adv.S.Prahladan,BSP,,,,,False,21,2014,GE
1944963,K. Bhaskaran,IND,19702,291,0.232329764556538,10,21,117,KL,K. Bhaskaran,IND,,,,,False,21,2014,GE
1944964,A. Josekutty,IND,19702,173,0.138120444220897,11,21,117,KL,A. Josekutty,IND,,,,,False,21,2014,GE
1944965,C. Indulal Ex-Service Man,IND,19702,143,0.114168922101666,12,21,117,KL,C. Indulal Ex-Service Man,IND,,,,,False,21,2014,GE
1944966,Kodikunnil Suresh,INC,19698,63686,43.2793525018518,1,21,118,KL,Kodikunnil Suresh,INC,,,,,True,21,2014,GE
1944967,Chengara Surendran,CPI,19713,63599,43.2202295601117,2,21,118,KL,Chengara Surendran,CPI,,,,,False,21,2014,GE
1944968,Adv.P.Sudheer,BJP,19699,11902,8.08829025966524,3,21,118,KL,Adv.P.Sudheer,BJP,,,,,False,21,2014,GE
1944969,Jyothish Perumpulickal,SDPI,19701,3496,2.37579085429253,4,21,118,KL,Jyothish Perumpulickal,SDPI,,,,,False,21,2014,GE
1944970,Nota,NOTA,19703,1246,0.846749257565358,5,21,118,KL,Nota,NOTA,,,,,,21,2014,GE
1944971,N Sadanandan,AAAP,19705,1188,0.807333963071946,6,21,118,KL,N Sadanandan,AAAP,,,,,False,21,2014,GE
1944972,Sasikala K S,SUCI,19720,786,0.534145197790025,7,21,118,KL,Sasikala K S,SUCI,,,,,False,21,2014,GE
1944973,Adv.P.K.Jayakrishnan,BSP,19704,705,0.479099700307847,8,21,118,KL,Adv.P.K.Jayakrishnan,BSP,,,,,False,21,2014,GE
1944974,Pallickal Surendran,IND,19702,287,0.195037750338088,9,21,118,KL,Pallickal Surendran,IND,,,,,False,21,2014,GE
1944975,Piravathoor Sreedharan,IND,19702,256,0.173970955005403,10,21,118,KL,Piravathoor Sreedharan,IND,,,,,False,21,2014,GE
1944976,Kodikunnil Suresh,INC,19698,61444,45.5907340491048,1,21,119,KL,Kodikunnil Suresh,INC,,,,,True,21,2014,GE
1944977,Chengara Surendran,CPI,19713,56799,42.144198021859,2,21,119,KL,Chengara Surendran,CPI,,,,,False,21,2014,GE
1944978,Adv.P.Sudheer,BJP,19699,11785,8.74433306374422,3,21,119,KL,Adv.P.Sudheer,BJP,,,,,False,21,2014,GE
1944979,Nota,NOTA,19703,1502,1.11446654745387,4,21,119,KL,Nota,NOTA,,,,,,21,2014,GE
1944980,N Sadanandan,AAAP,19705,1087,0.806541369562153,5,21,119,KL,N Sadanandan,AAAP,,,,,False,21,2014,GE
1944981,Sasikala K S,SUCI,19720,644,0.477840517017504,6,21,119,KL,Sasikala K S,SUCI,,,,,False,21,2014,GE
1944982,Jyothish Perumpulickal,SDPI,19701,621,0.460774784266878,7,21,119,KL,Jyothish Perumpulickal,SDPI,,,,,False,21,2014,GE
1944983,Adv.P.K.Jayakrishnan,BSP,19704,475,0.352444480719432,8,21,119,KL,Adv.P.K.Jayakrishnan,BSP,,,,,False,21,2014,GE
1944984,Pallickal Surendran,IND,19702,218,0.161753466940708,9,21,119,KL,Pallickal Surendran,IND,,,,,False,21,2014,GE
1944985,Piravathoor Sreedharan,IND,19702,198,0.146913699331468,10,21,119,KL,Piravathoor Sreedharan,IND,,,,,False,21,2014,GE
1944986,Kodikunnil Suresh,INC,19698,61980,50.2212066702319,1,21,120,KL,Kodikunnil Suresh,INC,,,,,True,21,2014,GE
1944987,Chengara Surendran,CPI,19713,47061,38.1326267684379,2,21,120,KL,Chengara Surendran,CPI,,,,,False,21,2014,GE
1944988,Adv.P.Sudheer,BJP,19699,9218,7.4691688139109,3,21,120,KL,Adv.P.Sudheer,BJP,,,,,False,21,2014,GE
1944989,Jyothish Perumpulickal,SDPI,19701,1384,1.12142868718298,4,21,120,KL,Jyothish Perumpulickal,SDPI,,,,,False,21,2014,GE
1944990,Nota,NOTA,19703,1253,1.0152818967054,5,21,120,KL,Nota,NOTA,,,,,,21,2014,GE
1944991,N Sadanandan,AAAP,19705,1008,0.816763090087024,6,21,120,KL,N Sadanandan,AAAP,,,,,False,21,2014,GE
1944992,Sasikala K S,SUCI,19720,617,0.499943280340966,7,21,120,KL,Sasikala K S,SUCI,,,,,False,21,2014,GE
1944993,Adv.P.K.Jayakrishnan,BSP,19704,455,0.368677783719837,8,21,120,KL,Adv.P.K.Jayakrishnan,BSP,,,,,False,21,2014,GE
1944994,Piravathoor Sreedharan,IND,19702,236,0.191226279028311,9,21,120,KL,Piravathoor Sreedharan,IND,,,,,False,21,2014,GE
1944995,Pallickal Surendran,IND,19702,202,0.163676730354741,10,21,120,KL,Pallickal Surendran,IND,,,,,False,21,2014,GE
1944996,M.A. Baby,CPI(M),19700,63227,46.15,1,21,121,KL,M.A. Baby,CPM,,,,,False,21,2014,GE
1944997,N.K.Premachandran,RSP,19729,58587,42.7617365409319,2,21,121,KL,N.K.Premachandran,RSP,,,,,False,21,2014,GE
1944998,P.M. Velayudhan,BJP,19699,8961,6.54049398575266,3,21,121,KL,P.M. Velayudhan,BJP,,,,,False,21,2014,GE
1944999,A.K.Salahudeen,SDPI,19701,1321,0.964177274319748,4,21,121,KL,A.K.Salahudeen,SDPI,,,,,False,21,2014,GE
1945000,Nota,NOTA,19703,1177,0.859073922690646,5,21,121,KL,Nota,NOTA,,,,,,21,2014,GE
1945001,Adv.S.Prahladan,BSP,19704,788,0.575148896414808,6,21,121,KL,Adv.S.Prahladan,BSP,,,,,False,21,2014,GE
1945002,M. Baby,IND,19702,675,0.492671960761415,7,21,121,KL,M. Baby,IND,,,,,False,21,2014,GE
1945003,V.S. Premachandran,IND,19702,538,0.392677799836506,8,21,121,KL,V.S. Premachandran,IND,,,,,False,21,2014,GE
1945004,R. Premachandran,IND,19702,473,0.345235314726147,9,21,121,KL,R. Premachandran,IND,,,,,False,21,2014,GE
1945005,K. Bhaskaran,IND,19702,442,0.322608898750438,10,21,121,KL,K. Bhaskaran,IND,,,,,False,21,2014,GE
1945006,A. Josekutty,IND,19702,414,0.302172135933668,11,21,121,KL,A. Josekutty,IND,,,,,False,21,2014,GE
1945007,C. Indulal Ex-Service Man,IND,19702,405,0.295603176456849,12,21,121,KL,C. Indulal Ex-Service Man,IND,,,,,False,21,2014,GE
1945008,M.A. Baby,CPI(M),19700,59567,45.71,1,21,122,KL,M.A. Baby,CPM,,,,,False,21,2014,GE
1945009,N.K.Premachandran,RSP,19729,52761,40.4891450321927,2,21,122,KL,N.K.Premachandran,RSP,,,,,False,21,2014,GE
1945010,P.M. Velayudhan,BJP,19699,9473,7.26964369306801,3,21,122,KL,P.M. Velayudhan,BJP,,,,,False,21,2014,GE
1945011,A.K.Salahudeen,SDPI,19701,3096,2.37589115103331,4,21,122,KL,A.K.Salahudeen,SDPI,,,,,False,21,2014,GE
1945012,Nota,NOTA,19703,1182,0.907074722390625,5,21,122,KL,Nota,NOTA,,,,,,21,2014,GE
1945013,Adv.S.Prahladan,BSP,19704,864,0.663039390986041,6,21,122,KL,Adv.S.Prahladan,BSP,,,,,False,21,2014,GE
1945014,M. Baby,IND,19702,689,0.528743218043266,7,21,122,KL,M. Baby,IND,,,,,False,21,2014,GE
1945015,K. Bhaskaran,IND,19702,646,0.49574472983447,8,21,122,KL,K. Bhaskaran,IND,,,,,False,21,2014,GE
1945016,R. Premachandran,IND,19702,553,0.424375906499167,9,21,122,KL,R. Premachandran,IND,,,,,False,21,2014,GE
1945017,V.S. Premachandran,IND,19702,550,0.422073686391577,10,21,122,KL,V.S. Premachandran,IND,,,,,False,21,2014,GE
1945018,A. Josekutty,IND,19702,483,0.370657437322058,11,21,122,KL,A. Josekutty,IND,,,,,False,21,2014,GE
1945019,C. Indulal Ex-Service Man,IND,19702,445,0.341495982625912,12,21,122,KL,C. Indulal Ex-Service Man,IND,,,,,False,21,2014,GE
1945020,N.K.Premachandran,RSP,19729,64351,47.1470437394681,1,21,123,KL,N.K.Premachandran,RSP,,,,,False,21,2014,GE
1945021,M.A. Baby,CPI(M),19700,57440,42.08,2,21,123,KL,M.A. Baby,CPM,,,,,False,21,2014,GE
1945022,P.M. Velayudhan,BJP,19699,8724,6.39167704593743,3,21,123,KL,P.M. Velayudhan,BJP,,,,,False,21,2014,GE
1945023,A.K.Salahudeen,SDPI,19701,1988,1.45651696094952,4,21,123,KL,A.K.Salahudeen,SDPI,,,,,False,21,2014,GE
1945024,Nota,NOTA,19703,1063,0.778811634551982,5,21,123,KL,Nota,NOTA,,,,,,21,2014,GE
1945025,Adv.S.Prahladan,BSP,19704,712,0.521649937724375,6,21,123,KL,Adv.S.Prahladan,BSP,,,,,False,21,2014,GE
1945026,K. Bhaskaran,IND,19702,488,0.357535350575134,7,21,123,KL,K. Bhaskaran,IND,,,,,False,21,2014,GE
1945027,M. Baby,IND,19702,468,0.342882262436809,8,21,123,KL,M. Baby,IND,,,,,False,21,2014,GE
1945028,V.S. Premachandran,IND,19702,460,0.337021027181478,9,21,123,KL,V.S. Premachandran,IND,,,,,False,21,2014,GE
1945029,R. Premachandran,IND,19702,380,0.278408674628178,10,21,123,KL,R. Premachandran,IND,,,,,False,21,2014,GE
1945030,C. Indulal Ex-Service Man,IND,19702,209,0.153124771045498,11,21,123,KL,C. Indulal Ex-Service Man,IND,,,,,False,21,2014,GE
1945031,A. Josekutty,IND,19702,207,0.151659462231665,12,21,123,KL,A. Josekutty,IND,,,,,False,21,2014,GE
1945032,N.K.Premachandran,RSP,19729,59685,50.3411745852346,1,21,124,KL,N.K.Premachandran,RSP,,,,,False,21,2014,GE
1945033,M.A. Baby,CPI(M),19700,45443,38.33,2,21,124,KL,M.A. Baby,CPM,,,,,False,21,2014,GE
1945034,P.M. Velayudhan,BJP,19699,8322,7.01917156569192,3,21,124,KL,P.M. Velayudhan,BJP,,,,,False,21,2014,GE
1945035,A.K.Salahudeen,SDPI,19701,1880,1.58568163223994,4,21,124,KL,A.K.Salahudeen,SDPI,,,,,False,21,2014,GE
1945036,Nota,NOTA,19703,1184,0.998642049240475,5,21,124,KL,Nota,NOTA,,,,,,21,2014,GE
1945037,V.S. Premachandran,IND,19702,401,0.338222518366073,6,21,124,KL,V.S. Premachandran,IND,,,,,False,21,2014,GE
1945038,Adv.S.Prahladan,BSP,19704,365,0.307858402004032,7,21,124,KL,Adv.S.Prahladan,BSP,,,,,False,21,2014,GE
1945039,K. Bhaskaran,IND,19702,341,0.287615657762671,8,21,124,KL,K. Bhaskaran,IND,,,,,False,21,2014,GE
1945040,R. Premachandran,IND,19702,330,0.278337733318714,9,21,124,KL,R. Premachandran,IND,,,,,False,21,2014,GE
1945041,M. Baby,IND,19702,311,0.262312227460969,10,21,124,KL,M. Baby,IND,,,,,False,21,2014,GE
1945042,C. Indulal Ex-Service Man,IND,19702,156,0.131577837568846,11,21,124,KL,C. Indulal Ex-Service Man,IND,,,,,False,21,2014,GE
1945043,A. Josekutty,IND,19702,143,0.120613017771443,12,21,124,KL,A. Josekutty,IND,,,,,False,21,2014,GE
1945044,N.K.Premachandran,RSP,19729,52500,47.5397069743014,1,21,125,KL,N.K.Premachandran,RSP,,,,,False,21,2014,GE
1945045,M.A. Baby,CPI(M),19700,45936,41.6,2,21,125,KL,M.A. Baby,CPM,,,,,False,21,2014,GE
1945046,P.M. Velayudhan,BJP,19699,6864,6.21547711755438,3,21,125,KL,P.M. Velayudhan,BJP,,,,,False,21,2014,GE
1945047,A.K.Salahudeen,SDPI,19701,1961,1.77572124526867,4,21,125,KL,A.K.Salahudeen,SDPI,,,,,False,21,2014,GE
1945048,Nota,NOTA,19703,1077,0.97524313164424,5,21,125,KL,Nota,NOTA,,,,,,21,2014,GE
1945049,K. Bhaskaran,IND,19702,484,0.438270822391655,6,21,125,KL,K. Bhaskaran,IND,,,,,False,21,2014,GE
1945050,V.S. Premachandran,IND,19702,379,0.343191408443052,7,21,125,KL,V.S. Premachandran,IND,,,,,False,21,2014,GE
1945051,Adv.S.Prahladan,BSP,19704,354,0.320553452741004,8,21,125,KL,Adv.S.Prahladan,BSP,,,,,False,21,2014,GE
1945052,M. Baby,IND,19702,339,0.306970679319775,9,21,125,KL,M. Baby,IND,,,,,False,21,2014,GE
1945053,R. Premachandran,IND,19702,293,0.265316840828006,10,21,125,KL,R. Premachandran,IND,,,,,False,21,2014,GE
1945054,C. Indulal Ex-Service Man,IND,19702,134,0.121339442562979,11,21,125,KL,C. Indulal Ex-Service Man,IND,,,,,False,21,2014,GE
1945055,A. Josekutty,IND,19702,113,0.102323559773258,12,21,125,KL,A. Josekutty,IND,,,,,False,21,2014,GE
1945056,M.A. Baby,CPI(M),19700,53293,45.21,1,21,126,KL,M.A. Baby,CPM,,,,,False,21,2014,GE
1945057,N.K.Premachandran,RSP,19729,50259,42.6407954796124,2,21,126,KL,N.K.Premachandran,RSP,,,,,False,21,2014,GE
1945058,P.M. Velayudhan,BJP,19699,9522,8.07866560331224,3,21,126,KL,P.M. Velayudhan,BJP,,,,,False,21,2014,GE
1945059,Nota,NOTA,19703,1146,0.97229056725434,4,21,126,KL,Nota,NOTA,,,,,,21,2014,GE
1945060,Adv.S.Prahladan,BSP,19704,873,0.740671610133541,5,21,126,KL,Adv.S.Prahladan,BSP,,,,,False,21,2014,GE
1945061,A.K.Salahudeen,SDPI,19701,578,0.490387389068943,6,21,126,KL,A.K.Salahudeen,SDPI,,,,,False,21,2014,GE
1945062,V.S. Premachandran,IND,19702,507,0.430149491795768,7,21,126,KL,V.S. Premachandran,IND,,,,,False,21,2014,GE
1945063,M. Baby,IND,19702,501,0.425058965265641,8,21,126,KL,M. Baby,IND,,,,,False,21,2014,GE
1945064,K. Bhaskaran,IND,19702,410,0.347852646225375,9,21,126,KL,K. Bhaskaran,IND,,,,,False,21,2014,GE
1945065,R. Premachandran,IND,19702,391,0.331732645546638,10,21,126,KL,R. Premachandran,IND,,,,,False,21,2014,GE
1945066,C. Indulal Ex-Service Man,IND,19702,217,0.184107376172942,11,21,126,KL,C. Indulal Ex-Service Man,IND,,,,,False,21,2014,GE
1945067,A. Josekutty,IND,19702,169,0.143383163931923,12,21,126,KL,A. Josekutty,IND,,,,,False,21,2014,GE
1945068,Dr.A .Sampath,CPI(M),19700,50382,45.81,1,21,127,KL,Dr.A .Sampath,CPM,,,,,True,21,2014,GE
1945069,Adv.Bindhu Krishna,INC,19698,41369,37.6157049591736,2,21,127,KL,Adv.Bindhu Krishna,INC,,,,,False,21,2014,GE
1945070,Girija Kumari.S,BJP,19699,10219,9.29185837167434,3,21,127,KL,Girija Kumari.S,BJP,,,,,False,21,2014,GE
1945071,Anil Kumar N S,BSP,19704,1697,1.54303587990325,4,21,127,KL,Anil Kumar N S,BSP,,,,,False,21,2014,GE
1945072,M.K.Manoj Kumar,SDPI,19701,1292,1.17478041062758,5,21,127,KL,M.K.Manoj Kumar,SDPI,,,,,False,21,2014,GE
1945073,Priya Sunil,WPOI,19717,1146,1.04202658713561,6,21,127,KL,Priya Sunil,WPOI,,,,,False,21,2014,GE
1945074,Nota,NOTA,19703,808,0.734692393024059,7,21,127,KL,Nota,NOTA,,,,,,21,2014,GE
1945075,Vakkom G Ajith,SHS,19715,721,0.655585662587063,8,21,127,KL,Vakkom G Ajith,SHS,,,,,False,21,2014,GE
1945076,Das K Varkala,IND,19702,624,0.56738620451363,9,21,127,KL,Das K Varkala,IND,,,,,False,21,2014,GE
1945077,Hariharan K S,IND,19702,460,0.418265471276073,10,21,127,KL,Hariharan K S,IND,,,,,False,21,2014,GE
1945078,Sunilkrishnan,IND,19702,429,0.390078015603121,11,21,127,KL,Sunilkrishnan,IND,,,,,False,21,2014,GE
1945079,Sambath Anilkumar,IND,19702,346,0.314608376220699,12,21,127,KL,Sambath Anilkumar,IND,,,,,False,21,2014,GE
1945080,Vivekanandan,IND,19702,121,0.11002200440088,13,21,127,KL,Vivekanandan,IND,,,,,False,21,2014,GE
1945081,Irinchayam Suresh,IND,19702,115,0.104566367819018,14,21,127,KL,Irinchayam Suresh,IND,,,,,False,21,2014,GE
1945082,Adv. Chirayinkeezhu Gopinathan,RPI(A),19736,86,0.0781974576733528,15,21,127,KL,Adv. Chirayinkeezhu Gopinathan,RPI(A),,,,,False,21,2014,GE
1945083,Sureshkumar Thonnakkal,IND,19702,85,0.0772881849097092,16,21,127,KL,Sureshkumar Thonnakkal,IND,,,,,False,21,2014,GE
1945084,Adv.M. R.Sarin,JD(U),19716,78,0.0709232755642037,17,21,127,KL,Adv.M. R.Sarin,JD(U),,,,,False,21,2014,GE
1945085,Dr.A .Sampath,CPI(M),19700,64215,50.21,1,21,128,KL,Dr.A .Sampath,CPM,,,,,True,21,2014,GE
1945086,Adv.Bindhu Krishna,INC,19698,43260,33.8219772487393,2,21,128,KL,Adv.Bindhu Krishna,INC,,,,,False,21,2014,GE
1945087,Girija Kumari.S,BJP,19699,11587,9.05906727649427,3,21,128,KL,Girija Kumari.S,BJP,,,,,False,21,2014,GE
1945088,M.K.Manoj Kumar,SDPI,19701,1732,1.35413001837301,4,21,128,KL,M.K.Manoj Kumar,SDPI,,,,,False,21,2014,GE
1945089,Vakkom G Ajith,SHS,19715,1543,1.20636409835425,5,21,128,KL,Vakkom G Ajith,SHS,,,,,False,21,2014,GE
1945090,Anil Kumar N S,BSP,19704,1279,0.999960908486768,6,21,128,KL,Anil Kumar N S,BSP,,,,,False,21,2014,GE
1945091,Nota,NOTA,19703,1163,0.90926859778742,7,21,128,KL,Nota,NOTA,,,,,,21,2014,GE
1945092,Sunilkrishnan,IND,19702,648,0.506626011492905,8,21,128,KL,Sunilkrishnan,IND,,,,,False,21,2014,GE
1945093,Hariharan K S,IND,19702,540,0.422188342910754,9,21,128,KL,Hariharan K S,IND,,,,,False,21,2014,GE
1945094,Das K Varkala,IND,19702,532,0.415933700793558,10,21,128,KL,Das K Varkala,IND,,,,,False,21,2014,GE
1945095,Priya Sunil,WPOI,19717,505,0.39482428364802,11,21,128,KL,Priya Sunil,WPOI,,,,,False,21,2014,GE
1945096,Sambath Anilkumar,IND,19702,389,0.304131972948673,12,21,128,KL,Sambath Anilkumar,IND,,,,,False,21,2014,GE
1945097,Adv. Chirayinkeezhu Gopinathan,RPI(A),19736,130,0.101637934404441,13,21,128,KL,Adv. Chirayinkeezhu Gopinathan,RPI(A),,,,,False,21,2014,GE
1945098,Irinchayam Suresh,IND,19702,115,0.0899104804346976,14,21,128,KL,Irinchayam Suresh,IND,,,,,False,21,2014,GE
1945099,Adv.M. R.Sarin,JD(U),19716,96,0.0750557054063563,15,21,128,KL,Adv.M. R.Sarin,JD(U),,,,,False,21,2014,GE
1945100,Vivekanandan,IND,19702,94,0.0734920448770572,16,21,128,KL,Vivekanandan,IND,,,,,False,21,2014,GE
1945101,Sureshkumar Thonnakkal,IND,19702,77,0.0602009303780149,17,21,128,KL,Sureshkumar Thonnakkal,IND,,,,,False,21,2014,GE
1945102,Dr.A .Sampath,CPI(M),19700,59186,47.67,1,21,129,KL,Dr.A .Sampath,CPM,,,,,True,21,2014,GE
1945103,Adv.Bindhu Krishna,INC,19698,47704,38.4223201269361,2,21,129,KL,Adv.Bindhu Krishna,INC,,,,,False,21,2014,GE
1945104,Girija Kumari.S,BJP,19699,8377,6.74710245898338,3,21,129,KL,Girija Kumari.S,BJP,,,,,False,21,2014,GE
1945105,Anil Kumar N S,BSP,19704,1434,1.15498924748504,4,21,129,KL,Anil Kumar N S,BSP,,,,,False,21,2014,GE
1945106,M.K.Manoj Kumar,SDPI,19701,1302,1.04867224562449,5,21,129,KL,M.K.Manoj Kumar,SDPI,,,,,False,21,2014,GE
1945107,Priya Sunil,WPOI,19717,1249,1.00598435851382,6,21,129,KL,Priya Sunil,WPOI,,,,,False,21,2014,GE
1945108,Vakkom G Ajith,SHS,19715,1049,0.844897992058442,7,21,129,KL,Vakkom G Ajith,SHS,,,,,False,21,2014,GE
1945109,Nota,NOTA,19703,950,0.765160240663031,8,21,129,KL,Nota,NOTA,,,,,,21,2014,GE
1945110,Sunilkrishnan,IND,19702,768,0.61857164718864,9,21,129,KL,Sunilkrishnan,IND,,,,,False,21,2014,GE
1945111,Hariharan K S,IND,19702,660,0.531585009302738,10,21,129,KL,Hariharan K S,IND,,,,,False,21,2014,GE
1945112,Das K Varkala,IND,19702,435,0.350362847040441,11,21,129,KL,Das K Varkala,IND,,,,,False,21,2014,GE
1945113,Sambath Anilkumar,IND,19702,374,0.301231505271551,12,21,129,KL,Sambath Anilkumar,IND,,,,,False,21,2014,GE
1945114,Irinchayam Suresh,IND,19702,212,0.170751548442698,13,21,129,KL,Irinchayam Suresh,IND,,,,,False,21,2014,GE
1945115,Adv. Chirayinkeezhu Gopinathan,RPI(A),19736,130,0.104706138195994,14,21,129,KL,Adv. Chirayinkeezhu Gopinathan,RPI(A),,,,,False,21,2014,GE
1945116,Sureshkumar Thonnakkal,IND,19702,122,0.0982626835377788,15,21,129,KL,Sureshkumar Thonnakkal,IND,,,,,False,21,2014,GE
1945117,Adv.M. R.Sarin,JD(U),19716,108,0.0869866378859025,16,21,129,KL,Adv.M. R.Sarin,JD(U),,,,,False,21,2014,GE
1945118,Vivekanandan,IND,19702,97,0.0781268877308569,17,21,129,KL,Vivekanandan,IND,,,,,False,21,2014,GE
1945119,Dr.A .Sampath,CPI(M),19700,59283,46.2,1,21,130,KL,Dr.A .Sampath,CPM,,,,,True,21,2014,GE
1945120,Adv.Bindhu Krishna,INC,19698,45769,35.6703634138928,2,21,130,KL,Adv.Bindhu Krishna,INC,,,,,False,21,2014,GE
1945121,Girija Kumari.S,BJP,19699,15304,11.9272704600541,3,21,130,KL,Girija Kumari.S,BJP,,,,,False,21,2014,GE
1945122,M.K.Manoj Kumar,SDPI,19701,2364,1.84239854727966,4,21,130,KL,M.K.Manoj Kumar,SDPI,,,,,False,21,2014,GE
1945123,Anil Kumar N S,BSP,19704,1262,0.983547786238125,5,21,130,KL,Anil Kumar N S,BSP,,,,,False,21,2014,GE
1945124,Nota,NOTA,19703,1100,0.857292048226574,6,21,130,KL,Nota,NOTA,,,,,,21,2014,GE
1945125,Vakkom G Ajith,SHS,19715,609,0.474628052154531,7,21,130,KL,Vakkom G Ajith,SHS,,,,,False,21,2014,GE
1945126,Priya Sunil,WPOI,19717,587,0.457482211189999,8,21,130,KL,Priya Sunil,WPOI,,,,,False,21,2014,GE
1945127,Sunilkrishnan,IND,19702,538,0.419293747223543,9,21,130,KL,Sunilkrishnan,IND,,,,,False,21,2014,GE
1945128,Hariharan K S,IND,19702,512,0.399030480629096,10,21,130,KL,Hariharan K S,IND,,,,,False,21,2014,GE
1945129,Sambath Anilkumar,IND,19702,276,0.215102368464122,11,21,130,KL,Sambath Anilkumar,IND,,,,,False,21,2014,GE
1945130,Das K Varkala,IND,19702,202,0.157429994310698,12,21,130,KL,Das K Varkala,IND,,,,,False,21,2014,GE
1945131,Irinchayam Suresh,IND,19702,143,0.111447966269455,13,21,130,KL,Irinchayam Suresh,IND,,,,,False,21,2014,GE
1945132,Adv. Chirayinkeezhu Gopinathan,RPI(A),19736,122,0.0950814817124019,14,21,130,KL,Adv. Chirayinkeezhu Gopinathan,RPI(A),,,,,False,21,2014,GE
1945133,Sureshkumar Thonnakkal,IND,19702,85,0.0662452946356898,15,21,130,KL,Sureshkumar Thonnakkal,IND,,,,,False,21,2014,GE
1945134,Adv.M. R.Sarin,JD(U),19716,78,0.0607897997833389,16,21,130,KL,Adv.M. R.Sarin,JD(U),,,,,False,21,2014,GE
1945135,Vivekanandan,IND,19702,77,0.0600104433758602,17,21,130,KL,Vivekanandan,IND,,,,,False,21,2014,GE
1945136,Dr.A .Sampath,CPI(M),19700,56922,44.62,1,21,131,KL,Dr.A .Sampath,CPM,,,,,True,21,2014,GE
1945137,Adv.Bindhu Krishna,INC,19698,51226,40.1561532371225,2,21,131,KL,Adv.Bindhu Krishna,INC,,,,,False,21,2014,GE
1945138,Girija Kumari.S,BJP,19699,11207,8.78518739172356,3,21,131,KL,Girija Kumari.S,BJP,,,,,False,21,2014,GE
1945139,M.K.Manoj Kumar,SDPI,19701,2537,1.98875884829149,4,21,131,KL,M.K.Manoj Kumar,SDPI,,,,,False,21,2014,GE
1945140,Anil Kumar N S,BSP,19704,1107,0.867779284611224,5,21,131,KL,Anil Kumar N S,BSP,,,,,False,21,2014,GE
1945141,Nota,NOTA,19703,989,0.775278873062783,6,21,131,KL,Nota,NOTA,,,,,,21,2014,GE
1945142,Priya Sunil,WPOI,19717,768,0.602036576857651,7,21,131,KL,Priya Sunil,WPOI,,,,,False,21,2014,GE
1945143,Hariharan K S,IND,19702,698,0.547163451362813,8,21,131,KL,Hariharan K S,IND,,,,,False,21,2014,GE
1945144,Vakkom G Ajith,SHS,19715,602,0.471908879255607,9,21,131,KL,Vakkom G Ajith,SHS,,,,,False,21,2014,GE
1945145,Sunilkrishnan,IND,19702,454,0.355891413923664,10,21,131,KL,Sunilkrishnan,IND,,,,,False,21,2014,GE
1945146,Sambath Anilkumar,IND,19702,268,0.210085680465951,11,21,131,KL,Sambath Anilkumar,IND,,,,,False,21,2014,GE
1945147,Das K Varkala,IND,19702,254,0.199111055366984,12,21,131,KL,Das K Varkala,IND,,,,,False,21,2014,GE
1945148,Irinchayam Suresh,IND,19702,192,0.150509144214413,13,21,131,KL,Irinchayam Suresh,IND,,,,,False,21,2014,GE
1945149,Vivekanandan,IND,19702,91,0.0713350631432894,14,21,131,KL,Vivekanandan,IND,,,,,False,21,2014,GE
1945150,Sureshkumar Thonnakkal,IND,19702,90,0.070551161350506,15,21,131,KL,Sureshkumar Thonnakkal,IND,,,,,False,21,2014,GE
1945151,Adv. Chirayinkeezhu Gopinathan,RPI(A),19736,88,0.0689833577649392,16,21,131,KL,Adv. Chirayinkeezhu Gopinathan,RPI(A),,,,,False,21,2014,GE
1945152,Adv.M. R.Sarin,JD(U),19716,74,0.0580087326659716,17,21,131,KL,Adv.M. R.Sarin,JD(U),,,,,False,21,2014,GE
1945153,O Rajagopal,BJP,19699,41829,36.986374046139,1,21,132,KL,O Rajagopal,BJP,,,,,False,21,2014,GE
1945154,Dr. Shashi Tharoor,INC,19698,34220,30.2582830060216,2,21,132,KL,Dr. Shashi Tharoor,INC,,,,,True,21,2014,GE
1945155,Doctor Bennet Abraham,CPI,19713,31799,28.1175669581672,3,21,132,KL,Doctor Bennet Abraham,CPI,,,,,False,21,2014,GE
1945156,Ajit Joy,AAAP,19705,2421,2.14071604785442,4,21,132,KL,Ajit Joy,AAAP,,,,,False,21,2014,GE
1945157,Nota,NOTA,19703,483,0.427082135941217,5,21,132,KL,Nota,NOTA,,,,,,21,2014,GE
1945158,J Sudhakaran,BSP,19704,473,0.418239855693986,6,21,132,KL,J Sudhakaran,BSP,,,,,False,21,2014,GE
1945159,Benet Babu Benjamin,IND,19702,399,0.35,7,21,132,KL,Benet Babu Benjamin,IND,,,,,False,21,2014,GE
1945160,Kunnil Shajahan,SDPI,19701,206,0.18,8,21,132,KL,Kunnil Shajahan,SDPI,,,,,False,21,2014,GE
1945161,Jain Wilson,IND,19702,197,0.17,9,21,132,KL,Jain Wilson,IND,,,,,False,21,2014,GE
1945162,O M Jyotheendra Nath,IND,19702,196,0.17,10,21,132,KL,O M Jyotheendra Nath,IND,,,,,False,21,2014,GE
1945163,Kunnukuzhi S Mani,IND,19702,184,0.16,11,21,132,KL,Kunnukuzhi S Mani,IND,,,,,False,21,2014,GE
1945164,M.Shajar Khan,SUCI,19720,151,0.13,12,21,132,KL,M.Shajar Khan,SUCI,,,,,False,21,2014,GE
1945165,Syamalakumari,IND,19702,148,0.130865747659006,13,21,132,KL,Syamalakumari,IND,,,,,False,21,2014,GE
1945166,Adv. Perurkada Harikumar,SHS,19715,94,0.0831174343239635,14,21,132,KL,Adv. Perurkada Harikumar,SHS,,,,,False,21,2014,GE
1945167,George Mankidiyil,IND,19702,62,0.054822137532827,15,21,132,KL,George Mankidiyil,IND,,,,,False,21,2014,GE
1945168,Father Stephen,IND,19702,59,0.0521694534586579,16,21,132,KL,Father Stephen,IND,,,,,False,21,2014,GE
1945169,V S Jayakumar,IND,19702,43,0.04,17,21,132,KL,V S Jayakumar,IND,,,,,False,21,2014,GE
1945170,R Chandrika Kattakada,RPI,19771,41,0.04,18,21,132,KL,R Chandrika Kattakada,RPI,,,,,False,21,2014,GE
1945171,O V Sreedath,SRP,19756,36,0.0318322088900286,19,21,132,KL,O V Sreedath,SRP,,,,,False,21,2014,GE
1945172,Anil Kumar Y,IND,19702,27,0.0238741566675214,20,21,132,KL,Anil Kumar Y,IND,,,,,False,21,2014,GE
1945173,Thomas Joseph,RPI(A),19736,25,0.0221057006180754,21,21,132,KL,Thomas Joseph,RPI(A),,,,,False,21,2014,GE
1945174,O Rajagopal,BJP,19699,43589,36.8299648506151,1,21,133,KL,O Rajagopal,BJP,,,,,False,21,2014,GE
1945175,Dr. Shashi Tharoor,INC,19698,40663,34.3576787886981,2,21,133,KL,Dr. Shashi Tharoor,INC,,,,,True,21,2014,GE
1945176,Doctor Bennet Abraham,CPI,19713,27504,23.2391510071651,3,21,133,KL,Doctor Bennet Abraham,CPI,,,,,False,21,2014,GE
1945177,Ajit Joy,AAAP,19705,3740,3.1600648911721,4,21,133,KL,Ajit Joy,AAAP,,,,,False,21,2014,GE
1945178,Nota,NOTA,19703,716,0.604974989860754,5,21,133,KL,Nota,NOTA,,,,,,21,2014,GE
1945179,J Sudhakaran,BSP,19704,486,0.410639448425037,6,21,133,KL,J Sudhakaran,BSP,,,,,False,21,2014,GE
1945180,Benet Babu Benjamin,IND,19702,330,0.27882925510342,7,21,133,KL,Benet Babu Benjamin,IND,,,,,False,21,2014,GE
1945181,Jain Wilson,IND,19702,202,0.17067730160876,8,21,133,KL,Jain Wilson,IND,,,,,False,21,2014,GE
1945182,Kunnil Shajahan,SDPI,19701,176,0.148708936055158,9,21,133,KL,Kunnil Shajahan,SDPI,,,,,False,21,2014,GE
1945183,M.Shajar Khan,SUCI,19720,175,0.14786399891848,10,21,133,KL,M.Shajar Khan,SUCI,,,,,False,21,2014,GE
1945184,O M Jyotheendra Nath,IND,19702,162,0.136879816141679,11,21,133,KL,O M Jyotheendra Nath,IND,,,,,False,21,2014,GE
1945185,Kunnukuzhi S Mani,IND,19702,133,0.112376639178045,12,21,133,KL,Kunnukuzhi S Mani,IND,,,,,False,21,2014,GE
1945186,Syamalakumari,IND,19702,111,0.0937880221711505,13,21,133,KL,Syamalakumari,IND,,,,,False,21,2014,GE
1945187,Adv. Perurkada Harikumar,SHS,19715,109,0.0920981478977964,14,21,133,KL,Adv. Perurkada Harikumar,SHS,,,,,False,21,2014,GE
1945188,George Mankidiyil,IND,19702,60,0.0506962282006219,15,21,133,KL,George Mankidiyil,IND,,,,,False,21,2014,GE
1945189,Father Stephen,IND,19702,45,0.0380221711504664,16,21,133,KL,Father Stephen,IND,,,,,False,21,2014,GE
1945190,Anil Kumar Y,IND,19702,38,0.0321076111937272,17,21,133,KL,Anil Kumar Y,IND,,,,,False,21,2014,GE
1945191,V S Jayakumar,IND,19702,34,0.0287278626470191,18,21,133,KL,V S Jayakumar,IND,,,,,False,21,2014,GE
1945192,O V Sreedath,SRP,19756,31,0.026193051236988,19,21,133,KL,O V Sreedath,SRP,,,,,False,21,2014,GE
1945193,R Chandrika Kattakada,RPI,19771,28,0.0236582398269569,20,21,133,KL,R Chandrika Kattakada,RPI,,,,,False,21,2014,GE
1945194,Thomas Joseph,RPI(A),19736,20,0.0168987427335406,21,21,133,KL,Thomas Joseph,RPI(A),,,,,False,21,2014,GE
1945195,O Rajagopal,BJP,19699,40835,35.8016465162767,1,21,134,KL,O Rajagopal,BJP,,,,,False,21,2014,GE
1945196,Dr. Shashi Tharoor,INC,19698,39027,34.2165019858144,2,21,134,KL,Dr. Shashi Tharoor,INC,,,,,True,21,2014,GE
1945197,Doctor Bennet Abraham,CPI,19713,27385,24.0095038532689,3,21,134,KL,Doctor Bennet Abraham,CPI,,,,,False,21,2014,GE
1945198,Ajit Joy,AAAP,19705,2314,2.0287745815762,4,21,134,KL,Ajit Joy,AAAP,,,,,False,21,2014,GE
1945199,Kunnil Shajahan,SDPI,19701,1272,1.1152123024049,5,21,134,KL,Kunnil Shajahan,SDPI,,,,,False,21,2014,GE
1945200,Father Stephen,IND,19702,680,0.596182677386265,6,21,134,KL,Father Stephen,IND,,,,,False,21,2014,GE
1945201,Nota,NOTA,19703,578,0.506755275778325,7,21,134,KL,Nota,NOTA,,,,,,21,2014,GE
1945202,Benet Babu Benjamin,IND,19702,389,0.341051561034202,8,21,134,KL,Benet Babu Benjamin,IND,,,,,False,21,2014,GE
1945203,Jain Wilson,IND,19702,269,0.235842853260155,9,21,134,KL,Jain Wilson,IND,,,,,False,21,2014,GE
1945204,O M Jyotheendra Nath,IND,19702,231,0.20252676246504,10,21,134,KL,O M Jyotheendra Nath,IND,,,,,False,21,2014,GE
1945205,M.Shajar Khan,SUCI,19720,222,0.194636109381987,11,21,134,KL,M.Shajar Khan,SUCI,,,,,False,21,2014,GE
1945206,Syamalakumari,IND,19702,190,0.166580453975574,12,21,134,KL,Syamalakumari,IND,,,,,False,21,2014,GE
1945207,J Sudhakaran,BSP,19704,183,0.160443279355421,13,21,134,KL,J Sudhakaran,BSP,,,,,False,21,2014,GE
1945208,Kunnukuzhi S Mani,IND,19702,121,0.106085447005497,14,21,134,KL,Kunnukuzhi S Mani,IND,,,,,False,21,2014,GE
1945209,Adv. Perurkada Harikumar,SHS,19715,92,0.0806600092934358,15,21,134,KL,Adv. Perurkada Harikumar,SHS,,,,,False,21,2014,GE
1945210,George Mankidiyil,IND,19702,87,0.0762763131361839,16,21,134,KL,George Mankidiyil,IND,,,,,False,21,2014,GE
1945211,V S Jayakumar,IND,19702,51,0.0447137008039699,17,21,134,KL,V S Jayakumar,IND,,,,,False,21,2014,GE
1945212,Thomas Joseph,RPI(A),19736,41,0.035946308489466,18,21,134,KL,Thomas Joseph,RPI(A),,,,,False,21,2014,GE
1945213,Anil Kumar Y,IND,19702,35,0.0306858731007636,19,21,134,KL,Anil Kumar Y,IND,,,,,False,21,2014,GE
1945214,R Chandrika Kattakada,RPI,19771,29,0.0254254377120613,20,21,134,KL,R Chandrika Kattakada,RPI,,,,,False,21,2014,GE
1945215,O V Sreedath,SRP,19756,28,0.0245486984806109,21,21,134,KL,O V Sreedath,SRP,,,,,False,21,2014,GE
1945216,O Rajagopal,BJP,19699,50685,41.8866988967398,1,21,135,KL,O Rajagopal,BJP,,,,,False,21,2014,GE
1945217,Dr. Shashi Tharoor,INC,19698,32639,26.9732655675385,2,21,135,KL,Dr. Shashi Tharoor,INC,,,,,True,21,2014,GE
1945218,Doctor Bennet Abraham,CPI,19713,31643,26.1501590843354,3,21,135,KL,Doctor Bennet Abraham,CPI,,,,,False,21,2014,GE
1945219,Ajit Joy,AAAP,19705,1786,1.47597206726995,4,21,135,KL,Ajit Joy,AAAP,,,,,False,21,2014,GE
1945220,Kunnil Shajahan,SDPI,19701,1331,1.09995454733275,5,21,135,KL,Kunnil Shajahan,SDPI,,,,,False,21,2014,GE
1945221,Nota,NOTA,19703,523,0.432213544894839,6,21,135,KL,Nota,NOTA,,,,,,21,2014,GE
1945222,Benet Babu Benjamin,IND,19702,479,0.395851411098715,7,21,135,KL,Benet Babu Benjamin,IND,,,,,False,21,2014,GE
1945223,J Sudhakaran,BSP,19704,298,0.246270815255568,8,21,135,KL,J Sudhakaran,BSP,,,,,False,21,2014,GE
1945224,M.Shajar Khan,SUCI,19720,287,0.237180281806537,9,21,135,KL,M.Shajar Khan,SUCI,,,,,False,21,2014,GE
1945225,Kunnukuzhi S Mani,IND,19702,248,0.204950208669063,10,21,135,KL,Kunnukuzhi S Mani,IND,,,,,False,21,2014,GE
1945226,O M Jyotheendra Nath,IND,19702,236,0.195033263088302,11,21,135,KL,O M Jyotheendra Nath,IND,,,,,False,21,2014,GE
1945227,Jain Wilson,IND,19702,230,0.190074790297922,12,21,135,KL,Jain Wilson,IND,,,,,False,21,2014,GE
1945228,Syamalakumari,IND,19702,165,0.136358001735465,13,21,135,KL,Syamalakumari,IND,,,,,False,21,2014,GE
1945229,Adv. Perurkada Harikumar,SHS,19715,115,0.0950373951489608,14,21,135,KL,Adv. Perurkada Harikumar,SHS,,,,,False,21,2014,GE
1945230,George Mankidiyil,IND,19702,111,0.0917317466220404,15,21,135,KL,George Mankidiyil,IND,,,,,False,21,2014,GE
1945231,Father Stephen,IND,19702,50,0.0413206065865047,16,21,135,KL,Father Stephen,IND,,,,,False,21,2014,GE
1945232,V S Jayakumar,IND,19702,45,0.0371885459278542,17,21,135,KL,V S Jayakumar,IND,,,,,False,21,2014,GE
1945233,Thomas Joseph,RPI(A),19736,36,0.0297508367422834,18,21,135,KL,Thomas Joseph,RPI(A),,,,,False,21,2014,GE
1945234,O V Sreedath,SRP,19756,34,0.0280980124788232,19,21,135,KL,O V Sreedath,SRP,,,,,False,21,2014,GE
1945235,Anil Kumar Y,IND,19702,33,0.0272716003470931,20,21,135,KL,Anil Kumar Y,IND,,,,,False,21,2014,GE
1945236,R Chandrika Kattakada,RPI,19771,31,0.0256187760836329,21,21,135,KL,R Chandrika Kattakada,RPI,,,,,False,21,2014,GE
1945237,Dr.A .Sampath,CPI(M),19700,52000,43.03,1,21,136,KL,Dr.A .Sampath,CPM,,,,,True,21,2014,GE
1945238,Adv.Bindhu Krishna,INC,19698,47837,39.5834540053454,2,21,136,KL,Adv.Bindhu Krishna,INC,,,,,False,21,2014,GE
1945239,Girija Kumari.S,BJP,19699,14890,12.3209572117732,3,21,136,KL,Girija Kumari.S,BJP,,,,,False,21,2014,GE
1945240,M.K.Manoj Kumar,SDPI,19701,1342,1.11045833298856,4,21,136,KL,M.K.Manoj Kumar,SDPI,,,,,False,21,2014,GE
1945241,Anil Kumar N S,BSP,19704,947,0.783609568807871,5,21,136,KL,Anil Kumar N S,BSP,,,,,False,21,2014,GE
1945242,Nota,NOTA,19703,860,0.711620094165543,6,21,136,KL,Nota,NOTA,,,,,,21,2014,GE
1945243,Hariharan K S,IND,19702,622,0.514683370431358,7,21,136,KL,Hariharan K S,IND,,,,,False,21,2014,GE
1945244,Vakkom G Ajith,SHS,19715,529,0.437729104434386,8,21,136,KL,Vakkom G Ajith,SHS,,,,,False,21,2014,GE
1945245,Sunilkrishnan,IND,19702,504,0.417042473790039,9,21,136,KL,Sunilkrishnan,IND,,,,,False,21,2014,GE
1945246,Priya Sunil,WPOI,19717,391,0.32353890327759,10,21,136,KL,Priya Sunil,WPOI,,,,,False,21,2014,GE
1945247,Sambath Anilkumar,IND,19702,294,0.243274776377523,11,21,136,KL,Sambath Anilkumar,IND,,,,,False,21,2014,GE
1945248,Das K Varkala,IND,19702,163,0.134876831801144,12,21,136,KL,Das K Varkala,IND,,,,,False,21,2014,GE
1945249,Irinchayam Suresh,IND,19702,134,0.110880340253701,13,21,136,KL,Irinchayam Suresh,IND,,,,,False,21,2014,GE
1945250,Sureshkumar Thonnakkal,IND,19702,108,0.0893662443835798,14,21,136,KL,Sureshkumar Thonnakkal,IND,,,,,False,21,2014,GE
1945251,Adv. Chirayinkeezhu Gopinathan,RPI(A),19736,82,0.0678521485134587,15,21,136,KL,Adv. Chirayinkeezhu Gopinathan,RPI(A),,,,,False,21,2014,GE
1945252,Adv.M. R.Sarin,JD(U),19716,77,0.0637148223845893,16,21,136,KL,Adv.M. R.Sarin,JD(U),,,,,False,21,2014,GE
1945253,Vivekanandan,IND,19702,71,0.058750031029946,17,21,136,KL,Vivekanandan,IND,,,,,False,21,2014,GE
1945254,Dr. Shashi Tharoor,INC,19698,50360,34.7617206913689,1,21,137,KL,Dr. Shashi Tharoor,INC,,,,,True,21,2014,GE
1945255,Doctor Bennet Abraham,CPI,19713,47953,33.1002540173394,2,21,137,KL,Doctor Bennet Abraham,CPI,,,,,False,21,2014,GE
1945256,O Rajagopal,BJP,19699,39753,27.4400850405876,3,21,137,KL,O Rajagopal,BJP,,,,,False,21,2014,GE
1945257,Benet Babu Benjamin,IND,19702,1097,0.757220166767905,4,21,137,KL,Benet Babu Benjamin,IND,,,,,False,21,2014,GE
1945258,Ajit Joy,AAAP,19705,999,0.689574244850627,5,21,137,KL,Ajit Joy,AAAP,,,,,False,21,2014,GE
1945259,J Sudhakaran,BSP,19704,806,0.556353194544149,6,21,137,KL,J Sudhakaran,BSP,,,,,False,21,2014,GE
1945260,O M Jyotheendra Nath,IND,19702,635,0.438317963443592,7,21,137,KL,O M Jyotheendra Nath,IND,,,,,False,21,2014,GE
1945261,Kunnukuzhi S Mani,IND,19702,476,0.328565906455354,8,21,137,KL,Kunnukuzhi S Mani,IND,,,,,False,21,2014,GE
1945262,Syamalakumari,IND,19702,445,0.307167706665194,9,21,137,KL,Syamalakumari,IND,,,,,False,21,2014,GE
1945263,Jain Wilson,IND,19702,412,0.284388977856315,10,21,137,KL,Jain Wilson,IND,,,,,False,21,2014,GE
1945264,Nota,NOTA,19703,357,0.246424429841515,11,21,137,KL,Nota,NOTA,,,,,,21,2014,GE
1945265,Kunnil Shajahan,SDPI,19701,345,0.238141255729195,12,21,137,KL,Kunnil Shajahan,SDPI,,,,,False,21,2014,GE
1945266,M.Shajar Khan,SUCI,19720,296,0.204318294770556,13,21,137,KL,M.Shajar Khan,SUCI,,,,,False,21,2014,GE
1945267,Adv. Perurkada Harikumar,SHS,19715,229,0.158070572643437,14,21,137,KL,Adv. Perurkada Harikumar,SHS,,,,,False,21,2014,GE
1945268,George Mankidiyil,IND,19702,216,0.149097134021757,15,21,137,KL,George Mankidiyil,IND,,,,,False,21,2014,GE
1945269,Father Stephen,IND,19702,135,0.0931857087635982,16,21,137,KL,Father Stephen,IND,,,,,False,21,2014,GE
1945270,V S Jayakumar,IND,19702,103,0.0710972444640786,17,21,137,KL,V S Jayakumar,IND,,,,,False,21,2014,GE
1945271,Anil Kumar Y,IND,19702,75,0.051769838201999,18,21,137,KL,Anil Kumar Y,IND,,,,,False,21,2014,GE
1945272,O V Sreedath,SRP,19756,70,0.0483185156551991,19,21,137,KL,O V Sreedath,SRP,,,,,False,21,2014,GE
1945273,R Chandrika Kattakada,RPI,19771,58,0.0400353415428792,20,21,137,KL,R Chandrika Kattakada,RPI,,,,,False,21,2014,GE
1945274,Thomas Joseph,RPI(A),19736,52,0.0358937544867193,21,21,137,KL,Thomas Joseph,RPI(A),,,,,False,21,2014,GE
1945275,Dr.A .Sampath,CPI(M),19700,49358,41.92,1,21,138,KL,Dr.A .Sampath,CPM,,,,,True,21,2014,GE
1945276,Adv.Bindhu Krishna,INC,19698,44375,37.6896159268885,2,21,138,KL,Adv.Bindhu Krishna,INC,,,,,False,21,2014,GE
1945277,Girija Kumari.S,BJP,19699,18811,15.9769997791707,3,21,138,KL,Girija Kumari.S,BJP,,,,,False,21,2014,GE
1945278,Nota,NOTA,19703,1048,0.8901119434677,4,21,138,KL,Nota,NOTA,,,,,,21,2014,GE
1945279,Anil Kumar N S,BSP,19704,858,0.728736686541304,5,21,138,KL,Anil Kumar N S,BSP,,,,,False,21,2014,GE
1945280,M.K.Manoj Kumar,SDPI,19701,654,0.555470621209805,6,21,138,KL,M.K.Manoj Kumar,SDPI,,,,,False,21,2014,GE
1945281,Hariharan K S,IND,19702,571,0.484975114236695,7,21,138,KL,Hariharan K S,IND,,,,,False,21,2014,GE
1945282,Sunilkrishnan,IND,19702,507,0.430617132956225,8,21,138,KL,Sunilkrishnan,IND,,,,,False,21,2014,GE
1945283,Vakkom G Ajith,SHS,19715,458,0.388999303538365,9,21,138,KL,Vakkom G Ajith,SHS,,,,,False,21,2014,GE
1945284,Sambath Anilkumar,IND,19702,274,0.232720107357013,10,21,138,KL,Sambath Anilkumar,IND,,,,,False,21,2014,GE
1945285,Priya Sunil,WPOI,19717,211,0.17921146953405,11,21,138,KL,Priya Sunil,WPOI,,,,,False,21,2014,GE
1945286,Das K Varkala,IND,19702,165,0.140141670488712,12,21,138,KL,Das K Varkala,IND,,,,,False,21,2014,GE
1945287,Irinchayam Suresh,IND,19702,141,0.119757427508536,13,21,138,KL,Irinchayam Suresh,IND,,,,,False,21,2014,GE
1945288,Adv. Chirayinkeezhu Gopinathan,RPI(A),19736,98,0.08323565883572,14,21,138,KL,Adv. Chirayinkeezhu Gopinathan,RPI(A),,,,,False,21,2014,GE
1945289,Sureshkumar Thonnakkal,IND,19702,80,0.0679474766005877,15,21,138,KL,Sureshkumar Thonnakkal,IND,,,,,False,21,2014,GE
1945290,Adv.M. R.Sarin,JD(U),19716,65,0.0552073247379775,16,21,138,KL,Adv.M. R.Sarin,JD(U),,,,,False,21,2014,GE
1945291,Vivekanandan,IND,19702,64,0.0543579812804702,17,21,138,KL,Vivekanandan,IND,,,,,False,21,2014,GE
1945292,Dr. Shashi Tharoor,INC,19698,51401,37.5699855277969,1,21,139,KL,Dr. Shashi Tharoor,INC,,,,,True,21,2014,GE
1945293,Doctor Bennet Abraham,CPI,19713,42112,30.7804756823132,2,21,139,KL,Doctor Bennet Abraham,CPI,,,,,False,21,2014,GE
1945294,O Rajagopal,BJP,19699,36169,26.4366219831304,3,21,139,KL,O Rajagopal,BJP,,,,,False,21,2014,GE
1945295,Ajit Joy,AAAP,19705,1544,1.12853947695411,4,21,139,KL,Ajit Joy,AAAP,,,,,False,21,2014,GE
1945296,Kunnil Shajahan,SDPI,19701,1097,0.801818527343693,5,21,139,KL,Kunnil Shajahan,SDPI,,,,,False,21,2014,GE
1945297,Benet Babu Benjamin,IND,19702,728,0.532109287061266,6,21,139,KL,Benet Babu Benjamin,IND,,,,,False,21,2014,GE
1945298,O M Jyotheendra Nath,IND,19702,598,0.437089771514611,7,21,139,KL,O M Jyotheendra Nath,IND,,,,,False,21,2014,GE
1945299,J Sudhakaran,BSP,19704,521,0.380808981536977,8,21,139,KL,J Sudhakaran,BSP,,,,,False,21,2014,GE
1945300,Jain Wilson,IND,19702,470,0.343532094668674,9,21,139,KL,Jain Wilson,IND,,,,,False,21,2014,GE
1945301,Syamalakumari,IND,19702,364,0.266054643530633,10,21,139,KL,Syamalakumari,IND,,,,,False,21,2014,GE
1945302,Nota,NOTA,19703,347,0.253629014574532,11,21,139,KL,Nota,NOTA,,,,,,21,2014,GE
1945303,M.Shajar Khan,SUCI,19720,330,0.241203385618431,12,21,139,KL,M.Shajar Khan,SUCI,,,,,False,21,2014,GE
1945304,Kunnukuzhi S Mani,IND,19702,247,0.180537079538644,13,21,139,KL,Kunnukuzhi S Mani,IND,,,,,False,21,2014,GE
1945305,George Mankidiyil,IND,19702,179,0.13083456371424,14,21,139,KL,George Mankidiyil,IND,,,,,False,21,2014,GE
1945306,Father Stephen,IND,19702,149,0.108906983203473,15,21,139,KL,Father Stephen,IND,,,,,False,21,2014,GE
1945307,Adv. Perurkada Harikumar,SHS,19715,146,0.106714225152397,16,21,139,KL,Adv. Perurkada Harikumar,SHS,,,,,False,21,2014,GE
1945308,Anil Kumar Y,IND,19702,104,0.0760156124373237,17,21,139,KL,Anil Kumar Y,IND,,,,,False,21,2014,GE
1945309,V S Jayakumar,IND,19702,100,0.0730919350358881,18,21,139,KL,V S Jayakumar,IND,,,,,False,21,2014,GE
1945310,O V Sreedath,SRP,19756,89,0.0650518221819404,19,21,139,KL,O V Sreedath,SRP,,,,,False,21,2014,GE
1945311,R Chandrika Kattakada,RPI,19771,64,0.0467788384229684,20,21,139,KL,R Chandrika Kattakada,RPI,,,,,False,21,2014,GE
1945312,Thomas Joseph,RPI(A),19736,55,0.0402005642697385,21,21,139,KL,Thomas Joseph,RPI(A),,,,,False,21,2014,GE
1945313,Dr. Shashi Tharoor,INC,19698,48009,39.2063829092216,1,21,140,KL,Dr. Shashi Tharoor,INC,,,,,True,21,2014,GE
1945314,Doctor Bennet Abraham,CPI,19713,39806,32.5074314833567,2,21,140,KL,Doctor Bennet Abraham,CPI,,,,,False,21,2014,GE
1945315,O Rajagopal,BJP,19699,28958,23.6484500048999,3,21,140,KL,O Rajagopal,BJP,,,,,False,21,2014,GE
1945316,Ajit Joy,AAAP,19705,1309,1.06899029823931,4,21,140,KL,Ajit Joy,AAAP,,,,,False,21,2014,GE
1945317,Benet Babu Benjamin,IND,19702,807,0.659033743834319,5,21,140,KL,Benet Babu Benjamin,IND,,,,,False,21,2014,GE
1945318,J Sudhakaran,BSP,19704,489,0.399340149609643,6,21,140,KL,J Sudhakaran,BSP,,,,,False,21,2014,GE
1945319,Syamalakumari,IND,19702,428,0.349524711723778,7,21,140,KL,Syamalakumari,IND,,,,,False,21,2014,GE
1945320,Kunnil Shajahan,SDPI,19701,393,0.320942083428609,8,21,140,KL,Kunnil Shajahan,SDPI,,,,,False,21,2014,GE
1945321,O M Jyotheendra Nath,IND,19702,390,0.318492143860451,9,21,140,KL,O M Jyotheendra Nath,IND,,,,,False,21,2014,GE
1945322,Nota,NOTA,19703,336,0.27439323163362,10,21,140,KL,Nota,NOTA,,,,,,21,2014,GE
1945323,Jain Wilson,IND,19702,323,0.263776826838271,11,21,140,KL,Jain Wilson,IND,,,,,False,21,2014,GE
1945324,Kunnukuzhi S Mani,IND,19702,307,0.250710482474766,12,21,140,KL,Kunnukuzhi S Mani,IND,,,,,False,21,2014,GE
1945325,M.Shajar Khan,SUCI,19720,228,0.186195407179956,13,21,140,KL,M.Shajar Khan,SUCI,,,,,False,21,2014,GE
1945326,Father Stephen,IND,19702,153,0.124946917976023,14,21,140,KL,Father Stephen,IND,,,,,False,21,2014,GE
1945327,George Mankidiyil,IND,19702,128,0.104530754908046,15,21,140,KL,George Mankidiyil,IND,,,,,False,21,2014,GE
1945328,Adv. Perurkada Harikumar,SHS,19715,117,0.0955476431581354,16,21,140,KL,Adv. Perurkada Harikumar,SHS,,,,,False,21,2014,GE
1945329,V S Jayakumar,IND,19702,71,0.0579819031130565,17,21,140,KL,V S Jayakumar,IND,,,,,False,21,2014,GE
1945330,O V Sreedath,SRP,19756,68,0.0555319635448992,18,21,140,KL,O V Sreedath,SRP,,,,,False,21,2014,GE
1945331,Anil Kumar Y,IND,19702,59,0.0481821448404273,19,21,140,KL,Anil Kumar Y,IND,,,,,False,21,2014,GE
1945332,R Chandrika Kattakada,RPI,19771,41,0.0334825074314834,20,21,140,KL,R Chandrika Kattakada,RPI,,,,,False,21,2014,GE
1945333,Thomas Joseph,RPI(A),19736,32,0.0261326887270114,21,21,140,KL,Thomas Joseph,RPI(A),,,,,False,21,2014,GE
