el_res_id,ca_full_name,party_abb,party_id,el_vote_count,el_vote_perc,el_rank,el_id,ac_no,state_abb,original_ca_full_name,original_party_abb,caste,caste_category,gender,age,incumbency,el_id,el_year,el_type
1784864,Jagdish Singh Rana,BSP,22951,83867,46.4325853582916,1,6,1,UP,Jagdish Singh Rana,BSP,,,,,False,6,2009,GE
1784865,Rasheed Masood,SP,22952,65229,36.1137409271347,2,6,1,UP,Rasheed Masood,SP,,,,,False,6,2009,GE
1784866,Jaswant Singh Saini,BJP,22953,17341,9.60076624534245,3,6,1,UP,Jaswant Singh Saini,BJP,,,,,False,6,2009,GE
1784867,Gajay Singh,INC,22954,5678,3.14359902779853,4,6,1,UP,Gajay Singh,INC,,,,,False,6,2009,GE
1784868,M.Rashid Khan,IND,22955,2356,1.30438874770929,5,6,1,UP,M.Rashid Khan,IND,,,,,False,6,2009,GE
1784869,Haji Mohammed Tauseef,PECP,22956,1622,0.89801296637711,6,6,1,UP,Haji Mohammed Tauseef,PECP,,,,,False,6,2009,GE
1784870,Mashkoor,IND,22955,1258,0.696486012146981,7,6,1,UP,Mashkoor,IND,,,,,False,6,2009,GE
1784871,Chatar Singh Kashyap,VAJP,22957,981,0.543126214559768,8,6,1,UP,Chatar Singh Kashyap,VAJP,,,,,False,6,2009,GE
1784872,Tejveer,IND,22955,676,0.374264343570238,9,6,1,UP,Tejveer,IND,,,,,False,6,2009,GE
1784873,Nathlu Ram,IND,22955,650,0.359869561125229,10,6,1,UP,Nathlu Ram,IND,,,,,False,6,2009,GE
1784874,Chintamani,IND,22955,279,0.154467088544521,11,6,1,UP,Chintamani,IND,,,,,False,6,2009,GE
1784875,Mohd.Asif,IND,22955,220,0.121802005303923,12,6,1,UP,Mohd.Asif,IND,,,,,False,6,2009,GE
1784876,Chandra Prakash Arora,IND,22955,178,0.0985488952004473,13,6,1,UP,Chandra Prakash Arora,IND,,,,,False,6,2009,GE
1784877,Yogesh Gambhir,BD,22958,154,0.0852614037127465,14,6,1,UP,Yogesh Gambhir,BD,,,,,False,6,2009,GE
1784878,Sushil Kumar,RSBP,22959,132,0.0730812031823542,15,6,1,UP,Sushil Kumar,RSBP,,,,,False,6,2009,GE
1784953,Tabassum Begum,BSP,22951,58853,36.3357411866395,1,6,2,UP,Tabassum Begum,BSP,,,,,False,6,2009,GE
1784954,Shajan Masood,SP,22952,48404,29.8845465209606,2,6,2,UP,Shajan Masood,SP,,,,,False,6,2009,GE
1784955,Hukum Singh,BJP,22953,42135,26.0140766808668,3,6,2,UP,Hukum Singh,BJP,,,,,False,6,2009,GE
1784956,Surendra Kumar,INC,22954,8044,4.96635179354201,4,6,2,UP,Surendra Kumar,INC,,,,,False,6,2009,GE
1784957,Lakhmi,IND,22955,1527,0.942767179107242,5,6,2,UP,Lakhmi,IND,,,,,False,6,2009,GE
1784958,Advocate Braham Pal Gurjar,IND,22955,898,0.554423658702228,6,6,2,UP,Advocate Braham Pal Gurjar,IND,,,,,False,6,2009,GE
1784959,Mukta Singh,IND,22955,464,0.286472803605605,7,6,2,UP,Mukta Singh,IND,,,,,False,6,2009,GE
1784960,Karan Singh Saini,JSP,22981,401,0.247576711736741,8,6,2,UP,Karan Singh Saini,JSP,,,,,False,6,2009,GE
1784961,Kuldeep,IND,22955,281,0.173488917700808,9,6,2,UP,Kuldeep,IND,,,,,False,6,2009,GE
1784962,Abhishek,IND,22955,218,0.134592825831944,10,6,2,UP,Abhishek,IND,,,,,False,6,2009,GE
1784963,Priya Kumar,ABHM,22976,197,0.121627461875655,11,6,2,UP,Priya Kumar,ABHM,,,,,False,6,2009,GE
1784964,Raj Bahadur,IJP,22982,184,0.113601284188429,12,6,2,UP,Raj Bahadur,IJP,,,,,False,6,2009,GE
1784965,Kunwar Pal,RDMP,22983,131,0.080879175155893,13,6,2,UP,Kunwar Pal,RDMP,,,,,False,6,2009,GE
1784966,Rajnish Notial,ASP,22961,120,0.0740877940359325,14,6,2,UP,Rajnish Notial,ASP,,,,,False,6,2009,GE
1784967,Shafik,UNLP,22984,113,0.0697660060505031,15,6,2,UP,Shafik,UNLP,,,,,False,6,2009,GE
1785049,Jagdish Singh Rana,BSP,22951,72516,41.1837868229601,1,6,3,UP,Jagdish Singh Rana,BSP,,,,,False,6,2009,GE
1785050,Rasheed Masood,SP,22952,62393,35.4346628501979,2,6,3,UP,Rasheed Masood,SP,,,,,False,6,2009,GE
1785051,Jaswant Singh Saini,BJP,22953,25030,14.2152102181407,3,6,3,UP,Jaswant Singh Saini,BJP,,,,,False,6,2009,GE
1785052,Gajay Singh,INC,22954,10710,6.08249706097831,4,6,3,UP,Gajay Singh,INC,,,,,False,6,2009,GE
1785053,Haji Mohammed Tauseef,PECP,22956,2425,1.37722272389098,5,6,3,UP,Haji Mohammed Tauseef,PECP,,,,,False,6,2009,GE
1785054,M.Rashid Khan,IND,22955,1193,0.677536787464717,6,6,3,UP,M.Rashid Khan,IND,,,,,False,6,2009,GE
1785055,Mashkoor,IND,22955,481,0.273172837192396,7,6,3,UP,Mashkoor,IND,,,,,False,6,2009,GE
1785056,Chatar Singh Kashyap,VAJP,22957,352,0.19991026755036,8,6,3,UP,Chatar Singh Kashyap,VAJP,,,,,False,6,2009,GE
1785057,Nathlu Ram,IND,22955,234,0.132894893769274,9,6,3,UP,Nathlu Ram,IND,,,,,False,6,2009,GE
1785058,Tejveer,IND,22955,216,0.122672209633176,10,6,3,UP,Tejveer,IND,,,,,False,6,2009,GE
1785059,Mohd.Asif,IND,22955,126,0.071558788952686,11,6,3,UP,Mohd.Asif,IND,,,,,False,6,2009,GE
1785060,Yogesh Gambhir,BD,22958,106,0.0602002510236882,12,6,3,UP,Yogesh Gambhir,BD,,,,,False,6,2009,GE
1785061,Sushil Kumar,RSBP,22959,105,0.0596323241272383,13,6,3,UP,Sushil Kumar,RSBP,,,,,False,6,2009,GE
1785062,Chintamani,IND,22955,101,0.0573606165414387,14,6,3,UP,Chintamani,IND,,,,,False,6,2009,GE
1785063,Chandra Prakash Arora,IND,22955,91,0.0516813475769398,15,6,3,UP,Chandra Prakash Arora,IND,,,,,False,6,2009,GE
1785148,Jagdish Singh Rana,BSP,22951,72347,46.3673652502723,1,6,4,UP,Jagdish Singh Rana,BSP,,,,,False,6,2009,GE
1785149,Rasheed Masood,SP,22952,57335,36.7461385630968,2,6,4,UP,Rasheed Masood,SP,,,,,False,6,2009,GE
1785150,Jaswant Singh Saini,BJP,22953,11562,7.41011343972313,3,6,4,UP,Jaswant Singh Saini,BJP,,,,,False,6,2009,GE
1785151,Gajay Singh,INC,22954,6420,4.11459334743318,4,6,4,UP,Gajay Singh,INC,,,,,False,6,2009,GE
1785152,Haji Mohammed Tauseef,PECP,22956,3259,2.08870089085432,5,6,4,UP,Haji Mohammed Tauseef,PECP,,,,,False,6,2009,GE
1785153,M.Rashid Khan,IND,22955,1681,1.0773569185413,6,6,4,UP,M.Rashid Khan,IND,,,,,False,6,2009,GE
1785154,Chatar Singh Kashyap,VAJP,22957,1070,0.68576555790553,7,6,4,UP,Chatar Singh Kashyap,VAJP,,,,,False,6,2009,GE
1785155,Mashkoor,IND,22955,898,0.575530346728193,8,6,4,UP,Mashkoor,IND,,,,,False,6,2009,GE
1785156,Nathlu Ram,IND,22955,363,0.232647567775427,9,6,4,UP,Nathlu Ram,IND,,,,,False,6,2009,GE
1785157,Tejveer,IND,22955,322,0.206370569762225,10,6,4,UP,Tejveer,IND,,,,,False,6,2009,GE
1785158,Yogesh Gambhir,BD,22958,181,0.11600333269243,11,6,4,UP,Yogesh Gambhir,BD,,,,,False,6,2009,GE
1785160,Chintamani,IND,22955,171,0.109594308786771,12,6,4,UP,Chintamani,IND,,,,,False,6,2009,GE
1785159,Mohd.Asif,IND,22955,171,0.109594308786771,12,6,4,UP,Mohd.Asif,IND,,,,,False,6,2009,GE
1785161,Sushil Kumar,RSBP,22959,128,0.0820355059924373,14,6,4,UP,Sushil Kumar,RSBP,,,,,False,6,2009,GE
1785162,Chandra Prakash Arora,IND,22955,122,0.0781900916490418,15,6,4,UP,Chandra Prakash Arora,IND,,,,,False,6,2009,GE
1785245,Jagdish Singh Rana,BSP,22951,56218,36.5369867287119,1,6,5,UP,Jagdish Singh Rana,BSP,,,,,False,6,2009,GE
1785246,Rasheed Masood,SP,22952,41853,27.2009410786008,2,6,5,UP,Rasheed Masood,SP,,,,,False,6,2009,GE
1785247,Jaswant Singh Saini,BJP,22953,27843,18.0956156655791,3,6,5,UP,Jaswant Singh Saini,BJP,,,,,False,6,2009,GE
1785248,Gajay Singh,INC,22954,22492,14.6179142890567,4,6,5,UP,Gajay Singh,INC,,,,,False,6,2009,GE
1785249,Chatar Singh Kashyap,VAJP,22957,1423,0.924830696840107,5,6,5,UP,Chatar Singh Kashyap,VAJP,,,,,False,6,2009,GE
1785250,M.Rashid Khan,IND,22955,1321,0.858539248436951,6,6,5,UP,M.Rashid Khan,IND,,,,,False,6,2009,GE
1785251,Mashkoor,IND,22955,869,0.564777143748456,7,6,5,UP,Mashkoor,IND,,,,,False,6,2009,GE
1785252,Nathlu Ram,IND,22955,430,0.279463949150559,8,6,5,UP,Nathlu Ram,IND,,,,,False,6,2009,GE
1785253,Haji Mohammed Tauseef,PECP,22956,403,0.261916212808547,9,6,5,UP,Haji Mohammed Tauseef,PECP,,,,,False,6,2009,GE
1785254,Tejveer,IND,22955,295,0.1917252674405,10,6,5,UP,Tejveer,IND,,,,,False,6,2009,GE
1785255,Chintamani,IND,22955,183,0.118934657429191,11,6,5,UP,Chintamani,IND,,,,,False,6,2009,GE
1785256,Mohd.Asif,IND,22955,176,0.114385244303484,12,6,5,UP,Mohd.Asif,IND,,,,,False,6,2009,GE
1785257,Chandra Prakash Arora,IND,22955,130,0.0844891009059831,13,6,5,UP,Chandra Prakash Arora,IND,,,,,False,6,2009,GE
1785258,Yogesh Gambhir,BD,22958,120,0.0779899392978305,14,6,5,UP,Yogesh Gambhir,BD,,,,,False,6,2009,GE
1785259,Sushil Kumar,RSBP,22959,110,0.071490777689678,15,6,5,UP,Sushil Kumar,RSBP,,,,,False,6,2009,GE
1785337,Jagdish Singh Rana,BSP,22951,69859,45.209743596381,1,6,6,UP,Jagdish Singh Rana,BSP,,,,,False,6,2009,GE
1785338,Rasheed Masood,SP,22952,43124,27.9080001553176,2,6,6,UP,Rasheed Masood,SP,,,,,False,6,2009,GE
1785339,Jaswant Singh Saini,BJP,22953,18114,11.7226026067485,3,6,6,UP,Jaswant Singh Saini,BJP,,,,,False,6,2009,GE
1785340,Gajay Singh,INC,22954,17293,11.1912866776251,4,6,6,UP,Gajay Singh,INC,,,,,False,6,2009,GE
1785341,M.Rashid Khan,IND,22955,1545,0.999857625451392,5,6,6,UP,M.Rashid Khan,IND,,,,,False,6,2009,GE
1785342,Haji Mohammed Tauseef,PECP,22956,1505,0.973971343886307,6,6,6,UP,Haji Mohammed Tauseef,PECP,,,,,False,6,2009,GE
1785343,Mashkoor,IND,22955,927,0.599914575270835,7,6,6,UP,Mashkoor,IND,,,,,False,6,2009,GE
1785344,Chatar Singh Kashyap,VAJP,22957,821,0.531315929123361,8,6,6,UP,Chatar Singh Kashyap,VAJP,,,,,False,6,2009,GE
1785345,Nathlu Ram,IND,22955,392,0.253685559337828,9,6,6,UP,Nathlu Ram,IND,,,,,False,6,2009,GE
1785346,Tejveer,IND,22955,264,0.170849458329558,10,6,6,UP,Tejveer,IND,,,,,False,6,2009,GE
1785347,Chintamani,IND,22955,178,0.115193952964626,11,6,6,UP,Chintamani,IND,,,,,False,6,2009,GE
1785348,Yogesh Gambhir,BD,22958,139,0.0899548284386689,12,6,6,UP,Yogesh Gambhir,BD,,,,,False,6,2009,GE
1785349,Mohd.Asif,IND,22955,133,0.0860718862039062,13,6,6,UP,Mohd.Asif,IND,,,,,False,6,2009,GE
1785350,Chandra Prakash Arora,IND,22955,129,0.0834832580473977,14,6,6,UP,Chandra Prakash Arora,IND,,,,,False,6,2009,GE
1785351,Sushil Kumar,RSBP,22959,99,0.0640685468735843,15,6,6,UP,Sushil Kumar,RSBP,,,,,False,6,2009,GE
1785422,Tabassum Begum,BSP,22951,59772,35.3690937601704,1,6,7,UP,Tabassum Begum,BSP,,,,,False,6,2009,GE
1785423,Hukum Singh,BJP,22953,50594,29.9381638510015,2,6,7,UP,Hukum Singh,BJP,,,,,False,6,2009,GE
1785424,Shajan Masood,SP,22952,43655,25.832125210805,3,6,7,UP,Shajan Masood,SP,,,,,False,6,2009,GE
1785425,Surendra Kumar,INC,22954,9769,5.78064439776324,4,6,7,UP,Surendra Kumar,INC,,,,,False,6,2009,GE
1785426,Lakhmi,IND,22955,1577,0.933163703068138,5,6,7,UP,Lakhmi,IND,,,,,False,6,2009,GE
1785427,Advocate Braham Pal Gurjar,IND,22955,1026,0.607118553803366,6,6,7,UP,Advocate Braham Pal Gurjar,IND,,,,,False,6,2009,GE
1785428,Mukta Singh,IND,22955,495,0.292908074203378,7,6,7,UP,Mukta Singh,IND,,,,,False,6,2009,GE
1785429,Karan Singh Saini,JSP,22981,465,0.275156069706204,8,6,7,UP,Karan Singh Saini,JSP,,,,,False,6,2009,GE
1785430,Kuldeep,IND,22955,373,0.220716589248202,9,6,7,UP,Kuldeep,IND,,,,,False,6,2009,GE
1785431,Abhishek,IND,22955,313,0.185212580253853,10,6,7,UP,Abhishek,IND,,,,,False,6,2009,GE
1785432,Kunwar Pal,RDMP,22983,233,0.137873901594721,11,6,7,UP,Kunwar Pal,RDMP,,,,,False,6,2009,GE
1785433,Priya Kumar,ABHM,22976,228,0.134915234178525,12,6,7,UP,Priya Kumar,ABHM,,,,,False,6,2009,GE
1785434,Raj Bahadur,IJP,22982,172,0.101778159117133,13,6,7,UP,Raj Bahadur,IJP,,,,,False,6,2009,GE
1785435,Shafik,UNLP,22984,164,0.0970442912512204,14,6,7,UP,Shafik,UNLP,,,,,False,6,2009,GE
1785436,Rajnish Notial,ASP,22961,159,0.0940856238350247,15,6,7,UP,Rajnish Notial,ASP,,,,,False,6,2009,GE
1785511,Tabassum Begum,BSP,22951,68310,49.0186932654013,1,6,8,UP,Tabassum Begum,BSP,,,,,False,6,2009,GE
1785512,Hukum Singh,BJP,22953,52886,37.9505579275949,2,6,8,UP,Hukum Singh,BJP,,,,,False,6,2009,GE
1785513,Shajan Masood,SP,22952,8126,5.83115065839044,3,6,8,UP,Shajan Masood,SP,,,,,False,6,2009,GE
1785514,Surendra Kumar,INC,22954,7124,5.11212371281977,4,6,8,UP,Surendra Kumar,INC,,,,,False,6,2009,GE
1785515,Lakhmi,IND,22955,888,0.637221484697355,5,6,8,UP,Lakhmi,IND,,,,,False,6,2009,GE
1785516,Advocate Braham Pal Gurjar,IND,22955,681,0.488679989953715,6,6,8,UP,Advocate Braham Pal Gurjar,IND,,,,,False,6,2009,GE
1785517,Karan Singh Saini,JSP,22981,331,0.237522873237415,7,6,8,UP,Karan Singh Saini,JSP,,,,,False,6,2009,GE
1785518,Mukta Singh,IND,22955,263,0.188726633418248,8,6,8,UP,Mukta Singh,IND,,,,,False,6,2009,GE
1785519,Kuldeep,IND,22955,222,0.159305371174338,9,6,8,UP,Kuldeep,IND,,,,,False,6,2009,GE
1785520,Priya Kumar,ABHM,22976,147,0.105485989020846,10,6,8,UP,Priya Kumar,ABHM,,,,,False,6,2009,GE
1785521,Abhishek,IND,22955,111,0.0796526855871694,11,6,8,UP,Abhishek,IND,,,,,False,6,2009,GE
1785522,Kunwar Pal,RDMP,22983,78,0.0559721574396325,12,6,8,UP,Kunwar Pal,RDMP,,,,,False,6,2009,GE
1785523,Rajnish Notial,ASP,22961,64,0.0459258727709805,13,6,8,UP,Rajnish Notial,ASP,,,,,False,6,2009,GE
1785524,Raj Bahadur,IJP,22982,63,0.045208281008934,14,6,8,UP,Raj Bahadur,IJP,,,,,False,6,2009,GE
1785525,Shafik,UNLP,22984,61,0.0437730974848408,15,6,8,UP,Shafik,UNLP,,,,,False,6,2009,GE
1785602,Hukum Singh,BJP,22953,54124,41.6787309410133,1,6,9,UP,Hukum Singh,BJP,,,,,False,6,2009,GE
1785603,Tabassum Begum,BSP,22951,48358,37.2385646080394,2,6,9,UP,Tabassum Begum,BSP,,,,,False,6,2009,GE
1785604,Shajan Masood,SP,22952,17269,13.298167257046,3,6,9,UP,Shajan Masood,SP,,,,,False,6,2009,GE
1785605,Surendra Kumar,INC,22954,6736,5.18712459571846,4,6,9,UP,Surendra Kumar,INC,,,,,False,6,2009,GE
1785606,Lakhmi,IND,22955,959,0.738487602032958,5,6,9,UP,Lakhmi,IND,,,,,False,6,2009,GE
1785607,Mukta Singh,IND,22955,568,0.437394116741105,6,6,9,UP,Mukta Singh,IND,,,,,False,6,2009,GE
1785608,Advocate Braham Pal Gurjar,IND,22955,509,0.391960572924688,7,6,9,UP,Advocate Braham Pal Gurjar,IND,,,,,False,6,2009,GE
1785609,Raj Bahadur,IJP,22982,312,0.240258740181734,8,6,9,UP,Raj Bahadur,IJP,,,,,False,6,2009,GE
1785610,Karan Singh Saini,JSP,22981,295,0.227167719082088,9,6,9,UP,Karan Singh Saini,JSP,,,,,False,6,2009,GE
1785611,Kuldeep,IND,22955,212,0.163252733713229,10,6,9,UP,Kuldeep,IND,,,,,False,6,2009,GE
1785612,Abhishek,IND,22955,138,0.106268288926536,11,6,9,UP,Abhishek,IND,,,,,False,6,2009,GE
1785613,Priya Kumar,ABHM,22976,120,0.0924072077622054,12,6,9,UP,Priya Kumar,ABHM,,,,,False,6,2009,GE
1785614,Kunwar Pal,RDMP,22983,105,0.0808563067919297,13,6,9,UP,Kunwar Pal,RDMP,,,,,False,6,2009,GE
1785615,Rajnish Notial,ASP,22961,86,0.0662251655629139,14,6,9,UP,Rajnish Notial,ASP,,,,,False,6,2009,GE
1785616,Shafik,UNLP,22984,69,0.0531341444632681,15,6,9,UP,Shafik,UNLP,,,,,False,6,2009,GE
1785696,Hukum Singh,BJP,22953,61018,48.7734303185324,1,6,10,UP,Hukum Singh,BJP,,,,,False,6,2009,GE
1785697,Tabassum Begum,BSP,22951,47960,38.335797929739,2,6,10,UP,Tabassum Begum,BSP,,,,,False,6,2009,GE
1785698,Shajan Masood,SP,22952,7348,5.87346628831781,3,6,10,UP,Shajan Masood,SP,,,,,False,6,2009,GE
1785699,Surendra Kumar,INC,22954,6118,4.89029215459014,4,6,10,UP,Surendra Kumar,INC,,,,,False,6,2009,GE
1785700,Lakhmi,IND,22955,755,0.603493065824707,5,6,10,UP,Lakhmi,IND,,,,,False,6,2009,GE
1785701,Advocate Braham Pal Gurjar,IND,22955,521,0.416450181847248,6,6,10,UP,Advocate Braham Pal Gurjar,IND,,,,,False,6,2009,GE
1785702,Mukta Singh,IND,22955,365,0.291754925862275,7,6,10,UP,Mukta Singh,IND,,,,,False,6,2009,GE
1785703,Abhishek,IND,22955,272,0.217417369409695,8,6,10,UP,Abhishek,IND,,,,,False,6,2009,GE
1785704,Karan Singh Saini,JSP,22981,266,0.212621398025658,9,6,10,UP,Karan Singh Saini,JSP,,,,,False,6,2009,GE
1785705,Kuldeep,IND,22955,140,0.111905998960872,10,6,10,UP,Kuldeep,IND,,,,,False,6,2009,GE
1785706,Priya Kumar,ABHM,22976,95,0.0759362135805923,11,6,10,UP,Priya Kumar,ABHM,,,,,False,6,2009,GE
1785707,Raj Bahadur,IJP,22982,83,0.0663442708125174,12,6,10,UP,Raj Bahadur,IJP,,,,,False,6,2009,GE
1785709,Rajnish Notial,ASP,22961,57,0.0455617281483553,13,6,10,UP,Rajnish Notial,ASP,,,,,False,6,2009,GE
1785708,Kunwar Pal,RDMP,22983,57,0.0455617281483553,13,6,10,UP,Kunwar Pal,RDMP,,,,,False,6,2009,GE
1785710,Shafik,UNLP,22984,50,0.0399664282003117,15,6,10,UP,Shafik,UNLP,,,,,False,6,2009,GE
1785802,Anuradha Chaudhary,RLD,22971,63392,39.2622229929765,1,6,11,UP,Anuradha Chaudhary,RLD,,,,,False,6,2009,GE
1785803,Kadir Rana,BSP,22951,56330,34.8883300920363,2,6,11,UP,Kadir Rana,BSP,,,,,False,6,2009,GE
1785804,Thakur Sangeet Singh Som,SP,22952,19932,12.3450061316255,3,6,11,UP,Thakur Sangeet Singh Som,SP,,,,,False,6,2009,GE
1785805,Harindra Singh Malik,INC,22954,15480,9.58763269704814,4,6,11,UP,Harindra Singh Malik,INC,,,,,False,6,2009,GE
1785806,Ranveer,IND,22955,790,0.489291332730493,5,6,11,UP,Ranveer,IND,,,,,False,6,2009,GE
1785807,Dheer Singh,CPI,22973,772,0.478142922617646,6,6,11,UP,Dheer Singh,CPI,,,,,False,6,2009,GE
1785808,Abdul Aziz Ansari,PECP,22956,767,0.475046142030744,7,6,11,UP,Abdul Aziz Ansari,PECP,,,,,False,6,2009,GE
1785809,Ashutosh Pandey,LD,22979,669,0.414349242527468,8,6,11,UP,Ashutosh Pandey,LD,,,,,False,6,2009,GE
1785810,Mukta Singh,IND,22955,664,0.411252461940566,9,6,11,UP,Mukta Singh,IND,,,,,False,6,2009,GE
1785811,Salek Chaudhary,IND,22955,449,0.278090896703786,10,6,11,UP,Salek Chaudhary,IND,,,,,False,6,2009,GE
1785812,Veerpal,IND,22955,433,0.2681811988257,11,6,11,UP,Veerpal,IND,,,,,False,6,2009,GE
1785813,Reeta Urf Reeta Kashyap,IND,22955,376,0.232877900135019,12,6,11,UP,Reeta Urf Reeta Kashyap,IND,,,,,False,6,2009,GE
1785814,Vijay,IND,22955,291,0.180232630157688,13,6,11,UP,Vijay,IND,,,,,False,6,2009,GE
1785815,Narendra Kumar,IND,22955,151,0.093522773724436,14,6,11,UP,Narendra Kumar,IND,,,,,False,6,2009,GE
1785816,Satish Kumar,JSP,22981,151,0.093522773724436,14,6,11,UP,Satish Kumar,JSP,,,,,False,6,2009,GE
1785817,Inderpal,IND,22955,138,0.0854711441984912,16,6,11,UP,Inderpal,IND,,,,,False,6,2009,GE
1785818,Nawab Ali,NLHP,23028,126,0.0780388707899267,17,6,11,UP,Nawab Ali,NLHP,,,,,False,6,2009,GE
1785819,Satyaveer,IND,22955,109,0.0675098167944604,18,6,11,UP,Satyaveer,IND,,,,,False,6,2009,GE
1785820,Bhagwat Singh,IND,22955,107,0.0662711045596997,19,6,11,UP,Bhagwat Singh,IND,,,,,False,6,2009,GE
1785821,Parmod Pal,IND,22955,105,0.0650323923249389,20,6,11,UP,Parmod Pal,IND,,,,,False,6,2009,GE
1785822,Rajendra Singh,IND,22955,86,0.0532646260947119,21,6,11,UP,Rajendra Singh,IND,,,,,False,6,2009,GE
1785823,Salamudeen Urf Salmu Malik,NELU,23029,72,0.0445936404513867,22,6,11,UP,Salamudeen Urf Salmu Malik,NELU,,,,,False,6,2009,GE
1785824,Manish Bhai Urf Nitu,ABHM,22976,68,0.0421162159818652,23,6,11,UP,Manish Bhai Urf Nitu,ABHM,,,,,False,6,2009,GE
1785911,Kadir Rana,BSP,22951,60778,40.8158057323985,1,6,12,UP,Kadir Rana,BSP,,,,,False,6,2009,GE
1785912,Anuradha Chaudhary,RLD,22971,35740,24.00139683563,2,6,12,UP,Anuradha Chaudhary,RLD,,,,,False,6,2009,GE
1785913,Thakur Sangeet Singh Som,SP,22952,22141,14.8689123485642,3,6,12,UP,Thakur Sangeet Singh Som,SP,,,,,False,6,2009,GE
1785914,Harindra Singh Malik,INC,22954,20885,14.0254385258011,4,6,12,UP,Harindra Singh Malik,INC,,,,,False,6,2009,GE
1785915,Abdul Aziz Ansari,PECP,22956,3533,2.37260590431675,5,6,12,UP,Abdul Aziz Ansari,PECP,,,,,False,6,2009,GE
1785916,Dheer Singh,CPI,22973,849,0.570150697074703,6,6,12,UP,Dheer Singh,CPI,,,,,False,6,2009,GE
1785917,Ranveer,IND,22955,800,0.537244473097483,7,6,12,UP,Ranveer,IND,,,,,False,6,2009,GE
1785918,Mukta Singh,IND,22955,769,0.516426249764955,8,6,12,UP,Mukta Singh,IND,,,,,False,6,2009,GE
1785919,Ashutosh Pandey,LD,22979,586,0.393531576543906,9,6,12,UP,Ashutosh Pandey,LD,,,,,False,6,2009,GE
1785920,Reeta Urf Reeta Kashyap,IND,22955,398,0.267279125365997,10,6,12,UP,Reeta Urf Reeta Kashyap,IND,,,,,False,6,2009,GE
1785921,Salek Chaudhary,IND,22955,359,0.241088457302495,11,6,12,UP,Salek Chaudhary,IND,,,,,False,6,2009,GE
1785922,Veerpal,IND,22955,335,0.224971123109571,12,6,12,UP,Veerpal,IND,,,,,False,6,2009,GE
1785923,Vijay,IND,22955,242,0.162516453111988,13,6,12,UP,Vijay,IND,,,,,False,6,2009,GE
1785925,Narendra Kumar,IND,22955,203,0.136325785048486,14,6,12,UP,Narendra Kumar,IND,,,,,False,6,2009,GE
1785924,Nawab Ali,NLHP,23028,203,0.136325785048486,14,6,12,UP,Nawab Ali,NLHP,,,,,False,6,2009,GE
1785926,Bhagwat Singh,IND,22955,179,0.120208450855561,16,6,12,UP,Bhagwat Singh,IND,,,,,False,6,2009,GE
1785927,Inderpal,IND,22955,173,0.11617911730733,17,6,12,UP,Inderpal,IND,,,,,False,6,2009,GE
1785928,Parmod Pal,IND,22955,165,0.110806672576355,18,6,12,UP,Parmod Pal,IND,,,,,False,6,2009,GE
1785929,Satish Kumar,JSP,22981,163,0.109463561393612,19,6,12,UP,Satish Kumar,JSP,,,,,False,6,2009,GE
1785930,Rajendra Singh,IND,22955,123,0.082601337738738,20,6,12,UP,Rajendra Singh,IND,,,,,False,6,2009,GE
1785931,Satyaveer,IND,22955,117,0.0785720041905068,21,6,12,UP,Satyaveer,IND,,,,,False,6,2009,GE
1785932,Salamudeen Urf Salmu Malik,NELU,23029,100,0.0671555591371853,22,6,12,UP,Salamudeen Urf Salmu Malik,NELU,,,,,False,6,2009,GE
1785933,Manish Bhai Urf Nitu,ABHM,22976,67,0.0449942246219142,23,6,12,UP,Manish Bhai Urf Nitu,ABHM,,,,,False,6,2009,GE
1786018,Shahid Siddiqui,BSP,22951,41645,30.1924136531044,1,6,13,UP,Shahid Siddiqui,BSP,,,,,False,6,2009,GE
1786019,Sanjay Singh Chauhan,RLD,22971,39557,28.6786242496302,2,6,13,UP,Sanjay Singh Chauhan,RLD,,,,,False,6,2009,GE
1786020,Kartar Singh Bhadana,NCP,22977,21923,15.8940637415538,3,6,13,UP,Kartar Singh Bhadana,NCP,,,,,False,6,2009,GE
1786021,Saiduzzaman,INC,22954,18803,13.6320795754429,4,6,13,UP,Saiduzzaman,INC,,,,,False,6,2009,GE
1786022,Dr. Yashvir Singh,SP,22952,10009,7.25647420468056,5,6,13,UP,Dr. Yashvir Singh,SP,,,,,False,6,2009,GE
1786023,Suresh Chand,RMSP,23042,789,0.572020995853029,6,6,13,UP,Suresh Chand,RMSP,,,,,False,6,2009,GE
1786024,Sabdul,IND,22955,700,0.507496447524867,7,6,13,UP,Sabdul,IND,,,,,False,6,2009,GE
1786025,Digvijay Singh,IND,22955,655,0.474871675898268,8,6,13,UP,Digvijay Singh,IND,,,,,False,6,2009,GE
1786026,Monu Kumar Ravi,IND,22955,556,0.403097178319751,9,6,13,UP,Monu Kumar Ravi,IND,,,,,False,6,2009,GE
1786027,Davender Singh,IND,22955,379,0.274773076588463,10,6,13,UP,Davender Singh,IND,,,,,False,6,2009,GE
1786028,Sagir Ahmad,NLHP,23028,379,0.274773076588463,10,6,13,UP,Sagir Ahmad,NLHP,,,,,False,6,2009,GE
1786029,Mohd. Afshar,ASP,22961,363,0.263173157787895,12,6,13,UP,Mohd. Afshar,ASP,,,,,False,6,2009,GE
1786030,Irfan Ali,IND,22955,346,0.250848244062291,13,6,13,UP,Irfan Ali,IND,,,,,False,6,2009,GE
1786031,Raj Rishi,IND,22955,334,0.242148304961865,14,6,13,UP,Raj Rishi,IND,,,,,False,6,2009,GE
1786032,Chand Kumar,IND,22955,280,0.202998579009946,15,6,13,UP,Chand Kumar,IND,,,,,False,6,2009,GE
1786033,Salesh Kumar Alias Sadhawi Sarlesh Giri,MKUP,23024,232,0.168198822608241,16,6,13,UP,Salesh Kumar Alias Sadhawi Sarlesh Giri,MKUP,,,,,False,6,2009,GE
1786034,Prabhat Kumar,IND,22955,225,0.163123858132993,17,6,13,UP,Prabhat Kumar,IND,,,,,False,6,2009,GE
1786035,Abdul Samad,IND,22955,188,0.136299045906678,18,6,13,UP,Abdul Samad,IND,,,,,False,6,2009,GE
1786036,Ram Giri,IND,22955,148,0.107299248905257,19,6,13,UP,Ram Giri,IND,,,,,False,6,2009,GE
1786037,Surendra Singh,IJP,22982,139,0.100774294579937,20,6,13,UP,Surendra Singh,IJP,,,,,False,6,2009,GE
1786038,Shiva Charan,IND,22955,106,0.0768494620537656,21,6,13,UP,Shiva Charan,IND,,,,,False,6,2009,GE
1786039,Abdul Basit,KKJHS,23043,101,0.073224487428588,22,6,13,UP,Abdul Basit,KKJHS,,,,,False,6,2009,GE
1786040,Paras Ram,VAJP,22957,75,0.0543746193776643,23,6,13,UP,Paras Ram,VAJP,,,,,False,6,2009,GE
1786116,Kadir Rana,BSP,22951,55560,40.173535791757,1,6,14,UP,Kadir Rana,BSP,,,,,False,6,2009,GE
1786117,Anuradha Chaudhary,RLD,22971,54909,39.702819956616,2,6,14,UP,Anuradha Chaudhary,RLD,,,,,False,6,2009,GE
1786118,Harindra Singh Malik,INC,22954,16711,12.0831525668835,3,6,14,UP,Harindra Singh Malik,INC,,,,,False,6,2009,GE
1786119,Thakur Sangeet Singh Som,SP,22952,5821,4.20896601590744,4,6,14,UP,Thakur Sangeet Singh Som,SP,,,,,False,6,2009,GE
1786120,Ashutosh Pandey,LD,22979,825,0.596529284164859,5,6,14,UP,Ashutosh Pandey,LD,,,,,False,6,2009,GE
1786121,Inderpal,IND,22955,550,0.397686189443239,6,6,14,UP,Inderpal,IND,,,,,False,6,2009,GE
1786122,Dheer Singh,CPI,22973,531,0.383947939262472,7,6,14,UP,Dheer Singh,CPI,,,,,False,6,2009,GE
1786123,Ranveer,IND,22955,503,0.363702096890817,8,6,14,UP,Ranveer,IND,,,,,False,6,2009,GE
1786124,Mukta Singh,IND,22955,442,0.319595083152566,9,6,14,UP,Mukta Singh,IND,,,,,False,6,2009,GE
1786125,Abdul Aziz Ansari,PECP,22956,433,0.313087490961677,10,6,14,UP,Abdul Aziz Ansari,PECP,,,,,False,6,2009,GE
1786126,Salek Chaudhary,IND,22955,291,0.210412147505422,11,6,14,UP,Salek Chaudhary,IND,,,,,False,6,2009,GE
1786127,Veerpal,IND,22955,265,0.191612436731742,12,6,14,UP,Veerpal,IND,,,,,False,6,2009,GE
1786128,Vijay,IND,22955,209,0.15112075198843,13,6,14,UP,Vijay,IND,,,,,False,6,2009,GE
1786129,Nawab Ali,NLHP,23028,207,0.149674620390455,14,6,14,UP,Nawab Ali,NLHP,,,,,False,6,2009,GE
1786130,Narendra Kumar,IND,22955,204,0.147505422993492,15,6,14,UP,Narendra Kumar,IND,,,,,False,6,2009,GE
1786131,Reeta Urf Reeta Kashyap,IND,22955,129,0.0932754880694143,16,6,14,UP,Reeta Urf Reeta Kashyap,IND,,,,,False,6,2009,GE
1786133,Salamudeen Urf Salmu Malik,NELU,23029,128,0.0925524222704266,17,6,14,UP,Salamudeen Urf Salmu Malik,NELU,,,,,False,6,2009,GE
1786132,Parmod Pal,IND,22955,128,0.0925524222704266,17,6,14,UP,Parmod Pal,IND,,,,,False,6,2009,GE
1786134,Manish Bhai Urf Nitu,ABHM,22976,116,0.0838756326825741,19,6,14,UP,Manish Bhai Urf Nitu,ABHM,,,,,False,6,2009,GE
1786135,Satish Kumar,JSP,22981,101,0.0730296456977584,20,6,14,UP,Satish Kumar,JSP,,,,,False,6,2009,GE
1786137,Satyaveer,IND,22955,88,0.0636297903109182,21,6,14,UP,Satyaveer,IND,,,,,False,6,2009,GE
1786136,Bhagwat Singh,IND,22955,88,0.0636297903109182,21,6,14,UP,Bhagwat Singh,IND,,,,,False,6,2009,GE
1786138,Rajendra Singh,IND,22955,61,0.0441070137382501,23,6,14,UP,Rajendra Singh,IND,,,,,False,6,2009,GE
1786233,Anuradha Chaudhary,RLD,22971,50327,35.1949368859051,1,6,15,UP,Anuradha Chaudhary,RLD,,,,,False,6,2009,GE
1786234,Kadir Rana,BSP,22951,50007,34.9711528375118,2,6,15,UP,Kadir Rana,BSP,,,,,False,6,2009,GE
1786235,Thakur Sangeet Singh Som,SP,22952,23786,16.6341480471345,3,6,15,UP,Thakur Sangeet Singh Som,SP,,,,,False,6,2009,GE
1786236,Harindra Singh Malik,INC,22954,11649,8.14643868666736,4,6,15,UP,Harindra Singh Malik,INC,,,,,False,6,2009,GE
1786237,Abdul Aziz Ansari,PECP,22956,1258,0.879751040246162,5,6,15,UP,Abdul Aziz Ansari,PECP,,,,,False,6,2009,GE
1786238,Ranveer,IND,22955,805,0.562956746739396,6,6,15,UP,Ranveer,IND,,,,,False,6,2009,GE
1786239,Ashutosh Pandey,LD,22979,794,0.555264170075876,7,6,15,UP,Ashutosh Pandey,LD,,,,,False,6,2009,GE
1786240,Dheer Singh,CPI,22973,779,0.54477429280744,8,6,15,UP,Dheer Singh,CPI,,,,,False,6,2009,GE
1786241,Veerpal,IND,22955,672,0.46994650162593,9,6,15,UP,Veerpal,IND,,,,,False,6,2009,GE
1786242,Mukta Singh,IND,22955,609,0.425889017098499,10,6,15,UP,Mukta Singh,IND,,,,,False,6,2009,GE
1786243,Salek Chaudhary,IND,22955,402,0.281128710794083,11,6,15,UP,Salek Chaudhary,IND,,,,,False,6,2009,GE
1786244,Reeta Urf Reeta Kashyap,IND,22955,372,0.260148956257211,12,6,15,UP,Reeta Urf Reeta Kashyap,IND,,,,,False,6,2009,GE
1786245,Vijay,IND,22955,265,0.185321165075701,13,6,15,UP,Vijay,IND,,,,,False,6,2009,GE
1786246,Salamudeen Urf Salmu Malik,NELU,23029,239,0.167138711143746,14,6,15,UP,Salamudeen Urf Salmu Malik,NELU,,,,,False,6,2009,GE
1786247,Satish Kumar,JSP,22981,154,0.107696073289275,15,6,15,UP,Satish Kumar,JSP,,,,,False,6,2009,GE
1786248,Bhagwat Singh,IND,22955,146,0.102101472079443,16,6,15,UP,Bhagwat Singh,IND,,,,,False,6,2009,GE
1786249,Parmod Pal,IND,22955,135,0.0944088954159236,17,6,15,UP,Parmod Pal,IND,,,,,False,6,2009,GE
1786250,Satyaveer,IND,22955,131,0.0916115948110073,18,6,15,UP,Satyaveer,IND,,,,,False,6,2009,GE
1786251,Inderpal,IND,22955,124,0.0867163187524039,19,6,15,UP,Inderpal,IND,,,,,False,6,2009,GE
1786252,Narendra Kumar,IND,22955,119,0.0832196929962586,20,6,15,UP,Narendra Kumar,IND,,,,,False,6,2009,GE
1786253,Rajendra Singh,IND,22955,83,0.0580439875520123,21,6,15,UP,Rajendra Singh,IND,,,,,False,6,2009,GE
1786254,Manish Bhai Urf Nitu,ABHM,22976,70,0.0489527605860344,22,6,15,UP,Manish Bhai Urf Nitu,ABHM,,,,,False,6,2009,GE
1786255,Nawab Ali,NLHP,23028,69,0.0482534354348054,23,6,15,UP,Nawab Ali,NLHP,,,,,False,6,2009,GE
1786349,Sanjay Singh Chauhan,RLD,22971,47080,35.1301337153772,1,6,16,UP,Sanjay Singh Chauhan,RLD,,,,,False,6,2009,GE
1786350,Shahid Siddiqui,BSP,22951,41326,30.8366165234001,2,6,16,UP,Shahid Siddiqui,BSP,,,,,False,6,2009,GE
1786351,Kartar Singh Bhadana,NCP,22977,17910,13.364075931232,3,6,16,UP,Kartar Singh Bhadana,NCP,,,,,False,6,2009,GE
1786352,Saiduzzaman,INC,22954,16790,12.5283548233046,4,6,16,UP,Saiduzzaman,INC,,,,,False,6,2009,GE
1786353,Dr. Yashvir Singh,SP,22952,4070,3.03695081184336,5,6,16,UP,Dr. Yashvir Singh,SP,,,,,False,6,2009,GE
1786354,Sagir Ahmad,NLHP,23028,1415,1.055844078319,6,6,16,UP,Sagir Ahmad,NLHP,,,,,False,6,2009,GE
1786355,Suresh Chand,RMSP,23042,780,0.58202005730659,7,6,16,UP,Suresh Chand,RMSP,,,,,False,6,2009,GE
1786356,Monu Kumar Ravi,IND,22955,622,0.464123686723973,8,6,16,UP,Monu Kumar Ravi,IND,,,,,False,6,2009,GE
1786357,Digvijay Singh,IND,22955,613,0.457408070678127,9,6,16,UP,Digvijay Singh,IND,,,,,False,6,2009,GE
1786358,Sabdul,IND,22955,509,0.379805396370582,10,6,16,UP,Sabdul,IND,,,,,False,6,2009,GE
1786359,Mohd. Afshar,ASP,22961,404,0.301456542502387,11,6,16,UP,Mohd. Afshar,ASP,,,,,False,6,2009,GE
1786360,Davender Singh,IND,22955,355,0.264893744030563,12,6,16,UP,Davender Singh,IND,,,,,False,6,2009,GE
1786361,Irfan Ali,IND,22955,327,0.244000716332378,13,6,16,UP,Irfan Ali,IND,,,,,False,6,2009,GE
1786362,Chand Kumar,IND,22955,268,0.199976122254059,14,6,16,UP,Chand Kumar,IND,,,,,False,6,2009,GE
1786363,Prabhat Kumar,IND,22955,244,0.182067812798471,15,6,16,UP,Prabhat Kumar,IND,,,,,False,6,2009,GE
1786364,Abdul Samad,IND,22955,235,0.175352196752626,16,6,16,UP,Abdul Samad,IND,,,,,False,6,2009,GE
1786365,Salesh Kumar Alias Sadhawi Sarlesh Giri,MKUP,23024,216,0.161174785100286,17,6,16,UP,Salesh Kumar Alias Sadhawi Sarlesh Giri,MKUP,,,,,False,6,2009,GE
1786366,Raj Rishi,IND,22955,214,0.159682425978987,18,6,16,UP,Raj Rishi,IND,,,,,False,6,2009,GE
1786367,Ram Giri,IND,22955,163,0.121627268385864,19,6,16,UP,Ram Giri,IND,,,,,False,6,2009,GE
1786368,Surendra Singh,IJP,22982,140,0.104465138490926,20,6,16,UP,Surendra Singh,IJP,,,,,False,6,2009,GE
1786369,Paras Ram,VAJP,22957,113,0.0843182903533906,21,6,16,UP,Paras Ram,VAJP,,,,,False,6,2009,GE
1786370,Shiva Charan,IND,22955,112,0.0835721107927411,22,6,16,UP,Shiva Charan,IND,,,,,False,6,2009,GE
1786371,Abdul Basit,KKJHS,23043,110,0.0820797516714422,23,6,16,UP,Abdul Basit,KKJHS,,,,,False,6,2009,GE
1786454,Yashvir Singh,SP,22952,47182,36.1500800661982,1,6,17,UP,Yashvir Singh,SP,,,,,False,6,2009,GE
1786455,Ram Kishan Singh,BSP,22951,39401,30.1884045756491,2,6,17,UP,Ram Kishan Singh,BSP,,,,,False,6,2009,GE
1786456,Munsiram,RLD,22971,27729,21.2455082479676,3,6,17,UP,Munsiram,RLD,,,,,False,6,2009,GE
1786457,Isam Singh,INC,22954,7269,5.56938942819709,4,6,17,UP,Isam Singh,INC,,,,,False,6,2009,GE
1786458,Ram Chander,IND,22955,2700,2.06869603193453,5,6,17,UP,Ram Chander,IND,,,,,False,6,2009,GE
1786459,Yadram,IND,22955,1339,1.02591999509642,6,6,17,UP,Yadram,IND,,,,,False,6,2009,GE
1786460,Ranjeet,NBNP,23061,1111,0.851230107955285,7,6,17,UP,Ranjeet,NBNP,,,,,False,6,2009,GE
1786461,Udit Raj,IJP,22982,799,0.612180788709516,8,6,17,UP,Udit Raj,IJP,,,,,False,6,2009,GE
1786462,Bhisham Prasad,IND,22955,737,0.564677398346575,9,6,17,UP,Bhisham Prasad,IND,,,,,False,6,2009,GE
1786463,Tej Singh,ASP,22961,624,0.478098638491537,10,6,17,UP,Tej Singh,ASP,,,,,False,6,2009,GE
1786464,Vijay Prakash,PECP,22956,517,0.396116980929687,11,6,17,UP,Vijay Prakash,PECP,,,,,False,6,2009,GE
1786466,Nobahar Singh,IND,22955,378,0.289617444470835,12,6,17,UP,Nobahar Singh,IND,,,,,False,6,2009,GE
1786465,Babli Alias Gulsan Jahan,NELU,23029,378,0.289617444470835,12,6,17,UP,Babli Alias Gulsan Jahan,NELU,,,,,False,6,2009,GE
1786467,Asarpat Singh,IND,22955,353,0.270462851582552,14,6,17,UP,Asarpat Singh,IND,,,,,False,6,2009,GE
1786544,Yashvir Singh,SP,22952,46743,34.1593709349742,1,6,18,UP,Yashvir Singh,SP,,,,,False,6,2009,GE
1786545,Ram Kishan Singh,BSP,22951,40153,29.3434572267937,2,6,18,UP,Ram Kishan Singh,BSP,,,,,False,6,2009,GE
1786546,Munsiram,RLD,22971,32800,23.9699498677268,3,6,18,UP,Munsiram,RLD,,,,,False,6,2009,GE
1786547,Isam Singh,INC,22954,7273,5.31504406670661,4,6,18,UP,Isam Singh,INC,,,,,False,6,2009,GE
1786548,Ram Chander,IND,22955,2525,1.84524766512226,5,6,18,UP,Ram Chander,IND,,,,,False,6,2009,GE
1786549,Yadram,IND,22955,1766,1.29057717885382,6,6,18,UP,Yadram,IND,,,,,False,6,2009,GE
1786550,Ranjeet,NBNP,23061,1075,0.785600491091655,7,6,18,UP,Ranjeet,NBNP,,,,,False,6,2009,GE
1786551,Tej Singh,ASP,22961,1026,0.749791724520966,8,6,18,UP,Tej Singh,ASP,,,,,False,6,2009,GE
1786552,Udit Raj,IJP,22982,798,0.583171341294084,9,6,18,UP,Udit Raj,IJP,,,,,False,6,2009,GE
1786553,Babli Alias Gulsan Jahan,NELU,23029,795,0.580978967830573,10,6,18,UP,Babli Alias Gulsan Jahan,NELU,,,,,False,6,2009,GE
1786554,Bhisham Prasad,IND,22955,687,0.502053523144155,11,6,18,UP,Bhisham Prasad,IND,,,,,False,6,2009,GE
1786555,Vijay Prakash,PECP,22956,486,0.355164501088878,12,6,18,UP,Vijay Prakash,PECP,,,,,False,6,2009,GE
1786556,Nobahar Singh,IND,22955,377,0.275508265247957,13,6,18,UP,Nobahar Singh,IND,,,,,False,6,2009,GE
1786557,Asarpat Singh,IND,22955,334,0.244084245604291,14,6,18,UP,Asarpat Singh,IND,,,,,False,6,2009,GE
1786628,Kunwar Sarvesh Kumar Alias,BJP,22953,56581,36.2584829124185,1,6,19,UP,Kunwar Sarvesh Kumar Alias,BJP,,,,,False,6,2009,GE
1786629,Rajiv Channa,BSP,22951,45164,28.9421912348044,2,6,19,UP,Rajiv Channa,BSP,,,,,False,6,2009,GE
1786630,Mohammed Azharuddin,INC,22954,35172,22.5390742651346,3,6,19,UP,Mohammed Azharuddin,INC,,,,,False,6,2009,GE
1786631,Mohammad Rizwan,SP,22952,11250,7.20927401008657,4,6,19,UP,Mohammad Rizwan,SP,,,,,False,6,2009,GE
1786632,Sagir Husain,IND,22955,1313,0.841402380021659,5,6,19,UP,Sagir Husain,IND,,,,,False,6,2009,GE
1786633,Hariom Balmiki,IND,22955,1053,0.674788047344103,6,6,19,UP,Hariom Balmiki,IND,,,,,False,6,2009,GE
1786634,Farid Jabbar,IND,22955,812,0.520349377439137,7,6,19,UP,Farid Jabbar,IND,,,,,False,6,2009,GE
1786635,Rishi Pal,ABHM,22976,774,0.495998051893956,8,6,19,UP,Rishi Pal,ABHM,,,,,False,6,2009,GE
1786636,Muhammed Zafar Iqbal,IND,22955,610,0.390902857435805,9,6,19,UP,Muhammed Zafar Iqbal,IND,,,,,False,6,2009,GE
1786637,Mohammad Yunus,IND,22955,573,0.367192356247076,10,6,19,UP,Mohammad Yunus,IND,,,,,False,6,2009,GE
1786638,Sanjay Kumar Urf Sanjay Kumar Goswami,IND,22955,490,0.314003934661548,11,6,19,UP,Sanjay Kumar Urf Sanjay Kumar Goswami,IND,,,,,False,6,2009,GE
1786639,Rinki Saini,IND,22955,484,0.310158988522835,12,6,19,UP,Rinki Saini,IND,,,,,False,6,2009,GE
1786640,Shakeel Ahmed,NLHP,23028,468,0.299905798819601,13,6,19,UP,Shakeel Ahmed,NLHP,,,,,False,6,2009,GE
1786641,Har Swaroop Sharma,RSMD,23062,348,0.223006876045344,14,6,19,UP,Har Swaroop Sharma,RSMD,,,,,False,6,2009,GE
1786642,Tota Ram,IND,22955,284,0.181994117232407,15,6,19,UP,Tota Ram,IND,,,,,False,6,2009,GE
1786643,Patram,IND,22955,255,0.163410210895295,16,6,19,UP,Patram,IND,,,,,False,6,2009,GE
1786644,Jahid,IND,22955,218,0.139699709706566,17,6,19,UP,Jahid,IND,,,,,False,6,2009,GE
1786645,Nathu Singh,IND,22955,200,0.128164871290428,18,6,19,UP,Nathu Singh,IND,,,,,False,6,2009,GE
1786754,Yashvir Singh,SP,22952,48402,41.0537833230137,1,6,20,UP,Yashvir Singh,SP,,,,,False,6,2009,GE
1786755,Munsiram,RLD,22971,29255,24.8136116506501,2,6,20,UP,Munsiram,RLD,,,,,False,6,2009,GE
1786756,Ram Kishan Singh,BSP,22951,28587,24.2470249959711,3,6,20,UP,Ram Kishan Singh,BSP,,,,,False,6,2009,GE
1786757,Isam Singh,INC,22954,6393,5.42243784934562,4,6,20,UP,Isam Singh,INC,,,,,False,6,2009,GE
1786758,Ram Chander,IND,22955,1722,1.46057218466653,5,6,20,UP,Ram Chander,IND,,,,,False,6,2009,GE
1786759,Ranjeet,NBNP,23061,849,0.720107888955801,6,6,20,UP,Ranjeet,NBNP,,,,,False,6,2009,GE
1786760,Yadram,IND,22955,709,0.601362182885351,7,6,20,UP,Yadram,IND,,,,,False,6,2009,GE
1786761,Udit Raj,IJP,22982,526,0.446144581378976,8,6,20,UP,Udit Raj,IJP,,,,,False,6,2009,GE
1786762,Bhisham Prasad,IND,22955,346,0.293471530716969,9,6,20,UP,Bhisham Prasad,IND,,,,,False,6,2009,GE
1786763,Babli Alias Gulsan Jahan,NELU,23029,271,0.229857759607799,10,6,20,UP,Babli Alias Gulsan Jahan,NELU,,,,,False,6,2009,GE
1786764,Tej Singh,ASP,22961,258,0.218831372615543,11,6,20,UP,Tej Singh,ASP,,,,,False,6,2009,GE
1786765,Vijay Prakash,PECP,22956,198,0.167940355728208,12,6,20,UP,Vijay Prakash,PECP,,,,,False,6,2009,GE
1786766,Nobahar Singh,IND,22955,196,0.16624398849863,13,6,20,UP,Nobahar Singh,IND,,,,,False,6,2009,GE
1786767,Asarpat Singh,IND,22955,187,0.158610335965529,14,6,20,UP,Asarpat Singh,IND,,,,,False,6,2009,GE
1786834,Yashvir Singh,SP,22952,41582,32.1081648726699,1,6,21,UP,Yashvir Singh,SP,,,,,False,6,2009,GE
1786835,Munsiram,RLD,22971,37815,29.1994193319228,2,6,21,UP,Munsiram,RLD,,,,,False,6,2009,GE
1786836,Ram Kishan Singh,BSP,22951,37086,28.636511049681,3,6,21,UP,Ram Kishan Singh,BSP,,,,,False,6,2009,GE
1786837,Isam Singh,INC,22954,5170,3.99209303043874,4,6,21,UP,Isam Singh,INC,,,,,False,6,2009,GE
1786838,Ram Chander,IND,22955,2050,1.5829382422436,5,6,21,UP,Ram Chander,IND,,,,,False,6,2009,GE
1786839,Yadram,IND,22955,1068,0.824672215959106,6,6,21,UP,Yadram,IND,,,,,False,6,2009,GE
1786840,Ranjeet,NBNP,23061,980,0.756721696292063,7,6,21,UP,Ranjeet,NBNP,,,,,False,6,2009,GE
1786841,Vijay Prakash,PECP,22956,956,0.73818973638287,8,6,21,UP,Vijay Prakash,PECP,,,,,False,6,2009,GE
1786842,Udit Raj,IJP,22982,808,0.623909316942844,9,6,21,UP,Udit Raj,IJP,,,,,False,6,2009,GE
1786843,Bhisham Prasad,IND,22955,616,0.475653637669297,10,6,21,UP,Bhisham Prasad,IND,,,,,False,6,2009,GE
1786844,Babli Alias Gulsan Jahan,NELU,23029,448,0.345929918304943,11,6,21,UP,Babli Alias Gulsan Jahan,NELU,,,,,False,6,2009,GE
1786845,Tej Singh,ASP,22961,340,0.262536098713573,12,6,21,UP,Tej Singh,ASP,,,,,False,6,2009,GE
1786846,Nobahar Singh,IND,22955,320,0.247092798789245,13,6,21,UP,Nobahar Singh,IND,,,,,False,6,2009,GE
1786847,Asarpat Singh,IND,22955,267,0.206168053989776,14,6,21,UP,Asarpat Singh,IND,,,,,False,6,2009,GE
1786913,Sanjay Singh Chauhan,RLD,22971,53191,35.7106411547499,1,6,22,UP,Sanjay Singh Chauhan,RLD,,,,,False,6,2009,GE
1786914,Shahid Siddiqui,BSP,22951,43022,28.8835179590466,2,6,22,UP,Shahid Siddiqui,BSP,,,,,False,6,2009,GE
1786915,Saiduzzaman,INC,22954,25330,17.0057066129573,3,6,22,UP,Saiduzzaman,INC,,,,,False,6,2009,GE
1786916,Kartar Singh Bhadana,NCP,22977,9647,6.47667002349781,4,6,22,UP,Kartar Singh Bhadana,NCP,,,,,False,6,2009,GE
1786917,Dr. Yashvir Singh,SP,22952,9339,6.269889224572,5,6,22,UP,Dr. Yashvir Singh,SP,,,,,False,6,2009,GE
1786918,Digvijay Singh,IND,22955,1032,0.692849949647532,6,6,22,UP,Digvijay Singh,IND,,,,,False,6,2009,GE
1786919,Suresh Chand,RMSP,23042,967,0.649211144679422,7,6,22,UP,Suresh Chand,RMSP,,,,,False,6,2009,GE
1786920,Sabdul,IND,22955,764,0.512923799932863,8,6,22,UP,Sabdul,IND,,,,,False,6,2009,GE
1786921,Monu Kumar Ravi,IND,22955,720,0.483383685800604,9,6,22,UP,Monu Kumar Ravi,IND,,,,,False,6,2009,GE
1786922,Mohd. Afshar,ASP,22961,682,0.457871769050016,10,6,22,UP,Mohd. Afshar,ASP,,,,,False,6,2009,GE
1786923,Irfan Ali,IND,22955,577,0.387378314870762,11,6,22,UP,Irfan Ali,IND,,,,,False,6,2009,GE
1786924,Chand Kumar,IND,22955,522,0.350453172205438,12,6,22,UP,Chand Kumar,IND,,,,,False,6,2009,GE
1786925,Davender Singh,IND,22955,459,0.308157099697885,13,6,22,UP,Davender Singh,IND,,,,,False,6,2009,GE
1786926,Abdul Samad,IND,22955,396,0.265861027190332,14,6,22,UP,Abdul Samad,IND,,,,,False,6,2009,GE
1786927,Prabhat Kumar,IND,22955,340,0.228264518294729,15,6,22,UP,Prabhat Kumar,IND,,,,,False,6,2009,GE
1786928,Raj Rishi,IND,22955,335,0.224907687143336,16,6,22,UP,Raj Rishi,IND,,,,,False,6,2009,GE
1786929,Surendra Singh,IJP,22982,323,0.216851292379993,17,6,22,UP,Surendra Singh,IJP,,,,,False,6,2009,GE
1786930,Ram Giri,IND,22955,260,0.17455521987244,18,6,22,UP,Ram Giri,IND,,,,,False,6,2009,GE
1786931,Paras Ram,VAJP,22957,253,0.16985565626049,19,6,22,UP,Paras Ram,VAJP,,,,,False,6,2009,GE
1786932,Abdul Basit,KKJHS,23043,229,0.153742866733803,20,6,22,UP,Abdul Basit,KKJHS,,,,,False,6,2009,GE
1786933,Salesh Kumar Alias Sadhawi Sarlesh Giri,MKUP,23024,200,0.134273246055723,21,6,22,UP,Salesh Kumar Alias Sadhawi Sarlesh Giri,MKUP,,,,,False,6,2009,GE
1786934,Shiva Charan,IND,22955,197,0.132259147364887,22,6,22,UP,Shiva Charan,IND,,,,,False,6,2009,GE
1786935,Sagir Ahmad,NLHP,23028,165,0.110775427995971,23,6,22,UP,Sagir Ahmad,NLHP,,,,,False,6,2009,GE
1787024,Sanjay Singh Chauhan,RLD,22971,54172,39.8804440649017,1,6,23,UP,Sanjay Singh Chauhan,RLD,,,,,False,6,2009,GE
1787025,Shahid Siddiqui,BSP,22951,46087,33.9284136753143,2,6,23,UP,Shahid Siddiqui,BSP,,,,,False,6,2009,GE
1787026,Dr. Yashvir Singh,SP,22952,14351,10.564945964251,3,6,23,UP,Dr. Yashvir Singh,SP,,,,,False,6,2009,GE
1787027,Saiduzzaman,INC,22954,9094,6.69483789275302,4,6,23,UP,Saiduzzaman,INC,,,,,False,6,2009,GE
1787028,Kartar Singh Bhadana,NCP,22977,5451,4.01292735357342,5,6,23,UP,Kartar Singh Bhadana,NCP,,,,,False,6,2009,GE
1787029,Suresh Chand,RMSP,23042,856,0.630171677611237,6,6,23,UP,Suresh Chand,RMSP,,,,,False,6,2009,GE
1787030,Digvijay Singh,IND,22955,834,0.613975676551135,7,6,23,UP,Digvijay Singh,IND,,,,,False,6,2009,GE
1787031,Sabdul,IND,22955,619,0.455696575281957,8,6,23,UP,Sabdul,IND,,,,,False,6,2009,GE
1787032,Monu Kumar Ravi,IND,22955,584,0.429930209959068,9,6,23,UP,Monu Kumar Ravi,IND,,,,,False,6,2009,GE
1787033,Irfan Ali,IND,22955,513,0.377661297446921,10,6,23,UP,Irfan Ali,IND,,,,,False,6,2009,GE
1787034,Chand Kumar,IND,22955,417,0.306987838275567,11,6,23,UP,Chand Kumar,IND,,,,,False,6,2009,GE
1787035,Mohd. Afshar,ASP,22961,377,0.277540563620836,12,6,23,UP,Mohd. Afshar,ASP,,,,,False,6,2009,GE
1787036,Abdul Samad,IND,22955,355,0.261344562560735,13,6,23,UP,Abdul Samad,IND,,,,,False,6,2009,GE
1787037,Prabhat Kumar,IND,22955,308,0.226744014841426,14,6,23,UP,Prabhat Kumar,IND,,,,,False,6,2009,GE
1787038,Davender Singh,IND,22955,275,0.202450013251273,15,6,23,UP,Davender Singh,IND,,,,,False,6,2009,GE
1787039,Surendra Singh,IJP,22982,243,0.178892193527489,16,6,23,UP,Surendra Singh,IJP,,,,,False,6,2009,GE
1787040,Abdul Basit,KKJHS,23043,240,0.176683647928384,17,6,23,UP,Abdul Basit,KKJHS,,,,,False,6,2009,GE
1787041,Paras Ram,VAJP,22957,238,0.175211284195647,18,6,23,UP,Paras Ram,VAJP,,,,,False,6,2009,GE
1787042,Raj Rishi,IND,22955,181,0.133248917812656,19,6,23,UP,Raj Rishi,IND,,,,,False,6,2009,GE
1787043,Ram Giri,IND,22955,178,0.131040372213551,20,6,23,UP,Ram Giri,IND,,,,,False,6,2009,GE
1787044,Salesh Kumar Alias Sadhawi Sarlesh Giri,MKUP,23024,159,0.117052916752554,21,6,23,UP,Salesh Kumar Alias Sadhawi Sarlesh Giri,MKUP,,,,,False,6,2009,GE
1787045,Sagir Ahmad,NLHP,23028,156,0.114844371153449,22,6,23,UP,Sagir Ahmad,NLHP,,,,,False,6,2009,GE
1787046,Shiva Charan,IND,22955,148,0.108954916222503,23,6,23,UP,Shiva Charan,IND,,,,,False,6,2009,GE
1787123,Yashvir Singh,SP,22952,50830,39.5896940619353,1,6,24,UP,Yashvir Singh,SP,,,,,False,6,2009,GE
1787124,Munsiram,RLD,22971,35298,27.4923671256776,2,6,24,UP,Munsiram,RLD,,,,,False,6,2009,GE
1787125,Ram Kishan Singh,BSP,22951,29834,23.236650258583,3,6,24,UP,Ram Kishan Singh,BSP,,,,,False,6,2009,GE
1787126,Isam Singh,INC,22954,5665,4.41226867717614,4,6,24,UP,Isam Singh,INC,,,,,False,6,2009,GE
1787127,Ram Chander,IND,22955,2015,1.56941242445012,5,6,24,UP,Ram Chander,IND,,,,,False,6,2009,GE
1787128,Yadram,IND,22955,1081,0.841952769642968,6,6,24,UP,Yadram,IND,,,,,False,6,2009,GE
1787129,Ranjeet,NBNP,23061,982,0.764845161692317,7,6,24,UP,Ranjeet,NBNP,,,,,False,6,2009,GE
1787130,Udit Raj,IJP,22982,725,0.564676926911334,8,6,24,UP,Udit Raj,IJP,,,,,False,6,2009,GE
1787131,Bhisham Prasad,IND,22955,467,0.363729827403576,9,6,24,UP,Bhisham Prasad,IND,,,,,False,6,2009,GE
1787132,Vijay Prakash,PECP,22956,403,0.313882484890024,10,6,24,UP,Vijay Prakash,PECP,,,,,False,6,2009,GE
1787133,Babli Alias Gulsan Jahan,NELU,23029,383,0.298305190354539,11,6,24,UP,Babli Alias Gulsan Jahan,NELU,,,,,False,6,2009,GE
1787134,Asarpat Singh,IND,22955,262,0.204062558414854,12,6,24,UP,Asarpat Singh,IND,,,,,False,6,2009,GE
1787135,Nobahar Singh,IND,22955,249,0.193937316966789,13,6,24,UP,Nobahar Singh,IND,,,,,False,6,2009,GE
1787136,Tej Singh,ASP,22961,198,0.154215215901302,14,6,24,UP,Tej Singh,ASP,,,,,False,6,2009,GE
1787202,Mohammed Azharuddin,INC,22954,60197,39.8515752749035,1,6,25,UP,Mohammed Azharuddin,INC,,,,,False,6,2009,GE
1787203,Kunwar Sarvesh Kumar Alias,BJP,22953,45900,30.3866854680145,2,6,25,UP,Kunwar Sarvesh Kumar Alias,BJP,,,,,False,6,2009,GE
1787204,Rajiv Channa,BSP,22951,31519,20.8661860406612,3,6,25,UP,Rajiv Channa,BSP,,,,,False,6,2009,GE
1787205,Mohammad Rizwan,SP,22952,5985,3.96218545808424,4,6,25,UP,Mohammad Rizwan,SP,,,,,False,6,2009,GE
1787206,Hariom Balmiki,IND,22955,1354,0.896374120341866,5,6,25,UP,Hariom Balmiki,IND,,,,,False,6,2009,GE
1787207,Sagir Husain,IND,22955,999,0.661357271950904,6,6,25,UP,Sagir Husain,IND,,,,,False,6,2009,GE
1787208,Farid Jabbar,IND,22955,639,0.423030327103731,7,6,25,UP,Farid Jabbar,IND,,,,,False,6,2009,GE
1787209,Har Swaroop Sharma,RSMD,23062,621,0.411113979861373,8,6,25,UP,Har Swaroop Sharma,RSMD,,,,,False,6,2009,GE
1787210,Rinki Saini,IND,22955,557,0.368744745221875,9,6,25,UP,Rinki Saini,IND,,,,,False,6,2009,GE
1787211,Mohammad Yunus,IND,22955,544,0.360138494435727,10,6,25,UP,Mohammad Yunus,IND,,,,,False,6,2009,GE
1787212,Rishi Pal,ABHM,22976,539,0.356828397979517,11,6,25,UP,Rishi Pal,ABHM,,,,,False,6,2009,GE
1787213,Muhammed Zafar Iqbal,IND,22955,531,0.351532243649579,12,6,25,UP,Muhammed Zafar Iqbal,IND,,,,,False,6,2009,GE
1787214,Shakeel Ahmed,NLHP,23028,471,0.311811086175051,13,6,25,UP,Shakeel Ahmed,NLHP,,,,,False,6,2009,GE
1787215,Sanjay Kumar Urf Sanjay Kumar Goswami,IND,22955,429,0.28400627594288,14,6,25,UP,Sanjay Kumar Urf Sanjay Kumar Goswami,IND,,,,,False,6,2009,GE
1787216,Patram,IND,22955,237,0.156898572024388,15,6,25,UP,Patram,IND,,,,,False,6,2009,GE
1787217,Tota Ram,IND,22955,210,0.13902405116085,16,6,25,UP,Tota Ram,IND,,,,,False,6,2009,GE
1787218,Jahid,IND,22955,169,0.111881260219922,17,6,25,UP,Jahid,IND,,,,,False,6,2009,GE
1787219,Nathu Singh,IND,22955,152,0.100626932268806,18,6,25,UP,Nathu Singh,IND,,,,,False,6,2009,GE
1787318,Kunwar Sarvesh Kumar Alias,BJP,22953,73381,43.2181728232189,1,6,26,UP,Kunwar Sarvesh Kumar Alias,BJP,,,,,False,6,2009,GE
1787319,Mohammed Azharuddin,INC,22954,54685,32.2070533358462,2,6,26,UP,Mohammed Azharuddin,INC,,,,,False,6,2009,GE
1787320,Rajiv Channa,BSP,22951,31410,18.4991047870335,3,6,26,UP,Rajiv Channa,BSP,,,,,False,6,2009,GE
1787321,Mohammad Rizwan,SP,22952,3530,2.07901432340746,4,6,26,UP,Mohammad Rizwan,SP,,,,,False,6,2009,GE
1787322,Hariom Balmiki,IND,22955,1143,0.67317659253675,5,6,26,UP,Hariom Balmiki,IND,,,,,False,6,2009,GE
1787323,Sagir Husain,IND,22955,928,0.546551074255559,6,6,26,UP,Sagir Husain,IND,,,,,False,6,2009,GE
1787324,Rishi Pal,ABHM,22976,728,0.428759894459102,7,6,26,UP,Rishi Pal,ABHM,,,,,False,6,2009,GE
1787325,Farid Jabbar,IND,22955,712,0.419336600075386,8,6,26,UP,Farid Jabbar,IND,,,,,False,6,2009,GE
1787326,Muhammed Zafar Iqbal,IND,22955,621,0.365741613267998,9,6,26,UP,Muhammed Zafar Iqbal,IND,,,,,False,6,2009,GE
1787327,Rinki Saini,IND,22955,429,0.252662080663399,10,6,26,UP,Rinki Saini,IND,,,,,False,6,2009,GE
1787328,Mohammad Yunus,IND,22955,422,0.248539389370523,11,6,26,UP,Mohammad Yunus,IND,,,,,False,6,2009,GE
1787329,Shakeel Ahmed,NLHP,23028,389,0.229103844704108,12,6,26,UP,Shakeel Ahmed,NLHP,,,,,False,6,2009,GE
1787330,Sanjay Kumar Urf Sanjay Kumar Goswami,IND,22955,380,0.223803241613267,13,6,26,UP,Sanjay Kumar Urf Sanjay Kumar Goswami,IND,,,,,False,6,2009,GE
1787331,Har Swaroop Sharma,RSMD,23062,307,0.180809460987561,14,6,26,UP,Har Swaroop Sharma,RSMD,,,,,False,6,2009,GE
1787332,Tota Ram,IND,22955,230,0.135459856765925,15,6,26,UP,Tota Ram,IND,,,,,False,6,2009,GE
1787333,Patram,IND,22955,182,0.107189973614775,16,6,26,UP,Patram,IND,,,,,False,6,2009,GE
1787334,Jahid,IND,22955,158,0.0930550320392009,17,6,26,UP,Jahid,IND,,,,,False,6,2009,GE
1787335,Nathu Singh,IND,22955,157,0.0924660761402186,18,6,26,UP,Nathu Singh,IND,,,,,False,6,2009,GE
1787419,Mohammed Azharuddin,INC,22954,73281,56.134666207055,1,6,27,UP,Mohammed Azharuddin,INC,,,,,False,6,2009,GE
1787420,Kunwar Sarvesh Kumar Alias,BJP,22953,30668,23.4922823547435,2,6,27,UP,Kunwar Sarvesh Kumar Alias,BJP,,,,,False,6,2009,GE
1787421,Rajiv Channa,BSP,22951,17728,13.5799915737868,3,6,27,UP,Rajiv Channa,BSP,,,,,False,6,2009,GE
1787422,Mohammad Rizwan,SP,22952,3571,2.73545520701673,4,6,27,UP,Mohammad Rizwan,SP,,,,,False,6,2009,GE
1787423,Hariom Balmiki,IND,22955,1067,0.817342678769772,5,6,27,UP,Hariom Balmiki,IND,,,,,False,6,2009,GE
1787424,Sagir Husain,IND,22955,923,0.707035888007966,6,6,27,UP,Sagir Husain,IND,,,,,False,6,2009,GE
1787425,Shakeel Ahmed,NLHP,23028,875,0.670266957754031,7,6,27,UP,Shakeel Ahmed,NLHP,,,,,False,6,2009,GE
1787426,Rinki Saini,IND,22955,387,0.296449500172354,8,6,27,UP,Rinki Saini,IND,,,,,False,6,2009,GE
1787427,Sanjay Kumar Urf Sanjay Kumar Goswami,IND,22955,318,0.243594162932322,9,6,27,UP,Sanjay Kumar Urf Sanjay Kumar Goswami,IND,,,,,False,6,2009,GE
1787428,Farid Jabbar,IND,22955,315,0.241296104791451,10,6,27,UP,Farid Jabbar,IND,,,,,False,6,2009,GE
1787429,Muhammed Zafar Iqbal,IND,22955,294,0.225209697805354,11,6,27,UP,Muhammed Zafar Iqbal,IND,,,,,False,6,2009,GE
1787430,Rishi Pal,ABHM,22976,282,0.21601746524187,12,6,27,UP,Rishi Pal,ABHM,,,,,False,6,2009,GE
1787431,Mohammad Yunus,IND,22955,281,0.21525144586158,13,6,27,UP,Mohammad Yunus,IND,,,,,False,6,2009,GE
1787432,Har Swaroop Sharma,RSMD,23062,148,0.113370868282967,14,6,27,UP,Har Swaroop Sharma,RSMD,,,,,False,6,2009,GE
1787433,Tota Ram,IND,22955,116,0.0888582481136772,15,6,27,UP,Tota Ram,IND,,,,,False,6,2009,GE
1787434,Jahid,IND,22955,101,0.0773679574093224,16,6,27,UP,Jahid,IND,,,,,False,6,2009,GE
1787435,Patram,IND,22955,99,0.0758359186487418,17,6,27,UP,Patram,IND,,,,,False,6,2009,GE
1787436,Nathu Singh,IND,22955,91,0.0697077636064192,18,6,27,UP,Nathu Singh,IND,,,,,False,6,2009,GE
1787535,Mohammed Azharuddin,INC,22954,77864,50.9028150046415,1,6,28,UP,Mohammed Azharuddin,INC,,,,,False,6,2009,GE
1787536,Kunwar Sarvesh Kumar Alias,BJP,22953,45327,29.6320751016565,2,6,28,UP,Kunwar Sarvesh Kumar Alias,BJP,,,,,False,6,2009,GE
1787537,Rajiv Channa,BSP,22951,21654,14.1560869735758,3,6,28,UP,Rajiv Channa,BSP,,,,,False,6,2009,GE
1787538,Mohammad Rizwan,SP,22952,3636,2.37699881019311,4,6,28,UP,Mohammad Rizwan,SP,,,,,False,6,2009,GE
1787539,Hariom Balmiki,IND,22955,1058,0.691656969522639,5,6,28,UP,Hariom Balmiki,IND,,,,,False,6,2009,GE
1787540,Sagir Husain,IND,22955,957,0.625629224795052,6,6,28,UP,Sagir Husain,IND,,,,,False,6,2009,GE
1787541,Rinki Saini,IND,22955,327,0.213772995306146,7,6,28,UP,Rinki Saini,IND,,,,,False,6,2009,GE
1787542,Sanjay Kumar Urf Sanjay Kumar Goswami,IND,22955,312,0.203966894604029,8,6,28,UP,Sanjay Kumar Urf Sanjay Kumar Goswami,IND,,,,,False,6,2009,GE
1787543,Rishi Pal,ABHM,22976,311,0.203313154557221,9,6,28,UP,Rishi Pal,ABHM,,,,,False,6,2009,GE
1787544,Farid Jabbar,IND,22955,280,0.18304721310618,10,6,28,UP,Farid Jabbar,IND,,,,,False,6,2009,GE
1787545,Muhammed Zafar Iqbal,IND,22955,244,0.1595125714211,11,6,28,UP,Muhammed Zafar Iqbal,IND,,,,,False,6,2009,GE
1787546,Shakeel Ahmed,NLHP,23028,244,0.1595125714211,11,6,28,UP,Shakeel Ahmed,NLHP,,,,,False,6,2009,GE
1787547,Mohammad Yunus,IND,22955,232,0.151667690859406,13,6,28,UP,Mohammad Yunus,IND,,,,,False,6,2009,GE
1787548,Patram,IND,22955,126,0.0823712458977812,14,6,28,UP,Patram,IND,,,,,False,6,2009,GE
1787549,Tota Ram,IND,22955,121,0.0791025456637422,15,6,28,UP,Tota Ram,IND,,,,,False,6,2009,GE
1787550,Har Swaroop Sharma,RSMD,23062,110,0.0719114051488566,16,6,28,UP,Har Swaroop Sharma,RSMD,,,,,False,6,2009,GE
1787551,Nathu Singh,IND,22955,87,0.0568753840722775,17,6,28,UP,Nathu Singh,IND,,,,,False,6,2009,GE
1787552,Jahid,IND,22955,76,0.0496842435573918,18,6,28,UP,Jahid,IND,,,,,False,6,2009,GE
1787643,Dr Shafiq- Ur Rahman Barq,BSP,22951,36816,29.1533369231256,1,6,29,UP,Dr Shafiq- Ur Rahman Barq,BSP,,,,,False,6,2009,GE
1787644,Chandra Vijay,INC,22954,33542,26.5607677932279,2,6,29,UP,Chandra Vijay,INC,,,,,False,6,2009,GE
1787645,Iqbal Mehmood,SP,22952,32642,25.8480884355896,3,6,29,UP,Iqbal Mehmood,SP,,,,,False,6,2009,GE
1787646,Chandra Pal Singh,BJP,22953,18014,14.2646732761078,4,6,29,UP,Chandra Pal Singh,BJP,,,,,False,6,2009,GE
1787647,Subhanur Rahman,IND,22955,1988,1.57422951442779,5,6,29,UP,Subhanur Rahman,IND,,,,,False,6,2009,GE
1787648,Haji Rashid Husain,MUL,23057,879,0.696050172626777,6,6,29,UP,Haji Rashid Husain,MUL,,,,,False,6,2009,GE
1787649,Vrihamadev,IND,22955,841,0.665959266415381,7,6,29,UP,Vrihamadev,IND,,,,,False,6,2009,GE
1787650,Ashok,NBNP,23061,563,0.445820531500427,8,6,29,UP,Ashok,NBNP,,,,,False,6,2009,GE
1787651,Dr. Praveen Kumar,IND,22955,441,0.349212885242786,9,6,29,UP,Dr. Praveen Kumar,IND,,,,,False,6,2009,GE
1787652,Puttan Khan,NLHP,23028,283,0.224098064679611,10,6,29,UP,Puttan Khan,NLHP,,,,,False,6,2009,GE
1787653,Mohammad Haseeb,BPC,23099,275,0.217763137056159,11,6,29,UP,Mohammad Haseeb,BPC,,,,,False,6,2009,GE
1787736,Iqbal Mehmood,SP,22952,41248,30.2094624285923,1,6,30,UP,Iqbal Mehmood,SP,,,,,False,6,2009,GE
1787737,Dr Shafiq- Ur Rahman Barq,BSP,22951,35134,25.7316537278453,2,6,30,UP,Dr Shafiq- Ur Rahman Barq,BSP,,,,,False,6,2009,GE
1787738,Chandra Vijay,INC,22954,31075,22.7588984912846,3,6,30,UP,Chandra Vijay,INC,,,,,False,6,2009,GE
1787739,Chandra Pal Singh,BJP,22953,23746,17.391240662077,4,6,30,UP,Chandra Pal Singh,BJP,,,,,False,6,2009,GE
1787740,Subhanur Rahman,IND,22955,2375,1.73941702065328,5,6,30,UP,Subhanur Rahman,IND,,,,,False,6,2009,GE
1787741,Vrihamadev,IND,22955,817,0.598359455104731,6,6,30,UP,Vrihamadev,IND,,,,,False,6,2009,GE
1787742,Ashok,NBNP,23061,591,0.432840193349934,7,6,30,UP,Ashok,NBNP,,,,,False,6,2009,GE
1787743,Haji Rashid Husain,MUL,23057,504,0.369122601435476,8,6,30,UP,Haji Rashid Husain,MUL,,,,,False,6,2009,GE
1787744,Dr. Praveen Kumar,IND,22955,425,0.311264098432693,9,6,30,UP,Dr. Praveen Kumar,IND,,,,,False,6,2009,GE
1787745,Puttan Khan,NLHP,23028,339,0.248278892632195,10,6,30,UP,Puttan Khan,NLHP,,,,,False,6,2009,GE
1787746,Mohammad Haseeb,BPC,23099,286,0.209462428592353,11,6,30,UP,Mohammad Haseeb,BPC,,,,,False,6,2009,GE
1787823,Chandra Pal Singh,BJP,22953,39224,30.245595095809,1,6,31,UP,Chandra Pal Singh,BJP,,,,,False,6,2009,GE
1787824,Dr Shafiq- Ur Rahman Barq,BSP,22951,31705,24.4477001966302,2,6,31,UP,Dr Shafiq- Ur Rahman Barq,BSP,,,,,False,6,2009,GE
1787825,Chandra Vijay,INC,22954,30450,23.4799706982303,3,6,31,UP,Chandra Vijay,INC,,,,,False,6,2009,GE
1787826,Iqbal Mehmood,SP,22952,23534,18.1470486178046,4,6,31,UP,Iqbal Mehmood,SP,,,,,False,6,2009,GE
1787827,Subhanur Rahman,IND,22955,1939,1.495161352508,5,6,31,UP,Subhanur Rahman,IND,,,,,False,6,2009,GE
1787828,Vrihamadev,IND,22955,1032,0.79577437637352,6,6,31,UP,Vrihamadev,IND,,,,,False,6,2009,GE
1787829,Ashok,NBNP,23061,527,0.406369279407795,7,6,31,UP,Ashok,NBNP,,,,,False,6,2009,GE
1787830,Dr. Praveen Kumar,IND,22955,445,0.343139144850985,8,6,31,UP,Dr. Praveen Kumar,IND,,,,,False,6,2009,GE
1787831,Haji Rashid Husain,MUL,23057,358,0.276053514284612,9,6,31,UP,Haji Rashid Husain,MUL,,,,,False,6,2009,GE
1787832,Mohammad Haseeb,BPC,23099,236,0.181979411651308,10,6,31,UP,Mohammad Haseeb,BPC,,,,,False,6,2009,GE
1787833,Puttan Khan,NLHP,23028,235,0.181208312449396,11,6,31,UP,Puttan Khan,NLHP,,,,,False,6,2009,GE
1787908,Iqbal Mehmood,SP,22952,53504,35.0634371395617,1,6,32,UP,Iqbal Mehmood,SP,,,,,False,6,2009,GE
1787909,Dr Shafiq- Ur Rahman Barq,BSP,22951,50329,32.9827251756317,2,6,32,UP,Dr Shafiq- Ur Rahman Barq,BSP,,,,,False,6,2009,GE
1787910,Chandra Pal Singh,BJP,22953,22610,14.8172905525846,3,6,32,UP,Chandra Pal Singh,BJP,,,,,False,6,2009,GE
1787911,Chandra Vijay,INC,22954,19415,12.7234717416378,4,6,32,UP,Chandra Vijay,INC,,,,,False,6,2009,GE
1787912,Subhanur Rahman,IND,22955,2805,1.83823529411764,5,6,32,UP,Subhanur Rahman,IND,,,,,False,6,2009,GE
1787913,Haji Rashid Husain,MUL,23057,1184,0.775925343399391,6,6,32,UP,Haji Rashid Husain,MUL,,,,,False,6,2009,GE
1787914,Vrihamadev,IND,22955,909,0.595706196917269,7,6,32,UP,Vrihamadev,IND,,,,,False,6,2009,GE
1787915,Ashok,NBNP,23061,805,0.527550592429485,8,6,32,UP,Ashok,NBNP,,,,,False,6,2009,GE
1787916,Dr. Praveen Kumar,IND,22955,445,0.291627346125616,9,6,32,UP,Dr. Praveen Kumar,IND,,,,,False,6,2009,GE
1787917,Mohammad Haseeb,BPC,23099,331,0.21691831812939,10,6,32,UP,Mohammad Haseeb,BPC,,,,,False,6,2009,GE
1787918,Puttan Khan,NLHP,23028,255,0.16711229946524,11,6,32,UP,Puttan Khan,NLHP,,,,,False,6,2009,GE
1788003,Dr Shafiq- Ur Rahman Barq,BSP,22951,53349,39.0526177090653,1,6,33,UP,Dr Shafiq- Ur Rahman Barq,BSP,,,,,False,6,2009,GE
1788004,Iqbal Mehmood,SP,22952,42994,31.4725345514171,2,6,33,UP,Iqbal Mehmood,SP,,,,,False,6,2009,GE
1788005,Chandra Pal Singh,BJP,22953,19515,14.2854005621925,3,6,33,UP,Chandra Pal Singh,BJP,,,,,False,6,2009,GE
1788006,Chandra Vijay,INC,22954,14715,10.7716971187631,4,6,33,UP,Chandra Vijay,INC,,,,,False,6,2009,GE
1788007,Subhanur Rahman,IND,22955,2036,1.49039587725462,5,6,33,UP,Subhanur Rahman,IND,,,,,False,6,2009,GE
1788008,Haji Rashid Husain,MUL,23057,1901,1.39157296790817,6,6,33,UP,Haji Rashid Husain,MUL,,,,,False,6,2009,GE
1788009,Vrihamadev,IND,22955,697,0.510219020847973,7,6,33,UP,Vrihamadev,IND,,,,,False,6,2009,GE
1788010,Ashok,NBNP,23061,566,0.41432419770438,8,6,33,UP,Ashok,NBNP,,,,,False,6,2009,GE
1788011,Dr. Praveen Kumar,IND,22955,343,0.251083391895057,9,6,33,UP,Dr. Praveen Kumar,IND,,,,,False,6,2009,GE
1788012,Mohammad Haseeb,BPC,23099,298,0.218142422112907,10,6,33,UP,Mohammad Haseeb,BPC,,,,,False,6,2009,GE
1788013,Puttan Khan,NLHP,23028,194,0.142012180838603,11,6,33,UP,Puttan Khan,NLHP,,,,,False,6,2009,GE
1788091,Begum Noor Bano Urf Mehtab,INC,22954,41587,37.5798595736605,1,6,34,UP,Begum Noor Bano Urf Mehtab,INC,,,,,False,6,2009,GE
1788092,Jayaprada Nahata,SP,22952,28347,25.6156077460397,2,6,34,UP,Jayaprada Nahata,SP,,,,,False,6,2009,GE
1788093,Mukhtar Abbas Naqvi,BJP,22953,23009,20.7919539502814,3,6,34,UP,Mukhtar Abbas Naqvi,BJP,,,,,False,6,2009,GE
1788094,Ghan Shyam Singh Lodhi,BSP,22951,14633,13.2230284738349,4,6,34,UP,Ghan Shyam Singh Lodhi,BSP,,,,,False,6,2009,GE
1788095,Shakkan Khan,IND,22955,599,0.541282994316076,5,6,34,UP,Shakkan Khan,IND,,,,,False,6,2009,GE
1788096,Deepchand Gupta,JKD,23108,478,0.431942022175433,6,6,34,UP,Deepchand Gupta,JKD,,,,,False,6,2009,GE
1788097,Tariq Mian Deshmukh,IND,22955,462,0.417483711809728,7,6,34,UP,Tariq Mian Deshmukh,IND,,,,,False,6,2009,GE
1788098,Bholey Khan,IND,22955,353,0.318986472443364,8,6,34,UP,Bholey Khan,IND,,,,,False,6,2009,GE
1788099,Jagdish Saran Sagar,IND,22955,304,0.274707896948392,9,6,34,UP,Jagdish Saran Sagar,IND,,,,,False,6,2009,GE
1788100,Sameena Bi,RSBP,22959,157,0.141872170463479,10,6,34,UP,Sameena Bi,RSBP,,,,,False,6,2009,GE
1788101,Sifaat Ali Khan,IUML,23109,147,0.132835726484913,11,6,34,UP,Sifaat Ali Khan,IUML,,,,,False,6,2009,GE
1788102,Sanjeev Kumar,AD,23110,134,0.121088349312778,12,6,34,UP,Sanjeev Kumar,AD,,,,,False,6,2009,GE
1788103,Shripal Gupta,BSP(K),23111,132,0.119281060517065,13,6,34,UP,Shripal Gupta,BSP(K),,,,,False,6,2009,GE
1788104,Gendan Lal,IND,22955,123,0.111148260936356,14,6,34,UP,Gendan Lal,IND,,,,,False,6,2009,GE
1788105,Kapil Dev,IND,22955,117,0.105726394549216,15,6,34,UP,Kapil Dev,IND,,,,,False,6,2009,GE
1788106,Arif Sikandar Urf Raju Mian,IND,22955,81,0.0731951962263809,16,6,34,UP,Arif Sikandar Urf Raju Mian,IND,,,,,False,6,2009,GE
1788173,Jayaprada Nahata,SP,22952,41047,38.0618120786699,1,6,35,UP,Jayaprada Nahata,SP,,,,,False,6,2009,GE
1788174,Begum Noor Bano Urf Mehtab,INC,22954,39181,36.3315189673877,2,6,35,UP,Begum Noor Bano Urf Mehtab,INC,,,,,False,6,2009,GE
1788175,Ghan Shyam Singh Lodhi,BSP,22951,16738,15.5207106627226,3,6,35,UP,Ghan Shyam Singh Lodhi,BSP,,,,,False,6,2009,GE
1788176,Mukhtar Abbas Naqvi,BJP,22953,7412,6.87295420194171,4,6,35,UP,Mukhtar Abbas Naqvi,BJP,,,,,False,6,2009,GE
1788177,Shakkan Khan,IND,22955,767,0.71121908700611,5,6,35,UP,Shakkan Khan,IND,,,,,False,6,2009,GE
1788178,Bholey Khan,IND,22955,529,0.490527897035505,6,6,35,UP,Bholey Khan,IND,,,,,False,6,2009,GE
1788179,Deepchand Gupta,JKD,23108,508,0.471055144979275,7,6,35,UP,Deepchand Gupta,JKD,,,,,False,6,2009,GE
1788180,Tariq Mian Deshmukh,IND,22955,494,0.458073310275122,8,6,35,UP,Tariq Mian Deshmukh,IND,,,,,False,6,2009,GE
1788181,Jagdish Saran Sagar,IND,22955,258,0.239236668119395,9,6,35,UP,Jagdish Saran Sagar,IND,,,,,False,6,2009,GE
1788182,Sameena Bi,RSBP,22959,172,0.159491112079597,10,6,35,UP,Sameena Bi,RSBP,,,,,False,6,2009,GE
1788183,Sifaat Ali Khan,IUML,23109,165,0.15300019472752,11,6,35,UP,Sifaat Ali Khan,IUML,,,,,False,6,2009,GE
1788184,Shripal Gupta,BSP(K),23111,139,0.128891073134093,12,6,35,UP,Shripal Gupta,BSP(K),,,,,False,6,2009,GE
1788185,Kapil Dev,IND,22955,133,0.123327429689455,13,6,35,UP,Kapil Dev,IND,,,,,False,6,2009,GE
1788186,Gendan Lal,IND,22955,115,0.106636499355544,14,6,35,UP,Gendan Lal,IND,,,,,False,6,2009,GE
1788187,Arif Sikandar Urf Raju Mian,IND,22955,93,0.0862364733918752,15,6,35,UP,Arif Sikandar Urf Raju Mian,IND,,,,,False,6,2009,GE
1788188,Sanjeev Kumar,AD,23110,92,0.0853091994844357,16,6,35,UP,Sanjeev Kumar,AD,,,,,False,6,2009,GE
1788259,Jayaprada Nahata,SP,22952,55935,40.1618392521217,1,6,36,UP,Jayaprada Nahata,SP,,,,,False,6,2009,GE
1788260,Begum Noor Bano Urf Mehtab,INC,22954,41359,29.6961385470367,2,6,36,UP,Begum Noor Bano Urf Mehtab,INC,,,,,False,6,2009,GE
1788261,Ghan Shyam Singh Lodhi,BSP,22951,26463,19.000674928558,3,6,36,UP,Ghan Shyam Singh Lodhi,BSP,,,,,False,6,2009,GE
1788262,Mukhtar Abbas Naqvi,BJP,22953,11153,8.00795554087625,4,6,36,UP,Mukhtar Abbas Naqvi,BJP,,,,,False,6,2009,GE
1788263,Shakkan Khan,IND,22955,964,0.692160776598647,5,6,36,UP,Shakkan Khan,IND,,,,,False,6,2009,GE
1788264,Bholey Khan,IND,22955,876,0.628975975415368,6,6,36,UP,Bholey Khan,IND,,,,,False,6,2009,GE
1788265,Deepchand Gupta,JKD,23108,613,0.440139580969886,7,6,36,UP,Deepchand Gupta,JKD,,,,,False,6,2009,GE
1788266,Tariq Mian Deshmukh,IND,22955,477,0.342490342777546,8,6,36,UP,Tariq Mian Deshmukh,IND,,,,,False,6,2009,GE
1788267,Jagdish Saran Sagar,IND,22955,281,0.201760558323879,9,6,36,UP,Jagdish Saran Sagar,IND,,,,,False,6,2009,GE
1788269,Kapil Dev,IND,22955,204,0.14647385728851,10,6,36,UP,Kapil Dev,IND,,,,,False,6,2009,GE
1788268,Sanjeev Kumar,AD,23110,204,0.14647385728851,10,6,36,UP,Sanjeev Kumar,AD,,,,,False,6,2009,GE
1788270,Sifaat Ali Khan,IUML,23109,173,0.124215575053491,12,6,36,UP,Sifaat Ali Khan,IUML,,,,,False,6,2009,GE
1788271,Gendan Lal,IND,22955,155,0.111291411175093,13,6,36,UP,Gendan Lal,IND,,,,,False,6,2009,GE
1788272,Shripal Gupta,BSP(K),23111,154,0.110573402070738,14,6,36,UP,Shripal Gupta,BSP(K),,,,,False,6,2009,GE
1788273,Sameena Bi,RSBP,22959,133,0.0954952108792739,15,6,36,UP,Sameena Bi,RSBP,,,,,False,6,2009,GE
1788274,Arif Sikandar Urf Raju Mian,IND,22955,130,0.0933411835662076,16,6,36,UP,Arif Sikandar Urf Raju Mian,IND,,,,,False,6,2009,GE
1788342,Jayaprada Nahata,SP,22952,53507,47.007713527665,1,6,37,UP,Jayaprada Nahata,SP,,,,,False,6,2009,GE
1788343,Begum Noor Bano Urf Mehtab,INC,22954,42098,36.9845202326357,2,6,37,UP,Begum Noor Bano Urf Mehtab,INC,,,,,False,6,2009,GE
1788344,Mukhtar Abbas Naqvi,BJP,22953,7805,6.85695710997487,3,6,37,UP,Mukhtar Abbas Naqvi,BJP,,,,,False,6,2009,GE
1788345,Ghan Shyam Singh Lodhi,BSP,22951,7639,6.7111204821394,4,6,37,UP,Ghan Shyam Singh Lodhi,BSP,,,,,False,6,2009,GE
1788346,Shakkan Khan,IND,22955,548,0.481436578637569,5,6,37,UP,Shakkan Khan,IND,,,,,False,6,2009,GE
1788347,Bholey Khan,IND,22955,491,0.431360146188041,6,6,37,UP,Bholey Khan,IND,,,,,False,6,2009,GE
1788348,Deepchand Gupta,JKD,23108,464,0.407639730817212,7,6,37,UP,Deepchand Gupta,JKD,,,,,False,6,2009,GE
1788349,Tariq Mian Deshmukh,IND,22955,348,0.305729798112909,8,6,37,UP,Tariq Mian Deshmukh,IND,,,,,False,6,2009,GE
1788350,Sifaat Ali Khan,IUML,23109,199,0.174828246622037,9,6,37,UP,Sifaat Ali Khan,IUML,,,,,False,6,2009,GE
1788351,Jagdish Saran Sagar,IND,22955,158,0.138808356614481,10,6,37,UP,Jagdish Saran Sagar,IND,,,,,False,6,2009,GE
1788352,Sameena Bi,RSBP,22959,123,0.108059670022666,11,6,37,UP,Sameena Bi,RSBP,,,,,False,6,2009,GE
1788353,Shripal Gupta,BSP(K),23111,98,0.0860963224570836,12,6,37,UP,Shripal Gupta,BSP(K),,,,,False,6,2009,GE
1788354,Gendan Lal,IND,22955,97,0.0852177885544603,13,6,37,UP,Gendan Lal,IND,,,,,False,6,2009,GE
1788355,Sanjeev Kumar,AD,23110,92,0.0808251190413438,14,6,37,UP,Sanjeev Kumar,AD,,,,,False,6,2009,GE
1788356,Kapil Dev,IND,22955,81,0.0711612461124874,15,6,37,UP,Kapil Dev,IND,,,,,False,6,2009,GE
1788357,Arif Sikandar Urf Raju Mian,IND,22955,78,0.0685256444046175,16,6,37,UP,Arif Sikandar Urf Raju Mian,IND,,,,,False,6,2009,GE
1788418,Jayaprada Nahata,SP,22952,51887,38.5584875935407,1,6,38,UP,Jayaprada Nahata,SP,,,,,False,6,2009,GE
1788419,Begum Noor Bano Urf Mehtab,INC,22954,35566,26.4299568244814,2,6,38,UP,Begum Noor Bano Urf Mehtab,INC,,,,,False,6,2009,GE
1788420,Ghan Shyam Singh Lodhi,BSP,22951,29659,22.040321921422,3,6,38,UP,Ghan Shyam Singh Lodhi,BSP,,,,,False,6,2009,GE
1788421,Mukhtar Abbas Naqvi,BJP,22953,12123,9.00889519718801,4,6,38,UP,Mukhtar Abbas Naqvi,BJP,,,,,False,6,2009,GE
1788422,Shakkan Khan,IND,22955,1225,0.910327197604167,5,6,38,UP,Shakkan Khan,IND,,,,,False,6,2009,GE
1788423,Bholey Khan,IND,22955,902,0.670298067133844,6,6,38,UP,Bholey Khan,IND,,,,,False,6,2009,GE
1788424,Deepchand Gupta,JKD,23108,724,0.538021951890136,7,6,38,UP,Deepchand Gupta,JKD,,,,,False,6,2009,GE
1788425,Tariq Mian Deshmukh,IND,22955,574,0.426553315448809,8,6,38,UP,Tariq Mian Deshmukh,IND,,,,,False,6,2009,GE
1788426,Jagdish Saran Sagar,IND,22955,381,0.283130336560969,9,6,38,UP,Jagdish Saran Sagar,IND,,,,,False,6,2009,GE
1788427,Shripal Gupta,BSP(K),23111,302,0.224423521368537,10,6,38,UP,Shripal Gupta,BSP(K),,,,,False,6,2009,GE
1788428,Kapil Dev,IND,22955,300,0.222937272882653,11,6,38,UP,Kapil Dev,IND,,,,,False,6,2009,GE
1788429,Sanjeev Kumar,AD,23110,254,0.188753557707313,12,6,38,UP,Sanjeev Kumar,AD,,,,,False,6,2009,GE
1788430,Sifaat Ali Khan,IUML,23109,202,0.150111097074319,13,6,38,UP,Sifaat Ali Khan,IUML,,,,,False,6,2009,GE
1788431,Gendan Lal,IND,22955,186,0.138221109187245,14,6,38,UP,Gendan Lal,IND,,,,,False,6,2009,GE
1788432,Sameena Bi,RSBP,22959,153,0.113698009170153,15,6,38,UP,Sameena Bi,RSBP,,,,,False,6,2009,GE
1788433,Arif Sikandar Urf Raju Mian,IND,22955,129,0.0958630273395408,16,6,38,UP,Arif Sikandar Urf Raju Mian,IND,,,,,False,6,2009,GE
1788498,Devendra Nagpal,RLD,22971,74923,48.0562129987749,1,6,39,UP,Devendra Nagpal,RLD,,,,,False,6,2009,GE
1788499,Mehboob Ali,SP,22952,37559,24.0906437812285,2,6,39,UP,Mehboob Ali,SP,,,,,False,6,2009,GE
1788500,Maudood Madni,BSP,22951,33161,21.2697313141808,3,6,39,UP,Maudood Madni,BSP,,,,,False,6,2009,GE
1788501,Mohd. Nafis Abbasi,INC,22954,1928,1.23663466040652,4,6,39,UP,Mohd. Nafis Abbasi,INC,,,,,False,6,2009,GE
1788502,Nidhi Tyagi,SHS,22992,1347,0.863976601435471,5,6,39,UP,Nidhi Tyagi,SHS,,,,,False,6,2009,GE
1788503,Harish Nagpal,IND,22955,1102,0.706831636809123,6,6,39,UP,Harish Nagpal,IND,,,,,False,6,2009,GE
1788504,Devender,IND,22955,952,0.610620433976665,7,6,39,UP,Devender,IND,,,,,False,6,2009,GE
1788505,Kirshanpal,IND,22955,855,0.548403856145009,8,6,39,UP,Kirshanpal,IND,,,,,False,6,2009,GE
1788506,Devi Saran,IND,22955,583,0.373940875008819,9,6,39,UP,Devi Saran,IND,,,,,False,6,2009,GE
1788507,Mantari Singh,IND,22955,580,0.37201665095217,10,6,39,UP,Mantari Singh,IND,,,,,False,6,2009,GE
1788508,Suman,IVD,22969,510,0.327118089630356,11,6,39,UP,Suman,IVD,,,,,False,6,2009,GE
1788509,Radhekishan,IND,22955,434,0.278371080195244,12,6,39,UP,Radhekishan,IND,,,,,False,6,2009,GE
1788510,Varun,IND,22955,405,0.259770247647636,13,6,39,UP,Varun,IND,,,,,False,6,2009,GE
1788511,Sharafat Ali,RSP,23122,311,0.199477893872629,14,6,39,UP,Sharafat Ali,RSP,,,,,False,6,2009,GE
1788512,Imran,IND,22955,254,0.162917636796295,15,6,39,UP,Imran,IND,,,,,False,6,2009,GE
1788513,Anjula Nagpal,IND,22955,235,0.150730884437517,16,6,39,UP,Anjula Nagpal,IND,,,,,False,6,2009,GE
1788514,Anil,IND,22955,224,0.143675396229803,17,6,39,UP,Anil,IND,,,,,False,6,2009,GE
1788515,Tara Chandr,IND,22955,219,0.140468356135388,18,6,39,UP,Tara Chandr,IND,,,,,False,6,2009,GE
1788516,Rifaqat,NELU,23029,175,0.112246403304534,19,6,39,UP,Rifaqat,NELU,,,,,False,6,2009,GE
1788517,Satish,ABHM,22976,150,0.0962112028324578,20,6,39,UP,Satish,ABHM,,,,,False,6,2009,GE
1788589,Devendra Nagpal,RLD,22971,67081,44.0742444152431,1,6,40,UP,Devendra Nagpal,RLD,,,,,False,6,2009,GE
1788590,Mehboob Ali,SP,22952,44199,29.0400788436268,2,6,40,UP,Mehboob Ali,SP,,,,,False,6,2009,GE
1788591,Maudood Madni,BSP,22951,30502,20.0407358738501,3,6,40,UP,Maudood Madni,BSP,,,,,False,6,2009,GE
1788592,Mohd. Nafis Abbasi,INC,22954,2212,1.45335085413929,4,6,40,UP,Mohd. Nafis Abbasi,INC,,,,,False,6,2009,GE
1788593,Harish Nagpal,IND,22955,1379,0.90604467805519,5,6,40,UP,Harish Nagpal,IND,,,,,False,6,2009,GE
1788594,Nidhi Tyagi,SHS,22992,1324,0.869908015768725,6,6,40,UP,Nidhi Tyagi,SHS,,,,,False,6,2009,GE
1788595,Devender,IND,22955,795,0.522339027595269,7,6,40,UP,Devender,IND,,,,,False,6,2009,GE
1788596,Mantari Singh,IND,22955,752,0.494086727989487,8,6,40,UP,Mantari Singh,IND,,,,,False,6,2009,GE
1788597,Kirshanpal,IND,22955,605,0.397503285151116,9,6,40,UP,Kirshanpal,IND,,,,,False,6,2009,GE
1788598,Suman,IVD,22969,603,0.396189224704336,10,6,40,UP,Suman,IVD,,,,,False,6,2009,GE
1788599,Devi Saran,IND,22955,540,0.354796320630749,11,6,40,UP,Devi Saran,IND,,,,,False,6,2009,GE
1788600,Radhekishan,IND,22955,437,0.28712220762155,12,6,40,UP,Radhekishan,IND,,,,,False,6,2009,GE
1788601,Varun,IND,22955,425,0.279237844940867,13,6,40,UP,Varun,IND,,,,,False,6,2009,GE
1788602,Anil,IND,22955,289,0.189881734559789,14,6,40,UP,Anil,IND,,,,,False,6,2009,GE
1788603,Sharafat Ali,RSP,23122,219,0.14388961892247,15,6,40,UP,Sharafat Ali,RSP,,,,,False,6,2009,GE
1788604,Anjula Nagpal,IND,22955,206,0.135348226018396,16,6,40,UP,Anjula Nagpal,IND,,,,,False,6,2009,GE
1788605,Tara Chandr,IND,22955,180,0.118265440210249,17,6,40,UP,Tara Chandr,IND,,,,,False,6,2009,GE
1788606,Imran,IND,22955,167,0.109724047306176,18,6,40,UP,Imran,IND,,,,,False,6,2009,GE
1788607,Rifaqat,NELU,23029,145,0.09526938239159,19,6,40,UP,Rifaqat,NELU,,,,,False,6,2009,GE
1788608,Satish,ABHM,22976,140,0.0919842312746386,20,6,40,UP,Satish,ABHM,,,,,False,6,2009,GE
1788693,Mehboob Ali,SP,22952,38122,33.2325019832102,1,6,41,UP,Mehboob Ali,SP,,,,,False,6,2009,GE
1788694,Maudood Madni,BSP,22951,37227,32.4522939858603,2,6,41,UP,Maudood Madni,BSP,,,,,False,6,2009,GE
1788695,Devendra Nagpal,RLD,22971,27987,24.3974091864043,3,6,41,UP,Devendra Nagpal,RLD,,,,,False,6,2009,GE
1788696,Mohd. Nafis Abbasi,INC,22954,5465,4.76406335811982,4,6,41,UP,Mohd. Nafis Abbasi,INC,,,,,False,6,2009,GE
1788697,Harish Nagpal,IND,22955,934,0.814205887737222,5,6,41,UP,Harish Nagpal,IND,,,,,False,6,2009,GE
1788698,Nidhi Tyagi,SHS,22992,820,0.714827438912764,6,6,41,UP,Nidhi Tyagi,SHS,,,,,False,6,2009,GE
1788699,Devender,IND,22955,772,0.672983881512993,7,6,41,UP,Devender,IND,,,,,False,6,2009,GE
1788700,Devi Saran,IND,22955,528,0.460279131397487,8,6,41,UP,Devi Saran,IND,,,,,False,6,2009,GE
1788701,Mantari Singh,IND,22955,497,0.433255167243468,9,6,41,UP,Mantari Singh,IND,,,,,False,6,2009,GE
1788702,Kirshanpal,IND,22955,345,0.300750568810858,10,6,41,UP,Kirshanpal,IND,,,,,False,6,2009,GE
1788703,Suman,IVD,22969,326,0.284187494006782,11,6,41,UP,Suman,IVD,,,,,False,6,2009,GE
1788704,Radhekishan,IND,22955,284,0.247574381281981,12,6,41,UP,Radhekishan,IND,,,,,False,6,2009,GE
1788705,Anil,IND,22955,273,0.2379852327112,13,6,41,UP,Anil,IND,,,,,False,6,2009,GE
1788706,Varun,IND,22955,246,0.214448231673829,14,6,41,UP,Varun,IND,,,,,False,6,2009,GE
1788707,Sharafat Ali,RSP,23122,213,0.185680785961486,15,6,41,UP,Sharafat Ali,RSP,,,,,False,6,2009,GE
1788708,Tara Chandr,IND,22955,177,0.154298117911657,16,6,41,UP,Tara Chandr,IND,,,,,False,6,2009,GE
1788709,Imran,IND,22955,145,0.126402412978476,17,6,41,UP,Imran,IND,,,,,False,6,2009,GE
1788710,Anjula Nagpal,IND,22955,144,0.125530672199314,18,6,41,UP,Anjula Nagpal,IND,,,,,False,6,2009,GE
1788711,Satish,ABHM,22976,106,0.0924045225911622,19,6,41,UP,Satish,ABHM,,,,,False,6,2009,GE
1788712,Rifaqat,NELU,23029,102,0.0889175594745146,20,6,41,UP,Rifaqat,NELU,,,,,False,6,2009,GE
1788792,Devendra Nagpal,RLD,22971,63068,44.0714445438282,1,6,42,UP,Devendra Nagpal,RLD,,,,,False,6,2009,GE
1788793,Mehboob Ali,SP,22952,35785,25.0062891323792,2,6,42,UP,Mehboob Ali,SP,,,,,False,6,2009,GE
1788794,Maudood Madni,BSP,22951,30184,21.0923524150268,3,6,42,UP,Maudood Madni,BSP,,,,,False,6,2009,GE
1788795,Mohd. Nafis Abbasi,INC,22954,2991,2.0900883273703,4,6,42,UP,Mohd. Nafis Abbasi,INC,,,,,False,6,2009,GE
1788796,Nidhi Tyagi,SHS,22992,1964,1.37242844364937,5,6,42,UP,Nidhi Tyagi,SHS,,,,,False,6,2009,GE
1788797,Harish Nagpal,IND,22955,1911,1.33539244186046,6,6,42,UP,Harish Nagpal,IND,,,,,False,6,2009,GE
1788798,Devender,IND,22955,1055,0.737226073345259,7,6,42,UP,Devender,IND,,,,,False,6,2009,GE
1788799,Kirshanpal,IND,22955,833,0.582094141323792,8,6,42,UP,Kirshanpal,IND,,,,,False,6,2009,GE
1788800,Devi Saran,IND,22955,692,0.483564400715563,9,6,42,UP,Devi Saran,IND,,,,,False,6,2009,GE
1788801,Mantari Singh,IND,22955,643,0.449323568872987,10,6,42,UP,Mantari Singh,IND,,,,,False,6,2009,GE
1788802,Imran,IND,22955,627,0.438142889087656,11,6,42,UP,Imran,IND,,,,,False,6,2009,GE
1788803,Anil,IND,22955,600,0.41927549194991,12,6,42,UP,Anil,IND,,,,,False,6,2009,GE
1788804,Radhekishan,IND,22955,579,0.404600849731663,13,6,42,UP,Radhekishan,IND,,,,,False,6,2009,GE
1788805,Sharafat Ali,RSP,23122,440,0.307468694096601,14,6,42,UP,Sharafat Ali,RSP,,,,,False,6,2009,GE
1788806,Varun,IND,22955,399,0.27881820214669,15,6,42,UP,Varun,IND,,,,,False,6,2009,GE
1788808,Anjula Nagpal,IND,22955,319,0.222914803220035,16,6,42,UP,Anjula Nagpal,IND,,,,,False,6,2009,GE
1788807,Suman,IVD,22969,319,0.222914803220035,16,6,42,UP,Suman,IVD,,,,,False,6,2009,GE
1788809,Tara Chandr,IND,22955,271,0.189372763864042,18,6,42,UP,Tara Chandr,IND,,,,,False,6,2009,GE
1788810,Rifaqat,NELU,23029,235,0.164216234347048,19,6,42,UP,Rifaqat,NELU,,,,,False,6,2009,GE
1788811,Satish,ABHM,22976,189,0.132071779964221,20,6,42,UP,Satish,ABHM,,,,,False,6,2009,GE
1788892,Ajit Singh,RLD,22971,47983,35.6607755993876,1,6,43,UP,Ajit Singh,RLD,,,,,False,6,2009,GE
1788893,Sompal,INC,22954,40436,30.0518750836095,2,6,43,UP,Sompal,INC,,,,,False,6,2009,GE
1788894,Mukesh Sharma,BSP,22951,35903,26.6829674331495,3,6,43,UP,Mukesh Sharma,BSP,,,,,False,6,2009,GE
1788895,Sahab Singh,SP,22952,6603,4.90732345378063,4,6,43,UP,Sahab Singh,SP,,,,,False,6,2009,GE
1788896,Gulzar,ASP,22961,964,0.716440982802443,5,6,43,UP,Gulzar,ASP,,,,,False,6,2009,GE
1788897,Vedpal,IND,22955,830,0.616852713408742,6,6,43,UP,Vedpal,IND,,,,,False,6,2009,GE
1788898,Abdul Rashid,IND,22955,375,0.278698515094311,7,6,43,UP,Abdul Rashid,IND,,,,,False,6,2009,GE
1788899,Brij Bhushan,IND,22955,270,0.200662930867904,8,6,43,UP,Brij Bhushan,IND,,,,,False,6,2009,GE
1788900,Praveen Kumar,IND,22955,236,0.175394265499353,9,6,43,UP,Praveen Kumar,IND,,,,,False,6,2009,GE
1788901,Ravindra Kumar,IND,22955,231,0.171678285298095,10,6,43,UP,Ravindra Kumar,IND,,,,,False,6,2009,GE
1788902,Ompal,IND,22955,187,0.13897765952703,11,6,43,UP,Ompal,IND,,,,,False,6,2009,GE
1788903,Devendra Kumar,BKLJP,23131,136,0.101074661474203,12,6,43,UP,Devendra Kumar,BKLJP,,,,,False,6,2009,GE
1788904,Tejpal Singh,IND,22955,117,0.0869539367094252,13,6,43,UP,Tejpal Singh,IND,,,,,False,6,2009,GE
1788905,Jaiparkash,IND,22955,108,0.0802651723471617,14,6,43,UP,Jaiparkash,IND,,,,,False,6,2009,GE
1788906,Shalini,JM,23132,100,0.0743196040251497,15,6,43,UP,Shalini,JM,,,,,False,6,2009,GE
1788907,S Firdous Rana,MKUP,23024,75,0.0557397030188623,16,6,43,UP,S Firdous Rana,MKUP,,,,,False,6,2009,GE
1788983,Kadir Rana,BSP,22951,52630,34.3338400015656,1,6,44,UP,Kadir Rana,BSP,,,,,False,6,2009,GE
1788984,Anuradha Chaudhary,RLD,22971,50331,32.8340585430135,2,6,44,UP,Anuradha Chaudhary,RLD,,,,,False,6,2009,GE
1788985,Thakur Sangeet Singh Som,SP,22952,34982,22.8209460561423,3,6,44,UP,Thakur Sangeet Singh Som,SP,,,,,False,6,2009,GE
1788986,Harindra Singh Malik,INC,22954,9115,5.94628446920522,4,6,44,UP,Harindra Singh Malik,INC,,,,,False,6,2009,GE
1788987,Ashutosh Pandey,LD,22979,904,0.58973572793873,5,6,44,UP,Ashutosh Pandey,LD,,,,,False,6,2009,GE
1788988,Dheer Singh,CPI,22973,724,0.472310472375708,6,6,44,UP,Dheer Singh,CPI,,,,,False,6,2009,GE
1788989,Ranveer,IND,22955,699,0.456001409103066,7,6,44,UP,Ranveer,IND,,,,,False,6,2009,GE
1788990,Mukta Singh,IND,22955,553,0.360756479590838,8,6,44,UP,Mukta Singh,IND,,,,,False,6,2009,GE
1788991,Abdul Aziz Ansari,PECP,22956,545,0.355537579343592,9,6,44,UP,Abdul Aziz Ansari,PECP,,,,,False,6,2009,GE
1788992,Veerpal,IND,22955,537,0.350318679096347,10,6,44,UP,Veerpal,IND,,,,,False,6,2009,GE
1788993,Salek Chaudhary,IND,22955,382,0.249202486805967,11,6,44,UP,Salek Chaudhary,IND,,,,,False,6,2009,GE
1788994,Reeta Urf Reeta Kashyap,IND,22955,365,0.238112323780571,12,6,44,UP,Reeta Urf Reeta Kashyap,IND,,,,,False,6,2009,GE
1788995,Vijay,IND,22955,289,0.18853277143174,13,6,44,UP,Vijay,IND,,,,,False,6,2009,GE
1788996,Bhagwat Singh,IND,22955,174,0.113511080377587,14,6,44,UP,Bhagwat Singh,IND,,,,,False,6,2009,GE
1788997,Satyaveer,IND,22955,155,0.101116192290379,15,6,44,UP,Satyaveer,IND,,,,,False,6,2009,GE
1788998,Parmod Pal,IND,22955,145,0.0945925669813228,16,6,44,UP,Parmod Pal,IND,,,,,False,6,2009,GE
1788999,Satish Kumar,JSP,22981,141,0.0919831168577001,17,6,44,UP,Satish Kumar,JSP,,,,,False,6,2009,GE
1789000,Inderpal,IND,22955,134,0.0874165791413604,18,6,44,UP,Inderpal,IND,,,,,False,6,2009,GE
1789001,Nawab Ali,NLHP,23028,118,0.0769787786468696,19,6,44,UP,Nawab Ali,NLHP,,,,,False,6,2009,GE
1789002,Narendra Kumar,IND,22955,118,0.0769787786468696,19,6,44,UP,Narendra Kumar,IND,,,,,False,6,2009,GE
1789004,Rajendra Singh,IND,22955,96,0.0626268029669447,21,6,44,UP,Rajendra Singh,IND,,,,,False,6,2009,GE
1789003,Salamudeen Urf Salmu Malik,NELU,23029,96,0.0626268029669447,21,6,44,UP,Salamudeen Urf Salmu Malik,NELU,,,,,False,6,2009,GE
1789005,Manish Bhai Urf Nitu,ABHM,22976,56,0.0365323017307177,23,6,44,UP,Manish Bhai Urf Nitu,ABHM,,,,,False,6,2009,GE
1789093,Sanjay Singh Chauhan,RLD,22971,50455,33.4975402163016,1,6,45,UP,Sanjay Singh Chauhan,RLD,,,,,False,6,2009,GE
1789094,Shahid Siddiqui,BSP,22951,44031,29.2325873206615,2,6,45,UP,Shahid Siddiqui,BSP,,,,,False,6,2009,GE
1789095,Kartar Singh Bhadana,NCP,22977,19947,13.242997417393,3,6,45,UP,Kartar Singh Bhadana,NCP,,,,,False,6,2009,GE
1789096,Saiduzzaman,INC,22954,15112,10.0329962887474,4,6,45,UP,Saiduzzaman,INC,,,,,False,6,2009,GE
1789097,Dr. Yashvir Singh,SP,22952,13291,8.82401758031641,5,6,45,UP,Dr. Yashvir Singh,SP,,,,,False,6,2009,GE
1789098,Suresh Chand,RMSP,23042,1645,1.09213068389289,6,6,45,UP,Suresh Chand,RMSP,,,,,False,6,2009,GE
1789099,Sagir Ahmad,NLHP,23028,1213,0.805321896390325,7,6,45,UP,Sagir Ahmad,NLHP,,,,,False,6,2009,GE
1789100,Chand Kumar,IND,22955,823,0.546397296561614,8,6,45,UP,Chand Kumar,IND,,,,,False,6,2009,GE
1789101,Digvijay Singh,IND,22955,637,0.422910179720228,9,6,45,UP,Digvijay Singh,IND,,,,,False,6,2009,GE
1789102,Mohd. Afshar,ASP,22961,499,0.331290705934684,10,6,45,UP,Mohd. Afshar,ASP,,,,,False,6,2009,GE
1789103,Monu Kumar Ravi,IND,22955,424,0.281497513659932,11,6,45,UP,Monu Kumar Ravi,IND,,,,,False,6,2009,GE
1789104,Sabdul,IND,22955,410,0.272202784435312,12,6,45,UP,Sabdul,IND,,,,,False,6,2009,GE
1789105,Irfan Ali,IND,22955,360,0.23900732291881,13,6,45,UP,Irfan Ali,IND,,,,,False,6,2009,GE
1789106,Davender Singh,IND,22955,359,0.23834341368848,14,6,45,UP,Davender Singh,IND,,,,,False,6,2009,GE
1789107,Abdul Samad,IND,22955,282,0.187222402953068,15,6,45,UP,Abdul Samad,IND,,,,,False,6,2009,GE
1789108,Prabhat Kumar,IND,22955,247,0.163985579891517,16,6,45,UP,Prabhat Kumar,IND,,,,,False,6,2009,GE
1789109,Surendra Singh,IJP,22982,164,0.108881113774124,17,6,45,UP,Surendra Singh,IJP,,,,,False,6,2009,GE
1789110,Salesh Kumar Alias Sadhawi Sarlesh Giri,MKUP,23024,147,0.0975946568585143,18,6,45,UP,Salesh Kumar Alias Sadhawi Sarlesh Giri,MKUP,,,,,False,6,2009,GE
1789111,Abdul Basit,KKJHS,23043,127,0.0843164722519137,19,6,45,UP,Abdul Basit,KKJHS,,,,,False,6,2009,GE
1789113,Ram Giri,IND,22955,120,0.0796691076396035,20,6,45,UP,Ram Giri,IND,,,,,False,6,2009,GE
1789112,Raj Rishi,IND,22955,120,0.0796691076396035,20,6,45,UP,Raj Rishi,IND,,,,,False,6,2009,GE
1789114,Shiva Charan,IND,22955,114,0.0756856522576233,22,6,45,UP,Shiva Charan,IND,,,,,False,6,2009,GE
1789115,Paras Ram,VAJP,22957,96,0.0637352861116828,23,6,45,UP,Paras Ram,VAJP,,,,,False,6,2009,GE
1789184,Malook Nagar,BSP,22951,50548,32.5419102309891,1,6,46,UP,Malook Nagar,BSP,,,,,False,6,2009,GE
1789185,Shahid Manzoor,SP,22952,47569,30.6240826101511,2,6,46,UP,Shahid Manzoor,SP,,,,,False,6,2009,GE
1789186,Rajendra Agarwal,BJP,22953,35913,23.1201555378157,3,6,46,UP,Rajendra Agarwal,BJP,,,,,False,6,2009,GE
1789187,Mohd.Shahid Akhlak,IND,22955,6455,4.15561506965725,4,6,46,UP,Mohd.Shahid Akhlak,IND,,,,,False,6,2009,GE
1789188,Rajendra Sharma,INC,22954,6411,4.12728864625447,5,6,46,UP,Rajendra Sharma,INC,,,,,False,6,2009,GE
1789189,Dara Singh Prajapati,IND,22955,1688,1.08670460690649,6,6,46,UP,Dara Singh Prajapati,IND,,,,,False,6,2009,GE
1789190,Mughis Ahmad Gilani,CPI,22973,973,0.626400226611387,7,6,46,UP,Mughis Ahmad Gilani,CPI,,,,,False,6,2009,GE
1789191,Arun Kumar Jain,NCP,22977,644,0.41459583344063,8,6,46,UP,Arun Kumar Jain,NCP,,,,,False,6,2009,GE
1789192,Janeshwar Prasad Sharma,RVNP,23143,509,0.327685216182113,9,6,46,UP,Janeshwar Prasad Sharma,RVNP,,,,,False,6,2009,GE
1789193,Krishna Kumar Garg,IND,22955,498,0.320603610331419,10,6,46,UP,Krishna Kumar Garg,IND,,,,,False,6,2009,GE
1789194,Zarar Ahmad,IND,22955,449,0.289058275178327,11,6,46,UP,Zarar Ahmad,IND,,,,,False,6,2009,GE
1789195,Khalid Khurshid,IND,22955,402,0.258800504725362,12,6,46,UP,Khalid Khurshid,IND,,,,,False,6,2009,GE
1789196,Rajkumar Tyagi,ABHM,22976,356,0.22918651662246,13,6,46,UP,Rajkumar Tyagi,ABHM,,,,,False,6,2009,GE
1789197,Ajay Agrawal,SJP(R),23144,347,0.223392475471892,14,6,46,UP,Ajay Agrawal,SJP(R),,,,,False,6,2009,GE
1789198,Anil Kumar Subhash,IND,22955,344,0.221461128421703,15,6,46,UP,Anil Kumar Subhash,IND,,,,,False,6,2009,GE
1789199,Dr. Surender Kumar Khatri,IND,22955,272,0.17510879921716,16,6,46,UP,Dr. Surender Kumar Khatri,IND,,,,,False,6,2009,GE
1789200,Rajesh Kumar,IJP,22982,271,0.174465016867097,17,6,46,UP,Rajesh Kumar,IJP,,,,,False,6,2009,GE
1789201,Rajendra Singh Yadav,IND,22955,266,0.171246105116782,18,6,46,UP,Rajendra Singh Yadav,IND,,,,,False,6,2009,GE
1789202,Shreepal Singh,IND,22955,235,0.151288852264826,19,6,46,UP,Shreepal Singh,IND,,,,,False,6,2009,GE
1789203,Bharat Bhusan Agrawal,IND,22955,212,0.136481858213375,20,6,46,UP,Bharat Bhusan Agrawal,IND,,,,,False,6,2009,GE
1789204,Lohri,IND,22955,138,0.0888419643087065,21,6,46,UP,Lohri,IND,,,,,False,6,2009,GE
1789205,Dr. Hari Singh Azad Prajapati,ABLTP,23145,133,0.085623052558391,22,6,46,UP,Dr. Hari Singh Azad Prajapati,ABLTP,,,,,False,6,2009,GE
1789206,Krishnapal,IND,22955,121,0.0778976643576339,23,6,46,UP,Krishnapal,IND,,,,,False,6,2009,GE
1789207,Sanjeev,IND,22955,115,0.0740349702572554,24,6,46,UP,Sanjeev,IND,,,,,False,6,2009,GE
1789208,Smt. Santosh Ahluwalia,RDMP,22983,109,0.0701722761568768,25,6,46,UP,Smt. Santosh Ahluwalia,RDMP,,,,,False,6,2009,GE
1789209,Sudhir Nandan Saran Kothiwal,IND,22955,102,0.0656657997064352,26,6,46,UP,Sudhir Nandan Saran Kothiwal,IND,,,,,False,6,2009,GE
1789210,Capt. Atul Tyagi,IND,22955,101,0.0650220173563721,27,6,46,UP,Capt. Atul Tyagi,IND,,,,,False,6,2009,GE
1789211,Tejveer Singh,RWS,23146,100,0.064378235006309,28,6,46,UP,Tejveer Singh,RWS,,,,,False,6,2009,GE
1789212,Sunil Kumar Rana,IND,22955,51,0.0328328998532176,29,6,46,UP,Sunil Kumar Rana,IND,,,,,False,6,2009,GE
1789284,Rajendra Agarwal,BJP,22953,65569,43.6399334442595,1,6,47,UP,Rajendra Agarwal,BJP,,,,,False,6,2009,GE
1789285,Malook Nagar,BSP,22951,37441,24.9191347753743,2,6,47,UP,Malook Nagar,BSP,,,,,False,6,2009,GE
1789286,Rajendra Sharma,INC,22954,22696,15.1054908485856,3,6,47,UP,Rajendra Sharma,INC,,,,,False,6,2009,GE
1789287,Shahid Manzoor,SP,22952,15841,10.5430948419301,4,6,47,UP,Shahid Manzoor,SP,,,,,False,6,2009,GE
1789288,Mohd.Shahid Akhlak,IND,22955,2524,1.67986688851913,5,6,47,UP,Mohd.Shahid Akhlak,IND,,,,,False,6,2009,GE
1789289,Dara Singh Prajapati,IND,22955,1204,0.801331114808652,6,6,47,UP,Dara Singh Prajapati,IND,,,,,False,6,2009,GE
1789290,Mughis Ahmad Gilani,CPI,22973,817,0.543760399334442,7,6,47,UP,Mughis Ahmad Gilani,CPI,,,,,False,6,2009,GE
1789291,Krishna Kumar Garg,IND,22955,693,0.461231281198003,8,6,47,UP,Krishna Kumar Garg,IND,,,,,False,6,2009,GE
1789292,Arun Kumar Jain,NCP,22977,500,0.332778702163061,9,6,47,UP,Arun Kumar Jain,NCP,,,,,False,6,2009,GE
1789293,Bharat Bhusan Agrawal,IND,22955,398,0.264891846921797,10,6,47,UP,Bharat Bhusan Agrawal,IND,,,,,False,6,2009,GE
1789294,Khalid Khurshid,IND,22955,229,0.152412645590682,11,6,47,UP,Khalid Khurshid,IND,,,,,False,6,2009,GE
1789295,Dr. Surender Kumar Khatri,IND,22955,217,0.144425956738768,12,6,47,UP,Dr. Surender Kumar Khatri,IND,,,,,False,6,2009,GE
1789296,Janeshwar Prasad Sharma,RVNP,23143,205,0.136439267886855,13,6,47,UP,Janeshwar Prasad Sharma,RVNP,,,,,False,6,2009,GE
1789297,Krishnapal,IND,22955,202,0.134442595673876,14,6,47,UP,Krishnapal,IND,,,,,False,6,2009,GE
1789298,Ajay Agrawal,SJP(R),23144,194,0.129118136439267,15,6,47,UP,Ajay Agrawal,SJP(R),,,,,False,6,2009,GE
1789299,Anil Kumar Subhash,IND,22955,191,0.127121464226289,16,6,47,UP,Anil Kumar Subhash,IND,,,,,False,6,2009,GE
1789300,Shreepal Singh,IND,22955,170,0.11314475873544,17,6,47,UP,Shreepal Singh,IND,,,,,False,6,2009,GE
1789301,Rajkumar Tyagi,ABHM,22976,143,0.0951747088186356,18,6,47,UP,Rajkumar Tyagi,ABHM,,,,,False,6,2009,GE
1789302,Zarar Ahmad,IND,22955,128,0.0851913477537437,19,6,47,UP,Zarar Ahmad,IND,,,,,False,6,2009,GE
1789304,Rajesh Kumar,IJP,22982,125,0.0831946755407653,20,6,47,UP,Rajesh Kumar,IJP,,,,,False,6,2009,GE
1789303,Dr. Hari Singh Azad Prajapati,ABLTP,23145,125,0.0831946755407653,20,6,47,UP,Dr. Hari Singh Azad Prajapati,ABLTP,,,,,False,6,2009,GE
1789305,Rajendra Singh Yadav,IND,22955,115,0.0765391014975041,22,6,47,UP,Rajendra Singh Yadav,IND,,,,,False,6,2009,GE
1789306,Smt. Santosh Ahluwalia,RDMP,22983,98,0.06522462562396,23,6,47,UP,Smt. Santosh Ahluwalia,RDMP,,,,,False,6,2009,GE
1789307,Tejveer Singh,RWS,23146,90,0.059900166389351,24,6,47,UP,Tejveer Singh,RWS,,,,,False,6,2009,GE
1789308,Lohri,IND,22955,85,0.0565723793677204,25,6,47,UP,Lohri,IND,,,,,False,6,2009,GE
1789309,Capt. Atul Tyagi,IND,22955,72,0.0479201331114808,26,6,47,UP,Capt. Atul Tyagi,IND,,,,,False,6,2009,GE
1789310,Sudhir Nandan Saran Kothiwal,IND,22955,66,0.0439267886855241,27,6,47,UP,Sudhir Nandan Saran Kothiwal,IND,,,,,False,6,2009,GE
1789311,Sunil Kumar Rana,IND,22955,56,0.0372712146422628,28,6,47,UP,Sunil Kumar Rana,IND,,,,,False,6,2009,GE
1789312,Sanjeev,IND,22955,56,0.0372712146422628,28,6,47,UP,Sanjeev,IND,,,,,False,6,2009,GE
1789401,Shahid Manzoor,SP,22952,48826,36.3388730528493,1,6,48,UP,Shahid Manzoor,SP,,,,,False,6,2009,GE
1789402,Rajendra Agarwal,BJP,22953,46708,34.7625462366871,2,6,48,UP,Rajendra Agarwal,BJP,,,,,False,6,2009,GE
1789403,Malook Nagar,BSP,22951,14303,10.6450436504097,3,6,48,UP,Malook Nagar,BSP,,,,,False,6,2009,GE
1789404,Mohd.Shahid Akhlak,IND,22955,11421,8.50010791661394,4,6,48,UP,Mohd.Shahid Akhlak,IND,,,,,False,6,2009,GE
1789405,Rajendra Sharma,INC,22954,9546,7.10463446037971,5,6,48,UP,Rajendra Sharma,INC,,,,,False,6,2009,GE
1789406,Mughis Ahmad Gilani,CPI,22973,473,0.352031437226022,6,6,48,UP,Mughis Ahmad Gilani,CPI,,,,,False,6,2009,GE
1789407,Janeshwar Prasad Sharma,RVNP,23143,394,0.293235488936686,7,6,48,UP,Janeshwar Prasad Sharma,RVNP,,,,,False,6,2009,GE
1789408,Krishna Kumar Garg,IND,22955,364,0.270907913636938,8,6,48,UP,Krishna Kumar Garg,IND,,,,,False,6,2009,GE
1789409,Dara Singh Prajapati,IND,22955,335,0.249324590847182,9,6,48,UP,Dara Singh Prajapati,IND,,,,,False,6,2009,GE
1789410,Ajay Agrawal,SJP(R),23144,246,0.183086117457931,10,6,48,UP,Ajay Agrawal,SJP(R),,,,,False,6,2009,GE
1789411,Arun Kumar Jain,NCP,22977,206,0.153316017058267,11,6,48,UP,Arun Kumar Jain,NCP,,,,,False,6,2009,GE
1789412,Rajendra Singh Yadav,IND,22955,141,0.104939603908814,12,6,48,UP,Rajendra Singh Yadav,IND,,,,,False,6,2009,GE
1789413,Rajkumar Tyagi,ABHM,22976,134,0.099729836338873,13,6,48,UP,Rajkumar Tyagi,ABHM,,,,,False,6,2009,GE
1789414,Shreepal Singh,IND,22955,129,0.0960085737889151,14,6,48,UP,Shreepal Singh,IND,,,,,False,6,2009,GE
1789415,Bharat Bhusan Agrawal,IND,22955,120,0.0893103011989907,15,6,48,UP,Bharat Bhusan Agrawal,IND,,,,,False,6,2009,GE
1789416,Khalid Khurshid,IND,22955,96,0.0714482409591926,16,6,48,UP,Khalid Khurshid,IND,,,,,False,6,2009,GE
1789417,Sudhir Nandan Saran Kothiwal,IND,22955,94,0.0699597359392094,17,6,48,UP,Sudhir Nandan Saran Kothiwal,IND,,,,,False,6,2009,GE
1789418,Rajesh Kumar,IJP,22982,94,0.0699597359392094,17,6,48,UP,Rajesh Kumar,IJP,,,,,False,6,2009,GE
1789420,Krishnapal,IND,22955,94,0.0699597359392094,17,6,48,UP,Krishnapal,IND,,,,,False,6,2009,GE
1789419,Anil Kumar Subhash,IND,22955,94,0.0699597359392094,17,6,48,UP,Anil Kumar Subhash,IND,,,,,False,6,2009,GE
1789421,Lohri,IND,22955,80,0.0595402007993271,21,6,48,UP,Lohri,IND,,,,,False,6,2009,GE
1789422,Dr. Hari Singh Azad Prajapati,ABLTP,23145,80,0.0595402007993271,21,6,48,UP,Dr. Hari Singh Azad Prajapati,ABLTP,,,,,False,6,2009,GE
1789424,Zarar Ahmad,IND,22955,72,0.0535861807193944,23,6,48,UP,Zarar Ahmad,IND,,,,,False,6,2009,GE
1789423,Tejveer Singh,RWS,23146,72,0.0535861807193944,23,6,48,UP,Tejveer Singh,RWS,,,,,False,6,2009,GE
1789425,Dr. Surender Kumar Khatri,IND,22955,65,0.0483764131494533,25,6,48,UP,Dr. Surender Kumar Khatri,IND,,,,,False,6,2009,GE
1789426,Sunil Kumar Rana,IND,22955,48,0.0357241204795963,26,6,48,UP,Sunil Kumar Rana,IND,,,,,False,6,2009,GE
1789427,Capt. Atul Tyagi,IND,22955,47,0.0349798679696047,27,6,48,UP,Capt. Atul Tyagi,IND,,,,,False,6,2009,GE
1789428,Smt. Santosh Ahluwalia,RDMP,22983,42,0.0312586054196467,28,6,48,UP,Smt. Santosh Ahluwalia,RDMP,,,,,False,6,2009,GE
1789429,Sanjeev,IND,22955,39,0.029025847889672,29,6,48,UP,Sanjeev,IND,,,,,False,6,2009,GE
1789509,Malook Nagar,BSP,22951,44689,28.6480803625803,1,6,49,UP,Malook Nagar,BSP,,,,,False,6,2009,GE
1789510,Rajendra Agarwal,BJP,22953,44202,28.3358868667183,2,6,49,UP,Rajendra Agarwal,BJP,,,,,False,6,2009,GE
1789511,Shahid Manzoor,SP,22952,40218,25.7819261120691,3,6,49,UP,Shahid Manzoor,SP,,,,,False,6,2009,GE
1789512,Rajendra Sharma,INC,22954,12023,7.70739712679415,4,6,49,UP,Rajendra Sharma,INC,,,,,False,6,2009,GE
1789513,Mohd.Shahid Akhlak,IND,22955,8050,5.16048797061406,5,6,49,UP,Mohd.Shahid Akhlak,IND,,,,,False,6,2009,GE
1789514,Dara Singh Prajapati,IND,22955,1359,0.87119293814466,6,6,49,UP,Dara Singh Prajapati,IND,,,,,False,6,2009,GE
1789515,Mughis Ahmad Gilani,CPI,22973,791,0.507074035373382,7,6,49,UP,Mughis Ahmad Gilani,CPI,,,,,False,6,2009,GE
1789516,Krishna Kumar Garg,IND,22955,617,0.395530568679363,8,6,49,UP,Krishna Kumar Garg,IND,,,,,False,6,2009,GE
1789517,Arun Kumar Jain,NCP,22977,532,0.341040944144929,9,6,49,UP,Arun Kumar Jain,NCP,,,,,False,6,2009,GE
1789518,Janeshwar Prasad Sharma,RVNP,23143,419,0.268601796234446,10,6,49,UP,Janeshwar Prasad Sharma,RVNP,,,,,False,6,2009,GE
1789519,Khalid Khurshid,IND,22955,319,0.2044963556057,11,6,49,UP,Khalid Khurshid,IND,,,,,False,6,2009,GE
1789520,Ajay Agrawal,SJP(R),23144,288,0.184623669010788,12,6,49,UP,Ajay Agrawal,SJP(R),,,,,False,6,2009,GE
1789521,Anil Kumar Subhash,IND,22955,272,0.174366798510189,13,6,49,UP,Anil Kumar Subhash,IND,,,,,False,6,2009,GE
1789522,Shreepal Singh,IND,22955,269,0.172443635291327,14,6,49,UP,Shreepal Singh,IND,,,,,False,6,2009,GE
1789523,Rajkumar Tyagi,ABHM,22976,244,0.15641727513414,15,6,49,UP,Rajkumar Tyagi,ABHM,,,,,False,6,2009,GE
1789524,Dr. Surender Kumar Khatri,IND,22955,199,0.127569826851204,16,6,49,UP,Dr. Surender Kumar Khatri,IND,,,,,False,6,2009,GE
1789525,Bharat Bhusan Agrawal,IND,22955,191,0.122441391600905,17,6,49,UP,Bharat Bhusan Agrawal,IND,,,,,False,6,2009,GE
1789526,Rajendra Singh Yadav,IND,22955,186,0.119236119569467,18,6,49,UP,Rajendra Singh Yadav,IND,,,,,False,6,2009,GE
1789527,Rajesh Kumar,IJP,22982,156,0.100004487380844,19,6,49,UP,Rajesh Kumar,IJP,,,,,False,6,2009,GE
1789528,Krishnapal,IND,22955,149,0.0955171065368317,20,6,49,UP,Krishnapal,IND,,,,,False,6,2009,GE
1789529,Zarar Ahmad,IND,22955,137,0.0878244536613822,21,6,49,UP,Zarar Ahmad,IND,,,,,False,6,2009,GE
1789530,Sudhir Nandan Saran Kothiwal,IND,22955,114,0.0730802023167706,22,6,49,UP,Sudhir Nandan Saran Kothiwal,IND,,,,,False,6,2009,GE
1789531,Dr. Hari Singh Azad Prajapati,ABLTP,23145,103,0.0660286038476085,23,6,49,UP,Dr. Hari Singh Azad Prajapati,ABLTP,,,,,False,6,2009,GE
1789532,Sanjeev,IND,22955,84,0.0538485701281467,24,6,49,UP,Sanjeev,IND,,,,,False,6,2009,GE
1789533,Tejveer Singh,RWS,23146,83,0.0532075157218593,25,6,49,UP,Tejveer Singh,RWS,,,,,False,6,2009,GE
1789534,Lohri,IND,22955,80,0.0512843525029969,26,6,49,UP,Lohri,IND,,,,,False,6,2009,GE
1789535,Capt. Atul Tyagi,IND,22955,79,0.0506432980967094,27,6,49,UP,Capt. Atul Tyagi,IND,,,,,False,6,2009,GE
1789536,Smt. Santosh Ahluwalia,RDMP,22983,74,0.0474380260652721,28,6,49,UP,Smt. Santosh Ahluwalia,RDMP,,,,,False,6,2009,GE
1789537,Sunil Kumar Rana,IND,22955,66,0.0423095908149724,29,6,49,UP,Sunil Kumar Rana,IND,,,,,False,6,2009,GE
1789613,Ajit Singh,RLD,22971,69759,52.8729620955456,1,6,50,UP,Ajit Singh,RLD,,,,,False,6,2009,GE
1789614,Mukesh Sharma,BSP,22951,34153,25.8858394536786,2,6,50,UP,Mukesh Sharma,BSP,,,,,False,6,2009,GE
1789615,Sompal,INC,22954,17822,13.5079621334424,3,6,50,UP,Sompal,INC,,,,,False,6,2009,GE
1789616,Sahab Singh,SP,22952,5696,4.31721200269825,4,6,50,UP,Sahab Singh,SP,,,,,False,6,2009,GE
1789617,Vedpal,IND,22955,2324,1.7614467511009,5,6,50,UP,Vedpal,IND,,,,,False,6,2009,GE
1789618,Abdul Rashid,IND,22955,427,0.323639312702274,6,6,50,UP,Abdul Rashid,IND,,,,,False,6,2009,GE
1789619,Gulzar,ASP,22961,366,0.277405125173378,7,6,50,UP,Gulzar,ASP,,,,,False,6,2009,GE
1789620,Praveen Kumar,IND,22955,231,0.175083562609427,8,6,50,UP,Praveen Kumar,IND,,,,,False,6,2009,GE
1789621,Ompal,IND,22955,228,0.172809750108006,9,6,50,UP,Ompal,IND,,,,,False,6,2009,GE
1789622,Ravindra Kumar,IND,22955,215,0.162956562601847,10,6,50,UP,Ravindra Kumar,IND,,,,,False,6,2009,GE
1789623,Brij Bhushan,IND,22955,195,0.147797812592373,11,6,50,UP,Brij Bhushan,IND,,,,,False,6,2009,GE
1789624,Tejpal Singh,IND,22955,164,0.124301750077688,12,6,50,UP,Tejpal Singh,IND,,,,,False,6,2009,GE
1789625,Devendra Kumar,BKLJP,23131,133,0.100805687563003,13,6,50,UP,Devendra Kumar,BKLJP,,,,,False,6,2009,GE
1789626,Jaiparkash,IND,22955,95,0.0720040625450025,14,6,50,UP,Jaiparkash,IND,,,,,False,6,2009,GE
1789627,Shalini,JM,23132,66,0.0500238750312649,15,6,50,UP,Shalini,JM,,,,,False,6,2009,GE
1789628,S Firdous Rana,MKUP,23024,63,0.0477500625298437,16,6,50,UP,S Firdous Rana,MKUP,,,,,False,6,2009,GE
1789702,Ajit Singh,RLD,22971,45650,41.6822651777317,1,6,51,UP,Ajit Singh,RLD,,,,,False,6,2009,GE
1789703,Mukesh Sharma,BSP,22951,37710,34.4323815958874,2,6,51,UP,Mukesh Sharma,BSP,,,,,False,6,2009,GE
1789704,Sahab Singh,SP,22952,14423,13.1694043955843,3,6,51,UP,Sahab Singh,SP,,,,,False,6,2009,GE
1789705,Sompal,INC,22954,9140,8.34558387129173,4,6,51,UP,Sompal,INC,,,,,False,6,2009,GE
1789706,Vedpal,IND,22955,920,0.840036888576411,5,6,51,UP,Vedpal,IND,,,,,False,6,2009,GE
1789707,Ravindra Kumar,IND,22955,345,0.315013833216154,6,6,51,UP,Ravindra Kumar,IND,,,,,False,6,2009,GE
1789708,Abdul Rashid,IND,22955,309,0.282142824532729,7,6,51,UP,Abdul Rashid,IND,,,,,False,6,2009,GE
1789709,Gulzar,ASP,22961,230,0.210009222144102,8,6,51,UP,Gulzar,ASP,,,,,False,6,2009,GE
1789710,Praveen Kumar,IND,22955,153,0.139701786904555,9,6,51,UP,Praveen Kumar,IND,,,,,False,6,2009,GE
1789711,Tejpal Singh,IND,22955,122,0.111396196093828,10,6,51,UP,Tejpal Singh,IND,,,,,False,6,2009,GE
1789712,Ompal,IND,22955,117,0.10683077822113,11,6,51,UP,Ompal,IND,,,,,False,6,2009,GE
1789713,Brij Bhushan,IND,22955,113,0.103178443922972,12,6,51,UP,Brij Bhushan,IND,,,,,False,6,2009,GE
1789714,Devendra Kumar,BKLJP,23131,105,0.0958737753266556,13,6,51,UP,Devendra Kumar,BKLJP,,,,,False,6,2009,GE
1789715,S Firdous Rana,MKUP,23024,67,0.0611765994941517,14,6,51,UP,S Firdous Rana,MKUP,,,,,False,6,2009,GE
1789716,Shalini,JM,23132,59,0.053871930897835,15,6,51,UP,Shalini,JM,,,,,False,6,2009,GE
1789717,Jaiparkash,IND,22955,56,0.0511326801742163,16,6,51,UP,Jaiparkash,IND,,,,,False,6,2009,GE
1789787,Mukesh Sharma,BSP,22951,40101,35.8146970563018,1,6,52,UP,Mukesh Sharma,BSP,,,,,False,6,2009,GE
1789788,Ajit Singh,RLD,22971,31525,28.1553658188053,2,6,52,UP,Ajit Singh,RLD,,,,,False,6,2009,GE
1789789,Sompal,INC,22954,24127,21.5481208916833,3,6,52,UP,Sompal,INC,,,,,False,6,2009,GE
1789790,Sahab Singh,SP,22952,13138,11.7337096313232,4,6,52,UP,Sahab Singh,SP,,,,,False,6,2009,GE
1789791,Vedpal,IND,22955,937,0.836846241783366,5,6,52,UP,Vedpal,IND,,,,,False,6,2009,GE
1789792,Ravindra Kumar,IND,22955,354,0.316161760503,6,6,52,UP,Ravindra Kumar,IND,,,,,False,6,2009,GE
1789793,Gulzar,ASP,22961,308,0.275078593883966,7,6,52,UP,Gulzar,ASP,,,,,False,6,2009,GE
1789794,Abdul Rashid,IND,22955,295,0.2634681337525,8,6,52,UP,Abdul Rashid,IND,,,,,False,6,2009,GE
1789795,Devendra Kumar,BKLJP,23131,256,0.228636753358102,9,6,52,UP,Devendra Kumar,BKLJP,,,,,False,6,2009,GE
1789796,Brij Bhushan,IND,22955,226,0.201843383823949,10,6,52,UP,Brij Bhushan,IND,,,,,False,6,2009,GE
1789797,Praveen Kumar,IND,22955,194,0.173263789654186,11,6,52,UP,Praveen Kumar,IND,,,,,False,6,2009,GE
1789798,Ompal,IND,22955,135,0.120570162903686,12,6,52,UP,Ompal,IND,,,,,False,6,2009,GE
1789799,Tejpal Singh,IND,22955,132,0.117890825950271,13,6,52,UP,Tejpal Singh,IND,,,,,False,6,2009,GE
1789800,S Firdous Rana,MKUP,23024,81,0.072342097742212,14,6,52,UP,S Firdous Rana,MKUP,,,,,False,6,2009,GE
1789801,Shalini,JM,23132,80,0.0714489854244069,15,6,52,UP,Shalini,JM,,,,,False,6,2009,GE
1789802,Jaiparkash,IND,22955,79,0.0705558731066018,16,6,52,UP,Jaiparkash,IND,,,,,False,6,2009,GE
1789880,Surendra Prakash Goel,INC,22954,58026,38.1945998604547,1,6,53,UP,Surendra Prakash Goel,INC,,,,,False,6,2009,GE
1789881,Raj Nath Singh,BJP,22953,46301,30.4768236331801,2,6,53,UP,Raj Nath Singh,BJP,,,,,False,6,2009,GE
1789882,Pt. Amar Pal Sharma,BSP,22951,42698,28.1052118850462,3,6,53,UP,Pt. Amar Pal Sharma,BSP,,,,,False,6,2009,GE
1789883,Samar Singh,IND,22955,1245,0.819499479996313,4,6,53,UP,Samar Singh,IND,,,,,False,6,2009,GE
1789884,Satish,IND,22955,686,0.451547504640539,5,6,53,UP,Satish,IND,,,,,False,6,2009,GE
1789885,Iqbal,NLHP,23028,684,0.450231039612432,6,6,53,UP,Iqbal,NLHP,,,,,False,6,2009,GE
1789886,Azij Khan,IJP,22982,568,0.373876067982254,7,6,53,UP,Azij Khan,IJP,,,,,False,6,2009,GE
1789887,Vinod,IND,22955,506,0.333065652110951,8,6,53,UP,Vinod,IND,,,,,False,6,2009,GE
1789888,Lal Singh,IND,22955,200,0.131646502810652,9,6,53,UP,Lal Singh,IND,,,,,False,6,2009,GE
1789889,Sanjay Sharma,ABHM,22976,175,0.115190689959321,10,6,53,UP,Sanjay Sharma,ABHM,,,,,False,6,2009,GE
1789890,Anwar Ahmed,NBNP,23061,153,0.100709574650149,11,6,53,UP,Anwar Ahmed,NBNP,,,,,False,6,2009,GE
1789891,K.Z. Bukhari,NELU,23029,147,0.0967601795658298,12,6,53,UP,K.Z. Bukhari,NELU,,,,,False,6,2009,GE
1789892,Trilok Singh Rawat,IND,22955,147,0.0967601795658298,12,6,53,UP,Trilok Singh Rawat,IND,,,,,False,6,2009,GE
1789893,Yatan Sharma,IND,22955,146,0.0961019470517765,14,6,53,UP,Yatan Sharma,IND,,,,,False,6,2009,GE
1789894,Hari Shankar Sharma,BPD,23162,121,0.0796461342004449,15,6,53,UP,Hari Shankar Sharma,BPD,,,,,False,6,2009,GE
1789895,Daya (Hijra),IND,22955,119,0.0783296691723384,16,6,53,UP,Daya (Hijra),IND,,,,,False,6,2009,GE
1789970,Raj Nath Singh,BJP,22953,81053,50.5822516225661,1,6,54,UP,Raj Nath Singh,BJP,,,,,False,6,2009,GE
1789971,Surendra Prakash Goel,INC,22954,47589,29.6985771342985,2,6,54,UP,Surendra Prakash Goel,INC,,,,,False,6,2009,GE
1789972,Pt. Amar Pal Sharma,BSP,22951,28007,17.4781577633549,3,6,54,UP,Pt. Amar Pal Sharma,BSP,,,,,False,6,2009,GE
1789973,Satish,IND,22955,998,0.622815776335496,4,6,54,UP,Satish,IND,,,,,False,6,2009,GE
1789974,Vinod,IND,22955,589,0.367573639540688,5,6,54,UP,Vinod,IND,,,,,False,6,2009,GE
1789975,Samar Singh,IND,22955,550,0.343235147279081,6,6,54,UP,Samar Singh,IND,,,,,False,6,2009,GE
1789976,Iqbal,NLHP,23028,361,0.225287069395906,7,6,54,UP,Iqbal,NLHP,,,,,False,6,2009,GE
1789977,Azij Khan,IJP,22982,309,0.192835746380429,8,6,54,UP,Azij Khan,IJP,,,,,False,6,2009,GE
1789978,Sanjay Sharma,ABHM,22976,115,0.0717673489765351,9,6,54,UP,Sanjay Sharma,ABHM,,,,,False,6,2009,GE
1789979,Anwar Ahmed,NBNP,23061,115,0.0717673489765351,9,6,54,UP,Anwar Ahmed,NBNP,,,,,False,6,2009,GE
1789980,K.Z. Bukhari,NELU,23029,114,0.0711432850723914,11,6,54,UP,K.Z. Bukhari,NELU,,,,,False,6,2009,GE
1789981,Hari Shankar Sharma,BPD,23162,102,0.063654518222666,12,6,54,UP,Hari Shankar Sharma,BPD,,,,,False,6,2009,GE
1789982,Lal Singh,IND,22955,101,0.0630304543185222,13,6,54,UP,Lal Singh,IND,,,,,False,6,2009,GE
1789983,Yatan Sharma,IND,22955,88,0.054917623564653,14,6,54,UP,Yatan Sharma,IND,,,,,False,6,2009,GE
1789984,Daya (Hijra),IND,22955,75,0.0468047928107838,15,6,54,UP,Daya (Hijra),IND,,,,,False,6,2009,GE
1789985,Trilok Singh Rawat,IND,22955,74,0.04618072890664,16,6,54,UP,Trilok Singh Rawat,IND,,,,,False,6,2009,GE
1790069,Raj Nath Singh,BJP,22953,111483,47.4415932592876,1,6,55,UP,Raj Nath Singh,BJP,,,,,False,6,2009,GE
1790070,Surendra Prakash Goel,INC,22954,70427,29.9702114983616,2,6,55,UP,Surendra Prakash Goel,INC,,,,,False,6,2009,GE
1790071,Pt. Amar Pal Sharma,BSP,22951,48643,20.7000297885016,3,6,55,UP,Pt. Amar Pal Sharma,BSP,,,,,False,6,2009,GE
1790072,Samar Singh,IND,22955,1022,0.434912123920166,4,6,55,UP,Samar Singh,IND,,,,,False,6,2009,GE
1790073,Iqbal,NLHP,23028,730,0.310651517085833,5,6,55,UP,Iqbal,NLHP,,,,,False,6,2009,GE
1790074,Azij Khan,IJP,22982,589,0.250648963785693,6,6,55,UP,Azij Khan,IJP,,,,,False,6,2009,GE
1790075,Satish,IND,22955,412,0.175326609642963,7,6,55,UP,Satish,IND,,,,,False,6,2009,GE
1790076,Vinod,IND,22955,292,0.124260606834333,8,6,55,UP,Vinod,IND,,,,,False,6,2009,GE
1790077,Sanjay Sharma,ABHM,22976,246,0.104685305757691,9,6,55,UP,Sanjay Sharma,ABHM,,,,,False,6,2009,GE
1790078,Trilok Singh Rawat,IND,22955,184,0.0783012043065662,10,6,55,UP,Trilok Singh Rawat,IND,,,,,False,6,2009,GE
1790079,Lal Singh,IND,22955,180,0.0765990042129452,11,6,55,UP,Lal Singh,IND,,,,,False,6,2009,GE
1790080,K.Z. Bukhari,NELU,23029,163,0.0693646538150559,12,6,55,UP,K.Z. Bukhari,NELU,,,,,False,6,2009,GE
1790081,Anwar Ahmed,NBNP,23061,162,0.0689391037916507,13,6,55,UP,Anwar Ahmed,NBNP,,,,,False,6,2009,GE
1790082,Yatan Sharma,IND,22955,156,0.0663858036512192,14,6,55,UP,Yatan Sharma,IND,,,,,False,6,2009,GE
1790083,Hari Shankar Sharma,BPD,23162,155,0.0659602536278139,15,6,55,UP,Hari Shankar Sharma,BPD,,,,,False,6,2009,GE
1790084,Daya (Hijra),IND,22955,146,0.0621303034171666,16,6,55,UP,Daya (Hijra),IND,,,,,False,6,2009,GE
1790169,Raj Nath Singh,BJP,22953,54955,42.9631309024954,1,6,56,UP,Raj Nath Singh,BJP,,,,,False,6,2009,GE
1790170,Surendra Prakash Goel,INC,22954,45420,35.5087872912627,2,6,56,UP,Surendra Prakash Goel,INC,,,,,False,6,2009,GE
1790171,Pt. Amar Pal Sharma,BSP,22951,25173,19.6799362061417,3,6,56,UP,Pt. Amar Pal Sharma,BSP,,,,,False,6,2009,GE
1790172,Samar Singh,IND,22955,461,0.360404027769091,4,6,56,UP,Samar Singh,IND,,,,,False,6,2009,GE
1790173,K.Z. Bukhari,NELU,23029,334,0.26111701794984,5,6,56,UP,K.Z. Bukhari,NELU,,,,,False,6,2009,GE
1790174,Azij Khan,IJP,22982,328,0.25642629307649,6,6,56,UP,Azij Khan,IJP,,,,,False,6,2009,GE
1790175,Anwar Ahmed,NBNP,23061,206,0.161048220651698,7,6,56,UP,Anwar Ahmed,NBNP,,,,,False,6,2009,GE
1790176,Satish,IND,22955,196,0.15323034586278,8,6,56,UP,Satish,IND,,,,,False,6,2009,GE
1790177,Yatan Sharma,IND,22955,157,0.122740634186002,9,6,56,UP,Yatan Sharma,IND,,,,,False,6,2009,GE
1790178,Sanjay Sharma,ABHM,22976,132,0.103195947213709,10,6,56,UP,Sanjay Sharma,ABHM,,,,,False,6,2009,GE
1790179,Daya (Hijra),IND,22955,129,0.100850584777034,11,6,56,UP,Daya (Hijra),IND,,,,,False,6,2009,GE
1790180,Vinod,IND,22955,116,0.0906873475514416,12,6,56,UP,Vinod,IND,,,,,False,6,2009,GE
1790181,Lal Singh,IND,22955,93,0.0727062355369316,13,6,56,UP,Lal Singh,IND,,,,,False,6,2009,GE
1790182,Iqbal,NLHP,23028,92,0.0719244480580399,14,6,56,UP,Iqbal,NLHP,,,,,False,6,2009,GE
1790183,Hari Shankar Sharma,BPD,23162,68,0.0531615485646381,15,6,56,UP,Hari Shankar Sharma,BPD,,,,,False,6,2009,GE
1790184,Trilok Singh Rawat,IND,22955,52,0.0406529489023703,16,6,56,UP,Trilok Singh Rawat,IND,,,,,False,6,2009,GE
1790274,Sompal,INC,22954,45402,36.1305416955141,1,6,57,UP,Sompal,INC,,,,,False,6,2009,GE
1790275,Ajit Singh,RLD,22971,43672,34.7538217903725,2,6,57,UP,Ajit Singh,RLD,,,,,False,6,2009,GE
1790276,Mukesh Sharma,BSP,22951,27735,22.0712870341633,3,6,57,UP,Mukesh Sharma,BSP,,,,,False,6,2009,GE
1790277,Sahab Singh,SP,22952,5776,4.59649374109707,4,6,57,UP,Sahab Singh,SP,,,,,False,6,2009,GE
1790278,Vedpal,IND,22955,827,0.658119862168851,5,6,57,UP,Vedpal,IND,,,,,False,6,2009,GE
1790279,Gulzar,ASP,22961,420,0.334232578126865,6,6,57,UP,Gulzar,ASP,,,,,False,6,2009,GE
1790280,Abdul Rashid,IND,22955,348,0.276935564733688,7,6,57,UP,Abdul Rashid,IND,,,,,False,6,2009,GE
1790281,Praveen Kumar,IND,22955,257,0.204518506139534,8,6,57,UP,Praveen Kumar,IND,,,,,False,6,2009,GE
1790282,Brij Bhushan,IND,22955,237,0.188602669085873,9,6,57,UP,Brij Bhushan,IND,,,,,False,6,2009,GE
1790283,Ravindra Kumar,IND,22955,214,0.170299456474164,10,6,57,UP,Ravindra Kumar,IND,,,,,False,6,2009,GE
1790284,Tejpal Singh,IND,22955,176,0.14005936607221,11,6,57,UP,Tejpal Singh,IND,,,,,False,6,2009,GE
1790285,Devendra Kumar,BKLJP,23131,159,0.126530904576598,12,6,57,UP,Devendra Kumar,BKLJP,,,,,False,6,2009,GE
1790286,Ompal,IND,22955,156,0.124143529018549,13,6,57,UP,Ompal,IND,,,,,False,6,2009,GE
1790287,S Firdous Rana,MKUP,23024,101,0.0803749771209842,14,6,57,UP,S Firdous Rana,MKUP,,,,,False,6,2009,GE
1790288,Shalini,JM,23132,98,0.0779876015629351,15,6,57,UP,Shalini,JM,,,,,False,6,2009,GE
1790289,Jaiparkash,IND,22955,83,0.06605072377269,16,6,57,UP,Jaiparkash,IND,,,,,False,6,2009,GE
1790357,Raj Nath Singh,BJP,22953,65638,42.5036748279144,1,6,58,UP,Raj Nath Singh,BJP,,,,,False,6,2009,GE
1790358,Surendra Prakash Goel,INC,22954,47417,30.7047251487738,2,6,58,UP,Surendra Prakash Goel,INC,,,,,False,6,2009,GE
1790359,Pt. Amar Pal Sharma,BSP,22951,35720,23.1303705910159,3,6,58,UP,Pt. Amar Pal Sharma,BSP,,,,,False,6,2009,GE
1790360,Iqbal,NLHP,23028,1951,1.26336374644658,4,6,58,UP,Iqbal,NLHP,,,,,False,6,2009,GE
1790361,Samar Singh,IND,22955,890,0.576316624468202,5,6,58,UP,Samar Singh,IND,,,,,False,6,2009,GE
1790362,K.Z. Bukhari,NELU,23029,521,0.337371866683071,6,6,58,UP,K.Z. Bukhari,NELU,,,,,False,6,2009,GE
1790363,Satish,IND,22955,501,0.324420931301763,7,6,58,UP,Satish,IND,,,,,False,6,2009,GE
1790364,Azij Khan,IJP,22982,492,0.318593010380174,8,6,58,UP,Azij Khan,IJP,,,,,False,6,2009,GE
1790365,Vinod,IND,22955,340,0.220165901482234,9,6,58,UP,Vinod,IND,,,,,False,6,2009,GE
1790366,Anwar Ahmed,NBNP,23061,273,0.176780267954853,10,6,58,UP,Anwar Ahmed,NBNP,,,,,False,6,2009,GE
1790367,Lal Singh,IND,22955,157,0.101664842743267,11,6,58,UP,Lal Singh,IND,,,,,False,6,2009,GE
1790368,Trilok Singh Rawat,IND,22955,118,0.0764105187497166,12,6,58,UP,Trilok Singh Rawat,IND,,,,,False,6,2009,GE
1790369,Sanjay Sharma,ABHM,22976,116,0.0751154252115859,13,6,58,UP,Sanjay Sharma,ABHM,,,,,False,6,2009,GE
1790370,Yatan Sharma,IND,22955,101,0.0654022236756049,14,6,58,UP,Yatan Sharma,IND,,,,,False,6,2009,GE
1790371,Daya (Hijra),IND,22955,99,0.0641071301374741,15,6,58,UP,Daya (Hijra),IND,,,,,False,6,2009,GE
1790372,Hari Shankar Sharma,BPD,23162,95,0.0615169430612125,16,6,58,UP,Hari Shankar Sharma,BPD,,,,,False,6,2009,GE
1790459,Rajendra Agarwal,BJP,22953,39673,30.1418466658056,1,6,59,UP,Rajendra Agarwal,BJP,,,,,False,6,2009,GE
1790460,Malook Nagar,BSP,22951,37970,28.8479801855327,2,6,59,UP,Malook Nagar,BSP,,,,,False,6,2009,GE
1790461,Shahid Manzoor,SP,22952,31063,23.6003373321886,3,6,59,UP,Shahid Manzoor,SP,,,,,False,6,2009,GE
1790462,Rajendra Sharma,INC,22954,10303,7.82777824207383,4,6,59,UP,Rajendra Sharma,INC,,,,,False,6,2009,GE
1790463,Mohd.Shahid Akhlak,IND,22955,5628,4.27591341807158,5,6,59,UP,Mohd.Shahid Akhlak,IND,,,,,False,6,2009,GE
1790464,Dara Singh Prajapati,IND,22955,1382,1.04998442497777,6,6,59,UP,Dara Singh Prajapati,IND,,,,,False,6,2009,GE
1790465,Mughis Ahmad Gilani,CPI,22973,701,0.532589784304936,7,6,59,UP,Mughis Ahmad Gilani,CPI,,,,,False,6,2009,GE
1790466,Arun Kumar Jain,NCP,22977,621,0.471809209776555,8,6,59,UP,Arun Kumar Jain,NCP,,,,,False,6,2009,GE
1790467,Krishna Kumar Garg,IND,22955,532,0.404190820613731,9,6,59,UP,Krishna Kumar Garg,IND,,,,,False,6,2009,GE
1790468,Khalid Khurshid,IND,22955,404,0.306941901368322,10,6,59,UP,Khalid Khurshid,IND,,,,,False,6,2009,GE
1790469,Janeshwar Prasad Sharma,RVNP,23143,360,0.273512585377713,11,6,59,UP,Janeshwar Prasad Sharma,RVNP,,,,,False,6,2009,GE
1790470,Rajkumar Tyagi,ABHM,22976,329,0.249960112747965,12,6,59,UP,Rajkumar Tyagi,ABHM,,,,,False,6,2009,GE
1790471,Anil Kumar Subhash,IND,22955,326,0.247680841203151,13,6,59,UP,Anil Kumar Subhash,IND,,,,,False,6,2009,GE
1790472,Ajay Agrawal,SJP(R),23144,257,0.195257595672423,14,6,59,UP,Ajay Agrawal,SJP(R),,,,,False,6,2009,GE
1790473,Rajendra Singh Yadav,IND,22955,250,0.189939295401189,15,6,59,UP,Rajendra Singh Yadav,IND,,,,,False,6,2009,GE
1790474,Shreepal Singh,IND,22955,241,0.183101480766746,16,6,59,UP,Shreepal Singh,IND,,,,,False,6,2009,GE
1790475,Krishnapal,IND,22955,203,0.154230707865766,17,6,59,UP,Krishnapal,IND,,,,,False,6,2009,GE
1790476,Dr. Surender Kumar Khatri,IND,22955,196,0.148912407594532,18,6,59,UP,Dr. Surender Kumar Khatri,IND,,,,,False,6,2009,GE
1790477,Bharat Bhusan Agrawal,IND,22955,195,0.148152650412928,19,6,59,UP,Bharat Bhusan Agrawal,IND,,,,,False,6,2009,GE
1790478,Zarar Ahmad,IND,22955,177,0.134477021144042,20,6,59,UP,Zarar Ahmad,IND,,,,,False,6,2009,GE
1790479,Dr. Hari Singh Azad Prajapati,ABLTP,23145,137,0.104086733879851,21,6,59,UP,Dr. Hari Singh Azad Prajapati,ABLTP,,,,,False,6,2009,GE
1790480,Rajesh Kumar,IJP,22982,119,0.0904111046109663,22,6,59,UP,Rajesh Kumar,IJP,,,,,False,6,2009,GE
1790481,Lohri,IND,22955,111,0.0843330471581282,23,6,59,UP,Lohri,IND,,,,,False,6,2009,GE
1790482,Tejveer Singh,RWS,23146,99,0.0752159609788711,24,6,59,UP,Tejveer Singh,RWS,,,,,False,6,2009,GE
1790483,Sudhir Nandan Saran Kothiwal,IND,22955,90,0.0683781463444283,25,6,59,UP,Sudhir Nandan Saran Kothiwal,IND,,,,,False,6,2009,GE
1790484,Smt. Santosh Ahluwalia,RDMP,22983,76,0.0577415458019616,26,6,59,UP,Smt. Santosh Ahluwalia,RDMP,,,,,False,6,2009,GE
1790485,Sanjeev,IND,22955,70,0.0531830027123331,27,6,59,UP,Sanjeev,IND,,,,,False,6,2009,GE
1790486,Capt. Atul Tyagi,IND,22955,67,0.0509037311675188,28,6,59,UP,Capt. Atul Tyagi,IND,,,,,False,6,2009,GE
1790487,Sunil Kumar Rana,IND,22955,41,0.0311500444457951,29,6,59,UP,Sunil Kumar Rana,IND,,,,,False,6,2009,GE
1790559,Devendra Nagpal,RLD,22971,49871,35.6560160724116,1,6,60,UP,Devendra Nagpal,RLD,,,,,False,6,2009,GE
1790560,Maudood Madni,BSP,22951,39113,27.9644233450349,2,6,60,UP,Maudood Madni,BSP,,,,,False,6,2009,GE
1790561,Mehboob Ali,SP,22952,35349,25.2732953448633,3,6,60,UP,Mehboob Ali,SP,,,,,False,6,2009,GE
1790562,Mohd. Nafis Abbasi,INC,22954,4264,3.04861046565665,4,6,60,UP,Mohd. Nafis Abbasi,INC,,,,,False,6,2009,GE
1790563,Harish Nagpal,IND,22955,3116,2.22783072490294,5,6,60,UP,Harish Nagpal,IND,,,,,False,6,2009,GE
1790564,Suman,IVD,22969,1484,1.06100795755968,6,6,60,UP,Suman,IVD,,,,,False,6,2009,GE
1790565,Nidhi Tyagi,SHS,22992,1379,0.985936639807817,7,6,60,UP,Nidhi Tyagi,SHS,,,,,False,6,2009,GE
1790566,Devi Saran,IND,22955,729,0.521209434677229,8,6,60,UP,Devi Saran,IND,,,,,False,6,2009,GE
1790567,Devender,IND,22955,661,0.472591819371259,9,6,60,UP,Devender,IND,,,,,False,6,2009,GE
1790568,Anil,IND,22955,607,0.433983713098872,10,6,60,UP,Anil,IND,,,,,False,6,2009,GE
1790569,Radhekishan,IND,22955,577,0.412534765169768,11,6,60,UP,Radhekishan,IND,,,,,False,6,2009,GE
1790570,Sharafat Ali,RSP,23122,574,0.410389870376858,12,6,60,UP,Sharafat Ali,RSP,,,,,False,6,2009,GE
1790571,Mantari Singh,IND,22955,557,0.398235466550365,13,6,60,UP,Mantari Singh,IND,,,,,False,6,2009,GE
1790572,Kirshanpal,IND,22955,375,0.2681118491138,14,6,60,UP,Kirshanpal,IND,,,,,False,6,2009,GE
1790573,Varun,IND,22955,353,0.252382620632457,15,6,60,UP,Varun,IND,,,,,False,6,2009,GE
1790574,Imran,IND,22955,201,0.143707951124997,16,6,60,UP,Imran,IND,,,,,False,6,2009,GE
1790575,Rifaqat,NELU,23029,188,0.134413407022385,17,6,60,UP,Rifaqat,NELU,,,,,False,6,2009,GE
1790576,Anjula Nagpal,IND,22955,170,0.121544038264923,18,6,60,UP,Anjula Nagpal,IND,,,,,False,6,2009,GE
1790577,Tara Chandr,IND,22955,166,0.118684178541042,19,6,60,UP,Tara Chandr,IND,,,,,False,6,2009,GE
1790578,Satish,ABHM,22976,133,0.095090335819028,20,6,60,UP,Satish,ABHM,,,,,False,6,2009,GE
1790661,Mahesh Kumar Sharma,BJP,22953,68401,47.7124183006535,1,6,61,UP,Mahesh Kumar Sharma,BJP,,,,,False,6,2009,GE
1790662,Ramesh Chandra Tomar,INC,22954,33583,23.4254783379022,2,6,61,UP,Ramesh Chandra Tomar,INC,,,,,False,6,2009,GE
1790663,Surendra Singh Nagar,BSP,22951,28240,19.6985233082916,3,6,61,UP,Surendra Singh Nagar,BSP,,,,,False,6,2009,GE
1790664,Narendra Singh Bhati,SP,22952,9597,6.69428924184401,4,6,61,UP,Narendra Singh Bhati,SP,,,,,False,6,2009,GE
1790665,Anil Kumar,IND,22955,353,0.246231541353645,5,6,61,UP,Anil Kumar,IND,,,,,False,6,2009,GE
1790666,Dr Jamal Ahmad Khan,NLHP,23028,307,0.214144711602179,6,6,61,UP,Dr Jamal Ahmad Khan,NLHP,,,,,False,6,2009,GE
1790667,Kamlesh Choudhry,IND,22955,306,0.213447171824973,7,6,61,UP,Kamlesh Choudhry,IND,,,,,False,6,2009,GE
1790668,K.K Sharma,NCP,22977,283,0.19740375694924,8,6,61,UP,K.K Sharma,NCP,,,,,False,6,2009,GE
1790669,Sher Singh,AP,23179,280,0.195311137617622,9,6,61,UP,Sher Singh,AP,,,,,False,6,2009,GE
1790670,Sonia Sharma,IND,22955,273,0.190428359177182,10,6,61,UP,Sonia Sharma,IND,,,,,False,6,2009,GE
1790671,Mahesh,IND,22955,255,0.177872643187477,11,6,61,UP,Mahesh,IND,,,,,False,6,2009,GE
1790672,Chhote Lal,RYS,23180,179,0.124859620119837,12,6,61,UP,Chhote Lal,RYS,,,,,False,6,2009,GE
1790673,Poonam,BSP(K),23111,156,0.108816205244104,13,6,61,UP,Poonam,BSP(K),,,,,False,6,2009,GE
1790674,Arvind,ANC,23085,141,0.0983531085860171,14,6,61,UP,Arvind,ANC,,,,,False,6,2009,GE
1790675,Kinnar Guddi Sharma,IND,22955,140,0.0976555688088113,15,6,61,UP,Kinnar Guddi Sharma,IND,,,,,False,6,2009,GE
1790676,Manoj,IND,22955,113,0.0788219948242548,16,6,61,UP,Manoj,IND,,,,,False,6,2009,GE
1790677,Jagat Singh,IND,22955,112,0.078124455047049,17,6,61,UP,Jagat Singh,IND,,,,,False,6,2009,GE
1790678,Shailesh Kumar Srivastva,IND,22955,105,0.0732416766066084,18,6,61,UP,Shailesh Kumar Srivastva,IND,,,,,False,6,2009,GE
1790679,Lubna Asif,AIMF,23046,97,0.0676613583889621,19,6,61,UP,Lubna Asif,AIMF,,,,,False,6,2009,GE
1790680,Dharamvir,IND,22955,87,0.0606859606169041,20,6,61,UP,Dharamvir,IND,,,,,False,6,2009,GE
1790681,Rahis,NELU,23029,75,0.0523154832904346,21,6,61,UP,Rahis,NELU,,,,,False,6,2009,GE
1790682,Prem Singh,RPI,23181,65,0.0453400855183766,22,6,61,UP,Prem Singh,RPI,,,,,False,6,2009,GE
1790683,Sukhvir,IND,22955,63,0.043945005963965,23,6,61,UP,Sukhvir,IND,,,,,False,6,2009,GE
1790684,Ghanshyam Sharma,RWS,23146,63,0.043945005963965,23,6,61,UP,Ghanshyam Sharma,RWS,,,,,False,6,2009,GE
1790685,Rajendra Pal Singh,IND,22955,51,0.0355745286374955,25,6,61,UP,Rajendra Pal Singh,IND,,,,,False,6,2009,GE
1790686,Resham Swarup,IND,22955,36,0.0251114319794086,26,6,61,UP,Resham Swarup,IND,,,,,False,6,2009,GE
1790800,Surendra Singh Nagar,BSP,22951,74023,48.6647645094275,1,6,62,UP,Surendra Singh Nagar,BSP,,,,,False,6,2009,GE
1790801,Mahesh Kumar Sharma,BJP,22953,33148,21.7924106555868,2,6,62,UP,Mahesh Kumar Sharma,BJP,,,,,False,6,2009,GE
1790802,Narendra Singh Bhati,SP,22952,21865,14.3746548505009,3,6,62,UP,Narendra Singh Bhati,SP,,,,,False,6,2009,GE
1790803,Ramesh Chandra Tomar,INC,22954,17237,11.3320798380098,4,6,62,UP,Ramesh Chandra Tomar,INC,,,,,False,6,2009,GE
1790804,Dr Jamal Ahmad Khan,NLHP,23028,998,0.656112761984905,5,6,62,UP,Dr Jamal Ahmad Khan,NLHP,,,,,False,6,2009,GE
1790805,K.K Sharma,NCP,22977,637,0.418781392168722,6,6,62,UP,K.K Sharma,NCP,,,,,False,6,2009,GE
1790806,Kamlesh Choudhry,IND,22955,467,0.307018697241433,7,6,62,UP,Kamlesh Choudhry,IND,,,,,False,6,2009,GE
1790807,Arvind,ANC,23085,447,0.293870144897046,8,6,62,UP,Arvind,ANC,,,,,False,6,2009,GE
1790808,Mahesh,IND,22955,389,0.255739343098324,9,6,62,UP,Mahesh,IND,,,,,False,6,2009,GE
1790809,Kinnar Guddi Sharma,IND,22955,362,0.237988797433402,10,6,62,UP,Kinnar Guddi Sharma,IND,,,,,False,6,2009,GE
1790810,Poonam,BSP(K),23111,307,0.201830278486338,11,6,62,UP,Poonam,BSP(K),,,,,False,6,2009,GE
1790811,Manoj,IND,22955,285,0.187366870907513,12,6,62,UP,Manoj,IND,,,,,False,6,2009,GE
1790812,Sonia Sharma,IND,22955,249,0.163699476687616,13,6,62,UP,Sonia Sharma,IND,,,,,False,6,2009,GE
1790813,Rahis,NELU,23029,207,0.136087516764404,14,6,62,UP,Rahis,NELU,,,,,False,6,2009,GE
1790814,Sher Singh,AP,23179,177,0.116364688247823,15,6,62,UP,Sher Singh,AP,,,,,False,6,2009,GE
1790815,Jagat Singh,IND,22955,169,0.111105267310069,16,6,62,UP,Jagat Singh,IND,,,,,False,6,2009,GE
1790816,Anil Kumar,IND,22955,162,0.106503273989533,17,6,62,UP,Anil Kumar,IND,,,,,False,6,2009,GE
1790817,Resham Swarup,IND,22955,157,0.103216135903437,18,6,62,UP,Resham Swarup,IND,,,,,False,6,2009,GE
1790818,Prem Singh,RPI,23181,135,0.0887527283246114,19,6,62,UP,Prem Singh,RPI,,,,,False,6,2009,GE
1790819,Dharamvir,IND,22955,124,0.0815210245351986,20,6,62,UP,Dharamvir,IND,,,,,False,6,2009,GE
1790820,Lubna Asif,AIMF,23046,118,0.0775764588318826,21,6,62,UP,Lubna Asif,AIMF,,,,,False,6,2009,GE
1790821,Shailesh Kumar Srivastva,IND,22955,96,0.063113051253057,22,6,62,UP,Shailesh Kumar Srivastva,IND,,,,,False,6,2009,GE
1790822,Sukhvir,IND,22955,94,0.0617981960186183,23,6,62,UP,Sukhvir,IND,,,,,False,6,2009,GE
1790823,Ghanshyam Sharma,RWS,23146,92,0.0604833407841796,24,6,62,UP,Ghanshyam Sharma,RWS,,,,,False,6,2009,GE
1790824,Rajendra Pal Singh,IND,22955,92,0.0604833407841796,24,6,62,UP,Rajendra Pal Singh,IND,,,,,False,6,2009,GE
1790825,Chhote Lal,RYS,23180,71,0.0466773608225734,26,6,62,UP,Chhote Lal,RYS,,,,,False,6,2009,GE
1790925,Surendra Singh Nagar,BSP,22951,55553,42.0346549636803,1,6,63,UP,Surendra Singh Nagar,BSP,,,,,False,6,2009,GE
1790926,Mahesh Kumar Sharma,BJP,22953,31599,23.9096549636803,2,6,63,UP,Mahesh Kumar Sharma,BJP,,,,,False,6,2009,GE
1790927,Narendra Singh Bhati,SP,22952,20719,15.6772094430992,3,6,63,UP,Narendra Singh Bhati,SP,,,,,False,6,2009,GE
1790928,Ramesh Chandra Tomar,INC,22954,17973,13.5994249394673,4,6,63,UP,Ramesh Chandra Tomar,INC,,,,,False,6,2009,GE
1790929,Dr Jamal Ahmad Khan,NLHP,23028,811,0.613650121065375,5,6,63,UP,Dr Jamal Ahmad Khan,NLHP,,,,,False,6,2009,GE
1790930,Kamlesh Choudhry,IND,22955,599,0.453238498789346,6,6,63,UP,Kamlesh Choudhry,IND,,,,,False,6,2009,GE
1790931,K.K Sharma,NCP,22977,543,0.410865617433414,7,6,63,UP,K.K Sharma,NCP,,,,,False,6,2009,GE
1790932,Mahesh,IND,22955,496,0.375302663438256,8,6,63,UP,Mahesh,IND,,,,,False,6,2009,GE
1790933,Arvind,ANC,23085,421,0.318553268765133,9,6,63,UP,Arvind,ANC,,,,,False,6,2009,GE
1790934,Kinnar Guddi Sharma,IND,22955,373,0.282233656174334,10,6,63,UP,Kinnar Guddi Sharma,IND,,,,,False,6,2009,GE
1790935,Sonia Sharma,IND,22955,324,0.245157384987893,11,6,63,UP,Sonia Sharma,IND,,,,,False,6,2009,GE
1790936,Jagat Singh,IND,22955,288,0.217917675544794,12,6,63,UP,Jagat Singh,IND,,,,,False,6,2009,GE
1790937,Anil Kumar,IND,22955,258,0.195217917675544,13,6,63,UP,Anil Kumar,IND,,,,,False,6,2009,GE
1790938,Poonam,BSP(K),23111,257,0.194461259079903,14,6,63,UP,Poonam,BSP(K),,,,,False,6,2009,GE
1790939,Sher Singh,AP,23179,245,0.185381355932203,15,6,63,UP,Sher Singh,AP,,,,,False,6,2009,GE
1790940,Dharamvir,IND,22955,230,0.174031476997578,16,6,63,UP,Dharamvir,IND,,,,,False,6,2009,GE
1790941,Rahis,NELU,23029,227,0.171761501210653,17,6,63,UP,Rahis,NELU,,,,,False,6,2009,GE
1790942,Manoj,IND,22955,213,0.16116828087167,18,6,63,UP,Manoj,IND,,,,,False,6,2009,GE
1790943,Rajendra Pal Singh,IND,22955,180,0.136198547215496,19,6,63,UP,Rajendra Pal Singh,IND,,,,,False,6,2009,GE
1790944,Lubna Asif,AIMF,23046,157,0.118795399515738,20,6,63,UP,Lubna Asif,AIMF,,,,,False,6,2009,GE
1790945,Ghanshyam Sharma,RWS,23146,146,0.11047215496368,21,6,63,UP,Ghanshyam Sharma,RWS,,,,,False,6,2009,GE
1790946,Prem Singh,RPI,23181,137,0.103662227602905,22,6,63,UP,Prem Singh,RPI,,,,,False,6,2009,GE
1790947,Sukhvir,IND,22955,130,0.098365617433414,23,6,63,UP,Sukhvir,IND,,,,,False,6,2009,GE
1790948,Shailesh Kumar Srivastva,IND,22955,112,0.0847457627118644,24,6,63,UP,Shailesh Kumar Srivastva,IND,,,,,False,6,2009,GE
1790949,Resham Swarup,IND,22955,102,0.0771791767554479,25,6,63,UP,Resham Swarup,IND,,,,,False,6,2009,GE
1790950,Chhote Lal,RYS,23180,67,0.0506961259079903,26,6,63,UP,Chhote Lal,RYS,,,,,False,6,2009,GE
1791047,Narendra Singh Bhati,SP,22952,48599,30.8183518817971,1,6,64,UP,Narendra Singh Bhati,SP,,,,,False,6,2009,GE
1791048,Surendra Singh Nagar,BSP,22951,45971,29.1518437490091,2,6,64,UP,Surendra Singh Nagar,BSP,,,,,False,6,2009,GE
1791049,Mahesh Kumar Sharma,BJP,22953,41467,26.2956973905323,3,6,64,UP,Mahesh Kumar Sharma,BJP,,,,,False,6,2009,GE
1791050,Ramesh Chandra Tomar,INC,22954,15466,9.80753987127049,4,6,64,UP,Ramesh Chandra Tomar,INC,,,,,False,6,2009,GE
1791051,Dr Jamal Ahmad Khan,NLHP,23028,1221,0.774279463521354,5,6,64,UP,Dr Jamal Ahmad Khan,NLHP,,,,,False,6,2009,GE
1791052,K.K Sharma,NCP,22977,655,0.415358762167475,6,6,64,UP,K.K Sharma,NCP,,,,,False,6,2009,GE
1791053,Kamlesh Choudhry,IND,22955,652,0.413456355623196,7,6,64,UP,Kamlesh Choudhry,IND,,,,,False,6,2009,GE
1791054,Kinnar Guddi Sharma,IND,22955,509,0.322774977012587,8,6,64,UP,Kinnar Guddi Sharma,IND,,,,,False,6,2009,GE
1791055,Mahesh,IND,22955,387,0.245410444211928,9,6,64,UP,Mahesh,IND,,,,,False,6,2009,GE
1791056,Poonam,BSP(K),23111,285,0.180728621706458,10,6,64,UP,Poonam,BSP(K),,,,,False,6,2009,GE
1791057,Sonia Sharma,IND,22955,270,0.171216588985066,11,6,64,UP,Sonia Sharma,IND,,,,,False,6,2009,GE
1791058,Arvind,ANC,23085,267,0.169314182440787,12,6,64,UP,Arvind,ANC,,,,,False,6,2009,GE
1791059,Anil Kumar,IND,22955,235,0.149021845968483,13,6,64,UP,Anil Kumar,IND,,,,,False,6,2009,GE
1791060,Jagat Singh,IND,22955,225,0.142680490820888,14,6,64,UP,Jagat Singh,IND,,,,,False,6,2009,GE
1791061,Rahis,NELU,23029,220,0.13950981324709,15,6,64,UP,Rahis,NELU,,,,,False,6,2009,GE
1791062,Manoj,IND,22955,176,0.111607850597672,16,6,64,UP,Manoj,IND,,,,,False,6,2009,GE
1791063,Sher Singh,AP,23179,170,0.107803037509115,17,6,64,UP,Sher Singh,AP,,,,,False,6,2009,GE
1791064,Dharamvir,IND,22955,133,0.084340023463014,18,6,64,UP,Dharamvir,IND,,,,,False,6,2009,GE
1791065,Lubna Asif,AIMF,23046,132,0.0837058879482545,19,6,64,UP,Lubna Asif,AIMF,,,,,False,6,2009,GE
1791066,Sukhvir,IND,22955,123,0.077998668315419,20,6,64,UP,Sukhvir,IND,,,,,False,6,2009,GE
1791067,Ghanshyam Sharma,RWS,23146,114,0.0722914486825834,21,6,64,UP,Ghanshyam Sharma,RWS,,,,,False,6,2009,GE
1791068,Shailesh Kumar Srivastva,IND,22955,106,0.0672183645645074,22,6,64,UP,Shailesh Kumar Srivastva,IND,,,,,False,6,2009,GE
1791069,Prem Singh,RPI,23181,97,0.0615111449316718,23,6,64,UP,Prem Singh,RPI,,,,,False,6,2009,GE
1791070,Rajendra Pal Singh,IND,22955,96,0.0608770094169123,24,6,64,UP,Rajendra Pal Singh,IND,,,,,False,6,2009,GE
1791071,Chhote Lal,RYS,23180,74,0.0469260280922033,25,6,64,UP,Chhote Lal,RYS,,,,,False,6,2009,GE
1791072,Resham Swarup,IND,22955,45,0.0285360981641776,26,6,64,UP,Resham Swarup,IND,,,,,False,6,2009,GE
1791171,Ashok Kumar Pradhan,BJP,22953,37808,28.9479124396089,1,6,65,UP,Ashok Kumar Pradhan,BJP,,,,,False,6,2009,GE
1791172,Kamlesh,SP,22952,36350,27.8315863621398,2,6,65,UP,Kamlesh,SP,,,,,False,6,2009,GE
1791173,Devi Dayal,INC,22954,27545,21.0899875198113,3,6,65,UP,Devi Dayal,INC,,,,,False,6,2009,GE
1791174,Raj Kumar Gautam,BSP,22951,25192,19.2883995497944,4,6,65,UP,Raj Kumar Gautam,BSP,,,,,False,6,2009,GE
1791175,Sohan Pal,NLHP,23028,1125,0.861362714096487,5,6,65,UP,Sohan Pal,NLHP,,,,,False,6,2009,GE
1791176,Praveen,IND,22955,576,0.441017709617401,6,6,65,UP,Praveen,IND,,,,,False,6,2009,GE
1791177,Kamlesh,IND,22955,473,0.362155167793456,7,6,65,UP,Kamlesh,IND,,,,,False,6,2009,GE
1791178,Surajmukhi Gautam,UNLP,22984,369,0.282526970223648,8,6,65,UP,Surajmukhi Gautam,UNLP,,,,,False,6,2009,GE
1791179,Karan Singh Bhoochal,RMEP,22990,270,0.206727051383157,9,6,65,UP,Karan Singh Bhoochal,RMEP,,,,,False,6,2009,GE
1791180,Balram,ABHM,22976,167,0.127864509559211,10,6,65,UP,Balram,ABHM,,,,,False,6,2009,GE
1791181,Sushila Singh,RDMP,22983,135,0.103363525691578,11,6,65,UP,Sushila Singh,RDMP,,,,,False,6,2009,GE
1791182,Rajo,NELU,23029,132,0.101066558453987,12,6,65,UP,Rajo,NELU,,,,,False,6,2009,GE
1791183,Jay Bhagwan,NBNP,23061,131,0.100300902708124,13,6,65,UP,Jay Bhagwan,NBNP,,,,,False,6,2009,GE
1791184,Sudha Singh,RPI,23181,122,0.0934100009953524,14,6,65,UP,Sudha Singh,RPI,,,,,False,6,2009,GE
1791185,Raghuraj Singh,RTKP,23187,115,0.0880504107743076,15,6,65,UP,Raghuraj Singh,RTKP,,,,,False,6,2009,GE
1791186,Kanti,ABRS,23211,97,0.0742686073487638,16,6,65,UP,Kanti,ABRS,,,,,False,6,2009,GE
1791249,Kamlesh,SP,22952,55078,38.1046601726809,1,6,66,UP,Kamlesh,SP,,,,,False,6,2009,GE
1791250,Ashok Kumar Pradhan,BJP,22953,35588,24.6208766880673,2,6,66,UP,Ashok Kumar Pradhan,BJP,,,,,False,6,2009,GE
1791251,Raj Kumar Gautam,BSP,22951,29032,20.0852335620987,3,6,66,UP,Raj Kumar Gautam,BSP,,,,,False,6,2009,GE
1791252,Devi Dayal,INC,22954,20997,14.5263725924286,4,6,66,UP,Devi Dayal,INC,,,,,False,6,2009,GE
1791253,Praveen,IND,22955,897,0.620572282488377,5,6,66,UP,Praveen,IND,,,,,False,6,2009,GE
1791254,Kamlesh,IND,22955,819,0.566609475315474,6,6,66,UP,Kamlesh,IND,,,,,False,6,2009,GE
1791255,Surajmukhi Gautam,UNLP,22984,508,0.351450077485056,7,6,66,UP,Surajmukhi Gautam,UNLP,,,,,False,6,2009,GE
1791256,Sohan Pal,NLHP,23028,464,0.321009519592649,8,6,66,UP,Sohan Pal,NLHP,,,,,False,6,2009,GE
1791257,Karan Singh Bhoochal,RMEP,22990,303,0.209624750940889,9,6,66,UP,Karan Singh Bhoochal,RMEP,,,,,False,6,2009,GE
1791258,Sushila Singh,RDMP,22983,175,0.121070400708434,10,6,66,UP,Sushila Singh,RDMP,,,,,False,6,2009,GE
1791259,Jay Bhagwan,NBNP,23061,134,0.0927053353996015,11,6,66,UP,Jay Bhagwan,NBNP,,,,,False,6,2009,GE
1791260,Sudha Singh,RPI,23181,122,0.0844033650653088,12,6,66,UP,Sudha Singh,RPI,,,,,False,6,2009,GE
1791261,Rajo,NELU,23029,118,0.0816360416205446,13,6,66,UP,Rajo,NELU,,,,,False,6,2009,GE
1791262,Balram,ABHM,22976,112,0.0774850564533982,14,6,66,UP,Balram,ABHM,,,,,False,6,2009,GE
1791263,Raghuraj Singh,RTKP,23187,102,0.0705667478414877,15,6,66,UP,Raghuraj Singh,RTKP,,,,,False,6,2009,GE
1791264,Kanti,ABRS,23211,95,0.0657239318131503,16,6,66,UP,Kanti,ABRS,,,,,False,6,2009,GE
1791331,Kamlesh,SP,22952,51958,37.1603693293568,1,6,67,UP,Kamlesh,SP,,,,,False,6,2009,GE
1791332,Ashok Kumar Pradhan,BJP,22953,33055,23.6409409173157,2,6,67,UP,Ashok Kumar Pradhan,BJP,,,,,False,6,2009,GE
1791333,Raj Kumar Gautam,BSP,22951,31447,22.490899078107,3,6,67,UP,Raj Kumar Gautam,BSP,,,,,False,6,2009,GE
1791334,Devi Dayal,INC,22954,19441,13.9042060920748,4,6,67,UP,Devi Dayal,INC,,,,,False,6,2009,GE
1791335,Praveen,IND,22955,803,0.574305719455589,5,6,67,UP,Praveen,IND,,,,,False,6,2009,GE
1791336,Sohan Pal,NLHP,23028,781,0.558571316182833,6,6,67,UP,Sohan Pal,NLHP,,,,,False,6,2009,GE
1791337,Kamlesh,IND,22955,663,0.474177698628961,7,6,67,UP,Kamlesh,IND,,,,,False,6,2009,GE
1791338,Surajmukhi Gautam,UNLP,22984,455,0.325416067686542,8,6,67,UP,Surajmukhi Gautam,UNLP,,,,,False,6,2009,GE
1791339,Karan Singh Bhoochal,RMEP,22990,306,0.218851245521059,9,6,67,UP,Karan Singh Bhoochal,RMEP,,,,,False,6,2009,GE
1791340,Raghuraj Singh,RTKP,23187,162,0.115862424099384,10,6,67,UP,Raghuraj Singh,RTKP,,,,,False,6,2009,GE
1791341,Sushila Singh,RDMP,22983,147,0.105134421867959,11,6,67,UP,Sushila Singh,RDMP,,,,,False,6,2009,GE
1791342,Kanti,ABRS,23211,142,0.101558421124151,12,6,67,UP,Kanti,ABRS,,,,,False,6,2009,GE
1791343,Jay Bhagwan,NBNP,23061,133,0.0951216197852969,13,6,67,UP,Jay Bhagwan,NBNP,,,,,False,6,2009,GE
1791344,Balram,ABHM,22976,128,0.0915456190414887,14,6,67,UP,Balram,ABHM,,,,,False,6,2009,GE
1791345,Sudha Singh,RPI,23181,118,0.0843936175538724,15,6,67,UP,Sudha Singh,RPI,,,,,False,6,2009,GE
1791346,Rajo,NELU,23029,82,0.0586464121984537,16,6,67,UP,Rajo,NELU,,,,,False,6,2009,GE
1791415,Kamlesh,SP,22952,65539,53.5501846586266,1,6,68,UP,Kamlesh,SP,,,,,False,6,2009,GE
1791416,Raj Kumar Gautam,BSP,22951,19705,16.1004346831388,2,6,68,UP,Raj Kumar Gautam,BSP,,,,,False,6,2009,GE
1791417,Devi Dayal,INC,22954,17892,14.6190803019903,3,6,68,UP,Devi Dayal,INC,,,,,False,6,2009,GE
1791418,Ashok Kumar Pradhan,BJP,22953,16113,13.1655064221982,4,6,68,UP,Ashok Kumar Pradhan,BJP,,,,,False,6,2009,GE
1791419,Sohan Pal,NLHP,23028,614,0.501683171552766,5,6,68,UP,Sohan Pal,NLHP,,,,,False,6,2009,GE
1791420,Kamlesh,IND,22955,587,0.479622185181553,6,6,68,UP,Kamlesh,IND,,,,,False,6,2009,GE
1791421,Praveen,IND,22955,540,0.441219727424257,7,6,68,UP,Praveen,IND,,,,,False,6,2009,GE
1791422,Surajmukhi Gautam,UNLP,22984,268,0.21897571657352,8,6,68,UP,Surajmukhi Gautam,UNLP,,,,,False,6,2009,GE
1791423,Kanti,ABRS,23211,251,0.205085465895349,9,6,68,UP,Kanti,ABRS,,,,,False,6,2009,GE
1791424,Karan Singh Bhoochal,RMEP,22990,246,0.201000098048828,10,6,68,UP,Karan Singh Bhoochal,RMEP,,,,,False,6,2009,GE
1791425,Raghuraj Singh,RTKP,23187,161,0.131548844657973,11,6,68,UP,Raghuraj Singh,RTKP,,,,,False,6,2009,GE
1791426,Sushila Singh,RDMP,22983,128,0.104585416870935,12,6,68,UP,Sushila Singh,RDMP,,,,,False,6,2009,GE
1791427,Jay Bhagwan,NBNP,23061,100,0.081707356930418,13,6,68,UP,Jay Bhagwan,NBNP,,,,,False,6,2009,GE
1791428,Sudha Singh,RPI,23181,91,0.0743536948066803,14,6,68,UP,Sudha Singh,RPI,,,,,False,6,2009,GE
1791429,Balram,ABHM,22976,87,0.0710854005294636,15,6,68,UP,Balram,ABHM,,,,,False,6,2009,GE
1791430,Rajo,NELU,23029,66,0.0539268555740758,16,6,68,UP,Rajo,NELU,,,,,False,6,2009,GE
1791491,Ashok Kumar Pradhan,BJP,22953,47568,36.3278117625495,1,6,69,UP,Ashok Kumar Pradhan,BJP,,,,,False,6,2009,GE
1791492,Raj Kumar Gautam,BSP,22951,36787,28.0943325619935,2,6,69,UP,Raj Kumar Gautam,BSP,,,,,False,6,2009,GE
1791493,Kamlesh,SP,22952,27291,20.8422113776433,3,6,69,UP,Kamlesh,SP,,,,,False,6,2009,GE
1791494,Devi Dayal,INC,22954,14168,10.8201403685629,4,6,69,UP,Devi Dayal,INC,,,,,False,6,2009,GE
1791495,Praveen,IND,22955,1346,1.02794388312293,5,6,69,UP,Praveen,IND,,,,,False,6,2009,GE
1791496,Sohan Pal,NLHP,23028,1197,0.914152175407244,6,6,69,UP,Sohan Pal,NLHP,,,,,False,6,2009,GE
1791497,Surajmukhi Gautam,UNLP,22984,601,0.458985344544489,7,6,69,UP,Surajmukhi Gautam,UNLP,,,,,False,6,2009,GE
1791498,Kamlesh,IND,22955,526,0.401707639318471,8,6,69,UP,Kamlesh,IND,,,,,False,6,2009,GE
1791499,Karan Singh Bhoochal,RMEP,22990,322,0.245912281103703,9,6,69,UP,Karan Singh Bhoochal,RMEP,,,,,False,6,2009,GE
1791500,Raghuraj Singh,RTKP,23187,256,0.195507900504807,10,6,69,UP,Raghuraj Singh,RTKP,,,,,False,6,2009,GE
1791501,Kanti,ABRS,23211,213,0.16266868284189,11,6,69,UP,Kanti,ABRS,,,,,False,6,2009,GE
1791502,Sushila Singh,RDMP,22983,159,0.121428735079157,12,6,69,UP,Sushila Singh,RDMP,,,,,False,6,2009,GE
1791503,Jay Bhagwan,NBNP,23061,151,0.115319113188382,13,6,69,UP,Jay Bhagwan,NBNP,,,,,False,6,2009,GE
1791504,Sudha Singh,RPI,23181,128,0.0977539502524037,14,6,69,UP,Sudha Singh,RPI,,,,,False,6,2009,GE
1791505,Balram,ABHM,22976,120,0.0916443283616285,15,6,69,UP,Balram,ABHM,,,,,False,6,2009,GE
1791506,Rajo,NELU,23029,108,0.0824798955254656,16,6,69,UP,Rajo,NELU,,,,,False,6,2009,GE
1791573,Mahesh Kumar Sharma,BJP,22953,55089,35.8530966079191,1,6,70,UP,Mahesh Kumar Sharma,BJP,,,,,False,6,2009,GE
1791574,Surendra Singh Nagar,BSP,22951,41825,27.220602400229,2,6,70,UP,Surendra Singh Nagar,BSP,,,,,False,6,2009,GE
1791575,Ramesh Chandra Tomar,INC,22954,31969,20.8061073074219,3,6,70,UP,Ramesh Chandra Tomar,INC,,,,,False,6,2009,GE
1791576,Narendra Singh Bhati,SP,22952,17804,11.5872230755213,4,6,70,UP,Narendra Singh Bhati,SP,,,,,False,6,2009,GE
1791577,Dr Jamal Ahmad Khan,NLHP,23028,1416,0.921563012521802,5,6,70,UP,Dr Jamal Ahmad Khan,NLHP,,,,,False,6,2009,GE
1791578,K.K Sharma,NCP,22977,794,0.516752141202197,6,6,70,UP,K.K Sharma,NCP,,,,,False,6,2009,GE
1791579,Kamlesh Choudhry,IND,22955,675,0.43930440215552,7,6,70,UP,Kamlesh Choudhry,IND,,,,,False,6,2009,GE
1791580,Arvind,ANC,23085,396,0.257725249264571,8,6,70,UP,Arvind,ANC,,,,,False,6,2009,GE
1791581,Mahesh,IND,22955,359,0.233644859813084,9,6,70,UP,Mahesh,IND,,,,,False,6,2009,GE
1791582,Anil Kumar,IND,22955,350,0.227787467784343,10,6,70,UP,Anil Kumar,IND,,,,,False,6,2009,GE
1791583,Sonia Sharma,IND,22955,339,0.22062843308255,11,6,70,UP,Sonia Sharma,IND,,,,,False,6,2009,GE
1791584,Jagat Singh,IND,22955,311,0.202405435659802,12,6,70,UP,Jagat Singh,IND,,,,,False,6,2009,GE
1791585,Sher Singh,AP,23179,305,0.198500507640642,13,6,70,UP,Sher Singh,AP,,,,,False,6,2009,GE
1791586,Kinnar Guddi Sharma,IND,22955,271,0.176372582198734,14,6,70,UP,Kinnar Guddi Sharma,IND,,,,,False,6,2009,GE
1791587,Poonam,BSP(K),23111,240,0.156197120766407,15,6,70,UP,Poonam,BSP(K),,,,,False,6,2009,GE
1791588,Rahis,NELU,23029,230,0.14968890740114,16,6,70,UP,Rahis,NELU,,,,,False,6,2009,GE
1791589,Dharamvir,IND,22955,169,0.109988805873011,17,6,70,UP,Dharamvir,IND,,,,,False,6,2009,GE
1791590,Lubna Asif,AIMF,23046,157,0.102178949834691,18,6,70,UP,Lubna Asif,AIMF,,,,,False,6,2009,GE
1791591,Sukhvir,IND,22955,140,0.0911149871137375,19,6,70,UP,Sukhvir,IND,,,,,False,6,2009,GE
1791592,Ghanshyam Sharma,RWS,23146,136,0.0885117017676307,20,6,70,UP,Ghanshyam Sharma,RWS,,,,,False,6,2009,GE
1791593,Prem Singh,RPI,23181,135,0.087860880431104,21,6,70,UP,Prem Singh,RPI,,,,,False,6,2009,GE
1791594,Shailesh Kumar Srivastva,IND,22955,127,0.0826543097388904,22,6,70,UP,Shailesh Kumar Srivastva,IND,,,,,False,6,2009,GE
1791595,Manoj,IND,22955,122,0.0794002030562569,23,6,70,UP,Manoj,IND,,,,,False,6,2009,GE
1791596,Rajendra Pal Singh,IND,22955,120,0.0780985603832036,24,6,70,UP,Rajendra Pal Singh,IND,,,,,False,6,2009,GE
1791597,Chhote Lal,RYS,23180,91,0.0592247416239293,25,6,70,UP,Chhote Lal,RYS,,,,,False,6,2009,GE
1791598,Resham Swarup,IND,22955,82,0.0533673495951891,26,6,70,UP,Resham Swarup,IND,,,,,False,6,2009,GE
1791688,Raj Kumari Chauhan,BSP,22951,53302,34.1314106053135,1,6,71,UP,Raj Kumari Chauhan,BSP,,,,,False,6,2009,GE
1791689,Bijendra Singh,INC,22954,46884,30.0217075310404,2,6,71,UP,Bijendra Singh,INC,,,,,False,6,2009,GE
1791690,Sheela Gautam,BJP,22953,35603,22.7980303137026,3,6,71,UP,Sheela Gautam,BJP,,,,,False,6,2009,GE
1791691,Zafar Alam,SP,22952,14286,9.14789936414223,4,6,71,UP,Zafar Alam,SP,,,,,False,6,2009,GE
1791692,Prabhat Kumar,IND,22955,821,0.525719262072012,5,6,71,UP,Prabhat Kumar,IND,,,,,False,6,2009,GE
1791693,Sanjay,LD,22979,683,0.437352321553209,6,6,71,UP,Sanjay,LD,,,,,False,6,2009,GE
1791694,Tejvir Singh,IND,22955,600,0.384204089212189,7,6,71,UP,Tejvir Singh,IND,,,,,False,6,2009,GE
1791695,Harendra Singh Burman,LPSP,23094,593,0.37972170817138,8,6,71,UP,Harendra Singh Burman,LPSP,,,,,False,6,2009,GE
1791696,Kailash,IND,22955,584,0.373958646833197,9,6,71,UP,Kailash,IND,,,,,False,6,2009,GE
1791697,Natthilal,IND,22955,433,0.277267284381463,10,6,71,UP,Natthilal,IND,,,,,False,6,2009,GE
1791698,Prem Pal Singh,IND,22955,421,0.269583202597219,11,6,71,UP,Prem Pal Singh,IND,,,,,False,6,2009,GE
1791699,Bhagvan Sahay,IND,22955,256,0.163927078063867,12,6,71,UP,Bhagvan Sahay,IND,,,,,False,6,2009,GE
1791700,Akhtar,MUL,23057,255,0.16328673791518,13,6,71,UP,Akhtar,MUL,,,,,False,6,2009,GE
1791701,Sher Mohammad,IND,22955,250,0.160085037171745,14,6,71,UP,Sher Mohammad,IND,,,,,False,6,2009,GE
1791702,Shishupal Singh,PTSS,23218,249,0.159444697023058,15,6,71,UP,Shishupal Singh,PTSS,,,,,False,6,2009,GE
1791703,Mukesh,NLHP,23028,158,0.101173743492543,16,6,71,UP,Mukesh,NLHP,,,,,False,6,2009,GE
1791704,Babulal Verma,ASP,22961,132,0.0845248996266816,17,6,71,UP,Babulal Verma,ASP,,,,,False,6,2009,GE
1791705,Mahesh Pratap Sharma,RVP,23219,126,0.0806828587345597,18,6,71,UP,Mahesh Pratap Sharma,RVP,,,,,False,6,2009,GE
1791706,Mohammad Yusuf Khan,MC,23220,118,0.0755601375450639,19,6,71,UP,Mohammad Yusuf Khan,MC,,,,,False,6,2009,GE
1791707,Alpana Gautam,BSK,23221,116,0.0742794572476899,20,6,71,UP,Alpana Gautam,BSK,,,,,False,6,2009,GE
1791708,Baba Budhasen,IND,22955,107,0.0685163959095071,21,6,71,UP,Baba Budhasen,IND,,,,,False,6,2009,GE
1791709,Dharamveer Singh,IJP,22982,100,0.0640340148686982,22,6,71,UP,Dharamveer Singh,IJP,,,,,False,6,2009,GE
1791710,Devi Prashad,MADP,23222,90,0.0576306133818284,23,6,71,UP,Devi Prashad,MADP,,,,,False,6,2009,GE
1791784,Raj Kumari Chauhan,BSP,22951,51250,35.0928848747954,1,6,72,UP,Raj Kumari Chauhan,BSP,,,,,False,6,2009,GE
1791785,Bijendra Singh,INC,22954,44177,30.2497243924651,2,6,72,UP,Bijendra Singh,INC,,,,,False,6,2009,GE
1791786,Zafar Alam,SP,22952,29722,20.3518190097301,3,6,72,UP,Zafar Alam,SP,,,,,False,6,2009,GE
1791787,Sheela Gautam,BJP,22953,14756,10.1040118870728,4,6,72,UP,Sheela Gautam,BJP,,,,,False,6,2009,GE
1791788,Tejvir Singh,IND,22955,917,0.627905862052437,5,6,72,UP,Tejvir Singh,IND,,,,,False,6,2009,GE
1791789,Kailash,IND,22955,808,0.553269287391896,6,6,72,UP,Kailash,IND,,,,,False,6,2009,GE
1791790,Prabhat Kumar,IND,22955,745,0.510130716716538,7,6,72,UP,Prabhat Kumar,IND,,,,,False,6,2009,GE
1791791,Sanjay,LD,22979,518,0.354694914441834,8,6,72,UP,Sanjay,LD,,,,,False,6,2009,GE
1791792,Natthilal,IND,22955,473,0.323881649673721,9,6,72,UP,Natthilal,IND,,,,,False,6,2009,GE
1791793,Harendra Singh Burman,LPSP,23094,445,0.304708951595784,10,6,72,UP,Harendra Singh Burman,LPSP,,,,,False,6,2009,GE
1791794,Mukesh,NLHP,23028,382,0.261570380920426,11,6,72,UP,Mukesh,NLHP,,,,,False,6,2009,GE
1791795,Prem Pal Singh,IND,22955,349,0.238973986757143,12,6,72,UP,Prem Pal Singh,IND,,,,,False,6,2009,GE
1791796,Sher Mohammad,IND,22955,263,0.180086414089194,13,6,72,UP,Sher Mohammad,IND,,,,,False,6,2009,GE
1791797,Dharamveer Singh,IJP,22982,244,0.167076368964879,14,6,72,UP,Dharamveer Singh,IJP,,,,,False,6,2009,GE
1791798,Akhtar,MUL,23057,172,0.117775145335898,15,6,72,UP,Akhtar,MUL,,,,,False,6,2009,GE
1791799,Shishupal Singh,PTSS,23218,147,0.100656664909169,16,6,72,UP,Shishupal Singh,PTSS,,,,,False,6,2009,GE
1791800,Bhagvan Sahay,IND,22955,107,0.0732670962264021,17,6,72,UP,Bhagvan Sahay,IND,,,,,False,6,2009,GE
1791801,Alpana Gautam,BSK,23221,105,0.0718976177922638,18,6,72,UP,Alpana Gautam,BSK,,,,,False,6,2009,GE
1791802,Babulal Verma,ASP,22961,103,0.0705281393581254,19,6,72,UP,Babulal Verma,ASP,,,,,False,6,2009,GE
1791803,Mahesh Pratap Sharma,RVP,23219,101,0.0691586609239871,20,6,72,UP,Mahesh Pratap Sharma,RVP,,,,,False,6,2009,GE
1791804,Mohammad Yusuf Khan,MC,23220,100,0.0684739217069179,21,6,72,UP,Mohammad Yusuf Khan,MC,,,,,False,6,2009,GE
1791805,Baba Budhasen,IND,22955,86,0.0588875726679494,22,6,72,UP,Baba Budhasen,IND,,,,,False,6,2009,GE
1791806,Devi Prashad,MADP,23222,71,0.0486164844119117,23,6,72,UP,Devi Prashad,MADP,,,,,False,6,2009,GE
1791891,Zafar Alam,SP,22952,55780,37.3988427679702,1,6,73,UP,Zafar Alam,SP,,,,,False,6,2009,GE
1791892,Raj Kumari Chauhan,BSP,22951,40246,26.983754500533,2,6,73,UP,Raj Kumari Chauhan,BSP,,,,,False,6,2009,GE
1791893,Bijendra Singh,INC,22954,37904,25.4135126618348,3,6,73,UP,Bijendra Singh,INC,,,,,False,6,2009,GE
1791894,Sheela Gautam,BJP,22953,7998,5.36242281208724,4,6,73,UP,Sheela Gautam,BJP,,,,,False,6,2009,GE
1791895,Tejvir Singh,IND,22955,1750,1.17332332097432,5,6,73,UP,Tejvir Singh,IND,,,,,False,6,2009,GE
1791896,Kailash,IND,22955,982,0.658402000683879,6,6,73,UP,Kailash,IND,,,,,False,6,2009,GE
1791897,Prabhat Kumar,IND,22955,655,0.439158157278962,7,6,73,UP,Prabhat Kumar,IND,,,,,False,6,2009,GE
1791898,Mukesh,NLHP,23028,486,0.325848647996299,8,6,73,UP,Mukesh,NLHP,,,,,False,6,2009,GE
1791899,Sanjay,LD,22979,478,0.320484884243273,9,6,73,UP,Sanjay,LD,,,,,False,6,2009,GE
1791900,Natthilal,IND,22955,476,0.319143943305017,10,6,73,UP,Natthilal,IND,,,,,False,6,2009,GE
1791901,Harendra Singh Burman,LPSP,23094,435,0.291654654070761,11,6,73,UP,Harendra Singh Burman,LPSP,,,,,False,6,2009,GE
1791902,Sher Mohammad,IND,22955,313,0.209857256837122,12,6,73,UP,Sher Mohammad,IND,,,,,False,6,2009,GE
1791903,Prem Pal Singh,IND,22955,277,0.185720319948507,13,6,73,UP,Prem Pal Singh,IND,,,,,False,6,2009,GE
1791904,Shishupal Singh,PTSS,23218,246,0.164935735405534,14,6,73,UP,Shishupal Singh,PTSS,,,,,False,6,2009,GE
1791905,Akhtar,MUL,23057,174,0.116661861628304,15,6,73,UP,Akhtar,MUL,,,,,False,6,2009,GE
1791906,Mahesh Pratap Sharma,RVP,23219,157,0.105263863653125,16,6,73,UP,Mahesh Pratap Sharma,RVP,,,,,False,6,2009,GE
1791907,Baba Budhasen,IND,22955,131,0.0878316314557925,17,6,73,UP,Baba Budhasen,IND,,,,,False,6,2009,GE
1791908,Babulal Verma,ASP,22961,121,0.0811269267645106,18,6,73,UP,Babulal Verma,ASP,,,,,False,6,2009,GE
1791909,Dharamveer Singh,IJP,22982,118,0.079115515357126,19,6,73,UP,Dharamveer Singh,IJP,,,,,False,6,2009,GE
1791910,Bhagvan Sahay,IND,22955,115,0.0771041039497415,20,6,73,UP,Bhagvan Sahay,IND,,,,,False,6,2009,GE
1791911,Alpana Gautam,BSK,23221,110,0.0737517516041005,21,6,73,UP,Alpana Gautam,BSK,,,,,False,6,2009,GE
1791912,Mohammad Yusuf Khan,MC,23220,106,0.0710698697275878,22,6,73,UP,Mohammad Yusuf Khan,MC,,,,,False,6,2009,GE
1791913,Devi Prashad,MADP,23222,91,0.061012812690665,23,6,73,UP,Devi Prashad,MADP,,,,,False,6,2009,GE
1792001,Anar Singh,SP,22952,38101,30.7625852811755,1,6,74,UP,Anar Singh,SP,,,,,False,6,2009,GE
1792002,Rajendra Kumar,BSP,22951,35788,28.895078922934,2,6,74,UP,Rajendra Kumar,BSP,,,,,False,6,2009,GE
1792003,Sarika Singh,RLD,22971,33974,27.4304630414597,3,6,74,UP,Sarika Singh,RLD,,,,,False,6,2009,GE
1792004,Pradeep Chandel,INC,22954,12055,9.73315570626942,4,6,74,UP,Pradeep Chandel,INC,,,,,False,6,2009,GE
1792005,Shiv Singh,IND,22955,1844,1.48883775382503,5,6,74,UP,Shiv Singh,IND,,,,,False,6,2009,GE
1792006,Jaiprakash,RTKP,23187,592,0.477978281054458,6,6,74,UP,Jaiprakash,RTKP,,,,,False,6,2009,GE
1792007,Suresh Babu,BSKPB,23230,529,0.42711234911792,7,6,74,UP,Suresh Babu,BSKPB,,,,,False,6,2009,GE
1792008,Mathura Prasad,IND,22955,364,0.29389205118889,8,6,74,UP,Mathura Prasad,IND,,,,,False,6,2009,GE
1792009,Premlata,RPI(A),23009,347,0.280166323523475,9,6,74,UP,Premlata,RPI(A),,,,,False,6,2009,GE
1792010,Pradeep Kumar,ASP,22961,261,0.210730289451374,10,6,74,UP,Pradeep Kumar,ASP,,,,,False,6,2009,GE
1792091,Zafar Alam,SP,22952,36644,31.8093039002074,1,6,75,UP,Zafar Alam,SP,,,,,False,6,2009,GE
1792092,Sheela Gautam,BJP,22953,26760,23.2293683104888,2,6,75,UP,Sheela Gautam,BJP,,,,,False,6,2009,GE
1792093,Raj Kumari Chauhan,BSP,22951,24961,21.6677228100938,3,6,75,UP,Raj Kumari Chauhan,BSP,,,,,False,6,2009,GE
1792094,Bijendra Singh,INC,22954,22430,19.4706551272146,4,6,75,UP,Bijendra Singh,INC,,,,,False,6,2009,GE
1792095,Tejvir Singh,IND,22955,716,0.621533173031015,5,6,75,UP,Tejvir Singh,IND,,,,,False,6,2009,GE
1792096,Kailash,IND,22955,642,0.557296504309933,6,6,75,UP,Kailash,IND,,,,,False,6,2009,GE
1792097,Prabhat Kumar,IND,22955,485,0.421010599050338,7,6,75,UP,Prabhat Kumar,IND,,,,,False,6,2009,GE
1792098,Mukesh,NLHP,23028,466,0.404517400324655,8,6,75,UP,Mukesh,NLHP,,,,,False,6,2009,GE
1792099,Prem Pal Singh,IND,22955,291,0.252606359430203,9,6,75,UP,Prem Pal Singh,IND,,,,,False,6,2009,GE
1792100,Harendra Singh Burman,LPSP,23094,217,0.18836969070912,10,6,75,UP,Harendra Singh Burman,LPSP,,,,,False,6,2009,GE
1792101,Sanjay,LD,22979,212,0.184029375254993,11,6,75,UP,Sanjay,LD,,,,,False,6,2009,GE
1792102,Natthilal,IND,22955,188,0.163195861075182,12,6,75,UP,Natthilal,IND,,,,,False,6,2009,GE
1792103,Sher Mohammad,IND,22955,168,0.145834599258674,13,6,75,UP,Sher Mohammad,IND,,,,,False,6,2009,GE
1792104,Akhtar,MUL,23057,152,0.131945589805467,14,6,75,UP,Akhtar,MUL,,,,,False,6,2009,GE
1792105,Bhagvan Sahay,IND,22955,131,0.113716264898132,15,6,75,UP,Bhagvan Sahay,IND,,,,,False,6,2009,GE
1792106,Shishupal Singh,PTSS,23218,112,0.0972230661724494,16,6,75,UP,Shishupal Singh,PTSS,,,,,False,6,2009,GE
1792107,Babulal Verma,ASP,22961,108,0.0937508138091476,17,6,75,UP,Babulal Verma,ASP,,,,,False,6,2009,GE
1792108,Baba Budhasen,IND,22955,106,0.0920146876274967,18,6,75,UP,Baba Budhasen,IND,,,,,False,6,2009,GE
1792109,Alpana Gautam,BSK,23221,94,0.0815979305375914,19,6,75,UP,Alpana Gautam,BSK,,,,,False,6,2009,GE
1792110,Mahesh Pratap Sharma,RVP,23219,91,0.0789937412651151,20,6,75,UP,Mahesh Pratap Sharma,RVP,,,,,False,6,2009,GE
1792111,Mohammad Yusuf Khan,MC,23220,82,0.0711811734476861,21,6,75,UP,Mohammad Yusuf Khan,MC,,,,,False,6,2009,GE
1792112,Devi Prashad,MADP,23222,80,0.0694450472660352,22,6,75,UP,Devi Prashad,MADP,,,,,False,6,2009,GE
1792113,Dharamveer Singh,IJP,22982,63,0.0546879747220027,23,6,75,UP,Dharamveer Singh,IJP,,,,,False,6,2009,GE
1792209,Sheela Gautam,BJP,22953,41134,33.3257716924572,1,6,76,UP,Sheela Gautam,BJP,,,,,False,6,2009,GE
1792210,Zafar Alam,SP,22952,40116,32.5010127197601,2,6,76,UP,Zafar Alam,SP,,,,,False,6,2009,GE
1792211,Raj Kumari Chauhan,BSP,22951,23202,18.7976991007048,3,6,76,UP,Raj Kumari Chauhan,BSP,,,,,False,6,2009,GE
1792212,Bijendra Singh,INC,22954,13889,11.2525317994004,4,6,76,UP,Bijendra Singh,INC,,,,,False,6,2009,GE
1792213,Bhagvan Sahay,IND,22955,1168,0.94628534391963,5,6,76,UP,Bhagvan Sahay,IND,,,,,False,6,2009,GE
1792214,Tejvir Singh,IND,22955,1050,0.850684598557887,6,6,76,UP,Tejvir Singh,IND,,,,,False,6,2009,GE
1792215,Kailash,IND,22955,470,0.380782629830673,7,6,76,UP,Kailash,IND,,,,,False,6,2009,GE
1792216,Prabhat Kumar,IND,22955,399,0.323260147451997,8,6,76,UP,Prabhat Kumar,IND,,,,,False,6,2009,GE
1792217,Akhtar,MUL,23057,288,0.233330632747306,9,6,76,UP,Akhtar,MUL,,,,,False,6,2009,GE
1792218,Mukesh,NLHP,23028,263,0.213076237543546,10,6,76,UP,Mukesh,NLHP,,,,,False,6,2009,GE
1792219,Prem Pal Singh,IND,22955,198,0.160414810013772,11,6,76,UP,Prem Pal Singh,IND,,,,,False,6,2009,GE
1792220,Sher Mohammad,IND,22955,191,0.15474357935672,12,6,76,UP,Sher Mohammad,IND,,,,,False,6,2009,GE
1792221,Harendra Singh Burman,LPSP,23094,186,0.150692700315968,13,6,76,UP,Harendra Singh Burman,LPSP,,,,,False,6,2009,GE
1792222,Sanjay,LD,22979,158,0.128007777687758,14,6,76,UP,Sanjay,LD,,,,,False,6,2009,GE
1792223,Natthilal,IND,22955,115,0.0931702179372923,15,6,76,UP,Natthilal,IND,,,,,False,6,2009,GE
1792224,Mahesh Pratap Sharma,RVP,23219,109,0.0883091630883901,16,6,76,UP,Mahesh Pratap Sharma,RVP,,,,,False,6,2009,GE
1792225,Shishupal Singh,PTSS,23218,103,0.0834481082394879,17,6,76,UP,Shishupal Singh,PTSS,,,,,False,6,2009,GE
1792226,Babulal Verma,ASP,22961,91,0.0737259985416835,18,6,76,UP,Babulal Verma,ASP,,,,,False,6,2009,GE
1792227,Mohammad Yusuf Khan,MC,23220,77,0.0623835372275783,19,6,76,UP,Mohammad Yusuf Khan,MC,,,,,False,6,2009,GE
1792228,Alpana Gautam,BSK,23221,68,0.055091954954225,20,6,76,UP,Alpana Gautam,BSK,,,,,False,6,2009,GE
1792229,Devi Prashad,MADP,23222,55,0.0445596694482702,21,6,76,UP,Devi Prashad,MADP,,,,,False,6,2009,GE
1792230,Dharamveer Singh,IJP,22982,52,0.0421291420238191,22,6,76,UP,Dharamveer Singh,IJP,,,,,False,6,2009,GE
1792231,Baba Budhasen,IND,22955,48,0.0388884387912176,23,6,76,UP,Baba Budhasen,IND,,,,,False,6,2009,GE
1792331,Sarika Singh,RLD,22971,63640,45.9000786157851,1,6,77,UP,Sarika Singh,RLD,,,,,False,6,2009,GE
1792332,Rajendra Kumar,BSP,22951,44298,31.9497435971409,2,6,77,UP,Rajendra Kumar,BSP,,,,,False,6,2009,GE
1792333,Anar Singh,SP,22952,14612,10.5388426890926,3,6,77,UP,Anar Singh,SP,,,,,False,6,2009,GE
1792334,Pradeep Chandel,INC,22954,13046,9.40937186708883,4,6,77,UP,Pradeep Chandel,INC,,,,,False,6,2009,GE
1792335,Shiv Singh,IND,22955,993,0.716197015485145,5,6,77,UP,Shiv Singh,IND,,,,,False,6,2009,GE
1792336,Suresh Babu,BSKPB,23230,581,0.419043772403695,6,6,77,UP,Suresh Babu,BSKPB,,,,,False,6,2009,GE
1792337,Jaiprakash,RTKP,23187,519,0.374326536794351,7,6,77,UP,Jaiprakash,RTKP,,,,,False,6,2009,GE
1792338,Premlata,RPI(A),23009,383,0.276237116748047,8,6,77,UP,Premlata,RPI(A),,,,,False,6,2009,GE
1792339,Pradeep Kumar,ASP,22961,299,0.215652474954741,9,6,77,UP,Pradeep Kumar,ASP,,,,,False,6,2009,GE
1792340,Mathura Prasad,IND,22955,278,0.200506314506415,10,6,77,UP,Mathura Prasad,IND,,,,,False,6,2009,GE
1792397,Sarika Singh,RLD,22971,46447,36.5730168979039,1,6,78,UP,Sarika Singh,RLD,,,,,False,6,2009,GE
1792398,Rajendra Kumar,BSP,22951,46332,36.4824642907762,2,6,78,UP,Rajendra Kumar,BSP,,,,,False,6,2009,GE
1792399,Pradeep Chandel,INC,22954,16904,13.3104458337926,3,6,78,UP,Pradeep Chandel,INC,,,,,False,6,2009,GE
1792400,Anar Singh,SP,22952,14097,11.1001748059024,4,6,78,UP,Anar Singh,SP,,,,,False,6,2009,GE
1792401,Shiv Singh,IND,22955,1135,0.893714861651364,5,6,78,UP,Shiv Singh,IND,,,,,False,6,2009,GE
1792402,Jaiprakash,RTKP,23187,533,0.41969164868738,6,6,78,UP,Jaiprakash,RTKP,,,,,False,6,2009,GE
1792403,Suresh Babu,BSKPB,23230,502,0.39528181546166,7,6,78,UP,Suresh Babu,BSKPB,,,,,False,6,2009,GE
1792404,Premlata,RPI(A),23009,407,0.320477487834454,8,6,78,UP,Premlata,RPI(A),,,,,False,6,2009,GE
1792405,Pradeep Kumar,ASP,22961,333,0.262208853682735,9,6,78,UP,Pradeep Kumar,ASP,,,,,False,6,2009,GE
1792406,Mathura Prasad,IND,22955,308,0.242523504307154,10,6,78,UP,Mathura Prasad,IND,,,,,False,6,2009,GE
1792480,Sarika Singh,RLD,22971,66647,50.6775047143986,1,6,79,UP,Sarika Singh,RLD,,,,,False,6,2009,GE
1792481,Rajendra Kumar,BSP,22951,42698,32.4669992091976,2,6,79,UP,Rajendra Kumar,BSP,,,,,False,6,2009,GE
1792482,Anar Singh,SP,22952,11542,8.77638542490419,3,6,79,UP,Anar Singh,SP,,,,,False,6,2009,GE
1792483,Pradeep Chandel,INC,22954,7855,5.97283898047326,4,6,79,UP,Pradeep Chandel,INC,,,,,False,6,2009,GE
1792484,Shiv Singh,IND,22955,960,0.729971409453129,5,6,79,UP,Shiv Singh,IND,,,,,False,6,2009,GE
1792485,Suresh Babu,BSKPB,23230,536,0.407567370277997,6,6,79,UP,Suresh Babu,BSKPB,,,,,False,6,2009,GE
1792486,Jaiprakash,RTKP,23187,468,0.3558610621084,7,6,79,UP,Jaiprakash,RTKP,,,,,False,6,2009,GE
1792487,Premlata,RPI(A),23009,332,0.252448445769207,8,6,79,UP,Premlata,RPI(A),,,,,False,6,2009,GE
1792488,Mathura Prasad,IND,22955,247,0.187815560557211,9,6,79,UP,Mathura Prasad,IND,,,,,False,6,2009,GE
1792489,Pradeep Kumar,ASP,22961,227,0.172607822860271,10,6,79,UP,Pradeep Kumar,ASP,,,,,False,6,2009,GE
1792563,Rajendra Kumar,BSP,22951,41944,32.9287632087173,1,6,80,UP,Rajendra Kumar,BSP,,,,,False,6,2009,GE
1792564,Sarika Singh,RLD,22971,37185,29.1926392312644,2,6,80,UP,Sarika Singh,RLD,,,,,False,6,2009,GE
1792565,Anar Singh,SP,22952,36824,28.9092307933866,3,6,80,UP,Anar Singh,SP,,,,,False,6,2009,GE
1792566,Pradeep Chandel,INC,22954,7644,6.00103628570082,4,6,80,UP,Pradeep Chandel,INC,,,,,False,6,2009,GE
1792567,Shiv Singh,IND,22955,1417,1.11243699853977,5,6,80,UP,Shiv Singh,IND,,,,,False,6,2009,GE
1792568,Jaiprakash,RTKP,23187,715,0.561321421281539,6,6,80,UP,Jaiprakash,RTKP,,,,,False,6,2009,GE
1792569,Suresh Babu,BSKPB,23230,674,0.529133759361899,7,6,80,UP,Suresh Babu,BSKPB,,,,,False,6,2009,GE
1792570,Premlata,RPI(A),23009,430,0.337577917693793,8,6,80,UP,Premlata,RPI(A),,,,,False,6,2009,GE
1792571,Mathura Prasad,IND,22955,293,0.230024022986701,9,6,80,UP,Mathura Prasad,IND,,,,,False,6,2009,GE
1792572,Pradeep Kumar,ASP,22961,252,0.19783636106706,10,6,80,UP,Pradeep Kumar,ASP,,,,,False,6,2009,GE
1792645,Jayant Chaudhary,RLD,22971,65391,46.0551893171061,1,6,81,UP,Jayant Chaudhary,RLD,,,,,False,6,2009,GE
1792646,Shyam Sunder Sharma,BSP,22951,43023,30.3013015551048,2,6,81,UP,Shyam Sunder Sharma,BSP,,,,,False,6,2009,GE
1792647,Manvendra Singh,INC,22954,18065,12.7232645931935,3,6,81,UP,Manvendra Singh,INC,,,,,False,6,2009,GE
1792648,Ashraf Ali,NLHP,23028,9663,6.80569641649763,4,6,81,UP,Ashraf Ali,NLHP,,,,,False,6,2009,GE
1792649,Jai Prakash,IND,22955,1667,1.17407595221996,5,6,81,UP,Jai Prakash,IND,,,,,False,6,2009,GE
1792650,Vinod,IND,22955,886,0.624013973405454,6,6,81,UP,Vinod,IND,,,,,False,6,2009,GE
1792651,Devendra,RALP,23240,850,0.598659003831417,7,6,81,UP,Devendra,RALP,,,,,False,6,2009,GE
1792652,Shyamsundar,IND,22955,725,0.510620915032679,8,6,81,UP,Shyamsundar,IND,,,,,False,6,2009,GE
1792653,Fakkar Baba,IND,22955,450,0.316937119675456,9,6,81,UP,Fakkar Baba,IND,,,,,False,6,2009,GE
1792654,Babu Lal Sharma,IND,22955,427,0.300738111336488,10,6,81,UP,Babu Lal Sharma,IND,,,,,False,6,2009,GE
1792655,Yadram,BSP(K),23111,214,0.150721208023439,11,6,81,UP,Yadram,BSP(K),,,,,False,6,2009,GE
1792656,Jagdish,IND,22955,203,0.14297385620915,12,6,81,UP,Jagdish,IND,,,,,False,6,2009,GE
1792657,Pramod Pachauri,IND,22955,126,0.0887423935091277,13,6,81,UP,Pramod Pachauri,IND,,,,,False,6,2009,GE
1792658,Pitam Singh,IND,22955,113,0.079586432274059,14,6,81,UP,Pitam Singh,IND,,,,,False,6,2009,GE
1792659,Gopal Saini Alias Manager,IND,22955,105,0.0739519945909398,15,6,81,UP,Gopal Saini Alias Manager,IND,,,,,False,6,2009,GE
1792660,Heera Singh,NELU,23029,76,0.0535271579896326,16,6,81,UP,Heera Singh,NELU,,,,,False,6,2009,GE
1792749,Jayant Chaudhary,RLD,22971,90646,56.0539724943108,1,6,82,UP,Jayant Chaudhary,RLD,,,,,False,6,2009,GE
1792750,Shyam Sunder Sharma,BSP,22951,56293,34.8106510339368,2,6,82,UP,Shyam Sunder Sharma,BSP,,,,,False,6,2009,GE
1792751,Manvendra Singh,INC,22954,4488,2.77530424458296,3,6,82,UP,Manvendra Singh,INC,,,,,False,6,2009,GE
1792752,Ashraf Ali,NLHP,23028,3975,2.45807361234787,4,6,82,UP,Ashraf Ali,NLHP,,,,,False,6,2009,GE
1792753,Jai Prakash,IND,22955,1589,0.982611061640447,5,6,82,UP,Jai Prakash,IND,,,,,False,6,2009,GE
1792754,Jagdish,IND,22955,1021,0.631369347976649,6,6,82,UP,Jagdish,IND,,,,,False,6,2009,GE
1792755,Vinod,IND,22955,832,0.514494904521618,7,6,82,UP,Vinod,IND,,,,,False,6,2009,GE
1792756,Devendra,RALP,23240,673,0.416171960027703,8,6,82,UP,Devendra,RALP,,,,,False,6,2009,GE
1792757,Fakkar Baba,IND,22955,584,0.361135846443059,9,6,82,UP,Fakkar Baba,IND,,,,,False,6,2009,GE
1792758,Shyamsundar,IND,22955,557,0.344439497378054,10,6,82,UP,Shyamsundar,IND,,,,,False,6,2009,GE
1792759,Babu Lal Sharma,IND,22955,395,0.244261402988028,11,6,82,UP,Babu Lal Sharma,IND,,,,,False,6,2009,GE
1792760,Yadram,BSP(K),23111,249,0.153977441377263,12,6,82,UP,Yadram,BSP(K),,,,,False,6,2009,GE
1792761,Pramod Pachauri,IND,22955,130,0.0803898288315029,13,6,82,UP,Pramod Pachauri,IND,,,,,False,6,2009,GE
1792762,Pitam Singh,IND,22955,112,0.0692589294548332,14,6,82,UP,Pitam Singh,IND,,,,,False,6,2009,GE
1792763,Gopal Saini Alias Manager,IND,22955,96,0.0593647966755713,15,6,82,UP,Gopal Saini Alias Manager,IND,,,,,False,6,2009,GE
1792764,Heera Singh,NELU,23029,72,0.0445235975066785,16,6,82,UP,Heera Singh,NELU,,,,,False,6,2009,GE
1792852,Jayant Chaudhary,RLD,22971,66469,51.1721185899163,1,6,83,UP,Jayant Chaudhary,RLD,,,,,False,6,2009,GE
1792853,Shyam Sunder Sharma,BSP,22951,37211,28.6474251884243,2,6,83,UP,Shyam Sunder Sharma,BSP,,,,,False,6,2009,GE
1792854,Manvendra Singh,INC,22954,18425,14.1847520651613,3,6,83,UP,Manvendra Singh,INC,,,,,False,6,2009,GE
1792855,Ashraf Ali,NLHP,23028,2989,2.30112477192766,4,6,83,UP,Ashraf Ali,NLHP,,,,,False,6,2009,GE
1792856,Jai Prakash,IND,22955,1580,1.21638579446159,5,6,83,UP,Jai Prakash,IND,,,,,False,6,2009,GE
1792857,Shyamsundar,IND,22955,701,0.539674963238973,6,6,83,UP,Shyamsundar,IND,,,,,False,6,2009,GE
1792858,Vinod,IND,22955,670,0.515809166005866,7,6,83,UP,Vinod,IND,,,,,False,6,2009,GE
1792859,Devendra,RALP,23240,462,0.355677365215985,8,6,83,UP,Devendra,RALP,,,,,False,6,2009,GE
1792860,Fakkar Baba,IND,22955,355,0.273301871540421,9,6,83,UP,Fakkar Baba,IND,,,,,False,6,2009,GE
1792861,Jagdish,IND,22955,291,0.224030548220458,10,6,83,UP,Jagdish,IND,,,,,False,6,2009,GE
1792862,Babu Lal Sharma,IND,22955,285,0.219411361659211,11,6,83,UP,Babu Lal Sharma,IND,,,,,False,6,2009,GE
1792863,Yadram,BSP(K),23111,163,0.125487901580531,12,6,83,UP,Yadram,BSP(K),,,,,False,6,2009,GE
1792864,Pitam Singh,IND,22955,96,0.073906984979945,13,6,83,UP,Pitam Singh,IND,,,,,False,6,2009,GE
1792865,Pramod Pachauri,IND,22955,83,0.0638987474305774,14,6,83,UP,Pramod Pachauri,IND,,,,,False,6,2009,GE
1792866,Gopal Saini Alias Manager,IND,22955,57,0.0438822723318423,15,6,83,UP,Gopal Saini Alias Manager,IND,,,,,False,6,2009,GE
1792867,Heera Singh,NELU,23029,56,0.0431124079049679,16,6,83,UP,Heera Singh,NELU,,,,,False,6,2009,GE
1792962,Jayant Chaudhary,RLD,22971,57338,45.3666487324746,1,6,84,UP,Jayant Chaudhary,RLD,,,,,False,6,2009,GE
1792963,Manvendra Singh,INC,22954,31858,25.206506946862,2,6,84,UP,Manvendra Singh,INC,,,,,False,6,2009,GE
1792964,Shyam Sunder Sharma,BSP,22951,27911,22.083583884546,3,6,84,UP,Shyam Sunder Sharma,BSP,,,,,False,6,2009,GE
1792965,Ashraf Ali,NLHP,23028,3522,2.7866569611039,4,6,84,UP,Ashraf Ali,NLHP,,,,,False,6,2009,GE
1792966,Jai Prakash,IND,22955,2256,1.78497958666962,5,6,84,UP,Jai Prakash,IND,,,,,False,6,2009,GE
1792967,Jagdish,IND,22955,715,0.565718264392189,6,6,84,UP,Jagdish,IND,,,,,False,6,2009,GE
1792968,Shyamsundar,IND,22955,646,0.511124473842453,7,6,84,UP,Shyamsundar,IND,,,,,False,6,2009,GE
1792969,Vinod,IND,22955,610,0.482640757033895,8,6,84,UP,Vinod,IND,,,,,False,6,2009,GE
1792970,Devendra,RALP,23240,327,0.258727094344399,9,6,84,UP,Devendra,RALP,,,,,False,6,2009,GE
1792971,Fakkar Baba,IND,22955,285,0.225496091401082,10,6,84,UP,Fakkar Baba,IND,,,,,False,6,2009,GE
1792972,Yadram,BSP(K),23111,285,0.225496091401082,10,6,84,UP,Yadram,BSP(K),,,,,False,6,2009,GE
1792973,Babu Lal Sharma,IND,22955,273,0.216001519131563,12,6,84,UP,Babu Lal Sharma,IND,,,,,False,6,2009,GE
1792974,Pramod Pachauri,IND,22955,108,0.0854511504256733,13,6,84,UP,Pramod Pachauri,IND,,,,,False,6,2009,GE
1792975,Gopal Saini Alias Manager,IND,22955,92,0.0727917207329809,14,6,84,UP,Gopal Saini Alias Manager,IND,,,,,False,6,2009,GE
1792976,Pitam Singh,IND,22955,89,0.0704180776656011,15,6,84,UP,Pitam Singh,IND,,,,,False,6,2009,GE
1792977,Heera Singh,NELU,23029,73,0.0577586479729088,16,6,84,UP,Heera Singh,NELU,,,,,False,6,2009,GE
1793087,Jayant Chaudhary,RLD,22971,99853,60.0735179102142,1,6,85,UP,Jayant Chaudhary,RLD,,,,,False,6,2009,GE
1793088,Shyam Sunder Sharma,BSP,22951,45783,27.5439483088474,2,6,85,UP,Shyam Sunder Sharma,BSP,,,,,False,6,2009,GE
1793089,Manvendra Singh,INC,22954,12523,7.53408174806579,3,6,85,UP,Manvendra Singh,INC,,,,,False,6,2009,GE
1793090,Ashraf Ali,NLHP,23028,2470,1.48600031284217,4,6,85,UP,Ashraf Ali,NLHP,,,,,False,6,2009,GE
1793091,Jai Prakash,IND,22955,1827,1.09915893585532,5,6,85,UP,Jai Prakash,IND,,,,,False,6,2009,GE
1793092,Vinod,IND,22955,720,0.433166083095693,6,6,85,UP,Vinod,IND,,,,,False,6,2009,GE
1793093,Shyamsundar,IND,22955,637,0.383231659627717,7,6,85,UP,Shyamsundar,IND,,,,,False,6,2009,GE
1793094,Devendra,RALP,23240,625,0.376012224909456,8,6,85,UP,Devendra,RALP,,,,,False,6,2009,GE
1793095,Fakkar Baba,IND,22955,500,0.300809779927565,9,6,85,UP,Fakkar Baba,IND,,,,,False,6,2009,GE
1793096,Jagdish,IND,22955,454,0.273135280174229,10,6,85,UP,Jagdish,IND,,,,,False,6,2009,GE
1793097,Babu Lal Sharma,IND,22955,307,0.184697204875524,11,6,85,UP,Babu Lal Sharma,IND,,,,,False,6,2009,GE
1793098,Yadram,BSP(K),23111,210,0.126340107569577,12,6,85,UP,Yadram,BSP(K),,,,,False,6,2009,GE
1793099,Pramod Pachauri,IND,22955,103,0.0619668146650783,13,6,85,UP,Pramod Pachauri,IND,,,,,False,6,2009,GE
1793100,Pitam Singh,IND,22955,99,0.0595603364256578,14,6,85,UP,Pitam Singh,IND,,,,,False,6,2009,GE
1793101,Heera Singh,NELU,23029,58,0.0348939344715975,15,6,85,UP,Heera Singh,NELU,,,,,False,6,2009,GE
1793102,Gopal Saini Alias Manager,IND,22955,49,0.0294793584329013,16,6,85,UP,Gopal Saini Alias Manager,IND,,,,,False,6,2009,GE
1793185,Kunwar Chand (Vakil),BSP,22951,49533,33.4436124745964,1,6,86,UP,Kunwar Chand (Vakil),BSP,,,,,False,6,2009,GE
1793186,Dr. Ram Shankar Katheria,BJP,22953,47671,32.1864302641973,2,6,86,UP,Dr. Ram Shankar Katheria,BJP,,,,,False,6,2009,GE
1793187,Ramji Lal Suman,SP,22952,33210,22.4226751919194,3,6,86,UP,Ramji Lal Suman,SP,,,,,False,6,2009,GE
1793188,Prabhudayal Katheria,INC,22954,13288,8.97177079043137,4,6,86,UP,Prabhudayal Katheria,INC,,,,,False,6,2009,GE
1793189,Santosh Kumar Diwakar,IND,22955,1581,1.0674570755322,5,6,86,UP,Santosh Kumar Diwakar,IND,,,,,False,6,2009,GE
1793190,Vivek Chauhan Valmiki,RSMD,23062,500,0.3375892079482,6,6,86,UP,Vivek Chauhan Valmiki,RSMD,,,,,False,6,2009,GE
1793191,Vinod Kumar Singh,IND,22955,405,0.273447258438042,7,6,86,UP,Vinod Kumar Singh,IND,,,,,False,6,2009,GE
1793192,Rakesh,IND,22955,398,0.268721009526767,8,6,86,UP,Rakesh,IND,,,,,False,6,2009,GE
1793193,Ramesh,JBSP,23249,313,0.211330844175573,9,6,86,UP,Ramesh,JBSP,,,,,False,6,2009,GE
1793194,Dr. Chandrapal,IND,22955,296,0.199852811105334,10,6,86,UP,Dr. Chandrapal,IND,,,,,False,6,2009,GE
1793195,Boby,IND,22955,290,0.195801740609956,11,6,86,UP,Boby,IND,,,,,False,6,2009,GE
1793196,Ganeshi Lal Mahaur,IND,22955,204,0.137736396842865,12,6,86,UP,Ganeshi Lal Mahaur,IND,,,,,False,6,2009,GE
1793197,Nityanand,IND,22955,161,0.10870372495932,13,6,86,UP,Nityanand,IND,,,,,False,6,2009,GE
1793198,Ram Devi,HDVP,23250,146,0.0985760487208744,14,6,86,UP,Ram Devi,HDVP,,,,,False,6,2009,GE
1793199,Rajesh Kumar Pradhan,RSBP,22959,113,0.0762951609962932,15,6,86,UP,Rajesh Kumar Pradhan,RSBP,,,,,False,6,2009,GE
1793284,Kunwar Chand (Vakil),BSP,22951,43275,33.467124495383,1,6,87,UP,Kunwar Chand (Vakil),BSP,,,,,False,6,2009,GE
1793285,Dr. Ram Shankar Katheria,BJP,22953,37523,29.0187616970596,2,6,87,UP,Dr. Ram Shankar Katheria,BJP,,,,,False,6,2009,GE
1793286,Prabhudayal Katheria,INC,22954,23924,18.5018483287705,3,6,87,UP,Prabhudayal Katheria,INC,,,,,False,6,2009,GE
1793287,Ramji Lal Suman,SP,22952,21785,16.8476327471269,4,6,87,UP,Ramji Lal Suman,SP,,,,,False,6,2009,GE
1793288,Santosh Kumar Diwakar,IND,22955,902,0.697570105022195,5,6,87,UP,Santosh Kumar Diwakar,IND,,,,,False,6,2009,GE
1793289,Vinod Kumar Singh,IND,22955,311,0.240514747962198,6,6,87,UP,Vinod Kumar Singh,IND,,,,,False,6,2009,GE
1793290,Vivek Chauhan Valmiki,RSMD,23062,249,0.192566470233399,7,6,87,UP,Vivek Chauhan Valmiki,RSMD,,,,,False,6,2009,GE
1793291,Ganeshi Lal Mahaur,IND,22955,248,0.191793110915193,8,6,87,UP,Ganeshi Lal Mahaur,IND,,,,,False,6,2009,GE
1793292,Rakesh,IND,22955,230,0.177872643187477,9,6,87,UP,Rakesh,IND,,,,,False,6,2009,GE
1793294,Ramesh,JBSP,23249,190,0.14693827045922,10,6,87,UP,Ramesh,JBSP,,,,,False,6,2009,GE
1793293,Boby,IND,22955,190,0.14693827045922,10,6,87,UP,Boby,IND,,,,,False,6,2009,GE
1793295,Nityanand,IND,22955,147,0.113683819776344,12,6,87,UP,Nityanand,IND,,,,,False,6,2009,GE
1793296,Dr. Chandrapal,IND,22955,128,0.0989899927304224,13,6,87,UP,Dr. Chandrapal,IND,,,,,False,6,2009,GE
1793297,Ram Devi,HDVP,23250,120,0.092803118184771,14,6,87,UP,Ram Devi,HDVP,,,,,False,6,2009,GE
1793298,Rajesh Kumar Pradhan,RSBP,22959,84,0.0649621827293397,15,6,87,UP,Rajesh Kumar Pradhan,RSBP,,,,,False,6,2009,GE
1793379,Dr. Ram Shankar Katheria,BJP,22953,43156,33.6501649135665,1,6,88,UP,Dr. Ram Shankar Katheria,BJP,,,,,False,6,2009,GE
1793380,Kunwar Chand (Vakil),BSP,22951,36450,28.421274239955,2,6,88,UP,Kunwar Chand (Vakil),BSP,,,,,False,6,2009,GE
1793381,Prabhudayal Katheria,INC,22954,24622,19.198590242419,3,6,88,UP,Prabhudayal Katheria,INC,,,,,False,6,2009,GE
1793382,Ramji Lal Suman,SP,22952,21135,16.4796606601221,4,6,88,UP,Ramji Lal Suman,SP,,,,,False,6,2009,GE
1793383,Santosh Kumar Diwakar,IND,22955,715,0.557509220344798,5,6,88,UP,Santosh Kumar Diwakar,IND,,,,,False,6,2009,GE
1793384,Ganeshi Lal Mahaur,IND,22955,643,0.501368431722664,6,6,88,UP,Ganeshi Lal Mahaur,IND,,,,,False,6,2009,GE
1793385,Vinod Kumar Singh,IND,22955,300,0.233919952592222,7,6,88,UP,Vinod Kumar Singh,IND,,,,,False,6,2009,GE
1793387,Dr. Chandrapal,IND,22955,222,0.173100764918244,8,6,88,UP,Dr. Chandrapal,IND,,,,,False,6,2009,GE
1793386,Vivek Chauhan Valmiki,RSMD,23062,222,0.173100764918244,8,6,88,UP,Vivek Chauhan Valmiki,RSMD,,,,,False,6,2009,GE
1793388,Ramesh,JBSP,23249,179,0.139572238380026,10,6,88,UP,Ramesh,JBSP,,,,,False,6,2009,GE
1793389,Rakesh,IND,22955,164,0.127876240750415,11,6,88,UP,Rakesh,IND,,,,,False,6,2009,GE
1793390,Boby,IND,22955,160,0.124757308049185,12,6,88,UP,Boby,IND,,,,,False,6,2009,GE
1793391,Ram Devi,HDVP,23250,109,0.0849909161085076,13,6,88,UP,Ram Devi,HDVP,,,,,False,6,2009,GE
1793392,Nityanand,IND,22955,93,0.0725151853035891,14,6,88,UP,Nityanand,IND,,,,,False,6,2009,GE
1793393,Rajesh Kumar Pradhan,RSBP,22959,79,0.0615989208492853,15,6,88,UP,Rajesh Kumar Pradhan,RSBP,,,,,False,6,2009,GE
1793485,Dr. Ram Shankar Katheria,BJP,22953,49635,39.8038476651777,1,6,89,UP,Dr. Ram Shankar Katheria,BJP,,,,,False,6,2009,GE
1793486,Kunwar Chand (Vakil),BSP,22951,35997,28.8671120057097,2,6,89,UP,Kunwar Chand (Vakil),BSP,,,,,False,6,2009,GE
1793487,Prabhudayal Katheria,INC,22954,23184,18.5919694624656,3,6,89,UP,Prabhudayal Katheria,INC,,,,,False,6,2009,GE
1793488,Ramji Lal Suman,SP,22952,13543,10.860552209721,4,6,89,UP,Ramji Lal Suman,SP,,,,,False,6,2009,GE
1793489,Santosh Kumar Diwakar,IND,22955,720,0.577390355977193,5,6,89,UP,Santosh Kumar Diwakar,IND,,,,,False,6,2009,GE
1793490,Ganeshi Lal Mahaur,IND,22955,335,0.268646901739388,6,6,89,UP,Ganeshi Lal Mahaur,IND,,,,,False,6,2009,GE
1793491,Dr. Chandrapal,IND,22955,231,0.185246072542682,7,6,89,UP,Dr. Chandrapal,IND,,,,,False,6,2009,GE
1793492,Vinod Kumar Singh,IND,22955,221,0.177226762042999,8,6,89,UP,Vinod Kumar Singh,IND,,,,,False,6,2009,GE
1793493,Ramesh,JBSP,23249,177,0.141941795844393,9,6,89,UP,Ramesh,JBSP,,,,,False,6,2009,GE
1793494,Rakesh,IND,22955,152,0.121893519595185,10,6,89,UP,Rakesh,IND,,,,,False,6,2009,GE
1793495,Vivek Chauhan Valmiki,RSMD,23062,150,0.120289657495248,11,6,89,UP,Vivek Chauhan Valmiki,RSMD,,,,,False,6,2009,GE
1793496,Boby,IND,22955,111,0.0890143465464839,12,6,89,UP,Boby,IND,,,,,False,6,2009,GE
1793497,Nityanand,IND,22955,92,0.0737776565970857,13,6,89,UP,Nityanand,IND,,,,,False,6,2009,GE
1793498,Ram Devi,HDVP,23250,79,0.0633525529474975,14,6,89,UP,Ram Devi,HDVP,,,,,False,6,2009,GE
1793499,Rajesh Kumar Pradhan,RSBP,22959,72,0.0577390355977193,15,6,89,UP,Rajesh Kumar Pradhan,RSBP,,,,,False,6,2009,GE
1793589,Seema Upadhyay,BSP,22951,49293,34.2714713796052,1,6,90,UP,Seema Upadhyay,BSP,,,,,False,6,2009,GE
1793590,Raj Babbar,INC,22954,49027,34.086532110602,2,6,90,UP,Raj Babbar,INC,,,,,False,6,2009,GE
1793591,Raghuraj Singh Shakya,SP,22952,27769,19.3066863193609,3,6,90,UP,Raghuraj Singh Shakya,SP,,,,,False,6,2009,GE
1793592,Raja Mahendra Aridaman Singh,BJP,22953,13866,9.6404808420994,4,6,90,UP,Raja Mahendra Aridaman Singh,BJP,,,,,False,6,2009,GE
1793593,Sunder Singh,IND,22955,1401,0.974059834110866,5,6,90,UP,Sunder Singh,IND,,,,,False,6,2009,GE
1793594,Satish Chandr,IND,22955,632,0.439404578985058,6,6,90,UP,Satish Chandr,IND,,,,,False,6,2009,GE
1793595,Samarveer Singh Chahar,RWS,23146,379,0.263503695309078,7,6,90,UP,Samarveer Singh Chahar,RWS,,,,,False,6,2009,GE
1793596,Vinod Kumar,IND,22955,373,0.259332132850359,8,6,90,UP,Vinod Kumar,IND,,,,,False,6,2009,GE
1793597,Vijay Pal,IND,22955,356,0.247512705883988,9,6,90,UP,Vijay Pal,IND,,,,,False,6,2009,GE
1793598,Naresh Chand Koli,IND,22955,257,0.178681925315126,10,6,90,UP,Naresh Chand Koli,IND,,,,,False,6,2009,GE
1793599,Munna Alise Munna Lal,IND,22955,212,0.147395206874734,11,6,90,UP,Munna Alise Munna Lal,IND,,,,,False,6,2009,GE
1793600,Beni Prashad Agarwal,IND,22955,101,0.070221301388435,12,6,90,UP,Beni Prashad Agarwal,IND,,,,,False,6,2009,GE
1793601,Ganga Ram,IND,22955,93,0.0646592181101431,13,6,90,UP,Ganga Ram,IND,,,,,False,6,2009,GE
1793602,Chandan Singh,IND,22955,72,0.0500587495046269,14,6,90,UP,Chandan Singh,IND,,,,,False,6,2009,GE
1793689,Raj Babbar,INC,22954,53971,37.8951285615986,1,6,91,UP,Raj Babbar,INC,,,,,False,6,2009,GE
1793690,Seema Upadhyay,BSP,22951,40117,28.167698810577,2,6,91,UP,Seema Upadhyay,BSP,,,,,False,6,2009,GE
1793691,Raja Mahendra Aridaman Singh,BJP,22953,25738,18.07164623443,3,6,91,UP,Raja Mahendra Aridaman Singh,BJP,,,,,False,6,2009,GE
1793692,Raghuraj Singh Shakya,SP,22952,18695,13.1264832680344,4,6,91,UP,Raghuraj Singh Shakya,SP,,,,,False,6,2009,GE
1793693,Sunder Singh,IND,22955,1075,0.754799118113774,5,6,91,UP,Sunder Singh,IND,,,,,False,6,2009,GE
1793694,Satish Chandr,IND,22955,643,0.451475193439215,6,6,91,UP,Satish Chandr,IND,,,,,False,6,2009,GE
1793695,Vinod Kumar,IND,22955,541,0.379857044557722,7,6,91,UP,Vinod Kumar,IND,,,,,False,6,2009,GE
1793696,Samarveer Singh Chahar,RWS,23146,470,0.330005195826487,8,6,91,UP,Samarveer Singh Chahar,RWS,,,,,False,6,2009,GE
1793697,Vijay Pal,IND,22955,340,0.23872716293831,9,6,91,UP,Vijay Pal,IND,,,,,False,6,2009,GE
1793698,Naresh Chand Koli,IND,22955,278,0.195194562637794,10,6,91,UP,Naresh Chand Koli,IND,,,,,False,6,2009,GE
1793699,Munna Alise Munna Lal,IND,22955,226,0.158683349482523,11,6,91,UP,Munna Alise Munna Lal,IND,,,,,False,6,2009,GE
1793700,Beni Prashad Agarwal,IND,22955,119,0.0835545070284085,12,6,91,UP,Beni Prashad Agarwal,IND,,,,,False,6,2009,GE
1793701,Ganga Ram,IND,22955,107,0.0751288424541152,13,6,91,UP,Ganga Ram,IND,,,,,False,6,2009,GE
1793702,Chandan Singh,IND,22955,102,0.071618148881493,14,6,91,UP,Chandan Singh,IND,,,,,False,6,2009,GE
1793794,Raja Mahendra Aridaman Singh,BJP,22953,42110,29.4119701340336,1,6,92,UP,Raja Mahendra Aridaman Singh,BJP,,,,,False,6,2009,GE
1793795,Raj Babbar,INC,22954,36445,25.4552185118702,2,6,92,UP,Raj Babbar,INC,,,,,False,6,2009,GE
1793796,Seema Upadhyay,BSP,22951,35974,25.1262458703805,3,6,92,UP,Seema Upadhyay,BSP,,,,,False,6,2009,GE
1793797,Raghuraj Singh Shakya,SP,22952,24494,17.1079742688914,4,6,92,UP,Raghuraj Singh Shakya,SP,,,,,False,6,2009,GE
1793798,Sunder Singh,IND,22955,1257,0.877958833020192,5,6,92,UP,Sunder Singh,IND,,,,,False,6,2009,GE
1793799,Vinod Kumar,IND,22955,687,0.479839075803398,6,6,92,UP,Vinod Kumar,IND,,,,,False,6,2009,GE
1793800,Satish Chandr,IND,22955,578,0.403707402932117,7,6,92,UP,Satish Chandr,IND,,,,,False,6,2009,GE
1793801,Samarveer Singh Chahar,RWS,23146,457,0.31919426148785,8,6,92,UP,Samarveer Singh Chahar,RWS,,,,,False,6,2009,GE
1793802,Naresh Chand Koli,IND,22955,378,0.264016260049031,9,6,92,UP,Naresh Chand Koli,IND,,,,,False,6,2009,GE
1793803,Vijay Pal,IND,22955,316,0.220712005755275,10,6,92,UP,Vijay Pal,IND,,,,,False,6,2009,GE
1793804,Munna Alise Munna Lal,IND,22955,200,0.139691142883085,11,6,92,UP,Munna Alise Munna Lal,IND,,,,,False,6,2009,GE
1793805,Beni Prashad Agarwal,IND,22955,102,0.0712424828703736,12,6,92,UP,Beni Prashad Agarwal,IND,,,,,False,6,2009,GE
1793806,Ganga Ram,IND,22955,100,0.0698455714415427,13,6,92,UP,Ganga Ram,IND,,,,,False,6,2009,GE
1793807,Chandan Singh,IND,22955,75,0.052384178581157,14,6,92,UP,Chandan Singh,IND,,,,,False,6,2009,GE
1793905,Seema Upadhyay,BSP,22951,44410,34.2392351875409,1,6,93,UP,Seema Upadhyay,BSP,,,,,False,6,2009,GE
1793906,Raj Babbar,INC,22954,35548,27.4068077560618,2,6,93,UP,Raj Babbar,INC,,,,,False,6,2009,GE
1793907,Raja Mahendra Aridaman Singh,BJP,22953,25690,19.8064839443352,3,6,93,UP,Raja Mahendra Aridaman Singh,BJP,,,,,False,6,2009,GE
1793908,Raghuraj Singh Shakya,SP,22952,19587,15.1011911645657,4,6,93,UP,Raghuraj Singh Shakya,SP,,,,,False,6,2009,GE
1793909,Sunder Singh,IND,22955,1372,1.05778497359392,5,6,93,UP,Sunder Singh,IND,,,,,False,6,2009,GE
1793910,Satish Chandr,IND,22955,623,0.480320727805404,6,6,93,UP,Satish Chandr,IND,,,,,False,6,2009,GE
1793911,Vinod Kumar,IND,22955,570,0.439458771828379,7,6,93,UP,Vinod Kumar,IND,,,,,False,6,2009,GE
1793912,Samarveer Singh Chahar,RWS,23146,531,0.409390540071701,8,6,93,UP,Samarveer Singh Chahar,RWS,,,,,False,6,2009,GE
1793913,Munna Alise Munna Lal,IND,22955,410,0.316101923595852,9,6,93,UP,Munna Alise Munna Lal,IND,,,,,False,6,2009,GE
1793914,Vijay Pal,IND,22955,390,0.300682317566786,10,6,93,UP,Vijay Pal,IND,,,,,False,6,2009,GE
1793915,Naresh Chand Koli,IND,22955,262,0.201996838980764,11,6,93,UP,Naresh Chand Koli,IND,,,,,False,6,2009,GE
1793916,Beni Prashad Agarwal,IND,22955,136,0.104853320997648,12,6,93,UP,Beni Prashad Agarwal,IND,,,,,False,6,2009,GE
1793917,Ganga Ram,IND,22955,94,0.07247214833661,13,6,93,UP,Ganga Ram,IND,,,,,False,6,2009,GE
1793918,Chandan Singh,IND,22955,82,0.0632203847191704,14,6,93,UP,Chandan Singh,IND,,,,,False,6,2009,GE
1794008,Raja Mahendra Aridaman Singh,BJP,22953,46569,34.9819340008863,1,6,94,UP,Raja Mahendra Aridaman Singh,BJP,,,,,False,6,2009,GE
1794009,Seema Upadhyay,BSP,22951,39178,29.429925707804,2,6,94,UP,Seema Upadhyay,BSP,,,,,False,6,2009,GE
1794010,Raj Babbar,INC,22954,23891,17.9465606995034,3,6,94,UP,Raj Babbar,INC,,,,,False,6,2009,GE
1794011,Raghuraj Singh Shakya,SP,22952,18593,13.9667825995507,4,6,94,UP,Raghuraj Singh Shakya,SP,,,,,False,6,2009,GE
1794012,Sunder Singh,IND,22955,1731,1.30030122518272,5,6,94,UP,Sunder Singh,IND,,,,,False,6,2009,GE
1794013,Vinod Kumar,IND,22955,779,0.585173110581943,6,6,94,UP,Vinod Kumar,IND,,,,,False,6,2009,GE
1794014,Satish Chandr,IND,22955,633,0.475500101409974,7,6,94,UP,Satish Chandr,IND,,,,,False,6,2009,GE
1794015,Samarveer Singh Chahar,RWS,23146,554,0.416156486858018,8,6,94,UP,Samarveer Singh Chahar,RWS,,,,,False,6,2009,GE
1794016,Vijay Pal,IND,22955,349,0.262163563020665,9,6,94,UP,Vijay Pal,IND,,,,,False,6,2009,GE
1794017,Munna Alise Munna Lal,IND,22955,264,0.198312838502738,10,6,94,UP,Munna Alise Munna Lal,IND,,,,,False,6,2009,GE
1794018,Naresh Chand Koli,IND,22955,220,0.165260698752281,11,6,94,UP,Naresh Chand Koli,IND,,,,,False,6,2009,GE
1794019,Beni Prashad Agarwal,IND,22955,130,0.0976540492627119,12,6,94,UP,Beni Prashad Agarwal,IND,,,,,False,6,2009,GE
1794020,Ganga Ram,IND,22955,121,0.0908933843137549,13,6,94,UP,Ganga Ram,IND,,,,,False,6,2009,GE
1794021,Chandan Singh,IND,22955,111,0.0833815343704694,14,6,94,UP,Chandan Singh,IND,,,,,False,6,2009,GE
1794120,Prof. S.P. Singh Baghel,BSP,22951,65029,39.7490204707852,1,6,95,UP,Prof. S.P. Singh Baghel,BSP,,,,,False,6,2009,GE
1794121,Akhilesh Yadav,SP,22952,48345,29.5509141253919,2,6,95,UP,Akhilesh Yadav,SP,,,,,False,6,2009,GE
1794122,Raghuvar Dayal Verma,BJP,22953,35795,21.8797180911863,3,6,95,UP,Raghuvar Dayal Verma,BJP,,,,,False,6,2009,GE
1794123,Rajvir Singh,RSMD,23062,3747,2.29035629802138,4,6,95,UP,Rajvir Singh,RSMD,,,,,False,6,2009,GE
1794124,Manish Asija,IND,22955,3202,1.95722467741245,5,6,95,UP,Manish Asija,IND,,,,,False,6,2009,GE
1794125,Rajendrapal,INC,22954,2646,1.61736929932334,6,6,95,UP,Rajendrapal,INC,,,,,False,6,2009,GE
1794126,Ashok Yadav,IND,22955,993,0.606971925256266,7,6,95,UP,Ashok Yadav,IND,,,,,False,6,2009,GE
1794127,Lt. Colonel Suresh Babu(Rtd),IND,22955,855,0.522619331414006,8,6,95,UP,Lt. Colonel Suresh Babu(Rtd),IND,,,,,False,6,2009,GE
1794128,Rajjo Devi,CPM,23066,733,0.448046748452007,9,6,95,UP,Rajjo Devi,CPM,,,,,False,6,2009,GE
1794129,Anil Kumar SrivastawaAkela,JPS,23265,619,0.37836417093014,10,6,95,UP,Anil Kumar SrivastawaAkela,JPS,,,,,False,6,2009,GE
1794130,Ramdas Savita,IND,22955,561,0.34291163148919,11,6,95,UP,Ramdas Savita,IND,,,,,False,6,2009,GE
1794131,Ramgopal,IND,22955,485,0.296456579807945,12,6,95,UP,Ramgopal,IND,,,,,False,6,2009,GE
1794132,Rahat Afroz,MUL,23057,233,0.142421408443816,13,6,95,UP,Rahat Afroz,MUL,,,,,False,6,2009,GE
1794133,Sunita Devi,MADP,23222,145,0.0886313486023753,14,6,95,UP,Sunita Devi,MADP,,,,,False,6,2009,GE
1794134,Dalvir,RPI(A),23009,137,0.0837413431622442,15,6,95,UP,Dalvir,RPI(A),,,,,False,6,2009,GE
1794135,Abhaypratap Singh,JBSP,23249,74,0.0452325503212122,16,6,95,UP,Abhaypratap Singh,JBSP,,,,,False,6,2009,GE
1794209,Akhilesh Yadav,SP,22952,75175,52.234242872727,1,6,96,UP,Akhilesh Yadav,SP,,,,,False,6,2009,GE
1794210,Prof. S.P. Singh Baghel,BSP,22951,43685,30.3538796128377,2,6,96,UP,Prof. S.P. Singh Baghel,BSP,,,,,False,6,2009,GE
1794211,Raghuvar Dayal Verma,BJP,22953,14404,10.0084075070004,3,6,96,UP,Raghuvar Dayal Verma,BJP,,,,,False,6,2009,GE
1794212,Ashok Yadav,IND,22955,3061,2.12689082053099,4,6,96,UP,Ashok Yadav,IND,,,,,False,6,2009,GE
1794213,Rajvir Singh,RSMD,23062,2362,1.64120095331401,5,6,96,UP,Rajvir Singh,RSMD,,,,,False,6,2009,GE
1794214,Rajendrapal,INC,22954,971,0.674685065905127,6,6,96,UP,Rajendrapal,INC,,,,,False,6,2009,GE
1794215,Lt. Colonel Suresh Babu(Rtd),IND,22955,885,0.614929231025785,7,6,96,UP,Lt. Colonel Suresh Babu(Rtd),IND,,,,,False,6,2009,GE
1794216,Manish Asija,IND,22955,790,0.548919878542791,8,6,96,UP,Manish Asija,IND,,,,,False,6,2009,GE
1794217,Ramdas Savita,IND,22955,508,0.352976326961693,9,6,96,UP,Ramdas Savita,IND,,,,,False,6,2009,GE
1794218,Rajjo Devi,CPM,23066,501,0.348112479936631,10,6,96,UP,Rajjo Devi,CPM,,,,,False,6,2009,GE
1794219,Anil Kumar SrivastawaAkela,JPS,23265,494,0.343248632911568,11,6,96,UP,Anil Kumar SrivastawaAkela,JPS,,,,,False,6,2009,GE
1794220,Ramgopal,IND,22955,352,0.244582021831724,12,6,96,UP,Ramgopal,IND,,,,,False,6,2009,GE
1794221,Dalvir,RPI(A),23009,258,0.179267504638025,13,6,96,UP,Dalvir,RPI(A),,,,,False,6,2009,GE
1794222,Abhaypratap Singh,JBSP,23249,203,0.141051563726818,14,6,96,UP,Abhaypratap Singh,JBSP,,,,,False,6,2009,GE
1794223,Sunita Devi,MADP,23222,167,0.11603749331221,15,6,96,UP,Sunita Devi,MADP,,,,,False,6,2009,GE
1794224,Rahat Afroz,MUL,23057,103,0.0715680347973512,16,6,96,UP,Rahat Afroz,MUL,,,,,False,6,2009,GE
1794292,Akhilesh Yadav,SP,22952,39221,31.9516745281097,1,6,97,UP,Akhilesh Yadav,SP,,,,,False,6,2009,GE
1794293,Prof. S.P. Singh Baghel,BSP,22951,33724,27.4735032708491,2,6,97,UP,Prof. S.P. Singh Baghel,BSP,,,,,False,6,2009,GE
1794294,Manish Asija,IND,22955,26184,21.3309871202678,3,6,97,UP,Manish Asija,IND,,,,,False,6,2009,GE
1794295,Raghuvar Dayal Verma,BJP,22953,15937,12.9831936196039,4,6,97,UP,Raghuvar Dayal Verma,BJP,,,,,False,6,2009,GE
1794296,Rajjo Devi,CPM,23066,1195,0.973515490708833,5,6,97,UP,Rajjo Devi,CPM,,,,,False,6,2009,GE
1794297,Lt. Colonel Suresh Babu(Rtd),IND,22955,1047,0.85294620817753,6,6,97,UP,Lt. Colonel Suresh Babu(Rtd),IND,,,,,False,6,2009,GE
1794298,Rahat Afroz,MUL,23057,1005,0.8187306009727,7,6,97,UP,Rahat Afroz,MUL,,,,,False,6,2009,GE
1794299,Rajendrapal,INC,22954,944,0.769036504794258,8,6,97,UP,Rajendrapal,INC,,,,,False,6,2009,GE
1794300,Ashok Yadav,IND,22955,927,0.755187330449446,9,6,97,UP,Ashok Yadav,IND,,,,,False,6,2009,GE
1794301,Ramdas Savita,IND,22955,734,0.597958468770111,10,6,97,UP,Ramdas Savita,IND,,,,,False,6,2009,GE
1794302,Rajvir Singh,RSMD,23062,660,0.53767382750446,11,6,97,UP,Rajvir Singh,RSMD,,,,,False,6,2009,GE
1794303,Anil Kumar SrivastawaAkela,JPS,23265,373,0.30386717827146,12,6,97,UP,Anil Kumar SrivastawaAkela,JPS,,,,,False,6,2009,GE
1794304,Sunita Devi,MADP,23222,297,0.241953222377007,13,6,97,UP,Sunita Devi,MADP,,,,,False,6,2009,GE
1794305,Ramgopal,IND,22955,289,0.235435963861801,14,6,97,UP,Ramgopal,IND,,,,,False,6,2009,GE
1794306,Abhaypratap Singh,JBSP,23249,109,0.088797647269676,15,6,97,UP,Abhaypratap Singh,JBSP,,,,,False,6,2009,GE
1794307,Dalvir,RPI(A),23009,105,0.0855390180120732,16,6,97,UP,Dalvir,RPI(A),,,,,False,6,2009,GE
1794386,Akhilesh Yadav,SP,22952,61435,47.0092664151751,1,6,98,UP,Akhilesh Yadav,SP,,,,,False,6,2009,GE
1794387,Prof. S.P. Singh Baghel,BSP,22951,38300,29.3066640140182,2,6,98,UP,Prof. S.P. Singh Baghel,BSP,,,,,False,6,2009,GE
1794388,Raghuvar Dayal Verma,BJP,22953,20874,15.9725144811649,3,6,98,UP,Raghuvar Dayal Verma,BJP,,,,,False,6,2009,GE
1794389,Manish Asija,IND,22955,3117,2.38508803477009,4,6,98,UP,Manish Asija,IND,,,,,False,6,2009,GE
1794390,Ashok Yadav,IND,22955,1751,1.33984252450511,5,6,98,UP,Ashok Yadav,IND,,,,,False,6,2009,GE
1794391,Rajvir Singh,RSMD,23062,1154,0.883025855670418,6,6,98,UP,Rajvir Singh,RSMD,,,,,False,6,2009,GE
1794392,Rajendrapal,INC,22954,1066,0.815689395272674,7,6,98,UP,Rajendrapal,INC,,,,,False,6,2009,GE
1794393,Rajjo Devi,CPM,23066,800,0.612149639979492,8,6,98,UP,Rajjo Devi,CPM,,,,,False,6,2009,GE
1794394,Lt. Colonel Suresh Babu(Rtd),IND,22955,657,0.502727891833158,9,6,98,UP,Lt. Colonel Suresh Babu(Rtd),IND,,,,,False,6,2009,GE
1794395,Ramdas Savita,IND,22955,428,0.327500057389028,10,6,98,UP,Ramdas Savita,IND,,,,,False,6,2009,GE
1794396,Ramgopal,IND,22955,308,0.235677611392104,11,6,98,UP,Ramgopal,IND,,,,,False,6,2009,GE
1794397,Anil Kumar SrivastawaAkela,JPS,23265,263,0.201244194143258,12,6,98,UP,Anil Kumar SrivastawaAkela,JPS,,,,,False,6,2009,GE
1794398,Rahat Afroz,MUL,23057,200,0.153037409994873,13,6,98,UP,Rahat Afroz,MUL,,,,,False,6,2009,GE
1794399,Dalvir,RPI(A),23009,141,0.107891374046385,14,6,98,UP,Dalvir,RPI(A),,,,,False,6,2009,GE
1794400,Sunita Devi,MADP,23222,132,0.101004690596616,15,6,98,UP,Sunita Devi,MADP,,,,,False,6,2009,GE
1794401,Abhaypratap Singh,JBSP,23249,61,0.0466764100484363,16,6,98,UP,Abhaypratap Singh,JBSP,,,,,False,6,2009,GE
1794470,Akhilesh Yadav,SP,22952,62825,50.6935310777771,1,6,99,UP,Akhilesh Yadav,SP,,,,,False,6,2009,GE
1794471,Prof. S.P. Singh Baghel,BSP,22951,38972,31.4465307308098,2,6,99,UP,Prof. S.P. Singh Baghel,BSP,,,,,False,6,2009,GE
1794472,Raghuvar Dayal Verma,BJP,22953,14545,11.7363694313771,3,6,99,UP,Raghuvar Dayal Verma,BJP,,,,,False,6,2009,GE
1794473,Ashok Yadav,IND,22955,2676,2.15926604320145,4,6,99,UP,Ashok Yadav,IND,,,,,False,6,2009,GE
1794474,Rajvir Singh,RSMD,23062,1264,1.01992237616092,5,6,99,UP,Rajvir Singh,RSMD,,,,,False,6,2009,GE
1794475,Rajendrapal,INC,22954,713,0.575320137818624,6,6,99,UP,Rajendrapal,INC,,,,,False,6,2009,GE
1794476,Lt. Colonel Suresh Babu(Rtd),IND,22955,639,0.515609492378823,7,6,99,UP,Lt. Colonel Suresh Babu(Rtd),IND,,,,,False,6,2009,GE
1794477,Manish Asija,IND,22955,492,0.396995102113272,8,6,99,UP,Manish Asija,IND,,,,,False,6,2009,GE
1794478,Ramdas Savita,IND,22955,399,0.321953345006495,9,6,99,UP,Ramdas Savita,IND,,,,,False,6,2009,GE
1794479,Rajjo Devi,CPM,23066,383,0.309042935181673,10,6,99,UP,Rajjo Devi,CPM,,,,,False,6,2009,GE
1794480,Anil Kumar SrivastawaAkela,JPS,23265,317,0.255787494654283,11,6,99,UP,Anil Kumar SrivastawaAkela,JPS,,,,,False,6,2009,GE
1794481,Ramgopal,IND,22955,259,0.208987259039304,12,6,99,UP,Ramgopal,IND,,,,,False,6,2009,GE
1794482,Dalvir,RPI(A),23009,184,0.148469712985451,13,6,99,UP,Dalvir,RPI(A),,,,,False,6,2009,GE
1794483,Sunita Devi,MADP,23222,109,0.087952166931599,14,6,99,UP,Sunita Devi,MADP,,,,,False,6,2009,GE
1794484,Abhaypratap Singh,JBSP,23249,84,0.0677796515803148,15,6,99,UP,Abhaypratap Singh,JBSP,,,,,False,6,2009,GE
1794485,Rahat Afroz,MUL,23057,70,0.0564830429835957,16,6,99,UP,Rahat Afroz,MUL,,,,,False,6,2009,GE
1794563,Kalyan Singh R O Madholi,IND,22955,60229,45.906599897865,1,6,100,UP,Kalyan Singh R O Madholi,IND,,,,,False,6,2009,GE
1794564,Ku. Devendra Singh Yadav,BSP,22951,42159,32.1336290672947,2,6,100,UP,Ku. Devendra Singh Yadav,BSP,,,,,False,6,2009,GE
1794565,Dr.Shyam Singh Shakya,BJP,22953,18534,14.1266320627443,3,6,100,UP,Dr.Shyam Singh Shakya,BJP,,,,,False,6,2009,GE
1794566,Dr. Mahadeepak Singh Shakya,INC,22954,4124,3.14331664113293,4,6,100,UP,Dr. Mahadeepak Singh Shakya,INC,,,,,False,6,2009,GE
1794567,Rajesh,IND,22955,1123,0.855951645972911,5,6,100,UP,Rajesh,IND,,,,,False,6,2009,GE
1794568,Satendra Kumar,IND,22955,708,0.539638259437953,6,6,100,UP,Satendra Kumar,IND,,,,,False,6,2009,GE
1794569,Munawar Hussain,NLHP,23028,608,0.463418166296999,7,6,100,UP,Munawar Hussain,NLHP,,,,,False,6,2009,GE
1794570,Sandeep,RPI(A),23009,558,0.425308119726522,8,6,100,UP,Sandeep,RPI(A),,,,,False,6,2009,GE
1794571,Kalyan Singh R O Nagla Khushali,IND,22955,432,0.32927080236892,9,6,100,UP,Kalyan Singh R O Nagla Khushali,IND,,,,,False,6,2009,GE
1794572,Rajveer Singh,VAJP,22957,393,0.299544966043948,10,6,100,UP,Rajveer Singh,VAJP,,,,,False,6,2009,GE
1794573,Harishchandra,IND,22955,376,0.286587550209986,11,6,100,UP,Harishchandra,IND,,,,,False,6,2009,GE
1794574,Pushpa Upadhyay,IND,22955,325,0.247715302708099,12,6,100,UP,Pushpa Upadhyay,IND,,,,,False,6,2009,GE
1794575,Indrapal,RSUPRP,23272,321,0.244666498982461,13,6,100,UP,Indrapal,RSUPRP,,,,,False,6,2009,GE
1794576,Rajendra,IND,22955,262,0.199696644029299,14,6,100,UP,Rajendra,IND,,,,,False,6,2009,GE
1794577,Sakir Ali,IND,22955,236,0.179879419812651,15,6,100,UP,Sakir Ali,IND,,,,,False,6,2009,GE
1794578,Rishipal,BRPP,23273,233,0.177592817018422,16,6,100,UP,Rishipal,BRPP,,,,,False,6,2009,GE
1794579,Preety Mishra,IND,22955,201,0.153202387213317,17,6,100,UP,Preety Mishra,IND,,,,,False,6,2009,GE
1794580,Shabbir,NELU,23029,191,0.145580377899221,18,6,100,UP,Shabbir,NELU,,,,,False,6,2009,GE
1794581,Kaliyan Singh,IND,22955,186,0.141769373242174,19,6,100,UP,Kaliyan Singh,IND,,,,,False,6,2009,GE
1794658,Kalyan Singh R O Madholi,IND,22955,46783,42.7890683593392,1,6,101,UP,Kalyan Singh R O Madholi,IND,,,,,False,6,2009,GE
1794659,Ku. Devendra Singh Yadav,BSP,22951,27528,25.1778952567362,2,6,101,UP,Ku. Devendra Singh Yadav,BSP,,,,,False,6,2009,GE
1794660,Dr.Shyam Singh Shakya,BJP,22953,20790,19.0151279565368,3,6,101,UP,Dr.Shyam Singh Shakya,BJP,,,,,False,6,2009,GE
1794661,Dr. Mahadeepak Singh Shakya,INC,22954,5638,5.15667587392759,4,6,101,UP,Dr. Mahadeepak Singh Shakya,INC,,,,,False,6,2009,GE
1794662,Munawar Hussain,NLHP,23028,2971,2.71736147950317,5,6,101,UP,Munawar Hussain,NLHP,,,,,False,6,2009,GE
1794663,Rajesh,IND,22955,952,0.870726398009768,6,6,101,UP,Rajesh,IND,,,,,False,6,2009,GE
1794664,Rajveer Singh,VAJP,22957,703,0.642983884244608,7,6,101,UP,Rajveer Singh,VAJP,,,,,False,6,2009,GE
1794665,Satendra Kumar,IND,22955,632,0.57804525582161,8,6,101,UP,Satendra Kumar,IND,,,,,False,6,2009,GE
1794666,Sandeep,RPI(A),23009,494,0.451826513252967,9,6,101,UP,Sandeep,RPI(A),,,,,False,6,2009,GE
1794667,Harishchandra,IND,22955,447,0.408838970494082,10,6,101,UP,Harishchandra,IND,,,,,False,6,2009,GE
1794668,Pushpa Upadhyay,IND,22955,392,0.358534399180492,11,6,101,UP,Pushpa Upadhyay,IND,,,,,False,6,2009,GE
1794669,Indrapal,RSUPRP,23272,335,0.306400570728227,12,6,101,UP,Indrapal,RSUPRP,,,,,False,6,2009,GE
1794670,Kalyan Singh R O Nagla Khushali,IND,22955,320,0.292681142188157,13,6,101,UP,Kalyan Singh R O Nagla Khushali,IND,,,,,False,6,2009,GE
1794671,Rajendra,IND,22955,262,0.239632685166553,14,6,101,UP,Rajendra,IND,,,,,False,6,2009,GE
1794672,Preety Mishra,IND,22955,254,0.232315656611849,15,6,101,UP,Preety Mishra,IND,,,,,False,6,2009,GE
1794673,Rishipal,BRPP,23273,236,0.215852342363766,16,6,101,UP,Rishipal,BRPP,,,,,False,6,2009,GE
1794674,Shabbir,NELU,23029,221,0.202132913823696,17,6,101,UP,Shabbir,NELU,,,,,False,6,2009,GE
1794675,Sakir Ali,IND,22955,205,0.187498856714288,18,6,101,UP,Sakir Ali,IND,,,,,False,6,2009,GE
1794676,Kaliyan Singh,IND,22955,171,0.156401485356796,19,6,101,UP,Kaliyan Singh,IND,,,,,False,6,2009,GE
1794762,Kalyan Singh R O Madholi,IND,22955,31749,33.0732530522105,1,6,102,UP,Kalyan Singh R O Madholi,IND,,,,,False,6,2009,GE
1794763,Ku. Devendra Singh Yadav,BSP,22951,24745,25.7771157131547,2,6,102,UP,Ku. Devendra Singh Yadav,BSP,,,,,False,6,2009,GE
1794764,Dr.Shyam Singh Shakya,BJP,22953,24088,25.0927121963415,3,6,102,UP,Dr.Shyam Singh Shakya,BJP,,,,,False,6,2009,GE
1794765,Dr. Mahadeepak Singh Shakya,INC,22954,8509,8.86391099629151,4,6,102,UP,Dr. Mahadeepak Singh Shakya,INC,,,,,False,6,2009,GE
1794766,Munawar Hussain,NLHP,23028,2245,2.33863910996291,5,6,102,UP,Munawar Hussain,NLHP,,,,,False,6,2009,GE
1794767,Rajesh,IND,22955,703,0.732322180090837,6,6,102,UP,Rajesh,IND,,,,,False,6,2009,GE
1794768,Rajveer Singh,VAJP,22957,459,0.478144922705112,7,6,102,UP,Rajveer Singh,VAJP,,,,,False,6,2009,GE
1794769,Satendra Kumar,IND,22955,414,0.431267969498729,8,6,102,UP,Satendra Kumar,IND,,,,,False,6,2009,GE
1794770,Harishchandra,IND,22955,401,0.41772573857244,9,6,102,UP,Harishchandra,IND,,,,,False,6,2009,GE
1794771,Sandeep,RPI(A),23009,393,0.409392058002416,10,6,102,UP,Sandeep,RPI(A),,,,,False,6,2009,GE
1794772,Pushpa Upadhyay,IND,22955,391,0.40730863785991,11,6,102,UP,Pushpa Upadhyay,IND,,,,,False,6,2009,GE
1794773,Indrapal,RSUPRP,23272,358,0.372932205508562,12,6,102,UP,Indrapal,RSUPRP,,,,,False,6,2009,GE
1794774,Sakir Ali,IND,22955,269,0.280220009167048,13,6,102,UP,Sakir Ali,IND,,,,,False,6,2009,GE
1794775,Rishipal,BRPP,23273,246,0.25626067752823,14,6,102,UP,Rishipal,BRPP,,,,,False,6,2009,GE
1794776,Kalyan Singh R O Nagla Khushali,IND,22955,241,0.251052127171965,15,6,102,UP,Kalyan Singh R O Nagla Khushali,IND,,,,,False,6,2009,GE
1794777,Shabbir,NELU,23029,235,0.244801866744447,16,6,102,UP,Shabbir,NELU,,,,,False,6,2009,GE
1794778,Preety Mishra,IND,22955,213,0.221884245176882,17,6,102,UP,Preety Mishra,IND,,,,,False,6,2009,GE
1794779,Rajendra,IND,22955,203,0.211467144464352,18,6,102,UP,Rajendra,IND,,,,,False,6,2009,GE
1794780,Kaliyan Singh,IND,22955,134,0.139589149547897,19,6,102,UP,Kaliyan Singh,IND,,,,,False,6,2009,GE
1794862,Naresh Chandra Agrawal,BSP,22951,44206,32.1797746265614,1,6,103,UP,Naresh Chandra Agrawal,BSP,,,,,False,6,2009,GE
1794863,Chandra Bhushan Singh Urf Munnu,SP,22952,40907,29.778266313368,2,6,103,UP,Chandra Bhushan Singh Urf Munnu,SP,,,,,False,6,2009,GE
1794864,Salman Khurshid,INC,22954,24174,17.5974725562705,3,6,103,UP,Salman Khurshid,INC,,,,,False,6,2009,GE
1794865,Mithlesh Kumari,BJP,22953,16245,11.8255539702413,4,6,103,UP,Mithlesh Kumari,BJP,,,,,False,6,2009,GE
1794866,Sakshi Maharaj,RTKP,23187,7130,5.19028623009055,5,6,103,UP,Sakshi Maharaj,RTKP,,,,,False,6,2009,GE
1794867,Suresh Chandra Saraswat Urf Elaichi Wala,IND,22955,841,0.612206272020499,6,6,103,UP,Suresh Chandra Saraswat Urf Elaichi Wala,IND,,,,,False,6,2009,GE
1794868,Rishidutt,ABHM,22976,819,0.596191363596657,7,6,103,UP,Rishidutt,ABHM,,,,,False,6,2009,GE
1794869,Veena Kureel,IND,22955,734,0.534315581049995,8,6,103,UP,Veena Kureel,IND,,,,,False,6,2009,GE
1794870,Vinod Kumar,IND,22955,447,0.325393821157149,9,6,103,UP,Vinod Kumar,IND,,,,,False,6,2009,GE
1794871,Om Babu,JPS,23265,420,0.305739160818798,10,6,103,UP,Om Babu,JPS,,,,,False,6,2009,GE
1794872,Riyaz Ahmad,IND,22955,301,0.219113065253472,11,6,103,UP,Riyaz Ahmad,IND,,,,,False,6,2009,GE
1794873,Subodh Gangwar,AD,23110,297,0.216201263721864,12,6,103,UP,Subodh Gangwar,AD,,,,,False,6,2009,GE
1794874,Jaiveer Singh Shakya,BRPP,23273,286,0.208193809509943,13,6,103,UP,Jaiveer Singh Shakya,BRPP,,,,,False,6,2009,GE
1794875,Wazid Ali,IJP,22982,218,0.158693183472614,14,6,103,UP,Wazid Ali,IJP,,,,,False,6,2009,GE
1794876,Ramsharan,BNRP,23275,215,0.156509332323908,15,6,103,UP,Ramsharan,BNRP,,,,,False,6,2009,GE
1794877,Dalganjan Singh Yadav,BRM,23276,132,0.0960894505430509,16,6,103,UP,Dalganjan Singh Yadav,BRM,,,,,False,6,2009,GE
1794964,Kalyan Singh R O Madholi,IND,22955,55215,50.9763190693809,1,6,104,UP,Kalyan Singh R O Madholi,IND,,,,,False,6,2009,GE
1794965,Ku. Devendra Singh Yadav,BSP,22951,27551,25.4359968610072,2,6,104,UP,Ku. Devendra Singh Yadav,BSP,,,,,False,6,2009,GE
1794966,Dr.Shyam Singh Shakya,BJP,22953,16138,14.899136776993,3,6,104,UP,Dr.Shyam Singh Shakya,BJP,,,,,False,6,2009,GE
1794967,Dr. Mahadeepak Singh Shakya,INC,22954,4435,4.0945390758436,4,6,104,UP,Dr. Mahadeepak Singh Shakya,INC,,,,,False,6,2009,GE
1794968,Munawar Hussain,NLHP,23028,918,0.847528043207312,5,6,104,UP,Munawar Hussain,NLHP,,,,,False,6,2009,GE
1794969,Rajveer Singh,VAJP,22957,613,0.565941928634076,6,6,104,UP,Rajveer Singh,VAJP,,,,,False,6,2009,GE
1794970,Rajesh,IND,22955,569,0.525319669482527,7,6,104,UP,Rajesh,IND,,,,,False,6,2009,GE
1794971,Sandeep,RPI(A),23009,456,0.42099432211605,8,6,104,UP,Sandeep,RPI(A),,,,,False,6,2009,GE
1794972,Satendra Kumar,IND,22955,382,0.352675068088445,9,6,104,UP,Satendra Kumar,IND,,,,,False,6,2009,GE
1794973,Harishchandra,IND,22955,367,0.338826570650417,10,6,104,UP,Harishchandra,IND,,,,,False,6,2009,GE
1794974,Kalyan Singh R O Nagla Khushali,IND,22955,302,0.278816415085629,11,6,104,UP,Kalyan Singh R O Nagla Khushali,IND,,,,,False,6,2009,GE
1794975,Indrapal,RSUPRP,23272,298,0.275123482435489,12,6,104,UP,Indrapal,RSUPRP,,,,,False,6,2009,GE
1794976,Pushpa Upadhyay,IND,22955,218,0.201264829432673,13,6,104,UP,Pushpa Upadhyay,IND,,,,,False,6,2009,GE
1794977,Rishipal,BRPP,23273,173,0.159719337118589,14,6,104,UP,Rishipal,BRPP,,,,,False,6,2009,GE
1794978,Rajendra,IND,22955,157,0.144947606518026,15,6,104,UP,Rajendra,IND,,,,,False,6,2009,GE
1794979,Shabbir,NELU,23029,148,0.136638508055209,16,6,104,UP,Shabbir,NELU,,,,,False,6,2009,GE
1794980,Preety Mishra,IND,22955,144,0.132945575405068,17,6,104,UP,Preety Mishra,IND,,,,,False,6,2009,GE
1794981,Kaliyan Singh,IND,22955,116,0.107095046854082,18,6,104,UP,Kaliyan Singh,IND,,,,,False,6,2009,GE
1794982,Sakir Ali,IND,22955,115,0.106171813691547,19,6,104,UP,Sakir Ali,IND,,,,,False,6,2009,GE
1795070,Kalyan Singh R O Madholi,IND,22955,81581,66.5673907012419,1,6,105,UP,Kalyan Singh R O Madholi,IND,,,,,False,6,2009,GE
1795071,Ku. Devendra Singh Yadav,BSP,22951,25374,20.7043425755177,2,6,105,UP,Ku. Devendra Singh Yadav,BSP,,,,,False,6,2009,GE
1795072,Dr.Shyam Singh Shakya,BJP,22953,8960,7.31106287840462,3,6,105,UP,Dr.Shyam Singh Shakya,BJP,,,,,False,6,2009,GE
1795073,Dr. Mahadeepak Singh Shakya,INC,22954,2331,1.90201870195995,4,6,105,UP,Dr. Mahadeepak Singh Shakya,INC,,,,,False,6,2009,GE
1795074,Rajesh,IND,22955,587,0.478972534556195,5,6,105,UP,Rajesh,IND,,,,,False,6,2009,GE
1795075,Munawar Hussain,NLHP,23028,485,0.395743916967214,6,6,105,UP,Munawar Hussain,NLHP,,,,,False,6,2009,GE
1795076,Satendra Kumar,IND,22955,467,0.381056513863276,7,6,105,UP,Satendra Kumar,IND,,,,,False,6,2009,GE
1795077,Sandeep,RPI(A),23009,434,0.354129608172723,8,6,105,UP,Sandeep,RPI(A),,,,,False,6,2009,GE
1795078,Kalyan Singh R O Nagla Khushali,IND,22955,365,0.297827896274295,9,6,105,UP,Kalyan Singh R O Nagla Khushali,IND,,,,,False,6,2009,GE
1795079,Shabbir,NELU,23029,300,0.244790051732297,10,6,105,UP,Shabbir,NELU,,,,,False,6,2009,GE
1795080,Rajveer Singh,VAJP,22957,286,0.23336651598479,11,6,105,UP,Rajveer Singh,VAJP,,,,,False,6,2009,GE
1795081,Harishchandra,IND,22955,265,0.216231212363529,12,6,105,UP,Harishchandra,IND,,,,,False,6,2009,GE
1795082,Indrapal,RSUPRP,23272,220,0.179512704603684,13,6,105,UP,Indrapal,RSUPRP,,,,,False,6,2009,GE
1795083,Rajendra,IND,22955,183,0.149321931556701,14,6,105,UP,Rajendra,IND,,,,,False,6,2009,GE
1795084,Pushpa Upadhyay,IND,22955,164,0.133818561613656,15,6,105,UP,Pushpa Upadhyay,IND,,,,,False,6,2009,GE
1795085,Rishipal,BRPP,23273,163,0.133002594774548,16,6,105,UP,Rishipal,BRPP,,,,,False,6,2009,GE
1795086,Preety Mishra,IND,22955,144,0.117499224831502,17,6,105,UP,Preety Mishra,IND,,,,,False,6,2009,GE
1795087,Kaliyan Singh,IND,22955,125,0.101995854888457,18,6,105,UP,Kaliyan Singh,IND,,,,,False,6,2009,GE
1795088,Sakir Ali,IND,22955,120,0.097916020692919,19,6,105,UP,Sakir Ali,IND,,,,,False,6,2009,GE
1795168,Ramji Lal Suman,SP,22952,51435,44.7295875329373,1,6,106,UP,Ramji Lal Suman,SP,,,,,False,6,2009,GE
1795169,Kunwar Chand (Vakil),BSP,22951,28278,24.5914897687645,2,6,106,UP,Kunwar Chand (Vakil),BSP,,,,,False,6,2009,GE
1795170,Dr. Ram Shankar Katheria,BJP,22953,24969,21.7138732596464,3,6,106,UP,Dr. Ram Shankar Katheria,BJP,,,,,False,6,2009,GE
1795171,Prabhudayal Katheria,INC,22954,8086,7.03185466688697,4,6,106,UP,Prabhudayal Katheria,INC,,,,,False,6,2009,GE
1795172,Santosh Kumar Diwakar,IND,22955,651,0.566131262446626,5,6,106,UP,Santosh Kumar Diwakar,IND,,,,,False,6,2009,GE
1795173,Rakesh,IND,22955,271,0.235670617700515,6,6,106,UP,Rakesh,IND,,,,,False,6,2009,GE
1795174,Vinod Kumar Singh,IND,22955,217,0.188710420815542,7,6,106,UP,Vinod Kumar Singh,IND,,,,,False,6,2009,GE
1795175,Ramesh,JBSP,23249,210,0.182622987886008,8,6,106,UP,Ramesh,JBSP,,,,,False,6,2009,GE
1795176,Dr. Chandrapal,IND,22955,209,0.18175335461036,9,6,106,UP,Dr. Chandrapal,IND,,,,,False,6,2009,GE
1795177,Boby,IND,22955,183,0.159142889443521,10,6,106,UP,Boby,IND,,,,,False,6,2009,GE
1795178,Ganeshi Lal Mahaur,IND,22955,127,0.110443426007252,11,6,106,UP,Ganeshi Lal Mahaur,IND,,,,,False,6,2009,GE
1795179,Vivek Chauhan Valmiki,RSMD,23062,115,0.10000782669948,12,6,106,UP,Vivek Chauhan Valmiki,RSMD,,,,,False,6,2009,GE
1795180,Nityanand,IND,22955,86,0.0747884617056987,13,6,106,UP,Nityanand,IND,,,,,False,6,2009,GE
1795182,Ram Devi,HDVP,23250,77,0.0669617622248697,14,6,106,UP,Ram Devi,HDVP,,,,,False,6,2009,GE
1795181,Rajesh Kumar Pradhan,RSBP,22959,77,0.0669617622248697,14,6,106,UP,Rajesh Kumar Pradhan,RSBP,,,,,False,6,2009,GE
1795258,Mulayam Singh Yadav,SP,22952,64679,52.2992455789958,1,6,107,UP,Mulayam Singh Yadav,SP,,,,,False,6,2009,GE
1795259,Vinay Shakya,BSP,22951,38200,30.8884055275691,2,6,107,UP,Vinay Shakya,BSP,,,,,False,6,2009,GE
1795260,Tripti Shakya,BJP,22953,15704,12.6982073404435,3,6,107,UP,Tripti Shakya,BJP,,,,,False,6,2009,GE
1795261,Sachchida Nand,IND,22955,1179,0.953335866937277,4,6,107,UP,Sachchida Nand,IND,,,,,False,6,2009,GE
1795262,Hakim Singh Yadav,CPI,22973,822,0.664666736745073,5,6,107,UP,Hakim Singh Yadav,CPI,,,,,False,6,2009,GE
1795263,Sarvesh,JPS,23265,701,0.566826499340993,6,6,107,UP,Sarvesh,JPS,,,,,False,6,2009,GE
1795264,Genda Lal Pal,RALP,23240,516,0.417236053723184,7,6,107,UP,Genda Lal Pal,RALP,,,,,False,6,2009,GE
1795265,Praveen Yadav,MD,22974,395,0.319395816319104,8,6,107,UP,Praveen Yadav,MD,,,,,False,6,2009,GE
1795266,Ajay Kumar Singh,IND,22955,375,0.303223876252314,9,6,107,UP,Ajay Kumar Singh,IND,,,,,False,6,2009,GE
1795267,Man Singh Kashyap,LD,22979,292,0.236110324975135,10,6,107,UP,Man Singh Kashyap,LD,,,,,False,6,2009,GE
1795268,Abadhesh Shakya,RSMD,23062,277,0.223981369925043,11,6,107,UP,Abadhesh Shakya,RSMD,,,,,False,6,2009,GE
1795269,Rajvir Singh,NDPF,23282,260,0.210235220868271,12,6,107,UP,Rajvir Singh,NDPF,,,,,False,6,2009,GE
1795270,Ravindra Singh,RWS,23146,126,0.101883222420777,13,6,107,UP,Ravindra Singh,RWS,,,,,False,6,2009,GE
1795271,Karuna Nidhi Pandey,KKJHS,23043,83,0.0671135512771789,14,6,107,UP,Karuna Nidhi Pandey,KKJHS,,,,,False,6,2009,GE
1795272,Yogendra Singh,IJP,22982,62,0.0501330142070493,15,6,107,UP,Yogendra Singh,IJP,,,,,False,6,2009,GE
1795342,Mulayam Singh Yadav,SP,22952,73074,56.2952120488424,1,6,108,UP,Mulayam Singh Yadav,SP,,,,,False,6,2009,GE
1795343,Vinay Shakya,BSP,22951,37576,28.9480374407765,2,6,108,UP,Vinay Shakya,BSP,,,,,False,6,2009,GE
1795344,Tripti Shakya,BJP,22953,13277,10.2284195524055,3,6,108,UP,Tripti Shakya,BJP,,,,,False,6,2009,GE
1795345,Sachchida Nand,IND,22955,1511,1.16405377296714,4,6,108,UP,Sachchida Nand,IND,,,,,False,6,2009,GE
1795346,Hakim Singh Yadav,CPI,22973,832,0.640961442163244,5,6,108,UP,Hakim Singh Yadav,CPI,,,,,False,6,2009,GE
1795347,Genda Lal Pal,RALP,23240,637,0.490736104156234,6,6,108,UP,Genda Lal Pal,RALP,,,,,False,6,2009,GE
1795348,Sarvesh,JPS,23265,560,0.431416355302184,7,6,108,UP,Sarvesh,JPS,,,,,False,6,2009,GE
1795349,Abadhesh Shakya,RSMD,23062,553,0.426023650860906,8,6,108,UP,Abadhesh Shakya,RSMD,,,,,False,6,2009,GE
1795350,Ajay Kumar Singh,IND,22955,472,0.36362235661184,9,6,108,UP,Ajay Kumar Singh,IND,,,,,False,6,2009,GE
1795351,Praveen Yadav,MD,22974,332,0.255768267786294,10,6,108,UP,Praveen Yadav,MD,,,,,False,6,2009,GE
1795352,Man Singh Kashyap,LD,22979,324,0.249605176996263,11,6,108,UP,Man Singh Kashyap,LD,,,,,False,6,2009,GE
1795353,Rajvir Singh,NDPF,23282,280,0.215708177651092,12,6,108,UP,Rajvir Singh,NDPF,,,,,False,6,2009,GE
1795354,Yogendra Singh,IJP,22982,146,0.112476406918069,13,6,108,UP,Yogendra Singh,IJP,,,,,False,6,2009,GE
1795355,Ravindra Singh,RWS,23146,129,0.0993798389892531,14,6,108,UP,Ravindra Singh,RWS,,,,,False,6,2009,GE
1795356,Karuna Nidhi Pandey,KKJHS,23043,102,0.0785794075728978,15,6,108,UP,Karuna Nidhi Pandey,KKJHS,,,,,False,6,2009,GE
1795429,Mulayam Singh Yadav,SP,22952,66895,50.8629866180048,1,6,109,UP,Mulayam Singh Yadav,SP,,,,,False,6,2009,GE
1795430,Vinay Shakya,BSP,22951,48262,36.6955596107055,2,6,109,UP,Vinay Shakya,BSP,,,,,False,6,2009,GE
1795431,Tripti Shakya,BJP,22953,11244,8.5492700729927,3,6,109,UP,Tripti Shakya,BJP,,,,,False,6,2009,GE
1795432,Sachchida Nand,IND,22955,1363,1.03634428223844,4,6,109,UP,Sachchida Nand,IND,,,,,False,6,2009,GE
1795433,Sarvesh,JPS,23265,829,0.630322384428223,5,6,109,UP,Sarvesh,JPS,,,,,False,6,2009,GE
1795434,Hakim Singh Yadav,CPI,22973,790,0.60066909975669,6,6,109,UP,Hakim Singh Yadav,CPI,,,,,False,6,2009,GE
1795435,Ajay Kumar Singh,IND,22955,469,0.356599756690997,7,6,109,UP,Ajay Kumar Singh,IND,,,,,False,6,2009,GE
1795436,Rajvir Singh,NDPF,23282,390,0.296532846715328,8,6,109,UP,Rajvir Singh,NDPF,,,,,False,6,2009,GE
1795437,Abadhesh Shakya,RSMD,23062,321,0.244069343065693,9,6,109,UP,Abadhesh Shakya,RSMD,,,,,False,6,2009,GE
1795438,Genda Lal Pal,RALP,23240,286,0.217457420924574,10,6,109,UP,Genda Lal Pal,RALP,,,,,False,6,2009,GE
1795439,Man Singh Kashyap,LD,22979,195,0.148266423357664,11,6,109,UP,Man Singh Kashyap,LD,,,,,False,6,2009,GE
1795440,Praveen Yadav,MD,22974,155,0.117852798053527,12,6,109,UP,Praveen Yadav,MD,,,,,False,6,2009,GE
1795441,Ravindra Singh,RWS,23146,121,0.0920012165450121,13,6,109,UP,Ravindra Singh,RWS,,,,,False,6,2009,GE
1795442,Yogendra Singh,IJP,22982,106,0.080596107055961,14,6,109,UP,Yogendra Singh,IJP,,,,,False,6,2009,GE
1795443,Karuna Nidhi Pandey,KKJHS,23043,94,0.0714720194647201,15,6,109,UP,Karuna Nidhi Pandey,KKJHS,,,,,False,6,2009,GE
1795511,Mulayam Singh Yadav,SP,22952,84563,57.6501707764362,1,6,110,UP,Mulayam Singh Yadav,SP,,,,,False,6,2009,GE
1795512,Vinay Shakya,BSP,22951,47413,32.3234457980815,2,6,110,UP,Vinay Shakya,BSP,,,,,False,6,2009,GE
1795513,Tripti Shakya,BJP,22953,9536,6.50109419632813,3,6,110,UP,Tripti Shakya,BJP,,,,,False,6,2009,GE
1795514,Sachchida Nand,IND,22955,1676,1.14260002863317,4,6,110,UP,Sachchida Nand,IND,,,,,False,6,2009,GE
1795515,Sarvesh,JPS,23265,800,0.545393808416789,5,6,110,UP,Sarvesh,JPS,,,,,False,6,2009,GE
1795516,Hakim Singh Yadav,CPI,22973,734,0.500398819222404,6,6,110,UP,Hakim Singh Yadav,CPI,,,,,False,6,2009,GE
1795517,Ajay Kumar Singh,IND,22955,550,0.374958243286543,7,6,110,UP,Ajay Kumar Singh,IND,,,,,False,6,2009,GE
1795518,Rajvir Singh,NDPF,23282,335,0.22838365727453,8,6,110,UP,Rajvir Singh,NDPF,,,,,False,6,2009,GE
1795519,Genda Lal Pal,RALP,23240,319,0.217475781106194,9,6,110,UP,Genda Lal Pal,RALP,,,,,False,6,2009,GE
1795520,Abadhesh Shakya,RSMD,23062,205,0.139757163406802,10,6,110,UP,Abadhesh Shakya,RSMD,,,,,False,6,2009,GE
1795521,Man Singh Kashyap,LD,22979,175,0.119304895591172,11,6,110,UP,Man Singh Kashyap,LD,,,,,False,6,2009,GE
1795522,Praveen Yadav,MD,22974,120,0.0818090712625184,12,6,110,UP,Praveen Yadav,MD,,,,,False,6,2009,GE
1795523,Ravindra Singh,RWS,23146,119,0.0811273290019975,13,6,110,UP,Ravindra Singh,RWS,,,,,False,6,2009,GE
1795524,Karuna Nidhi Pandey,KKJHS,23043,73,0.049767185018032,14,6,110,UP,Karuna Nidhi Pandey,KKJHS,,,,,False,6,2009,GE
1795525,Yogendra Singh,IJP,22982,65,0.0443132469338641,15,6,110,UP,Yogendra Singh,IJP,,,,,False,6,2009,GE
1795593,Dharmendra Yadav,SP,22952,65826,46.3364329407789,1,6,111,UP,Dharmendra Yadav,SP,,,,,False,6,2009,GE
1795594,Dharam Yadav Urf D.P.Yadav,BSP,22951,37325,26.2739245816937,2,6,111,UP,Dharam Yadav Urf D.P.Yadav,BSP,,,,,False,6,2009,GE
1795595,Saleem Iqbal Shervani,INC,22954,25387,17.8704922533277,3,6,111,UP,Saleem Iqbal Shervani,INC,,,,,False,6,2009,GE
1795596,D. K. Bhardwaj,JD(U),22987,4968,3.49708927854935,4,6,111,UP,D. K. Bhardwaj,JD(U),,,,,False,6,2009,GE
1795597,Dharmendra Yadav,IND,22955,3567,2.51089320784733,5,6,111,UP,Dharmendra Yadav,IND,,,,,False,6,2009,GE
1795598,Bhagwan Singh,IND,22955,2601,1.83090362590718,6,6,111,UP,Bhagwan Singh,IND,,,,,False,6,2009,GE
1795599,Ajeet Singh Yadav,PDFO,23287,1008,0.709554346372333,7,6,111,UP,Ajeet Singh Yadav,PDFO,,,,,False,6,2009,GE
1795600,Anupam Sharma,IND,22955,715,0.50330491830974,8,6,111,UP,Anupam Sharma,IND,,,,,False,6,2009,GE
1795601,Brij Pal Singh Shakya,RSMD,23062,365,0.256931881374902,9,6,111,UP,Brij Pal Singh Shakya,RSMD,,,,,False,6,2009,GE
1795602,Javitri Devi,IJP,22982,299,0.210472965838618,10,6,111,UP,Javitri Devi,IJP,,,,,False,6,2009,GE
1795669,Dharam Yadav Urf D.P.Yadav,BSP,22951,50108,31.0126073044382,1,6,112,UP,Dharam Yadav Urf D.P.Yadav,BSP,,,,,False,6,2009,GE
1795670,Dharmendra Yadav,SP,22952,48680,30.1287962716542,2,6,112,UP,Dharmendra Yadav,SP,,,,,False,6,2009,GE
1795671,Saleem Iqbal Shervani,INC,22954,37516,23.2192259845394,3,6,112,UP,Saleem Iqbal Shervani,INC,,,,,False,6,2009,GE
1795672,D. K. Bhardwaj,JD(U),22987,18307,11.3304821969017,4,6,112,UP,D. K. Bhardwaj,JD(U),,,,,False,6,2009,GE
1795673,Bhagwan Singh,IND,22955,2506,1.55100171439535,5,6,112,UP,Bhagwan Singh,IND,,,,,False,6,2009,GE
1795674,Dharmendra Yadav,IND,22955,1878,1.16232291286291,6,6,112,UP,Dharmendra Yadav,IND,,,,,False,6,2009,GE
1795675,Ajeet Singh Yadav,PDFO,23287,869,0.537837386196951,7,6,112,UP,Ajeet Singh Yadav,PDFO,,,,,False,6,2009,GE
1795676,Anupam Sharma,IND,22955,809,0.500702468853088,8,6,112,UP,Anupam Sharma,IND,,,,,False,6,2009,GE
1795677,Brij Pal Singh Shakya,RSMD,23062,584,0.361446528813601,9,6,112,UP,Brij Pal Singh Shakya,RSMD,,,,,False,6,2009,GE
1795678,Javitri Devi,IJP,22982,316,0.195577231344345,10,6,112,UP,Javitri Devi,IJP,,,,,False,6,2009,GE
1795747,Dharmendra Yadav,SP,22952,51485,32.2915490660946,1,6,113,UP,Dharmendra Yadav,SP,,,,,False,6,2009,GE
1795748,Saleem Iqbal Shervani,INC,22954,44407,27.8522058731293,2,6,113,UP,Saleem Iqbal Shervani,INC,,,,,False,6,2009,GE
1795749,Dharam Yadav Urf D.P.Yadav,BSP,22951,44324,27.8001480199199,3,6,113,UP,Dharam Yadav Urf D.P.Yadav,BSP,,,,,False,6,2009,GE
1795750,D. K. Bhardwaj,JD(U),22987,11499,7.21220788017912,4,6,113,UP,D. K. Bhardwaj,JD(U),,,,,False,6,2009,GE
1795751,Bhagwan Singh,IND,22955,2821,1.76933980606881,5,6,113,UP,Bhagwan Singh,IND,,,,,False,6,2009,GE
1795752,Dharmendra Yadav,IND,22955,2097,1.31524479735069,6,6,113,UP,Dharmendra Yadav,IND,,,,,False,6,2009,GE
1795753,Anupam Sharma,IND,22955,1024,0.642255923932814,7,6,113,UP,Anupam Sharma,IND,,,,,False,6,2009,GE
1795754,Ajeet Singh Yadav,PDFO,23287,931,0.583926040216259,8,6,113,UP,Ajeet Singh Yadav,PDFO,,,,,False,6,2009,GE
1795755,Brij Pal Singh Shakya,RSMD,23062,444,0.278478154517743,9,6,113,UP,Brij Pal Singh Shakya,RSMD,,,,,False,6,2009,GE
1795756,Javitri Devi,IJP,22982,406,0.254644438590549,10,6,113,UP,Javitri Devi,IJP,,,,,False,6,2009,GE
1795825,Saleem Iqbal Shervani,INC,22954,38924,29.7943999632583,1,6,114,UP,Saleem Iqbal Shervani,INC,,,,,False,6,2009,GE
1795826,Dharmendra Yadav,SP,22952,36860,28.2145098819675,2,6,114,UP,Dharmendra Yadav,SP,,,,,False,6,2009,GE
1795827,Dharam Yadav Urf D.P.Yadav,BSP,22951,33817,25.8852436429325,3,6,114,UP,Dharam Yadav Urf D.P.Yadav,BSP,,,,,False,6,2009,GE
1795828,D. K. Bhardwaj,JD(U),22987,15218,11.6486275470369,4,6,114,UP,D. K. Bhardwaj,JD(U),,,,,False,6,2009,GE
1795829,Bhagwan Singh,IND,22955,2036,1.558457463909,5,6,114,UP,Bhagwan Singh,IND,,,,,False,6,2009,GE
1795830,Dharmendra Yadav,IND,22955,1565,1.1979302215214,6,6,114,UP,Dharmendra Yadav,IND,,,,,False,6,2009,GE
1795831,Anupam Sharma,IND,22955,788,0.603175089174997,7,6,114,UP,Anupam Sharma,IND,,,,,False,6,2009,GE
1795832,Ajeet Singh Yadav,PDFO,23287,688,0.526630027096951,8,6,114,UP,Ajeet Singh Yadav,PDFO,,,,,False,6,2009,GE
1795833,Brij Pal Singh Shakya,RSMD,23062,469,0.358996341146032,9,6,114,UP,Brij Pal Singh Shakya,RSMD,,,,,False,6,2009,GE
1795834,Javitri Devi,IJP,22982,277,0.212029821956185,10,6,114,UP,Javitri Devi,IJP,,,,,False,6,2009,GE
1795912,Saleem Iqbal Shervani,INC,22954,47572,33.1595382813806,1,6,115,UP,Saleem Iqbal Shervani,INC,,,,,False,6,2009,GE
1795913,Dharam Yadav Urf D.P.Yadav,BSP,22951,35567,24.7915853454525,2,6,115,UP,Dharam Yadav Urf D.P.Yadav,BSP,,,,,False,6,2009,GE
1795914,Dharmendra Yadav,SP,22952,30877,21.5224725366642,3,6,115,UP,Dharmendra Yadav,SP,,,,,False,6,2009,GE
1795915,D. K. Bhardwaj,JD(U),22987,24062,16.7721518987341,4,6,115,UP,D. K. Bhardwaj,JD(U),,,,,False,6,2009,GE
1795916,Bhagwan Singh,IND,22955,1855,1.29300730496849,5,6,115,UP,Bhagwan Singh,IND,,,,,False,6,2009,GE
1795917,Dharmendra Yadav,IND,22955,1261,0.878966151787207,6,6,115,UP,Dharmendra Yadav,IND,,,,,False,6,2009,GE
1795918,Ajeet Singh Yadav,PDFO,23287,843,0.587603858807784,7,6,115,UP,Ajeet Singh Yadav,PDFO,,,,,False,6,2009,GE
1795919,Anupam Sharma,IND,22955,792,0.552054870908381,8,6,115,UP,Anupam Sharma,IND,,,,,False,6,2009,GE
1795920,Brij Pal Singh Shakya,RSMD,23062,361,0.251631071209502,9,6,115,UP,Brij Pal Singh Shakya,RSMD,,,,,False,6,2009,GE
1795921,Javitri Devi,IJP,22982,274,0.19098868008699,10,6,115,UP,Javitri Devi,IJP,,,,,False,6,2009,GE
1795997,Dharmendra Kumar,SP,22952,40494,27.8650169967382,1,6,116,UP,Dharmendra Kumar,SP,,,,,False,6,2009,GE
1795998,Kunwar Sarvaraj Singh,BSP,22951,35996,24.7698214998417,2,6,116,UP,Kunwar Sarvaraj Singh,BSP,,,,,False,6,2009,GE
1795999,Maneka Sanjay Gandhi,BJP,22953,32527,22.3827087433423,3,6,116,UP,Maneka Sanjay Gandhi,BJP,,,,,False,6,2009,GE
1796000,Mehboob Ahmad Khan,MD,22974,26708,18.3784974057609,4,6,116,UP,Mehboob Ahmad Khan,MD,,,,,False,6,2009,GE
1796001,Tika Ram Sahu,CPI,22973,2245,1.54484524022515,5,6,116,UP,Tika Ram Sahu,CPI,,,,,False,6,2009,GE
1796002,Jagdish Saran,IND,22955,1960,1.34872902932797,6,6,116,UP,Jagdish Saran,IND,,,,,False,6,2009,GE
1796003,Deen Dayal,JKM,23119,997,0.68606267461224,7,6,116,UP,Deen Dayal,JKM,,,,,False,6,2009,GE
1796004,Wasi Ahmad,MMUP,23291,947,0.651656321823261,8,6,116,UP,Wasi Ahmad,MMUP,,,,,False,6,2009,GE
1796005,Omendra Kumar,IND,22955,872,0.600046792639793,9,6,116,UP,Omendra Kumar,IND,,,,,False,6,2009,GE
1796006,Prithvi Nath Singh Sonkar,IJP,22982,857,0.589724886803099,10,6,116,UP,Prithvi Nath Singh Sonkar,IJP,,,,,False,6,2009,GE
1796007,Ajay Pratap Singh,IND,22955,750,0.516095291834684,11,6,116,UP,Ajay Pratap Singh,IND,,,,,False,6,2009,GE
1796008,Mushtaq Ahmad,NELU,23029,492,0.338558511443552,12,6,116,UP,Mushtaq Ahmad,NELU,,,,,False,6,2009,GE
1796009,Swami Dr.Laxmi Narayanacharya,BDBP,23292,477,0.328236605606859,13,6,116,UP,Swami Dr.Laxmi Narayanacharya,BDBP,,,,,False,6,2009,GE
1796087,Maneka Sanjay Gandhi,BJP,22953,46895,31.6943768586104,1,6,117,UP,Maneka Sanjay Gandhi,BJP,,,,,False,6,2009,GE
1796088,Dharmendra Kumar,SP,22952,43806,29.6066504460665,2,6,117,UP,Dharmendra Kumar,SP,,,,,False,6,2009,GE
1796089,Kunwar Sarvaraj Singh,BSP,22951,32101,21.6957285752906,3,6,117,UP,Kunwar Sarvaraj Singh,BSP,,,,,False,6,2009,GE
1796090,Mehboob Ahmad Khan,MD,22974,14728,9.95404163287374,4,6,117,UP,Mehboob Ahmad Khan,MD,,,,,False,6,2009,GE
1796091,Tika Ram Sahu,CPI,22973,2863,1.93498242768315,5,6,117,UP,Tika Ram Sahu,CPI,,,,,False,6,2009,GE
1796092,Jagdish Saran,IND,22955,2121,1.43349553933495,6,6,117,UP,Jagdish Saran,IND,,,,,False,6,2009,GE
1796093,Deen Dayal,JKM,23119,1091,0.737361449040281,7,6,117,UP,Deen Dayal,JKM,,,,,False,6,2009,GE
1796094,Omendra Kumar,IND,22955,922,0.623141389564747,8,6,117,UP,Omendra Kumar,IND,,,,,False,6,2009,GE
1796095,Ajay Pratap Singh,IND,22955,902,0.609624222762908,9,6,117,UP,Ajay Pratap Singh,IND,,,,,False,6,2009,GE
1796096,Wasi Ahmad,MMUP,23291,876,0.592051905920519,10,6,117,UP,Wasi Ahmad,MMUP,,,,,False,6,2009,GE
1796097,Prithvi Nath Singh Sonkar,IJP,22982,715,0.48323871316572,11,6,117,UP,Prithvi Nath Singh Sonkar,IJP,,,,,False,6,2009,GE
1796098,Swami Dr.Laxmi Narayanacharya,BDBP,23292,522,0.35279805352798,12,6,117,UP,Swami Dr.Laxmi Narayanacharya,BDBP,,,,,False,6,2009,GE
1796099,Mushtaq Ahmad,NELU,23029,418,0.282508786158421,13,6,117,UP,Mushtaq Ahmad,NELU,,,,,False,6,2009,GE
1796178,Feroze Varun Gandhi,BJP,22953,66808,43.571950328707,1,6,118,UP,Feroze Varun Gandhi,BJP,,,,,False,6,2009,GE
1796179,Riyaz Ahmad,SP,22952,31020,20.2311384743817,2,6,118,UP,Riyaz Ahmad,SP,,,,,False,6,2009,GE
1796180,Ganga Charan,BSP,22951,26227,17.1051601794845,3,6,118,UP,Ganga Charan,BSP,,,,,False,6,2009,GE
1796181,V. M. Singh,INC,22954,22132,14.4344151100907,4,6,118,UP,V. M. Singh,INC,,,,,False,6,2009,GE
1796182,Viquarul Hasan Khan,IND,22955,1714,1.11786496921632,5,6,118,UP,Viquarul Hasan Khan,IND,,,,,False,6,2009,GE
1796183,Ram Narayan Singh,IND,22955,1625,1.05981947198163,6,6,118,UP,Ram Narayan Singh,IND,,,,,False,6,2009,GE
1796184,Indra Pal,AD,23110,1007,0.656761974329541,7,6,118,UP,Indra Pal,AD,,,,,False,6,2009,GE
1796185,Master Chotey Lal Gangwar,NCP,22977,873,0.56936763017844,8,6,118,UP,Master Chotey Lal Gangwar,NCP,,,,,False,6,2009,GE
1796186,Lalta Prasad,IND,22955,440,0.286966503182719,9,6,118,UP,Lalta Prasad,IND,,,,,False,6,2009,GE
1796187,Mahesh Saxena,IND,22955,422,0.275226964416153,10,6,118,UP,Mahesh Saxena,IND,,,,,False,6,2009,GE
1796188,Mahavir Singh,IND,22955,228,0.1487008243765,11,6,118,UP,Mahavir Singh,IND,,,,,False,6,2009,GE
1796189,Harish Kumar,BSRD,23078,198,0.129134926432223,12,6,118,UP,Harish Kumar,BSRD,,,,,False,6,2009,GE
1796190,Jamuna Davi,RKSP,23013,190,0.123917353647083,13,6,118,UP,Jamuna Davi,RKSP,,,,,False,6,2009,GE
1796191,Krishna Adhikari,CPI(ML)(L),23197,179,0.116743191067515,14,6,118,UP,Krishna Adhikari,CPI(ML)(L),,,,,False,6,2009,GE
1796192,Harpal Singh,RCP,23300,145,0.0945685067306688,15,6,118,UP,Harpal Singh,RCP,,,,,False,6,2009,GE
1796193,Ram Kumar Arya,ABRS,23211,120,0.0782635917771052,16,6,118,UP,Ram Kumar Arya,ABRS,,,,,False,6,2009,GE
1796275,Praveen Singh Aron,INC,22954,45485,30.6415973915738,1,6,119,UP,Praveen Singh Aron,INC,,,,,False,6,2009,GE
1796276,Islam Sabir Ansari,BSP,22951,41123,27.7030759488554,2,6,119,UP,Islam Sabir Ansari,BSP,,,,,False,6,2009,GE
1796277,Santosh Kumar Gangwar,BJP,22953,37739,25.4233976906805,3,6,119,UP,Santosh Kumar Gangwar,BJP,,,,,False,6,2009,GE
1796278,Bhagwat Saran Gangwar,SP,22952,19511,13.1438541652632,4,6,119,UP,Bhagwat Saran Gangwar,SP,,,,,False,6,2009,GE
1796279,Rakesh Agarwal Advocate,IND,22955,2360,1.58984653938912,5,6,119,UP,Rakesh Agarwal Advocate,IND,,,,,False,6,2009,GE
1796280,Nadeem Iqbal,MADP,23222,797,0.536910038937766,6,6,119,UP,Nadeem Iqbal,MADP,,,,,False,6,2009,GE
1796281,Laeek Ahmad,AD,23110,786,0.529499737271122,7,6,119,UP,Laeek Ahmad,AD,,,,,False,6,2009,GE
1796282,Ashok Kumar Sharma,IND,22955,641,0.431818488028994,8,6,119,UP,Ashok Kumar Sharma,IND,,,,,False,6,2009,GE
1796362,Islam Sabir Ansari,BSP,22951,59862,35.9566084428533,1,6,120,UP,Islam Sabir Ansari,BSP,,,,,False,6,2009,GE
1796363,Santosh Kumar Gangwar,BJP,22953,45024,27.0440402681338,2,6,120,UP,Santosh Kumar Gangwar,BJP,,,,,False,6,2009,GE
1796364,Praveen Singh Aron,INC,22954,43262,25.9856803056149,3,6,120,UP,Praveen Singh Aron,INC,,,,,False,6,2009,GE
1796365,Bhagwat Saran Gangwar,SP,22952,13747,8.25724994594075,4,6,120,UP,Bhagwat Saran Gangwar,SP,,,,,False,6,2009,GE
1796366,Rakesh Agarwal Advocate,IND,22955,2486,1.49323658729968,5,6,120,UP,Rakesh Agarwal Advocate,IND,,,,,False,6,2009,GE
1796367,Nadeem Iqbal,MADP,23222,881,0.52917998125946,6,6,120,UP,Nadeem Iqbal,MADP,,,,,False,6,2009,GE
1796368,Ashok Kumar Sharma,IND,22955,621,0.373008817664159,7,6,120,UP,Ashok Kumar Sharma,IND,,,,,False,6,2009,GE
1796369,Laeek Ahmad,AD,23110,601,0.360995651233752,8,6,120,UP,Laeek Ahmad,AD,,,,,False,6,2009,GE
1796454,Santosh Kumar Gangwar,BJP,22953,44621,29.7663838189774,1,6,121,UP,Santosh Kumar Gangwar,BJP,,,,,False,6,2009,GE
1796455,Islam Sabir Ansari,BSP,22951,41173,27.4662450635073,2,6,121,UP,Islam Sabir Ansari,BSP,,,,,False,6,2009,GE
1796456,Praveen Singh Aron,INC,22954,31861,21.254269399082,3,6,121,UP,Praveen Singh Aron,INC,,,,,False,6,2009,GE
1796457,Bhagwat Saran Gangwar,SP,22952,28056,18.7159782260646,4,6,121,UP,Bhagwat Saran Gangwar,SP,,,,,False,6,2009,GE
1796458,Rakesh Agarwal Advocate,IND,22955,2176,1.45159568790692,5,6,121,UP,Rakesh Agarwal Advocate,IND,,,,,False,6,2009,GE
1796459,Nadeem Iqbal,MADP,23222,860,0.573700501654392,6,6,121,UP,Nadeem Iqbal,MADP,,,,,False,6,2009,GE
1796460,Laeek Ahmad,AD,23110,588,0.392251040666026,7,6,121,UP,Laeek Ahmad,AD,,,,,False,6,2009,GE
1796461,Ashok Kumar Sharma,IND,22955,569,0.379576262141103,8,6,121,UP,Ashok Kumar Sharma,IND,,,,,False,6,2009,GE
1796548,Maneka Sanjay Gandhi,BJP,22953,47178,36.5075680193146,1,6,122,UP,Maneka Sanjay Gandhi,BJP,,,,,False,6,2009,GE
1796549,Dharmendra Kumar,SP,22952,40218,31.121738322964,2,6,122,UP,Dharmendra Kumar,SP,,,,,False,6,2009,GE
1796550,Kunwar Sarvaraj Singh,BSP,22951,30790,23.8261057975051,3,6,122,UP,Kunwar Sarvaraj Singh,BSP,,,,,False,6,2009,GE
1796551,Tika Ram Sahu,CPI,22973,2982,2.30754944748816,4,6,122,UP,Tika Ram Sahu,CPI,,,,,False,6,2009,GE
1796552,Jagdish Saran,IND,22955,1959,1.51592534125731,5,6,122,UP,Jagdish Saran,IND,,,,,False,6,2009,GE
1796553,Mehboob Ahmad Khan,MD,22974,1946,1.50586560188194,6,6,122,UP,Mehboob Ahmad Khan,MD,,,,,False,6,2009,GE
1796554,Deen Dayal,JKM,23119,1015,0.785433497384467,7,6,122,UP,Deen Dayal,JKM,,,,,False,6,2009,GE
1796555,Ajay Pratap Singh,IND,22955,804,0.622156189061194,8,6,122,UP,Ajay Pratap Singh,IND,,,,,False,6,2009,GE
1796556,Omendra Kumar,IND,22955,775,0.599715231993066,9,6,122,UP,Omendra Kumar,IND,,,,,False,6,2009,GE
1796557,Wasi Ahmad,MMUP,23291,538,0.416318444919057,10,6,122,UP,Wasi Ahmad,MMUP,,,,,False,6,2009,GE
1796558,Prithvi Nath Singh Sonkar,IJP,22982,380,0.294053920203051,11,6,122,UP,Prithvi Nath Singh Sonkar,IJP,,,,,False,6,2009,GE
1796559,Swami Dr.Laxmi Narayanacharya,BDBP,23292,361,0.279351224192899,12,6,122,UP,Swami Dr.Laxmi Narayanacharya,BDBP,,,,,False,6,2009,GE
1796560,Mushtaq Ahmad,NELU,23029,282,0.218218961834896,13,6,122,UP,Mushtaq Ahmad,NELU,,,,,False,6,2009,GE
1796634,Dharmendra Kumar,SP,22952,45575,30.039679400986,1,6,123,UP,Dharmendra Kumar,SP,,,,,False,6,2009,GE
1796635,Kunwar Sarvaraj Singh,BSP,22951,44733,29.484695088191,2,6,123,UP,Kunwar Sarvaraj Singh,BSP,,,,,False,6,2009,GE
1796636,Maneka Sanjay Gandhi,BJP,22953,44078,29.0529673864325,3,6,123,UP,Maneka Sanjay Gandhi,BJP,,,,,False,6,2009,GE
1796637,Mehboob Ahmad Khan,MD,22974,6857,4.51962878008911,4,6,123,UP,Mehboob Ahmad Khan,MD,,,,,False,6,2009,GE
1796638,Tika Ram Sahu,CPI,22973,3221,2.12304569063249,5,6,123,UP,Tika Ram Sahu,CPI,,,,,False,6,2009,GE
1796639,Jagdish Saran,IND,22955,2386,1.57267526167312,6,6,123,UP,Jagdish Saran,IND,,,,,False,6,2009,GE
1796640,Deen Dayal,JKM,23119,955,0.629465580426586,7,6,123,UP,Deen Dayal,JKM,,,,,False,6,2009,GE
1796641,Ajay Pratap Singh,IND,22955,879,0.57937198449735,8,6,123,UP,Ajay Pratap Singh,IND,,,,,False,6,2009,GE
1796642,Omendra Kumar,IND,22955,865,0.570144216826175,9,6,123,UP,Omendra Kumar,IND,,,,,False,6,2009,GE
1796643,Wasi Ahmad,MMUP,23291,740,0.487753434047826,10,6,123,UP,Wasi Ahmad,MMUP,,,,,False,6,2009,GE
1796644,Mushtaq Ahmad,NELU,23029,492,0.324290121015581,11,6,123,UP,Mushtaq Ahmad,NELU,,,,,False,6,2009,GE
1796645,Swami Dr.Laxmi Narayanacharya,BDBP,23292,474,0.312425848295499,12,6,123,UP,Swami Dr.Laxmi Narayanacharya,BDBP,,,,,False,6,2009,GE
1796646,Prithvi Nath Singh Sonkar,IJP,22982,461,0.303857206886551,13,6,123,UP,Prithvi Nath Singh Sonkar,IJP,,,,,False,6,2009,GE
1796739,Praveen Singh Aron,INC,22954,52006,40.2994211501057,1,6,124,UP,Praveen Singh Aron,INC,,,,,False,6,2009,GE
1796740,Santosh Kumar Gangwar,BJP,22953,45689,35.4043812815287,2,6,124,UP,Santosh Kumar Gangwar,BJP,,,,,False,6,2009,GE
1796741,Islam Sabir Ansari,BSP,22951,21710,16.8230672070298,3,6,124,UP,Islam Sabir Ansari,BSP,,,,,False,6,2009,GE
1796742,Bhagwat Saran Gangwar,SP,22952,7316,5.66916442591573,4,6,124,UP,Bhagwat Saran Gangwar,SP,,,,,False,6,2009,GE
1796743,Rakesh Agarwal Advocate,IND,22955,1289,0.998845399809374,5,6,124,UP,Rakesh Agarwal Advocate,IND,,,,,False,6,2009,GE
1796744,Nadeem Iqbal,MADP,23222,426,0.330107168594874,6,6,124,UP,Nadeem Iqbal,MADP,,,,,False,6,2009,GE
1796745,Ashok Kumar Sharma,IND,22955,352,0.272764608792009,7,6,124,UP,Ashok Kumar Sharma,IND,,,,,False,6,2009,GE
1796746,Laeek Ahmad,AD,23110,261,0.20224875822362,8,6,124,UP,Laeek Ahmad,AD,,,,,False,6,2009,GE
1796838,Praveen Singh Aron,INC,22954,48330,43.2901596173483,1,6,125,UP,Praveen Singh Aron,INC,,,,,False,6,2009,GE
1796839,Santosh Kumar Gangwar,BJP,22953,38432,34.4243205961913,2,6,125,UP,Santosh Kumar Gangwar,BJP,,,,,False,6,2009,GE
1796840,Islam Sabir Ansari,BSP,22951,18102,16.2143279410974,3,6,125,UP,Islam Sabir Ansari,BSP,,,,,False,6,2009,GE
1796841,Bhagwat Saran Gangwar,SP,22952,4898,4.3872377778972,4,6,125,UP,Bhagwat Saran Gangwar,SP,,,,,False,6,2009,GE
1796842,Rakesh Agarwal Advocate,IND,22955,909,0.814209706024614,5,6,125,UP,Rakesh Agarwal Advocate,IND,,,,,False,6,2009,GE
1796843,Nadeem Iqbal,MADP,23222,451,0.403969832142025,6,6,125,UP,Nadeem Iqbal,MADP,,,,,False,6,2009,GE
1796844,Ashok Kumar Sharma,IND,22955,283,0.253488830368499,7,6,125,UP,Ashok Kumar Sharma,IND,,,,,False,6,2009,GE
1796845,Laeek Ahmad,AD,23110,237,0.21228569893051,8,6,125,UP,Laeek Ahmad,AD,,,,,False,6,2009,GE
1796947,Maneka Sanjay Gandhi,BJP,22953,45786,35.1661687109732,1,6,126,UP,Maneka Sanjay Gandhi,BJP,,,,,False,6,2009,GE
1796948,Dharmendra Kumar,SP,22952,38717,29.7367875329303,2,6,126,UP,Dharmendra Kumar,SP,,,,,False,6,2009,GE
1796949,Kunwar Sarvaraj Singh,BSP,22951,30693,23.5739137781396,3,6,126,UP,Kunwar Sarvaraj Singh,BSP,,,,,False,6,2009,GE
1796950,Mehboob Ahmad Khan,MD,22974,5989,4.59988171952165,4,6,126,UP,Mehboob Ahmad Khan,MD,,,,,False,6,2009,GE
1796951,Tika Ram Sahu,CPI,22973,2761,2.12060000460833,5,6,126,UP,Tika Ram Sahu,CPI,,,,,False,6,2009,GE
1796952,Jagdish Saran,IND,22955,2077,1.59525034754491,6,6,126,UP,Jagdish Saran,IND,,,,,False,6,2009,GE
1796953,Omendra Kumar,IND,22955,855,0.656687071329272,7,6,126,UP,Omendra Kumar,IND,,,,,False,6,2009,GE
1796954,Deen Dayal,JKM,23119,833,0.639789860137174,8,6,126,UP,Deen Dayal,JKM,,,,,False,6,2009,GE
1796955,Ajay Pratap Singh,IND,22955,800,0.614444043349027,9,6,126,UP,Ajay Pratap Singh,IND,,,,,False,6,2009,GE
1796956,Wasi Ahmad,MMUP,23291,625,0.480034408866427,10,6,126,UP,Wasi Ahmad,MMUP,,,,,False,6,2009,GE
1796957,Swami Dr.Laxmi Narayanacharya,BDBP,23292,383,0.294165085753346,11,6,126,UP,Swami Dr.Laxmi Narayanacharya,BDBP,,,,,False,6,2009,GE
1796958,Prithvi Nath Singh Sonkar,IJP,22982,366,0.281108149832179,12,6,126,UP,Prithvi Nath Singh Sonkar,IJP,,,,,False,6,2009,GE
1796959,Mushtaq Ahmad,NELU,23029,314,0.241169287014493,13,6,126,UP,Mushtaq Ahmad,NELU,,,,,False,6,2009,GE
1797036,Feroze Varun Gandhi,BJP,22953,92781,52.8510071090047,1,6,127,UP,Feroze Varun Gandhi,BJP,,,,,False,6,2009,GE
1797037,Riyaz Ahmad,SP,22952,37799,21.5315120306234,2,6,127,UP,Riyaz Ahmad,SP,,,,,False,6,2009,GE
1797038,V. M. Singh,INC,22954,19887,11.3282674079475,3,6,127,UP,V. M. Singh,INC,,,,,False,6,2009,GE
1797039,Ganga Charan,BSP,22951,16510,9.40462085308056,4,6,127,UP,Ganga Charan,BSP,,,,,False,6,2009,GE
1797040,Ram Narayan Singh,IND,22955,2707,1.5419932555596,5,6,127,UP,Ram Narayan Singh,IND,,,,,False,6,2009,GE
1797041,Viquarul Hasan Khan,IND,22955,1768,1.00710900473933,6,6,127,UP,Viquarul Hasan Khan,IND,,,,,False,6,2009,GE
1797042,Master Chotey Lal Gangwar,NCP,22977,1203,0.685267043383157,7,6,127,UP,Master Chotey Lal Gangwar,NCP,,,,,False,6,2009,GE
1797043,Mahesh Saxena,IND,22955,571,0.325259752096244,8,6,127,UP,Mahesh Saxena,IND,,,,,False,6,2009,GE
1797044,Lalta Prasad,IND,22955,491,0.27968920889537,9,6,127,UP,Lalta Prasad,IND,,,,,False,6,2009,GE
1797045,Indra Pal,AD,23110,402,0.228991979584396,10,6,127,UP,Indra Pal,AD,,,,,False,6,2009,GE
1797046,Mahavir Singh,IND,22955,331,0.18854812249362,11,6,127,UP,Mahavir Singh,IND,,,,,False,6,2009,GE
1797047,Harish Kumar,BSRD,23078,296,0.168611009843237,12,6,127,UP,Harish Kumar,BSRD,,,,,False,6,2009,GE
1797048,Harpal Singh,RCP,23300,261,0.148673897192854,13,6,127,UP,Harpal Singh,RCP,,,,,False,6,2009,GE
1797049,Krishna Adhikari,CPI(ML)(L),23197,229,0.130445679912504,14,6,127,UP,Krishna Adhikari,CPI(ML)(L),,,,,False,6,2009,GE
1797050,Jamuna Davi,RKSP,23013,164,0.0934196135617936,15,6,127,UP,Jamuna Davi,RKSP,,,,,False,6,2009,GE
1797051,Ram Kumar Arya,ABRS,23211,152,0.0865840320816624,16,6,127,UP,Ram Kumar Arya,ABRS,,,,,False,6,2009,GE
1797128,Feroze Varun Gandhi,BJP,22953,97583,59.8220963450668,1,6,128,UP,Feroze Varun Gandhi,BJP,,,,,False,6,2009,GE
1797129,V. M. Singh,INC,22954,23419,14.3567391277693,2,6,128,UP,V. M. Singh,INC,,,,,False,6,2009,GE
1797130,Riyaz Ahmad,SP,22952,17629,10.8072485624256,3,6,128,UP,Riyaz Ahmad,SP,,,,,False,6,2009,GE
1797131,Ganga Charan,BSP,22951,13399,8.21409742401392,4,6,128,UP,Ganga Charan,BSP,,,,,False,6,2009,GE
1797132,Ram Narayan Singh,IND,22955,3485,2.13643775824229,5,6,128,UP,Ram Narayan Singh,IND,,,,,False,6,2009,GE
1797133,Viquarul Hasan Khan,IND,22955,2180,1.33642304532803,6,6,128,UP,Viquarul Hasan Khan,IND,,,,,False,6,2009,GE
1797134,Krishna Adhikari,CPI(ML)(L),23197,1366,0.837410036659678,7,6,128,UP,Krishna Adhikari,CPI(ML)(L),,,,,False,6,2009,GE
1797135,Master Chotey Lal Gangwar,NCP,22977,869,0.532730103848653,8,6,128,UP,Master Chotey Lal Gangwar,NCP,,,,,False,6,2009,GE
1797136,Mahesh Saxena,IND,22955,641,0.392957418373977,9,6,128,UP,Mahesh Saxena,IND,,,,,False,6,2009,GE
1797137,Lalta Prasad,IND,22955,567,0.347592599404126,10,6,128,UP,Lalta Prasad,IND,,,,,False,6,2009,GE
1797138,Indra Pal,AD,23110,549,0.336557913708757,11,6,128,UP,Indra Pal,AD,,,,,False,6,2009,GE
1797139,Mahavir Singh,IND,22955,419,0.256862961464425,12,6,128,UP,Mahavir Singh,IND,,,,,False,6,2009,GE
1797140,Harish Kumar,BSRD,23078,362,0.221919790095756,13,6,128,UP,Harish Kumar,BSRD,,,,,False,6,2009,GE
1797141,Jamuna Davi,RKSP,23013,261,0.160002942582852,14,6,128,UP,Jamuna Davi,RKSP,,,,,False,6,2009,GE
1797142,Harpal Singh,RCP,23300,219,0.13425534262699,15,6,128,UP,Harpal Singh,RCP,,,,,False,6,2009,GE
1797143,Ram Kumar Arya,ABRS,23211,174,0.106668628388568,16,6,128,UP,Ram Kumar Arya,ABRS,,,,,False,6,2009,GE
1797228,Feroze Varun Gandhi,BJP,22953,74397,42.6233922484173,1,6,129,UP,Feroze Varun Gandhi,BJP,,,,,False,6,2009,GE
1797229,V. M. Singh,INC,22954,44890,25.7182961413962,2,6,129,UP,V. M. Singh,INC,,,,,False,6,2009,GE
1797230,Ganga Charan,BSP,22951,23410,13.4120140937867,3,6,129,UP,Ganga Charan,BSP,,,,,False,6,2009,GE
1797231,Riyaz Ahmad,SP,22952,19554,11.2028416740668,4,6,129,UP,Riyaz Ahmad,SP,,,,,False,6,2009,GE
1797232,Ram Narayan Singh,IND,22955,3396,1.94563006674496,5,6,129,UP,Ram Narayan Singh,IND,,,,,False,6,2009,GE
1797233,Viquarul Hasan Khan,IND,22955,2547,1.45922255005872,6,6,129,UP,Viquarul Hasan Khan,IND,,,,,False,6,2009,GE
1797234,Krishna Adhikari,CPI(ML)(L),23197,1374,0.787189549972786,7,6,129,UP,Krishna Adhikari,CPI(ML)(L),,,,,False,6,2009,GE
1797235,Master Chotey Lal Gangwar,NCP,22977,925,0.52994929674296,8,6,129,UP,Master Chotey Lal Gangwar,NCP,,,,,False,6,2009,GE
1797236,Indra Pal,AD,23110,880,0.504167979604113,9,6,129,UP,Indra Pal,AD,,,,,False,6,2009,GE
1797237,Lalta Prasad,IND,22955,716,0.410209401586983,10,6,129,UP,Lalta Prasad,IND,,,,,False,6,2009,GE
1797238,Mahesh Saxena,IND,22955,683,0.391303102351829,11,6,129,UP,Mahesh Saxena,IND,,,,,False,6,2009,GE
1797239,Mahavir Singh,IND,22955,507,0.290469506431006,12,6,129,UP,Mahavir Singh,IND,,,,,False,6,2009,GE
1797240,Harish Kumar,BSRD,23078,414,0.237188117677389,13,6,129,UP,Harish Kumar,BSRD,,,,,False,6,2009,GE
1797241,Harpal Singh,RCP,23300,310,0.177604629178721,14,6,129,UP,Harpal Singh,RCP,,,,,False,6,2009,GE
1797242,Jamuna Davi,RKSP,23013,298,0.170729611275029,15,6,129,UP,Jamuna Davi,RKSP,,,,,False,6,2009,GE
1797243,Ram Kumar Arya,ABRS,23211,244,0.139792030708413,16,6,129,UP,Ram Kumar Arya,ABRS,,,,,False,6,2009,GE
1797321,Feroze Varun Gandhi,BJP,22953,87920,51.4311453257442,1,6,130,UP,Feroze Varun Gandhi,BJP,,,,,False,6,2009,GE
1797322,Ganga Charan,BSP,22951,33022,19.3170982819236,2,6,130,UP,Ganga Charan,BSP,,,,,False,6,2009,GE
1797323,V. M. Singh,INC,22954,27696,16.2015127495656,3,6,130,UP,V. M. Singh,INC,,,,,False,6,2009,GE
1797324,Riyaz Ahmad,SP,22952,11893,6.95712706277384,4,6,130,UP,Riyaz Ahmad,SP,,,,,False,6,2009,GE
1797325,Ram Narayan Singh,IND,22955,3033,1.77423411934693,5,6,130,UP,Ram Narayan Singh,IND,,,,,False,6,2009,GE
1797326,Viquarul Hasan Khan,IND,22955,2568,1.50221998631154,6,6,130,UP,Viquarul Hasan Khan,IND,,,,,False,6,2009,GE
1797327,Master Chotey Lal Gangwar,NCP,22977,1093,0.639379456790701,7,6,130,UP,Master Chotey Lal Gangwar,NCP,,,,,False,6,2009,GE
1797328,Indra Pal,AD,23110,702,0.410653594388904,8,6,130,UP,Indra Pal,AD,,,,,False,6,2009,GE
1797329,Lalta Prasad,IND,22955,626,0.366195370494948,9,6,130,UP,Lalta Prasad,IND,,,,,False,6,2009,GE
1797330,Mahesh Saxena,IND,22955,593,0.346891141698889,10,6,130,UP,Mahesh Saxena,IND,,,,,False,6,2009,GE
1797331,Mahavir Singh,IND,22955,428,0.250369997718591,11,6,130,UP,Mahavir Singh,IND,,,,,False,6,2009,GE
1797332,Krishna Adhikari,CPI(ML)(L),23197,415,0.242765301526204,12,6,130,UP,Krishna Adhikari,CPI(ML)(L),,,,,False,6,2009,GE
1797333,Harish Kumar,BSRD,23078,335,0.195967171111514,13,6,130,UP,Harish Kumar,BSRD,,,,,False,6,2009,GE
1797334,Jamuna Davi,RKSP,23013,224,0.131034765161131,14,6,130,UP,Jamuna Davi,RKSP,,,,,False,6,2009,GE
1797335,Harpal Singh,RCP,23300,212,0.124015045598928,15,6,130,UP,Harpal Singh,RCP,,,,,False,6,2009,GE
1797336,Ram Kumar Arya,ABRS,23211,187,0.109390629844337,16,6,130,UP,Ram Kumar Arya,ABRS,,,,,False,6,2009,GE
1797410,Mithlesh,SP,22952,35798,29.1526527953092,1,6,131,UP,Mithlesh,SP,,,,,False,6,2009,GE
1797411,Umed Singh,INC,22954,32540,26.4994503033511,2,6,131,UP,Umed Singh,INC,,,,,False,6,2009,GE
1797412,Sunita Singh,BSP,22951,23386,19.0447493790463,3,6,131,UP,Sunita Singh,BSP,,,,,False,6,2009,GE
1797413,Krishna Raj,BJP,22953,19395,15.7946170446679,4,6,131,UP,Krishna Raj,BJP,,,,,False,6,2009,GE
1797414,Dr Jauhari Lal,NCP,22977,3579,2.91461378720631,5,6,131,UP,Dr Jauhari Lal,NCP,,,,,False,6,2009,GE
1797415,Daulatram,PECP,22956,2439,1.98623722464269,6,6,131,UP,Daulatram,PECP,,,,,False,6,2009,GE
1797416,Sanghpal,IND,22955,1374,1.11893806751089,7,6,131,UP,Sanghpal,IND,,,,,False,6,2009,GE
1797417,Heeralal,APRD,23315,1002,0.815994136569078,8,6,131,UP,Heeralal,APRD,,,,,False,6,2009,GE
1797418,Ramprakash,ABRS,23211,749,0.609959688912415,9,6,131,UP,Ramprakash,ABRS,,,,,False,6,2009,GE
1797419,Arvind Kumar,RSMD,23062,628,0.511421474815749,10,6,131,UP,Arvind Kumar,RSMD,,,,,False,6,2009,GE
1797420,Ramsewak,AIFB,23047,460,0.374608086648479,11,6,131,UP,Ramsewak,AIFB,,,,,False,6,2009,GE
1797421,Mevaram,IND,22955,428,0.348548393664237,12,6,131,UP,Mevaram,IND,,,,,False,6,2009,GE
1797422,Malkhan Singh,IND,22955,381,0.310273219593631,13,6,131,UP,Malkhan Singh,IND,,,,,False,6,2009,GE
1797423,Mahesh Pal Singh,IND,22955,362,0.294800276884237,14,6,131,UP,Mahesh Pal Singh,IND,,,,,False,6,2009,GE
1797424,Kunwarpal,IND,22955,274,0.223136121177572,15,6,131,UP,Kunwarpal,IND,,,,,False,6,2009,GE
1797511,Mithlesh,SP,22952,46814,38.6056637693589,1,6,132,UP,Mithlesh,SP,,,,,False,6,2009,GE
1797512,Sunita Singh,BSP,22951,36043,29.7232438851412,2,6,132,UP,Sunita Singh,BSP,,,,,False,6,2009,GE
1797513,Umed Singh,INC,22954,19155,15.7963747917731,3,6,132,UP,Umed Singh,INC,,,,,False,6,2009,GE
1797514,Krishna Raj,BJP,22953,10805,8.91045834639046,4,6,132,UP,Krishna Raj,BJP,,,,,False,6,2009,GE
1797515,Daulatram,PECP,22956,1807,1.49016179841995,5,6,132,UP,Daulatram,PECP,,,,,False,6,2009,GE
1797516,Dr Jauhari Lal,NCP,22977,1333,1.09927264930481,6,6,132,UP,Dr Jauhari Lal,NCP,,,,,False,6,2009,GE
1797517,Heeralal,APRD,23315,1104,0.910425359964374,7,6,132,UP,Heeralal,APRD,,,,,False,6,2009,GE
1797518,Sanghpal,IND,22955,1089,0.89805545018225,8,6,132,UP,Sanghpal,IND,,,,,False,6,2009,GE
1797519,Arvind Kumar,RSMD,23062,928,0.765285085187445,9,6,132,UP,Arvind Kumar,RSMD,,,,,False,6,2009,GE
1797520,Ramsewak,AIFB,23047,477,0.393363131071564,10,6,132,UP,Ramsewak,AIFB,,,,,False,6,2009,GE
1797521,Kunwarpal,IND,22955,393,0.324091636291665,11,6,132,UP,Kunwarpal,IND,,,,,False,6,2009,GE
1797522,Malkhan Singh,IND,22955,376,0.310072405205258,12,6,132,UP,Malkhan Singh,IND,,,,,False,6,2009,GE
1797523,Ramprakash,ABRS,23211,326,0.268839372598175,13,6,132,UP,Ramprakash,ABRS,,,,,False,6,2009,GE
1797524,Mevaram,IND,22955,316,0.260592766076759,14,6,132,UP,Mevaram,IND,,,,,False,6,2009,GE
1797525,Mahesh Pal Singh,IND,22955,296,0.244099553033926,15,6,132,UP,Mahesh Pal Singh,IND,,,,,False,6,2009,GE
1797597,Mithlesh,SP,22952,43929,32.3580757076878,1,6,133,UP,Mithlesh,SP,,,,,False,6,2009,GE
1797598,Sunita Singh,BSP,22951,34604,25.4892861615067,2,6,133,UP,Sunita Singh,BSP,,,,,False,6,2009,GE
1797599,Krishna Raj,BJP,22953,26027,19.1714729778504,3,6,133,UP,Krishna Raj,BJP,,,,,False,6,2009,GE
1797600,Umed Singh,INC,22954,15960,11.7561266656354,4,6,133,UP,Umed Singh,INC,,,,,False,6,2009,GE
1797601,Daulatram,PECP,22956,7087,5.22028005509763,5,6,133,UP,Daulatram,PECP,,,,,False,6,2009,GE
1797602,Dr Jauhari Lal,NCP,22977,1671,1.23085762269904,6,6,133,UP,Dr Jauhari Lal,NCP,,,,,False,6,2009,GE
1797603,Heeralal,APRD,23315,1517,1.11742131276747,7,6,133,UP,Heeralal,APRD,,,,,False,6,2009,GE
1797604,Sanghpal,IND,22955,1372,1.01061439757216,8,6,133,UP,Sanghpal,IND,,,,,False,6,2009,GE
1797605,Ramsewak,AIFB,23047,694,0.511199994107204,9,6,133,UP,Ramsewak,AIFB,,,,,False,6,2009,GE
1797606,Arvind Kumar,RSMD,23062,599,0.441223049668898,10,6,133,UP,Arvind Kumar,RSMD,,,,,False,6,2009,GE
1797607,Ramprakash,ABRS,23211,571,0.420598266044976,11,6,133,UP,Ramprakash,ABRS,,,,,False,6,2009,GE
1797608,Mevaram,IND,22955,562,0.413968871308716,12,6,133,UP,Mevaram,IND,,,,,False,6,2009,GE
1797609,Mahesh Pal Singh,IND,22955,426,0.313791350849667,13,6,133,UP,Mahesh Pal Singh,IND,,,,,False,6,2009,GE
1797610,Malkhan Singh,IND,22955,385,0.283590774828924,14,6,133,UP,Malkhan Singh,IND,,,,,False,6,2009,GE
1797611,Kunwarpal,IND,22955,355,0.261492792374722,15,6,133,UP,Kunwarpal,IND,,,,,False,6,2009,GE
1797698,Mithlesh,SP,22952,52388,32.9531944872528,1,6,134,UP,Mithlesh,SP,,,,,False,6,2009,GE
1797699,Krishna Raj,BJP,22953,43529,27.3806902885323,2,6,134,UP,Krishna Raj,BJP,,,,,False,6,2009,GE
1797700,Sunita Singh,BSP,22951,40254,25.3206438667228,3,6,134,UP,Sunita Singh,BSP,,,,,False,6,2009,GE
1797701,Umed Singh,INC,22954,11978,7.53442321845298,4,6,134,UP,Umed Singh,INC,,,,,False,6,2009,GE
1797702,Daulatram,PECP,22956,2380,1.49707190348289,5,6,134,UP,Daulatram,PECP,,,,,False,6,2009,GE
1797703,Sanghpal,IND,22955,1772,1.11462664410575,6,6,134,UP,Sanghpal,IND,,,,,False,6,2009,GE
1797704,Dr Jauhari Lal,NCP,22977,1258,0.7913094346981,7,6,134,UP,Dr Jauhari Lal,NCP,,,,,False,6,2009,GE
1797705,Heeralal,APRD,23315,1125,0.707649534209351,8,6,134,UP,Heeralal,APRD,,,,,False,6,2009,GE
1797706,Arvind Kumar,RSMD,23062,862,0.542216798656409,9,6,134,UP,Arvind Kumar,RSMD,,,,,False,6,2009,GE
1797707,Mevaram,IND,22955,832,0.523346144410826,10,6,134,UP,Mevaram,IND,,,,,False,6,2009,GE
1797708,Ramsewak,AIFB,23047,624,0.39250960830812,11,6,134,UP,Ramsewak,AIFB,,,,,False,6,2009,GE
1797709,Mahesh Pal Singh,IND,22955,560,0.35225221258421,12,6,134,UP,Mahesh Pal Singh,IND,,,,,False,6,2009,GE
1797710,Malkhan Singh,IND,22955,530,0.333381558338627,13,6,134,UP,Malkhan Singh,IND,,,,,False,6,2009,GE
1797711,Kunwarpal,IND,22955,491,0.30884970781937,14,6,134,UP,Kunwarpal,IND,,,,,False,6,2009,GE
1797712,Ramprakash,ABRS,23211,394,0.247834592425319,15,6,134,UP,Ramprakash,ABRS,,,,,False,6,2009,GE
1797793,Krishna Raj,BJP,22953,43640,38.1005596347095,1,6,135,UP,Krishna Raj,BJP,,,,,False,6,2009,GE
1797794,Mithlesh,SP,22952,30102,26.281004723282,2,6,135,UP,Mithlesh,SP,,,,,False,6,2009,GE
1797795,Sunita Singh,BSP,22951,15489,13.5229048620993,3,6,135,UP,Sunita Singh,BSP,,,,,False,6,2009,GE
1797796,Umed Singh,INC,22954,10993,9.59760430944918,4,6,135,UP,Umed Singh,INC,,,,,False,6,2009,GE
1797797,Daulatram,PECP,22956,9183,8.01735653358244,5,6,135,UP,Daulatram,PECP,,,,,False,6,2009,GE
1797798,Heeralal,APRD,23315,1638,1.43008058390591,6,6,135,UP,Heeralal,APRD,,,,,False,6,2009,GE
1797799,Dr Jauhari Lal,NCP,22977,970,0.846873117453443,7,6,135,UP,Dr Jauhari Lal,NCP,,,,,False,6,2009,GE
1797800,Sanghpal,IND,22955,698,0.609399418538663,8,6,135,UP,Sanghpal,IND,,,,,False,6,2009,GE
1797801,Ramsewak,AIFB,23047,351,0.306445839408411,9,6,135,UP,Ramsewak,AIFB,,,,,False,6,2009,GE
1797802,Ramprakash,ABRS,23211,339,0.295969058573935,10,6,135,UP,Ramprakash,ABRS,,,,,False,6,2009,GE
1797803,Arvind Kumar,RSMD,23062,307,0.268030976348667,11,6,135,UP,Arvind Kumar,RSMD,,,,,False,6,2009,GE
1797804,Mevaram,IND,22955,297,0.25930032565327,12,6,135,UP,Mevaram,IND,,,,,False,6,2009,GE
1797805,Mahesh Pal Singh,IND,22955,185,0.161517037864832,13,6,135,UP,Mahesh Pal Singh,IND,,,,,False,6,2009,GE
1797806,Kunwarpal,IND,22955,182,0.158897842656213,14,6,135,UP,Kunwarpal,IND,,,,,False,6,2009,GE
1797807,Malkhan Singh,IND,22955,165,0.144055736474039,15,6,135,UP,Malkhan Singh,IND,,,,,False,6,2009,GE
1797901,Mithlesh,SP,22952,47999,34.4899689583812,1,6,136,UP,Mithlesh,SP,,,,,False,6,2009,GE
1797902,Sunita Singh,BSP,22951,36677,26.3544780409289,2,6,136,UP,Sunita Singh,BSP,,,,,False,6,2009,GE
1797903,Krishna Raj,BJP,22953,25036,17.989767762704,3,6,136,UP,Krishna Raj,BJP,,,,,False,6,2009,GE
1797904,Umed Singh,INC,22954,18054,12.9728098413428,4,6,136,UP,Umed Singh,INC,,,,,False,6,2009,GE
1797905,Daulatram,PECP,22956,2784,2.00045987583352,5,6,136,UP,Daulatram,PECP,,,,,False,6,2009,GE
1797906,Dr Jauhari Lal,NCP,22977,2205,1.58441595769142,6,6,136,UP,Dr Jauhari Lal,NCP,,,,,False,6,2009,GE
1797907,Sanghpal,IND,22955,1404,1.00885260979535,7,6,136,UP,Sanghpal,IND,,,,,False,6,2009,GE
1797908,Heeralal,APRD,23315,1096,0.787537364911473,8,6,136,UP,Heeralal,APRD,,,,,False,6,2009,GE
1797909,Arvind Kumar,RSMD,23062,967,0.694843642216601,9,6,136,UP,Arvind Kumar,RSMD,,,,,False,6,2009,GE
1797910,Ramsewak,AIFB,23047,697,0.500833524948263,10,6,136,UP,Ramsewak,AIFB,,,,,False,6,2009,GE
1797911,Mevaram,IND,22955,547,0.393050126465854,11,6,136,UP,Mevaram,IND,,,,,False,6,2009,GE
1797912,Ramprakash,ABRS,23211,450,0.323350195447229,12,6,136,UP,Ramprakash,ABRS,,,,,False,6,2009,GE
1797913,Mahesh Pal Singh,IND,22955,428,0.307541963669809,13,6,136,UP,Mahesh Pal Singh,IND,,,,,False,6,2009,GE
1797914,Malkhan Singh,IND,22955,420,0.301793515750747,14,6,136,UP,Malkhan Singh,IND,,,,,False,6,2009,GE
1797915,Kunwarpal,IND,22955,404,0.290296619912623,15,6,136,UP,Kunwarpal,IND,,,,,False,6,2009,GE
1797998,Zafar Ali Naqvi,INC,22954,45003,31.2124175526934,1,6,137,UP,Zafar Ali Naqvi,INC,,,,,False,6,2009,GE
1797999,Iliyas Azmi,BSP,22951,38974,27.0309259760165,2,6,137,UP,Iliyas Azmi,BSP,,,,,False,6,2009,GE
1798000,Ajay Kumar,BJP,22953,30681,21.2792076735814,3,6,137,UP,Ajay Kumar,BJP,,,,,False,6,2009,GE
1798001,Ravi Prakash Verma,SP,22952,22382,15.5233279928979,4,6,137,UP,Ravi Prakash Verma,SP,,,,,False,6,2009,GE
1798002,Mujeeb Khan,IND,22955,2045,1.41833641968886,5,6,137,UP,Mujeeb Khan,IND,,,,,False,6,2009,GE
1798003,Mohd. Iliyas,IND,22955,1027,0.71228924353079,6,6,137,UP,Mohd. Iliyas,IND,,,,,False,6,2009,GE
1798004,Kashinath Singh,JPS,23265,906,0.62836811551986,7,6,137,UP,Kashinath Singh,JPS,,,,,False,6,2009,GE
1798005,Ramdarash,CPI(ML)(L),23197,899,0.623513174229971,8,6,137,UP,Ramdarash,CPI(ML)(L),,,,,False,6,2009,GE
1798006,Bajrangi Lal,IND,22955,859,0.595770652573465,9,6,137,UP,Bajrangi Lal,IND,,,,,False,6,2009,GE
1798007,Arvind,IND,22955,550,0.381459672776957,10,6,137,UP,Arvind,IND,,,,,False,6,2009,GE
1798008,Anil Kishore,LD,22979,478,0.331523133795246,11,6,137,UP,Anil Kishore,LD,,,,,False,6,2009,GE
1798009,Anupam Verma,AD,23110,379,0.262860392695394,12,6,137,UP,Anupam Verma,AD,,,,,False,6,2009,GE
1798093,Ajay Kumar,BJP,22953,52560,35.7179262400358,1,6,138,UP,Ajay Kumar,BJP,,,,,False,6,2009,GE
1798094,Iliyas Azmi,BSP,22951,37211,25.2872860220314,2,6,138,UP,Iliyas Azmi,BSP,,,,,False,6,2009,GE
1798095,Zafar Ali Naqvi,INC,22954,32349,21.9832419318668,3,6,138,UP,Zafar Ali Naqvi,INC,,,,,False,6,2009,GE
1798096,Ravi Prakash Verma,SP,22952,17812,12.104408336901,4,6,138,UP,Ravi Prakash Verma,SP,,,,,False,6,2009,GE
1798097,Mujeeb Khan,IND,22955,2268,1.54125298159058,5,6,138,UP,Mujeeb Khan,IND,,,,,False,6,2009,GE
1798098,Mohd. Iliyas,IND,22955,987,0.670730464210719,6,6,138,UP,Mohd. Iliyas,IND,,,,,False,6,2009,GE
1798099,Bajrangi Lal,IND,22955,930,0.631995270228945,7,6,138,UP,Bajrangi Lal,IND,,,,,False,6,2009,GE
1798100,Kashinath Singh,JPS,23265,828,0.56267965994577,8,6,138,UP,Kashinath Singh,JPS,,,,,False,6,2009,GE
1798101,Ramdarash,CPI(ML)(L),23197,698,0.474336235075057,9,6,138,UP,Ramdarash,CPI(ML)(L),,,,,False,6,2009,GE
1798102,Anil Kishore,LD,22979,571,0.388031504624438,10,6,138,UP,Anil Kishore,LD,,,,,False,6,2009,GE
1798103,Arvind,IND,22955,534,0.36288760677662,11,6,138,UP,Arvind,IND,,,,,False,6,2009,GE
1798104,Anupam Verma,AD,23110,405,0.275223746712605,12,6,138,UP,Anupam Verma,AD,,,,,False,6,2009,GE
1798178,Ravi Prakash Verma,SP,22952,45412,30.7402794324704,1,6,139,UP,Ravi Prakash Verma,SP,,,,,False,6,2009,GE
1798179,Iliyas Azmi,BSP,22951,39828,26.9603595797682,2,6,139,UP,Iliyas Azmi,BSP,,,,,False,6,2009,GE
1798180,Zafar Ali Naqvi,INC,22954,31190,21.1131268276833,3,6,139,UP,Zafar Ali Naqvi,INC,,,,,False,6,2009,GE
1798181,Ajay Kumar,BJP,22953,25980,17.5863749593848,4,6,139,UP,Ajay Kumar,BJP,,,,,False,6,2009,GE
1798182,Mujeeb Khan,IND,22955,1616,1.09390230694248,5,6,139,UP,Mujeeb Khan,IND,,,,,False,6,2009,GE
1798183,Bajrangi Lal,IND,22955,801,0.542212715260478,6,6,139,UP,Bajrangi Lal,IND,,,,,False,6,2009,GE
1798184,Mohd. Iliyas,IND,22955,672,0.45489006823351,7,6,139,UP,Mohd. Iliyas,IND,,,,,False,6,2009,GE
1798185,Anil Kishore,LD,22979,595,0.402767247915087,8,6,139,UP,Anil Kishore,LD,,,,,False,6,2009,GE
1798186,Arvind,IND,22955,520,0.351998267085454,9,6,139,UP,Arvind,IND,,,,,False,6,2009,GE
1798187,Kashinath Singh,JPS,23265,437,0.29581392830066,10,6,139,UP,Kashinath Singh,JPS,,,,,False,6,2009,GE
1798188,Anupam Verma,AD,23110,364,0.246398786959818,11,6,139,UP,Anupam Verma,AD,,,,,False,6,2009,GE
1798189,Ramdarash,CPI(ML)(L),23197,313,0.211875879995667,12,6,139,UP,Ramdarash,CPI(ML)(L),,,,,False,6,2009,GE
1798263,Zafar Ali Naqvi,INC,22954,36211,27.3197781885397,1,6,140,UP,Zafar Ali Naqvi,INC,,,,,False,6,2009,GE
1798264,Ravi Prakash Verma,SP,22952,33995,25.6478931683579,2,6,140,UP,Ravi Prakash Verma,SP,,,,,False,6,2009,GE
1798265,Iliyas Azmi,BSP,22951,32508,24.5260100343279,3,6,140,UP,Iliyas Azmi,BSP,,,,,False,6,2009,GE
1798266,Ajay Kumar,BJP,22953,23681,17.8663850013203,4,6,140,UP,Ajay Kumar,BJP,,,,,False,6,2009,GE
1798267,Mujeeb Khan,IND,22955,1472,1.11056622279225,5,6,140,UP,Mujeeb Khan,IND,,,,,False,6,2009,GE
1798268,Kashinath Singh,JPS,23265,1274,0.961182994454713,6,6,140,UP,Kashinath Singh,JPS,,,,,False,6,2009,GE
1798269,Bajrangi Lal,IND,22955,685,0.516805613187973,7,6,140,UP,Bajrangi Lal,IND,,,,,False,6,2009,GE
1798270,Mohd. Iliyas,IND,22955,678,0.511524387943717,8,6,140,UP,Mohd. Iliyas,IND,,,,,False,6,2009,GE
1798271,Anil Kishore,LD,22979,556,0.419480176543815,9,6,140,UP,Anil Kishore,LD,,,,,False,6,2009,GE
1798272,Ramdarash,CPI(ML)(L),23197,548,0.413444490550379,10,6,140,UP,Ramdarash,CPI(ML)(L),,,,,False,6,2009,GE
1798273,Arvind,IND,22955,517,0.390056207325813,11,6,140,UP,Arvind,IND,,,,,False,6,2009,GE
1798274,Anupam Verma,AD,23110,420,0.3168735146554,12,6,140,UP,Anupam Verma,AD,,,,,False,6,2009,GE
1798348,Kuwar Jitin Prasad,INC,22954,76925,55.2661829154393,1,6,141,UP,Kuwar Jitin Prasad,INC,,,,,False,6,2009,GE
1798349,Rajesh Kumar Singh Alias Rajesh Verma,BSP,22951,32854,23.6037071628708,2,6,141,UP,Rajesh Kumar Singh Alias Rajesh Verma,BSP,,,,,False,6,2009,GE
1798350,Om Prakash,SP,22952,17495,12.5691500826208,3,6,141,UP,Om Prakash,SP,,,,,False,6,2009,GE
1798351,Raghvendra Singh,BJP,22953,4696,3.373805589482,4,6,141,UP,Raghvendra Singh,BJP,,,,,False,6,2009,GE
1798352,Ram Singh,IND,22955,3392,2.43695667792226,5,6,141,UP,Ram Singh,IND,,,,,False,6,2009,GE
1798353,Manoj,IND,22955,783,0.562540412385947,6,6,141,UP,Manoj,IND,,,,,False,6,2009,GE
1798354,Rajesh,NCP,22977,757,0.543860909548099,7,6,141,UP,Rajesh,NCP,,,,,False,6,2009,GE
1798355,Arjun Lal,CPI(ML)(L),23197,739,0.530928946044974,8,6,141,UP,Arjun Lal,CPI(ML)(L),,,,,False,6,2009,GE
1798356,Sushila,AD,23110,458,0.329046626912852,9,6,141,UP,Sushila,AD,,,,,False,6,2009,GE
1798357,Swami Dayal Gaur,RTKP,23187,437,0.313959336159206,10,6,141,UP,Swami Dayal Gaur,RTKP,,,,,False,6,2009,GE
1798358,Narendra Prasad,IND,22955,357,0.256483942811983,11,6,141,UP,Narendra Prasad,IND,,,,,False,6,2009,GE
1798359,Kapil Kumar,IND,22955,297,0.213377397801566,12,6,141,UP,Kapil Kumar,IND,,,,,False,6,2009,GE
1798427,Zafar Ali Naqvi,INC,22954,40227,29.5075112962854,1,6,142,UP,Zafar Ali Naqvi,INC,,,,,False,6,2009,GE
1798428,Ravi Prakash Verma,SP,22952,33883,24.854028519453,2,6,142,UP,Ravi Prakash Verma,SP,,,,,False,6,2009,GE
1798429,Ajay Kumar,BJP,22953,29939,21.9610058095182,3,6,142,UP,Ajay Kumar,BJP,,,,,False,6,2009,GE
1798430,Iliyas Azmi,BSP,22951,27679,20.303239246523,4,6,142,UP,Iliyas Azmi,BSP,,,,,False,6,2009,GE
1798431,Mujeeb Khan,IND,22955,1381,1.01299806349392,5,6,142,UP,Mujeeb Khan,IND,,,,,False,6,2009,GE
1798432,Mohd. Iliyas,IND,22955,601,0.440848541752244,6,6,142,UP,Mohd. Iliyas,IND,,,,,False,6,2009,GE
1798433,Bajrangi Lal,IND,22955,584,0.428378616278387,7,6,142,UP,Bajrangi Lal,IND,,,,,False,6,2009,GE
1798434,Anil Kishore,LD,22979,577,0.423243941083269,8,6,142,UP,Anil Kishore,LD,,,,,False,6,2009,GE
1798435,Arvind,IND,22955,464,0.340355612933513,9,6,142,UP,Arvind,IND,,,,,False,6,2009,GE
1798436,Anupam Verma,AD,23110,381,0.279473035619975,10,6,142,UP,Anupam Verma,AD,,,,,False,6,2009,GE
1798437,Ramdarash,CPI(ML)(L),23197,345,0.253066134616513,11,6,142,UP,Ramdarash,CPI(ML)(L),,,,,False,6,2009,GE
1798438,Kashinath Singh,JPS,23265,267,0.195851182442344,12,6,142,UP,Kashinath Singh,JPS,,,,,False,6,2009,GE
1798513,Kuwar Jitin Prasad,INC,22954,72711,51.8941718886049,1,6,143,UP,Kuwar Jitin Prasad,INC,,,,,False,6,2009,GE
1798514,Rajesh Kumar Singh Alias Rajesh Verma,BSP,22951,41390,29.5402315257575,2,6,143,UP,Rajesh Kumar Singh Alias Rajesh Verma,BSP,,,,,False,6,2009,GE
1798515,Om Prakash,SP,22952,16788,11.9816720670311,3,6,143,UP,Om Prakash,SP,,,,,False,6,2009,GE
1798516,Raghvendra Singh,BJP,22953,3899,2.78273405940876,4,6,143,UP,Raghvendra Singh,BJP,,,,,False,6,2009,GE
1798517,Ram Singh,IND,22955,2051,1.46380804202292,5,6,143,UP,Ram Singh,IND,,,,,False,6,2009,GE
1798518,Arjun Lal,CPI(ML)(L),23197,814,0.580955507658049,6,6,143,UP,Arjun Lal,CPI(ML)(L),,,,,False,6,2009,GE
1798519,Manoj,IND,22955,663,0.473186119873817,7,6,143,UP,Manoj,IND,,,,,False,6,2009,GE
1798520,Rajesh,NCP,22977,497,0.354711163766647,8,6,143,UP,Rajesh,NCP,,,,,False,6,2009,GE
1798521,Swami Dayal Gaur,RTKP,23187,448,0.319739640578386,9,6,143,UP,Swami Dayal Gaur,RTKP,,,,,False,6,2009,GE
1798522,Sushila,AD,23110,385,0.27477625362205,10,6,143,UP,Sushila,AD,,,,,False,6,2009,GE
1798523,Narendra Prasad,IND,22955,264,0.188418002483691,11,6,143,UP,Narendra Prasad,IND,,,,,False,6,2009,GE
1798524,Kapil Kumar,IND,22955,204,0.145595729191943,12,6,143,UP,Kapil Kumar,IND,,,,,False,6,2009,GE
1798590,Kuwar Jitin Prasad,INC,22954,76807,50.3487381186496,1,6,144,UP,Kuwar Jitin Prasad,INC,,,,,False,6,2009,GE
1798591,Rajesh Kumar Singh Alias Rajesh Verma,BSP,22951,45747,29.9882005899705,2,6,144,UP,Rajesh Kumar Singh Alias Rajesh Verma,BSP,,,,,False,6,2009,GE
1798592,Om Prakash,SP,22952,17818,11.6801048836447,3,6,144,UP,Om Prakash,SP,,,,,False,6,2009,GE
1798593,Raghvendra Singh,BJP,22953,5629,3.68993772533595,4,6,144,UP,Raghvendra Singh,BJP,,,,,False,6,2009,GE
1798594,Ram Singh,IND,22955,2516,1.64929531301212,5,6,144,UP,Ram Singh,IND,,,,,False,6,2009,GE
1798595,Arjun Lal,CPI(ML)(L),23197,948,0.621435594886922,6,6,144,UP,Arjun Lal,CPI(ML)(L),,,,,False,6,2009,GE
1798596,Manoj,IND,22955,814,0.533595542445099,7,6,144,UP,Manoj,IND,,,,,False,6,2009,GE
1798597,Rajesh,NCP,22977,663,0.434611602753195,8,6,144,UP,Rajesh,NCP,,,,,False,6,2009,GE
1798598,Sushila,AD,23110,527,0.34546050475254,9,6,144,UP,Sushila,AD,,,,,False,6,2009,GE
1798599,Swami Dayal Gaur,RTKP,23187,481,0.315306456899377,10,6,144,UP,Swami Dayal Gaur,RTKP,,,,,False,6,2009,GE
1798600,Narendra Prasad,IND,22955,330,0.216322517207472,11,6,144,UP,Narendra Prasad,IND,,,,,False,6,2009,GE
1798601,Kapil Kumar,IND,22955,270,0.176991150442477,12,6,144,UP,Kapil Kumar,IND,,,,,False,6,2009,GE
1798680,Kuwar Jitin Prasad,INC,22954,86158,49.1932260679905,1,6,145,UP,Kuwar Jitin Prasad,INC,,,,,False,6,2009,GE
1798681,Rajesh Kumar Singh Alias Rajesh Verma,BSP,22951,46371,26.4762307156478,2,6,145,UP,Rajesh Kumar Singh Alias Rajesh Verma,BSP,,,,,False,6,2009,GE
1798682,Om Prakash,SP,22952,30785,17.5771659567665,3,6,145,UP,Om Prakash,SP,,,,,False,6,2009,GE
1798683,Raghvendra Singh,BJP,22953,5119,2.92277123705336,4,6,145,UP,Raghvendra Singh,BJP,,,,,False,6,2009,GE
1798684,Ram Singh,IND,22955,2383,1.36061024768473,5,6,145,UP,Ram Singh,IND,,,,,False,6,2009,GE
1798685,Arjun Lal,CPI(ML)(L),23197,1113,0.635484349841842,6,6,145,UP,Arjun Lal,CPI(ML)(L),,,,,False,6,2009,GE
1798686,Manoj,IND,22955,946,0.540133149101871,7,6,145,UP,Manoj,IND,,,,,False,6,2009,GE
1798687,Rajesh,NCP,22977,699,0.399104726450537,8,6,145,UP,Rajesh,NCP,,,,,False,6,2009,GE
1798688,Sushila,AD,23110,556,0.317456692283975,9,6,145,UP,Sushila,AD,,,,,False,6,2009,GE
1798689,Swami Dayal Gaur,RTKP,23187,406,0.231811901200169,10,6,145,UP,Swami Dayal Gaur,RTKP,,,,,False,6,2009,GE
1798690,Narendra Prasad,IND,22955,351,0.200408811136106,11,6,145,UP,Narendra Prasad,IND,,,,,False,6,2009,GE
1798691,Kapil Kumar,IND,22955,255,0.14559614484247,12,6,145,UP,Kapil Kumar,IND,,,,,False,6,2009,GE
1798774,Ram Lal Rahi,INC,22954,41492,30.5465575122209,1,6,146,UP,Ram Lal Rahi,INC,,,,,False,6,2009,GE
1798775,Kaiser Jahan,BSP,22951,35284,25.9762059014076,2,6,146,UP,Kaiser Jahan,BSP,,,,,False,6,2009,GE
1798776,Mahendra Singh Verma,SP,22952,30620,22.5425525649331,3,6,146,UP,Mahendra Singh Verma,SP,,,,,False,6,2009,GE
1798777,Gyan Tiwari,BJP,22953,21132,15.5574533246952,4,6,146,UP,Gyan Tiwari,BJP,,,,,False,6,2009,GE
1798778,Jagdish Narayan Shukla,NCP,22977,1682,1.23829436362565,5,6,146,UP,Jagdish Narayan Shukla,NCP,,,,,False,6,2009,GE
1798779,Hargovind Rawat (Pasi),IND,22955,1096,0.806879085929677,6,6,146,UP,Hargovind Rawat (Pasi),IND,,,,,False,6,2009,GE
1798780,Govind,KKJHS,23043,937,0.68982272218623,7,6,146,UP,Govind,KKJHS,,,,,False,6,2009,GE
1798781,Kuldeep Kumar,PECP,22956,715,0.526385535072736,8,6,146,UP,Kuldeep Kumar,PECP,,,,,False,6,2009,GE
1798782,Dileep Kumar,IND,22955,512,0.376936215324813,9,6,146,UP,Dileep Kumar,IND,,,,,False,6,2009,GE
1798783,Hare Ram Fauji,JPS,23265,458,0.337181223864774,10,6,146,UP,Hare Ram Fauji,JPS,,,,,False,6,2009,GE
1798784,Gaya Prasad,CPI(ML)(L),23197,419,0.308469285588079,11,6,146,UP,Gaya Prasad,CPI(ML)(L),,,,,False,6,2009,GE
1798785,Munna Lal,IND,22955,407,0.299634843041404,12,6,146,UP,Munna Lal,IND,,,,,False,6,2009,GE
1798786,Dipendra Kumar Verma,IND,22955,375,0.276076329583603,13,6,146,UP,Dipendra Kumar Verma,IND,,,,,False,6,2009,GE
1798787,Ram Das,BRPP,23273,287,0.211290417574651,14,6,146,UP,Ram Das,BRPP,,,,,False,6,2009,GE
1798788,Daya Shankar Bose,RDMP,22983,230,0.169326815477943,15,6,146,UP,Daya Shankar Bose,RDMP,,,,,False,6,2009,GE
1798789,Maiku Lal,BSRD,23078,186,0.136933859473467,16,6,146,UP,Maiku Lal,BSRD,,,,,False,6,2009,GE
1798879,Kuwar Jitin Prasad,INC,22954,78778,51.6509310254392,1,6,147,UP,Kuwar Jitin Prasad,INC,,,,,False,6,2009,GE
1798880,Rajesh Kumar Singh Alias Rajesh Verma,BSP,22951,40517,26.5650406504065,2,6,147,UP,Rajesh Kumar Singh Alias Rajesh Verma,BSP,,,,,False,6,2009,GE
1798881,Om Prakash,SP,22952,20011,13.1202465250458,3,6,147,UP,Om Prakash,SP,,,,,False,6,2009,GE
1798882,Raghvendra Singh,BJP,22953,6064,3.97587201678468,4,6,147,UP,Raghvendra Singh,BJP,,,,,False,6,2009,GE
1798883,Ram Singh,IND,22955,2825,1.85221610280618,5,6,147,UP,Ram Singh,IND,,,,,False,6,2009,GE
1798884,Arjun Lal,CPI(ML)(L),23197,1277,0.837267243640178,6,6,147,UP,Arjun Lal,CPI(ML)(L),,,,,False,6,2009,GE
1798885,Manoj,IND,22955,902,0.591397849462365,7,6,147,UP,Manoj,IND,,,,,False,6,2009,GE
1798886,Rajesh,NCP,22977,673,0.441253606084447,8,6,147,UP,Rajesh,NCP,,,,,False,6,2009,GE
1798887,Sushila,AD,23110,432,0.28324154209284,9,6,147,UP,Sushila,AD,,,,,False,6,2009,GE
1798888,Swami Dayal Gaur,RTKP,23187,408,0.26750590086546,10,6,147,UP,Swami Dayal Gaur,RTKP,,,,,False,6,2009,GE
1798889,Narendra Prasad,IND,22955,379,0.248492001049042,11,6,147,UP,Narendra Prasad,IND,,,,,False,6,2009,GE
1798890,Kapil Kumar,IND,22955,254,0.166535536323105,12,6,147,UP,Kapil Kumar,IND,,,,,False,6,2009,GE
1798960,Kaiser Jahan,BSP,22951,58927,39.525508766752,1,6,148,UP,Kaiser Jahan,BSP,,,,,False,6,2009,GE
1798961,Mahendra Singh Verma,SP,22952,41117,27.5793837114148,2,6,148,UP,Mahendra Singh Verma,SP,,,,,False,6,2009,GE
1798962,Ram Lal Rahi,INC,22954,24960,16.7420146760929,3,6,148,UP,Ram Lal Rahi,INC,,,,,False,6,2009,GE
1798963,Gyan Tiwari,BJP,22953,16588,11.1264639201534,4,6,148,UP,Gyan Tiwari,BJP,,,,,False,6,2009,GE
1798964,Hargovind Rawat (Pasi),IND,22955,1281,0.859235608977368,5,6,148,UP,Hargovind Rawat (Pasi),IND,,,,,False,6,2009,GE
1798965,Govind,KKJHS,23043,1021,0.684839622768066,6,6,148,UP,Govind,KKJHS,,,,,False,6,2009,GE
1798966,Hare Ram Fauji,JPS,23265,966,0.647948164146868,7,6,148,UP,Hare Ram Fauji,JPS,,,,,False,6,2009,GE
1798967,Jagdish Narayan Shukla,NCP,22977,881,0.590934091732288,8,6,148,UP,Jagdish Narayan Shukla,NCP,,,,,False,6,2009,GE
1798968,Kuldeep Kumar,PECP,22956,761,0.510443636558764,9,6,148,UP,Kuldeep Kumar,PECP,,,,,False,6,2009,GE
1798969,Dileep Kumar,IND,22955,563,0.37763438552245,10,6,148,UP,Dileep Kumar,IND,,,,,False,6,2009,GE
1798970,Dipendra Kumar Verma,IND,22955,473,0.317266544142307,11,6,148,UP,Dipendra Kumar Verma,IND,,,,,False,6,2009,GE
1798971,Munna Lal,IND,22955,405,0.271655286210643,12,6,148,UP,Munna Lal,IND,,,,,False,6,2009,GE
1798972,Ram Das,BRPP,23273,331,0.222019505520303,13,6,148,UP,Ram Das,BRPP,,,,,False,6,2009,GE
1798973,Gaya Prasad,CPI(ML)(L),23197,310,0.207933675864937,14,6,148,UP,Gaya Prasad,CPI(ML)(L),,,,,False,6,2009,GE
1798974,Daya Shankar Bose,RDMP,22983,276,0.185128046899105,15,6,148,UP,Daya Shankar Bose,RDMP,,,,,False,6,2009,GE
1798975,Maiku Lal,BSRD,23078,226,0.15159035724347,16,6,148,UP,Maiku Lal,BSRD,,,,,False,6,2009,GE
1799051,Kaiser Jahan,BSP,22951,47027,33.0989583333333,1,6,149,UP,Kaiser Jahan,BSP,,,,,False,6,2009,GE
1799052,Mahendra Singh Verma,SP,22952,43601,30.6876407657657,2,6,149,UP,Mahendra Singh Verma,SP,,,,,False,6,2009,GE
1799053,Ram Lal Rahi,INC,22954,26841,18.8914695945945,3,6,149,UP,Ram Lal Rahi,INC,,,,,False,6,2009,GE
1799054,Gyan Tiwari,BJP,22953,17169,12.0840371621621,4,6,149,UP,Gyan Tiwari,BJP,,,,,False,6,2009,GE
1799055,Hargovind Rawat (Pasi),IND,22955,1212,0.85304054054054,5,6,149,UP,Hargovind Rawat (Pasi),IND,,,,,False,6,2009,GE
1799056,Jagdish Narayan Shukla,NCP,22977,1156,0.813626126126126,6,6,149,UP,Jagdish Narayan Shukla,NCP,,,,,False,6,2009,GE
1799057,Govind,KKJHS,23043,838,0.589808558558558,7,6,149,UP,Govind,KKJHS,,,,,False,6,2009,GE
1799058,Kuldeep Kumar,PECP,22956,763,0.537021396396396,8,6,149,UP,Kuldeep Kumar,PECP,,,,,False,6,2009,GE
1799059,Hare Ram Fauji,JPS,23265,627,0.441300675675675,9,6,149,UP,Hare Ram Fauji,JPS,,,,,False,6,2009,GE
1799060,Dileep Kumar,IND,22955,603,0.424408783783783,10,6,149,UP,Dileep Kumar,IND,,,,,False,6,2009,GE
1799061,Dipendra Kumar Verma,IND,22955,494,0.347691441441441,11,6,149,UP,Dipendra Kumar Verma,IND,,,,,False,6,2009,GE
1799062,Gaya Prasad,CPI(ML)(L),23197,463,0.325872747747747,12,6,149,UP,Gaya Prasad,CPI(ML)(L),,,,,False,6,2009,GE
1799063,Munna Lal,IND,22955,452,0.31813063063063,13,6,149,UP,Munna Lal,IND,,,,,False,6,2009,GE
1799064,Ram Das,BRPP,23273,313,0.220298423423423,14,6,149,UP,Ram Das,BRPP,,,,,False,6,2009,GE
1799065,Daya Shankar Bose,RDMP,22983,276,0.194256756756756,15,6,149,UP,Daya Shankar Bose,RDMP,,,,,False,6,2009,GE
1799066,Maiku Lal,BSRD,23078,245,0.172438063063063,16,6,149,UP,Maiku Lal,BSRD,,,,,False,6,2009,GE
1799146,Kaiser Jahan,BSP,22951,43780,33.3333333333333,1,6,150,UP,Kaiser Jahan,BSP,,,,,False,6,2009,GE
1799147,Mahendra Singh Verma,SP,22952,38030,28.9553829754834,2,6,150,UP,Mahendra Singh Verma,SP,,,,,False,6,2009,GE
1799148,Gyan Tiwari,BJP,22953,19538,14.8758946246383,3,6,150,UP,Gyan Tiwari,BJP,,,,,False,6,2009,GE
1799149,Ram Lal Rahi,INC,22954,16786,12.7805695142378,4,6,150,UP,Ram Lal Rahi,INC,,,,,False,6,2009,GE
1799150,Jagdish Narayan Shukla,NCP,22977,3790,2.88564032282625,5,6,150,UP,Jagdish Narayan Shukla,NCP,,,,,False,6,2009,GE
1799151,Hare Ram Fauji,JPS,23265,3349,2.54987056494594,6,6,150,UP,Hare Ram Fauji,JPS,,,,,False,6,2009,GE
1799152,Hargovind Rawat (Pasi),IND,22955,1345,1.0240596924014,7,6,150,UP,Hargovind Rawat (Pasi),IND,,,,,False,6,2009,GE
1799153,Govind,KKJHS,23043,965,0.734734277447845,8,6,150,UP,Govind,KKJHS,,,,,False,6,2009,GE
1799154,Kuldeep Kumar,PECP,22956,885,0.673823663773412,9,6,150,UP,Kuldeep Kumar,PECP,,,,,False,6,2009,GE
1799155,Dipendra Kumar Verma,IND,22955,528,0.402010050251256,10,6,150,UP,Dipendra Kumar Verma,IND,,,,,False,6,2009,GE
1799156,Dileep Kumar,IND,22955,492,0.374600274097761,11,6,150,UP,Dileep Kumar,IND,,,,,False,6,2009,GE
1799157,Munna Lal,IND,22955,469,0.357088472666362,12,6,150,UP,Munna Lal,IND,,,,,False,6,2009,GE
1799158,Ram Das,BRPP,23273,445,0.338815288564032,13,6,150,UP,Ram Das,BRPP,,,,,False,6,2009,GE
1799159,Gaya Prasad,CPI(ML)(L),23197,361,0.274859144205877,14,6,150,UP,Gaya Prasad,CPI(ML)(L),,,,,False,6,2009,GE
1799160,Daya Shankar Bose,RDMP,22983,316,0.240596924014009,15,6,150,UP,Daya Shankar Bose,RDMP,,,,,False,6,2009,GE
1799161,Maiku Lal,BSRD,23078,261,0.198720877112836,16,6,150,UP,Maiku Lal,BSRD,,,,,False,6,2009,GE
1799235,Mahendra Singh Verma,SP,22952,68080,46.4767002088993,1,6,151,UP,Mahendra Singh Verma,SP,,,,,False,6,2009,GE
1799236,Kaiser Jahan,BSP,22951,56054,38.2668177660053,2,6,151,UP,Kaiser Jahan,BSP,,,,,False,6,2009,GE
1799237,Ram Lal Rahi,INC,22954,7193,4.91050094892205,3,6,151,UP,Ram Lal Rahi,INC,,,,,False,6,2009,GE
1799238,Gyan Tiwari,BJP,22953,7129,4.86680957387255,4,6,151,UP,Gyan Tiwari,BJP,,,,,False,6,2009,GE
1799239,Hare Ram Fauji,JPS,23265,2020,1.37900902499965,5,6,151,UP,Hare Ram Fauji,JPS,,,,,False,6,2009,GE
1799240,Hargovind Rawat (Pasi),IND,22955,1390,0.9489220518562,6,6,151,UP,Hargovind Rawat (Pasi),IND,,,,,False,6,2009,GE
1799241,Jagdish Narayan Shukla,NCP,22977,1007,0.687456479294384,7,6,151,UP,Jagdish Narayan Shukla,NCP,,,,,False,6,2009,GE
1799242,Dileep Kumar,IND,22955,633,0.432135006348902,8,6,151,UP,Dileep Kumar,IND,,,,,False,6,2009,GE
1799243,Dipendra Kumar Verma,IND,22955,551,0.376155432066738,9,6,151,UP,Dipendra Kumar Verma,IND,,,,,False,6,2009,GE
1799244,Munna Lal,IND,22955,440,0.300378203465272,10,6,151,UP,Munna Lal,IND,,,,,False,6,2009,GE
1799245,Govind,KKJHS,23043,424,0.289455359702898,11,6,151,UP,Govind,KKJHS,,,,,False,6,2009,GE
1799246,Maiku Lal,BSRD,23078,414,0.282628582351415,12,6,151,UP,Maiku Lal,BSRD,,,,,False,6,2009,GE
1799247,Kuldeep Kumar,PECP,22956,365,0.249177373329146,13,6,151,UP,Kuldeep Kumar,PECP,,,,,False,6,2009,GE
1799248,Ram Das,BRPP,23273,350,0.238937207301921,14,6,151,UP,Ram Das,BRPP,,,,,False,6,2009,GE
1799249,Daya Shankar Bose,RDMP,22983,219,0.149506423997487,15,6,151,UP,Daya Shankar Bose,RDMP,,,,,False,6,2009,GE
1799250,Gaya Prasad,CPI(ML)(L),23197,213,0.145410357586597,16,6,151,UP,Gaya Prasad,CPI(ML)(L),,,,,False,6,2009,GE
1799315,Sushila Saroj,SP,22952,56742,41.6963052232444,1,6,152,UP,Sushila Saroj,SP,,,,,False,6,2009,GE
1799316,Jai Prakash,BSP,22951,36990,27.181740689574,2,6,152,UP,Jai Prakash,BSP,,,,,False,6,2009,GE
1799317,R.K Chaudhary,RSBP,22959,26470,19.4512213044884,3,6,152,UP,R.K Chaudhary,RSBP,,,,,False,6,2009,GE
1799318,Ranjan Kumar Chaudhary,BJP,22953,11625,8.54251785661797,4,6,152,UP,Ranjan Kumar Chaudhary,BJP,,,,,False,6,2009,GE
1799319,Ram Dhan,IND,22955,1713,1.25878134093648,5,6,152,UP,Ram Dhan,IND,,,,,False,6,2009,GE
1799320,Jaipal Pathik,RCP,23300,1598,1.17427471267746,6,6,152,UP,Jaipal Pathik,RCP,,,,,False,6,2009,GE
1799321,Sattideen,UPRP,23087,946,0.695158872461126,7,6,152,UP,Sattideen,UPRP,,,,,False,6,2009,GE
1799400,Ashok Kumar Rawat,BSP,22951,32781,28.7487064353743,1,6,153,UP,Ashok Kumar Rawat,BSP,,,,,False,6,2009,GE
1799401,Shyam Prakash,SP,22952,32526,28.5250732289127,2,6,153,UP,Shyam Prakash,SP,,,,,False,6,2009,GE
1799402,Om Prakash,INC,22954,29619,25.9756546752495,3,6,153,UP,Om Prakash,INC,,,,,False,6,2009,GE
1799403,Anil Kumar Alias Anil Bhargav,BJP,22953,12704,11.1413186466244,4,6,153,UP,Anil Kumar Alias Anil Bhargav,BJP,,,,,False,6,2009,GE
1799404,Saheb Lal,IND,22955,2803,2.45821128514549,5,6,153,UP,Saheb Lal,IND,,,,,False,6,2009,GE
1799405,Rakesh Kumar,IND,22955,696,0.61038710469542,6,6,153,UP,Rakesh Kumar,IND,,,,,False,6,2009,GE
1799406,Ram Autar,RPI(A),23009,686,0.601617175030256,7,6,153,UP,Ram Autar,RPI(A),,,,,False,6,2009,GE
1799407,Sanjaykumar,IND,22955,575,0.504270955746934,8,6,153,UP,Sanjaykumar,IND,,,,,False,6,2009,GE
1799408,Shiv Pal,IND,22955,419,0.367460052970375,9,6,153,UP,Shiv Pal,IND,,,,,False,6,2009,GE
1799409,Ram Sagar,IND,22955,322,0.282391735218283,10,6,153,UP,Ram Sagar,IND,,,,,False,6,2009,GE
1799410,Ram Dayal,IND,22955,320,0.28063774928525,11,6,153,UP,Ram Dayal,IND,,,,,False,6,2009,GE
1799411,Vishambhar Dayal,RCP,23300,293,0.256958939189307,12,6,153,UP,Vishambhar Dayal,RCP,,,,,False,6,2009,GE
1799412,Uday Pratap,IND,22955,282,0.247312016557627,13,6,153,UP,Uday Pratap,IND,,,,,False,6,2009,GE
1799487,Usha Verma,SP,22952,59495,47.4177094126085,1,6,154,UP,Usha Verma,SP,,,,,False,6,2009,GE
1799488,Ram Kumar Kuril,BSP,22951,43255,34.474376344943,2,6,154,UP,Ram Kumar Kuril,BSP,,,,,False,6,2009,GE
1799489,Purnima Verma,BJP,22953,17026,13.5697776360883,3,6,154,UP,Purnima Verma,BJP,,,,,False,6,2009,GE
1799490,Shiv Kumar,IND,22955,2630,2.09611859408623,4,6,154,UP,Shiv Kumar,IND,,,,,False,6,2009,GE
1799491,Balakram,RJPK,23268,706,0.562684307005658,5,6,154,UP,Balakram,RJPK,,,,,False,6,2009,GE
1799492,Jagannath,IND,22955,553,0.440742807045508,6,6,154,UP,Jagannath,IND,,,,,False,6,2009,GE
1799493,Haribakhsh,NBNP,23061,480,0.38256156850243,7,6,154,UP,Haribakhsh,NBNP,,,,,False,6,2009,GE
1799494,Rajendra Kumar,IND,22955,446,0.355463457400175,8,6,154,UP,Rajendra Kumar,IND,,,,,False,6,2009,GE
1799495,Bhaiya Lal Alias Chaman Babu,RSMD,23062,429,0.341914401849047,9,6,154,UP,Bhaiya Lal Alias Chaman Babu,RSMD,,,,,False,6,2009,GE
1799496,Shantiswaroop,RPI,23181,232,0.184904758109508,10,6,154,UP,Shantiswaroop,RPI,,,,,False,6,2009,GE
1799497,Usha,IND,22955,218,0.17374671236152,11,6,154,UP,Usha,IND,,,,,False,6,2009,GE
1799591,Usha Verma,SP,22952,68239,53.0712396951314,1,6,155,UP,Usha Verma,SP,,,,,False,6,2009,GE
1799592,Ram Kumar Kuril,BSP,22951,48947,38.0673510654845,2,6,155,UP,Ram Kumar Kuril,BSP,,,,,False,6,2009,GE
1799593,Purnima Verma,BJP,22953,5869,4.5644734795458,3,6,155,UP,Purnima Verma,BJP,,,,,False,6,2009,GE
1799594,Shiv Kumar,IND,22955,2933,2.28107015087883,4,6,155,UP,Shiv Kumar,IND,,,,,False,6,2009,GE
1799595,Balakram,RJPK,23268,713,0.554518587649712,5,6,155,UP,Balakram,RJPK,,,,,False,6,2009,GE
1799596,Jagannath,IND,22955,487,0.37875252760927,6,6,155,UP,Jagannath,IND,,,,,False,6,2009,GE
1799597,Rajendra Kumar,IND,22955,402,0.312645823611759,7,6,155,UP,Rajendra Kumar,IND,,,,,False,6,2009,GE
1799598,Haribakhsh,NBNP,23061,331,0.257427282625602,8,6,155,UP,Haribakhsh,NBNP,,,,,False,6,2009,GE
1799599,Usha,IND,22955,247,0.192098304557473,9,6,155,UP,Usha,IND,,,,,False,6,2009,GE
1799600,Bhaiya Lal Alias Chaman Babu,RSMD,23062,227,0.176543785969824,10,6,155,UP,Bhaiya Lal Alias Chaman Babu,RSMD,,,,,False,6,2009,GE
1799601,Shantiswaroop,RPI,23181,185,0.143879296935759,11,6,155,UP,Shantiswaroop,RPI,,,,,False,6,2009,GE
1799685,Usha Verma,SP,22952,54211,52.3615886875555,1,6,156,UP,Usha Verma,SP,,,,,False,6,2009,GE
1799686,Ram Kumar Kuril,BSP,22951,29488,28.4820152223467,2,6,156,UP,Ram Kumar Kuril,BSP,,,,,False,6,2009,GE
1799687,Purnima Verma,BJP,22953,15660,15.1257582196808,3,6,156,UP,Purnima Verma,BJP,,,,,False,6,2009,GE
1799688,Shiv Kumar,IND,22955,2144,2.0708573194761,4,6,156,UP,Shiv Kumar,IND,,,,,False,6,2009,GE
1799689,Balakram,RJPK,23268,520,0.502260170768458,5,6,156,UP,Balakram,RJPK,,,,,False,6,2009,GE
1799690,Rajendra Kumar,IND,22955,337,0.325503226055712,6,6,156,UP,Rajendra Kumar,IND,,,,,False,6,2009,GE
1799691,Jagannath,IND,22955,326,0.314878491674071,7,6,156,UP,Jagannath,IND,,,,,False,6,2009,GE
1799692,Haribakhsh,NBNP,23061,313,0.30232198740486,8,6,156,UP,Haribakhsh,NBNP,,,,,False,6,2009,GE
1799693,Usha,IND,22955,194,0.187381679094386,9,6,156,UP,Usha,IND,,,,,False,6,2009,GE
1799694,Bhaiya Lal Alias Chaman Babu,RSMD,23062,178,0.171927519993818,10,6,156,UP,Bhaiya Lal Alias Chaman Babu,RSMD,,,,,False,6,2009,GE
1799695,Shantiswaroop,RPI,23181,161,0.155507475949464,11,6,156,UP,Shantiswaroop,RPI,,,,,False,6,2009,GE
1799773,Usha Verma,SP,22952,62889,53.6765019673446,1,6,157,UP,Usha Verma,SP,,,,,False,6,2009,GE
1799774,Ram Kumar Kuril,BSP,22951,42387,36.1778035728002,2,6,157,UP,Ram Kumar Kuril,BSP,,,,,False,6,2009,GE
1799775,Purnima Verma,BJP,22953,6373,5.43943053694425,3,6,157,UP,Purnima Verma,BJP,,,,,False,6,2009,GE
1799776,Shiv Kumar,IND,22955,3026,2.58272662871384,4,6,157,UP,Shiv Kumar,IND,,,,,False,6,2009,GE
1799777,Balakram,RJPK,23268,649,0.553929141452506,5,6,157,UP,Balakram,RJPK,,,,,False,6,2009,GE
1799778,Jagannath,IND,22955,465,0.39688297500064,6,6,157,UP,Jagannath,IND,,,,,False,6,2009,GE
1799779,Rajendra Kumar,IND,22955,371,0.316652868226317,7,6,157,UP,Rajendra Kumar,IND,,,,,False,6,2009,GE
1799780,Haribakhsh,NBNP,23061,354,0.302143168065003,8,6,157,UP,Haribakhsh,NBNP,,,,,False,6,2009,GE
1799781,Usha,IND,22955,239,0.203989314032587,9,6,157,UP,Usha,IND,,,,,False,6,2009,GE
1799782,Bhaiya Lal Alias Chaman Babu,RSMD,23062,212,0.180944496129324,10,6,157,UP,Bhaiya Lal Alias Chaman Babu,RSMD,,,,,False,6,2009,GE
1799783,Shantiswaroop,RPI,23181,198,0.168995331290595,11,6,157,UP,Shantiswaroop,RPI,,,,,False,6,2009,GE
1799861,Usha Verma,SP,22952,48968,49.30226938644,1,6,158,UP,Usha Verma,SP,,,,,False,6,2009,GE
1799862,Ram Kumar Kuril,BSP,22951,36858,37.1096031090795,2,6,158,UP,Ram Kumar Kuril,BSP,,,,,False,6,2009,GE
1799863,Purnima Verma,BJP,22953,9051,9.11278468013129,3,6,158,UP,Purnima Verma,BJP,,,,,False,6,2009,GE
1799864,Shiv Kumar,IND,22955,2267,2.28247518173214,4,6,158,UP,Shiv Kumar,IND,,,,,False,6,2009,GE
1799865,Balakram,RJPK,23268,659,0.663498519965365,5,6,158,UP,Balakram,RJPK,,,,,False,6,2009,GE
1799866,Jagannath,IND,22955,372,0.374539376975896,6,6,158,UP,Jagannath,IND,,,,,False,6,2009,GE
1799867,Rajendra Kumar,IND,22955,325,0.327218541712812,7,6,158,UP,Rajendra Kumar,IND,,,,,False,6,2009,GE
1799868,Haribakhsh,NBNP,23061,285,0.286945490425082,8,6,158,UP,Haribakhsh,NBNP,,,,,False,6,2009,GE
1799869,Usha,IND,22955,220,0.221501782082519,9,6,158,UP,Usha,IND,,,,,False,6,2009,GE
1799870,Bhaiya Lal Alias Chaman Babu,RSMD,23062,170,0.171160467972855,10,6,158,UP,Bhaiya Lal Alias Chaman Babu,RSMD,,,,,False,6,2009,GE
1799871,Shantiswaroop,RPI,23181,147,0.14800346348241,11,6,158,UP,Shantiswaroop,RPI,,,,,False,6,2009,GE
1799958,Shyam Prakash,SP,22952,46524,38.5927947507693,1,6,159,UP,Shyam Prakash,SP,,,,,False,6,2009,GE
1799959,Ashok Kumar Rawat,BSP,22951,35087,29.1055238032036,2,6,159,UP,Ashok Kumar Rawat,BSP,,,,,False,6,2009,GE
1799960,Om Prakash,INC,22954,19863,16.4768438254348,3,6,159,UP,Om Prakash,INC,,,,,False,6,2009,GE
1799961,Anil Kumar Alias Anil Bhargav,BJP,22953,14302,11.8638584499506,4,6,159,UP,Anil Kumar Alias Anil Bhargav,BJP,,,,,False,6,2009,GE
1799962,Saheb Lal,IND,22955,2323,1.92698525935081,5,6,159,UP,Saheb Lal,IND,,,,,False,6,2009,GE
1799963,Sanjaykumar,IND,22955,526,0.436329852095793,6,6,159,UP,Sanjaykumar,IND,,,,,False,6,2009,GE
1799964,Ram Autar,RPI(A),23009,495,0.410614594652885,7,6,159,UP,Ram Autar,RPI(A),,,,,False,6,2009,GE
1799965,Shiv Pal,IND,22955,326,0.270424965367354,8,6,159,UP,Shiv Pal,IND,,,,,False,6,2009,GE
1799966,Rakesh Kumar,IND,22955,304,0.252175427827226,9,6,159,UP,Rakesh Kumar,IND,,,,,False,6,2009,GE
1799967,Ram Sagar,IND,22955,272,0.225630645950676,10,6,159,UP,Ram Sagar,IND,,,,,False,6,2009,GE
1799968,Ram Dayal,IND,22955,182,0.150973446922879,11,6,159,UP,Ram Dayal,IND,,,,,False,6,2009,GE
1799969,Vishambhar Dayal,RCP,23300,174,0.144337251453741,12,6,159,UP,Vishambhar Dayal,RCP,,,,,False,6,2009,GE
1799970,Uday Pratap,IND,22955,173,0.143507727020099,13,6,159,UP,Uday Pratap,IND,,,,,False,6,2009,GE
1800056,Ashok Kumar Rawat,BSP,22951,55584,46.4741392284409,1,6,160,UP,Ashok Kumar Rawat,BSP,,,,,False,6,2009,GE
1800057,Shyam Prakash,SP,22952,29784,24.9025936021136,2,6,160,UP,Shyam Prakash,SP,,,,,False,6,2009,GE
1800058,Om Prakash,INC,22954,20105,16.8099195665624,3,6,160,UP,Om Prakash,INC,,,,,False,6,2009,GE
1800059,Anil Kumar Alias Anil Bhargav,BJP,22953,7896,6.6018962893597,4,6,160,UP,Anil Kumar Alias Anil Bhargav,BJP,,,,,False,6,2009,GE
1800060,Saheb Lal,IND,22955,2401,2.00749151351984,5,6,160,UP,Saheb Lal,IND,,,,,False,6,2009,GE
1800061,Vishambhar Dayal,RCP,23300,1183,0.989113894416481,6,6,160,UP,Vishambhar Dayal,RCP,,,,,False,6,2009,GE
1800062,Sanjaykumar,IND,22955,670,0.56019130114881,7,6,160,UP,Sanjaykumar,IND,,,,,False,6,2009,GE
1800063,Ram Autar,RPI(A),23009,471,0.393806123643417,8,6,160,UP,Ram Autar,RPI(A),,,,,False,6,2009,GE
1800064,Rakesh Kumar,IND,22955,420,0.351164696242537,9,6,160,UP,Rakesh Kumar,IND,,,,,False,6,2009,GE
1800065,Shiv Pal,IND,22955,339,0.283440076252905,10,6,160,UP,Shiv Pal,IND,,,,,False,6,2009,GE
1800066,Ram Sagar,IND,22955,274,0.229093158977274,11,6,160,UP,Ram Sagar,IND,,,,,False,6,2009,GE
1800067,Ram Dayal,IND,22955,249,0.208190498486647,12,6,160,UP,Ram Dayal,IND,,,,,False,6,2009,GE
1800068,Uday Pratap,IND,22955,226,0.18896005083527,13,6,160,UP,Uday Pratap,IND,,,,,False,6,2009,GE
1800149,Ashok Kumar Rawat,BSP,22951,42228,36.5189867944271,1,6,161,UP,Ashok Kumar Rawat,BSP,,,,,False,6,2009,GE
1800150,Shyam Prakash,SP,22952,35053,30.3140107062862,2,6,161,UP,Shyam Prakash,SP,,,,,False,6,2009,GE
1800151,Om Prakash,INC,22954,23849,20.6247351534596,3,6,161,UP,Om Prakash,INC,,,,,False,6,2009,GE
1800152,Anil Kumar Alias Anil Bhargav,BJP,22953,9161,7.92247887713714,4,6,161,UP,Anil Kumar Alias Anil Bhargav,BJP,,,,,False,6,2009,GE
1800153,Saheb Lal,IND,22955,2276,1.96829624761097,5,6,161,UP,Saheb Lal,IND,,,,,False,6,2009,GE
1800154,Ram Sagar,IND,22955,574,0.496398087051274,6,6,161,UP,Ram Sagar,IND,,,,,False,6,2009,GE
1800155,Sanjaykumar,IND,22955,548,0.473913156278916,7,6,161,UP,Sanjaykumar,IND,,,,,False,6,2009,GE
1800156,Ram Autar,RPI(A),23009,498,0.430672904793614,8,6,161,UP,Ram Autar,RPI(A),,,,,False,6,2009,GE
1800157,Rakesh Kumar,IND,22955,362,0.313059420753591,9,6,161,UP,Rakesh Kumar,IND,,,,,False,6,2009,GE
1800158,Shiv Pal,IND,22955,353,0.305276175486236,10,6,161,UP,Shiv Pal,IND,,,,,False,6,2009,GE
1800159,Vishambhar Dayal,RCP,23300,275,0.237821383169164,11,6,161,UP,Vishambhar Dayal,RCP,,,,,False,6,2009,GE
1800160,Ram Dayal,IND,22955,250,0.216201257426513,12,6,161,UP,Ram Dayal,IND,,,,,False,6,2009,GE
1800161,Uday Pratap,IND,22955,206,0.178149836119446,13,6,161,UP,Uday Pratap,IND,,,,,False,6,2009,GE
1800248,Annu Tandon,INC,22954,63071,44.957267394202,1,6,162,UP,Annu Tandon,INC,,,,,False,6,2009,GE
1800249,Arun Shankar Shukla,BSP,22951,31499,22.4526163474492,2,6,162,UP,Arun Shankar Shukla,BSP,,,,,False,6,2009,GE
1800250,Deepakkumar,SP,22952,30483,21.7284073817992,3,6,162,UP,Deepakkumar,SP,,,,,False,6,2009,GE
1800251,Rameshkumarsingh,BJP,22953,6499,4.63251384621964,4,6,162,UP,Rameshkumarsingh,BJP,,,,,False,6,2009,GE
1800252,Chandrashekhartiwari,IND,22955,2433,1.73425237541966,5,6,162,UP,Chandrashekhartiwari,IND,,,,,False,6,2009,GE
1800253,Abhichhedilalyadav,IND,22955,965,0.687855956547462,6,6,162,UP,Abhichhedilalyadav,IND,,,,,False,6,2009,GE
1800254,Krishnapalsinghvais,IND,22955,606,0.431959284629805,7,6,162,UP,Krishnapalsinghvais,IND,,,,,False,6,2009,GE
1800255,Ashokkumar,IND,22955,525,0.374222152525821,8,6,162,UP,Ashokkumar,IND,,,,,False,6,2009,GE
1800256,Umeshchandra,AD,23110,515,0.367094111525329,9,6,162,UP,Umeshchandra,AD,,,,,False,6,2009,GE
1800257,Ramashrey,IND,22955,480,0.342145968023608,10,6,162,UP,Ramashrey,IND,,,,,False,6,2009,GE
1800258,Sunilkumar,IND,22955,410,0.292249681020165,11,6,162,UP,Sunilkumar,IND,,,,,False,6,2009,GE
1800259,Shivshankerkushwaha,ABAS,23368,394,0.280844815419378,12,6,162,UP,Shivshankerkushwaha,ABAS,,,,,False,6,2009,GE
1800260,Lala,IND,22955,384,0.273716774418886,13,6,162,UP,Lala,IND,,,,,False,6,2009,GE
1800261,Ramsevak,ASP,22961,364,0.259460692417902,14,6,162,UP,Ramsevak,ASP,,,,,False,6,2009,GE
1800262,Rajkishoresingh,RCP,23300,307,0.218830858715099,15,6,162,UP,Rajkishoresingh,RCP,,,,,False,6,2009,GE
1800263,Rashidqamar,MUL,23057,272,0.193882715213377,16,6,162,UP,Rashidqamar,MUL,,,,,False,6,2009,GE
1800264,Ramaotar,BVVP,23369,264,0.188180282412984,17,6,162,UP,Ramaotar,BVVP,,,,,False,6,2009,GE
1800265,Chhedilal,RPI(A),23009,253,0.180339437312443,18,6,162,UP,Chhedilal,RPI(A),,,,,False,6,2009,GE
1800266,Rajukashyap,VAJP,22957,203,0.144699232309984,19,6,162,UP,Rajukashyap,VAJP,,,,,False,6,2009,GE
1800267,Vasudevvisharad,IND,22955,190,0.135432779009344,20,6,162,UP,Vasudevvisharad,IND,,,,,False,6,2009,GE
1800268,Javedraza,JD(U),22987,174,0.124027913408557,21,6,162,UP,Javedraza,JD(U),,,,,False,6,2009,GE
1800350,Annu Tandon,INC,22954,71712,52.5347242571646,1,6,163,UP,Annu Tandon,INC,,,,,False,6,2009,GE
1800351,Arun Shankar Shukla,BSP,22951,30525,22.3619820664595,2,6,163,UP,Arun Shankar Shukla,BSP,,,,,False,6,2009,GE
1800352,Deepakkumar,SP,22952,17350,12.7102502490769,3,6,163,UP,Deepakkumar,SP,,,,,False,6,2009,GE
1800353,Rameshkumarsingh,BJP,22953,7535,5.51998476235128,4,6,163,UP,Rameshkumarsingh,BJP,,,,,False,6,2009,GE
1800354,Chandrashekhartiwari,IND,22955,2651,1.94206763171775,5,6,163,UP,Chandrashekhartiwari,IND,,,,,False,6,2009,GE
1800355,Abhichhedilalyadav,IND,22955,1207,0.884223172947312,6,6,163,UP,Abhichhedilalyadav,IND,,,,,False,6,2009,GE
1800356,Krishnapalsinghvais,IND,22955,636,0.465920412588642,7,6,163,UP,Krishnapalsinghvais,IND,,,,,False,6,2009,GE
1800357,Rajkishoresingh,RCP,23300,531,0.388999589755611,8,6,163,UP,Rajkishoresingh,RCP,,,,,False,6,2009,GE
1800358,Ramashrey,IND,22955,490,0.358963839887475,9,6,163,UP,Ramashrey,IND,,,,,False,6,2009,GE
1800359,Ashokkumar,IND,22955,471,0.345044833851022,10,6,163,UP,Ashokkumar,IND,,,,,False,6,2009,GE
1800360,Umeshchandra,AD,23110,440,0.322334876633651,11,6,163,UP,Umeshchandra,AD,,,,,False,6,2009,GE
1800361,Ramsevak,ASP,22961,439,0.321602297368575,12,6,163,UP,Ramsevak,ASP,,,,,False,6,2009,GE
1800362,Sunilkumar,IND,22955,422,0.309148449862275,13,6,163,UP,Sunilkumar,IND,,,,,False,6,2009,GE
1800363,Shivshankerkushwaha,ABAS,23368,388,0.284240754849674,14,6,163,UP,Shivshankerkushwaha,ABAS,,,,,False,6,2009,GE
1800364,Chhedilal,RPI(A),23009,293,0.214645724667409,15,6,163,UP,Chhedilal,RPI(A),,,,,False,6,2009,GE
1800365,Lala,IND,22955,277,0.202924456426185,16,6,163,UP,Lala,IND,,,,,False,6,2009,GE
1800366,Ramaotar,BVVP,23369,257,0.188272871124655,17,6,163,UP,Ramaotar,BVVP,,,,,False,6,2009,GE
1800367,Rajukashyap,VAJP,22957,235,0.172156127292973,18,6,163,UP,Rajukashyap,VAJP,,,,,False,6,2009,GE
1800368,Javedraza,JD(U),22987,230,0.16849323096759,19,6,163,UP,Javedraza,JD(U),,,,,False,6,2009,GE
1800369,Vasudevvisharad,IND,22955,208,0.152376487135908,20,6,163,UP,Vasudevvisharad,IND,,,,,False,6,2009,GE
1800370,Rashidqamar,MUL,23057,207,0.151643907870831,21,6,163,UP,Rashidqamar,MUL,,,,,False,6,2009,GE
1800439,Annu Tandon,INC,22954,74522,51.3279334380251,1,6,164,UP,Annu Tandon,INC,,,,,False,6,2009,GE
1800440,Arun Shankar Shukla,BSP,22951,30487,20.9982918698515,2,6,164,UP,Arun Shankar Shukla,BSP,,,,,False,6,2009,GE
1800441,Deepakkumar,SP,22952,16249,11.1916962834394,3,6,164,UP,Deepakkumar,SP,,,,,False,6,2009,GE
1800442,Rameshkumarsingh,BJP,22953,12501,8.61021572030746,4,6,164,UP,Rameshkumarsingh,BJP,,,,,False,6,2009,GE
1800443,Chandrashekhartiwari,IND,22955,2721,1.87412182825026,5,6,164,UP,Chandrashekhartiwari,IND,,,,,False,6,2009,GE
1800444,Rajkishoresingh,RCP,23300,1766,1.21635396864754,6,6,164,UP,Rajkishoresingh,RCP,,,,,False,6,2009,GE
1800445,Abhichhedilalyadav,IND,22955,1285,0.885059371297903,7,6,164,UP,Abhichhedilalyadav,IND,,,,,False,6,2009,GE
1800446,Krishnapalsinghvais,IND,22955,743,0.511750282392484,8,6,164,UP,Krishnapalsinghvais,IND,,,,,False,6,2009,GE
1800447,Shivshankerkushwaha,ABAS,23368,558,0.384329283411852,9,6,164,UP,Shivshankerkushwaha,ABAS,,,,,False,6,2009,GE
1800448,Umeshchandra,AD,23110,522,0.359533845772377,10,6,164,UP,Umeshchandra,AD,,,,,False,6,2009,GE
1800449,Ashokkumar,IND,22955,520,0.358156321459073,11,6,164,UP,Ashokkumar,IND,,,,,False,6,2009,GE
1800450,Ramashrey,IND,22955,513,0.353334986362509,12,6,164,UP,Ramashrey,IND,,,,,False,6,2009,GE
1800451,Ramsevak,ASP,22961,501,0.345069840482684,13,6,164,UP,Ramsevak,ASP,,,,,False,6,2009,GE
1800452,Sunilkumar,IND,22955,474,0.326473262253078,14,6,164,UP,Sunilkumar,IND,,,,,False,6,2009,GE
1800453,Lala,IND,22955,320,0.22040389012866,15,6,164,UP,Lala,IND,,,,,False,6,2009,GE
1800454,Ramaotar,BVVP,23369,275,0.189409593079317,16,6,164,UP,Ramaotar,BVVP,,,,,False,6,2009,GE
1800455,Chhedilal,RPI(A),23009,272,0.187343306609361,17,6,164,UP,Chhedilal,RPI(A),,,,,False,6,2009,GE
1800456,Rashidqamar,MUL,23057,261,0.179766922886188,18,6,164,UP,Rashidqamar,MUL,,,,,False,6,2009,GE
1800457,Rajukashyap,VAJP,22957,254,0.174945587789624,19,6,164,UP,Rajukashyap,VAJP,,,,,False,6,2009,GE
1800458,Vasudevvisharad,IND,22955,237,0.163236631126539,20,6,164,UP,Vasudevvisharad,IND,,,,,False,6,2009,GE
1800459,Javedraza,JD(U),22987,207,0.142573766426977,21,6,164,UP,Javedraza,JD(U),,,,,False,6,2009,GE
1800532,Annu Tandon,INC,22954,75342,54.3816721162382,1,6,165,UP,Annu Tandon,INC,,,,,False,6,2009,GE
1800533,Deepakkumar,SP,22952,24716,17.8399486080133,2,6,165,UP,Deepakkumar,SP,,,,,False,6,2009,GE
1800534,Arun Shankar Shukla,BSP,22951,22036,15.9055311347379,3,6,165,UP,Arun Shankar Shukla,BSP,,,,,False,6,2009,GE
1800535,Rameshkumarsingh,BJP,22953,9801,7.07433793118382,4,6,165,UP,Rameshkumarsingh,BJP,,,,,False,6,2009,GE
1800536,Chandrashekhartiwari,IND,22955,1811,1.30717538959023,5,6,165,UP,Chandrashekhartiwari,IND,,,,,False,6,2009,GE
1800537,Abhichhedilalyadav,IND,22955,856,0.617858715344694,6,6,165,UP,Abhichhedilalyadav,IND,,,,,False,6,2009,GE
1800538,Krishnapalsinghvais,IND,22955,432,0.311816547930967,7,6,165,UP,Krishnapalsinghvais,IND,,,,,False,6,2009,GE
1800539,Ashokkumar,IND,22955,429,0.309651155237002,8,6,165,UP,Ashokkumar,IND,,,,,False,6,2009,GE
1800540,Ramsevak,ASP,22961,335,0.24180218415943,9,6,165,UP,Ramsevak,ASP,,,,,False,6,2009,GE
1800541,Shivshankerkushwaha,ABAS,23368,330,0.238193196336155,10,6,165,UP,Shivshankerkushwaha,ABAS,,,,,False,6,2009,GE
1800542,Ramashrey,IND,22955,299,0.21581747183185,11,6,165,UP,Ramashrey,IND,,,,,False,6,2009,GE
1800543,Umeshchandra,AD,23110,297,0.21437387670254,12,6,165,UP,Umeshchandra,AD,,,,,False,6,2009,GE
1800544,Rashidqamar,MUL,23057,259,0.186945569245649,13,6,165,UP,Rashidqamar,MUL,,,,,False,6,2009,GE
1800545,Sunilkumar,IND,22955,254,0.183336581422374,14,6,165,UP,Sunilkumar,IND,,,,,False,6,2009,GE
1800546,Lala,IND,22955,236,0.170344225258583,15,6,165,UP,Lala,IND,,,,,False,6,2009,GE
1800547,Rajukashyap,VAJP,22957,221,0.159517261788758,16,6,165,UP,Rajukashyap,VAJP,,,,,False,6,2009,GE
1800548,Javedraza,JD(U),22987,208,0.150133893448243,17,6,165,UP,Javedraza,JD(U),,,,,False,6,2009,GE
1800549,Rajkishoresingh,RCP,23300,203,0.146524905624968,18,6,165,UP,Rajkishoresingh,RCP,,,,,False,6,2009,GE
1800550,Ramaotar,BVVP,23369,179,0.129201764073248,19,6,165,UP,Ramaotar,BVVP,,,,,False,6,2009,GE
1800551,Chhedilal,RPI(A),23009,173,0.124870978685317,20,6,165,UP,Chhedilal,RPI(A),,,,,False,6,2009,GE
1800552,Vasudevvisharad,IND,22955,126,0.0909464931465321,21,6,165,UP,Vasudevvisharad,IND,,,,,False,6,2009,GE
1800639,Annu Tandon,INC,22954,100062,57.0472400542753,1,6,166,UP,Annu Tandon,INC,,,,,False,6,2009,GE
1800640,Arun Shankar Shukla,BSP,22951,34285,19.5465274056168,2,6,166,UP,Arun Shankar Shukla,BSP,,,,,False,6,2009,GE
1800641,Deepakkumar,SP,22952,22998,13.1115950787334,3,6,166,UP,Deepakkumar,SP,,,,,False,6,2009,GE
1800642,Rameshkumarsingh,BJP,22953,6916,3.94294249780504,4,6,166,UP,Rameshkumarsingh,BJP,,,,,False,6,2009,GE
1800643,Chandrashekhartiwari,IND,22955,3293,1.87740162597917,5,6,166,UP,Chandrashekhartiwari,IND,,,,,False,6,2009,GE
1800644,Abhichhedilalyadav,IND,22955,1664,0.948677894208731,6,6,166,UP,Abhichhedilalyadav,IND,,,,,False,6,2009,GE
1800645,Krishnapalsinghvais,IND,22955,820,0.467497519982668,7,6,166,UP,Krishnapalsinghvais,IND,,,,,False,6,2009,GE
1800646,Ramashrey,IND,22955,646,0.368296826718053,8,6,166,UP,Ramashrey,IND,,,,,False,6,2009,GE
1800647,Ashokkumar,IND,22955,595,0.339220761450838,9,6,166,UP,Ashokkumar,IND,,,,,False,6,2009,GE
1800648,Umeshchandra,AD,23110,546,0.31128493403724,10,6,166,UP,Umeshchandra,AD,,,,,False,6,2009,GE
1800649,Sunilkumar,IND,22955,529,0.301592912281501,11,6,166,UP,Sunilkumar,IND,,,,,False,6,2009,GE
1800650,Ramsevak,ASP,22961,472,0.269096133453438,12,6,166,UP,Ramsevak,ASP,,,,,False,6,2009,GE
1800651,Shivshankerkushwaha,ABAS,23368,374,0.213224478626241,13,6,166,UP,Shivshankerkushwaha,ABAS,,,,,False,6,2009,GE
1800652,Lala,IND,22955,339,0.193270316187956,14,6,166,UP,Lala,IND,,,,,False,6,2009,GE
1800653,Chhedilal,RPI(A),23009,321,0.18300817550541,15,6,166,UP,Chhedilal,RPI(A),,,,,False,6,2009,GE
1800654,Rajkishoresingh,RCP,23300,294,0.16761496448159,16,6,166,UP,Rajkishoresingh,RCP,,,,,False,6,2009,GE
1800655,Ramaotar,BVVP,23369,282,0.160773537359893,17,6,166,UP,Ramaotar,BVVP,,,,,False,6,2009,GE
1800656,Rajukashyap,VAJP,22957,280,0.159633299506277,18,6,166,UP,Rajukashyap,VAJP,,,,,False,6,2009,GE
1800657,Rashidqamar,MUL,23057,249,0.141959612775224,19,6,166,UP,Rashidqamar,MUL,,,,,False,6,2009,GE
1800658,Vasudevvisharad,IND,22955,225,0.128276758531829,20,6,166,UP,Vasudevvisharad,IND,,,,,False,6,2009,GE
1800659,Javedraza,JD(U),22987,212,0.120865212483324,21,6,166,UP,Javedraza,JD(U),,,,,False,6,2009,GE
1800739,Annu Tandon,INC,22954,90751,53.8377114923708,1,6,167,UP,Annu Tandon,INC,,,,,False,6,2009,GE
1800740,Deepakkumar,SP,22952,33333,19.774684986118,2,6,167,UP,Deepakkumar,SP,,,,,False,6,2009,GE
1800741,Arun Shankar Shukla,BSP,22951,24552,14.5653876272513,3,6,167,UP,Arun Shankar Shukla,BSP,,,,,False,6,2009,GE
1800742,Rameshkumarsingh,BJP,22953,7826,4.64274696851047,4,6,167,UP,Rameshkumarsingh,BJP,,,,,False,6,2009,GE
1800743,Chandrashekhartiwari,IND,22955,3396,2.01466505303623,5,6,167,UP,Chandrashekhartiwari,IND,,,,,False,6,2009,GE
1800744,Abhichhedilalyadav,IND,22955,1608,0.953940343133765,6,6,167,UP,Abhichhedilalyadav,IND,,,,,False,6,2009,GE
1800745,Krishnapalsinghvais,IND,22955,779,0.462139009515673,7,6,167,UP,Krishnapalsinghvais,IND,,,,,False,6,2009,GE
1800746,Shivshankerkushwaha,ABAS,23368,667,0.395695403526257,8,6,167,UP,Shivshankerkushwaha,ABAS,,,,,False,6,2009,GE
1800747,Ashokkumar,IND,22955,664,0.393915664080112,9,6,167,UP,Ashokkumar,IND,,,,,False,6,2009,GE
1800748,Ramsevak,ASP,22961,643,0.381457487957096,10,6,167,UP,Ramsevak,ASP,,,,,False,6,2009,GE
1800749,Umeshchandra,AD,23110,625,0.370779051280225,11,6,167,UP,Umeshchandra,AD,,,,,False,6,2009,GE
1800750,Sunilkumar,IND,22955,600,0.355947889229016,12,6,167,UP,Sunilkumar,IND,,,,,False,6,2009,GE
1800751,Ramashrey,IND,22955,552,0.327472058090695,13,6,167,UP,Ramashrey,IND,,,,,False,6,2009,GE
1800752,Lala,IND,22955,446,0.264587930993569,14,6,167,UP,Lala,IND,,,,,False,6,2009,GE
1800753,Rajkishoresingh,RCP,23300,372,0.22068769132199,15,6,167,UP,Rajkishoresingh,RCP,,,,,False,6,2009,GE
1800754,Rajukashyap,VAJP,22957,334,0.198144325004152,16,6,167,UP,Rajukashyap,VAJP,,,,,False,6,2009,GE
1800755,Ramaotar,BVVP,23369,331,0.196364585558007,17,6,167,UP,Ramaotar,BVVP,,,,,False,6,2009,GE
1800756,Vasudevvisharad,IND,22955,303,0.179753684060653,18,6,167,UP,Vasudevvisharad,IND,,,,,False,6,2009,GE
1800757,Rashidqamar,MUL,23057,278,0.164922522009444,19,6,167,UP,Rashidqamar,MUL,,,,,False,6,2009,GE
1800758,Chhedilal,RPI(A),23009,267,0.158396810706912,20,6,167,UP,Chhedilal,RPI(A),,,,,False,6,2009,GE
1800759,Javedraza,JD(U),22987,237,0.140599416245461,21,6,167,UP,Javedraza,JD(U),,,,,False,6,2009,GE
1800839,Sushila Saroj,SP,22952,46974,34.8790068088834,1,6,168,UP,Sushila Saroj,SP,,,,,False,6,2009,GE
1800840,Jai Prakash,BSP,22951,38926,28.9032277226252,2,6,168,UP,Jai Prakash,BSP,,,,,False,6,2009,GE
1800841,R.K Chaudhary,RSBP,22959,23532,17.4729166821357,3,6,168,UP,R.K Chaudhary,RSBP,,,,,False,6,2009,GE
1800842,Jaipal Pathik,RCP,23300,11223,8.33327145689315,4,6,168,UP,Jaipal Pathik,RCP,,,,,False,6,2009,GE
1800843,Ranjan Kumar Chaudhary,BJP,22953,10916,8.1053186512916,5,6,168,UP,Ranjan Kumar Chaudhary,BJP,,,,,False,6,2009,GE
1800844,Ram Dhan,IND,22955,2118,1.57265160346607,6,6,168,UP,Ram Dhan,IND,,,,,False,6,2009,GE
1800845,Sattideen,UPRP,23087,988,0.733607074704663,7,6,168,UP,Sattideen,UPRP,,,,,False,6,2009,GE
1800929,Sushila Saroj,SP,22952,60582,45.2425226839923,1,6,169,UP,Sushila Saroj,SP,,,,,False,6,2009,GE
1800930,Jai Prakash,BSP,22951,37093,27.7009820395056,2,6,169,UP,Jai Prakash,BSP,,,,,False,6,2009,GE
1800931,Ranjan Kumar Chaudhary,BJP,22953,17331,12.9427579253948,3,6,169,UP,Ranjan Kumar Chaudhary,BJP,,,,,False,6,2009,GE
1800932,R.K Chaudhary,RSBP,22959,15017,11.2146671147455,4,6,169,UP,R.K Chaudhary,RSBP,,,,,False,6,2009,GE
1800933,Ram Dhan,IND,22955,1744,1.30241589186363,5,6,169,UP,Ram Dhan,IND,,,,,False,6,2009,GE
1800934,Jaipal Pathik,RCP,23300,1462,1.09181882678017,6,6,169,UP,Jaipal Pathik,RCP,,,,,False,6,2009,GE
1800935,Sattideen,UPRP,23087,676,0.504835517717784,7,6,169,UP,Sattideen,UPRP,,,,,False,6,2009,GE
1801032,Sushila Saroj,SP,22952,48847,31.7749531640299,1,6,170,UP,Sushila Saroj,SP,,,,,False,6,2009,GE
1801033,Jai Prakash,BSP,22951,39928,25.9731473771856,2,6,170,UP,Jai Prakash,BSP,,,,,False,6,2009,GE
1801034,Ranjan Kumar Chaudhary,BJP,22953,31601,20.55643734388,3,6,170,UP,Ranjan Kumar Chaudhary,BJP,,,,,False,6,2009,GE
1801035,R.K Chaudhary,RSBP,22959,29255,19.0303653205661,4,6,170,UP,R.K Chaudhary,RSBP,,,,,False,6,2009,GE
1801036,Ram Dhan,IND,22955,1674,1.08893630308076,5,6,170,UP,Ram Dhan,IND,,,,,False,6,2009,GE
1801037,Jaipal Pathik,RCP,23300,1433,0.932165903413821,6,6,170,UP,Jaipal Pathik,RCP,,,,,False,6,2009,GE
1801038,Sattideen,UPRP,23087,990,0.643994587843463,7,6,170,UP,Sattideen,UPRP,,,,,False,6,2009,GE
1801140,Lal Ji Tandon,BJP,22953,37672,34.1473142256304,1,6,171,UP,Lal Ji Tandon,BJP,,,,,False,6,2009,GE
1801141,Dr. Akhilesh Das Gupta,BSP,22951,30810,27.9273399684559,2,6,171,UP,Dr. Akhilesh Das Gupta,BSP,,,,,False,6,2009,GE
1801142,Dr. Reeta Joshi,INC,22954,25017,22.6763474193723,3,6,171,UP,Dr. Reeta Joshi,INC,,,,,False,6,2009,GE
1801143,Nafisa Ali Sodhi,SP,22952,12283,11.1337720490926,4,6,171,UP,Nafisa Ali Sodhi,SP,,,,,False,6,2009,GE
1801144,Amresh Mishra,IND,22955,907,0.82213882997045,5,6,171,UP,Amresh Mishra,IND,,,,,False,6,2009,GE
1801145,Rajesh Kumar Pandey,AITC,22985,496,0.449593009553851,6,6,171,UP,Rajesh Kumar Pandey,AITC,,,,,False,6,2009,GE
1801146,Rajiv Ranjan Tiwari Raj Bihari,IND,22955,246,0.222983629738402,7,6,171,UP,Rajiv Ranjan Tiwari Raj Bihari,IND,,,,,False,6,2009,GE
1801147,Anupam Mishra,SWPI,23160,205,0.185819691448668,8,6,171,UP,Anupam Mishra,SWPI,,,,,False,6,2009,GE
1801148,Mohd. Irshad,NBNP,23061,171,0.155000815793767,9,6,171,UP,Mohd. Irshad,NBNP,,,,,False,6,2009,GE
1801149,Chandra Bhushan Pandey,IND,22955,167,0.15137506571672,10,6,171,UP,Chandra Bhushan Pandey,IND,,,,,False,6,2009,GE
1801150,Dr.Khan Mohmad Atif,MMUP,23291,161,0.145936440601149,11,6,171,UP,Dr.Khan Mohmad Atif,MMUP,,,,,False,6,2009,GE
1801151,Ravi Shankar Bharat,BPD,23162,138,0.125088377658128,12,6,171,UP,Ravi Shankar Bharat,BPD,,,,,False,6,2009,GE
1801152,Kedar Mal Agrawal,IND,22955,138,0.125088377658128,12,6,171,UP,Kedar Mal Agrawal,IND,,,,,False,6,2009,GE
1801153,Padam Chandra Gupta,IND,22955,129,0.116930439984771,14,6,171,UP,Padam Chandra Gupta,IND,,,,,False,6,2009,GE
1801154,Ambika Prasad,IND,22955,124,0.112398252388462,15,6,171,UP,Ambika Prasad,IND,,,,,False,6,2009,GE
1801155,Rajesh Kumar,IND,22955,120,0.108772502311415,16,6,171,UP,Rajesh Kumar,IND,,,,,False,6,2009,GE
1801156,Ashok Kumar Pal,IND,22955,102,0.0924566269647033,17,6,171,UP,Ashok Kumar Pal,IND,,,,,False,6,2009,GE
1801157,A. Haroon Ali,IND,22955,97,0.0879244393683943,18,6,171,UP,A. Haroon Ali,IND,,,,,False,6,2009,GE
1801158,Bal Mukund Tiwari,IND,22955,93,0.0842986892913471,19,6,171,UP,Bal Mukund Tiwari,IND,,,,,False,6,2009,GE
1801159,Amit Pandey,IND,22955,88,0.0797665016950381,20,6,171,UP,Amit Pandey,IND,,,,,False,6,2009,GE
1801160,Girish Chandra Srivastav,IND,22955,87,0.0788600641757763,21,6,171,UP,Girish Chandra Srivastav,IND,,,,,False,6,2009,GE
1801161,Chaturi Prasad,IND,22955,84,0.0761407516179909,22,6,171,UP,Chaturi Prasad,IND,,,,,False,6,2009,GE
1801162,Murli Prasad,RTKP,23187,79,0.0716085640216819,23,6,171,UP,Murli Prasad,RTKP,,,,,False,6,2009,GE
1801163,S.R.Darapuri,IND,22955,79,0.0716085640216819,23,6,171,UP,S.R.Darapuri,IND,,,,,False,6,2009,GE
1801164,Nitin Dwivedi,IND,22955,74,0.0670763764253729,25,6,171,UP,Nitin Dwivedi,IND,,,,,False,6,2009,GE
1801165,Mustaq Khan,IJP,22982,68,0.0616377513098022,26,6,171,UP,Mustaq Khan,IJP,,,,,False,6,2009,GE
1801166,Nand Kumar Lodhi Rajpoot,BGD,23385,65,0.0589184387520168,27,6,171,UP,Nand Kumar Lodhi Rajpoot,BGD,,,,,False,6,2009,GE
1801168,K.C. Kardam,IND,22955,62,0.0561991261942314,28,6,171,UP,K.C. Kardam,IND,,,,,False,6,2009,GE
1801167,Zubair Ahmad,IND,22955,62,0.0561991261942314,28,6,171,UP,Zubair Ahmad,IND,,,,,False,6,2009,GE
1801169,Dheeraj,IND,22955,57,0.0516669385979224,30,6,171,UP,Dheeraj,IND,,,,,False,6,2009,GE
1801170,Jugunu Ranjan,JANS,23386,53,0.0480411885208752,31,6,171,UP,Jugunu Ranjan,JANS,,,,,False,6,2009,GE
1801171,Praveen Kumar Mishra,EKSP,23387,51,0.0462283134823516,32,6,171,UP,Praveen Kumar Mishra,EKSP,,,,,False,6,2009,GE
1801172,Ram Kumar Shukla,IND,22955,46,0.0416961258860426,33,6,171,UP,Ram Kumar Shukla,IND,,,,,False,6,2009,GE
1801173,Sukhveer Singh,IND,22955,46,0.0416961258860426,33,6,171,UP,Sukhveer Singh,IND,,,,,False,6,2009,GE
1801174,Dasharath,RMEP,22990,45,0.0407896883667808,35,6,171,UP,Dasharath,RMEP,,,,,False,6,2009,GE
1801175,Kamal Chandra,GGP,23388,43,0.0389768133282572,36,6,171,UP,Kamal Chandra,GGP,,,,,False,6,2009,GE
1801176,Harjeet Singh,IND,22955,42,0.0380703758089954,37,6,171,UP,Harjeet Singh,IND,,,,,False,6,2009,GE
1801177,Suman Lata Dixit,IND,22955,35,0.0317253131741629,38,6,171,UP,Suman Lata Dixit,IND,,,,,False,6,2009,GE
1801178,Sehnaaz Sidrat,IND,22955,28,0.0253802505393303,39,6,171,UP,Sehnaaz Sidrat,IND,,,,,False,6,2009,GE
1801179,Radheyshyam,IND,22955,27,0.0244738130200685,40,6,171,UP,Radheyshyam,IND,,,,,False,6,2009,GE
1801180,Rajesh Kumar Naithani,IND,22955,25,0.0226609379815449,41,6,171,UP,Rajesh Kumar Naithani,IND,,,,,False,6,2009,GE
1801291,Lal Ji Tandon,BJP,22953,41986,38.8072945069368,1,6,172,UP,Lal Ji Tandon,BJP,,,,,False,6,2009,GE
1801292,Dr. Reeta Joshi,INC,22954,25833,23.877217143755,2,6,172,UP,Dr. Reeta Joshi,INC,,,,,False,6,2009,GE
1801293,Dr. Akhilesh Das Gupta,BSP,22951,24475,22.6220295588357,3,6,172,UP,Dr. Akhilesh Das Gupta,BSP,,,,,False,6,2009,GE
1801294,Nafisa Ali Sodhi,SP,22952,11351,10.4916305422817,4,6,172,UP,Nafisa Ali Sodhi,SP,,,,,False,6,2009,GE
1801295,Amresh Mishra,IND,22955,1003,0.927064173544934,5,6,172,UP,Amresh Mishra,IND,,,,,False,6,2009,GE
1801296,Rajesh Kumar Pandey,AITC,22985,425,0.392823802349548,6,6,172,UP,Rajesh Kumar Pandey,AITC,,,,,False,6,2009,GE
1801297,Anupam Mishra,SWPI,23160,326,0.301318963684594,7,6,172,UP,Anupam Mishra,SWPI,,,,,False,6,2009,GE
1801298,Rajiv Ranjan Tiwari Raj Bihari,IND,22955,268,0.247710068305127,8,6,172,UP,Rajiv Ranjan Tiwari Raj Bihari,IND,,,,,False,6,2009,GE
1801299,Chandra Bhushan Pandey,IND,22955,140,0.129400781950439,9,6,172,UP,Chandra Bhushan Pandey,IND,,,,,False,6,2009,GE
1801300,Ravi Shankar Bharat,BPD,23162,135,0.124779325452209,10,6,172,UP,Ravi Shankar Bharat,BPD,,,,,False,6,2009,GE
1801301,Dr.Khan Mohmad Atif,MMUP,23291,134,0.123855034152563,11,6,172,UP,Dr.Khan Mohmad Atif,MMUP,,,,,False,6,2009,GE
1801302,Bal Mukund Tiwari,IND,22955,114,0.105369208159643,12,6,172,UP,Bal Mukund Tiwari,IND,,,,,False,6,2009,GE
1801303,Girish Chandra Srivastav,IND,22955,108,0.0998234603617676,13,6,172,UP,Girish Chandra Srivastav,IND,,,,,False,6,2009,GE
1801305,Kedar Mal Agrawal,IND,22955,104,0.0961262951631836,14,6,172,UP,Kedar Mal Agrawal,IND,,,,,False,6,2009,GE
1801304,Mohd. Irshad,NBNP,23061,104,0.0961262951631836,14,6,172,UP,Mohd. Irshad,NBNP,,,,,False,6,2009,GE
1801306,Chaturi Prasad,IND,22955,102,0.0942777125638916,16,6,172,UP,Chaturi Prasad,IND,,,,,False,6,2009,GE
1801309,Ashok Kumar Pal,IND,22955,101,0.0933534212642456,17,6,172,UP,Ashok Kumar Pal,IND,,,,,False,6,2009,GE
1801308,A. Haroon Ali,IND,22955,101,0.0933534212642456,17,6,172,UP,A. Haroon Ali,IND,,,,,False,6,2009,GE
1801307,Rajesh Kumar,IND,22955,101,0.0933534212642456,17,6,172,UP,Rajesh Kumar,IND,,,,,False,6,2009,GE
1801310,Ambika Prasad,IND,22955,100,0.0924291299645996,20,6,172,UP,Ambika Prasad,IND,,,,,False,6,2009,GE
1801311,Amit Pandey,IND,22955,93,0.0859590908670776,21,6,172,UP,Amit Pandey,IND,,,,,False,6,2009,GE
1801312,Mustaq Khan,IJP,22982,91,0.0841105082677856,22,6,172,UP,Mustaq Khan,IJP,,,,,False,6,2009,GE
1801313,Padam Chandra Gupta,IND,22955,89,0.0822619256684936,23,6,172,UP,Padam Chandra Gupta,IND,,,,,False,6,2009,GE
1801314,Murli Prasad,RTKP,23187,81,0.0748675952713257,24,6,172,UP,Murli Prasad,RTKP,,,,,False,6,2009,GE
1801315,Nitin Dwivedi,IND,22955,67,0.0619275170762817,25,6,172,UP,Nitin Dwivedi,IND,,,,,False,6,2009,GE
1801316,Dheeraj,IND,22955,66,0.0610032257766357,26,6,172,UP,Dheeraj,IND,,,,,False,6,2009,GE
1801317,S.R.Darapuri,IND,22955,64,0.0591546431773437,27,6,172,UP,S.R.Darapuri,IND,,,,,False,6,2009,GE
1801318,Radheyshyam,IND,22955,58,0.0536088953794677,28,6,172,UP,Radheyshyam,IND,,,,,False,6,2009,GE
1801319,Nand Kumar Lodhi Rajpoot,BGD,23385,58,0.0536088953794677,28,6,172,UP,Nand Kumar Lodhi Rajpoot,BGD,,,,,False,6,2009,GE
1801320,Dasharath,RMEP,22990,55,0.0508360214805298,30,6,172,UP,Dasharath,RMEP,,,,,False,6,2009,GE
1801321,K.C. Kardam,IND,22955,54,0.0499117301808838,31,6,172,UP,K.C. Kardam,IND,,,,,False,6,2009,GE
1801322,Zubair Ahmad,IND,22955,53,0.0489874388812378,32,6,172,UP,Zubair Ahmad,IND,,,,,False,6,2009,GE
1801323,Praveen Kumar Mishra,EKSP,23387,49,0.0452902736826538,33,6,172,UP,Praveen Kumar Mishra,EKSP,,,,,False,6,2009,GE
1801324,Rajesh Kumar Naithani,IND,22955,45,0.0415931084840698,34,6,172,UP,Rajesh Kumar Naithani,IND,,,,,False,6,2009,GE
1801325,Harjeet Singh,IND,22955,42,0.0388202345851318,35,6,172,UP,Harjeet Singh,IND,,,,,False,6,2009,GE
1801326,Sehnaaz Sidrat,IND,22955,40,0.0369716519858398,36,6,172,UP,Sehnaaz Sidrat,IND,,,,,False,6,2009,GE
1801327,Jugunu Ranjan,JANS,23386,40,0.0369716519858398,36,6,172,UP,Jugunu Ranjan,JANS,,,,,False,6,2009,GE
1801328,Kamal Chandra,GGP,23388,39,0.0360473606861938,38,6,172,UP,Kamal Chandra,GGP,,,,,False,6,2009,GE
1801329,Sukhveer Singh,IND,22955,36,0.0332744867872558,39,6,172,UP,Sukhveer Singh,IND,,,,,False,6,2009,GE
1801330,Suman Lata Dixit,IND,22955,35,0.0323501954876098,40,6,172,UP,Suman Lata Dixit,IND,,,,,False,6,2009,GE
1801331,Ram Kumar Shukla,IND,22955,25,0.0231072824911499,41,6,172,UP,Ram Kumar Shukla,IND,,,,,False,6,2009,GE
1801440,Lal Ji Tandon,BJP,22953,53626,41.0081900144529,1,6,173,UP,Lal Ji Tandon,BJP,,,,,False,6,2009,GE
1801441,Dr. Reeta Joshi,INC,22954,36717,28.0777554313331,2,6,173,UP,Dr. Reeta Joshi,INC,,,,,False,6,2009,GE
1801442,Dr. Akhilesh Das Gupta,BSP,22951,25309,19.3539753305447,3,6,173,UP,Dr. Akhilesh Das Gupta,BSP,,,,,False,6,2009,GE
1801443,Nafisa Ali Sodhi,SP,22952,11158,8.53260329282934,4,6,173,UP,Nafisa Ali Sodhi,SP,,,,,False,6,2009,GE
1801444,Rajesh Kumar Pandey,AITC,22985,365,0.279118139620246,5,6,173,UP,Rajesh Kumar Pandey,AITC,,,,,False,6,2009,GE
1801445,Ravi Shankar Bharat,BPD,23162,326,0.249294557578631,6,6,173,UP,Ravi Shankar Bharat,BPD,,,,,False,6,2009,GE
1801446,Anupam Mishra,SWPI,23160,302,0.23094158401456,7,6,173,UP,Anupam Mishra,SWPI,,,,,False,6,2009,GE
1801447,Amresh Mishra,IND,22955,275,0.21029448875498,8,6,173,UP,Amresh Mishra,IND,,,,,False,6,2009,GE
1801448,Dasharath,RMEP,22990,219,0.167470883772147,9,6,173,UP,Dasharath,RMEP,,,,,False,6,2009,GE
1801449,Chandra Bhushan Pandey,IND,22955,207,0.158294396990112,10,6,173,UP,Chandra Bhushan Pandey,IND,,,,,False,6,2009,GE
1801450,Rajiv Ranjan Tiwari Raj Bihari,IND,22955,183,0.139941423426041,11,6,173,UP,Rajiv Ranjan Tiwari Raj Bihari,IND,,,,,False,6,2009,GE
1801451,Dr.Khan Mohmad Atif,MMUP,23291,116,0.0887060388930098,12,6,173,UP,Dr.Khan Mohmad Atif,MMUP,,,,,False,6,2009,GE
1801452,Murli Prasad,RTKP,23187,112,0.0856472099656646,13,6,173,UP,Murli Prasad,RTKP,,,,,False,6,2009,GE
1801453,Rajesh Kumar Naithani,IND,22955,107,0.0818236738064831,14,6,173,UP,Rajesh Kumar Naithani,IND,,,,,False,6,2009,GE
1801454,Girish Chandra Srivastav,IND,22955,102,0.0780001376473017,15,6,173,UP,Girish Chandra Srivastav,IND,,,,,False,6,2009,GE
1801455,Ashok Kumar Pal,IND,22955,98,0.0749413087199565,16,6,173,UP,Ashok Kumar Pal,IND,,,,,False,6,2009,GE
1801456,Ambika Prasad,IND,22955,97,0.0741766014881202,17,6,173,UP,Ambika Prasad,IND,,,,,False,6,2009,GE
1801457,S.R.Darapuri,IND,22955,92,0.0703530653289388,18,6,173,UP,S.R.Darapuri,IND,,,,,False,6,2009,GE
1801458,Bal Mukund Tiwari,IND,22955,89,0.0680589436334299,19,6,173,UP,Bal Mukund Tiwari,IND,,,,,False,6,2009,GE
1801459,A. Haroon Ali,IND,22955,87,0.0665295291697573,20,6,173,UP,A. Haroon Ali,IND,,,,,False,6,2009,GE
1801460,Padam Chandra Gupta,IND,22955,85,0.0650001147060847,21,6,173,UP,Padam Chandra Gupta,IND,,,,,False,6,2009,GE
1801461,Chaturi Prasad,IND,22955,78,0.0596471640832307,22,6,173,UP,Chaturi Prasad,IND,,,,,False,6,2009,GE
1801462,Rajesh Kumar,IND,22955,77,0.0588824568513944,23,6,173,UP,Rajesh Kumar,IND,,,,,False,6,2009,GE
1801463,Kedar Mal Agrawal,IND,22955,74,0.0565883351558855,24,6,173,UP,Kedar Mal Agrawal,IND,,,,,False,6,2009,GE
1801464,Sehnaaz Sidrat,IND,22955,70,0.0535295062285404,25,6,173,UP,Sehnaaz Sidrat,IND,,,,,False,6,2009,GE
1801466,K.C. Kardam,IND,22955,69,0.0527647989967041,26,6,173,UP,K.C. Kardam,IND,,,,,False,6,2009,GE
1801465,Amit Pandey,IND,22955,69,0.0527647989967041,26,6,173,UP,Amit Pandey,IND,,,,,False,6,2009,GE
1801467,Nand Kumar Lodhi Rajpoot,BGD,23385,68,0.0520000917648678,28,6,173,UP,Nand Kumar Lodhi Rajpoot,BGD,,,,,False,6,2009,GE
1801468,Mohd. Irshad,NBNP,23061,66,0.0504706773011952,29,6,173,UP,Mohd. Irshad,NBNP,,,,,False,6,2009,GE
1801469,Dheeraj,IND,22955,62,0.04741184837385,30,6,173,UP,Dheeraj,IND,,,,,False,6,2009,GE
1801470,Nitin Dwivedi,IND,22955,60,0.0458824339101774,31,6,173,UP,Nitin Dwivedi,IND,,,,,False,6,2009,GE
1801471,Mustaq Khan,IJP,22982,54,0.0412941905191597,32,6,173,UP,Mustaq Khan,IJP,,,,,False,6,2009,GE
1801473,Zubair Ahmad,IND,22955,52,0.0397647760554871,33,6,173,UP,Zubair Ahmad,IND,,,,,False,6,2009,GE
1801472,Jugunu Ranjan,JANS,23386,52,0.0397647760554871,33,6,173,UP,Jugunu Ranjan,JANS,,,,,False,6,2009,GE
1801474,Kamal Chandra,GGP,23388,45,0.0344118254326331,35,6,173,UP,Kamal Chandra,GGP,,,,,False,6,2009,GE
1801475,Radheyshyam,IND,22955,43,0.0328824109689605,36,6,173,UP,Radheyshyam,IND,,,,,False,6,2009,GE
1801476,Suman Lata Dixit,IND,22955,39,0.0298235820416153,37,6,173,UP,Suman Lata Dixit,IND,,,,,False,6,2009,GE
1801477,Sukhveer Singh,IND,22955,34,0.0260000458824339,38,6,173,UP,Sukhveer Singh,IND,,,,,False,6,2009,GE
1801478,Praveen Kumar Mishra,EKSP,23387,33,0.0252353386505976,39,6,173,UP,Praveen Kumar Mishra,EKSP,,,,,False,6,2009,GE
1801479,Harjeet Singh,IND,22955,29,0.0221765097232524,40,6,173,UP,Harjeet Singh,IND,,,,,False,6,2009,GE
1801480,Ram Kumar Shukla,IND,22955,23,0.0175882663322347,41,6,173,UP,Ram Kumar Shukla,IND,,,,,False,6,2009,GE
1801599,Lal Ji Tandon,BJP,22953,35448,29.5454166597209,1,6,174,UP,Lal Ji Tandon,BJP,,,,,False,6,2009,GE
1801600,Dr. Reeta Joshi,INC,22954,34404,28.6752571304739,2,6,174,UP,Dr. Reeta Joshi,INC,,,,,False,6,2009,GE
1801601,Dr. Akhilesh Das Gupta,BSP,22951,29799,24.8370534598009,3,6,174,UP,Dr. Akhilesh Das Gupta,BSP,,,,,False,6,2009,GE
1801602,Nafisa Ali Sodhi,SP,22952,15368,12.8090149860807,4,6,174,UP,Nafisa Ali Sodhi,SP,,,,,False,6,2009,GE
1801603,Amresh Mishra,IND,22955,1096,0.913500808481554,5,6,174,UP,Amresh Mishra,IND,,,,,False,6,2009,GE
1801604,Rajesh Kumar Pandey,AITC,22985,446,0.371734818049975,6,6,174,UP,Rajesh Kumar Pandey,AITC,,,,,False,6,2009,GE
1801605,Rajiv Ranjan Tiwari Raj Bihari,IND,22955,260,0.216706396172631,7,6,174,UP,Rajiv Ranjan Tiwari Raj Bihari,IND,,,,,False,6,2009,GE
1801606,Ravi Shankar Bharat,BPD,23162,233,0.194202270416242,8,6,174,UP,Ravi Shankar Bharat,BPD,,,,,False,6,2009,GE
1801607,Anupam Mishra,SWPI,23160,215,0.179199519911983,9,6,174,UP,Anupam Mishra,SWPI,,,,,False,6,2009,GE
1801608,Chandra Bhushan Pandey,IND,22955,199,0.165863741685975,10,6,174,UP,Chandra Bhushan Pandey,IND,,,,,False,6,2009,GE
1801609,Dr.Khan Mohmad Atif,MMUP,23291,175,0.145860074346963,11,6,174,UP,Dr.Khan Mohmad Atif,MMUP,,,,,False,6,2009,GE
1801610,Kedar Mal Agrawal,IND,22955,152,0.126689893147076,12,6,174,UP,Kedar Mal Agrawal,IND,,,,,False,6,2009,GE
1801612,Ashok Kumar Pal,IND,22955,127,0.105852739668939,13,6,174,UP,Ashok Kumar Pal,IND,,,,,False,6,2009,GE
1801611,A. Haroon Ali,IND,22955,127,0.105852739668939,13,6,174,UP,A. Haroon Ali,IND,,,,,False,6,2009,GE
1801613,Padam Chandra Gupta,IND,22955,122,0.101685308973311,15,6,174,UP,Padam Chandra Gupta,IND,,,,,False,6,2009,GE
1801614,Rajesh Kumar,IND,22955,117,0.0975178782776842,16,6,174,UP,Rajesh Kumar,IND,,,,,False,6,2009,GE
1801615,Ambika Prasad,IND,22955,117,0.0975178782776842,16,6,174,UP,Ambika Prasad,IND,,,,,False,6,2009,GE
1801616,Amit Pandey,IND,22955,116,0.0966843921385587,18,6,174,UP,Amit Pandey,IND,,,,,False,6,2009,GE
1801617,Praveen Kumar Mishra,EKSP,23387,105,0.0875160446081781,19,6,174,UP,Praveen Kumar Mishra,EKSP,,,,,False,6,2009,GE
1801618,Bal Mukund Tiwari,IND,22955,100,0.0833486139125506,20,6,174,UP,Bal Mukund Tiwari,IND,,,,,False,6,2009,GE
1801619,S.R.Darapuri,IND,22955,95,0.0791811832169231,21,6,174,UP,S.R.Darapuri,IND,,,,,False,6,2009,GE
1801620,Dheeraj,IND,22955,86,0.0716798079647935,22,6,174,UP,Dheeraj,IND,,,,,False,6,2009,GE
1801621,Mustaq Khan,IJP,22982,82,0.0683458634082915,23,6,174,UP,Mustaq Khan,IJP,,,,,False,6,2009,GE
1801622,Murli Prasad,RTKP,23187,79,0.065845404990915,24,6,174,UP,Murli Prasad,RTKP,,,,,False,6,2009,GE
1801623,Mohd. Irshad,NBNP,23061,78,0.0650119188517894,25,6,174,UP,Mohd. Irshad,NBNP,,,,,False,6,2009,GE
1801624,Nand Kumar Lodhi Rajpoot,BGD,23385,75,0.0625114604344129,26,6,174,UP,Nand Kumar Lodhi Rajpoot,BGD,,,,,False,6,2009,GE
1801625,Girish Chandra Srivastav,IND,22955,74,0.0616779742952874,27,6,174,UP,Girish Chandra Srivastav,IND,,,,,False,6,2009,GE
1801626,Nitin Dwivedi,IND,22955,64,0.0533431129040324,28,6,174,UP,Nitin Dwivedi,IND,,,,,False,6,2009,GE
1801627,Sehnaaz Sidrat,IND,22955,64,0.0533431129040324,28,6,174,UP,Sehnaaz Sidrat,IND,,,,,False,6,2009,GE
1801628,Kamal Chandra,GGP,23388,64,0.0533431129040324,28,6,174,UP,Kamal Chandra,GGP,,,,,False,6,2009,GE
1801629,Chaturi Prasad,IND,22955,63,0.0525096267649069,31,6,174,UP,Chaturi Prasad,IND,,,,,False,6,2009,GE
1801630,K.C. Kardam,IND,22955,54,0.0450082515127773,32,6,174,UP,K.C. Kardam,IND,,,,,False,6,2009,GE
1801631,Zubair Ahmad,IND,22955,52,0.0433412792345263,33,6,174,UP,Zubair Ahmad,IND,,,,,False,6,2009,GE
1801632,Dasharath,RMEP,22990,52,0.0433412792345263,33,6,174,UP,Dasharath,RMEP,,,,,False,6,2009,GE
1801633,Rajesh Kumar Naithani,IND,22955,46,0.0383403623997732,35,6,174,UP,Rajesh Kumar Naithani,IND,,,,,False,6,2009,GE
1801634,Sukhveer Singh,IND,22955,44,0.0366733901215222,36,6,174,UP,Sukhveer Singh,IND,,,,,False,6,2009,GE
1801635,Ram Kumar Shukla,IND,22955,43,0.0358399039823967,37,6,174,UP,Ram Kumar Shukla,IND,,,,,False,6,2009,GE
1801636,Radheyshyam,IND,22955,40,0.0333394455650202,38,6,174,UP,Radheyshyam,IND,,,,,False,6,2009,GE
1801637,Harjeet Singh,IND,22955,37,0.0308389871476437,39,6,174,UP,Harjeet Singh,IND,,,,,False,6,2009,GE
1801638,Jugunu Ranjan,JANS,23386,32,0.0266715564520162,40,6,174,UP,Jugunu Ranjan,JANS,,,,,False,6,2009,GE
1801639,Suman Lata Dixit,IND,22955,28,0.0233376118955141,41,6,174,UP,Suman Lata Dixit,IND,,,,,False,6,2009,GE
1801750,Dr. Reeta Joshi,INC,22954,41115,35.8744590255479,1,6,175,UP,Dr. Reeta Joshi,INC,,,,,False,6,2009,GE
1801751,Lal Ji Tandon,BJP,22953,35206,30.7186234817813,2,6,175,UP,Lal Ji Tandon,BJP,,,,,False,6,2009,GE
1801752,Dr. Akhilesh Das Gupta,BSP,22951,23178,20.2237191121038,3,6,175,UP,Dr. Akhilesh Das Gupta,BSP,,,,,False,6,2009,GE
1801753,Nafisa Ali Sodhi,SP,22952,11287,9.84835264553957,4,6,175,UP,Nafisa Ali Sodhi,SP,,,,,False,6,2009,GE
1801754,Rajesh Kumar Pandey,AITC,22985,432,0.376937037554097,5,6,175,UP,Rajesh Kumar Pandey,AITC,,,,,False,6,2009,GE
1801755,Rajiv Ranjan Tiwari Raj Bihari,IND,22955,267,0.232968030154963,6,6,175,UP,Rajiv Ranjan Tiwari Raj Bihari,IND,,,,,False,6,2009,GE
1801756,Amresh Mishra,IND,22955,204,0.177998045511657,7,6,175,UP,Amresh Mishra,IND,,,,,False,6,2009,GE
1801757,Anupam Mishra,SWPI,23160,182,0.158802177858439,8,6,175,UP,Anupam Mishra,SWPI,,,,,False,6,2009,GE
1801758,Kedar Mal Agrawal,IND,22955,148,0.129135836939829,9,6,175,UP,Kedar Mal Agrawal,IND,,,,,False,6,2009,GE
1801759,Ashok Kumar Pal,IND,22955,147,0.128263297501047,10,6,175,UP,Ashok Kumar Pal,IND,,,,,False,6,2009,GE
1801760,Chandra Bhushan Pandey,IND,22955,146,0.127390758062264,11,6,175,UP,Chandra Bhushan Pandey,IND,,,,,False,6,2009,GE
1801761,Dr.Khan Mohmad Atif,MMUP,23291,131,0.114302666480524,12,6,175,UP,Dr.Khan Mohmad Atif,MMUP,,,,,False,6,2009,GE
1801762,Ravi Shankar Bharat,BPD,23162,128,0.111685048164177,13,6,175,UP,Ravi Shankar Bharat,BPD,,,,,False,6,2009,GE
1801763,Rajesh Kumar,IND,22955,118,0.10295965377635,14,6,175,UP,Rajesh Kumar,IND,,,,,False,6,2009,GE
1801764,Amit Pandey,IND,22955,117,0.102087114337568,15,6,175,UP,Amit Pandey,IND,,,,,False,6,2009,GE
1801765,Ambika Prasad,IND,22955,110,0.0959793382660896,16,6,175,UP,Ambika Prasad,IND,,,,,False,6,2009,GE
1801766,Bal Mukund Tiwari,IND,22955,109,0.0951067988273069,17,6,175,UP,Bal Mukund Tiwari,IND,,,,,False,6,2009,GE
1801767,Girish Chandra Srivastav,IND,22955,106,0.092489180510959,18,6,175,UP,Girish Chandra Srivastav,IND,,,,,False,6,2009,GE
1801768,Padam Chandra Gupta,IND,22955,102,0.0889990227558285,19,6,175,UP,Padam Chandra Gupta,IND,,,,,False,6,2009,GE
1801770,A. Haroon Ali,IND,22955,101,0.0881264833170459,20,6,175,UP,A. Haroon Ali,IND,,,,,False,6,2009,GE
1801769,Murli Prasad,RTKP,23187,101,0.0881264833170459,20,6,175,UP,Murli Prasad,RTKP,,,,,False,6,2009,GE
1801771,Chaturi Prasad,IND,22955,92,0.0802736283680022,22,6,175,UP,Chaturi Prasad,IND,,,,,False,6,2009,GE
1801772,S.R.Darapuri,IND,22955,91,0.0794010889292196,23,6,175,UP,S.R.Darapuri,IND,,,,,False,6,2009,GE
1801773,Dheeraj,IND,22955,90,0.0785285494904369,24,6,175,UP,Dheeraj,IND,,,,,False,6,2009,GE
1801774,Nitin Dwivedi,IND,22955,81,0.0706756945413932,25,6,175,UP,Nitin Dwivedi,IND,,,,,False,6,2009,GE
1801775,Nand Kumar Lodhi Rajpoot,BGD,23385,80,0.0698031551026106,26,6,175,UP,Nand Kumar Lodhi Rajpoot,BGD,,,,,False,6,2009,GE
1801776,Mustaq Khan,IJP,22982,79,0.068930615663828,27,6,175,UP,Mustaq Khan,IJP,,,,,False,6,2009,GE
1801777,Kamal Chandra,GGP,23388,68,0.059332681837219,28,6,175,UP,Kamal Chandra,GGP,,,,,False,6,2009,GE
1801778,Zubair Ahmad,IND,22955,60,0.0523523663269579,29,6,175,UP,Zubair Ahmad,IND,,,,,False,6,2009,GE
1801779,K.C. Kardam,IND,22955,56,0.0488622085718274,30,6,175,UP,K.C. Kardam,IND,,,,,False,6,2009,GE
1801780,Mohd. Irshad,NBNP,23061,54,0.0471171296942621,31,6,175,UP,Mohd. Irshad,NBNP,,,,,False,6,2009,GE
1801781,Dasharath,RMEP,22990,53,0.0462445902554795,32,6,175,UP,Dasharath,RMEP,,,,,False,6,2009,GE
1801782,Radheyshyam,IND,22955,50,0.0436269719391316,33,6,175,UP,Radheyshyam,IND,,,,,False,6,2009,GE
1801783,Jugunu Ranjan,JANS,23386,49,0.042754432500349,34,6,175,UP,Jugunu Ranjan,JANS,,,,,False,6,2009,GE
1801784,Praveen Kumar Mishra,EKSP,23387,45,0.0392642747452184,35,6,175,UP,Praveen Kumar Mishra,EKSP,,,,,False,6,2009,GE
1801785,Ram Kumar Shukla,IND,22955,44,0.0383917353064358,36,6,175,UP,Ram Kumar Shukla,IND,,,,,False,6,2009,GE
1801786,Sehnaaz Sidrat,IND,22955,43,0.0375191958676532,37,6,175,UP,Sehnaaz Sidrat,IND,,,,,False,6,2009,GE
1801787,Sukhveer Singh,IND,22955,41,0.0357741169900879,38,6,175,UP,Sukhveer Singh,IND,,,,,False,6,2009,GE
1801788,Rajesh Kumar Naithani,IND,22955,36,0.0314114197961747,39,6,175,UP,Rajesh Kumar Naithani,IND,,,,,False,6,2009,GE
1801789,Harjeet Singh,IND,22955,35,0.0305388803573921,40,6,175,UP,Harjeet Singh,IND,,,,,False,6,2009,GE
1801790,Suman Lata Dixit,IND,22955,26,0.0226860254083484,41,6,175,UP,Suman Lata Dixit,IND,,,,,False,6,2009,GE
1801901,R.K Chaudhary,RSBP,22959,50065,36.8507055108605,1,6,176,UP,R.K Chaudhary,RSBP,,,,,False,6,2009,GE
1801902,Sushila Saroj,SP,22952,43215,31.8087134455575,2,6,176,UP,Sushila Saroj,SP,,,,,False,6,2009,GE
1801903,Jai Prakash,BSP,22951,26831,19.7491516940357,3,6,176,UP,Jai Prakash,BSP,,,,,False,6,2009,GE
1801904,Ranjan Kumar Chaudhary,BJP,22953,10955,8.06350701830574,4,6,176,UP,Ranjan Kumar Chaudhary,BJP,,,,,False,6,2009,GE
1801905,Ram Dhan,IND,22955,2423,1.78346668236922,5,6,176,UP,Ram Dhan,IND,,,,,False,6,2009,GE
1801906,Jaipal Pathik,RCP,23300,1366,1.00545418411735,6,6,176,UP,Jaipal Pathik,RCP,,,,,False,6,2009,GE
1801907,Sattideen,UPRP,23087,1004,0.739001464753899,7,6,176,UP,Sattideen,UPRP,,,,,False,6,2009,GE
1801996,Sonia Gandhi,INC,22954,88701,68.8143430127464,1,6,177,UP,Sonia Gandhi,INC,,,,,False,6,2009,GE
1801997,R S Kushwaha,BSP,22951,23610,18.3166665373664,2,6,177,UP,R S Kushwaha,BSP,,,,,False,6,2009,GE
1801998,R.B.Singh,BJP,22953,6043,4.68816670416372,3,6,177,UP,R.B.Singh,BJP,,,,,False,6,2009,GE
1801999,Anil Kumar Maurya,AD,23110,2694,2.09000845623317,4,6,177,UP,Anil Kumar Maurya,AD,,,,,False,6,2009,GE
1802000,Horilal,IND,22955,2177,1.68891923133616,5,6,177,UP,Horilal,IND,,,,,False,6,2009,GE
1802001,Shyam Bihari Gupta,IND,22955,993,0.770370600237395,6,6,177,UP,Shyam Bihari Gupta,IND,,,,,False,6,2009,GE
1802002,Sripal,IND,22955,837,0.649345611680462,7,6,177,UP,Sripal,IND,,,,,False,6,2009,GE
1802003,Lajjawati Kanchan,IND,22955,748,0.580299304106315,8,6,177,UP,Lajjawati Kanchan,IND,,,,,False,6,2009,GE
1802004,Babulal,IND,22955,487,0.377815188636063,9,6,177,UP,Babulal,IND,,,,,False,6,2009,GE
1802005,Rama Shankar,IND,22955,457,0.354541152375115,10,6,177,UP,Rama Shankar,IND,,,,,False,6,2009,GE
1802006,Dinesh,RCP,23300,431,0.33437032094896,11,6,177,UP,Dinesh,RCP,,,,,False,6,2009,GE
1802007,O Hanumant Prasad,IND,22955,413,0.32040589919239,12,6,177,UP,O Hanumant Prasad,IND,,,,,False,6,2009,GE
1802008,Iliyas Hussain,IND,22955,369,0.286270646009666,13,6,177,UP,Iliyas Hussain,IND,,,,,False,6,2009,GE
1802009,O Ram Naresh Singh,IND,22955,347,0.269203019418304,14,6,177,UP,O Ram Naresh Singh,IND,,,,,False,6,2009,GE
1802010,Alok Kumar Singh,IND,22955,297,0.23041295898339,15,6,177,UP,Alok Kumar Singh,IND,,,,,False,6,2009,GE
1802011,Avnish,IND,22955,295,0.228861356565993,16,6,177,UP,Avnish,IND,,,,,False,6,2009,GE
1802091,Rahul Gandhi,INC,22954,92728,72.6099587336637,1,6,178,UP,Rahul Gandhi,INC,,,,,False,6,2009,GE
1802092,Asheesh Shukla,BSP,22951,17173,13.4471877031016,2,6,178,UP,Asheesh Shukla,BSP,,,,,False,6,2009,GE
1802093,Pradeep Kumar Singh,BJP,22953,8442,6.61044421997228,3,6,178,UP,Pradeep Kumar Singh,BJP,,,,,False,6,2009,GE
1802094,Swaminath,IND,22955,1798,1.40791029465886,4,6,178,UP,Swaminath,IND,,,,,False,6,2009,GE
1802095,Bhuwal,JPS,23265,1628,1.27479308103706,5,6,178,UP,Bhuwal,JPS,,,,,False,6,2009,GE
1802096,Ramesh Chandra,IND,22955,1269,0.993680847565129,6,6,178,UP,Ramesh Chandra,IND,,,,,False,6,2009,GE
1802097,Meet Singh,IND,22955,866,0.678114747038141,7,6,178,UP,Meet Singh,IND,,,,,False,6,2009,GE
1802098,Ram Shanker,IND,22955,685,0.536384066652571,8,6,178,UP,Ram Shanker,IND,,,,,False,6,2009,GE
1802099,Mohd. Hasan Lahari,BRPP,23273,635,0.497231944999099,9,6,178,UP,Mohd. Hasan Lahari,BRPP,,,,,False,6,2009,GE
1802100,Mihilal,IND,22955,531,0.415795531959876,10,6,178,UP,Mihilal,IND,,,,,False,6,2009,GE
1802101,Dilip,IND,22955,484,0.378992537605612,11,6,178,UP,Dilip,IND,,,,,False,6,2009,GE
1802102,Omkar,IND,22955,373,0.292074827534904,12,6,178,UP,Omkar,IND,,,,,False,6,2009,GE
1802103,Sunita,MAP,23417,334,0.261536172645195,13,6,178,UP,Sunita,MAP,,,,,False,6,2009,GE
1802104,Aavid Hussain,IND,22955,312,0.244309239117667,14,6,178,UP,Aavid Hussain,IND,,,,,False,6,2009,GE
1802105,Kapil Deo,IND,22955,249,0.194977565834292,15,6,178,UP,Kapil Deo,IND,,,,,False,6,2009,GE
1802106,Suryabhan Maurya,RASD,23418,200,0.156608486613889,16,6,178,UP,Suryabhan Maurya,RASD,,,,,False,6,2009,GE
1802229,Sonia Gandhi,INC,22954,93296,74.2897184354694,1,6,179,UP,Sonia Gandhi,INC,,,,,False,6,2009,GE
1802230,R S Kushwaha,BSP,22951,16960,13.5049050834501,2,6,179,UP,R S Kushwaha,BSP,,,,,False,6,2009,GE
1802231,R.B.Singh,BJP,22953,5133,4.0873041151739,3,6,179,UP,R.B.Singh,BJP,,,,,False,6,2009,GE
1802232,Anil Kumar Maurya,AD,23110,2408,1.91744171232004,4,6,179,UP,Anil Kumar Maurya,AD,,,,,False,6,2009,GE
1802233,Horilal,IND,22955,1825,1.45321060007644,5,6,179,UP,Horilal,IND,,,,,False,6,2009,GE
1802234,Shyam Bihari Gupta,IND,22955,1333,1.06144094789145,6,6,179,UP,Shyam Bihari Gupta,IND,,,,,False,6,2009,GE
1802235,Sripal,IND,22955,762,0.606765193018218,7,6,179,UP,Sripal,IND,,,,,False,6,2009,GE
1802236,Lajjawati Kanchan,IND,22955,678,0.539877691425659,8,6,179,UP,Lajjawati Kanchan,IND,,,,,False,6,2009,GE
1802237,Rama Shankar,IND,22955,518,0.41247292648745,9,6,179,UP,Rama Shankar,IND,,,,,False,6,2009,GE
1802238,Dinesh,RCP,23300,500,0.398139890431902,10,6,179,UP,Dinesh,RCP,,,,,False,6,2009,GE
1802239,Babulal,IND,22955,419,0.333641228181934,11,6,179,UP,Babulal,IND,,,,,False,6,2009,GE
1802240,O Hanumant Prasad,IND,22955,418,0.33284494840107,12,6,179,UP,O Hanumant Prasad,IND,,,,,False,6,2009,GE
1802241,Iliyas Hussain,IND,22955,402,0.320104471907249,13,6,179,UP,Iliyas Hussain,IND,,,,,False,6,2009,GE
1802242,Alok Kumar Singh,IND,22955,328,0.261179768123327,14,6,179,UP,Alok Kumar Singh,IND,,,,,False,6,2009,GE
1802243,O Ram Naresh Singh,IND,22955,321,0.255605809657281,15,6,179,UP,O Ram Naresh Singh,IND,,,,,False,6,2009,GE
1802244,Avnish,IND,22955,283,0.225347177984456,16,6,179,UP,Avnish,IND,,,,,False,6,2009,GE
1802336,Sonia Gandhi,INC,22954,107283,78.645730245651,1,6,180,UP,Sonia Gandhi,INC,,,,,False,6,2009,GE
1802337,R S Kushwaha,BSP,22951,16661,12.2136453270582,2,6,180,UP,R S Kushwaha,BSP,,,,,False,6,2009,GE
1802338,R.B.Singh,BJP,22953,4004,2.93520412277422,3,6,180,UP,R.B.Singh,BJP,,,,,False,6,2009,GE
1802339,Anil Kumar Maurya,AD,23110,2011,1.47419967305168,4,6,180,UP,Anil Kumar Maurya,AD,,,,,False,6,2009,GE
1802340,Horilal,IND,22955,1848,1.35470959512656,5,6,180,UP,Horilal,IND,,,,,False,6,2009,GE
1802341,Shyam Bihari Gupta,IND,22955,829,0.607713341103853,6,6,180,UP,Shyam Bihari Gupta,IND,,,,,False,6,2009,GE
1802342,Sripal,IND,22955,736,0.539538020569887,7,6,180,UP,Sripal,IND,,,,,False,6,2009,GE
1802343,Lajjawati Kanchan,IND,22955,546,0.40025510765103,8,6,180,UP,Lajjawati Kanchan,IND,,,,,False,6,2009,GE
1802344,Rama Shankar,IND,22955,420,0.307888544346946,9,6,180,UP,Rama Shankar,IND,,,,,False,6,2009,GE
1802345,Babulal,IND,22955,338,0.247776971403018,10,6,180,UP,Babulal,IND,,,,,False,6,2009,GE
1802346,Dinesh,RCP,23300,336,0.246310835477557,11,6,180,UP,Dinesh,RCP,,,,,False,6,2009,GE
1802347,Alok Kumar Singh,IND,22955,320,0.234581748073863,12,6,180,UP,Alok Kumar Singh,IND,,,,,False,6,2009,GE
1802348,O Hanumant Prasad,IND,22955,304,0.22285266067017,13,6,180,UP,O Hanumant Prasad,IND,,,,,False,6,2009,GE
1802349,Iliyas Hussain,IND,22955,293,0.214788913080131,14,6,180,UP,Iliyas Hussain,IND,,,,,False,6,2009,GE
1802350,O Ram Naresh Singh,IND,22955,268,0.196462214011861,15,6,180,UP,O Ram Naresh Singh,IND,,,,,False,6,2009,GE
1802351,Avnish,IND,22955,216,0.158342679949858,16,6,180,UP,Avnish,IND,,,,,False,6,2009,GE
1802438,Rahul Gandhi,INC,22954,97842,73.7584054518589,1,6,181,UP,Rahul Gandhi,INC,,,,,False,6,2009,GE
1802439,Asheesh Shukla,BSP,22951,18967,14.298314386515,2,6,181,UP,Asheesh Shukla,BSP,,,,,False,6,2009,GE
1802440,Pradeep Kumar Singh,BJP,22953,4748,3.57929017278292,3,6,181,UP,Pradeep Kumar Singh,BJP,,,,,False,6,2009,GE
1802441,Swaminath,IND,22955,2210,1.66601332810662,4,6,181,UP,Swaminath,IND,,,,,False,6,2009,GE
1802442,Bhuwal,JPS,23265,1978,1.49111962126466,5,6,181,UP,Bhuwal,JPS,,,,,False,6,2009,GE
1802443,Ramesh Chandra,IND,22955,1459,1.09987033742423,6,6,181,UP,Ramesh Chandra,IND,,,,,False,6,2009,GE
1802444,Ram Shanker,IND,22955,1131,0.852606820854566,7,6,181,UP,Ram Shanker,IND,,,,,False,6,2009,GE
1802445,Meet Singh,IND,22955,936,0.705605644845158,8,6,181,UP,Meet Singh,IND,,,,,False,6,2009,GE
1802446,Mohd. Hasan Lahari,BRPP,23273,693,0.522419563971896,9,6,181,UP,Mohd. Hasan Lahari,BRPP,,,,,False,6,2009,GE
1802447,Dilip,IND,22955,536,0.404064770979706,10,6,181,UP,Dilip,IND,,,,,False,6,2009,GE
1802448,Mihilal,IND,22955,477,0.359587492084552,11,6,181,UP,Mihilal,IND,,,,,False,6,2009,GE
1802449,Omkar,IND,22955,420,0.316617917558725,12,6,181,UP,Omkar,IND,,,,,False,6,2009,GE
1802450,Sunita,MAP,23417,353,0.266109821186261,13,6,181,UP,Sunita,MAP,,,,,False,6,2009,GE
1802451,Aavid Hussain,IND,22955,327,0.246509664385007,14,6,181,UP,Aavid Hussain,IND,,,,,False,6,2009,GE
1802452,Kapil Deo,IND,22955,303,0.22841721195308,15,6,181,UP,Kapil Deo,IND,,,,,False,6,2009,GE
1802453,Suryabhan Maurya,RASD,23418,272,0.205047794228507,16,6,181,UP,Suryabhan Maurya,RASD,,,,,False,6,2009,GE
1802561,Sonia Gandhi,INC,22954,103722,72.6634581030243,1,6,182,UP,Sonia Gandhi,INC,,,,,False,6,2009,GE
1802562,R S Kushwaha,BSP,22951,22772,15.9531465641047,2,6,182,UP,R S Kushwaha,BSP,,,,,False,6,2009,GE
1802563,R.B.Singh,BJP,22953,6399,4.48288182257623,3,6,182,UP,R.B.Singh,BJP,,,,,False,6,2009,GE
1802564,Anil Kumar Maurya,AD,23110,2610,1.82846094029129,4,6,182,UP,Anil Kumar Maurya,AD,,,,,False,6,2009,GE
1802565,Horilal,IND,22955,1780,1.24699635008371,5,6,182,UP,Horilal,IND,,,,,False,6,2009,GE
1802566,Shyam Bihari Gupta,IND,22955,1058,0.741192212577849,6,6,182,UP,Shyam Bihari Gupta,IND,,,,,False,6,2009,GE
1802567,Sripal,IND,22955,824,0.577261231724147,7,6,182,UP,Sripal,IND,,,,,False,6,2009,GE
1802568,Lajjawati Kanchan,IND,22955,721,0.505103577758629,8,6,182,UP,Lajjawati Kanchan,IND,,,,,False,6,2009,GE
1802569,Rama Shankar,IND,22955,458,0.320856364235023,9,6,182,UP,Rama Shankar,IND,,,,,False,6,2009,GE
1802570,O Hanumant Prasad,IND,22955,440,0.308246288784739,10,6,182,UP,O Hanumant Prasad,IND,,,,,False,6,2009,GE
1802571,Babulal,IND,22955,430,0.301240691312358,11,6,182,UP,Babulal,IND,,,,,False,6,2009,GE
1802572,Dinesh,RCP,23300,413,0.289331175609311,12,6,182,UP,Dinesh,RCP,,,,,False,6,2009,GE
1802573,Iliyas Hussain,IND,22955,382,0.267613823444932,13,6,182,UP,Iliyas Hussain,IND,,,,,False,6,2009,GE
1802574,O Ram Naresh Singh,IND,22955,274,0.191953370743223,14,6,182,UP,O Ram Naresh Singh,IND,,,,,False,6,2009,GE
1802575,Avnish,IND,22955,232,0.162529861359226,15,6,182,UP,Avnish,IND,,,,,False,6,2009,GE
1802576,Alok Kumar Singh,IND,22955,228,0.159727622370273,16,6,182,UP,Alok Kumar Singh,IND,,,,,False,6,2009,GE
1802663,Sonia Gandhi,INC,22954,88447,66.5290157583963,1,6,183,UP,Sonia Gandhi,INC,,,,,False,6,2009,GE
1802664,R S Kushwaha,BSP,22951,29321,22.0549851442325,2,6,183,UP,R S Kushwaha,BSP,,,,,False,6,2009,GE
1802665,R.B.Singh,BJP,22953,3843,2.89066907367708,3,6,183,UP,R.B.Singh,BJP,,,,,False,6,2009,GE
1802666,Anil Kumar Maurya,AD,23110,2598,1.95419158298544,4,6,183,UP,Anil Kumar Maurya,AD,,,,,False,6,2009,GE
1802667,Horilal,IND,22955,2443,1.83760201587122,5,6,183,UP,Horilal,IND,,,,,False,6,2009,GE
1802668,Shyam Bihari Gupta,IND,22955,1264,0.950769115047576,6,6,183,UP,Shyam Bihari Gupta,IND,,,,,False,6,2009,GE
1802669,Sripal,IND,22955,990,0.744668848019857,7,6,183,UP,Sripal,IND,,,,,False,6,2009,GE
1802670,Lajjawati Kanchan,IND,22955,853,0.641618714505998,8,6,183,UP,Lajjawati Kanchan,IND,,,,,False,6,2009,GE
1802671,Rama Shankar,IND,22955,584,0.439279401256158,9,6,183,UP,Rama Shankar,IND,,,,,False,6,2009,GE
1802672,Babulal,IND,22955,484,0.364060325698597,10,6,183,UP,Babulal,IND,,,,,False,6,2009,GE
1802673,O Hanumant Prasad,IND,22955,416,0.312911354319455,11,6,183,UP,O Hanumant Prasad,IND,,,,,False,6,2009,GE
1802674,Iliyas Hussain,IND,22955,405,0.304637256008123,12,6,183,UP,Iliyas Hussain,IND,,,,,False,6,2009,GE
1802675,Dinesh,RCP,23300,361,0.271540862762796,13,6,183,UP,Dinesh,RCP,,,,,False,6,2009,GE
1802676,O Ram Naresh Singh,IND,22955,342,0.257249238406859,14,6,183,UP,O Ram Naresh Singh,IND,,,,,False,6,2009,GE
1802677,Avnish,IND,22955,301,0.226409417428259,15,6,183,UP,Avnish,IND,,,,,False,6,2009,GE
1802678,Alok Kumar Singh,IND,22955,293,0.220391891383654,16,6,183,UP,Alok Kumar Singh,IND,,,,,False,6,2009,GE
1802765,Rahul Gandhi,INC,22954,98057,73.6595003079881,1,6,184,UP,Rahul Gandhi,INC,,,,,False,6,2009,GE
1802766,Asheesh Shukla,BSP,22951,16019,12.0333228166644,2,6,184,UP,Asheesh Shukla,BSP,,,,,False,6,2009,GE
1802767,Pradeep Kumar Singh,BJP,22953,9075,6.81705503222607,3,6,184,UP,Pradeep Kumar Singh,BJP,,,,,False,6,2009,GE
1802768,Bhuwal,JPS,23265,1697,1.27477051126034,4,6,184,UP,Bhuwal,JPS,,,,,False,6,2009,GE
1802769,Swaminath,IND,22955,1673,1.25674193596851,5,6,184,UP,Swaminath,IND,,,,,False,6,2009,GE
1802770,Ramesh Chandra,IND,22955,1535,1.15307762804044,6,6,184,UP,Ramesh Chandra,IND,,,,,False,6,2009,GE
1802771,Meet Singh,IND,22955,927,0.696353720647225,7,6,184,UP,Meet Singh,IND,,,,,False,6,2009,GE
1802772,Mohd. Hasan Lahari,BRPP,23273,767,0.576163218701642,8,6,184,UP,Mohd. Hasan Lahari,BRPP,,,,,False,6,2009,GE
1802773,Ram Shanker,IND,22955,561,0.421417947446703,9,6,184,UP,Ram Shanker,IND,,,,,False,6,2009,GE
1802774,Dilip,IND,22955,527,0.395877465783266,10,6,184,UP,Dilip,IND,,,,,False,6,2009,GE
1802775,Mihilal,IND,22955,511,0.383858415588708,11,6,184,UP,Mihilal,IND,,,,,False,6,2009,GE
1802776,Sunita,MAP,23417,499,0.374844127942789,12,6,184,UP,Sunita,MAP,,,,,False,6,2009,GE
1802777,Suryabhan Maurya,RASD,23418,386,0.28995958594372,13,6,184,UP,Suryabhan Maurya,RASD,,,,,False,6,2009,GE
1802778,Aavid Hussain,IND,22955,312,0.234371478793888,14,6,184,UP,Aavid Hussain,IND,,,,,False,6,2009,GE
1802779,Omkar,IND,22955,308,0.231366716245248,15,6,184,UP,Omkar,IND,,,,,False,6,2009,GE
1802780,Kapil Deo,IND,22955,268,0.201319090758852,16,6,184,UP,Kapil Deo,IND,,,,,False,6,2009,GE
1802892,Rahul Gandhi,INC,22954,96793,72.2994069227206,1,6,185,UP,Rahul Gandhi,INC,,,,,False,6,2009,GE
1802893,Asheesh Shukla,BSP,22951,17268,12.8983104020077,2,6,185,UP,Asheesh Shukla,BSP,,,,,False,6,2009,GE
1802894,Pradeep Kumar Singh,BJP,22953,9239,6.90105917327716,3,6,185,UP,Pradeep Kumar Singh,BJP,,,,,False,6,2009,GE
1802895,Bhuwal,JPS,23265,2308,1.72395763306891,4,6,185,UP,Bhuwal,JPS,,,,,False,6,2009,GE
1802896,Swaminath,IND,22955,1964,1.46700727528047,5,6,185,UP,Swaminath,IND,,,,,False,6,2009,GE
1802897,Ramesh Chandra,IND,22955,1390,1.03825871315675,6,6,185,UP,Ramesh Chandra,IND,,,,,False,6,2009,GE
1802898,Meet Singh,IND,22955,968,0.723046355637221,7,6,185,UP,Meet Singh,IND,,,,,False,6,2009,GE
1802899,Mohd. Hasan Lahari,BRPP,23273,914,0.682711125054153,8,6,185,UP,Mohd. Hasan Lahari,BRPP,,,,,False,6,2009,GE
1802900,Ram Shanker,IND,22955,568,0.424266869836717,9,6,185,UP,Ram Shanker,IND,,,,,False,6,2009,GE
1802901,Dilip,IND,22955,462,0.345090306099583,10,6,185,UP,Dilip,IND,,,,,False,6,2009,GE
1802902,Mihilal,IND,22955,418,0.312224562661527,11,6,185,UP,Mihilal,IND,,,,,False,6,2009,GE
1802903,Omkar,IND,22955,346,0.258444255217436,12,6,185,UP,Omkar,IND,,,,,False,6,2009,GE
1802904,Sunita,MAP,23417,341,0.25470951164493,13,6,185,UP,Sunita,MAP,,,,,False,6,2009,GE
1802905,Suryabhan Maurya,RASD,23418,319,0.238276639925902,14,6,185,UP,Suryabhan Maurya,RASD,,,,,False,6,2009,GE
1802906,Aavid Hussain,IND,22955,302,0.225578511779381,15,6,185,UP,Aavid Hussain,IND,,,,,False,6,2009,GE
1802907,Kapil Deo,IND,22955,278,0.20765174263135,16,6,185,UP,Kapil Deo,IND,,,,,False,6,2009,GE
1803038,Rahul Gandhi,INC,22954,78771,66.0370715022257,1,6,186,UP,Rahul Gandhi,INC,,,,,False,6,2009,GE
1803039,Asheesh Shukla,BSP,22951,24570,20.5980734890973,2,6,186,UP,Asheesh Shukla,BSP,,,,,False,6,2009,GE
1803040,Pradeep Kumar Singh,BJP,22953,6062,5.08203180671176,3,6,186,UP,Pradeep Kumar Singh,BJP,,,,,False,6,2009,GE
1803041,Bhuwal,JPS,23265,2785,2.3347836657361,4,6,186,UP,Bhuwal,JPS,,,,,False,6,2009,GE
1803042,Swaminath,IND,22955,1997,1.67416983140933,5,6,186,UP,Swaminath,IND,,,,,False,6,2009,GE
1803043,Ramesh Chandra,IND,22955,1017,0.852594250647619,6,6,186,UP,Ramesh Chandra,IND,,,,,False,6,2009,GE
1803044,Mohd. Hasan Lahari,BRPP,23273,780,0.653907094891979,7,6,186,UP,Mohd. Hasan Lahari,BRPP,,,,,False,6,2009,GE
1803045,Meet Singh,IND,22955,716,0.600253179413663,8,6,186,UP,Meet Singh,IND,,,,,False,6,2009,GE
1803046,Ram Shanker,IND,22955,553,0.463603363429826,9,6,186,UP,Ram Shanker,IND,,,,,False,6,2009,GE
1803047,Dilip,IND,22955,357,0.299288247277482,10,6,186,UP,Dilip,IND,,,,,False,6,2009,GE
1803048,Mihilal,IND,22955,346,0.290066480554647,11,6,186,UP,Mihilal,IND,,,,,False,6,2009,GE
1803049,Kapil Deo,IND,22955,321,0.26910791982093,12,6,186,UP,Kapil Deo,IND,,,,,False,6,2009,GE
1803050,Sunita,MAP,23417,289,0.242280962081771,13,6,186,UP,Sunita,MAP,,,,,False,6,2009,GE
1803051,Omkar,IND,22955,258,0.216292346771962,14,6,186,UP,Omkar,IND,,,,,False,6,2009,GE
1803052,Aavid Hussain,IND,22955,248,0.207908922478475,15,6,186,UP,Aavid Hussain,IND,,,,,False,6,2009,GE
1803053,Suryabhan Maurya,RASD,23418,213,0.178566937451271,16,6,186,UP,Suryabhan Maurya,RASD,,,,,False,6,2009,GE
1803186,Dr. Sanjay Sinh,INC,22954,58526,44.3651028282506,1,6,187,UP,Dr. Sanjay Sinh,INC,,,,,False,6,2009,GE
1803187,Mohd.Tahir,BSP,22951,33562,25.4413693251161,2,6,187,UP,Mohd.Tahir,BSP,,,,,False,6,2009,GE
1803188,Ashok Pandey,SP,22952,20669,15.6679477558198,3,6,187,UP,Ashok Pandey,SP,,,,,False,6,2009,GE
1803189,Surya Bhan Singh,BJP,22953,10125,7.6751643053692,4,6,187,UP,Surya Bhan Singh,BJP,,,,,False,6,2009,GE
1803190,Jhinkuram Vishwakarma,IND,22955,1626,1.23257453437336,5,6,187,UP,Jhinkuram Vishwakarma,IND,,,,,False,6,2009,GE
1803191,Hari Narayan,IND,22955,1355,1.02714544531113,6,6,187,UP,Hari Narayan,IND,,,,,False,6,2009,GE
1803192,Prakash Chandra,IND,22955,1015,0.769411532834542,7,6,187,UP,Prakash Chandra,IND,,,,,False,6,2009,GE
1803193,Anil,RPI(A),23009,1012,0.767137410077395,8,6,187,UP,Anil,RPI(A),,,,,False,6,2009,GE
1803194,Krishna Narayan,IND,22955,858,0.650399108543879,9,6,187,UP,Krishna Narayan,IND,,,,,False,6,2009,GE
1803195,Mohd.Umar,PECP,22956,563,0.42677703742448,10,6,187,UP,Mohd.Umar,PECP,,,,,False,6,2009,GE
1803196,Awadhesh Kumar,IND,22955,547,0.414648382719699,11,6,187,UP,Awadhesh Kumar,IND,,,,,False,6,2009,GE
1803197,Chotelal Maurya,AD,23110,542,0.410858178124455,12,6,187,UP,Chotelal Maurya,AD,,,,,False,6,2009,GE
1803198,Rakesh,NYP,23139,444,0.336570168057671,13,6,187,UP,Rakesh,NYP,,,,,False,6,2009,GE
1803199,Triveni Prasad Bheem,BRPP,23273,385,0.291845753833791,14,6,187,UP,Triveni Prasad Bheem,BRPP,,,,,False,6,2009,GE
1803200,Rajkumar Pandey,RDMP,22983,353,0.26758844442423,15,6,187,UP,Rajkumar Pandey,RDMP,,,,,False,6,2009,GE
1803201,Arvind Kumar,IND,22955,337,0.255459789719449,16,6,187,UP,Arvind Kumar,IND,,,,,False,6,2009,GE
1803283,Dr. Sanjay Sinh,INC,22954,51753,38.2135552421528,1,6,188,UP,Dr. Sanjay Sinh,INC,,,,,False,6,2009,GE
1803284,Mohd.Tahir,BSP,22951,40843,30.1577925290369,2,6,188,UP,Mohd.Tahir,BSP,,,,,False,6,2009,GE
1803285,Ashok Pandey,SP,22952,23315,17.2154085844452,3,6,188,UP,Ashok Pandey,SP,,,,,False,6,2009,GE
1803286,Surya Bhan Singh,BJP,22953,11557,8.53349676218886,4,6,188,UP,Surya Bhan Singh,BJP,,,,,False,6,2009,GE
1803287,Jhinkuram Vishwakarma,IND,22955,1317,0.972450915964587,5,6,188,UP,Jhinkuram Vishwakarma,IND,,,,,False,6,2009,GE
1803288,Hari Narayan,IND,22955,1255,0.926671146192526,6,6,188,UP,Hari Narayan,IND,,,,,False,6,2009,GE
1803289,Prakash Chandra,IND,22955,966,0.713278348384047,7,6,188,UP,Prakash Chandra,IND,,,,,False,6,2009,GE
1803290,Krishna Narayan,IND,22955,766,0.56560167169998,8,6,188,UP,Krishna Narayan,IND,,,,,False,6,2009,GE
1803291,Anil,RPI(A),23009,741,0.547142087114471,9,6,188,UP,Anil,RPI(A),,,,,False,6,2009,GE
1803292,Chotelal Maurya,AD,23110,607,0.448198713736146,10,6,188,UP,Chotelal Maurya,AD,,,,,False,6,2009,GE
1803293,Mohd.Umar,PECP,22956,596,0.440076496518522,11,6,188,UP,Mohd.Umar,PECP,,,,,False,6,2009,GE
1803294,Awadhesh Kumar,IND,22955,437,0.322673538554688,12,6,188,UP,Awadhesh Kumar,IND,,,,,False,6,2009,GE
1803295,Rakesh,NYP,23139,363,0.268033168181583,13,6,188,UP,Rakesh,NYP,,,,,False,6,2009,GE
1803296,Triveni Prasad Bheem,BRPP,23273,361,0.266556401414742,14,6,188,UP,Triveni Prasad Bheem,BRPP,,,,,False,6,2009,GE
1803297,Rajkumar Pandey,RDMP,22983,301,0.222253398409522,15,6,188,UP,Rajkumar Pandey,RDMP,,,,,False,6,2009,GE
1803298,Arvind Kumar,IND,22955,253,0.186810996005345,16,6,188,UP,Arvind Kumar,IND,,,,,False,6,2009,GE
1803384,Dr. Sanjay Sinh,INC,22954,64238,46.7951192861045,1,6,189,UP,Dr. Sanjay Sinh,INC,,,,,False,6,2009,GE
1803385,Mohd.Tahir,BSP,22951,38819,28.2782735385175,2,6,189,UP,Mohd.Tahir,BSP,,,,,False,6,2009,GE
1803386,Ashok Pandey,SP,22952,14582,10.6224731378619,3,6,189,UP,Ashok Pandey,SP,,,,,False,6,2009,GE
1803387,Surya Bhan Singh,BJP,22953,8466,6.16718266253869,4,6,189,UP,Surya Bhan Singh,BJP,,,,,False,6,2009,GE
1803388,Jhinkuram Vishwakarma,IND,22955,1890,1.37679839737752,5,6,189,UP,Jhinkuram Vishwakarma,IND,,,,,False,6,2009,GE
1803389,Hari Narayan,IND,22955,1721,1.25368785285011,6,6,189,UP,Hari Narayan,IND,,,,,False,6,2009,GE
1803390,Prakash Chandra,IND,22955,1447,1.0540885084684,7,6,189,UP,Prakash Chandra,IND,,,,,False,6,2009,GE
1803391,Krishna Narayan,IND,22955,1233,0.898197049717719,8,6,189,UP,Krishna Narayan,IND,,,,,False,6,2009,GE
1803392,Anil,RPI(A),23009,1158,0.843562192678929,9,6,189,UP,Anil,RPI(A),,,,,False,6,2009,GE
1803393,Chotelal Maurya,AD,23110,1140,0.830449826989619,10,6,189,UP,Chotelal Maurya,AD,,,,,False,6,2009,GE
1803394,Awadhesh Kumar,IND,22955,616,0.448734292478601,11,6,189,UP,Awadhesh Kumar,IND,,,,,False,6,2009,GE
1803395,Rakesh,NYP,23139,474,0.345292296485157,12,6,189,UP,Rakesh,NYP,,,,,False,6,2009,GE
1803396,Arvind Kumar,IND,22955,401,0.292114368967401,13,6,189,UP,Arvind Kumar,IND,,,,,False,6,2009,GE
1803397,Triveni Prasad Bheem,BRPP,23273,386,0.281187397559643,14,6,189,UP,Triveni Prasad Bheem,BRPP,,,,,False,6,2009,GE
1803398,Rajkumar Pandey,RDMP,22983,367,0.267346567109816,15,6,189,UP,Rajkumar Pandey,RDMP,,,,,False,6,2009,GE
1803399,Mohd.Umar,PECP,22956,337,0.245492624294299,16,6,189,UP,Mohd.Umar,PECP,,,,,False,6,2009,GE
1803480,Dr. Sanjay Sinh,INC,22954,59438,40.9110306567735,1,6,190,UP,Dr. Sanjay Sinh,INC,,,,,False,6,2009,GE
1803481,Mohd.Tahir,BSP,22951,45009,30.9795850942279,2,6,190,UP,Mohd.Tahir,BSP,,,,,False,6,2009,GE
1803482,Ashok Pandey,SP,22952,23045,15.8618173808901,3,6,190,UP,Ashok Pandey,SP,,,,,False,6,2009,GE
1803483,Surya Bhan Singh,BJP,22953,6909,4.75544787522541,4,6,190,UP,Surya Bhan Singh,BJP,,,,,False,6,2009,GE
1803484,Jhinkuram Vishwakarma,IND,22955,1771,1.21897498726649,5,6,190,UP,Jhinkuram Vishwakarma,IND,,,,,False,6,2009,GE
1803485,Hari Narayan,IND,22955,1628,1.12054843549963,6,6,190,UP,Hari Narayan,IND,,,,,False,6,2009,GE
1803486,Prakash Chandra,IND,22955,1460,1.00491444461269,7,6,190,UP,Prakash Chandra,IND,,,,,False,6,2009,GE
1803487,Krishna Narayan,IND,22955,1148,0.790165604394091,8,6,190,UP,Krishna Narayan,IND,,,,,False,6,2009,GE
1803488,Anil,RPI(A),23009,1113,0.766075189625979,9,6,190,UP,Anil,RPI(A),,,,,False,6,2009,GE
1803489,Chotelal Maurya,AD,23110,979,0.673843315942348,10,6,190,UP,Chotelal Maurya,AD,,,,,False,6,2009,GE
1803490,Awadhesh Kumar,IND,22955,611,0.420549812094764,11,6,190,UP,Awadhesh Kumar,IND,,,,,False,6,2009,GE
1803491,Triveni Prasad Bheem,BRPP,23273,524,0.360667923956885,12,6,190,UP,Triveni Prasad Bheem,BRPP,,,,,False,6,2009,GE
1803492,Mohd.Umar,PECP,22956,463,0.318681772503888,13,6,190,UP,Mohd.Umar,PECP,,,,,False,6,2009,GE
1803493,Rakesh,NYP,23139,455,0.313175391985463,14,6,190,UP,Rakesh,NYP,,,,,False,6,2009,GE
1803494,Rajkumar Pandey,RDMP,22983,383,0.263617967319631,15,6,190,UP,Rajkumar Pandey,RDMP,,,,,False,6,2009,GE
1803495,Arvind Kumar,IND,22955,350,0.240904147681125,16,6,190,UP,Arvind Kumar,IND,,,,,False,6,2009,GE
1803581,Dr. Sanjay Sinh,INC,22954,66455,42.0758384460019,1,6,191,UP,Dr. Sanjay Sinh,INC,,,,,False,6,2009,GE
1803582,Mohd.Tahir,BSP,22951,43399,27.4779822845239,2,6,191,UP,Mohd.Tahir,BSP,,,,,False,6,2009,GE
1803583,Ashok Pandey,SP,22952,26284,16.6416573277363,3,6,191,UP,Ashok Pandey,SP,,,,,False,6,2009,GE
1803584,Surya Bhan Singh,BJP,22953,7367,4.6643999974674,4,6,191,UP,Surya Bhan Singh,BJP,,,,,False,6,2009,GE
1803585,Chotelal Maurya,AD,23110,2334,1.47776701426482,5,6,191,UP,Chotelal Maurya,AD,,,,,False,6,2009,GE
1803586,Jhinkuram Vishwakarma,IND,22955,2299,1.45560684052905,6,6,191,UP,Jhinkuram Vishwakarma,IND,,,,,False,6,2009,GE
1803587,Hari Narayan,IND,22955,1946,1.23210565970837,7,6,191,UP,Hari Narayan,IND,,,,,False,6,2009,GE
1803588,Prakash Chandra,IND,22955,1799,1.13903293001817,8,6,191,UP,Prakash Chandra,IND,,,,,False,6,2009,GE
1803589,Krishna Narayan,IND,22955,1559,0.987077452972945,9,6,191,UP,Krishna Narayan,IND,,,,,False,6,2009,GE
1803590,Anil,RPI(A),23009,1263,0.7996656979505,10,6,191,UP,Anil,RPI(A),,,,,False,6,2009,GE
1803591,Awadhesh Kumar,IND,22955,783,0.495754743860049,11,6,191,UP,Awadhesh Kumar,IND,,,,,False,6,2009,GE
1803592,Triveni Prasad Bheem,BRPP,23273,594,0.376089805686933,12,6,191,UP,Triveni Prasad Bheem,BRPP,,,,,False,6,2009,GE
1803593,Rakesh,NYP,23139,539,0.341266675530736,13,6,191,UP,Rakesh,NYP,,,,,False,6,2009,GE
1803594,Arvind Kumar,IND,22955,505,0.319739649615995,14,6,191,UP,Arvind Kumar,IND,,,,,False,6,2009,GE
1803595,Rajkumar Pandey,RDMP,22983,446,0.282383928175711,15,6,191,UP,Rajkumar Pandey,RDMP,,,,,False,6,2009,GE
1803596,Mohd.Umar,PECP,22956,369,0.233631545957034,16,6,191,UP,Mohd.Umar,PECP,,,,,False,6,2009,GE
1803675,Mithlesh Kumari,BJP,22953,39251,26.8283847331583,1,6,192,UP,Mithlesh Kumari,BJP,,,,,False,6,2009,GE
1803676,Salman Khurshid,INC,22954,37915,25.9152176290463,2,6,192,UP,Salman Khurshid,INC,,,,,False,6,2009,GE
1803677,Naresh Chandra Agrawal,BSP,22951,30461,20.8203466754155,3,6,192,UP,Naresh Chandra Agrawal,BSP,,,,,False,6,2009,GE
1803678,Chandra Bhushan Singh Urf Munnu,SP,22952,25884,17.6919291338582,4,6,192,UP,Chandra Bhushan Singh Urf Munnu,SP,,,,,False,6,2009,GE
1803679,Sakshi Maharaj,RTKP,23187,7033,4.80711395450568,5,6,192,UP,Sakshi Maharaj,RTKP,,,,,False,6,2009,GE
1803680,Suresh Chandra Saraswat Urf Elaichi Wala,IND,22955,1032,0.705380577427821,6,6,192,UP,Suresh Chandra Saraswat Urf Elaichi Wala,IND,,,,,False,6,2009,GE
1803681,Rishidutt,ABHM,22976,849,0.580298556430446,7,6,192,UP,Rishidutt,ABHM,,,,,False,6,2009,GE
1803682,Veena Kureel,IND,22955,627,0.428559711286089,8,6,192,UP,Veena Kureel,IND,,,,,False,6,2009,GE
1803683,Om Babu,JPS,23265,623,0.425825678040244,9,6,192,UP,Om Babu,JPS,,,,,False,6,2009,GE
1803684,Subodh Gangwar,AD,23110,583,0.398485345581802,10,6,192,UP,Subodh Gangwar,AD,,,,,False,6,2009,GE
1803685,Vinod Kumar,IND,22955,498,0.340387139107611,11,6,192,UP,Vinod Kumar,IND,,,,,False,6,2009,GE
1803686,Ramsharan,BNRP,23275,404,0.276137357830271,12,6,192,UP,Ramsharan,BNRP,,,,,False,6,2009,GE
1803687,Wazid Ali,IJP,22982,394,0.26930227471566,13,6,192,UP,Wazid Ali,IJP,,,,,False,6,2009,GE
1803688,Riyaz Ahmad,IND,22955,329,0.224874234470691,14,6,192,UP,Riyaz Ahmad,IND,,,,,False,6,2009,GE
1803689,Jaiveer Singh Shakya,BRPP,23273,259,0.177028652668416,15,6,192,UP,Jaiveer Singh Shakya,BRPP,,,,,False,6,2009,GE
1803690,Dalganjan Singh Yadav,BRM,23276,162,0.110728346456692,16,6,192,UP,Dalganjan Singh Yadav,BRM,,,,,False,6,2009,GE
1803766,Salman Khurshid,INC,22954,25824,25.1360269425815,1,6,193,UP,Salman Khurshid,INC,,,,,False,6,2009,GE
1803767,Chandra Bhushan Singh Urf Munnu,SP,22952,24624,23.9679959508258,2,6,193,UP,Chandra Bhushan Singh Urf Munnu,SP,,,,,False,6,2009,GE
1803768,Naresh Chandra Agrawal,BSP,22951,23962,23.3236321870406,3,6,193,UP,Naresh Chandra Agrawal,BSP,,,,,False,6,2009,GE
1803769,Mithlesh Kumari,BJP,22953,17246,16.7865520698482,4,6,193,UP,Mithlesh Kumari,BJP,,,,,False,6,2009,GE
1803770,Sakshi Maharaj,RTKP,23187,6134,5.97058508619095,5,6,193,UP,Sakshi Maharaj,RTKP,,,,,False,6,2009,GE
1803771,Suresh Chandra Saraswat Urf Elaichi Wala,IND,22955,918,0.89354370869307,6,6,193,UP,Suresh Chandra Saraswat Urf Elaichi Wala,IND,,,,,False,6,2009,GE
1803772,Rishidutt,ABHM,22976,865,0.841955673223862,7,6,193,UP,Rishidutt,ABHM,,,,,False,6,2009,GE
1803773,Veena Kureel,IND,22955,561,0.546054488645765,8,6,193,UP,Veena Kureel,IND,,,,,False,6,2009,GE
1803774,Om Babu,JPS,23265,518,0.504200044774521,9,6,193,UP,Om Babu,JPS,,,,,False,6,2009,GE
1803775,Subodh Gangwar,AD,23110,395,0.384476868119567,10,6,193,UP,Subodh Gangwar,AD,,,,,False,6,2009,GE
1803776,Vinod Kumar,IND,22955,360,0.350409297526694,11,6,193,UP,Vinod Kumar,IND,,,,,False,6,2009,GE
1803777,Dalganjan Singh Yadav,BRM,23276,292,0.28422087466054,12,6,193,UP,Dalganjan Singh Yadav,BRM,,,,,False,6,2009,GE
1803778,Riyaz Ahmad,IND,22955,289,0.281300797181151,13,6,193,UP,Riyaz Ahmad,IND,,,,,False,6,2009,GE
1803779,Ramsharan,BNRP,23275,275,0.267673768944002,14,6,193,UP,Ramsharan,BNRP,,,,,False,6,2009,GE
1803780,Jaiveer Singh Shakya,BRPP,23273,242,0.235552916670722,15,6,193,UP,Jaiveer Singh Shakya,BRPP,,,,,False,6,2009,GE
1803781,Wazid Ali,IJP,22982,232,0.225819325072758,16,6,193,UP,Wazid Ali,IJP,,,,,False,6,2009,GE
1803868,Salman Khurshid,INC,22954,45437,40.4812815167227,1,6,194,UP,Salman Khurshid,INC,,,,,False,6,2009,GE
1803869,Mithlesh Kumari,BJP,22953,29430,26.2201315015769,2,6,194,UP,Mithlesh Kumari,BJP,,,,,False,6,2009,GE
1803870,Naresh Chandra Agrawal,BSP,22951,19301,17.1958803300012,3,6,194,UP,Naresh Chandra Agrawal,BSP,,,,,False,6,2009,GE
1803871,Chandra Bhushan Singh Urf Munnu,SP,22952,11266,10.0372409614939,4,6,194,UP,Chandra Bhushan Singh Urf Munnu,SP,,,,,False,6,2009,GE
1803872,Sakshi Maharaj,RTKP,23187,3389,3.0193688637052,5,6,194,UP,Sakshi Maharaj,RTKP,,,,,False,6,2009,GE
1803873,Suresh Chandra Saraswat Urf Elaichi Wala,IND,22955,614,0.547032305197697,6,6,194,UP,Suresh Chandra Saraswat Urf Elaichi Wala,IND,,,,,False,6,2009,GE
1803874,Om Babu,JPS,23265,511,0.455266299602644,7,6,194,UP,Om Babu,JPS,,,,,False,6,2009,GE
1803875,Rishidutt,ABHM,22976,492,0.438338589832682,8,6,194,UP,Rishidutt,ABHM,,,,,False,6,2009,GE
1803876,Veena Kureel,IND,22955,319,0.284207337716719,9,6,194,UP,Veena Kureel,IND,,,,,False,6,2009,GE
1803877,Ramsharan,BNRP,23275,278,0.247679121897328,10,6,194,UP,Ramsharan,BNRP,,,,,False,6,2009,GE
1803878,Subodh Gangwar,AD,23110,236,0.210259973984782,11,6,194,UP,Subodh Gangwar,AD,,,,,False,6,2009,GE
1803879,Vinod Kumar,IND,22955,234,0.208478109798471,12,6,194,UP,Vinod Kumar,IND,,,,,False,6,2009,GE
1803880,Riyaz Ahmad,IND,22955,217,0.193332264214821,13,6,194,UP,Riyaz Ahmad,IND,,,,,False,6,2009,GE
1803881,Jaiveer Singh Shakya,BRPP,23273,206,0.183532011190107,14,6,194,UP,Jaiveer Singh Shakya,BRPP,,,,,False,6,2009,GE
1803882,Wazid Ali,IJP,22982,176,0.156804048395431,15,6,194,UP,Wazid Ali,IJP,,,,,False,6,2009,GE
1803883,Dalganjan Singh Yadav,BRM,23276,136,0.121166764669196,16,6,194,UP,Dalganjan Singh Yadav,BRM,,,,,False,6,2009,GE
1803975,Salman Khurshid,INC,22954,35974,32.0532468458193,1,6,195,UP,Salman Khurshid,INC,,,,,False,6,2009,GE
1803976,Chandra Bhushan Singh Urf Munnu,SP,22952,24647,21.9607598545869,2,6,195,UP,Chandra Bhushan Singh Urf Munnu,SP,,,,,False,6,2009,GE
1803977,Naresh Chandra Agrawal,BSP,22951,24189,21.5526765984745,3,6,195,UP,Naresh Chandra Agrawal,BSP,,,,,False,6,2009,GE
1803978,Mithlesh Kumari,BJP,22953,15735,14.0200655784446,4,6,195,UP,Mithlesh Kumari,BJP,,,,,False,6,2009,GE
1803979,Sakshi Maharaj,RTKP,23187,7165,6.38409722717228,5,6,195,UP,Sakshi Maharaj,RTKP,,,,,False,6,2009,GE
1803980,Rishidutt,ABHM,22976,900,0.801910328605032,6,6,195,UP,Rishidutt,ABHM,,,,,False,6,2009,GE
1803981,Suresh Chandra Saraswat Urf Elaichi Wala,IND,22955,796,0.709245135077339,7,6,195,UP,Suresh Chandra Saraswat Urf Elaichi Wala,IND,,,,,False,6,2009,GE
1803982,Om Babu,JPS,23265,557,0.496293392258892,8,6,195,UP,Om Babu,JPS,,,,,False,6,2009,GE
1803983,Veena Kureel,IND,22955,511,0.455306864352412,9,6,195,UP,Veena Kureel,IND,,,,,False,6,2009,GE
1803984,Subodh Gangwar,AD,23110,335,0.298488844536317,10,6,195,UP,Subodh Gangwar,AD,,,,,False,6,2009,GE
1803985,Ramsharan,BNRP,23275,292,0.260175351058521,11,6,195,UP,Ramsharan,BNRP,,,,,False,6,2009,GE
1803986,Vinod Kumar,IND,22955,291,0.259284339582293,12,6,195,UP,Vinod Kumar,IND,,,,,False,6,2009,GE
1803987,Riyaz Ahmad,IND,22955,272,0.242355121533965,13,6,195,UP,Riyaz Ahmad,IND,,,,,False,6,2009,GE
1803988,Jaiveer Singh Shakya,BRPP,23273,220,0.196022524770119,14,6,195,UP,Jaiveer Singh Shakya,BRPP,,,,,False,6,2009,GE
1803989,Wazid Ali,IJP,22982,203,0.180875329674246,15,6,195,UP,Wazid Ali,IJP,,,,,False,6,2009,GE
1803990,Dalganjan Singh Yadav,BRM,23276,145,0.129196664053033,16,6,195,UP,Dalganjan Singh Yadav,BRM,,,,,False,6,2009,GE
1804082,Akhilesh Yadav,SP,22952,75381,47.5361971546766,1,6,196,UP,Akhilesh Yadav,SP,,,,,False,6,2009,GE
1804083,Dr. Mahesh Chandra Verma,BSP,22951,40341,25.4395368782161,2,6,196,UP,Dr. Mahesh Chandra Verma,BSP,,,,,False,6,2009,GE
1804084,Subrat Pathak,BJP,22953,34943,22.0354908687317,3,6,196,UP,Subrat Pathak,BJP,,,,,False,6,2009,GE
1804085,Ramkaran Kashyap,VAJP,22957,1411,0.889794168096054,4,6,196,UP,Ramkaran Kashyap,VAJP,,,,,False,6,2009,GE
1804086,Balram,BSP(K),23111,1254,0.790788013318534,5,6,196,UP,Balram,BSP(K),,,,,False,6,2009,GE
1804087,Shrikrishna Shakya,IND,22955,1209,0.762410453031984,6,6,196,UP,Shrikrishna Shakya,IND,,,,,False,6,2009,GE
1804088,Sanjeev,IND,22955,880,0.554938956714761,7,6,196,UP,Sanjeev,IND,,,,,False,6,2009,GE
1804089,Vijay Singh Chauhan,MD,22974,847,0.534128745837957,8,6,196,UP,Vijay Singh Chauhan,MD,,,,,False,6,2009,GE
1804090,Shahanshah Khan,IND,22955,588,0.37080012107759,9,6,196,UP,Shahanshah Khan,IND,,,,,False,6,2009,GE
1804091,Ajab Singh Yadav,ABAS,23368,468,0.295126626980123,10,6,196,UP,Ajab Singh Yadav,ABAS,,,,,False,6,2009,GE
1804092,Lal Singh,IND,22955,288,0.181616385833921,11,6,196,UP,Lal Singh,IND,,,,,False,6,2009,GE
1804093,Ram Swaroop,JPS,23265,271,0.170895974170114,12,6,196,UP,Ram Swaroop,JPS,,,,,False,6,2009,GE
1804094,Narayan Kumar,RDMP,22983,228,0.143779638785188,13,6,196,UP,Narayan Kumar,RDMP,,,,,False,6,2009,GE
1804095,Ram Babu Trivedi,BPD,23162,166,0.104681666834829,14,6,196,UP,Ram Babu Trivedi,BPD,,,,,False,6,2009,GE
1804096,Ram Babu,IND,22955,162,0.102159217031581,15,6,196,UP,Ram Babu,IND,,,,,False,6,2009,GE
1804097,Pradeep,IND,22955,139,0.0876551306628998,16,6,196,UP,Pradeep,IND,,,,,False,6,2009,GE
1804184,Akhilesh Yadav,SP,22952,74605,49.1206931742614,1,6,197,UP,Akhilesh Yadav,SP,,,,,False,6,2009,GE
1804185,Dr. Mahesh Chandra Verma,BSP,22951,47860,31.5115123023946,2,6,197,UP,Dr. Mahesh Chandra Verma,BSP,,,,,False,6,2009,GE
1804186,Subrat Pathak,BJP,22953,22694,14.9419611406298,3,6,197,UP,Subrat Pathak,BJP,,,,,False,6,2009,GE
1804187,Balram,BSP(K),23111,1560,1.02711991625022,4,6,197,UP,Balram,BSP(K),,,,,False,6,2009,GE
1804188,Shrikrishna Shakya,IND,22955,1198,0.788775422863952,5,6,197,UP,Shrikrishna Shakya,IND,,,,,False,6,2009,GE
1804189,Sanjeev,IND,22955,707,0.465496013326222,6,6,197,UP,Sanjeev,IND,,,,,False,6,2009,GE
1804190,Shahanshah Khan,IND,22955,517,0.340398074808567,7,6,197,UP,Shahanshah Khan,IND,,,,,False,6,2009,GE
1804191,Ramkaran Kashyap,VAJP,22957,513,0.337764433997669,8,6,197,UP,Ramkaran Kashyap,VAJP,,,,,False,6,2009,GE
1804192,Ram Swaroop,JPS,23265,459,0.302210283050546,9,6,197,UP,Ram Swaroop,JPS,,,,,False,6,2009,GE
1804193,Vijay Singh Chauhan,MD,22974,397,0.261388850481627,10,6,197,UP,Vijay Singh Chauhan,MD,,,,,False,6,2009,GE
1804194,Ajab Singh Yadav,ABAS,23368,375,0.246903826021688,11,6,197,UP,Ajab Singh Yadav,ABAS,,,,,False,6,2009,GE
1804195,Lal Singh,IND,22955,284,0.186988497573758,12,6,197,UP,Lal Singh,IND,,,,,False,6,2009,GE
1804196,Narayan Kumar,RDMP,22983,270,0.177770754735615,13,6,197,UP,Narayan Kumar,RDMP,,,,,False,6,2009,GE
1804197,Ram Babu,IND,22955,150,0.0987615304086752,14,6,197,UP,Ram Babu,IND,,,,,False,6,2009,GE
1804198,Pradeep,IND,22955,147,0.0967862998005017,15,6,197,UP,Pradeep,IND,,,,,False,6,2009,GE
1804199,Ram Babu Trivedi,BPD,23162,145,0.0954694793950527,16,6,197,UP,Ram Babu Trivedi,BPD,,,,,False,6,2009,GE
1804289,Akhilesh Yadav,SP,22952,73277,42.4614510960579,1,6,198,UP,Akhilesh Yadav,SP,,,,,False,6,2009,GE
1804290,Subrat Pathak,BJP,22953,47991,27.8091010760663,2,6,198,UP,Subrat Pathak,BJP,,,,,False,6,2009,GE
1804291,Dr. Mahesh Chandra Verma,BSP,22951,44117,25.564253967886,3,6,198,UP,Dr. Mahesh Chandra Verma,BSP,,,,,False,6,2009,GE
1804292,Shrikrishna Shakya,IND,22955,1328,0.769529416536769,4,6,198,UP,Shrikrishna Shakya,IND,,,,,False,6,2009,GE
1804293,Balram,BSP(K),23111,1196,0.693040046820765,5,6,198,UP,Balram,BSP(K),,,,,False,6,2009,GE
1804294,Shahanshah Khan,IND,22955,943,0.546435421531757,6,6,198,UP,Shahanshah Khan,IND,,,,,False,6,2009,GE
1804295,Sanjeev,IND,22955,785,0.454879963841388,7,6,198,UP,Sanjeev,IND,,,,,False,6,2009,GE
1804296,Ajab Singh Yadav,ABAS,23368,693,0.401569191009022,8,6,198,UP,Ajab Singh Yadav,ABAS,,,,,False,6,2009,GE
1804297,Vijay Singh Chauhan,MD,22974,485,0.281040487214106,9,6,198,UP,Vijay Singh Chauhan,MD,,,,,False,6,2009,GE
1804298,Ramkaran Kashyap,VAJP,22957,409,0.237001153135194,10,6,198,UP,Ramkaran Kashyap,VAJP,,,,,False,6,2009,GE
1804299,Lal Singh,IND,22955,386,0.223673459927103,11,6,198,UP,Lal Singh,IND,,,,,False,6,2009,GE
1804300,Narayan Kumar,RDMP,22983,276,0.159932318497099,12,6,198,UP,Narayan Kumar,RDMP,,,,,False,6,2009,GE
1804301,Ram Babu Trivedi,BPD,23162,189,0.109518870275187,13,6,198,UP,Ram Babu Trivedi,BPD,,,,,False,6,2009,GE
1804302,Ram Babu,IND,22955,181,0.10488315089846,14,6,198,UP,Ram Babu,IND,,,,,False,6,2009,GE
1804303,Ram Swaroop,JPS,23265,165,0.0956117121450053,15,6,198,UP,Ram Swaroop,JPS,,,,,False,6,2009,GE
1804304,Pradeep,IND,22955,152,0.088078668157823,16,6,198,UP,Pradeep,IND,,,,,False,6,2009,GE
1804381,Mulayam Singh Yadav,SP,22952,101777,63.3193559625721,1,6,199,UP,Mulayam Singh Yadav,SP,,,,,False,6,2009,GE
1804382,Vinay Shakya,BSP,22951,47009,29.2460929723272,2,6,199,UP,Vinay Shakya,BSP,,,,,False,6,2009,GE
1804383,Tripti Shakya,BJP,22953,6031,3.7521152697591,3,6,199,UP,Tripti Shakya,BJP,,,,,False,6,2009,GE
1804384,Sachchida Nand,IND,22955,2026,1.26045192116265,4,6,199,UP,Sachchida Nand,IND,,,,,False,6,2009,GE
1804385,Hakim Singh Yadav,CPI,22973,982,0.610939677483575,5,6,199,UP,Hakim Singh Yadav,CPI,,,,,False,6,2009,GE
1804386,Sarvesh,JPS,23265,719,0.447317340234919,6,6,199,UP,Sarvesh,JPS,,,,,False,6,2009,GE
1804387,Ajay Kumar Singh,IND,22955,710,0.441718096754927,7,6,199,UP,Ajay Kumar Singh,IND,,,,,False,6,2009,GE
1804388,Rajvir Singh,NDPF,23282,291,0.181042205853075,8,6,199,UP,Rajvir Singh,NDPF,,,,,False,6,2009,GE
1804389,Abadhesh Shakya,RSMD,23062,275,0.171087995221978,9,6,199,UP,Abadhesh Shakya,RSMD,,,,,False,6,2009,GE
1804390,Genda Lal Pal,RALP,23240,236,0.14682460680868,10,6,199,UP,Genda Lal Pal,RALP,,,,,False,6,2009,GE
1804391,Praveen Yadav,MD,22974,181,0.112607007764284,11,6,199,UP,Praveen Yadav,MD,,,,,False,6,2009,GE
1804392,Man Singh Kashyap,LD,22979,145,0.0902100338443161,12,6,199,UP,Man Singh Kashyap,LD,,,,,False,6,2009,GE
1804393,Ravindra Singh,RWS,23146,139,0.0864772048576547,13,6,199,UP,Ravindra Singh,RWS,,,,,False,6,2009,GE
1804394,Yogendra Singh,IJP,22982,112,0.0696794744176786,14,6,199,UP,Yogendra Singh,IJP,,,,,False,6,2009,GE
1804395,Karuna Nidhi Pandey,KKJHS,23043,103,0.0640802309376866,15,6,199,UP,Karuna Nidhi Pandey,KKJHS,,,,,False,6,2009,GE
1804459,Gaurishanker,BSP,22951,51309,41.0353818100387,1,6,200,UP,Gaurishanker,BSP,,,,,False,6,2009,GE
1804460,Premdas Kateriya,SP,22952,50377,40.2899964810134,2,6,200,UP,Premdas Kateriya,SP,,,,,False,6,2009,GE
1804461,Kamlesh Verma,BJP,22953,19807,15.841037781119,3,6,200,UP,Kamlesh Verma,BJP,,,,,False,6,2009,GE
1804462,Satya Priya Manav,IND,22955,771,0.616622412745129,4,6,200,UP,Satya Priya Manav,IND,,,,,False,6,2009,GE
1804463,Shiv Ram Dohre,MD,22974,703,0.562238075434274,5,6,200,UP,Shiv Ram Dohre,MD,,,,,False,6,2009,GE
1804464,Anver Singh,IND,22955,570,0.455868709811574,6,6,200,UP,Anver Singh,IND,,,,,False,6,2009,GE
1804465,Sharmila,IND,22955,399,0.319108096868101,7,6,200,UP,Sharmila,IND,,,,,False,6,2009,GE
1804466,Ramnaresh,IND,22955,233,0.18634633225631,8,6,200,UP,Ramnaresh,IND,,,,,False,6,2009,GE
1804467,K.P.D. Shyamdas,IND,22955,201,0.160753702933555,9,6,200,UP,K.P.D. Shyamdas,IND,,,,,False,6,2009,GE
1804468,Gireesh Bhartiya,IND,22955,190,0.151956236603858,10,6,200,UP,Gireesh Bhartiya,IND,,,,,False,6,2009,GE
1804469,Siyaram,RBCP,23332,170,0.135960843277136,11,6,200,UP,Siyaram,RBCP,,,,,False,6,2009,GE
1804470,Sant Kumar Dohre,LD,22979,160,0.127963146613775,12,6,200,UP,Sant Kumar Dohre,LD,,,,,False,6,2009,GE
1804471,Jaishankar,IND,22955,146,0.116766371285069,13,6,200,UP,Jaishankar,IND,,,,,False,6,2009,GE
1804557,Premdas Kateriya,SP,22952,66808,42.9263528534895,1,6,201,UP,Premdas Kateriya,SP,,,,,False,6,2009,GE
1804558,Gaurishanker,BSP,22951,58684,37.7064137656296,2,6,201,UP,Gaurishanker,BSP,,,,,False,6,2009,GE
1804559,Kamlesh Verma,BJP,22953,24048,15.4516365318632,3,6,201,UP,Kamlesh Verma,BJP,,,,,False,6,2009,GE
1804560,Shiv Ram Dohre,MD,22974,2241,1.43991672770731,4,6,201,UP,Shiv Ram Dohre,MD,,,,,False,6,2009,GE
1804561,Satya Priya Manav,IND,22955,1037,0.66630684811802,5,6,201,UP,Satya Priya Manav,IND,,,,,False,6,2009,GE
1804562,Anver Singh,IND,22955,854,0.548723286685428,6,6,201,UP,Anver Singh,IND,,,,,False,6,2009,GE
1804563,Sharmila,IND,22955,502,0.322551627536399,7,6,201,UP,Sharmila,IND,,,,,False,6,2009,GE
1804564,Ramnaresh,IND,22955,347,0.222958993536116,8,6,201,UP,Ramnaresh,IND,,,,,False,6,2009,GE
1804565,Siyaram,RBCP,23332,288,0.185049539303751,9,6,201,UP,Siyaram,RBCP,,,,,False,6,2009,GE
1804566,Sant Kumar Dohre,LD,22979,281,0.180551807445673,10,6,201,UP,Sant Kumar Dohre,LD,,,,,False,6,2009,GE
1804567,K.P.D. Shyamdas,IND,22955,187,0.120153693922921,11,6,201,UP,K.P.D. Shyamdas,IND,,,,,False,6,2009,GE
1804568,Jaishankar,IND,22955,184,0.118226094555174,12,6,201,UP,Jaishankar,IND,,,,,False,6,2009,GE
1804569,Gireesh Bhartiya,IND,22955,173,0.111158230206767,13,6,201,UP,Gireesh Bhartiya,IND,,,,,False,6,2009,GE
1804635,Akhilesh Yadav,SP,22952,63888,44.4314625495514,1,6,202,UP,Akhilesh Yadav,SP,,,,,False,6,2009,GE
1804636,Dr. Mahesh Chandra Verma,BSP,22951,50209,34.9182836080395,2,6,202,UP,Dr. Mahesh Chandra Verma,BSP,,,,,False,6,2009,GE
1804637,Subrat Pathak,BJP,22953,24451,17.0046595729883,3,6,202,UP,Subrat Pathak,BJP,,,,,False,6,2009,GE
1804638,Balram,BSP(K),23111,1299,0.903400792822866,4,6,202,UP,Balram,BSP(K),,,,,False,6,2009,GE
1804639,Shrikrishna Shakya,IND,22955,946,0.657903887613881,5,6,202,UP,Shrikrishna Shakya,IND,,,,,False,6,2009,GE
1804640,Sanjeev,IND,22955,575,0.399888726615202,6,6,202,UP,Sanjeev,IND,,,,,False,6,2009,GE
1804641,Shahanshah Khan,IND,22955,445,0.309479101467417,7,6,202,UP,Shahanshah Khan,IND,,,,,False,6,2009,GE
1804642,Ajab Singh Yadav,ABAS,23368,351,0.244105987899019,8,6,202,UP,Ajab Singh Yadav,ABAS,,,,,False,6,2009,GE
1804643,Ram Swaroop,JPS,23265,282,0.196119340705195,9,6,202,UP,Ram Swaroop,JPS,,,,,False,6,2009,GE
1804644,Ramkaran Kashyap,VAJP,22957,258,0.179428332985604,10,6,202,UP,Ramkaran Kashyap,VAJP,,,,,False,6,2009,GE
1804645,Narayan Kumar,RDMP,22983,246,0.171082829125808,11,6,202,UP,Narayan Kumar,RDMP,,,,,False,6,2009,GE
1804646,Vijay Singh Chauhan,MD,22974,242,0.168300994505876,12,6,202,UP,Vijay Singh Chauhan,MD,,,,,False,6,2009,GE
1804647,Lal Singh,IND,22955,215,0.149523610821336,13,6,202,UP,Lal Singh,IND,,,,,False,6,2009,GE
1804648,Ram Babu Trivedi,BPD,23162,169,0.11753251269212,14,6,202,UP,Ram Babu Trivedi,BPD,,,,,False,6,2009,GE
1804649,Ram Babu,IND,22955,123,0.0855414145629042,15,6,202,UP,Ram Babu,IND,,,,,False,6,2009,GE
1804650,Pradeep,IND,22955,91,0.0632867376034494,16,6,202,UP,Pradeep,IND,,,,,False,6,2009,GE
1804724,Premdas Kateriya,SP,22952,56813,47.3465339933663,1,6,203,UP,Premdas Kateriya,SP,,,,,False,6,2009,GE
1804725,Gaurishanker,BSP,22951,42864,35.7217860893044,2,6,203,UP,Gaurishanker,BSP,,,,,False,6,2009,GE
1804726,Kamlesh Verma,BJP,22953,16481,13.7348534093371,3,6,203,UP,Kamlesh Verma,BJP,,,,,False,6,2009,GE
1804727,Shiv Ram Dohre,MD,22974,935,0.779205626948014,4,6,203,UP,Shiv Ram Dohre,MD,,,,,False,6,2009,GE
1804728,Satya Priya Manav,IND,22955,759,0.632531626581329,5,6,203,UP,Satya Priya Manav,IND,,,,,False,6,2009,GE
1804729,Anver Singh,IND,22955,710,0.59169625147924,6,6,203,UP,Anver Singh,IND,,,,,False,6,2009,GE
1804730,Sharmila,IND,22955,391,0.325849625814624,7,6,203,UP,Sharmila,IND,,,,,False,6,2009,GE
1804731,Ramnaresh,IND,22955,281,0.234178375585445,8,6,203,UP,Ramnaresh,IND,,,,,False,6,2009,GE
1804732,Siyaram,RBCP,23332,180,0.150007500375018,9,6,203,UP,Siyaram,RBCP,,,,,False,6,2009,GE
1804733,Sant Kumar Dohre,LD,22979,164,0.136673500341683,10,6,203,UP,Sant Kumar Dohre,LD,,,,,False,6,2009,GE
1804734,K.P.D. Shyamdas,IND,22955,159,0.132506625331266,11,6,203,UP,K.P.D. Shyamdas,IND,,,,,False,6,2009,GE
1804735,Gireesh Bhartiya,IND,22955,139,0.115839125289597,12,6,203,UP,Gireesh Bhartiya,IND,,,,,False,6,2009,GE
1804736,Jaishankar,IND,22955,118,0.0983382502458456,13,6,203,UP,Jaishankar,IND,,,,,False,6,2009,GE
1804812,Premdas Kateriya,SP,22952,52234,42.2045182767202,1,6,204,UP,Premdas Kateriya,SP,,,,,False,6,2009,GE
1804813,Gaurishanker,BSP,22951,44335,35.8222100126046,2,6,204,UP,Gaurishanker,BSP,,,,,False,6,2009,GE
1804814,Kamlesh Verma,BJP,22953,23330,18.850392682848,3,6,204,UP,Kamlesh Verma,BJP,,,,,False,6,2009,GE
1804815,Shiv Ram Dohre,MD,22974,1080,0.872628551113409,4,6,204,UP,Shiv Ram Dohre,MD,,,,,False,6,2009,GE
1804816,Satya Priya Manav,IND,22955,832,0.672247180116996,5,6,204,UP,Satya Priya Manav,IND,,,,,False,6,2009,GE
1804817,Anver Singh,IND,22955,669,0.540544908050806,6,6,204,UP,Anver Singh,IND,,,,,False,6,2009,GE
1804818,Sharmila,IND,22955,339,0.273908406321709,7,6,204,UP,Sharmila,IND,,,,,False,6,2009,GE
1804819,Ramnaresh,IND,22955,259,0.209269254387382,8,6,204,UP,Ramnaresh,IND,,,,,False,6,2009,GE
1804821,Sant Kumar Dohre,LD,22979,150,0.121198409876862,9,6,204,UP,Sant Kumar Dohre,LD,,,,,False,6,2009,GE
1804820,Siyaram,RBCP,23332,150,0.121198409876862,9,6,204,UP,Siyaram,RBCP,,,,,False,6,2009,GE
1804822,Gireesh Bhartiya,IND,22955,144,0.116350473481787,11,6,204,UP,Gireesh Bhartiya,IND,,,,,False,6,2009,GE
1804823,Jaishankar,IND,22955,132,0.106654600691638,12,6,204,UP,Jaishankar,IND,,,,,False,6,2009,GE
1804824,K.P.D. Shyamdas,IND,22955,110,0.0888788339096991,13,6,204,UP,K.P.D. Shyamdas,IND,,,,,False,6,2009,GE
1804892,Akhilesh Yadav,SP,22952,50594,43.9535045348715,1,6,205,UP,Akhilesh Yadav,SP,,,,,False,6,2009,GE
1804893,Dr. Mahesh Chandra Verma,BSP,22951,39355,34.189630607777,2,6,205,UP,Dr. Mahesh Chandra Verma,BSP,,,,,False,6,2009,GE
1804894,Subrat Pathak,BJP,22953,20782,18.0543489592382,3,6,205,UP,Subrat Pathak,BJP,,,,,False,6,2009,GE
1804895,Balram,BSP(K),23111,1341,1.16499287625534,4,6,205,UP,Balram,BSP(K),,,,,False,6,2009,GE
1804896,Shrikrishna Shakya,IND,22955,629,0.546443340167494,5,6,205,UP,Shrikrishna Shakya,IND,,,,,False,6,2009,GE
1804897,Shahanshah Khan,IND,22955,418,0.363137227647079,6,6,205,UP,Shahanshah Khan,IND,,,,,False,6,2009,GE
1804898,Sanjeev,IND,22955,376,0.326649755012683,7,6,205,UP,Sanjeev,IND,,,,,False,6,2009,GE
1804899,Ajab Singh Yadav,ABAS,23368,320,0.277999791500156,8,6,205,UP,Ajab Singh Yadav,ABAS,,,,,False,6,2009,GE
1804900,Ram Swaroop,JPS,23265,231,0.200681099489175,9,6,205,UP,Ram Swaroop,JPS,,,,,False,6,2009,GE
1804901,Ram Babu,IND,22955,190,0.165062376203217,10,6,205,UP,Ram Babu,IND,,,,,False,6,2009,GE
1804902,Lal Singh,IND,22955,184,0.159849880112589,11,6,205,UP,Lal Singh,IND,,,,,False,6,2009,GE
1804903,Vijay Singh Chauhan,MD,22974,178,0.154637384021961,12,6,205,UP,Vijay Singh Chauhan,MD,,,,,False,6,2009,GE
1804904,Narayan Kumar,RDMP,22983,169,0.14681863988602,13,6,205,UP,Narayan Kumar,RDMP,,,,,False,6,2009,GE
1804905,Ram Babu Trivedi,BPD,23162,121,0.105118671160996,14,6,205,UP,Ram Babu Trivedi,BPD,,,,,False,6,2009,GE
1804906,Ramkaran Kashyap,VAJP,22957,115,0.0999061750703686,15,6,205,UP,Ramkaran Kashyap,VAJP,,,,,False,6,2009,GE
1804907,Pradeep,IND,22955,105,0.0912186815859888,16,6,205,UP,Pradeep,IND,,,,,False,6,2009,GE
1804975,Kamlesh Kumar Pathak,SP,22952,33177,27.2181339371415,1,6,206,UP,Kamlesh Kumar Pathak,SP,,,,,False,6,2009,GE
1804976,Anil Shukla Warsi,BSP,22951,32490,26.654524870173,2,6,206,UP,Anil Shukla Warsi,BSP,,,,,False,6,2009,GE
1804977,Rajaram Pal,INC,22954,29223,23.9743053333661,3,6,206,UP,Rajaram Pal,INC,,,,,False,6,2009,GE
1804978,Arun Kumar Tiwari Baba,BJP,22953,20886,17.1347001058305,4,6,206,UP,Arun Kumar Tiwari Baba,BJP,,,,,False,6,2009,GE
1804979,Ram Nath Verma,IND,22955,1435,1.17726202489068,5,6,206,UP,Ram Nath Verma,IND,,,,,False,6,2009,GE
1804980,Virendra Vishwakarma,IND,22955,1360,1.11573265076747,6,6,206,UP,Virendra Vishwakarma,IND,,,,,False,6,2009,GE
1804981,Amar Singh Chauhan,JPS,23265,1201,0.985290377626278,7,6,206,UP,Amar Singh Chauhan,JPS,,,,,False,6,2009,GE
1804982,Satendra Kushwaha,RKSP,23013,431,0.353588803294692,8,6,206,UP,Satendra Kushwaha,RKSP,,,,,False,6,2009,GE
1804983,Manjesh Kumar,IND,22955,351,0.287957470896606,9,6,206,UP,Manjesh Kumar,IND,,,,,False,6,2009,GE
1804984,Dr.A.K. Gupta,RSMD,23062,292,0.239554363253016,10,6,206,UP,Dr.A.K. Gupta,RSMD,,,,,False,6,2009,GE
1804985,Vimal Singh Bhadauria,ABAS,23368,235,0.19279203891938,11,6,206,UP,Vimal Singh Bhadauria,ABAS,,,,,False,6,2009,GE
1804986,Omkar,IND,22955,222,0.18212694740469,12,6,206,UP,Omkar,IND,,,,,False,6,2009,GE
1804987,Dharmendra Pratap Singh,BPD,23162,176,0.144388931275791,13,6,206,UP,Dharmendra Pratap Singh,BPD,,,,,False,6,2009,GE
1804988,Daya Shanker,RSP,23122,113,0.0927042570122976,14,6,206,UP,Daya Shanker,RSP,,,,,False,6,2009,GE
1804989,Baikunth Nath,JD(S),23285,111,0.0910634737023455,15,6,206,UP,Baikunth Nath,JD(S),,,,,False,6,2009,GE
1804990,Chaudhary Dharmendra Singh Yadav,RPI,23181,108,0.0886022987374172,16,6,206,UP,Chaudhary Dharmendra Singh Yadav,RPI,,,,,False,6,2009,GE
1804991,Ram Gopal,RAJUP,23267,82,0.067272115708039,17,6,206,UP,Ram Gopal,RAJUP,,,,,False,6,2009,GE
1805077,Premdas Kateriya,SP,22952,52457,46.3360127197244,1,6,207,UP,Premdas Kateriya,SP,,,,,False,6,2009,GE
1805078,Gaurishanker,BSP,22951,34715,30.664252274534,2,6,207,UP,Gaurishanker,BSP,,,,,False,6,2009,GE
1805079,Kamlesh Verma,BJP,22953,21921,19.3631304655065,3,6,207,UP,Kamlesh Verma,BJP,,,,,False,6,2009,GE
1805080,Shiv Ram Dohre,MD,22974,865,0.764066778553131,4,6,207,UP,Shiv Ram Dohre,MD,,,,,False,6,2009,GE
1805081,Satya Priya Manav,IND,22955,847,0.748167123045667,5,6,207,UP,Satya Priya Manav,IND,,,,,False,6,2009,GE
1805082,Anver Singh,IND,22955,743,0.656302446780319,6,6,207,UP,Anver Singh,IND,,,,,False,6,2009,GE
1805083,Ramnaresh,IND,22955,477,0.421340870947796,7,6,207,UP,Ramnaresh,IND,,,,,False,6,2009,GE
1805084,Sharmila,IND,22955,378,0.333892765656744,8,6,207,UP,Sharmila,IND,,,,,False,6,2009,GE
1805085,Sant Kumar Dohre,LD,22979,184,0.162529811854076,9,6,207,UP,Sant Kumar Dohre,LD,,,,,False,6,2009,GE
1805086,Siyaram,RBCP,23332,166,0.146630156346612,10,6,207,UP,Siyaram,RBCP,,,,,False,6,2009,GE
1805087,Gireesh Bhartiya,IND,22955,165,0.145746842151753,11,6,207,UP,Gireesh Bhartiya,IND,,,,,False,6,2009,GE
1805088,Jaishankar,IND,22955,159,0.140446956982598,12,6,207,UP,Jaishankar,IND,,,,,False,6,2009,GE
1805089,K.P.D. Shyamdas,IND,22955,133,0.117480787916261,13,6,207,UP,K.P.D. Shyamdas,IND,,,,,False,6,2009,GE
1805165,Ghanshayam Anuragi,SP,22952,45431,36.2821045233835,1,6,208,UP,Ghanshayam Anuragi,SP,,,,,False,6,2009,GE
1805166,Tilak Chandra Ahirwar,BSP,22951,40014,31.9559800664451,2,6,208,UP,Tilak Chandra Ahirwar,BSP,,,,,False,6,2009,GE
1805167,Bhanu Pratap Singh Verma,BJP,22953,22104,17.6526961410682,3,6,208,UP,Bhanu Pratap Singh Verma,BJP,,,,,False,6,2009,GE
1805168,Dr. Babu Ramadhin Ahirwar,INC,22954,12622,10.0801814464605,4,6,208,UP,Dr. Babu Ramadhin Ahirwar,INC,,,,,False,6,2009,GE
1805169,Vashudev,IND,22955,794,0.634104267825198,5,6,208,UP,Vashudev,IND,,,,,False,6,2009,GE
1805170,Prabha Verma,AD,23110,713,0.569416049067211,6,6,208,UP,Prabha Verma,AD,,,,,False,6,2009,GE
1805171,Hukum,JPS,23265,702,0.56063122923588,7,6,208,UP,Hukum,JPS,,,,,False,6,2009,GE
1805172,Nathuram Verma Lohia,NCP,22977,621,0.495943010477894,8,6,208,UP,Nathuram Verma Lohia,NCP,,,,,False,6,2009,GE
1805173,Pratap Singh Kathariya,NELU,23029,526,0.420074111934577,9,6,208,UP,Pratap Singh Kathariya,NELU,,,,,False,6,2009,GE
1805174,Ram Ji,IND,22955,429,0.342607973421926,10,6,208,UP,Ram Ji,IND,,,,,False,6,2009,GE
1805175,Kashiram,CPI(ML)(L),23197,304,0.242780475338614,11,6,208,UP,Kashiram,CPI(ML)(L),,,,,False,6,2009,GE
1805176,Bhuri Devi,IND,22955,248,0.198057756197291,12,6,208,UP,Bhuri Devi,IND,,,,,False,6,2009,GE
1805177,Sanjay Kumar,RAJUP,23267,203,0.162119856887298,13,6,208,UP,Sanjay Kumar,RAJUP,,,,,False,6,2009,GE
1805178,Mevalal,IND,22955,189,0.150939177101967,14,6,208,UP,Mevalal,IND,,,,,False,6,2009,GE
1805179,Bhaggoolal Valmiki,RSMD,23062,184,0.146946077178635,15,6,208,UP,Bhaggoolal Valmiki,RSMD,,,,,False,6,2009,GE
1805180,Dashrath Singh Ahirwar,RDMP,22983,132,0.105417837975977,16,6,208,UP,Dashrath Singh Ahirwar,RDMP,,,,,False,6,2009,GE
1805253,Ashok Kumar Rawat,BSP,22951,41859,30.4568638721741,1,6,209,UP,Ashok Kumar Rawat,BSP,,,,,False,6,2009,GE
1805254,Shyam Prakash,SP,22952,40319,29.3363504733077,2,6,209,UP,Shyam Prakash,SP,,,,,False,6,2009,GE
1805255,Om Prakash,INC,22954,32396,23.5715273179711,3,6,209,UP,Om Prakash,INC,,,,,False,6,2009,GE
1805256,Anil Kumar Alias Anil Bhargav,BJP,22953,17462,12.7054577733798,4,6,209,UP,Anil Kumar Alias Anil Bhargav,BJP,,,,,False,6,2009,GE
1805257,Saheb Lal,IND,22955,2652,1.9296113855803,5,6,209,UP,Saheb Lal,IND,,,,,False,6,2009,GE
1805258,Sanjaykumar,IND,22955,638,0.464212693816075,6,6,209,UP,Sanjaykumar,IND,,,,,False,6,2009,GE
1805259,Ram Autar,RPI(A),23009,542,0.394362507912716,7,6,209,UP,Ram Autar,RPI(A),,,,,False,6,2009,GE
1805260,Shiv Pal,IND,22955,364,0.264848621550237,8,6,209,UP,Shiv Pal,IND,,,,,False,6,2009,GE
1805261,Rakesh Kumar,IND,22955,320,0.232833953011197,9,6,209,UP,Rakesh Kumar,IND,,,,,False,6,2009,GE
1805262,Ram Sagar,IND,22955,303,0.220464649257477,10,6,209,UP,Ram Sagar,IND,,,,,False,6,2009,GE
1805263,Ram Dayal,IND,22955,206,0.149886857250958,11,6,209,UP,Ram Dayal,IND,,,,,False,6,2009,GE
1805264,Uday Pratap,IND,22955,202,0.146976432838318,12,6,209,UP,Uday Pratap,IND,,,,,False,6,2009,GE
1805265,Vishambhar Dayal,RCP,23300,174,0.126603461949838,13,6,209,UP,Vishambhar Dayal,RCP,,,,,False,6,2009,GE
1805342,Rajaram Pal,INC,22954,44536,29.9138237921561,1,6,210,UP,Rajaram Pal,INC,,,,,False,6,2009,GE
1805343,Anil Shukla Warsi,BSP,22951,38041,25.55127920957,2,6,210,UP,Anil Shukla Warsi,BSP,,,,,False,6,2009,GE
1805344,Kamlesh Kumar Pathak,SP,22952,31690,21.2854561696925,3,6,210,UP,Kamlesh Kumar Pathak,SP,,,,,False,6,2009,GE
1805345,Arun Kumar Tiwari Baba,BJP,22953,24604,16.5259502555732,4,6,210,UP,Arun Kumar Tiwari Baba,BJP,,,,,False,6,2009,GE
1805346,Amar Singh Chauhan,JPS,23265,2216,1.48843707390466,5,6,210,UP,Amar Singh Chauhan,JPS,,,,,False,6,2009,GE
1805347,Ram Nath Verma,IND,22955,2206,1.48172030010545,6,6,210,UP,Ram Nath Verma,IND,,,,,False,6,2009,GE
1805348,Virendra Vishwakarma,IND,22955,1816,1.21976612193631,7,6,210,UP,Virendra Vishwakarma,IND,,,,,False,6,2009,GE
1805349,Dr.A.K. Gupta,RSMD,23062,792,0.531968484897334,8,6,210,UP,Dr.A.K. Gupta,RSMD,,,,,False,6,2009,GE
1805350,Manjesh Kumar,IND,22955,552,0.370765913716323,9,6,210,UP,Manjesh Kumar,IND,,,,,False,6,2009,GE
1805351,Omkar,IND,22955,498,0.334495335200596,10,6,210,UP,Omkar,IND,,,,,False,6,2009,GE
1805352,Satendra Kushwaha,RKSP,23013,483,0.324420174501783,11,6,210,UP,Satendra Kushwaha,RKSP,,,,,False,6,2009,GE
1805353,Vimal Singh Bhadauria,ABAS,23368,442,0.296881401925027,12,6,210,UP,Vimal Singh Bhadauria,ABAS,,,,,False,6,2009,GE
1805354,Dharmendra Pratap Singh,BPD,23162,272,0.182696247338478,13,6,210,UP,Dharmendra Pratap Singh,BPD,,,,,False,6,2009,GE
1805355,Chaudhary Dharmendra Singh Yadav,RPI,23181,198,0.132992121224333,14,6,210,UP,Chaudhary Dharmendra Singh Yadav,RPI,,,,,False,6,2009,GE
1805356,Baikunth Nath,JD(S),23285,182,0.122245283145599,15,6,210,UP,Baikunth Nath,JD(S),,,,,False,6,2009,GE
1805357,Daya Shanker,RSP,23122,178,0.119558573625916,16,6,210,UP,Daya Shanker,RSP,,,,,False,6,2009,GE
1805358,Ram Gopal,RAJUP,23267,175,0.117543541486153,17,6,210,UP,Ram Gopal,RAJUP,,,,,False,6,2009,GE
1805452,Arun Kumar Tiwari Baba,BJP,22953,35380,36.7802230931564,1,6,211,UP,Arun Kumar Tiwari Baba,BJP,,,,,False,6,2009,GE
1805453,Rajaram Pal,INC,22954,31836,33.0959633237345,2,6,211,UP,Rajaram Pal,INC,,,,,False,6,2009,GE
1805454,Anil Shukla Warsi,BSP,22951,18169,18.8880687783934,3,6,211,UP,Anil Shukla Warsi,BSP,,,,,False,6,2009,GE
1805455,Kamlesh Kumar Pathak,SP,22952,8069,8.38834426621479,4,6,211,UP,Kamlesh Kumar Pathak,SP,,,,,False,6,2009,GE
1805456,Virendra Vishwakarma,IND,22955,542,0.563450562930774,5,6,211,UP,Virendra Vishwakarma,IND,,,,,False,6,2009,GE
1805457,Dharmendra Pratap Singh,BPD,23162,465,0.483403158233967,6,6,211,UP,Dharmendra Pratap Singh,BPD,,,,,False,6,2009,GE
1805458,Ram Nath Verma,IND,22955,437,0.454295011071491,7,6,211,UP,Ram Nath Verma,IND,,,,,False,6,2009,GE
1805459,Amar Singh Chauhan,JPS,23265,339,0.352416496002827,8,6,211,UP,Amar Singh Chauhan,JPS,,,,,False,6,2009,GE
1805460,Vimal Singh Bhadauria,ABAS,23368,227,0.235983907352925,9,6,211,UP,Vimal Singh Bhadauria,ABAS,,,,,False,6,2009,GE
1805461,Dr.A.K. Gupta,RSMD,23062,175,0.181925919765471,10,6,211,UP,Dr.A.K. Gupta,RSMD,,,,,False,6,2009,GE
1805462,Daya Shanker,RSP,23122,118,0.122670048756146,11,6,211,UP,Daya Shanker,RSP,,,,,False,6,2009,GE
1805463,Omkar,IND,22955,101,0.104997245121786,12,6,211,UP,Omkar,IND,,,,,False,6,2009,GE
1805464,Manjesh Kumar,IND,22955,93,0.0966806316467934,13,6,211,UP,Manjesh Kumar,IND,,,,,False,6,2009,GE
1805465,Satendra Kushwaha,RKSP,23013,81,0.0842057114343039,14,6,211,UP,Satendra Kushwaha,RKSP,,,,,False,6,2009,GE
1805466,Ram Gopal,RAJUP,23267,66,0.0686120611686921,15,6,211,UP,Ram Gopal,RAJUP,,,,,False,6,2009,GE
1805467,Baikunth Nath,JD(S),23285,50,0.0519788342187061,16,6,211,UP,Baikunth Nath,JD(S),,,,,False,6,2009,GE
1805468,Chaudhary Dharmendra Singh Yadav,RPI,23181,45,0.0467809507968355,17,6,211,UP,Chaudhary Dharmendra Singh Yadav,RPI,,,,,False,6,2009,GE
1805554,Sriprakash Jaiswal,INC,22954,44177,40.5717906801609,1,6,212,UP,Sriprakash Jaiswal,INC,,,,,False,6,2009,GE
1805555,Satish Mahana,BJP,22953,41012,37.6650809103098,2,6,212,UP,Satish Mahana,BJP,,,,,False,6,2009,GE
1805556,Sukhda Mishra,BSP,22951,13893,12.7592160608342,3,6,212,UP,Sukhda Mishra,BSP,,,,,False,6,2009,GE
1805557,Surendra Mohan Agarwal,SP,22952,6129,5.628822805503,4,6,212,UP,Surendra Mohan Agarwal,SP,,,,,False,6,2009,GE
1805558,Omendra Bharat,BPD,23162,839,0.770530646731443,5,6,212,UP,Omendra Bharat,BPD,,,,,False,6,2009,GE
1805559,Maya Kaushal,IND,22955,530,0.486747607589589,6,6,212,UP,Maya Kaushal,IND,,,,,False,6,2009,GE
1805560,Mohammd Isha,IND,22955,488,0.448175155667395,7,6,212,UP,Mohammd Isha,IND,,,,,False,6,2009,GE
1805561,V.N.Awasthi,IND,22955,319,0.292966956266186,8,6,212,UP,V.N.Awasthi,IND,,,,,False,6,2009,GE
1805562,Nisha,IND,22955,317,0.29113017284132,9,6,212,UP,Nisha,IND,,,,,False,6,2009,GE
1805563,Mahesh Chandra Sharma,IND,22955,227,0.208474918722333,10,6,212,UP,Mahesh Chandra Sharma,IND,,,,,False,6,2009,GE
1805564,Ahamed Hussain,IND,22955,186,0.170820858512572,11,6,212,UP,Ahamed Hussain,IND,,,,,False,6,2009,GE
1805565,Jagdish Prasad,ABHM,22976,168,0.154289807688775,12,6,212,UP,Jagdish Prasad,ABHM,,,,,False,6,2009,GE
1805566,Badri Vishal Prajapati,IND,22955,121,0.111125397204415,13,6,212,UP,Badri Vishal Prajapati,IND,,,,,False,6,2009,GE
1805567,Gaya Prasad,IND,22955,106,0.0973495215179178,14,6,212,UP,Gaya Prasad,IND,,,,,False,6,2009,GE
1805568,Gufran Ahmed,RWSP,23045,104,0.0955127380930514,15,6,212,UP,Gufran Ahmed,RWSP,,,,,False,6,2009,GE
1805569,Jageswar Dayal Vikal Orai,IND,22955,103,0.0945943463806182,16,6,212,UP,Jageswar Dayal Vikal Orai,IND,,,,,False,6,2009,GE
1805570,Moti Lal Sharma,IJP,22982,85,0.0780632955568208,17,6,212,UP,Moti Lal Sharma,IJP,,,,,False,6,2009,GE
1805571,Anil Kumar Jain,IND,22955,82,0.0753081204195213,18,6,212,UP,Anil Kumar Jain,IND,,,,,False,6,2009,GE
1805669,Sriprakash Jaiswal,INC,22954,40819,45.2227958609381,1,6,213,UP,Sriprakash Jaiswal,INC,,,,,False,6,2009,GE
1805670,Satish Mahana,BJP,22953,28137,31.1725864704969,2,6,213,UP,Satish Mahana,BJP,,,,,False,6,2009,GE
1805671,Sukhda Mishra,BSP,22951,9157,10.144911479914,3,6,213,UP,Sukhda Mishra,BSP,,,,,False,6,2009,GE
1805672,Surendra Mohan Agarwal,SP,22952,8346,9.24641598900977,4,6,213,UP,Surendra Mohan Agarwal,SP,,,,,False,6,2009,GE
1805673,Ahamed Hussain,IND,22955,1042,1.15441714121114,5,6,213,UP,Ahamed Hussain,IND,,,,,False,6,2009,GE
1805674,Omendra Bharat,BPD,23162,576,0.638142296869114,6,6,213,UP,Omendra Bharat,BPD,,,,,False,6,2009,GE
1805675,Maya Kaushal,IND,22955,562,0.622631893820212,7,6,213,UP,Maya Kaushal,IND,,,,,False,6,2009,GE
1805676,Nisha,IND,22955,363,0.402162593339389,8,6,213,UP,Nisha,IND,,,,,False,6,2009,GE
1805677,Mohammd Isha,IND,22955,334,0.370033901309521,9,6,213,UP,Mohammd Isha,IND,,,,,False,6,2009,GE
1805678,V.N.Awasthi,IND,22955,191,0.211606213024307,10,6,213,UP,V.N.Awasthi,IND,,,,,False,6,2009,GE
1805679,Mahesh Chandra Sharma,IND,22955,165,0.182801178790631,11,6,213,UP,Mahesh Chandra Sharma,IND,,,,,False,6,2009,GE
1805680,Badri Vishal Prajapati,IND,22955,129,0.142917285236312,12,6,213,UP,Badri Vishal Prajapati,IND,,,,,False,6,2009,GE
1805681,Anil Kumar Jain,IND,22955,102,0.113004365070572,13,6,213,UP,Anil Kumar Jain,IND,,,,,False,6,2009,GE
1805682,Moti Lal Sharma,IJP,22982,85,0.0941703042254769,14,6,213,UP,Moti Lal Sharma,IJP,,,,,False,6,2009,GE
1805683,Gufran Ahmed,RWSP,23045,76,0.084199330836897,15,6,213,UP,Gufran Ahmed,RWSP,,,,,False,6,2009,GE
1805684,Jageswar Dayal Vikal Orai,IND,22955,66,0.0731204715162526,16,6,213,UP,Jageswar Dayal Vikal Orai,IND,,,,,False,6,2009,GE
1805685,Jagdish Prasad,ABHM,22976,65,0.0720125855841882,17,6,213,UP,Jagdish Prasad,ABHM,,,,,False,6,2009,GE
1805686,Gaya Prasad,IND,22955,47,0.0520706388070284,18,6,213,UP,Gaya Prasad,IND,,,,,False,6,2009,GE
1805771,Satish Mahana,BJP,22953,39767,40.884790163058,1,6,214,UP,Satish Mahana,BJP,,,,,False,6,2009,GE
1805772,Sriprakash Jaiswal,INC,22954,38018,39.0866284210309,2,6,214,UP,Sriprakash Jaiswal,INC,,,,,False,6,2009,GE
1805773,Surendra Mohan Agarwal,SP,22952,9093,9.34859046326568,3,6,214,UP,Surendra Mohan Agarwal,SP,,,,,False,6,2009,GE
1805774,Sukhda Mishra,BSP,22951,6722,6.91094524294203,4,6,214,UP,Sukhda Mishra,BSP,,,,,False,6,2009,GE
1805775,Ahamed Hussain,IND,22955,1002,1.03016470297945,5,6,214,UP,Ahamed Hussain,IND,,,,,False,6,2009,GE
1805776,Maya Kaushal,IND,22955,525,0.539756955153907,6,6,214,UP,Maya Kaushal,IND,,,,,False,6,2009,GE
1805777,Omendra Bharat,BPD,23162,524,0.5387288466679,7,6,214,UP,Omendra Bharat,BPD,,,,,False,6,2009,GE
1805778,Mohammd Isha,IND,22955,446,0.458536384759319,8,6,214,UP,Mohammd Isha,IND,,,,,False,6,2009,GE
1805779,Nisha,IND,22955,326,0.335163366438426,9,6,214,UP,Nisha,IND,,,,,False,6,2009,GE
1805780,V.N.Awasthi,IND,22955,187,0.192256286883391,10,6,214,UP,V.N.Awasthi,IND,,,,,False,6,2009,GE
1805781,Mahesh Chandra Sharma,IND,22955,122,0.125429235292908,11,6,214,UP,Mahesh Chandra Sharma,IND,,,,,False,6,2009,GE
1805782,Anil Kumar Jain,IND,22955,117,0.12028869286287,12,6,214,UP,Anil Kumar Jain,IND,,,,,False,6,2009,GE
1805783,Gufran Ahmed,RWSP,23045,109,0.112063824974811,13,6,214,UP,Gufran Ahmed,RWSP,,,,,False,6,2009,GE
1805784,Badri Vishal Prajapati,IND,22955,88,0.090473546768655,14,6,214,UP,Badri Vishal Prajapati,IND,,,,,False,6,2009,GE
1805785,Jagdish Prasad,ABHM,22976,73,0.0750519194785433,15,6,214,UP,Jagdish Prasad,ABHM,,,,,False,6,2009,GE
1805786,Moti Lal Sharma,IJP,22982,58,0.0596302921884317,16,6,214,UP,Moti Lal Sharma,IJP,,,,,False,6,2009,GE
1805787,Jageswar Dayal Vikal Orai,IND,22955,47,0.0483210988423498,17,6,214,UP,Jageswar Dayal Vikal Orai,IND,,,,,False,6,2009,GE
1805788,Gaya Prasad,IND,22955,42,0.0431805564123126,18,6,214,UP,Gaya Prasad,IND,,,,,False,6,2009,GE
1805876,Satish Mahana,BJP,22953,53500,45.8346184160926,1,6,215,UP,Satish Mahana,BJP,,,,,False,6,2009,GE
1805877,Sriprakash Jaiswal,INC,22954,44485,38.1112710325211,2,6,215,UP,Sriprakash Jaiswal,INC,,,,,False,6,2009,GE
1805878,Sukhda Mishra,BSP,22951,11530,9.87800281004763,3,6,215,UP,Sukhda Mishra,BSP,,,,,False,6,2009,GE
1805879,Surendra Mohan Agarwal,SP,22952,3960,3.39261848463041,4,6,215,UP,Surendra Mohan Agarwal,SP,,,,,False,6,2009,GE
1805880,Omendra Bharat,BPD,23162,754,0.645968267023062,5,6,215,UP,Omendra Bharat,BPD,,,,,False,6,2009,GE
1805881,Mohammd Isha,IND,22955,577,0.494328501422158,6,6,215,UP,Mohammd Isha,IND,,,,,False,6,2009,GE
1805882,Maya Kaushal,IND,22955,458,0.392378602515335,7,6,215,UP,Maya Kaushal,IND,,,,,False,6,2009,GE
1805883,V.N.Awasthi,IND,22955,314,0.269010657619684,8,6,215,UP,V.N.Awasthi,IND,,,,,False,6,2009,GE
1805884,Nisha,IND,22955,226,0.193619135739008,9,6,215,UP,Nisha,IND,,,,,False,6,2009,GE
1805885,Anil Kumar Jain,IND,22955,184,0.157636818477776,10,6,215,UP,Anil Kumar Jain,IND,,,,,False,6,2009,GE
1805886,Mahesh Chandra Sharma,IND,22955,127,0.108803673623248,11,6,215,UP,Mahesh Chandra Sharma,IND,,,,,False,6,2009,GE
1805887,Ahamed Hussain,IND,22955,111,0.0950961241903978,12,6,215,UP,Ahamed Hussain,IND,,,,,False,6,2009,GE
1805888,Badri Vishal Prajapati,IND,22955,109,0.0933826805112915,13,6,215,UP,Badri Vishal Prajapati,IND,,,,,False,6,2009,GE
1805889,Jagdish Prasad,ABHM,22976,102,0.0873856276344196,14,6,215,UP,Jagdish Prasad,ABHM,,,,,False,6,2009,GE
1805890,Jageswar Dayal Vikal Orai,IND,22955,87,0.0745348000411226,15,6,215,UP,Jageswar Dayal Vikal Orai,IND,,,,,False,6,2009,GE
1805891,Gufran Ahmed,RWSP,23045,72,0.0616839724478256,16,6,215,UP,Gufran Ahmed,RWSP,,,,,False,6,2009,GE
1805892,Moti Lal Sharma,IJP,22982,70,0.0599705287687193,17,6,215,UP,Moti Lal Sharma,IJP,,,,,False,6,2009,GE
1805893,Gaya Prasad,IND,22955,58,0.0496898666940817,18,6,215,UP,Gaya Prasad,IND,,,,,False,6,2009,GE
1805986,Sriprakash Jaiswal,INC,22954,47455,47.6178530574565,1,6,216,UP,Sriprakash Jaiswal,INC,,,,,False,6,2009,GE
1805987,Satish Mahana,BJP,22953,33630,33.7454092998053,2,6,216,UP,Satish Mahana,BJP,,,,,False,6,2009,GE
1805988,Surendra Mohan Agarwal,SP,22952,7389,7.41435710128639,3,6,216,UP,Surendra Mohan Agarwal,SP,,,,,False,6,2009,GE
1805989,Sukhda Mishra,BSP,22951,7065,7.08924521864777,4,6,216,UP,Sukhda Mishra,BSP,,,,,False,6,2009,GE
1805990,Ahamed Hussain,IND,22955,1387,1.39175981857954,5,6,216,UP,Ahamed Hussain,IND,,,,,False,6,2009,GE
1805991,Mohammd Isha,IND,22955,549,0.55088402335989,6,6,216,UP,Mohammd Isha,IND,,,,,False,6,2009,GE
1805992,Omendra Bharat,BPD,23162,542,0.543860001204118,7,6,216,UP,Omendra Bharat,BPD,,,,,False,6,2009,GE
1805993,Maya Kaushal,IND,22955,428,0.429468783238676,8,6,216,UP,Maya Kaushal,IND,,,,,False,6,2009,GE
1805994,V.N.Awasthi,IND,22955,263,0.263902546709747,9,6,216,UP,V.N.Awasthi,IND,,,,,False,6,2009,GE
1805995,Nisha,IND,22955,231,0.2317927311405,10,6,216,UP,Nisha,IND,,,,,False,6,2009,GE
1805996,Mahesh Chandra Sharma,IND,22955,126,0.126432398803909,11,6,216,UP,Mahesh Chandra Sharma,IND,,,,,False,6,2009,GE
1805997,Gaya Prasad,IND,22955,112,0.112384354492363,12,6,216,UP,Gaya Prasad,IND,,,,,False,6,2009,GE
1805998,Jagdish Prasad,ABHM,22976,95,0.0953260149712015,13,6,216,UP,Jagdish Prasad,ABHM,,,,,False,6,2009,GE
1805999,Gufran Ahmed,RWSP,23045,89,0.0893054245519677,14,6,216,UP,Gufran Ahmed,RWSP,,,,,False,6,2009,GE
1806000,Jageswar Dayal Vikal Orai,IND,22955,86,0.0862951293423508,15,6,216,UP,Jageswar Dayal Vikal Orai,IND,,,,,False,6,2009,GE
1806001,Anil Kumar Jain,IND,22955,77,0.0772642437135001,16,6,216,UP,Anil Kumar Jain,IND,,,,,False,6,2009,GE
1806002,Badri Vishal Prajapati,IND,22955,75,0.0752573802404222,17,6,216,UP,Badri Vishal Prajapati,IND,,,,,False,6,2009,GE
1806003,Moti Lal Sharma,IJP,22982,59,0.0592024724557988,18,6,216,UP,Moti Lal Sharma,IJP,,,,,False,6,2009,GE
1806104,Rajaram Pal,INC,22954,39664,29.3829172531298,1,6,217,UP,Rajaram Pal,INC,,,,,False,6,2009,GE
1806105,Arun Kumar Tiwari Baba,BJP,22953,39383,29.1747536854581,2,6,217,UP,Arun Kumar Tiwari Baba,BJP,,,,,False,6,2009,GE
1806106,Anil Shukla Warsi,BSP,22951,34199,25.3344692199422,3,6,217,UP,Anil Shukla Warsi,BSP,,,,,False,6,2009,GE
1806107,Kamlesh Kumar Pathak,SP,22952,17010,12.6009334024742,4,6,217,UP,Kamlesh Kumar Pathak,SP,,,,,False,6,2009,GE
1806108,Ram Nath Verma,IND,22955,1176,0.871175642640195,5,6,217,UP,Ram Nath Verma,IND,,,,,False,6,2009,GE
1806109,Virendra Vishwakarma,IND,22955,1142,0.845988591747536,6,6,217,UP,Virendra Vishwakarma,IND,,,,,False,6,2009,GE
1806110,Amar Singh Chauhan,JPS,23265,493,0.365212237943551,7,6,217,UP,Amar Singh Chauhan,JPS,,,,,False,6,2009,GE
1806111,Dr.A.K. Gupta,RSMD,23062,282,0.208904363286169,8,6,217,UP,Dr.A.K. Gupta,RSMD,,,,,False,6,2009,GE
1806112,Dharmendra Pratap Singh,BPD,23162,267,0.197792429068819,9,6,217,UP,Dharmendra Pratap Singh,BPD,,,,,False,6,2009,GE
1806113,Manjesh Kumar,IND,22955,266,0.197051633454329,10,6,217,UP,Manjesh Kumar,IND,,,,,False,6,2009,GE
1806114,Satendra Kushwaha,RKSP,23013,248,0.18371731239351,11,6,217,UP,Satendra Kushwaha,RKSP,,,,,False,6,2009,GE
1806115,Omkar,IND,22955,231,0.171123786947181,12,6,217,UP,Omkar,IND,,,,,False,6,2009,GE
1806116,Vimal Singh Bhadauria,ABAS,23368,211,0.156307874657382,13,6,217,UP,Vimal Singh Bhadauria,ABAS,,,,,False,6,2009,GE
1806117,Daya Shanker,RSP,23122,119,0.0881546781243055,14,6,217,UP,Daya Shanker,RSP,,,,,False,6,2009,GE
1806118,Ram Gopal,RAJUP,23267,105,0.077783539521446,15,6,217,UP,Ram Gopal,RAJUP,,,,,False,6,2009,GE
1806119,Baikunth Nath,JD(S),23285,100,0.0740795614489962,16,6,217,UP,Baikunth Nath,JD(S),,,,,False,6,2009,GE
1806120,Chaudhary Dharmendra Singh Yadav,RPI,23181,94,0.0696347877620564,17,6,217,UP,Chaudhary Dharmendra Singh Yadav,RPI,,,,,False,6,2009,GE
1806218,Rajaram Pal,INC,22954,47266,34.9533373759484,1,6,218,UP,Rajaram Pal,INC,,,,,False,6,2009,GE
1806219,Anil Shukla Warsi,BSP,22951,37599,27.8045642110245,2,6,218,UP,Anil Shukla Warsi,BSP,,,,,False,6,2009,GE
1806220,Kamlesh Kumar Pathak,SP,22952,24867,18.3892150917722,3,6,218,UP,Kamlesh Kumar Pathak,SP,,,,,False,6,2009,GE
1806221,Arun Kumar Tiwari Baba,BJP,22953,16627,12.2957123630071,4,6,218,UP,Arun Kumar Tiwari Baba,BJP,,,,,False,6,2009,GE
1806222,Ram Nath Verma,IND,22955,1989,1.47087098634877,5,6,218,UP,Ram Nath Verma,IND,,,,,False,6,2009,GE
1806223,Virendra Vishwakarma,IND,22955,1753,1.29634833537929,6,6,218,UP,Virendra Vishwakarma,IND,,,,,False,6,2009,GE
1806224,Amar Singh Chauhan,JPS,23265,1219,0.901453862422906,7,6,218,UP,Amar Singh Chauhan,JPS,,,,,False,6,2009,GE
1806225,Dr.A.K. Gupta,RSMD,23062,1086,0.803099995562983,8,6,218,UP,Dr.A.K. Gupta,RSMD,,,,,False,6,2009,GE
1806226,Ram Gopal,RAJUP,23267,623,0.460710218449114,9,6,218,UP,Ram Gopal,RAJUP,,,,,False,6,2009,GE
1806227,Manjesh Kumar,IND,22955,380,0.281011048171209,10,6,218,UP,Manjesh Kumar,IND,,,,,False,6,2009,GE
1806228,Vimal Singh Bhadauria,ABAS,23368,379,0.280271545412864,11,6,218,UP,Vimal Singh Bhadauria,ABAS,,,,,False,6,2009,GE
1806229,Satendra Kushwaha,RKSP,23013,336,0.248472926804016,12,6,218,UP,Satendra Kushwaha,RKSP,,,,,False,6,2009,GE
1806230,Omkar,IND,22955,303,0.224069335778622,13,6,218,UP,Omkar,IND,,,,,False,6,2009,GE
1806231,Dharmendra Pratap Singh,BPD,23162,277,0.204842264061644,14,6,218,UP,Dharmendra Pratap Singh,BPD,,,,,False,6,2009,GE
1806232,Daya Shanker,RSP,23122,192,0.141984529602295,15,6,218,UP,Daya Shanker,RSP,,,,,False,6,2009,GE
1806233,Chaudhary Dharmendra Singh Yadav,RPI,23181,178,0.131631490985461,16,6,218,UP,Chaudhary Dharmendra Singh Yadav,RPI,,,,,False,6,2009,GE
1806234,Baikunth Nath,JD(S),23285,152,0.112404419268483,17,6,218,UP,Baikunth Nath,JD(S),,,,,False,6,2009,GE
1806320,Ghanshayam Anuragi,SP,22952,79280,41.967518580473,1,6,219,UP,Ghanshayam Anuragi,SP,,,,,False,6,2009,GE
1806321,Tilak Chandra Ahirwar,BSP,22951,63868,33.8090499078916,2,6,219,UP,Tilak Chandra Ahirwar,BSP,,,,,False,6,2009,GE
1806322,Bhanu Pratap Singh Verma,BJP,22953,29962,15.8606305714951,3,6,219,UP,Bhanu Pratap Singh Verma,BJP,,,,,False,6,2009,GE
1806323,Dr. Babu Ramadhin Ahirwar,INC,22954,8701,4.60594575137103,4,6,219,UP,Dr. Babu Ramadhin Ahirwar,INC,,,,,False,6,2009,GE
1806324,Vashudev,IND,22955,1708,0.904143816037436,5,6,219,UP,Vashudev,IND,,,,,False,6,2009,GE
1806325,Ram Ji,IND,22955,1083,0.573294937218116,6,6,219,UP,Ram Ji,IND,,,,,False,6,2009,GE
1806326,Nathuram Verma Lohia,NCP,22977,989,0.523535265843691,7,6,219,UP,Nathuram Verma Lohia,NCP,,,,,False,6,2009,GE
1806327,Bhaggoolal Valmiki,RSMD,23062,616,0.326084654964321,8,6,219,UP,Bhaggoolal Valmiki,RSMD,,,,,False,6,2009,GE
1806328,Prabha Verma,AD,23110,508,0.268913968704342,9,6,219,UP,Prabha Verma,AD,,,,,False,6,2009,GE
1806329,Mevalal,IND,22955,456,0.241387341986575,10,6,219,UP,Mevalal,IND,,,,,False,6,2009,GE
1806330,Kashiram,CPI(ML)(L),23197,449,0.237681834543799,11,6,219,UP,Kashiram,CPI(ML)(L),,,,,False,6,2009,GE
1806331,Bhuri Devi,IND,22955,387,0.204861625764922,12,6,219,UP,Bhuri Devi,IND,,,,,False,6,2009,GE
1806332,Pratap Singh Kathariya,NELU,23029,286,0.15139644694772,13,6,219,UP,Pratap Singh Kathariya,NELU,,,,,False,6,2009,GE
1806333,Hukum,JPS,23265,261,0.138162491794947,14,6,219,UP,Hukum,JPS,,,,,False,6,2009,GE
1806334,Dashrath Singh Ahirwar,RDMP,22983,181,0.0958138353060749,15,6,219,UP,Dashrath Singh Ahirwar,RDMP,,,,,False,6,2009,GE
1806335,Sanjay Kumar,RAJUP,23267,173,0.0915789696571876,16,6,219,UP,Sanjay Kumar,RAJUP,,,,,False,6,2009,GE
1806413,Ghanshayam Anuragi,SP,22952,60353,36.8210409434503,1,6,220,UP,Ghanshayam Anuragi,SP,,,,,False,6,2009,GE
1806414,Tilak Chandra Ahirwar,BSP,22951,60345,36.8161601864449,2,6,220,UP,Tilak Chandra Ahirwar,BSP,,,,,False,6,2009,GE
1806415,Bhanu Pratap Singh Verma,BJP,22953,22374,13.6502571548847,3,6,220,UP,Bhanu Pratap Singh Verma,BJP,,,,,False,6,2009,GE
1806416,Dr. Babu Ramadhin Ahirwar,INC,22954,13806,8.42296640208896,4,6,220,UP,Dr. Babu Ramadhin Ahirwar,INC,,,,,False,6,2009,GE
1806417,Vashudev,IND,22955,1459,0.890128058861929,5,6,220,UP,Vashudev,IND,,,,,False,6,2009,GE
1806418,Nathuram Verma Lohia,NCP,22977,1144,0.69794825177385,6,6,220,UP,Nathuram Verma Lohia,NCP,,,,,False,6,2009,GE
1806419,Ram Ji,IND,22955,916,0.558846677119621,7,6,220,UP,Ram Ji,IND,,,,,False,6,2009,GE
1806420,Pratap Singh Kathariya,NELU,23029,666,0.40632302070051,8,6,220,UP,Pratap Singh Kathariya,NELU,,,,,False,6,2009,GE
1806421,Kashiram,CPI(ML)(L),23197,657,0.400832169069422,9,6,220,UP,Kashiram,CPI(ML)(L),,,,,False,6,2009,GE
1806422,Bhaggoolal Valmiki,RSMD,23062,476,0.290405041821986,10,6,220,UP,Bhaggoolal Valmiki,RSMD,,,,,False,6,2009,GE
1806423,Mevalal,IND,22955,382,0.233056147008401,11,6,220,UP,Mevalal,IND,,,,,False,6,2009,GE
1806424,Bhuri Devi,IND,22955,362,0.220854254494872,12,6,220,UP,Bhuri Devi,IND,,,,,False,6,2009,GE
1806425,Prabha Verma,AD,23110,324,0.197670658719167,13,6,220,UP,Prabha Verma,AD,,,,,False,6,2009,GE
1806426,Hukum,JPS,23265,247,0.150693372542081,14,6,220,UP,Hukum,JPS,,,,,False,6,2009,GE
1806427,Sanjay Kumar,RAJUP,23267,204,0.124459303637994,15,6,220,UP,Sanjay Kumar,RAJUP,,,,,False,6,2009,GE
1806428,Dashrath Singh Ahirwar,RDMP,22983,194,0.118358357381229,16,6,220,UP,Dashrath Singh Ahirwar,RDMP,,,,,False,6,2009,GE
1806498,Ghanshayam Anuragi,SP,22952,59421,34.2357862229494,1,6,221,UP,Ghanshayam Anuragi,SP,,,,,False,6,2009,GE
1806499,Tilak Chandra Ahirwar,BSP,22951,53364,30.7460072365237,2,6,221,UP,Tilak Chandra Ahirwar,BSP,,,,,False,6,2009,GE
1806500,Bhanu Pratap Singh Verma,BJP,22953,33380,19.2320988223364,3,6,221,UP,Bhanu Pratap Singh Verma,BJP,,,,,False,6,2009,GE
1806501,Dr. Babu Ramadhin Ahirwar,INC,22954,20624,11.8826484754903,4,6,221,UP,Dr. Babu Ramadhin Ahirwar,INC,,,,,False,6,2009,GE
1806502,Vashudev,IND,22955,1174,0.676407549952755,5,6,221,UP,Vashudev,IND,,,,,False,6,2009,GE
1806503,Pratap Singh Kathariya,NELU,23029,954,0.549653153879836,6,6,221,UP,Pratap Singh Kathariya,NELU,,,,,False,6,2009,GE
1806504,Nathuram Verma Lohia,NCP,22977,839,0.483395174114447,7,6,221,UP,Nathuram Verma Lohia,NCP,,,,,False,6,2009,GE
1806505,Kashiram,CPI(ML)(L),23197,742,0.427508008573206,8,6,221,UP,Kashiram,CPI(ML)(L),,,,,False,6,2009,GE
1806506,Ram Ji,IND,22955,653,0.376230093798253,9,6,221,UP,Ram Ji,IND,,,,,False,6,2009,GE
1806507,Bhaggoolal Valmiki,RSMD,23062,586,0.337627618630591,10,6,221,UP,Bhaggoolal Valmiki,RSMD,,,,,False,6,2009,GE
1806508,Hukum,JPS,23265,419,0.24140950888433,11,6,221,UP,Hukum,JPS,,,,,False,6,2009,GE
1806509,Prabha Verma,AD,23110,409,0.23564794542647,12,6,221,UP,Prabha Verma,AD,,,,,False,6,2009,GE
1806510,Bhuri Devi,IND,22955,358,0.206263971791385,13,6,221,UP,Bhuri Devi,IND,,,,,False,6,2009,GE
1806511,Mevalal,IND,22955,301,0.173423060081583,14,6,221,UP,Mevalal,IND,,,,,False,6,2009,GE
1806512,Dashrath Singh Ahirwar,RDMP,22983,195,0.112350487428268,15,6,221,UP,Dashrath Singh Ahirwar,RDMP,,,,,False,6,2009,GE
1806513,Sanjay Kumar,RAJUP,23267,145,0.0835426701389689,16,6,221,UP,Sanjay Kumar,RAJUP,,,,,False,6,2009,GE
1806577,Pradeep Jain Aditya,INC,22954,48174,32.2415270118327,1,6,222,UP,Pradeep Jain Aditya,INC,,,,,False,6,2009,GE
1806578,Ramesh Kumar Sharma,BSP,22951,38615,25.843952454891,2,6,222,UP,Ramesh Kumar Sharma,BSP,,,,,False,6,2009,GE
1806579,Chandrpal Singh Yadav,SP,22952,29565,19.7870375327943,3,6,222,UP,Chandrpal Singh Yadav,SP,,,,,False,6,2009,GE
1806580,Ravindra Shukla,BJP,22953,12001,8.03193767735717,4,6,222,UP,Ravindra Shukla,BJP,,,,,False,6,2009,GE
1806581,Sujan Singh Bundela,RSMD,23062,8154,5.45724688119076,5,6,222,UP,Sujan Singh Bundela,RSMD,,,,,False,6,2009,GE
1806582,Kamta Prasad Rajput,IND,22955,2411,1.61361567703592,6,6,222,UP,Kamta Prasad Rajput,IND,,,,,False,6,2009,GE
1806583,Bal Kishan,IND,22955,2249,1.50519355356856,7,6,222,UP,Bal Kishan,IND,,,,,False,6,2009,GE
1806584,Mahendra,IND,22955,1416,0.947689671788831,8,6,222,UP,Mahendra,IND,,,,,False,6,2009,GE
1806585,Pankaj Rawat,IND,22955,1190,0.796434116828184,9,6,222,UP,Pankaj Rawat,IND,,,,,False,6,2009,GE
1806586,Deepmala Kushwaha,RTKP,23187,1129,0.755608502436151,10,6,222,UP,Deepmala Kushwaha,RTKP,,,,,False,6,2009,GE
1806587,Mathura Prasad,IND,22955,958,0.641162927665042,11,6,222,UP,Mathura Prasad,IND,,,,,False,6,2009,GE
1806588,Parwat Singh,IND,22955,938,0.627777480323392,12,6,222,UP,Parwat Singh,IND,,,,,False,6,2009,GE
1806589,Jagat Vikram Singh,IND,22955,698,0.46715211222359,13,6,222,UP,Jagat Vikram Singh,IND,,,,,False,6,2009,GE
1806590,Ramdas,BJTP,23475,580,0.388177972907854,14,6,222,UP,Ramdas,BJTP,,,,,False,6,2009,GE
1806591,Abdesh Bhooshan Srivastava,IND,22955,474,0.317235101997108,15,6,222,UP,Abdesh Bhooshan Srivastava,IND,,,,,False,6,2009,GE
1806592,Balak Das,AD,23110,332,0.222198425871392,16,6,222,UP,Balak Das,AD,,,,,False,6,2009,GE
1806593,Manmohan Gupta,IJP,22982,293,0.196096803555174,17,6,222,UP,Manmohan Gupta,IJP,,,,,False,6,2009,GE
1806594,Babu Lal Nangal,LSVP,23476,239,0.159956095732719,18,6,222,UP,Babu Lal Nangal,LSVP,,,,,False,6,2009,GE
1806676,Pradeep Jain Aditya,INC,22954,65547,44.2135297569662,1,6,223,UP,Pradeep Jain Aditya,INC,,,,,False,6,2009,GE
1806677,Ramesh Kumar Sharma,BSP,22951,31541,21.2754045503908,2,6,223,UP,Ramesh Kumar Sharma,BSP,,,,,False,6,2009,GE
1806678,Ravindra Shukla,BJP,22953,26251,17.7071318237313,3,6,223,UP,Ravindra Shukla,BJP,,,,,False,6,2009,GE
1806679,Chandrpal Singh Yadav,SP,22952,15829,10.6771623800176,4,6,223,UP,Chandrpal Singh Yadav,SP,,,,,False,6,2009,GE
1806680,Sujan Singh Bundela,RSMD,23062,4304,2.90318446418573,5,6,223,UP,Sujan Singh Bundela,RSMD,,,,,False,6,2009,GE
1806681,Bal Kishan,IND,22955,883,0.595611496718403,6,6,223,UP,Bal Kishan,IND,,,,,False,6,2009,GE
1806682,Mahendra,IND,22955,818,0.551766935804817,7,6,223,UP,Mahendra,IND,,,,,False,6,2009,GE
1806683,Pankaj Rawat,IND,22955,489,0.329846004411437,8,6,223,UP,Pankaj Rawat,IND,,,,,False,6,2009,GE
1806684,Deepmala Kushwaha,RTKP,23187,443,0.298817545918745,9,6,223,UP,Deepmala Kushwaha,RTKP,,,,,False,6,2009,GE
1806685,Kamta Prasad Rajput,IND,22955,431,0.290723165442391,10,6,223,UP,Kamta Prasad Rajput,IND,,,,,False,6,2009,GE
1806686,Parwat Singh,IND,22955,297,0.200335916789768,11,6,223,UP,Parwat Singh,IND,,,,,False,6,2009,GE
1806687,Mathura Prasad,IND,22955,293,0.197637789964317,12,6,223,UP,Mathura Prasad,IND,,,,,False,6,2009,GE
1806688,Ramdas,BJTP,23475,248,0.167283863177988,13,6,223,UP,Ramdas,BJTP,,,,,False,6,2009,GE
1806689,Jagat Vikram Singh,IND,22955,231,0.15581682416982,14,6,223,UP,Jagat Vikram Singh,IND,,,,,False,6,2009,GE
1806690,Abdesh Bhooshan Srivastava,IND,22955,212,0.143000721748925,15,6,223,UP,Abdesh Bhooshan Srivastava,IND,,,,,False,6,2009,GE
1806691,Manmohan Gupta,IJP,22982,192,0.129510087621668,16,6,223,UP,Manmohan Gupta,IJP,,,,,False,6,2009,GE
1806692,Balak Das,AD,23110,142,0.0957835023035257,17,6,223,UP,Balak Das,AD,,,,,False,6,2009,GE
1806693,Babu Lal Nangal,LSVP,23476,100,0.0674531706362857,18,6,223,UP,Babu Lal Nangal,LSVP,,,,,False,6,2009,GE
1806782,Pradeep Jain Aditya,INC,22954,56356,31.0060630068552,1,6,224,UP,Pradeep Jain Aditya,INC,,,,,False,6,2009,GE
1806783,Ramesh Kumar Sharma,BSP,22951,52348,28.800933108859,2,6,224,UP,Ramesh Kumar Sharma,BSP,,,,,False,6,2009,GE
1806784,Chandrpal Singh Yadav,SP,22952,30703,16.8922413318808,3,6,224,UP,Chandrpal Singh Yadav,SP,,,,,False,6,2009,GE
1806785,Ravindra Shukla,BJP,22953,15676,8.6246547607258,4,6,224,UP,Ravindra Shukla,BJP,,,,,False,6,2009,GE
1806786,Sujan Singh Bundela,RSMD,23062,12582,6.92239131152411,5,6,224,UP,Sujan Singh Bundela,RSMD,,,,,False,6,2009,GE
1806787,Bal Kishan,IND,22955,2957,1.62688850009353,6,6,224,UP,Bal Kishan,IND,,,,,False,6,2009,GE
1806788,Mahendra,IND,22955,1679,0.923755763157605,7,6,224,UP,Mahendra,IND,,,,,False,6,2009,GE
1806789,Pankaj Rawat,IND,22955,1600,0.880291376445603,8,6,224,UP,Pankaj Rawat,IND,,,,,False,6,2009,GE
1806790,Parwat Singh,IND,22955,1202,0.661318896554759,9,6,224,UP,Parwat Singh,IND,,,,,False,6,2009,GE
1806791,Mathura Prasad,IND,22955,1145,0.629958516268885,10,6,224,UP,Mathura Prasad,IND,,,,,False,6,2009,GE
1806792,Deepmala Kushwaha,RTKP,23187,882,0.485260621265638,11,6,224,UP,Deepmala Kushwaha,RTKP,,,,,False,6,2009,GE
1806793,Jagat Vikram Singh,IND,22955,856,0.470955886398397,12,6,224,UP,Jagat Vikram Singh,IND,,,,,False,6,2009,GE
1806794,Ramdas,BJTP,23475,851,0.468204975847005,13,6,224,UP,Ramdas,BJTP,,,,,False,6,2009,GE
1806795,Kamta Prasad Rajput,IND,22955,848,0.466554429516169,14,6,224,UP,Kamta Prasad Rajput,IND,,,,,False,6,2009,GE
1806796,Balak Das,AD,23110,687,0.377975109761331,15,6,224,UP,Balak Das,AD,,,,,False,6,2009,GE
1806797,Abdesh Bhooshan Srivastava,IND,22955,586,0.322406716623202,16,6,224,UP,Abdesh Bhooshan Srivastava,IND,,,,,False,6,2009,GE
1806798,Manmohan Gupta,IJP,22982,458,0.251983406507554,17,6,224,UP,Manmohan Gupta,IJP,,,,,False,6,2009,GE
1806799,Babu Lal Nangal,LSVP,23476,342,0.188162281715247,18,6,224,UP,Babu Lal Nangal,LSVP,,,,,False,6,2009,GE
1806870,Tilak Chandra Ahirwar,BSP,22951,54019,37.0092010879618,1,6,225,UP,Tilak Chandra Ahirwar,BSP,,,,,False,6,2009,GE
1806871,Ghanshayam Anuragi,SP,22952,38531,26.3981474503463,2,6,225,UP,Ghanshayam Anuragi,SP,,,,,False,6,2009,GE
1806872,Bhanu Pratap Singh Verma,BJP,22953,23427,16.0501777872171,3,6,225,UP,Bhanu Pratap Singh Verma,BJP,,,,,False,6,2009,GE
1806873,Dr. Babu Ramadhin Ahirwar,INC,22954,21706,14.8710957036468,4,6,225,UP,Dr. Babu Ramadhin Ahirwar,INC,,,,,False,6,2009,GE
1806874,Vashudev,IND,22955,2002,1.37159926281677,5,6,225,UP,Vashudev,IND,,,,,False,6,2009,GE
1806875,Nathuram Verma Lohia,NCP,22977,1155,0.79130726700968,6,6,225,UP,Nathuram Verma Lohia,NCP,,,,,False,6,2009,GE
1806876,Ram Ji,IND,22955,1149,0.787196579908331,7,6,225,UP,Ram Ji,IND,,,,,False,6,2009,GE
1806877,Kashiram,CPI(ML)(L),23197,601,0.41175382465179,8,6,225,UP,Kashiram,CPI(ML)(L),,,,,False,6,2009,GE
1806878,Prabha Verma,AD,23110,579,0.396681305280177,9,6,225,UP,Prabha Verma,AD,,,,,False,6,2009,GE
1806879,Bhaggoolal Valmiki,RSMD,23062,515,0.352833976199121,10,6,225,UP,Bhaggoolal Valmiki,RSMD,,,,,False,6,2009,GE
1806880,Bhuri Devi,IND,22955,509,0.348723289097772,11,6,225,UP,Bhuri Devi,IND,,,,,False,6,2009,GE
1806881,Mevalal,IND,22955,495,0.339131685861291,12,6,225,UP,Mevalal,IND,,,,,False,6,2009,GE
1806882,Hukum,JPS,23265,457,0.313097334219414,13,6,225,UP,Hukum,JPS,,,,,False,6,2009,GE
1806883,Pratap Singh Kathariya,NELU,23029,371,0.254177485766745,14,6,225,UP,Pratap Singh Kathariya,NELU,,,,,False,6,2009,GE
1806884,Sanjay Kumar,RAJUP,23267,229,0.156891224368153,15,6,225,UP,Sanjay Kumar,RAJUP,,,,,False,6,2009,GE
1806885,Dashrath Singh Ahirwar,RDMP,22983,216,0.147984735648563,16,6,225,UP,Dashrath Singh Ahirwar,RDMP,,,,,False,6,2009,GE
1806953,Pradeep Jain Aditya,INC,22954,42986,22.5304128601453,1,6,226,UP,Pradeep Jain Aditya,INC,,,,,False,6,2009,GE
1806954,Ramesh Kumar Sharma,BSP,22951,39051,20.4679466012547,2,6,226,UP,Ramesh Kumar Sharma,BSP,,,,,False,6,2009,GE
1806955,Sujan Singh Bundela,RSMD,23062,37345,19.5737744442872,3,6,226,UP,Sujan Singh Bundela,RSMD,,,,,False,6,2009,GE
1806956,Chandrpal Singh Yadav,SP,22952,30635,16.0568370625448,4,6,226,UP,Chandrpal Singh Yadav,SP,,,,,False,6,2009,GE
1806957,Ravindra Shukla,BJP,22953,12914,6.76866309207457,5,6,226,UP,Ravindra Shukla,BJP,,,,,False,6,2009,GE
1806958,Deepmala Kushwaha,RTKP,23187,8782,4.60294248680493,6,6,226,UP,Deepmala Kushwaha,RTKP,,,,,False,6,2009,GE
1806959,Bal Kishan,IND,22955,3817,2.00061847781079,7,6,226,UP,Bal Kishan,IND,,,,,False,6,2009,GE
1806960,Ramdas,BJTP,23475,2663,1.39576814419967,8,6,226,UP,Ramdas,BJTP,,,,,False,6,2009,GE
1806961,Pankaj Rawat,IND,22955,1776,0.930861518625092,9,6,226,UP,Pankaj Rawat,IND,,,,,False,6,2009,GE
1806962,Mahendra,IND,22955,1400,0.73378723315041,10,6,226,UP,Mahendra,IND,,,,,False,6,2009,GE
1806963,Mathura Prasad,IND,22955,1365,0.71544255232165,11,6,226,UP,Mathura Prasad,IND,,,,,False,6,2009,GE
1806964,Parwat Singh,IND,22955,1335,0.699718540182713,12,6,226,UP,Parwat Singh,IND,,,,,False,6,2009,GE
1806965,Abdesh Bhooshan Srivastava,IND,22955,1266,0.663553312263157,13,6,226,UP,Abdesh Bhooshan Srivastava,IND,,,,,False,6,2009,GE
1806966,Balak Das,AD,23110,1238,0.648877567600148,14,6,226,UP,Balak Das,AD,,,,,False,6,2009,GE
1806967,Jagat Vikram Singh,IND,22955,1206,0.632105287985282,15,6,226,UP,Jagat Vikram Singh,IND,,,,,False,6,2009,GE
1806968,Kamta Prasad Rajput,IND,22955,1177,0.616905409584309,16,6,226,UP,Kamta Prasad Rajput,IND,,,,,False,6,2009,GE
1806969,Manmohan Gupta,IJP,22982,922,0.483251306403341,17,6,226,UP,Manmohan Gupta,IJP,,,,,False,6,2009,GE
1806970,Babu Lal Nangal,LSVP,23476,913,0.47853410276166,18,6,226,UP,Babu Lal Nangal,LSVP,,,,,False,6,2009,GE
1807050,Ramesh Kumar Sharma,BSP,22951,43487,22.6916714933496,1,6,227,UP,Ramesh Kumar Sharma,BSP,,,,,False,6,2009,GE
1807051,Sujan Singh Bundela,RSMD,23062,42913,22.3921562488585,2,6,227,UP,Sujan Singh Bundela,RSMD,,,,,False,6,2009,GE
1807052,Pradeep Jain Aditya,INC,22954,39649,20.6889894230418,3,6,227,UP,Pradeep Jain Aditya,INC,,,,,False,6,2009,GE
1807053,Chandrpal Singh Yadav,SP,22952,25344,13.2245894710477,4,6,227,UP,Chandrpal Singh Yadav,SP,,,,,False,6,2009,GE
1807054,Ravindra Shukla,BJP,22953,12882,6.72187348350839,5,6,227,UP,Ravindra Shukla,BJP,,,,,False,6,2009,GE
1807055,Deepmala Kushwaha,RTKP,23187,6163,3.21587535156514,6,6,227,UP,Deepmala Kushwaha,RTKP,,,,,False,6,2009,GE
1807056,Bal Kishan,IND,22955,3592,1.87431839409735,7,6,227,UP,Bal Kishan,IND,,,,,False,6,2009,GE
1807057,Ramdas,BJTP,23475,2530,1.32016301143271,8,6,227,UP,Ramdas,BJTP,,,,,False,6,2009,GE
1807058,Mahendra,IND,22955,2036,1.06239205188814,9,6,227,UP,Mahendra,IND,,,,,False,6,2009,GE
1807059,Pankaj Rawat,IND,22955,1949,1.01699514200883,10,6,227,UP,Pankaj Rawat,IND,,,,,False,6,2009,GE
1807060,Balak Das,AD,23110,1774,0.925679518688394,11,6,227,UP,Balak Das,AD,,,,,False,6,2009,GE
1807061,Abdesh Bhooshan Srivastava,IND,22955,1672,0.872455555381621,12,6,227,UP,Abdesh Bhooshan Srivastava,IND,,,,,False,6,2009,GE
1807062,Mathura Prasad,IND,22955,1559,0.813491752894705,13,6,227,UP,Mathura Prasad,IND,,,,,False,6,2009,GE
1807063,Kamta Prasad Rajput,IND,22955,1419,0.740439254238349,14,6,227,UP,Kamta Prasad Rajput,IND,,,,,False,6,2009,GE
1807064,Parwat Singh,IND,22955,1334,0.696085951482704,15,6,227,UP,Parwat Singh,IND,,,,,False,6,2009,GE
1807065,Jagat Vikram Singh,IND,22955,1271,0.663212327087344,16,6,227,UP,Jagat Vikram Singh,IND,,,,,False,6,2009,GE
1807066,Manmohan Gupta,IJP,22982,1156,0.603204917476766,17,6,227,UP,Manmohan Gupta,IJP,,,,,False,6,2009,GE
1807067,Babu Lal Nangal,LSVP,23476,913,0.476406651951806,18,6,227,UP,Babu Lal Nangal,LSVP,,,,,False,6,2009,GE
1807153,Ashok Kumar Singh Chandel,SP,22952,53402,31.1891134213292,1,6,228,UP,Ashok Kumar Singh Chandel,SP,,,,,False,6,2009,GE
1807154,Siddha Gopal Sahu,INC,22954,42545,24.8481485807732,2,6,228,UP,Siddha Gopal Sahu,INC,,,,,False,6,2009,GE
1807155,Vijay Bahadur Singh,BSP,22951,41578,24.2833781100338,3,6,228,UP,Vijay Bahadur Singh,BSP,,,,,False,6,2009,GE
1807156,Pritam Singh Lodhi Kisaan,BJP,22953,23617,13.7933652610676,4,6,228,UP,Pritam Singh Lodhi Kisaan,BJP,,,,,False,6,2009,GE
1807157,Hakeem Khan,BAP,23486,2362,1.37951173928279,5,6,228,UP,Hakeem Khan,BAP,,,,,False,6,2009,GE
1807158,Lallu Prasad,IND,22955,1817,1.06120780282677,6,6,228,UP,Lallu Prasad,IND,,,,,False,6,2009,GE
1807159,Anil Kumar,ASP,22961,1133,0.661721761476463,7,6,228,UP,Anil Kumar,ASP,,,,,False,6,2009,GE
1807160,Parmeshwar Dayal,IND,22955,778,0.454386169839971,8,6,228,UP,Parmeshwar Dayal,IND,,,,,False,6,2009,GE
1807161,Lalla,IND,22955,688,0.40182221703072,9,6,228,UP,Lalla,IND,,,,,False,6,2009,GE
1807162,Neeraj Kumar Nirala,IND,22955,626,0.365611493984347,10,6,228,UP,Neeraj Kumar Nirala,IND,,,,,False,6,2009,GE
1807163,Shivprasad Prajapati,IJP,22982,613,0.358018923023011,11,6,228,UP,Shivprasad Prajapati,IJP,,,,,False,6,2009,GE
1807164,Amit Kumar,AD,23110,572,0.334073122298796,12,6,228,UP,Amit Kumar,AD,,,,,False,6,2009,GE
1807165,Desh Raj,IND,22955,435,0.254059105244714,13,6,228,UP,Desh Raj,IND,,,,,False,6,2009,GE
1807166,Kanti,LD,22979,414,0.241794182922555,14,6,228,UP,Kanti,LD,,,,,False,6,2009,GE
1807167,Girdharilal,NELU,23029,357,0.208503679476696,15,6,228,UP,Girdharilal,NELU,,,,,False,6,2009,GE
1807168,Kapil Kumar,NLHP,23028,283,0.16528442938909,16,6,228,UP,Kapil Kumar,NLHP,,,,,False,6,2009,GE
1807249,Vijay Bahadur Singh,BSP,22951,46267,26.5161674862166,1,6,229,UP,Vijay Bahadur Singh,BSP,,,,,False,6,2009,GE
1807250,Pritam Singh Lodhi Kisaan,BJP,22953,40728,23.3417007668236,2,6,229,UP,Pritam Singh Lodhi Kisaan,BJP,,,,,False,6,2009,GE
1807251,Siddha Gopal Sahu,INC,22954,40500,23.211031257522,3,6,229,UP,Siddha Gopal Sahu,INC,,,,,False,6,2009,GE
1807252,Ashok Kumar Singh Chandel,SP,22952,35560,20.3798585559872,4,6,229,UP,Ashok Kumar Singh Chandel,SP,,,,,False,6,2009,GE
1807253,Lallu Prasad,IND,22955,2286,1.31013376431346,5,6,229,UP,Lallu Prasad,IND,,,,,False,6,2009,GE
1807254,Hakeem Khan,BAP,23486,1652,0.94678083055374,6,6,229,UP,Hakeem Khan,BAP,,,,,False,6,2009,GE
1807255,Anil Kumar,ASP,22961,1503,0.861387160001375,7,6,229,UP,Anil Kumar,ASP,,,,,False,6,2009,GE
1807256,Parmeshwar Dayal,IND,22955,1003,0.574831218550485,8,6,229,UP,Parmeshwar Dayal,IND,,,,,False,6,2009,GE
1807257,Lalla,IND,22955,923,0.528982267918343,9,6,229,UP,Lalla,IND,,,,,False,6,2009,GE
1807258,Neeraj Kumar Nirala,IND,22955,835,0.478548422222986,10,6,229,UP,Neeraj Kumar Nirala,IND,,,,,False,6,2009,GE
1807259,Amit Kumar,AD,23110,752,0.430980135942138,11,6,229,UP,Amit Kumar,AD,,,,,False,6,2009,GE
1807260,Desh Raj,IND,22955,599,0.343294017858166,12,6,229,UP,Desh Raj,IND,,,,,False,6,2009,GE
1807261,Shivprasad Prajapati,IJP,22982,506,0.2899946127483,13,6,229,UP,Shivprasad Prajapati,IJP,,,,,False,6,2009,GE
1807262,Kapil Kumar,NLHP,23028,476,0.272801256261247,14,6,229,UP,Kapil Kumar,NLHP,,,,,False,6,2009,GE
1807263,Kanti,LD,22979,471,0.269935696846738,15,6,229,UP,Kanti,LD,,,,,False,6,2009,GE
1807264,Girdharilal,NELU,23029,425,0.243572550233256,16,6,229,UP,Girdharilal,NELU,,,,,False,6,2009,GE
1807342,Vijay Bahadur Singh,BSP,22951,38123,30.1906964220663,1,6,230,UP,Vijay Bahadur Singh,BSP,,,,,False,6,2009,GE
1807343,Siddha Gopal Sahu,INC,22954,36048,28.5474444462042,2,6,230,UP,Siddha Gopal Sahu,INC,,,,,False,6,2009,GE
1807344,Pritam Singh Lodhi Kisaan,BJP,22953,23635,18.7172339515656,3,6,230,UP,Pritam Singh Lodhi Kisaan,BJP,,,,,False,6,2009,GE
1807345,Ashok Kumar Singh Chandel,SP,22952,19942,15.7926413988627,4,6,230,UP,Ashok Kumar Singh Chandel,SP,,,,,False,6,2009,GE
1807346,Lallu Prasad,IND,22955,1695,1.34231908389692,5,6,230,UP,Lallu Prasad,IND,,,,,False,6,2009,GE
1807347,Anil Kumar,ASP,22961,1120,0.886960102633954,6,6,230,UP,Anil Kumar,ASP,,,,,False,6,2009,GE
1807348,Hakeem Khan,BAP,23486,1056,0.836276668197728,7,6,230,UP,Hakeem Khan,BAP,,,,,False,6,2009,GE
1807349,Parmeshwar Dayal,IND,22955,814,0.644629931735749,8,6,230,UP,Parmeshwar Dayal,IND,,,,,False,6,2009,GE
1807350,Lalla,IND,22955,735,0.582067567353532,9,6,230,UP,Lalla,IND,,,,,False,6,2009,GE
1807351,Neeraj Kumar Nirala,IND,22955,699,0.553558135483155,10,6,230,UP,Neeraj Kumar Nirala,IND,,,,,False,6,2009,GE
1807353,Desh Raj,IND,22955,475,0.376166114956364,11,6,230,UP,Desh Raj,IND,,,,,False,6,2009,GE
1807352,Amit Kumar,AD,23110,475,0.376166114956364,11,6,230,UP,Amit Kumar,AD,,,,,False,6,2009,GE
1807354,Shivprasad Prajapati,IJP,22982,413,0.32706653784627,13,6,230,UP,Shivprasad Prajapati,IJP,,,,,False,6,2009,GE
1807355,Girdharilal,NELU,23029,365,0.289053962019101,14,6,230,UP,Girdharilal,NELU,,,,,False,6,2009,GE
1807356,Kapil Kumar,NLHP,23028,343,0.271631531431648,15,6,230,UP,Kapil Kumar,NLHP,,,,,False,6,2009,GE
1807357,Kanti,LD,22979,336,0.266088030790186,16,6,230,UP,Kanti,LD,,,,,False,6,2009,GE
1807440,Vijay Bahadur Singh,BSP,22951,45036,30.8064847116765,1,6,231,UP,Vijay Bahadur Singh,BSP,,,,,False,6,2009,GE
1807441,Siddha Gopal Sahu,INC,22954,34688,23.7280251727204,2,6,231,UP,Siddha Gopal Sahu,INC,,,,,False,6,2009,GE
1807442,Pritam Singh Lodhi Kisaan,BJP,22953,32166,22.0028729735276,3,6,231,UP,Pritam Singh Lodhi Kisaan,BJP,,,,,False,6,2009,GE
1807443,Ashok Kumar Singh Chandel,SP,22952,23924,16.3650044462685,4,6,231,UP,Ashok Kumar Singh Chandel,SP,,,,,False,6,2009,GE
1807444,Lallu Prasad,IND,22955,2042,1.39681236746699,5,6,231,UP,Lallu Prasad,IND,,,,,False,6,2009,GE
1807445,Anil Kumar,ASP,22961,1294,0.885149463027566,6,6,231,UP,Anil Kumar,ASP,,,,,False,6,2009,GE
1807446,Hakeem Khan,BAP,23486,1260,0.86189205828032,7,6,231,UP,Hakeem Khan,BAP,,,,,False,6,2009,GE
1807447,Parmeshwar Dayal,IND,22955,1189,0.81332512483754,8,6,231,UP,Parmeshwar Dayal,IND,,,,,False,6,2009,GE
1807448,Lalla,IND,22955,969,0.662836035296531,9,6,231,UP,Lalla,IND,,,,,False,6,2009,GE
1807449,Neeraj Kumar Nirala,IND,22955,845,0.57801491210069,10,6,231,UP,Neeraj Kumar Nirala,IND,,,,,False,6,2009,GE
1807450,Amit Kumar,AD,23110,579,0.396059922019289,11,6,231,UP,Amit Kumar,AD,,,,,False,6,2009,GE
1807451,Desh Raj,IND,22955,542,0.370750393323756,12,6,231,UP,Desh Raj,IND,,,,,False,6,2009,GE
1807452,Shivprasad Prajapati,IJP,22982,499,0.34133661673165,13,6,231,UP,Shivprasad Prajapati,IJP,,,,,False,6,2009,GE
1807453,Girdharilal,NELU,23029,401,0.274300567754292,14,6,231,UP,Girdharilal,NELU,,,,,False,6,2009,GE
1807454,Kanti,LD,22979,393,0.268828237225528,15,6,231,UP,Kanti,LD,,,,,False,6,2009,GE
1807455,Kapil Kumar,NLHP,23028,363,0.248306997742663,16,6,231,UP,Kapil Kumar,NLHP,,,,,False,6,2009,GE
1807539,Ashok Kumar Singh Chandel,SP,22952,33099,30.8529082774049,1,6,232,UP,Ashok Kumar Singh Chandel,SP,,,,,False,6,2009,GE
1807540,Vijay Bahadur Singh,BSP,22951,28138,26.2285607755406,2,6,232,UP,Vijay Bahadur Singh,BSP,,,,,False,6,2009,GE
1807541,Siddha Gopal Sahu,INC,22954,19858,18.5104399701715,3,6,232,UP,Siddha Gopal Sahu,INC,,,,,False,6,2009,GE
1807542,Pritam Singh Lodhi Kisaan,BJP,22953,18535,17.2772184936614,4,6,232,UP,Pritam Singh Lodhi Kisaan,BJP,,,,,False,6,2009,GE
1807543,Lallu Prasad,IND,22955,1428,1.331096196868,5,6,232,UP,Lallu Prasad,IND,,,,,False,6,2009,GE
1807544,Hakeem Khan,BAP,23486,1263,1.17729306487695,6,6,232,UP,Hakeem Khan,BAP,,,,,False,6,2009,GE
1807545,Anil Kumar,ASP,22961,1119,1.04306487695749,7,6,232,UP,Anil Kumar,ASP,,,,,False,6,2009,GE
1807546,Lalla,IND,22955,698,0.650633855331841,8,6,232,UP,Lalla,IND,,,,,False,6,2009,GE
1807547,Parmeshwar Dayal,IND,22955,661,0.61614466815809,9,6,232,UP,Parmeshwar Dayal,IND,,,,,False,6,2009,GE
1807548,Amit Kumar,AD,23110,586,0.546234153616703,10,6,232,UP,Amit Kumar,AD,,,,,False,6,2009,GE
1807549,Neeraj Kumar Nirala,IND,22955,529,0.493102162565249,11,6,232,UP,Neeraj Kumar Nirala,IND,,,,,False,6,2009,GE
1807550,Desh Raj,IND,22955,353,0.329045488441461,12,6,232,UP,Desh Raj,IND,,,,,False,6,2009,GE
1807551,Shivprasad Prajapati,IJP,22982,313,0.291759880686055,13,6,232,UP,Shivprasad Prajapati,IJP,,,,,False,6,2009,GE
1807552,Girdharilal,NELU,23029,255,0.237695749440715,14,6,232,UP,Girdharilal,NELU,,,,,False,6,2009,GE
1807553,Kanti,LD,22979,240,0.223713646532438,15,6,232,UP,Kanti,LD,,,,,False,6,2009,GE
1807554,Kapil Kumar,NLHP,23028,205,0.191088739746457,16,6,232,UP,Kapil Kumar,NLHP,,,,,False,6,2009,GE
1807634,R.K. Singh Patel,SP,22952,47464,39.8532288806603,1,6,233,UP,R.K. Singh Patel,SP,,,,,False,6,2009,GE
1807635,Bhairon Prasad Mishra,BSP,22951,39447,33.1217411017909,2,6,233,UP,Bhairon Prasad Mishra,BSP,,,,,False,6,2009,GE
1807636,Amita Bajpai,BJP,22953,14312,12.0170953088658,3,6,233,UP,Amita Bajpai,BJP,,,,,False,6,2009,GE
1807637,Bhagawan Deen Garg,INC,22954,7719,6.48127156855336,4,6,233,UP,Bhagawan Deen Garg,INC,,,,,False,6,2009,GE
1807638,Santosh Kumar,CPI,22973,1788,1.50129726189576,5,6,233,UP,Santosh Kumar,CPI,,,,,False,6,2009,GE
1807639,Shiv Kumar,IND,22955,1678,1.4089355735241,6,6,233,UP,Shiv Kumar,IND,,,,,False,6,2009,GE
1807640,Parashu Ram Nishad,AD,23110,1624,1.36359438105074,7,6,233,UP,Parashu Ram Nishad,AD,,,,,False,6,2009,GE
1807641,Lalit Kumar,ASP,22961,1060,0.890030815217847,8,6,233,UP,Lalit Kumar,ASP,,,,,False,6,2009,GE
1807642,Balendra Nath,IND,22955,1011,0.848887881306833,9,6,233,UP,Balendra Nath,IND,,,,,False,6,2009,GE
1807643,Ashok Kumar,IJP,22982,777,0.652409380588931,10,6,233,UP,Ashok Kumar,IJP,,,,,False,6,2009,GE
1807644,Manoj Kumar,IND,22955,607,0.509668589469088,11,6,233,UP,Manoj Kumar,IND,,,,,False,6,2009,GE
1807645,Jagan Nath Singh,IND,22955,440,0.369446753486653,12,6,233,UP,Jagan Nath Singh,IND,,,,,False,6,2009,GE
1807646,Prakash Narayan,IND,22955,417,0.350134764099851,13,6,233,UP,Prakash Narayan,IND,,,,,False,6,2009,GE
1807647,Anand,UCPI,23490,397,0.333341729850458,14,6,233,UP,Anand,UCPI,,,,,False,6,2009,GE
1807648,Ansh Dhari,IND,22955,356,0.298916009639201,15,6,233,UP,Ansh Dhari,IND,,,,,False,6,2009,GE
1807722,R.K. Singh Patel,SP,22952,51513,40.8075478872569,1,6,234,UP,R.K. Singh Patel,SP,,,,,False,6,2009,GE
1807723,Bhairon Prasad Mishra,BSP,22951,42591,33.7397214696515,2,6,234,UP,Bhairon Prasad Mishra,BSP,,,,,False,6,2009,GE
1807724,Amita Bajpai,BJP,22953,16460,13.0392762647147,3,6,234,UP,Amita Bajpai,BJP,,,,,False,6,2009,GE
1807725,Bhagawan Deen Garg,INC,22954,6058,4.79902403472915,4,6,234,UP,Bhagawan Deen Garg,INC,,,,,False,6,2009,GE
1807726,Shiv Kumar,IND,22955,1915,1.5170239396676,5,6,234,UP,Shiv Kumar,IND,,,,,False,6,2009,GE
1807727,Santosh Kumar,CPI,22973,1383,1.0955843908931,6,6,234,UP,Santosh Kumar,CPI,,,,,False,6,2009,GE
1807728,Parashu Ram Nishad,AD,23110,1099,0.870605383652581,7,6,234,UP,Parashu Ram Nishad,AD,,,,,False,6,2009,GE
1807729,Lalit Kumar,ASP,22961,1009,0.799309219386219,8,6,234,UP,Lalit Kumar,ASP,,,,,False,6,2009,GE
1807730,Ashok Kumar,IJP,22982,957,0.75811588003232,9,6,234,UP,Ashok Kumar,IJP,,,,,False,6,2009,GE
1807731,Balendra Nath,IND,22955,907,0.718506899884341,10,6,234,UP,Balendra Nath,IND,,,,,False,6,2009,GE
1807732,Manoj Kumar,IND,22955,677,0.536305591203637,11,6,234,UP,Manoj Kumar,IND,,,,,False,6,2009,GE
1807733,Jagan Nath Singh,IND,22955,464,0.367571335773246,12,6,234,UP,Jagan Nath Singh,IND,,,,,False,6,2009,GE
1807734,Prakash Narayan,IND,22955,454,0.35964953974365,13,6,234,UP,Prakash Narayan,IND,,,,,False,6,2009,GE
1807735,Anand,UCPI,23490,386,0.305781326742399,14,6,234,UP,Anand,UCPI,,,,,False,6,2009,GE
1807736,Ansh Dhari,IND,22955,361,0.285976836668409,15,6,234,UP,Ansh Dhari,IND,,,,,False,6,2009,GE
1807811,Bhairon Prasad Mishra,BSP,22951,36058,34.9450016959829,1,6,235,UP,Bhairon Prasad Mishra,BSP,,,,,False,6,2009,GE
1807812,R.K. Singh Patel,SP,22952,28865,27.9740272326404,2,6,235,UP,R.K. Singh Patel,SP,,,,,False,6,2009,GE
1807813,Amita Bajpai,BJP,22953,21956,21.2782865726607,3,6,235,UP,Amita Bajpai,BJP,,,,,False,6,2009,GE
1807814,Bhagawan Deen Garg,INC,22954,10732,10.4007365411639,4,6,235,UP,Bhagawan Deen Garg,INC,,,,,False,6,2009,GE
1807815,Shiv Kumar,IND,22955,1166,1.13000920676454,5,6,235,UP,Shiv Kumar,IND,,,,,False,6,2009,GE
1807816,Santosh Kumar,CPI,22973,1007,0.975917042205746,6,6,235,UP,Santosh Kumar,CPI,,,,,False,6,2009,GE
1807817,Lalit Kumar,ASP,22961,694,0.672578378640306,7,6,235,UP,Lalit Kumar,ASP,,,,,False,6,2009,GE
1807818,Balendra Nath,IND,22955,503,0.487473954547657,8,6,235,UP,Balendra Nath,IND,,,,,False,6,2009,GE
1807819,Ashok Kumar,IJP,22982,488,0.472936957891166,9,6,235,UP,Ashok Kumar,IJP,,,,,False,6,2009,GE
1807820,Manoj Kumar,IND,22955,389,0.376992779958327,10,6,235,UP,Manoj Kumar,IND,,,,,False,6,2009,GE
1807821,Jagan Nath Singh,IND,22955,312,0.302369530455007,11,6,235,UP,Jagan Nath Singh,IND,,,,,False,6,2009,GE
1807822,Prakash Narayan,IND,22955,302,0.29267819935068,12,6,235,UP,Prakash Narayan,IND,,,,,False,6,2009,GE
1807823,Parashu Ram Nishad,AD,23110,295,0.285894267577651,13,6,235,UP,Parashu Ram Nishad,AD,,,,,False,6,2009,GE
1807824,Anand,UCPI,23490,223,0.216116683626496,14,6,235,UP,Anand,UCPI,,,,,False,6,2009,GE
1807825,Ansh Dhari,IND,22955,195,0.188980956534379,15,6,235,UP,Ansh Dhari,IND,,,,,False,6,2009,GE
1807908,R.K. Singh Patel,SP,22952,66065,46.086180075479,1,6,236,UP,R.K. Singh Patel,SP,,,,,False,6,2009,GE
1807909,Bhairon Prasad Mishra,BSP,22951,48251,33.6593396627857,2,6,236,UP,Bhairon Prasad Mishra,BSP,,,,,False,6,2009,GE
1807910,Amita Bajpai,BJP,22953,14443,10.0752697923279,3,6,236,UP,Amita Bajpai,BJP,,,,,False,6,2009,GE
1807911,Bhagawan Deen Garg,INC,22954,4003,2.79244651240661,4,6,236,UP,Bhagawan Deen Garg,INC,,,,,False,6,2009,GE
1807912,Parashu Ram Nishad,AD,23110,1977,1.37913233950234,5,6,236,UP,Parashu Ram Nishad,AD,,,,,False,6,2009,GE
1807913,Shiv Kumar,IND,22955,1909,1.3316963258017,6,6,236,UP,Shiv Kumar,IND,,,,,False,6,2009,GE
1807914,Santosh Kumar,CPI,22973,1706,1.19008587313656,7,6,236,UP,Santosh Kumar,CPI,,,,,False,6,2009,GE
1807915,Balendra Nath,IND,22955,1115,0.77781110700309,8,6,236,UP,Balendra Nath,IND,,,,,False,6,2009,GE
1807916,Ashok Kumar,IJP,22982,995,0.694100494590201,9,6,236,UP,Ashok Kumar,IJP,,,,,False,6,2009,GE
1807917,Manoj Kumar,IND,22955,657,0.458315602960565,10,6,236,UP,Manoj Kumar,IND,,,,,False,6,2009,GE
1807918,Jagan Nath Singh,IND,22955,595,0.415065119880572,11,6,236,UP,Jagan Nath Singh,IND,,,,,False,6,2009,GE
1807919,Lalit Kumar,ASP,22961,480,0.334842449651554,12,6,236,UP,Lalit Kumar,ASP,,,,,False,6,2009,GE
1807920,Prakash Narayan,IND,22955,474,0.33065691903091,13,6,236,UP,Prakash Narayan,IND,,,,,False,6,2009,GE
1807921,Ansh Dhari,IND,22955,347,0.242063187560602,14,6,236,UP,Ansh Dhari,IND,,,,,False,6,2009,GE
1807922,Anand,UCPI,23490,334,0.23299453788254,15,6,236,UP,Anand,UCPI,,,,,False,6,2009,GE
1807996,R.K. Singh Patel,SP,22952,47037,36.9375382827346,1,6,237,UP,R.K. Singh Patel,SP,,,,,False,6,2009,GE
1807997,Bhairon Prasad Mishra,BSP,22951,40007,31.4169716197326,2,6,237,UP,Bhairon Prasad Mishra,BSP,,,,,False,6,2009,GE
1807998,Amita Bajpai,BJP,22953,18412,14.4587017637542,3,6,237,UP,Amita Bajpai,BJP,,,,,False,6,2009,GE
1807999,Bhagawan Deen Garg,INC,22954,10059,7.89920057797113,4,6,237,UP,Bhagawan Deen Garg,INC,,,,,False,6,2009,GE
1808000,Shiv Kumar,IND,22955,2337,1.83521540418714,5,6,237,UP,Shiv Kumar,IND,,,,,False,6,2009,GE
1808001,Santosh Kumar,CPI,22973,2058,1.61612036877071,6,6,237,UP,Santosh Kumar,CPI,,,,,False,6,2009,GE
1808002,Parashu Ram Nishad,AD,23110,1866,1.46534529063466,7,6,237,UP,Parashu Ram Nishad,AD,,,,,False,6,2009,GE
1808003,Balendra Nath,IND,22955,1186,0.931350222236182,8,6,237,UP,Balendra Nath,IND,,,,,False,6,2009,GE
1808004,Ashok Kumar,IJP,22982,1012,0.794710307675393,9,6,237,UP,Ashok Kumar,IJP,,,,,False,6,2009,GE
1808005,Manoj Kumar,IND,22955,791,0.621161910445885,10,6,237,UP,Manoj Kumar,IND,,,,,False,6,2009,GE
1808006,Prakash Narayan,IND,22955,618,0.485307282750388,11,6,237,UP,Prakash Narayan,IND,,,,,False,6,2009,GE
1808007,Lalit Kumar,ASP,22961,615,0.482951422154513,12,6,237,UP,Lalit Kumar,ASP,,,,,False,6,2009,GE
1808008,Jagan Nath Singh,IND,22955,563,0.442116505159334,13,6,237,UP,Jagan Nath Singh,IND,,,,,False,6,2009,GE
1808009,Ansh Dhari,IND,22955,408,0.320397041039091,14,6,237,UP,Ansh Dhari,IND,,,,,False,6,2009,GE
1808010,Anand,UCPI,23490,373,0.292912000753875,15,6,237,UP,Anand,UCPI,,,,,False,6,2009,GE
1808095,Rakesh Sachan,SP,22952,57992,43.4338441258856,1,6,238,UP,Rakesh Sachan,SP,,,,,False,6,2009,GE
1808096,Mahendra Prasad Nishad,BSP,22951,40314,30.1936817507751,2,6,238,UP,Mahendra Prasad Nishad,BSP,,,,,False,6,2009,GE
1808097,Radhey Shyam Gupta,BJP,22953,18400,13.7809134348926,3,6,238,UP,Radhey Shyam Gupta,BJP,,,,,False,6,2009,GE
1808098,Vibhakar Shastri,INC,22954,5691,4.2623466498899,4,6,238,UP,Vibhakar Shastri,INC,,,,,False,6,2009,GE
1808099,Jageshwar Pal,NCP,22977,1519,1.13767432106532,5,6,238,UP,Jageshwar Pal,NCP,,,,,False,6,2009,GE
1808100,Narsingh Patel,IND,22955,1395,1.04480294791713,6,6,238,UP,Narsingh Patel,IND,,,,,False,6,2009,GE
1808101,Harish Chandra Swarnkar,IND,22955,1265,0.947437798648871,7,6,238,UP,Harish Chandra Swarnkar,IND,,,,,False,6,2009,GE
1808102,Dr. Soney Lal Patel,AD,23110,1171,0.87703530610105,8,6,238,UP,Dr. Soney Lal Patel,AD,,,,,False,6,2009,GE
1808103,Ajeya Singh,JM,23132,1075,0.80513488817987,9,6,238,UP,Ajeya Singh,JM,,,,,False,6,2009,GE
1808104,Udit Raj,IJP,22982,972,0.727991731451939,10,6,238,UP,Udit Raj,IJP,,,,,False,6,2009,GE
1808105,Dileep Verma,IND,22955,935,0.700280112044817,11,6,238,UP,Dileep Verma,IND,,,,,False,6,2009,GE
1808106,Jagdeesh Narain Sharma,IND,22955,870,0.651597537410686,12,6,238,UP,Jagdeesh Narain Sharma,IND,,,,,False,6,2009,GE
1808107,Anshu Man Singh (Advocate),IND,22955,692,0.518282179181833,13,6,238,UP,Anshu Man Singh (Advocate),IND,,,,,False,6,2009,GE
1808108,Mahfazul Hak Alias Raju Khan,IND,22955,415,0.310819514971764,14,6,238,UP,Mahfazul Hak Alias Raju Khan,IND,,,,,False,6,2009,GE
1808109,Munna Singh,KKJHS,23043,248,0.185742746296379,15,6,238,UP,Munna Singh,KKJHS,,,,,False,6,2009,GE
1808110,Vishwaswaroop Maurya,ABAS,23368,204,0.152788388082505,16,6,238,UP,Vishwaswaroop Maurya,ABAS,,,,,False,6,2009,GE
1808111,Raees,PECP,22956,184,0.137809134348926,17,6,238,UP,Raees,PECP,,,,,False,6,2009,GE
1808112,Matin,ANC,23085,176,0.131817432855495,18,6,238,UP,Matin,ANC,,,,,False,6,2009,GE
1808199,Rakesh Sachan,SP,22952,39579,32.989372785997,1,6,239,UP,Rakesh Sachan,SP,,,,,False,6,2009,GE
1808200,Mahendra Prasad Nishad,BSP,22951,29193,24.3325692852677,2,6,239,UP,Mahendra Prasad Nishad,BSP,,,,,False,6,2009,GE
1808201,Radhey Shyam Gupta,BJP,22953,23714,19.7657845384455,3,6,239,UP,Radhey Shyam Gupta,BJP,,,,,False,6,2009,GE
1808202,Vibhakar Shastri,INC,22954,12833,10.6963950823088,4,6,239,UP,Vibhakar Shastri,INC,,,,,False,6,2009,GE
1808203,Dr. Soney Lal Patel,AD,23110,3762,3.13565326109606,5,6,239,UP,Dr. Soney Lal Patel,AD,,,,,False,6,2009,GE
1808204,Jageshwar Pal,NCP,22977,1557,1.29777036882683,6,6,239,UP,Jageshwar Pal,NCP,,,,,False,6,2009,GE
1808205,Udit Raj,IJP,22982,1530,1.27526568035007,7,6,239,UP,Udit Raj,IJP,,,,,False,6,2009,GE
1808206,Ajeya Singh,JM,23132,1334,1.11189831214836,8,6,239,UP,Ajeya Singh,JM,,,,,False,6,2009,GE
1808207,Narsingh Patel,IND,22955,1241,1.03438216295061,9,6,239,UP,Narsingh Patel,IND,,,,,False,6,2009,GE
1808208,Anshu Man Singh (Advocate),IND,22955,944,0.786830589706188,10,6,239,UP,Anshu Man Singh (Advocate),IND,,,,,False,6,2009,GE
1808209,Dileep Verma,IND,22955,933,0.777662012919358,11,6,239,UP,Dileep Verma,IND,,,,,False,6,2009,GE
1808210,Harish Chandra Swarnkar,IND,22955,918,0.765159408210043,12,6,239,UP,Harish Chandra Swarnkar,IND,,,,,False,6,2009,GE
1808211,Jagdeesh Narain Sharma,IND,22955,866,0.721817045217753,13,6,239,UP,Jagdeesh Narain Sharma,IND,,,,,False,6,2009,GE
1808212,Mahfazul Hak Alias Raju Khan,IND,22955,449,0.374244634298812,14,6,239,UP,Mahfazul Hak Alias Raju Khan,IND,,,,,False,6,2009,GE
1808213,Matin,ANC,23085,325,0.270889768701812,15,6,239,UP,Matin,ANC,,,,,False,6,2009,GE
1808214,Munna Singh,KKJHS,23043,274,0.228380912690143,16,6,239,UP,Munna Singh,KKJHS,,,,,False,6,2009,GE
1808215,Raees,PECP,22956,269,0.224213377787038,17,6,239,UP,Raees,PECP,,,,,False,6,2009,GE
1808216,Vishwaswaroop Maurya,ABAS,23368,254,0.211710773077724,18,6,239,UP,Vishwaswaroop Maurya,ABAS,,,,,False,6,2009,GE
1808297,Rakesh Sachan,SP,22952,32436,27.8060196654979,1,6,240,UP,Rakesh Sachan,SP,,,,,False,6,2009,GE
1808298,Radhey Shyam Gupta,BJP,22953,25550,21.9029412521109,2,6,240,UP,Radhey Shyam Gupta,BJP,,,,,False,6,2009,GE
1808299,Vibhakar Shastri,INC,22954,24986,21.4194477544127,3,6,240,UP,Vibhakar Shastri,INC,,,,,False,6,2009,GE
1808300,Mahendra Prasad Nishad,BSP,22951,22173,19.0079810717439,4,6,240,UP,Mahendra Prasad Nishad,BSP,,,,,False,6,2009,GE
1808301,Narsingh Patel,IND,22955,1994,1.70937240143676,5,6,240,UP,Narsingh Patel,IND,,,,,False,6,2009,GE
1808302,Jageshwar Pal,NCP,22977,1721,1.47534097435941,6,6,240,UP,Jageshwar Pal,NCP,,,,,False,6,2009,GE
1808303,Dr. Soney Lal Patel,AD,23110,1292,1.10757730323786,7,6,240,UP,Dr. Soney Lal Patel,AD,,,,,False,6,2009,GE
1808304,Ajeya Singh,JM,23132,1236,1.05957085665789,8,6,240,UP,Ajeya Singh,JM,,,,,False,6,2009,GE
1808305,Anshu Man Singh (Advocate),IND,22955,1002,0.858972490591593,9,6,240,UP,Anshu Man Singh (Advocate),IND,,,,,False,6,2009,GE
1808306,Harish Chandra Swarnkar,IND,22955,906,0.776675725025932,10,6,240,UP,Harish Chandra Swarnkar,IND,,,,,False,6,2009,GE
1808307,Dileep Verma,IND,22955,840,0.720096698699539,11,6,240,UP,Dileep Verma,IND,,,,,False,6,2009,GE
1808308,Jagdeesh Narain Sharma,IND,22955,797,0.68323460578992,12,6,240,UP,Jagdeesh Narain Sharma,IND,,,,,False,6,2009,GE
1808309,Mahfazul Hak Alias Raju Khan,IND,22955,435,0.372907218969404,13,6,240,UP,Mahfazul Hak Alias Raju Khan,IND,,,,,False,6,2009,GE
1808310,Udit Raj,IJP,22982,308,0.264035456189831,14,6,240,UP,Udit Raj,IJP,,,,,False,6,2009,GE
1808311,Vishwaswaroop Maurya,ABAS,23368,299,0.25632013441805,15,6,240,UP,Vishwaswaroop Maurya,ABAS,,,,,False,6,2009,GE
1808312,Raees,PECP,22956,243,0.208313687838081,16,6,240,UP,Raees,PECP,,,,,False,6,2009,GE
1808313,Munna Singh,KKJHS,23043,226,0.193740302269161,17,6,240,UP,Munna Singh,KKJHS,,,,,False,6,2009,GE
1808314,Matin,ANC,23085,207,0.177452400750957,18,6,240,UP,Matin,ANC,,,,,False,6,2009,GE
1808404,Mahendra Prasad Nishad,BSP,22951,25826,28.2380983620897,1,6,241,UP,Mahendra Prasad Nishad,BSP,,,,,False,6,2009,GE
1808405,Rakesh Sachan,SP,22952,24084,26.333398937217,2,6,241,UP,Rakesh Sachan,SP,,,,,False,6,2009,GE
1808406,Radhey Shyam Gupta,BJP,22953,15283,16.7104025891666,3,6,241,UP,Radhey Shyam Gupta,BJP,,,,,False,6,2009,GE
1808407,Vibhakar Shastri,INC,22954,10334,11.2991755778608,4,6,241,UP,Vibhakar Shastri,INC,,,,,False,6,2009,GE
1808408,Narsingh Patel,IND,22955,6307,6.89606158017887,5,6,241,UP,Narsingh Patel,IND,,,,,False,6,2009,GE
1808409,Jageshwar Pal,NCP,22977,1951,2.13321961993483,6,6,241,UP,Jageshwar Pal,NCP,,,,,False,6,2009,GE
1808410,Dr. Soney Lal Patel,AD,23110,1017,1.11198582956111,7,6,241,UP,Dr. Soney Lal Patel,AD,,,,,False,6,2009,GE
1808411,Harish Chandra Swarnkar,IND,22955,971,1.06168951868617,8,6,241,UP,Harish Chandra Swarnkar,IND,,,,,False,6,2009,GE
1808412,Jagdeesh Narain Sharma,IND,22955,965,1.05512913031118,9,6,241,UP,Jagdeesh Narain Sharma,IND,,,,,False,6,2009,GE
1808413,Ajeya Singh,JM,23132,959,1.04856874193618,10,6,241,UP,Ajeya Singh,JM,,,,,False,6,2009,GE
1808414,Anshu Man Singh (Advocate),IND,22955,946,1.0343545671237,11,6,241,UP,Anshu Man Singh (Advocate),IND,,,,,False,6,2009,GE
1808415,Dileep Verma,IND,22955,930,1.01686019812372,12,6,241,UP,Dileep Verma,IND,,,,,False,6,2009,GE
1808416,Udit Raj,IJP,22982,468,0.51171029324936,13,6,241,UP,Udit Raj,IJP,,,,,False,6,2009,GE
1808417,Mahfazul Hak Alias Raju Khan,IND,22955,435,0.475628157186905,14,6,241,UP,Mahfazul Hak Alias Raju Khan,IND,,,,,False,6,2009,GE
1808418,Raees,PECP,22956,284,0.310525049749611,15,6,241,UP,Raees,PECP,,,,,False,6,2009,GE
1808419,Vishwaswaroop Maurya,ABAS,23368,246,0.268975923374663,16,6,241,UP,Vishwaswaroop Maurya,ABAS,,,,,False,6,2009,GE
1808420,Munna Singh,KKJHS,23043,243,0.265695729187167,17,6,241,UP,Munna Singh,KKJHS,,,,,False,6,2009,GE
1808421,Matin,ANC,23085,209,0.228520195062214,18,6,241,UP,Matin,ANC,,,,,False,6,2009,GE
1808505,Rakesh Sachan,SP,22952,32836,29.4342802334232,1,6,242,UP,Rakesh Sachan,SP,,,,,False,6,2009,GE
1808506,Vibhakar Shastri,INC,22954,30187,27.059709386233,2,6,242,UP,Vibhakar Shastri,INC,,,,,False,6,2009,GE
1808507,Mahendra Prasad Nishad,BSP,22951,22407,20.0856961015445,3,6,242,UP,Mahendra Prasad Nishad,BSP,,,,,False,6,2009,GE
1808508,Radhey Shyam Gupta,BJP,22953,14766,13.236282797135,4,6,242,UP,Radhey Shyam Gupta,BJP,,,,,False,6,2009,GE
1808509,Narsingh Patel,IND,22955,1615,1.44769041835115,5,6,242,UP,Narsingh Patel,IND,,,,,False,6,2009,GE
1808510,Jageshwar Pal,NCP,22977,1483,1.32936525722276,6,6,242,UP,Jageshwar Pal,NCP,,,,,False,6,2009,GE
1808511,Ajeya Singh,JM,23132,1237,1.10885018421076,7,6,242,UP,Ajeya Singh,JM,,,,,False,6,2009,GE
1808512,Dr. Soney Lal Patel,AD,23110,1093,0.979768190252516,8,6,242,UP,Dr. Soney Lal Patel,AD,,,,,False,6,2009,GE
1808513,Harish Chandra Swarnkar,IND,22955,1087,0.974389773837589,9,6,242,UP,Harish Chandra Swarnkar,IND,,,,,False,6,2009,GE
1808514,Anshu Man Singh (Advocate),IND,22955,1065,0.954668913649524,10,6,242,UP,Anshu Man Singh (Advocate),IND,,,,,False,6,2009,GE
1808515,Jagdeesh Narain Sharma,IND,22955,852,0.763735130919619,11,6,242,UP,Jagdeesh Narain Sharma,IND,,,,,False,6,2009,GE
1808516,Dileep Verma,IND,22955,847,0.759253117240513,12,6,242,UP,Dileep Verma,IND,,,,,False,6,2009,GE
1808517,Udit Raj,IJP,22982,550,0.493021504701632,13,6,242,UP,Udit Raj,IJP,,,,,False,6,2009,GE
1808518,Mahfazul Hak Alias Raju Khan,IND,22955,433,0.388142384610557,14,6,242,UP,Mahfazul Hak Alias Raju Khan,IND,,,,,False,6,2009,GE
1808519,Vishwaswaroop Maurya,ABAS,23368,327,0.293123694613515,15,6,242,UP,Vishwaswaroop Maurya,ABAS,,,,,False,6,2009,GE
1808520,Munna Singh,KKJHS,23043,296,0.26533520980306,16,6,242,UP,Munna Singh,KKJHS,,,,,False,6,2009,GE
1808521,Raees,PECP,22956,253,0.22678989216275,17,6,242,UP,Raees,PECP,,,,,False,6,2009,GE
1808522,Matin,ANC,23085,223,0.199897810088116,18,6,242,UP,Matin,ANC,,,,,False,6,2009,GE
1808597,Rakesh Sachan,SP,22952,32021,26.4177873112779,1,6,243,UP,Rakesh Sachan,SP,,,,,False,6,2009,GE
1808598,Mahendra Prasad Nishad,BSP,22951,26810,22.1186370761488,2,6,243,UP,Mahendra Prasad Nishad,BSP,,,,,False,6,2009,GE
1808599,Radhey Shyam Gupta,BJP,22953,17993,14.8444847784836,3,6,243,UP,Radhey Shyam Gupta,BJP,,,,,False,6,2009,GE
1808600,Vibhakar Shastri,INC,22954,17821,14.7025822951901,4,6,243,UP,Vibhakar Shastri,INC,,,,,False,6,2009,GE
1808601,Narsingh Patel,IND,22955,10936,9.02235789126309,5,6,243,UP,Narsingh Patel,IND,,,,,False,6,2009,GE
1808602,Jageshwar Pal,NCP,22977,2462,2.03118554574705,6,6,243,UP,Jageshwar Pal,NCP,,,,,False,6,2009,GE
1808603,Dr. Soney Lal Patel,AD,23110,2293,1.89175810576685,7,6,243,UP,Dr. Soney Lal Patel,AD,,,,,False,6,2009,GE
1808604,Udit Raj,IJP,22982,1745,1.43965019387839,8,6,243,UP,Udit Raj,IJP,,,,,False,6,2009,GE
1808605,Ajeya Singh,JM,23132,1581,1.30434782608695,9,6,243,UP,Ajeya Singh,JM,,,,,False,6,2009,GE
1808606,Jagdeesh Narain Sharma,IND,22955,1440,1.18802079036383,10,6,243,UP,Jagdeesh Narain Sharma,IND,,,,,False,6,2009,GE
1808607,Anshu Man Singh (Advocate),IND,22955,1382,1.14016995297417,11,6,243,UP,Anshu Man Singh (Advocate),IND,,,,,False,6,2009,GE
1808608,Dileep Verma,IND,22955,1344,1.10881940433957,12,6,243,UP,Dileep Verma,IND,,,,,False,6,2009,GE
1808609,Harish Chandra Swarnkar,IND,22955,1297,1.0700437257652,13,6,243,UP,Harish Chandra Swarnkar,IND,,,,,False,6,2009,GE
1808610,Mahfazul Hak Alias Raju Khan,IND,22955,685,0.565134889860572,14,6,243,UP,Mahfazul Hak Alias Raju Khan,IND,,,,,False,6,2009,GE
1808611,Vishwaswaroop Maurya,ABAS,23368,378,0.311855457470505,15,6,243,UP,Vishwaswaroop Maurya,ABAS,,,,,False,6,2009,GE
1808612,Munna Singh,KKJHS,23043,370,0.305255341968484,16,6,243,UP,Munna Singh,KKJHS,,,,,False,6,2009,GE
1808613,Raees,PECP,22956,353,0.291230096526689,17,6,243,UP,Raees,PECP,,,,,False,6,2009,GE
1808614,Matin,ANC,23085,299,0.246679316888045,18,6,243,UP,Matin,ANC,,,,,False,6,2009,GE
1808693,Rajkumari Ratna Singh,INC,22954,55213,49.0729877701934,1,6,244,UP,Rajkumari Ratna Singh,INC,,,,,False,6,2009,GE
1808694,Prof. Shivakant Ojha,BSP,22951,18372,16.3289249146757,2,6,244,UP,Prof. Shivakant Ojha,BSP,,,,,False,6,2009,GE
1808695,Kunwar Akshaya Pratap Singh Gopal Ji,SP,22952,17281,15.3592505688282,3,6,244,UP,Kunwar Akshaya Pratap Singh Gopal Ji,SP,,,,,False,6,2009,GE
1808696,Atiq Ahamad,AD,23110,7674,6.82060580204778,4,6,244,UP,Atiq Ahamad,AD,,,,,False,6,2009,GE
1808697,Lakshmi Narain Pandey Guru Ji,BJP,22953,3685,3.27520620022753,5,6,244,UP,Lakshmi Narain Pandey Guru Ji,BJP,,,,,False,6,2009,GE
1808698,Ramesh Kumar,IND,22955,1309,1.16343145620022,6,6,244,UP,Ramesh Kumar,IND,,,,,False,6,2009,GE
1808699,Ravindra Singh,IND,22955,999,0.887905290102389,7,6,244,UP,Ravindra Singh,IND,,,,,False,6,2009,GE
1808700,Muneeshwar Singh,IND,22955,795,0.706591296928327,8,6,244,UP,Muneeshwar Singh,IND,,,,,False,6,2009,GE
1808701,Udhav Ram,IND,22955,674,0.599047212741751,9,6,244,UP,Udhav Ram,IND,,,,,False,6,2009,GE
1808702,Satram,IND,22955,668,0.593714448236632,10,6,244,UP,Satram,IND,,,,,False,6,2009,GE
1808703,Rani Pal,IND,22955,648,0.575938566552901,11,6,244,UP,Rani Pal,IND,,,,,False,6,2009,GE
1808704,Shivram,IND,22955,627,0.557273890784982,12,6,244,UP,Shivram,IND,,,,,False,6,2009,GE
1808705,Rammurti Mishra,IND,22955,543,0.48261518771331,13,6,244,UP,Rammurti Mishra,IND,,,,,False,6,2009,GE
1808706,Vinod,IND,22955,530,0.471060864618885,14,6,244,UP,Vinod,IND,,,,,False,6,2009,GE
1808707,Dinesh Pandey Alias D.K. Pandey,IND,22955,528,0.469283276450511,15,6,244,UP,Dinesh Pandey Alias D.K. Pandey,IND,,,,,False,6,2009,GE
1808708,Badri Prasad,IND,22955,517,0.459506541524459,16,6,244,UP,Badri Prasad,IND,,,,,False,6,2009,GE
1808709,Arun Kumar,SJP(R),23144,435,0.38662542662116,17,6,244,UP,Arun Kumar,SJP(R),,,,,False,6,2009,GE
1808710,Jitendra Pratap Singh,IND,22955,434,0.385736632536973,18,6,244,UP,Jitendra Pratap Singh,IND,,,,,False,6,2009,GE
1808711,Chhangalal,IND,22955,365,0.3244098407281,19,6,244,UP,Chhangalal,IND,,,,,False,6,2009,GE
1808712,Ram Samujh,IND,22955,364,0.323521046643913,20,6,244,UP,Ram Samujh,IND,,,,,False,6,2009,GE
1808713,A. Rashid Ansari,MC,23220,334,0.296857224118316,21,6,244,UP,A. Rashid Ansari,MC,,,,,False,6,2009,GE
1808714,Atul Dwivedi,IND,22955,263,0.233752844141069,22,6,244,UP,Atul Dwivedi,IND,,,,,False,6,2009,GE
1808715,Rajesh,KKJHS,23043,254,0.22575369738339,23,6,244,UP,Rajesh,KKJHS,,,,,False,6,2009,GE
1808814,Shailendra Kumar,SP,22952,45495,50.0764988827861,1,6,245,UP,Shailendra Kumar,SP,,,,,False,6,2009,GE
1808815,Girish Chandra Pasi,BSP,22951,23235,25.5748423242451,2,6,245,UP,Girish Chandra Pasi,BSP,,,,,False,6,2009,GE
1808816,Ram Nihor Rakesh,INC,22954,8689,9.5640114032867,3,6,245,UP,Ram Nihor Rakesh,INC,,,,,False,6,2009,GE
1808817,Umesh Chandra Pasi,AD,23110,4639,5.10616283805351,4,6,245,UP,Umesh Chandra Pasi,AD,,,,,False,6,2009,GE
1808818,Gautam Chaudhary,BJP,22953,4192,4.6141484408537,5,6,245,UP,Gautam Chaudhary,BJP,,,,,False,6,2009,GE
1808819,Ram Saran,IND,22955,1847,2.03299908641621,6,6,245,UP,Ram Saran,IND,,,,,False,6,2009,GE
1808820,Man Singh,IND,22955,858,0.94440347381977,7,6,245,UP,Man Singh,IND,,,,,False,6,2009,GE
1808821,Jagdeo,IND,22955,677,0.745176167571077,8,6,245,UP,Jagdeo,IND,,,,,False,6,2009,GE
1808822,Gulab Sonkar,IJP,22982,665,0.731967727377794,9,6,245,UP,Gulab Sonkar,IJP,,,,,False,6,2009,GE
1808823,Gulab Chandra,IND,22955,554,0.609789655589921,10,6,245,UP,Gulab Chandra,IND,,,,,False,6,2009,GE
1808889,Shailendra Kumar,SP,22952,59930,57.8748635937847,1,6,246,UP,Shailendra Kumar,SP,,,,,False,6,2009,GE
1808890,Girish Chandra Pasi,BSP,22951,22409,21.6405442728703,2,6,246,UP,Girish Chandra Pasi,BSP,,,,,False,6,2009,GE
1808891,Ram Nihor Rakesh,INC,22954,9406,9.0834468039903,3,6,246,UP,Ram Nihor Rakesh,INC,,,,,False,6,2009,GE
1808892,Gautam Chaudhary,BJP,22953,3771,3.64168380797867,4,6,246,UP,Gautam Chaudhary,BJP,,,,,False,6,2009,GE
1808893,Umesh Chandra Pasi,AD,23110,3255,3.14337862502534,5,6,246,UP,Umesh Chandra Pasi,AD,,,,,False,6,2009,GE
1808894,Ram Saran,IND,22955,2186,2.11103707351932,6,6,246,UP,Ram Saran,IND,,,,,False,6,2009,GE
1808895,Man Singh,IND,22955,758,0.732006450927562,7,6,246,UP,Man Singh,IND,,,,,False,6,2009,GE
1808896,Jagdeo,IND,22955,678,0.654749833415418,8,6,246,UP,Jagdeo,IND,,,,,False,6,2009,GE
1808897,Gulab Sonkar,IJP,22982,612,0.591013123967899,9,6,246,UP,Gulab Sonkar,IJP,,,,,False,6,2009,GE
1808898,Gulab Chandra,IND,22955,546,0.527276414520381,10,6,246,UP,Gulab Chandra,IND,,,,,False,6,2009,GE
1808964,Kunwar Akshaya Pratap Singh Gopal Ji,SP,22952,31146,22.366644644242,1,6,247,UP,Kunwar Akshaya Pratap Singh Gopal Ji,SP,,,,,False,6,2009,GE
1808965,Rajkumari Ratna Singh,INC,22954,30149,21.650676471433,2,6,247,UP,Rajkumari Ratna Singh,INC,,,,,False,6,2009,GE
1808966,Atiq Ahamad,AD,23110,28942,20.7839025651337,3,6,247,UP,Atiq Ahamad,AD,,,,,False,6,2009,GE
1808967,Prof. Shivakant Ojha,BSP,22951,26824,19.2629190245023,4,6,247,UP,Prof. Shivakant Ojha,BSP,,,,,False,6,2009,GE
1808968,Lakshmi Narain Pandey Guru Ji,BJP,22953,8384,6.02073937896762,5,6,247,UP,Lakshmi Narain Pandey Guru Ji,BJP,,,,,False,6,2009,GE
1808969,Ramesh Kumar,IND,22955,1610,1.15617729009278,6,6,247,UP,Ramesh Kumar,IND,,,,,False,6,2009,GE
1808970,Vinod,IND,22955,1554,1.11596242782868,7,6,247,UP,Vinod,IND,,,,,False,6,2009,GE
1808971,Ravindra Singh,IND,22955,1131,0.812196593226668,8,6,247,UP,Ravindra Singh,IND,,,,,False,6,2009,GE
1808972,Jitendra Pratap Singh,IND,22955,1100,0.789934794473328,9,6,247,UP,Jitendra Pratap Singh,IND,,,,,False,6,2009,GE
1808973,Udhav Ram,IND,22955,989,0.710223192485565,10,6,247,UP,Udhav Ram,IND,,,,,False,6,2009,GE
1808974,Shivram,IND,22955,827,0.593887340935857,11,6,247,UP,Shivram,IND,,,,,False,6,2009,GE
1808975,Arun Kumar,SJP(R),23144,737,0.52925631229713,12,6,247,UP,Arun Kumar,SJP(R),,,,,False,6,2009,GE
1808976,Muneeshwar Singh,IND,22955,702,0.504122023382069,13,6,247,UP,Muneeshwar Singh,IND,,,,,False,6,2009,GE
1808977,Satram,IND,22955,697,0.500531410679918,14,6,247,UP,Satram,IND,,,,,False,6,2009,GE
1808978,Rammurti Mishra,IND,22955,673,0.483296469709591,15,6,247,UP,Rammurti Mishra,IND,,,,,False,6,2009,GE
1808979,Dinesh Pandey Alias D.K. Pandey,IND,22955,665,0.477551489386148,16,6,247,UP,Dinesh Pandey Alias D.K. Pandey,IND,,,,,False,6,2009,GE
1808980,Rani Pal,IND,22955,530,0.380604946428058,17,6,247,UP,Rani Pal,IND,,,,,False,6,2009,GE
1808981,A. Rashid Ansari,MC,23220,506,0.363370005457731,18,6,247,UP,A. Rashid Ansari,MC,,,,,False,6,2009,GE
1808982,Ram Samujh,IND,22955,496,0.356188780053428,19,6,247,UP,Ram Samujh,IND,,,,,False,6,2009,GE
1808983,Badri Prasad,IND,22955,488,0.350443799729985,20,6,247,UP,Badri Prasad,IND,,,,,False,6,2009,GE
1808984,Chhangalal,IND,22955,468,0.336081348921379,21,6,247,UP,Chhangalal,IND,,,,,False,6,2009,GE
1808985,Atul Dwivedi,IND,22955,361,0.259242237095337,22,6,247,UP,Atul Dwivedi,IND,,,,,False,6,2009,GE
1808986,Rajesh,KKJHS,23043,273,0.196047453537471,23,6,247,UP,Rajesh,KKJHS,,,,,False,6,2009,GE
1809103,Rajkumari Ratna Singh,INC,22954,30278,25.0365899036672,1,6,248,UP,Rajkumari Ratna Singh,INC,,,,,False,6,2009,GE
1809104,Prof. Shivakant Ojha,BSP,22951,25459,21.051804688469,2,6,248,UP,Prof. Shivakant Ojha,BSP,,,,,False,6,2009,GE
1809105,Atiq Ahamad,AD,23110,24015,19.8577748377227,3,6,248,UP,Atiq Ahamad,AD,,,,,False,6,2009,GE
1809106,Kunwar Akshaya Pratap Singh Gopal Ji,SP,22952,19682,16.2748583950055,4,6,248,UP,Kunwar Akshaya Pratap Singh Gopal Ji,SP,,,,,False,6,2009,GE
1809107,Lakshmi Narain Pandey Guru Ji,BJP,22953,10967,9.0685078761318,5,6,248,UP,Lakshmi Narain Pandey Guru Ji,BJP,,,,,False,6,2009,GE
1809108,Vinod,IND,22955,1082,0.894695497581345,6,6,248,UP,Vinod,IND,,,,,False,6,2009,GE
1809109,Ramesh Kumar,IND,22955,1061,0.877330797535866,7,6,248,UP,Ramesh Kumar,IND,,,,,False,6,2009,GE
1809110,Ravindra Singh,IND,22955,853,0.705337578037788,8,6,248,UP,Ravindra Singh,IND,,,,,False,6,2009,GE
1809111,Udhav Ram,IND,22955,765,0.632571215942448,9,6,248,UP,Udhav Ram,IND,,,,,False,6,2009,GE
1809112,Jitendra Pratap Singh,IND,22955,694,0.573861991979162,10,6,248,UP,Jitendra Pratap Singh,IND,,,,,False,6,2009,GE
1809113,Shivram,IND,22955,661,0.546574606193409,11,6,248,UP,Shivram,IND,,,,,False,6,2009,GE
1809115,Muneeshwar Singh,IND,22955,622,0.51432587753752,12,6,248,UP,Muneeshwar Singh,IND,,,,,False,6,2009,GE
1809114,A. Rashid Ansari,MC,23220,622,0.51432587753752,12,6,248,UP,A. Rashid Ansari,MC,,,,,False,6,2009,GE
1809116,Dinesh Pandey Alias D.K. Pandey,IND,22955,593,0.490346053665192,14,6,248,UP,Dinesh Pandey Alias D.K. Pandey,IND,,,,,False,6,2009,GE
1809117,Arun Kumar,SJP(R),23144,541,0.447347748790672,15,6,248,UP,Arun Kumar,SJP(R),,,,,False,6,2009,GE
1809118,Satram,IND,22955,533,0.440732624963823,16,6,248,UP,Satram,IND,,,,,False,6,2009,GE
1809119,Rammurti Mishra,IND,22955,494,0.408483896307934,17,6,248,UP,Rammurti Mishra,IND,,,,,False,6,2009,GE
1809120,Ram Samujh,IND,22955,450,0.372100715260263,18,6,248,UP,Ram Samujh,IND,,,,,False,6,2009,GE
1809121,Badri Prasad,IND,22955,409,0.338198205647661,19,6,248,UP,Badri Prasad,IND,,,,,False,6,2009,GE
1809122,Rani Pal,IND,22955,361,0.298507462686567,20,6,248,UP,Rani Pal,IND,,,,,False,6,2009,GE
1809123,Chhangalal,IND,22955,350,0.289411667424649,21,6,248,UP,Chhangalal,IND,,,,,False,6,2009,GE
1809124,Atul Dwivedi,IND,22955,229,0.189357919543556,22,6,248,UP,Atul Dwivedi,IND,,,,,False,6,2009,GE
1809125,Rajesh,KKJHS,23043,214,0.176954562368214,23,6,248,UP,Rajesh,KKJHS,,,,,False,6,2009,GE
1809239,Prof. Shivakant Ojha,BSP,22951,36677,25.0861809526415,1,6,249,UP,Prof. Shivakant Ojha,BSP,,,,,False,6,2009,GE
1809240,Rajkumari Ratna Singh,INC,22954,30792,21.060983283631,2,6,249,UP,Rajkumari Ratna Singh,INC,,,,,False,6,2009,GE
1809241,Kunwar Akshaya Pratap Singh Gopal Ji,SP,22952,27786,19.0049519848978,3,6,249,UP,Kunwar Akshaya Pratap Singh Gopal Ji,SP,,,,,False,6,2009,GE
1809242,Atiq Ahamad,AD,23110,23210,15.8750786572186,4,6,249,UP,Atiq Ahamad,AD,,,,,False,6,2009,GE
1809243,Lakshmi Narain Pandey Guru Ji,BJP,22953,14887,10.1823479521764,5,6,249,UP,Lakshmi Narain Pandey Guru Ji,BJP,,,,,False,6,2009,GE
1809244,Ramesh Kumar,IND,22955,1634,1.11761648108122,6,6,249,UP,Ramesh Kumar,IND,,,,,False,6,2009,GE
1809245,Vinod,IND,22955,1266,0.865913381302837,7,6,249,UP,Vinod,IND,,,,,False,6,2009,GE
1809246,Ravindra Singh,IND,22955,1021,0.698339306722114,8,6,249,UP,Ravindra Singh,IND,,,,,False,6,2009,GE
1809247,Udhav Ram,IND,22955,915,0.625837870372903,9,6,249,UP,Udhav Ram,IND,,,,,False,6,2009,GE
1809248,Dinesh Pandey Alias D.K. Pandey,IND,22955,853,0.583431369866761,10,6,249,UP,Dinesh Pandey Alias D.K. Pandey,IND,,,,,False,6,2009,GE
1809249,Shivram,IND,22955,792,0.541708845175234,11,6,249,UP,Shivram,IND,,,,,False,6,2009,GE
1809250,Arun Kumar,SJP(R),23144,731,0.499986320483707,12,6,249,UP,Arun Kumar,SJP(R),,,,,False,6,2009,GE
1809251,Muneeshwar Singh,IND,22955,666,0.45552789253372,13,6,249,UP,Muneeshwar Singh,IND,,,,,False,6,2009,GE
1809252,Ram Samujh,IND,22955,662,0.452791989275259,14,6,249,UP,Ram Samujh,IND,,,,,False,6,2009,GE
1809253,Jitendra Pratap Singh,IND,22955,657,0.449372110202183,15,6,249,UP,Jitendra Pratap Singh,IND,,,,,False,6,2009,GE
1809254,Badri Prasad,IND,22955,633,0.432956690651418,16,6,249,UP,Badri Prasad,IND,,,,,False,6,2009,GE
1809255,Satram,IND,22955,624,0.426800908319881,17,6,249,UP,Satram,IND,,,,,False,6,2009,GE
1809256,Rammurti Mishra,IND,22955,575,0.393286093403737,18,6,249,UP,Rammurti Mishra,IND,,,,,False,6,2009,GE
1809257,Rani Pal,IND,22955,474,0.324204536127602,19,6,249,UP,Rani Pal,IND,,,,,False,6,2009,GE
1809258,A. Rashid Ansari,MC,23220,429,0.293425624469918,20,6,249,UP,A. Rashid Ansari,MC,,,,,False,6,2009,GE
1809259,Chhangalal,IND,22955,384,0.262646712812234,21,6,249,UP,Chhangalal,IND,,,,,False,6,2009,GE
1809260,Atul Dwivedi,IND,22955,295,0.201772865311482,22,6,249,UP,Atul Dwivedi,IND,,,,,False,6,2009,GE
1809261,Rajesh,KKJHS,23043,241,0.164838171322262,23,6,249,UP,Rajesh,KKJHS,,,,,False,6,2009,GE
1809355,Prof. Shivakant Ojha,BSP,22951,32019,26.229172469158,1,6,250,UP,Prof. Shivakant Ojha,BSP,,,,,False,6,2009,GE
1809356,Kunwar Akshaya Pratap Singh Gopal Ji,SP,22952,25353,20.7685502236348,2,6,250,UP,Kunwar Akshaya Pratap Singh Gopal Ji,SP,,,,,False,6,2009,GE
1809357,Atiq Ahamad,AD,23110,24369,19.9624817733505,3,6,250,UP,Atiq Ahamad,AD,,,,,False,6,2009,GE
1809358,Rajkumari Ratna Singh,INC,22954,22697,18.5928207480708,4,6,250,UP,Rajkumari Ratna Singh,INC,,,,,False,6,2009,GE
1809359,Lakshmi Narain Pandey Guru Ji,BJP,22953,7647,6.26423317004439,5,6,250,UP,Lakshmi Narain Pandey Guru Ji,BJP,,,,,False,6,2009,GE
1809360,Vinod,IND,22955,1281,1.04936350082736,6,6,250,UP,Vinod,IND,,,,,False,6,2009,GE
1809361,Ramesh Kumar,IND,22955,1113,0.911742058095909,7,6,250,UP,Ramesh Kumar,IND,,,,,False,6,2009,GE
1809362,Ravindra Singh,IND,22955,895,0.733161852646755,8,6,250,UP,Ravindra Singh,IND,,,,,False,6,2009,GE
1809363,Udhav Ram,IND,22955,736,0.602912987204482,9,6,250,UP,Udhav Ram,IND,,,,,False,6,2009,GE
1809364,Shivram,IND,22955,685,0.561135049232432,10,6,250,UP,Shivram,IND,,,,,False,6,2009,GE
1809365,Arun Kumar,SJP(R),23144,568,0.465291544473024,11,6,250,UP,Arun Kumar,SJP(R),,,,,False,6,2009,GE
1809366,Jitendra Pratap Singh,IND,22955,564,0.462014843455608,12,6,250,UP,Jitendra Pratap Singh,IND,,,,,False,6,2009,GE
1809367,Satram,IND,22955,521,0.42679030751839,13,6,250,UP,Satram,IND,,,,,False,6,2009,GE
1809368,Dinesh Pandey Alias D.K. Pandey,IND,22955,496,0.406310926159542,14,6,250,UP,Dinesh Pandey Alias D.K. Pandey,IND,,,,,False,6,2009,GE
1809369,Ram Samujh,IND,22955,461,0.377639792257155,15,6,250,UP,Ram Samujh,IND,,,,,False,6,2009,GE
1809370,Rammurti Mishra,IND,22955,433,0.354702885135245,16,6,250,UP,Rammurti Mishra,IND,,,,,False,6,2009,GE
1809371,Muneeshwar Singh,IND,22955,411,0.336681029539459,17,6,250,UP,Muneeshwar Singh,IND,,,,,False,6,2009,GE
1809372,A. Rashid Ansari,MC,23220,390,0.319478349198027,18,6,250,UP,A. Rashid Ansari,MC,,,,,False,6,2009,GE
1809373,Rani Pal,IND,22955,360,0.294903091567409,19,6,250,UP,Rani Pal,IND,,,,,False,6,2009,GE
1809374,Badri Prasad,IND,22955,336,0.275242885462915,20,6,250,UP,Badri Prasad,IND,,,,,False,6,2009,GE
1809375,Chhangalal,IND,22955,332,0.2719661844455,21,6,250,UP,Chhangalal,IND,,,,,False,6,2009,GE
1809376,Atul Dwivedi,IND,22955,218,0.178580205449153,22,6,250,UP,Atul Dwivedi,IND,,,,,False,6,2009,GE
1809377,Rajesh,KKJHS,23043,189,0.15482412307289,23,6,250,UP,Rajesh,KKJHS,,,,,False,6,2009,GE
1809487,Shailendra Kumar,SP,22952,41783,38.985407180712,1,6,251,UP,Shailendra Kumar,SP,,,,,False,6,2009,GE
1809488,Girish Chandra Pasi,BSP,22951,37988,35.4445025005598,2,6,251,UP,Girish Chandra Pasi,BSP,,,,,False,6,2009,GE
1809489,Ram Nihor Rakesh,INC,22954,9412,8.78181682466223,3,6,251,UP,Ram Nihor Rakesh,INC,,,,,False,6,2009,GE
1809490,Gautam Chaudhary,BJP,22953,8782,8.19399865641561,4,6,251,UP,Gautam Chaudhary,BJP,,,,,False,6,2009,GE
1809491,Umesh Chandra Pasi,AD,23110,4304,4.01582443830708,5,6,251,UP,Umesh Chandra Pasi,AD,,,,,False,6,2009,GE
1809492,Ram Saran,IND,22955,2367,2.20851683212659,6,6,251,UP,Ram Saran,IND,,,,,False,6,2009,GE
1809493,Man Singh,IND,22955,811,0.756699261028588,7,6,251,UP,Man Singh,IND,,,,,False,6,2009,GE
1809494,Gulab Sonkar,IJP,22982,694,0.647533029782787,8,6,251,UP,Gulab Sonkar,IJP,,,,,False,6,2009,GE
1809495,Jagdeo,IND,22955,604,0.563559005747555,9,6,251,UP,Jagdeo,IND,,,,,False,6,2009,GE
1809496,Gulab Chandra,IND,22955,431,0.402142270657609,10,6,251,UP,Gulab Chandra,IND,,,,,False,6,2009,GE
1809593,Girish Chandra Pasi,BSP,22951,65969,46.6908251880896,1,6,252,UP,Girish Chandra Pasi,BSP,,,,,False,6,2009,GE
1809594,Shailendra Kumar,SP,22952,54848,38.8197241115727,2,6,252,UP,Shailendra Kumar,SP,,,,,False,6,2009,GE
1809595,Ram Nihor Rakesh,INC,22954,6587,4.66207560390405,3,6,252,UP,Ram Nihor Rakesh,INC,,,,,False,6,2009,GE
1809596,Gautam Chaudhary,BJP,22953,6555,4.63942699006999,4,6,252,UP,Gautam Chaudhary,BJP,,,,,False,6,2009,GE
1809597,Ram Saran,IND,22955,3154,2.23230400101918,5,6,252,UP,Ram Saran,IND,,,,,False,6,2009,GE
1809598,Umesh Chandra Pasi,AD,23110,1495,1.05811492755982,6,6,252,UP,Umesh Chandra Pasi,AD,,,,,False,6,2009,GE
1809599,Man Singh,IND,22955,912,0.645485494270608,7,6,252,UP,Man Singh,IND,,,,,False,6,2009,GE
1809600,Jagdeo,IND,22955,661,0.467835429509728,8,6,252,UP,Jagdeo,IND,,,,,False,6,2009,GE
1809601,Gulab Chandra,IND,22955,566,0.400597357189873,9,6,252,UP,Gulab Chandra,IND,,,,,False,6,2009,GE
1809602,Gulab Sonkar,IJP,22982,542,0.38361089681433,10,6,252,UP,Gulab Sonkar,IJP,,,,,False,6,2009,GE
1809666,Shailendra Kumar,SP,22952,44348,41.0162500115609,1,6,253,UP,Shailendra Kumar,SP,,,,,False,6,2009,GE
1809667,Girish Chandra Pasi,BSP,22951,40925,37.8504111058701,2,6,253,UP,Girish Chandra Pasi,BSP,,,,,False,6,2009,GE
1809668,Gautam Chaudhary,BJP,22953,7150,6.61283908141653,3,6,253,UP,Gautam Chaudhary,BJP,,,,,False,6,2009,GE
1809669,Ram Nihor Rakesh,INC,22954,6663,6.16242612580117,4,6,253,UP,Ram Nihor Rakesh,INC,,,,,False,6,2009,GE
1809670,Umesh Chandra Pasi,AD,23110,5104,4.72054974427272,5,6,253,UP,Umesh Chandra Pasi,AD,,,,,False,6,2009,GE
1809671,Ram Saran,IND,22955,2016,1.86454315917982,6,6,253,UP,Ram Saran,IND,,,,,False,6,2009,GE
1809672,Man Singh,IND,22955,634,0.586369227638892,7,6,253,UP,Man Singh,IND,,,,,False,6,2009,GE
1809673,Gulab Sonkar,IJP,22982,460,0.425441395447777,8,6,253,UP,Gulab Sonkar,IJP,,,,,False,6,2009,GE
1809674,Jagdeo,IND,22955,420,0.388446491495796,9,6,253,UP,Jagdeo,IND,,,,,False,6,2009,GE
1809675,Gulab Chandra,IND,22955,403,0.372723657316204,10,6,253,UP,Gulab Chandra,IND,,,,,False,6,2009,GE
1809773,Kapil Muni Karwariya,BSP,22951,36673,32.3912064229502,1,6,254,UP,Kapil Muni Karwariya,BSP,,,,,False,6,2009,GE
1809774,Shyama Charan Gupta,SP,22952,34168,30.1786802568473,2,6,254,UP,Shyama Charan Gupta,SP,,,,,False,6,2009,GE
1809775,Dr. Soney Lal Patel,IND,22955,17077,15.0831574205742,3,6,254,UP,Dr. Soney Lal Patel,IND,,,,,False,6,2009,GE
1809776,Dharmaraj Singh Patel,INC,22954,9126,8.06048454764659,4,6,254,UP,Dharmaraj Singh Patel,INC,,,,,False,6,2009,GE
1809777,Karan Singh Patel,BJP,22953,5657,4.99651118628498,5,6,254,UP,Karan Singh Patel,BJP,,,,,False,6,2009,GE
1809778,Munishwar Singh Maurya,IND,22955,1662,1.4679514922407,6,6,254,UP,Munishwar Singh Maurya,IND,,,,,False,6,2009,GE
1809779,Milan Mukerjee,IND,22955,1478,1.30543460019961,7,6,254,UP,Milan Mukerjee,IND,,,,,False,6,2009,GE
1809780,Radhika Pal,IND,22955,1345,1.18796315106121,8,6,254,UP,Radhika Pal,IND,,,,,False,6,2009,GE
1809781,Bharat Lal,IND,22955,1032,0.91150778579567,9,6,254,UP,Bharat Lal,IND,,,,,False,6,2009,GE
1809782,Chandrajeet,LD,22979,608,0.537012338918379,10,6,254,UP,Chandrajeet,LD,,,,,False,6,2009,GE
1809783,Radheshyam Singh Yadav,IND,22955,513,0.453104160962382,11,6,254,UP,Radheshyam Singh Yadav,IND,,,,,False,6,2009,GE
1809784,Samar Bahadur Sharma,IND,22955,373,0.329450003974597,12,6,254,UP,Samar Bahadur Sharma,IND,,,,,False,6,2009,GE
1809785,Dr. Neeraj,IND,22955,365,0.322384052146724,13,6,254,UP,Dr. Neeraj,IND,,,,,False,6,2009,GE
1809786,Ram Janm Yadav,IND,22955,342,0.302069440641588,14,6,254,UP,Ram Janm Yadav,IND,,,,,False,6,2009,GE
1809787,Ramshankar,IND,22955,338,0.298536464727651,15,6,254,UP,Ramshankar,IND,,,,,False,6,2009,GE
1809788,Sanjeev Kumar Mishra,YVP,23516,332,0.293237000856746,16,6,254,UP,Sanjeev Kumar Mishra,YVP,,,,,False,6,2009,GE
1809789,Pradeep Kumar Srivastava,AD,23110,328,0.289704024942809,17,6,254,UP,Pradeep Kumar Srivastava,AD,,,,,False,6,2009,GE
1809790,Devendra Pratap Singh,RDMP,22983,313,0.276455365265547,18,6,254,UP,Devendra Pratap Singh,RDMP,,,,,False,6,2009,GE
1809791,Lallan Singh,RSBP,22959,308,0.272039145373126,19,6,254,UP,Lallan Singh,RSBP,,,,,False,6,2009,GE
1809792,Vijay Kumar,GMS,23522,292,0.257907241717379,20,6,254,UP,Vijay Kumar,GMS,,,,,False,6,2009,GE
1809793,Krishna Kumar,IND,22955,278,0.245541826018601,21,6,254,UP,Krishna Kumar,IND,,,,,False,6,2009,GE
1809794,Satish Yadav,IJP,22982,253,0.223460726556496,22,6,254,UP,Satish Yadav,IJP,,,,,False,6,2009,GE
1809795,Virendra Pal Singh,IND,22955,194,0.17134933182593,23,6,254,UP,Virendra Pal Singh,IND,,,,,False,6,2009,GE
1809796,Shailendra Kumar Prajapati,IND,22955,164,0.144852012471404,24,6,254,UP,Shailendra Kumar Prajapati,IND,,,,,False,6,2009,GE
1809905,Kapil Muni Karwariya,BSP,22951,40947,30.8226757096509,1,6,255,UP,Kapil Muni Karwariya,BSP,,,,,False,6,2009,GE
1809906,Shyama Charan Gupta,SP,22952,39580,29.7936724201525,2,6,255,UP,Shyama Charan Gupta,SP,,,,,False,6,2009,GE
1809907,Dr. Soney Lal Patel,IND,22955,28250,21.2650643221149,3,6,255,UP,Dr. Soney Lal Patel,IND,,,,,False,6,2009,GE
1809908,Dharmaraj Singh Patel,INC,22954,7393,5.56504851445648,4,6,255,UP,Dharmaraj Singh Patel,INC,,,,,False,6,2009,GE
1809909,Karan Singh Patel,BJP,22953,4006,3.01549903272185,5,6,255,UP,Karan Singh Patel,BJP,,,,,False,6,2009,GE
1809910,Milan Mukerjee,IND,22955,2651,1.99552869090005,6,6,255,UP,Milan Mukerjee,IND,,,,,False,6,2009,GE
1809911,Munishwar Singh Maurya,IND,22955,1913,1.44000240878604,7,6,255,UP,Munishwar Singh Maurya,IND,,,,,False,6,2009,GE
1809912,Radhika Pal,IND,22955,1390,1.04631643921202,8,6,255,UP,Radhika Pal,IND,,,,,False,6,2009,GE
1809913,Bharat Lal,IND,22955,1292,0.972547366519379,9,6,255,UP,Bharat Lal,IND,,,,,False,6,2009,GE
1809914,Chandrajeet,LD,22979,697,0.524663710885454,10,6,255,UP,Chandrajeet,LD,,,,,False,6,2009,GE
1809915,Samar Bahadur Sharma,IND,22955,533,0.40121342597123,11,6,255,UP,Samar Bahadur Sharma,IND,,,,,False,6,2009,GE
1809916,Radheshyam Singh Yadav,IND,22955,493,0.371103600382394,12,6,255,UP,Radheshyam Singh Yadav,IND,,,,,False,6,2009,GE
1809918,Dr. Neeraj,IND,22955,423,0.318411405601933,13,6,255,UP,Dr. Neeraj,IND,,,,,False,6,2009,GE
1809917,Vijay Kumar,GMS,23522,423,0.318411405601933,13,6,255,UP,Vijay Kumar,GMS,,,,,False,6,2009,GE
1809919,Ramshankar,IND,22955,366,0.275504904137842,15,6,255,UP,Ramshankar,IND,,,,,False,6,2009,GE
1809920,Ram Janm Yadav,IND,22955,341,0.25668626314482,16,6,255,UP,Ram Janm Yadav,IND,,,,,False,6,2009,GE
1809921,Krishna Kumar,IND,22955,338,0.254428026225658,17,6,255,UP,Krishna Kumar,IND,,,,,False,6,2009,GE
1809922,Devendra Pratap Singh,RDMP,22983,336,0.252922534946216,18,6,255,UP,Devendra Pratap Singh,RDMP,,,,,False,6,2009,GE
1809923,Lallan Singh,RSBP,22959,332,0.249911552387332,19,6,255,UP,Lallan Singh,RSBP,,,,,False,6,2009,GE
1809924,Pradeep Kumar Srivastava,AD,23110,322,0.242384095990123,20,6,255,UP,Pradeep Kumar Srivastava,AD,,,,,False,6,2009,GE
1809925,Satish Yadav,IJP,22982,238,0.179153462253569,21,6,255,UP,Satish Yadav,IJP,,,,,False,6,2009,GE
1809926,Sanjeev Kumar Mishra,YVP,23516,227,0.17087326021664,22,6,255,UP,Sanjeev Kumar Mishra,YVP,,,,,False,6,2009,GE
1809927,Virendra Pal Singh,IND,22955,192,0.144527162826409,23,6,255,UP,Virendra Pal Singh,IND,,,,,False,6,2009,GE
1809928,Shailendra Kumar Prajapati,IND,22955,164,0.123450284914224,24,6,255,UP,Shailendra Kumar Prajapati,IND,,,,,False,6,2009,GE
1810024,Shyama Charan Gupta,SP,22952,49097,35.9258608830545,1,6,256,UP,Shyama Charan Gupta,SP,,,,,False,6,2009,GE
1810025,Kapil Muni Karwariya,BSP,22951,45268,33.1240578946598,2,6,256,UP,Kapil Muni Karwariya,BSP,,,,,False,6,2009,GE
1810026,Dr. Soney Lal Patel,IND,22955,15164,11.0959886435146,3,6,256,UP,Dr. Soney Lal Patel,IND,,,,,False,6,2009,GE
1810027,Dharmaraj Singh Patel,INC,22954,10270,7.51489075236715,4,6,256,UP,Dharmaraj Singh Patel,INC,,,,,False,6,2009,GE
1810028,Karan Singh Patel,BJP,22953,6100,4.46356704863092,5,6,256,UP,Karan Singh Patel,BJP,,,,,False,6,2009,GE
1810029,Milan Mukerjee,IND,22955,1837,1.34419224071065,6,6,256,UP,Milan Mukerjee,IND,,,,,False,6,2009,GE
1810030,Munishwar Singh Maurya,IND,22955,1687,1.23443239525252,7,6,256,UP,Munishwar Singh Maurya,IND,,,,,False,6,2009,GE
1810031,Bharat Lal,IND,22955,1288,0.942471206333874,8,6,256,UP,Bharat Lal,IND,,,,,False,6,2009,GE
1810032,Radhika Pal,IND,22955,1257,0.919787504939193,9,6,256,UP,Radhika Pal,IND,,,,,False,6,2009,GE
1810033,Chandrajeet,LD,22979,694,0.507822218319649,10,6,256,UP,Chandrajeet,LD,,,,,False,6,2009,GE
1810034,Dr. Neeraj,IND,22955,496,0.362939222314908,11,6,256,UP,Dr. Neeraj,IND,,,,,False,6,2009,GE
1810035,Radheshyam Singh Yadav,IND,22955,409,0.299278511949188,12,6,256,UP,Radheshyam Singh Yadav,IND,,,,,False,6,2009,GE
1810036,Ramshankar,IND,22955,402,0.294156385827808,13,6,256,UP,Ramshankar,IND,,,,,False,6,2009,GE
1810037,Samar Bahadur Sharma,IND,22955,370,0.270740952130072,14,6,256,UP,Samar Bahadur Sharma,IND,,,,,False,6,2009,GE
1810038,Devendra Pratap Singh,RDMP,22983,312,0.228300478552926,15,6,256,UP,Devendra Pratap Singh,RDMP,,,,,False,6,2009,GE
1810039,Pradeep Kumar Srivastava,AD,23110,302,0.220983155522383,16,6,256,UP,Pradeep Kumar Srivastava,AD,,,,,False,6,2009,GE
1810040,Ram Janm Yadav,IND,22955,271,0.198299454127701,17,6,256,UP,Ram Janm Yadav,IND,,,,,False,6,2009,GE
1810041,Vijay Kumar,GMS,23522,258,0.188786934187996,18,6,256,UP,Vijay Kumar,GMS,,,,,False,6,2009,GE
1810042,Lallan Singh,RSBP,22959,242,0.177079217339128,19,6,256,UP,Lallan Singh,RSBP,,,,,False,6,2009,GE
1810043,Krishna Kumar,IND,22955,239,0.174884020429965,20,6,256,UP,Krishna Kumar,IND,,,,,False,6,2009,GE
1810044,Sanjeev Kumar Mishra,YVP,23516,226,0.16537150049026,21,6,256,UP,Sanjeev Kumar Mishra,YVP,,,,,False,6,2009,GE
1810045,Virendra Pal Singh,IND,22955,177,0.129516617640602,22,6,256,UP,Virendra Pal Singh,IND,,,,,False,6,2009,GE
1810046,Satish Yadav,IJP,22982,154,0.112686774670354,23,6,256,UP,Satish Yadav,IJP,,,,,False,6,2009,GE
1810047,Shailendra Kumar Prajapati,IND,22955,142,0.103905987033703,24,6,256,UP,Shailendra Kumar Prajapati,IND,,,,,False,6,2009,GE
1810152,Chhotelal Bind,SP,22952,39478,29.5317175344105,1,6,257,UP,Chhotelal Bind,SP,,,,,False,6,2009,GE
1810153,Gorakhnath,BSP,22951,34785,26.0210951526032,2,6,257,UP,Gorakhnath,BSP,,,,,False,6,2009,GE
1810154,Ramratee Bind,AD,23110,27646,20.6807301017354,3,6,257,UP,Ramratee Bind,AD,,,,,False,6,2009,GE
1810155,Surymani Tiwari,INC,22954,13055,9.76585876720526,4,6,257,UP,Surymani Tiwari,INC,,,,,False,6,2009,GE
1810156,Dr Mahendra Nath Pandey,BJP,22953,8910,6.66517055655296,5,6,257,UP,Dr Mahendra Nath Pandey,BJP,,,,,False,6,2009,GE
1810157,Tej Bahadur Yadav Advocate,IND,22955,3084,2.30700179533213,6,6,257,UP,Tej Bahadur Yadav Advocate,IND,,,,,False,6,2009,GE
1810158,Dr. Akhilesh Kumar Dwivedi,NCP,22977,2023,1.51331538001196,7,6,257,UP,Dr. Akhilesh Kumar Dwivedi,NCP,,,,,False,6,2009,GE
1810159,Nandlal,VP,23210,1036,0.774985038898862,8,6,257,UP,Nandlal,VP,,,,,False,6,2009,GE
1810160,Gaurishankar,IND,22955,900,0.673249551166965,9,6,257,UP,Gaurishankar,IND,,,,,False,6,2009,GE
1810161,Jeetendra,IND,22955,751,0.56178934769599,10,6,257,UP,Jeetendra,IND,,,,,False,6,2009,GE
1810162,Jaj Lal,RKSP,23013,734,0.549072411729503,11,6,257,UP,Jaj Lal,RKSP,,,,,False,6,2009,GE
1810163,Thakur Santosh Kumar,RDMP,22983,678,0.50718132854578,12,6,257,UP,Thakur Santosh Kumar,RDMP,,,,,False,6,2009,GE
1810164,Shahid,PMSP,23422,600,0.44883303411131,13,6,257,UP,Shahid,PMSP,,,,,False,6,2009,GE
1810261,Chhotelal Bind,SP,22952,45037,34.7033757907795,1,6,258,UP,Chhotelal Bind,SP,,,,,False,6,2009,GE
1810262,Gorakhnath,BSP,22951,43693,33.6677531457808,2,6,258,UP,Gorakhnath,BSP,,,,,False,6,2009,GE
1810263,Ramratee Bind,AD,23110,17539,13.5147214067207,3,6,258,UP,Ramratee Bind,AD,,,,,False,6,2009,GE
1810264,Surymani Tiwari,INC,22954,8699,6.70303674765174,4,6,258,UP,Surymani Tiwari,INC,,,,,False,6,2009,GE
1810265,Dr Mahendra Nath Pandey,BJP,22953,6736,5.19044206600553,5,6,258,UP,Dr Mahendra Nath Pandey,BJP,,,,,False,6,2009,GE
1810266,Tej Bahadur Yadav Advocate,IND,22955,2443,1.88245991200289,6,6,258,UP,Tej Bahadur Yadav Advocate,IND,,,,,False,6,2009,GE
1810267,Dr. Akhilesh Kumar Dwivedi,NCP,22977,1569,1.20899697172842,7,6,258,UP,Dr. Akhilesh Kumar Dwivedi,NCP,,,,,False,6,2009,GE
1810268,Gaurishankar,IND,22955,970,0.747435986345808,8,6,258,UP,Gaurishankar,IND,,,,,False,6,2009,GE
1810269,Jeetendra,IND,22955,756,0.582537737811784,9,6,258,UP,Jeetendra,IND,,,,,False,6,2009,GE
1810270,Shahid,PMSP,23422,713,0.549403977592331,10,6,258,UP,Shahid,PMSP,,,,,False,6,2009,GE
1810271,Nandlal,VP,23210,671,0.517040769936121,11,6,258,UP,Nandlal,VP,,,,,False,6,2009,GE
1810272,Jaj Lal,RKSP,23013,529,0.4076223059556,12,6,258,UP,Jaj Lal,RKSP,,,,,False,6,2009,GE
1810273,Thakur Santosh Kumar,RDMP,22983,422,0.325173181688588,13,6,258,UP,Thakur Santosh Kumar,RDMP,,,,,False,6,2009,GE
1810350,Kunwar Rewati Raman Singh Alias Mani,SP,22952,48345,41.3081556799248,1,6,259,UP,Kunwar Rewati Raman Singh Alias Mani,SP,,,,,False,6,2009,GE
1810351,Ashok Kumar Bajpai,BSP,22951,43637,37.285427436237,2,6,259,UP,Ashok Kumar Bajpai,BSP,,,,,False,6,2009,GE
1810352,Yogesh Shukla,BJP,22953,10252,8.75977271756312,3,6,259,UP,Yogesh Shukla,BJP,,,,,False,6,2009,GE
1810353,Bihari Lal Sharma,AD,23110,3335,2.84957491348741,4,6,259,UP,Bihari Lal Sharma,AD,,,,,False,6,2009,GE
1810354,Shyam Krishna Pandey,INC,22954,2406,2.05579527491775,5,6,259,UP,Shyam Krishna Pandey,INC,,,,,False,6,2009,GE
1810355,Abhay Srivastava,IND,22955,1299,1.10992438159524,6,6,259,UP,Abhay Srivastava,IND,,,,,False,6,2009,GE
1810356,Sarfuddin,NELU,23029,1095,0.935617550305464,7,6,259,UP,Sarfuddin,NELU,,,,,False,6,2009,GE
1810357,Km. Kusum Kumari Ad,IND,22955,910,0.777545178792668,8,6,259,UP,Km. Kusum Kumari Ad,IND,,,,,False,6,2009,GE
1810358,Hira Lal,IND,22955,741,0.633143931302601,9,6,259,UP,Hira Lal,IND,,,,,False,6,2009,GE
1810359,Akbal Mohammd,IND,22955,561,0.479343786046909,10,6,259,UP,Akbal Mohammd,IND,,,,,False,6,2009,GE
1810360,Narendra Kumar Tewari,IND,22955,533,0.455419319007134,11,6,259,UP,Narendra Kumar Tewari,IND,,,,,False,6,2009,GE
1810361,Om Prakash,RMSP,23042,433,0.369974793865083,12,6,259,UP,Om Prakash,RMSP,,,,,False,6,2009,GE
1810362,Dr. Mohd. Salman Rashidi,IND,22955,331,0.28282137822019,13,6,259,UP,Dr. Mohd. Salman Rashidi,IND,,,,,False,6,2009,GE
1810363,Ajug Narain,IND,22955,294,0.251206903917631,14,6,259,UP,Ajug Narain,IND,,,,,False,6,2009,GE
1810364,Vijay Shankar,BSA,23537,277,0.236681334643482,15,6,259,UP,Vijay Shankar,BSA,,,,,False,6,2009,GE
1810365,Gopal Swroop Joshi,IND,22955,216,0.184560174306831,16,6,259,UP,Gopal Swroop Joshi,IND,,,,,False,6,2009,GE
1810366,Sadhna Agarwal,IND,22955,214,0.18285128380399,17,6,259,UP,Sadhna Agarwal,IND,,,,,False,6,2009,GE
1810367,Baijal Kumar,BSP(K),23111,207,0.176870167044046,18,6,259,UP,Baijal Kumar,BSP(K),,,,,False,6,2009,GE
1810368,Km. Shashi Pandey,IND,22955,206,0.176015721792626,19,6,259,UP,Km. Shashi Pandey,IND,,,,,False,6,2009,GE
1810369,Rama Kant,IJP,22982,204,0.174306831289785,20,6,259,UP,Rama Kant,IJP,,,,,False,6,2009,GE
1810370,Gulab Grameen,LD,22979,192,0.164053488272738,21,6,259,UP,Gulab Grameen,LD,,,,,False,6,2009,GE
1810371,Ram Lal,IND,22955,186,0.158926816764215,22,6,259,UP,Ram Lal,IND,,,,,False,6,2009,GE
1810372,Raj Bali,IND,22955,173,0.147819028495749,23,6,259,UP,Raj Bali,IND,,,,,False,6,2009,GE
1810373,Ram Govind,IND,22955,166,0.141837911735805,24,6,259,UP,Ram Govind,IND,,,,,False,6,2009,GE
1810374,Rajesh Pasi,RSBP,22959,146,0.124749006707395,25,6,259,UP,Rajesh Pasi,RSBP,,,,,False,6,2009,GE
1810375,Ram Parikhan Singh,JPS,23265,145,0.123894561455974,26,6,259,UP,Ram Parikhan Singh,JPS,,,,,False,6,2009,GE
1810376,Ram Jeet,IND,22955,143,0.122185670953133,27,6,259,UP,Ram Jeet,IND,,,,,False,6,2009,GE
1810377,Bajrang Dutt,IND,22955,133,0.113641218438928,28,6,259,UP,Bajrang Dutt,IND,,,,,False,6,2009,GE
1810378,Rakesh Kumar,IND,22955,110,0.0939889776562566,29,6,259,UP,Rakesh Kumar,IND,,,,,False,6,2009,GE
1810379,Munnu Prasad,IND,22955,84,0.0717734011193232,30,6,259,UP,Munnu Prasad,IND,,,,,False,6,2009,GE
1810380,Ravi Prakash,IND,22955,61,0.0521211603366514,31,6,259,UP,Ravi Prakash,IND,,,,,False,6,2009,GE
1810489,Kunwar Rewati Raman Singh Alias Mani,SP,22952,44648,39.7560215484617,1,6,260,UP,Kunwar Rewati Raman Singh Alias Mani,SP,,,,,False,6,2009,GE
1810490,Ashok Kumar Bajpai,BSP,22951,36704,32.6824273184631,2,6,260,UP,Ashok Kumar Bajpai,BSP,,,,,False,6,2009,GE
1810491,Bihari Lal Sharma,AD,23110,8606,7.66306041583188,3,6,260,UP,Bihari Lal Sharma,AD,,,,,False,6,2009,GE
1810492,Yogesh Shukla,BJP,22953,7340,6.53577311784871,4,6,260,UP,Yogesh Shukla,BJP,,,,,False,6,2009,GE
1810493,Shyam Krishna Pandey,INC,22954,5120,4.55901340100618,5,6,260,UP,Shyam Krishna Pandey,INC,,,,,False,6,2009,GE
1810494,Hira Lal,IND,22955,1616,1.43893860469257,6,6,260,UP,Hira Lal,IND,,,,,False,6,2009,GE
1810495,Abhay Srivastava,IND,22955,1195,1.0640666043364,7,6,260,UP,Abhay Srivastava,IND,,,,,False,6,2009,GE
1810496,Km. Kusum Kumari Ad,IND,22955,976,0.869061929566804,8,6,260,UP,Km. Kusum Kumari Ad,IND,,,,,False,6,2009,GE
1810497,Akbal Mohammd,IND,22955,576,0.512889007613196,9,6,260,UP,Akbal Mohammd,IND,,,,,False,6,2009,GE
1810498,Narendra Kumar Tewari,IND,22955,516,0.459463069320154,10,6,260,UP,Narendra Kumar Tewari,IND,,,,,False,6,2009,GE
1810499,Om Prakash,RMSP,23042,399,0.355282489648724,11,6,260,UP,Om Prakash,RMSP,,,,,False,6,2009,GE
1810500,Baijal Kumar,BSP(K),23111,371,0.330350385111971,12,6,260,UP,Baijal Kumar,BSP(K),,,,,False,6,2009,GE
1810501,Rajesh Pasi,RSBP,22959,370,0.329459952807087,13,6,260,UP,Rajesh Pasi,RSBP,,,,,False,6,2009,GE
1810502,Dr. Mohd. Salman Rashidi,IND,22955,321,0.28582876986777,14,6,260,UP,Dr. Mohd. Salman Rashidi,IND,,,,,False,6,2009,GE
1810503,Ajug Narain,IND,22955,309,0.275143582209162,15,6,260,UP,Ajug Narain,IND,,,,,False,6,2009,GE
1810504,Sarfuddin,NELU,23029,289,0.257334936111482,16,6,260,UP,Sarfuddin,NELU,,,,,False,6,2009,GE
1810505,Gulab Grameen,LD,22979,286,0.25466363919683,17,6,260,UP,Gulab Grameen,LD,,,,,False,6,2009,GE
1810506,Rama Kant,IJP,22982,264,0.235074128489381,18,6,260,UP,Rama Kant,IJP,,,,,False,6,2009,GE
1810507,Raj Bali,IND,22955,258,0.229731534660077,19,6,260,UP,Raj Bali,IND,,,,,False,6,2009,GE
1810508,Ram Lal,IND,22955,233,0.207470727037976,20,6,260,UP,Ram Lal,IND,,,,,False,6,2009,GE
1810509,Sadhna Agarwal,IND,22955,224,0.19945683629402,21,6,260,UP,Sadhna Agarwal,IND,,,,,False,6,2009,GE
1810510,Gopal Swroop Joshi,IND,22955,222,0.197675971684252,22,6,260,UP,Gopal Swroop Joshi,IND,,,,,False,6,2009,GE
1810511,Km. Shashi Pandey,IND,22955,206,0.183429054806108,23,6,260,UP,Km. Shashi Pandey,IND,,,,,False,6,2009,GE
1810512,Ram Govind,IND,22955,199,0.17719602867192,24,6,260,UP,Ram Govind,IND,,,,,False,6,2009,GE
1810513,Ram Jeet,IND,22955,198,0.176305596367036,25,6,260,UP,Ram Jeet,IND,,,,,False,6,2009,GE
1810514,Bajrang Dutt,IND,22955,184,0.163839544098659,26,6,260,UP,Bajrang Dutt,IND,,,,,False,6,2009,GE
1810515,Vijay Shankar,BSA,23537,168,0.149592627220515,27,6,260,UP,Vijay Shankar,BSA,,,,,False,6,2009,GE
1810516,Rakesh Kumar,IND,22955,164,0.146030898000979,28,6,260,UP,Rakesh Kumar,IND,,,,,False,6,2009,GE
1810517,Ram Parikhan Singh,JPS,23265,145,0.129112684208183,29,6,260,UP,Ram Parikhan Singh,JPS,,,,,False,6,2009,GE
1810518,Munnu Prasad,IND,22955,112,0.0997284181470103,30,6,260,UP,Munnu Prasad,IND,,,,,False,6,2009,GE
1810519,Ravi Prakash,IND,22955,86,0.0765771782200258,31,6,260,UP,Ravi Prakash,IND,,,,,False,6,2009,GE
1810628,Kapil Muni Karwariya,BSP,22951,26631,30.2841807202883,1,6,261,UP,Kapil Muni Karwariya,BSP,,,,,False,6,2009,GE
1810629,Shyama Charan Gupta,SP,22952,16244,18.4723154076213,2,6,261,UP,Shyama Charan Gupta,SP,,,,,False,6,2009,GE
1810630,Dharmaraj Singh Patel,INC,22954,15878,18.0561083502962,3,6,261,UP,Dharmaraj Singh Patel,INC,,,,,False,6,2009,GE
1810631,Dr. Soney Lal Patel,IND,22955,13977,15.8943334432605,4,6,261,UP,Dr. Soney Lal Patel,IND,,,,,False,6,2009,GE
1810632,Karan Singh Patel,BJP,22953,9869,11.2228072369992,5,6,261,UP,Karan Singh Patel,BJP,,,,,False,6,2009,GE
1810633,Milan Mukerjee,IND,22955,1492,1.69666920636364,6,6,261,UP,Milan Mukerjee,IND,,,,,False,6,2009,GE
1810634,Radhika Pal,IND,22955,671,0.763046271762739,7,6,261,UP,Radhika Pal,IND,,,,,False,6,2009,GE
1810635,Munishwar Singh Maurya,IND,22955,590,0.670934873830128,8,6,261,UP,Munishwar Singh Maurya,IND,,,,,False,6,2009,GE
1810636,Bharat Lal,IND,22955,384,0.43667625686571,9,6,261,UP,Bharat Lal,IND,,,,,False,6,2009,GE
1810637,Pradeep Kumar Srivastava,AD,23110,248,0.282020082559104,10,6,261,UP,Pradeep Kumar Srivastava,AD,,,,,False,6,2009,GE
1810638,Radheshyam Singh Yadav,IND,22955,228,0.259276527514015,11,6,261,UP,Radheshyam Singh Yadav,IND,,,,,False,6,2009,GE
1810639,Lallan Singh,RSBP,22959,215,0.244493216734707,12,6,261,UP,Lallan Singh,RSBP,,,,,False,6,2009,GE
1810640,Chandrajeet,LD,22979,213,0.242218861230198,13,6,261,UP,Chandrajeet,LD,,,,,False,6,2009,GE
1810641,Samar Bahadur Sharma,IND,22955,190,0.216063772928346,14,6,261,UP,Samar Bahadur Sharma,IND,,,,,False,6,2009,GE
1810642,Ram Janm Yadav,IND,22955,156,0.177399729351694,15,6,261,UP,Ram Janm Yadav,IND,,,,,False,6,2009,GE
1810643,Ramshankar,IND,22955,148,0.168302307333659,16,6,261,UP,Ramshankar,IND,,,,,False,6,2009,GE
1810644,Dr. Neeraj,IND,22955,143,0.162616418572387,17,6,261,UP,Dr. Neeraj,IND,,,,,False,6,2009,GE
1810645,Devendra Pratap Singh,RDMP,22983,110,0.12508955274799,18,6,261,UP,Devendra Pratap Singh,RDMP,,,,,False,6,2009,GE
1810646,Krishna Kumar,IND,22955,107,0.121678019491226,19,6,261,UP,Krishna Kumar,IND,,,,,False,6,2009,GE
1810647,Satish Yadav,IJP,22982,105,0.119403663986717,20,6,261,UP,Satish Yadav,IJP,,,,,False,6,2009,GE
1810648,Shailendra Kumar Prajapati,IND,22955,97,0.110306241968682,21,6,261,UP,Shailendra Kumar Prajapati,IND,,,,,False,6,2009,GE
1810649,Sanjeev Kumar Mishra,YVP,23516,92,0.104620353207409,22,6,261,UP,Sanjeev Kumar Mishra,YVP,,,,,False,6,2009,GE
1810650,Vijay Kumar,GMS,23522,79,0.0898370424281019,23,6,261,UP,Vijay Kumar,GMS,,,,,False,6,2009,GE
1810651,Virendra Pal Singh,IND,22955,70,0.0796024426578118,24,6,261,UP,Virendra Pal Singh,IND,,,,,False,6,2009,GE
1810745,Dharmaraj Singh Patel,INC,22954,24946,30.7258372439616,1,6,262,UP,Dharmaraj Singh Patel,INC,,,,,False,6,2009,GE
1810746,Karan Singh Patel,BJP,22953,19172,23.6140363842392,2,6,262,UP,Karan Singh Patel,BJP,,,,,False,6,2009,GE
1810747,Kapil Muni Karwariya,BSP,22951,18006,22.1778812400694,3,6,262,UP,Kapil Muni Karwariya,BSP,,,,,False,6,2009,GE
1810748,Shyama Charan Gupta,SP,22952,13865,17.0774365985539,4,6,262,UP,Shyama Charan Gupta,SP,,,,,False,6,2009,GE
1810749,Dr. Soney Lal Patel,IND,22955,2230,2.74667750557341,5,6,262,UP,Dr. Soney Lal Patel,IND,,,,,False,6,2009,GE
1810750,Milan Mukerjee,IND,22955,899,1.10729285987017,6,6,262,UP,Milan Mukerjee,IND,,,,,False,6,2009,GE
1810751,Radhika Pal,IND,22955,314,0.386751899887915,7,6,262,UP,Radhika Pal,IND,,,,,False,6,2009,GE
1810752,Munishwar Singh Maurya,IND,22955,259,0.319008732710096,8,6,262,UP,Munishwar Singh Maurya,IND,,,,,False,6,2009,GE
1810753,Pradeep Kumar Srivastava,AD,23110,237,0.291911465838968,9,6,262,UP,Pradeep Kumar Srivastava,AD,,,,,False,6,2009,GE
1810754,Bharat Lal,IND,22955,160,0.19707103179002,10,6,262,UP,Bharat Lal,IND,,,,,False,6,2009,GE
1810755,Dr. Neeraj,IND,22955,136,0.167510377021517,11,6,262,UP,Dr. Neeraj,IND,,,,,False,6,2009,GE
1810756,Chandrajeet,LD,22979,116,0.142876498047765,12,6,262,UP,Chandrajeet,LD,,,,,False,6,2009,GE
1810757,Radheshyam Singh Yadav,IND,22955,108,0.133022946458264,13,6,262,UP,Radheshyam Singh Yadav,IND,,,,,False,6,2009,GE
1810758,Ram Janm Yadav,IND,22955,106,0.130559558560888,14,6,262,UP,Ram Janm Yadav,IND,,,,,False,6,2009,GE
1810759,Vijay Kumar,GMS,23522,104,0.128096170663513,15,6,262,UP,Vijay Kumar,GMS,,,,,False,6,2009,GE
1810760,Satish Yadav,IJP,22982,88,0.108389067484511,16,6,262,UP,Satish Yadav,IJP,,,,,False,6,2009,GE
1810761,Ramshankar,IND,22955,78,0.0960721279976351,17,6,262,UP,Ramshankar,IND,,,,,False,6,2009,GE
1810762,Samar Bahadur Sharma,IND,22955,78,0.0960721279976351,17,6,262,UP,Samar Bahadur Sharma,IND,,,,,False,6,2009,GE
1810763,Shailendra Kumar Prajapati,IND,22955,56,0.0689748611265072,19,6,262,UP,Shailendra Kumar Prajapati,IND,,,,,False,6,2009,GE
1810764,Virendra Pal Singh,IND,22955,54,0.066511473229132,20,6,262,UP,Virendra Pal Singh,IND,,,,,False,6,2009,GE
1810765,Sanjeev Kumar Mishra,YVP,23516,52,0.0640480853317567,21,6,262,UP,Sanjeev Kumar Mishra,YVP,,,,,False,6,2009,GE
1810767,Devendra Pratap Singh,RDMP,22983,42,0.0517311458448804,22,6,262,UP,Devendra Pratap Singh,RDMP,,,,,False,6,2009,GE
1810766,Lallan Singh,RSBP,22959,42,0.0517311458448804,22,6,262,UP,Lallan Singh,RSBP,,,,,False,6,2009,GE
1810768,Krishna Kumar,IND,22955,41,0.0504994518961928,24,6,262,UP,Krishna Kumar,IND,,,,,False,6,2009,GE
1810869,Kunwar Rewati Raman Singh Alias Mani,SP,22952,25337,31.666104258058,1,6,263,UP,Kunwar Rewati Raman Singh Alias Mani,SP,,,,,False,6,2009,GE
1810870,Yogesh Shukla,BJP,22953,21135,26.4144576506317,2,6,263,UP,Yogesh Shukla,BJP,,,,,False,6,2009,GE
1810871,Ashok Kumar Bajpai,BSP,22951,15864,19.8267781485508,3,6,263,UP,Ashok Kumar Bajpai,BSP,,,,,False,6,2009,GE
1810872,Shyam Krishna Pandey,INC,22954,15064,18.8269406221489,4,6,263,UP,Shyam Krishna Pandey,INC,,,,,False,6,2009,GE
1810873,Bihari Lal Sharma,AD,23110,512,0.639896016897254,5,6,263,UP,Bihari Lal Sharma,AD,,,,,False,6,2009,GE
1810874,Abhay Srivastava,IND,22955,250,0.312449227000612,6,6,263,UP,Abhay Srivastava,IND,,,,,False,6,2009,GE
1810875,Km. Kusum Kumari Ad,IND,22955,211,0.263707147588516,7,6,263,UP,Km. Kusum Kumari Ad,IND,,,,,False,6,2009,GE
1810876,Hira Lal,IND,22955,171,0.213715271268418,8,6,263,UP,Hira Lal,IND,,,,,False,6,2009,GE
1810877,Om Prakash,RMSP,23042,162,0.202467099096396,9,6,263,UP,Om Prakash,RMSP,,,,,False,6,2009,GE
1810878,Narendra Kumar Tewari,IND,22955,151,0.188719333108369,10,6,263,UP,Narendra Kumar Tewari,IND,,,,,False,6,2009,GE
1810879,Vijay Shankar,BSA,23537,101,0.126229487708247,11,6,263,UP,Vijay Shankar,BSA,,,,,False,6,2009,GE
1810880,Gopal Swroop Joshi,IND,22955,88,0.109982127904215,12,6,263,UP,Gopal Swroop Joshi,IND,,,,,False,6,2009,GE
1810881,Dr. Mohd. Salman Rashidi,IND,22955,84,0.104982940272205,13,6,263,UP,Dr. Mohd. Salman Rashidi,IND,,,,,False,6,2009,GE
1810882,Ram Lal,IND,22955,72,0.0899853773761763,14,6,263,UP,Ram Lal,IND,,,,,False,6,2009,GE
1810883,Rajesh Pasi,RSBP,22959,72,0.0899853773761763,14,6,263,UP,Rajesh Pasi,RSBP,,,,,False,6,2009,GE
1810884,Akbal Mohammd,IND,22955,67,0.0837363928361641,16,6,263,UP,Akbal Mohammd,IND,,,,,False,6,2009,GE
1810885,Bajrang Dutt,IND,22955,64,0.0799870021121567,17,6,263,UP,Bajrang Dutt,IND,,,,,False,6,2009,GE
1810887,Sadhna Agarwal,IND,22955,55,0.0687388299401347,18,6,263,UP,Sadhna Agarwal,IND,,,,,False,6,2009,GE
1810886,Ram Govind,IND,22955,55,0.0687388299401347,18,6,263,UP,Ram Govind,IND,,,,,False,6,2009,GE
1810888,Ram Jeet,IND,22955,52,0.0649894392161273,20,6,263,UP,Ram Jeet,IND,,,,,False,6,2009,GE
1810889,Rama Kant,IJP,22982,50,0.0624898454001224,21,6,263,UP,Rama Kant,IJP,,,,,False,6,2009,GE
1810890,Ajug Narain,IND,22955,49,0.06124004849212,22,6,263,UP,Ajug Narain,IND,,,,,False,6,2009,GE
1810891,Sarfuddin,NELU,23029,46,0.0574906577681126,23,6,263,UP,Sarfuddin,NELU,,,,,False,6,2009,GE
1810893,Km. Shashi Pandey,IND,22955,43,0.0537412670441053,24,6,263,UP,Km. Shashi Pandey,IND,,,,,False,6,2009,GE
1810892,Ravi Prakash,IND,22955,43,0.0537412670441053,24,6,263,UP,Ravi Prakash,IND,,,,,False,6,2009,GE
1810894,Raj Bali,IND,22955,42,0.0524914701361028,26,6,263,UP,Raj Bali,IND,,,,,False,6,2009,GE
1810895,Ram Parikhan Singh,JPS,23265,40,0.0499918763200979,27,6,263,UP,Ram Parikhan Singh,JPS,,,,,False,6,2009,GE
1810896,Gulab Grameen,LD,22979,40,0.0499918763200979,27,6,263,UP,Gulab Grameen,LD,,,,,False,6,2009,GE
1810897,Baijal Kumar,BSP(K),23111,39,0.0487420794120955,29,6,263,UP,Baijal Kumar,BSP(K),,,,,False,6,2009,GE
1810898,Munnu Prasad,IND,22955,33,0.0412432979640808,30,6,263,UP,Munnu Prasad,IND,,,,,False,6,2009,GE
1810899,Rakesh Kumar,IND,22955,21,0.0262457350680514,31,6,263,UP,Rakesh Kumar,IND,,,,,False,6,2009,GE
1811004,Kunwar Rewati Raman Singh Alias Mani,SP,22952,40765,35.4635534019434,1,6,264,UP,Kunwar Rewati Raman Singh Alias Mani,SP,,,,,False,6,2009,GE
1811005,Ashok Kumar Bajpai,BSP,22951,37989,33.0485693655447,2,6,264,UP,Ashok Kumar Bajpai,BSP,,,,,False,6,2009,GE
1811006,Yogesh Shukla,BJP,22953,9771,8.50029143359228,3,6,264,UP,Yogesh Shukla,BJP,,,,,False,6,2009,GE
1811007,Shyam Krishna Pandey,INC,22954,9265,8.060096216583,4,6,264,UP,Shyam Krishna Pandey,INC,,,,,False,6,2009,GE
1811008,Bihari Lal Sharma,AD,23110,4474,3.89216087134294,5,6,264,UP,Bihari Lal Sharma,AD,,,,,False,6,2009,GE
1811009,Hira Lal,IND,22955,3950,3.43630653594202,6,6,264,UP,Hira Lal,IND,,,,,False,6,2009,GE
1811010,Abhay Srivastava,IND,22955,1404,1.22141123454749,7,6,264,UP,Abhay Srivastava,IND,,,,,False,6,2009,GE
1811011,Km. Kusum Kumari Ad,IND,22955,1075,0.935197348389285,8,6,264,UP,Km. Kusum Kumari Ad,IND,,,,,False,6,2009,GE
1811012,Om Prakash,RMSP,23042,613,0.533279976337332,9,6,264,UP,Om Prakash,RMSP,,,,,False,6,2009,GE
1811013,Narendra Kumar Tewari,IND,22955,518,0.450634629270372,10,6,264,UP,Narendra Kumar Tewari,IND,,,,,False,6,2009,GE
1811014,Akbal Mohammd,IND,22955,448,0.389738057747348,11,6,264,UP,Akbal Mohammd,IND,,,,,False,6,2009,GE
1811015,Ajug Narain,IND,22955,399,0.347110457681232,12,6,264,UP,Ajug Narain,IND,,,,,False,6,2009,GE
1811016,Sadhna Agarwal,IND,22955,352,0.306222759658631,13,6,264,UP,Sadhna Agarwal,IND,,,,,False,6,2009,GE
1811017,Gulab Grameen,LD,22979,325,0.282734082071179,14,6,264,UP,Gulab Grameen,LD,,,,,False,6,2009,GE
1811018,Dr. Mohd. Salman Rashidi,IND,22955,296,0.257505502440212,15,6,264,UP,Dr. Mohd. Salman Rashidi,IND,,,,,False,6,2009,GE
1811019,Bajrang Dutt,IND,22955,272,0.236626677918033,16,6,264,UP,Bajrang Dutt,IND,,,,,False,6,2009,GE
1811020,Gopal Swroop Joshi,IND,22955,268,0.233146873831003,17,6,264,UP,Gopal Swroop Joshi,IND,,,,,False,6,2009,GE
1811021,Baijal Kumar,BSP(K),23111,255,0.221837510548156,18,6,264,UP,Baijal Kumar,BSP(K),,,,,False,6,2009,GE
1811022,Ram Lal,IND,22955,251,0.218357706461126,19,6,264,UP,Ram Lal,IND,,,,,False,6,2009,GE
1811023,Raj Bali,IND,22955,241,0.209658196243551,20,6,264,UP,Raj Bali,IND,,,,,False,6,2009,GE
1811024,Vijay Shankar,BSA,23537,231,0.200958686025976,21,6,264,UP,Vijay Shankar,BSA,,,,,False,6,2009,GE
1811025,Sarfuddin,NELU,23029,221,0.192259175808401,22,6,264,UP,Sarfuddin,NELU,,,,,False,6,2009,GE
1811027,Rama Kant,IJP,22982,209,0.181819763547312,23,6,264,UP,Rama Kant,IJP,,,,,False,6,2009,GE
1811026,Km. Shashi Pandey,IND,22955,209,0.181819763547312,23,6,264,UP,Km. Shashi Pandey,IND,,,,,False,6,2009,GE
1811028,Ram Govind,IND,22955,202,0.175730106395009,25,6,264,UP,Ram Govind,IND,,,,,False,6,2009,GE
1811029,Rajesh Pasi,RSBP,22959,195,0.169640449242707,26,6,264,UP,Rajesh Pasi,RSBP,,,,,False,6,2009,GE
1811030,Ram Parikhan Singh,JPS,23265,183,0.159201036981617,27,6,264,UP,Ram Parikhan Singh,JPS,,,,,False,6,2009,GE
1811031,Ram Jeet,IND,22955,175,0.152241428807558,28,6,264,UP,Ram Jeet,IND,,,,,False,6,2009,GE
1811032,Munnu Prasad,IND,22955,151,0.131362604285378,29,6,264,UP,Munnu Prasad,IND,,,,,False,6,2009,GE
1811033,Rakesh Kumar,IND,22955,138,0.120053241002531,30,6,264,UP,Rakesh Kumar,IND,,,,,False,6,2009,GE
1811034,Ravi Prakash,IND,22955,104,0.0904749062627774,31,6,264,UP,Ravi Prakash,IND,,,,,False,6,2009,GE
1811141,Kunwar Rewati Raman Singh Alias Mani,SP,22952,50317,39.9810888980707,1,6,265,UP,Kunwar Rewati Raman Singh Alias Mani,SP,,,,,False,6,2009,GE
1811142,Ashok Kumar Bajpai,BSP,22951,40308,32.0280964942948,2,6,265,UP,Ashok Kumar Bajpai,BSP,,,,,False,6,2009,GE
1811143,Yogesh Shukla,BJP,22953,12485,9.92038267170962,3,6,265,UP,Yogesh Shukla,BJP,,,,,False,6,2009,GE
1811144,Shyam Krishna Pandey,INC,22954,5172,4.10958904109589,4,6,265,UP,Shyam Krishna Pandey,INC,,,,,False,6,2009,GE
1811145,Bihari Lal Sharma,AD,23110,5159,4.09925944760512,5,6,265,UP,Bihari Lal Sharma,AD,,,,,False,6,2009,GE
1811146,Abhay Srivastava,IND,22955,1828,1.45249976162476,6,6,265,UP,Abhay Srivastava,IND,,,,,False,6,2009,GE
1811147,Km. Kusum Kumari Ad,IND,22955,1064,0.845437498013539,7,6,265,UP,Km. Kusum Kumari Ad,IND,,,,,False,6,2009,GE
1811148,Hira Lal,IND,22955,1059,0.841464577440167,8,6,265,UP,Hira Lal,IND,,,,,False,6,2009,GE
1811149,Ram Parikhan Singh,JPS,23265,853,0.677780249817245,9,6,265,UP,Ram Parikhan Singh,JPS,,,,,False,6,2009,GE
1811150,Akbal Mohammd,IND,22955,706,0.560976384960111,10,6,265,UP,Akbal Mohammd,IND,,,,,False,6,2009,GE
1811151,Om Prakash,RMSP,23042,646,0.513301338079649,11,6,265,UP,Om Prakash,RMSP,,,,,False,6,2009,GE
1811152,Narendra Kumar Tewari,IND,22955,622,0.494231319327464,12,6,265,UP,Narendra Kumar Tewari,IND,,,,,False,6,2009,GE
1811153,Vijay Shankar,BSA,23537,576,0.457680450052442,13,6,265,UP,Vijay Shankar,BSA,,,,,False,6,2009,GE
1811154,Ajug Narain,IND,22955,442,0.351206178686075,14,6,265,UP,Ajug Narain,IND,,,,,False,6,2009,GE
1811155,Dr. Mohd. Salman Rashidi,IND,22955,423,0.336109080507262,15,6,265,UP,Dr. Mohd. Salman Rashidi,IND,,,,,False,6,2009,GE
1811156,Sarfuddin,NELU,23029,411,0.326574071131169,16,6,265,UP,Sarfuddin,NELU,,,,,False,6,2009,GE
1811157,Baijal Kumar,BSP(K),23111,349,0.277309856021358,17,6,265,UP,Baijal Kumar,BSP(K),,,,,False,6,2009,GE
1811158,Ram Lal,IND,22955,346,0.274926103677335,18,6,265,UP,Ram Lal,IND,,,,,False,6,2009,GE
1811159,Sadhna Agarwal,IND,22955,345,0.27413151956266,19,6,265,UP,Sadhna Agarwal,IND,,,,,False,6,2009,GE
1811160,Km. Shashi Pandey,IND,22955,334,0.265391094301242,20,6,265,UP,Km. Shashi Pandey,IND,,,,,False,6,2009,GE
1811161,Gopal Swroop Joshi,IND,22955,305,0.242348154975685,21,6,265,UP,Gopal Swroop Joshi,IND,,,,,False,6,2009,GE
1811162,Gulab Grameen,LD,22979,287,0.228045640911546,22,6,265,UP,Gulab Grameen,LD,,,,,False,6,2009,GE
1811163,Rama Kant,IJP,22982,264,0.209770206274036,23,6,265,UP,Rama Kant,IJP,,,,,False,6,2009,GE
1811164,Raj Bali,IND,22955,263,0.208975622159361,24,6,265,UP,Raj Bali,IND,,,,,False,6,2009,GE
1811165,Rajesh Pasi,RSBP,22959,238,0.189111019292502,25,6,265,UP,Rajesh Pasi,RSBP,,,,,False,6,2009,GE
1811166,Ram Govind,IND,22955,234,0.185932682833804,26,6,265,UP,Ram Govind,IND,,,,,False,6,2009,GE
1811167,Bajrang Dutt,IND,22955,214,0.170041000540317,27,6,265,UP,Bajrang Dutt,IND,,,,,False,6,2009,GE
1811168,Ram Jeet,IND,22955,182,0.144614308870737,28,6,265,UP,Ram Jeet,IND,,,,,False,6,2009,GE
1811169,Rakesh Kumar,IND,22955,178,0.141435972412039,29,6,265,UP,Rakesh Kumar,IND,,,,,False,6,2009,GE
1811170,Munnu Prasad,IND,22955,135,0.107268855481041,30,6,265,UP,Munnu Prasad,IND,,,,,False,6,2009,GE
1811171,Ravi Prakash,IND,22955,107,0.0850205002701585,31,6,265,UP,Ravi Prakash,IND,,,,,False,6,2009,GE
1811271,P. L. Punia,INC,22954,73894,44.4536687782369,1,6,266,UP,P. L. Punia,INC,,,,,False,6,2009,GE
1811272,Kamla Prasad Rawat,BSP,22951,40356,24.2776444259957,2,6,266,UP,Kamla Prasad Rawat,BSP,,,,,False,6,2009,GE
1811273,Ram Sagar,SP,22952,31373,18.8735885265329,3,6,266,UP,Ram Sagar,SP,,,,,False,6,2009,GE
1811274,Ram Naresh Rawat,BJP,22953,9588,5.76801602627731,4,6,266,UP,Ram Naresh Rawat,BJP,,,,,False,6,2009,GE
1811275,Lajjawati Kanchan,IND,22955,2828,1.70128799773803,5,6,266,UP,Lajjawati Kanchan,IND,,,,,False,6,2009,GE
1811276,Mahant Vishram Das,IND,22955,2512,1.51118651001341,6,6,266,UP,Mahant Vishram Das,IND,,,,,False,6,2009,GE
1811277,Gaya Prasad,IND,22955,1269,0.763413885830821,7,6,266,UP,Gaya Prasad,IND,,,,,False,6,2009,GE
1811278,Jeevan,JPS,23265,1233,0.74175675431789,8,6,266,UP,Jeevan,JPS,,,,,False,6,2009,GE
1811279,Prem Chandra Arya,IND,22955,613,0.368772822706299,9,6,266,UP,Prem Chandra Arya,IND,,,,,False,6,2009,GE
1811280,Dependra Kumar Rawat,IND,22955,573,0.344709343247486,10,6,266,UP,Dependra Kumar Rawat,IND,,,,,False,6,2009,GE
1811281,Ram Autar,IND,22955,505,0.303801428167505,11,6,266,UP,Ram Autar,IND,,,,,False,6,2009,GE
1811282,Santram,NBNP,23061,385,0.231610989791068,12,6,266,UP,Santram,NBNP,,,,,False,6,2009,GE
1811283,Babadeen,BRPP,23273,381,0.229204641845187,13,6,266,UP,Babadeen,BRPP,,,,,False,6,2009,GE
1811284,Bhagauti,AD,23110,369,0.221985598007543,14,6,266,UP,Bhagauti,AD,,,,,False,6,2009,GE
1811285,Deshraj,BSRD,23078,348,0.209352271291667,15,6,266,UP,Deshraj,BSRD,,,,,False,6,2009,GE
1811379,P. L. Punia,INC,22954,55283,41.6466405008173,1,6,267,UP,P. L. Punia,INC,,,,,False,6,2009,GE
1811380,Ram Sagar,SP,22952,29581,22.2844142440656,2,6,267,UP,Ram Sagar,SP,,,,,False,6,2009,GE
1811381,Kamla Prasad Rawat,BSP,22951,28251,21.282478172107,3,6,267,UP,Kamla Prasad Rawat,BSP,,,,,False,6,2009,GE
1811382,Ram Naresh Rawat,BJP,22953,9377,7.06402597500433,4,6,267,UP,Ram Naresh Rawat,BJP,,,,,False,6,2009,GE
1811383,Lajjawati Kanchan,IND,22955,3165,2.38430651710448,5,6,267,UP,Lajjawati Kanchan,IND,,,,,False,6,2009,GE
1811384,Mahant Vishram Das,IND,22955,2202,1.65884453417506,6,6,267,UP,Mahant Vishram Das,IND,,,,,False,6,2009,GE
1811385,Gaya Prasad,IND,22955,1219,0.918315843396638,7,6,267,UP,Gaya Prasad,IND,,,,,False,6,2009,GE
1811386,Jeevan,JPS,23265,883,0.665195151533414,8,6,267,UP,Jeevan,JPS,,,,,False,6,2009,GE
1811387,Prem Chandra Arya,IND,22955,558,0.42036114898714,9,6,267,UP,Prem Chandra Arya,IND,,,,,False,6,2009,GE
1811388,Ram Autar,IND,22955,491,0.369887677692985,10,6,267,UP,Ram Autar,IND,,,,,False,6,2009,GE
1811389,Dependra Kumar Rawat,IND,22955,455,0.342767603564783,11,6,267,UP,Dependra Kumar Rawat,IND,,,,,False,6,2009,GE
1811390,Deshraj,BSRD,23078,408,0.307360840119629,12,6,267,UP,Deshraj,BSRD,,,,,False,6,2009,GE
1811391,Santram,NBNP,23061,339,0.255380698040574,13,6,267,UP,Santram,NBNP,,,,,False,6,2009,GE
1811392,Bhagauti,AD,23110,289,0.217713928418071,14,6,267,UP,Bhagauti,AD,,,,,False,6,2009,GE
1811393,Babadeen,BRPP,23273,242,0.182307164972917,15,6,267,UP,Babadeen,BRPP,,,,,False,6,2009,GE
1811482,P. L. Punia,INC,22954,61970,42.6605536165437,1,6,268,UP,P. L. Punia,INC,,,,,False,6,2009,GE
1811483,Ram Sagar,SP,22952,38427,26.4533983189112,2,6,268,UP,Ram Sagar,SP,,,,,False,6,2009,GE
1811484,Kamla Prasad Rawat,BSP,22951,30350,20.8931386519623,3,6,268,UP,Kamla Prasad Rawat,BSP,,,,,False,6,2009,GE
1811485,Ram Naresh Rawat,BJP,22953,7147,4.92004157975534,4,6,268,UP,Ram Naresh Rawat,BJP,,,,,False,6,2009,GE
1811486,Lajjawati Kanchan,IND,22955,2254,1.5516683532627,5,6,268,UP,Lajjawati Kanchan,IND,,,,,False,6,2009,GE
1811487,Mahant Vishram Das,IND,22955,1649,1.13518239331419,6,6,268,UP,Mahant Vishram Das,IND,,,,,False,6,2009,GE
1811488,Jeevan,JPS,23265,817,0.562428147566827,7,6,268,UP,Jeevan,JPS,,,,,False,6,2009,GE
1811489,Gaya Prasad,IND,22955,727,0.500471558483578,8,6,268,UP,Gaya Prasad,IND,,,,,False,6,2009,GE
1811490,Prem Chandra Arya,IND,22955,432,0.297391627599595,9,6,268,UP,Prem Chandra Arya,IND,,,,,False,6,2009,GE
1811491,Dependra Kumar Rawat,IND,22955,349,0.240253884333932,10,6,268,UP,Dependra Kumar Rawat,IND,,,,,False,6,2009,GE
1811492,Ram Autar,IND,22955,303,0.208587183246938,11,6,268,UP,Ram Autar,IND,,,,,False,6,2009,GE
1811493,Deshraj,BSRD,23078,231,0.159021911980339,12,6,268,UP,Deshraj,BSRD,,,,,False,6,2009,GE
1811494,Santram,NBNP,23061,218,0.150072626890536,13,6,268,UP,Santram,NBNP,,,,,False,6,2009,GE
1811495,Bhagauti,AD,23110,207,0.142500154891472,14,6,268,UP,Bhagauti,AD,,,,,False,6,2009,GE
1811496,Babadeen,BRPP,23273,182,0.125289991257236,15,6,268,UP,Babadeen,BRPP,,,,,False,6,2009,GE
1811589,P. L. Punia,INC,22954,75869,45.2088261758203,1,6,269,UP,P. L. Punia,INC,,,,,False,6,2009,GE
1811590,Kamla Prasad Rawat,BSP,22951,38043,22.6690660771426,2,6,269,UP,Kamla Prasad Rawat,BSP,,,,,False,6,2009,GE
1811591,Ram Sagar,SP,22952,34553,20.5894445801726,3,6,269,UP,Ram Sagar,SP,,,,,False,6,2009,GE
1811592,Ram Naresh Rawat,BJP,22953,8288,4.93865414523981,4,6,269,UP,Ram Naresh Rawat,BJP,,,,,False,6,2009,GE
1811593,Lajjawati Kanchan,IND,22955,3682,2.19403047330755,5,6,269,UP,Lajjawati Kanchan,IND,,,,,False,6,2009,GE
1811594,Mahant Vishram Das,IND,22955,2214,1.31927850839297,6,6,269,UP,Mahant Vishram Das,IND,,,,,False,6,2009,GE
1811595,Gaya Prasad,IND,22955,1494,0.890244847126964,7,6,269,UP,Gaya Prasad,IND,,,,,False,6,2009,GE
1811596,Prem Chandra Arya,IND,22955,595,0.354548650629547,8,6,269,UP,Prem Chandra Arya,IND,,,,,False,6,2009,GE
1811597,Jeevan,JPS,23265,565,0.336672248076797,9,6,269,UP,Jeevan,JPS,,,,,False,6,2009,GE
1811598,Santram,NBNP,23061,552,0.328925806970605,10,6,269,UP,Santram,NBNP,,,,,False,6,2009,GE
1811599,Ram Autar,IND,22955,509,0.303302963311663,11,6,269,UP,Ram Autar,IND,,,,,False,6,2009,GE
1811600,Dependra Kumar Rawat,IND,22955,504,0.300323562886204,12,6,269,UP,Dependra Kumar Rawat,IND,,,,,False,6,2009,GE
1811601,Deshraj,BSRD,23078,387,0.230605592930478,13,6,269,UP,Deshraj,BSRD,,,,,False,6,2009,GE
1811602,Bhagauti,AD,23110,284,0.169229944166036,14,6,269,UP,Bhagauti,AD,,,,,False,6,2009,GE
1811603,Babadeen,BRPP,23273,280,0.166846423825669,15,6,269,UP,Babadeen,BRPP,,,,,False,6,2009,GE
1811684,Nirmal Khatri,INC,22954,45951,31.0897761178882,1,6,270,UP,Nirmal Khatri,INC,,,,,False,6,2009,GE
1811685,Mitrasen Yadav,SP,22952,37578,25.4247264903485,2,6,270,UP,Mitrasen Yadav,SP,,,,,False,6,2009,GE
1811686,Bimlendra Mohan Pratap Misra Pappu Bhaiya,BSP,22951,28098,19.0106968153124,3,6,270,UP,Bimlendra Mohan Pratap Misra Pappu Bhaiya,BSP,,,,,False,6,2009,GE
1811687,Lallu Singh,BJP,22953,20483,13.8584989276121,4,6,270,UP,Lallu Singh,BJP,,,,,False,6,2009,GE
1811688,Ataurr Rahman Ansari,IND,22955,3304,2.23543819053998,5,6,270,UP,Ataurr Rahman Ansari,IND,,,,,False,6,2009,GE
1811689,Gulam Sabir,NBNP,23061,2736,1.85113767836482,6,6,270,UP,Gulam Sabir,NBNP,,,,,False,6,2009,GE
1811690,Amarnath Verma,IND,22955,1199,0.81122590510213,7,6,270,UP,Amarnath Verma,IND,,,,,False,6,2009,GE
1811691,Sushil Kumar,BLKD,23549,1074,0.726652729007246,8,6,270,UP,Sushil Kumar,BLKD,,,,,False,6,2009,GE
1811692,Siyaram Kori,IND,22955,784,0.530442960467114,9,6,270,UP,Siyaram Kori,IND,,,,,False,6,2009,GE
1811693,Dina Nath Pandey,IND,22955,722,0.488494665124051,10,6,270,UP,Dina Nath Pandey,IND,,,,,False,6,2009,GE
1811694,Ramesh Kumar Rawat,MADP,23222,713,0.48240539644522,11,6,270,UP,Ramesh Kumar Rawat,MADP,,,,,False,6,2009,GE
1811695,Nusrat Quddusi Alias Babloo,PECP,22956,621,0.420159538839385,12,6,270,UP,Nusrat Quddusi Alias Babloo,PECP,,,,,False,6,2009,GE
1811696,Saiyyad Musheer Ahmed,AP,23179,596,0.403244903620408,13,6,270,UP,Saiyyad Musheer Ahmed,AP,,,,,False,6,2009,GE
1811697,Manish Kumar Pandey,ABHM,22976,591,0.399861976576613,14,6,270,UP,Manish Kumar Pandey,ABHM,,,,,False,6,2009,GE
1811698,Ajay Kumar,KKJHS,23043,582,0.393772707897781,15,6,270,UP,Ajay Kumar,KKJHS,,,,,False,6,2009,GE
1811699,Nasreen Bano,IND,22955,566,0.382947341357636,16,6,270,UP,Nasreen Bano,IND,,,,,False,6,2009,GE
1811700,Balak Ram Alias Shiv Balak Pasi,IND,22955,416,0.281459530043775,17,6,270,UP,Balak Ram Alias Shiv Balak Pasi,IND,,,,,False,6,2009,GE
1811701,Chandrashekhar Singh,BPD,23162,415,0.280782944635016,18,6,270,UP,Chandrashekhar Singh,BPD,,,,,False,6,2009,GE
1811702,Girish Chandra Verma,AD,23110,378,0.25574928451093,19,6,270,UP,Girish Chandra Verma,AD,,,,,False,6,2009,GE
1811703,Atul Kumar Pandey,THPI,23550,274,0.185384401999986,20,6,270,UP,Atul Kumar Pandey,THPI,,,,,False,6,2009,GE
1811704,Swami Nath,IND,22955,267,0.180648304138672,21,6,270,UP,Swami Nath,IND,,,,,False,6,2009,GE
1811705,Amar Nath Jaiswal,RTKP,23187,263,0.177941962503636,22,6,270,UP,Amar Nath Jaiswal,RTKP,,,,,False,6,2009,GE
1811706,Ram Dhiraj,IND,22955,190,0.128551227664224,23,6,270,UP,Ram Dhiraj,IND,,,,,False,6,2009,GE
1811785,Nirmal Khatri,INC,22954,45556,34.42657638595,1,6,271,UP,Nirmal Khatri,INC,,,,,False,6,2009,GE
1811786,Mitrasen Yadav,SP,22952,27525,20.800586421619,2,6,271,UP,Mitrasen Yadav,SP,,,,,False,6,2009,GE
1811787,Bimlendra Mohan Pratap Misra Pappu Bhaiya,BSP,22951,24176,18.2697539447433,3,6,271,UP,Bimlendra Mohan Pratap Misra Pappu Bhaiya,BSP,,,,,False,6,2009,GE
1811788,Lallu Singh,BJP,22953,18876,14.2645547427604,4,6,271,UP,Lallu Singh,BJP,,,,,False,6,2009,GE
1811789,Gulam Sabir,NBNP,23061,3736,2.82328758841666,5,6,271,UP,Gulam Sabir,NBNP,,,,,False,6,2009,GE
1811790,Ataurr Rahman Ansari,IND,22955,2995,2.26331539810168,6,6,271,UP,Ataurr Rahman Ansari,IND,,,,,False,6,2009,GE
1811791,Amarnath Verma,IND,22955,1116,0.843358926304334,7,6,271,UP,Amarnath Verma,IND,,,,,False,6,2009,GE
1811793,Nusrat Quddusi Alias Babloo,PECP,22956,970,0.733027023759143,8,6,271,UP,Nusrat Quddusi Alias Babloo,PECP,,,,,False,6,2009,GE
1811792,Sushil Kumar,BLKD,23549,970,0.733027023759143,8,6,271,UP,Sushil Kumar,BLKD,,,,,False,6,2009,GE
1811794,Ramesh Kumar Rawat,MADP,23222,812,0.613626745662293,10,6,271,UP,Ramesh Kumar Rawat,MADP,,,,,False,6,2009,GE
1811795,Siyaram Kori,IND,22955,690,0.521431594220421,11,6,271,UP,Siyaram Kori,IND,,,,,False,6,2009,GE
1811796,Dina Nath Pandey,IND,22955,629,0.475334018499486,12,6,271,UP,Dina Nath Pandey,IND,,,,,False,6,2009,GE
1811797,Ajay Kumar,KKJHS,23043,577,0.436037724442294,13,6,271,UP,Ajay Kumar,KKJHS,,,,,False,6,2009,GE
1811798,Saiyyad Musheer Ahmed,AP,23179,558,0.421679463152167,14,6,271,UP,Saiyyad Musheer Ahmed,AP,,,,,False,6,2009,GE
1811799,Manish Kumar Pandey,ABHM,22976,528,0.399008524273018,15,6,271,UP,Manish Kumar Pandey,ABHM,,,,,False,6,2009,GE
1811800,Nasreen Bano,IND,22955,496,0.374826189468593,16,6,271,UP,Nasreen Bano,IND,,,,,False,6,2009,GE
1811801,Girish Chandra Verma,AD,23110,455,0.343842573000423,17,6,271,UP,Girish Chandra Verma,AD,,,,,False,6,2009,GE
1811802,Chandrashekhar Singh,BPD,23162,422,0.318904540233359,18,6,271,UP,Chandrashekhar Singh,BPD,,,,,False,6,2009,GE
1811803,Balak Ram Alias Shiv Balak Pasi,IND,22955,348,0.262982890998125,19,6,271,UP,Balak Ram Alias Shiv Balak Pasi,IND,,,,,False,6,2009,GE
1811804,Atul Kumar Pandey,THPI,23550,273,0.206305543800253,20,6,271,UP,Atul Kumar Pandey,THPI,,,,,False,6,2009,GE
1811805,Amar Nath Jaiswal,RTKP,23187,237,0.179100417145275,21,6,271,UP,Amar Nath Jaiswal,RTKP,,,,,False,6,2009,GE
1811806,Swami Nath,IND,22955,214,0.161719364004594,22,6,271,UP,Swami Nath,IND,,,,,False,6,2009,GE
1811807,Ram Dhiraj,IND,22955,169,0.127712955685871,23,6,271,UP,Ram Dhiraj,IND,,,,,False,6,2009,GE
1811886,P. L. Punia,INC,22954,61395,46.7365488261624,1,6,272,UP,P. L. Punia,INC,,,,,False,6,2009,GE
1811887,Ram Sagar,SP,22952,26571,20.227002831826,2,6,272,UP,Ram Sagar,SP,,,,,False,6,2009,GE
1811888,Kamla Prasad Rawat,BSP,22951,22836,17.3837581072439,3,6,272,UP,Kamla Prasad Rawat,BSP,,,,,False,6,2009,GE
1811889,Ram Naresh Rawat,BJP,22953,13256,10.091044730672,4,6,272,UP,Ram Naresh Rawat,BJP,,,,,False,6,2009,GE
1811890,Mahant Vishram Das,IND,22955,2090,1.59099905605797,5,6,272,UP,Mahant Vishram Das,IND,,,,,False,6,2009,GE
1811891,Gaya Prasad,IND,22955,1083,0.824426783593678,6,6,272,UP,Gaya Prasad,IND,,,,,False,6,2009,GE
1811892,Lajjawati Kanchan,IND,22955,1021,0.777229682409183,7,6,272,UP,Lajjawati Kanchan,IND,,,,,False,6,2009,GE
1811893,Jeevan,JPS,23265,538,0.409549039310617,8,6,272,UP,Jeevan,JPS,,,,,False,6,2009,GE
1811894,Ram Autar,IND,22955,512,0.389756706555829,9,6,272,UP,Ram Autar,IND,,,,,False,6,2009,GE
1811895,Dependra Kumar Rawat,IND,22955,472,0.359306963856155,10,6,272,UP,Dependra Kumar Rawat,IND,,,,,False,6,2009,GE
1811896,Prem Chandra Arya,IND,22955,452,0.344082092506318,11,6,272,UP,Prem Chandra Arya,IND,,,,,False,6,2009,GE
1811897,Babadeen,BRPP,23273,326,0.248165403002344,12,6,272,UP,Babadeen,BRPP,,,,,False,6,2009,GE
1811898,Santram,NBNP,23061,318,0.242075454462409,13,6,272,UP,Santram,NBNP,,,,,False,6,2009,GE
1811899,Bhagauti,AD,23110,273,0.207819493925276,14,6,272,UP,Bhagauti,AD,,,,,False,6,2009,GE
1811900,Deshraj,BSRD,23078,221,0.168234828415699,15,6,272,UP,Deshraj,BSRD,,,,,False,6,2009,GE
1811966,Nirmal Khatri,INC,22954,43526,28.8521069342896,1,6,273,UP,Nirmal Khatri,INC,,,,,False,6,2009,GE
1811967,Mitrasen Yadav,SP,22952,38264,25.3640816921761,2,6,273,UP,Mitrasen Yadav,SP,,,,,False,6,2009,GE
1811968,Bimlendra Mohan Pratap Misra Pappu Bhaiya,BSP,22951,28180,18.6796942840665,3,6,273,UP,Bimlendra Mohan Pratap Misra Pappu Bhaiya,BSP,,,,,False,6,2009,GE
1811969,Lallu Singh,BJP,22953,25349,16.8031075375019,4,6,273,UP,Lallu Singh,BJP,,,,,False,6,2009,GE
1811970,Ataurr Rahman Ansari,IND,22955,2857,1.8938213828807,5,6,273,UP,Ataurr Rahman Ansari,IND,,,,,False,6,2009,GE
1811971,Nusrat Quddusi Alias Babloo,PECP,22956,2286,1.51532225455557,6,6,273,UP,Nusrat Quddusi Alias Babloo,PECP,,,,,False,6,2009,GE
1811972,Amarnath Verma,IND,22955,1386,0.918738689769917,7,6,273,UP,Amarnath Verma,IND,,,,,False,6,2009,GE
1811973,Sushil Kumar,BLKD,23549,1248,0.827262543169449,8,6,273,UP,Sushil Kumar,BLKD,,,,,False,6,2009,GE
1811974,Ramesh Kumar Rawat,MADP,23222,881,0.583989022862407,9,6,273,UP,Ramesh Kumar Rawat,MADP,,,,,False,6,2009,GE
1811975,Dina Nath Pandey,IND,22955,793,0.525656407638921,10,6,273,UP,Dina Nath Pandey,IND,,,,,False,6,2009,GE
1811976,Saiyyad Musheer Ahmed,AP,23179,762,0.505107418185192,11,6,273,UP,Saiyyad Musheer Ahmed,AP,,,,,False,6,2009,GE
1811977,Siyaram Kori,IND,22955,681,0.451414897354483,12,6,273,UP,Siyaram Kori,IND,,,,,False,6,2009,GE
1811978,Nasreen Bano,IND,22955,676,0.448100544216785,13,6,273,UP,Nasreen Bano,IND,,,,,False,6,2009,GE
1811979,Manish Kumar Pandey,ABHM,22976,647,0.428877296018136,14,6,273,UP,Manish Kumar Pandey,ABHM,,,,,False,6,2009,GE
1811980,Ajay Kumar,KKJHS,23043,596,0.395070894013615,15,6,273,UP,Ajay Kumar,KKJHS,,,,,False,6,2009,GE
1811981,Balak Ram Alias Shiv Balak Pasi,IND,22955,464,0.307571971178385,16,6,273,UP,Balak Ram Alias Shiv Balak Pasi,IND,,,,,False,6,2009,GE
1811982,Gulam Sabir,NBNP,23061,405,0.268462604153547,17,6,273,UP,Gulam Sabir,NBNP,,,,,False,6,2009,GE
1811983,Girish Chandra Verma,AD,23110,388,0.257193803485373,18,6,273,UP,Girish Chandra Verma,AD,,,,,False,6,2009,GE
1811984,Chandrashekhar Singh,BPD,23162,386,0.255868062230294,19,6,273,UP,Chandrashekhar Singh,BPD,,,,,False,6,2009,GE
1811985,Atul Kumar Pandey,THPI,23550,302,0.200186929516966,20,6,273,UP,Atul Kumar Pandey,THPI,,,,,False,6,2009,GE
1811986,Ram Dhiraj,IND,22955,269,0.178312198808158,21,6,273,UP,Ram Dhiraj,IND,,,,,False,6,2009,GE
1811987,Swami Nath,IND,22955,260,0.172346363160302,22,6,273,UP,Swami Nath,IND,,,,,False,6,2009,GE
1811988,Amar Nath Jaiswal,RTKP,23187,253,0.167706268767524,23,6,273,UP,Amar Nath Jaiswal,RTKP,,,,,False,6,2009,GE
1812060,Nirmal Khatri,INC,22954,44302,27.6984444555594,1,6,274,UP,Nirmal Khatri,INC,,,,,False,6,2009,GE
1812061,Lallu Singh,BJP,22953,34340,21.4700145050767,2,6,274,UP,Lallu Singh,BJP,,,,,False,6,2009,GE
1812062,Mitrasen Yadav,SP,22952,32312,20.2020707247536,3,6,274,UP,Mitrasen Yadav,SP,,,,,False,6,2009,GE
1812063,Bimlendra Mohan Pratap Misra Pappu Bhaiya,BSP,22951,27577,17.2416595808532,4,6,274,UP,Bimlendra Mohan Pratap Misra Pappu Bhaiya,BSP,,,,,False,6,2009,GE
1812064,Nusrat Quddusi Alias Babloo,PECP,22956,7784,4.86670334617115,5,6,274,UP,Nusrat Quddusi Alias Babloo,PECP,,,,,False,6,2009,GE
1812065,Ataurr Rahman Ansari,IND,22955,2661,1.66370729755414,6,6,274,UP,Ataurr Rahman Ansari,IND,,,,,False,6,2009,GE
1812066,Amarnath Verma,IND,22955,1212,0.757765217826239,7,6,274,UP,Amarnath Verma,IND,,,,,False,6,2009,GE
1812067,Girish Chandra Verma,AD,23110,1164,0.727754714149952,8,6,274,UP,Girish Chandra Verma,AD,,,,,False,6,2009,GE
1812068,Sushil Kumar,BLKD,23549,1032,0.645225829040164,9,6,274,UP,Sushil Kumar,BLKD,,,,,False,6,2009,GE
1812069,Ramesh Kumar Rawat,MADP,23222,937,0.585830040514179,10,6,274,UP,Ramesh Kumar Rawat,MADP,,,,,False,6,2009,GE
1812070,Siyaram Kori,IND,22955,769,0.480793277647176,11,6,274,UP,Siyaram Kori,IND,,,,,False,6,2009,GE
1812071,Dina Nath Pandey,IND,22955,709,0.443280148051818,12,6,274,UP,Dina Nath Pandey,IND,,,,,False,6,2009,GE
1812072,Manish Kumar Pandey,ABHM,22976,679,0.424523583254138,13,6,274,UP,Manish Kumar Pandey,ABHM,,,,,False,6,2009,GE
1812073,Saiyyad Musheer Ahmed,AP,23179,662,0.41389486320212,14,6,274,UP,Saiyyad Musheer Ahmed,AP,,,,,False,6,2009,GE
1812074,Ajay Kumar,KKJHS,23043,654,0.408893112589406,15,6,274,UP,Ajay Kumar,KKJHS,,,,,False,6,2009,GE
1812075,Nasreen Bano,IND,22955,540,0.337618166358225,16,6,274,UP,Nasreen Bano,IND,,,,,False,6,2009,GE
1812076,Balak Ram Alias Shiv Balak Pasi,IND,22955,520,0.325113789826439,17,6,274,UP,Balak Ram Alias Shiv Balak Pasi,IND,,,,,False,6,2009,GE
1812077,Chandrashekhar Singh,BPD,23162,481,0.300730255589456,18,6,274,UP,Chandrashekhar Singh,BPD,,,,,False,6,2009,GE
1812078,Atul Kumar Pandey,THPI,23550,394,0.246336217676186,19,6,274,UP,Atul Kumar Pandey,THPI,,,,,False,6,2009,GE
1812079,Gulam Sabir,NBNP,23061,384,0.240084029410293,20,6,274,UP,Gulam Sabir,NBNP,,,,,False,6,2009,GE
1812080,Amar Nath Jaiswal,RTKP,23187,320,0.200070024508578,21,6,274,UP,Amar Nath Jaiswal,RTKP,,,,,False,6,2009,GE
1812081,Swami Nath,IND,22955,280,0.175061271445005,22,6,274,UP,Swami Nath,IND,,,,,False,6,2009,GE
1812082,Ram Dhiraj,IND,22955,231,0.144425548942129,23,6,274,UP,Ram Dhiraj,IND,,,,,False,6,2009,GE
1812169,Lallu Singh,BJP,22953,52464,33.1760867090768,1,6,275,UP,Lallu Singh,BJP,,,,,False,6,2009,GE
1812170,Nirmal Khatri,INC,22954,32190,20.3556387459054,2,6,275,UP,Nirmal Khatri,INC,,,,,False,6,2009,GE
1812171,Bimlendra Mohan Pratap Misra Pappu Bhaiya,BSP,22951,27663,17.4929491962716,3,6,275,UP,Bimlendra Mohan Pratap Misra Pappu Bhaiya,BSP,,,,,False,6,2009,GE
1812172,Mitrasen Yadav,SP,22952,21617,13.6697062059719,4,6,275,UP,Mitrasen Yadav,SP,,,,,False,6,2009,GE
1812173,Nusrat Quddusi Alias Babloo,PECP,22956,13232,8.36737533040761,5,6,275,UP,Nusrat Quddusi Alias Babloo,PECP,,,,,False,6,2009,GE
1812174,Ataurr Rahman Ansari,IND,22955,1831,1.15784947324488,6,6,275,UP,Ataurr Rahman Ansari,IND,,,,,False,6,2009,GE
1812175,Girish Chandra Verma,AD,23110,1452,0.918185382387534,7,6,275,UP,Girish Chandra Verma,AD,,,,,False,6,2009,GE
1812176,Sushil Kumar,BLKD,23549,873,0.552049475774323,8,6,275,UP,Sushil Kumar,BLKD,,,,,False,6,2009,GE
1812177,Ramesh Kumar Rawat,MADP,23222,806,0.50968141749611,9,6,275,UP,Ramesh Kumar Rawat,MADP,,,,,False,6,2009,GE
1812178,Amarnath Verma,IND,22955,731,0.462254486587663,10,6,275,UP,Amarnath Verma,IND,,,,,False,6,2009,GE
1812179,Ajay Kumar,KKJHS,23043,640,0.404709810418748,11,6,275,UP,Ajay Kumar,KKJHS,,,,,False,6,2009,GE
1812180,Saiyyad Musheer Ahmed,AP,23179,631,0.399018578709734,12,6,275,UP,Saiyyad Musheer Ahmed,AP,,,,,False,6,2009,GE
1812181,Siyaram Kori,IND,22955,554,0.350326929643728,13,6,275,UP,Siyaram Kori,IND,,,,,False,6,2009,GE
1812182,Manish Kumar Pandey,ABHM,22976,550,0.347797493328611,14,6,275,UP,Manish Kumar Pandey,ABHM,,,,,False,6,2009,GE
1812183,Dina Nath Pandey,IND,22955,549,0.347165134249832,15,6,275,UP,Dina Nath Pandey,IND,,,,,False,6,2009,GE
1812184,Balak Ram Alias Shiv Balak Pasi,IND,22955,458,0.289620458080916,16,6,275,UP,Balak Ram Alias Shiv Balak Pasi,IND,,,,,False,6,2009,GE
1812185,Chandrashekhar Singh,BPD,23162,373,0.235869936384676,17,6,275,UP,Chandrashekhar Singh,BPD,,,,,False,6,2009,GE
1812186,Nasreen Bano,IND,22955,368,0.23270814099078,18,6,275,UP,Nasreen Bano,IND,,,,,False,6,2009,GE
1812187,Atul Kumar Pandey,THPI,23550,310,0.196031314421581,19,6,275,UP,Atul Kumar Pandey,THPI,,,,,False,6,2009,GE
1812188,Gulam Sabir,NBNP,23061,261,0.165045719561395,20,6,275,UP,Gulam Sabir,NBNP,,,,,False,6,2009,GE
1812189,Amar Nath Jaiswal,RTKP,23187,222,0.140383715489003,21,6,275,UP,Amar Nath Jaiswal,RTKP,,,,,False,6,2009,GE
1812190,Swami Nath,IND,22955,193,0.122045302204403,22,6,275,UP,Swami Nath,IND,,,,,False,6,2009,GE
1812191,Ram Dhiraj,IND,22955,170,0.107501043392479,23,6,275,UP,Ram Dhiraj,IND,,,,,False,6,2009,GE
1812284,Shankhlal Majhi,SP,22952,53806,33.0934632322188,1,6,276,UP,Shankhlal Majhi,SP,,,,,False,6,2009,GE
1812285,Vinay Katiyar,BJP,22953,47751,29.3693261495313,2,6,276,UP,Vinay Katiyar,BJP,,,,,False,6,2009,GE
1812286,Rakesh Pandey,BSP,22951,44765,27.5327822471523,3,6,276,UP,Rakesh Pandey,BSP,,,,,False,6,2009,GE
1812287,Deo Prasad Mishra,IND,22955,2305,1.41769380274066,4,6,276,UP,Deo Prasad Mishra,IND,,,,,False,6,2009,GE
1812288,Dinesh Kumar Rajbhar,SBSP,23361,1743,1.0720348365193,5,6,276,UP,Dinesh Kumar Rajbhar,SBSP,,,,,False,6,2009,GE
1812289,Nabab Ali,IND,22955,1702,1.04681772332521,6,6,276,UP,Nabab Ali,IND,,,,,False,6,2009,GE
1812290,Chandra Bhushan,IND,22955,1130,0.695008241690653,7,6,276,UP,Chandra Bhushan,IND,,,,,False,6,2009,GE
1812291,Lalman,JPS,23265,1094,0.672866386203163,8,6,276,UP,Lalman,JPS,,,,,False,6,2009,GE
1812292,Kailash Kumar Shukla,IND,22955,1092,0.671636283120525,9,6,276,UP,Kailash Kumar Shukla,IND,,,,,False,6,2009,GE
1812293,Gayadeen,IND,22955,891,0.548010923315373,10,6,276,UP,Gayadeen,IND,,,,,False,6,2009,GE
1812294,Patanjali Jaitali,IND,22955,807,0.496346593844564,11,6,276,UP,Patanjali Jaitali,IND,,,,,False,6,2009,GE
1812295,Parashu Ram,IND,22955,756,0.464978965237286,12,6,276,UP,Parashu Ram,IND,,,,,False,6,2009,GE
1812296,Sriram Ambesh,IND,22955,725,0.445912367456392,13,6,276,UP,Sriram Ambesh,IND,,,,,False,6,2009,GE
1812297,Santosh Kumar,ABHM,22976,652,0.401013604940093,14,6,276,UP,Santosh Kumar,ABHM,,,,,False,6,2009,GE
1812298,Balmukund Dhuriya,CPI(ML)(L),23197,614,0.377641646369965,15,6,276,UP,Balmukund Dhuriya,CPI(ML)(L),,,,,False,6,2009,GE
1812299,Basant Lal,PECP,22956,479,0.294609688291878,16,6,276,UP,Basant Lal,PECP,,,,,False,6,2009,GE
1812300,Iftekhar Ahmad,IND,22955,444,0.273082884345708,17,6,276,UP,Iftekhar Ahmad,IND,,,,,False,6,2009,GE
1812301,Mansharam,MADP,23222,427,0.262627008143282,18,6,276,UP,Mansharam,MADP,,,,,False,6,2009,GE
1812302,Bharthari,BRPP,23273,383,0.235564740325239,19,6,276,UP,Bharthari,BRPP,,,,,False,6,2009,GE
1812303,Vijay Kumar Maurya,RASD,23418,366,0.225108864122813,20,6,276,UP,Vijay Kumar Maurya,RASD,,,,,False,6,2009,GE
1812304,Dr. Lal Bahadur,IND,22955,331,0.203582060176642,21,6,276,UP,Dr. Lal Bahadur,IND,,,,,False,6,2009,GE
1812305,Ram Sukh Sahoo,IND,22955,325,0.199891750928727,22,6,276,UP,Ram Sukh Sahoo,IND,,,,,False,6,2009,GE
1812375,Rakesh Pandey,BSP,22951,58581,34.0527814916003,1,6,277,UP,Rakesh Pandey,BSP,,,,,False,6,2009,GE
1812376,Vinay Katiyar,BJP,22953,53928,31.3480206940649,2,6,277,UP,Vinay Katiyar,BJP,,,,,False,6,2009,GE
1812377,Shankhlal Majhi,SP,22952,42697,24.8195082253095,3,6,277,UP,Shankhlal Majhi,SP,,,,,False,6,2009,GE
1812378,Dinesh Kumar Rajbhar,SBSP,23361,3370,1.95896064639888,4,6,277,UP,Dinesh Kumar Rajbhar,SBSP,,,,,False,6,2009,GE
1812379,Deo Prasad Mishra,IND,22955,2262,1.31488693832471,5,6,277,UP,Deo Prasad Mishra,IND,,,,,False,6,2009,GE
1812380,Nabab Ali,IND,22955,1814,1.05446724408533,6,6,277,UP,Nabab Ali,IND,,,,,False,6,2009,GE
1812381,Chandra Bhushan,IND,22955,1300,0.755682148462477,7,6,277,UP,Chandra Bhushan,IND,,,,,False,6,2009,GE
1812382,Parashu Ram,IND,22955,888,0.516189036795907,8,6,277,UP,Parashu Ram,IND,,,,,False,6,2009,GE
1812383,Gayadeen,IND,22955,805,0.46794163808638,9,6,277,UP,Gayadeen,IND,,,,,False,6,2009,GE
1812384,Sriram Ambesh,IND,22955,668,0.388304365517642,10,6,277,UP,Sriram Ambesh,IND,,,,,False,6,2009,GE
1812385,Patanjali Jaitali,IND,22955,655,0.380747544033017,11,6,277,UP,Patanjali Jaitali,IND,,,,,False,6,2009,GE
1812386,Balmukund Dhuriya,CPI(ML)(L),23197,596,0.346451200372028,12,6,277,UP,Balmukund Dhuriya,CPI(ML)(L),,,,,False,6,2009,GE
1812387,Lalman,JPS,23265,595,0.345869906411672,13,6,277,UP,Lalman,JPS,,,,,False,6,2009,GE
1812388,Santosh Kumar,ABHM,22976,573,0.333081439283845,14,6,277,UP,Santosh Kumar,ABHM,,,,,False,6,2009,GE
1812389,Iftekhar Ahmad,IND,22955,571,0.331918851363134,15,6,277,UP,Iftekhar Ahmad,IND,,,,,False,6,2009,GE
1812390,Kailash Kumar Shukla,IND,22955,540,0.313898738592106,16,6,277,UP,Kailash Kumar Shukla,IND,,,,,False,6,2009,GE
1812391,Basant Lal,PECP,22956,509,0.295878625821077,17,6,277,UP,Basant Lal,PECP,,,,,False,6,2009,GE
1812392,Dr. Lal Bahadur,IND,22955,384,0.223216880776608,18,6,277,UP,Dr. Lal Bahadur,IND,,,,,False,6,2009,GE
1812393,Ram Sukh Sahoo,IND,22955,380,0.220891704935185,19,6,277,UP,Ram Sukh Sahoo,IND,,,,,False,6,2009,GE
1812394,Bharthari,BRPP,23273,337,0.195896064639888,20,6,277,UP,Bharthari,BRPP,,,,,False,6,2009,GE
1812395,Vijay Kumar Maurya,RASD,23418,332,0.192989594838109,21,6,277,UP,Vijay Kumar Maurya,RASD,,,,,False,6,2009,GE
1812396,Mansharam,MADP,23222,245,0.142417020287159,22,6,277,UP,Mansharam,MADP,,,,,False,6,2009,GE
1812467,Shankhlal Majhi,SP,22952,49227,32.758379748857,1,6,278,UP,Shankhlal Majhi,SP,,,,,False,6,2009,GE
1812468,Rakesh Pandey,BSP,22951,43446,28.9113812860593,2,6,278,UP,Rakesh Pandey,BSP,,,,,False,6,2009,GE
1812469,Vinay Katiyar,BJP,22953,40427,26.9023710180804,3,6,278,UP,Vinay Katiyar,BJP,,,,,False,6,2009,GE
1812470,Dinesh Kumar Rajbhar,SBSP,23361,4405,2.93133164307626,4,6,278,UP,Dinesh Kumar Rajbhar,SBSP,,,,,False,6,2009,GE
1812471,Iftekhar Ahmad,IND,22955,2610,1.73683895310534,5,6,278,UP,Iftekhar Ahmad,IND,,,,,False,6,2009,GE
1812472,Nabab Ali,IND,22955,1474,0.980881462405089,6,6,278,UP,Nabab Ali,IND,,,,,False,6,2009,GE
1812473,Deo Prasad Mishra,IND,22955,1433,0.95359778536397,7,6,278,UP,Deo Prasad Mishra,IND,,,,,False,6,2009,GE
1812474,Lalman,JPS,23265,996,0.662793715437903,8,6,278,UP,Lalman,JPS,,,,,False,6,2009,GE
1812475,Basant Lal,PECP,22956,863,0.574288128938664,9,6,278,UP,Basant Lal,PECP,,,,,False,6,2009,GE
1812476,Chandra Bhushan,IND,22955,844,0.561644473724488,10,6,278,UP,Chandra Bhushan,IND,,,,,False,6,2009,GE
1812477,Gayadeen,IND,22955,609,0.405262422391247,11,6,278,UP,Gayadeen,IND,,,,,False,6,2009,GE
1812478,Parashu Ram,IND,22955,607,0.403931511316071,12,6,278,UP,Parashu Ram,IND,,,,,False,6,2009,GE
1812479,Santosh Kumar,ABHM,22976,428,0.284814970087773,13,6,278,UP,Santosh Kumar,ABHM,,,,,False,6,2009,GE
1812480,Patanjali Jaitali,IND,22955,407,0.27084040379842,14,6,278,UP,Patanjali Jaitali,IND,,,,,False,6,2009,GE
1812481,Balmukund Dhuriya,CPI(ML)(L),23197,373,0.248214915520419,15,6,278,UP,Balmukund Dhuriya,CPI(ML)(L),,,,,False,6,2009,GE
1812482,Mansharam,MADP,23222,371,0.246884004445242,16,6,278,UP,Mansharam,MADP,,,,,False,6,2009,GE
1812483,Sriram Ambesh,IND,22955,346,0.230247616005536,17,6,278,UP,Sriram Ambesh,IND,,,,,False,6,2009,GE
1812484,Kailash Kumar Shukla,IND,22955,338,0.22492397170483,18,6,278,UP,Kailash Kumar Shukla,IND,,,,,False,6,2009,GE
1812485,Dr. Lal Bahadur,IND,22955,304,0.202298483426829,19,6,278,UP,Dr. Lal Bahadur,IND,,,,,False,6,2009,GE
1812486,Vijay Kumar Maurya,RASD,23418,288,0.191651194825417,20,6,278,UP,Vijay Kumar Maurya,RASD,,,,,False,6,2009,GE
1812487,Bharthari,BRPP,23273,249,0.165698428859475,21,6,278,UP,Bharthari,BRPP,,,,,False,6,2009,GE
1812488,Ram Sukh Sahoo,IND,22955,228,0.151723862570122,22,6,278,UP,Ram Sukh Sahoo,IND,,,,,False,6,2009,GE
1812566,Bhism Shankar Alias Kushal Tiwari,BSP,22951,40589,27.775952918634,1,6,279,UP,Bhism Shankar Alias Kushal Tiwari,BSP,,,,,False,6,2009,GE
1812567,Sharad Tripathi,BJP,22953,35728,24.4494628070895,2,6,279,UP,Sharad Tripathi,BJP,,,,,False,6,2009,GE
1812568,Bhal Chandra Yadav,SP,22952,34908,23.8883186204064,3,6,279,UP,Bhal Chandra Yadav,SP,,,,,False,6,2009,GE
1812569,Rajesh Singh,PECP,22956,12028,8.2310271675905,4,6,279,UP,Rajesh Singh,PECP,,,,,False,6,2009,GE
1812570,Fazley Mahamood,INC,22954,5796,3.96633134879901,5,6,279,UP,Fazley Mahamood,INC,,,,,False,6,2009,GE
1812571,Kamla Kant Chaudhary,CPI,22973,2187,1.49661260521453,6,6,279,UP,Kamla Kant Chaudhary,CPI,,,,,False,6,2009,GE
1812572,Jantri Lal,JPS,23265,1879,1.28584137411893,7,6,279,UP,Jantri Lal,JPS,,,,,False,6,2009,GE
1812573,Joogesh Yadav,IND,22955,1793,1.22698966673509,8,6,279,UP,Joogesh Yadav,IND,,,,,False,6,2009,GE
1812574,Indra Kumar,BUM,23560,1291,0.883459932936426,9,6,279,UP,Indra Kumar,BUM,,,,,False,6,2009,GE
1812575,Anju,IND,22955,1137,0.778074317388626,10,6,279,UP,Anju,IND,,,,,False,6,2009,GE
1812576,Harish Chandra,IND,22955,1021,0.698692944638335,11,6,279,UP,Harish Chandra,IND,,,,,False,6,2009,GE
1812577,Kheladi,BRPP,23273,969,0.663108191336481,12,6,279,UP,Kheladi,BRPP,,,,,False,6,2009,GE
1812578,Lotan Urf Lautan Prasad,SSD,23067,868,0.593991651269417,13,6,279,UP,Lotan Urf Lautan Prasad,SSD,,,,,False,6,2009,GE
1812579,Ram Avadh Nishad,SBSP,23361,819,0.560459864504208,14,6,279,UP,Ram Avadh Nishad,SBSP,,,,,False,6,2009,GE
1812580,Shri Baba Ram Chandra,IND,22955,640,0.437966194484363,15,6,279,UP,Shri Baba Ram Chandra,IND,,,,,False,6,2009,GE
1812581,Ramesh,IND,22955,623,0.426332717443372,16,6,279,UP,Ramesh,IND,,,,,False,6,2009,GE
1812582,Ram Achal,MADP,23222,616,0.421542462191199,17,6,279,UP,Ram Achal,MADP,,,,,False,6,2009,GE
1812583,Krishna Nand Mishra,AIMF,23046,526,0.359953466091836,18,6,279,UP,Krishna Nand Mishra,AIMF,,,,,False,6,2009,GE
1812584,Sushila Jigyasu,IND,22955,505,0.345582700335317,19,6,279,UP,Sushila Jigyasu,IND,,,,,False,6,2009,GE
1812585,Vinod Rai,NLHP,23028,495,0.338739478546499,20,6,279,UP,Vinod Rai,NLHP,,,,,False,6,2009,GE
1812586,Vinay Pandey,IND,22955,475,0.325053034968863,21,6,279,UP,Vinay Pandey,IND,,,,,False,6,2009,GE
1812587,Phooldeo,IND,22955,429,0.293574214740299,22,6,279,UP,Phooldeo,IND,,,,,False,6,2009,GE
1812588,Nityanand Mani Tripathi,IND,22955,406,0.277834804626017,23,6,279,UP,Nityanand Mani Tripathi,IND,,,,,False,6,2009,GE
1812589,Panchoo Beldar,ASP,22961,402,0.27509751591049,24,6,279,UP,Panchoo Beldar,ASP,,,,,False,6,2009,GE
1812676,Rakesh Pandey,BSP,22951,66050,36.6520909171623,1,6,280,UP,Rakesh Pandey,BSP,,,,,False,6,2009,GE
1812677,Shankhlal Majhi,SP,22952,50347,27.9382713309065,2,6,280,UP,Shankhlal Majhi,SP,,,,,False,6,2009,GE
1812678,Vinay Katiyar,BJP,22953,45040,24.9933410281452,3,6,280,UP,Vinay Katiyar,BJP,,,,,False,6,2009,GE
1812679,Dinesh Kumar Rajbhar,SBSP,23361,5696,3.16079197371925,4,6,280,UP,Dinesh Kumar Rajbhar,SBSP,,,,,False,6,2009,GE
1812680,Deo Prasad Mishra,IND,22955,2135,1.18474207582349,5,6,280,UP,Deo Prasad Mishra,IND,,,,,False,6,2009,GE
1812681,Nabab Ali,IND,22955,1835,1.01826777945485,6,6,280,UP,Nabab Ali,IND,,,,,False,6,2009,GE
1812682,Chandra Bhushan,IND,22955,980,0.543816034804226,7,6,280,UP,Chandra Bhushan,IND,,,,,False,6,2009,GE
1812683,Iftekhar Ahmad,IND,22955,970,0.538266891591938,8,6,280,UP,Iftekhar Ahmad,IND,,,,,False,6,2009,GE
1812684,Lalman,JPS,23265,932,0.517180147385243,9,6,280,UP,Lalman,JPS,,,,,False,6,2009,GE
1812685,Gayadeen,IND,22955,875,0.485550031075201,10,6,280,UP,Gayadeen,IND,,,,,False,6,2009,GE
1812686,Parashu Ram,IND,22955,674,0.374012252508212,11,6,280,UP,Parashu Ram,IND,,,,,False,6,2009,GE
1812687,Sriram Ambesh,IND,22955,583,0.323515049276391,12,6,280,UP,Sriram Ambesh,IND,,,,,False,6,2009,GE
1812688,Patanjali Jaitali,IND,22955,553,0.306867619639527,13,6,280,UP,Patanjali Jaitali,IND,,,,,False,6,2009,GE
1812689,Vijay Kumar Maurya,RASD,23418,532,0.295214418893722,14,6,280,UP,Vijay Kumar Maurya,RASD,,,,,False,6,2009,GE
1812690,Santosh Kumar,ABHM,22976,494,0.274127674687028,15,6,280,UP,Santosh Kumar,ABHM,,,,,False,6,2009,GE
1812691,Basant Lal,PECP,22956,477,0.264694131226138,16,6,280,UP,Basant Lal,PECP,,,,,False,6,2009,GE
1812692,Kailash Kumar Shukla,IND,22955,410,0.227514871703808,17,6,280,UP,Kailash Kumar Shukla,IND,,,,,False,6,2009,GE
1812693,Dr. Lal Bahadur,IND,22955,401,0.222520642812749,18,6,280,UP,Dr. Lal Bahadur,IND,,,,,False,6,2009,GE
1812694,Balmukund Dhuriya,CPI(ML)(L),23197,395,0.219191156885376,19,6,280,UP,Balmukund Dhuriya,CPI(ML)(L),,,,,False,6,2009,GE
1812695,Bharthari,BRPP,23273,288,0.159815324513895,20,6,280,UP,Bharthari,BRPP,,,,,False,6,2009,GE
1812696,Ram Sukh Sahoo,IND,22955,279,0.154821095622835,21,6,280,UP,Ram Sukh Sahoo,IND,,,,,False,6,2009,GE
1812697,Mansharam,MADP,23222,262,0.145387552161946,22,6,280,UP,Mansharam,MADP,,,,,False,6,2009,GE
1812777,Rakesh Pandey,BSP,22951,46549,31.9933194039698,1,6,281,UP,Rakesh Pandey,BSP,,,,,False,6,2009,GE
1812778,Shankhlal Majhi,SP,22952,40642,27.9334139770165,2,6,281,UP,Shankhlal Majhi,SP,,,,,False,6,2009,GE
1812779,Vinay Katiyar,BJP,22953,38840,26.6948919557925,3,6,281,UP,Vinay Katiyar,BJP,,,,,False,6,2009,GE
1812780,Dinesh Kumar Rajbhar,SBSP,23361,6860,4.71490625171826,4,6,281,UP,Dinesh Kumar Rajbhar,SBSP,,,,,False,6,2009,GE
1812781,Deo Prasad Mishra,IND,22955,1926,1.3237477318964,5,6,281,UP,Deo Prasad Mishra,IND,,,,,False,6,2009,GE
1812782,Nabab Ali,IND,22955,1417,0.973909935668334,6,6,281,UP,Nabab Ali,IND,,,,,False,6,2009,GE
1812783,Lalman,JPS,23265,1281,0.88043657557596,7,6,281,UP,Lalman,JPS,,,,,False,6,2009,GE
1812784,Chandra Bhushan,IND,22955,963,0.661873865948204,8,6,281,UP,Chandra Bhushan,IND,,,,,False,6,2009,GE
1812785,Balmukund Dhuriya,CPI(ML)(L),23197,930,0.639192830043437,9,6,281,UP,Balmukund Dhuriya,CPI(ML)(L),,,,,False,6,2009,GE
1812786,Gayadeen,IND,22955,748,0.514103480508055,10,6,281,UP,Gayadeen,IND,,,,,False,6,2009,GE
1812787,Iftekhar Ahmad,IND,22955,600,0.412382470995766,11,6,281,UP,Iftekhar Ahmad,IND,,,,,False,6,2009,GE
1812788,Parashu Ram,IND,22955,537,0.36908231154121,12,6,281,UP,Parashu Ram,IND,,,,,False,6,2009,GE
1812789,Patanjali Jaitali,IND,22955,531,0.364958486831253,13,6,281,UP,Patanjali Jaitali,IND,,,,,False,6,2009,GE
1812790,Basant Lal,PECP,22956,516,0.354648925056358,14,6,281,UP,Basant Lal,PECP,,,,,False,6,2009,GE
1812791,Kailash Kumar Shukla,IND,22955,515,0.353961620938032,15,6,281,UP,Kailash Kumar Shukla,IND,,,,,False,6,2009,GE
1812792,Santosh Kumar,ABHM,22976,496,0.340902842689833,16,6,281,UP,Santosh Kumar,ABHM,,,,,False,6,2009,GE
1812793,Sriram Ambesh,IND,22955,460,0.316159894430087,17,6,281,UP,Sriram Ambesh,IND,,,,,False,6,2009,GE
1812794,Vijay Kumar Maurya,RASD,23418,382,0.262550173200637,18,6,281,UP,Vijay Kumar Maurya,RASD,,,,,False,6,2009,GE
1812795,Mansharam,MADP,23222,347,0.238494529059218,19,6,281,UP,Mansharam,MADP,,,,,False,6,2009,GE
1812796,Bharthari,BRPP,23273,336,0.230934183757629,20,6,281,UP,Bharthari,BRPP,,,,,False,6,2009,GE
1812797,Ram Sukh Sahoo,IND,22955,312,0.214438884917798,21,6,281,UP,Ram Sukh Sahoo,IND,,,,,False,6,2009,GE
1812798,Dr. Lal Bahadur,IND,22955,308,0.211689668444493,22,6,281,UP,Dr. Lal Bahadur,IND,,,,,False,6,2009,GE
1812880,Kamal Kishor,INC,22954,45789,39.1807711395957,1,6,282,UP,Kamal Kishor,INC,,,,,False,6,2009,GE
1812881,Lal Mani Prasad,BSP,22951,35857,30.6821487857888,2,6,282,UP,Lal Mani Prasad,BSP,,,,,False,6,2009,GE
1812882,Shabbir Ahmad,SP,22952,17835,15.2610682319921,3,6,282,UP,Shabbir Ahmad,SP,,,,,False,6,2009,GE
1812883,Akshaibar Lal,BJP,22953,6255,5.35228381222939,4,6,282,UP,Akshaibar Lal,BJP,,,,,False,6,2009,GE
1812884,Ram Saran,IND,22955,3297,2.82117981277702,5,6,282,UP,Ram Saran,IND,,,,,False,6,2009,GE
1812885,Gopal,SBSP,23361,3088,2.64234251193674,6,6,282,UP,Gopal,SBSP,,,,,False,6,2009,GE
1812886,Harendra Kumar,JPS,23265,1235,1.05676586860164,7,6,282,UP,Harendra Kumar,JPS,,,,,False,6,2009,GE
1812887,Maikoo Lal,IND,22955,944,0.807762736809679,8,6,282,UP,Maikoo Lal,IND,,,,,False,6,2009,GE
1812888,Heera Lal,ANC,23085,754,0.645183372409426,9,6,282,UP,Heera Lal,ANC,,,,,False,6,2009,GE
1812889,Satya Narain,RPI(A),23009,562,0.480892646278643,10,6,282,UP,Satya Narain,RPI(A),,,,,False,6,2009,GE
1812890,Ram Chhabeele Subhash,BSRD,23078,454,0.388479112830078,11,6,282,UP,Ram Chhabeele Subhash,BSRD,,,,,False,6,2009,GE
1812891,Tulsi Ram,RDMP,22983,414,0.354251878219499,12,6,282,UP,Tulsi Ram,RDMP,,,,,False,6,2009,GE
1812892,Manu Devi,PECP,22956,382,0.326870090531035,13,6,282,UP,Manu Devi,PECP,,,,,False,6,2009,GE
1812965,Kamal Kishor,INC,22954,40621,42.7562469738753,1,6,283,UP,Kamal Kishor,INC,,,,,False,6,2009,GE
1812966,Lal Mani Prasad,BSP,22951,21142,22.2533313685451,2,6,283,UP,Lal Mani Prasad,BSP,,,,,False,6,2009,GE
1812967,Shabbir Ahmad,SP,22952,18543,19.5177146706523,3,6,283,UP,Shabbir Ahmad,SP,,,,,False,6,2009,GE
1812968,Akshaibar Lal,BJP,22953,9084,9.56150137886028,4,6,283,UP,Akshaibar Lal,BJP,,,,,False,6,2009,GE
1812969,Ram Saran,IND,22955,2213,2.32932656884828,5,6,283,UP,Ram Saran,IND,,,,,False,6,2009,GE
1812970,Maikoo Lal,IND,22955,647,0.681009620445024,6,6,283,UP,Maikoo Lal,IND,,,,,False,6,2009,GE
1812971,Gopal,SBSP,23361,494,0.519967159968844,7,6,283,UP,Gopal,SBSP,,,,,False,6,2009,GE
1812972,Heera Lal,ANC,23085,474,0.498915857945813,8,6,283,UP,Heera Lal,ANC,,,,,False,6,2009,GE
1812973,Satya Narain,RPI(A),23009,473,0.497863292844662,9,6,283,UP,Satya Narain,RPI(A),,,,,False,6,2009,GE
1812974,Manu Devi,PECP,22956,386,0.406290129044481,10,6,283,UP,Manu Devi,PECP,,,,,False,6,2009,GE
1812975,Tulsi Ram,RDMP,22983,319,0.33576826726733,11,6,283,UP,Tulsi Ram,RDMP,,,,,False,6,2009,GE
1812976,Harendra Kumar,JPS,23265,314,0.330505441761572,12,6,283,UP,Harendra Kumar,JPS,,,,,False,6,2009,GE
1812977,Ram Chhabeele Subhash,BSRD,23078,296,0.311559269940845,13,6,283,UP,Ram Chhabeele Subhash,BSRD,,,,,False,6,2009,GE
1813052,Kamal Kishor,INC,22954,29890,31.1075494869179,1,6,284,UP,Kamal Kishor,INC,,,,,False,6,2009,GE
1813053,Shabbir Ahmad,SP,22952,26612,27.6960223133442,2,6,284,UP,Shabbir Ahmad,SP,,,,,False,6,2009,GE
1813054,Lal Mani Prasad,BSP,22951,22336,23.2458422663031,3,6,284,UP,Lal Mani Prasad,BSP,,,,,False,6,2009,GE
1813055,Akshaibar Lal,BJP,22953,8891,9.25316903607185,4,6,284,UP,Akshaibar Lal,BJP,,,,,False,6,2009,GE
1813056,Ram Saran,IND,22955,2507,2.60912099577461,5,6,284,UP,Ram Saran,IND,,,,,False,6,2009,GE
1813057,Harendra Kumar,JPS,23265,1410,1.46743542243406,6,6,284,UP,Harendra Kumar,JPS,,,,,False,6,2009,GE
1813058,Manu Devi,PECP,22956,1092,1.13648190162978,7,6,284,UP,Manu Devi,PECP,,,,,False,6,2009,GE
1813059,Gopal,SBSP,23361,815,0.848198488853735,8,6,284,UP,Gopal,SBSP,,,,,False,6,2009,GE
1813060,Satya Narain,RPI(A),23009,664,0.69104760318881,9,6,284,UP,Satya Narain,RPI(A),,,,,False,6,2009,GE
1813061,Maikoo Lal,IND,22955,662,0.688966134504506,10,6,284,UP,Maikoo Lal,IND,,,,,False,6,2009,GE
1813062,Heera Lal,ANC,23085,522,0.543263326603251,11,6,284,UP,Heera Lal,ANC,,,,,False,6,2009,GE
1813063,Tulsi Ram,RDMP,22983,358,0.372582894490352,12,6,284,UP,Tulsi Ram,RDMP,,,,,False,6,2009,GE
1813064,Ram Chhabeele Subhash,BSRD,23078,327,0.340320129883645,13,6,284,UP,Ram Chhabeele Subhash,BSRD,,,,,False,6,2009,GE
1813134,Kamal Kishor,INC,22954,22991,24.3394029218716,1,6,285,UP,Kamal Kishor,INC,,,,,False,6,2009,GE
1813135,Lal Mani Prasad,BSP,22951,22323,23.632225280542,2,6,285,UP,Lal Mani Prasad,BSP,,,,,False,6,2009,GE
1813136,Shabbir Ahmad,SP,22952,21688,22.9599830616133,3,6,285,UP,Shabbir Ahmad,SP,,,,,False,6,2009,GE
1813137,Akshaibar Lal,BJP,22953,20784,22.0029642176582,4,6,285,UP,Akshaibar Lal,BJP,,,,,False,6,2009,GE
1813138,Ram Saran,IND,22955,2334,2.47088714799915,5,6,285,UP,Ram Saran,IND,,,,,False,6,2009,GE
1813139,Gopal,SBSP,23361,954,1.00995130213847,6,6,285,UP,Gopal,SBSP,,,,,False,6,2009,GE
1813140,Maikoo Lal,IND,22955,629,0.665890323946644,7,6,285,UP,Maikoo Lal,IND,,,,,False,6,2009,GE
1813141,Manu Devi,PECP,22956,585,0.619309760745289,8,6,285,UP,Manu Devi,PECP,,,,,False,6,2009,GE
1813142,Harendra Kumar,JPS,23265,553,0.585432987507939,9,6,285,UP,Harendra Kumar,JPS,,,,,False,6,2009,GE
1813143,Heera Lal,ANC,23085,540,0.571670548380266,10,6,285,UP,Heera Lal,ANC,,,,,False,6,2009,GE
1813144,Satya Narain,RPI(A),23009,442,0.467922930340885,11,6,285,UP,Satya Narain,RPI(A),,,,,False,6,2009,GE
1813145,Tulsi Ram,RDMP,22983,319,0.337709083209824,12,6,285,UP,Tulsi Ram,RDMP,,,,,False,6,2009,GE
1813146,Ram Chhabeele Subhash,BSRD,23078,318,0.336650434046157,13,6,285,UP,Ram Chhabeele Subhash,BSRD,,,,,False,6,2009,GE
1813216,Shabbir Ahmad,SP,22952,36112,32.7451442665167,1,6,286,UP,Shabbir Ahmad,SP,,,,,False,6,2009,GE
1813217,Akshaibar Lal,BJP,22953,26478,24.0093578281133,2,6,286,UP,Akshaibar Lal,BJP,,,,,False,6,2009,GE
1813218,Kamal Kishor,INC,22954,20714,18.7827569322282,3,6,286,UP,Kamal Kishor,INC,,,,,False,6,2009,GE
1813219,Lal Mani Prasad,BSP,22951,19394,17.5858254293538,4,6,286,UP,Lal Mani Prasad,BSP,,,,,False,6,2009,GE
1813220,Manu Devi,PECP,22956,2810,2.54801327505848,5,6,286,UP,Manu Devi,PECP,,,,,False,6,2009,GE
1813221,Ram Saran,IND,22955,1713,1.55329065486661,6,6,286,UP,Ram Saran,IND,,,,,False,6,2009,GE
1813222,Satya Narain,RPI(A),23009,578,0.524110915652599,7,6,286,UP,Satya Narain,RPI(A),,,,,False,6,2009,GE
1813223,Gopal,SBSP,23361,542,0.491467329210569,8,6,286,UP,Gopal,SBSP,,,,,False,6,2009,GE
1813224,Maikoo Lal,IND,22955,471,0.427086922616564,9,6,286,UP,Maikoo Lal,IND,,,,,False,6,2009,GE
1813225,Harendra Kumar,JPS,23265,431,0.390816271014308,10,6,286,UP,Harendra Kumar,JPS,,,,,False,6,2009,GE
1813226,Heera Lal,ANC,23085,427,0.387189205854083,11,6,286,UP,Heera Lal,ANC,,,,,False,6,2009,GE
1813227,Ram Chhabeele Subhash,BSRD,23078,323,0.292885511688217,12,6,286,UP,Ram Chhabeele Subhash,BSRD,,,,,False,6,2009,GE
1813228,Tulsi Ram,RDMP,22983,289,0.262055457826299,13,6,286,UP,Tulsi Ram,RDMP,,,,,False,6,2009,GE
1813301,Brij Bhusan Sharan Singh,SP,22952,28095,23.9442621553671,1,6,287,UP,Brij Bhusan Sharan Singh,SP,,,,,False,6,2009,GE
1813302,Dr Lalta Prasad Mishra Alias Dr L P,BJP,22953,27893,23.7721055098649,2,6,287,UP,Dr Lalta Prasad Mishra Alias Dr L P,BJP,,,,,False,6,2009,GE
1813303,Surendra Nath Awasthi,BSP,22951,25573,21.7948608684535,3,6,287,UP,Surendra Nath Awasthi,BSP,,,,,False,6,2009,GE
1813304,Mohd Aleem,INC,22954,20275,17.2795840968168,4,6,287,UP,Mohd Aleem,INC,,,,,False,6,2009,GE
1813305,Ramender Dev Pathak,PECP,22956,3888,3.31358929560659,5,6,287,UP,Ramender Dev Pathak,PECP,,,,,False,6,2009,GE
1813306,Jagdish Prasad,IND,22955,2117,1.80423573528785,6,6,287,UP,Jagdish Prasad,IND,,,,,False,6,2009,GE
1813307,Vimal Verma,IND,22955,946,0.806238547747901,7,6,287,UP,Vimal Verma,IND,,,,,False,6,2009,GE
1813308,Zameer Ahmad,ANC,23085,904,0.770443601653385,8,6,287,UP,Zameer Ahmad,ANC,,,,,False,6,2009,GE
1813309,Jagdish,IND,22955,829,0.706524055056036,9,6,287,UP,Jagdish,IND,,,,,False,6,2009,GE
1813310,Jitendra Bahadur,IND,22955,803,0.684365278902288,10,6,287,UP,Jitendra Bahadur,IND,,,,,False,6,2009,GE
1813311,Paramhans Singh,IND,22955,607,0.517322197127881,11,6,287,UP,Paramhans Singh,IND,,,,,False,6,2009,GE
1813312,Chandra Bhan,IND,22955,599,0.510504112157497,12,6,287,UP,Chandra Bhan,IND,,,,,False,6,2009,GE
1813313,Daya Ram,PDFO,23287,550,0.468743341713896,13,6,287,UP,Daya Ram,PDFO,,,,,False,6,2009,GE
1813314,Radheyshyam Boat,IND,22955,525,0.447436826181446,14,6,287,UP,Radheyshyam Boat,IND,,,,,False,6,2009,GE
1813315,Hafeez,AD,23110,511,0.435505177483274,15,6,287,UP,Hafeez,AD,,,,,False,6,2009,GE
1813316,Udai Raj,IND,22955,473,0.40311927387395,16,6,287,UP,Udai Raj,IND,,,,,False,6,2009,GE
1813317,Ram Praksh,RPI(A),23009,437,0.372437891507222,17,6,287,UP,Ram Praksh,RPI(A),,,,,False,6,2009,GE
1813318,Raj Kishor Singh,IND,22955,434,0.369881109643328,18,6,287,UP,Raj Kishor Singh,IND,,,,,False,6,2009,GE
1813319,Om Prakash,IND,22955,431,0.367324327779434,19,6,287,UP,Om Prakash,IND,,,,,False,6,2009,GE
1813320,Anokhi Lal,IND,22955,414,0.352835897217369,20,6,287,UP,Anokhi Lal,IND,,,,,False,6,2009,GE
1813321,Manoj Kumar,LD,22979,384,0.327268078578429,21,6,287,UP,Manoj Kumar,LD,,,,,False,6,2009,GE
1813322,Vinesh Kumar,IND,22955,349,0.297438956832999,22,6,287,UP,Vinesh Kumar,IND,,,,,False,6,2009,GE
1813323,Rampher Alias Chunti,IND,22955,298,0.253973665146801,23,6,287,UP,Rampher Alias Chunti,IND,,,,,False,6,2009,GE
1813390,Brij Bhusan Sharan Singh,SP,22952,30192,28.3126090136724,1,6,288,UP,Brij Bhusan Sharan Singh,SP,,,,,False,6,2009,GE
1813391,Mohd Aleem,INC,22954,25776,24.171496089574,2,6,288,UP,Mohd Aleem,INC,,,,,False,6,2009,GE
1813392,Dr Lalta Prasad Mishra Alias Dr L P,BJP,22953,20779,19.4855492413586,3,6,288,UP,Dr Lalta Prasad Mishra Alias Dr L P,BJP,,,,,False,6,2009,GE
1813393,Surendra Nath Awasthi,BSP,22951,20581,19.2998743412292,4,6,288,UP,Surendra Nath Awasthi,BSP,,,,,False,6,2009,GE
1813394,Jagdish Prasad,IND,22955,1654,1.55104184249517,5,6,288,UP,Jagdish Prasad,IND,,,,,False,6,2009,GE
1813395,Jitendra Bahadur,IND,22955,857,0.803653481873253,6,6,288,UP,Jitendra Bahadur,IND,,,,,False,6,2009,GE
1813396,Vimal Verma,IND,22955,694,0.650799902473789,7,6,288,UP,Vimal Verma,IND,,,,,False,6,2009,GE
1813397,Zameer Ahmad,ANC,23085,685,0.642360134286089,8,6,288,UP,Zameer Ahmad,ANC,,,,,False,6,2009,GE
1813398,Jagdish,IND,22955,644,0.603912301431009,9,6,288,UP,Jagdish,IND,,,,,False,6,2009,GE
1813399,Paramhans Singh,IND,22955,555,0.52045237157486,10,6,288,UP,Paramhans Singh,IND,,,,,False,6,2009,GE
1813400,Chandra Bhan,IND,22955,468,0.438867945760423,11,6,288,UP,Chandra Bhan,IND,,,,,False,6,2009,GE
1813401,Ramender Dev Pathak,PECP,22956,432,0.405108873009621,12,6,288,UP,Ramender Dev Pathak,PECP,,,,,False,6,2009,GE
1813402,Hafeez,AD,23110,395,0.370412048237963,13,6,288,UP,Hafeez,AD,,,,,False,6,2009,GE
1813403,Raj Kishor Singh,IND,22955,390,0.365723288133685,14,6,288,UP,Raj Kishor Singh,IND,,,,,False,6,2009,GE
1813404,Radheyshyam Boat,IND,22955,358,0.335715223466306,15,6,288,UP,Radheyshyam Boat,IND,,,,,False,6,2009,GE
1813405,Manoj Kumar,LD,22979,317,0.297267390611226,16,6,288,UP,Manoj Kumar,LD,,,,,False,6,2009,GE
1813406,Udai Raj,IND,22955,315,0.295391886569515,17,6,288,UP,Udai Raj,IND,,,,,False,6,2009,GE
1813407,Daya Ram,PDFO,23287,309,0.289765374444381,18,6,288,UP,Daya Ram,PDFO,,,,,False,6,2009,GE
1813409,Ram Praksh,RPI(A),23009,269,0.252255293610157,19,6,288,UP,Ram Praksh,RPI(A),,,,,False,6,2009,GE
1813408,Vinesh Kumar,IND,22955,269,0.252255293610157,19,6,288,UP,Vinesh Kumar,IND,,,,,False,6,2009,GE
1813410,Om Prakash,IND,22955,263,0.246628781485024,21,6,288,UP,Om Prakash,IND,,,,,False,6,2009,GE
1813411,Anokhi Lal,IND,22955,231,0.216620716817644,22,6,288,UP,Anokhi Lal,IND,,,,,False,6,2009,GE
1813412,Rampher Alias Chunti,IND,22955,205,0.192239164275399,23,6,288,UP,Rampher Alias Chunti,IND,,,,,False,6,2009,GE
1813484,Vinay Kumar Alias Vinnu,INC,22954,38493,35.1053351573187,1,6,289,UP,Vinay Kumar Alias Vinnu,INC,,,,,False,6,2009,GE
1813485,Rizvan Zaheer,BSP,22951,27447,25.03146374829,2,6,289,UP,Rizvan Zaheer,BSP,,,,,False,6,2009,GE
1813486,Rubab Saida,SP,22952,23921,21.8157774737802,3,6,289,UP,Rubab Saida,SP,,,,,False,6,2009,GE
1813487,Satya Deo Singh,BJP,22953,9178,8.37026903784769,4,6,289,UP,Satya Deo Singh,BJP,,,,,False,6,2009,GE
1813488,Vinod Kumar Pandey,IND,22955,3065,2.79525763793889,5,6,289,UP,Vinod Kumar Pandey,IND,,,,,False,6,2009,GE
1813489,Rajeshwar Mishra,PECP,22956,2754,2.51162790697674,6,6,289,UP,Rajeshwar Mishra,PECP,,,,,False,6,2009,GE
1813490,Kuldeep,SBSP,23361,1292,1.17829457364341,7,6,289,UP,Kuldeep,SBSP,,,,,False,6,2009,GE
1813491,Ram Adhar,RPI(A),23009,1094,0.997720018239854,8,6,289,UP,Ram Adhar,RPI(A),,,,,False,6,2009,GE
1813492,Ram Sudhi,IND,22955,905,0.825353397172822,9,6,289,UP,Ram Sudhi,IND,,,,,False,6,2009,GE
1813493,Tej Bahadur,IND,22955,753,0.68673050615595,10,6,289,UP,Tej Bahadur,IND,,,,,False,6,2009,GE
1813494,Arun Kumar,ANC,23085,748,0.682170542635658,11,6,289,UP,Arun Kumar,ANC,,,,,False,6,2009,GE
1813571,Vinay Kumar Alias Vinnu,INC,22954,45908,36.6557277568847,1,6,290,UP,Vinay Kumar Alias Vinnu,INC,,,,,False,6,2009,GE
1813572,Rizvan Zaheer,BSP,22951,29285,23.3829177346076,2,6,290,UP,Rizvan Zaheer,BSP,,,,,False,6,2009,GE
1813573,Rubab Saida,SP,22952,22574,18.0244488625929,3,6,290,UP,Rubab Saida,SP,,,,,False,6,2009,GE
1813574,Satya Deo Singh,BJP,22953,11136,8.8916568855247,4,6,290,UP,Satya Deo Singh,BJP,,,,,False,6,2009,GE
1813575,Rajeshwar Mishra,PECP,22956,7641,6.10103720027786,5,6,290,UP,Rajeshwar Mishra,PECP,,,,,False,6,2009,GE
1813576,Vinod Kumar Pandey,IND,22955,3445,2.7506966568456,6,6,290,UP,Vinod Kumar Pandey,IND,,,,,False,6,2009,GE
1813577,Kuldeep,SBSP,23361,1553,1.24000926214258,7,6,290,UP,Kuldeep,SBSP,,,,,False,6,2009,GE
1813578,Ram Adhar,RPI(A),23009,1234,0.985300340942662,8,6,290,UP,Ram Adhar,RPI(A),,,,,False,6,2009,GE
1813579,Ram Sudhi,IND,22955,914,0.729792959174711,9,6,290,UP,Ram Sudhi,IND,,,,,False,6,2009,GE
1813580,Tej Bahadur,IND,22955,854,0.68188532509322,10,6,290,UP,Tej Bahadur,IND,,,,,False,6,2009,GE
1813581,Arun Kumar,ANC,23085,697,0.556527015913319,11,6,290,UP,Arun Kumar,ANC,,,,,False,6,2009,GE
1813662,Rizvan Zaheer,BSP,22951,43153,34.5780014262934,1,6,291,UP,Rizvan Zaheer,BSP,,,,,False,6,2009,GE
1813663,Vinay Kumar Alias Vinnu,INC,22954,42877,34.3568458080593,2,6,291,UP,Vinay Kumar Alias Vinnu,INC,,,,,False,6,2009,GE
1813664,Rubab Saida,SP,22952,21803,17.4704925520236,3,6,291,UP,Rubab Saida,SP,,,,,False,6,2009,GE
1813665,Satya Deo Singh,BJP,22953,7382,5.91511149929085,4,6,291,UP,Satya Deo Singh,BJP,,,,,False,6,2009,GE
1813666,Vinod Kumar Pandey,IND,22955,2760,2.2115561823412,5,6,291,UP,Vinod Kumar Pandey,IND,,,,,False,6,2009,GE
1813667,Rajeshwar Mishra,PECP,22956,2734,2.19072268207277,6,6,291,UP,Rajeshwar Mishra,PECP,,,,,False,6,2009,GE
1813668,Kuldeep,SBSP,23361,906,0.725967355507656,7,6,291,UP,Kuldeep,SBSP,,,,,False,6,2009,GE
1813669,Ram Adhar,RPI(A),23009,892,0.714749316901577,8,6,291,UP,Ram Adhar,RPI(A),,,,,False,6,2009,GE
1813670,Ram Sudhi,IND,22955,795,0.63702433513089,9,6,291,UP,Ram Sudhi,IND,,,,,False,6,2009,GE
1813671,Arun Kumar,ANC,23085,778,0.623402431109223,10,6,291,UP,Arun Kumar,ANC,,,,,False,6,2009,GE
1813672,Tej Bahadur,IND,22955,719,0.576126411269321,11,6,291,UP,Tej Bahadur,IND,,,,,False,6,2009,GE
1813765,Vinay Kumar Alias Vinnu,INC,22954,35128,28.1336846573389,1,6,292,UP,Vinay Kumar Alias Vinnu,INC,,,,,False,6,2009,GE
1813766,Rizvan Zaheer,BSP,22951,30429,24.3702997733479,2,6,292,UP,Rizvan Zaheer,BSP,,,,,False,6,2009,GE
1813767,Rubab Saida,SP,22952,25541,20.4555465677833,3,6,292,UP,Rubab Saida,SP,,,,,False,6,2009,GE
1813768,Rajeshwar Mishra,PECP,22956,14722,11.7907112709332,4,6,292,UP,Rajeshwar Mishra,PECP,,,,,False,6,2009,GE
1813769,Satya Deo Singh,BJP,22953,11964,9.58185502278533,5,6,292,UP,Satya Deo Singh,BJP,,,,,False,6,2009,GE
1813770,Vinod Kumar Pandey,IND,22955,2475,1.98220421108272,6,6,292,UP,Vinod Kumar Pandey,IND,,,,,False,6,2009,GE
1813771,Ram Adhar,RPI(A),23009,1778,1.42398346961821,7,6,292,UP,Ram Adhar,RPI(A),,,,,False,6,2009,GE
1813772,Ram Sudhi,IND,22955,769,0.615884863968733,8,6,292,UP,Ram Sudhi,IND,,,,,False,6,2009,GE
1813773,Kuldeep,SBSP,23361,730,0.584650130945611,9,6,292,UP,Kuldeep,SBSP,,,,,False,6,2009,GE
1813774,Tej Bahadur,IND,22955,695,0.556618960283835,10,6,292,UP,Tej Bahadur,IND,,,,,False,6,2009,GE
1813775,Arun Kumar,ANC,23085,630,0.504561071911966,11,6,292,UP,Arun Kumar,ANC,,,,,False,6,2009,GE
1813856,Beni Prasad Verma,INC,22954,27043,20.7883954584239,1,6,293,UP,Beni Prasad Verma,INC,,,,,False,6,2009,GE
1813857,Ashiq Ali,PECP,22956,25086,19.284017618978,2,6,293,UP,Ashiq Ali,PECP,,,,,False,6,2009,GE
1813858,Kirti Vardhan Singh,BSP,22951,24790,19.0564775880756,3,6,293,UP,Kirti Vardhan Singh,BSP,,,,,False,6,2009,GE
1813859,Ram Pratap Singh,BJP,22953,21983,16.8986908761059,4,6,293,UP,Ram Pratap Singh,BJP,,,,,False,6,2009,GE
1813860,Vinod Kumar Urf Pandit Singh,SP,22952,15687,12.0588529215063,5,6,293,UP,Vinod Kumar Urf Pandit Singh,SP,,,,,False,6,2009,GE
1813861,Om Prakash,IND,22955,1768,1.35909045484944,6,6,293,UP,Om Prakash,IND,,,,,False,6,2009,GE
1813862,Narendra Singh,IND,22955,1379,1.06005980612974,7,6,293,UP,Narendra Singh,IND,,,,,False,6,2009,GE
1813863,Dr Achyuta Nand Dubey,NCP,22977,1296,0.996256351518599,8,6,293,UP,Dr Achyuta Nand Dubey,NCP,,,,,False,6,2009,GE
1813864,Om Prakash Singh,JPS,23265,1275,0.980113308785658,9,6,293,UP,Om Prakash Singh,JPS,,,,,False,6,2009,GE
1813865,Prem Kumar,SBSP,23361,1119,0.860193562769531,10,6,293,UP,Prem Kumar,SBSP,,,,,False,6,2009,GE
1813866,Rajendra Prasad,ANC,23085,977,0.75103584524203,11,6,293,UP,Rajendra Prasad,ANC,,,,,False,6,2009,GE
1813867,Radhey Shyam,IND,22955,796,0.611898191210497,12,6,293,UP,Radhey Shyam,IND,,,,,False,6,2009,GE
1813868,Akhilendra Kumar Pathak,IND,22955,778,0.598061297439405,13,6,293,UP,Akhilendra Kumar Pathak,IND,,,,,False,6,2009,GE
1813869,Anuradha Patel,IND,22955,755,0.580380822065233,14,6,293,UP,Anuradha Patel,IND,,,,,False,6,2009,GE
1813870,Satya Prakash,IND,22955,704,0.541176289713806,15,6,293,UP,Satya Prakash,IND,,,,,False,6,2009,GE
1813871,Ram Lochan,ABHM,22976,676,0.519652232736553,16,6,293,UP,Ram Lochan,ABHM,,,,,False,6,2009,GE
1813872,Baijnath,IND,22955,637,0.489672296232521,17,6,293,UP,Baijnath,IND,,,,,False,6,2009,GE
1813873,Harsh Vardhan Pandey,LD,22979,579,0.445086749636781,18,6,293,UP,Harsh Vardhan Pandey,LD,,,,,False,6,2009,GE
1813874,Vidya Sagar,AD,23110,458,0.35207207484222,19,6,293,UP,Vidya Sagar,AD,,,,,False,6,2009,GE
1813875,Deepak,IND,22955,425,0.326704436261886,20,6,293,UP,Deepak,IND,,,,,False,6,2009,GE
1813876,Ganga Dhar Shukla,IND,22955,411,0.315942407773259,21,6,293,UP,Ganga Dhar Shukla,IND,,,,,False,6,2009,GE
1813877,Rajendra Prasad,IND,22955,407,0.312867542490794,22,6,293,UP,Rajendra Prasad,IND,,,,,False,6,2009,GE
1813878,Ram Lakhan,IND,22955,402,0.309023960887713,23,6,293,UP,Ram Lakhan,IND,,,,,False,6,2009,GE
1813879,Ram Kewal,VAJP,22957,351,0.269819428536287,24,6,293,UP,Ram Kewal,VAJP,,,,,False,6,2009,GE
1813880,Ram Prasad,IND,22955,305,0.234458477787941,25,6,293,UP,Ram Prasad,IND,,,,,False,6,2009,GE
1813964,Vinay Kumar Alias Vinnu,INC,22954,39150,32.3995531096122,1,6,294,UP,Vinay Kumar Alias Vinnu,INC,,,,,False,6,2009,GE
1813965,Rizvan Zaheer,BSP,22951,29213,24.1759424007944,2,6,294,UP,Rizvan Zaheer,BSP,,,,,False,6,2009,GE
1813966,Rubab Saida,SP,22952,17408,14.4064219803864,3,6,294,UP,Rubab Saida,SP,,,,,False,6,2009,GE
1813967,Rajeshwar Mishra,PECP,22956,16840,13.9363594984896,4,6,294,UP,Rajeshwar Mishra,PECP,,,,,False,6,2009,GE
1813968,Satya Deo Singh,BJP,22953,8283,6.85480200273099,5,6,294,UP,Satya Deo Singh,BJP,,,,,False,6,2009,GE
1813969,Kuldeep,SBSP,23361,4559,3.77291347705548,6,6,294,UP,Kuldeep,SBSP,,,,,False,6,2009,GE
1813970,Vinod Kumar Pandey,IND,22955,2257,1.86783630570612,7,6,294,UP,Vinod Kumar Pandey,IND,,,,,False,6,2009,GE
1813971,Ram Adhar,RPI(A),23009,1356,1.1221914180494,8,6,294,UP,Ram Adhar,RPI(A),,,,,False,6,2009,GE
1813972,Ram Sudhi,IND,22955,605,0.500682749203459,9,6,294,UP,Ram Sudhi,IND,,,,,False,6,2009,GE
1813973,Arun Kumar,ANC,23085,583,0.482476103777878,10,6,294,UP,Arun Kumar,ANC,,,,,False,6,2009,GE
1813974,Tej Bahadur,IND,22955,581,0.480820954193735,11,6,294,UP,Tej Bahadur,IND,,,,,False,6,2009,GE
1814053,Beni Prasad Verma,INC,22954,34325,27.7407362508586,1,6,295,UP,Beni Prasad Verma,INC,,,,,False,6,2009,GE
1814054,Kirti Vardhan Singh,BSP,22951,21744,17.5730391562613,2,6,295,UP,Kirti Vardhan Singh,BSP,,,,,False,6,2009,GE
1814055,Ashiq Ali,PECP,22956,19263,15.5679476300157,3,6,295,UP,Ashiq Ali,PECP,,,,,False,6,2009,GE
1814056,Ram Pratap Singh,BJP,22953,17363,14.0324079686426,4,6,295,UP,Ram Pratap Singh,BJP,,,,,False,6,2009,GE
1814057,Vinod Kumar Urf Pandit Singh,SP,22952,16983,13.725300036368,5,6,295,UP,Vinod Kumar Urf Pandit Singh,SP,,,,,False,6,2009,GE
1814058,Prem Kumar,SBSP,23361,1958,1.58241402998343,6,6,295,UP,Prem Kumar,SBSP,,,,,False,6,2009,GE
1814059,Om Prakash,IND,22955,1340,1.0829595506526,7,6,295,UP,Om Prakash,IND,,,,,False,6,2009,GE
1814060,Dr Achyuta Nand Dubey,NCP,22977,1145,0.925364690669576,8,6,295,UP,Dr Achyuta Nand Dubey,NCP,,,,,False,6,2009,GE
1814061,Narendra Singh,IND,22955,1082,0.87444942821352,9,6,295,UP,Narendra Singh,IND,,,,,False,6,2009,GE
1814062,Om Prakash Singh,JPS,23265,1052,0.850204065139208,10,6,295,UP,Om Prakash Singh,JPS,,,,,False,6,2009,GE
1814063,Rajendra Prasad,ANC,23085,888,0.717662746999636,11,6,295,UP,Rajendra Prasad,ANC,,,,,False,6,2009,GE
1814064,Akhilendra Kumar Pathak,IND,22955,711,0.574615104861195,12,6,295,UP,Akhilendra Kumar Pathak,IND,,,,,False,6,2009,GE
1814065,Radhey Shyam,IND,22955,699,0.56491695963147,13,6,295,UP,Radhey Shyam,IND,,,,,False,6,2009,GE
1814066,Satya Prakash,IND,22955,607,0.490564512870246,14,6,295,UP,Satya Prakash,IND,,,,,False,6,2009,GE
1814067,Ram Lochan,ABHM,22976,584,0.471976401179941,15,6,295,UP,Ram Lochan,ABHM,,,,,False,6,2009,GE
1814068,Anuradha Patel,IND,22955,568,0.459045540873641,16,6,295,UP,Anuradha Patel,IND,,,,,False,6,2009,GE
1814069,Harsh Vardhan Pandey,LD,22979,514,0.415403887339879,17,6,295,UP,Harsh Vardhan Pandey,LD,,,,,False,6,2009,GE
1814070,Baijnath,IND,22955,510,0.412171172263304,18,6,295,UP,Baijnath,IND,,,,,False,6,2009,GE
1814071,Ganga Dhar Shukla,IND,22955,427,0.345092334424374,19,6,295,UP,Ganga Dhar Shukla,IND,,,,,False,6,2009,GE
1814072,Vidya Sagar,AD,23110,395,0.319230613811775,20,6,295,UP,Vidya Sagar,AD,,,,,False,6,2009,GE
1814073,Rajendra Prasad,IND,22955,385,0.311148826120337,21,6,295,UP,Rajendra Prasad,IND,,,,,False,6,2009,GE
1814074,Deepak,IND,22955,341,0.275588960278013,22,6,295,UP,Deepak,IND,,,,,False,6,2009,GE
1814075,Ram Kewal,VAJP,22957,338,0.273164423970582,23,6,295,UP,Ram Kewal,VAJP,,,,,False,6,2009,GE
1814076,Ram Lakhan,IND,22955,274,0.221440982745383,24,6,295,UP,Ram Lakhan,IND,,,,,False,6,2009,GE
1814077,Ram Prasad,IND,22955,239,0.193154725825352,25,6,295,UP,Ram Prasad,IND,,,,,False,6,2009,GE
1814162,Beni Prasad Verma,INC,22954,32299,31.8993017490839,1,6,296,UP,Beni Prasad Verma,INC,,,,,False,6,2009,GE
1814163,Vinod Kumar Urf Pandit Singh,SP,22952,19476,19.2349856300554,2,6,296,UP,Vinod Kumar Urf Pandit Singh,SP,,,,,False,6,2009,GE
1814164,Ram Pratap Singh,BJP,22953,16512,16.3076649580753,3,6,296,UP,Ram Pratap Singh,BJP,,,,,False,6,2009,GE
1814165,Ashiq Ali,PECP,22956,14151,13.975882196083,4,6,296,UP,Ashiq Ali,PECP,,,,,False,6,2009,GE
1814166,Kirti Vardhan Singh,BSP,22951,11388,11.2470741607656,5,6,296,UP,Kirti Vardhan Singh,BSP,,,,,False,6,2009,GE
1814167,Narendra Singh,IND,22955,901,0.889850177278697,6,6,296,UP,Narendra Singh,IND,,,,,False,6,2009,GE
1814168,Om Prakash,IND,22955,850,0.839481299319526,7,6,296,UP,Om Prakash,IND,,,,,False,6,2009,GE
1814169,Dr Achyuta Nand Dubey,NCP,22977,733,0.723929167530838,8,6,296,UP,Dr Achyuta Nand Dubey,NCP,,,,,False,6,2009,GE
1814170,Om Prakash Singh,JPS,23265,504,0.497763029243577,9,6,296,UP,Om Prakash Singh,JPS,,,,,False,6,2009,GE
1814171,Rajendra Prasad,ANC,23085,477,0.471097152676957,10,6,296,UP,Rajendra Prasad,ANC,,,,,False,6,2009,GE
1814172,Akhilendra Kumar Pathak,IND,22955,442,0.436530275646153,11,6,296,UP,Akhilendra Kumar Pathak,IND,,,,,False,6,2009,GE
1814173,Satya Prakash,IND,22955,400,0.395050023209188,12,6,296,UP,Satya Prakash,IND,,,,,False,6,2009,GE
1814174,Anuradha Patel,IND,22955,341,0.336780144785833,13,6,296,UP,Anuradha Patel,IND,,,,,False,6,2009,GE
1814175,Radhey Shyam,IND,22955,340,0.33579251972781,14,6,296,UP,Radhey Shyam,IND,,,,,False,6,2009,GE
1814176,Ganga Dhar Shukla,IND,22955,306,0.302213267755029,15,6,296,UP,Ganga Dhar Shukla,IND,,,,,False,6,2009,GE
1814177,Ram Lochan,ABHM,22976,260,0.256782515085972,16,6,296,UP,Ram Lochan,ABHM,,,,,False,6,2009,GE
1814178,Deepak,IND,22955,259,0.255794890027949,17,6,296,UP,Deepak,IND,,,,,False,6,2009,GE
1814179,Baijnath,IND,22955,257,0.253819639911903,18,6,296,UP,Baijnath,IND,,,,,False,6,2009,GE
1814180,Harsh Vardhan Pandey,LD,22979,252,0.248881514621788,19,6,296,UP,Harsh Vardhan Pandey,LD,,,,,False,6,2009,GE
1814181,Rajendra Prasad,IND,22955,227,0.224190888171214,20,6,296,UP,Rajendra Prasad,IND,,,,,False,6,2009,GE
1814182,Vidya Sagar,AD,23110,221,0.218265137823076,21,6,296,UP,Vidya Sagar,AD,,,,,False,6,2009,GE
1814183,Prem Kumar,SBSP,23361,190,0.187648761024364,22,6,296,UP,Prem Kumar,SBSP,,,,,False,6,2009,GE
1814184,Ram Kewal,VAJP,22957,169,0.166908634805882,23,6,296,UP,Ram Kewal,VAJP,,,,,False,6,2009,GE
1814185,Ram Lakhan,IND,22955,158,0.156044759167629,24,6,296,UP,Ram Lakhan,IND,,,,,False,6,2009,GE
1814186,Ram Prasad,IND,22955,140,0.138267508123216,25,6,296,UP,Ram Prasad,IND,,,,,False,6,2009,GE
1814274,Brij Bhusan Sharan Singh,SP,22952,39430,31.7878765891922,1,6,297,UP,Brij Bhusan Sharan Singh,SP,,,,,False,6,2009,GE
1814275,Dr Lalta Prasad Mishra Alias Dr L P,BJP,22953,36032,29.0484597834586,2,6,297,UP,Dr Lalta Prasad Mishra Alias Dr L P,BJP,,,,,False,6,2009,GE
1814276,Surendra Nath Awasthi,BSP,22951,25375,20.456945687313,3,6,297,UP,Surendra Nath Awasthi,BSP,,,,,False,6,2009,GE
1814277,Mohd Aleem,INC,22954,12937,10.4296160140598,4,6,297,UP,Mohd Aleem,INC,,,,,False,6,2009,GE
1814278,Jagdish Prasad,IND,22955,1371,1.10527970590369,5,6,297,UP,Jagdish Prasad,IND,,,,,False,6,2009,GE
1814279,Ramender Dev Pathak,PECP,22956,1002,0.807797421820204,6,6,297,UP,Ramender Dev Pathak,PECP,,,,,False,6,2009,GE
1814280,Zameer Ahmad,ANC,23085,812,0.654622261994018,7,6,297,UP,Zameer Ahmad,ANC,,,,,False,6,2009,GE
1814281,Radheyshyam Boat,IND,22955,679,0.547399650115687,8,6,297,UP,Radheyshyam Boat,IND,,,,,False,6,2009,GE
1814282,Jagdish,IND,22955,590,0.475649180512894,9,6,297,UP,Jagdish,IND,,,,,False,6,2009,GE
1814283,Vimal Verma,IND,22955,584,0.470812070202594,10,6,297,UP,Vimal Verma,IND,,,,,False,6,2009,GE
1814284,Manoj Kumar,LD,22979,574,0.462750219685426,11,6,297,UP,Manoj Kumar,LD,,,,,False,6,2009,GE
1814285,Daya Ram,PDFO,23287,569,0.458719294426842,12,6,297,UP,Daya Ram,PDFO,,,,,False,6,2009,GE
1814286,Chandra Bhan,IND,22955,542,0.436952298030489,13,6,297,UP,Chandra Bhan,IND,,,,,False,6,2009,GE
1814287,Jitendra Bahadur,IND,22955,497,0.400673970703235,14,6,297,UP,Jitendra Bahadur,IND,,,,,False,6,2009,GE
1814288,Paramhans Singh,IND,22955,473,0.381325529462032,15,6,297,UP,Paramhans Singh,IND,,,,,False,6,2009,GE
1814289,Ram Praksh,RPI(A),23009,428,0.345047202134778,16,6,297,UP,Ram Praksh,RPI(A),,,,,False,6,2009,GE
1814290,Raj Kishor Singh,IND,22955,381,0.307156504704089,17,6,297,UP,Raj Kishor Singh,IND,,,,,False,6,2009,GE
1814291,Udai Raj,IND,22955,376,0.303125579445505,18,6,297,UP,Udai Raj,IND,,,,,False,6,2009,GE
1814292,Hafeez,AD,23110,358,0.288614248514604,19,6,297,UP,Hafeez,AD,,,,,False,6,2009,GE
1814293,Om Prakash,IND,22955,344,0.277327657790569,20,6,297,UP,Om Prakash,IND,,,,,False,6,2009,GE
1814294,Anokhi Lal,IND,22955,254,0.204771003136059,21,6,297,UP,Anokhi Lal,IND,,,,,False,6,2009,GE
1814295,Vinesh Kumar,IND,22955,238,0.191872042308591,22,6,297,UP,Vinesh Kumar,IND,,,,,False,6,2009,GE
1814296,Rampher Alias Chunti,IND,22955,195,0.15720608508477,23,6,297,UP,Rampher Alias Chunti,IND,,,,,False,6,2009,GE
1814369,Brij Bhusan Sharan Singh,SP,22952,40268,44.3504598270829,1,6,298,UP,Brij Bhusan Sharan Singh,SP,,,,,False,6,2009,GE
1814370,Dr Lalta Prasad Mishra Alias Dr L P,BJP,22953,18837,20.7467371551296,2,6,298,UP,Dr Lalta Prasad Mishra Alias Dr L P,BJP,,,,,False,6,2009,GE
1814371,Surendra Nath Awasthi,BSP,22951,16757,18.4558621069442,3,6,298,UP,Surendra Nath Awasthi,BSP,,,,,False,6,2009,GE
1814372,Mohd Aleem,INC,22954,7676,8.45421003359215,4,6,298,UP,Mohd Aleem,INC,,,,,False,6,2009,GE
1814373,Daya Ram,PDFO,23287,983,1.08265873671457,5,6,298,UP,Daya Ram,PDFO,,,,,False,6,2009,GE
1814374,Jagdish Prasad,IND,22955,733,0.807313178038438,6,6,298,UP,Jagdish Prasad,IND,,,,,False,6,2009,GE
1814375,Ramender Dev Pathak,PECP,22956,577,0.635497549424527,7,6,298,UP,Ramender Dev Pathak,PECP,,,,,False,6,2009,GE
1814376,Vimal Verma,IND,22955,494,0.544082823944049,8,6,298,UP,Vimal Verma,IND,,,,,False,6,2009,GE
1814377,Paramhans Singh,IND,22955,485,0.534170383831708,9,6,298,UP,Paramhans Singh,IND,,,,,False,6,2009,GE
1814378,Zameer Ahmad,ANC,23085,466,0.513244121372322,10,6,298,UP,Zameer Ahmad,ANC,,,,,False,6,2009,GE
1814379,Jitendra Bahadur,IND,22955,432,0.475797125392367,11,6,298,UP,Jitendra Bahadur,IND,,,,,False,6,2009,GE
1814380,Radheyshyam Boat,IND,22955,404,0.444958422820639,12,6,298,UP,Radheyshyam Boat,IND,,,,,False,6,2009,GE
1814381,Jagdish,IND,22955,339,0.373368577564843,13,6,298,UP,Jagdish,IND,,,,,False,6,2009,GE
1814382,Ram Praksh,RPI(A),23009,325,0.35794922627898,14,6,298,UP,Ram Praksh,RPI(A),,,,,False,6,2009,GE
1814383,Chandra Bhan,IND,22955,302,0.332617434880775,15,6,298,UP,Chandra Bhan,IND,,,,,False,6,2009,GE
1814384,Hafeez,AD,23110,287,0.316096701360207,16,6,298,UP,Hafeez,AD,,,,,False,6,2009,GE
1814385,Raj Kishor Singh,IND,22955,276,0.303981496778456,17,6,298,UP,Raj Kishor Singh,IND,,,,,False,6,2009,GE
1814386,Manoj Kumar,LD,22979,239,0.263230354094388,18,6,298,UP,Manoj Kumar,LD,,,,,False,6,2009,GE
1814387,Om Prakash,IND,22955,223,0.245608238339115,19,6,298,UP,Om Prakash,IND,,,,,False,6,2009,GE
1814388,Udai Raj,IND,22955,206,0.226884740349138,20,6,298,UP,Udai Raj,IND,,,,,False,6,2009,GE
1814389,Vinesh Kumar,IND,22955,198,0.218073682471501,21,6,298,UP,Vinesh Kumar,IND,,,,,False,6,2009,GE
1814390,Anokhi Lal,IND,22955,156,0.17181562861391,22,6,298,UP,Anokhi Lal,IND,,,,,False,6,2009,GE
1814391,Rampher Alias Chunti,IND,22955,132,0.145382454981001,23,6,298,UP,Rampher Alias Chunti,IND,,,,,False,6,2009,GE
1814467,Brij Bhusan Sharan Singh,SP,22952,58069,45.794657855098,1,6,299,UP,Brij Bhusan Sharan Singh,SP,,,,,False,6,2009,GE
1814468,Surendra Nath Awasthi,BSP,22951,35578,28.0576957958407,2,6,299,UP,Surendra Nath Awasthi,BSP,,,,,False,6,2009,GE
1814469,Dr Lalta Prasad Mishra Alias Dr L P,BJP,22953,17000,13.4066228716986,3,6,299,UP,Dr Lalta Prasad Mishra Alias Dr L P,BJP,,,,,False,6,2009,GE
1814470,Mohd Aleem,INC,22954,6476,5.10713468924236,4,6,299,UP,Mohd Aleem,INC,,,,,False,6,2009,GE
1814471,Jagdish Prasad,IND,22955,1533,1.20896193307729,5,6,299,UP,Jagdish Prasad,IND,,,,,False,6,2009,GE
1814472,Zameer Ahmad,ANC,23085,1003,0.790990749430218,6,6,299,UP,Zameer Ahmad,ANC,,,,,False,6,2009,GE
1814473,Raj Kishor Singh,IND,22955,796,0.627745400345417,7,6,299,UP,Raj Kishor Singh,IND,,,,,False,6,2009,GE
1814474,Vimal Verma,IND,22955,709,0.559135036237312,8,6,299,UP,Vimal Verma,IND,,,,,False,6,2009,GE
1814475,Paramhans Singh,IND,22955,622,0.490524672129208,9,6,299,UP,Paramhans Singh,IND,,,,,False,6,2009,GE
1814476,Jagdish,IND,22955,538,0.424280182645521,10,6,299,UP,Jagdish,IND,,,,,False,6,2009,GE
1814477,Jitendra Bahadur,IND,22955,530,0.417971183647074,11,6,299,UP,Jitendra Bahadur,IND,,,,,False,6,2009,GE
1814478,Radheyshyam Boat,IND,22955,476,0.375385440407561,12,6,299,UP,Radheyshyam Boat,IND,,,,,False,6,2009,GE
1814479,Chandra Bhan,IND,22955,465,0.366710566784697,13,6,299,UP,Chandra Bhan,IND,,,,,False,6,2009,GE
1814480,Ramender Dev Pathak,PECP,22956,373,0.294157078302563,14,6,299,UP,Ramender Dev Pathak,PECP,,,,,False,6,2009,GE
1814481,Hafeez,AD,23110,356,0.280750455430865,15,6,299,UP,Hafeez,AD,,,,,False,6,2009,GE
1814482,Manoj Kumar,LD,22979,346,0.272864206682807,16,6,299,UP,Manoj Kumar,LD,,,,,False,6,2009,GE
1814483,Daya Ram,PDFO,23287,325,0.256303084311885,17,6,299,UP,Daya Ram,PDFO,,,,,False,6,2009,GE
1814484,Vinesh Kumar,IND,22955,316,0.249205460438633,18,6,299,UP,Vinesh Kumar,IND,,,,,False,6,2009,GE
1814485,Om Prakash,IND,22955,288,0.22712396394407,19,6,299,UP,Om Prakash,IND,,,,,False,6,2009,GE
1814486,Udai Raj,IND,22955,281,0.22160358982043,20,6,299,UP,Udai Raj,IND,,,,,False,6,2009,GE
1814487,Ram Praksh,RPI(A),23009,277,0.218449090321206,21,6,299,UP,Ram Praksh,RPI(A),,,,,False,6,2009,GE
1814488,Anokhi Lal,IND,22955,232,0.182960970954945,22,6,299,UP,Anokhi Lal,IND,,,,,False,6,2009,GE
1814489,Rampher Alias Chunti,IND,22955,214,0.168765723208441,23,6,299,UP,Rampher Alias Chunti,IND,,,,,False,6,2009,GE
1814561,Kirti Vardhan Singh,BSP,22951,46442,37.1753103812626,1,6,300,UP,Kirti Vardhan Singh,BSP,,,,,False,6,2009,GE
1814562,Beni Prasad Verma,INC,22954,28020,22.4290985935786,2,6,300,UP,Beni Prasad Verma,INC,,,,,False,6,2009,GE
1814563,Vinod Kumar Urf Pandit Singh,SP,22952,21529,17.2332642263081,3,6,300,UP,Vinod Kumar Urf Pandit Singh,SP,,,,,False,6,2009,GE
1814564,Ram Pratap Singh,BJP,22953,10571,8.46174165712776,4,6,300,UP,Ram Pratap Singh,BJP,,,,,False,6,2009,GE
1814565,Ashiq Ali,PECP,22956,5605,4.48662018618873,5,6,300,UP,Ashiq Ali,PECP,,,,,False,6,2009,GE
1814566,Om Prakash,IND,22955,1723,1.37920545598629,6,6,300,UP,Om Prakash,IND,,,,,False,6,2009,GE
1814567,Dr Achyuta Nand Dubey,NCP,22977,1720,1.37680405356728,7,6,300,UP,Dr Achyuta Nand Dubey,NCP,,,,,False,6,2009,GE
1814568,Narendra Singh,IND,22955,1014,0.811674017626293,8,6,300,UP,Narendra Singh,IND,,,,,False,6,2009,GE
1814569,Anuradha Patel,IND,22955,887,0.710014648554755,9,6,300,UP,Anuradha Patel,IND,,,,,False,6,2009,GE
1814570,Rajendra Prasad,ANC,23085,763,0.61075668190223,10,6,300,UP,Rajendra Prasad,ANC,,,,,False,6,2009,GE
1814571,Akhilendra Kumar Pathak,IND,22955,651,0.521104324925756,11,6,300,UP,Akhilendra Kumar Pathak,IND,,,,,False,6,2009,GE
1814572,Prem Kumar,SBSP,23361,634,0.507496377884684,12,6,300,UP,Prem Kumar,SBSP,,,,,False,6,2009,GE
1814573,Satya Prakash,IND,22955,620,0.496289833262625,13,6,300,UP,Satya Prakash,IND,,,,,False,6,2009,GE
1814574,Om Prakash Singh,JPS,23265,608,0.486684223586574,14,6,300,UP,Om Prakash Singh,JPS,,,,,False,6,2009,GE
1814575,Deepak,IND,22955,518,0.414642151016193,15,6,300,UP,Deepak,IND,,,,,False,6,2009,GE
1814576,Ganga Dhar Shukla,IND,22955,507,0.405837008813146,16,6,300,UP,Ganga Dhar Shukla,IND,,,,,False,6,2009,GE
1814577,Ram Lochan,ABHM,22976,438,0.350604753175854,17,6,300,UP,Ram Lochan,ABHM,,,,,False,6,2009,GE
1814578,Harsh Vardhan Pandey,LD,22979,410,0.328191663931736,18,6,300,UP,Harsh Vardhan Pandey,LD,,,,,False,6,2009,GE
1814579,Radhey Shyam,IND,22955,382,0.305778574687617,19,6,300,UP,Radhey Shyam,IND,,,,,False,6,2009,GE
1814580,Vidya Sagar,AD,23110,378,0.3025767047956,20,6,300,UP,Vidya Sagar,AD,,,,,False,6,2009,GE
1814581,Rajendra Prasad,IND,22955,363,0.290569692700537,21,6,300,UP,Rajendra Prasad,IND,,,,,False,6,2009,GE
1814582,Baijnath,IND,22955,358,0.286567355335515,22,6,300,UP,Baijnath,IND,,,,,False,6,2009,GE
1814583,Ram Kewal,VAJP,22957,329,0.263353798618393,23,6,300,UP,Ram Kewal,VAJP,,,,,False,6,2009,GE
1814584,Ram Lakhan,IND,22955,263,0.210522945400113,24,6,300,UP,Ram Lakhan,IND,,,,,False,6,2009,GE
1814585,Ram Prasad,IND,22955,194,0.155290689762821,25,6,300,UP,Ram Prasad,IND,,,,,False,6,2009,GE
1814664,Beni Prasad Verma,INC,22954,33983,27.1379858332734,1,6,301,UP,Beni Prasad Verma,INC,,,,,False,6,2009,GE
1814665,Kirti Vardhan Singh,BSP,22951,27631,22.0654352634899,2,6,301,UP,Kirti Vardhan Singh,BSP,,,,,False,6,2009,GE
1814666,Ram Pratap Singh,BJP,22953,24064,19.2169170200362,3,6,301,UP,Ram Pratap Singh,BJP,,,,,False,6,2009,GE
1814667,Vinod Kumar Urf Pandit Singh,SP,22952,14880,11.8828010828681,4,6,301,UP,Vinod Kumar Urf Pandit Singh,SP,,,,,False,6,2009,GE
1814668,Ashiq Ali,PECP,22956,9130,7.29099286872219,5,6,301,UP,Ashiq Ali,PECP,,,,,False,6,2009,GE
1814669,Om Prakash,IND,22955,1616,1.29049775201041,6,6,301,UP,Om Prakash,IND,,,,,False,6,2009,GE
1814670,Dr Achyuta Nand Dubey,NCP,22977,1384,1.10522827276139,7,6,301,UP,Dr Achyuta Nand Dubey,NCP,,,,,False,6,2009,GE
1814671,Prem Kumar,SBSP,23361,1312,1.04773084816687,8,6,301,UP,Prem Kumar,SBSP,,,,,False,6,2009,GE
1814672,Anuradha Patel,IND,22955,1277,1.01978071121119,9,6,301,UP,Anuradha Patel,IND,,,,,False,6,2009,GE
1814673,Narendra Singh,IND,22955,1108,0.884821478482387,10,6,301,UP,Narendra Singh,IND,,,,,False,6,2009,GE
1814674,Rajendra Prasad,ANC,23085,1087,0.868051396308984,11,6,301,UP,Rajendra Prasad,ANC,,,,,False,6,2009,GE
1814675,Om Prakash Singh,JPS,23265,817,0.652436054079522,12,6,301,UP,Om Prakash Singh,JPS,,,,,False,6,2009,GE
1814676,Akhilendra Kumar Pathak,IND,22955,801,0.639658848614072,13,6,301,UP,Akhilendra Kumar Pathak,IND,,,,,False,6,2009,GE
1814677,Vidya Sagar,AD,23110,709,0.566189917187737,14,6,301,UP,Vidya Sagar,AD,,,,,False,6,2009,GE
1814678,Satya Prakash,IND,22955,696,0.555808437747059,15,6,301,UP,Satya Prakash,IND,,,,,False,6,2009,GE
1814679,Harsh Vardhan Pandey,LD,22979,681,0.5438298076232,16,6,301,UP,Harsh Vardhan Pandey,LD,,,,,False,6,2009,GE
1814680,Baijnath,IND,22955,568,0.453590794023462,17,6,301,UP,Baijnath,IND,,,,,False,6,2009,GE
1814681,Radhey Shyam,IND,22955,558,0.445605040607556,18,6,301,UP,Radhey Shyam,IND,,,,,False,6,2009,GE
1814682,Ram Lochan,ABHM,22976,527,0.420849205018247,19,6,301,UP,Ram Lochan,ABHM,,,,,False,6,2009,GE
1814683,Ganga Dhar Shukla,IND,22955,482,0.38491331464667,20,6,301,UP,Ganga Dhar Shukla,IND,,,,,False,6,2009,GE
1814684,Deepak,IND,22955,462,0.368941807814858,21,6,301,UP,Deepak,IND,,,,,False,6,2009,GE
1814685,Ram Lakhan,IND,22955,418,0.333804492784871,22,6,301,UP,Ram Lakhan,IND,,,,,False,6,2009,GE
1814686,Rajendra Prasad,IND,22955,398,0.317832985953059,23,6,301,UP,Rajendra Prasad,IND,,,,,False,6,2009,GE
1814687,Ram Kewal,VAJP,22957,363,0.289882848997388,24,6,301,UP,Ram Kewal,VAJP,,,,,False,6,2009,GE
1814688,Ram Prasad,IND,22955,271,0.216413917571053,25,6,301,UP,Ram Prasad,IND,,,,,False,6,2009,GE
1814773,Jagdambika Pal,INC,22954,49257,34.7519031459231,1,6,302,UP,Jagdambika Pal,INC,,,,,False,6,2009,GE
1814774,Jai Pratap Singh,BJP,22953,28017,19.7666132821594,2,6,302,UP,Jai Pratap Singh,BJP,,,,,False,6,2009,GE
1814775,Mohd. Muqueem,BSP,22951,26114,18.4240046846668,3,6,302,UP,Mohd. Muqueem,BSP,,,,,False,6,2009,GE
1814776,Inamullah Chaudhary,PECP,22956,14673,10.3521260909135,4,6,302,UP,Inamullah Chaudhary,PECP,,,,,False,6,2009,GE
1814777,Mata Prasad Pandey,SP,22952,10566,7.45454673731294,5,6,302,UP,Mata Prasad Pandey,SP,,,,,False,6,2009,GE
1814778,Siraj Ahamad,IND,22955,2927,2.0650632500582,6,6,302,UP,Siraj Ahamad,IND,,,,,False,6,2009,GE
1814779,Mukhdev,SBSP,23361,2167,1.52886643760715,7,6,302,UP,Mukhdev,SBSP,,,,,False,6,2009,GE
1814780,Ram Kripal,IND,22955,1257,0.886841306909178,8,6,302,UP,Ram Kripal,IND,,,,,False,6,2009,GE
1814781,Pingal Prasad,RPI,23181,1138,0.802884174433289,9,6,302,UP,Pingal Prasad,RPI,,,,,False,6,2009,GE
1814782,Ram Samujh,BJBCD,23578,981,0.692117201334847,10,6,302,UP,Ram Samujh,BJBCD,,,,,False,6,2009,GE
1814783,Rahul Sangh Priya Bharti,IJP,22982,893,0.630031254629988,11,6,302,UP,Rahul Sangh Priya Bharti,IJP,,,,,False,6,2009,GE
1814784,Motilal Vidhyarthi,IND,22955,886,0.625092599778466,12,6,302,UP,Motilal Vidhyarthi,IND,,,,,False,6,2009,GE
1814785,Rajdev,BEP,23579,877,0.61874290068365,13,6,302,UP,Rajdev,BEP,,,,,False,6,2009,GE
1814786,Harishankar,LJP,22994,685,0.483282653327595,14,6,302,UP,Harishankar,LJP,,,,,False,6,2009,GE
1814787,Balkrishna,BSP(K),23111,681,0.48046056484101,15,6,302,UP,Balkrishna,BSP(K),,,,,False,6,2009,GE
1814788,Jitendra Pratap Singh,RDMP,22983,620,0.437423715420597,16,6,302,UP,Jitendra Pratap Singh,RDMP,,,,,False,6,2009,GE
1814875,Jagdambika Pal,INC,22954,53517,32.6009088804688,1,6,303,UP,Jagdambika Pal,INC,,,,,False,6,2009,GE
1814876,Jai Pratap Singh,BJP,22953,49037,29.8718307971588,2,6,303,UP,Jai Pratap Singh,BJP,,,,,False,6,2009,GE
1814877,Mohd. Muqueem,BSP,22951,25899,15.7768734999208,3,6,303,UP,Mohd. Muqueem,BSP,,,,,False,6,2009,GE
1814878,Inamullah Chaudhary,PECP,22956,12111,7.37764836316231,4,6,303,UP,Inamullah Chaudhary,PECP,,,,,False,6,2009,GE
1814879,Mata Prasad Pandey,SP,22952,10650,6.48765214001145,5,6,303,UP,Mata Prasad Pandey,SP,,,,,False,6,2009,GE
1814880,Siraj Ahamad,IND,22955,3025,1.84273687544926,6,6,303,UP,Siraj Ahamad,IND,,,,,False,6,2009,GE
1814881,Mukhdev,SBSP,23361,1871,1.13975560131093,7,6,303,UP,Mukhdev,SBSP,,,,,False,6,2009,GE
1814882,Motilal Vidhyarthi,IND,22955,1503,0.915581330181897,8,6,303,UP,Motilal Vidhyarthi,IND,,,,,False,6,2009,GE
1814883,Ram Kripal,IND,22955,1354,0.82481511714324,9,6,303,UP,Ram Kripal,IND,,,,,False,6,2009,GE
1814884,Pingal Prasad,RPI,23181,1133,0.690188720622814,10,6,303,UP,Pingal Prasad,RPI,,,,,False,6,2009,GE
1814885,Ram Samujh,BJBCD,23578,915,0.557389831747462,11,6,303,UP,Ram Samujh,BJBCD,,,,,False,6,2009,GE
1814886,Rahul Sangh Priya Bharti,IJP,22982,704,0.428855127377282,12,6,303,UP,Rahul Sangh Priya Bharti,IJP,,,,,False,6,2009,GE
1814887,Harishankar,LJP,22994,643,0.391695805260785,13,6,303,UP,Harishankar,LJP,,,,,False,6,2009,GE
1814888,Balkrishna,BSP(K),23111,640,0.389868297615711,14,6,303,UP,Balkrishna,BSP(K),,,,,False,6,2009,GE
1814889,Jitendra Pratap Singh,RDMP,22983,596,0.363064852154631,15,6,303,UP,Jitendra Pratap Singh,RDMP,,,,,False,6,2009,GE
1814890,Rajdev,BEP,23579,560,0.341134760413747,16,6,303,UP,Rajdev,BEP,,,,,False,6,2009,GE
1814961,Jagdambika Pal,INC,22954,42720,29.4020482325735,1,6,304,UP,Jagdambika Pal,INC,,,,,False,6,2009,GE
1814962,Jai Pratap Singh,BJP,22953,41706,28.7041625371655,2,6,304,UP,Jai Pratap Singh,BJP,,,,,False,6,2009,GE
1814963,Mohd. Muqueem,BSP,22951,25654,17.6563704437837,3,6,304,UP,Mohd. Muqueem,BSP,,,,,False,6,2009,GE
1814964,Inamullah Chaudhary,PECP,22956,13222,9.10004404801233,4,6,304,UP,Inamullah Chaudhary,PECP,,,,,False,6,2009,GE
1814965,Mata Prasad Pandey,SP,22952,8631,5.94028741328047,5,6,304,UP,Mata Prasad Pandey,SP,,,,,False,6,2009,GE
1814966,Mukhdev,SBSP,23361,3452,2.3758396652351,6,6,304,UP,Mukhdev,SBSP,,,,,False,6,2009,GE
1814967,Siraj Ahamad,IND,22955,2424,1.66831846712917,7,6,304,UP,Siraj Ahamad,IND,,,,,False,6,2009,GE
1814968,Ram Kripal,IND,22955,1389,0.955979517674264,8,6,304,UP,Ram Kripal,IND,,,,,False,6,2009,GE
1814969,Pingal Prasad,RPI,23181,1224,0.842418235877106,9,6,304,UP,Pingal Prasad,RPI,,,,,False,6,2009,GE
1814970,Motilal Vidhyarthi,IND,22955,796,0.547847153397202,10,6,304,UP,Motilal Vidhyarthi,IND,,,,,False,6,2009,GE
1814971,Rahul Sangh Priya Bharti,IJP,22982,737,0.507240392027309,11,6,304,UP,Rahul Sangh Priya Bharti,IJP,,,,,False,6,2009,GE
1814972,Rajdev,BEP,23579,718,0.494163638365818,12,6,304,UP,Rajdev,BEP,,,,,False,6,2009,GE
1814973,Ram Samujh,BJBCD,23578,683,0.470074881620966,13,6,304,UP,Ram Samujh,BJBCD,,,,,False,6,2009,GE
1814974,Balkrishna,BSP(K),23111,678,0.466633630657416,14,6,304,UP,Balkrishna,BSP(K),,,,,False,6,2009,GE
1814975,Harishankar,LJP,22994,676,0.465257130271996,15,6,304,UP,Harishankar,LJP,,,,,False,6,2009,GE
1814976,Jitendra Pratap Singh,RDMP,22983,586,0.403314612928091,16,6,304,UP,Jitendra Pratap Singh,RDMP,,,,,False,6,2009,GE
1815056,Jagdambika Pal,INC,22954,40404,31.0499054762307,1,6,305,UP,Jagdambika Pal,INC,,,,,False,6,2009,GE
1815057,Mohd. Muqueem,BSP,22951,40251,30.9323271290902,2,6,305,UP,Mohd. Muqueem,BSP,,,,,False,6,2009,GE
1815058,Mata Prasad Pandey,SP,22952,14549,11.1807017813503,3,6,305,UP,Mata Prasad Pandey,SP,,,,,False,6,2009,GE
1815059,Jai Pratap Singh,BJP,22953,13122,10.084072360635,4,6,305,UP,Jai Pratap Singh,BJP,,,,,False,6,2009,GE
1815060,Inamullah Chaudhary,PECP,22956,11545,8.87217005056637,5,6,305,UP,Inamullah Chaudhary,PECP,,,,,False,6,2009,GE
1815061,Siraj Ahamad,IND,22955,2170,1.66761446597912,6,6,305,UP,Siraj Ahamad,IND,,,,,False,6,2009,GE
1815062,Pingal Prasad,RPI,23181,1272,0.977514101716797,7,6,305,UP,Pingal Prasad,RPI,,,,,False,6,2009,GE
1815063,Mukhdev,SBSP,23361,1119,0.859935754576333,8,6,305,UP,Mukhdev,SBSP,,,,,False,6,2009,GE
1815064,Ram Kripal,IND,22955,924,0.710080998416918,9,6,305,UP,Ram Kripal,IND,,,,,False,6,2009,GE
1815065,Harishankar,LJP,22994,799,0.614020257289089,10,6,305,UP,Harishankar,LJP,,,,,False,6,2009,GE
1815066,Motilal Vidhyarthi,IND,22955,753,0.578669904554047,11,6,305,UP,Motilal Vidhyarthi,IND,,,,,False,6,2009,GE
1815067,Ram Samujh,BJBCD,23578,711,0.546393495535096,12,6,305,UP,Ram Samujh,BJBCD,,,,,False,6,2009,GE
1815068,Rahul Sangh Priya Bharti,IJP,22982,708,0.544088037748028,13,6,305,UP,Rahul Sangh Priya Bharti,IJP,,,,,False,6,2009,GE
1815069,Rajdev,BEP,23579,679,0.521801945806372,14,6,305,UP,Rajdev,BEP,,,,,False,6,2009,GE
1815070,Balkrishna,BSP(K),23111,592,0.454943669981402,15,6,305,UP,Balkrishna,BSP(K),,,,,False,6,2009,GE
1815071,Jitendra Pratap Singh,RDMP,22983,528,0.405760570523953,16,6,305,UP,Jitendra Pratap Singh,RDMP,,,,,False,6,2009,GE
1815135,Jagdambika Pal,INC,22954,43863,28.4392546390549,1,6,306,UP,Jagdambika Pal,INC,,,,,False,6,2009,GE
1815136,Mohd. Muqueem,BSP,22951,33797,21.9128078115071,2,6,306,UP,Mohd. Muqueem,BSP,,,,,False,6,2009,GE
1815137,Inamullah Chaudhary,PECP,22956,28250,18.3163245458199,3,6,306,UP,Inamullah Chaudhary,PECP,,,,,False,6,2009,GE
1815138,Jai Pratap Singh,BJP,22953,21322,13.8244485651672,4,6,306,UP,Jai Pratap Singh,BJP,,,,,False,6,2009,GE
1815139,Mata Prasad Pandey,SP,22952,15769,10.2240751066561,5,6,306,UP,Mata Prasad Pandey,SP,,,,,False,6,2009,GE
1815140,Siraj Ahamad,IND,22955,2223,1.4413164412516,6,6,306,UP,Siraj Ahamad,IND,,,,,False,6,2009,GE
1815141,Pingal Prasad,RPI,23181,1369,0.887612329317789,7,6,306,UP,Pingal Prasad,RPI,,,,,False,6,2009,GE
1815142,Mukhdev,SBSP,23361,1242,0.80526991454543,8,6,306,UP,Mukhdev,SBSP,,,,,False,6,2009,GE
1815143,Ram Kripal,IND,22955,1025,0.664574607414707,9,6,306,UP,Ram Kripal,IND,,,,,False,6,2009,GE
1815144,Ram Samujh,BJBCD,23578,1017,0.659387683649519,10,6,306,UP,Ram Samujh,BJBCD,,,,,False,6,2009,GE
1815145,Rahul Sangh Priya Bharti,IJP,22982,1008,0.653552394413683,11,6,306,UP,Rahul Sangh Priya Bharti,IJP,,,,,False,6,2009,GE
1815146,Motilal Vidhyarthi,IND,22955,732,0.474603524514698,12,6,306,UP,Motilal Vidhyarthi,IND,,,,,False,6,2009,GE
1815147,Harishankar,LJP,22994,705,0.457097656807189,13,6,306,UP,Harishankar,LJP,,,,,False,6,2009,GE
1815148,Jitendra Pratap Singh,RDMP,22983,694,0.449965636630055,14,6,306,UP,Jitendra Pratap Singh,RDMP,,,,,False,6,2009,GE
1815149,Rajdev,BEP,23579,677,0.438943423629031,15,6,306,UP,Rajdev,BEP,,,,,False,6,2009,GE
1815150,Balkrishna,BSP(K),23111,541,0.350765719620835,16,6,306,UP,Balkrishna,BSP(K),,,,,False,6,2009,GE
1815224,Arvind Kumar Chaudhary,BSP,22951,60287,38.9066362058172,1,6,307,UP,Arvind Kumar Chaudhary,BSP,,,,,False,6,2009,GE
1815225,Raj Kishor Singh,SP,22952,43415,28.0181732525346,2,6,307,UP,Raj Kishor Singh,SP,,,,,False,6,2009,GE
1815226,Dr. Y. D. Singh,BJP,22953,23585,15.2207443547398,3,6,307,UP,Dr. Y. D. Singh,BJP,,,,,False,6,2009,GE
1815227,Basant Chaudhary,INC,22954,12561,8.10632901589514,4,6,307,UP,Basant Chaudhary,INC,,,,,False,6,2009,GE
1815228,Dayashankar Patwa,PECP,22956,4756,3.06931779313727,5,6,307,UP,Dayashankar Patwa,PECP,,,,,False,6,2009,GE
1815229,Satish Chandra Sharma,IND,22955,2473,1.59596780959387,6,6,307,UP,Satish Chandra Sharma,IND,,,,,False,6,2009,GE
1815230,Dalbag Singh,BSP(K),23111,1833,1.18293934289752,7,6,307,UP,Dalbag Singh,BSP(K),,,,,False,6,2009,GE
1815231,Vinod Kumar Rajbhar,SBSP,23361,1242,0.80153336818261,8,6,307,UP,Vinod Kumar Rajbhar,SBSP,,,,,False,6,2009,GE
1815232,Satyadev Ojha,IND,22955,794,0.512413441495163,9,6,307,UP,Satyadev Ojha,IND,,,,,False,6,2009,GE
1815233,Shiv Poojan Arya,IND,22955,753,0.485953805347427,10,6,307,UP,Shiv Poojan Arya,IND,,,,,False,6,2009,GE
1815234,Ram Nayan Patel,AD,23110,693,0.447232386594644,11,6,307,UP,Ram Nayan Patel,AD,,,,,False,6,2009,GE
1815235,Sitaram Nishad,JPS,23265,669,0.431743819093531,12,6,307,UP,Sitaram Nishad,JPS,,,,,False,6,2009,GE
1815236,Om Prakash,VAJP,22957,626,0.40399346898737,13,6,307,UP,Om Prakash,VAJP,,,,,False,6,2009,GE
1815237,Ram Lalan Yadav,IND,22955,600,0.387214187527831,14,6,307,UP,Ram Lalan Yadav,IND,,,,,False,6,2009,GE
1815238,Sanjeev Kumar Nishad,BUM,23560,359,0.231683155537485,15,6,307,UP,Sanjeev Kumar Nishad,BUM,,,,,False,6,2009,GE
1815239,Shivdas,SSD,23067,307,0.198124592618406,16,6,307,UP,Shivdas,SSD,,,,,False,6,2009,GE
1815317,Arvind Kumar Chaudhary,BSP,22951,53468,33.9913159015632,1,6,308,UP,Arvind Kumar Chaudhary,BSP,,,,,False,6,2009,GE
1815318,Raj Kishor Singh,SP,22952,41930,26.6562406626869,2,6,308,UP,Raj Kishor Singh,SP,,,,,False,6,2009,GE
1815319,Basant Chaudhary,INC,22954,22286,14.1679222372678,3,6,308,UP,Basant Chaudhary,INC,,,,,False,6,2009,GE
1815320,Dr. Y. D. Singh,BJP,22953,18123,11.5213701294985,4,6,308,UP,Dr. Y. D. Singh,BJP,,,,,False,6,2009,GE
1815321,Dayashankar Patwa,PECP,22956,11073,7.03945988213529,5,6,308,UP,Dayashankar Patwa,PECP,,,,,False,6,2009,GE
1815322,Satish Chandra Sharma,IND,22955,2131,1.35474478540868,6,6,308,UP,Satish Chandra Sharma,IND,,,,,False,6,2009,GE
1815323,Dalbag Singh,BSP(K),23111,2053,1.30515769331019,7,6,308,UP,Dalbag Singh,BSP(K),,,,,False,6,2009,GE
1815324,Vinod Kumar Rajbhar,SBSP,23361,1680,1.06802967596742,8,6,308,UP,Vinod Kumar Rajbhar,SBSP,,,,,False,6,2009,GE
1815325,Satyadev Ojha,IND,22955,931,0.591866445431948,9,6,308,UP,Satyadev Ojha,IND,,,,,False,6,2009,GE
1815326,Ram Nayan Patel,AD,23110,744,0.472984570785573,10,6,308,UP,Ram Nayan Patel,AD,,,,,False,6,2009,GE
1815327,Shiv Poojan Arya,IND,22955,683,0.434204921836756,11,6,308,UP,Shiv Poojan Arya,IND,,,,,False,6,2009,GE
1815328,Om Prakash,VAJP,22957,600,0.381439169988366,12,6,308,UP,Om Prakash,VAJP,,,,,False,6,2009,GE
1815329,Ram Lalan Yadav,IND,22955,554,0.352195500289258,13,6,308,UP,Ram Lalan Yadav,IND,,,,,False,6,2009,GE
1815330,Sitaram Nishad,JPS,23265,380,0.241578140992631,14,6,308,UP,Sitaram Nishad,JPS,,,,,False,6,2009,GE
1815331,Sanjeev Kumar Nishad,BUM,23560,375,0.238399481242728,15,6,308,UP,Sanjeev Kumar Nishad,BUM,,,,,False,6,2009,GE
1815332,Shivdas,SSD,23067,288,0.183090801594415,16,6,308,UP,Shivdas,SSD,,,,,False,6,2009,GE
1815406,Arvind Kumar Chaudhary,BSP,22951,50678,30.5303870066027,1,6,309,UP,Arvind Kumar Chaudhary,BSP,,,,,False,6,2009,GE
1815407,Basant Chaudhary,INC,22954,30450,18.3442575545809,2,6,309,UP,Basant Chaudhary,INC,,,,,False,6,2009,GE
1815408,Dayashankar Patwa,PECP,22956,23673,14.2615306761771,3,6,309,UP,Dayashankar Patwa,PECP,,,,,False,6,2009,GE
1815409,Dr. Y. D. Singh,BJP,22953,23552,14.1886355968962,4,6,309,UP,Dr. Y. D. Singh,BJP,,,,,False,6,2009,GE
1815410,Raj Kishor Singh,SP,22952,22820,13.7476504891802,5,6,309,UP,Raj Kishor Singh,SP,,,,,False,6,2009,GE
1815411,Vinod Kumar Rajbhar,SBSP,23361,2932,1.76635018555111,6,6,309,UP,Vinod Kumar Rajbhar,SBSP,,,,,False,6,2009,GE
1815412,Dalbag Singh,BSP(K),23111,2714,1.63501855511108,7,6,309,UP,Dalbag Singh,BSP(K),,,,,False,6,2009,GE
1815413,Satish Chandra Sharma,IND,22955,2410,1.45187719890115,8,6,309,UP,Satish Chandra Sharma,IND,,,,,False,6,2009,GE
1815414,Satyadev Ojha,IND,22955,1678,1.01089209118511,9,6,309,UP,Satyadev Ojha,IND,,,,,False,6,2009,GE
1815415,Sanjeev Kumar Nishad,BUM,23560,879,0.529543592462287,10,6,309,UP,Sanjeev Kumar Nishad,BUM,,,,,False,6,2009,GE
1815416,Om Prakash,VAJP,22957,821,0.49460214950118,11,6,309,UP,Om Prakash,VAJP,,,,,False,6,2009,GE
1815417,Ram Nayan Patel,AD,23110,758,0.456648513181358,12,6,309,UP,Ram Nayan Patel,AD,,,,,False,6,2009,GE
1815418,Shiv Poojan Arya,IND,22955,724,0.436165598342088,13,6,309,UP,Shiv Poojan Arya,IND,,,,,False,6,2009,GE
1815419,Shivdas,SSD,23067,699,0.421104631548508,14,6,309,UP,Shivdas,SSD,,,,,False,6,2009,GE
1815420,Ram Lalan Yadav,IND,22955,691,0.416285122174562,15,6,309,UP,Ram Lalan Yadav,IND,,,,,False,6,2009,GE
1815421,Sitaram Nishad,JPS,23265,513,0.30905103860427,16,6,309,UP,Sitaram Nishad,JPS,,,,,False,6,2009,GE
1815503,Arvind Kumar Chaudhary,BSP,22951,52279,35.9305841924398,1,6,310,UP,Arvind Kumar Chaudhary,BSP,,,,,False,6,2009,GE
1815504,Dr. Y. D. Singh,BJP,22953,27968,19.2219931271477,2,6,310,UP,Dr. Y. D. Singh,BJP,,,,,False,6,2009,GE
1815505,Raj Kishor Singh,SP,22952,22045,15.1512027491408,3,6,310,UP,Raj Kishor Singh,SP,,,,,False,6,2009,GE
1815506,Dayashankar Patwa,PECP,22956,15814,10.8687285223367,4,6,310,UP,Dayashankar Patwa,PECP,,,,,False,6,2009,GE
1815507,Basant Chaudhary,INC,22954,15414,10.5938144329896,5,6,310,UP,Basant Chaudhary,INC,,,,,False,6,2009,GE
1815508,Vinod Kumar Rajbhar,SBSP,23361,3537,2.43092783505154,6,6,310,UP,Vinod Kumar Rajbhar,SBSP,,,,,False,6,2009,GE
1815509,Dalbag Singh,BSP(K),23111,1989,1.36701030927835,7,6,310,UP,Dalbag Singh,BSP(K),,,,,False,6,2009,GE
1815510,Satish Chandra Sharma,IND,22955,1973,1.35601374570446,8,6,310,UP,Satish Chandra Sharma,IND,,,,,False,6,2009,GE
1815511,Satyadev Ojha,IND,22955,1184,0.813745704467353,9,6,310,UP,Satyadev Ojha,IND,,,,,False,6,2009,GE
1815512,Ram Nayan Patel,AD,23110,634,0.43573883161512,10,6,310,UP,Ram Nayan Patel,AD,,,,,False,6,2009,GE
1815513,Shiv Poojan Arya,IND,22955,511,0.351202749140893,11,6,310,UP,Shiv Poojan Arya,IND,,,,,False,6,2009,GE
1815514,Om Prakash,VAJP,22957,511,0.351202749140893,11,6,310,UP,Om Prakash,VAJP,,,,,False,6,2009,GE
1815515,Ram Lalan Yadav,IND,22955,489,0.336082474226804,13,6,310,UP,Ram Lalan Yadav,IND,,,,,False,6,2009,GE
1815516,Sanjeev Kumar Nishad,BUM,23560,484,0.332646048109965,14,6,310,UP,Sanjeev Kumar Nishad,BUM,,,,,False,6,2009,GE
1815517,Sitaram Nishad,JPS,23265,356,0.2446735395189,15,6,310,UP,Sitaram Nishad,JPS,,,,,False,6,2009,GE
1815518,Shivdas,SSD,23067,312,0.214432989690721,16,6,310,UP,Shivdas,SSD,,,,,False,6,2009,GE
1815602,Arvind Kumar Chaudhary,BSP,22951,51856,34.6131254338655,1,6,311,UP,Arvind Kumar Chaudhary,BSP,,,,,False,6,2009,GE
1815603,Raj Kishor Singh,SP,22952,33221,22.1745340951567,2,6,311,UP,Raj Kishor Singh,SP,,,,,False,6,2009,GE
1815604,Dr. Y. D. Singh,BJP,22953,23978,16.0049660917392,3,6,311,UP,Dr. Y. D. Singh,BJP,,,,,False,6,2009,GE
1815605,Basant Chaudhary,INC,22954,14502,9.67987397874726,4,6,311,UP,Basant Chaudhary,INC,,,,,False,6,2009,GE
1815606,Dayashankar Patwa,PECP,22956,12658,8.44903081112831,5,6,311,UP,Dayashankar Patwa,PECP,,,,,False,6,2009,GE
1815607,Vinod Kumar Rajbhar,SBSP,23361,3382,2.25743578789982,6,6,311,UP,Vinod Kumar Rajbhar,SBSP,,,,,False,6,2009,GE
1815608,Satish Chandra Sharma,IND,22955,2443,1.63066695146045,7,6,311,UP,Satish Chandra Sharma,IND,,,,,False,6,2009,GE
1815609,Dalbag Singh,BSP(K),23111,2128,1.42040903508303,8,6,311,UP,Dalbag Singh,BSP(K),,,,,False,6,2009,GE
1815610,Satyadev Ojha,IND,22955,1430,0.954504191808618,9,6,311,UP,Satyadev Ojha,IND,,,,,False,6,2009,GE
1815611,Sanjeev Kumar Nishad,BUM,23560,1024,0.683505099588828,10,6,311,UP,Sanjeev Kumar Nishad,BUM,,,,,False,6,2009,GE
1815612,Shiv Poojan Arya,IND,22955,712,0.475249639557857,11,6,311,UP,Shiv Poojan Arya,IND,,,,,False,6,2009,GE
1815613,Ram Nayan Patel,AD,23110,648,0.432530570833555,12,6,311,UP,Ram Nayan Patel,AD,,,,,False,6,2009,GE
1815614,Ram Lalan Yadav,IND,22955,591,0.394483900250974,13,6,311,UP,Ram Lalan Yadav,IND,,,,,False,6,2009,GE
1815615,Om Prakash,VAJP,22957,532,0.355102258770758,14,6,311,UP,Om Prakash,VAJP,,,,,False,6,2009,GE
1815616,Sitaram Nishad,JPS,23265,395,0.2636567522828,15,6,311,UP,Sitaram Nishad,JPS,,,,,False,6,2009,GE
1815617,Shivdas,SSD,23067,316,0.21092540182624,16,6,311,UP,Shivdas,SSD,,,,,False,6,2009,GE
1815685,Sharad Tripathi,BJP,22953,43931,24.755577344626,1,6,312,UP,Sharad Tripathi,BJP,,,,,False,6,2009,GE
1815686,Bhism Shankar Alias Kushal Tiwari,BSP,22951,37899,21.3564823424002,2,6,312,UP,Bhism Shankar Alias Kushal Tiwari,BSP,,,,,False,6,2009,GE
1815687,Rajesh Singh,PECP,22956,30065,16.941941518886,3,6,312,UP,Rajesh Singh,PECP,,,,,False,6,2009,GE
1815688,Bhal Chandra Yadav,SP,22952,27785,15.6571377050473,4,6,312,UP,Bhal Chandra Yadav,SP,,,,,False,6,2009,GE
1815689,Fazley Mahamood,INC,22954,14376,8.10102615251973,5,6,312,UP,Fazley Mahamood,INC,,,,,False,6,2009,GE
1815690,Kamla Kant Chaudhary,CPI,22973,2976,1.67700708332628,6,6,312,UP,Kamla Kant Chaudhary,CPI,,,,,False,6,2009,GE
1815691,Joogesh Yadav,IND,22955,2531,1.42624493544987,7,6,312,UP,Joogesh Yadav,IND,,,,,False,6,2009,GE
1815692,Anju,IND,22955,2315,1.304526679402,8,6,312,UP,Anju,IND,,,,,False,6,2009,GE
1815693,Harish Chandra,IND,22955,1624,0.915140962137733,9,6,312,UP,Harish Chandra,IND,,,,,False,6,2009,GE
1815694,Ram Avadh Nishad,SBSP,23361,1581,0.890910013017091,10,6,312,UP,Ram Avadh Nishad,SBSP,,,,,False,6,2009,GE
1815695,Shri Baba Ram Chandra,IND,22955,1279,0.720729858727931,11,6,312,UP,Shri Baba Ram Chandra,IND,,,,,False,6,2009,GE
1815696,Indra Kumar,BUM,23560,1262,0.711150181168607,12,6,312,UP,Indra Kumar,BUM,,,,,False,6,2009,GE
1815697,Lotan Urf Lautan Prasad,SSD,23067,1238,0.697625930496621,13,6,312,UP,Lotan Urf Lautan Prasad,SSD,,,,,False,6,2009,GE
1815698,Ram Achal,MADP,23222,1151,0.648600521810671,14,6,312,UP,Ram Achal,MADP,,,,,False,6,2009,GE
1815699,Sushila Jigyasu,IND,22955,1144,0.644655948698009,15,6,312,UP,Sushila Jigyasu,IND,,,,,False,6,2009,GE
1815700,Vinod Rai,NLHP,23028,944,0.53195385976479,16,6,312,UP,Vinod Rai,NLHP,,,,,False,6,2009,GE
1815701,Panchoo Beldar,ASP,22961,864,0.486873024191503,17,6,312,UP,Panchoo Beldar,ASP,,,,,False,6,2009,GE
1815702,Krishna Nand Mishra,AIMF,23046,825,0.464896116849525,18,6,312,UP,Krishna Nand Mishra,AIMF,,,,,False,6,2009,GE
1815703,Ramesh,IND,22955,796,0.448554313954209,19,6,312,UP,Ramesh,IND,,,,,False,6,2009,GE
1815704,Nityanand Mani Tripathi,IND,22955,713,0.401782947046923,20,6,312,UP,Nityanand Mani Tripathi,IND,,,,,False,6,2009,GE
1815705,Vinay Pandey,IND,22955,648,0.365154768143627,21,6,312,UP,Vinay Pandey,IND,,,,,False,6,2009,GE
1815706,Phooldeo,IND,22955,642,0.36177370547563,22,6,312,UP,Phooldeo,IND,,,,,False,6,2009,GE
1815707,Jantri Lal,JPS,23265,437,0.246254064319082,23,6,312,UP,Jantri Lal,JPS,,,,,False,6,2009,GE
1815708,Kheladi,BRPP,23273,433,0.244000022540417,24,6,312,UP,Kheladi,BRPP,,,,,False,6,2009,GE
1815801,Rajesh Singh,PECP,22956,45832,27.1180824689809,1,6,313,UP,Rajesh Singh,PECP,,,,,False,6,2009,GE
1815802,Bhism Shankar Alias Kushal Tiwari,BSP,22951,40542,23.9880716411552,2,6,313,UP,Bhism Shankar Alias Kushal Tiwari,BSP,,,,,False,6,2009,GE
1815803,Sharad Tripathi,BJP,22953,31585,18.6883538746457,3,6,313,UP,Sharad Tripathi,BJP,,,,,False,6,2009,GE
1815804,Bhal Chandra Yadav,SP,22952,26504,15.6820051003201,4,6,313,UP,Bhal Chandra Yadav,SP,,,,,False,6,2009,GE
1815805,Fazley Mahamood,INC,22954,6766,4.0033371003911,5,6,313,UP,Fazley Mahamood,INC,,,,,False,6,2009,GE
1815806,Kamla Kant Chaudhary,CPI,22973,2158,1.27685507872361,6,6,313,UP,Kamla Kant Chaudhary,CPI,,,,,False,6,2009,GE
1815807,Joogesh Yadav,IND,22955,1909,1.1295256465632,7,6,313,UP,Joogesh Yadav,IND,,,,,False,6,2009,GE
1815808,Anju,IND,22955,1526,0.902910495890751,8,6,313,UP,Anju,IND,,,,,False,6,2009,GE
1815809,Ram Avadh Nishad,SBSP,23361,1437,0.850250578371566,9,6,313,UP,Ram Avadh Nishad,SBSP,,,,,False,6,2009,GE
1815810,Harish Chandra,IND,22955,1119,0.662094918022117,10,6,313,UP,Harish Chandra,IND,,,,,False,6,2009,GE
1815811,Shri Baba Ram Chandra,IND,22955,1086,0.642569330627363,11,6,313,UP,Shri Baba Ram Chandra,IND,,,,,False,6,2009,GE
1815812,Vinod Rai,NLHP,23028,989,0.585175937376116,12,6,313,UP,Vinod Rai,NLHP,,,,,False,6,2009,GE
1815813,Indra Kumar,BUM,23560,933,0.552041607251684,13,6,313,UP,Indra Kumar,BUM,,,,,False,6,2009,GE
1815814,Sushila Jigyasu,IND,22955,898,0.531332650923915,14,6,313,UP,Sushila Jigyasu,IND,,,,,False,6,2009,GE
1815815,Lotan Urf Lautan Prasad,SSD,23067,883,0.522457383926299,15,6,313,UP,Lotan Urf Lautan Prasad,SSD,,,,,False,6,2009,GE
1815816,Ram Achal,MADP,23222,880,0.520682330526776,16,6,313,UP,Ram Achal,MADP,,,,,False,6,2009,GE
1815817,Panchoo Beldar,ASP,22961,698,0.412995757622375,17,6,313,UP,Panchoo Beldar,ASP,,,,,False,6,2009,GE
1815818,Ramesh,IND,22955,682,0.403528806158251,18,6,313,UP,Ramesh,IND,,,,,False,6,2009,GE
1815819,Krishna Nand Mishra,AIMF,23046,619,0.366252684768266,19,6,313,UP,Krishna Nand Mishra,AIMF,,,,,False,6,2009,GE
1815820,Nityanand Mani Tripathi,IND,22955,452,0.26744137886148,20,6,313,UP,Nityanand Mani Tripathi,IND,,,,,False,6,2009,GE
1815821,Phooldeo,IND,22955,442,0.261524534196403,21,6,313,UP,Phooldeo,IND,,,,,False,6,2009,GE
1815822,Vinay Pandey,IND,22955,424,0.250874213799265,22,6,313,UP,Vinay Pandey,IND,,,,,False,6,2009,GE
1815823,Jantri Lal,JPS,23265,355,0.210047985610233,23,6,313,UP,Jantri Lal,JPS,,,,,False,6,2009,GE
1815824,Kheladi,BRPP,23273,290,0.171588495287233,24,6,313,UP,Kheladi,BRPP,,,,,False,6,2009,GE
1815927,Bhal Chandra Yadav,SP,22952,46954,29.1659678611582,1,6,314,UP,Bhal Chandra Yadav,SP,,,,,False,6,2009,GE
1815928,Bhism Shankar Alias Kushal Tiwari,BSP,22951,45757,28.4224388001664,2,6,314,UP,Bhism Shankar Alias Kushal Tiwari,BSP,,,,,False,6,2009,GE
1815929,Sharad Tripathi,BJP,22953,30086,18.6882333575585,3,6,314,UP,Sharad Tripathi,BJP,,,,,False,6,2009,GE
1815930,Rajesh Singh,PECP,22956,13653,8.48070365055997,4,6,314,UP,Rajesh Singh,PECP,,,,,False,6,2009,GE
1815931,Ram Avadh Nishad,SBSP,23361,4070,2.52812303946232,5,6,314,UP,Ram Avadh Nishad,SBSP,,,,,False,6,2009,GE
1815932,Fazley Mahamood,INC,22954,3695,2.29518786997869,6,6,314,UP,Fazley Mahamood,INC,,,,,False,6,2009,GE
1815933,Kamla Kant Chaudhary,CPI,22973,2127,1.32120828131114,7,6,314,UP,Kamla Kant Chaudhary,CPI,,,,,False,6,2009,GE
1815934,Joogesh Yadav,IND,22955,2028,1.25971339656746,8,6,314,UP,Joogesh Yadav,IND,,,,,False,6,2009,GE
1815935,Anju,IND,22955,1651,1.02553590617992,9,6,314,UP,Anju,IND,,,,,False,6,2009,GE
1815936,Lotan Urf Lautan Prasad,SSD,23067,1307,0.811856710706942,10,6,314,UP,Lotan Urf Lautan Prasad,SSD,,,,,False,6,2009,GE
1815937,Jantri Lal,JPS,23265,1183,0.734832814664355,11,6,314,UP,Jantri Lal,JPS,,,,,False,6,2009,GE
1815938,Harish Chandra,IND,22955,1136,0.705638273422407,12,6,314,UP,Harish Chandra,IND,,,,,False,6,2009,GE
1815939,Indra Kumar,BUM,23560,852,0.529228705066805,13,6,314,UP,Indra Kumar,BUM,,,,,False,6,2009,GE
1815940,Ram Achal,MADP,23222,822,0.510593891508115,14,6,314,UP,Ram Achal,MADP,,,,,False,6,2009,GE
1815941,Shri Baba Ram Chandra,IND,22955,797,0.495064880209206,15,6,314,UP,Shri Baba Ram Chandra,IND,,,,,False,6,2009,GE
1815942,Ramesh,IND,22955,752,0.467112659871171,16,6,314,UP,Ramesh,IND,,,,,False,6,2009,GE
1815943,Vinod Rai,NLHP,23028,707,0.439160439533135,17,6,314,UP,Vinod Rai,NLHP,,,,,False,6,2009,GE
1815944,Phooldeo,IND,22955,625,0.388225282472715,18,6,314,UP,Phooldeo,IND,,,,,False,6,2009,GE
1815945,Sushila Jigyasu,IND,22955,571,0.354682618067072,19,6,314,UP,Sushila Jigyasu,IND,,,,,False,6,2009,GE
1815946,Krishna Nand Mishra,AIMF,23046,493,0.306232102814478,20,6,314,UP,Krishna Nand Mishra,AIMF,,,,,False,6,2009,GE
1815947,Vinay Pandey,IND,22955,491,0.304989781910565,21,6,314,UP,Vinay Pandey,IND,,,,,False,6,2009,GE
1815948,Panchoo Beldar,ASP,22961,479,0.297535856487089,22,6,314,UP,Panchoo Beldar,ASP,,,,,False,6,2009,GE
1815949,Nityanand Mani Tripathi,IND,22955,409,0.254054624850145,23,6,314,UP,Nityanand Mani Tripathi,IND,,,,,False,6,2009,GE
1815950,Kheladi,BRPP,23273,344,0.213679195472982,24,6,314,UP,Kheladi,BRPP,,,,,False,6,2009,GE
1816030,Harsh Vardhan,INC,22954,63554,43.5125531463312,1,6,315,UP,Harsh Vardhan,INC,,,,,False,6,2009,GE
1816031,Ganesh Shanker Pandey,BSP,22951,29560,20.2383968122471,2,6,315,UP,Ganesh Shanker Pandey,BSP,,,,,False,6,2009,GE
1816032,Pankaj,BJP,22953,26689,18.27275279168,3,6,315,UP,Pankaj,BJP,,,,,False,6,2009,GE
1816033,Ajeet Mani,SP,22952,17905,12.2587447538323,4,6,315,UP,Ajeet Mani,SP,,,,,False,6,2009,GE
1816034,Hanuman,IND,22955,1664,1.13926563922798,5,6,315,UP,Hanuman,IND,,,,,False,6,2009,GE
1816035,Abdwurruf Ansari,NLHP,23028,1262,0.864034397058722,6,6,315,UP,Abdwurruf Ansari,NLHP,,,,,False,6,2009,GE
1816036,Pawan Kumar,RPI(A),23009,1239,0.848287335939586,7,6,315,UP,Pawan Kumar,RPI(A),,,,,False,6,2009,GE
1816037,Omprakash Chaturvedi,IND,22955,695,0.475835107730437,8,6,315,UP,Omprakash Chaturvedi,IND,,,,,False,6,2009,GE
1816038,Chaudhary Sanjay Singh Patel,IND,22955,675,0.462142011105101,9,6,315,UP,Chaudhary Sanjay Singh Patel,IND,,,,,False,6,2009,GE
1816039,Lal Bihari,IND,22955,585,0.400523076291087,10,6,315,UP,Lal Bihari,IND,,,,,False,6,2009,GE
1816040,Shyam Sunder Das Chaurasia,IND,22955,578,0.39573049247222,11,6,315,UP,Shyam Sunder Das Chaurasia,IND,,,,,False,6,2009,GE
1816041,Satya Narayan Urf Satnarayan,BEP,23579,475,0.325211044851737,12,6,315,UP,Satya Narayan Urf Satnarayan,BEP,,,,,False,6,2009,GE
1816042,Dilip Kumar,IND,22955,472,0.323157080357937,13,6,315,UP,Dilip Kumar,IND,,,,,False,6,2009,GE
1816043,Ram Nivas,IND,22955,364,0.249214358581121,14,6,315,UP,Ram Nivas,IND,,,,,False,6,2009,GE
1816044,Ram Kishun Nishad,SBSP,23361,342,0.234151952293251,15,6,315,UP,Ram Kishun Nishad,SBSP,,,,,False,6,2009,GE
1816136,Harsh Vardhan,INC,22954,58732,38.1445977190658,1,6,316,UP,Harsh Vardhan,INC,,,,,False,6,2009,GE
1816137,Ganesh Shanker Pandey,BSP,22951,34116,22.1572753487647,2,6,316,UP,Ganesh Shanker Pandey,BSP,,,,,False,6,2009,GE
1816138,Ajeet Mani,SP,22952,30355,19.7146234380276,3,6,316,UP,Ajeet Mani,SP,,,,,False,6,2009,GE
1816139,Pankaj,BJP,22953,20635,13.4017873379575,4,6,316,UP,Pankaj,BJP,,,,,False,6,2009,GE
1816140,Hanuman,IND,22955,2113,1.37232743615722,5,6,316,UP,Hanuman,IND,,,,,False,6,2009,GE
1816141,Ram Kishun Nishad,SBSP,23361,1924,1.24957784532252,6,6,316,UP,Ram Kishun Nishad,SBSP,,,,,False,6,2009,GE
1816142,Pawan Kumar,RPI(A),23009,1460,0.948224352479671,7,6,316,UP,Pawan Kumar,RPI(A),,,,,False,6,2009,GE
1816143,Abdwurruf Ansari,NLHP,23028,1074,0.697529420933676,8,6,316,UP,Abdwurruf Ansari,NLHP,,,,,False,6,2009,GE
1816144,Omprakash Chaturvedi,IND,22955,698,0.453329176733432,9,6,316,UP,Omprakash Chaturvedi,IND,,,,,False,6,2009,GE
1816145,Shyam Sunder Das Chaurasia,IND,22955,676,0.439040864572779,10,6,316,UP,Shyam Sunder Das Chaurasia,IND,,,,,False,6,2009,GE
1816146,Chaudhary Sanjay Singh Patel,IND,22955,547,0.355259397812589,11,6,316,UP,Chaudhary Sanjay Singh Patel,IND,,,,,False,6,2009,GE
1816147,Lal Bihari,IND,22955,540,0.350713116670563,12,6,316,UP,Lal Bihari,IND,,,,,False,6,2009,GE
1816148,Dilip Kumar,IND,22955,412,0.267581118644948,13,6,316,UP,Dilip Kumar,IND,,,,,False,6,2009,GE
1816149,Ram Nivas,IND,22955,369,0.239653963058218,14,6,316,UP,Ram Nivas,IND,,,,,False,6,2009,GE
1816150,Satya Narayan Urf Satnarayan,BEP,23579,321,0.208479463798612,15,6,316,UP,Satya Narayan Urf Satnarayan,BEP,,,,,False,6,2009,GE
1816236,Harsh Vardhan,INC,22954,68507,38.3393214913311,1,6,317,UP,Harsh Vardhan,INC,,,,,False,6,2009,GE
1816237,Pankaj,BJP,22953,36679,20.5270698319957,2,6,317,UP,Pankaj,BJP,,,,,False,6,2009,GE
1816238,Ganesh Shanker Pandey,BSP,22951,36500,20.4268941047423,3,6,317,UP,Ganesh Shanker Pandey,BSP,,,,,False,6,2009,GE
1816239,Ajeet Mani,SP,22952,17567,9.83121229419204,4,6,317,UP,Ajeet Mani,SP,,,,,False,6,2009,GE
1816240,Pawan Kumar,RPI(A),23009,7275,4.07138779758906,5,6,317,UP,Pawan Kumar,RPI(A),,,,,False,6,2009,GE
1816241,Ram Kishun Nishad,SBSP,23361,2536,1.41924940957881,6,6,317,UP,Ram Kishun Nishad,SBSP,,,,,False,6,2009,GE
1816242,Hanuman,IND,22955,2373,1.32802793727544,7,6,317,UP,Hanuman,IND,,,,,False,6,2009,GE
1816243,Abdwurruf Ansari,NLHP,23028,1557,0.871360934824216,8,6,317,UP,Abdwurruf Ansari,NLHP,,,,,False,6,2009,GE
1816244,Omprakash Chaturvedi,IND,22955,1026,0.574191598670293,9,6,317,UP,Omprakash Chaturvedi,IND,,,,,False,6,2009,GE
1816245,Satya Narayan Urf Satnarayan,BEP,23579,904,0.505915404676359,10,6,317,UP,Satya Narayan Urf Satnarayan,BEP,,,,,False,6,2009,GE
1816246,Lal Bihari,IND,22955,893,0.499759354398218,11,6,317,UP,Lal Bihari,IND,,,,,False,6,2009,GE
1816247,Shyam Sunder Das Chaurasia,IND,22955,890,0.498080431595088,12,6,317,UP,Shyam Sunder Das Chaurasia,IND,,,,,False,6,2009,GE
1816248,Chaudhary Sanjay Singh Patel,IND,22955,837,0.468419462073133,13,6,317,UP,Chaudhary Sanjay Singh Patel,IND,,,,,False,6,2009,GE
1816249,Dilip Kumar,IND,22955,642,0.359289479869715,14,6,317,UP,Dilip Kumar,IND,,,,,False,6,2009,GE
1816250,Ram Nivas,IND,22955,500,0.279820467188252,15,6,317,UP,Ram Nivas,IND,,,,,False,6,2009,GE
1816346,Harsh Vardhan,INC,22954,66835,36.1815927804635,1,6,318,UP,Harsh Vardhan,INC,,,,,False,6,2009,GE
1816347,Ganesh Shanker Pandey,BSP,22951,38543,20.8655215162325,2,6,318,UP,Ganesh Shanker Pandey,BSP,,,,,False,6,2009,GE
1816348,Pankaj,BJP,22953,37084,20.0756817037586,3,6,318,UP,Pankaj,BJP,,,,,False,6,2009,GE
1816349,Ajeet Mani,SP,22952,21168,11.4594442429393,4,6,318,UP,Ajeet Mani,SP,,,,,False,6,2009,GE
1816350,Pawan Kumar,RPI(A),23009,8213,4.44616475657884,5,6,318,UP,Pawan Kumar,RPI(A),,,,,False,6,2009,GE
1816351,Abdwurruf Ansari,NLHP,23028,2239,1.21209824546207,6,6,318,UP,Abdwurruf Ansari,NLHP,,,,,False,6,2009,GE
1816352,Ram Kishun Nishad,SBSP,23361,2127,1.1514662653407,7,6,318,UP,Ram Kishun Nishad,SBSP,,,,,False,6,2009,GE
1816353,Hanuman,IND,22955,2048,1.10869906507652,8,6,318,UP,Hanuman,IND,,,,,False,6,2009,GE
1816354,Satya Narayan Urf Satnarayan,BEP,23579,1167,0.631763578586083,9,6,318,UP,Satya Narayan Urf Satnarayan,BEP,,,,,False,6,2009,GE
1816355,Lal Bihari,IND,22955,1158,0.626891365897759,10,6,318,UP,Lal Bihari,IND,,,,,False,6,2009,GE
1816356,Omprakash Chaturvedi,IND,22955,1110,0.600906231560028,11,6,318,UP,Omprakash Chaturvedi,IND,,,,,False,6,2009,GE
1816357,Chaudhary Sanjay Singh Patel,IND,22955,916,0.495882980278365,12,6,318,UP,Chaudhary Sanjay Singh Patel,IND,,,,,False,6,2009,GE
1816358,Shyam Sunder Das Chaurasia,IND,22955,913,0.494258909382257,13,6,318,UP,Shyam Sunder Das Chaurasia,IND,,,,,False,6,2009,GE
1816359,Dilip Kumar,IND,22955,688,0.372453592174143,14,6,318,UP,Dilip Kumar,IND,,,,,False,6,2009,GE
1816360,Ram Nivas,IND,22955,512,0.27717476626913,15,6,318,UP,Ram Nivas,IND,,,,,False,6,2009,GE
1816448,Pankaj,BJP,22953,51952,29.5583206740972,1,6,319,UP,Pankaj,BJP,,,,,False,6,2009,GE
1816449,Harsh Vardhan,INC,22954,47843,27.2204869112032,2,6,319,UP,Harsh Vardhan,INC,,,,,False,6,2009,GE
1816450,Ganesh Shanker Pandey,BSP,22951,43127,24.5372978078185,3,6,319,UP,Ganesh Shanker Pandey,BSP,,,,,False,6,2009,GE
1816451,Ajeet Mani,SP,22952,19606,11.1549206024089,4,6,319,UP,Ajeet Mani,SP,,,,,False,6,2009,GE
1816452,Pawan Kumar,RPI(A),23009,2946,1.67613975796678,5,6,319,UP,Pawan Kumar,RPI(A),,,,,False,6,2009,GE
1816453,Hanuman,IND,22955,1969,1.12027127747338,6,6,319,UP,Hanuman,IND,,,,,False,6,2009,GE
1816454,Ram Kishun Nishad,SBSP,23361,1588,0.903499638713935,7,6,319,UP,Ram Kishun Nishad,SBSP,,,,,False,6,2009,GE
1816455,Abdwurruf Ansari,NLHP,23028,1293,0.735658081144281,8,6,319,UP,Abdwurruf Ansari,NLHP,,,,,False,6,2009,GE
1816456,Omprakash Chaturvedi,IND,22955,950,0.54050671081753,9,6,319,UP,Omprakash Chaturvedi,IND,,,,,False,6,2009,GE
1816457,Chaudhary Sanjay Singh Patel,IND,22955,911,0.518317487952389,10,6,319,UP,Chaudhary Sanjay Singh Patel,IND,,,,,False,6,2009,GE
1816458,Shyam Sunder Das Chaurasia,IND,22955,908,0.516610624655071,11,6,319,UP,Shyam Sunder Das Chaurasia,IND,,,,,False,6,2009,GE
1816459,Lal Bihari,IND,22955,888,0.505231536006281,12,6,319,UP,Lal Bihari,IND,,,,,False,6,2009,GE
1816460,Dilip Kumar,IND,22955,704,0.400543920437412,13,6,319,UP,Dilip Kumar,IND,,,,,False,6,2009,GE
1816461,Satya Narayan Urf Satnarayan,BEP,23579,672,0.382337378599347,14,6,319,UP,Satya Narayan Urf Satnarayan,BEP,,,,,False,6,2009,GE
1816462,Ram Nivas,IND,22955,404,0.22985759070556,15,6,319,UP,Ram Nivas,IND,,,,,False,6,2009,GE
1816563,Adityanath,BJP,22953,78840,50.7522064077557,1,6,320,UP,Adityanath,BJP,,,,,False,6,2009,GE
1816564,Vinay Shankar Tiwari,BSP,22951,37656,24.2405515536586,2,6,320,UP,Vinay Shankar Tiwari,BSP,,,,,False,6,2009,GE
1816565,Manoj Tiwari Mridul,SP,22952,17357,11.1733389982168,3,6,320,UP,Manoj Tiwari Mridul,SP,,,,,False,6,2009,GE
1816566,Lalchand Nishad,INC,22954,9196,5.91980327404517,4,6,320,UP,Lalchand Nishad,INC,,,,,False,6,2009,GE
1816567,Chhedilal,IND,22955,2312,1.48831939643241,5,6,320,UP,Chhedilal,IND,,,,,False,6,2009,GE
1816568,Niranjan Prasad,IND,22955,1580,1.01710408579723,6,6,320,UP,Niranjan Prasad,IND,,,,,False,6,2009,GE
1816569,Govind,IND,22955,1238,0.796946112795555,7,6,320,UP,Govind,IND,,,,,False,6,2009,GE
1816570,Dayashankar Nishad,AD,23110,746,0.480227625319454,8,6,320,UP,Dayashankar Nishad,AD,,,,,False,6,2009,GE
1816571,Aman,ASP,22961,741,0.47700894150364,9,6,320,UP,Aman,ASP,,,,,False,6,2009,GE
1816572,Harishchandra,IND,22955,696,0.448040787161313,10,6,320,UP,Harishchandra,IND,,,,,False,6,2009,GE
1816573,Awadhesh Singh,IND,22955,552,0.355342693265869,11,6,320,UP,Awadhesh Singh,IND,,,,,False,6,2009,GE
1816574,Omprakash Singh,IND,22955,496,0.319293434528752,12,6,320,UP,Omprakash Singh,IND,,,,,False,6,2009,GE
1816575,Srinath,SBSP,23361,426,0.274231861107355,13,6,320,UP,Srinath,SBSP,,,,,False,6,2009,GE
1816576,Dr. Brijesh Mani Tripathi,IND,22955,373,0.240113812659727,14,6,320,UP,Dr. Brijesh Mani Tripathi,IND,,,,,False,6,2009,GE
1816577,Manoj Tiwari,IND,22955,367,0.23625139208075,15,6,320,UP,Manoj Tiwari,IND,,,,,False,6,2009,GE
1816578,Ajay Kumar,IND,22955,327,0.210501921554238,16,6,320,UP,Ajay Kumar,IND,,,,,False,6,2009,GE
1816579,Rajbahadur,IJP,22982,299,0.192477292185679,17,6,320,UP,Rajbahadur,IJP,,,,,False,6,2009,GE
1816580,Neeraj Yadav,IND,22955,291,0.187327398080376,18,6,320,UP,Neeraj Yadav,IND,,,,,False,6,2009,GE
1816581,Rakesh Kumar,IND,22955,290,0.186683661317214,19,6,320,UP,Rakesh Kumar,IND,,,,,False,6,2009,GE
1816582,Jokhan Prasad,EKSP,23387,288,0.185396187790888,20,6,320,UP,Jokhan Prasad,EKSP,,,,,False,6,2009,GE
1816583,Rajmani,BEP,23579,287,0.184752451027725,21,6,320,UP,Rajmani,BEP,,,,,False,6,2009,GE
1816584,Rajesh Sahani,CPI(ML)(L),23197,254,0.163509137843353,22,6,320,UP,Rajesh Sahani,CPI(ML)(L),,,,,False,6,2009,GE
1816585,Ramhit Nishad,IND,22955,223,0.143553298185306,23,6,320,UP,Ramhit Nishad,IND,,,,,False,6,2009,GE
1816586,Rajan Yadav M.B.A.,IND,22955,205,0.131966036448375,24,6,320,UP,Rajan Yadav M.B.A.,IND,,,,,False,6,2009,GE
1816587,Vinod Shukla,IND,22955,160,0.102997882106049,25,6,320,UP,Vinod Shukla,IND,,,,,False,6,2009,GE
1816588,Lal Bahadur,IND,22955,143,0.0920543571322814,26,6,320,UP,Lal Bahadur,IND,,,,,False,6,2009,GE
1816682,Adityanath,BJP,22953,97902,57.9953794206504,1,6,321,UP,Adityanath,BJP,,,,,False,6,2009,GE
1816683,Vinay Shankar Tiwari,BSP,22951,38837,23.0063384870564,2,6,321,UP,Vinay Shankar Tiwari,BSP,,,,,False,6,2009,GE
1816684,Manoj Tiwari Mridul,SP,22952,13168,7.80048575321367,3,6,321,UP,Manoj Tiwari Mridul,SP,,,,,False,6,2009,GE
1816685,Lalchand Nishad,INC,22954,5492,3.25336176766779,4,6,321,UP,Lalchand Nishad,INC,,,,,False,6,2009,GE
1816686,Chhedilal,IND,22955,2472,1.46436822463124,5,6,321,UP,Chhedilal,IND,,,,,False,6,2009,GE
1816687,Niranjan Prasad,IND,22955,1802,1.067472306143,6,6,321,UP,Niranjan Prasad,IND,,,,,False,6,2009,GE
1816688,Srinath,SBSP,23361,1339,0.793199455008589,7,6,321,UP,Srinath,SBSP,,,,,False,6,2009,GE
1816689,Govind,IND,22955,1005,0.595343877732361,8,6,321,UP,Govind,IND,,,,,False,6,2009,GE
1816690,Harishchandra,IND,22955,837,0.495823707126355,9,6,321,UP,Harishchandra,IND,,,,,False,6,2009,GE
1816691,Dayashankar Nishad,AD,23110,629,0.372608257804632,10,6,321,UP,Dayashankar Nishad,AD,,,,,False,6,2009,GE
1816692,Aman,ASP,22961,623,0.369053965997275,11,6,321,UP,Aman,ASP,,,,,False,6,2009,GE
1816693,Awadhesh Singh,IND,22955,548,0.324625318405307,12,6,321,UP,Awadhesh Singh,IND,,,,,False,6,2009,GE
1816694,Omprakash Singh,IND,22955,501,0.296783365914341,13,6,321,UP,Omprakash Singh,IND,,,,,False,6,2009,GE
1816695,Rajesh Sahani,CPI(ML)(L),23197,442,0.26183282980866,14,6,321,UP,Rajesh Sahani,CPI(ML)(L),,,,,False,6,2009,GE
1816696,Manoj Tiwari,IND,22955,433,0.256501392097624,15,6,321,UP,Manoj Tiwari,IND,,,,,False,6,2009,GE
1816697,Rajbahadur,IJP,22982,379,0.224512765831408,16,6,321,UP,Rajbahadur,IJP,,,,,False,6,2009,GE
1816698,Ajay Kumar,IND,22955,343,0.203187014987263,17,6,321,UP,Ajay Kumar,IND,,,,,False,6,2009,GE
1816699,Dr. Brijesh Mani Tripathi,IND,22955,324,0.191931757597298,18,6,321,UP,Dr. Brijesh Mani Tripathi,IND,,,,,False,6,2009,GE
1816700,Rajmani,BEP,23579,301,0.178306972335762,19,6,321,UP,Rajmani,BEP,,,,,False,6,2009,GE
1816701,Neeraj Yadav,IND,22955,277,0.164089805106332,20,6,321,UP,Neeraj Yadav,IND,,,,,False,6,2009,GE
1816702,Jokhan Prasad,EKSP,23387,237,0.140394526390616,21,6,321,UP,Jokhan Prasad,EKSP,,,,,False,6,2009,GE
1816703,Rajan Yadav M.B.A.,IND,22955,207,0.122623067353829,22,6,321,UP,Rajan Yadav M.B.A.,IND,,,,,False,6,2009,GE
1816704,Ramhit Nishad,IND,22955,200,0.118476393578579,23,6,321,UP,Ramhit Nishad,IND,,,,,False,6,2009,GE
1816705,Rakesh Kumar,IND,22955,199,0.117884011610686,24,6,321,UP,Rakesh Kumar,IND,,,,,False,6,2009,GE
1816706,Vinod Shukla,IND,22955,172,0.101889698477578,25,6,321,UP,Vinod Shukla,IND,,,,,False,6,2009,GE
1816707,Lal Bahadur,IND,22955,141,0.0835258574728985,26,6,321,UP,Lal Bahadur,IND,,,,,False,6,2009,GE
1816814,Adityanath,BJP,22953,77438,62.9664262540351,1,6,322,UP,Adityanath,BJP,,,,,False,6,2009,GE
1816815,Vinay Shankar Tiwari,BSP,22951,25352,20.6142312352113,2,6,322,UP,Vinay Shankar Tiwari,BSP,,,,,False,6,2009,GE
1816816,Manoj Tiwari Mridul,SP,22952,11521,9.36796142556288,3,6,322,UP,Manoj Tiwari Mridul,SP,,,,,False,6,2009,GE
1816817,Lalchand Nishad,INC,22954,4678,3.80377775790149,4,6,322,UP,Lalchand Nishad,INC,,,,,False,6,2009,GE
1816818,Chhedilal,IND,22955,702,0.570810599839002,5,6,322,UP,Chhedilal,IND,,,,,False,6,2009,GE
1816819,Niranjan Prasad,IND,22955,538,0.43745883577405,6,6,322,UP,Niranjan Prasad,IND,,,,,False,6,2009,GE
1816820,Govind,IND,22955,376,0.30573331273428,7,6,322,UP,Govind,IND,,,,,False,6,2009,GE
1816821,Aman,ASP,22961,280,0.227673743525527,8,6,322,UP,Aman,ASP,,,,,False,6,2009,GE
1816822,Harishchandra,IND,22955,239,0.194335802509289,9,6,322,UP,Harishchandra,IND,,,,,False,6,2009,GE
1816823,Dayashankar Nishad,AD,23110,217,0.176447151232284,10,6,322,UP,Dayashankar Nishad,AD,,,,,False,6,2009,GE
1816824,Rajesh Sahani,CPI(ML)(L),23197,196,0.159371620467869,11,6,322,UP,Rajesh Sahani,CPI(ML)(L),,,,,False,6,2009,GE
1816825,Awadhesh Singh,IND,22955,152,0.123594317913858,12,6,322,UP,Awadhesh Singh,IND,,,,,False,6,2009,GE
1816826,Omprakash Singh,IND,22955,149,0.121154956376084,13,6,322,UP,Omprakash Singh,IND,,,,,False,6,2009,GE
1816827,Manoj Tiwari,IND,22955,145,0.117902474325719,14,6,322,UP,Manoj Tiwari,IND,,,,,False,6,2009,GE
1816828,Dr. Brijesh Mani Tripathi,IND,22955,142,0.115463112787946,15,6,322,UP,Dr. Brijesh Mani Tripathi,IND,,,,,False,6,2009,GE
1816829,Ajay Kumar,IND,22955,111,0.0902563768976199,16,6,322,UP,Ajay Kumar,IND,,,,,False,6,2009,GE
1816830,Rajmani,BEP,23579,102,0.0829382922842994,17,6,322,UP,Rajmani,BEP,,,,,False,6,2009,GE
1816831,Srinath,SBSP,23361,91,0.0739939666457965,18,6,322,UP,Srinath,SBSP,,,,,False,6,2009,GE
1816832,Neeraj Yadav,IND,22955,89,0.0723677256206142,19,6,322,UP,Neeraj Yadav,IND,,,,,False,6,2009,GE
1816833,Rajbahadur,IJP,22982,82,0.066675882032476,20,6,322,UP,Rajbahadur,IJP,,,,,False,6,2009,GE
1816834,Rajan Yadav M.B.A.,IND,22955,79,0.0642365204947025,21,6,322,UP,Rajan Yadav M.B.A.,IND,,,,,False,6,2009,GE
1816835,Jokhan Prasad,EKSP,23387,68,0.0552921948561996,22,6,322,UP,Jokhan Prasad,EKSP,,,,,False,6,2009,GE
1816836,Rakesh Kumar,IND,22955,63,0.0512265922932437,23,6,322,UP,Rakesh Kumar,IND,,,,,False,6,2009,GE
1816837,Ramhit Nishad,IND,22955,62,0.0504134717806526,24,6,322,UP,Ramhit Nishad,IND,,,,,False,6,2009,GE
1816838,Vinod Shukla,IND,22955,61,0.0496003512680614,25,6,322,UP,Vinod Shukla,IND,,,,,False,6,2009,GE
1816839,Lal Bahadur,IND,22955,50,0.0406560256295585,26,6,322,UP,Lal Bahadur,IND,,,,,False,6,2009,GE
1816950,Adityanath,BJP,22953,74869,52.2634779027315,1,6,323,UP,Adityanath,BJP,,,,,False,6,2009,GE
1816951,Vinay Shankar Tiwari,BSP,22951,35763,24.9649222005821,2,6,323,UP,Vinay Shankar Tiwari,BSP,,,,,False,6,2009,GE
1816952,Manoj Tiwari Mridul,SP,22952,19396,13.5396815424458,3,6,323,UP,Manoj Tiwari Mridul,SP,,,,,False,6,2009,GE
1816953,Lalchand Nishad,INC,22954,5367,3.74651839752047,4,6,323,UP,Lalchand Nishad,INC,,,,,False,6,2009,GE
1816954,Chhedilal,IND,22955,1508,1.05268301536442,5,6,323,UP,Chhedilal,IND,,,,,False,6,2009,GE
1816955,Niranjan Prasad,IND,22955,1083,0.756005109840631,6,6,323,UP,Niranjan Prasad,IND,,,,,False,6,2009,GE
1816956,Govind,IND,22955,849,0.592657745387531,7,6,323,UP,Govind,IND,,,,,False,6,2009,GE
1816957,Aman,ASP,22961,523,0.36508834020928,8,6,323,UP,Aman,ASP,,,,,False,6,2009,GE
1816958,Harishchandra,IND,22955,513,0.35810768360872,9,6,323,UP,Harishchandra,IND,,,,,False,6,2009,GE
1816959,Manoj Tiwari,IND,22955,351,0.24502104667965,10,6,323,UP,Manoj Tiwari,IND,,,,,False,6,2009,GE
1816960,Awadhesh Singh,IND,22955,335,0.233851996118754,11,6,323,UP,Awadhesh Singh,IND,,,,,False,6,2009,GE
1816961,Rajesh Sahani,CPI(ML)(L),23197,306,0.213608091977131,12,6,323,UP,Rajesh Sahani,CPI(ML)(L),,,,,False,6,2009,GE
1816962,Omprakash Singh,IND,22955,304,0.212211960657019,13,6,323,UP,Omprakash Singh,IND,,,,,False,6,2009,GE
1816963,Dr. Brijesh Mani Tripathi,IND,22955,266,0.185685465574891,14,6,323,UP,Dr. Brijesh Mani Tripathi,IND,,,,,False,6,2009,GE
1816964,Neeraj Yadav,IND,22955,237,0.165441561433268,15,6,323,UP,Neeraj Yadav,IND,,,,,False,6,2009,GE
1816965,Ajay Kumar,IND,22955,228,0.159158970492764,16,6,323,UP,Ajay Kumar,IND,,,,,False,6,2009,GE
1816966,Srinath,SBSP,23361,200,0.139613132011196,17,6,323,UP,Srinath,SBSP,,,,,False,6,2009,GE
1816968,Jokhan Prasad,EKSP,23387,188,0.131236344090525,18,6,323,UP,Jokhan Prasad,EKSP,,,,,False,6,2009,GE
1816967,Rajbahadur,IJP,22982,188,0.131236344090525,18,6,323,UP,Rajbahadur,IJP,,,,,False,6,2009,GE
1816969,Rajan Yadav M.B.A.,IND,22955,160,0.111690505608957,20,6,323,UP,Rajan Yadav M.B.A.,IND,,,,,False,6,2009,GE
1816970,Ramhit Nishad,IND,22955,156,0.108898242968733,21,6,323,UP,Ramhit Nishad,IND,,,,,False,6,2009,GE
1816971,Rajmani,BEP,23579,131,0.091446601467334,22,6,323,UP,Rajmani,BEP,,,,,False,6,2009,GE
1816972,Vinod Shukla,IND,22955,130,0.090748535807278,23,6,323,UP,Vinod Shukla,IND,,,,,False,6,2009,GE
1816973,Rakesh Kumar,IND,22955,114,0.0795794852463822,24,6,323,UP,Rakesh Kumar,IND,,,,,False,6,2009,GE
1816974,Lal Bahadur,IND,22955,88,0.0614297780849266,25,6,323,UP,Lal Bahadur,IND,,,,,False,6,2009,GE
1816975,Dayashankar Nishad,AD,23110,0,0.0,26,6,323,UP,Dayashankar Nishad,AD,,,,,False,6,2009,GE
1817075,Adityanath,BJP,22953,74094,46.831802696365,1,6,324,UP,Adityanath,BJP,,,,,False,6,2009,GE
1817076,Vinay Shankar Tiwari,BSP,22951,45275,28.6164853709872,2,6,324,UP,Vinay Shankar Tiwari,BSP,,,,,False,6,2009,GE
1817077,Manoj Tiwari Mridul,SP,22952,21617,13.6632261571425,3,6,324,UP,Manoj Tiwari Mridul,SP,,,,,False,6,2009,GE
1817078,Lalchand Nishad,INC,22954,5529,3.49465593851327,4,6,324,UP,Lalchand Nishad,INC,,,,,False,6,2009,GE
1817079,Chhedilal,IND,22955,1959,1.23820419308147,5,6,324,UP,Chhedilal,IND,,,,,False,6,2009,GE
1817080,Niranjan Prasad,IND,22955,1516,0.958201917667953,6,6,324,UP,Niranjan Prasad,IND,,,,,False,6,2009,GE
1817081,Govind,IND,22955,1361,0.860232724238842,7,6,324,UP,Govind,IND,,,,,False,6,2009,GE
1817082,Aman,ASP,22961,840,0.530929822454539,8,6,324,UP,Aman,ASP,,,,,False,6,2009,GE
1817083,Dayashankar Nishad,AD,23110,761,0.480997136771314,9,6,324,UP,Dayashankar Nishad,AD,,,,,False,6,2009,GE
1817084,Harishchandra,IND,22955,659,0.416527086901834,10,6,324,UP,Harishchandra,IND,,,,,False,6,2009,GE
1817085,Awadhesh Singh,IND,22955,645,0.407678256527592,11,6,324,UP,Awadhesh Singh,IND,,,,,False,6,2009,GE
1817086,Manoj Tiwari,IND,22955,506,0.319822012097615,12,6,324,UP,Manoj Tiwari,IND,,,,,False,6,2009,GE
1817087,Omprakash Singh,IND,22955,429,0.271153445039282,13,6,324,UP,Omprakash Singh,IND,,,,,False,6,2009,GE
1817088,Dr. Brijesh Mani Tripathi,IND,22955,342,0.21616428485649,14,6,324,UP,Dr. Brijesh Mani Tripathi,IND,,,,,False,6,2009,GE
1817089,Ajay Kumar,IND,22955,326,0.206051335857356,15,6,324,UP,Ajay Kumar,IND,,,,,False,6,2009,GE
1817090,Neeraj Yadav,IND,22955,294,0.185825437859088,16,6,324,UP,Neeraj Yadav,IND,,,,,False,6,2009,GE
1817091,Jokhan Prasad,EKSP,23387,285,0.180136904047075,17,6,324,UP,Jokhan Prasad,EKSP,,,,,False,6,2009,GE
1817092,Rajesh Sahani,CPI(ML)(L),23197,256,0.161807183986145,18,6,324,UP,Rajesh Sahani,CPI(ML)(L),,,,,False,6,2009,GE
1817093,Rajbahadur,IJP,22982,238,0.150430116362119,19,6,324,UP,Rajbahadur,IJP,,,,,False,6,2009,GE
1817094,Rajmani,BEP,23579,233,0.14726981979989,20,6,324,UP,Rajmani,BEP,,,,,False,6,2009,GE
1817095,Srinath,SBSP,23361,205,0.129572159051405,21,6,324,UP,Srinath,SBSP,,,,,False,6,2009,GE
1817096,Ramhit Nishad,IND,22955,201,0.127043921801621,22,6,324,UP,Ramhit Nishad,IND,,,,,False,6,2009,GE
1817097,Rajan Yadav M.B.A.,IND,22955,185,0.116930972802487,23,6,324,UP,Rajan Yadav M.B.A.,IND,,,,,False,6,2009,GE
1817098,Vinod Shukla,IND,22955,166,0.104921845866016,24,6,324,UP,Vinod Shukla,IND,,,,,False,6,2009,GE
1817099,Lal Bahadur,IND,22955,146,0.0922806596170984,25,6,324,UP,Lal Bahadur,IND,,,,,False,6,2009,GE
1817100,Rakesh Kumar,IND,22955,145,0.0916486003046525,26,6,324,UP,Rakesh Kumar,IND,,,,,False,6,2009,GE
1817193,Bhism Shankar Alias Kushal Tiwari,BSP,22951,46256,31.3983165897366,1,6,325,UP,Bhism Shankar Alias Kushal Tiwari,BSP,,,,,False,6,2009,GE
1817194,Sharad Tripathi,BJP,22953,40211,27.2950040727667,2,6,325,UP,Sharad Tripathi,BJP,,,,,False,6,2009,GE
1817195,Bhal Chandra Yadav,SP,22952,34888,23.6817811566657,3,6,325,UP,Bhal Chandra Yadav,SP,,,,,False,6,2009,GE
1817196,Rajesh Singh,PECP,22956,6200,4.20852565843062,4,6,325,UP,Rajesh Singh,PECP,,,,,False,6,2009,GE
1817197,Fazley Mahamood,INC,22954,3265,2.21626391528645,5,6,325,UP,Fazley Mahamood,INC,,,,,False,6,2009,GE
1817198,Kamla Kant Chaudhary,CPI,22973,2506,1.70105891935921,6,6,325,UP,Kamla Kant Chaudhary,CPI,,,,,False,6,2009,GE
1817199,Indra Kumar,BUM,23560,1812,1.2299755633994,7,6,325,UP,Indra Kumar,BUM,,,,,False,6,2009,GE
1817200,Anju,IND,22955,1534,1.04127070323106,8,6,325,UP,Anju,IND,,,,,False,6,2009,GE
1817201,Ram Avadh Nishad,SBSP,23361,1366,0.927233233776812,9,6,325,UP,Ram Avadh Nishad,SBSP,,,,,False,6,2009,GE
1817202,Joogesh Yadav,IND,22955,1201,0.815232147705674,10,6,325,UP,Joogesh Yadav,IND,,,,,False,6,2009,GE
1817203,Jantri Lal,JPS,23265,1056,0.716806950855281,11,6,325,UP,Jantri Lal,JPS,,,,,False,6,2009,GE
1817204,Harish Chandra,IND,22955,987,0.669970133043714,12,6,325,UP,Harish Chandra,IND,,,,,False,6,2009,GE
1817205,Lotan Urf Lautan Prasad,SSD,23067,807,0.547787130057018,13,6,325,UP,Lotan Urf Lautan Prasad,SSD,,,,,False,6,2009,GE
1817206,Ram Achal,MADP,23222,783,0.531496062992125,14,6,325,UP,Ram Achal,MADP,,,,,False,6,2009,GE
1817207,Ramesh,IND,22955,709,0.481265272875373,15,6,325,UP,Ramesh,IND,,,,,False,6,2009,GE
1817208,Shri Baba Ram Chandra,IND,22955,483,0.327857724680966,16,6,325,UP,Shri Baba Ram Chandra,IND,,,,,False,6,2009,GE
1817209,Phooldeo,IND,22955,483,0.327857724680966,16,6,325,UP,Phooldeo,IND,,,,,False,6,2009,GE
1817210,Krishna Nand Mishra,AIMF,23046,466,0.316318218843334,18,6,325,UP,Krishna Nand Mishra,AIMF,,,,,False,6,2009,GE
1817211,Vinay Pandey,IND,22955,460,0.312245452077111,19,6,325,UP,Vinay Pandey,IND,,,,,False,6,2009,GE
1817212,Vinod Rai,NLHP,23028,428,0.29052402932392,20,6,325,UP,Vinod Rai,NLHP,,,,,False,6,2009,GE
1817213,Panchoo Beldar,ASP,22961,407,0.276269345642139,21,6,325,UP,Panchoo Beldar,ASP,,,,,False,6,2009,GE
1817214,Sushila Jigyasu,IND,22955,371,0.2518327450448,22,6,325,UP,Sushila Jigyasu,IND,,,,,False,6,2009,GE
1817215,Kheladi,BRPP,23273,357,0.242329622590279,23,6,325,UP,Kheladi,BRPP,,,,,False,6,2009,GE
1817216,Nityanand Mani Tripathi,IND,22955,284,0.192777626934564,24,6,325,UP,Nityanand Mani Tripathi,IND,,,,,False,6,2009,GE
1817303,Kamlesh Paswan,BJP,22953,53760,39.7195398562235,1,6,326,UP,Kamlesh Paswan,BJP,,,,,False,6,2009,GE
1817304,Shree Nath Ji,BSP,22951,30945,22.8631168313027,2,6,326,UP,Shree Nath Ji,BSP,,,,,False,6,2009,GE
1817305,Sharada Devi,SP,22952,25086,18.5343076047846,3,6,326,UP,Sharada Devi,SP,,,,,False,6,2009,GE
1817306,Maha Beer Prasad,INC,22954,13760,10.1663107965334,4,6,326,UP,Maha Beer Prasad,INC,,,,,False,6,2009,GE
1817307,Vinai Kumar,IND,22955,2506,1.85150980058958,5,6,326,UP,Vinai Kumar,IND,,,,,False,6,2009,GE
1817308,Ku. Kunjawati,IND,22955,1725,1.27448300319913,6,6,326,UP,Ku. Kunjawati,IND,,,,,False,6,2009,GE
1817309,Rama Shanker,PECP,22956,1471,1.0868199986701,7,6,326,UP,Rama Shanker,PECP,,,,,False,6,2009,GE
1817310,Manoj Kumar,IND,22955,1057,0.780944077902311,8,6,326,UP,Manoj Kumar,IND,,,,,False,6,2009,GE
1817311,Ram Pravesh Prasad,EKSP,23387,1053,0.777988754996342,9,6,326,UP,Ram Pravesh Prasad,EKSP,,,,,False,6,2009,GE
1817312,Chandrika,RJPK,23268,928,0.685634914184811,10,6,326,UP,Chandrika,RJPK,,,,,False,6,2009,GE
1817313,Rama Paswan,IND,22955,810,0.598452888458725,11,6,326,UP,Rama Paswan,IND,,,,,False,6,2009,GE
1817314,Ramkawal,IND,22955,694,0.512748524185623,12,6,326,UP,Ramkawal,IND,,,,,False,6,2009,GE
1817315,Ramsakal,IND,22955,645,0.476545818587503,13,6,326,UP,Ramsakal,IND,,,,,False,6,2009,GE
1817316,Harilal,BUM,23560,500,0.369415363246126,14,6,326,UP,Harilal,BUM,,,,,False,6,2009,GE
1817317,Radheyshyam,IND,22955,409,0.302181767135331,15,6,326,UP,Radheyshyam,IND,,,,,False,6,2009,GE
1817411,Kamlesh Paswan,BJP,22953,46309,35.1246188619711,1,6,327,UP,Kamlesh Paswan,BJP,,,,,False,6,2009,GE
1817412,Shree Nath Ji,BSP,22951,40374,30.6230184614917,2,6,327,UP,Shree Nath Ji,BSP,,,,,False,6,2009,GE
1817413,Sharada Devi,SP,22952,18636,14.1351011058691,3,6,327,UP,Sharada Devi,SP,,,,,False,6,2009,GE
1817414,Maha Beer Prasad,INC,22954,15215,11.5403285751126,4,6,327,UP,Maha Beer Prasad,INC,,,,,False,6,2009,GE
1817415,Rama Shanker,PECP,22956,2606,1.97660836455757,5,6,327,UP,Rama Shanker,PECP,,,,,False,6,2009,GE
1817416,Vinai Kumar,IND,22955,2473,1.87573004050302,6,6,327,UP,Vinai Kumar,IND,,,,,False,6,2009,GE
1817417,Manoj Kumar,IND,22955,977,0.741038515799214,7,6,327,UP,Manoj Kumar,IND,,,,,False,6,2009,GE
1817418,Ramkawal,IND,22955,974,0.73876306488069,8,6,327,UP,Ramkawal,IND,,,,,False,6,2009,GE
1817419,Rama Paswan,IND,22955,903,0.684910726475629,9,6,327,UP,Rama Paswan,IND,,,,,False,6,2009,GE
1817420,Chandrika,RJPK,23268,828,0.628024453512537,10,6,327,UP,Chandrika,RJPK,,,,,False,6,2009,GE
1817421,Ramsakal,IND,22955,711,0.539281867690113,11,6,327,UP,Ramsakal,IND,,,,,False,6,2009,GE
1817422,Harilal,BUM,23560,630,0.477844692889974,12,6,327,UP,Harilal,BUM,,,,,False,6,2009,GE
1817423,Ku. Kunjawati,IND,22955,524,0.397445427102137,13,6,327,UP,Ku. Kunjawati,IND,,,,,False,6,2009,GE
1817424,Radheyshyam,IND,22955,440,0.333732801383474,14,6,327,UP,Radheyshyam,IND,,,,,False,6,2009,GE
1817425,Ram Pravesh Prasad,EKSP,23387,242,0.18355304076091,15,6,327,UP,Ram Pravesh Prasad,EKSP,,,,,False,6,2009,GE
1817488,Kamlesh Paswan,BJP,22953,47775,31.269021579061,1,6,328,UP,Kamlesh Paswan,BJP,,,,,False,6,2009,GE
1817489,Shree Nath Ji,BSP,22951,45084,29.5077460778731,2,6,328,UP,Shree Nath Ji,BSP,,,,,False,6,2009,GE
1817490,Sharada Devi,SP,22952,23988,15.7002886371222,3,6,328,UP,Sharada Devi,SP,,,,,False,6,2009,GE
1817491,Maha Beer Prasad,INC,22954,18278,11.9630596843972,4,6,328,UP,Maha Beer Prasad,INC,,,,,False,6,2009,GE
1817492,Rama Shanker,PECP,22956,6594,4.31581220915392,5,6,328,UP,Rama Shanker,PECP,,,,,False,6,2009,GE
1817493,Vinai Kumar,IND,22955,2665,1.74425834658707,6,6,328,UP,Vinai Kumar,IND,,,,,False,6,2009,GE
1817494,Manoj Kumar,IND,22955,1277,0.835804093280187,7,6,328,UP,Manoj Kumar,IND,,,,,False,6,2009,GE
1817495,Harilal,BUM,23560,1221,0.799151760293742,8,6,328,UP,Harilal,BUM,,,,,False,6,2009,GE
1817496,Ram Pravesh Prasad,EKSP,23387,1151,0.753336344060685,9,6,328,UP,Ram Pravesh Prasad,EKSP,,,,,False,6,2009,GE
1817497,Rama Paswan,IND,22955,1073,0.702284880258137,10,6,328,UP,Rama Paswan,IND,,,,,False,6,2009,GE
1817498,Ramkawal,IND,22955,962,0.629634720231433,11,6,328,UP,Ramkawal,IND,,,,,False,6,2009,GE
1817499,Chandrika,RJPK,23268,960,0.62832570833906,12,6,328,UP,Chandrika,RJPK,,,,,False,6,2009,GE
1817500,Ramsakal,IND,22955,795,0.520332227218284,13,6,328,UP,Ramsakal,IND,,,,,False,6,2009,GE
1817501,Ku. Kunjawati,IND,22955,543,0.35539672877928,14,6,328,UP,Ku. Kunjawati,IND,,,,,False,6,2009,GE
1817502,Radheyshyam,IND,22955,421,0.275547003344525,15,6,328,UP,Radheyshyam,IND,,,,,False,6,2009,GE
1817569,Kunwar Ratanjit Pratap Narain Singh,INC,22954,44453,30.2650481008176,1,6,329,UP,Kunwar Ratanjit Pratap Narain Singh,INC,,,,,False,6,2009,GE
1817570,Swami Prasad Maurya,BSP,22951,42430,28.8877239087956,2,6,329,UP,Swami Prasad Maurya,BSP,,,,,False,6,2009,GE
1817571,Vijay Dubey,BJP,22953,35289,24.0258988691371,3,6,329,UP,Vijay Dubey,BJP,,,,,False,6,2009,GE
1817572,Bramha Shanker Tripathi,SP,22952,7306,4.97416240578979,4,6,329,UP,Bramha Shanker Tripathi,SP,,,,,False,6,2009,GE
1817573,Jangi,SBSP,23361,3487,2.37406300424158,5,6,329,UP,Jangi,SBSP,,,,,False,6,2009,GE
1817574,Daroga,IND,22955,2120,1.44336494665677,6,6,329,UP,Daroga,IND,,,,,False,6,2009,GE
1817575,Kishor Kumar,IPP,23237,1982,1.34941005861968,7,6,329,UP,Kishor Kumar,IPP,,,,,False,6,2009,GE
1817576,Jagdish,IND,22955,1467,0.998781309785605,8,6,329,UP,Jagdish,IND,,,,,False,6,2009,GE
1817577,Jai Govind,IND,22955,1456,0.991292152043518,9,6,329,UP,Jai Govind,IND,,,,,False,6,2009,GE
1817578,Ram Briksh,IND,22955,1277,0.869423130604102,10,6,329,UP,Ram Briksh,IND,,,,,False,6,2009,GE
1817579,Ameeruddin,IND,22955,1197,0.814956528843469,11,6,329,UP,Ameeruddin,IND,,,,,False,6,2009,GE
1817580,Anil,RPI(A),23009,994,0.676747526875863,12,6,329,UP,Anil,RPI(A),,,,,False,6,2009,GE
1817581,Matiullah,NLHP,23028,842,0.573260983530661,13,6,329,UP,Matiullah,NLHP,,,,,False,6,2009,GE
1817582,Ramesh,IND,22955,601,0.409180345726754,14,6,329,UP,Ramesh,IND,,,,,False,6,2009,GE
1817583,Babu Lal,BRPP,23273,532,0.362202901708208,15,6,329,UP,Babu Lal,BRPP,,,,,False,6,2009,GE
1817584,K Kumar,PRBD,23602,503,0.342458758569979,16,6,329,UP,K Kumar,PRBD,,,,,False,6,2009,GE
1817585,Madan Lal,MADP,23222,497,0.338373763437931,17,6,329,UP,Madan Lal,MADP,,,,,False,6,2009,GE
1817586,Dheeraj Shekhar Shriwastawa,RALOP,23603,446,0.303651304815528,18,6,329,UP,Dheeraj Shekhar Shriwastawa,RALOP,,,,,False,6,2009,GE
1817680,Swami Prasad Maurya,BSP,22951,51658,34.7159312374833,1,6,330,UP,Swami Prasad Maurya,BSP,,,,,False,6,2009,GE
1817681,Kunwar Ratanjit Pratap Narain Singh,INC,22954,42338,28.4525745621698,2,6,330,UP,Kunwar Ratanjit Pratap Narain Singh,INC,,,,,False,6,2009,GE
1817682,Vijay Dubey,BJP,22953,25007,16.8055536887945,3,6,330,UP,Vijay Dubey,BJP,,,,,False,6,2009,GE
1817683,Bramha Shanker Tripathi,SP,22952,9947,6.68472197954328,4,6,330,UP,Bramha Shanker Tripathi,SP,,,,,False,6,2009,GE
1817684,Kishor Kumar,IPP,23237,5475,3.67938602975766,5,6,330,UP,Kishor Kumar,IPP,,,,,False,6,2009,GE
1817685,Jangi,SBSP,23361,3282,2.20561551592048,6,6,330,UP,Jangi,SBSP,,,,,False,6,2009,GE
1817686,Daroga,IND,22955,2151,1.44554508675958,7,6,330,UP,Daroga,IND,,,,,False,6,2009,GE
1817687,Jai Govind,IND,22955,1456,0.978481472023225,8,6,330,UP,Jai Govind,IND,,,,,False,6,2009,GE
1817688,Ram Briksh,IND,22955,1283,0.862219593822663,9,6,330,UP,Ram Briksh,IND,,,,,False,6,2009,GE
1817689,Jagdish,IND,22955,1005,0.675394147928119,10,6,330,UP,Jagdish,IND,,,,,False,6,2009,GE
1817690,Anil,RPI(A),23009,970,0.651872958696791,11,6,330,UP,Anil,RPI(A),,,,,False,6,2009,GE
1817691,Ameeruddin,IND,22955,967,0.649856856762677,12,6,330,UP,Ameeruddin,IND,,,,,False,6,2009,GE
1817692,Matiullah,NLHP,23028,770,0.517466163089205,13,6,330,UP,Matiullah,NLHP,,,,,False,6,2009,GE
1817693,Ramesh,IND,22955,631,0.424053440141933,14,6,330,UP,Ramesh,IND,,,,,False,6,2009,GE
1817694,Babu Lal,BRPP,23273,528,0.354833940404026,15,6,330,UP,Babu Lal,BRPP,,,,,False,6,2009,GE
1817695,K Kumar,PRBD,23602,477,0.320560207524092,16,6,330,UP,K Kumar,PRBD,,,,,False,6,2009,GE
1817696,Madan Lal,MADP,23222,457,0.307119527963333,17,6,330,UP,Madan Lal,MADP,,,,,False,6,2009,GE
1817697,Dheeraj Shekhar Shriwastawa,RALOP,23603,400,0.268813591215171,18,6,330,UP,Dheeraj Shekhar Shriwastawa,RALOP,,,,,False,6,2009,GE
1817793,Gorakh Prasad Jaiswal,BSP,22951,52335,36.4818235683663,1,6,331,UP,Gorakh Prasad Jaiswal,BSP,,,,,False,6,2009,GE
1817794,Mohan Singh,SP,22952,33086,23.0636785054546,2,6,331,UP,Mohan Singh,SP,,,,,False,6,2009,GE
1817795,Shri Prakash Mani Tripathi,BJP,22953,32890,22.9270502945174,3,6,331,UP,Shri Prakash Mani Tripathi,BJP,,,,,False,6,2009,GE
1817796,Baleshwar Yadav,INC,22954,12657,8.82297584608413,4,6,331,UP,Baleshwar Yadav,INC,,,,,False,6,2009,GE
1817797,Safayat Ali,PECP,22956,3908,2.72419922623819,5,6,331,UP,Safayat Ali,PECP,,,,,False,6,2009,GE
1817798,Vijay Juaatha,IND,22955,3261,2.27318671360356,6,6,331,UP,Vijay Juaatha,IND,,,,,False,6,2009,GE
1817799,Ganga Prasad Kushwaha,PRBD,23602,1124,0.783520964762469,7,6,331,UP,Ganga Prasad Kushwaha,PRBD,,,,,False,6,2009,GE
1817800,Moti Lal Kushwaha Shastri,RSMD,23062,1080,0.752849325572479,8,6,331,UP,Moti Lal Kushwaha Shastri,RSMD,,,,,False,6,2009,GE
1817801,Sarita,ASP,22961,935,0.651772332787285,9,6,331,UP,Sarita,ASP,,,,,False,6,2009,GE
1817802,Dharmendra Kumar,SBSP,23361,853,0.594611550660485,10,6,331,UP,Dharmendra Kumar,SBSP,,,,,False,6,2009,GE
1817803,Ram Kishor Yadav Alias Vidhayak,IND,22955,795,0.554180753546408,11,6,331,UP,Ram Kishor Yadav Alias Vidhayak,IND,,,,,False,6,2009,GE
1817804,Jagdish Kumar Verma,LPSP,23094,531,0.370150918406468,12,6,331,UP,Jagdish Kumar Verma,LPSP,,,,,False,6,2009,GE
1817885,Gorakh Prasad Jaiswal,BSP,22951,49868,32.5617535863766,1,6,332,UP,Gorakh Prasad Jaiswal,BSP,,,,,False,6,2009,GE
1817886,Mohan Singh,SP,22952,36423,23.7827214020333,2,6,332,UP,Mohan Singh,SP,,,,,False,6,2009,GE
1817887,Shri Prakash Mani Tripathi,BJP,22953,33214,21.6873763459114,3,6,332,UP,Shri Prakash Mani Tripathi,BJP,,,,,False,6,2009,GE
1817888,Baleshwar Yadav,INC,22954,20576,13.4352819802937,4,6,332,UP,Baleshwar Yadav,INC,,,,,False,6,2009,GE
1817889,Safayat Ali,PECP,22956,4566,2.98141026059589,5,6,332,UP,Safayat Ali,PECP,,,,,False,6,2009,GE
1817890,Vijay Juaatha,IND,22955,3232,2.11036311043493,6,6,332,UP,Vijay Juaatha,IND,,,,,False,6,2009,GE
1817891,Ganga Prasad Kushwaha,PRBD,23602,1159,0.756779345604607,7,6,332,UP,Ganga Prasad Kushwaha,PRBD,,,,,False,6,2009,GE
1817892,Sarita,ASP,22961,1084,0.707807429366172,8,6,332,UP,Sarita,ASP,,,,,False,6,2009,GE
1817893,Moti Lal Kushwaha Shastri,RSMD,23062,971,0.634023075566931,9,6,332,UP,Moti Lal Kushwaha Shastri,RSMD,,,,,False,6,2009,GE
1817894,Ram Kishor Yadav Alias Vidhayak,IND,22955,841,0.549138420753645,10,6,332,UP,Ram Kishor Yadav Alias Vidhayak,IND,,,,,False,6,2009,GE
1817895,Dharmendra Kumar,SBSP,23361,642,0.419199603000999,11,6,332,UP,Dharmendra Kumar,SBSP,,,,,False,6,2009,GE
1817896,Jagdish Kumar Verma,LPSP,23094,573,0.374145440061639,12,6,332,UP,Jagdish Kumar Verma,LPSP,,,,,False,6,2009,GE
1817983,Kunwar Ratanjit Pratap Narain Singh,INC,22954,38160,25.721392028795,1,6,333,UP,Kunwar Ratanjit Pratap Narain Singh,INC,,,,,False,6,2009,GE
1817984,Swami Prasad Maurya,BSP,22951,36115,24.3429788553441,2,6,333,UP,Swami Prasad Maurya,BSP,,,,,False,6,2009,GE
1817985,Vijay Dubey,BJP,22953,36028,24.2843373169137,3,6,333,UP,Vijay Dubey,BJP,,,,,False,6,2009,GE
1817986,Bramha Shanker Tripathi,SP,22952,19642,13.2395068718446,4,6,333,UP,Bramha Shanker Tripathi,SP,,,,,False,6,2009,GE
1817987,Kishor Kumar,IPP,23237,6707,4.52079078451593,5,6,333,UP,Kishor Kumar,IPP,,,,,False,6,2009,GE
1817988,Daroga,IND,22955,1962,1.32246779770691,6,6,333,UP,Daroga,IND,,,,,False,6,2009,GE
1817989,Jai Govind,IND,22955,1735,1.1694605652505,7,6,333,UP,Jai Govind,IND,,,,,False,6,2009,GE
1817990,Jangi,SBSP,23361,1353,0.911977028693911,8,6,333,UP,Jangi,SBSP,,,,,False,6,2009,GE
1817991,Ram Briksh,IND,22955,1186,0.799412236534352,9,6,333,UP,Ram Briksh,IND,,,,,False,6,2009,GE
1817992,Jagdish,IND,22955,1010,0.680781078330266,10,6,333,UP,Jagdish,IND,,,,,False,6,2009,GE
1817993,Ameeruddin,IND,22955,906,0.610680848482397,11,6,333,UP,Ameeruddin,IND,,,,,False,6,2009,GE
1817994,Anil,RPI(A),23009,767,0.516989195128034,12,6,333,UP,Anil,RPI(A),,,,,False,6,2009,GE
1817995,Ramesh,IND,22955,730,0.492049690278311,13,6,333,UP,Ramesh,IND,,,,,False,6,2009,GE
1817996,Babu Lal,BRPP,23273,465,0.313428912300568,14,6,333,UP,Babu Lal,BRPP,,,,,False,6,2009,GE
1817997,K Kumar,PRBD,23602,445,0.299948098868285,15,6,333,UP,K Kumar,PRBD,,,,,False,6,2009,GE
1817998,Madan Lal,MADP,23222,416,0.280400919391476,16,6,333,UP,Madan Lal,MADP,,,,,False,6,2009,GE
1817999,Matiullah,NLHP,23028,401,0.270290309317264,17,6,333,UP,Matiullah,NLHP,,,,,False,6,2009,GE
1818000,Dheeraj Shekhar Shriwastawa,RALOP,23603,331,0.223107462304275,18,6,333,UP,Dheeraj Shekhar Shriwastawa,RALOP,,,,,False,6,2009,GE
1818083,Kunwar Ratanjit Pratap Narain Singh,INC,22954,47241,31.8472926329414,1,6,334,UP,Kunwar Ratanjit Pratap Narain Singh,INC,,,,,False,6,2009,GE
1818084,Vijay Dubey,BJP,22953,37528,25.2993204616546,2,6,334,UP,Vijay Dubey,BJP,,,,,False,6,2009,GE
1818085,Swami Prasad Maurya,BSP,22951,37256,25.1159529716319,3,6,334,UP,Swami Prasad Maurya,BSP,,,,,False,6,2009,GE
1818086,Bramha Shanker Tripathi,SP,22952,11156,7.52076367166432,4,6,334,UP,Bramha Shanker Tripathi,SP,,,,,False,6,2009,GE
1818087,Kishor Kumar,IPP,23237,2305,1.55390464890518,5,6,334,UP,Kishor Kumar,IPP,,,,,False,6,2009,GE
1818088,Daroga,IND,22955,2179,1.46896235573293,6,6,334,UP,Daroga,IND,,,,,False,6,2009,GE
1818089,Jangi,SBSP,23361,2115,1.42581706396289,7,6,334,UP,Jangi,SBSP,,,,,False,6,2009,GE
1818090,Jai Govind,IND,22955,1591,1.07256498759572,8,6,334,UP,Jai Govind,IND,,,,,False,6,2009,GE
1818091,Ameeruddin,IND,22955,1201,0.809648365872074,9,6,334,UP,Ameeruddin,IND,,,,,False,6,2009,GE
1818092,Jagdish,IND,22955,1124,0.75773918671125,10,6,334,UP,Jagdish,IND,,,,,False,6,2009,GE
1818093,Ram Briksh,IND,22955,1024,0.690324668320569,11,6,334,UP,Ram Briksh,IND,,,,,False,6,2009,GE
1818094,Anil,RPI(A),23009,817,0.55077661525186,12,6,334,UP,Anil,RPI(A),,,,,False,6,2009,GE
1818095,Ramesh,IND,22955,603,0.406509545895804,13,6,334,UP,Ramesh,IND,,,,,False,6,2009,GE
1818096,Madan Lal,MADP,23222,560,0.377521302987811,14,6,334,UP,Madan Lal,MADP,,,,,False,6,2009,GE
1818097,Babu Lal,BRPP,23273,457,0.30808434904541,15,6,334,UP,Babu Lal,BRPP,,,,,False,6,2009,GE
1818098,Dheeraj Shekhar Shriwastawa,RALOP,23603,414,0.279096106137417,16,6,334,UP,Dheeraj Shekhar Shriwastawa,RALOP,,,,,False,6,2009,GE
1818099,Matiullah,NLHP,23028,405,0.273028799482256,17,6,334,UP,Matiullah,NLHP,,,,,False,6,2009,GE
1818100,K Kumar,PRBD,23602,360,0.24269226620645,18,6,334,UP,K Kumar,PRBD,,,,,False,6,2009,GE
1818193,Kunwar Ratanjit Pratap Narain Singh,INC,22954,51762,37.3288140482457,1,6,335,UP,Kunwar Ratanjit Pratap Narain Singh,INC,,,,,False,6,2009,GE
1818194,Swami Prasad Maurya,BSP,22951,35401,25.5298741571413,2,6,335,UP,Swami Prasad Maurya,BSP,,,,,False,6,2009,GE
1818195,Vijay Dubey,BJP,22953,28337,20.4355821584394,3,6,335,UP,Vijay Dubey,BJP,,,,,False,6,2009,GE
1818196,Bramha Shanker Tripathi,SP,22952,7172,5.17217755021094,4,6,335,UP,Bramha Shanker Tripathi,SP,,,,,False,6,2009,GE
1818197,Jangi,SBSP,23361,3297,2.37767280856741,5,6,335,UP,Jangi,SBSP,,,,,False,6,2009,GE
1818198,Daroga,IND,22955,2275,1.64064471928749,6,6,335,UP,Daroga,IND,,,,,False,6,2009,GE
1818199,Kishor Kumar,IPP,23237,2257,1.62766379403598,7,6,335,UP,Kishor Kumar,IPP,,,,,False,6,2009,GE
1818200,Jai Govind,IND,22955,1390,1.0024158944218,8,6,335,UP,Jai Govind,IND,,,,,False,6,2009,GE
1818201,Ram Briksh,IND,22955,1185,0.85457757905744,9,6,335,UP,Ram Briksh,IND,,,,,False,6,2009,GE
1818202,Jagdish,IND,22955,986,0.711066238776908,10,6,335,UP,Jagdish,IND,,,,,False,6,2009,GE
1818203,Ameeruddin,IND,22955,876,0.63173836223993,11,6,335,UP,Ameeruddin,IND,,,,,False,6,2009,GE
1818204,Anil,RPI(A),23009,830,0.598564886597194,12,6,335,UP,Anil,RPI(A),,,,,False,6,2009,GE
1818205,Ramesh,IND,22955,576,0.415389608048173,13,6,335,UP,Ramesh,IND,,,,,False,6,2009,GE
1818206,Madan Lal,MADP,23222,553,0.398802870226805,14,6,335,UP,Madan Lal,MADP,,,,,False,6,2009,GE
1818207,Matiullah,NLHP,23028,461,0.332455918941333,15,6,335,UP,Matiullah,NLHP,,,,,False,6,2009,GE
1818208,Babu Lal,BRPP,23273,458,0.330292431399415,16,6,335,UP,Babu Lal,BRPP,,,,,False,6,2009,GE
1818209,Dheeraj Shekhar Shriwastawa,RALOP,23603,430,0.310099881008185,17,6,335,UP,Dheeraj Shekhar Shriwastawa,RALOP,,,,,False,6,2009,GE
1818210,K Kumar,PRBD,23602,419,0.302167093354487,18,6,335,UP,K Kumar,PRBD,,,,,False,6,2009,GE
1818294,Kamlesh Paswan,BJP,22953,38445,34.719588187483,1,6,336,UP,Kamlesh Paswan,BJP,,,,,False,6,2009,GE
1818295,Shree Nath Ji,BSP,22951,26571,23.9962069899756,2,6,336,UP,Shree Nath Ji,BSP,,,,,False,6,2009,GE
1818296,Sharada Devi,SP,22952,19709,17.7991510882326,3,6,336,UP,Sharada Devi,SP,,,,,False,6,2009,GE
1818297,Maha Beer Prasad,INC,22954,12932,11.6788584846021,4,6,336,UP,Maha Beer Prasad,INC,,,,,False,6,2009,GE
1818298,Rama Shanker,PECP,22956,3528,3.18612842048225,5,6,336,UP,Rama Shanker,PECP,,,,,False,6,2009,GE
1818299,Vinai Kumar,IND,22955,2561,2.31283301724916,6,6,336,UP,Vinai Kumar,IND,,,,,False,6,2009,GE
1818300,Ku. Kunjawati,IND,22955,1188,1.07287997832565,7,6,336,UP,Ku. Kunjawati,IND,,,,,False,6,2009,GE
1818301,Manoj Kumar,IND,22955,1032,0.93199674884855,8,6,336,UP,Manoj Kumar,IND,,,,,False,6,2009,GE
1818302,Ram Pravesh Prasad,EKSP,23387,942,0.850717962611758,9,6,336,UP,Ram Pravesh Prasad,EKSP,,,,,False,6,2009,GE
1818303,Chandrika,RJPK,23268,889,0.802853788494536,10,6,336,UP,Chandrika,RJPK,,,,,False,6,2009,GE
1818304,Rama Paswan,IND,22955,855,0.772148469249525,11,6,336,UP,Rama Paswan,IND,,,,,False,6,2009,GE
1818305,Ramkawal,IND,22955,664,0.599656822902555,12,6,336,UP,Ramkawal,IND,,,,,False,6,2009,GE
1818306,Ramsakal,IND,22955,658,0.594238237153436,13,6,336,UP,Ramsakal,IND,,,,,False,6,2009,GE
1818307,Radheyshyam,IND,22955,400,0.361239049941298,14,6,336,UP,Radheyshyam,IND,,,,,False,6,2009,GE
1818308,Harilal,BUM,23560,356,0.321502754447755,15,6,336,UP,Harilal,BUM,,,,,False,6,2009,GE
1818379,Shri Prakash Mani Tripathi,BJP,22953,41865,32.3099719849042,1,6,337,UP,Shri Prakash Mani Tripathi,BJP,,,,,False,6,2009,GE
1818380,Gorakh Prasad Jaiswal,BSP,22951,36472,28.147839441859,2,6,337,UP,Gorakh Prasad Jaiswal,BSP,,,,,False,6,2009,GE
1818381,Mohan Singh,SP,22952,22979,17.7344045441565,3,6,337,UP,Mohan Singh,SP,,,,,False,6,2009,GE
1818382,Baleshwar Yadav,INC,22954,16331,12.6037060190008,4,6,337,UP,Baleshwar Yadav,INC,,,,,False,6,2009,GE
1818383,Safayat Ali,PECP,22956,3831,2.95663448403602,5,6,337,UP,Safayat Ali,PECP,,,,,False,6,2009,GE
1818384,Dharmendra Kumar,SBSP,23361,2762,2.13161692636583,6,6,337,UP,Dharmendra Kumar,SBSP,,,,,False,6,2009,GE
1818385,Vijay Juaatha,IND,22955,2136,1.64849158389479,7,6,337,UP,Vijay Juaatha,IND,,,,,False,6,2009,GE
1818386,Moti Lal Kushwaha Shastri,RSMD,23062,763,0.588857246494254,8,6,337,UP,Moti Lal Kushwaha Shastri,RSMD,,,,,False,6,2009,GE
1818387,Sarita,ASP,22961,743,0.57342193203831,9,6,337,UP,Sarita,ASP,,,,,False,6,2009,GE
1818388,Ganga Prasad Kushwaha,PRBD,23602,724,0.558758383305163,10,6,337,UP,Ganga Prasad Kushwaha,PRBD,,,,,False,6,2009,GE
1818389,Ram Kishor Yadav Alias Vidhayak,IND,22955,548,0.422927616092858,11,6,337,UP,Ram Kishor Yadav Alias Vidhayak,IND,,,,,False,6,2009,GE
1818390,Jagdish Kumar Verma,LPSP,23094,419,0.323369837852021,12,6,337,UP,Jagdish Kumar Verma,LPSP,,,,,False,6,2009,GE
1818483,Shri Prakash Mani Tripathi,BJP,22953,39489,27.0317077845623,1,6,338,UP,Shri Prakash Mani Tripathi,BJP,,,,,False,6,2009,GE
1818484,Gorakh Prasad Jaiswal,BSP,22951,38277,26.2020481366884,2,6,338,UP,Gorakh Prasad Jaiswal,BSP,,,,,False,6,2009,GE
1818485,Mohan Singh,SP,22952,30872,21.1330467402316,3,6,338,UP,Mohan Singh,SP,,,,,False,6,2009,GE
1818486,Baleshwar Yadav,INC,22954,18421,12.6098682949535,4,6,338,UP,Baleshwar Yadav,INC,,,,,False,6,2009,GE
1818487,Safayat Ali,PECP,22956,11003,7.53196790887434,5,6,338,UP,Safayat Ali,PECP,,,,,False,6,2009,GE
1818488,Vijay Juaatha,IND,22955,2612,1.78801237644095,6,6,338,UP,Vijay Juaatha,IND,,,,,False,6,2009,GE
1818489,Dharmendra Kumar,SBSP,23361,1175,0.804331754333123,7,6,338,UP,Dharmendra Kumar,SBSP,,,,,False,6,2009,GE
1818490,Ganga Prasad Kushwaha,PRBD,23602,1083,0.741354289312998,8,6,338,UP,Ganga Prasad Kushwaha,PRBD,,,,,False,6,2009,GE
1818491,Sarita,ASP,22961,978,0.669477834670463,9,6,338,UP,Sarita,ASP,,,,,False,6,2009,GE
1818492,Moti Lal Kushwaha Shastri,RSMD,23062,944,0.646203554119547,10,6,338,UP,Moti Lal Kushwaha Shastri,RSMD,,,,,False,6,2009,GE
1818493,Ram Kishor Yadav Alias Vidhayak,IND,22955,711,0.486706278579447,11,6,338,UP,Ram Kishor Yadav Alias Vidhayak,IND,,,,,False,6,2009,GE
1818494,Jagdish Kumar Verma,LPSP,23094,519,0.355275047233098,12,6,338,UP,Jagdish Kumar Verma,LPSP,,,,,False,6,2009,GE
1818581,Gorakh Prasad Jaiswal,BSP,22951,42918,29.970879684914,1,6,339,UP,Gorakh Prasad Jaiswal,BSP,,,,,False,6,2009,GE
1818582,Shri Prakash Mani Tripathi,BJP,22953,30629,21.389115845781,2,6,339,UP,Shri Prakash Mani Tripathi,BJP,,,,,False,6,2009,GE
1818583,Mohan Singh,SP,22952,28020,19.5671757484339,3,6,339,UP,Mohan Singh,SP,,,,,False,6,2009,GE
1818584,Baleshwar Yadav,INC,22954,23493,16.4058408229107,4,6,339,UP,Baleshwar Yadav,INC,,,,,False,6,2009,GE
1818585,Safayat Ali,PECP,22956,5531,3.86245714006382,5,6,339,UP,Safayat Ali,PECP,,,,,False,6,2009,GE
1818586,Vijay Juaatha,IND,22955,3127,2.18367446700046,6,6,339,UP,Vijay Juaatha,IND,,,,,False,6,2009,GE
1818587,Moti Lal Kushwaha Shastri,RSMD,23062,3088,2.15643963994161,7,6,339,UP,Moti Lal Kushwaha Shastri,RSMD,,,,,False,6,2009,GE
1818588,Dharmendra Kumar,SBSP,23361,2560,1.78772198129875,8,6,339,UP,Dharmendra Kumar,SBSP,,,,,False,6,2009,GE
1818589,Ganga Prasad Kushwaha,PRBD,23602,1203,0.840089665430624,9,6,339,UP,Ganga Prasad Kushwaha,PRBD,,,,,False,6,2009,GE
1818590,Sarita,ASP,22961,1142,0.79749160259499,10,6,339,UP,Sarita,ASP,,,,,False,6,2009,GE
1818591,Ram Kishor Yadav Alias Vidhayak,IND,22955,854,0.59637287969888,11,6,339,UP,Ram Kishor Yadav Alias Vidhayak,IND,,,,,False,6,2009,GE
1818592,Jagdish Kumar Verma,LPSP,23094,634,0.442740521931019,12,6,339,UP,Jagdish Kumar Verma,LPSP,,,,,False,6,2009,GE
1818683,Dr.Bhola Pandey,INC,22954,41014,32.8922464953645,1,6,340,UP,Dr.Bhola Pandey,INC,,,,,False,6,2009,GE
1818684,Harikewal,SP,22952,28759,23.0640297693516,2,6,340,UP,Harikewal,SP,,,,,False,6,2009,GE
1818685,Ramashankar Rajbhar,BSP,22951,28711,23.025534918038,3,6,340,UP,Ramashankar Rajbhar,BSP,,,,,False,6,2009,GE
1818686,Ravi Shanker Singhpappu,JD(U),22987,11634,9.33018958714271,4,6,340,UP,Ravi Shanker Singhpappu,JD(U),,,,,False,6,2009,GE
1818687,Izhar,PECP,22956,2387,1.91431687678439,5,6,340,UP,Izhar,PECP,,,,,False,6,2009,GE
1818688,Parasuram,IND,22955,2195,1.76033747152984,6,6,340,UP,Parasuram,IND,,,,,False,6,2009,GE
1818689,Fulendra,IND,22955,1135,0.910242838353703,7,6,340,UP,Fulendra,IND,,,,,False,6,2009,GE
1818690,Ameer,IND,22955,896,0.718570557854553,8,6,340,UP,Ameer,IND,,,,,False,6,2009,GE
1818691,Sriram,CPI(ML)(L),23197,873,0.700125108266769,9,6,340,UP,Sriram,CPI(ML)(L),,,,,False,6,2009,GE
1818692,Ramcharan,PDF,23622,864,0.692907323645462,10,6,340,UP,Ramcharan,PDF,,,,,False,6,2009,GE
1818693,Sanjay,IND,22955,767,0.615115644949154,11,6,340,UP,Sanjay,IND,,,,,False,6,2009,GE
1818694,Ramdayal,JPS,23265,637,0.510858755974721,12,6,340,UP,Ramdayal,JPS,,,,,False,6,2009,GE
1818695,Fate Bahadur,SBSP,23361,588,0.47156192859205,13,6,340,UP,Fate Bahadur,SBSP,,,,,False,6,2009,GE
1818696,Harishchand,EKSP,23387,572,0.458730311487505,14,6,340,UP,Harishchand,EKSP,,,,,False,6,2009,GE
1818697,Man Ji,IND,22955,479,0.384146537067333,15,6,340,UP,Man Ji,IND,,,,,False,6,2009,GE
1818698,Ramashray Chauhan,MOP,23610,463,0.371314919962788,16,6,340,UP,Ramashray Chauhan,MOP,,,,,False,6,2009,GE
1818699,Zubair,NELU,23029,423,0.339235877201424,17,6,340,UP,Zubair,NELU,,,,,False,6,2009,GE
1818700,Mahesh,IND,22955,339,0.271869887402559,18,6,340,UP,Mahesh,IND,,,,,False,6,2009,GE
1818701,Sarvdaman,IND,22955,336,0.269463959195457,19,6,340,UP,Sarvdaman,IND,,,,,False,6,2009,GE
1818702,Jang Bahadur,BSD,23623,326,0.261444198505116,20,6,340,UP,Jang Bahadur,BSD,,,,,False,6,2009,GE
1818703,Ramnawami Yadav,SWJP,23597,326,0.261444198505116,20,6,340,UP,Ramnawami Yadav,SWJP,,,,,False,6,2009,GE
1818704,Rajendra Alias Rajan,IND,22955,305,0.2446027010554,22,6,340,UP,Rajendra Alias Rajan,IND,,,,,False,6,2009,GE
1818705,Satish,IND,22955,272,0.218137490777275,23,6,340,UP,Satish,IND,,,,,False,6,2009,GE
1818706,Vindhachal,IND,22955,212,0.170018926635229,24,6,340,UP,Vindhachal,IND,,,,,False,6,2009,GE
1818707,Shailendra,IND,22955,179,0.143553716357103,25,6,340,UP,Shailendra,IND,,,,,False,6,2009,GE
1818796,Dr.Bhola Pandey,INC,22954,31650,27.2699074632523,1,6,341,UP,Dr.Bhola Pandey,INC,,,,,False,6,2009,GE
1818797,Ramashankar Rajbhar,BSP,22951,28538,24.5885819648119,2,6,341,UP,Ramashankar Rajbhar,BSP,,,,,False,6,2009,GE
1818798,Harikewal,SP,22952,24025,20.7001430270028,3,6,341,UP,Harikewal,SP,,,,,False,6,2009,GE
1818799,Ravi Shanker Singhpappu,JD(U),22987,16408,14.1372714583584,4,6,341,UP,Ravi Shanker Singhpappu,JD(U),,,,,False,6,2009,GE
1818800,Izhar,PECP,22956,5841,5.03265496027985,5,6,341,UP,Izhar,PECP,,,,,False,6,2009,GE
1818801,Parasuram,IND,22955,1331,1.14680084782271,6,6,341,UP,Parasuram,IND,,,,,False,6,2009,GE
1818802,Ramdayal,JPS,23265,854,0.735813616859954,7,6,341,UP,Ramdayal,JPS,,,,,False,6,2009,GE
1818803,Fulendra,IND,22955,760,0.654822422498319,8,6,341,UP,Fulendra,IND,,,,,False,6,2009,GE
1818804,Fate Bahadur,SBSP,23361,701,0.603987523909634,9,6,341,UP,Fate Bahadur,SBSP,,,,,False,6,2009,GE
1818805,Sanjay,IND,22955,665,0.572969619686029,10,6,341,UP,Sanjay,IND,,,,,False,6,2009,GE
1818806,Zubair,NELU,23029,594,0.511795419689476,11,6,341,UP,Zubair,NELU,,,,,False,6,2009,GE
1818807,Ameer,IND,22955,591,0.509210594337509,12,6,341,UP,Ameer,IND,,,,,False,6,2009,GE
1818808,Ramcharan,PDF,23622,522,0.449759611242267,13,6,341,UP,Ramcharan,PDF,,,,,False,6,2009,GE
1818809,Sriram,CPI(ML)(L),23197,454,0.39117023659768,14,6,341,UP,Sriram,CPI(ML)(L),,,,,False,6,2009,GE
1818810,Jang Bahadur,BSD,23623,429,0.369630025331288,15,6,341,UP,Jang Bahadur,BSD,,,,,False,6,2009,GE
1818811,Ramashray Chauhan,MOP,23610,428,0.368768416880632,16,6,341,UP,Ramashray Chauhan,MOP,,,,,False,6,2009,GE
1818812,Man Ji,IND,22955,425,0.366183591528665,17,6,341,UP,Man Ji,IND,,,,,False,6,2009,GE
1818813,Harishchand,EKSP,23387,361,0.311040650686701,18,6,341,UP,Harishchand,EKSP,,,,,False,6,2009,GE
1818814,Sarvdaman,IND,22955,284,0.244696799986214,19,6,341,UP,Sarvdaman,IND,,,,,False,6,2009,GE
1818815,Ramnawami Yadav,SWJP,23597,265,0.228326239423756,20,6,341,UP,Ramnawami Yadav,SWJP,,,,,False,6,2009,GE
1818816,Rajendra Alias Rajan,IND,22955,241,0.207647636608019,21,6,341,UP,Rajendra Alias Rajan,IND,,,,,False,6,2009,GE
1818817,Mahesh,IND,22955,239,0.205924419706708,22,6,341,UP,Mahesh,IND,,,,,False,6,2009,GE
1818818,Satish,IND,22955,185,0.159397563371301,23,6,341,UP,Satish,IND,,,,,False,6,2009,GE
1818819,Shailendra,IND,22955,182,0.156812738019334,24,6,341,UP,Shailendra,IND,,,,,False,6,2009,GE
1818820,Vindhachal,IND,22955,89,0.0766831521083558,25,6,341,UP,Vindhachal,IND,,,,,False,6,2009,GE
1818896,Kamlesh Paswan,BJP,22953,36717,30.9821955953084,1,6,342,UP,Kamlesh Paswan,BJP,,,,,False,6,2009,GE
1818897,Shree Nath Ji,BSP,22951,27250,22.9938401822631,2,6,342,UP,Shree Nath Ji,BSP,,,,,False,6,2009,GE
1818898,Sharada Devi,SP,22952,25749,21.7272803982786,3,6,342,UP,Sharada Devi,SP,,,,,False,6,2009,GE
1818899,Maha Beer Prasad,INC,22954,16245,13.7077039912243,4,6,342,UP,Maha Beer Prasad,INC,,,,,False,6,2009,GE
1818900,Rama Shanker,PECP,22956,3593,3.03181166146316,5,6,342,UP,Rama Shanker,PECP,,,,,False,6,2009,GE
1818901,Vinai Kumar,IND,22955,1984,1.67412032739853,6,6,342,UP,Vinai Kumar,IND,,,,,False,6,2009,GE
1818902,Ram Pravesh Prasad,EKSP,23387,1920,1.62011644586954,7,6,342,UP,Ram Pravesh Prasad,EKSP,,,,,False,6,2009,GE
1818903,Manoj Kumar,IND,22955,1138,0.960256518437262,8,6,342,UP,Manoj Kumar,IND,,,,,False,6,2009,GE
1818904,Rama Paswan,IND,22955,729,0.615137963041093,9,6,342,UP,Rama Paswan,IND,,,,,False,6,2009,GE
1818905,Chandrika,RJPK,23268,728,0.614294152392203,10,6,342,UP,Chandrika,RJPK,,,,,False,6,2009,GE
1818906,Ku. Kunjawati,IND,22955,653,0.551008353725424,11,6,342,UP,Ku. Kunjawati,IND,,,,,False,6,2009,GE
1818907,Ramsakal,IND,22955,584,0.492785418951987,12,6,342,UP,Ramsakal,IND,,,,,False,6,2009,GE
1818908,Ramkawal,IND,22955,583,0.491941608303096,13,6,342,UP,Ramkawal,IND,,,,,False,6,2009,GE
1818909,Radheyshyam,IND,22955,333,0.280988946080499,14,6,342,UP,Radheyshyam,IND,,,,,False,6,2009,GE
1818910,Harilal,BUM,23560,304,0.256518437262678,15,6,342,UP,Harilal,BUM,,,,,False,6,2009,GE
1818984,Dr. Baliram,BSP,22951,44969,32.1579255996224,1,6,343,UP,Dr. Baliram,BSP,,,,,False,6,2009,GE
1818985,Daroga Prasad Saroj,SP,22952,44871,32.0878445057852,2,6,343,UP,Daroga Prasad Saroj,SP,,,,,False,6,2009,GE
1818986,Neelam Sonkar,BJP,22953,36854,26.3547819619845,3,6,343,UP,Neelam Sonkar,BJP,,,,,False,6,2009,GE
1818987,Chandra Ram Alias Chandu Saroj,IND,22955,4733,3.38463078705359,4,6,343,UP,Chandra Ram Alias Chandu Saroj,IND,,,,,False,6,2009,GE
1818988,Hariprasad Sonkar,CPI,22973,2964,2.11959553197271,5,6,343,UP,Hariprasad Sonkar,CPI,,,,,False,6,2009,GE
1818989,Sukhanayan,IND,22955,1764,1.26145968906877,6,6,343,UP,Sukhanayan,IND,,,,,False,6,2009,GE
1818990,Ram Dayal Alias Mohan,SBSP,23361,1643,1.17493099157596,7,6,343,UP,Ram Dayal Alias Mohan,SBSP,,,,,False,6,2009,GE
1818991,Dharmraj,IND,22955,607,0.434073713868905,8,6,343,UP,Dharmraj,IND,,,,,False,6,2009,GE
1818992,Manbhawan,BRPP,23273,581,0.415480770605986,9,6,343,UP,Manbhawan,BRPP,,,,,False,6,2009,GE
1818993,Achchhelal,IND,22955,454,0.324661393898654,10,6,343,UP,Achchhelal,IND,,,,,False,6,2009,GE
1818994,Urmila Devi,IND,22955,398,0.284615054563137,11,6,343,UP,Urmila Devi,IND,,,,,False,6,2009,GE
1819072,Ramakant Yadav,BJP,22953,48701,35.2025732769525,1,6,344,UP,Ramakant Yadav,BJP,,,,,False,6,2009,GE
1819073,Akbar Ahmad Dumpy,BSP,22951,35642,25.7631284108569,2,6,344,UP,Akbar Ahmad Dumpy,BSP,,,,,False,6,2009,GE
1819074,Durga Prasad Yadav,SP,22952,24513,17.7187466117315,3,6,344,UP,Durga Prasad Yadav,SP,,,,,False,6,2009,GE
1819075,Dr. Javed Akhtar,IND,22955,16676,12.0539231631067,4,6,344,UP,Dr. Javed Akhtar,IND,,,,,False,6,2009,GE
1819076,Santosh Kumar Singh,INC,22954,4283,3.09588347970653,5,6,344,UP,Santosh Kumar Singh,INC,,,,,False,6,2009,GE
1819077,Daan Bahadur Yadav,IND,22955,2402,1.73623911236401,6,6,344,UP,Daan Bahadur Yadav,IND,,,,,False,6,2009,GE
1819078,Arun Kumar Singh,CPM,23066,1223,0.88402182948426,7,6,344,UP,Arun Kumar Singh,CPM,,,,,False,6,2009,GE
1819079,Ram Bharos,BUM,23560,967,0.698977194694423,8,6,344,UP,Ram Bharos,BUM,,,,,False,6,2009,GE
1819080,Ram Singh,IND,22955,932,0.67367812353175,9,6,344,UP,Ram Singh,IND,,,,,False,6,2009,GE
1819081,Yadunath,IND,22955,702,0.507427084462756,10,6,344,UP,Yadunath,IND,,,,,False,6,2009,GE
1819082,Jai Jai Ram Prajapati,LPSP,23094,643,0.464780078788535,11,6,344,UP,Jai Jai Ram Prajapati,LPSP,,,,,False,6,2009,GE
1819083,Kedar Nath Giri,IND,22955,514,0.371534930788969,12,6,344,UP,Kedar Nath Giri,IND,,,,,False,6,2009,GE
1819084,Ram Ujagir,IND,22955,308,0.222631826231522,13,6,344,UP,Ram Ujagir,IND,,,,,False,6,2009,GE
1819085,Khairul Bashar,IND,22955,296,0.213957858975749,14,6,344,UP,Khairul Bashar,IND,,,,,False,6,2009,GE
1819086,Vinod,JPS,23265,281,0.203115399906032,15,6,344,UP,Vinod,JPS,,,,,False,6,2009,GE
1819087,Usmana Faruqee,IND,22955,262,0.189381618417723,16,6,344,UP,Usmana Faruqee,IND,,,,,False,6,2009,GE
1819173,Ramakant Yadav,BJP,22953,52520,40.0039607881968,1,6,345,UP,Ramakant Yadav,BJP,,,,,False,6,2009,GE
1819174,Akbar Ahmad Dumpy,BSP,22951,35197,26.8092042624174,2,6,345,UP,Akbar Ahmad Dumpy,BSP,,,,,False,6,2009,GE
1819175,Durga Prasad Yadav,SP,22952,18317,13.9518764234082,3,6,345,UP,Durga Prasad Yadav,SP,,,,,False,6,2009,GE
1819176,Dr. Javed Akhtar,IND,22955,10483,7.98479666684439,4,6,345,UP,Dr. Javed Akhtar,IND,,,,,False,6,2009,GE
1819177,Santosh Kumar Singh,INC,22954,6494,4.94641510583683,5,6,345,UP,Santosh Kumar Singh,INC,,,,,False,6,2009,GE
1819178,Daan Bahadur Yadav,IND,22955,1942,1.47920205351634,6,6,345,UP,Daan Bahadur Yadav,IND,,,,,False,6,2009,GE
1819179,Ram Singh,IND,22955,1179,0.898032554632217,7,6,345,UP,Ram Singh,IND,,,,,False,6,2009,GE
1819180,Arun Kumar Singh,CPM,23066,1165,0.887368894102234,8,6,345,UP,Arun Kumar Singh,CPM,,,,,False,6,2009,GE
1819181,Ram Bharos,BUM,23560,704,0.53622978665062,9,6,345,UP,Ram Bharos,BUM,,,,,False,6,2009,GE
1819182,Yadunath,IND,22955,686,0.522519365969212,10,6,345,UP,Yadunath,IND,,,,,False,6,2009,GE
1819183,Jai Jai Ram Prajapati,LPSP,23094,632,0.481388103924988,11,6,345,UP,Jai Jai Ram Prajapati,LPSP,,,,,False,6,2009,GE
1819184,Kedar Nath Giri,IND,22955,549,0.418167830782941,12,6,345,UP,Kedar Nath Giri,IND,,,,,False,6,2009,GE
1819185,Ram Ujagir,IND,22955,434,0.330573476429501,13,6,345,UP,Ram Ujagir,IND,,,,,False,6,2009,GE
1819186,Usmana Faruqee,IND,22955,337,0.25668954275747,14,6,345,UP,Usmana Faruqee,IND,,,,,False,6,2009,GE
1819187,Vinod,JPS,23265,330,0.251357712492478,15,6,345,UP,Vinod,JPS,,,,,False,6,2009,GE
1819188,Khairul Bashar,IND,22955,318,0.242217432038206,16,6,345,UP,Khairul Bashar,IND,,,,,False,6,2009,GE
1819281,Akbar Ahmad Dumpy,BSP,22951,46854,34.7935216057862,1,6,346,UP,Akbar Ahmad Dumpy,BSP,,,,,False,6,2009,GE
1819282,Ramakant Yadav,BJP,22953,40783,30.2852305384552,2,6,346,UP,Ramakant Yadav,BJP,,,,,False,6,2009,GE
1819283,Durga Prasad Yadav,SP,22952,22575,16.764070308845,3,6,346,UP,Durga Prasad Yadav,SP,,,,,False,6,2009,GE
1819284,Dr. Javed Akhtar,IND,22955,11801,8.76335741814752,4,6,346,UP,Dr. Javed Akhtar,IND,,,,,False,6,2009,GE
1819285,Santosh Kumar Singh,INC,22954,4671,3.46865880011584,5,6,346,UP,Santosh Kumar Singh,INC,,,,,False,6,2009,GE
1819286,Daan Bahadur Yadav,IND,22955,1807,1.34186821918418,6,6,346,UP,Daan Bahadur Yadav,IND,,,,,False,6,2009,GE
1819287,Arun Kumar Singh,CPM,23066,1282,0.952006118978487,7,6,346,UP,Arun Kumar Singh,CPM,,,,,False,6,2009,GE
1819288,Vinod,JPS,23265,1226,0.910420828289879,8,6,346,UP,Vinod,JPS,,,,,False,6,2009,GE
1819289,Ram Singh,IND,22955,962,0.714375886472156,9,6,346,UP,Ram Singh,IND,,,,,False,6,2009,GE
1819290,Jai Jai Ram Prajapati,LPSP,23094,621,0.461151169957597,10,6,346,UP,Jai Jai Ram Prajapati,LPSP,,,,,False,6,2009,GE
1819291,Yadunath,IND,22955,490,0.363871293525318,11,6,346,UP,Yadunath,IND,,,,,False,6,2009,GE
1819292,Kedar Nath Giri,IND,22955,374,0.277730334241773,12,6,346,UP,Kedar Nath Giri,IND,,,,,False,6,2009,GE
1819293,Ram Bharos,BUM,23560,334,0.248026555178482,13,6,346,UP,Ram Bharos,BUM,,,,,False,6,2009,GE
1819294,Ram Ujagir,IND,22955,318,0.236145043553166,14,6,346,UP,Ram Ujagir,IND,,,,,False,6,2009,GE
1819295,Khairul Bashar,IND,22955,308,0.228719098787343,15,6,346,UP,Khairul Bashar,IND,,,,,False,6,2009,GE
1819296,Usmana Faruqee,IND,22955,257,0.190846780481646,16,6,346,UP,Usmana Faruqee,IND,,,,,False,6,2009,GE
1819381,Ramakant Yadav,BJP,22953,57664,38.8982953663916,1,6,347,UP,Ramakant Yadav,BJP,,,,,False,6,2009,GE
1819382,Akbar Ahmad Dumpy,BSP,22951,34323,23.1532011629554,2,6,347,UP,Akbar Ahmad Dumpy,BSP,,,,,False,6,2009,GE
1819383,Durga Prasad Yadav,SP,22952,29379,19.8181364381454,3,6,347,UP,Durga Prasad Yadav,SP,,,,,False,6,2009,GE
1819384,Dr. Javed Akhtar,IND,22955,12031,8.11572890456884,4,6,347,UP,Dr. Javed Akhtar,IND,,,,,False,6,2009,GE
1819385,Santosh Kumar Singh,INC,22954,6811,4.59448338201466,5,6,347,UP,Santosh Kumar Singh,INC,,,,,False,6,2009,GE
1819386,Daan Bahadur Yadav,IND,22955,2195,1.48067699655295,6,6,347,UP,Daan Bahadur Yadav,IND,,,,,False,6,2009,GE
1819387,Arun Kumar Singh,CPM,23066,1110,0.74877059962359,7,6,347,UP,Arun Kumar Singh,CPM,,,,,False,6,2009,GE
1819388,Ram Singh,IND,22955,1056,0.712343921804064,8,6,347,UP,Ram Singh,IND,,,,,False,6,2009,GE
1819389,Ram Bharos,BUM,23560,685,0.462079153821765,9,6,347,UP,Ram Bharos,BUM,,,,,False,6,2009,GE
1819390,Jai Jai Ram Prajapati,LPSP,23094,650,0.43846927004985,10,6,347,UP,Jai Jai Ram Prajapati,LPSP,,,,,False,6,2009,GE
1819391,Yadunath,IND,22955,643,0.433747293295467,11,6,347,UP,Yadunath,IND,,,,,False,6,2009,GE
1819392,Vinod,JPS,23265,425,0.286691445801825,12,6,347,UP,Vinod,JPS,,,,,False,6,2009,GE
1819393,Kedar Nath Giri,IND,22955,389,0.262406993922141,13,6,347,UP,Kedar Nath Giri,IND,,,,,False,6,2009,GE
1819394,Ram Ujagir,IND,22955,348,0.234749701503612,14,6,347,UP,Ram Ujagir,IND,,,,,False,6,2009,GE
1819395,Usmana Faruqee,IND,22955,269,0.181458820989861,15,6,347,UP,Usmana Faruqee,IND,,,,,False,6,2009,GE
1819396,Khairul Bashar,IND,22955,265,0.178760548558785,16,6,347,UP,Khairul Bashar,IND,,,,,False,6,2009,GE
1819476,Dr. Baliram,BSP,22951,33534,28.2054301382767,1,6,348,UP,Dr. Baliram,BSP,,,,,False,6,2009,GE
1819477,Neelam Sonkar,BJP,22953,30441,25.6039094304074,2,6,348,UP,Neelam Sonkar,BJP,,,,,False,6,2009,GE
1819478,Daroga Prasad Saroj,SP,22952,24714,20.7869326783972,3,6,348,UP,Daroga Prasad Saroj,SP,,,,,False,6,2009,GE
1819479,Chandra Ram Alias Chandu Saroj,IND,22955,23353,19.6421962789758,4,6,348,UP,Chandra Ram Alias Chandu Saroj,IND,,,,,False,6,2009,GE
1819480,Hariprasad Sonkar,CPI,22973,2043,1.71836624835985,5,6,348,UP,Hariprasad Sonkar,CPI,,,,,False,6,2009,GE
1819481,Sukhanayan,IND,22955,1528,1.28520001345759,6,6,348,UP,Sukhanayan,IND,,,,,False,6,2009,GE
1819482,Ram Dayal Alias Mohan,SBSP,23361,1303,1.09595262927699,7,6,348,UP,Ram Dayal Alias Mohan,SBSP,,,,,False,6,2009,GE
1819483,Dharmraj,IND,22955,554,0.465969114826901,8,6,348,UP,Dharmraj,IND,,,,,False,6,2009,GE
1819484,Manbhawan,BRPP,23273,542,0.455875921003936,9,6,348,UP,Manbhawan,BRPP,,,,,False,6,2009,GE
1819485,Achchhelal,IND,22955,444,0.373448171449719,10,6,348,UP,Achchhelal,IND,,,,,False,6,2009,GE
1819486,Urmila Devi,IND,22955,436,0.366719375567742,11,6,348,UP,Urmila Devi,IND,,,,,False,6,2009,GE
1819570,Dr. Baliram,BSP,22951,33696,27.8249380677126,1,6,349,UP,Dr. Baliram,BSP,,,,,False,6,2009,GE
1819571,Neelam Sonkar,BJP,22953,30759,25.3996696944673,2,6,349,UP,Neelam Sonkar,BJP,,,,,False,6,2009,GE
1819572,Daroga Prasad Saroj,SP,22952,26601,21.9661436829066,3,6,349,UP,Daroga Prasad Saroj,SP,,,,,False,6,2009,GE
1819573,Chandra Ram Alias Chandu Saroj,IND,22955,19986,16.5037159372419,4,6,349,UP,Chandra Ram Alias Chandu Saroj,IND,,,,,False,6,2009,GE
1819574,Ram Dayal Alias Mohan,SBSP,23361,4161,3.43600330305532,5,6,349,UP,Ram Dayal Alias Mohan,SBSP,,,,,False,6,2009,GE
1819575,Hariprasad Sonkar,CPI,22973,2433,2.00908340214698,6,6,349,UP,Hariprasad Sonkar,CPI,,,,,False,6,2009,GE
1819576,Sukhanayan,IND,22955,1475,1.21800165152766,7,6,349,UP,Sukhanayan,IND,,,,,False,6,2009,GE
1819578,Dharmraj,IND,22955,565,0.46655656482246,8,6,349,UP,Dharmraj,IND,,,,,False,6,2009,GE
1819577,Manbhawan,BRPP,23273,565,0.46655656482246,8,6,349,UP,Manbhawan,BRPP,,,,,False,6,2009,GE
1819579,Achchhelal,IND,22955,463,0.382328654004954,10,6,349,UP,Achchhelal,IND,,,,,False,6,2009,GE
1819580,Urmila Devi,IND,22955,396,0.327002477291494,11,6,349,UP,Urmila Devi,IND,,,,,False,6,2009,GE
1819660,Dr. Baliram,BSP,22951,41744,31.7160266832804,1,6,350,UP,Dr. Baliram,BSP,,,,,False,6,2009,GE
1819661,Neelam Sonkar,BJP,22953,32478,24.6759561762069,2,6,350,UP,Neelam Sonkar,BJP,,,,,False,6,2009,GE
1819662,Chandra Ram Alias Chandu Saroj,IND,22955,24276,18.4442857359935,3,6,350,UP,Chandra Ram Alias Chandu Saroj,IND,,,,,False,6,2009,GE
1819663,Daroga Prasad Saroj,SP,22952,20645,15.6855445303833,4,6,350,UP,Daroga Prasad Saroj,SP,,,,,False,6,2009,GE
1819664,Ram Dayal Alias Mohan,SBSP,23361,5444,4.13621237216794,5,6,350,UP,Ram Dayal Alias Mohan,SBSP,,,,,False,6,2009,GE
1819665,Hariprasad Sonkar,CPI,22973,2519,1.91387196280144,6,6,350,UP,Hariprasad Sonkar,CPI,,,,,False,6,2009,GE
1819666,Sukhanayan,IND,22955,1756,1.33416402011882,7,6,350,UP,Sukhanayan,IND,,,,,False,6,2009,GE
1819667,Dharmraj,IND,22955,880,0.668601559057271,8,6,350,UP,Dharmraj,IND,,,,,False,6,2009,GE
1819668,Manbhawan,BRPP,23273,756,0.57438952119011,9,6,350,UP,Manbhawan,BRPP,,,,,False,6,2009,GE
1819669,Achchhelal,IND,22955,571,0.433831238888297,10,6,350,UP,Achchhelal,IND,,,,,False,6,2009,GE
1819670,Urmila Devi,IND,22955,549,0.417116199911866,11,6,350,UP,Urmila Devi,IND,,,,,False,6,2009,GE
1819751,Dr. Baliram,BSP,22951,53908,36.8053090094764,1,6,351,UP,Dr. Baliram,BSP,,,,,False,6,2009,GE
1819752,Neelam Sonkar,BJP,22953,37310,25.473140890843,2,6,351,UP,Neelam Sonkar,BJP,,,,,False,6,2009,GE
1819753,Daroga Prasad Saroj,SP,22952,30166,20.5956249829314,3,6,351,UP,Daroga Prasad Saroj,SP,,,,,False,6,2009,GE
1819754,Chandra Ram Alias Chandu Saroj,IND,22955,15411,10.5217521916049,4,6,351,UP,Chandra Ram Alias Chandu Saroj,IND,,,,,False,6,2009,GE
1819755,Hariprasad Sonkar,CPI,22973,2995,2.04481524974738,5,6,351,UP,Hariprasad Sonkar,CPI,,,,,False,6,2009,GE
1819756,Sukhanayan,IND,22955,2477,1.69115438184449,6,6,351,UP,Sukhanayan,IND,,,,,False,6,2009,GE
1819757,Ram Dayal Alias Mohan,SBSP,23361,1364,0.931261435945052,7,6,351,UP,Ram Dayal Alias Mohan,SBSP,,,,,False,6,2009,GE
1819758,Dharmraj,IND,22955,893,0.609689488488953,8,6,351,UP,Dharmraj,IND,,,,,False,6,2009,GE
1819759,Manbhawan,BRPP,23273,758,0.517519185077969,9,6,351,UP,Manbhawan,BRPP,,,,,False,6,2009,GE
1819760,Urmila Devi,IND,22955,629,0.429445339596362,10,6,351,UP,Urmila Devi,IND,,,,,False,6,2009,GE
1819761,Achchhelal,IND,22955,557,0.380287844443837,11,6,351,UP,Achchhelal,IND,,,,,False,6,2009,GE
1819837,Ramakant Yadav,BJP,22953,47632,31.4029535864978,1,6,352,UP,Ramakant Yadav,BJP,,,,,False,6,2009,GE
1819838,Akbar Ahmad Dumpy,BSP,22951,46452,30.625,2,6,352,UP,Akbar Ahmad Dumpy,BSP,,,,,False,6,2009,GE
1819839,Durga Prasad Yadav,SP,22952,28960,19.0928270042194,3,6,352,UP,Durga Prasad Yadav,SP,,,,,False,6,2009,GE
1819840,Santosh Kumar Singh,INC,22954,8862,5.84256329113924,4,6,352,UP,Santosh Kumar Singh,INC,,,,,False,6,2009,GE
1819841,Dr. Javed Akhtar,IND,22955,8266,5.44963080168776,5,6,352,UP,Dr. Javed Akhtar,IND,,,,,False,6,2009,GE
1819842,Arun Kumar Singh,CPM,23066,2304,1.51898734177215,6,6,352,UP,Arun Kumar Singh,CPM,,,,,False,6,2009,GE
1819843,Daan Bahadur Yadav,IND,22955,2190,1.44382911392405,7,6,352,UP,Daan Bahadur Yadav,IND,,,,,False,6,2009,GE
1819844,Vinod,JPS,23265,1906,1.25659282700421,8,6,352,UP,Vinod,JPS,,,,,False,6,2009,GE
1819845,Ram Singh,IND,22955,1324,0.872890295358649,9,6,352,UP,Ram Singh,IND,,,,,False,6,2009,GE
1819846,Jai Jai Ram Prajapati,LPSP,23094,1278,0.84256329113924,10,6,352,UP,Jai Jai Ram Prajapati,LPSP,,,,,False,6,2009,GE
1819847,Yadunath,IND,22955,699,0.460838607594936,11,6,352,UP,Yadunath,IND,,,,,False,6,2009,GE
1819848,Ram Ujagir,IND,22955,426,0.280854430379746,12,6,352,UP,Ram Ujagir,IND,,,,,False,6,2009,GE
1819849,Kedar Nath Giri,IND,22955,413,0.272283755274261,13,6,352,UP,Kedar Nath Giri,IND,,,,,False,6,2009,GE
1819850,Khairul Bashar,IND,22955,357,0.235363924050632,14,6,352,UP,Khairul Bashar,IND,,,,,False,6,2009,GE
1819851,Usmana Faruqee,IND,22955,313,0.206355485232067,15,6,352,UP,Usmana Faruqee,IND,,,,,False,6,2009,GE
1819852,Ram Bharos,BUM,23560,298,0.196466244725738,16,6,352,UP,Ram Bharos,BUM,,,,,False,6,2009,GE
1819936,Dara Singh Chauhan,BSP,22951,44642,29.4105633478051,1,6,353,UP,Dara Singh Chauhan,BSP,,,,,False,6,2009,GE
1819937,Sudha Rai,INC,22954,43363,28.5679462938684,2,6,353,UP,Sudha Rai,INC,,,,,False,6,2009,GE
1819938,Arshad Jamal Ansari,SP,22952,27788,18.3069919427626,3,6,353,UP,Arshad Jamal Ansari,SP,,,,,False,6,2009,GE
1819939,Ram Iqbal,BJP,22953,12894,8.49468670325254,4,6,353,UP,Ram Iqbal,BJP,,,,,False,6,2009,GE
1819940,Ramesh Alias Raju Singh,SBSP,23361,9315,6.13680833261962,5,6,353,UP,Ramesh Alias Raju Singh,SBSP,,,,,False,6,2009,GE
1819941,Atul Kumar Singh Anjaan,CPI,22973,4363,2.87438483684588,6,6,353,UP,Atul Kumar Singh Anjaan,CPI,,,,,False,6,2009,GE
1819942,Akhilesh,JPS,23265,1759,1.15884550263853,7,6,353,UP,Akhilesh,JPS,,,,,False,6,2009,GE
1819943,Palakdhari,IND,22955,1729,1.13908122459466,8,6,353,UP,Palakdhari,IND,,,,,False,6,2009,GE
1819944,Harish Chandra,RJPK,23268,1399,0.921674166112168,9,6,353,UP,Harish Chandra,RJPK,,,,,False,6,2009,GE
1819945,Kailash Yadav,PECP,22956,1247,0.821535157356593,10,6,353,UP,Kailash Yadav,PECP,,,,,False,6,2009,GE
1819946,Sujit Kumar,IND,22955,1139,0.750383756398685,11,6,353,UP,Sujit Kumar,IND,,,,,False,6,2009,GE
1819947,Rakesh,IND,22955,556,0.366297953079603,12,6,353,UP,Rakesh,IND,,,,,False,6,2009,GE
1819948,Zakir Hussain,IND,22955,465,0.306346309679884,13,6,353,UP,Zakir Hussain,IND,,,,,False,6,2009,GE
1819949,Ram Badan Kaul,BSA,23537,428,0.281970366759119,14,6,353,UP,Ram Badan Kaul,BSA,,,,,False,6,2009,GE
1819950,Ashok Kumar,IND,22955,362,0.238488955062619,15,6,353,UP,Ashok Kumar,IND,,,,,False,6,2009,GE
1819951,Lalji Rajbhar,BSD,23623,340,0.223995151163786,16,6,353,UP,Lalji Rajbhar,BSD,,,,,False,6,2009,GE
1820073,Dara Singh Chauhan,BSP,22951,50629,30.8824516136902,1,6,354,UP,Dara Singh Chauhan,BSP,,,,,False,6,2009,GE
1820074,Sudha Rai,INC,22954,37045,22.5965438785904,2,6,354,UP,Sudha Rai,INC,,,,,False,6,2009,GE
1820075,Arshad Jamal Ansari,SP,22952,36925,22.5233468137927,3,6,354,UP,Arshad Jamal Ansari,SP,,,,,False,6,2009,GE
1820076,Ram Iqbal,BJP,22953,13185,8.04252749464746,4,6,354,UP,Ram Iqbal,BJP,,,,,False,6,2009,GE
1820077,Ramesh Alias Raju Singh,SBSP,23361,10549,6.43463197125795,5,6,354,UP,Ramesh Alias Raju Singh,SBSP,,,,,False,6,2009,GE
1820078,Atul Kumar Singh Anjaan,CPI,22973,4603,2.80771741053183,6,6,354,UP,Atul Kumar Singh Anjaan,CPI,,,,,False,6,2009,GE
1820079,Kailash Yadav,PECP,22956,3041,1.85493561708175,7,6,354,UP,Kailash Yadav,PECP,,,,,False,6,2009,GE
1820080,Palakdhari,IND,22955,1754,1.0698970971264,8,6,354,UP,Palakdhari,IND,,,,,False,6,2009,GE
1820081,Akhilesh,JPS,23265,1664,1.01499929852812,9,6,354,UP,Akhilesh,JPS,,,,,False,6,2009,GE
1820082,Harish Chandra,RJPK,23268,1622,0.989380325848933,10,6,354,UP,Harish Chandra,RJPK,,,,,False,6,2009,GE
1820083,Sujit Kumar,IND,22955,1075,0.65572370547941,11,6,354,UP,Sujit Kumar,IND,,,,,False,6,2009,GE
1820084,Rakesh,IND,22955,448,0.273269041911419,12,6,354,UP,Rakesh,IND,,,,,False,6,2009,GE
1820085,Zakir Hussain,IND,22955,396,0.241550313832415,13,6,354,UP,Zakir Hussain,IND,,,,,False,6,2009,GE
1820086,Ram Badan Kaul,BSA,23537,393,0.239720387212472,14,6,354,UP,Ram Badan Kaul,BSA,,,,,False,6,2009,GE
1820087,Ashok Kumar,IND,22955,329,0.200681952653698,15,6,354,UP,Ashok Kumar,IND,,,,,False,6,2009,GE
1820088,Lalji Rajbhar,BSD,23623,283,0.172623077814579,16,6,354,UP,Lalji Rajbhar,BSD,,,,,False,6,2009,GE
1820194,Dara Singh Chauhan,BSP,22951,44668,31.1464093213307,1,6,355,UP,Dara Singh Chauhan,BSP,,,,,False,6,2009,GE
1820195,Arshad Jamal Ansari,SP,22952,30955,21.5845146534832,2,6,355,UP,Arshad Jamal Ansari,SP,,,,,False,6,2009,GE
1820196,Sudha Rai,INC,22954,26925,18.7744486204179,3,6,355,UP,Sudha Rai,INC,,,,,False,6,2009,GE
1820197,Ram Iqbal,BJP,22953,14640,10.2082795841381,4,6,355,UP,Ram Iqbal,BJP,,,,,False,6,2009,GE
1820198,Ramesh Alias Raju Singh,SBSP,23361,7009,4.8872835795918,5,6,355,UP,Ramesh Alias Raju Singh,SBSP,,,,,False,6,2009,GE
1820199,Akhilesh,JPS,23265,6375,4.44520371235522,6,6,355,UP,Akhilesh,JPS,,,,,False,6,2009,GE
1820200,Kailash Yadav,PECP,22956,3755,2.61831214743433,7,6,355,UP,Kailash Yadav,PECP,,,,,False,6,2009,GE
1820201,Atul Kumar Singh Anjaan,CPI,22973,3560,2.48234121035052,8,6,355,UP,Atul Kumar Singh Anjaan,CPI,,,,,False,6,2009,GE
1820202,Palakdhari,IND,22955,1969,1.37295782111802,9,6,355,UP,Palakdhari,IND,,,,,False,6,2009,GE
1820203,Sujit Kumar,IND,22955,935,0.651963211145433,10,6,355,UP,Sujit Kumar,IND,,,,,False,6,2009,GE
1820204,Harish Chandra,RJPK,23268,694,0.483917078646984,11,6,355,UP,Harish Chandra,RJPK,,,,,False,6,2009,GE
1820205,Rakesh,IND,22955,528,0.368167460411538,12,6,355,UP,Rakesh,IND,,,,,False,6,2009,GE
1820206,Ram Badan Kaul,BSA,23537,400,0.278914742736014,13,6,355,UP,Ram Badan Kaul,BSA,,,,,False,6,2009,GE
1820207,Zakir Hussain,IND,22955,388,0.270547300453933,14,6,355,UP,Zakir Hussain,IND,,,,,False,6,2009,GE
1820208,Lalji Rajbhar,BSD,23623,311,0.216856212477251,15,6,355,UP,Lalji Rajbhar,BSD,,,,,False,6,2009,GE
1820209,Ashok Kumar,IND,22955,301,0.20988334390885,16,6,355,UP,Ashok Kumar,IND,,,,,False,6,2009,GE
1820308,Dara Singh Chauhan,BSP,22951,41939,25.0619991514333,1,6,356,UP,Dara Singh Chauhan,BSP,,,,,False,6,2009,GE
1820309,Arshad Jamal Ansari,SP,22952,40679,24.3090456014963,2,6,356,UP,Arshad Jamal Ansari,SP,,,,,False,6,2009,GE
1820310,Sudha Rai,INC,22954,32441,19.3861635821466,3,6,356,UP,Sudha Rai,INC,,,,,False,6,2009,GE
1820311,Ram Iqbal,BJP,22953,18228,10.8927280224212,4,6,356,UP,Ram Iqbal,BJP,,,,,False,6,2009,GE
1820312,Ramesh Alias Raju Singh,SBSP,23361,11969,7.15246114221858,5,6,356,UP,Ramesh Alias Raju Singh,SBSP,,,,,False,6,2009,GE
1820313,Kailash Yadav,PECP,22956,7225,4.31753126848769,6,6,356,UP,Kailash Yadav,PECP,,,,,False,6,2009,GE
1820314,Atul Kumar Singh Anjaan,CPI,22973,6867,4.1035968471564,7,6,356,UP,Atul Kumar Singh Anjaan,CPI,,,,,False,6,2009,GE
1820315,Akhilesh,JPS,23265,3082,1.84174828643309,8,6,356,UP,Akhilesh,JPS,,,,,False,6,2009,GE
1820316,Palakdhari,IND,22955,1360,0.812711768185919,9,6,356,UP,Palakdhari,IND,,,,,False,6,2009,GE
1820317,Sujit Kumar,IND,22955,987,0.589813614117281,10,6,356,UP,Sujit Kumar,IND,,,,,False,6,2009,GE
1820318,Harish Chandra,RJPK,23268,831,0.496590793648896,11,6,356,UP,Harish Chandra,RJPK,,,,,False,6,2009,GE
1820319,Rakesh,IND,22955,490,0.292815269419926,12,6,356,UP,Rakesh,IND,,,,,False,6,2009,GE
1820320,Zakir Hussain,IND,22955,410,0.245008694820755,13,6,356,UP,Zakir Hussain,IND,,,,,False,6,2009,GE
1820321,Ram Badan Kaul,BSA,23537,299,0.178677072564404,14,6,356,UP,Ram Badan Kaul,BSA,,,,,False,6,2009,GE
1820322,Lalji Rajbhar,BSD,23623,272,0.162542353637183,15,6,356,UP,Lalji Rajbhar,BSD,,,,,False,6,2009,GE
1820323,Ashok Kumar,IND,22955,262,0.156566531812287,16,6,356,UP,Ashok Kumar,IND,,,,,False,6,2009,GE
1820437,Ramashankar Rajbhar,BSP,22951,40820,31.6059247559096,1,6,357,UP,Ramashankar Rajbhar,BSP,,,,,False,6,2009,GE
1820438,Dr.Bhola Pandey,INC,22954,27117,20.99602796683,2,6,357,UP,Dr.Bhola Pandey,INC,,,,,False,6,2009,GE
1820439,Ravi Shanker Singhpappu,JD(U),22987,23760,18.3967852082413,3,6,357,UP,Ravi Shanker Singhpappu,JD(U),,,,,False,6,2009,GE
1820440,Harikewal,SP,22952,21882,16.9426958723374,4,6,357,UP,Harikewal,SP,,,,,False,6,2009,GE
1820441,Fate Bahadur,SBSP,23361,4447,3.44320302277144,5,6,357,UP,Fate Bahadur,SBSP,,,,,False,6,2009,GE
1820442,Ramdayal,JPS,23265,2422,1.87529519252359,6,6,357,UP,Ramdayal,JPS,,,,,False,6,2009,GE
1820443,Parasuram,IND,22955,1003,0.776598298142513,7,6,357,UP,Parasuram,IND,,,,,False,6,2009,GE
1820444,Jang Bahadur,BSD,23623,767,0.593869286814862,8,6,357,UP,Jang Bahadur,BSD,,,,,False,6,2009,GE
1820445,Izhar,PECP,22956,735,0.569092471719588,9,6,357,UP,Izhar,PECP,,,,,False,6,2009,GE
1820446,Fulendra,IND,22955,660,0.511021811340038,10,6,357,UP,Fulendra,IND,,,,,False,6,2009,GE
1820447,Ramcharan,PDF,23622,657,0.508698984924856,11,6,357,UP,Ramcharan,PDF,,,,,False,6,2009,GE
1820448,Sanjay,IND,22955,600,0.464565283036398,12,6,357,UP,Sanjay,IND,,,,,False,6,2009,GE
1820449,Man Ji,IND,22955,540,0.418108754732758,13,6,357,UP,Man Ji,IND,,,,,False,6,2009,GE
1820450,Zubair,NELU,23029,525,0.406494622656848,14,6,357,UP,Zubair,NELU,,,,,False,6,2009,GE
1820451,Sriram,CPI(ML)(L),23197,460,0.356166716994572,15,6,357,UP,Sriram,CPI(ML)(L),,,,,False,6,2009,GE
1820452,Ramashray Chauhan,MOP,23610,446,0.345326860390389,16,6,357,UP,Ramashray Chauhan,MOP,,,,,False,6,2009,GE
1820453,Ramnawami Yadav,SWJP,23597,428,0.331389901899297,17,6,357,UP,Ramnawami Yadav,SWJP,,,,,False,6,2009,GE
1820454,Ameer,IND,22955,422,0.326744249068933,18,6,357,UP,Ameer,IND,,,,,False,6,2009,GE
1820455,Harishchand,EKSP,23387,298,0.230734090574744,19,6,357,UP,Harishchand,EKSP,,,,,False,6,2009,GE
1820456,Sarvdaman,IND,22955,265,0.205183000007742,20,6,357,UP,Sarvdaman,IND,,,,,False,6,2009,GE
1820457,Rajendra Alias Rajan,IND,22955,241,0.186600388686286,21,6,357,UP,Rajendra Alias Rajan,IND,,,,,False,6,2009,GE
1820458,Mahesh,IND,22955,222,0.171889154723467,22,6,357,UP,Mahesh,IND,,,,,False,6,2009,GE
1820459,Satish,IND,22955,200,0.154855094345466,23,6,357,UP,Satish,IND,,,,,False,6,2009,GE
1820460,Shailendra,IND,22955,143,0.110721392457008,24,6,357,UP,Shailendra,IND,,,,,False,6,2009,GE
1820461,Vindhachal,IND,22955,93,0.0720076188706417,25,6,357,UP,Vindhachal,IND,,,,,False,6,2009,GE
1820548,Dara Singh Chauhan,BSP,22951,38746,27.8457723957023,1,6,358,UP,Dara Singh Chauhan,BSP,,,,,False,6,2009,GE
1820549,Ram Iqbal,BJP,22953,36324,26.1051421179345,2,6,358,UP,Ram Iqbal,BJP,,,,,False,6,2009,GE
1820550,Arshad Jamal Ansari,SP,22952,23345,16.7774623594092,3,6,358,UP,Arshad Jamal Ansari,SP,,,,,False,6,2009,GE
1820551,Ramesh Alias Raju Singh,SBSP,23361,19733,14.181609112796,4,6,358,UP,Ramesh Alias Raju Singh,SBSP,,,,,False,6,2009,GE
1820552,Sudha Rai,INC,22954,10439,7.50224585863667,5,6,358,UP,Sudha Rai,INC,,,,,False,6,2009,GE
1820553,Atul Kumar Singh Anjaan,CPI,22973,2549,1.83190197276222,6,6,358,UP,Atul Kumar Singh Anjaan,CPI,,,,,False,6,2009,GE
1820554,Akhilesh,JPS,23265,2065,1.48406338711416,7,6,358,UP,Akhilesh,JPS,,,,,False,6,2009,GE
1820555,Palakdhari,IND,22955,1361,0.978116353444248,8,6,358,UP,Palakdhari,IND,,,,,False,6,2009,GE
1820556,Sujit Kumar,IND,22955,1000,0.718674763735671,9,6,358,UP,Sujit Kumar,IND,,,,,False,6,2009,GE
1820557,Kailash Yadav,PECP,22956,608,0.436954256351288,10,6,358,UP,Kailash Yadav,PECP,,,,,False,6,2009,GE
1820558,Harish Chandra,RJPK,23268,605,0.434798232060081,11,6,358,UP,Harish Chandra,RJPK,,,,,False,6,2009,GE
1820559,Ram Badan Kaul,BSA,23537,531,0.381616299543641,12,6,358,UP,Ram Badan Kaul,BSA,,,,,False,6,2009,GE
1820560,Zakir Hussain,IND,22955,521,0.374429551906284,13,6,358,UP,Zakir Hussain,IND,,,,,False,6,2009,GE
1820561,Rakesh,IND,22955,520,0.373710877142549,14,6,358,UP,Rakesh,IND,,,,,False,6,2009,GE
1820562,Lalji Rajbhar,BSD,23623,442,0.317654245571166,15,6,358,UP,Lalji Rajbhar,BSD,,,,,False,6,2009,GE
1820563,Ashok Kumar,IND,22955,356,0.255848215889899,16,6,358,UP,Ashok Kumar,IND,,,,,False,6,2009,GE
1820673,Ramashankar Rajbhar,BSP,22951,35637,28.2081117021276,1,6,359,UP,Ramashankar Rajbhar,BSP,,,,,False,6,2009,GE
1820674,Harikewal,SP,22952,30457,24.1079343971631,2,6,359,UP,Harikewal,SP,,,,,False,6,2009,GE
1820675,Dr.Bhola Pandey,INC,22954,27579,21.8298822188449,3,6,359,UP,Dr.Bhola Pandey,INC,,,,,False,6,2009,GE
1820676,Ravi Shanker Singhpappu,JD(U),22987,16568,13.1142350557244,4,6,359,UP,Ravi Shanker Singhpappu,JD(U),,,,,False,6,2009,GE
1820677,Fate Bahadur,SBSP,23361,5655,4.47615881458966,5,6,359,UP,Fate Bahadur,SBSP,,,,,False,6,2009,GE
1820678,Sriram,CPI(ML)(L),23197,1314,1.04008358662613,6,6,359,UP,Sriram,CPI(ML)(L),,,,,False,6,2009,GE
1820679,Zubair,NELU,23029,1075,0.850905521783181,7,6,359,UP,Zubair,NELU,,,,,False,6,2009,GE
1820680,Izhar,PECP,22956,975,0.771751519756838,8,6,359,UP,Izhar,PECP,,,,,False,6,2009,GE
1820681,Parasuram,IND,22955,942,0.745630699088145,9,6,359,UP,Parasuram,IND,,,,,False,6,2009,GE
1820682,Ramdayal,JPS,23265,751,0.594446555217831,10,6,359,UP,Ramdayal,JPS,,,,,False,6,2009,GE
1820683,Ramcharan,PDF,23622,726,0.574658054711246,11,6,359,UP,Ramcharan,PDF,,,,,False,6,2009,GE
1820684,Fulendra,IND,22955,642,0.508168693009118,12,6,359,UP,Fulendra,IND,,,,,False,6,2009,GE
1820685,Sanjay,IND,22955,494,0.391020770010131,13,6,359,UP,Sanjay,IND,,,,,False,6,2009,GE
1820686,Jang Bahadur,BSD,23623,480,0.379939209726443,14,6,359,UP,Jang Bahadur,BSD,,,,,False,6,2009,GE
1820687,Man Ji,IND,22955,442,0.349860688956433,15,6,359,UP,Man Ji,IND,,,,,False,6,2009,GE
1820688,Ameer,IND,22955,421,0.333238348530901,16,6,359,UP,Ameer,IND,,,,,False,6,2009,GE
1820689,Ramashray Chauhan,MOP,23610,378,0.299202127659574,17,6,359,UP,Ramashray Chauhan,MOP,,,,,False,6,2009,GE
1820690,Ramnawami Yadav,SWJP,23597,290,0.229546605876393,18,6,359,UP,Ramnawami Yadav,SWJP,,,,,False,6,2009,GE
1820691,Harishchand,EKSP,23387,290,0.229546605876393,18,6,359,UP,Harishchand,EKSP,,,,,False,6,2009,GE
1820692,Mahesh,IND,22955,276,0.218465045592705,20,6,359,UP,Mahesh,IND,,,,,False,6,2009,GE
1820693,Satish,IND,22955,247,0.195510385005065,21,6,359,UP,Satish,IND,,,,,False,6,2009,GE
1820694,Rajendra Alias Rajan,IND,22955,242,0.191552684903748,22,6,359,UP,Rajendra Alias Rajan,IND,,,,,False,6,2009,GE
1820695,Sarvdaman,IND,22955,238,0.188386524822695,23,6,359,UP,Sarvdaman,IND,,,,,False,6,2009,GE
1820696,Shailendra,IND,22955,122,0.0965678824721377,24,6,359,UP,Shailendra,IND,,,,,False,6,2009,GE
1820697,Vindhachal,IND,22955,95,0.0751963019250253,25,6,359,UP,Vindhachal,IND,,,,,False,6,2009,GE
1820781,Neeraj Shekhar,SP,22952,54167,42.2796528146367,1,6,360,UP,Neeraj Shekhar,SP,,,,,False,6,2009,GE
1820782,Sangram Singh Yadav,BSP,22951,41626,32.4908676511911,2,6,360,UP,Sangram Singh Yadav,BSP,,,,,False,6,2009,GE
1820783,Manoj Sinha,BJP,22953,19319,15.079303131537,3,6,360,UP,Manoj Sinha,BJP,,,,,False,6,2009,GE
1820784,Ramsakal,SBSP,23361,6514,5.08445471291641,4,6,360,UP,Ramsakal,SBSP,,,,,False,6,2009,GE
1820785,Harihar,IND,22955,1184,0.924162477754534,5,6,360,UP,Harihar,IND,,,,,False,6,2009,GE
1820786,Arvind Kumar Gond,GGP,23388,1171,0.914015423522432,6,6,360,UP,Arvind Kumar Gond,GGP,,,,,False,6,2009,GE
1820787,Anant,IND,22955,1101,0.859377439195728,7,6,360,UP,Anant,IND,,,,,False,6,2009,GE
1820788,Kanhaiya Prajapati,RSMD,23062,581,0.453495269911642,8,6,360,UP,Kanhaiya Prajapati,RSMD,,,,,False,6,2009,GE
1820789,Sheshnath,IND,22955,493,0.384807518186643,9,6,360,UP,Sheshnath,IND,,,,,False,6,2009,GE
1820790,Shanker Ram Rawat,IND,22955,365,0.284898061132099,10,6,360,UP,Shanker Ram Rawat,IND,,,,,False,6,2009,GE
1820791,Rajesh,JPS,23265,349,0.27240937900028,11,6,360,UP,Rajesh,JPS,,,,,False,6,2009,GE
1820792,Ramji,IND,22955,306,0.23884604577102,12,6,360,UP,Ramji,IND,,,,,False,6,2009,GE
1820793,Lalbabu,IND,22955,290,0.226357363639201,13,6,360,UP,Lalbabu,IND,,,,,False,6,2009,GE
1820794,Narayan Rajbhar,BSD,23623,242,0.188891317243747,14,6,360,UP,Narayan Rajbhar,BSD,,,,,False,6,2009,GE
1820795,Gangadyal,IND,22955,211,0.16469449561335,15,6,360,UP,Gangadyal,IND,,,,,False,6,2009,GE
1820796,Diwakar,IND,22955,197,0.153766898748009,16,6,360,UP,Diwakar,IND,,,,,False,6,2009,GE
1820879,Neeraj Shekhar,SP,22952,60841,53.5167039037348,1,6,361,UP,Neeraj Shekhar,SP,,,,,False,6,2009,GE
1820880,Sangram Singh Yadav,BSP,22951,24435,21.4934116777791,2,6,361,UP,Sangram Singh Yadav,BSP,,,,,False,6,2009,GE
1820881,Manoj Sinha,BJP,22953,21180,18.6302623014267,3,6,361,UP,Manoj Sinha,BJP,,,,,False,6,2009,GE
1820882,Ramsakal,SBSP,23361,1480,1.30183136006192,4,6,361,UP,Ramsakal,SBSP,,,,,False,6,2009,GE
1820883,Arvind Kumar Gond,GGP,23388,1095,0.963179283289059,5,6,361,UP,Arvind Kumar Gond,GGP,,,,,False,6,2009,GE
1820884,Anant,IND,22955,1086,0.955262741234628,6,6,361,UP,Anant,IND,,,,,False,6,2009,GE
1820885,Kanhaiya Prajapati,RSMD,23062,1031,0.906883873124219,7,6,361,UP,Kanhaiya Prajapati,RSMD,,,,,False,6,2009,GE
1820886,Harihar,IND,22955,914,0.803968826416621,8,6,361,UP,Harihar,IND,,,,,False,6,2009,GE
1820887,Sheshnath,IND,22955,330,0.290273208662456,9,6,361,UP,Sheshnath,IND,,,,,False,6,2009,GE
1820888,Shanker Ram Rawat,IND,22955,313,0.27531974033742,10,6,361,UP,Shanker Ram Rawat,IND,,,,,False,6,2009,GE
1820889,Lalbabu,IND,22955,206,0.181200851468078,11,6,361,UP,Lalbabu,IND,,,,,False,6,2009,GE
1820890,Ramji,IND,22955,186,0.163608535791566,12,6,361,UP,Ramji,IND,,,,,False,6,2009,GE
1820891,Gangadyal,IND,22955,175,0.153932762169484,13,6,361,UP,Gangadyal,IND,,,,,False,6,2009,GE
1820892,Diwakar,IND,22955,148,0.130183136006192,14,6,361,UP,Diwakar,IND,,,,,False,6,2009,GE
1820893,Rajesh,JPS,23265,139,0.122266593951761,15,6,361,UP,Rajesh,JPS,,,,,False,6,2009,GE
1820894,Narayan Rajbhar,BSD,23623,127,0.111711204545854,16,6,361,UP,Narayan Rajbhar,BSD,,,,,False,6,2009,GE
1820982,Ramashankar Rajbhar,BSP,22951,41269,29.6764775677211,1,6,362,UP,Ramashankar Rajbhar,BSP,,,,,False,6,2009,GE
1820983,Harikewal,SP,22952,30200,21.7167758497946,2,6,362,UP,Harikewal,SP,,,,,False,6,2009,GE
1820984,Dr.Bhola Pandey,INC,22954,29299,21.0688680669912,3,6,362,UP,Dr.Bhola Pandey,INC,,,,,False,6,2009,GE
1820985,Ravi Shanker Singhpappu,JD(U),22987,21159,15.2154059670796,4,6,362,UP,Ravi Shanker Singhpappu,JD(U),,,,,False,6,2009,GE
1820986,Fate Bahadur,SBSP,23361,4847,3.48547061403824,5,6,362,UP,Fate Bahadur,SBSP,,,,,False,6,2009,GE
1820987,Parasuram,IND,22955,1512,1.08727698956588,6,6,362,UP,Parasuram,IND,,,,,False,6,2009,GE
1820988,Izhar,PECP,22956,1020,0.733480508834125,7,6,362,UP,Izhar,PECP,,,,,False,6,2009,GE
1820989,Sriram,CPI(ML)(L),23197,967,0.695368286316273,8,6,362,UP,Sriram,CPI(ML)(L),,,,,False,6,2009,GE
1820990,Fulendra,IND,22955,828,0.595413589524172,9,6,362,UP,Fulendra,IND,,,,,False,6,2009,GE
1820991,Sanjay,IND,22955,808,0.581031618762719,10,6,362,UP,Sanjay,IND,,,,,False,6,2009,GE
1820992,Jang Bahadur,BSD,23623,801,0.57599792899621,11,6,362,UP,Jang Bahadur,BSD,,,,,False,6,2009,GE
1820993,Ramcharan,PDF,23622,733,0.527099228407268,12,6,362,UP,Ramcharan,PDF,,,,,False,6,2009,GE
1820994,Man Ji,IND,22955,612,0.440088305300475,13,6,362,UP,Man Ji,IND,,,,,False,6,2009,GE
1820995,Ramashray Chauhan,MOP,23610,570,0.409886166701423,14,6,362,UP,Ramashray Chauhan,MOP,,,,,False,6,2009,GE
1820996,Ameer,IND,22955,566,0.407009772549132,15,6,362,UP,Ameer,IND,,,,,False,6,2009,GE
1820997,Ramdayal,JPS,23265,559,0.401976082782623,16,6,362,UP,Ramdayal,JPS,,,,,False,6,2009,GE
1820998,Zubair,NELU,23029,540,0.388313210559242,17,6,362,UP,Zubair,NELU,,,,,False,6,2009,GE
1820999,Mahesh,IND,22955,493,0.354515579269827,18,6,362,UP,Mahesh,IND,,,,,False,6,2009,GE
1821000,Harishchand,EKSP,23387,428,0.307774174295103,19,6,362,UP,Harishchand,EKSP,,,,,False,6,2009,GE
1821001,Ramnawami Yadav,SWJP,23597,388,0.279010232772196,20,6,362,UP,Ramnawami Yadav,SWJP,,,,,False,6,2009,GE
1821002,Sarvdaman,IND,22955,379,0.272538345929542,21,6,362,UP,Sarvdaman,IND,,,,,False,6,2009,GE
1821003,Rajendra Alias Rajan,IND,22955,362,0.260313670782307,22,6,362,UP,Rajendra Alias Rajan,IND,,,,,False,6,2009,GE
1821004,Satish,IND,22955,331,0.238021616102054,23,6,362,UP,Satish,IND,,,,,False,6,2009,GE
1821005,Shailendra,IND,22955,209,0.150291594457188,24,6,362,UP,Shailendra,IND,,,,,False,6,2009,GE
1821006,Vindhachal,IND,22955,183,0.131595032467298,25,6,362,UP,Vindhachal,IND,,,,,False,6,2009,GE
1821106,Neeraj Shekhar,SP,22952,53080,53.5285694116697,1,6,363,UP,Neeraj Shekhar,SP,,,,,False,6,2009,GE
1821107,Sangram Singh Yadav,BSP,22951,23979,24.1816421613117,2,6,363,UP,Sangram Singh Yadav,BSP,,,,,False,6,2009,GE
1821108,Manoj Sinha,BJP,22953,17244,17.3897259030677,3,6,363,UP,Manoj Sinha,BJP,,,,,False,6,2009,GE
1821109,Anant,IND,22955,1146,1.15568463726024,4,6,363,UP,Anant,IND,,,,,False,6,2009,GE
1821110,Harihar,IND,22955,952,0.960045178596639,5,6,363,UP,Harihar,IND,,,,,False,6,2009,GE
1821111,Arvind Kumar Gond,GGP,23388,634,0.63935781851919,6,6,363,UP,Arvind Kumar Gond,GGP,,,,,False,6,2009,GE
1821112,Shanker Ram Rawat,IND,22955,329,0.331780319073838,7,6,363,UP,Shanker Ram Rawat,IND,,,,,False,6,2009,GE
1821113,Ramsakal,SBSP,23361,326,0.328754966620277,8,6,363,UP,Ramsakal,SBSP,,,,,False,6,2009,GE
1821114,Sheshnath,IND,22955,307,0.309594401081059,9,6,363,UP,Sheshnath,IND,,,,,False,6,2009,GE
1821115,Kanhaiya Prajapati,RSMD,23062,239,0.241019745467013,10,6,363,UP,Kanhaiya Prajapati,RSMD,,,,,False,6,2009,GE
1821116,Gangadyal,IND,22955,193,0.194631007845747,11,6,363,UP,Gangadyal,IND,,,,,False,6,2009,GE
1821117,Ramji,IND,22955,190,0.191605655392186,12,6,363,UP,Ramji,IND,,,,,False,6,2009,GE
1821118,Diwakar,IND,22955,161,0.162360581674431,13,6,363,UP,Diwakar,IND,,,,,False,6,2009,GE
1821119,Lalbabu,IND,22955,156,0.157318327585163,14,6,363,UP,Lalbabu,IND,,,,,False,6,2009,GE
1821120,Narayan Rajbhar,BSD,23623,125,0.126056352231701,15,6,363,UP,Narayan Rajbhar,BSD,,,,,False,6,2009,GE
1821121,Rajesh,JPS,23265,101,0.101853532603214,16,6,363,UP,Rajesh,JPS,,,,,False,6,2009,GE
1821205,Dhananjay Singh,BSP,22951,60987,42.1891861977365,1,6,364,UP,Dhananjay Singh,BSP,,,,,False,6,2009,GE
1821206,Paras Nath Yadaw,SP,22952,40969,28.3412656686681,2,6,364,UP,Paras Nath Yadaw,SP,,,,,False,6,2009,GE
1821207,Seema,BJP,22953,30446,21.0617338609258,3,6,364,UP,Seema,BJP,,,,,False,6,2009,GE
1821208,Tasleem Ahmed Rehmani,IND,22955,3621,2.50491159135559,4,6,364,UP,Tasleem Ahmed Rehmani,IND,,,,,False,6,2009,GE
1821209,Ajay Kasyap - Guddu,IND,22955,1888,1.30606823653117,5,6,364,UP,Ajay Kasyap - Guddu,IND,,,,,False,6,2009,GE
1821210,O Ramyagya,EKSP,23387,1775,1.2278978388998,6,6,364,UP,O Ramyagya,EKSP,,,,,False,6,2009,GE
1821211,Jagdish Chandra Asthana,IND,22955,1176,0.813525554110517,7,6,364,UP,Jagdish Chandra Asthana,IND,,,,,False,6,2009,GE
1821212,O Rameshchandra,AD,23110,1114,0.77063560142782,8,6,364,UP,O Rameshchandra,AD,,,,,False,6,2009,GE
1821213,Achheylal Nishad,NELU,23029,596,0.412296964498187,9,6,364,UP,Achheylal Nishad,NELU,,,,,False,6,2009,GE
1821214,Ravi Shankar,LJP,22994,458,0.316832231107667,10,6,364,UP,Ravi Shankar,LJP,,,,,False,6,2009,GE
1821215,Sheetala Prasad,RSP,23122,449,0.310606270234372,11,6,364,UP,Sheetala Prasad,RSP,,,,,False,6,2009,GE
1821216,Rajkishun,RSBP,22959,286,0.1978472010847,12,6,364,UP,Rajkishun,RSBP,,,,,False,6,2009,GE
1821217,Bahadur Sonkar,IJP,22982,245,0.169484490439691,13,6,364,UP,Bahadur Sonkar,IJP,,,,,False,6,2009,GE
1821218,Ramchandar,RASD,23418,208,0.143888873516145,14,6,364,UP,Ramchandar,RASD,,,,,False,6,2009,GE
1821219,Giraja Shankar Yadava,GGP,23388,187,0.129361631478458,15,6,364,UP,Giraja Shankar Yadava,GGP,,,,,False,6,2009,GE
1821220,Geeta Singh,RDMP,22983,151,0.104457787985279,16,6,364,UP,Geeta Singh,RDMP,,,,,False,6,2009,GE
1821329,Dhananjay Singh,BSP,22951,57449,37.6393893729935,1,6,365,UP,Dhananjay Singh,BSP,,,,,False,6,2009,GE
1821330,Paras Nath Yadaw,SP,22952,41018,26.8741400773111,2,6,365,UP,Paras Nath Yadaw,SP,,,,,False,6,2009,GE
1821331,Seema,BJP,22953,28660,18.7774356286444,3,6,365,UP,Seema,BJP,,,,,False,6,2009,GE
1821332,Tasleem Ahmed Rehmani,IND,22955,15122,9.90761973399724,4,6,365,UP,Tasleem Ahmed Rehmani,IND,,,,,False,6,2009,GE
1821333,Ajay Kasyap - Guddu,IND,22955,2466,1.61567188626089,5,6,365,UP,Ajay Kasyap - Guddu,IND,,,,,False,6,2009,GE
1821334,O Ramyagya,EKSP,23387,2046,1.34049662582716,6,6,365,UP,O Ramyagya,EKSP,,,,,False,6,2009,GE
1821335,Jagdish Chandra Asthana,IND,22955,1167,0.76459411649086,7,6,365,UP,Jagdish Chandra Asthana,IND,,,,,False,6,2009,GE
1821336,O Rameshchandra,AD,23110,986,0.646006682827753,8,6,365,UP,O Rameshchandra,AD,,,,,False,6,2009,GE
1821337,Achheylal Nishad,NELU,23029,849,0.556247133591037,9,6,365,UP,Achheylal Nishad,NELU,,,,,False,6,2009,GE
1821338,Ravi Shankar,LJP,22994,603,0.395073052479853,10,6,365,UP,Ravi Shankar,LJP,,,,,False,6,2009,GE
1821339,Geeta Singh,RDMP,22983,474,0.310554936775208,11,6,365,UP,Geeta Singh,RDMP,,,,,False,6,2009,GE
1821340,Sheetala Prasad,RSP,23122,425,0.278451156391273,12,6,365,UP,Sheetala Prasad,RSP,,,,,False,6,2009,GE
1821341,Bahadur Sonkar,IJP,22982,385,0.252243988730917,13,6,365,UP,Bahadur Sonkar,IJP,,,,,False,6,2009,GE
1821342,Ramchandar,RASD,23418,384,0.251588809539409,14,6,365,UP,Ramchandar,RASD,,,,,False,6,2009,GE
1821343,Rajkishun,RSBP,22959,352,0.230623075411124,15,6,365,UP,Rajkishun,RSBP,,,,,False,6,2009,GE
1821344,Giraja Shankar Yadava,GGP,23388,244,0.159863722728166,16,6,365,UP,Giraja Shankar Yadava,GGP,,,,,False,6,2009,GE
1821447,Dhananjay Singh,BSP,22951,54842,35.4297084455814,1,6,366,UP,Dhananjay Singh,BSP,,,,,False,6,2009,GE
1821448,Paras Nath Yadaw,SP,22952,37117,23.9787842962446,2,6,366,UP,Paras Nath Yadaw,SP,,,,,False,6,2009,GE
1821449,Seema,BJP,22953,30693,19.8286722096245,3,6,366,UP,Seema,BJP,,,,,False,6,2009,GE
1821450,Tasleem Ahmed Rehmani,IND,22955,24657,15.9292206911254,4,6,366,UP,Tasleem Ahmed Rehmani,IND,,,,,False,6,2009,GE
1821451,Ajay Kasyap - Guddu,IND,22955,2327,1.50331737633324,5,6,366,UP,Ajay Kasyap - Guddu,IND,,,,,False,6,2009,GE
1821452,O Ramyagya,EKSP,23387,1312,0.847594498388149,6,6,366,UP,O Ramyagya,EKSP,,,,,False,6,2009,GE
1821453,Jagdish Chandra Asthana,IND,22955,765,0.494214779929065,7,6,366,UP,Jagdish Chandra Asthana,IND,,,,,False,6,2009,GE
1821454,Achheylal Nishad,NELU,23029,653,0.421859152017882,8,6,366,UP,Achheylal Nishad,NELU,,,,,False,6,2009,GE
1821455,O Rameshchandra,AD,23110,566,0.365654333908302,9,6,366,UP,O Rameshchandra,AD,,,,,False,6,2009,GE
1821456,Bahadur Sonkar,IJP,22982,360,0.232571661143089,10,6,366,UP,Bahadur Sonkar,IJP,,,,,False,6,2009,GE
1821457,Sheetala Prasad,RSP,23122,354,0.228695466790704,11,6,366,UP,Sheetala Prasad,RSP,,,,,False,6,2009,GE
1821458,Ravi Shankar,LJP,22994,308,0.198977976755754,12,6,366,UP,Ravi Shankar,LJP,,,,,False,6,2009,GE
1821459,Rajkishun,RSBP,22959,262,0.169260486720804,13,6,366,UP,Rajkishun,RSBP,,,,,False,6,2009,GE
1821460,Ramchandar,RASD,23418,207,0.133728705157276,14,6,366,UP,Ramchandar,RASD,,,,,False,6,2009,GE
1821461,Geeta Singh,RDMP,22983,196,0.126622348844571,15,6,366,UP,Geeta Singh,RDMP,,,,,False,6,2009,GE
1821462,Giraja Shankar Yadava,GGP,23388,172,0.111117571435031,16,6,366,UP,Giraja Shankar Yadava,GGP,,,,,False,6,2009,GE
1821579,Dhananjay Singh,BSP,22951,72705,45.0945245242761,1,6,367,UP,Dhananjay Singh,BSP,,,,,False,6,2009,GE
1821580,Paras Nath Yadaw,SP,22952,57737,35.8107772843426,2,6,367,UP,Paras Nath Yadaw,SP,,,,,False,6,2009,GE
1821581,Seema,BJP,22953,19644,12.1839878929218,3,6,367,UP,Seema,BJP,,,,,False,6,2009,GE
1821582,Tasleem Ahmed Rehmani,IND,22955,4883,3.02863026273352,4,6,367,UP,Tasleem Ahmed Rehmani,IND,,,,,False,6,2009,GE
1821583,Ajay Kasyap - Guddu,IND,22955,1984,1.23055548664003,5,6,367,UP,Ajay Kasyap - Guddu,IND,,,,,False,6,2009,GE
1821584,O Ramyagya,EKSP,23387,1030,0.638846850423003,6,6,367,UP,O Ramyagya,EKSP,,,,,False,6,2009,GE
1821585,Jagdish Chandra Asthana,IND,22955,765,0.474483340362716,7,6,367,UP,Jagdish Chandra Asthana,IND,,,,,False,6,2009,GE
1821586,Achheylal Nishad,NELU,23029,469,0.290892400823678,8,6,367,UP,Achheylal Nishad,NELU,,,,,False,6,2009,GE
1821587,O Rameshchandra,AD,23110,391,0.242513707296499,9,6,367,UP,O Rameshchandra,AD,,,,,False,6,2009,GE
1821588,Sheetala Prasad,RSP,23122,359,0.222666038157143,10,6,367,UP,Sheetala Prasad,RSP,,,,,False,6,2009,GE
1821589,Ravi Shankar,LJP,22994,273,0.169325427345126,11,6,367,UP,Ravi Shankar,LJP,,,,,False,6,2009,GE
1821590,Bahadur Sonkar,IJP,22982,229,0.142034882278512,12,6,367,UP,Bahadur Sonkar,IJP,,,,,False,6,2009,GE
1821591,Ramchandar,RASD,23418,209,0.129630089066415,13,6,367,UP,Ramchandar,RASD,,,,,False,6,2009,GE
1821593,Rajkishun,RSBP,22959,189,0.117225295854318,14,6,367,UP,Rajkishun,RSBP,,,,,False,6,2009,GE
1821592,Giraja Shankar Yadava,GGP,23388,189,0.117225295854318,14,6,367,UP,Giraja Shankar Yadava,GGP,,,,,False,6,2009,GE
1821594,Geeta Singh,RDMP,22983,172,0.106681221624035,16,6,367,UP,Geeta Singh,RDMP,,,,,False,6,2009,GE
1821691,Dhananjay Singh,BSP,22951,56616,37.5876354365838,1,6,368,UP,Dhananjay Singh,BSP,,,,,False,6,2009,GE
1821692,Paras Nath Yadaw,SP,22952,45392,30.1359677076694,2,6,368,UP,Paras Nath Yadaw,SP,,,,,False,6,2009,GE
1821693,Seema,BJP,22953,33908,22.5116847248778,3,6,368,UP,Seema,BJP,,,,,False,6,2009,GE
1821694,O Rameshchandra,AD,23110,3874,2.57196728277034,4,6,368,UP,O Rameshchandra,AD,,,,,False,6,2009,GE
1821695,Tasleem Ahmed Rehmani,IND,22955,2993,1.98706713405566,5,6,368,UP,Tasleem Ahmed Rehmani,IND,,,,,False,6,2009,GE
1821696,Ajay Kasyap - Guddu,IND,22955,2237,1.48515508816656,6,6,368,UP,Ajay Kasyap - Guddu,IND,,,,,False,6,2009,GE
1821697,Rajkishun,RSBP,22959,1307,0.867723603144253,7,6,368,UP,Rajkishun,RSBP,,,,,False,6,2009,GE
1821698,Jagdish Chandra Asthana,IND,22955,989,0.65660186955598,8,6,368,UP,Jagdish Chandra Asthana,IND,,,,,False,6,2009,GE
1821699,O Ramyagya,EKSP,23387,709,0.470708519226683,9,6,368,UP,O Ramyagya,EKSP,,,,,False,6,2009,GE
1821700,Achheylal Nishad,NELU,23029,652,0.432865944338219,10,6,368,UP,Achheylal Nishad,NELU,,,,,False,6,2009,GE
1821701,Ravi Shankar,LJP,22994,530,0.351869555980454,11,6,368,UP,Ravi Shankar,LJP,,,,,False,6,2009,GE
1821702,Sheetala Prasad,RSP,23122,529,0.35120565115785,12,6,368,UP,Sheetala Prasad,RSP,,,,,False,6,2009,GE
1821703,Giraja Shankar Yadava,GGP,23388,256,0.169959634586785,13,6,368,UP,Giraja Shankar Yadava,GGP,,,,,False,6,2009,GE
1821704,Bahadur Sonkar,IJP,22982,242,0.16066496707032,14,6,368,UP,Bahadur Sonkar,IJP,,,,,False,6,2009,GE
1821705,Ramchandar,RASD,23418,210,0.139420012746972,15,6,368,UP,Ramchandar,RASD,,,,,False,6,2009,GE
1821706,Geeta Singh,RDMP,22983,180,0.119502868068833,16,6,368,UP,Geeta Singh,RDMP,,,,,False,6,2009,GE
1821810,Tufani Saroj,SP,22952,56480,39.3290114129337,1,6,369,UP,Tufani Saroj,SP,,,,,False,6,2009,GE
1821811,Kamla Kant Gautam (K.K. Gautam),BSP,22951,37571,26.1620093448182,2,6,369,UP,Kamla Kant Gautam (K.K. Gautam),BSP,,,,,False,6,2009,GE
1821812,Vidyasagar Sonker,BJP,22953,27105,18.8741652681934,3,6,369,UP,Vidyasagar Sonker,BJP,,,,,False,6,2009,GE
1821813,Ram Charitra,AD,23110,7386,5.14313169787408,4,6,369,UP,Ram Charitra,AD,,,,,False,6,2009,GE
1821814,Raj Bahadur,INC,22954,5775,4.02133571015744,5,6,369,UP,Raj Bahadur,INC,,,,,False,6,2009,GE
1821815,Sohan,IND,22955,1951,1.3585499516047,6,6,369,UP,Sohan,IND,,,,,False,6,2009,GE
1821816,Ram Dawar Gautam,IND,22955,1758,1.22415726033883,7,6,369,UP,Ram Dawar Gautam,IND,,,,,False,6,2009,GE
1821817,Shyam Bihari Kannaujiya,IND,22955,1468,1.02222005584608,8,6,369,UP,Shyam Bihari Kannaujiya,IND,,,,,False,6,2009,GE
1821818,Sheomurat Ram,GGP,23388,1165,0.811230493910548,9,6,369,UP,Sheomurat Ram,GGP,,,,,False,6,2009,GE
1821819,Vijayee Ram,ASP,22961,596,0.415015771992006,10,6,369,UP,Vijayee Ram,ASP,,,,,False,6,2009,GE
1821820,Vinod Kumar,IND,22955,570,0.396911057106448,11,6,369,UP,Vinod Kumar,IND,,,,,False,6,2009,GE
1821821,Krishna Sewak Sonker,JPS,23265,502,0.349560264328837,12,6,369,UP,Krishna Sewak Sonker,JPS,,,,,False,6,2009,GE
1821822,Sukhraj Dinkar,RSBP,22959,407,0.283408421477762,13,6,369,UP,Sukhraj Dinkar,RSBP,,,,,False,6,2009,GE
1821823,Dinesh Kumar,IND,22955,328,0.228397941633184,14,6,369,UP,Dinesh Kumar,IND,,,,,False,6,2009,GE
1821824,Baljit,IND,22955,306,0.213078567499251,15,6,369,UP,Baljit,IND,,,,,False,6,2009,GE
1821825,Sushma,RAD,23658,241,0.167816780285358,16,6,369,UP,Sushma,RAD,,,,,False,6,2009,GE
1821911,Tufani Saroj,SP,22952,41060,32.2902822450632,1,6,370,UP,Tufani Saroj,SP,,,,,False,6,2009,GE
1821912,Kamla Kant Gautam (K.K. Gautam),BSP,22951,32046,25.2015193576545,2,6,370,UP,Kamla Kant Gautam (K.K. Gautam),BSP,,,,,False,6,2009,GE
1821913,Vidyasagar Sonker,BJP,22953,27411,21.5564765372486,3,6,370,UP,Vidyasagar Sonker,BJP,,,,,False,6,2009,GE
1821914,Ram Charitra,AD,23110,12172,9.5722677907187,4,6,370,UP,Ram Charitra,AD,,,,,False,6,2009,GE
1821915,Raj Bahadur,INC,22954,5598,4.40236239668446,5,6,370,UP,Raj Bahadur,INC,,,,,False,6,2009,GE
1821916,Ram Dawar Gautam,IND,22955,2556,2.01008186601027,6,6,370,UP,Ram Dawar Gautam,IND,,,,,False,6,2009,GE
1821917,Sohan,IND,22955,1278,1.00504093300513,7,6,370,UP,Sohan,IND,,,,,False,6,2009,GE
1821918,Shyam Bihari Kannaujiya,IND,22955,1093,0.859553786991089,8,6,370,UP,Shyam Bihari Kannaujiya,IND,,,,,False,6,2009,GE
1821919,Sheomurat Ram,GGP,23388,993,0.780912086442957,9,6,370,UP,Sheomurat Ram,GGP,,,,,False,6,2009,GE
1821920,Vijayee Ram,ASP,22961,738,0.580375750045218,10,6,370,UP,Vijayee Ram,ASP,,,,,False,6,2009,GE
1821921,Krishna Sewak Sonker,JPS,23265,552,0.434102187025692,11,6,370,UP,Krishna Sewak Sonker,JPS,,,,,False,6,2009,GE
1821922,Vinod Kumar,IND,22955,512,0.402645506806439,12,6,370,UP,Vinod Kumar,IND,,,,,False,6,2009,GE
1821923,Sukhraj Dinkar,RSBP,22959,330,0.259517611808837,13,6,370,UP,Sukhraj Dinkar,RSBP,,,,,False,6,2009,GE
1821924,Baljit,IND,22955,307,0.241430020682767,14,6,370,UP,Baljit,IND,,,,,False,6,2009,GE
1821925,Sushma,RAD,23658,280,0.220196761534771,15,6,370,UP,Sushma,RAD,,,,,False,6,2009,GE
1821926,Dinesh Kumar,IND,22955,233,0.183235162277149,16,6,370,UP,Dinesh Kumar,IND,,,,,False,6,2009,GE
1822024,Kamla Kant Gautam (K.K. Gautam),BSP,22951,43473,29.6569931644222,1,6,371,UP,Kamla Kant Gautam (K.K. Gautam),BSP,,,,,False,6,2009,GE
1822025,Tufani Saroj,SP,22952,41895,28.5804919978715,2,6,371,UP,Tufani Saroj,SP,,,,,False,6,2009,GE
1822026,Vidyasagar Sonker,BJP,22953,30666,20.9201424419794,3,6,371,UP,Vidyasagar Sonker,BJP,,,,,False,6,2009,GE
1822027,Ram Charitra,AD,23110,10008,6.82739142892227,4,6,371,UP,Ram Charitra,AD,,,,,False,6,2009,GE
1822028,Raj Bahadur,INC,22954,6621,4.51680242315091,5,6,371,UP,Raj Bahadur,INC,,,,,False,6,2009,GE
1822029,Ram Dawar Gautam,IND,22955,4635,3.16196635422209,6,6,371,UP,Ram Dawar Gautam,IND,,,,,False,6,2009,GE
1822030,Sohan,IND,22955,2271,1.54926118456059,7,6,371,UP,Sohan,IND,,,,,False,6,2009,GE
1822031,Shyam Bihari Kannaujiya,IND,22955,1512,1.0314764029307,8,6,371,UP,Shyam Bihari Kannaujiya,IND,,,,,False,6,2009,GE
1822032,Sheomurat Ram,GGP,23388,1235,0.842508834404376,9,6,371,UP,Sheomurat Ram,GGP,,,,,False,6,2009,GE
1822033,Krishna Sewak Sonker,JPS,23265,1021,0.696519449333497,10,6,371,UP,Krishna Sewak Sonker,JPS,,,,,False,6,2009,GE
1822034,Vijayee Ram,ASP,22961,945,0.644672751831689,11,6,371,UP,Vijayee Ram,ASP,,,,,False,6,2009,GE
1822035,Vinod Kumar,IND,22955,768,0.523924522123531,12,6,371,UP,Vinod Kumar,IND,,,,,False,6,2009,GE
1822036,Baljit,IND,22955,468,0.319266505669027,13,6,371,UP,Baljit,IND,,,,,False,6,2009,GE
1822037,Sukhraj Dinkar,RSBP,22959,460,0.313808958563573,14,6,371,UP,Sukhraj Dinkar,RSBP,,,,,False,6,2009,GE
1822038,Dinesh Kumar,IND,22955,336,0.229216978429045,15,6,371,UP,Dinesh Kumar,IND,,,,,False,6,2009,GE
1822039,Sushma,RAD,23658,272,0.185556601585417,16,6,371,UP,Sushma,RAD,,,,,False,6,2009,GE
1822134,Kamla Kant Gautam (K.K. Gautam),BSP,22951,53013,31.0084638196568,1,6,372,UP,Kamla Kant Gautam (K.K. Gautam),BSP,,,,,False,6,2009,GE
1822135,Tufani Saroj,SP,22952,48304,28.2540666693963,2,6,372,UP,Tufani Saroj,SP,,,,,False,6,2009,GE
1822136,Vidyasagar Sonker,BJP,22953,36771,21.5081625848867,3,6,372,UP,Vidyasagar Sonker,BJP,,,,,False,6,2009,GE
1822137,Raj Bahadur,INC,22954,9782,5.72170586618157,4,6,372,UP,Raj Bahadur,INC,,,,,False,6,2009,GE
1822138,Ram Charitra,AD,23110,6785,3.96869498078531,5,6,372,UP,Ram Charitra,AD,,,,,False,6,2009,GE
1822139,Ram Dawar Gautam,IND,22955,5849,3.42120809765855,6,6,372,UP,Ram Dawar Gautam,IND,,,,,False,6,2009,GE
1822140,Sohan,IND,22955,2771,1.62081853968402,7,6,372,UP,Sohan,IND,,,,,False,6,2009,GE
1822141,Shyam Bihari Kannaujiya,IND,22955,1792,1.04818001555892,8,6,372,UP,Shyam Bihari Kannaujiya,IND,,,,,False,6,2009,GE
1822142,Sheomurat Ram,GGP,23388,1518,0.887911419429935,9,6,372,UP,Sheomurat Ram,GGP,,,,,False,6,2009,GE
1822143,Krishna Sewak Sonker,JPS,23265,973,0.569128992823008,10,6,372,UP,Krishna Sewak Sonker,JPS,,,,,False,6,2009,GE
1822144,Vijayee Ram,ASP,22961,837,0.489579616642197,11,6,372,UP,Vijayee Ram,ASP,,,,,False,6,2009,GE
1822145,Vinod Kumar,IND,22955,769,0.449804928551791,12,6,372,UP,Vinod Kumar,IND,,,,,False,6,2009,GE
1822146,Sushma,RAD,23658,527,0.308253832700642,13,6,372,UP,Sushma,RAD,,,,,False,6,2009,GE
1822147,Baljit,IND,22955,494,0.288951410539122,14,6,372,UP,Baljit,IND,,,,,False,6,2009,GE
1822148,Sukhraj Dinkar,RSBP,22959,435,0.254441019401858,15,6,372,UP,Sukhraj Dinkar,RSBP,,,,,False,6,2009,GE
1822149,Dinesh Kumar,IND,22955,343,0.200628206103074,16,6,372,UP,Dinesh Kumar,IND,,,,,False,6,2009,GE
1822227,Radhey Mohan Singh,SP,22952,79091,46.1223109265749,1,6,373,UP,Radhey Mohan Singh,SP,,,,,False,6,2009,GE
1822228,Afzal Ansari,BSP,22951,69462,40.5071115750432,2,6,373,UP,Afzal Ansari,BSP,,,,,False,6,2009,GE
1822229,Prabhunath,BJP,22953,6403,3.73394136959779,3,6,373,UP,Prabhunath,BJP,,,,,False,6,2009,GE
1822230,Surendra,JPS,23265,4120,2.4025985386136,4,6,373,UP,Surendra,JPS,,,,,False,6,2009,GE
1822231,Shyam Narayan,RASD,23418,3590,2.0935263965104,5,6,373,UP,Shyam Narayan,RASD,,,,,False,6,2009,GE
1822232,Anil,IND,22955,2379,1.38732570955382,6,6,373,UP,Anil,IND,,,,,False,6,2009,GE
1822233,Rajesh,IND,22955,1869,1.08991666715262,7,6,373,UP,Rajesh,IND,,,,,False,6,2009,GE
1822234,Suraj Ram Bagi,CPI,22973,1360,0.79309077973653,8,6,373,UP,Suraj Ram Bagi,CPI,,,,,False,6,2009,GE
1822235,Ashok (Dr.Ashok Kumar Srivastava),IND,22955,795,0.46360821315481,9,6,373,UP,Ashok (Dr.Ashok Kumar Srivastava),IND,,,,,False,6,2009,GE
1822236,Brajendra Nath Urf Bijendra,IND,22955,581,0.338813046343326,10,6,373,UP,Brajendra Nath Urf Bijendra,IND,,,,,False,6,2009,GE
1822237,Ishwari Prasad Kushwaha,CPI(ML)(L),23197,557,0.324817326700917,11,6,373,UP,Ishwari Prasad Kushwaha,CPI(ML)(L),,,,,False,6,2009,GE
1822238,Saraju,LD,22979,355,0.207020019710638,12,6,373,UP,Saraju,LD,,,,,False,6,2009,GE
1822239,Satish Shankar Jaisawal,NLHP,23028,313,0.182527510336422,13,6,373,UP,Satish Shankar Jaisawal,NLHP,,,,,False,6,2009,GE
1822240,Dinesh,RSMD,23062,305,0.177862270455618,14,6,373,UP,Dinesh,RSMD,,,,,False,6,2009,GE
1822241,Nandlal,ASP,22961,301,0.175529650515217,15,6,373,UP,Nandlal,ASP,,,,,False,6,2009,GE
1822327,Radhey Mohan Singh,SP,22952,90616,56.1211408045087,1,6,374,UP,Radhey Mohan Singh,SP,,,,,False,6,2009,GE
1822328,Afzal Ansari,BSP,22951,57433,35.5699377574087,2,6,374,UP,Afzal Ansari,BSP,,,,,False,6,2009,GE
1822329,Prabhunath,BJP,22953,3735,2.31319481002074,3,6,374,UP,Prabhunath,BJP,,,,,False,6,2009,GE
1822330,Anil,IND,22955,2387,1.4783389589075,4,6,374,UP,Anil,IND,,,,,False,6,2009,GE
1822331,Rajesh,IND,22955,1658,1.02684792369863,5,6,374,UP,Rajesh,IND,,,,,False,6,2009,GE
1822332,Suraj Ram Bagi,CPI,22973,1247,0.772303595206391,6,6,374,UP,Suraj Ram Bagi,CPI,,,,,False,6,2009,GE
1822333,Ashok (Dr.Ashok Kumar Srivastava),IND,22955,868,0.537577803239092,7,6,374,UP,Ashok (Dr.Ashok Kumar Srivastava),IND,,,,,False,6,2009,GE
1822334,Surendra,JPS,23265,840,0.520236583779766,8,6,374,UP,Surendra,JPS,,,,,False,6,2009,GE
1822335,Ishwari Prasad Kushwaha,CPI(ML)(L),23197,661,0.409376645093363,9,6,374,UP,Ishwari Prasad Kushwaha,CPI(ML)(L),,,,,False,6,2009,GE
1822336,Shyam Narayan,RASD,23418,524,0.324528535595949,10,6,374,UP,Shyam Narayan,RASD,,,,,False,6,2009,GE
1822337,Brajendra Nath Urf Bijendra,IND,22955,500,0.309664633202241,11,6,374,UP,Brajendra Nath Urf Bijendra,IND,,,,,False,6,2009,GE
1822338,Dinesh,RSMD,23062,357,0.2211005481064,12,6,374,UP,Dinesh,RSMD,,,,,False,6,2009,GE
1822339,Saraju,LD,22979,233,0.144303719072244,13,6,374,UP,Saraju,LD,,,,,False,6,2009,GE
1822340,Satish Shankar Jaisawal,NLHP,23028,208,0.128820487412132,14,6,374,UP,Satish Shankar Jaisawal,NLHP,,,,,False,6,2009,GE
1822341,Nandlal,ASP,22961,198,0.122627194748087,15,6,374,UP,Nandlal,ASP,,,,,False,6,2009,GE
1822419,Radhey Mohan Singh,SP,22952,72135,51.199517353964,1,6,375,UP,Radhey Mohan Singh,SP,,,,,False,6,2009,GE
1822420,Afzal Ansari,BSP,22951,56343,39.990772943431,2,6,375,UP,Afzal Ansari,BSP,,,,,False,6,2009,GE
1822421,Prabhunath,BJP,22953,3074,2.18184399176662,3,6,375,UP,Prabhunath,BJP,,,,,False,6,2009,GE
1822422,Suraj Ram Bagi,CPI,22973,2548,1.80850308751508,4,6,375,UP,Suraj Ram Bagi,CPI,,,,,False,6,2009,GE
1822423,Anil,IND,22955,1869,1.32656682518276,5,6,375,UP,Anil,IND,,,,,False,6,2009,GE
1822424,Rajesh,IND,22955,1236,0.877280147632905,6,6,375,UP,Rajesh,IND,,,,,False,6,2009,GE
1822425,Ashok (Dr.Ashok Kumar Srivastava),IND,22955,1169,0.829725317623678,7,6,375,UP,Ashok (Dr.Ashok Kumar Srivastava),IND,,,,,False,6,2009,GE
1822426,Ishwari Prasad Kushwaha,CPI(ML)(L),23197,582,0.41308822485627,8,6,375,UP,Ishwari Prasad Kushwaha,CPI(ML)(L),,,,,False,6,2009,GE
1822427,Surendra,JPS,23265,567,0.402441621122861,9,6,375,UP,Surendra,JPS,,,,,False,6,2009,GE
1822428,Brajendra Nath Urf Bijendra,IND,22955,440,0.312300376179998,10,6,375,UP,Brajendra Nath Urf Bijendra,IND,,,,,False,6,2009,GE
1822429,Shyam Narayan,RASD,23418,239,0.169635886152317,11,6,375,UP,Shyam Narayan,RASD,,,,,False,6,2009,GE
1822431,Dinesh,RSMD,23062,180,0.127759244800908,12,6,375,UP,Dinesh,RSMD,,,,,False,6,2009,GE
1822430,Saraju,LD,22979,180,0.127759244800908,12,6,375,UP,Saraju,LD,,,,,False,6,2009,GE
1822432,Nandlal,ASP,22961,169,0.119951735396408,14,6,375,UP,Nandlal,ASP,,,,,False,6,2009,GE
1822433,Satish Shankar Jaisawal,NLHP,23028,159,0.112853999574135,15,6,375,UP,Satish Shankar Jaisawal,NLHP,,,,,False,6,2009,GE
1822527,Radhey Mohan Singh,SP,22952,69622,47.3020531844061,1,6,376,UP,Radhey Mohan Singh,SP,,,,,False,6,2009,GE
1822528,Afzal Ansari,BSP,22951,62184,42.248583425054,2,6,376,UP,Afzal Ansari,BSP,,,,,False,6,2009,GE
1822529,Prabhunath,BJP,22953,4465,3.03357656298832,3,6,376,UP,Prabhunath,BJP,,,,,False,6,2009,GE
1822530,Shyam Narayan,RASD,23418,2167,1.47228676640441,4,6,376,UP,Shyam Narayan,RASD,,,,,False,6,2009,GE
1822531,Suraj Ram Bagi,CPI,22973,1837,1.24808065984536,5,6,376,UP,Suraj Ram Bagi,CPI,,,,,False,6,2009,GE
1822532,Anil,IND,22955,1818,1.23517182340711,6,6,376,UP,Anil,IND,,,,,False,6,2009,GE
1822533,Rajesh,IND,22955,1399,0.950498009321538,7,6,376,UP,Rajesh,IND,,,,,False,6,2009,GE
1822534,Surendra,JPS,23265,1185,0.805103746280216,8,6,376,UP,Surendra,JPS,,,,,False,6,2009,GE
1822535,Brajendra Nath Urf Bijendra,IND,22955,702,0.476947535771065,9,6,376,UP,Brajendra Nath Urf Bijendra,IND,,,,,False,6,2009,GE
1822536,Ashok (Dr.Ashok Kumar Srivastava),IND,22955,621,0.42191512779748,10,6,376,UP,Ashok (Dr.Ashok Kumar Srivastava),IND,,,,,False,6,2009,GE
1822537,Ishwari Prasad Kushwaha,CPI(ML)(L),23197,485,0.329515035397388,11,6,376,UP,Ishwari Prasad Kushwaha,CPI(ML)(L),,,,,False,6,2009,GE
1822538,Satish Shankar Jaisawal,NLHP,23028,184,0.125011889717772,12,6,376,UP,Satish Shankar Jaisawal,NLHP,,,,,False,6,2009,GE
1822539,Nandlal,ASP,22961,180,0.122294239941298,13,6,376,UP,Nandlal,ASP,,,,,False,6,2009,GE
1822540,Saraju,LD,22979,178,0.120935415053062,14,6,376,UP,Saraju,LD,,,,,False,6,2009,GE
1822541,Dinesh,RSMD,23062,159,0.108026578614813,15,6,376,UP,Dinesh,RSMD,,,,,False,6,2009,GE
1822625,Sangram Singh Yadav,BSP,22951,59838,35.5939159969782,1,6,377,UP,Sangram Singh Yadav,BSP,,,,,False,6,2009,GE
1822626,Neeraj Shekhar,SP,22952,58378,34.7254525230053,2,6,377,UP,Neeraj Shekhar,SP,,,,,False,6,2009,GE
1822627,Manoj Sinha,BJP,22953,28815,17.1402568510466,3,6,377,UP,Manoj Sinha,BJP,,,,,False,6,2009,GE
1822628,Ramsakal,SBSP,23361,12180,7.24512678971882,4,6,377,UP,Ramsakal,SBSP,,,,,False,6,2009,GE
1822629,Anant,IND,22955,1884,1.12067478422251,5,6,377,UP,Anant,IND,,,,,False,6,2009,GE
1822630,Rajesh,JPS,23265,1412,0.839911250171015,6,6,377,UP,Rajesh,JPS,,,,,False,6,2009,GE
1822631,Harihar,IND,22955,1325,0.788160344530167,7,6,377,UP,Harihar,IND,,,,,False,6,2009,GE
1822632,Arvind Kumar Gond,GGP,23388,941,0.559742554115386,8,6,377,UP,Arvind Kumar Gond,GGP,,,,,False,6,2009,GE
1822633,Sheshnath,IND,22955,675,0.401515647213481,9,6,377,UP,Sheshnath,IND,,,,,False,6,2009,GE
1822634,Kanhaiya Prajapati,RSMD,23062,513,0.305151891882245,10,6,377,UP,Kanhaiya Prajapati,RSMD,,,,,False,6,2009,GE
1822635,Shanker Ram Rawat,IND,22955,510,0.30336737789463,11,6,377,UP,Shanker Ram Rawat,IND,,,,,False,6,2009,GE
1822636,Ramji,IND,22955,360,0.214141678513856,12,6,377,UP,Ramji,IND,,,,,False,6,2009,GE
1822637,Lalbabu,IND,22955,353,0.209977812542753,13,6,377,UP,Lalbabu,IND,,,,,False,6,2009,GE
1822638,Narayan Rajbhar,BSD,23623,327,0.194512024650086,14,6,377,UP,Narayan Rajbhar,BSD,,,,,False,6,2009,GE
1822639,Gangadyal,IND,22955,307,0.18261526473265,15,6,377,UP,Gangadyal,IND,,,,,False,6,2009,GE
1822640,Diwakar,IND,22955,295,0.175477208782188,16,6,377,UP,Diwakar,IND,,,,,False,6,2009,GE
1822726,Sangram Singh Yadav,BSP,22951,54147,32.1767292607558,1,6,378,UP,Sangram Singh Yadav,BSP,,,,,False,6,2009,GE
1822727,Manoj Sinha,BJP,22953,51078,30.3529831233658,2,6,378,UP,Manoj Sinha,BJP,,,,,False,6,2009,GE
1822728,Neeraj Shekhar,SP,22952,49988,29.7052531495127,3,6,378,UP,Neeraj Shekhar,SP,,,,,False,6,2009,GE
1822729,Ramsakal,SBSP,23361,5365,3.18813881625861,4,6,378,UP,Ramsakal,SBSP,,,,,False,6,2009,GE
1822730,Anant,IND,22955,1817,1.07974803898264,5,6,378,UP,Anant,IND,,,,,False,6,2009,GE
1822731,Harihar,IND,22955,1429,0.849179938198241,6,6,378,UP,Harihar,IND,,,,,False,6,2009,GE
1822732,Arvind Kumar Gond,GGP,23388,896,0.532445923460898,7,6,378,UP,Arvind Kumar Gond,GGP,,,,,False,6,2009,GE
1822733,Sheshnath,IND,22955,657,0.390420727359163,8,6,378,UP,Sheshnath,IND,,,,,False,6,2009,GE
1822734,Shanker Ram Rawat,IND,22955,533,0.316734014737342,9,6,378,UP,Shanker Ram Rawat,IND,,,,,False,6,2009,GE
1822735,Kanhaiya Prajapati,RSMD,23062,409,0.243047302115521,10,6,378,UP,Kanhaiya Prajapati,RSMD,,,,,False,6,2009,GE
1822736,Ramji,IND,22955,390,0.231756596149275,11,6,378,UP,Ramji,IND,,,,,False,6,2009,GE
1822737,Rajesh,JPS,23265,363,0.215711908723555,12,6,378,UP,Rajesh,JPS,,,,,False,6,2009,GE
1822738,Lalbabu,IND,22955,343,0.203826955074875,13,6,378,UP,Lalbabu,IND,,,,,False,6,2009,GE
1822739,Gangadyal,IND,22955,295,0.175303066318041,14,6,378,UP,Gangadyal,IND,,,,,False,6,2009,GE
1822740,Narayan Rajbhar,BSD,23623,293,0.174114570953173,15,6,378,UP,Narayan Rajbhar,BSD,,,,,False,6,2009,GE
1822741,Diwakar,IND,22955,277,0.164606608034228,16,6,378,UP,Diwakar,IND,,,,,False,6,2009,GE
1822816,Radhey Mohan Singh,SP,22952,67651,45.3394544601568,1,6,379,UP,Radhey Mohan Singh,SP,,,,,False,6,2009,GE
1822817,Afzal Ansari,BSP,22951,64433,43.1827625494269,2,6,379,UP,Afzal Ansari,BSP,,,,,False,6,2009,GE
1822818,Prabhunath,BJP,22953,3992,2.67542389920246,3,6,379,UP,Prabhunath,BJP,,,,,False,6,2009,GE
1822819,Ishwari Prasad Kushwaha,CPI(ML)(L),23197,3566,2.38992024663226,4,6,379,UP,Ishwari Prasad Kushwaha,CPI(ML)(L),,,,,False,6,2009,GE
1822820,Shyam Narayan,RASD,23418,3375,2.26191274043294,5,6,379,UP,Shyam Narayan,RASD,,,,,False,6,2009,GE
1822821,Anil,IND,22955,1595,1.06896320621942,6,6,379,UP,Anil,IND,,,,,False,6,2009,GE
1822822,Rajesh,IND,22955,1404,0.940955700020105,7,6,379,UP,Rajesh,IND,,,,,False,6,2009,GE
1822823,Suraj Ram Bagi,CPI,22973,1047,0.701695596809865,8,6,379,UP,Suraj Ram Bagi,CPI,,,,,False,6,2009,GE
1822824,Brajendra Nath Urf Bijendra,IND,22955,589,0.39474566047852,9,6,379,UP,Brajendra Nath Urf Bijendra,IND,,,,,False,6,2009,GE
1822825,Ashok (Dr.Ashok Kumar Srivastava),IND,22955,512,0.343140540178272,10,6,379,UP,Ashok (Dr.Ashok Kumar Srivastava),IND,,,,,False,6,2009,GE
1822826,Surendra,JPS,23265,286,0.191676161115206,11,6,379,UP,Surendra,JPS,,,,,False,6,2009,GE
1822827,Satish Shankar Jaisawal,NLHP,23028,204,0.13672005897728,12,6,379,UP,Satish Shankar Jaisawal,NLHP,,,,,False,6,2009,GE
1822828,Saraju,LD,22979,191,0.128007506199316,13,6,379,UP,Saraju,LD,,,,,False,6,2009,GE
1822829,Dinesh,RSMD,23062,185,0.123986327994102,14,6,379,UP,Dinesh,RSMD,,,,,False,6,2009,GE
1822830,Nandlal,ASP,22961,180,0.120635346156423,15,6,379,UP,Nandlal,ASP,,,,,False,6,2009,GE
1822914,Ramkishun,SP,22952,36713,28.8549354334174,1,6,380,UP,Ramkishun,SP,,,,,False,6,2009,GE
1822915,Kailash Nath Singh Yadav,BSP,22951,32238,25.3377661455754,2,6,380,UP,Kailash Nath Singh Yadav,BSP,,,,,False,6,2009,GE
1822916,Shailendra Kumar,INC,22954,22367,17.5795587622707,3,6,380,UP,Shailendra Kumar,INC,,,,,False,6,2009,GE
1822917,Jawahar Lal Jaisawal,BJP,22953,17267,13.571164713557,4,6,380,UP,Jawahar Lal Jaisawal,BJP,,,,,False,6,2009,GE
1822918,Jawahir,PMSP,23422,7242,5.69191954917356,5,6,380,UP,Jawahir,PMSP,,,,,False,6,2009,GE
1822919,Tulasi,SBSP,23361,4788,3.76317464808658,6,6,380,UP,Tulasi,SBSP,,,,,False,6,2009,GE
1822920,Munni Lal,IND,22955,1452,1.14121336445733,7,6,380,UP,Munni Lal,IND,,,,,False,6,2009,GE
1822921,Jokhu,PDFO,23287,973,0.764738707725197,8,6,380,UP,Jokhu,PDFO,,,,,False,6,2009,GE
1822922,Surafaraj Ahmad,IND,22955,928,0.729370524942428,9,6,380,UP,Surafaraj Ahmad,IND,,,,,False,6,2009,GE
1822923,Hari Lal,IND,22955,626,0.492010720489181,10,6,380,UP,Hari Lal,IND,,,,,False,6,2009,GE
1822924,Chandrashekhar,RPI,23181,588,0.462144255028176,11,6,380,UP,Chandrashekhar,RPI,,,,,False,6,2009,GE
1822925,Surendra Pratap,JBSP,23249,418,0.32853112007105,12,6,380,UP,Surendra Pratap,JBSP,,,,,False,6,2009,GE
1822926,Devaroo,IND,22955,334,0.262510512209882,13,6,380,UP,Devaroo,IND,,,,,False,6,2009,GE
1822927,Lallan,IJP,22982,332,0.260938592975092,14,6,380,UP,Lallan,IJP,,,,,False,6,2009,GE
1822928,Ramsewak Yadav,RLP,23668,312,0.245219400627195,15,6,380,UP,Ramsewak Yadav,RLP,,,,,False,6,2009,GE
1822929,Ramawatar Sharma Advocate,MADP,23222,283,0.222426571722744,16,6,380,UP,Ramawatar Sharma Advocate,MADP,,,,,False,6,2009,GE
1822930,Rajnath,BRPP,23273,229,0.179984752383422,17,6,380,UP,Rajnath,BRPP,,,,,False,6,2009,GE
1822931,Rajesh Singh,KKJHS,23043,143,0.112392225287464,18,6,380,UP,Rajesh Singh,KKJHS,,,,,False,6,2009,GE
1823023,Ramkishun,SP,22952,44034,31.7506327197213,1,6,381,UP,Ramkishun,SP,,,,,False,6,2009,GE
1823024,Kailash Nath Singh Yadav,BSP,22951,40211,28.994065774009,2,6,381,UP,Kailash Nath Singh Yadav,BSP,,,,,False,6,2009,GE
1823025,Shailendra Kumar,INC,22954,18891,13.6213199506803,3,6,381,UP,Shailendra Kumar,INC,,,,,False,6,2009,GE
1823026,Tulasi,SBSP,23361,16555,11.9369515527771,4,6,381,UP,Tulasi,SBSP,,,,,False,6,2009,GE
1823027,Jawahar Lal Jaisawal,BJP,22953,11018,7.94450813702798,5,6,381,UP,Jawahar Lal Jaisawal,BJP,,,,,False,6,2009,GE
1823028,Munni Lal,IND,22955,1701,1.22650284453481,6,6,381,UP,Munni Lal,IND,,,,,False,6,2009,GE
1823029,Jawahir,PMSP,23422,1159,0.835694765911729,7,6,381,UP,Jawahir,PMSP,,,,,False,6,2009,GE
1823030,Surafaraj Ahmad,IND,22955,913,0.658316929488704,8,6,381,UP,Surafaraj Ahmad,IND,,,,,False,6,2009,GE
1823031,Jokhu,PDFO,23287,666,0.480218044950139,9,6,381,UP,Jokhu,PDFO,,,,,False,6,2009,GE
1823032,Hari Lal,IND,22955,576,0.415323714551472,10,6,381,UP,Hari Lal,IND,,,,,False,6,2009,GE
1823033,Chandrashekhar,RPI,23181,542,0.390808078623086,11,6,381,UP,Chandrashekhar,RPI,,,,,False,6,2009,GE
1823034,Surendra Pratap,JBSP,23249,511,0.368455587041323,12,6,381,UP,Surendra Pratap,JBSP,,,,,False,6,2009,GE
1823035,Rajnath,BRPP,23273,362,0.261019417825751,13,6,381,UP,Rajnath,BRPP,,,,,False,6,2009,GE
1823036,Devaroo,IND,22955,360,0.25957732159467,14,6,381,UP,Devaroo,IND,,,,,False,6,2009,GE
1823037,Ramsewak Yadav,RLP,23668,346,0.249482647977099,15,6,381,UP,Ramsewak Yadav,RLP,,,,,False,6,2009,GE
1823038,Ramawatar Sharma Advocate,MADP,23222,344,0.248040551746018,16,6,381,UP,Ramawatar Sharma Advocate,MADP,,,,,False,6,2009,GE
1823039,Lallan,IJP,22982,308,0.222082819586551,17,6,381,UP,Lallan,IJP,,,,,False,6,2009,GE
1823040,Rajesh Singh,KKJHS,23043,190,0.136999141952742,18,6,381,UP,Rajesh Singh,KKJHS,,,,,False,6,2009,GE
1823124,Kailash Nath Singh Yadav,BSP,22951,35110,25.4880182358022,1,6,382,UP,Kailash Nath Singh Yadav,BSP,,,,,False,6,2009,GE
1823125,Ramkishun,SP,22952,32990,23.9490094445775,2,6,382,UP,Ramkishun,SP,,,,,False,6,2009,GE
1823126,Shailendra Kumar,INC,22954,26833,19.4793504221384,3,6,382,UP,Shailendra Kumar,INC,,,,,False,6,2009,GE
1823127,Jawahir,PMSP,23422,12502,9.07579618296781,4,6,382,UP,Jawahir,PMSP,,,,,False,6,2009,GE
1823128,Jawahar Lal Jaisawal,BJP,22953,12096,8.78106148049741,5,6,382,UP,Jawahar Lal Jaisawal,BJP,,,,,False,6,2009,GE
1823129,Tulasi,SBSP,23361,10070,7.31029175831754,6,6,382,UP,Tulasi,SBSP,,,,,False,6,2009,GE
1823130,Munni Lal,IND,22955,1752,1.2718600953895,7,6,382,UP,Munni Lal,IND,,,,,False,6,2009,GE
1823131,Surendra Pratap,JBSP,23249,1130,0.82032072362451,8,6,382,UP,Surendra Pratap,JBSP,,,,,False,6,2009,GE
1823132,Surafaraj Ahmad,IND,22955,908,0.65916036907173,9,6,382,UP,Surafaraj Ahmad,IND,,,,,False,6,2009,GE
1823133,Chandrashekhar,RPI,23181,760,0.55172013270321,10,6,382,UP,Chandrashekhar,RPI,,,,,False,6,2009,GE
1823134,Hari Lal,IND,22955,641,0.465332375082576,11,6,382,UP,Hari Lal,IND,,,,,False,6,2009,GE
1823135,Jokhu,PDFO,23287,610,0.442828001248629,12,6,382,UP,Jokhu,PDFO,,,,,False,6,2009,GE
1823136,Lallan,IJP,22982,581,0.421775522500744,13,6,382,UP,Lallan,IJP,,,,,False,6,2009,GE
1823137,Devaroo,IND,22955,434,0.315061233675254,14,6,382,UP,Devaroo,IND,,,,,False,6,2009,GE
1823138,Ramsewak Yadav,RLP,23668,390,0.28311954178191,15,6,382,UP,Ramsewak Yadav,RLP,,,,,False,6,2009,GE
1823139,Ramawatar Sharma Advocate,MADP,23222,378,0.274408171265544,16,6,382,UP,Ramawatar Sharma Advocate,MADP,,,,,False,6,2009,GE
1823140,Rajnath,BRPP,23273,295,0.214154525194009,17,6,382,UP,Rajnath,BRPP,,,,,False,6,2009,GE
1823141,Rajesh Singh,KKJHS,23043,271,0.196731784161276,18,6,382,UP,Rajesh Singh,KKJHS,,,,,False,6,2009,GE
1823232,Ram Chandra Tyagi,BSP,22951,54245,34.0797004479459,1,6,383,UP,Ram Chandra Tyagi,BSP,,,,,False,6,2009,GE
1823233,Pakauri Lal Kol,SP,22952,52910,33.2409798267272,2,6,383,UP,Pakauri Lal Kol,SP,,,,,False,6,2009,GE
1823234,Ram Shakal,BJP,22953,25583,16.0726514251968,3,6,383,UP,Ram Shakal,BJP,,,,,False,6,2009,GE
1823235,Ram Adhar Joseph,INC,22954,14565,9.15053621576794,4,6,383,UP,Ram Adhar Joseph,INC,,,,,False,6,2009,GE
1823236,Chandra Shekhar,JPS,23265,3964,2.49040340262987,5,6,383,UP,Chandra Shekhar,JPS,,,,,False,6,2009,GE
1823237,Gulab,PDFO,23287,3088,1.94005189387514,6,6,383,UP,Gulab,PDFO,,,,,False,6,2009,GE
1823238,Rambriksha,IND,22955,2141,1.3450942696848,7,6,383,UP,Rambriksha,IND,,,,,False,6,2009,GE
1823239,Ramesh Kumar,AD,23110,1107,0.695478447707182,8,6,383,UP,Ramesh Kumar,AD,,,,,False,6,2009,GE
1823240,Munni Devi,RSMD,23062,831,0.522080027140622,9,6,383,UP,Munni Devi,RSMD,,,,,False,6,2009,GE
1823241,Shrawan Kumar,RWS,23146,737,0.463024043324474,10,6,383,UP,Shrawan Kumar,RWS,,,,,False,6,2009,GE
1823320,Tufani Saroj,SP,22952,35386,27.3512861736334,1,6,384,UP,Tufani Saroj,SP,,,,,False,6,2009,GE
1823321,Kamla Kant Gautam (K.K. Gautam),BSP,22951,32727,25.2960363591392,2,6,384,UP,Kamla Kant Gautam (K.K. Gautam),BSP,,,,,False,6,2009,GE
1823322,Vidyasagar Sonker,BJP,22953,24056,18.5938659411328,3,6,384,UP,Vidyasagar Sonker,BJP,,,,,False,6,2009,GE
1823323,Ram Charitra,AD,23110,19711,15.2354377937175,4,6,384,UP,Ram Charitra,AD,,,,,False,6,2009,GE
1823324,Raj Bahadur,INC,22954,5503,4.25349369280237,5,6,384,UP,Raj Bahadur,INC,,,,,False,6,2009,GE
1823325,Shyam Bihari Kannaujiya,IND,22955,2248,1.73757111056146,6,6,384,UP,Shyam Bihari Kannaujiya,IND,,,,,False,6,2009,GE
1823326,Sohan,IND,22955,2167,1.67496289883749,7,6,384,UP,Sohan,IND,,,,,False,6,2009,GE
1823327,Ram Dawar Gautam,IND,22955,1646,1.27226069750185,8,6,384,UP,Ram Dawar Gautam,IND,,,,,False,6,2009,GE
1823328,Vinod Kumar,IND,22955,1120,0.865693791738807,9,6,384,UP,Vinod Kumar,IND,,,,,False,6,2009,GE
1823329,Sheomurat Ram,GGP,23388,1085,0.83864086074697,10,6,384,UP,Sheomurat Ram,GGP,,,,,False,6,2009,GE
1823330,Vijayee Ram,ASP,22961,1022,0.789945584961662,11,6,384,UP,Vijayee Ram,ASP,,,,,False,6,2009,GE
1823331,Krishna Sewak Sonker,JPS,23265,730,0.564246846401187,12,6,384,UP,Krishna Sewak Sonker,JPS,,,,,False,6,2009,GE
1823332,Baljit,IND,22955,612,0.473039821914419,13,6,384,UP,Baljit,IND,,,,,False,6,2009,GE
1823333,Dinesh Kumar,IND,22955,527,0.407339846648528,14,6,384,UP,Dinesh Kumar,IND,,,,,False,6,2009,GE
1823334,Sushma,RAD,23658,471,0.364055157061587,15,6,384,UP,Sushma,RAD,,,,,False,6,2009,GE
1823335,Sukhraj Dinkar,RSBP,22959,365,0.282123423200593,16,6,384,UP,Sukhraj Dinkar,RSBP,,,,,False,6,2009,GE
1823415,Kailash Nath Singh Yadav,BSP,22951,39099,27.2712054739103,1,6,385,UP,Kailash Nath Singh Yadav,BSP,,,,,False,6,2009,GE
1823416,Ramkishun,SP,22952,37689,26.2877429884704,2,6,385,UP,Ramkishun,SP,,,,,False,6,2009,GE
1823417,Tulasi,SBSP,23361,24502,17.0899275306721,3,6,385,UP,Tulasi,SBSP,,,,,False,6,2009,GE
1823418,Jawahar Lal Jaisawal,BJP,22953,19053,13.2892983936779,4,6,385,UP,Jawahar Lal Jaisawal,BJP,,,,,False,6,2009,GE
1823419,Shailendra Kumar,INC,22954,14491,10.107343884049,5,6,385,UP,Shailendra Kumar,INC,,,,,False,6,2009,GE
1823420,Munni Lal,IND,22955,2175,1.51704319562533,6,6,385,UP,Munni Lal,IND,,,,,False,6,2009,GE
1823421,Surafaraj Ahmad,IND,22955,1012,0.705861017918546,7,6,385,UP,Surafaraj Ahmad,IND,,,,,False,6,2009,GE
1823422,Hari Lal,IND,22955,797,0.555900426167077,8,6,385,UP,Hari Lal,IND,,,,,False,6,2009,GE
1823423,Surendra Pratap,JBSP,23249,587,0.409427290037734,9,6,385,UP,Surendra Pratap,JBSP,,,,,False,6,2009,GE
1823424,Devaroo,IND,22955,586,0.408729798913308,10,6,385,UP,Devaroo,IND,,,,,False,6,2009,GE
1823425,Jokhu,PDFO,23287,558,0.389200047429396,11,6,385,UP,Jokhu,PDFO,,,,,False,6,2009,GE
1823426,Jawahir,PMSP,23422,487,0.33967817759519,12,6,385,UP,Jawahir,PMSP,,,,,False,6,2009,GE
1823427,Ramsewak Yadav,RLP,23668,468,0.326425846231106,13,6,385,UP,Ramsewak Yadav,RLP,,,,,False,6,2009,GE
1823428,Chandrashekhar,RPI,23181,447,0.311778532618172,14,6,385,UP,Chandrashekhar,RPI,,,,,False,6,2009,GE
1823429,Rajnath,BRPP,23273,432,0.30131616575179,15,6,385,UP,Rajnath,BRPP,,,,,False,6,2009,GE
1823430,Ramawatar Sharma Advocate,MADP,23222,403,0.281088923143453,16,6,385,UP,Ramawatar Sharma Advocate,MADP,,,,,False,6,2009,GE
1823431,Lallan,IJP,22982,357,0.249004331419882,17,6,385,UP,Lallan,IJP,,,,,False,6,2009,GE
1823432,Rajesh Singh,KKJHS,23043,228,0.159027976369,18,6,385,UP,Rajesh Singh,KKJHS,,,,,False,6,2009,GE
1823526,Kailash Nath Singh Yadav,BSP,22951,32964,26.6500662936972,1,6,386,UP,Kailash Nath Singh Yadav,BSP,,,,,False,6,2009,GE
1823527,Ramkishun,SP,22952,28636,23.1510526145587,2,6,386,UP,Ramkishun,SP,,,,,False,6,2009,GE
1823528,Tulasi,SBSP,23361,23756,19.20576916858,3,6,386,UP,Tulasi,SBSP,,,,,False,6,2009,GE
1823529,Jawahar Lal Jaisawal,BJP,22953,16613,13.4309413705009,4,6,386,UP,Jawahar Lal Jaisawal,BJP,,,,,False,6,2009,GE
1823530,Shailendra Kumar,INC,22954,14779,11.9482262393687,5,6,386,UP,Shailendra Kumar,INC,,,,,False,6,2009,GE
1823531,Munni Lal,IND,22955,1563,1.26362254632474,6,6,386,UP,Munni Lal,IND,,,,,False,6,2009,GE
1823532,Jokhu,PDFO,23287,866,0.700126119716715,7,6,386,UP,Jokhu,PDFO,,,,,False,6,2009,GE
1823533,Surendra Pratap,JBSP,23249,720,0.582091000226368,8,6,386,UP,Surendra Pratap,JBSP,,,,,False,6,2009,GE
1823534,Surafaraj Ahmad,IND,22955,649,0.524690359926268,9,6,386,UP,Surafaraj Ahmad,IND,,,,,False,6,2009,GE
1823535,Hari Lal,IND,22955,503,0.406655240435921,10,6,386,UP,Hari Lal,IND,,,,,False,6,2009,GE
1823536,Devaroo,IND,22955,394,0.318533130679429,11,6,386,UP,Devaroo,IND,,,,,False,6,2009,GE
1823537,Rajnath,BRPP,23273,375,0.303172395951233,12,6,386,UP,Rajnath,BRPP,,,,,False,6,2009,GE
1823538,Chandrashekhar,RPI,23181,362,0.292662419558257,13,6,386,UP,Chandrashekhar,RPI,,,,,False,6,2009,GE
1823539,Lallan,IJP,22982,356,0.287811661223037,14,6,386,UP,Lallan,IJP,,,,,False,6,2009,GE
1823540,Ramawatar Sharma Advocate,MADP,23222,356,0.287811661223037,14,6,386,UP,Ramawatar Sharma Advocate,MADP,,,,,False,6,2009,GE
1823541,Ramsewak Yadav,RLP,23668,350,0.282960902887818,16,6,386,UP,Ramsewak Yadav,RLP,,,,,False,6,2009,GE
1823542,Jawahir,PMSP,23422,241,0.194838793131326,17,6,386,UP,Jawahir,PMSP,,,,,False,6,2009,GE
1823543,Rajesh Singh,KKJHS,23043,209,0.168968082010154,18,6,386,UP,Rajesh Singh,KKJHS,,,,,False,6,2009,GE
1823632,Mukhtar Ansari,BSP,22951,34915,25.108047663222,1,6,387,UP,Mukhtar Ansari,BSP,,,,,False,6,2009,GE
1823633,Ajay Rai,SP,22952,32223,23.1721787155092,2,6,387,UP,Ajay Rai,SP,,,,,False,6,2009,GE
1823634,Vijay Prakash Jaisawal,AD,23110,26904,19.3471835695639,3,6,387,UP,Vijay Prakash Jaisawal,AD,,,,,False,6,2009,GE
1823635,Dr.Murli Manohar Joshi,BJP,22953,25923,18.6417276120207,4,6,387,UP,Dr.Murli Manohar Joshi,BJP,,,,,False,6,2009,GE
1823636,Rajesh Kumar Mishra,INC,22954,13120,9.43484420282038,5,6,387,UP,Rajesh Kumar Mishra,INC,,,,,False,6,2009,GE
1823637,Satya Prakash Srivastava,IND,22955,1470,1.05710525748063,6,6,387,UP,Satya Prakash Srivastava,IND,,,,,False,6,2009,GE
1823638,Narendra Nath Dubey Adig,IND,22955,901,0.647926419721125,7,6,387,UP,Narendra Nath Dubey Adig,IND,,,,,False,6,2009,GE
1823639,Rajesh Bharti,IND,22955,630,0.453045110348844,8,6,387,UP,Rajesh Bharti,IND,,,,,False,6,2009,GE
1823640,Er. Shyam Lal Vishwakarma,MADP,23222,528,0.379694949625698,9,6,387,UP,Er. Shyam Lal Vishwakarma,MADP,,,,,False,6,2009,GE
1823641,Pushp Raj Sahu,IND,22955,504,0.362436088279075,10,6,387,UP,Pushp Raj Sahu,IND,,,,,False,6,2009,GE
1823642,Anand Kumar Ambastha,IND,22955,489,0.351649299937436,11,6,387,UP,Anand Kumar Ambastha,IND,,,,,False,6,2009,GE
1823643,Kishun Lal,IJP,22982,454,0.326480127140278,12,6,387,UP,Kishun Lal,IJP,,,,,False,6,2009,GE
1823644,Awadhesh Kumar Kushwaha,RSMD,23062,440,0.316412458021415,13,6,387,UP,Awadhesh Kumar Kushwaha,RSMD,,,,,False,6,2009,GE
1823645,Parvez Quadir Khan,IND,22955,369,0.265354993204323,14,6,387,UP,Parvez Quadir Khan,IND,,,,,False,6,2009,GE
1823646,Usha Singh,RAD,23658,189,0.135913533104653,15,6,387,UP,Usha Singh,RAD,,,,,False,6,2009,GE
1823771,Dr.Murli Manohar Joshi,BJP,22953,44142,36.477977026692,1,6,388,UP,Dr.Murli Manohar Joshi,BJP,,,,,False,6,2009,GE
1823772,Mukhtar Ansari,BSP,22951,37331,30.8495165688786,2,6,388,UP,Mukhtar Ansari,BSP,,,,,False,6,2009,GE
1823773,Ajay Rai,SP,22952,18309,15.1301545326832,3,6,388,UP,Ajay Rai,SP,,,,,False,6,2009,GE
1823774,Rajesh Kumar Mishra,INC,22954,14098,11.650276836625,4,6,388,UP,Rajesh Kumar Mishra,INC,,,,,False,6,2009,GE
1823775,Vijay Prakash Jaisawal,AD,23110,4343,3.58895959011651,5,6,388,UP,Vijay Prakash Jaisawal,AD,,,,,False,6,2009,GE
1823776,Satya Prakash Srivastava,IND,22955,721,0.59581852739443,6,6,388,UP,Satya Prakash Srivastava,IND,,,,,False,6,2009,GE
1823777,Narendra Nath Dubey Adig,IND,22955,342,0.282621270969341,7,6,388,UP,Narendra Nath Dubey Adig,IND,,,,,False,6,2009,GE
1823778,Rajesh Bharti,IND,22955,297,0.24543426163127,8,6,388,UP,Rajesh Bharti,IND,,,,,False,6,2009,GE
1823779,Anand Kumar Ambastha,IND,22955,288,0.237996859763655,9,6,388,UP,Anand Kumar Ambastha,IND,,,,,False,6,2009,GE
1823780,Pushp Raj Sahu,IND,22955,276,0.22808032394017,10,6,388,UP,Pushp Raj Sahu,IND,,,,,False,6,2009,GE
1823781,Awadhesh Kumar Kushwaha,RSMD,23062,242,0.199983472440294,11,6,388,UP,Awadhesh Kumar Kushwaha,RSMD,,,,,False,6,2009,GE
1823782,Kishun Lal,IJP,22982,206,0.170233864969837,12,6,388,UP,Kishun Lal,IJP,,,,,False,6,2009,GE
1823783,Er. Shyam Lal Vishwakarma,MADP,23222,159,0.131394099661185,13,6,388,UP,Er. Shyam Lal Vishwakarma,MADP,,,,,False,6,2009,GE
1823784,Parvez Quadir Khan,IND,22955,153,0.126435831749442,14,6,388,UP,Parvez Quadir Khan,IND,,,,,False,6,2009,GE
1823785,Usha Singh,RAD,23658,103,0.0851169324849186,15,6,388,UP,Usha Singh,RAD,,,,,False,6,2009,GE
1823918,Dr.Murli Manohar Joshi,BJP,22953,51692,41.7116528278744,1,6,389,UP,Dr.Murli Manohar Joshi,BJP,,,,,False,6,2009,GE
1823919,Mukhtar Ansari,BSP,22951,40950,33.0436466629548,2,6,389,UP,Mukhtar Ansari,BSP,,,,,False,6,2009,GE
1823920,Ajay Rai,SP,22952,15560,12.5557788052643,3,6,389,UP,Ajay Rai,SP,,,,,False,6,2009,GE
1823921,Rajesh Kumar Mishra,INC,22954,13705,11.0589298538655,4,6,389,UP,Rajesh Kumar Mishra,INC,,,,,False,6,2009,GE
1823922,Satya Prakash Srivastava,IND,22955,559,0.451072002065732,5,6,389,UP,Satya Prakash Srivastava,IND,,,,,False,6,2009,GE
1823923,Vijay Prakash Jaisawal,AD,23110,240,0.193662398024643,6,6,389,UP,Vijay Prakash Jaisawal,AD,,,,,False,6,2009,GE
1823924,Narendra Nath Dubey Adig,IND,22955,195,0.157350698395022,7,6,389,UP,Narendra Nath Dubey Adig,IND,,,,,False,6,2009,GE
1823925,Awadhesh Kumar Kushwaha,RSMD,23062,195,0.157350698395022,7,6,389,UP,Awadhesh Kumar Kushwaha,RSMD,,,,,False,6,2009,GE
1823926,Pushp Raj Sahu,IND,22955,191,0.154122991761278,9,6,389,UP,Pushp Raj Sahu,IND,,,,,False,6,2009,GE
1823927,Rajesh Bharti,IND,22955,169,0.136370605275686,10,6,389,UP,Rajesh Bharti,IND,,,,,False,6,2009,GE
1823928,Parvez Quadir Khan,IND,22955,136,0.109742025547298,11,6,389,UP,Parvez Quadir Khan,IND,,,,,False,6,2009,GE
1823929,Kishun Lal,IJP,22982,107,0.0863411524526535,12,6,389,UP,Kishun Lal,IJP,,,,,False,6,2009,GE
1823930,Er. Shyam Lal Vishwakarma,MADP,23222,86,0.0693956926254972,13,6,389,UP,Er. Shyam Lal Vishwakarma,MADP,,,,,False,6,2009,GE
1823931,Anand Kumar Ambastha,IND,22955,77,0.0621333526995731,14,6,389,UP,Anand Kumar Ambastha,IND,,,,,False,6,2009,GE
1823932,Usha Singh,RAD,23658,65,0.0524502327983409,15,6,389,UP,Usha Singh,RAD,,,,,False,6,2009,GE
1824053,Dr.Murli Manohar Joshi,BJP,22953,58249,42.9694819230003,1,6,390,UP,Dr.Murli Manohar Joshi,BJP,,,,,False,6,2009,GE
1824054,Mukhtar Ansari,BSP,22951,37891,27.9516668019091,2,6,390,UP,Mukhtar Ansari,BSP,,,,,False,6,2009,GE
1824055,Ajay Rai,SP,22952,17677,13.0400784898088,3,6,390,UP,Ajay Rai,SP,,,,,False,6,2009,GE
1824056,Rajesh Kumar Mishra,INC,22954,16489,12.1637073156337,4,6,390,UP,Rajesh Kumar Mishra,INC,,,,,False,6,2009,GE
1824057,Vijay Prakash Jaisawal,AD,23110,2432,1.79405277406885,5,6,390,UP,Vijay Prakash Jaisawal,AD,,,,,False,6,2009,GE
1824058,Satya Prakash Srivastava,IND,22955,775,0.571706784499738,6,6,390,UP,Satya Prakash Srivastava,IND,,,,,False,6,2009,GE
1824059,Narendra Nath Dubey Adig,IND,22955,317,0.233846517014731,7,6,390,UP,Narendra Nath Dubey Adig,IND,,,,,False,6,2009,GE
1824060,Rajesh Bharti,IND,22955,287,0.21171593180829,8,6,390,UP,Rajesh Bharti,IND,,,,,False,6,2009,GE
1824061,Awadhesh Kumar Kushwaha,RSMD,23062,281,0.207289814767001,9,6,390,UP,Awadhesh Kumar Kushwaha,RSMD,,,,,False,6,2009,GE
1824062,Kishun Lal,IJP,22982,257,0.189585346601848,10,6,390,UP,Kishun Lal,IJP,,,,,False,6,2009,GE
1824063,Pushp Raj Sahu,IND,22955,251,0.18515922956056,11,6,390,UP,Pushp Raj Sahu,IND,,,,,False,6,2009,GE
1824064,Parvez Quadir Khan,IND,22955,213,0.157127154965734,12,6,390,UP,Parvez Quadir Khan,IND,,,,,False,6,2009,GE
1824065,Er. Shyam Lal Vishwakarma,MADP,23222,179,0.1320458250651,13,6,390,UP,Er. Shyam Lal Vishwakarma,MADP,,,,,False,6,2009,GE
1824066,Anand Kumar Ambastha,IND,22955,165,0.121718218635428,14,6,390,UP,Anand Kumar Ambastha,IND,,,,,False,6,2009,GE
1824067,Usha Singh,RAD,23658,96,0.0708178726606127,15,6,390,UP,Usha Singh,RAD,,,,,False,6,2009,GE
1824205,Ajay Rai,SP,22952,40057,27.4992105227026,1,6,391,UP,Ajay Rai,SP,,,,,False,6,2009,GE
1824206,Mukhtar Ansari,BSP,22951,34795,23.8868370106957,2,6,391,UP,Mukhtar Ansari,BSP,,,,,False,6,2009,GE
1824207,Vijay Prakash Jaisawal,AD,23110,31988,21.9598259030933,3,6,391,UP,Vijay Prakash Jaisawal,AD,,,,,False,6,2009,GE
1824208,Dr.Murli Manohar Joshi,BJP,22953,22963,15.764145373663,4,6,391,UP,Dr.Murli Manohar Joshi,BJP,,,,,False,6,2009,GE
1824209,Rajesh Kumar Mishra,INC,22954,8940,6.13732785962407,5,6,391,UP,Rajesh Kumar Mishra,INC,,,,,False,6,2009,GE
1824210,Satya Prakash Srivastava,IND,22955,1754,1.2041245040023,6,6,391,UP,Satya Prakash Srivastava,IND,,,,,False,6,2009,GE
1824211,Narendra Nath Dubey Adig,IND,22955,1071,0.735243639558991,7,6,391,UP,Narendra Nath Dubey Adig,IND,,,,,False,6,2009,GE
1824212,Rajesh Bharti,IND,22955,733,0.503205964329356,8,6,391,UP,Rajesh Bharti,IND,,,,,False,6,2009,GE
1824213,Er. Shyam Lal Vishwakarma,MADP,23222,630,0.432496258564112,9,6,391,UP,Er. Shyam Lal Vishwakarma,MADP,,,,,False,6,2009,GE
1824214,Pushp Raj Sahu,IND,22955,608,0.417393214614254,10,6,391,UP,Pushp Raj Sahu,IND,,,,,False,6,2009,GE
1824215,Kishun Lal,IJP,22982,603,0.41396070462565,11,6,391,UP,Kishun Lal,IJP,,,,,False,6,2009,GE
1824216,Awadhesh Kumar Kushwaha,RSMD,23062,449,0.308239396976645,12,6,391,UP,Awadhesh Kumar Kushwaha,RSMD,,,,,False,6,2009,GE
1824217,Anand Kumar Ambastha,IND,22955,435,0.298628369008553,13,6,391,UP,Anand Kumar Ambastha,IND,,,,,False,6,2009,GE
1824218,Parvez Quadir Khan,IND,22955,372,0.255378743152142,14,6,391,UP,Parvez Quadir Khan,IND,,,,,False,6,2009,GE
1824219,Usha Singh,RAD,23658,268,0.183982535389177,15,6,391,UP,Usha Singh,RAD,,,,,False,6,2009,GE
1824337,Gorakhnath,BSP,22951,35604,27.0315003074867,1,6,392,UP,Gorakhnath,BSP,,,,,False,6,2009,GE
1824338,Chhotelal Bind,SP,22952,29643,22.5057511407378,2,6,392,UP,Chhotelal Bind,SP,,,,,False,6,2009,GE
1824339,Surymani Tiwari,INC,22954,26464,20.092170097105,3,6,392,UP,Surymani Tiwari,INC,,,,,False,6,2009,GE
1824340,Dr Mahendra Nath Pandey,BJP,22953,18861,14.3197710172875,4,6,392,UP,Dr Mahendra Nath Pandey,BJP,,,,,False,6,2009,GE
1824341,Ramratee Bind,AD,23110,12045,9.14488319300296,5,6,392,UP,Ramratee Bind,AD,,,,,False,6,2009,GE
1824342,Tej Bahadur Yadav Advocate,IND,22955,3128,2.37486049213061,6,6,392,UP,Tej Bahadur Yadav Advocate,IND,,,,,False,6,2009,GE
1824343,Dr. Akhilesh Kumar Dwivedi,NCP,22977,1923,1.45999255958029,7,6,392,UP,Dr. Akhilesh Kumar Dwivedi,NCP,,,,,False,6,2009,GE
1824344,Shahid,PMSP,23422,1258,0.95510693705253,8,6,392,UP,Shahid,PMSP,,,,,False,6,2009,GE
1824345,Jaj Lal,RKSP,23013,676,0.513237114028228,9,6,392,UP,Jaj Lal,RKSP,,,,,False,6,2009,GE
1824346,Jeetendra,IND,22955,595,0.451739767524845,10,6,392,UP,Jeetendra,IND,,,,,False,6,2009,GE
1824347,Nandlal,VP,23210,591,0.448702861524678,11,6,392,UP,Nandlal,VP,,,,,False,6,2009,GE
1824348,Gaurishankar,IND,22955,576,0.437314464024052,12,6,392,UP,Gaurishankar,IND,,,,,False,6,2009,GE
1824349,Thakur Santosh Kumar,RDMP,22983,349,0.264970048514573,13,6,392,UP,Thakur Santosh Kumar,RDMP,,,,,False,6,2009,GE
1824449,Gorakhnath,BSP,22951,43086,33.214360049645,1,6,393,UP,Gorakhnath,BSP,,,,,False,6,2009,GE
1824450,Chhotelal Bind,SP,22952,40075,30.8932246899114,2,6,393,UP,Chhotelal Bind,SP,,,,,False,6,2009,GE
1824451,Dr Mahendra Nath Pandey,BJP,22953,13191,10.1687467719181,3,6,393,UP,Dr Mahendra Nath Pandey,BJP,,,,,False,6,2009,GE
1824452,Ramratee Bind,AD,23110,12285,9.47032477393791,4,6,393,UP,Ramratee Bind,AD,,,,,False,6,2009,GE
1824453,Surymani Tiwari,INC,22954,11958,9.21824531109072,5,6,393,UP,Surymani Tiwari,INC,,,,,False,6,2009,GE
1824454,Tej Bahadur Yadav Advocate,IND,22955,2696,2.07830651937619,6,6,393,UP,Tej Bahadur Yadav Advocate,IND,,,,,False,6,2009,GE
1824455,Shahid,PMSP,23422,1768,1.36292504683127,7,6,393,UP,Shahid,PMSP,,,,,False,6,2009,GE
1824456,Dr. Akhilesh Kumar Dwivedi,NCP,22977,1695,1.30665042668496,8,6,393,UP,Dr. Akhilesh Kumar Dwivedi,NCP,,,,,False,6,2009,GE
1824457,Jeetendra,IND,22955,738,0.56891328312301,9,6,393,UP,Jeetendra,IND,,,,,False,6,2009,GE
1824458,Nandlal,VP,23210,695,0.535765219201208,10,6,393,UP,Nandlal,VP,,,,,False,6,2009,GE
1824459,Gaurishankar,IND,22955,674,0.519576629844049,11,6,393,UP,Gaurishankar,IND,,,,,False,6,2009,GE
1824460,Jaj Lal,RKSP,23013,519,0.400089422684068,12,6,393,UP,Jaj Lal,RKSP,,,,,False,6,2009,GE
1824461,Thakur Santosh Kumar,RDMP,22983,341,0.262871855751959,13,6,393,UP,Thakur Santosh Kumar,RDMP,,,,,False,6,2009,GE
1824541,Gorakhnath,BSP,22951,38634,28.8858815524834,1,6,394,UP,Gorakhnath,BSP,,,,,False,6,2009,GE
1824542,Surymani Tiwari,INC,22954,33169,24.7998085938376,2,6,394,UP,Surymani Tiwari,INC,,,,,False,6,2009,GE
1824543,Chhotelal Bind,SP,22952,28589,21.3754327199862,3,6,394,UP,Chhotelal Bind,SP,,,,,False,6,2009,GE
1824544,Ramratee Bind,AD,23110,14427,10.7867840026318,4,6,394,UP,Ramratee Bind,AD,,,,,False,6,2009,GE
1824545,Dr Mahendra Nath Pandey,BJP,22953,9964,7.44988672643124,5,6,394,UP,Dr Mahendra Nath Pandey,BJP,,,,,False,6,2009,GE
1824546,Tej Bahadur Yadav Advocate,IND,22955,2873,2.14808556453602,6,6,394,UP,Tej Bahadur Yadav Advocate,IND,,,,,False,6,2009,GE
1824547,Dr. Akhilesh Kumar Dwivedi,NCP,22977,1594,1.19180243295176,7,6,394,UP,Dr. Akhilesh Kumar Dwivedi,NCP,,,,,False,6,2009,GE
1824548,Shahid,PMSP,23422,1276,0.954040090618855,8,6,394,UP,Shahid,PMSP,,,,,False,6,2009,GE
1824549,Jaj Lal,RKSP,23013,904,0.675903010908655,9,6,394,UP,Jaj Lal,RKSP,,,,,False,6,2009,GE
1824550,Jeetendra,IND,22955,684,0.511413340112301,10,6,394,UP,Jeetendra,IND,,,,,False,6,2009,GE
1824551,Nandlal,VP,23210,649,0.485244528849245,11,6,394,UP,Nandlal,VP,,,,,False,6,2009,GE
1824552,Gaurishankar,IND,22955,614,0.459075717586188,12,6,394,UP,Gaurishankar,IND,,,,,False,6,2009,GE
1824553,Thakur Santosh Kumar,RDMP,22983,370,0.276641719066595,13,6,394,UP,Thakur Santosh Kumar,RDMP,,,,,False,6,2009,GE
1824628,Anil Kumar Maurya,BSP,22951,40660,29.2124982936624,1,6,395,UP,Anil Kumar Maurya,BSP,,,,,False,6,2009,GE
1824629,Bal Kumar Patel,SP,22952,35856,25.7610265326503,2,6,395,UP,Bal Kumar Patel,SP,,,,,False,6,2009,GE
1824630,Anurag Singh,BJP,22953,25308,18.1827325827843,3,6,395,UP,Anurag Singh,BJP,,,,,False,6,2009,GE
1824631,Ramesh Dubey,INC,22954,10590,7.60846918174829,4,6,395,UP,Ramesh Dubey,INC,,,,,False,6,2009,GE
1824632,Prem Chand,PMSP,23422,5470,3.92996472371701,5,6,395,UP,Prem Chand,PMSP,,,,,False,6,2009,GE
1824633,Jagdish,AD,23110,4492,3.22731289560088,6,6,395,UP,Jagdish,AD,,,,,False,6,2009,GE
1824634,Trilok Nath Verma,IJP,22982,3328,2.39102789772033,7,6,395,UP,Trilok Nath Verma,IJP,,,,,False,6,2009,GE
1824635,Anoop Kumar,IND,22955,2147,1.54252911550647,8,6,395,UP,Anoop Kumar,IND,,,,,False,6,2009,GE
1824636,Hans Kumar,IND,22955,1587,1.1401926904093,9,6,395,UP,Hans Kumar,IND,,,,,False,6,2009,GE
1824637,Mohd. Sagir,NLP,23040,1244,0.893761630037287,10,6,395,UP,Mohd. Sagir,NLP,,,,,False,6,2009,GE
1824638,Shyam Lal,EKSP,23387,1150,0.826226587253119,11,6,395,UP,Shyam Lal,EKSP,,,,,False,6,2009,GE
1824639,Shankar,CPI(ML)(L),23197,1002,0.719894817763153,12,6,395,UP,Shankar,CPI(ML)(L),,,,,False,6,2009,GE
1824640,Ajay Shanker,GMS,23522,568,0.408084088312845,13,6,395,UP,Ajay Shanker,GMS,,,,,False,6,2009,GE
1824641,Krishna Chand,IND,22955,567,0.407365630410886,14,6,395,UP,Krishna Chand,IND,,,,,False,6,2009,GE
1824642,Manik Chand,IND,22955,550,0.395151846077579,15,6,395,UP,Manik Chand,IND,,,,,False,6,2009,GE
1824643,Lalti Devi,VP,23210,541,0.388685724959945,16,6,395,UP,Lalti Devi,VP,,,,,False,6,2009,GE
1824644,Krishna Chand Shukla,IND,22955,534,0.383656519646231,17,6,395,UP,Krishna Chand Shukla,IND,,,,,False,6,2009,GE
1824645,Ram Gopal,IND,22955,473,0.339830587626718,18,6,395,UP,Ram Gopal,IND,,,,,False,6,2009,GE
1824646,Kailash,BSA,23537,417,0.299596945117,19,6,395,UP,Kailash,BSA,,,,,False,6,2009,GE
1824647,Lalji,RAD,23658,391,0.28091703966606,20,6,395,UP,Lalji,RAD,,,,,False,6,2009,GE
1824648,Dulari,IND,22955,367,0.263674050019039,21,6,395,UP,Dulari,IND,,,,,False,6,2009,GE
1824649,Radhe Shyam,BRPP,23273,366,0.262955592117079,22,6,395,UP,Radhe Shyam,BRPP,,,,,False,6,2009,GE
1824650,Kheladi,GGP,23388,352,0.25289718148965,23,6,395,UP,Kheladi,GGP,,,,,False,6,2009,GE
1824651,Ram Raj,IND,22955,351,0.252178723587691,24,6,395,UP,Ram Raj,IND,,,,,False,6,2009,GE
1824652,Chhabeele,IND,22955,325,0.233498818136751,25,6,395,UP,Chhabeele,IND,,,,,False,6,2009,GE
1824653,Munna Lal,IND,22955,324,0.232780360234792,26,6,395,UP,Munna Lal,IND,,,,,False,6,2009,GE
1824654,Dangar,IND,22955,227,0.163089943744746,27,6,395,UP,Dangar,IND,,,,,False,6,2009,GE
1824735,Anurag Singh,BJP,22953,40594,31.5744442543129,1,6,396,UP,Anurag Singh,BJP,,,,,False,6,2009,GE
1824736,Bal Kumar Patel,SP,22952,34141,26.5552323320317,2,6,396,UP,Bal Kumar Patel,SP,,,,,False,6,2009,GE
1824737,Anil Kumar Maurya,BSP,22951,28137,21.8852573775337,3,6,396,UP,Anil Kumar Maurya,BSP,,,,,False,6,2009,GE
1824738,Ramesh Dubey,INC,22954,11595,9.01871412348521,4,6,396,UP,Ramesh Dubey,INC,,,,,False,6,2009,GE
1824739,Prem Chand,PMSP,23422,3194,2.48432711603378,5,6,396,UP,Prem Chand,PMSP,,,,,False,6,2009,GE
1824740,Mohd. Sagir,NLP,23040,1552,1.20716208017671,6,6,396,UP,Mohd. Sagir,NLP,,,,,False,6,2009,GE
1824741,Trilok Nath Verma,IJP,22982,1536,1.19471711027798,7,6,396,UP,Trilok Nath Verma,IJP,,,,,False,6,2009,GE
1824742,Shyam Lal,EKSP,23387,1136,0.883592862809763,8,6,396,UP,Shyam Lal,EKSP,,,,,False,6,2009,GE
1824743,Jagdish,AD,23110,1117,0.868814461055022,9,6,396,UP,Jagdish,AD,,,,,False,6,2009,GE
1824744,Anoop Kumar,IND,22955,1108,0.861814165486987,10,6,396,UP,Anoop Kumar,IND,,,,,False,6,2009,GE
1824745,Hans Kumar,IND,22955,876,0.681362101955415,11,6,396,UP,Hans Kumar,IND,,,,,False,6,2009,GE
1824746,Shankar,CPI(ML)(L),23197,361,0.280789633340074,12,6,396,UP,Shankar,CPI(ML)(L),,,,,False,6,2009,GE
1824747,Krishna Chand Shukla,IND,22955,347,0.269900284678686,13,6,396,UP,Krishna Chand Shukla,IND,,,,,False,6,2009,GE
1824748,Ajay Shanker,GMS,23522,307,0.238787859931863,14,6,396,UP,Ajay Shanker,GMS,,,,,False,6,2009,GE
1824749,Krishna Chand,IND,22955,294,0.228676321889146,15,6,396,UP,Krishna Chand,IND,,,,,False,6,2009,GE
1824750,Ram Gopal,IND,22955,277,0.215453541371746,16,6,396,UP,Ram Gopal,IND,,,,,False,6,2009,GE
1824751,Lalti Devi,VP,23210,234,0.182007684768912,17,6,396,UP,Lalti Devi,VP,,,,,False,6,2009,GE
1824752,Dangar,IND,22955,205,0.159451176827466,18,6,396,UP,Dangar,IND,,,,,False,6,2009,GE
1824753,Manik Chand,IND,22955,204,0.158673366208795,19,6,396,UP,Manik Chand,IND,,,,,False,6,2009,GE
1824754,Dulari,IND,22955,199,0.154784313115442,20,6,396,UP,Dulari,IND,,,,,False,6,2009,GE
1824755,Radhe Shyam,BRPP,23273,194,0.150895260022089,21,6,396,UP,Radhe Shyam,BRPP,,,,,False,6,2009,GE
1824756,Chhabeele,IND,22955,192,0.149339638784748,22,6,396,UP,Chhabeele,IND,,,,,False,6,2009,GE
1824757,Ram Raj,IND,22955,190,0.147784017547407,23,6,396,UP,Ram Raj,IND,,,,,False,6,2009,GE
1824758,Lalji,RAD,23658,166,0.129116562699313,24,6,396,UP,Lalji,RAD,,,,,False,6,2009,GE
1824759,Kheladi,GGP,23388,149,0.115893782181914,25,6,396,UP,Kheladi,GGP,,,,,False,6,2009,GE
1824760,Kailash,BSA,23537,144,0.112004729088561,26,6,396,UP,Kailash,BSA,,,,,False,6,2009,GE
1824761,Munna Lal,IND,22955,117,0.0910038423844562,27,6,396,UP,Munna Lal,IND,,,,,False,6,2009,GE
1824862,Anil Kumar Maurya,BSP,22951,49984,32.7639324060357,1,6,397,UP,Anil Kumar Maurya,BSP,,,,,False,6,2009,GE
1824863,Bal Kumar Patel,SP,22952,38682,25.3556024593924,2,6,397,UP,Bal Kumar Patel,SP,,,,,False,6,2009,GE
1824864,Anurag Singh,BJP,22953,22460,14.7222695630514,3,6,397,UP,Anurag Singh,BJP,,,,,False,6,2009,GE
1824865,Ramesh Dubey,INC,22954,11801,7.73541866044389,4,6,397,UP,Ramesh Dubey,INC,,,,,False,6,2009,GE
1824866,Prem Chand,PMSP,23422,11455,7.50861967251799,5,6,397,UP,Prem Chand,PMSP,,,,,False,6,2009,GE
1824867,Jagdish,AD,23110,4650,3.04802108050708,6,6,397,UP,Jagdish,AD,,,,,False,6,2009,GE
1824868,Trilok Nath Verma,IJP,22982,2549,1.67083994284141,7,6,397,UP,Trilok Nath Verma,IJP,,,,,False,6,2009,GE
1824869,Anoop Kumar,IND,22955,1980,1.29786704073204,8,6,397,UP,Anoop Kumar,IND,,,,,False,6,2009,GE
1824870,Hans Kumar,IND,22955,1443,0.945869767563811,9,6,397,UP,Hans Kumar,IND,,,,,False,6,2009,GE
1824871,Shyam Lal,EKSP,23387,917,0.601082866844085,10,6,397,UP,Shyam Lal,EKSP,,,,,False,6,2009,GE
1824872,Mohd. Sagir,NLP,23040,768,0.503415094586976,11,6,397,UP,Mohd. Sagir,NLP,,,,,False,6,2009,GE
1824873,Shankar,CPI(ML)(L),23197,594,0.389360112219614,12,6,397,UP,Shankar,CPI(ML)(L),,,,,False,6,2009,GE
1824874,Krishna Chand Shukla,IND,22955,576,0.377561320940232,13,6,397,UP,Krishna Chand Shukla,IND,,,,,False,6,2009,GE
1824875,Lalti Devi,VP,23210,486,0.318567364543321,14,6,397,UP,Lalti Devi,VP,,,,,False,6,2009,GE
1824876,Ajay Shanker,GMS,23522,456,0.298902712411017,15,6,397,UP,Ajay Shanker,GMS,,,,,False,6,2009,GE
1824877,Krishna Chand,IND,22955,449,0.294314293580146,16,6,397,UP,Krishna Chand,IND,,,,,False,6,2009,GE
1824878,Radhe Shyam,BRPP,23273,448,0.293658805175736,17,6,397,UP,Radhe Shyam,BRPP,,,,,False,6,2009,GE
1824879,Lalji,RAD,23658,355,0.232698383565594,18,6,397,UP,Lalji,RAD,,,,,False,6,2009,GE
1824880,Dulari,IND,22955,339,0.222210569095032,19,6,397,UP,Dulari,IND,,,,,False,6,2009,GE
1824881,Ram Gopal,IND,22955,331,0.216966661859751,20,6,397,UP,Ram Gopal,IND,,,,,False,6,2009,GE
1824882,Kheladi,GGP,23388,284,0.186158706852475,21,6,397,UP,Kheladi,GGP,,,,,False,6,2009,GE
1824883,Kailash,BSA,23537,281,0.184192241639245,22,6,397,UP,Kailash,BSA,,,,,False,6,2009,GE
1824885,Chhabeele,IND,22955,275,0.180259311212784,23,6,397,UP,Chhabeele,IND,,,,,False,6,2009,GE
1824884,Ram Raj,IND,22955,275,0.180259311212784,23,6,397,UP,Ram Raj,IND,,,,,False,6,2009,GE
1824886,Manik Chand,IND,22955,269,0.176326380786323,25,6,397,UP,Manik Chand,IND,,,,,False,6,2009,GE
1824887,Munna Lal,IND,22955,249,0.163216612698121,26,6,397,UP,Munna Lal,IND,,,,,False,6,2009,GE
1824888,Dangar,IND,22955,202,0.132408657690845,27,6,397,UP,Dangar,IND,,,,,False,6,2009,GE
1824982,Bal Kumar Patel,SP,22952,49556,33.2483495249852,1,6,398,UP,Bal Kumar Patel,SP,,,,,False,6,2009,GE
1824983,Anil Kumar Maurya,BSP,22951,35488,23.8097793999248,2,6,398,UP,Anil Kumar Maurya,BSP,,,,,False,6,2009,GE
1824984,Anurag Singh,BJP,22953,32000,21.4695936879394,3,6,398,UP,Anurag Singh,BJP,,,,,False,6,2009,GE
1824985,Ramesh Dubey,INC,22954,11727,7.86793516182706,4,6,398,UP,Ramesh Dubey,INC,,,,,False,6,2009,GE
1824986,Jagdish,AD,23110,5879,3.94436691535612,5,6,398,UP,Jagdish,AD,,,,,False,6,2009,GE
1824987,Shyam Lal,EKSP,23387,1994,1.33782405667972,6,6,398,UP,Shyam Lal,EKSP,,,,,False,6,2009,GE
1824988,Trilok Nath Verma,IJP,22982,1771,1.18820782566689,7,6,398,UP,Trilok Nath Verma,IJP,,,,,False,6,2009,GE
1824989,Prem Chand,PMSP,23422,1642,1.10165852611239,8,6,398,UP,Prem Chand,PMSP,,,,,False,6,2009,GE
1824990,Anoop Kumar,IND,22955,1599,1.07280875959422,9,6,398,UP,Anoop Kumar,IND,,,,,False,6,2009,GE
1824991,Shankar,CPI(ML)(L),23197,1255,0.842010627448875,10,6,398,UP,Shankar,CPI(ML)(L),,,,,False,6,2009,GE
1824992,Hans Kumar,IND,22955,966,0.648113359454672,11,6,398,UP,Hans Kumar,IND,,,,,False,6,2009,GE
1824993,Mohd. Sagir,NLP,23040,735,0.493129730019859,12,6,398,UP,Mohd. Sagir,NLP,,,,,False,6,2009,GE
1824994,Krishna Chand,IND,22955,582,0.390478235199398,13,6,398,UP,Krishna Chand,IND,,,,,False,6,2009,GE
1824995,Krishna Chand Shukla,IND,22955,409,0.274408244323976,14,6,398,UP,Krishna Chand Shukla,IND,,,,,False,6,2009,GE
1824996,Ajay Shanker,GMS,23522,395,0.265015297085502,15,6,398,UP,Ajay Shanker,GMS,,,,,False,6,2009,GE
1824997,Ram Raj,IND,22955,394,0.264344372282754,16,6,398,UP,Ram Raj,IND,,,,,False,6,2009,GE
1824998,Lalti Devi,VP,23210,340,0.228114432934356,17,6,398,UP,Lalti Devi,VP,,,,,False,6,2009,GE
1824999,Ram Gopal,IND,22955,324,0.217379636090386,18,6,398,UP,Ram Gopal,IND,,,,,False,6,2009,GE
1825000,Manik Chand,IND,22955,299,0.200606516021684,19,6,398,UP,Manik Chand,IND,,,,,False,6,2009,GE
1825001,Kheladi,GGP,23388,248,0.16638935108153,20,6,398,UP,Kheladi,GGP,,,,,False,6,2009,GE
1825002,Radhe Shyam,BRPP,23273,236,0.158338253448553,21,6,398,UP,Radhe Shyam,BRPP,,,,,False,6,2009,GE
1825003,Munna Lal,IND,22955,224,0.150287155815576,22,6,398,UP,Munna Lal,IND,,,,,False,6,2009,GE
1825004,Lalji,RAD,23658,221,0.148274381407331,23,6,398,UP,Lalji,RAD,,,,,False,6,2009,GE
1825005,Dulari,IND,22955,207,0.138881434168858,24,6,398,UP,Dulari,IND,,,,,False,6,2009,GE
1825006,Chhabeele,IND,22955,206,0.13821050936611,25,6,398,UP,Chhabeele,IND,,,,,False,6,2009,GE
1825007,Kailash,BSA,23537,189,0.126804787719392,26,6,398,UP,Kailash,BSA,,,,,False,6,2009,GE
1825008,Dangar,IND,22955,162,0.108689818045193,27,6,398,UP,Dangar,IND,,,,,False,6,2009,GE
1825094,Bal Kumar Patel,SP,22952,60661,37.104706213376,1,6,399,UP,Bal Kumar Patel,SP,,,,,False,6,2009,GE
1825095,Anil Kumar Maurya,BSP,22951,44947,27.4928740075602,2,6,399,UP,Anil Kumar Maurya,BSP,,,,,False,6,2009,GE
1825096,Anurag Singh,BJP,22953,19320,11.8175256596895,3,6,399,UP,Anurag Singh,BJP,,,,,False,6,2009,GE
1825097,Ramesh Dubey,INC,22954,10468,6.40299475184419,4,6,399,UP,Ramesh Dubey,INC,,,,,False,6,2009,GE
1825098,Prem Chand,PMSP,23422,5234,3.20149737592209,5,6,399,UP,Prem Chand,PMSP,,,,,False,6,2009,GE
1825099,Trilok Nath Verma,IJP,22982,3651,2.23321874655933,6,6,399,UP,Trilok Nath Verma,IJP,,,,,False,6,2009,GE
1825100,Jagdish,AD,23110,2948,1.80321250749299,7,6,399,UP,Jagdish,AD,,,,,False,6,2009,GE
1825101,Shankar,CPI(ML)(L),23197,2683,1.64111911723327,8,6,399,UP,Shankar,CPI(ML)(L),,,,,False,6,2009,GE
1825102,Anoop Kumar,IND,22955,2293,1.40256658062464,9,6,399,UP,Anoop Kumar,IND,,,,,False,6,2009,GE
1825103,Shyam Lal,EKSP,23387,1747,1.06859302937254,10,6,399,UP,Shyam Lal,EKSP,,,,,False,6,2009,GE
1825104,Hans Kumar,IND,22955,1613,0.9866288244865,11,6,399,UP,Hans Kumar,IND,,,,,False,6,2009,GE
1825105,Mohd. Sagir,NLP,23040,1072,0.655713639088362,12,6,399,UP,Mohd. Sagir,NLP,,,,,False,6,2009,GE
1825106,Krishna Chand Shukla,IND,22955,792,0.484445151266775,13,6,399,UP,Krishna Chand Shukla,IND,,,,,False,6,2009,GE
1825107,Ajay Shanker,GMS,23522,715,0.437346317115838,14,6,399,UP,Ajay Shanker,GMS,,,,,False,6,2009,GE
1825108,Lalti Devi,VP,23210,597,0.365168882962455,15,6,399,UP,Lalti Devi,VP,,,,,False,6,2009,GE
1825109,Ram Raj,IND,22955,587,0.359052151254541,16,6,399,UP,Ram Raj,IND,,,,,False,6,2009,GE
1825110,Kheladi,GGP,23388,572,0.34987705369267,17,6,399,UP,Kheladi,GGP,,,,,False,6,2009,GE
1825111,Krishna Chand,IND,22955,510,0.311953317103605,18,6,399,UP,Krishna Chand,IND,,,,,False,6,2009,GE
1825112,Lalji,RAD,23658,427,0.26118444392792,19,6,399,UP,Lalji,RAD,,,,,False,6,2009,GE
1825113,Radhe Shyam,BRPP,23273,406,0.248339307341301,20,6,399,UP,Radhe Shyam,BRPP,,,,,False,6,2009,GE
1825114,Ram Gopal,IND,22955,371,0.226930746363603,21,6,399,UP,Ram Gopal,IND,,,,,False,6,2009,GE
1825115,Dulari,IND,22955,350,0.214085609776983,22,6,399,UP,Dulari,IND,,,,,False,6,2009,GE
1825116,Chhabeele,IND,22955,348,0.212862263435401,23,6,399,UP,Chhabeele,IND,,,,,False,6,2009,GE
1825117,Manik Chand,IND,22955,332,0.203075492702739,24,6,399,UP,Manik Chand,IND,,,,,False,6,2009,GE
1825118,Kailash,BSA,23537,285,0.174326853675544,25,6,399,UP,Kailash,BSA,,,,,False,6,2009,GE
1825119,Dangar,IND,22955,282,0.172491834163169,26,6,399,UP,Dangar,IND,,,,,False,6,2009,GE
1825120,Munna Lal,IND,22955,275,0.16821012196763,27,6,399,UP,Munna Lal,IND,,,,,False,6,2009,GE
1825219,Pakauri Lal Kol,SP,22952,57272,42.2216652168143,1,6,400,UP,Pakauri Lal Kol,SP,,,,,False,6,2009,GE
1825220,Ram Chandra Tyagi,BSP,22951,39370,29.0240773778806,2,6,400,UP,Ram Chandra Tyagi,BSP,,,,,False,6,2009,GE
1825221,Ram Shakal,BJP,22953,20616,15.1983840290167,3,6,400,UP,Ram Shakal,BJP,,,,,False,6,2009,GE
1825222,Ram Adhar Joseph,INC,22954,6208,4.57661855122893,4,6,400,UP,Ram Adhar Joseph,INC,,,,,False,6,2009,GE
1825223,Rambriksha,IND,22955,3617,2.6664995650443,5,6,400,UP,Rambriksha,IND,,,,,False,6,2009,GE
1825224,Ramesh Kumar,AD,23110,2846,2.09810831133981,6,6,400,UP,Ramesh Kumar,AD,,,,,False,6,2009,GE
1825225,Chandra Shekhar,JPS,23265,2334,1.72065523494979,7,6,400,UP,Chandra Shekhar,JPS,,,,,False,6,2009,GE
1825226,Munni Devi,RSMD,23062,1590,1.17216873332055,8,6,400,UP,Munni Devi,RSMD,,,,,False,6,2009,GE
1825227,Gulab,PDFO,23287,926,0.682659274877254,9,6,400,UP,Gulab,PDFO,,,,,False,6,2009,GE
1825228,Shrawan Kumar,RWS,23146,867,0.639163705527623,10,6,400,UP,Shrawan Kumar,RWS,,,,,False,6,2009,GE
1825314,Pakauri Lal Kol,SP,22952,34674,31.074904554498,1,6,401,UP,Pakauri Lal Kol,SP,,,,,False,6,2009,GE
1825315,Ram Chandra Tyagi,BSP,22951,32759,29.3586779229624,2,6,401,UP,Ram Chandra Tyagi,BSP,,,,,False,6,2009,GE
1825316,Ram Shakal,BJP,22953,20042,17.9616784069115,3,6,401,UP,Ram Shakal,BJP,,,,,False,6,2009,GE
1825317,Ram Adhar Joseph,INC,22954,12102,10.8458353497876,4,6,401,UP,Ram Adhar Joseph,INC,,,,,False,6,2009,GE
1825318,Rambriksha,IND,22955,3498,3.13491423347851,5,6,401,UP,Rambriksha,IND,,,,,False,6,2009,GE
1825319,Ramesh Kumar,AD,23110,2421,2.16970479109533,6,6,401,UP,Ramesh Kumar,AD,,,,,False,6,2009,GE
1825320,Gulab,PDFO,23287,2285,2.04782133318994,7,6,401,UP,Gulab,PDFO,,,,,False,6,2009,GE
1825321,Munni Devi,RSMD,23062,1481,1.32727500851391,8,6,401,UP,Munni Devi,RSMD,,,,,False,6,2009,GE
1825322,Chandra Shekhar,JPS,23265,1216,1.08978150597766,9,6,401,UP,Chandra Shekhar,JPS,,,,,False,6,2009,GE
1825323,Shrawan Kumar,RWS,23146,1104,0.989406893584986,10,6,401,UP,Shrawan Kumar,RWS,,,,,False,6,2009,GE
1825423,Pakauri Lal Kol,SP,22952,22326,28.358398536734,1,6,402,UP,Pakauri Lal Kol,SP,,,,,False,6,2009,GE
1825424,Ram Shakal,BJP,22953,19229,24.4246011584188,2,6,402,UP,Ram Shakal,BJP,,,,,False,6,2009,GE
1825425,Ram Chandra Tyagi,BSP,22951,17303,21.9782034346103,3,6,402,UP,Ram Chandra Tyagi,BSP,,,,,False,6,2009,GE
1825426,Ram Adhar Joseph,INC,22954,13677,17.3724723097246,4,6,402,UP,Ram Adhar Joseph,INC,,,,,False,6,2009,GE
1825427,Rambriksha,IND,22955,2245,2.85159028554008,5,6,402,UP,Rambriksha,IND,,,,,False,6,2009,GE
1825428,Gulab,PDFO,23287,1317,1.67284828777563,6,6,402,UP,Gulab,PDFO,,,,,False,6,2009,GE
1825429,Munni Devi,RSMD,23062,845,1.07331571994715,7,6,402,UP,Munni Devi,RSMD,,,,,False,6,2009,GE
1825430,Ramesh Kumar,AD,23110,823,1.04537140534498,8,6,402,UP,Ramesh Kumar,AD,,,,,False,6,2009,GE
1825431,Shrawan Kumar,RWS,23146,610,0.774819632151204,9,6,402,UP,Shrawan Kumar,RWS,,,,,False,6,2009,GE
1825432,Chandra Shekhar,JPS,23265,353,0.448379229753073,10,6,402,UP,Chandra Shekhar,JPS,,,,,False,6,2009,GE
1825525,Pakauri Lal Kol,SP,22952,49296,44.7376779896359,1,6,403,UP,Pakauri Lal Kol,SP,,,,,False,6,2009,GE
1825526,Ram Chandra Tyagi,BSP,22951,22542,20.4575774351341,2,6,403,UP,Ram Chandra Tyagi,BSP,,,,,False,6,2009,GE
1825527,Ram Shakal,BJP,22953,18940,17.1886485946873,3,6,403,UP,Ram Shakal,BJP,,,,,False,6,2009,GE
1825528,Ram Adhar Joseph,INC,22954,9257,8.40102006552378,4,6,403,UP,Ram Adhar Joseph,INC,,,,,False,6,2009,GE
1825529,Rambriksha,IND,22955,4435,4.02490266723538,5,6,403,UP,Rambriksha,IND,,,,,False,6,2009,GE
1825530,Gulab,PDFO,23287,2335,2.11908629718029,6,6,403,UP,Gulab,PDFO,,,,,False,6,2009,GE
1825531,Ramesh Kumar,AD,23110,1074,0.974688943542458,7,6,403,UP,Ramesh Kumar,AD,,,,,False,6,2009,GE
1825532,Shrawan Kumar,RWS,23146,1040,0.943832868979662,8,6,403,UP,Shrawan Kumar,RWS,,,,,False,6,2009,GE
1825533,Munni Devi,RSMD,23062,698,0.633457060142119,9,6,403,UP,Munni Devi,RSMD,,,,,False,6,2009,GE
1825534,Chandra Shekhar,JPS,23265,572,0.519108077938814,10,6,403,UP,Chandra Shekhar,JPS,,,,,False,6,2009,GE
