el_res_id,ca_full_name,party_abb,party_id,el_vote_count,el_vote_perc,el_rank,el_id,ac_no,state_abb,original_ca_full_name,original_party_abb,caste,caste_category,gender,age,incumbency,el_id,el_year,el_type
1730919,Dinesh Singh,BJP,22300,48910,39.0128341136963,1,29,1,PB,Dinesh Singh,BJP,,,,,True,29,2017,AE
1730920,Amit Singh,INC,22301,30209,24.0960684060652,2,29,1,PB,Amit Singh,INC,,,,,False,29,2017,AE
1730921,Naresh Puri,IND,22306,28675,22.8724804377477,3,29,1,PB,Naresh Puri,IND,,,,,True,29,2017,AE
1730922,Natha Singh,RMPOI,22314,10581,8.4398854581276,4,29,1,PB,Natha Singh,RMPOI,,,,,False,29,2017,AE
1730923,Kulbhushan Singh,AAAP,22302,2831,2.25813398846604,5,29,1,PB,Kulbhushan Singh,AAAP,,,,,False,29,2017,AE
1730924,Karnail Chand,BSP,22303,1083,0.86384991505077,6,29,1,PB,Karnail Chand,BSP,,,,,True,29,2017,AE
1730925,None Of The Above,NOTA,22305,1008,0.804026513731464,7,29,1,PB,None Of The Above,NOTA,,,,,False,29,2017,AE
1730926,Romesh Singh Jasrotia,APPA,22319,908,0.724261978639057,8,29,1,PB,Romesh Singh Jasrotia,APPA,,,,,False,29,2017,AE
1730927,Saurab Dubey,SHS,22312,701,0.559149390997774,9,29,1,PB,Saurab Dubey,SHS,,,,,False,29,2017,AE
1730928,Guru Dutt Sharma,IND,22306,463,0.369309797477845,10,29,1,PB,Guru Dutt Sharma,IND,,,,,False,29,2017,AE
1731016,Joginder Pal,INC,22301,67865,51.7693815746313,1,29,2,PB,Joginder Pal,INC,,,,,False,29,2017,AE
1731017,Seema Kumari,BJP,22300,40369,30.7946388386693,2,29,2,PB,Seema Kumari,BJP,,,,,True,29,2017,AE
1731018,Lal Chand Kataruchak,RMPOI,22314,13353,10.1860539625145,3,29,2,PB,Lal Chand Kataruchak,RMPOI,,,,,False,29,2017,AE
1731019,Amarjeet Singh,AAAP,22302,3767,2.87357637061278,4,29,2,PB,Amarjeet Singh,AAAP,,,,,False,29,2017,AE
1731020,Mahasha Vinod Kumar,IND,22306,750,0.57212165594892,5,29,2,PB,Mahasha Vinod Kumar,IND,,,,,False,29,2017,AE
1731021,Chain Singh,BSP,22303,695,0.530166067846,6,29,2,PB,Chain Singh,BSP,,,,,False,29,2017,AE
1731022,Balbir Ram Fatehpuria,IND,22306,657,0.501178570611254,7,29,2,PB,Balbir Ram Fatehpuria,IND,,,,,False,29,2017,AE
1731023,Master Sampuran Singh Saidipur,AITC,22329,643,0.490498966366874,8,29,2,PB,Master Sampuran Singh Saidipur,AITC,,,,,False,29,2017,AE
1731024,Balbir Singh,HINUP,22330,465,0.354715426688331,9,29,2,PB,Balbir Singh,HINUP,,,,,False,29,2017,AE
1731025,Lubhaya Ram,IND,22306,458,0.349375624566141,10,29,2,PB,Lubhaya Ram,IND,,,,,False,29,2017,AE
1731026,None Of The Above,NOTA,22305,454,0.346324309067746,11,29,2,PB,None Of The Above,NOTA,,,,,False,29,2017,AE
1731027,Anika Ray,APPA,22319,367,0.279958196977671,12,29,2,PB,Anika Ray,APPA,,,,,False,29,2017,AE
1731028,Dharminder Kumar,IND,22306,358,0.273092737106284,13,29,2,PB,Dharminder Kumar,IND,,,,,False,29,2017,AE
1731029,Surinder Kumar Kalotra,IND,22306,302,0.230374320128765,14,29,2,PB,Surinder Kumar Kalotra,IND,,,,,False,29,2017,AE
1731030,Dalip Singh Surajvanshi Advocate,IND,22306,221,0.168585181286282,15,29,2,PB,Dalip Singh Surajvanshi Advocate,IND,,,,,False,29,2017,AE
1731031,Bobby Sandhu,SHS,22312,219,0.167059523537084,16,29,2,PB,Bobby Sandhu,SHS,,,,,False,29,2017,AE
1731032,Geeta,IND,22306,148,0.112898673440587,17,29,2,PB,Geeta,IND,,,,,False,29,2017,AE
1731123,Amit,INC,22301,56383,50.8628544107962,1,29,3,PB,Amit,INC,,,,,False,29,2017,AE
1731124,Ashwani Kumar Sharma,BJP,22300,45213,40.7864469161863,2,29,3,PB,Ashwani Kumar Sharma,BJP,,,,,True,29,2017,AE
1731125,Raj Kumar,AAAP,22302,6036,5.445048848475,3,29,3,PB,Raj Kumar,AAAP,,,,,False,29,2017,AE
1731126,None Of The Above,NOTA,22305,907,0.818200680180058,4,29,3,PB,None Of The Above,NOTA,,,,,False,29,2017,AE
1731127,Ashok Sharma,IND,22306,703,0.634173184307145,5,29,3,PB,Ashok Sharma,IND,,,,,True,29,2017,AE
1731128,Ankur Khajuria,BSP,22303,470,0.423984916962102,6,29,3,PB,Ankur Khajuria,BSP,,,,,False,29,2017,AE
1731129,Sat Pal,SHS,22312,352,0.317537639937574,7,29,3,PB,Sat Pal,SHS,,,,,False,29,2017,AE
1731130,Raman Pal,IND,22306,277,0.249880472337239,8,29,3,PB,Raman Pal,IND,,,,,False,29,2017,AE
1731131,Sunita Devi,APPA,22319,185,0.166887680080827,9,29,3,PB,Sunita Devi,APPA,,,,,False,29,2017,AE
1731132,Ravi Kumar,HINUP,22330,176,0.158768819968787,10,29,3,PB,Ravi Kumar,HINUP,,,,,False,29,2017,AE
1731133,Kiran Bala,HSS,22333,151,0.136216430768675,11,29,3,PB,Kiran Bala,HSS,,,,,False,29,2017,AE
1731220,Barindermeet Singh Pahra,INC,22301,67709,57.678677911236,1,29,4,PB,Barindermeet Singh Pahra,INC,,,,,False,29,2017,AE
1731221,Gurbachan Singh Babbehali,SAD,22320,38753,33.0121816168327,2,29,4,PB,Gurbachan Singh Babbehali,SAD,,,,,True,29,2017,AE
1731222,Amarjit Singh Chahal,AAAP,22302,6949,5.91958429167731,3,29,4,PB,Amarjit Singh Chahal,AAAP,,,,,False,29,2017,AE
1731223,Sucha Singh Chhotepur,APPA,22319,1740,1.48223869154101,4,29,4,PB,Sucha Singh Chhotepur,APPA,,,,,False,29,2017,AE
1731224,Sandeep Kumar,HSS,22333,618,0.526450293892154,5,29,4,PB,Sandeep Kumar,HSS,,,,,False,29,2017,AE
1731225,None Of The Above,NOTA,22305,593,0.505153760967714,6,29,4,PB,None Of The Above,NOTA,,,,,False,29,2017,AE
1731226,Major Som Nath,BSP,22303,564,0.480449782775364,7,29,4,PB,Major Som Nath,BSP,,,,,False,29,2017,AE
1731227,Pankaj,HINUP,22330,270,0.23000255558395,8,29,4,PB,Pankaj,HINUP,,,,,False,29,2017,AE
1731228,Swaranjit Singh,IND,22306,194,0.165261095493653,9,29,4,PB,Swaranjit Singh,IND,,,,,False,29,2017,AE
1731318,Aruna Chaudhary,INC,22301,72176,55.2966864585328,1,29,5,PB,Aruna Chaudhary,INC,,,,,True,29,2017,AE
1731319,Bishan Dass,BJP,22300,40259,30.843899636085,2,29,5,PB,Bishan Dass,BJP,,,,,True,29,2017,AE
1731320,Joginder Singh,AAAP,22302,10258,7.8590308370044,3,29,5,PB,Joginder Singh,AAAP,,,,,False,29,2017,AE
1731321,Subash Chander,CPI,22304,2937,2.25014365064163,4,29,5,PB,Subash Chander,CPI,,,,,True,29,2017,AE
1731322,Raj Kumar,IND,22306,1436,1.10017238076996,5,29,5,PB,Raj Kumar,IND,,,,,True,29,2017,AE
1731323,None Of The Above,NOTA,22305,1231,0.943114345910745,6,29,5,PB,None Of The Above,NOTA,,,,,False,29,2017,AE
1731324,Sarwan Singh,APPA,22319,735,0.563110515226968,7,29,5,PB,Sarwan Singh,APPA,,,,,False,29,2017,AE
1731325,Raj Kumar,BSP,22303,584,0.447423865159931,8,29,5,PB,Raj Kumar,BSP,,,,,False,29,2017,AE
1731326,Kashmir Chand,IND,22306,514,0.393794292281172,9,29,5,PB,Kashmir Chand,IND,,,,,False,29,2017,AE
1731327,Rajinder Kumar,HINUP,22330,395,0.302624018387282,10,29,5,PB,Rajinder Kumar,HINUP,,,,,False,29,2017,AE
1731409,Fatehjang Singh Bajwa,INC,22301,62596,47.4827238316303,1,29,6,PB,Fatehjang Singh Bajwa,INC,,,,,False,29,2017,AE
1731410,Sewa Singh Sekhwan,SAD,22320,50859,38.5795234735907,2,29,6,PB,Sewa Singh Sekhwan,SAD,,,,,True,29,2017,AE
1731411,Kanwal Preet Singh,AAAP,22302,14657,11.1181909898429,3,29,6,PB,Kanwal Preet Singh,AAAP,,,,,False,29,2017,AE
1731412,None Of The Above,NOTA,22305,953,0.722906189078275,4,29,6,PB,None Of The Above,NOTA,,,,,False,29,2017,AE
1731413,Mohinder Singh,BSP,22303,518,0.392933269614424,5,29,6,PB,Mohinder Singh,BSP,,,,,False,29,2017,AE
1731414,Gurbachan Singh,SAD(A),22321,436,0.33,6,29,6,PB,Gurbachan Singh,SAD(A),,,,,False,29,2017,AE
1731415,Kulwant Singh,IND,22306,406,0.307974724832927,7,29,6,PB,Kulwant Singh,IND,,,,,False,29,2017,AE
1731416,Abhijit Dugal,IND,22306,303,0.229843205971372,8,29,6,PB,Abhijit Dugal,IND,,,,,False,29,2017,AE
1731417,Vijay Kumar,CPI(ML)(L),22308,293,0.222257621615881,9,29,6,PB,Vijay Kumar,CPI(ML)(L),,,,,False,29,2017,AE
1731418,Charanjit Kaur,IND,22306,276,0.209362128211546,10,29,6,PB,Charanjit Kaur,IND,,,,,False,29,2017,AE
1731419,Rohit Gupta,HSS,22333,232,0.175985557047387,11,29,6,PB,Rohit Gupta,HSS,,,,,False,29,2017,AE
1731420,Kulwant Singh,APPA,22319,215,0.163090063643052,12,29,6,PB,Kulwant Singh,APPA,,,,,False,29,2017,AE
1731421,Raman Kumar,HINUP,22330,85,0.064477467021672,13,29,6,PB,Raman Kumar,HINUP,,,,,False,29,2017,AE
1731513,Lakhbir Singh Lodhi Nangal,SAD,22320,42517,34.4507106162996,1,29,7,PB,Lakhbir Singh Lodhi Nangal,SAD,,,,,True,29,2017,AE
1731514,Ashwani Sekhri,INC,22301,42032,34.0577244072795,2,29,7,PB,Ashwani Sekhri,INC,,,,,True,29,2017,AE
1731515,Gurpreet Singh Ghuggi,AAAP,22302,34302,27.794253488259,3,29,7,PB,Gurpreet Singh Ghuggi,AAAP,,,,,False,29,2017,AE
1731516,None Of The Above,NOTA,22305,713,0.577730241301635,4,29,7,PB,None Of The Above,NOTA,,,,,False,29,2017,AE
1731517,Inder Sekhri,APPA,22319,691,0.559904062748148,5,29,7,PB,Inder Sekhri,APPA,,,,,False,29,2017,AE
1731518,Gurpreet Singh Ghulli,IND,22306,622,0.503994684557667,6,29,7,PB,Gurpreet Singh Ghulli,IND,,,,,False,29,2017,AE
1731519,Bakhshis Singh,BSP,22303,546,0.442413340463804,7,29,7,PB,Bakhshis Singh,BSP,,,,,False,29,2017,AE
1731520,Sanjeev Kumar Malhan,IND,22306,444,0.359764694443093,8,29,7,PB,Sanjeev Kumar Malhan,IND,,,,,False,29,2017,AE
1731521,Anil Mahajan,IND,22306,357,0.289270261072487,9,29,7,PB,Anil Mahajan,IND,,,,,False,29,2017,AE
1731522,Avtar Singh,CPM,22328,356,0.288459980229147,10,29,7,PB,Avtar Singh,CPM,,,,,False,29,2017,AE
1731523,Lakhbir Singh,IND,22306,243,0.196898244931693,11,29,7,PB,Lakhbir Singh,IND,,,,,False,29,2017,AE
1731524,Ashwani Kumar,IND,22306,226,0.183123470594908,12,29,7,PB,Ashwani Kumar,IND,,,,,False,29,2017,AE
1731525,Santosh Kumar,IND,22306,197,0.159625326138039,13,29,7,PB,Santosh Kumar,IND,,,,,False,29,2017,AE
1731526,Ashwani Kumar Shakri,IND,22306,168,0.13612718168117,14,29,7,PB,Ashwani Kumar Shakri,IND,,,,,False,29,2017,AE
1731615,Balwinder Singh,INC,22301,57489,46.1670039510455,1,29,8,PB,Balwinder Singh,INC,,,,,False,29,2017,AE
1731616,Manjit Singh,SAD,22320,39424,31.6597603674793,2,29,8,PB,Manjit Singh,SAD,,,,,False,29,2017,AE
1731617,Amarpal Singh,AAAP,22302,24294,19.5094921460923,3,29,8,PB,Amarpal Singh,AAAP,,,,,False,29,2017,AE
1731618,Om Parkash,APPA,22319,889,0.713918602036555,4,29,8,PB,Om Parkash,APPA,,,,,False,29,2017,AE
1731619,None Of The Above,NOTA,22305,827,0.664129003244354,5,29,8,PB,None Of The Above,NOTA,,,,,False,29,2017,AE
1731620,Gurmeet Singh,BSP,22303,653,0.524396903408178,6,29,8,PB,Gurmeet Singh,BSP,,,,,False,29,2017,AE
1731621,Sarabjit Singh,IND,22306,560,0.449712505219877,7,29,8,PB,Sarabjit Singh,IND,,,,,False,29,2017,AE
1731622,Sikander Singh,IND,22306,388,0.311586521473772,8,29,8,PB,Sikander Singh,IND,,,,,False,29,2017,AE
1731699,Tripat Rajinder Singh Bajwa,INC,22301,54348,43.8131323310089,1,29,9,PB,Tripat Rajinder Singh Bajwa,INC,,,,,True,29,2017,AE
1731700,Nirmal Singh Kahlon,SAD,22320,52349,42.2016203797009,2,29,9,PB,Nirmal Singh Kahlon,SAD,,,,,True,29,2017,AE
1731701,Gurvinder Singh Shampura,AAAP,22302,14665,11.8223225442379,3,29,9,PB,Gurvinder Singh Shampura,AAAP,,,,,False,29,2017,AE
1731702,Gulzar Singh,CPI(ML)(L),22308,857,0.69087831029062,4,29,9,PB,Gulzar Singh,CPI(ML)(L),,,,,False,29,2017,AE
1731703,Amarjit Singh,BSP,22303,605,0.48772622838486,5,29,9,PB,Amarjit Singh,BSP,,,,,False,29,2017,AE
1731704,Peter Masih,APPA,22319,526,0.424039663025514,6,29,9,PB,Peter Masih,APPA,,,,,False,29,2017,AE
1731705,None Of The Above,NOTA,22305,489,0.394211777983796,7,29,9,PB,None Of The Above,NOTA,,,,,False,29,2017,AE
1731706,Manpreet Singh,IND,22306,206,0.166068765367406,8,29,9,PB,Manpreet Singh,IND,,,,,False,29,2017,AE
1731791,Sukhjinder Singh,INC,22301,60385,42.8274560980453,1,29,10,PB,Sukhjinder Singh,INC,,,,,True,29,2017,AE
1731792,Sucha Singh,SAD,22320,59191,41.980623563789,2,29,10,PB,Sucha Singh,SAD,,,,,True,29,2017,AE
1731793,Gurpartap Singh Khushalpur,AAAP,22302,17222,12.2145309086782,3,29,10,PB,Gurpartap Singh Khushalpur,AAAP,,,,,False,29,2017,AE
1731794,Deepinder Singh,APPA,22319,1249,0.885840733070441,4,29,10,PB,Deepinder Singh,APPA,,,,,False,29,2017,AE
1731795,None Of The Above,NOTA,22305,961,0.681579619279979,5,29,10,PB,None Of The Above,NOTA,,,,,False,29,2017,AE
1731796,Sukhwinder Singh,IND,22306,627,0.444693466481318,6,29,10,PB,Sukhwinder Singh,IND,,,,,False,29,2017,AE
1731797,Dominic Mattu,IND,22306,514,0.364549348917699,7,29,10,PB,Dominic Mattu,IND,,,,,True,29,2017,AE
1731798,Dorthi,IND,22306,301,0.21348123351017,8,29,10,PB,Dorthi,IND,,,,,False,29,2017,AE
1731799,Jasbir Singh,BSP,22303,267,0.18936707424324,9,29,10,PB,Jasbir Singh,BSP,,,,,False,29,2017,AE
1731800,Baljit Singh,AITC,22329,167,0.11844307639933,10,29,10,PB,Baljit Singh,AITC,,,,,False,29,2017,AE
1731801,Surjit Singh,HINUP,22330,112,0.0794348775851797,11,29,10,PB,Surjit Singh,HINUP,,,,,False,29,2017,AE
1731919,Harpartap Singh Ajnala,INC,22301,61378,50.52227810383,1,29,11,PB,Harpartap Singh Ajnala,INC,,,,,True,29,2017,AE
1731920,Bonny Amarpal Singh Ajnala,SAD,22320,42665,35.1189839242058,2,29,11,PB,Bonny Amarpal Singh Ajnala,SAD,,,,,True,29,2017,AE
1731921,Rajpreet Singh,AAAP,22302,12749,10.4941269436235,3,29,11,PB,Rajpreet Singh,AAAP,,,,,False,29,2017,AE
1731922,Balwinder Singh,BSP,22303,860,0.707894671857894,4,29,11,PB,Balwinder Singh,BSP,,,,,False,29,2017,AE
1731923,None Of The Above,NOTA,22305,641,0.527628470535942,5,29,11,PB,None Of The Above,NOTA,,,,,False,29,2017,AE
1731924,Rattan Singh,IND,22306,502,0.413212936363561,6,29,11,PB,Rattan Singh,IND,,,,,False,29,2017,AE
1731925,Gurnam Singh,RMPOI,22314,411,0.338307802480923,7,29,11,PB,Gurnam Singh,RMPOI,,,,,False,29,2017,AE
1731926,Dhanwant Singh,IND,22306,404,0.332545869105336,8,29,11,PB,Dhanwant Singh,IND,,,,,True,29,2017,AE
1731927,Amrik Singh,SAD(A),22321,380,0.31,9,29,11,PB,Amrik Singh,SAD(A),,,,,True,29,2017,AE
1731928,Nirmal Singh,IND,22306,308,0.25352506852585,10,29,11,PB,Nirmal Singh,IND,,,,,False,29,2017,AE
1731929,Pawan Sareen,SHS,22312,264,0.217307201593586,11,29,11,PB,Pawan Sareen,SHS,,,,,False,29,2017,AE
1731930,Rabart Masih,APPA,22319,262,0.215660934914846,12,29,11,PB,Rabart Masih,APPA,,,,,False,29,2017,AE
1731931,Satnam Singh,BSP(A),22315,218,0.179443067982582,13,29,11,PB,Satnam Singh,BSP(A),,,,,False,29,2017,AE
1731932,Kulwinder Singh,IND,22306,168,0.1382864010141,14,29,11,PB,Kulwinder Singh,IND,,,,,False,29,2017,AE
1731933,Sukhdev Singh Baba,IND,22306,145,0.119354334208598,15,29,11,PB,Sukhdev Singh Baba,IND,,,,,False,29,2017,AE
1731934,Harpreet Singh,BMUP,22316,132,0.108653600796793,16,29,11,PB,Harpreet Singh,BMUP,,,,,False,29,2017,AE
1732053,Sukhbinder Singh Sarkaria,INC,22301,59628,45.169989697594,1,29,12,PB,Sukhbinder Singh Sarkaria,INC,,,,,True,29,2017,AE
1732054,Vir Singh Lopoke,SAD,22320,53901,40.8316162656808,2,29,12,PB,Vir Singh Lopoke,SAD,,,,,True,29,2017,AE
1732055,Jagjot Singh Dhillon,AAAP,22302,13213,10.0092418641294,3,29,12,PB,Jagjot Singh Dhillon,AAAP,,,,,False,29,2017,AE
1732056,Virsa Singh,RMPOI,22314,1040,0.787831040542997,4,29,12,PB,Virsa Singh,RMPOI,,,,,False,29,2017,AE
1732057,None Of The Above,NOTA,22305,917,0.694654869401854,5,29,12,PB,None Of The Above,NOTA,,,,,False,29,2017,AE
1732058,Sardool Singh,DPIN,22353,824,0.62420459366099,6,29,12,PB,Sardool Singh,DPIN,,,,,False,29,2017,AE
1732059,Lakhbir Singh,BSP,22303,819,0.62041694442761,7,29,12,PB,Lakhbir Singh,BSP,,,,,False,29,2017,AE
1732060,Sharanjit Singh,IND,22306,478,0.362099266711108,8,29,12,PB,Sharanjit Singh,IND,,,,,False,29,2017,AE
1732061,Yadwinder Singh,IND,22306,424,0.321192654990606,9,29,12,PB,Yadwinder Singh,IND,,,,,False,29,2017,AE
1732062,Balwinder Singh,IND,22306,416,0.315132416217198,10,29,12,PB,Balwinder Singh,IND,,,,,False,29,2017,AE
1732063,Kulwant Singh,APPA,22319,348,0.263620386643233,11,29,12,PB,Kulwant Singh,APPA,,,,,False,29,2017,AE
1732186,Bikram Singh Majithia (E),SAD,22320,65803,53.6694179825133,1,29,13,PB,Bikram Singh Majithia (E),SAD,,,,,True,29,2017,AE
1732187,Sukhjinder Raj Singh (Lali),INC,22301,42919,35.0050567662795,2,29,13,PB,Sukhjinder Raj Singh (Lali),INC,,,,,False,29,2017,AE
1732188,Himmat Singh Shergill,AAAP,22302,10252,8.3616077254339,3,29,13,PB,Himmat Singh Shergill,AAAP,,,,,False,29,2017,AE
1732189,None Of The Above,NOTA,22305,924,0.753621297142111,4,29,13,PB,None Of The Above,NOTA,,,,,False,29,2017,AE
1732190,Surjit Singh,BSP,22303,700,0.57092522510766,5,29,13,PB,Surjit Singh,BSP,,,,,False,29,2017,AE
1732191,Kulwant Singh,SAD(A),22321,657,0.54,6,29,13,PB,Kulwant Singh,SAD(A),,,,,False,29,2017,AE
1732192,Himmat Singh,IND,22306,457,0.372732611248858,7,29,13,PB,Himmat Singh,IND,,,,,False,29,2017,AE
1732193,Waryam Singh,IND,22306,257,0.209611118360955,8,29,13,PB,Waryam Singh,IND,,,,,True,29,2017,AE
1732194,Gagandeep Kumar,IND,22306,224,0.182696072034451,9,29,13,PB,Gagandeep Kumar,IND,,,,,False,29,2017,AE
1732195,Sukhjinder Singh,IND,22306,221,0.180249249641132,10,29,13,PB,Sukhjinder Singh,IND,,,,,True,29,2017,AE
1732196,Sukhjinder Singh Tanel,IND,22306,194,0.158227848101265,11,29,13,PB,Sukhjinder Singh Tanel,IND,,,,,False,29,2017,AE
1732298,Sukhwinder Singh Danny Bandala,INC,22301,53042,42.2137507859069,1,29,14,PB,Sukhwinder Singh Danny Bandala,INC,,,,,False,29,2017,AE
1732299,Dalbir Singh,SAD,22320,34620,27.5525065459089,2,29,14,PB,Dalbir Singh,SAD,,,,,False,29,2017,AE
1732300,Harbhajan Singh E. T. O.,AAAP,22302,33912,26.9890410740861,3,29,14,PB,Harbhajan Singh E. T. O.,AAAP,,,,,False,29,2017,AE
1732301,None Of The Above,NOTA,22305,843,0.67090592195844,4,29,14,PB,None Of The Above,NOTA,,,,,False,29,2017,AE
1732302,Satpal Singh Pakhoke,BSP,22303,814,0.647826121558921,5,29,14,PB,Satpal Singh Pakhoke,BSP,,,,,False,29,2017,AE
1732303,Hardeep Singh,BSP(A),22315,679,0.540385671423227,6,29,14,PB,Hardeep Singh,BSP(A),,,,,False,29,2017,AE
1732304,Vikramjit Singh,DPIN,22353,669,0.532427119561324,7,29,14,PB,Vikramjit Singh,DPIN,,,,,False,29,2017,AE
1732305,Harbhajan Singh Jandiala,IND,22306,581,0.462391863176576,8,29,14,PB,Harbhajan Singh Jandiala,IND,,,,,False,29,2017,AE
1732306,Dalip Singh,APPA,22319,491,0.390764896419447,9,29,14,PB,Dalip Singh,APPA,,,,,False,29,2017,AE
1732429,Sunil Dutta,INC,22301,59212,50.1439653128281,1,29,15,PB,Sunil Dutta,INC,,,,,False,29,2017,AE
1732430,Anil Joshi,BJP,22300,44976,38.088140645642,2,29,15,PB,Anil Joshi,BJP,,,,,True,29,2017,AE
1732431,Manish Aggarwal,AAAP,22302,10966,9.28660953219741,3,29,15,PB,Manish Aggarwal,AAAP,,,,,False,29,2017,AE
1732432,None Of The Above,NOTA,22305,972,0.823142847464516,4,29,15,PB,None Of The Above,NOTA,,,,,False,29,2017,AE
1732433,Manjit Singh,BSP,22303,603,0.510653433149283,5,29,15,PB,Manjit Singh,BSP,,,,,True,29,2017,AE
1732434,Roop Lal,IND,22306,205,0.173605230175129,6,29,15,PB,Roop Lal,IND,,,,,False,29,2017,AE
1732435,Sushil Kumar,ABSD,22365,203,0.171911520612445,7,29,15,PB,Sushil Kumar,ABSD,,,,,False,29,2017,AE
1732436,Parbodh Chander Bali,IND,22306,184,0.155821279766945,8,29,15,PB,Parbodh Chander Bali,IND,,,,,False,29,2017,AE
1732437,Bal Krishan Sharma,IND,22306,162,0.137190474577419,9,29,15,PB,Bal Krishan Sharma,IND,,,,,False,29,2017,AE
1732438,Rahul Khosla,HSS,22333,155,0.131262491108024,10,29,15,PB,Rahul Khosla,HSS,,,,,False,29,2017,AE
1732439,Gaurav Mehra,SLDP,22357,151,0.127875071982656,11,29,15,PB,Gaurav Mehra,SLDP,,,,,False,29,2017,AE
1732440,Manish Shridhar,APPA,22319,133,0.112631685918498,12,29,15,PB,Manish Shridhar,APPA,,,,,False,29,2017,AE
1732441,Sarabjit Singh,IND,22306,103,0.0872260424782358,13,29,15,PB,Sarabjit Singh,IND,,,,,False,29,2017,AE
1732442,Jeewan,IND,22306,59,0.0499644320991836,14,29,15,PB,Jeewan,IND,,,,,False,29,2017,AE
1732565,Raj Kumar Verka,INC,22301,52271,48.601580660158,1,29,16,PB,Raj Kumar Verka,INC,,,,,False,29,2017,AE
1732566,Rakesh Gill,BJP,22300,25424,23.6392375639237,2,29,16,PB,Rakesh Gill,BJP,,,,,True,29,2017,AE
1732567,Balwinder Singh Sahota,AAAP,22302,24731,22.9948860994886,3,29,16,PB,Balwinder Singh Sahota,AAAP,,,,,False,29,2017,AE
1732568,Gurnam Kaur,CPI,22304,1725,1.60390516039051,4,29,16,PB,Gurnam Kaur,CPI,,,,,False,29,2017,AE
1732569,Jaswant Singh,BSP,22303,847,0.787540678754067,5,29,16,PB,Jaswant Singh,BSP,,,,,False,29,2017,AE
1732570,None Of The Above,NOTA,22305,810,0.753138075313807,6,29,16,PB,None Of The Above,NOTA,,,,,False,29,2017,AE
1732571,Satnam Singh,ABSD,22365,409,0.380288238028823,7,29,16,PB,Satnam Singh,ABSD,,,,,False,29,2017,AE
1732572,Balwinder Singh,DEMSWP,22366,407,0.378428637842863,8,29,16,PB,Balwinder Singh,DEMSWP,,,,,False,29,2017,AE
1732573,Lakhbir Singh,SLDP,22357,292,0.271501627150162,9,29,16,PB,Lakhbir Singh,SLDP,,,,,False,29,2017,AE
1732574,Kulwant Singh,APPA,22319,255,0.237099023709902,10,29,16,PB,Kulwant Singh,APPA,,,,,False,29,2017,AE
1732575,Ankush,IND,22306,202,0.187819618781961,11,29,16,PB,Ankush,IND,,,,,False,29,2017,AE
1732576,Sham Lal (Gandhiwadi),DCP,22348,177,0.164574616457461,12,29,16,PB,Sham Lal (Gandhiwadi),DCP,,,,,False,29,2017,AE
1732697,Om Parkash Soni (E),INC,22301,51242,56.4911584424747,1,29,17,PB,Om Parkash Soni (E),INC,,,,,True,29,2017,AE
1732698,Tarun Chugh,BJP,22300,30126,33.2120650879745,2,29,17,PB,Tarun Chugh,BJP,,,,,True,29,2017,AE
1732699,Ajay Gupta,AAAP,22302,7171,7.90558715879525,3,29,17,PB,Ajay Gupta,AAAP,,,,,False,29,2017,AE
1732700,None Of The Above,NOTA,22305,919,1.01314106804251,4,29,17,PB,None Of The Above,NOTA,,,,,False,29,2017,AE
1732701,Rajesh Kumar,BSP,22303,500,0.551219297085152,5,29,17,PB,Rajesh Kumar,BSP,,,,,False,29,2017,AE
1732702,Avtar Singh,IND,22306,182,0.200643824138995,6,29,17,PB,Avtar Singh,IND,,,,,False,29,2017,AE
1732703,Sikander,IND,22306,164,0.180799929443929,7,29,17,PB,Sikander,IND,,,,,False,29,2017,AE
1732704,Ashok Kumar,DEMSWP,22366,162,0.178595052255589,8,29,17,PB,Ashok Kumar,DEMSWP,,,,,False,29,2017,AE
1732705,Keshav Kohli,APPA,22319,134,0.14772677161882,9,29,17,PB,Keshav Kohli,APPA,,,,,False,29,2017,AE
1732706,Om Parkash,IND,22306,108,0.119063368170392,10,29,17,PB,Om Parkash,IND,,,,,True,29,2017,AE
1732822,Navjot Singh Sidhu,INC,22301,60477,60.6808877829507,1,29,18,PB,Navjot Singh Sidhu,INC,,,,,False,29,2017,AE
1732823,Rajesh Kumar Honey,BJP,22300,17668,17.7275646171135,2,29,18,PB,Rajesh Kumar Honey,BJP,,,,,False,29,2017,AE
1732824,Sarabjot Singh Dhanjal,AAAP,22302,14715,14.7646090865307,3,29,18,PB,Sarabjot Singh Dhanjal,AAAP,,,,,False,29,2017,AE
1732825,Mandeep Singh Manna,IND,22306,1863,1.86928078343233,4,29,18,PB,Mandeep Singh Manna,IND,,,,,False,29,2017,AE
1732826,Baldev Singh,CPI,22304,1586,1.59134692567025,5,29,18,PB,Baldev Singh,CPI,,,,,True,29,2017,AE
1732827,Tarsem Singh,BSP,22303,1237,1.24117033231658,6,29,18,PB,Tarsem Singh,BSP,,,,,True,29,2017,AE
1732828,None Of The Above,NOTA,22305,537,0.538810402953925,7,29,18,PB,None Of The Above,NOTA,,,,,False,29,2017,AE
1732829,Sukhwinder Singh,IND,22306,311,0.312048482902552,8,29,18,PB,Sukhwinder Singh,IND,,,,,False,29,2017,AE
1732830,Narinder Singh,APPA,22319,288,0.28897094236635,9,29,18,PB,Narinder Singh,APPA,,,,,False,29,2017,AE
1732831,Sandeep Singh,RPI(A),22352,165,0.165556269064055,10,29,18,PB,Sandeep Singh,RPI(A),,,,,False,29,2017,AE
1732832,Amita,DPIN,22353,150,0.150505699149141,11,29,18,PB,Amita,DPIN,,,,,False,29,2017,AE
1732833,Gurjit Kaur,IND,22306,145,0.145488842510836,12,29,18,PB,Gurjit Kaur,IND,,,,,False,29,2017,AE
1732834,Parminder Kaur,IND,22306,141,0.141475357200192,13,29,18,PB,Parminder Kaur,IND,,,,,False,29,2017,AE
1732835,Sant Baldev Singh Rathor,ABSD,22365,138,0.138465243217209,14,29,18,PB,Sant Baldev Singh Rathor,ABSD,,,,,False,29,2017,AE
1732836,Tarsem Lal,BMUP,22316,130,0.130438272595922,15,29,18,PB,Tarsem Lal,BMUP,,,,,False,29,2017,AE
1732837,Amarjit Singh,IND,22306,113,0.113380960025686,16,29,18,PB,Amarjit Singh,IND,,,,,False,29,2017,AE
1732959,Inderbir Singh Bolaria (E),INC,22301,47581,50.9645355126873,1,29,19,PB,Inderbir Singh Bolaria (E),INC,,,,,False,29,2017,AE
1732960,Inderbir Singh Nijjar,AAAP,22302,24923,26.6953010357643,2,29,19,PB,Inderbir Singh Nijjar,AAAP,,,,,False,29,2017,AE
1732961,Gurpartap Singh Tikka,SAD,22320,16596,17.7761592099484,3,29,19,PB,Gurpartap Singh Tikka,SAD,,,,,False,29,2017,AE
1732962,Maninder Pal Singh Palasour,IND,22306,1343,1.43850215828879,4,29,19,PB,Maninder Pal Singh Palasour,IND,,,,,False,29,2017,AE
1732963,Lakhwinder Singh,CPI,22304,726,0.777626632105483,5,29,19,PB,Lakhwinder Singh,CPI,,,,,False,29,2017,AE
1732964,None Of The Above,NOTA,22305,723,0.774413298914964,6,29,19,PB,None Of The Above,NOTA,,,,,False,29,2017,AE
1732965,Sushil Kumar,BSP,22303,446,0.477715534323754,7,29,19,PB,Sushil Kumar,BSP,,,,,False,29,2017,AE
1732966,Dr. Suba Singh,DEMSWP,22366,249,0.266706654813037,8,29,19,PB,Dr. Suba Singh,DEMSWP,,,,,False,29,2017,AE
1732967,Sarabjit Singh,IND,22306,219,0.234573322907852,9,29,19,PB,Sarabjit Singh,IND,,,,,False,29,2017,AE
1732968,Kuldip Singh,APPA,22319,219,0.234573322907852,9,29,19,PB,Kuldip Singh,APPA,,,,,False,29,2017,AE
1732969,Deepak,IND,22306,141,0.15102665995437,11,29,19,PB,Deepak,IND,,,,,False,29,2017,AE
1732970,Dalvir Kaur,IND,22306,110,0.117822216985679,12,29,19,PB,Dalvir Kaur,IND,,,,,False,29,2017,AE
1732971,Amarjit Singh,IND,22306,85,0.0910444403980248,13,29,19,PB,Amarjit Singh,IND,,,,,False,29,2017,AE
1733092,Tarsem Singh D.C,INC,22301,55335,42.5267833812385,1,29,20,PB,Tarsem Singh D.C,INC,,,,,True,29,2017,AE
1733093,Gulzar Singh Ranike (E),SAD,22320,45133,34.6862079035951,2,29,20,PB,Gulzar Singh Ranike (E),SAD,,,,,True,29,2017,AE
1733094,Jaswinder Singh Jahangir,AAAP,22302,22558,17.3365714197881,3,29,20,PB,Jaswinder Singh Jahangir,AAAP,,,,,False,29,2017,AE
1733095,Gurdeep Singh,CPI,22304,2581,1.98358413132694,4,29,20,PB,Gurdeep Singh,CPI,,,,,False,29,2017,AE
1733096,Sukhwantjit Kaur,BSP,22303,1088,0.836164097204076,5,29,20,PB,Sukhwantjit Kaur,BSP,,,,,False,29,2017,AE
1733097,None Of The Above,NOTA,22305,900,0.691679859819548,6,29,20,PB,None Of The Above,NOTA,,,,,False,29,2017,AE
1733098,Sarbjit Kumar,BSP(A),22315,492,0.378118323368019,7,29,20,PB,Sarbjit Kumar,BSP(A),,,,,False,29,2017,AE
1733099,Manjit Singh,SLDP,22357,449,0.345071396732196,8,29,20,PB,Manjit Singh,SLDP,,,,,False,29,2017,AE
1733100,Jagtar Singh Gill,DEMSWP,22366,431,0.331237799535805,9,29,20,PB,Jagtar Singh Gill,DEMSWP,,,,,False,29,2017,AE
1733101,Mangat Singh,IND,22306,426,0.327395133647919,10,29,20,PB,Mangat Singh,IND,,,,,False,29,2017,AE
1733102,Mohinder Singh,DPIN,22353,385,0.295885273367251,11,29,20,PB,Mohinder Singh,DPIN,,,,,False,29,2017,AE
1733103,Hardev Singh,APPA,22319,340,0.261301280376273,12,29,20,PB,Hardev Singh,APPA,,,,,False,29,2017,AE
1733209,Dr.Dharambir Agnihotri,INC,22301,59794,45.1026981361212,1,29,21,PB,Dr.Dharambir Agnihotri,INC,,,,,True,29,2017,AE
1733210,Harmeet Singh Sandhu,SAD,22320,45165,34.0680229005906,2,29,21,PB,Harmeet Singh Sandhu,SAD,,,,,True,29,2017,AE
1733211,Kartar Singh Pehalwan,AAAP,22302,22950,17.3112172161752,3,29,21,PB,Kartar Singh Pehalwan,AAAP,,,,,False,29,2017,AE
1733212,Sukhdev Singh,CPM,22328,1115,0.841046065186727,4,29,21,PB,Sukhdev Singh,CPM,,,,,False,29,2017,AE
1733213,Gurjinder Singh,SAD(A),22321,992,0.75,5,29,21,PB,Gurjinder Singh,SAD(A),,,,,False,29,2017,AE
1733214,None Of The Above,NOTA,22305,838,0.632104576346616,6,29,21,PB,None Of The Above,NOTA,,,,,False,29,2017,AE
1733215,Gurwinder Singh,APPA,22319,732,0.552148627548595,7,29,21,PB,Gurwinder Singh,APPA,,,,,False,29,2017,AE
1733216,Anantjit Singh,BSP,22303,554,0.417882977680221,8,29,21,PB,Anantjit Singh,BSP,,,,,False,29,2017,AE
1733217,Balbir Singh Tirath Padhri,BSP(A),22315,433,0.326612507825877,9,29,21,PB,Balbir Singh Tirath Padhri,BSP(A),,,,,False,29,2017,AE
1733323,Sukhpal Singh Bhullar,INC,22301,81897,53.006394656449,1,29,22,PB,Sukhpal Singh Bhullar,INC,,,,,False,29,2017,AE
1733324,Virsa Singh,SAD,22320,62295,40.3193444829907,2,29,22,PB,Virsa Singh,SAD,,,,,True,29,2017,AE
1733325,Bikramajit Singh,AAAP,22302,6568,4.25102262724589,3,29,22,PB,Bikramajit Singh,AAAP,,,,,False,29,2017,AE
1733326,Daljit Singh,RMPOI,22314,1665,1.07764200279604,4,29,22,PB,Daljit Singh,RMPOI,,,,,False,29,2017,AE
1733327,None Of The Above,NOTA,22305,1484,0.960492932221819,5,29,22,PB,None Of The Above,NOTA,,,,,False,29,2017,AE
1733328,Harjinder Singh,IND,22306,595,0.385103298296484,6,29,22,PB,Harjinder Singh,IND,,,,,False,29,2017,AE
1733432,Harminder Singh Gill,INC,22301,64617,45.0565848284325,1,29,23,PB,Harminder Singh Gill,INC,,,,,True,29,2017,AE
1733433,Adeshpartap Singh Kairon,SAD,22320,56254,39.2251748446793,2,29,23,PB,Adeshpartap Singh Kairon,SAD,,,,,True,29,2017,AE
1733434,Ranjit Singh Cheema,AAAP,22302,18489,12.8921366961154,3,29,23,PB,Ranjit Singh Cheema,AAAP,,,,,False,29,2017,AE
1733435,Avtar Singh,BSP,22303,762,0.531332584912106,4,29,23,PB,Avtar Singh,BSP,,,,,False,29,2017,AE
1733436,None Of The Above,NOTA,22305,758,0.528543437484746,5,29,23,PB,None Of The Above,NOTA,,,,,False,29,2017,AE
1733437,Kartar Singh,IND,22306,577,0.4023345163967,6,29,23,PB,Kartar Singh,IND,,,,,False,29,2017,AE
1733438,Harjinder Singh,IND,22306,547,0.381415910691499,7,29,23,PB,Harjinder Singh,IND,,,,,False,29,2017,AE
1733439,Sukhwant Singh,IND,22306,477,0.332605830712696,8,29,23,PB,Sukhwant Singh,IND,,,,,True,29,2017,AE
1733440,Bhupinder Singh,SAD(A),22321,470,0.33,9,29,23,PB,Bhupinder Singh,SAD(A),,,,,False,29,2017,AE
1733441,Jatinder Singh Pannu,BSP(A),22315,462,0.322146527860096,10,29,23,PB,Jatinder Singh Pannu,BSP(A),,,,,False,29,2017,AE
1733543,Ramanjeet Singh Sahota Sikki,INC,22301,64666,44.1822330932892,1,29,24,PB,Ramanjeet Singh Sahota Sikki,INC,,,,,False,29,2017,AE
1733544,Ravinder Singh Brahampura,SAD,22320,47611,32.5296183435591,2,29,24,PB,Ravinder Singh Brahampura,SAD,,,,,False,29,2017,AE
1733545,Bhupinder Singh,AAAP,22302,28644,19.5706535849469,3,29,24,PB,Bhupinder Singh,AAAP,,,,,False,29,2017,AE
1733546,Baldev Singh Dhunda,CPI,22304,1756,1.19976496631639,4,29,24,PB,Baldev Singh Dhunda,CPI,,,,,False,29,2017,AE
1733547,Karam Singh Bhoian,SAD(A),22321,1257,0.86,5,29,24,PB,Karam Singh Bhoian,SAD(A),,,,,False,29,2017,AE
1733548,None Of The Above,NOTA,22305,820,0.560254710922233,6,29,24,PB,None Of The Above,NOTA,,,,,False,29,2017,AE
1733549,Dyal Singh,BSP,22303,770,0.526092838305024,7,29,24,PB,Dyal Singh,BSP,,,,,False,29,2017,AE
1733550,Daljit Singh,APPA,22319,457,0.312239515721293,8,29,24,PB,Daljit Singh,APPA,,,,,False,29,2017,AE
1733551,Bagga Singh,IND,22306,381,0.260313469343135,9,29,24,PB,Bagga Singh,IND,,,,,False,29,2017,AE
1733653,Santokh Singh,INC,22301,45965,35.1877086076492,1,29,25,PB,Santokh Singh,INC,,,,,False,29,2017,AE
1733654,Dalbir Singh Tong,AAAP,22302,39378,30.1451449918853,2,29,25,PB,Dalbir Singh Tong,AAAP,,,,,False,29,2017,AE
1733655,Malkiat Singh,SAD,22320,38265,29.2931071439507,3,29,25,PB,Malkiat Singh,SAD,,,,,False,29,2017,AE
1733656,Amrik Singh,RMPOI,22314,2925,2.23918302354778,4,29,25,PB,Amrik Singh,RMPOI,,,,,False,29,2017,AE
1733657,Baljit Singh Bhatti,APPA,22319,1174,0.898735340049606,5,29,25,PB,Baljit Singh Bhatti,APPA,,,,,False,29,2017,AE
1733658,Kamaljit Singh,DEMSWP,22366,1071,0.819885476314419,6,29,25,PB,Kamaljit Singh,DEMSWP,,,,,False,29,2017,AE
1733659,Swinder Singh,BSP,22303,974,0.745628808524971,7,29,25,PB,Swinder Singh,BSP,,,,,False,29,2017,AE
1733660,None Of The Above,NOTA,22305,876,0.6706066080779,8,29,25,PB,None Of The Above,NOTA,,,,,False,29,2017,AE
1733747,Sukhpal Singh Khaira,AAAP,22302,48873,49.9009597712885,1,29,26,PB,Sukhpal Singh Khaira,AAAP,,,,,False,29,2017,AE
1733748,Yuvraj Bhupinder Singh,SAD,22320,40671,41.5264447620992,2,29,26,PB,Yuvraj Bhupinder Singh,SAD,,,,,False,29,2017,AE
1733749,Ranjit Singh Rana,INC,22301,5923,6.04758015111292,3,29,26,PB,Ranjit Singh Rana,INC,,,,,False,29,2017,AE
1733750,Rajinder Singh Fauji,SAD(A),22321,708,0.72,4,29,26,PB,Rajinder Singh Fauji,SAD(A),,,,,False,29,2017,AE
1733751,Satpal,BSP,22303,513,0.523790075556463,5,29,26,PB,Satpal,BSP,,,,,False,29,2017,AE
1733752,Gurbinder Singh,APPA,22319,403,0.4114764141311,6,29,26,PB,Gurbinder Singh,APPA,,,,,False,29,2017,AE
1733753,None Of The Above,NOTA,22305,379,0.386971615274657,7,29,26,PB,None Of The Above,NOTA,,,,,False,29,2017,AE
1733754,Gurdeep Singh,DBSP,22342,176,0.179701858280579,8,29,26,PB,Gurdeep Singh,DBSP,,,,,False,29,2017,AE
1733755,Satpal Kimti,DPIN,22353,170,0.173575658566469,9,29,26,PB,Satpal Kimti,DPIN,,,,,False,29,2017,AE
1733756,Raman Kumar,NCP,22332,124,0.126608127424954,10,29,26,PB,Raman Kumar,NCP,,,,,False,29,2017,AE
1733845,Rana Gurjit Singh,INC,22301,56378,53.4186090581769,1,29,27,PB,Rana Gurjit Singh,INC,,,,,True,29,2017,AE
1733846,Advocate Paramjit Singh,SAD,22320,27561,26.1142694712905,2,29,27,PB,Advocate Paramjit Singh,SAD,,,,,False,29,2017,AE
1733847,Sukhwant Singh Padda,AAAP,22302,18076,17.1271555808224,3,29,27,PB,Sukhwant Singh Padda,AAAP,,,,,False,29,2017,AE
1733848,Manoj Kumar Nahar,BSP(A),22315,1115,1.05647148000758,4,29,27,PB,Manoj Kumar Nahar,BSP(A),,,,,False,29,2017,AE
1733849,None Of The Above,NOTA,22305,658,0.62,5,29,27,PB,None Of The Above,NOTA,,,,,False,29,2017,AE
1733850,Narinder Singh,SAD(A),22321,605,0.57,6,29,27,PB,Narinder Singh,SAD(A),,,,,False,29,2017,AE
1733851,Sandeep Bajaj,IND,22306,557,0.52776198597688,7,29,27,PB,Sandeep Bajaj,IND,,,,,False,29,2017,AE
1733852,Satish Kumar Nahar,RKSP,22370,392,0.371423157096835,8,29,27,PB,Satish Kumar Nahar,RKSP,,,,,False,29,2017,AE
1733853,Kulwant Singh,IND,22306,198,0.19,9,29,27,PB,Kulwant Singh,IND,,,,,False,29,2017,AE
1733955,Navtej Singh Cheema,INC,22301,41843,38.571375896462,1,29,28,PB,Navtej Singh Cheema,INC,,,,,False,29,2017,AE
1733956,Upinderjit Kaur,SAD,22320,33681,31.0475470584981,2,29,28,PB,Upinderjit Kaur,SAD,,,,,True,29,2017,AE
1733957,Sajjan Singh Cheema,AAAP,22302,28017,25.8264043804502,3,29,28,PB,Sajjan Singh Cheema,AAAP,,,,,False,29,2017,AE
1733958,Piyara Singh Jainpuri,BSP,22303,1049,0.966980697258531,4,29,28,PB,Piyara Singh Jainpuri,BSP,,,,,False,29,2017,AE
1733959,Baldev Singh,RMPOI,22314,885,0.815803543444995,5,29,28,PB,Baldev Singh,RMPOI,,,,,False,29,2017,AE
1733960,Balwant Singh Sultanpuri,BSP(A),22315,806,0.742980402278719,6,29,28,PB,Balwant Singh Sultanpuri,BSP(A),,,,,True,29,2017,AE
1733961,None Of The Above,NOTA,22305,616,0.567836138714256,7,29,28,PB,None Of The Above,NOTA,,,,,False,29,2017,AE
1733962,Nirmal Singh,IND,22306,557,0.513449235817923,8,29,28,PB,Nirmal Singh,IND,,,,,False,29,2017,AE
1733963,Mukhtiyar Singh,SAD(A),22321,397,0.37,9,29,28,PB,Mukhtiyar Singh,SAD(A),,,,,False,29,2017,AE
1733964,Lakhwinder Singh Desal,IND,22306,296,0.272856326395162,10,29,28,PB,Lakhwinder Singh Desal,IND,,,,,False,29,2017,AE
1733965,Gurjot Singh,IND,22306,169,0.155786213381021,11,29,28,PB,Gurjot Singh,IND,,,,,False,29,2017,AE
1733966,Surat Singh,APPA,22319,166,0.15302077764053,12,29,28,PB,Surat Singh,APPA,,,,,False,29,2017,AE
1734056,Som Parkash,BJP,22300,45479,35.0245284907854,1,29,29,PB,Som Parkash,BJP,,,,,True,29,2017,AE
1734057,Joginder Singh Mann,INC,22301,43470,33.4773467643185,2,29,29,PB,Joginder Singh Mann,INC,,,,,False,29,2017,AE
1734058,Jarnail Nangal,AAAP,22302,32374,24.9320364423291,3,29,29,PB,Jarnail Nangal,AAAP,,,,,False,29,2017,AE
1734059,Surinder Dhanda,BSP,22303,6160,4.74397184421905,4,29,29,PB,Surinder Dhanda,BSP,,,,,False,29,2017,AE
1734060,None Of The Above,NOTA,22305,1094,0.842517077528513,5,29,29,PB,None Of The Above,NOTA,,,,,False,29,2017,AE
1734061,Ashwani Kumar Sahota,IND,22306,498,0.383522399094332,6,29,29,PB,Ashwani Kumar Sahota,IND,,,,,False,29,2017,AE
1734062,Tirath Ram,BMUP,22316,399,0.307279994455097,7,29,29,PB,Tirath Ram,BMUP,,,,,False,29,2017,AE
1734063,Tulsi Ram Khosla,BSP(A),22315,375,0.288796987269828,8,29,29,PB,Tulsi Ram Khosla,BSP(A),,,,,False,29,2017,AE
1734158,Baldev Singh Khaira,SAD,22320,41336,28.1227888749795,1,29,30,PB,Baldev Singh Khaira,SAD,,,,,False,29,2017,AE
1734159,Vikramjit Singh Chaudhary,INC,22301,37859,25.7572252762205,2,29,30,PB,Vikramjit Singh Chaudhary,INC,,,,,False,29,2017,AE
1734160,Saroop Singh Kadiana,AAAP,22302,35779,24.3421052631578,3,29,30,PB,Saroop Singh Kadiana,AAAP,,,,,False,29,2017,AE
1734161,Avtar Singh Karimpuri,BSP,22303,28035,19.07350459914,4,29,30,PB,Avtar Singh Karimpuri,BSP,,,,,False,29,2017,AE
1734162,Parmjit Randhawa,RMPOI,22314,1857,1.26340281935448,5,29,30,PB,Parmjit Randhawa,RMPOI,,,,,False,29,2017,AE
1734163,None Of The Above,NOTA,22305,953,0.648369890600337,6,29,30,PB,None Of The Above,NOTA,,,,,False,29,2017,AE
1734164,Sanjay Kumar Shalu,LIP,22340,401,0.272818810210635,7,29,30,PB,Sanjay Kumar Shalu,LIP,,,,,False,29,2017,AE
1734165,Balwinder Singh,BRP,22378,399,0.271458117890382,8,29,30,PB,Balwinder Singh,BRP,,,,,False,29,2017,AE
1734166,Yadwinder Singh,IND,22306,365,0.248326348446089,9,29,30,PB,Yadwinder Singh,IND,,,,,False,29,2017,AE
1734271,Gurpartap Singh Wadala,SAD,22320,56241,39.2410097542596,1,29,31,PB,Gurpartap Singh Wadala,SAD,,,,,True,29,2017,AE
1734272,Sarwan Singh Hayer,AAAP,22302,37834,26.3979012293995,2,29,31,PB,Sarwan Singh Hayer,AAAP,,,,,False,29,2017,AE
1734273,Jagbir Singh Brar,INC,22301,35633,24.8621984063856,3,29,31,PB,Jagbir Singh Brar,INC,,,,,False,29,2017,AE
1734274,Taranpal Singh,BSP,22303,8284,5.77999190633678,4,29,31,PB,Taranpal Singh,BSP,,,,,False,29,2017,AE
1734275,Gurbinder Singh Atwal,IND,22306,1664,1.16102203430038,5,29,31,PB,Gurbinder Singh Atwal,IND,,,,,False,29,2017,AE
1734276,Santokh Singh Bilga,RMPOI,22314,1517,1.05845578487601,6,29,31,PB,Santokh Singh Bilga,RMPOI,,,,,False,29,2017,AE
1734277,None Of The Above,NOTA,22305,1039,0.72494104184982,7,29,31,PB,None Of The Above,NOTA,,,,,False,29,2017,AE
1734278,Inderjit Kaur,BSP(A),22315,465,0.32444425838322,8,29,31,PB,Inderjit Kaur,BSP(A),,,,,False,29,2017,AE
1734279,Kusum Sharma,IND,22306,353,0.246298544536079,9,29,31,PB,Kusum Sharma,IND,,,,,False,29,2017,AE
1734280,Gurmail Singh Kaler,APPA,22319,292,0.203737039672904,10,29,31,PB,Gurmail Singh Kaler,APPA,,,,,False,29,2017,AE
1734382,Ajit Singh Kohar,SAD,22320,46913,34.6589733739176,1,29,32,PB,Ajit Singh Kohar,SAD,,,,,True,29,2017,AE
1734383,Hardev Singh Ladi,INC,22301,42008,31.0351960755341,2,29,32,PB,Hardev Singh Ladi,INC,,,,,False,29,2017,AE
1734384,Amarjit Singh Mehatpur,AAAP,22302,41010,30.2978811430597,3,29,32,PB,Amarjit Singh Mehatpur,AAAP,,,,,False,29,2017,AE
1734385,Charanjit Kumar Nahar,BSP,22303,952,0.703330476668932,4,29,32,PB,Charanjit Kumar Nahar,BSP,,,,,False,29,2017,AE
1734386,Bachittar Singh,CPM,22328,903,0.667129643310972,5,29,32,PB,Bachittar Singh,CPM,,,,,False,29,2017,AE
1734387,None Of The Above,NOTA,22305,849,0.627234847365465,6,29,32,PB,None Of The Above,NOTA,,,,,False,29,2017,AE
1734388,Gurbax Kaur,IND,22306,684,0.505334081976417,7,29,32,PB,Gurbax Kaur,IND,,,,,False,29,2017,AE
1734389,Tara Singh Gill,BSP(A),22315,644,0.475782381276042,8,29,32,PB,Tara Singh Gill,BSP(A),,,,,False,29,2017,AE
1734390,Sulakhan Singh,SAD(A),22321,547,0.4,9,29,32,PB,Sulakhan Singh,SAD(A),,,,,False,29,2017,AE
1734391,Harshdeep Singh Sandhu,APPA,22319,325,0.240107568190549,10,29,32,PB,Harshdeep Singh Sandhu,APPA,,,,,False,29,2017,AE
1734392,Gurcharan Singh,IKL,22382,299,0.220898962735305,11,29,32,PB,Gurcharan Singh,IKL,,,,,False,29,2017,AE
1734393,Pal Singh,AITC,22329,222,0.164011938887082,12,29,32,PB,Pal Singh,AITC,,,,,False,29,2017,AE
1734498,Chaudhary Surinder Singh,INC,22301,46729,36.9837752275425,1,29,33,PB,Chaudhary Surinder Singh,INC,,,,,False,29,2017,AE
1734499,Seth Sat Paul,SAD,22320,40709,32.2192322912544,2,29,33,PB,Seth Sat Paul,SAD,,,,,False,29,2017,AE
1734500,Chander Kumar Grewal,AAAP,22302,29981,23.7285318559556,3,29,33,PB,Chander Kumar Grewal,AAAP,,,,,False,29,2017,AE
1734501,Balwinder Kumar,BSP,22303,5208,4.12188365650969,4,29,33,PB,Balwinder Kumar,BSP,,,,,False,29,2017,AE
1734502,Kashmir Singh Ghugshore,IND,22306,1383,1.09457855164226,5,29,33,PB,Kashmir Singh Ghugshore,IND,,,,,False,29,2017,AE
1734503,None Of The Above,NOTA,22305,1086,0.859517214087851,6,29,33,PB,None Of The Above,NOTA,,,,,False,29,2017,AE
1734504,Lubhaya Ram,IND,22306,290,0.229521171349426,7,29,33,PB,Lubhaya Ram,IND,,,,,True,29,2017,AE
1734505,Gurmukh Singh Khosla,DBSP,22342,270,0.213692125049465,8,29,33,PB,Gurmukh Singh Khosla,DBSP,,,,,True,29,2017,AE
1734506,Ex. Sub. Hari Singh,IND,22306,246,0.194697269489513,9,29,33,PB,Ex. Sub. Hari Singh,IND,,,,,False,29,2017,AE
1734507,Paramjot Gill,BSP(A),22315,167,0.132172536604669,10,29,33,PB,Paramjot Gill,BSP(A),,,,,False,29,2017,AE
1734508,Usha Mahi,IND,22306,164,0.129798179659675,11,29,33,PB,Usha Mahi,IND,,,,,False,29,2017,AE
1734509,Balvir Kaur,RKSP,22370,117,0.0925999208547685,12,29,33,PB,Balvir Kaur,RKSP,,,,,False,29,2017,AE
1734607,Sushil Kumar Rinku,INC,22301,53983,48.8118704450512,1,29,34,PB,Sushil Kumar Rinku,INC,,,,,False,29,2017,AE
1734608,Mahinder Pal Bhagat,BJP,22300,36649,33.1383257681248,2,29,34,PB,Mahinder Pal Bhagat,BJP,,,,,False,29,2017,AE
1734609,Darshan Lal Bhagat,AAAP,22302,15364,13.8922545526882,3,29,34,PB,Darshan Lal Bhagat,AAAP,,,,,False,29,2017,AE
1734610,Surinder Mahey,IND,22306,1345,1.21616000868039,4,29,34,PB,Surinder Mahey,IND,,,,,False,29,2017,AE
1734611,None Of The Above,NOTA,22305,1155,1.04436045355082,5,29,34,PB,None Of The Above,NOTA,,,,,False,29,2017,AE
1734612,Paramjeet Mall,BSP,22303,1099,0.993724795196846,6,29,34,PB,Paramjeet Mall,BSP,,,,,False,29,2017,AE
1734613,Subhash Goria,SHS,22312,760,0.687198220518292,7,29,34,PB,Subhash Goria,SHS,,,,,False,29,2017,AE
1734614,Jugal Kishore,APPA,22319,239,0.216105756189305,8,29,34,PB,Jugal Kishore,APPA,,,,,False,29,2017,AE
1734720,Rajinder Beri,INC,22301,55518,52.2045755874636,1,29,35,PB,Rajinder Beri,INC,,,,,True,29,2017,AE
1734721,Manoranjan Kalia,BJP,22300,31440,29.5635984089819,2,29,35,PB,Manoranjan Kalia,BJP,,,,,True,29,2017,AE
1734722,Dr. Sanjiv Sharma,AAAP,22302,15269,14.3577157794766,3,29,35,PB,Dr. Sanjiv Sharma,AAAP,,,,,False,29,2017,AE
1734723,Madan Bhatti,BSP,22303,1261,1.18574101761215,4,29,35,PB,Madan Bhatti,BSP,,,,,False,29,2017,AE
1734724,None Of The Above,NOTA,22305,1044,0.981692008237185,5,29,35,PB,None Of The Above,NOTA,,,,,False,29,2017,AE
1734725,Tarandip Singh,AITC,22329,529,0.497428230227462,6,29,35,PB,Tarandip Singh,AITC,,,,,False,29,2017,AE
1734726,Parminder Singh Cheema,SAD(A),22321,312,0.29,7,29,35,PB,Parminder Singh Cheema,SAD(A),,,,,False,29,2017,AE
1734727,Rohit Joshi,SHS,22312,309,0.290558266805833,8,29,35,PB,Rohit Joshi,SHS,,,,,False,29,2017,AE
1734728,Ranvir Singh,NCP,22332,271,0.254826182214825,9,29,35,PB,Ranvir Singh,NCP,,,,,False,29,2017,AE
1734729,Rajeshwar Kumar,IND,22306,254,0.238840775950426,10,29,35,PB,Rajeshwar Kumar,IND,,,,,False,29,2017,AE
1734730,Vikram Kuljit Singh,KYP,22384,140,0.1316445221774,11,29,35,PB,Vikram Kuljit Singh,KYP,,,,,False,29,2017,AE
1734828,Avtar Singh Junior,INC,22301,69715,56.0000321308367,1,29,36,PB,Avtar Singh Junior,INC,,,,,False,29,2017,AE
1734829,K.D.Bhandari,BJP,22300,37424,30.0616108795013,2,29,36,PB,K.D.Bhandari,BJP,,,,,True,29,2017,AE
1734830,Gulshan Sharma,AAAP,22302,13386,10.7525845241824,3,29,36,PB,Gulshan Sharma,AAAP,,,,,False,29,2017,AE
1734831,Hardwari Lal,BSP,22303,1506,1.20972600428946,4,29,36,PB,Hardwari Lal,BSP,,,,,False,29,2017,AE
1734832,None Of The Above,NOTA,22305,1182,0.949466226474202,5,29,36,PB,None Of The Above,NOTA,,,,,False,29,2017,AE
1734833,Gaurav Luthra,IND,22306,240,0.192785020603899,6,29,36,PB,Gaurav Luthra,IND,,,,,False,29,2017,AE
1734834,Surinder Singh Arora,NCP,22332,219,0.175916331301057,7,29,36,PB,Surinder Singh Arora,NCP,,,,,False,29,2017,AE
1734835,Naresh Gupta,APPA,22319,208,0.167080351190045,8,29,36,PB,Naresh Gupta,APPA,,,,,False,29,2017,AE
1734836,Antarjot Singh,KYP,22384,198,0.159047641998216,9,29,36,PB,Antarjot Singh,KYP,,,,,False,29,2017,AE
1734837,Anil Kumar Singh,IND,22306,157,0.126113534311717,10,29,36,PB,Anil Kumar Singh,IND,,,,,False,29,2017,AE
1734838,Kewal Bhatti,BMUP,22316,153,0.122900450634985,11,29,36,PB,Kewal Bhatti,BMUP,,,,,False,29,2017,AE
1734839,Kewal Singh Bhasulla,HSS,22333,103,0.08273690467584,12,29,36,PB,Kewal Singh Bhasulla,HSS,,,,,False,29,2017,AE
1734939,Pargat Singh,INC,22301,59349,46.8011450110794,1,29,37,PB,Pargat Singh,INC,,,,,False,29,2017,AE
1734940,Sarabjeet Singh Makkar,SAD,22320,30225,23.8346831110865,2,29,37,PB,Sarabjeet Singh Makkar,SAD,,,,,False,29,2017,AE
1734941,Harkrishan Singh Walia,AAAP,22302,25912,20.4335586029603,3,29,37,PB,Harkrishan Singh Walia,AAAP,,,,,False,29,2017,AE
1734942,Amrik Bagri,BSP,22303,7987,6.29834951226628,4,29,37,PB,Amrik Bagri,BSP,,,,,False,29,2017,AE
1734943,None Of The Above,NOTA,22305,1445,1.13949105361522,5,29,37,PB,None Of The Above,NOTA,,,,,False,29,2017,AE
1734944,Dharam Pal,BSP(A),22315,503,0.396653287175402,6,29,37,PB,Dharam Pal,BSP(A),,,,,False,29,2017,AE
1734945,Harvinder Singh,DPI,22318,440,0.346973054388026,7,29,37,PB,Harvinder Singh,DPI,,,,,False,29,2017,AE
1734946,Gurmukh Singh,SAD(A),22321,346,0.27,8,29,37,PB,Gurmukh Singh,SAD(A),,,,,False,29,2017,AE
1734947,Manjit Singh,BRPP,22386,325,0.256286915172973,9,29,37,PB,Manjit Singh,BRPP,,,,,False,29,2017,AE
1734948,Narinder Singh,APPA,22319,279,0.220012459486953,10,29,37,PB,Narinder Singh,APPA,,,,,False,29,2017,AE
1735052,Sh. Pawan Kumar Tinu,SAD,22320,45229,38.9113527650641,1,29,38,PB,Sh. Pawan Kumar Tinu,SAD,,,,,True,29,2017,AE
1735053,Mohinder Singh Kaypee,INC,22301,37530,32.2877593860766,2,29,38,PB,Mohinder Singh Kaypee,INC,,,,,False,29,2017,AE
1735054,Hans Raj Rana,AAAP,22302,25239,21.7135827110361,3,29,38,PB,Hans Raj Rana,AAAP,,,,,False,29,2017,AE
1735055,Sewa Singh,BSP,22303,5405,4.65002236828521,4,29,38,PB,Sewa Singh,BSP,,,,,False,29,2017,AE
1735056,Gurdial Bains,CPM,22328,791,0.680512061667641,5,29,38,PB,Gurdial Bains,CPM,,,,,False,29,2017,AE
1735057,Nirmal Singh Bolina,SAD(A),22321,672,0.58,6,29,38,PB,Nirmal Singh Bolina,SAD(A),,,,,False,29,2017,AE
1735058,None Of The Above,NOTA,22305,621,0.53425788912213,7,29,38,PB,None Of The Above,NOTA,,,,,False,29,2017,AE
1735059,Surjit Singh,BRPP,22386,497,0.427578375030111,8,29,38,PB,Surjit Singh,BRPP,,,,,False,29,2017,AE
1735060,Manjit Kaur,JJJKP,22385,252,0.216800302832169,9,29,38,PB,Manjit Kaur,JJJKP,,,,,False,29,2017,AE
1735140,Rajnish Kumar Babbi,INC,22301,56787,41.7855644917991,1,29,39,PB,Rajnish Kumar Babbi,INC,,,,,False,29,2017,AE
1735141,Arunesh Kumar,BJP,22300,33661,24.7687654984142,2,29,39,PB,Arunesh Kumar,BJP,,,,,True,29,2017,AE
1735142,Jangi Lal Mahajan,IND,22306,20542,15.1154148976092,3,29,39,PB,Jangi Lal Mahajan,IND,,,,,False,29,2017,AE
1735143,Sulakhan Singh,AAAP,22302,17005,12.5127850420526,4,29,39,PB,Sulakhan Singh,AAAP,,,,,False,29,2017,AE
1735144,Karamjit Singh,BSP,22303,2718,1.99998528340483,5,29,39,PB,Karamjit Singh,BSP,,,,,False,29,2017,AE
1735145,Gurvatan Singh,SAD(A),22321,1227,0.9,6,29,39,PB,Gurvatan Singh,SAD(A),,,,,True,29,2017,AE
1735146,Dharminder Singh,RMPOI,22314,1173,0.863128306634976,7,29,39,PB,Dharminder Singh,RMPOI,,,,,False,29,2017,AE
1735147,None Of The Above,NOTA,22305,1018,0.749074694078777,8,29,39,PB,None Of The Above,NOTA,,,,,False,29,2017,AE
1735148,Raj Mal,APPA,22319,601,0.442233684814681,9,29,39,PB,Raj Mal,APPA,,,,,False,29,2017,AE
1735149,Sumitri Devi,SHS,22312,524,0.385574793415795,10,29,39,PB,Sumitri Devi,SHS,,,,,False,29,2017,AE
1735150,Bhajan Singh,BDPty,22379,405,0.298011052162971,11,29,39,PB,Bhajan Singh,BDPty,,,,,False,29,2017,AE
1735151,Kuldeep Kumar,HSS,22333,240,0.176599142022501,12,29,39,PB,Kuldeep Kumar,HSS,,,,,False,29,2017,AE
1735224,Arun Dogra,INC,22301,56527,43.2100841620865,1,29,40,PB,Arun Dogra,INC,,,,,False,29,2017,AE
1735225,Sukhjit Kaur,BJP,22300,38889,29.7273331855464,2,29,40,PB,Sukhjit Kaur,BJP,,,,,False,29,2017,AE
1735226,Balbir Kaur,AAAP,22302,16330,12.4828962153815,3,29,40,PB,Balbir Kaur,AAAP,,,,,False,29,2017,AE
1735227,Jagmohan Singh,IND,22306,9926,7.58758284347074,4,29,40,PB,Jagmohan Singh,IND,,,,,False,29,2017,AE
1735228,Jagpreet Singh Sahi,BSP,22303,3180,2.43083955694509,5,29,40,PB,Jagpreet Singh Sahi,BSP,,,,,False,29,2017,AE
1735229,Paramjit,IND,22306,1310,1.00138359106857,6,29,40,PB,Paramjit,IND,,,,,False,29,2017,AE
1735230,None Of The Above,NOTA,22305,1193,0.911947041331916,7,29,40,PB,None Of The Above,NOTA,,,,,False,29,2017,AE
1735231,Baldev Singh,IND,22306,1024,0.78276091393452,8,29,40,PB,Baldev Singh,IND,,,,,False,29,2017,AE
1735232,Lawrence Chaudhary,APPA,22319,968,0.739953676453726,9,29,40,PB,Lawrence Chaudhary,APPA,,,,,False,29,2017,AE
1735233,Sukha Singh,CPI,22304,849,0.648988296807038,10,29,40,PB,Sukha Singh,CPI,,,,,False,29,2017,AE
1735234,Charanjit Singh,DPIN,22353,251,0.191868153708559,11,29,40,PB,Charanjit Singh,DPIN,,,,,False,29,2017,AE
1735235,Sarbjit Singh,HSS,22333,244,0.186517249023459,12,29,40,PB,Sarbjit Singh,HSS,,,,,False,29,2017,AE
1735236,Manjit Singh,SAPUNPA,22387,128,0.097845114241815,13,29,40,PB,Manjit Singh,SAPUNPA,,,,,False,29,2017,AE
1735311,Sangat Singh,INC,22301,51477,40.8304580606781,1,29,41,PB,Sangat Singh,INC,,,,,True,29,2017,AE
1735312,Arbinder Singh,SAD,22320,36523,28.9692643267896,2,29,41,PB,Arbinder Singh,SAD,,,,,True,29,2017,AE
1735313,Jasvir Singh Gill (Raja),AAAP,22302,32445,25.7346817370612,3,29,41,PB,Jasvir Singh Gill (Raja),AAAP,,,,,False,29,2017,AE
1735314,Gurbakhash Singh,BSP,22303,1720,1.36426730120959,4,29,41,PB,Gurbakhash Singh,BSP,,,,,False,29,2017,AE
1735315,Kuldip Singh,SAD(A),22321,1454,1.15,5,29,41,PB,Kuldip Singh,SAD(A),,,,,False,29,2017,AE
1735316,None Of The Above,NOTA,22305,840,0.67,6,29,41,PB,None Of The Above,NOTA,,,,,False,29,2017,AE
1735317,Vikas Jasra,HSS,22333,543,0.430696014277215,7,29,41,PB,Vikas Jasra,HSS,,,,,False,29,2017,AE
1735318,Virender Kumar,APPA,22319,384,0.3,8,29,41,PB,Virender Kumar,APPA,,,,,False,29,2017,AE
1735319,Gurdial Singh,BDPty,22379,348,0.276026174895895,9,29,41,PB,Gurdial Singh,BDPty,,,,,False,29,2017,AE
1735320,Sugriv Singh,DPIN,22353,341,0.270473924251437,10,29,41,PB,Sugriv Singh,DPIN,,,,,False,29,2017,AE
1735394,Pawan Kumar Adia,INC,22301,46612,37.6240021309397,1,29,42,PB,Pawan Kumar Adia,INC,,,,,False,29,2017,AE
1735395,Dr. Ravjot Singh,AAAP,22302,42797,34.5446326953966,2,29,42,PB,Dr. Ravjot Singh,AAAP,,,,,False,29,2017,AE
1735396,Mohinder Kaur Josh,SAD,22320,24671,19.913793799288,3,29,42,PB,Mohinder Kaur Josh,SAD,,,,,True,29,2017,AE
1735397,Bhagwan Dass,BSP,22303,8009,6.4646578792306,4,29,42,PB,Bhagwan Dass,BSP,,,,,False,29,2017,AE
1735398,None Of The Above,NOTA,22305,898,0.724842399244484,5,29,42,PB,None Of The Above,NOTA,,,,,False,29,2017,AE
1735399,Satish Lamba,APPA,22319,498,0.401972733656741,6,29,42,PB,Satish Lamba,APPA,,,,,False,29,2017,AE
1735400,Kewal Lal Heer,BDPty,22379,404,0.326098362243621,7,29,42,PB,Kewal Lal Heer,BDPty,,,,,False,29,2017,AE
1735475,Sunder Sham Arora,INC,22301,49951,40.551555054027,1,29,43,PB,Sunder Sham Arora,INC,,,,,True,29,2017,AE
1735476,Tikshan Sud,BJP,22300,38718,31.4323058313511,2,29,43,PB,Tikshan Sud,BJP,,,,,True,29,2017,AE
1735477,Paramjit Singh Sachdeva,AAAP,22302,27481,22.3098093019102,3,29,43,PB,Paramjit Singh Sachdeva,AAAP,,,,,False,29,2017,AE
1735478,Surinder Kumar,BSP,22303,4442,3.60613416247899,4,29,43,PB,Surinder Kumar,BSP,,,,,False,29,2017,AE
1735479,None Of The Above,NOTA,22305,1000,0.811826691237954,5,29,43,PB,None Of The Above,NOTA,,,,,False,29,2017,AE
1735480,Mohinder Singh,APPA,22319,293,0.23786522053272,6,29,43,PB,Mohinder Singh,APPA,,,,,False,29,2017,AE
1735482,Om Parkash Jakhu,IND,22306,278,0.225687820164151,7,29,43,PB,Om Parkash Jakhu,IND,,,,,False,29,2017,AE
1735481,Maninder Pal,DEMSWP,22366,278,0.225687820164151,7,29,43,PB,Maninder Pal,DEMSWP,,,,,False,29,2017,AE
1735483,Ajit Ram,BDPty,22379,235,0.190779272440919,9,29,43,PB,Ajit Ram,BDPty,,,,,False,29,2017,AE
1735484,Santokh Singh,IND,22306,210,0.17048360515997,10,29,43,PB,Santokh Singh,IND,,,,,False,29,2017,AE
1735485,Paramjit Singh,HND,22388,163,0.132327750671786,11,29,43,PB,Paramjit Singh,HND,,,,,False,29,2017,AE
1735486,Jaspreet Kaur,DPIN,22353,130,0.105537469860934,12,29,43,PB,Jaspreet Kaur,DPIN,,,,,False,29,2017,AE
1735563,Dr. Raj Kumar,INC,22301,57857,49.9551019703327,1,29,44,PB,Dr. Raj Kumar,INC,,,,,True,29,2017,AE
1735564,Sohan Singh Thandal,SAD,22320,28596,24.6904626223903,2,29,44,PB,Sohan Singh Thandal,SAD,,,,,True,29,2017,AE
1735565,Raman Kumar,AAAP,22302,20505,17.7045018908977,3,29,44,PB,Raman Kumar,AAAP,,,,,False,29,2017,AE
1735566,Gurlal Saila,BSP,22303,5585,4.82222107099069,4,29,44,PB,Gurlal Saila,BSP,,,,,False,29,2017,AE
1735567,None Of The Above,NOTA,22305,842,0.727002711150252,5,29,44,PB,None Of The Above,NOTA,,,,,False,29,2017,AE
1735568,Balwinder Singh Bittu,IND,22306,571,0.493014902692154,6,29,44,PB,Balwinder Singh Bittu,IND,,,,,False,29,2017,AE
1735569,Gurnam Singh,BDPty,22379,566,0.48869778445492,7,29,44,PB,Gurnam Singh,BDPty,,,,,False,29,2017,AE
1735570,Surinder Singh,IVD,22390,542,0.467975616916196,8,29,44,PB,Surinder Singh,IVD,,,,,False,29,2017,AE
1735571,Jagdish Singh,SAD(A),22321,469,0.4,9,29,44,PB,Jagdish Singh,SAD(A),,,,,False,29,2017,AE
1735572,Gurjit Singh,APPA,22319,285,0.246075739522354,10,29,44,PB,Gurjit Singh,APPA,,,,,False,29,2017,AE
1735667,Jai Krishan,AAAP,22302,41720,33.2012287319549,1,29,45,PB,Jai Krishan,AAAP,,,,,False,29,2017,AE
1735668,Surinder Singh Heer,SAD,22320,40070,31.8881408266883,2,29,45,PB,Surinder Singh Heer,SAD,,,,,False,29,2017,AE
1735669,Lov Kumar Goldy,INC,22301,31909,25.3935284661541,3,29,45,PB,Lov Kumar Goldy,INC,,,,,True,29,2017,AE
1735670,Bakhshish Singh,BSP,22303,6031,4.79953524646262,4,29,45,PB,Bakhshish Singh,BSP,,,,,False,29,2017,AE
1735671,Harbhajan Singh,CPM,22328,2217,1.7643126581674,5,29,45,PB,Harbhajan Singh,CPM,,,,,False,29,2017,AE
1735672,None Of The Above,NOTA,22305,1121,0.892103964729663,6,29,45,PB,None Of The Above,NOTA,,,,,False,29,2017,AE
1735673,Surjit Singh Randhawa,APPA,22319,468,0.372439478584729,7,29,45,PB,Surjit Singh Randhawa,APPA,,,,,False,29,2017,AE
1735674,Jai Gopal Dhiman,IND,22306,412,0.32787407089083,8,29,45,PB,Jai Gopal Dhiman,IND,,,,,False,29,2017,AE
1735675,Pashora Singh,SAD(A),22321,408,0.32,9,29,45,PB,Pashora Singh,SAD(A),,,,,False,29,2017,AE
1735676,Manjit Singh,AITC,22329,379,0.301612312785497,10,29,45,PB,Manjit Singh,AITC,,,,,False,29,2017,AE
1735677,Subhash Chander Dhir,IND,22306,366,0.291266771713699,11,29,45,PB,Subhash Chander Dhir,IND,,,,,False,29,2017,AE
1735678,Bishan Dass,BDPty,22379,282,0.22441866017285,12,29,45,PB,Bishan Dass,BDPty,,,,,False,29,2017,AE
1735679,Nimisha Mehta,IND,22306,275,0.218847984211112,13,29,45,PB,Nimisha Mehta,IND,,,,,False,29,2017,AE
1735792,Sukhwinder Kumar,SAD,22320,45256,36.9337239763981,1,29,46,PB,Sukhwinder Kumar,SAD,,,,,False,29,2017,AE
1735793,Harjot,AAAP,22302,43363,35.3888340283841,2,29,46,PB,Harjot,AAAP,,,,,False,29,2017,AE
1735794,Satnam Singh Kainth,INC,22301,13408,10.942358385088,3,29,46,PB,Satnam Singh Kainth,INC,,,,,False,29,2017,AE
1735795,Rajinder Singh,BSP,22303,11874,9.69045073572017,4,29,46,PB,Rajinder Singh,BSP,,,,,True,29,2017,AE
1735796,Tarlochan Singh,IND,22306,6294,5.13657545314323,5,29,46,PB,Tarlochan Singh,IND,,,,,False,29,2017,AE
1735797,Paul Ram,CPI,22304,986,0.804681187924885,6,29,46,PB,Paul Ram,CPI,,,,,False,29,2017,AE
1735798,None Of The Above,NOTA,22305,758,0.618608864550774,7,29,46,PB,None Of The Above,NOTA,,,,,False,29,2017,AE
1735799,Sarabjit Singh,APPA,22319,594,0.484767368790448,8,29,46,PB,Sarabjit Singh,APPA,,,,,False,29,2017,AE
1735910,Angad Singh,INC,22301,38197,29.6977895956273,1,29,47,PB,Angad Singh,INC,,,,,False,29,2017,AE
1735911,Jarnail Singh Wahid,SAD,22320,34874,27.1141899719326,2,29,47,PB,Jarnail Singh Wahid,SAD,,,,,False,29,2017,AE
1735912,Charanjit Singh Channi,AAAP,22302,32341,25.1448075323241,3,29,47,PB,Charanjit Singh Channi,AAAP,,,,,False,29,2017,AE
1735913,Dr. Nachhatar Pal,BSP,22303,19578,15.2217013038509,4,29,47,PB,Dr. Nachhatar Pal,BSP,,,,,False,29,2017,AE
1735914,Hitesh Kumar Pathak,CPM,22328,881,0.684968783772226,5,29,47,PB,Hitesh Kumar Pathak,CPM,,,,,False,29,2017,AE
1735915,None Of The Above,NOTA,22305,844,0.656201649834005,6,29,47,PB,None Of The Above,NOTA,,,,,False,29,2017,AE
1735916,Surinder Singh,IND,22306,831,0.646094278450306,7,29,47,PB,Surinder Singh,IND,,,,,False,29,2017,AE
1735917,Yog Raj Sahota,IND,22306,442,0.34365062704577,8,29,47,PB,Yog Raj Sahota,IND,,,,,False,29,2017,AE
1735918,Ashwani Joshi,APPA,22319,364,0.283006398743575,9,29,47,PB,Ashwani Joshi,APPA,,,,,False,29,2017,AE
1735919,Raj Kumar Narang,IND,22306,267,0.207589858419051,10,29,47,PB,Raj Kumar Narang,IND,,,,,False,29,2017,AE
1736026,Darshan Lal,INC,22301,49558,42.2050382381495,1,29,48,PB,Darshan Lal,INC,,,,,False,29,2017,AE
1736027,Nand Lal,SAD,22320,29918,25.47904140621,2,29,48,PB,Nand Lal,SAD,,,,,True,29,2017,AE
1736028,Raj Kumar,AAAP,22302,21656,18.4428812317964,3,29,48,PB,Raj Kumar,AAAP,,,,,False,29,2017,AE
1736029,Baljit Singh,BSP,22303,12372,10.5363560491219,4,29,48,PB,Baljit Singh,BSP,,,,,False,29,2017,AE
1736030,Parmjit Singh,CPM,22328,1176,1.00151589991654,5,29,48,PB,Parmjit Singh,CPM,,,,,False,29,2017,AE
1736031,None Of The Above,NOTA,22305,877,0.746878779104426,6,29,48,PB,None Of The Above,NOTA,,,,,False,29,2017,AE
1736032,Jarnail Singh,APPA,22319,662,0.563778508286351,7,29,48,PB,Jarnail Singh,APPA,,,,,False,29,2017,AE
1736033,Avtar Singh,IND,22306,363,0.309141387474238,8,29,48,PB,Avtar Singh,IND,,,,,False,29,2017,AE
1736034,Hargopal Singh,IND,22306,339,0.288702287475941,9,29,48,PB,Hargopal Singh,IND,,,,,False,29,2017,AE
1736035,Pala Singh,IND,22306,257,0.218868695815094,10,29,48,PB,Pala Singh,IND,,,,,False,29,2017,AE
1736036,Charan Dass,IND,22306,244,0.20779751664935,11,29,48,PB,Charan Dass,IND,,,,,False,29,2017,AE
1736142,Kanwar Pal Singh,INC,22301,60800,45.0110306637646,1,29,49,PB,Kanwar Pal Singh,INC,,,,,True,29,2017,AE
1736143,Dr. Parminder Sharma,BJP,22300,36919,27.3316158071632,2,29,49,PB,Dr. Parminder Sharma,BJP,,,,,False,29,2017,AE
1736144,Sanjeev Gautam,AAAP,22302,30304,22.4344452834658,3,29,49,PB,Sanjeev Gautam,AAAP,,,,,False,29,2017,AE
1736145,Nutan Kumar Urf Nitin Nanda,IND,22306,2092,1.54873480507558,4,29,49,PB,Nutan Kumar Urf Nitin Nanda,IND,,,,,False,29,2017,AE
1736146,Gurcharan Singh Khalsa,BSP,22303,1442,1.06753135225573,5,29,49,PB,Gurcharan Singh Khalsa,BSP,,,,,False,29,2017,AE
1736147,Mohinder Singh,CPM,22328,1026,0.759561142451028,6,29,49,PB,Mohinder Singh,CPM,,,,,False,29,2017,AE
1736148,None Of The Above,NOTA,22305,858,0.635188557722204,7,29,49,PB,None Of The Above,NOTA,,,,,False,29,2017,AE
1736149,Pritam Singh Bharatgarh,IND,22306,602,0.445668428611616,8,29,49,PB,Pritam Singh Bharatgarh,IND,,,,,False,29,2017,AE
1736150,Subhash Chander Sharma,PDemP,22404,518,0.383482136247205,9,29,49,PB,Subhash Chander Sharma,PDemP,,,,,False,29,2017,AE
1736151,Harbhjn Singh,SAD(A),22321,517,0.38,10,29,49,PB,Harbhjn Singh,SAD(A),,,,,False,29,2017,AE
1736263,Amarjit Singh Sandoa,AAAP,22302,58994,45.3506964730481,1,29,50,PB,Amarjit Singh Sandoa,AAAP,,,,,False,29,2017,AE
1736264,Brinder Singh Dhillon,INC,22301,35287,27.1263183788936,2,29,50,PB,Brinder Singh Dhillon,INC,,,,,False,29,2017,AE
1736265,Dr Daljeet Singh Cheema,SAD,22320,31903,24.524922357861,3,29,50,PB,Dr Daljeet Singh Cheema,SAD,,,,,True,29,2017,AE
1736266,Makhan Singh,BSP,22303,1081,0.831001506718735,4,29,50,PB,Makhan Singh,BSP,,,,,False,29,2017,AE
1736267,B.S. Saini,CPI,22304,997,0.766427846622182,5,29,50,PB,B.S. Saini,CPI,,,,,False,29,2017,AE
1736268,None Of The Above,NOTA,22305,917,0.704929122720703,6,29,50,PB,None Of The Above,NOTA,,,,,False,29,2017,AE
1736269,Jorawar Singh,DEMSWP,22366,652,0.501214599797054,7,29,50,PB,Jorawar Singh,DEMSWP,,,,,False,29,2017,AE
1736270,Sachin Kumar,IND,22306,253,0.194489714338427,8,29,50,PB,Sachin Kumar,IND,,,,,False,29,2017,AE
1736377,Charanjit Singh Channi,INC,22301,61060,41.9968086277099,1,29,51,PB,Charanjit Singh Channi,INC,,,,,True,29,2017,AE
1736378,Charanjit Singh,AAAP,22302,48752,33.5314185099592,2,29,51,PB,Charanjit Singh,AAAP,,,,,False,29,2017,AE
1736379,Justice Nirmal Singh,SAD,22320,31452,21.6325519973588,3,29,51,PB,Justice Nirmal Singh,SAD,,,,,False,29,2017,AE
1736380,Rajinder Singh,BSP,22303,1610,1.10735116099922,4,29,51,PB,Rajinder Singh,BSP,,,,,True,29,2017,AE
1736381,None Of The Above,NOTA,22305,911,0.626581930229998,5,29,51,PB,None Of The Above,NOTA,,,,,False,29,2017,AE
1736382,Harjinder Singh,PDemP,22404,587,0.403736106525806,6,29,51,PB,Harjinder Singh,PDemP,,,,,False,29,2017,AE
1736383,Jagdish Singh,IND,22306,428,0.294376581930229,7,29,51,PB,Jagdish Singh,IND,,,,,False,29,2017,AE
1736384,Parminder Kaur,APPA,22319,332,0.22834818972158,8,29,51,PB,Parminder Kaur,APPA,,,,,False,29,2017,AE
1736385,Shinderpal Singh,JJJKP,22385,260,0.178826895565092,9,29,51,PB,Shinderpal Singh,JJJKP,,,,,False,29,2017,AE
1736496,Kanwar Sandhu,AAAP,22302,54171,33.9676946036443,1,29,52,PB,Kanwar Sandhu,AAAP,,,,,False,29,2017,AE
1736497,Jagmohan Singh,INC,22301,52159,32.7060785813717,2,29,52,PB,Jagmohan Singh,INC,,,,,True,29,2017,AE
1736498,Ranjit Singh Gill,SAD,22320,46807,29.3501297984675,3,29,52,PB,Ranjit Singh Gill,SAD,,,,,False,29,2017,AE
1736499,Harbhajan Singh,BSP,22303,2619,1.64223278445929,4,29,52,PB,Harbhajan Singh,BSP,,,,,False,29,2017,AE
1736500,None Of The Above,NOTA,22305,1059,0.664041435182282,5,29,52,PB,None Of The Above,NOTA,,,,,False,29,2017,AE
1736501,Jagwinder Singh,SAD(A),22321,818,0.51,6,29,52,PB,Jagwinder Singh,SAD(A),,,,,False,29,2017,AE
1736502,Sudesh Kumar,APPA,22319,631,0.395665859867818,7,29,52,PB,Sudesh Kumar,APPA,,,,,False,29,2017,AE
1736503,Paramjit Singh Padda,IND,22306,350,0.219466007850612,8,29,52,PB,Paramjit Singh Padda,IND,,,,,False,29,2017,AE
1736504,Sanjeev Kumar,IND,22306,349,0.218838962113896,9,29,52,PB,Sanjeev Kumar,IND,,,,,False,29,2017,AE
1736505,Gurjeet Singh,PDemP,22404,274,0.171810531860193,10,29,52,PB,Gurjeet Singh,PDemP,,,,,False,29,2017,AE
1736506,Surjit Singh,JJJKP,22385,241,0.151118022548564,11,29,52,PB,Surjit Singh,JJJKP,,,,,False,29,2017,AE
1736624,Balbir Singh Sidhu,INC,22301,66844,47.4734203106467,1,29,53,PB,Balbir Singh Sidhu,INC,,,,,True,29,2017,AE
1736625,Narinder Singh,AAAP,22302,38971,27.6776773222161,2,29,53,PB,Narinder Singh,AAAP,,,,,False,29,2017,AE
1736626,Tejinder Pal Singh,SAD,22320,30031,21.3283807873411,3,29,53,PB,Tejinder Pal Singh,SAD,,,,,False,29,2017,AE
1736627,None Of The Above,NOTA,22305,1139,0.808931627877246,4,29,53,PB,None Of The Above,NOTA,,,,,False,29,2017,AE
1736628,Sarbjit Singh,BSP,22303,1027,0.729387868156218,5,29,53,PB,Sarbjit Singh,BSP,,,,,False,29,2017,AE
1736629,Amit Sharma,HSS,22333,370,0.262778491935541,6,29,53,PB,Amit Sharma,HSS,,,,,False,29,2017,AE
1736630,Parneet Singh Pandher,IND,22306,340,0.241472127724551,7,29,53,PB,Parneet Singh Pandher,IND,,,,,False,29,2017,AE
1736631,Balwinder Singh,DEMSWP,22366,328,0.232949582040155,8,29,53,PB,Balwinder Singh,DEMSWP,,,,,False,29,2017,AE
1736632,Jaswinder Singh,AITC,22329,316,0.224427036355759,9,29,53,PB,Jaswinder Singh,AITC,,,,,False,29,2017,AE
1736633,Kamaljot Kaur,IND,22306,314,0.223006612075026,10,29,53,PB,Kamaljot Kaur,IND,,,,,False,29,2017,AE
1736634,Gurkirpal Singh Mann,PDemP,22404,284,0.201700247864036,11,29,53,PB,Gurkirpal Singh Mann,PDemP,,,,,False,29,2017,AE
1736635,Mahinder Pal Singh,APPA,22319,255,0.181104095793413,12,29,53,PB,Mahinder Pal Singh,APPA,,,,,False,29,2017,AE
1736636,Kuljit Singh,IND,22306,230,0.163348792284255,13,29,53,PB,Kuljit Singh,IND,,,,,False,29,2017,AE
1736637,Paramjit Singh Padda,IND,22306,168,0.119315639581543,14,29,53,PB,Paramjit Singh Padda,IND,,,,,False,29,2017,AE
1736638,Kishor Kumar Pal,BMUP,22316,100,0.0710212140366327,15,29,53,PB,Kishor Kumar Pal,BMUP,,,,,False,29,2017,AE
1736639,Krishan Gopal Sharma,BIRK,22408,86,0.0610782440715041,16,29,53,PB,Krishan Gopal Sharma,BIRK,,,,,False,29,2017,AE
1736733,Gurpreet Singh,INC,22301,47319,41.5512684293253,1,29,54,PB,Gurpreet Singh,INC,,,,,False,29,2017,AE
1736734,Santokh Singh,AAAP,22302,37273,32.7297793310561,2,29,54,PB,Santokh Singh,AAAP,,,,,False,29,2017,AE
1736735,Darbara Singh Guru,SAD,22320,24852,21.8227799193895,3,29,54,PB,Darbara Singh Guru,SAD,,,,,False,29,2017,AE
1736736,Dharam Singh,SAD(A),22321,1618,1.42,4,29,54,PB,Dharam Singh,SAD(A),,,,,True,29,2017,AE
1736737,Mohinder Singh,BSP,22303,819,0.719171767019959,5,29,54,PB,Mohinder Singh,BSP,,,,,False,29,2017,AE
1736738,None Of The Above,NOTA,22305,728,0.63926379290663,6,29,54,PB,None Of The Above,NOTA,,,,,False,29,2017,AE
1736739,Gurdeep Singh,IND,22306,456,0.400417980172285,7,29,54,PB,Gurdeep Singh,IND,,,,,False,29,2017,AE
1736740,Harnek Singh Diwana,IND,22306,310,0.272213977748702,8,29,54,PB,Harnek Singh Diwana,IND,,,,,False,29,2017,AE
1736741,Samunder Singh,SAKAP,22407,265,0.232699045494858,9,29,54,PB,Samunder Singh,SAKAP,,,,,False,29,2017,AE
1736742,Manjinder Singh,APPA,22319,241,0.211624414959475,10,29,54,PB,Manjinder Singh,APPA,,,,,False,29,2017,AE
1736831,Kuljit Singh Nagra,INC,22301,58205,46.6472186380502,1,29,55,PB,Kuljit Singh Nagra,INC,,,,,True,29,2017,AE
1736832,Didar Singh Bhatti,SAD,22320,34338,27.5194947786851,2,29,55,PB,Didar Singh Bhatti,SAD,,,,,False,29,2017,AE
1736833,Lakhvir Singh Rai,AAAP,22302,29393,23.5564246615962,3,29,55,PB,Lakhvir Singh Rai,AAAP,,,,,False,29,2017,AE
1736834,Kuldip Singh,SAD(A),22321,1589,1.27,4,29,55,PB,Kuldip Singh,SAD(A),,,,,False,29,2017,AE
1736835,None Of The Above,NOTA,22305,803,0.643548089792189,5,29,55,PB,None Of The Above,NOTA,,,,,False,29,2017,AE
1736836,Tarlochan Singh,APPA,22319,449,0.359841958053166,6,29,55,PB,Tarlochan Singh,APPA,,,,,False,29,2017,AE
1736922,Randeep Singh,INC,22301,39669,34.9648315616902,1,29,56,PB,Randeep Singh,INC,,,,,True,29,2017,AE
1736923,Gurpreet Singh Raju Khanna,SAD,22320,35723,31.4867699684453,2,29,56,PB,Gurpreet Singh Raju Khanna,SAD,,,,,False,29,2017,AE
1736924,Gurpreet Singh Bhatti,AAAP,22302,30573,26.9474853244486,3,29,56,PB,Gurpreet Singh Bhatti,AAAP,,,,,False,29,2017,AE
1736925,Jagmeet Singh Sahota,IND,22306,3187,2.80906799231406,4,29,56,PB,Jagmeet Singh Sahota,IND,,,,,False,29,2017,AE
1736926,Lakhvir Singh,SAD(A),22321,1144,1.01,5,29,56,PB,Lakhvir Singh,SAD(A),,,,,False,29,2017,AE
1736927,Ram Singh,BSP,22303,942,0.830292453329102,6,29,56,PB,Ram Singh,BSP,,,,,False,29,2017,AE
1736928,None Of The Above,NOTA,22305,841,0.741269589437128,7,29,56,PB,None Of The Above,NOTA,,,,,False,29,2017,AE
1736929,Navab Ali,IND,22306,432,0.380771061399333,8,29,56,PB,Navab Ali,IND,,,,,False,29,2017,AE
1736930,Rajinder Singh,IND,22306,359,0.316427803338798,9,29,56,PB,Rajinder Singh,IND,,,,,False,29,2017,AE
1736931,Sanjiv Kumar Pilot,HSS,22333,222,0.195674017663546,10,29,56,PB,Sanjiv Kumar Pilot,HSS,,,,,False,29,2017,AE
1736932,Gurpreet Singh Bhatti Amampura,IND,22306,213,0.187741287217727,11,29,56,PB,Gurpreet Singh Bhatti Amampura,IND,,,,,False,29,2017,AE
1736933,Gurjinder Singh,JJJKP,22385,149,0.13133075960301,12,29,56,PB,Gurjinder Singh,JJJKP,,,,,False,29,2017,AE
1737020,Gurkirat Singh,INC,22301,55690,43.9951967894329,1,29,57,PB,Gurkirat Singh,INC,,,,,True,29,2017,AE
1737021,Anil Dutt Phally,AAAP,22302,35099,27.7282710021962,2,29,57,PB,Anil Dutt Phally,AAAP,,,,,False,29,2017,AE
1737022,Ranjit Singh Talwandi,SAD,22320,31845,25.1576053467317,3,29,57,PB,Ranjit Singh Talwandi,SAD,,,,,True,29,2017,AE
1737023,Shashi Vardhan,BSP,22303,1202,0.949582089080595,4,29,57,PB,Shashi Vardhan,BSP,,,,,False,29,2017,AE
1737024,None Of The Above,NOTA,22305,850,0.67150147730325,5,29,57,PB,None Of The Above,NOTA,,,,,False,29,2017,AE
1737025,Vijay Diamond,APPA,22319,451,0.356290783839724,6,29,57,PB,Vijay Diamond,APPA,,,,,False,29,2017,AE
1737026,Rajiv Vijan,SAD(A),22321,446,0.35,7,29,57,PB,Rajiv Vijan,SAD(A),,,,,False,29,2017,AE
1737027,Chander Dev Singh,IND,22306,393,0.310470683035502,8,29,57,PB,Chander Dev Singh,IND,,,,,False,29,2017,AE
1737028,Dharamjit Singh,SAPUNPA,22387,270,0.213300469261032,9,29,57,PB,Dharamjit Singh,SAPUNPA,,,,,False,29,2017,AE
1737029,Bhupinder Singh,IND,22306,174,0.137460302412665,10,29,57,PB,Bhupinder Singh,IND,,,,,False,29,2017,AE
1737030,Baljit Singh Sandhu,RSP,22350,162,0.127980281556619,11,29,57,PB,Baljit Singh Sandhu,RSP,,,,,False,29,2017,AE
1737114,Amrik Singh Dhillon,INC,22301,51930,38.4706562162001,1,29,58,PB,Amrik Singh Dhillon,INC,,,,,False,29,2017,AE
1737115,Sarbans Singh Manki,AAAP,22302,40925,30.3179588994414,2,29,58,PB,Sarbans Singh Manki,AAAP,,,,,False,29,2017,AE
1737116,Santa Singh Umaidpur,SAD,22320,38114,28.2355207206673,3,29,58,PB,Santa Singh Umaidpur,SAD,,,,,False,29,2017,AE
1737117,None Of The Above,NOTA,22305,1035,0.766746181085445,4,29,58,PB,None Of The Above,NOTA,,,,,False,29,2017,AE
1737118,Shingara Singh,SAD(A),22321,837,0.62,5,29,58,PB,Shingara Singh,SAD(A),,,,,False,29,2017,AE
1737119,Dalvir Singh,BSP,22303,687,0.508941668024832,6,29,58,PB,Dalvir Singh,BSP,,,,,False,29,2017,AE
1737120,Bhupinder Singh,APPA,22319,473,0.35040670884388,7,29,58,PB,Bhupinder Singh,APPA,,,,,False,29,2017,AE
1737121,Manohar Lal,DPI,22318,407,0.301512749470315,8,29,58,PB,Manohar Lal,DPI,,,,,False,29,2017,AE
1737122,Dilbag Singh,SAKAP,22407,386,0.285955580578726,9,29,58,PB,Dilbag Singh,SAKAP,,,,,False,29,2017,AE
1737123,Ashwani Kumar Dhand,RSP,22350,192,0.142236972723097,10,29,58,PB,Ashwani Kumar Dhand,RSP,,,,,False,29,2017,AE
1737215,Sharanjit Singh Dhillon,SAD,22320,63184,37.7258451654506,1,29,59,PB,Sharanjit Singh Dhillon,SAD,,,,,True,29,2017,AE
1737216,Satwinder Kaur Bitti,INC,22301,58633,35.008538230974,2,29,59,PB,Satwinder Kaur Bitti,INC,,,,,False,29,2017,AE
1737217,Harjot Singh Bains,AAAP,22302,39570,23.6264195555343,3,29,59,PB,Harjot Singh Bains,AAAP,,,,,False,29,2017,AE
1737218,Surinder Kumar,BSP,22303,1588,0.948161593484672,4,29,59,PB,Surinder Kumar,BSP,,,,,False,29,2017,AE
1737219,None Of The Above,NOTA,22305,1510,0.901589424535173,5,29,59,PB,None Of The Above,NOTA,,,,,False,29,2017,AE
1737220,Dalip Singh,IND,22306,624,0.372577351595992,6,29,59,PB,Dalip Singh,IND,,,,,False,29,2017,AE
1737221,Manbir Singh Grewal,SAD(A),22321,586,0.35,7,29,59,PB,Manbir Singh Grewal,SAD(A),,,,,False,29,2017,AE
1737222,Sushil Kumar,JKNPP,22409,411,0.245399505618514,8,29,59,PB,Sushil Kumar,JKNPP,,,,,False,29,2017,AE
1737223,Daljeet Singh Bajwa,IND,22306,352,0.210171839361841,9,29,59,PB,Daljeet Singh Bajwa,IND,,,,,False,29,2017,AE
1737224,Jagvir Singh Jaggi,SAPUNPA,22387,343,0.204798127559976,10,29,59,PB,Jagvir Singh Jaggi,SAPUNPA,,,,,False,29,2017,AE
1737225,Gurdeep Singh Kahlon,IND,22306,258,0.154046404986804,11,29,59,PB,Gurdeep Singh Kahlon,IND,,,,,True,29,2017,AE
1737226,Nagender Kumar,HSS,22333,244,0.145687297739458,12,29,59,PB,Nagender Kumar,HSS,,,,,False,29,2017,AE
1737227,Randhir Singh,BASD,22391,179,0.106877156948209,13,29,59,PB,Randhir Singh,BASD,,,,,False,29,2017,AE
1737355,Sanjeev Talwar,INC,22301,43010,33.0304961870166,1,29,60,PB,Sanjeev Talwar,INC,,,,,False,29,2017,AE
1737356,Daljit Singh Grewal Bholla,AAAP,22302,41429,31.8163317026717,2,29,60,PB,Daljit Singh Grewal Bholla,AAAP,,,,,False,29,2017,AE
1737357,Ranjit Singh Dhillon,SAD,22320,41313,31.7272468954712,3,29,60,PB,Ranjit Singh Dhillon,SAD,,,,,True,29,2017,AE
1737358,Gurpreet Singh,BSP,22303,2076,1.59431085989878,4,29,60,PB,Gurpreet Singh,BSP,,,,,False,29,2017,AE
1737359,None Of The Above,NOTA,22305,1067,0.819426631749518,5,29,60,PB,None Of The Above,NOTA,,,,,False,29,2017,AE
1737360,Jaswant Singh Cheema,SAD(A),22321,659,0.51,6,29,60,PB,Jaswant Singh Cheema,SAD(A),,,,,False,29,2017,AE
1737361,Hardeep Singh (Bawa),AITC,22329,371,0.284917788546458,7,29,60,PB,Hardeep Singh (Bawa),AITC,,,,,False,29,2017,AE
1737362,Ramesh Kumar,IND,22306,288,0.221176073049541,8,29,60,PB,Ramesh Kumar,IND,,,,,False,29,2017,AE
1737512,Balwinder Singh Bains,LIP,22340,53955,53.0463165966985,1,29,61,PB,Balwinder Singh Bains,LIP,,,,,False,29,2017,AE
1737513,Bhupinder Singh Sidhu,INC,22301,23038,22.6500054073717,2,29,61,PB,Bhupinder Singh Sidhu,INC,,,,,False,29,2017,AE
1737514,Hira Singh Gabria,SAD,22320,20554,20.2078397058389,3,29,61,PB,Hira Singh Gabria,SAD,,,,,False,29,2017,AE
1737515,Charan Singh,BSP,22303,1089,1.07065960103428,4,29,61,PB,Charan Singh,BSP,,,,,False,29,2017,AE
1737516,None Of The Above,NOTA,22305,944,0.928101619262041,5,29,61,PB,None Of The Above,NOTA,,,,,False,29,2017,AE
1737517,Maninder Sharma,IND,22306,513,0.50436030792524,6,29,61,PB,Maninder Sharma,IND,,,,,False,29,2017,AE
1737518,Sunder Lal,IND,22306,507,0.498461356955354,7,29,61,PB,Sunder Lal,IND,,,,,True,29,2017,AE
1737519,Kunvar Ranjan Singh,DEMSWP,22366,496,0.487646613510564,8,29,61,PB,Kunvar Ranjan Singh,DEMSWP,,,,,False,29,2017,AE
1737520,Parminder Singh Kuki,APPA,22319,378,0.371633911102808,9,29,61,PB,Parminder Singh Kuki,APPA,,,,,False,29,2017,AE
1737521,Darshan Singh Daba,JJJKP,22385,239,0.234974880300453,10,29,61,PB,Darshan Singh Daba,JJJKP,,,,,False,29,2017,AE
1737675,Simarjit Singh Bains,LIP,22340,53421,49.870704543545,1,29,62,PB,Simarjit Singh Bains,LIP,,,,,False,29,2017,AE
1737676,Kamal Jit Singh Karwal,INC,22301,36508,34.0817221968091,2,29,62,PB,Kamal Jit Singh Karwal,INC,,,,,False,29,2017,AE
1737677,Gurmeet Singh Kular,SAD,22320,14138,13.1984055116272,3,29,62,PB,Gurmeet Singh Kular,SAD,,,,,False,29,2017,AE
1737678,None Of The Above,NOTA,22305,963,0.899000177372828,4,29,62,PB,None Of The Above,NOTA,,,,,False,29,2017,AE
1737679,Avtar Singh,SAKAP,22407,685,0.639475723261046,5,29,62,PB,Avtar Singh,SAKAP,,,,,False,29,2017,AE
1737680,Ravi Kumar Vaid,SWAP,22436,520,0.48544142495729,6,29,62,PB,Ravi Kumar Vaid,SWAP,,,,,False,29,2017,AE
1737681,Shamsher Singh Grewal,IND,22306,219,0.204445523203166,7,29,62,PB,Shamsher Singh Grewal,IND,,,,,False,29,2017,AE
1737682,Ram Kishor Sharma,IND,22306,205,0.191375946377393,8,29,62,PB,Ram Kishor Sharma,IND,,,,,False,29,2017,AE
1737683,Udham Singh Gill,IND,22306,183,0.170838039936892,9,29,62,PB,Udham Singh Gill,IND,,,,,False,29,2017,AE
1737684,Rajesh Khokhar,IND,22306,144,0.134429933065095,10,29,62,PB,Rajesh Khokhar,IND,,,,,False,29,2017,AE
1737685,Deepak,NCP,22332,133,0.124160979844845,11,29,62,PB,Deepak,NCP,,,,,False,29,2017,AE
1737833,Surinder Kumar Dawar,INC,22301,47871,46.4712848988467,1,29,63,PB,Surinder Kumar Dawar,INC,,,,,True,29,2017,AE
1737834,Gurdev Sharma Debi,BJP,22300,27391,26.5901060070671,2,29,63,PB,Gurdev Sharma Debi,BJP,,,,,False,29,2017,AE
1737835,Vipan Sood Kaka,LIP,22340,25001,24.2699879625674,3,29,63,PB,Vipan Sood Kaka,LIP,,,,,False,29,2017,AE
1737836,None Of The Above,NOTA,22305,1064,1.03288937211198,4,29,63,PB,None Of The Above,NOTA,,,,,False,29,2017,AE
1737837,Sushil Kumar,AITC,22329,638,0.619345318991962,5,29,63,PB,Sushil Kumar,AITC,,,,,False,29,2017,AE
1737838,Rajeev Kumar,DEMSWP,22366,552,0.535859899817496,6,29,63,PB,Rajeev Kumar,DEMSWP,,,,,False,29,2017,AE
1737839,Akhlesh Singh,BSP,22303,495,0.480526540597211,7,29,63,PB,Akhlesh Singh,BSP,,,,,False,29,2017,AE
1737976,Bharat Bhushan Ashu,INC,22301,66627,54.3827286454719,1,29,64,PB,Bharat Bhushan Ashu,INC,,,,,True,29,2017,AE
1737977,Ahbaab Singh Grewal,AAAP,22302,30106,24.5733175529526,2,29,64,PB,Ahbaab Singh Grewal,AAAP,,,,,False,29,2017,AE
1737978,Kamal Chatly,BJP,22300,22620,18.4630453413867,3,29,64,PB,Kamal Chatly,BJP,,,,,False,29,2017,AE
1737979,None Of The Above,NOTA,22305,1066,0.870097539076847,4,29,64,PB,None Of The Above,NOTA,,,,,False,29,2017,AE
1737980,Kunal,BSP,22303,456,0.372199322531934,5,29,64,PB,Kunal,BSP,,,,,True,29,2017,AE
1737981,Arun Kumar,NCP,22332,272,0.222013630983961,6,29,64,PB,Arun Kumar,NCP,,,,,False,29,2017,AE
1737982,Jagroop Singh Karara,RPI(A),22352,251,0.204872872709464,7,29,64,PB,Jagroop Singh Karara,RPI(A),,,,,False,29,2017,AE
1737983,Arshdeep Singh,IND,22306,247,0.201607966371464,8,29,64,PB,Arshdeep Singh,IND,,,,,False,29,2017,AE
1737984,Baldev Raj Katna,IND,22306,211,0.172223809329469,9,29,64,PB,Baldev Raj Katna,IND,,,,,False,29,2017,AE
1737985,Navpreet Singh Bedi,IND,22306,199,0.162429090315471,10,29,64,PB,Navpreet Singh Bedi,IND,,,,,True,29,2017,AE
1737986,Balkaur Singh Gill,APPA,22319,134,0.10937436232298,11,29,64,PB,Balkaur Singh Gill,APPA,,,,,False,29,2017,AE
1737987,Krishan Lal Babbar,IND,22306,109,0.0889686977104844,12,29,64,PB,Krishan Lal Babbar,IND,,,,,False,29,2017,AE
1737988,Ram Kumar,LPSP,22427,92,0.0750928457739868,13,29,64,PB,Ram Kumar,LPSP,,,,,False,29,2017,AE
1737989,Mandeep Singh Dhaliwal,SWAP,22436,75,0.0612169938374892,14,29,64,PB,Mandeep Singh Dhaliwal,SWAP,,,,,False,29,2017,AE
1737990,Vaid Ram Singh Deepak,BMUP,22316,50,0.0408113292249928,15,29,64,PB,Vaid Ram Singh Deepak,BMUP,,,,,False,29,2017,AE
1738132,Rakesh Panday,INC,22301,44864,36.0188508072609,1,29,65,PB,Rakesh Panday,INC,,,,,True,29,2017,AE
1738133,Parveen Bansal,BJP,22300,39732,31.8986488113875,2,29,65,PB,Parveen Bansal,BJP,,,,,True,29,2017,AE
1738134,Randhir Singh Sivia,LIP,22340,20387,16.3676067984938,3,29,65,PB,Randhir Singh Sivia,LIP,,,,,False,29,2017,AE
1738135,Madan Lal Bagga,IND,22306,12136,9.74333036280578,4,29,65,PB,Madan Lal Bagga,IND,,,,,False,29,2017,AE
1738136,Hem Raj Aggarwal,IND,22306,3011,2.41736714917668,5,29,65,PB,Hem Raj Aggarwal,IND,,,,,False,29,2017,AE
1738137,Rajinder Kumar,BSP,22303,1513,1.21470491421598,6,29,65,PB,Rajinder Kumar,BSP,,,,,False,29,2017,AE
1738138,None Of The Above,NOTA,22305,1307,1.04931878577679,7,29,65,PB,None Of The Above,NOTA,,,,,False,29,2017,AE
1738139,Parveen Dang,IND,22306,624,0.500975457019677,8,29,65,PB,Parveen Dang,IND,,,,,False,29,2017,AE
1738140,Jeet Sharma,JKNPP,22409,339,0.272164551169344,9,29,65,PB,Jeet Sharma,JKNPP,,,,,False,29,2017,AE
1738141,Rakesh Jain,IND,22306,245,0.196697094502918,10,29,65,PB,Rakesh Jain,IND,,,,,False,29,2017,AE
1738142,Prem Bhushan Jain,SHS,22312,204,0.163780437871817,11,29,65,PB,Prem Bhushan Jain,SHS,,,,,False,29,2017,AE
1738143,Joginder Lal,BMUP,22316,195,0.156554830318649,12,29,65,PB,Joginder Lal,BMUP,,,,,False,29,2017,AE
1738282,Kuldeep Singh Vaid(Bulara),INC,22301,67927,37.4823422946188,1,29,66,PB,Kuldeep Singh Vaid(Bulara),INC,,,,,False,29,2017,AE
1738283,Jiwan Singh Sangowal,AAAP,22302,59286,32.7142100384055,2,29,66,PB,Jiwan Singh Sangowal,AAAP,,,,,False,29,2017,AE
1738284,Darshan Singh Shivalik,SAD,22320,46476,25.6456098529996,3,29,66,PB,Darshan Singh Shivalik,SAD,,,,,True,29,2017,AE
1738285,Bikker Singh,BSP,22303,3455,1.90648037787489,4,29,66,PB,Bikker Singh,BSP,,,,,False,29,2017,AE
1738286,None Of The Above,NOTA,22305,1647,0.908820023837902,5,29,66,PB,None Of The Above,NOTA,,,,,False,29,2017,AE
1738287,Kartinder Pal Singh,IND,22306,886,0.488897717741579,6,29,66,PB,Kartinder Pal Singh,IND,,,,,False,29,2017,AE
1738288,Kuldeep Singh,IND,22306,414,0.22844656336909,7,29,66,PB,Kuldeep Singh,IND,,,,,False,29,2017,AE
1738289,Darshan Singh,IND,22306,406,0.224032137023793,8,29,66,PB,Darshan Singh,IND,,,,,False,29,2017,AE
1738290,Sukhpreet Singh,APPA,22319,376,0.207478038228932,9,29,66,PB,Sukhpreet Singh,APPA,,,,,False,29,2017,AE
1738291,Harbans Singh,BMUP,22316,179,0.0987727894760075,10,29,66,PB,Harbans Singh,BMUP,,,,,False,29,2017,AE
1738292,Sunit,IND,22306,172,0.0949101664238732,11,29,66,PB,Sunit,IND,,,,,False,29,2017,AE
1738405,Lakhvir Singh Lakha,INC,22301,57776,43.9541712946761,1,29,67,PB,Lakhvir Singh Lakha,INC,,,,,False,29,2017,AE
1738406,Gurpreet Singh Lapran,AAAP,22302,36280,27.6006877348873,2,29,67,PB,Gurpreet Singh Lapran,AAAP,,,,,False,29,2017,AE
1738407,Isher Singh Meharban,SAD,22320,33044,25.1388402842231,3,29,67,PB,Isher Singh Meharban,SAD,,,,,False,29,2017,AE
1738408,Gurvinder Singh,SAD(A),22321,831,0.63,4,29,67,PB,Gurvinder Singh,SAD(A),,,,,False,29,2017,AE
1738409,None Of The Above,NOTA,22305,702,0.534059613833817,5,29,67,PB,None Of The Above,NOTA,,,,,False,29,2017,AE
1738410,Dalbara Singh,BSP,22303,618,0.470155044657121,6,29,67,PB,Dalbara Singh,BSP,,,,,False,29,2017,AE
1738411,Advocate Inderjit Singh,DEMSWP,22366,402,0.305829009631331,7,29,67,PB,Advocate Inderjit Singh,DEMSWP,,,,,False,29,2017,AE
1738412,Karan Kangra,IND,22306,363,0.276159031085008,8,29,67,PB,Karan Kangra,IND,,,,,False,29,2017,AE
1738413,Captain Rampal Singh,APPA,22319,347,0.263986732194209,9,29,67,PB,Captain Rampal Singh,APPA,,,,,False,29,2017,AE
1738414,Sandeep Singh,AITC,22329,328,0.249532127261384,10,29,67,PB,Sandeep Singh,AITC,,,,,False,29,2017,AE
1738415,Jagtar Singh,IND,22306,227,0.172694490513214,11,29,67,PB,Jagtar Singh,IND,,,,,False,29,2017,AE
1738417,Kulwant Singh Cheema,NCP,22332,186,0.141502974605541,12,29,67,PB,Kulwant Singh Cheema,NCP,,,,,False,29,2017,AE
1738416,Samser Singh,IND,22306,186,0.141502974605541,12,29,67,PB,Samser Singh,IND,,,,,False,29,2017,AE
1738418,Prem Singh,IND,22306,156,0.118679914185292,14,29,67,PB,Prem Singh,IND,,,,,True,29,2017,AE
1738534,Harvinder Singh Phoolka,AAAP,22302,58923,40.2790405162454,1,29,68,PB,Harvinder Singh Phoolka,AAAP,,,,,False,29,2017,AE
1738535,Manpreet Singh Ayali,SAD,22320,54754,37.4291632202451,2,29,68,PB,Manpreet Singh Ayali,SAD,,,,,True,29,2017,AE
1738536,Major Singh Bhaini,INC,22301,28571,19.5307853739566,3,29,68,PB,Major Singh Bhaini,INC,,,,,False,29,2017,AE
1738537,None Of The Above,NOTA,22305,981,0.670599574808424,4,29,68,PB,None Of The Above,NOTA,,,,,False,29,2017,AE
1738538,Tarsem Jodhan,DEMSWP,22366,888,0.607025914811295,5,29,68,PB,Tarsem Jodhan,DEMSWP,,,,,False,29,2017,AE
1738539,Jaswinder Singh,BSP,22303,652,0.445699207721807,6,29,68,PB,Jaswinder Singh,BSP,,,,,False,29,2017,AE
1738540,Manpreet Singh Akali,IND,22306,564,0.385543486434201,7,29,68,PB,Manpreet Singh Akali,IND,,,,,False,29,2017,AE
1738541,Joginder Singh,SAD(A),22321,460,0.31,8,29,68,PB,Joginder Singh,SAD(A),,,,,False,29,2017,AE
1738542,Kulwant Singh,APPA,22319,263,0.179783576120913,9,29,68,PB,Kulwant Singh,APPA,,,,,False,29,2017,AE
1738543,Gursharan Singh Jassal,JKNPP,22409,231,0.157908768379965,10,29,68,PB,Gursharan Singh Jassal,JKNPP,,,,,False,29,2017,AE
1738652,Jagtar Singh Jagga Hissowal,AAAP,22302,48245,40.9334645602484,1,29,69,PB,Jagtar Singh Jagga Hissowal,AAAP,,,,,False,29,2017,AE
1738653,Amar Singh,INC,22301,37631,31.9280175120055,2,29,69,PB,Amar Singh,INC,,,,,False,29,2017,AE
1738654,Inder Iqbal Singh Atwal,SAD,22320,29019,24.6211671276577,3,29,69,PB,Inder Iqbal Singh Atwal,SAD,,,,,False,29,2017,AE
1738655,Surinder Singh,BSP,22303,878,0.744938996453479,4,29,69,PB,Surinder Singh,BSP,,,,,False,29,2017,AE
1738656,None Of The Above,NOTA,22305,816,0.69233510376542,5,29,69,PB,None Of The Above,NOTA,,,,,False,29,2017,AE
1738657,Mota Singh,CPM,22328,662,0.561673821927338,6,29,69,PB,Mota Singh,CPM,,,,,False,29,2017,AE
1738658,Daljit Singh,IND,22306,309,0.262171013558229,7,29,69,PB,Daljit Singh,IND,,,,,False,29,2017,AE
1738659,Sikandar Singh,BMUP,22316,302,0.25623186438377,8,29,69,PB,Sikandar Singh,BMUP,,,,,False,29,2017,AE
1738770,Saravjit Kaur Manuke,AAAP,22302,61521,45.3500715033392,1,29,70,PB,Saravjit Kaur Manuke,AAAP,,,,,False,29,2017,AE
1738771,Malkiat Singh Dakha,INC,22301,35945,26.4967786639932,2,29,70,PB,Malkiat Singh Dakha,INC,,,,,False,29,2017,AE
1738772,Amarjit Kaur Sahoke,SAD,22320,33295,24.543336920786,3,29,70,PB,Amarjit Kaur Sahoke,SAD,,,,,False,29,2017,AE
1738773,Avtar Singh Billa,IND,22306,1564,1.15289920240605,4,29,70,PB,Avtar Singh Billa,IND,,,,,False,29,2017,AE
1738774,None Of The Above,NOTA,22305,996,0.73419923631485,5,29,70,PB,None Of The Above,NOTA,,,,,False,29,2017,AE
1738775,Subedar Sadhu Singh Tappar,BSP,22303,591,0.435654366126583,6,29,70,PB,Subedar Sadhu Singh Tappar,BSP,,,,,False,29,2017,AE
1738776,Baljit Singh,CPM,22328,546,0.402482713883442,7,29,70,PB,Baljit Singh,CPM,,,,,False,29,2017,AE
1738777,Gurmit Singh,IND,22306,499,0.36783676598505,8,29,70,PB,Gurmit Singh,IND,,,,,False,29,2017,AE
1738778,Jasvir Singh,APPA,22319,396,0.291910539739639,9,29,70,PB,Jasvir Singh,APPA,,,,,False,29,2017,AE
1738779,Gurminder Kaur,IND,22306,305,0.224830087425732,10,29,70,PB,Gurminder Kaur,IND,,,,,False,29,2017,AE
1738898,Manjit Singh,AAAP,22302,67313,44.4683001592093,1,29,71,PB,Manjit Singh,AAAP,,,,,False,29,2017,AE
1738899,Rajwinder Kaur,INC,22301,39739,26.2523699735091,2,29,71,PB,Rajwinder Kaur,INC,,,,,False,29,2017,AE
1738900,S R Kaler,SAD,22320,34865,23.0325091000376,3,29,71,PB,S R Kaler,SAD,,,,,False,29,2017,AE
1738901,Mohinder Singh,CPI,22304,4196,2.77196065348509,4,29,71,PB,Mohinder Singh,CPI,,,,,True,29,2017,AE
1738902,None Of The Above,NOTA,22305,1010,0.667225991425155,5,29,71,PB,None Of The Above,NOTA,,,,,False,29,2017,AE
1738903,Kubdeep Singh,SAD(A),22321,987,0.65,6,29,71,PB,Kubdeep Singh,SAD(A),,,,,False,29,2017,AE
1738904,Kewal Singh,BSP,22303,823,0.543690090042477,7,29,71,PB,Kewal Singh,BSP,,,,,True,29,2017,AE
1738905,Bharbhur Singh,IND,22306,609,0.402317454235563,8,29,71,PB,Bharbhur Singh,IND,,,,,False,29,2017,AE
1738906,Manjit Kaur,IND,22306,563,0.371928943735012,9,29,71,PB,Manjit Kaur,IND,,,,,False,29,2017,AE
1738907,Jarmanjit Singh,DEMSWP,22366,518,0.34220105302795,10,29,71,PB,Jarmanjit Singh,DEMSWP,,,,,False,29,2017,AE
1738908,Ranjeet Singh,IND,22306,379,0.250374901732805,11,29,71,PB,Ranjeet Singh,IND,,,,,False,29,2017,AE
1738909,Karam Chand,IND,22306,371,0.245089943384883,12,29,71,PB,Karam Chand,IND,,,,,False,29,2017,AE
1739015,Darshan Singh Brar,INC,22301,48668,35.2538935168417,1,29,72,PB,Darshan Singh Brar,INC,,,,,False,29,2017,AE
1739016,Gurbinder Singh Kang,AAAP,22302,41418,30.0021731256791,2,29,72,PB,Gurbinder Singh Kang,AAAP,,,,,False,29,2017,AE
1739017,Tirath Singh Mahla,SAD,22320,41283,29.9043824701195,3,29,72,PB,Tirath Singh Mahla,SAD,,,,,False,29,2017,AE
1739018,Parminder Singh,IND,22306,3931,2.84751901484969,4,29,72,PB,Parminder Singh,IND,,,,,False,29,2017,AE
1739019,None Of The Above,NOTA,22305,897,0.64976457805143,5,29,72,PB,None Of The Above,NOTA,,,,,False,29,2017,AE
1739020,Mander Singh,BSP,22303,871,0.630930822165881,6,29,72,PB,Mander Singh,BSP,,,,,False,29,2017,AE
1739021,Nirmal Singh,NAIP,22446,610,0.441868888084027,7,29,72,PB,Nirmal Singh,NAIP,,,,,False,29,2017,AE
1739022,Sukhdev Raj,OP,22447,372,0.26946758420862,8,29,72,PB,Sukhdev Raj,OP,,,,,False,29,2017,AE
1739127,Harjot Kamal Singh,INC,22301,52357,35.9933453867993,1,29,73,PB,Harjot Kamal Singh,INC,,,,,False,29,2017,AE
1739128,Ramesh Grover,AAAP,22302,50593,34.780665873796,2,29,73,PB,Ramesh Grover,AAAP,,,,,False,29,2017,AE
1739129,Barjinder Singh Makhan Brar,SAD,22320,36587,25.1521005341564,3,29,73,PB,Barjinder Singh Makhan Brar,SAD,,,,,False,29,2017,AE
1739130,Manjeet Singh Maan,IND,22306,1801,1.23811553453455,4,29,73,PB,Manjeet Singh Maan,IND,,,,,False,29,2017,AE
1739131,Kulwant Singh,BSP,22303,858,0.589840715508411,5,29,73,PB,Kulwant Singh,BSP,,,,,False,29,2017,AE
1739132,None Of The Above,NOTA,22305,785,0.539656132487299,6,29,73,PB,None Of The Above,NOTA,,,,,False,29,2017,AE
1739133,Sandhura Singh Daulatpura,AITC,22329,569,0.391164763548118,7,29,73,PB,Sandhura Singh Daulatpura,AITC,,,,,False,29,2017,AE
1739134,Amar Kumar,SHS,22312,488,0.335480500195926,8,29,73,PB,Amar Kumar,SHS,,,,,False,29,2017,AE
1739135,Rekha Kapoor,IND,22306,389,0.267421956098801,9,29,73,PB,Rekha Kapoor,IND,,,,,False,29,2017,AE
1739136,Bhupinder Kaur,IND,22306,348,0.239236094402012,10,29,73,PB,Bhupinder Kaur,IND,,,,,False,29,2017,AE
1739137,Paramjit,IND,22306,310,0.213112612829379,11,29,73,PB,Paramjit,IND,,,,,False,29,2017,AE
1739138,Shriram Danwal,HSS,22333,202,0.138866928359789,12,29,73,PB,Shriram Danwal,HSS,,,,,False,29,2017,AE
1739139,Jagtar Singh,IND,22306,176,0.120992967283776,13,29,73,PB,Jagtar Singh,IND,,,,,False,29,2017,AE
1739246,Sukhjit Singh,INC,22301,63238,43.9164976804911,1,29,74,PB,Sukhjit Singh,INC,,,,,True,29,2017,AE
1739247,Tota Singh,SAD,22320,41020,28.4869024139559,2,29,74,PB,Tota Singh,SAD,,,,,True,29,2017,AE
1739248,Daljit Singh,AAAP,22302,34615,24.0388621906164,3,29,74,PB,Daljit Singh,AAAP,,,,,False,29,2017,AE
1739249,Surat Singh,CPI,22304,1325,0.920164449012472,4,29,74,PB,Surat Singh,CPI,,,,,False,29,2017,AE
1739250,Balraj Singh,SAD(A),22321,1089,0.76,5,29,74,PB,Balraj Singh,SAD(A),,,,,False,29,2017,AE
1739251,None Of The Above,NOTA,22305,1009,0.700713908719686,6,29,74,PB,None Of The Above,NOTA,,,,,False,29,2017,AE
1739252,Jagga Singh,BSP,22303,456,0.316675463207311,7,29,74,PB,Jagga Singh,BSP,,,,,False,29,2017,AE
1739253,Vikas,IND,22306,312,0.21667268535237,8,29,74,PB,Vikas,IND,,,,,False,29,2017,AE
1739254,Baljit Singh,IKL,22382,291,0.202088946915192,9,29,74,PB,Baljit Singh,IKL,,,,,False,29,2017,AE
1739255,Sukhpal Singh,APPA,22319,258,0.179171643656768,10,29,74,PB,Sukhpal Singh,APPA,,,,,False,29,2017,AE
1739256,Manjit Kaur,IND,22306,197,0.136809355815439,11,29,74,PB,Manjit Kaur,IND,,,,,False,29,2017,AE
1739257,Gurdeep Singh,BMUP,22316,186,0.129170254729298,12,29,74,PB,Gurdeep Singh,BMUP,,,,,False,29,2017,AE
1739356,Kulbir Singh,INC,22301,69899,46.1766629451751,1,29,75,PB,Kulbir Singh,INC,,,,,False,29,2017,AE
1739357,Hari Singh Zira,SAD,22320,46828,30.9355036895615,2,29,75,PB,Hari Singh Zira,SAD,,,,,False,29,2017,AE
1739358,Gurpreet Singh,AAAP,22302,30947,20.4442007491428,3,29,75,PB,Gurpreet Singh,AAAP,,,,,False,29,2017,AE
1739359,Stephen Bhatti,SHS,22312,665,0.439312162671017,4,29,75,PB,Stephen Bhatti,SHS,,,,,False,29,2017,AE
1739360,None Of The Above,NOTA,22305,622,0.410905511550937,5,29,75,PB,None Of The Above,NOTA,,,,,False,29,2017,AE
1739361,Sukhwinder Singh,BSP,22303,573,0.378535141669914,6,29,75,PB,Sukhwinder Singh,BSP,,,,,False,29,2017,AE
1739362,Gurpreet Singh,IND,22306,502,0.331631136332106,7,29,75,PB,Gurpreet Singh,IND,,,,,False,29,2017,AE
1739363,Dharminder Singh,IND,22306,345,0.227913828754137,8,29,75,PB,Dharminder Singh,IND,,,,,False,29,2017,AE
1739364,Gurpreet Singh,IND,22306,331,0.218665151645273,9,29,75,PB,Gurpreet Singh,IND,,,,,False,29,2017,AE
1739365,Gurpreet Singh,IND,22306,198,0.13080271911107,10,29,75,PB,Gurpreet Singh,IND,,,,,False,29,2017,AE
1739366,Kulbir Singh,IND,22306,195,0.128820859730599,11,29,75,PB,Kulbir Singh,IND,,,,,False,29,2017,AE
1739367,Kulbir Singh,IND,22306,147,0.0971111096430671,12,29,75,PB,Kulbir Singh,IND,,,,,False,29,2017,AE
1739368,Kulbir Singh,IND,22306,121,0.0799349950123205,13,29,75,PB,Kulbir Singh,IND,,,,,False,29,2017,AE
1739487,Parminder Singh Pinki,INC,22301,67559,53.8533280191311,1,29,76,PB,Parminder Singh Pinki,INC,,,,,True,29,2017,AE
1739488,Sukhpal Singh,BJP,22300,37972,30.2686329214826,2,29,76,PB,Sukhpal Singh,BJP,,,,,True,29,2017,AE
1739489,Narinder Singh,AAAP,22302,16202,12.9151056197688,3,29,76,PB,Narinder Singh,AAAP,,,,,False,29,2017,AE
1739490,None Of The Above,NOTA,22305,934,0.744519728975687,4,29,76,PB,None Of The Above,NOTA,,,,,False,29,2017,AE
1739491,Rakesh,BSP,22303,796,0.634515743324033,5,29,76,PB,Rakesh,BSP,,,,,False,29,2017,AE
1739492,Tejinder Singh,SAD(A),22321,470,0.37,6,29,76,PB,Tejinder Singh,SAD(A),,,,,False,29,2017,AE
1739493,Rajinder,IND,22306,394,0.31406935033878,7,29,76,PB,Rajinder,IND,,,,,False,29,2017,AE
1739494,Mukesh Kumar,SHS,22312,391,0.311677959346353,8,29,76,PB,Mukesh Kumar,SHS,,,,,False,29,2017,AE
1739495,Raj,IND,22306,310,0.247110402550817,9,29,76,PB,Raj,IND,,,,,False,29,2017,AE
1739496,Mohinder Singh,IND,22306,176,0.140294938222399,10,29,76,PB,Mohinder Singh,IND,,,,,False,29,2017,AE
1739497,Parminder Singh,IND,22306,134,0.106815464328417,11,29,76,PB,Parminder Singh,IND,,,,,False,29,2017,AE
1739498,Kashmir Singh,IND,22306,112,0.0892785970506177,12,29,76,PB,Kashmir Singh,IND,,,,,False,29,2017,AE
1739619,Satkar Kaur,INC,22301,71037,45.3296492929705,1,29,77,PB,Satkar Kaur,INC,,,,,True,29,2017,AE
1739620,Joginder Singh Alias Jindu,SAD,22320,49657,31.6867885037521,2,29,77,PB,Joginder Singh Alias Jindu,SAD,,,,,True,29,2017,AE
1739621,Mohan Singh Falian Wala,AAAP,22302,32011,20.4266425034458,3,29,77,PB,Mohan Singh Falian Wala,AAAP,,,,,False,29,2017,AE
1739622,Joginder Singh,IND,22306,924,0.589616621573331,4,29,77,PB,Joginder Singh,IND,,,,,False,29,2017,AE
1739623,None Of The Above,NOTA,22305,920,0.587064168666088,5,29,77,PB,None Of The Above,NOTA,,,,,False,29,2017,AE
1739624,Puran,BSP,22303,698,0.445403032314053,6,29,77,PB,Puran,BSP,,,,,False,29,2017,AE
1739625,Lal Singh Sulhani,SAD(A),22321,498,0.32,7,29,77,PB,Lal Singh Sulhani,SAD(A),,,,,False,29,2017,AE
1739626,Amarjit Singh Gharu,IND,22306,276,0.176119250599826,8,29,77,PB,Amarjit Singh Gharu,IND,,,,,False,29,2017,AE
1739627,Badal Singh,SWAP,22436,261,0.166547552197661,9,29,77,PB,Badal Singh,SWAP,,,,,False,29,2017,AE
1739628,Sunny Kumar,IND,22306,228,0.1454898157129,10,29,77,PB,Sunny Kumar,IND,,,,,False,29,2017,AE
1739629,Sajan,IND,22306,202,0.128898871815814,11,29,77,PB,Sajan,IND,,,,,False,29,2017,AE
1739753,Gurmeet Singh Sodhi,INC,22301,62787,45.7304549228685,1,29,78,PB,Gurmeet Singh Sodhi,INC,,,,,True,29,2017,AE
1739754,Vardev Singh,SAD,22320,56991,41.508980465848,2,29,78,PB,Vardev Singh,SAD,,,,,True,29,2017,AE
1739755,Malkit Chand,AAAP,22302,14282,10.4021908549286,3,29,78,PB,Malkit Chand,AAAP,,,,,False,29,2017,AE
1739756,None Of The Above,NOTA,22305,724,0.527320135763084,4,29,78,PB,None Of The Above,NOTA,,,,,False,29,2017,AE
1739757,Gurmukh Singh,BSP,22303,530,0.386021646345904,5,29,78,PB,Gurmukh Singh,BSP,,,,,False,29,2017,AE
1739758,Iqbal Singh,SAD(A),22321,462,0.34,6,29,78,PB,Iqbal Singh,SAD(A),,,,,False,29,2017,AE
1739759,Gurmit Singh,IND,22306,413,0.300805547058223,7,29,78,PB,Gurmit Singh,IND,,,,,False,29,2017,AE
1739760,Gurmeet Singh Sodhi,IND,22306,245,0.178443968593861,8,29,78,PB,Gurmeet Singh Sodhi,IND,,,,,False,29,2017,AE
1739761,Manoj Kumar,IND,22306,192,0.139841803959271,9,29,78,PB,Manoj Kumar,IND,,,,,True,29,2017,AE
1739762,Gurmit Singh,IND,22306,166,0.120904893006453,10,29,78,PB,Gurmit Singh,IND,,,,,False,29,2017,AE
1739763,Harbhajan Singh,IKL,22382,123,0.089586155661408,11,29,78,PB,Harbhajan Singh,IKL,,,,,False,29,2017,AE
1739764,Sham Lal,IND,22306,99,0.0721059301664991,12,29,78,PB,Sham Lal,IND,,,,,False,29,2017,AE
1739765,Swaran Singh Alias Rocky,IND,22306,93,0.0677358737927719,13,29,78,PB,Swaran Singh Alias Rocky,IND,,,,,False,29,2017,AE
1739766,Raj Kumar,APPA,22319,65,0.0473422773820448,14,29,78,PB,Raj Kumar,APPA,,,,,False,29,2017,AE
1739767,Sandeep Singh,IND,22306,64,0.0466139346530903,15,29,78,PB,Sandeep Singh,IND,,,,,False,29,2017,AE
1739768,Kulwant Singh,SAPUNPA,22387,62,0.0451572491951812,16,29,78,PB,Kulwant Singh,SAPUNPA,,,,,False,29,2017,AE
1739895,Sukhbir Singh Badal,SAD,22320,75271,44.5261433075617,1,29,79,PB,Sukhbir Singh Badal,SAD,,,,,True,29,2017,AE
1739896,Bhagwant Mann,AAAP,22302,56771,33.5825707339292,2,29,79,PB,Bhagwant Mann,AAAP,,,,,False,29,2017,AE
1739897,Ravneet Singh Bittu,INC,22301,31539,18.6567208324213,3,29,79,PB,Ravneet Singh Bittu,INC,,,,,False,29,2017,AE
1739898,Surinder Singh,CPI,22304,1743,1.03106199977521,4,29,79,PB,Surinder Singh,CPI,,,,,False,29,2017,AE
1739899,None Of The Above,NOTA,22305,1112,0.657797443344829,5,29,79,PB,None Of The Above,NOTA,,,,,False,29,2017,AE
1739900,Balwinder Singh,IND,22306,653,0.386278534626055,6,29,79,PB,Balwinder Singh,IND,,,,,False,29,2017,AE
1739901,Malkit Singh,BSP,22303,528,0.312335476696105,7,29,79,PB,Malkit Singh,BSP,,,,,False,29,2017,AE
1739902,Bakhshish Singh,APPA,22319,366,0.216505273618891,8,29,79,PB,Bakhshish Singh,APPA,,,,,False,29,2017,AE
1739903,Mukhtiar Singh,IND,22306,351,0.207632106667297,9,29,79,PB,Mukhtiar Singh,IND,,,,,False,29,2017,AE
1739904,Gurmit Singh,SAD(A),22321,350,0.21,10,29,79,PB,Gurmit Singh,SAD(A),,,,,False,29,2017,AE
1739905,Swaran Singh Rocky,IND,22306,196,0.11594271483416,11,29,79,PB,Swaran Singh Rocky,IND,,,,,False,29,2017,AE
1739906,Joginder Singh,IND,22306,169,0.0999710143212914,12,29,79,PB,Joginder Singh,IND,,,,,False,29,2017,AE
1740029,Davinder Singh Ghubaya,INC,22301,39276,27.4517204503994,1,29,80,PB,Davinder Singh Ghubaya,INC,,,,,False,29,2017,AE
1740030,Surjit Kumar Jyani,BJP,22300,39011,27.2665003180194,2,29,80,PB,Surjit Kumar Jyani,BJP,,,,,True,29,2017,AE
1740031,Rajdeep Kaur,IND,22306,38135,26.6542254653218,3,29,80,PB,Rajdeep Kaur,IND,,,,,True,29,2017,AE
1740032,Samarbir Singh Sidhu,AAAP,22302,16404,11.4654756662682,4,29,80,PB,Samarbir Singh Sidhu,AAAP,,,,,False,29,2017,AE
1740033,Kirti Choudhary,APPA,22319,3892,2.7202896423504,5,29,80,PB,Kirti Choudhary,APPA,,,,,False,29,2017,AE
1740034,Ramesh Kataria,IND,22306,2321,1.62224878209026,6,29,80,PB,Ramesh Kataria,IND,,,,,False,29,2017,AE
1740035,None Of The Above,NOTA,22305,669,0.467593466272462,7,29,80,PB,None Of The Above,NOTA,,,,,False,29,2017,AE
1740036,Vinod Kumar,IND,22306,639,0.446625149399257,8,29,80,PB,Vinod Kumar,IND,,,,,False,29,2017,AE
1740037,Harjeet Singh,BSP,22303,630,0.440334654337296,9,29,80,PB,Harjeet Singh,BSP,,,,,False,29,2017,AE
1740038,Naginder Singh,IND,22306,511,0.357160330740251,10,29,80,PB,Naginder Singh,IND,,,,,False,29,2017,AE
1740039,Rachna Kataria,IND,22306,383,0.267695512081245,11,29,80,PB,Rachna Kataria,IND,,,,,False,29,2017,AE
1740040,Surya Prakash,IND,22306,344,0.240436700146079,12,29,80,PB,Surya Prakash,IND,,,,,False,29,2017,AE
1740041,Gurjinder Singh,IKL,22382,290,0.202693729774311,13,29,80,PB,Gurjinder Singh,IKL,,,,,False,29,2017,AE
1740042,Makhan Singh,SAD(A),22321,227,0.16,14,29,80,PB,Makhan Singh,SAD(A),,,,,False,29,2017,AE
1740043,Arun,IND,22306,189,0.132100396301188,15,29,80,PB,Arun,IND,,,,,True,29,2017,AE
1740044,Kashmir Singh,IND,22306,152,0.106239472157569,16,29,80,PB,Kashmir Singh,IND,,,,,False,29,2017,AE
1740168,Arun Narang,BJP,22300,55091,44.027363760599,1,29,81,PB,Arun Narang,BJP,,,,,False,29,2017,AE
1740169,Sunil Kumar Jakhar,INC,22301,51812,41.4068681121083,2,29,81,PB,Sunil Kumar Jakhar,INC,,,,,True,29,2017,AE
1740170,Atul Nagpal,AAAP,22302,13888,11.0989458878437,3,29,81,PB,Atul Nagpal,AAAP,,,,,False,29,2017,AE
1740171,None Of The Above,NOTA,22305,1212,0.968600404382677,4,29,81,PB,None Of The Above,NOTA,,,,,False,29,2017,AE
1740172,Prithi Raj,BSP,22303,642,0.513070511232408,5,29,81,PB,Prithi Raj,BSP,,,,,False,29,2017,AE
1740173,Nathu Ram,IND,22306,614,0.490693604200465,6,29,81,PB,Nathu Ram,IND,,,,,False,29,2017,AE
1740174,Dilbag Singh,IND,22306,550,0.439546388127452,7,29,81,PB,Dilbag Singh,IND,,,,,False,29,2017,AE
1740175,Ram Kumar,RMPOI,22314,414,0.3308585539723,8,29,81,PB,Ram Kumar,RMPOI,,,,,False,29,2017,AE
1740176,Gurjant Singh,IND,22306,335,0.267723709132175,9,29,81,PB,Gurjant Singh,IND,,,,,True,29,2017,AE
1740177,Ashok Kumar,IND,22306,298,0.238154224839965,10,29,81,PB,Ashok Kumar,IND,,,,,False,29,2017,AE
1740178,Shiv Lal Doda,IND,22306,165,0.131863916438235,11,29,81,PB,Shiv Lal Doda,IND,,,,,True,29,2017,AE
1740179,Amit Doda,IND,22306,108,0.0863109271232088,12,29,81,PB,Amit Doda,IND,,,,,False,29,2017,AE
1740291,Nathu Ram,INC,22301,65607,45.963877368008,1,29,82,PB,Nathu Ram,INC,,,,,False,29,2017,AE
1740292,Parkash Singh Bhatti,SAD,22320,50158,35.1403990584015,2,29,82,PB,Parkash Singh Bhatti,SAD,,,,,False,29,2017,AE
1740293,Simarjeet Singh,AAAP,22302,22464,15.7381459477637,3,29,82,PB,Simarjeet Singh,AAAP,,,,,False,29,2017,AE
1740294,None Of The Above,NOTA,22305,1175,0.823198071965026,4,29,82,PB,None Of The Above,NOTA,,,,,False,29,2017,AE
1740295,Giriraj Rajora,AITC,22329,1072,0.751036879273624,5,29,82,PB,Giriraj Rajora,AITC,,,,,False,29,2017,AE
1740296,Satish Kumar,BSP,22303,888,0.622127564174419,6,29,82,PB,Satish Kumar,BSP,,,,,False,29,2017,AE
1740297,Vinod Kumar,IND,22306,705,0.493918843179015,7,29,82,PB,Vinod Kumar,IND,,,,,False,29,2017,AE
1740298,Gurmail Singh,NAIP,22446,667,0.467296267234614,8,29,82,PB,Gurmail Singh,NAIP,,,,,False,29,2017,AE
1740430,Parkash Singh Badal,SAD,22320,66375,49.5383880525722,1,29,83,PB,Parkash Singh Badal,SAD,,,,,True,29,2017,AE
1740431,Amarinder Singh,INC,22301,43605,32.5442020494525,2,29,83,PB,Amarinder Singh,INC,,,,,False,29,2017,AE
1740432,Jarnail Singh,AAAP,22302,21254,15.8627329517042,3,29,83,PB,Jarnail Singh,AAAP,,,,,False,29,2017,AE
1740433,None Of The Above,NOTA,22305,1101,0.821721510295774,4,29,83,PB,None Of The Above,NOTA,,,,,False,29,2017,AE
1740434,Gurmeet Singh Ranghreta,PLP,22440,730,0.544828975945427,5,29,83,PB,Gurmeet Singh Ranghreta,PLP,,,,,True,29,2017,AE
1740435,Baljinder Singh,SAD(A),22321,531,0.4,6,29,83,PB,Baljinder Singh,SAD(A),,,,,False,29,2017,AE
1740436,Manmander Singh,APPA,22319,391,0.291819355609126,7,29,83,PB,Manmander Singh,APPA,,,,,False,29,2017,AE
1740531,Amrinder Singh Raja Warring,INC,22301,63500,45.6089695245893,1,29,84,PB,Amrinder Singh Raja Warring,INC,,,,,True,29,2017,AE
1740532,Hardeep Singh Dimpy Dhillon,SAD,22320,47288,33.9646763917918,2,29,84,PB,Hardeep Singh Dimpy Dhillon,SAD,,,,,False,29,2017,AE
1740533,Jagdeep Singh,AAAP,22302,25334,18.1961832115897,3,29,84,PB,Jagdeep Singh,AAAP,,,,,False,29,2017,AE
1740534,None Of The Above,NOTA,22305,885,0.635652567389945,4,29,84,PB,None Of The Above,NOTA,,,,,False,29,2017,AE
1740535,Jagrup Singh,CPI,22304,840,0.603331250404016,5,29,84,PB,Jagrup Singh,CPI,,,,,False,29,2017,AE
1740536,Sheela Rani,BSP,22303,582,0.418022366351354,6,29,84,PB,Sheela Rani,BSP,,,,,True,29,2017,AE
1740537,Om Parkash,IND,22306,442,0.317467157950684,7,29,84,PB,Om Parkash,IND,,,,,True,29,2017,AE
1740538,Tek Singh,NAIP,22446,356,0.25569752993313,8,29,84,PB,Tek Singh,NAIP,,,,,False,29,2017,AE
1740658,Ajaib Singh Bhatti,INC,22301,49098,36.0500462575443,1,29,85,PB,Ajaib Singh Bhatti,INC,,,,,False,29,2017,AE
1740659,Darshan Singh,SAD,22320,44109,32.3868892902771,2,29,85,PB,Darshan Singh,SAD,,,,,False,29,2017,AE
1740660,Principal Baldev Singh,AAAP,22302,38663,28.3881815645329,3,29,85,PB,Principal Baldev Singh,AAAP,,,,,False,29,2017,AE
1740661,Gurtej Singh,CPI,22304,1130,0.82969881198878,4,29,85,PB,Gurtej Singh,CPI,,,,,False,29,2017,AE
1740662,Sukhdev Singh,BSP,22303,1039,0.762882358987914,5,29,85,PB,Sukhdev Singh,BSP,,,,,False,29,2017,AE
1740663,None Of The Above,NOTA,22305,899,0.660087815909658,6,29,85,PB,None Of The Above,NOTA,,,,,False,29,2017,AE
1740664,Baldev Singh,IND,22306,864,0.634389180140094,7,29,85,PB,Baldev Singh,IND,,,,,True,29,2017,AE
1740665,Resham Singh,IND,22306,392,0.287824720619116,8,29,85,PB,Resham Singh,IND,,,,,False,29,2017,AE
1740787,Kanwarjit Singh,SAD,22320,44894,30.522694514699,1,29,86,PB,Kanwarjit Singh,SAD,,,,,False,29,2017,AE
1740788,Karan Kaur,INC,22301,36914,25.0972233553615,2,29,86,PB,Karan Kaur,INC,,,,,True,29,2017,AE
1740789,Jagdeep Singh Kaka Brar,AAAP,22302,33201,22.5728155339805,3,29,86,PB,Jagdeep Singh Kaka Brar,AAAP,,,,,False,29,2017,AE
1740790,Sukhdarshan Singh Mrar,IND,22306,28204,19.1754371651573,4,29,86,PB,Sukhdarshan Singh Mrar,IND,,,,,False,29,2017,AE
1740791,None Of The Above,NOTA,22305,858,0.583340132169372,5,29,86,PB,None Of The Above,NOTA,,,,,False,29,2017,AE
1740792,Ashok Kumar,BSP,22303,741,0.503793750509912,6,29,86,PB,Ashok Kumar,BSP,,,,,False,29,2017,AE
1740793,Baljit Singh,IND,22306,614,0.417448532811182,7,29,86,PB,Baljit Singh,IND,,,,,False,29,2017,AE
1740794,Harjit Singh,RMPOI,22314,586,0.398411791901226,8,29,86,PB,Harjit Singh,RMPOI,,,,,False,29,2017,AE
1740795,Ripendeep Kaur,IND,22306,450,0.305947621767153,9,29,86,PB,Ripendeep Kaur,IND,,,,,False,29,2017,AE
1740796,Alwinder Singh,IND,22306,426,0.289630415272905,10,29,86,PB,Alwinder Singh,IND,,,,,True,29,2017,AE
1740797,Rajesh Garg,APPA,22319,196,0.133257186369693,11,29,86,PB,Rajesh Garg,APPA,,,,,False,29,2017,AE
1740911,Kusaldeep Singh Kiki Dhillon,INC,22301,51026,40.3622844486631,1,29,87,PB,Kusaldeep Singh Kiki Dhillon,INC,,,,,False,29,2017,AE
1740912,Gurdit Singh Sekhon,AAAP,22302,39367,31.1398512893529,2,29,87,PB,Gurdit Singh Sekhon,AAAP,,,,,False,29,2017,AE
1740913,Parambans Singh Bunty Romana,SAD,22320,32612,25.7965511786109,3,29,87,PB,Parambans Singh Bunty Romana,SAD,,,,,False,29,2017,AE
1740914,Gurbax Singh Chauhan,BSP,22303,1031,0.815535516532194,4,29,87,PB,Gurbax Singh Chauhan,BSP,,,,,False,29,2017,AE
1740915,None Of The Above,NOTA,22305,759,0.600379686758424,5,29,87,PB,None Of The Above,NOTA,,,,,False,29,2017,AE
1740916,Hardip Singh Kingra,APPA,22319,456,0.360702420503084,6,29,87,PB,Hardip Singh Kingra,APPA,,,,,False,29,2017,AE
1740917,Bunty,IND,22306,374,0.295839265938933,7,29,87,PB,Bunty,IND,,,,,False,29,2017,AE
1740918,Ravinder Pal Kaur,DEMSWP,22366,316,0.249960449295997,8,29,87,PB,Ravinder Pal Kaur,DEMSWP,,,,,False,29,2017,AE
1740919,Prem Singh Safri,IND,22306,271,0.214364815693719,9,29,87,PB,Prem Singh Safri,IND,,,,,False,29,2017,AE
1740920,Dr. Jiwan Jot Kaur,IND,22306,208,0.164530928650529,10,29,87,PB,Dr. Jiwan Jot Kaur,IND,,,,,False,29,2017,AE
1741030,Kultar Singh Sandhwan,AAAP,22302,47401,38.7570214957932,1,29,88,PB,Kultar Singh Sandhwan,AAAP,,,,,False,29,2017,AE
1741031,Bhai Harnirpal Singh Kukku,INC,22301,37326,30.5192840731625,2,29,88,PB,Bhai Harnirpal Singh Kukku,INC,,,,,False,29,2017,AE
1741032,Mantar Singh Brar,SAD,22320,33895,27.7139563215947,3,29,88,PB,Mantar Singh Brar,SAD,,,,,True,29,2017,AE
1741033,Avtar Krishan,BSP,22303,1278,1.04494574949101,4,29,88,PB,Avtar Krishan,BSP,,,,,False,29,2017,AE
1741034,None Of The Above,NOTA,22305,674,0.55109032484894,5,29,88,PB,None Of The Above,NOTA,,,,,False,29,2017,AE
1741035,Gurdeep Singh,IND,22306,585,0.478320237443071,6,29,88,PB,Gurdeep Singh,IND,,,,,False,29,2017,AE
1741036,Surinder Kumar Dwivedi,APPA,22319,524,0.428444110119947,7,29,88,PB,Surinder Kumar Dwivedi,APPA,,,,,False,29,2017,AE
1741037,Jagroop Singh,NAIP,22446,342,0.279633369582103,8,29,88,PB,Jagroop Singh,NAIP,,,,,False,29,2017,AE
1741038,Ramesh Kumar,IND,22306,278,0.227304317964399,9,29,88,PB,Ramesh Kumar,IND,,,,,False,29,2017,AE
1741146,Baldev Singh,AAAP,22302,45344,37.8358532759253,1,29,89,PB,Baldev Singh,AAAP,,,,,False,29,2017,AE
1741147,Mohammed Sadique,INC,22301,35351,29.497513434131,2,29,89,PB,Mohammed Sadique,INC,,,,,False,29,2017,AE
1741148,Manjit Singh Suba Singh,SAD,22320,33064,27.5891992924134,3,29,89,PB,Manjit Singh Suba Singh,SAD,,,,,False,29,2017,AE
1741149,Balvir Singh,CPI,22304,1298,1.08307466372951,4,29,89,PB,Balvir Singh,CPI,,,,,False,29,2017,AE
1741150,Kikar Singh,BSP,22303,1221,1.01882447181335,5,29,89,PB,Kikar Singh,BSP,,,,,False,29,2017,AE
1741151,Gurdeep Singh,SAD(A),22321,785,0.66,6,29,89,PB,Gurdeep Singh,SAD(A),,,,,False,29,2017,AE
1741152,None Of The Above,NOTA,22305,677,0.564901038016087,7,29,89,PB,None Of The Above,NOTA,,,,,False,29,2017,AE
1741153,Harpal Singh,APPA,22319,636,0.530689896865925,8,29,89,PB,Harpal Singh,APPA,,,,,False,29,2017,AE
1741154,Avtar Singh Sahota,AITC,22329,448,0.37381929842128,9,29,89,PB,Avtar Singh Sahota,AITC,,,,,False,29,2017,AE
1741155,Gurpreet Singh,IND,22306,387,0.322919795734454,10,29,89,PB,Gurpreet Singh,IND,,,,,False,29,2017,AE
1741156,Pyara Singh,RPI(A),22352,337,0.281198891892793,11,29,89,PB,Pyara Singh,RPI(A),,,,,False,29,2017,AE
1741157,Jaswinder Singh,IND,22306,296,0.246987750742632,12,29,89,PB,Jaswinder Singh,IND,,,,,False,29,2017,AE
1741268,Gurpreet Singh Kangar,INC,22301,55269,40.4583952506094,1,29,90,PB,Gurpreet Singh Kangar,INC,,,,,True,29,2017,AE
1741269,Sikander Singh Maluka,SAD,22320,44884,32.8562957974335,2,29,90,PB,Sikander Singh Maluka,SAD,,,,,True,29,2017,AE
1741270,Manjit Singh Sidhu,AAAP,22302,32693,23.9321557460452,3,29,90,PB,Manjit Singh Sidhu,AAAP,,,,,False,29,2017,AE
1741271,Paramjit Singh Sidhu,IND,22306,666,0.487529921599918,4,29,90,PB,Paramjit Singh Sidhu,IND,,,,,False,29,2017,AE
1741272,Avtar Singh,BSP,22303,648,0.474353437232352,5,29,90,PB,Avtar Singh,BSP,,,,,False,29,2017,AE
1741273,Manjit Singh,IND,22306,579,0.423843580490018,6,29,90,PB,Manjit Singh,IND,,,,,True,29,2017,AE
1741274,None Of The Above,NOTA,22305,445,0.325751974642587,7,29,90,PB,None Of The Above,NOTA,,,,,False,29,2017,AE
1741275,Gurpreet Singh Mehraj,IND,22306,350,0.256209418258215,8,29,90,PB,Gurpreet Singh Mehraj,IND,,,,,False,29,2017,AE
1741276,Jaswant Singh Sidhu,IND,22306,347,0.254013337530287,9,29,90,PB,Jaswant Singh Sidhu,IND,,,,,False,29,2017,AE
1741277,Sikander Singh,IND,22306,255,0.186666861873842,10,29,90,PB,Sikander Singh,IND,,,,,True,29,2017,AE
1741278,Charan Singh,IND,22306,182,0.133228897494271,11,29,90,PB,Charan Singh,IND,,,,,False,29,2017,AE
1741279,Gurpreet Singh,IND,22306,84,0.0614902603819716,12,29,90,PB,Gurpreet Singh,IND,,,,,False,29,2017,AE
1741280,Karamjit Singh,IND,22306,77,0.0563660720168073,13,29,90,PB,Karamjit Singh,IND,,,,,False,29,2017,AE
1741281,Gurpreet Singh,IND,22306,75,0.0549020181981889,14,29,90,PB,Gurpreet Singh,IND,,,,,False,29,2017,AE
1741282,Simarjit Singh,IND,22306,53,0.0387974261933868,15,29,90,PB,Simarjit Singh,IND,,,,,False,29,2017,AE
1741417,Pritam Singh Kotbhai,INC,22301,51605,34.0384412432061,1,29,91,PB,Pritam Singh Kotbhai,INC,,,,,False,29,2017,AE
1741418,Jagsir Singh,AAAP,22302,50960,33.6130019524035,2,29,91,PB,Jagsir Singh,AAAP,,,,,False,29,2017,AE
1741419,Harpreet Singh,SAD,22320,44025,29.038705081526,3,29,91,PB,Harpreet Singh,SAD,,,,,False,29,2017,AE
1741420,Kiranjit Singh Gehri,IND,22306,1775,1.17078254445675,4,29,91,PB,Kiranjit Singh Gehri,IND,,,,,False,29,2017,AE
1741421,Mumtaj,BSP,22303,1137,0.749960424252018,5,29,91,PB,Mumtaj,BSP,,,,,False,29,2017,AE
1741422,Surinder Pal Somi Tungwalia,AITC,22329,985,0.649701862698538,6,29,91,PB,Surinder Pal Somi Tungwalia,AITC,,,,,False,29,2017,AE
1741423,None Of The Above,NOTA,22305,711,0.468972613582396,7,29,91,PB,None Of The Above,NOTA,,,,,False,29,2017,AE
1741424,Baldev Singh,IND,22306,410,0.270434277874518,8,29,91,PB,Baldev Singh,IND,,,,,False,29,2017,AE
1741546,Manpreet Singh Badal,INC,22301,63942,42.2360494610019,1,29,92,PB,Manpreet Singh Badal,INC,,,,,False,29,2017,AE
1741547,Deepak Bansal,AAAP,22302,45462,30.0293278376664,2,29,92,PB,Deepak Bansal,AAAP,,,,,False,29,2017,AE
1741548,Sarup Chand Singla,SAD,22320,37177,24.5567797505812,3,29,92,PB,Sarup Chand Singla,SAD,,,,,True,29,2017,AE
1741549,None Of The Above,NOTA,22305,1208,0.797928556330585,4,29,92,PB,None Of The Above,NOTA,,,,,False,29,2017,AE
1741550,Suresh Kumar,BSP,22303,913,0.603070175438596,5,29,92,PB,Suresh Kumar,BSP,,,,,False,29,2017,AE
1741551,Satish Kumar,IND,22306,526,0.347442401183682,6,29,92,PB,Satish Kumar,IND,,,,,False,29,2017,AE
1741552,Parveen Hiteshi,SHS,22312,418,0.276104417670682,7,29,92,PB,Parveen Hiteshi,SHS,,,,,False,29,2017,AE
1741553,Sant Lal,BMUP,22316,382,0.252325089833016,8,29,92,PB,Sant Lal,BMUP,,,,,False,29,2017,AE
1741554,Bimla Rani,IND,22306,337,0.222600930035933,9,29,92,PB,Bimla Rani,IND,,,,,False,29,2017,AE
1741555,Jatinder Roy Khattar,APPA,22319,295,0.194858380891989,10,29,92,PB,Jatinder Roy Khattar,APPA,,,,,False,29,2017,AE
1741556,Gian Chand Bansal,DEMSWP,22366,258,0.170418516169942,11,29,92,PB,Gian Chand Bansal,DEMSWP,,,,,False,29,2017,AE
1741557,Sukhchain Singh,HSS,22333,212,0.14003381948848,12,29,92,PB,Sukhchain Singh,HSS,,,,,False,29,2017,AE
1741558,Harvinder Singh Harry,SAD(A),22321,157,0.1,13,29,92,PB,Harvinder Singh Harry,SAD(A),,,,,False,29,2017,AE
1741559,Hardeep Kumar Sharma,JJJKP,22385,105,0.0693563728598604,14,29,92,PB,Hardeep Kumar Sharma,JJJKP,,,,,False,29,2017,AE
1741680,Rupinder Kaur Ruby,AAAP,22302,51572,40.5832684120651,1,29,93,PB,Rupinder Kaur Ruby,AAAP,,,,,False,29,2017,AE
1741681,Er. Amit Rattan Kotfatta,SAD,22320,40794,32.1017965485493,2,29,93,PB,Er. Amit Rattan Kotfatta,SAD,,,,,False,29,2017,AE
1741682,Harvinder Singh Laddi,INC,22301,28939,22.7728070382523,3,29,93,PB,Harvinder Singh Laddi,INC,,,,,False,29,2017,AE
1741683,None Of The Above,NOTA,22305,1216,0.956900147154874,4,29,93,PB,None Of The Above,NOTA,,,,,False,29,2017,AE
1741684,Davinderpal Singh,BSP,22303,1037,0.816040668256254,5,29,93,PB,Davinderpal Singh,BSP,,,,,False,29,2017,AE
1741685,Gursewak Singh,IND,22306,1035,0.814466819330012,6,29,93,PB,Gursewak Singh,IND,,,,,False,29,2017,AE
1741686,Surjeet Singh Sohi,CPI,22304,909,0.715314336976793,7,29,93,PB,Surjeet Singh Sohi,CPI,,,,,True,29,2017,AE
1741687,Jaswinder Singh Gill,APPA,22319,740,0.58232410270938,8,29,93,PB,Jaswinder Singh Gill,APPA,,,,,False,29,2017,AE
1741688,Jagtar Singh,AITC,22329,459,0.36119832857244,9,29,93,PB,Jagtar Singh,AITC,,,,,False,29,2017,AE
1741689,Jagsir Singh,IND,22306,376,0.295883598133415,10,29,93,PB,Jagsir Singh,IND,,,,,False,29,2017,AE
1741807,Prof. Baljinder Kaur,AAAP,22302,54553,42.4781586283151,1,29,94,PB,Prof. Baljinder Kaur,AAAP,,,,,False,29,2017,AE
1741808,Khushbaz Singh Jatana,INC,22301,35260,27.4554996651768,2,29,94,PB,Khushbaz Singh Jatana,INC,,,,,False,29,2017,AE
1741809,Jeetmohinder Singh Sidhu,SAD,22320,34473,26.8426954043573,3,29,94,PB,Jeetmohinder Singh Sidhu,SAD,,,,,False,29,2017,AE
1741810,Harjinder Singh Mithan,BSP,22303,1346,1.0480743774625,4,29,94,PB,Harjinder Singh Mithan,BSP,,,,,False,29,2017,AE
1741811,Karamjit Singh,IND,22306,660,0.513914627879089,5,29,94,PB,Karamjit Singh,IND,,,,,False,29,2017,AE
1741812,Avtar Singh Chopra,SAD(A),22321,596,0.46,6,29,94,PB,Avtar Singh Chopra,SAD(A),,,,,False,29,2017,AE
1741813,None Of The Above,NOTA,22305,578,0.450064628657748,7,29,94,PB,None Of The Above,NOTA,,,,,False,29,2017,AE
1741814,Baljinder Singh,IND,22306,355,0.276423777116783,8,29,94,PB,Baljinder Singh,IND,,,,,False,29,2017,AE
1741815,Darshan Singh,IND,22306,338,0.263186582156261,9,29,94,PB,Darshan Singh,IND,,,,,False,29,2017,AE
1741816,Varinder Singh Dhillon,APPA,22319,267,0.207901826732904,10,29,94,PB,Varinder Singh Dhillon,APPA,,,,,False,29,2017,AE
1741940,Jagdev Singh,AAAP,22302,62282,45.2653841401815,1,29,95,PB,Jagdev Singh,AAAP,,,,,False,29,2017,AE
1741941,Janmeja Singh,SAD,22320,47605,34.5984170706358,2,29,95,PB,Janmeja Singh,SAD,,,,,True,29,2017,AE
1741942,Harminder Singh Jassi,INC,22301,23087,16.7791966161069,3,29,95,PB,Harminder Singh Jassi,INC,,,,,False,29,2017,AE
1741943,Sukhraj Singh Natt,IND,22306,1938,1.4085018859971,4,29,95,PB,Sukhraj Singh Natt,IND,,,,,False,29,2017,AE
1741944,None Of The Above,NOTA,22305,853,0.619944328563226,5,29,95,PB,None Of The Above,NOTA,,,,,False,29,2017,AE
1741945,Harvinder Singh,CPI(ML)(L),22308,570,0.414265260587384,6,29,95,PB,Harvinder Singh,CPI(ML)(L),,,,,True,29,2017,AE
1741946,Taranpal Singh Dhillon,AITC,22329,537,0.390281482342851,7,29,95,PB,Taranpal Singh Dhillon,AITC,,,,,False,29,2017,AE
1741947,Dusahra Singh,BSP,22303,436,0.316876585291402,8,29,95,PB,Dusahra Singh,BSP,,,,,True,29,2017,AE
1741948,Harpal Singh,APPA,22319,285,0.207132630293692,9,29,95,PB,Harpal Singh,APPA,,,,,False,29,2017,AE
1742065,Nazar Singh Manshahia,AAAP,22302,70586,40.490804584514,1,29,96,PB,Nazar Singh Manshahia,AAAP,,,,,False,29,2017,AE
1742066,Manoj Bala,INC,22301,50117,28.7490104746279,2,29,96,PB,Manoj Bala,INC,,,,,False,29,2017,AE
1742067,Jagdeep Singh Nakai,SAD,22320,44232,25.3731514518775,3,29,96,PB,Jagdeep Singh Nakai,SAD,,,,,False,29,2017,AE
1742068,Ranjit Singh Tamkot,CPI(ML)(L),22308,3883,2.22743595332882,4,29,96,PB,Ranjit Singh Tamkot,CPI(ML)(L),,,,,False,29,2017,AE
1742069,Jaskaran Singh Kahan Singh Wala,SAD(A),22321,1519,0.87,5,29,96,PB,Jaskaran Singh Kahan Singh Wala,SAD(A),,,,,False,29,2017,AE
1742070,Bhupinder Singh Birval,BSP,22303,1385,0.79448848708741,6,29,96,PB,Bhupinder Singh Birval,BSP,,,,,False,29,2017,AE
1742071,None Of The Above,NOTA,22305,1253,0.71876828470796,7,29,96,PB,None Of The Above,NOTA,,,,,False,29,2017,AE
1742072,Anil Jony,IND,22306,879,0.504227711299519,8,29,96,PB,Anil Jony,IND,,,,,False,29,2017,AE
1742073,Mangu Singh,APPA,22319,472,0.270757087296215,9,29,96,PB,Mangu Singh,APPA,,,,,False,29,2017,AE
1742193,Dilraj Singh,SAD,22320,59420,38.6692871367026,1,29,97,PB,Dilraj Singh,SAD,,,,,True,29,2017,AE
1742194,Ajit Inder Singh,INC,22301,50563,32.9053376892139,2,29,97,PB,Ajit Inder Singh,INC,,,,,True,29,2017,AE
1742195,Sukhwinder Singh (Bhola Mann),AAAP,22302,38102,24.7959807890044,3,29,97,PB,Sukhwinder Singh (Bhola Mann),AAAP,,,,,False,29,2017,AE
1742196,Jasveer Singh,BSP,22303,1188,0.773125431141075,4,29,97,PB,Jasveer Singh,BSP,,,,,False,29,2017,AE
1742197,None Of The Above,NOTA,22305,1062,0.691127279353386,5,29,97,PB,None Of The Above,NOTA,,,,,False,29,2017,AE
1742198,Surjit Singh,CPI(ML)(L),22308,995,0.647525087529773,6,29,97,PB,Surjit Singh,CPI(ML)(L),,,,,False,29,2017,AE
1742199,Lal Chand,RMPOI,22314,836,0.544051229321497,7,29,97,PB,Lal Chand,RMPOI,,,,,False,29,2017,AE
1742200,Parminder Singh,AITC,22329,646,0.420403222657521,8,29,97,PB,Parminder Singh,AITC,,,,,False,29,2017,AE
1742201,Jaswant Singh,APPA,22319,434,0.28243807837982,9,29,97,PB,Jaswant Singh,APPA,,,,,False,29,2017,AE
1742202,Rajinder Singh,SAD(A),22321,416,0.27,10,29,97,PB,Rajinder Singh,SAD(A),,,,,True,29,2017,AE
1742323,Budh Ram,AAAP,22302,52265,32.2138260891003,1,29,98,PB,Budh Ram,AAAP,,,,,False,29,2017,AE
1742324,Ranjit Kaur Bhatti,INC,22301,50989,31.4273563275067,2,29,98,PB,Ranjit Kaur Bhatti,INC,,,,,False,29,2017,AE
1742325,Nishan Singh,SAD,22320,50477,31.1117822538892,3,29,98,PB,Nishan Singh,SAD,,,,,False,29,2017,AE
1742326,Krishan Singh,CPI,22304,1986,1.22408224649293,4,29,98,PB,Krishan Singh,CPI,,,,,False,29,2017,AE
1742327,Bhagwant Singh Samao,CPI(ML)(L),22308,1601,0.986785335667266,5,29,98,PB,Bhagwant Singh Samao,CPI(ML)(L),,,,,False,29,2017,AE
1742328,Ranjit Singh,SAD(A),22321,1383,0.85,6,29,98,PB,Ranjit Singh,SAD(A),,,,,False,29,2017,AE
1742329,Sher Singh,BSP,22303,1074,0.661965927861739,7,29,98,PB,Sher Singh,BSP,,,,,False,29,2017,AE
1742330,None Of The Above,NOTA,22305,778,0.479524666551613,8,29,98,PB,None Of The Above,NOTA,,,,,False,29,2017,AE
1742331,Kala Singh,IND,22306,651,0.401247503759769,9,29,98,PB,Kala Singh,IND,,,,,False,29,2017,AE
1742332,Kirpal Singh,APPA,22319,549,0.33837923128128,10,29,98,PB,Kirpal Singh,APPA,,,,,False,29,2017,AE
1742333,Lachhman Singh Mal Singh Wala,AITC,22329,491,0.302630605754295,11,29,98,PB,Lachhman Singh Mal Singh Wala,AITC,,,,,False,29,2017,AE
1742438,Parminder Singh Dhindsa,SAD,22320,65550,47.4298862551011,1,29,99,PB,Parminder Singh Dhindsa,SAD,,,,,False,29,2017,AE
1742439,Rajinder Kaur Bhattal,INC,22301,38735,28.0274087580677,2,29,99,PB,Rajinder Kaur Bhattal,INC,,,,,True,29,2017,AE
1742440,Jasvir Singh,AAAP,22302,25089,18.1535990275245,3,29,99,PB,Jasvir Singh,AAAP,,,,,False,29,2017,AE
1742441,Ram Dass,BSP,22303,3284,2.37619750513733,4,29,99,PB,Ram Dass,BSP,,,,,False,29,2017,AE
1742442,Sham Singh,IND,22306,1582,1.14468466903996,5,29,99,PB,Sham Singh,IND,,,,,False,29,2017,AE
1742443,Satwant Singh,CPI,22304,1201,0.869005238632745,6,29,99,PB,Satwant Singh,CPI,,,,,False,29,2017,AE
1742444,None Of The Above,NOTA,22305,962,0.69607247257677,7,29,99,PB,None Of The Above,NOTA,,,,,False,29,2017,AE
1742445,Raj Kumar,DEMSWP,22366,688,0.497814824462388,8,29,99,PB,Raj Kumar,DEMSWP,,,,,False,29,2017,AE
1742446,Baldev Singh,IND,22306,621,0.44933576452201,9,29,99,PB,Baldev Singh,IND,,,,,False,29,2017,AE
1742447,Gian Singh,SAD(A),22321,492,0.36,10,29,99,PB,Gian Singh,SAD(A),,,,,False,29,2017,AE
1742558,Harpal Singh Cheema,AAAP,22302,46434,31.8761584403102,1,29,100,PB,Harpal Singh Cheema,AAAP,,,,,False,29,2017,AE
1742559,Ajaib Singh Ratolan,INC,22301,44789,30.7468936637605,2,29,100,PB,Ajaib Singh Ratolan,INC,,,,,False,29,2017,AE
1742560,Gulzar Singh,SAD,22320,44777,30.7386558659984,3,29,100,PB,Gulzar Singh,SAD,,,,,False,29,2017,AE
1742561,Darshan Singh Sidhu,IND,22306,2875,1.97363904716139,4,29,100,PB,Darshan Singh Sidhu,IND,,,,,False,29,2017,AE
1742562,Harwinder Singh,BSP,22303,2081,1.42857142857142,5,29,100,PB,Harwinder Singh,BSP,,,,,False,29,2017,AE
1742563,Mandeep Singh,SAD(A),22321,1779,1.22,6,29,100,PB,Mandeep Singh,SAD(A),,,,,False,29,2017,AE
1742564,None Of The Above,NOTA,22305,1147,0.78739616942404,7,29,100,PB,None Of The Above,NOTA,,,,,False,29,2017,AE
1742565,Ghamand Singh,CPI(ML)(L),22308,789,0.541635202855769,8,29,100,PB,Ghamand Singh,CPI(ML)(L),,,,,False,29,2017,AE
1742566,Bikar Singh,IND,22306,630,0.432484382508409,9,29,100,PB,Bikar Singh,IND,,,,,False,29,2017,AE
1742567,Jagtar Singh,APPA,22319,369,0.253312281183496,10,29,100,PB,Jagtar Singh,APPA,,,,,False,29,2017,AE
1742680,Aman Arora,AAAP,22302,72815,46.854690295098,1,29,101,PB,Aman Arora,AAAP,,,,,False,29,2017,AE
1742681,Gobind Singh Longowal,SAD,22320,42508,27.3528692585871,2,29,101,PB,Gobind Singh Longowal,SAD,,,,,False,29,2017,AE
1742682,Daaman Thind Bajwa,INC,22301,30518,19.6375944300734,3,29,101,PB,Daaman Thind Bajwa,INC,,,,,False,29,2017,AE
1742683,Rajinder Deepa,IND,22306,3237,2.08293116095903,4,29,101,PB,Rajinder Deepa,IND,,,,,False,29,2017,AE
1742684,None Of The Above,NOTA,22305,1718,1.1054914224676,5,29,101,PB,None Of The Above,NOTA,,,,,False,29,2017,AE
1742685,Shahbaj Singh,SAD(A),22321,1041,0.669858306629087,6,29,101,PB,Shahbaj Singh,SAD(A),,,,,True,29,2017,AE
1742686,Labh Singh,IND,22306,927,0.596502065557314,7,29,101,PB,Labh Singh,IND,,,,,False,29,2017,AE
1742687,Jarnail Singh,CPM,22328,911,0.586206452775311,8,29,101,PB,Jarnail Singh,CPM,,,,,False,29,2017,AE
1742688,Ram Singh,BSP,22303,641,0.412467987079005,9,29,101,PB,Ram Singh,BSP,,,,,False,29,2017,AE
1742689,Yadwinder Singh,IND,22306,375,0.241303424578201,10,29,101,PB,Yadwinder Singh,IND,,,,,False,29,2017,AE
1742690,Binder Singh,IND,22306,322,0.207199207237815,11,29,101,PB,Binder Singh,IND,,,,,False,29,2017,AE
1742691,Paramjeet Kaur,IND,22306,203,0.130625587171666,12,29,101,PB,Paramjeet Kaur,IND,,,,,False,29,2017,AE
1742692,Randhir Singh,APPA,22319,190,0.122260401786288,13,29,101,PB,Randhir Singh,APPA,,,,,False,29,2017,AE
1742806,Pirmal Singh Dhaula,AAAP,22302,57095,44.8514509261732,1,29,102,PB,Pirmal Singh Dhaula,AAAP,,,,,False,29,2017,AE
1742807,Sant Balvir Singh Ghunas,SAD,22320,36311,28.5244072962654,2,29,102,PB,Sant Balvir Singh Ghunas,SAD,,,,,False,29,2017,AE
1742808,Joginder Singh,INC,22301,26615,20.9076340555232,3,29,102,PB,Joginder Singh,INC,,,,,False,29,2017,AE
1742809,Paramjit Singh,SAD(A),22321,2095,1.65,4,29,102,PB,Paramjit Singh,SAD(A),,,,,False,29,2017,AE
1742810,Bagga Singh,IND,22306,1187,0.932457697685745,5,29,102,PB,Bagga Singh,IND,,,,,False,29,2017,AE
1742811,Karamjit Singh,BSP,22303,941,0.739210356800578,6,29,102,PB,Karamjit Singh,BSP,,,,,False,29,2017,AE
1742812,None Of The Above,NOTA,22305,836,0.656726735691055,7,29,102,PB,None Of The Above,NOTA,,,,,False,29,2017,AE
1742813,Savaran Singh,CPI(ML)(L),22308,628,0.493330610064572,8,29,102,PB,Savaran Singh,CPI(ML)(L),,,,,False,29,2017,AE
1742814,Rajinder Kaur Meemsa,IND,22306,527,0.413989222140175,9,29,102,PB,Rajinder Kaur Meemsa,IND,,,,,False,29,2017,AE
1742815,Gora Singh,IND,22306,468,0.367641282659586,10,29,102,PB,Gora Singh,IND,,,,,False,29,2017,AE
1742816,Jagdeep Singh,CPIM,22461,376,0.295369919401718,11,29,102,PB,Jagdeep Singh,CPIM,,,,,False,29,2017,AE
1742817,Gurmit Singh,APPA,22319,219,0.172037266885575,12,29,102,PB,Gurmit Singh,APPA,,,,,False,29,2017,AE
1742931,Gurmeet Singh Meet Haher,AAAP,22302,47606,35.4866122010853,1,29,103,PB,Gurmeet Singh Meet Haher,AAAP,,,,,False,29,2017,AE
1742932,Kewal Singh Dhillon,INC,22301,45174,33.6737432166497,2,29,103,PB,Kewal Singh Dhillon,INC,,,,,True,29,2017,AE
1742933,Surinder Pal Singh Sibia,SAD,22320,31111,23.1908581310751,3,29,103,PB,Surinder Pal Singh Sibia,SAD,,,,,False,29,2017,AE
1742934,Simranjit Singh Mann,SAD(A),22321,5061,3.77,4,29,103,PB,Simranjit Singh Mann,SAD(A),,,,,False,29,2017,AE
1742935,Paramjit Kaur,BSP,22303,2369,1.76590732899994,5,29,103,PB,Paramjit Kaur,BSP,,,,,True,29,2017,AE
1742936,Gurkimat Singh,AITC,22329,941,0.701443139125767,6,29,103,PB,Gurkimat Singh,AITC,,,,,False,29,2017,AE
1742937,None Of The Above,NOTA,22305,889,0.662681137813823,7,29,103,PB,None Of The Above,NOTA,,,,,False,29,2017,AE
1742938,Mahinder Singh,IND,22306,411,0.306368894984793,8,29,103,PB,Mahinder Singh,IND,,,,,False,29,2017,AE
1742939,Jaspal Singh,BMUP,22316,336,0.250462162323334,9,29,103,PB,Jaspal Singh,BMUP,,,,,False,29,2017,AE
1742940,Raj Kumar,IVD,22390,254,0.189337467946806,10,29,103,PB,Raj Kumar,IVD,,,,,False,29,2017,AE
1743051,Kulwant Singh Pandori,AAAP,22302,57551,45.7818578122141,1,29,104,PB,Kulwant Singh Pandori,AAAP,,,,,False,29,2017,AE
1743052,Ajit Singh Shant,SAD,22320,30487,24.252428265729,2,29,104,PB,Ajit Singh Shant,SAD,,,,,False,29,2017,AE
1743053,Harchand Kaur,INC,22301,25688,20.4348206543788,3,29,104,PB,Harchand Kaur,INC,,,,,True,29,2017,AE
1743054,Makhan Singh,BSP,22303,4922,3.91545419109516,4,29,104,PB,Makhan Singh,BSP,,,,,False,29,2017,AE
1743055,Gobind Singh,IND,22306,3183,2.53207856364402,5,29,104,PB,Gobind Singh,IND,,,,,False,29,2017,AE
1743056,Khushia Singh,CPI,22304,1177,0.936304263087974,6,29,104,PB,Khushia Singh,CPI,,,,,False,29,2017,AE
1743057,None Of The Above,NOTA,22305,924,0.735042599059718,7,29,104,PB,None Of The Above,NOTA,,,,,False,29,2017,AE
1743058,Gurmail Singh,IND,22306,892,0.709586578313061,8,29,104,PB,Gurmail Singh,IND,,,,,False,29,2017,AE
1743059,Darbara Singh,IND,22306,341,0.271265721081562,9,29,104,PB,Darbara Singh,IND,,,,,False,29,2017,AE
1743060,Gurmit Singh,APPA,22319,306,0.243423198389906,10,29,104,PB,Gurmit Singh,APPA,,,,,False,29,2017,AE
1743061,Sarabjit Singh,BMUP,22316,236,0.187738153006594,11,29,104,PB,Sarabjit Singh,BMUP,,,,,False,29,2017,AE
1743173,Razia Sultana,INC,22301,58982,46.7165656805671,1,29,105,PB,Razia Sultana,INC,,,,,True,29,2017,AE
1743174,Mohammad Owais,SAD,22320,46280,36.6559740208308,2,29,105,PB,Mohammad Owais,SAD,,,,,False,29,2017,AE
1743175,Mohamad Arshad,AAAP,22302,17635,13.9677636529246,3,29,105,PB,Mohamad Arshad,AAAP,,,,,False,29,2017,AE
1743176,Shamshad Ali,BSP,22303,665,0.526711813393528,4,29,105,PB,Shamshad Ali,BSP,,,,,False,29,2017,AE
1743177,None Of The Above,NOTA,22305,603,0.477604847332778,5,29,105,PB,None Of The Above,NOTA,,,,,False,29,2017,AE
1743178,Mahmood Ahmed Thind,IUML,22462,524,0.415033067997307,6,29,105,PB,Mahmood Ahmed Thind,IUML,,,,,False,29,2017,AE
1743179,Dharminder Singh,IND,22306,307,0.243158686784681,7,29,105,PB,Dharminder Singh,IND,,,,,False,29,2017,AE
1743180,Tanveer Ahmed,IND,22306,302,0.239198447586234,8,29,105,PB,Tanveer Ahmed,IND,,,,,False,29,2017,AE
1743181,Parveen Nusrat,AITC,22329,297,0.235238208387786,9,29,105,PB,Parveen Nusrat,AITC,,,,,False,29,2017,AE
1743182,Saiful Islam,IND,22306,267,0.211476773197101,10,29,105,PB,Saiful Islam,IND,,,,,False,29,2017,AE
1743183,Mohd Mukarram Saify,IND,22306,203,0.160785711456972,11,29,105,PB,Mohd Mukarram Saify,IND,,,,,False,29,2017,AE
1743184,Maksood Ul Hak,NCP,22332,190,0.150489089541008,12,29,105,PB,Maksood Ul Hak,NCP,,,,,False,29,2017,AE
1743286,Surjit Singh Dhiman,INC,22301,50994,38.7630840801806,1,29,106,PB,Surjit Singh Dhiman,INC,,,,,True,29,2017,AE
1743287,Iqbal Singh Jhundan,SAD,22320,39115,29.7332633995423,2,29,106,PB,Iqbal Singh Jhundan,SAD,,,,,True,29,2017,AE
1743288,Prof. Jaswant Singh Gajjanmajra,LIP,22340,36063,27.4132858999794,3,29,106,PB,Prof. Jaswant Singh Gajjanmajra,LIP,,,,,False,29,2017,AE
1743289,None Of The Above,NOTA,22305,850,0.646127416326499,4,29,106,PB,None Of The Above,NOTA,,,,,False,29,2017,AE
1743290,Pritam Singh,CPI,22304,696,0.529064331486169,5,29,106,PB,Pritam Singh,CPI,,,,,False,29,2017,AE
1743291,Devinder Kaur Chaunda,IND,22306,637,0.484215487294094,6,29,106,PB,Devinder Kaur Chaunda,IND,,,,,False,29,2017,AE
1743293,Karnail Singh,SAD(A),22321,600,0.46,7,29,106,PB,Karnail Singh,SAD(A),,,,,False,29,2017,AE
1743292,Gurdarshan Singh,DEMSWP,22366,600,0.456089940936352,7,29,106,PB,Gurdarshan Singh,DEMSWP,,,,,False,29,2017,AE
1743294,Manjinder Singh,IND,22306,578,0.439366643102019,9,29,106,PB,Manjinder Singh,IND,,,,,True,29,2017,AE
1743295,Tarsem Singh,BSP,22303,534,0.405920047433353,10,29,106,PB,Tarsem Singh,BSP,,,,,False,29,2017,AE
1743296,Kulwant Singh Mohali,IND,22306,349,0.265292315644645,11,29,106,PB,Kulwant Singh Mohali,IND,,,,,False,29,2017,AE
1743297,Haprinder Singh,IND,22306,286,0.217402871846328,12,29,106,PB,Haprinder Singh,IND,,,,,False,29,2017,AE
1743298,Amar Singh,IND,22306,251,0.190797625291707,13,29,106,PB,Amar Singh,IND,,,,,False,29,2017,AE
1743399,Dalvir Singh Goldy,INC,22301,49347,38.4247615339692,1,29,107,PB,Dalvir Singh Goldy,INC,,,,,False,29,2017,AE
1743400,Jasvir Singh Jassi Sekhon,AAAP,22302,46536,36.235935370839,2,29,107,PB,Jasvir Singh Jassi Sekhon,AAAP,,,,,False,29,2017,AE
1743401,Hari Singh,SAD,22320,28611,22.2783725910064,3,29,107,PB,Hari Singh,SAD,,,,,False,29,2017,AE
1743402,Surjit Singh Kalabula,SAD(A),22321,1405,1.09,4,29,107,PB,Surjit Singh Kalabula,SAD(A),,,,,False,29,2017,AE
1743403,Bhola Singh,BSP,22303,1390,1.08234378041658,5,29,107,PB,Bhola Singh,BSP,,,,,False,29,2017,AE
1743404,None Of The Above,NOTA,22305,662,0.515475958730776,6,29,107,PB,None Of The Above,NOTA,,,,,False,29,2017,AE
1743405,Tarsem Kumar,IND,22306,474,0.369087015767957,7,29,107,PB,Tarsem Kumar,IND,,,,,False,29,2017,AE
1743515,Vijay Inder Singla,INC,22301,67310,47.1421267535596,1,29,108,PB,Vijay Inder Singla,INC,,,,,False,29,2017,AE
1743516,Dinesh Bansal,AAAP,22302,36498,25.5622246657468,2,29,108,PB,Dinesh Bansal,AAAP,,,,,False,29,2017,AE
1743517,Parkash Chand Garg,SAD,22320,34510,24.1698825473977,3,29,108,PB,Parkash Chand Garg,SAD,,,,,True,29,2017,AE
1743518,Gurnaib Singh,SAD(A),22321,1863,1.3,4,29,108,PB,Gurnaib Singh,SAD(A),,,,,True,29,2017,AE
1743519,Atma Singh,BSP,22303,939,0.65765052773128,5,29,108,PB,Atma Singh,BSP,,,,,False,29,2017,AE
1743520,None Of The Above,NOTA,22305,768,0.537886693607692,6,29,108,PB,None Of The Above,NOTA,,,,,False,29,2017,AE
1743521,Manjeet Kaur,IND,22306,492,0.344583663092428,7,29,108,PB,Manjeet Kaur,IND,,,,,False,29,2017,AE
1743522,Parminder Kaur,APPA,22319,401,0.280849692886308,8,29,108,PB,Parminder Kaur,APPA,,,,,False,29,2017,AE
1743628,Sadhu Singh,INC,22301,60861,42.7298640754886,1,29,109,PB,Sadhu Singh,INC,,,,,True,29,2017,AE
1743629,Gurdev Singh Dev Mann,AAAP,22302,41866,29.3936755785216,2,29,109,PB,Gurdev Singh Dev Mann,AAAP,,,,,False,29,2017,AE
1743630,Kabir Dass,SAD,22320,32482,22.8052684789934,3,29,109,PB,Kabir Dass,SAD,,,,,False,29,2017,AE
1743631,Jeet Ram,IND,22306,2689,1.88791844529319,4,29,109,PB,Jeet Ram,IND,,,,,False,29,2017,AE
1743632,Kashmir Singh,CPI,22304,1409,0.98924399011458,5,29,109,PB,Kashmir Singh,CPI,,,,,True,29,2017,AE
1743633,None Of The Above,NOTA,22305,1280,0.898674455178611,6,29,109,PB,None Of The Above,NOTA,,,,,False,29,2017,AE
1743634,Jagtar Singh,BSP,22303,716,0.502696023365535,7,29,109,PB,Jagtar Singh,BSP,,,,,False,29,2017,AE
1743635,Jarnail Singh,APPA,22319,612,0.429678723882273,8,29,109,PB,Jarnail Singh,APPA,,,,,False,29,2017,AE
1743636,Ranjit Kaur Thuhi,IND,22306,517,0.362980229161986,9,29,109,PB,Ranjit Kaur Thuhi,IND,,,,,False,29,2017,AE
1743751,Brahm Mohindra,INC,22301,68891,46.9707093571876,1,29,110,PB,Brahm Mohindra,INC,,,,,True,29,2017,AE
1743752,Karanvir Singh Tiwana,AAAP,22302,41662,28.4056508577194,2,29,110,PB,Karanvir Singh Tiwana,AAAP,,,,,False,29,2017,AE
1743753,Satbir Singh Khatra,SAD,22320,30784,20.9889001009081,3,29,110,PB,Satbir Singh Khatra,SAD,,,,,False,29,2017,AE
1743754,Uttam Singh Bagri,CPI,22304,1125,0.76703848146835,4,29,110,PB,Uttam Singh Bagri,CPI,,,,,False,29,2017,AE
1743755,Sukh Lal,BSP,22303,1119,0.762947609567185,5,29,110,PB,Sukh Lal,BSP,,,,,False,29,2017,AE
1743756,None Of The Above,NOTA,22305,1009,0.687948291379169,6,29,110,PB,None Of The Above,NOTA,,,,,False,29,2017,AE
1743757,Shaminder Kaur,APPA,22319,388,0.264543049608639,7,29,110,PB,Shaminder Kaur,APPA,,,,,False,29,2017,AE
1743758,Jasvir Kaur,IND,22306,297,0.202498159107644,8,29,110,PB,Jasvir Kaur,IND,,,,,False,29,2017,AE
1743759,Resham Kahlon,IND,22306,280,0.190907355387678,9,29,110,PB,Resham Kahlon,IND,,,,,False,29,2017,AE
1743760,Jasbir Singh,IND,22306,273,0.186134671502986,10,29,110,PB,Jasbir Singh,IND,,,,,False,29,2017,AE
1743761,Ranjit Kaur,BGTD,22310,245,0.167043935964218,11,29,110,PB,Ranjit Kaur,BGTD,,,,,False,29,2017,AE
1743762,Shankar Bharadwaj,SHS,22312,234,0.159544004145416,12,29,110,PB,Shankar Bharadwaj,SHS,,,,,False,29,2017,AE
1743763,Bharatdeep Thakur,HSS,22333,206,0.140453268606649,13,29,110,PB,Bharatdeep Thakur,HSS,,,,,False,29,2017,AE
1743764,Sohan Lal Sharma,SAKAP,22407,155,0.10568085744675,14,29,110,PB,Sohan Lal Sharma,SAKAP,,,,,False,29,2017,AE
1743885,Hardyal Singh Kamboj,INC,22301,59107,46.1510232445558,1,29,111,PB,Hardyal Singh Kamboj,INC,,,,,True,29,2017,AE
1743886,Ashutosh Joshi,AAAP,22302,26542,20.7241182762955,2,29,111,PB,Ashutosh Joshi,AAAP,,,,,False,29,2017,AE
1743887,Harjit Singh Grewal,BJP,22300,19151,14.9531907583956,3,29,111,PB,Harjit Singh Grewal,BJP,,,,,False,29,2017,AE
1743888,Jagdish Kumar,IND,22306,15073,11.7690692027203,4,29,111,PB,Jagdish Kumar,IND,,,,,False,29,2017,AE
1743889,Nirmaljit Singh,IND,22306,3939,3.07558970274765,5,29,111,PB,Nirmaljit Singh,IND,,,,,False,29,2017,AE
1743890,Ravinder Jain,BSP,22303,1126,0.879186089183512,6,29,111,PB,Ravinder Jain,BSP,,,,,False,29,2017,AE
1743891,None Of The Above,NOTA,22305,1026,0.801105619451406,7,29,111,PB,None Of The Above,NOTA,,,,,False,29,2017,AE
1743892,Sobha Singh,SAD(A),22321,684,0.53,8,29,111,PB,Sobha Singh,SAD(A),,,,,False,29,2017,AE
1743893,Mahesh Kumar,IND,22306,443,0.345896480913229,9,29,111,PB,Mahesh Kumar,IND,,,,,False,29,2017,AE
1743894,Dalbir Singh,IND,22306,429,0.334965215150734,10,29,111,PB,Dalbir Singh,IND,,,,,False,29,2017,AE
1743895,Rajinder Kumar,APPA,22319,282,0.220186924644538,11,29,111,PB,Rajinder Kumar,APPA,,,,,False,29,2017,AE
1743896,Sher Singh,JJJKP,22385,271,0.211598072974007,12,29,111,PB,Sher Singh,JJJKP,,,,,False,29,2017,AE
1744005,Narinder Kumar Sharma,SAD,22320,70792,39.7395307061861,1,29,112,PB,Narinder Kumar Sharma,SAD,,,,,False,29,2017,AE
1744006,Deepinder Singh,INC,22301,68871,38.6611653755473,2,29,112,PB,Deepinder Singh,INC,,,,,False,29,2017,AE
1744007,Sarabjit Kaur,AAAP,22302,33150,18.6089592455372,3,29,112,PB,Sarabjit Kaur,AAAP,,,,,False,29,2017,AE
1744008,None Of The Above,NOTA,22305,1345,0.755024138318176,4,29,112,PB,None Of The Above,NOTA,,,,,False,29,2017,AE
1744009,Gurmeet Singh,BSP,22303,1268,0.711799708094756,5,29,112,PB,Gurmeet Singh,BSP,,,,,False,29,2017,AE
1744010,Dharminder Kumar,SHS,22312,892,0.500729763107668,6,29,112,PB,Dharminder Kumar,SHS,,,,,False,29,2017,AE
1744011,Amrik Singh,APPA,22319,562,0.315482205007297,7,29,112,PB,Amrik Singh,APPA,,,,,False,29,2017,AE
1744012,Vinod Kumar Sharma,IND,22306,473,0.265521499943864,8,29,112,PB,Vinod Kumar Sharma,IND,,,,,False,29,2017,AE
1744013,Manju Kaushal,SAKAP,22407,449,0.252048950263837,9,29,112,PB,Manju Kaushal,SAKAP,,,,,False,29,2017,AE
1744014,Maan Singh,IND,22306,338,0.189738407993712,10,29,112,PB,Maan Singh,IND,,,,,True,29,2017,AE
1744127,Thekedar Madan Lal Jalalpur,INC,22301,65965,52.5705496537269,1,29,113,PB,Thekedar Madan Lal Jalalpur,INC,,,,,False,29,2017,AE
1744128,Harpreet Kaur Mukhmailpura,SAD,22320,29408,23.4365909833517,2,29,113,PB,Harpreet Kaur Mukhmailpura,SAD,,,,,True,29,2017,AE
1744129,Anu Randhawa,AAAP,22302,23188,18.4795862255835,3,29,113,PB,Anu Randhawa,AAAP,,,,,False,29,2017,AE
1744130,Anupinder Kaur Sandhu,IND,22306,2833,2.25774830848189,4,29,113,PB,Anupinder Kaur Sandhu,IND,,,,,False,29,2017,AE
1744131,Jagjeet Singh Charbar,BSP,22303,1275,1.01610628073223,5,29,113,PB,Jagjeet Singh Charbar,BSP,,,,,False,29,2017,AE
1744132,Gursewak Singh,DEMSWP,22366,1131,0.901346041967181,6,29,113,PB,Gursewak Singh,DEMSWP,,,,,False,29,2017,AE
1744133,None Of The Above,NOTA,22305,829,0.660668319001585,7,29,113,PB,None Of The Above,NOTA,,,,,False,29,2017,AE
1744134,Baljit Singh,JJJKP,22385,462,0.368189099371209,8,29,113,PB,Baljit Singh,JJJKP,,,,,False,29,2017,AE
1744135,Surinder Kaur,IND,22306,388,0.309215087783613,9,29,113,PB,Surinder Kaur,IND,,,,,False,29,2017,AE
1744244,Harinder Pal Singh Chandumajra,SAD,22320,58867,35.7222178395664,1,29,114,PB,Harinder Pal Singh Chandumajra,SAD,,,,,False,29,2017,AE
1744245,Harinder Pal Singh Mann,INC,22301,53997,32.7669593606446,2,29,114,PB,Harinder Pal Singh Mann,INC,,,,,False,29,2017,AE
1744246,Kuldeep Kaur Tohra,AAAP,22302,33179,20.1339878998246,3,29,114,PB,Kuldeep Kaur Tohra,AAAP,,,,,False,29,2017,AE
1744247,Harmeet Singh Pathan Majra,IND,22306,11840,7.184858396393,4,29,114,PB,Harmeet Singh Pathan Majra,IND,,,,,False,29,2017,AE
1744248,Mohan Lal,IND,22306,1019,0.62,5,29,114,PB,Mohan Lal,IND,,,,,False,29,2017,AE
1744249,Rajinder Singh Pawar,IND,22306,845,0.512770721702034,6,29,114,PB,Rajinder Singh Pawar,IND,,,,,False,29,2017,AE
1744250,None Of The Above,NOTA,22305,760,0.46,7,29,114,PB,None Of The Above,NOTA,,,,,False,29,2017,AE
1744251,Gurpinder Singh Chhina,BSP,22303,701,0.43,8,29,114,PB,Gurpinder Singh Chhina,BSP,,,,,False,29,2017,AE
1744252,Lakhwinder Singh Sanaur,IND,22306,643,0.390191211898708,9,29,114,PB,Lakhwinder Singh Sanaur,IND,,,,,False,29,2017,AE
1744253,Puran Chand Vartia,IND,22306,471,0.285816579788944,10,29,114,PB,Puran Chand Vartia,IND,,,,,False,29,2017,AE
1744254,Bhupinder Singh Massingan,SAD(A),22321,403,0.24,11,29,114,PB,Bhupinder Singh Massingan,SAD(A),,,,,False,29,2017,AE
1744255,Tarsem Singh Khatkar,IND,22306,340,0.206321947193718,12,29,114,PB,Tarsem Singh Khatkar,IND,,,,,False,29,2017,AE
1744256,Rajinder Singh,SHS,22312,325,0.197219508346936,13,29,114,PB,Rajinder Singh,SHS,,,,,False,29,2017,AE
1744257,Gurpreet Singh,IND,22306,319,0.193578532808223,14,29,114,PB,Gurpreet Singh,IND,,,,,False,29,2017,AE
1744258,Ramesh Singh,CPM,22328,317,0.192364874295319,15,29,114,PB,Ramesh Singh,CPM,,,,,False,29,2017,AE
1744259,Kuldip Kaur,IND,22306,241,0.146245850804959,16,29,114,PB,Kuldip Kaur,IND,,,,,False,29,2017,AE
1744260,Kulwant Kaur Bhunerheri,IND,22306,184,0.11,17,29,114,PB,Kulwant Kaur Bhunerheri,IND,,,,,False,29,2017,AE
1744261,Gurvinder Singh,IND,22306,180,0.11,18,29,114,PB,Gurvinder Singh,IND,,,,,False,29,2017,AE
1744262,Gurmail Singh,BMUP,22316,160,0.0970926810323379,19,29,114,PB,Gurmail Singh,BMUP,,,,,False,29,2017,AE
1744375,Amarinder Singh,INC,22301,72586,68.2853863666296,1,29,115,PB,Amarinder Singh,INC,,,,,True,29,2017,AE
1744376,Dr.Balbir Singh,AAAP,22302,20179,18.9834239590584,2,29,115,PB,Dr.Balbir Singh,AAAP,,,,,False,29,2017,AE
1744377,Joginder Jaswant Singh,SAD,22320,11677,10.9851549417674,3,29,115,PB,Joginder Jaswant Singh,SAD,,,,,False,29,2017,AE
1744378,None Of The Above,NOTA,22305,1090,1.02541910478089,4,29,115,PB,None Of The Above,NOTA,,,,,False,29,2017,AE
1744379,Kshama Kant Pandey,HSS,22333,291,0.273758678432331,5,29,115,PB,Kshama Kant Pandey,HSS,,,,,False,29,2017,AE
1744380,Sarbjit Singh,IND,22306,248,0.233306365124461,6,29,115,PB,Sarbjit Singh,IND,,,,,False,29,2017,AE
1744381,Akshninder Singh,APPA,22319,227,0.213550584206664,7,29,115,PB,Akshninder Singh,APPA,,,,,False,29,2017,AE
1744496,Rajinder Singh,INC,22301,62551,41.9169581708281,1,29,116,PB,Rajinder Singh,INC,,,,,False,29,2017,AE
1744497,Surjit Singh Rakhra,SAD,22320,52702,35.3169018803693,2,29,116,PB,Surjit Singh Rakhra,SAD,,,,,True,29,2017,AE
1744498,Jagtar Singh Rajla,AAAP,22302,28884,19.3558763218205,3,29,116,PB,Jagtar Singh Rajla,AAAP,,,,,False,29,2017,AE
1744499,Rajinder Singh,SAD(A),22321,1854,1.24,4,29,116,PB,Rajinder Singh,SAD(A),,,,,False,29,2017,AE
1744500,Davinder Singh Dhiman,BSP,22303,1084,0.726414967901036,5,29,116,PB,Davinder Singh Dhiman,BSP,,,,,False,29,2017,AE
1744501,None Of The Above,NOTA,22305,1052,0.704970983608754,6,29,116,PB,None Of The Above,NOTA,,,,,False,29,2017,AE
1744502,Ajaib Singh Bathoi,IND,22306,501,0.335732379076032,7,29,116,PB,Ajaib Singh Bathoi,IND,,,,,False,29,2017,AE
1744503,Rajinder Singh,IND,22306,348,0.233203329178561,8,29,116,PB,Rajinder Singh,IND,,,,,False,29,2017,AE
1744504,Jaspal Singh,IND,22306,250,0.167531127283449,9,29,116,PB,Jaspal Singh,IND,,,,,False,29,2017,AE
1744621,Nirmal Singh,INC,22301,58008,41.8410403998874,1,29,117,PB,Nirmal Singh,INC,,,,,True,29,2017,AE
1744622,Vaninder Kaur Loomba,SAD,22320,39488,28.4826059045434,2,29,117,PB,Vaninder Kaur Loomba,SAD,,,,,True,29,2017,AE
1744623,Palwinder Kaur,AAAP,22302,32037,23.1082163027719,3,29,117,PB,Palwinder Kaur,AAAP,,,,,False,29,2017,AE
1744624,Amarjit Singh,SAD(A),22321,1671,1.21,4,29,117,PB,Amarjit Singh,SAD(A),,,,,False,29,2017,AE
1744625,Bira Singh,IND,22306,1602,1.15551900980243,5,29,117,PB,Bira Singh,IND,,,,,False,29,2017,AE
1744626,Sardeep Singh,BSP,22303,1229,0.886474945722343,6,29,117,PB,Sardeep Singh,BSP,,,,,False,29,2017,AE
1744627,Naranjan Singh,CPI,22304,896,0.646282791999365,7,29,117,PB,Naranjan Singh,CPI,,,,,False,29,2017,AE
1744628,None Of The Above,NOTA,22305,877,0.632578134579735,8,29,117,PB,None Of The Above,NOTA,,,,,False,29,2017,AE
1744629,Parminder Singh,IND,22306,693,0.499859346937009,9,29,117,PB,Parminder Singh,IND,,,,,False,29,2017,AE
1744630,Nirmal Singh,IND,22306,563,0.406090638276386,10,29,117,PB,Nirmal Singh,IND,,,,,True,29,2017,AE
1744631,Baldev Ram,AITC,22329,549,0.395992469651396,11,29,117,PB,Baldev Ram,AITC,,,,,False,29,2017,AE
1744632,Kulwinder Singh,DEMSWP,22366,504,0.363534070499642,12,29,117,PB,Kulwinder Singh,DEMSWP,,,,,False,29,2017,AE
1744633,Gurjant Singh,IND,22306,268,0.193307799392667,13,29,117,PB,Gurjant Singh,IND,,,,,False,29,2017,AE
1744634,Narinder,IND,22306,254,0.183209630767677,14,29,117,PB,Narinder,IND,,,,,False,29,2017,AE
